stem,group,frame
pg1_1_img001,pg1_1,1
pg1_1_img002,pg1_1,2
pg1_1_img003,pg1_1,3
pg1_1_img004,pg1_1,4
pg1_1_img005,pg1_1,5
pg1_1_img006,pg1_1,6
pg1_1_img007,pg1_1,7
pg1_1_img008,pg1_1,8
pg1_1_img009,pg1_1,9
pg1_1_img010,pg1_1,10
pg1_1_img011,pg1_1,11
pg1_1_img012,pg1_1,12
pg1_1_img013,pg1_1,13
pg1_1_img014,pg1_1,14
pg1_1_img015,pg1_1,15
pg1_1_img016,pg1_1,16
pg1_1_img017,pg1_1,17
pg1_1_img018,pg1_1,18
pg1_1_img019,pg1_1,19
pg1_1_img020,pg1_1,20
pg1_1_img021,pg1_1,21
pg1_1_img022,pg1_1,22
pg1_1_img023,pg1_1,23
pg1_1_img024,pg1_1,24
pg1_1_img025,pg1_1,25
pg1_1_img026,pg1_1,26
pg1_1_img027,pg1_1,27
pg1_1_img028,pg1_1,28
pg1_1_img029,pg1_1,29
pg1_1_img030,pg1_1,30
pg1_1_img031,pg1_1,31
pg1_1_img032,pg1_1,32
pg1_1_img033,pg1_1,33
pg1_1_img034,pg1_1,34
pg1_1_img035,pg1_1,35
pg1_1_img036,pg1_1,36
pg1_1_img037,pg1_1,37
pg1_1_img038,pg1_1,38
pg1_1_img039,pg1_1,39
pg1_1_img040,pg1_1,40
pg1_1_img041,pg1_1,41
pg1_1_img042,pg1_1,42
pg1_1_img043,pg1_1,43
pg1_1_img044,pg1_1,44
pg1_1_img045,pg1_1,45
pg1_1_img046,pg1_1,46
pg1_1_img047,pg1_1,47
pg1_1_img048,pg1_1,48
pg1_1_img049,pg1_1,49
pg1_1_img050,pg1_1,50
pg1_1_img051,pg1_1,51
pg1_1_img052,pg1_1,52
pg1_1_img053,pg1_1,53
pg1_1_img054,pg1_1,54
pg1_1_img055,pg1_1,55
pg1_1_img056,pg1_1,56
pg1_1_img057,pg1_1,57
pg1_1_img058,pg1_1,58
pg1_1_img059,pg1_1,59
pg1_1_img060,pg1_1,60
pg1_1_img061,pg1_1,61
pg1_1_img062,pg1_1,62
pg1_1_img063,pg1_1,63
pg1_1_img064,pg1_1,64
pg1_1_img065,pg1_1,65
pg1_1_img066,pg1_1,66
pg1_1_img067,pg1_1,67
pg1_1_img068,pg1_1,68
pg1_1_img069,pg1_1,69
pg1_1_img070,pg1_1,70
pg1_1_img071,pg1_1,71
pg1_1_img072,pg1_1,72
pg1_1_img073,pg1_1,73
pg1_1_img074,pg1_1,74
pg1_1_img075,pg1_1,75
pg1_1_img076,pg1_1,76
pg1_1_img077,pg1_1,77
pg1_1_img078,pg1_1,78
pg1_1_img079,pg1_1,79
pg1_1_img080,pg1_1,80
pg1_1_img081,pg1_1,81
pg1_1_img082,pg1_1,82
pg1_1_img083,pg1_1,83
pg1_1_img084,pg1_1,84
pg1_1_img085,pg1_1,85
pg1_1_img086,pg1_1,86
pg1_1_img087,pg1_1,87
pg1_1_img088,pg1_1,88
pg1_1_img089,pg1_1,89
pg1_1_img090,pg1_1,90
pg1_1_img091,pg1_1,91
pg1_1_img092,pg1_1,92
pg1_1_img093,pg1_1,93
pg1_1_img094,pg1_1,94
pg1_1_img095,pg1_1,95
pg1_1_img096,pg1_1,96
pg1_1_img097,pg1_1,97
pg1_10_img001,pg1_10,1
pg1_10_img002,pg1_10,2
pg1_10_img003,pg1_10,3
pg1_10_img004,pg1_10,4
pg1_10_img005,pg1_10,5
pg1_10_img006,pg1_10,6
pg1_10_img007,pg1_10,7
pg1_10_img008,pg1_10,8
pg1_10_img009,pg1_10,9
pg1_10_img010,pg1_10,10
pg1_10_img011,pg1_10,11
pg1_10_img012,pg1_10,12
pg1_10_img013,pg1_10,13
pg1_10_img014,pg1_10,14
pg1_10_img015,pg1_10,15
pg1_10_img016,pg1_10,16
pg1_10_img017,pg1_10,17
pg1_10_img018,pg1_10,18
pg1_10_img019,pg1_10,19
pg1_10_img020,pg1_10,20
pg1_10_img021,pg1_10,21
pg1_10_img022,pg1_10,22
pg1_10_img023,pg1_10,23
pg1_10_img024,pg1_10,24
pg1_10_img025,pg1_10,25
pg1_10_img026,pg1_10,26
pg1_10_img027,pg1_10,27
pg1_10_img028,pg1_10,28
pg1_10_img029,pg1_10,29
pg1_10_img030,pg1_10,30
pg1_10_img031,pg1_10,31
pg1_10_img032,pg1_10,32
pg1_10_img033,pg1_10,33
pg1_10_img034,pg1_10,34
pg1_10_img035,pg1_10,35
pg1_10_img036,pg1_10,36
pg1_10_img037,pg1_10,37
pg1_10_img038,pg1_10,38
pg1_10_img039,pg1_10,39
pg1_10_img040,pg1_10,40
pg1_10_img041,pg1_10,41
pg1_10_img042,pg1_10,42
pg1_10_img043,pg1_10,43
pg1_10_img044,pg1_10,44
pg1_10_img045,pg1_10,45
pg1_10_img046,pg1_10,46
pg1_10_img047,pg1_10,47
pg1_10_img048,pg1_10,48
pg1_10_img049,pg1_10,49
pg1_10_img050,pg1_10,50
pg1_10_img051,pg1_10,51
pg1_10_img052,pg1_10,52
pg1_10_img053,pg1_10,53
pg1_10_img054,pg1_10,54
pg1_10_img055,pg1_10,55
pg1_10_img056,pg1_10,56
pg1_10_img057,pg1_10,57
pg1_10_img058,pg1_10,58
pg1_10_img059,pg1_10,59
pg1_10_img060,pg1_10,60
pg1_10_img061,pg1_10,61
pg1_10_img062,pg1_10,62
pg1_10_img063,pg1_10,63
pg1_10_img064,pg1_10,64
pg1_10_img065,pg1_10,65
pg1_10_img066,pg1_10,66
pg1_10_img067,pg1_10,67
pg1_10_img068,pg1_10,68
pg1_10_img069,pg1_10,69
pg1_10_img070,pg1_10,70
pg1_10_img071,pg1_10,71
pg1_10_img072,pg1_10,72
pg1_10_img073,pg1_10,73
pg1_10_img074,pg1_10,74
pg1_10_img075,pg1_10,75
pg1_10_img076,pg1_10,76
pg1_10_img077,pg1_10,77
pg1_10_img078,pg1_10,78
pg1_10_img079,pg1_10,79
pg1_10_img080,pg1_10,80
pg1_10_img081,pg1_10,81
pg1_10_img082,pg1_10,82
pg1_10_img083,pg1_10,83
pg1_10_img084,pg1_10,84
pg1_10_img085,pg1_10,85
pg1_10_img086,pg1_10,86
pg1_10_img087,pg1_10,87
pg1_10_img088,pg1_10,88
pg1_10_img089,pg1_10,89
pg1_10_img090,pg1_10,90
pg1_10_img091,pg1_10,91
pg1_10_img092,pg1_10,92
pg1_10_img093,pg1_10,93
pg1_10_img094,pg1_10,94
pg1_10_img095,pg1_10,95
pg1_10_img096,pg1_10,96
pg1_10_img097,pg1_10,97
pg1_11_img001,pg1_11,1
pg1_11_img002,pg1_11,2
pg1_11_img003,pg1_11,3
pg1_11_img004,pg1_11,4
pg1_11_img005,pg1_11,5
pg1_11_img006,pg1_11,6
pg1_11_img007,pg1_11,7
pg1_11_img008,pg1_11,8
pg1_11_img009,pg1_11,9
pg1_11_img010,pg1_11,10
pg1_11_img011,pg1_11,11
pg1_11_img012,pg1_11,12
pg1_11_img013,pg1_11,13
pg1_11_img014,pg1_11,14
pg1_11_img015,pg1_11,15
pg1_11_img016,pg1_11,16
pg1_11_img017,pg1_11,17
pg1_11_img018,pg1_11,18
pg1_11_img019,pg1_11,19
pg1_11_img020,pg1_11,20
pg1_11_img021,pg1_11,21
pg1_11_img022,pg1_11,22
pg1_11_img023,pg1_11,23
pg1_11_img024,pg1_11,24
pg1_11_img025,pg1_11,25
pg1_11_img026,pg1_11,26
pg1_11_img027,pg1_11,27
pg1_11_img028,pg1_11,28
pg1_11_img029,pg1_11,29
pg1_11_img030,pg1_11,30
pg1_11_img031,pg1_11,31
pg1_11_img032,pg1_11,32
pg1_11_img033,pg1_11,33
pg1_11_img034,pg1_11,34
pg1_11_img035,pg1_11,35
pg1_11_img036,pg1_11,36
pg1_11_img037,pg1_11,37
pg1_11_img038,pg1_11,38
pg1_11_img039,pg1_11,39
pg1_11_img040,pg1_11,40
pg1_11_img041,pg1_11,41
pg1_11_img042,pg1_11,42
pg1_11_img043,pg1_11,43
pg1_11_img044,pg1_11,44
pg1_11_img045,pg1_11,45
pg1_11_img046,pg1_11,46
pg1_11_img047,pg1_11,47
pg1_11_img048,pg1_11,48
pg1_11_img049,pg1_11,49
pg1_11_img050,pg1_11,50
pg1_11_img051,pg1_11,51
pg1_11_img052,pg1_11,52
pg1_11_img053,pg1_11,53
pg1_11_img054,pg1_11,54
pg1_11_img055,pg1_11,55
pg1_11_img056,pg1_11,56
pg1_11_img057,pg1_11,57
pg1_11_img058,pg1_11,58
pg1_11_img059,pg1_11,59
pg1_11_img060,pg1_11,60
pg1_11_img061,pg1_11,61
pg1_11_img062,pg1_11,62
pg1_11_img063,pg1_11,63
pg1_11_img064,pg1_11,64
pg1_11_img065,pg1_11,65
pg1_11_img066,pg1_11,66
pg1_11_img067,pg1_11,67
pg1_11_img068,pg1_11,68
pg1_11_img069,pg1_11,69
pg1_11_img070,pg1_11,70
pg1_11_img071,pg1_11,71
pg1_11_img072,pg1_11,72
pg1_11_img073,pg1_11,73
pg1_11_img074,pg1_11,74
pg1_11_img075,pg1_11,75
pg1_11_img076,pg1_11,76
pg1_11_img077,pg1_11,77
pg1_11_img078,pg1_11,78
pg1_11_img079,pg1_11,79
pg1_11_img080,pg1_11,80
pg1_11_img081,pg1_11,81
pg1_11_img082,pg1_11,82
pg1_11_img083,pg1_11,83
pg1_11_img084,pg1_11,84
pg1_11_img085,pg1_11,85
pg1_11_img086,pg1_11,86
pg1_11_img087,pg1_11,87
pg1_11_img088,pg1_11,88
pg1_11_img089,pg1_11,89
pg1_11_img090,pg1_11,90
pg1_11_img091,pg1_11,91
pg1_11_img092,pg1_11,92
pg1_11_img093,pg1_11,93
pg1_11_img094,pg1_11,94
pg1_11_img095,pg1_11,95
pg1_11_img096,pg1_11,96
pg1_11_img097,pg1_11,97
pg1_12_img001,pg1_12,1
pg1_12_img002,pg1_12,2
pg1_12_img003,pg1_12,3
pg1_12_img004,pg1_12,4
pg1_12_img005,pg1_12,5
pg1_12_img006,pg1_12,6
pg1_12_img007,pg1_12,7
pg1_12_img008,pg1_12,8
pg1_12_img009,pg1_12,9
pg1_12_img010,pg1_12,10
pg1_12_img011,pg1_12,11
pg1_12_img012,pg1_12,12
pg1_12_img013,pg1_12,13
pg1_12_img014,pg1_12,14
pg1_12_img015,pg1_12,15
pg1_12_img016,pg1_12,16
pg1_12_img017,pg1_12,17
pg1_12_img018,pg1_12,18
pg1_12_img019,pg1_12,19
pg1_12_img020,pg1_12,20
pg1_12_img021,pg1_12,21
pg1_12_img022,pg1_12,22
pg1_12_img023,pg1_12,23
pg1_12_img024,pg1_12,24
pg1_12_img025,pg1_12,25
pg1_12_img026,pg1_12,26
pg1_12_img027,pg1_12,27
pg1_12_img028,pg1_12,28
pg1_12_img029,pg1_12,29
pg1_12_img030,pg1_12,30
pg1_12_img031,pg1_12,31
pg1_12_img032,pg1_12,32
pg1_12_img033,pg1_12,33
pg1_12_img034,pg1_12,34
pg1_12_img035,pg1_12,35
pg1_12_img036,pg1_12,36
pg1_12_img037,pg1_12,37
pg1_12_img038,pg1_12,38
pg1_12_img039,pg1_12,39
pg1_12_img040,pg1_12,40
pg1_12_img041,pg1_12,41
pg1_12_img042,pg1_12,42
pg1_12_img043,pg1_12,43
pg1_12_img044,pg1_12,44
pg1_12_img045,pg1_12,45
pg1_12_img046,pg1_12,46
pg1_12_img047,pg1_12,47
pg1_12_img048,pg1_12,48
pg1_12_img049,pg1_12,49
pg1_12_img050,pg1_12,50
pg1_12_img051,pg1_12,51
pg1_12_img052,pg1_12,52
pg1_12_img053,pg1_12,53
pg1_12_img054,pg1_12,54
pg1_12_img055,pg1_12,55
pg1_12_img056,pg1_12,56
pg1_12_img057,pg1_12,57
pg1_12_img058,pg1_12,58
pg1_12_img059,pg1_12,59
pg1_12_img060,pg1_12,60
pg1_12_img061,pg1_12,61
pg1_12_img062,pg1_12,62
pg1_12_img063,pg1_12,63
pg1_12_img064,pg1_12,64
pg1_12_img065,pg1_12,65
pg1_12_img066,pg1_12,66
pg1_12_img067,pg1_12,67
pg1_12_img068,pg1_12,68
pg1_12_img069,pg1_12,69
pg1_12_img070,pg1_12,70
pg1_12_img071,pg1_12,71
pg1_12_img072,pg1_12,72
pg1_12_img073,pg1_12,73
pg1_12_img074,pg1_12,74
pg1_12_img075,pg1_12,75
pg1_12_img076,pg1_12,76
pg1_12_img077,pg1_12,77
pg1_12_img078,pg1_12,78
pg1_12_img079,pg1_12,79
pg1_12_img080,pg1_12,80
pg1_12_img081,pg1_12,81
pg1_12_img082,pg1_12,82
pg1_12_img083,pg1_12,83
pg1_12_img084,pg1_12,84
pg1_12_img085,pg1_12,85
pg1_12_img086,pg1_12,86
pg1_12_img087,pg1_12,87
pg1_12_img088,pg1_12,88
pg1_12_img089,pg1_12,89
pg1_12_img090,pg1_12,90
pg1_12_img091,pg1_12,91
pg1_12_img092,pg1_12,92
pg1_12_img093,pg1_12,93
pg1_12_img094,pg1_12,94
pg1_12_img095,pg1_12,95
pg1_12_img096,pg1_12,96
pg1_12_img097,pg1_12,97
pg1_2_img001,pg1_2,1
pg1_2_img002,pg1_2,2
pg1_2_img003,pg1_2,3
pg1_2_img004,pg1_2,4
pg1_2_img005,pg1_2,5
pg1_2_img006,pg1_2,6
pg1_2_img007,pg1_2,7
pg1_2_img008,pg1_2,8
pg1_2_img009,pg1_2,9
pg1_2_img010,pg1_2,10
pg1_2_img011,pg1_2,11
pg1_2_img012,pg1_2,12
pg1_2_img013,pg1_2,13
pg1_2_img014,pg1_2,14
pg1_2_img015,pg1_2,15
pg1_2_img016,pg1_2,16
pg1_2_img017,pg1_2,17
pg1_2_img018,pg1_2,18
pg1_2_img019,pg1_2,19
pg1_2_img020,pg1_2,20
pg1_2_img021,pg1_2,21
pg1_2_img022,pg1_2,22
pg1_2_img023,pg1_2,23
pg1_2_img024,pg1_2,24
pg1_2_img025,pg1_2,25
pg1_2_img026,pg1_2,26
pg1_2_img027,pg1_2,27
pg1_2_img028,pg1_2,28
pg1_2_img029,pg1_2,29
pg1_2_img030,pg1_2,30
pg1_2_img031,pg1_2,31
pg1_2_img032,pg1_2,32
pg1_2_img033,pg1_2,33
pg1_2_img034,pg1_2,34
pg1_2_img035,pg1_2,35
pg1_2_img036,pg1_2,36
pg1_2_img037,pg1_2,37
pg1_2_img038,pg1_2,38
pg1_2_img039,pg1_2,39
pg1_2_img040,pg1_2,40
pg1_2_img041,pg1_2,41
pg1_2_img042,pg1_2,42
pg1_2_img043,pg1_2,43
pg1_2_img044,pg1_2,44
pg1_2_img045,pg1_2,45
pg1_2_img046,pg1_2,46
pg1_2_img047,pg1_2,47
pg1_2_img048,pg1_2,48
pg1_2_img049,pg1_2,49
pg1_2_img050,pg1_2,50
pg1_2_img051,pg1_2,51
pg1_2_img052,pg1_2,52
pg1_2_img053,pg1_2,53
pg1_2_img054,pg1_2,54
pg1_2_img055,pg1_2,55
pg1_2_img056,pg1_2,56
pg1_2_img057,pg1_2,57
pg1_2_img058,pg1_2,58
pg1_2_img059,pg1_2,59
pg1_2_img060,pg1_2,60
pg1_2_img061,pg1_2,61
pg1_2_img062,pg1_2,62
pg1_2_img063,pg1_2,63
pg1_2_img064,pg1_2,64
pg1_2_img065,pg1_2,65
pg1_2_img066,pg1_2,66
pg1_2_img067,pg1_2,67
pg1_2_img068,pg1_2,68
pg1_2_img069,pg1_2,69
pg1_2_img070,pg1_2,70
pg1_2_img071,pg1_2,71
pg1_2_img072,pg1_2,72
pg1_2_img073,pg1_2,73
pg1_2_img074,pg1_2,74
pg1_2_img075,pg1_2,75
pg1_2_img076,pg1_2,76
pg1_2_img077,pg1_2,77
pg1_2_img078,pg1_2,78
pg1_2_img079,pg1_2,79
pg1_2_img080,pg1_2,80
pg1_2_img081,pg1_2,81
pg1_2_img082,pg1_2,82
pg1_2_img083,pg1_2,83
pg1_2_img084,pg1_2,84
pg1_2_img085,pg1_2,85
pg1_2_img086,pg1_2,86
pg1_2_img087,pg1_2,87
pg1_2_img088,pg1_2,88
pg1_2_img089,pg1_2,89
pg1_2_img090,pg1_2,90
pg1_2_img091,pg1_2,91
pg1_2_img092,pg1_2,92
pg1_2_img093,pg1_2,93
pg1_2_img094,pg1_2,94
pg1_2_img095,pg1_2,95
pg1_2_img096,pg1_2,96
pg1_2_img097,pg1_2,97
pg1_3_img001,pg1_3,1
pg1_3_img002,pg1_3,2
pg1_3_img003,pg1_3,3
pg1_3_img004,pg1_3,4
pg1_3_img005,pg1_3,5
pg1_3_img006,pg1_3,6
pg1_3_img007,pg1_3,7
pg1_3_img008,pg1_3,8
pg1_3_img009,pg1_3,9
pg1_3_img010,pg1_3,10
pg1_3_img011,pg1_3,11
pg1_3_img012,pg1_3,12
pg1_3_img013,pg1_3,13
pg1_3_img014,pg1_3,14
pg1_3_img015,pg1_3,15
pg1_3_img016,pg1_3,16
pg1_3_img017,pg1_3,17
pg1_3_img018,pg1_3,18
pg1_3_img019,pg1_3,19
pg1_3_img020,pg1_3,20
pg1_3_img021,pg1_3,21
pg1_3_img022,pg1_3,22
pg1_3_img023,pg1_3,23
pg1_3_img024,pg1_3,24
pg1_3_img025,pg1_3,25
pg1_3_img026,pg1_3,26
pg1_3_img027,pg1_3,27
pg1_3_img028,pg1_3,28
pg1_3_img029,pg1_3,29
pg1_3_img030,pg1_3,30
pg1_3_img031,pg1_3,31
pg1_3_img032,pg1_3,32
pg1_3_img033,pg1_3,33
pg1_3_img034,pg1_3,34
pg1_3_img035,pg1_3,35
pg1_3_img036,pg1_3,36
pg1_3_img037,pg1_3,37
pg1_3_img038,pg1_3,38
pg1_3_img039,pg1_3,39
pg1_3_img040,pg1_3,40
pg1_3_img041,pg1_3,41
pg1_3_img042,pg1_3,42
pg1_3_img043,pg1_3,43
pg1_3_img044,pg1_3,44
pg1_3_img045,pg1_3,45
pg1_3_img046,pg1_3,46
pg1_3_img047,pg1_3,47
pg1_3_img048,pg1_3,48
pg1_3_img049,pg1_3,49
pg1_3_img050,pg1_3,50
pg1_3_img051,pg1_3,51
pg1_3_img052,pg1_3,52
pg1_3_img053,pg1_3,53
pg1_3_img054,pg1_3,54
pg1_3_img055,pg1_3,55
pg1_3_img056,pg1_3,56
pg1_3_img057,pg1_3,57
pg1_3_img058,pg1_3,58
pg1_3_img059,pg1_3,59
pg1_3_img060,pg1_3,60
pg1_3_img061,pg1_3,61
pg1_3_img062,pg1_3,62
pg1_3_img063,pg1_3,63
pg1_3_img064,pg1_3,64
pg1_3_img065,pg1_3,65
pg1_3_img066,pg1_3,66
pg1_3_img067,pg1_3,67
pg1_3_img068,pg1_3,68
pg1_3_img069,pg1_3,69
pg1_3_img070,pg1_3,70
pg1_3_img071,pg1_3,71
pg1_3_img072,pg1_3,72
pg1_3_img073,pg1_3,73
pg1_3_img074,pg1_3,74
pg1_3_img075,pg1_3,75
pg1_3_img076,pg1_3,76
pg1_3_img077,pg1_3,77
pg1_3_img078,pg1_3,78
pg1_3_img079,pg1_3,79
pg1_3_img080,pg1_3,80
pg1_3_img081,pg1_3,81
pg1_3_img082,pg1_3,82
pg1_3_img083,pg1_3,83
pg1_3_img084,pg1_3,84
pg1_3_img085,pg1_3,85
pg1_3_img086,pg1_3,86
pg1_3_img087,pg1_3,87
pg1_3_img088,pg1_3,88
pg1_3_img089,pg1_3,89
pg1_3_img090,pg1_3,90
pg1_3_img091,pg1_3,91
pg1_3_img092,pg1_3,92
pg1_3_img093,pg1_3,93
pg1_3_img094,pg1_3,94
pg1_3_img095,pg1_3,95
pg1_3_img096,pg1_3,96
pg1_3_img097,pg1_3,97
pg1_4_img001,pg1_4,1
pg1_4_img002,pg1_4,2
pg1_4_img003,pg1_4,3
pg1_4_img004,pg1_4,4
pg1_4_img005,pg1_4,5
pg1_4_img006,pg1_4,6
pg1_4_img007,pg1_4,7
pg1_4_img008,pg1_4,8
pg1_4_img009,pg1_4,9
pg1_4_img010,pg1_4,10
pg1_4_img011,pg1_4,11
pg1_4_img012,pg1_4,12
pg1_4_img013,pg1_4,13
pg1_4_img014,pg1_4,14
pg1_4_img015,pg1_4,15
pg1_4_img016,pg1_4,16
pg1_4_img017,pg1_4,17
pg1_4_img018,pg1_4,18
pg1_4_img019,pg1_4,19
pg1_4_img020,pg1_4,20
pg1_4_img021,pg1_4,21
pg1_4_img022,pg1_4,22
pg1_4_img023,pg1_4,23
pg1_4_img024,pg1_4,24
pg1_4_img025,pg1_4,25
pg1_4_img026,pg1_4,26
pg1_4_img027,pg1_4,27
pg1_4_img028,pg1_4,28
pg1_4_img029,pg1_4,29
pg1_4_img030,pg1_4,30
pg1_4_img031,pg1_4,31
pg1_4_img032,pg1_4,32
pg1_4_img033,pg1_4,33
pg1_4_img034,pg1_4,34
pg1_4_img035,pg1_4,35
pg1_4_img036,pg1_4,36
pg1_4_img037,pg1_4,37
pg1_4_img038,pg1_4,38
pg1_4_img039,pg1_4,39
pg1_4_img040,pg1_4,40
pg1_4_img041,pg1_4,41
pg1_4_img042,pg1_4,42
pg1_4_img043,pg1_4,43
pg1_4_img044,pg1_4,44
pg1_4_img045,pg1_4,45
pg1_4_img046,pg1_4,46
pg1_4_img047,pg1_4,47
pg1_4_img048,pg1_4,48
pg1_4_img049,pg1_4,49
pg1_4_img050,pg1_4,50
pg1_4_img051,pg1_4,51
pg1_4_img052,pg1_4,52
pg1_4_img053,pg1_4,53
pg1_4_img054,pg1_4,54
pg1_4_img055,pg1_4,55
pg1_4_img056,pg1_4,56
pg1_4_img057,pg1_4,57
pg1_4_img058,pg1_4,58
pg1_4_img059,pg1_4,59
pg1_4_img060,pg1_4,60
pg1_4_img061,pg1_4,61
pg1_4_img062,pg1_4,62
pg1_4_img063,pg1_4,63
pg1_4_img064,pg1_4,64
pg1_4_img065,pg1_4,65
pg1_4_img066,pg1_4,66
pg1_4_img067,pg1_4,67
pg1_4_img068,pg1_4,68
pg1_4_img069,pg1_4,69
pg1_4_img070,pg1_4,70
pg1_4_img071,pg1_4,71
pg1_4_img072,pg1_4,72
pg1_4_img073,pg1_4,73
pg1_4_img074,pg1_4,74
pg1_4_img075,pg1_4,75
pg1_4_img076,pg1_4,76
pg1_4_img077,pg1_4,77
pg1_4_img078,pg1_4,78
pg1_4_img079,pg1_4,79
pg1_4_img080,pg1_4,80
pg1_4_img081,pg1_4,81
pg1_4_img082,pg1_4,82
pg1_4_img083,pg1_4,83
pg1_4_img084,pg1_4,84
pg1_4_img085,pg1_4,85
pg1_4_img086,pg1_4,86
pg1_4_img087,pg1_4,87
pg1_4_img088,pg1_4,88
pg1_4_img089,pg1_4,89
pg1_4_img090,pg1_4,90
pg1_4_img091,pg1_4,91
pg1_4_img092,pg1_4,92
pg1_4_img093,pg1_4,93
pg1_4_img094,pg1_4,94
pg1_4_img095,pg1_4,95
pg1_4_img096,pg1_4,96
pg1_4_img097,pg1_4,97
pg1_5_img001,pg1_5,1
pg1_5_img002,pg1_5,2
pg1_5_img003,pg1_5,3
pg1_5_img004,pg1_5,4
pg1_5_img005,pg1_5,5
pg1_5_img006,pg1_5,6
pg1_5_img007,pg1_5,7
pg1_5_img008,pg1_5,8
pg1_5_img009,pg1_5,9
pg1_5_img010,pg1_5,10
pg1_5_img011,pg1_5,11
pg1_5_img012,pg1_5,12
pg1_5_img013,pg1_5,13
pg1_5_img014,pg1_5,14
pg1_5_img015,pg1_5,15
pg1_5_img016,pg1_5,16
pg1_5_img017,pg1_5,17
pg1_5_img018,pg1_5,18
pg1_5_img019,pg1_5,19
pg1_5_img020,pg1_5,20
pg1_5_img021,pg1_5,21
pg1_5_img022,pg1_5,22
pg1_5_img023,pg1_5,23
pg1_5_img024,pg1_5,24
pg1_5_img025,pg1_5,25
pg1_5_img026,pg1_5,26
pg1_5_img027,pg1_5,27
pg1_5_img028,pg1_5,28
pg1_5_img029,pg1_5,29
pg1_5_img030,pg1_5,30
pg1_5_img031,pg1_5,31
pg1_5_img032,pg1_5,32
pg1_5_img033,pg1_5,33
pg1_5_img034,pg1_5,34
pg1_5_img035,pg1_5,35
pg1_5_img036,pg1_5,36
pg1_5_img037,pg1_5,37
pg1_5_img038,pg1_5,38
pg1_5_img039,pg1_5,39
pg1_5_img040,pg1_5,40
pg1_5_img041,pg1_5,41
pg1_5_img042,pg1_5,42
pg1_5_img043,pg1_5,43
pg1_5_img044,pg1_5,44
pg1_5_img045,pg1_5,45
pg1_5_img046,pg1_5,46
pg1_5_img047,pg1_5,47
pg1_5_img048,pg1_5,48
pg1_5_img049,pg1_5,49
pg1_5_img050,pg1_5,50
pg1_5_img051,pg1_5,51
pg1_5_img052,pg1_5,52
pg1_5_img053,pg1_5,53
pg1_5_img054,pg1_5,54
pg1_5_img055,pg1_5,55
pg1_5_img056,pg1_5,56
pg1_5_img057,pg1_5,57
pg1_5_img058,pg1_5,58
pg1_5_img059,pg1_5,59
pg1_5_img060,pg1_5,60
pg1_5_img061,pg1_5,61
pg1_5_img062,pg1_5,62
pg1_5_img063,pg1_5,63
pg1_5_img064,pg1_5,64
pg1_5_img065,pg1_5,65
pg1_5_img066,pg1_5,66
pg1_5_img067,pg1_5,67
pg1_5_img068,pg1_5,68
pg1_5_img069,pg1_5,69
pg1_5_img070,pg1_5,70
pg1_5_img071,pg1_5,71
pg1_5_img072,pg1_5,72
pg1_5_img073,pg1_5,73
pg1_5_img074,pg1_5,74
pg1_5_img075,pg1_5,75
pg1_5_img076,pg1_5,76
pg1_5_img077,pg1_5,77
pg1_5_img078,pg1_5,78
pg1_5_img079,pg1_5,79
pg1_5_img080,pg1_5,80
pg1_5_img081,pg1_5,81
pg1_5_img082,pg1_5,82
pg1_5_img083,pg1_5,83
pg1_5_img084,pg1_5,84
pg1_5_img085,pg1_5,85
pg1_5_img086,pg1_5,86
pg1_5_img087,pg1_5,87
pg1_5_img088,pg1_5,88
pg1_5_img089,pg1_5,89
pg1_5_img090,pg1_5,90
pg1_5_img091,pg1_5,91
pg1_5_img092,pg1_5,92
pg1_5_img093,pg1_5,93
pg1_5_img094,pg1_5,94
pg1_5_img095,pg1_5,95
pg1_5_img096,pg1_5,96
pg1_5_img097,pg1_5,97
pg1_6_img001,pg1_6,1
pg1_6_img002,pg1_6,2
pg1_6_img003,pg1_6,3
pg1_6_img004,pg1_6,4
pg1_6_img005,pg1_6,5
pg1_6_img006,pg1_6,6
pg1_6_img007,pg1_6,7
pg1_6_img008,pg1_6,8
pg1_6_img009,pg1_6,9
pg1_6_img010,pg1_6,10
pg1_6_img011,pg1_6,11
pg1_6_img012,pg1_6,12
pg1_6_img013,pg1_6,13
pg1_6_img014,pg1_6,14
pg1_6_img015,pg1_6,15
pg1_6_img016,pg1_6,16
pg1_6_img017,pg1_6,17
pg1_6_img018,pg1_6,18
pg1_6_img019,pg1_6,19
pg1_6_img020,pg1_6,20
pg1_6_img021,pg1_6,21
pg1_6_img022,pg1_6,22
pg1_6_img023,pg1_6,23
pg1_6_img024,pg1_6,24
pg1_6_img025,pg1_6,25
pg1_6_img026,pg1_6,26
pg1_6_img027,pg1_6,27
pg1_6_img028,pg1_6,28
pg1_6_img029,pg1_6,29
pg1_6_img030,pg1_6,30
pg1_6_img031,pg1_6,31
pg1_6_img032,pg1_6,32
pg1_6_img033,pg1_6,33
pg1_6_img034,pg1_6,34
pg1_6_img035,pg1_6,35
pg1_6_img036,pg1_6,36
pg1_6_img037,pg1_6,37
pg1_6_img038,pg1_6,38
pg1_6_img039,pg1_6,39
pg1_6_img040,pg1_6,40
pg1_6_img041,pg1_6,41
pg1_6_img042,pg1_6,42
pg1_6_img043,pg1_6,43
pg1_6_img044,pg1_6,44
pg1_6_img045,pg1_6,45
pg1_6_img046,pg1_6,46
pg1_6_img047,pg1_6,47
pg1_6_img048,pg1_6,48
pg1_6_img049,pg1_6,49
pg1_6_img050,pg1_6,50
pg1_6_img051,pg1_6,51
pg1_6_img052,pg1_6,52
pg1_6_img053,pg1_6,53
pg1_6_img054,pg1_6,54
pg1_6_img055,pg1_6,55
pg1_6_img056,pg1_6,56
pg1_6_img057,pg1_6,57
pg1_6_img058,pg1_6,58
pg1_6_img059,pg1_6,59
pg1_6_img060,pg1_6,60
pg1_6_img061,pg1_6,61
pg1_6_img062,pg1_6,62
pg1_6_img063,pg1_6,63
pg1_6_img064,pg1_6,64
pg1_6_img065,pg1_6,65
pg1_6_img066,pg1_6,66
pg1_6_img067,pg1_6,67
pg1_6_img068,pg1_6,68
pg1_6_img069,pg1_6,69
pg1_6_img070,pg1_6,70
pg1_6_img071,pg1_6,71
pg1_6_img072,pg1_6,72
pg1_6_img073,pg1_6,73
pg1_6_img074,pg1_6,74
pg1_6_img075,pg1_6,75
pg1_6_img076,pg1_6,76
pg1_6_img077,pg1_6,77
pg1_6_img078,pg1_6,78
pg1_6_img079,pg1_6,79
pg1_6_img080,pg1_6,80
pg1_6_img081,pg1_6,81
pg1_6_img082,pg1_6,82
pg1_6_img083,pg1_6,83
pg1_6_img084,pg1_6,84
pg1_6_img085,pg1_6,85
pg1_6_img086,pg1_6,86
pg1_6_img087,pg1_6,87
pg1_6_img088,pg1_6,88
pg1_6_img089,pg1_6,89
pg1_6_img090,pg1_6,90
pg1_6_img091,pg1_6,91
pg1_6_img092,pg1_6,92
pg1_6_img093,pg1_6,93
pg1_6_img094,pg1_6,94
pg1_6_img095,pg1_6,95
pg1_6_img096,pg1_6,96
pg1_6_img097,pg1_6,97
pg1_7_img001,pg1_7,1
pg1_7_img002,pg1_7,2
pg1_7_img003,pg1_7,3
pg1_7_img004,pg1_7,4
pg1_7_img005,pg1_7,5
pg1_7_img006,pg1_7,6
pg1_7_img007,pg1_7,7
pg1_7_img008,pg1_7,8
pg1_7_img009,pg1_7,9
pg1_7_img010,pg1_7,10
pg1_7_img011,pg1_7,11
pg1_7_img012,pg1_7,12
pg1_7_img013,pg1_7,13
pg1_7_img014,pg1_7,14
pg1_7_img015,pg1_7,15
pg1_7_img016,pg1_7,16
pg1_7_img017,pg1_7,17
pg1_7_img018,pg1_7,18
pg1_7_img019,pg1_7,19
pg1_7_img020,pg1_7,20
pg1_7_img021,pg1_7,21
pg1_7_img022,pg1_7,22
pg1_7_img023,pg1_7,23
pg1_7_img024,pg1_7,24
pg1_7_img025,pg1_7,25
pg1_7_img026,pg1_7,26
pg1_7_img027,pg1_7,27
pg1_7_img028,pg1_7,28
pg1_7_img029,pg1_7,29
pg1_7_img030,pg1_7,30
pg1_7_img031,pg1_7,31
pg1_7_img032,pg1_7,32
pg1_7_img033,pg1_7,33
pg1_7_img034,pg1_7,34
pg1_7_img035,pg1_7,35
pg1_7_img036,pg1_7,36
pg1_7_img037,pg1_7,37
pg1_7_img038,pg1_7,38
pg1_7_img039,pg1_7,39
pg1_7_img040,pg1_7,40
pg1_7_img041,pg1_7,41
pg1_7_img042,pg1_7,42
pg1_7_img043,pg1_7,43
pg1_7_img044,pg1_7,44
pg1_7_img045,pg1_7,45
pg1_7_img046,pg1_7,46
pg1_7_img047,pg1_7,47
pg1_7_img048,pg1_7,48
pg1_7_img049,pg1_7,49
pg1_7_img050,pg1_7,50
pg1_7_img051,pg1_7,51
pg1_7_img052,pg1_7,52
pg1_7_img053,pg1_7,53
pg1_7_img054,pg1_7,54
pg1_7_img055,pg1_7,55
pg1_7_img056,pg1_7,56
pg1_7_img057,pg1_7,57
pg1_7_img058,pg1_7,58
pg1_7_img059,pg1_7,59
pg1_7_img060,pg1_7,60
pg1_7_img061,pg1_7,61
pg1_7_img062,pg1_7,62
pg1_7_img063,pg1_7,63
pg1_7_img064,pg1_7,64
pg1_7_img065,pg1_7,65
pg1_7_img066,pg1_7,66
pg1_7_img067,pg1_7,67
pg1_7_img068,pg1_7,68
pg1_7_img069,pg1_7,69
pg1_7_img070,pg1_7,70
pg1_7_img071,pg1_7,71
pg1_7_img072,pg1_7,72
pg1_7_img073,pg1_7,73
pg1_7_img074,pg1_7,74
pg1_7_img075,pg1_7,75
pg1_7_img076,pg1_7,76
pg1_7_img077,pg1_7,77
pg1_7_img078,pg1_7,78
pg1_7_img079,pg1_7,79
pg1_7_img080,pg1_7,80
pg1_7_img081,pg1_7,81
pg1_7_img082,pg1_7,82
pg1_7_img083,pg1_7,83
pg1_7_img084,pg1_7,84
pg1_7_img085,pg1_7,85
pg1_7_img086,pg1_7,86
pg1_7_img087,pg1_7,87
pg1_7_img088,pg1_7,88
pg1_7_img089,pg1_7,89
pg1_7_img090,pg1_7,90
pg1_7_img091,pg1_7,91
pg1_7_img092,pg1_7,92
pg1_7_img093,pg1_7,93
pg1_7_img094,pg1_7,94
pg1_7_img095,pg1_7,95
pg1_7_img096,pg1_7,96
pg1_7_img097,pg1_7,97
pg1_8_img001,pg1_8,1
pg1_8_img002,pg1_8,2
pg1_8_img003,pg1_8,3
pg1_8_img004,pg1_8,4
pg1_8_img005,pg1_8,5
pg1_8_img006,pg1_8,6
pg1_8_img007,pg1_8,7
pg1_8_img008,pg1_8,8
pg1_8_img009,pg1_8,9
pg1_8_img010,pg1_8,10
pg1_8_img011,pg1_8,11
pg1_8_img012,pg1_8,12
pg1_8_img013,pg1_8,13
pg1_8_img014,pg1_8,14
pg1_8_img015,pg1_8,15
pg1_8_img016,pg1_8,16
pg1_8_img017,pg1_8,17
pg1_8_img018,pg1_8,18
pg1_8_img019,pg1_8,19
pg1_8_img020,pg1_8,20
pg1_8_img021,pg1_8,21
pg1_8_img022,pg1_8,22
pg1_8_img023,pg1_8,23
pg1_8_img024,pg1_8,24
pg1_8_img025,pg1_8,25
pg1_8_img026,pg1_8,26
pg1_8_img027,pg1_8,27
pg1_8_img028,pg1_8,28
pg1_8_img029,pg1_8,29
pg1_8_img030,pg1_8,30
pg1_8_img031,pg1_8,31
pg1_8_img032,pg1_8,32
pg1_8_img033,pg1_8,33
pg1_8_img034,pg1_8,34
pg1_8_img035,pg1_8,35
pg1_8_img036,pg1_8,36
pg1_8_img037,pg1_8,37
pg1_8_img038,pg1_8,38
pg1_8_img039,pg1_8,39
pg1_8_img040,pg1_8,40
pg1_8_img041,pg1_8,41
pg1_8_img042,pg1_8,42
pg1_8_img043,pg1_8,43
pg1_8_img044,pg1_8,44
pg1_8_img045,pg1_8,45
pg1_8_img046,pg1_8,46
pg1_8_img047,pg1_8,47
pg1_8_img048,pg1_8,48
pg1_8_img049,pg1_8,49
pg1_8_img050,pg1_8,50
pg1_8_img051,pg1_8,51
pg1_8_img052,pg1_8,52
pg1_8_img053,pg1_8,53
pg1_8_img054,pg1_8,54
pg1_8_img055,pg1_8,55
pg1_8_img056,pg1_8,56
pg1_8_img057,pg1_8,57
pg1_8_img058,pg1_8,58
pg1_8_img059,pg1_8,59
pg1_8_img060,pg1_8,60
pg1_8_img061,pg1_8,61
pg1_8_img062,pg1_8,62
pg1_8_img063,pg1_8,63
pg1_8_img064,pg1_8,64
pg1_8_img065,pg1_8,65
pg1_8_img066,pg1_8,66
pg1_8_img067,pg1_8,67
pg1_8_img068,pg1_8,68
pg1_8_img069,pg1_8,69
pg1_8_img070,pg1_8,70
pg1_8_img071,pg1_8,71
pg1_8_img072,pg1_8,72
pg1_8_img073,pg1_8,73
pg1_8_img074,pg1_8,74
pg1_8_img075,pg1_8,75
pg1_8_img076,pg1_8,76
pg1_8_img077,pg1_8,77
pg1_8_img078,pg1_8,78
pg1_8_img079,pg1_8,79
pg1_8_img080,pg1_8,80
pg1_8_img081,pg1_8,81
pg1_8_img082,pg1_8,82
pg1_8_img083,pg1_8,83
pg1_8_img084,pg1_8,84
pg1_8_img085,pg1_8,85
pg1_8_img086,pg1_8,86
pg1_8_img087,pg1_8,87
pg1_8_img088,pg1_8,88
pg1_8_img089,pg1_8,89
pg1_8_img090,pg1_8,90
pg1_8_img091,pg1_8,91
pg1_8_img092,pg1_8,92
pg1_8_img093,pg1_8,93
pg1_8_img094,pg1_8,94
pg1_8_img095,pg1_8,95
pg1_8_img096,pg1_8,96
pg1_8_img097,pg1_8,97
pg1_9_img001,pg1_9,1
pg1_9_img002,pg1_9,2
pg1_9_img003,pg1_9,3
pg1_9_img004,pg1_9,4
pg1_9_img005,pg1_9,5
pg1_9_img006,pg1_9,6
pg1_9_img007,pg1_9,7
pg1_9_img008,pg1_9,8
pg1_9_img009,pg1_9,9
pg1_9_img010,pg1_9,10
pg1_9_img011,pg1_9,11
pg1_9_img012,pg1_9,12
pg1_9_img013,pg1_9,13
pg1_9_img014,pg1_9,14
pg1_9_img015,pg1_9,15
pg1_9_img016,pg1_9,16
pg1_9_img017,pg1_9,17
pg1_9_img018,pg1_9,18
pg1_9_img019,pg1_9,19
pg1_9_img020,pg1_9,20
pg1_9_img021,pg1_9,21
pg1_9_img022,pg1_9,22
pg1_9_img023,pg1_9,23
pg1_9_img024,pg1_9,24
pg1_9_img025,pg1_9,25
pg1_9_img026,pg1_9,26
pg1_9_img027,pg1_9,27
pg1_9_img028,pg1_9,28
pg1_9_img029,pg1_9,29
pg1_9_img030,pg1_9,30
pg1_9_img031,pg1_9,31
pg1_9_img032,pg1_9,32
pg1_9_img033,pg1_9,33
pg1_9_img034,pg1_9,34
pg1_9_img035,pg1_9,35
pg1_9_img036,pg1_9,36
pg1_9_img037,pg1_9,37
pg1_9_img038,pg1_9,38
pg1_9_img039,pg1_9,39
pg1_9_img040,pg1_9,40
pg1_9_img041,pg1_9,41
pg1_9_img042,pg1_9,42
pg1_9_img043,pg1_9,43
pg1_9_img044,pg1_9,44
pg1_9_img045,pg1_9,45
pg1_9_img046,pg1_9,46
pg1_9_img047,pg1_9,47
pg1_9_img048,pg1_9,48
pg1_9_img049,pg1_9,49
pg1_9_img050,pg1_9,50
pg1_9_img051,pg1_9,51
pg1_9_img052,pg1_9,52
pg1_9_img053,pg1_9,53
pg1_9_img054,pg1_9,54
pg1_9_img055,pg1_9,55
pg1_9_img056,pg1_9,56
pg1_9_img057,pg1_9,57
pg1_9_img058,pg1_9,58
pg1_9_img059,pg1_9,59
pg1_9_img060,pg1_9,60
pg1_9_img061,pg1_9,61
pg1_9_img062,pg1_9,62
pg1_9_img063,pg1_9,63
pg1_9_img064,pg1_9,64
pg1_9_img065,pg1_9,65
pg1_9_img066,pg1_9,66
pg1_9_img067,pg1_9,67
pg1_9_img068,pg1_9,68
pg1_9_img069,pg1_9,69
pg1_9_img070,pg1_9,70
pg1_9_img071,pg1_9,71
pg1_9_img072,pg1_9,72
pg1_9_img073,pg1_9,73
pg1_9_img074,pg1_9,74
pg1_9_img075,pg1_9,75
pg1_9_img076,pg1_9,76
pg1_9_img077,pg1_9,77
pg1_9_img078,pg1_9,78
pg1_9_img079,pg1_9,79
pg1_9_img080,pg1_9,80
pg1_9_img081,pg1_9,81
pg1_9_img082,pg1_9,82
pg1_9_img083,pg1_9,83
pg1_9_img084,pg1_9,84
pg1_9_img085,pg1_9,85
pg1_9_img086,pg1_9,86
pg1_9_img087,pg1_9,87
pg1_9_img088,pg1_9,88
pg1_9_img089,pg1_9,89
pg1_9_img090,pg1_9,90
pg1_9_img091,pg1_9,91
pg1_9_img092,pg1_9,92
pg1_9_img093,pg1_9,93
pg1_9_img094,pg1_9,94
pg1_9_img095,pg1_9,95
pg1_9_img096,pg1_9,96
pg1_9_img097,pg1_9,97
pg2_1_img001,pg2_1,1
pg2_1_img002,pg2_1,2
pg2_1_img003,pg2_1,3
pg2_1_img004,pg2_1,4
pg2_1_img005,pg2_1,5
pg2_1_img006,pg2_1,6
pg2_1_img007,pg2_1,7
pg2_1_img008,pg2_1,8
pg2_1_img009,pg2_1,9
pg2_1_img010,pg2_1,10
pg2_1_img011,pg2_1,11
pg2_1_img012,pg2_1,12
pg2_1_img013,pg2_1,13
pg2_1_img014,pg2_1,14
pg2_1_img015,pg2_1,15
pg2_1_img016,pg2_1,16
pg2_1_img017,pg2_1,17
pg2_1_img018,pg2_1,18
pg2_1_img019,pg2_1,19
pg2_1_img020,pg2_1,20
pg2_1_img021,pg2_1,21
pg2_1_img022,pg2_1,22
pg2_1_img023,pg2_1,23
pg2_1_img024,pg2_1,24
pg2_1_img025,pg2_1,25
pg2_1_img026,pg2_1,26
pg2_1_img027,pg2_1,27
pg2_1_img028,pg2_1,28
pg2_1_img029,pg2_1,29
pg2_1_img030,pg2_1,30
pg2_1_img031,pg2_1,31
pg2_1_img032,pg2_1,32
pg2_1_img033,pg2_1,33
pg2_1_img034,pg2_1,34
pg2_1_img035,pg2_1,35
pg2_1_img036,pg2_1,36
pg2_1_img037,pg2_1,37
pg2_1_img038,pg2_1,38
pg2_1_img039,pg2_1,39
pg2_1_img040,pg2_1,40
pg2_1_img041,pg2_1,41
pg2_1_img042,pg2_1,42
pg2_1_img043,pg2_1,43
pg2_1_img044,pg2_1,44
pg2_1_img045,pg2_1,45
pg2_1_img046,pg2_1,46
pg2_1_img047,pg2_1,47
pg2_1_img048,pg2_1,48
pg2_1_img049,pg2_1,49
pg2_1_img050,pg2_1,50
pg2_1_img051,pg2_1,51
pg2_1_img052,pg2_1,52
pg2_1_img053,pg2_1,53
pg2_1_img054,pg2_1,54
pg2_1_img055,pg2_1,55
pg2_1_img056,pg2_1,56
pg2_1_img057,pg2_1,57
pg2_1_img058,pg2_1,58
pg2_1_img059,pg2_1,59
pg2_1_img060,pg2_1,60
pg2_1_img061,pg2_1,61
pg2_1_img062,pg2_1,62
pg2_1_img063,pg2_1,63
pg2_1_img064,pg2_1,64
pg2_1_img065,pg2_1,65
pg2_1_img066,pg2_1,66
pg2_1_img067,pg2_1,67
pg2_1_img068,pg2_1,68
pg2_1_img069,pg2_1,69
pg2_1_img070,pg2_1,70
pg2_1_img071,pg2_1,71
pg2_1_img072,pg2_1,72
pg2_1_img073,pg2_1,73
pg2_1_img074,pg2_1,74
pg2_1_img075,pg2_1,75
pg2_1_img076,pg2_1,76
pg2_1_img077,pg2_1,77
pg2_1_img078,pg2_1,78
pg2_1_img079,pg2_1,79
pg2_1_img080,pg2_1,80
pg2_1_img081,pg2_1,81
pg2_1_img082,pg2_1,82
pg2_1_img083,pg2_1,83
pg2_1_img084,pg2_1,84
pg2_1_img085,pg2_1,85
pg2_1_img086,pg2_1,86
pg2_1_img087,pg2_1,87
pg2_1_img088,pg2_1,88
pg2_1_img089,pg2_1,89
pg2_1_img090,pg2_1,90
pg2_1_img091,pg2_1,91
pg2_1_img092,pg2_1,92
pg2_1_img093,pg2_1,93
pg2_1_img094,pg2_1,94
pg2_1_img095,pg2_1,95
pg2_1_img096,pg2_1,96
pg2_1_img097,pg2_1,97
pg2_10_img001,pg2_10,1
pg2_10_img002,pg2_10,2
pg2_10_img003,pg2_10,3
pg2_10_img004,pg2_10,4
pg2_10_img005,pg2_10,5
pg2_10_img006,pg2_10,6
pg2_10_img007,pg2_10,7
pg2_10_img008,pg2_10,8
pg2_10_img009,pg2_10,9
pg2_10_img010,pg2_10,10
pg2_10_img011,pg2_10,11
pg2_10_img012,pg2_10,12
pg2_10_img013,pg2_10,13
pg2_10_img014,pg2_10,14
pg2_10_img015,pg2_10,15
pg2_10_img016,pg2_10,16
pg2_10_img017,pg2_10,17
pg2_10_img018,pg2_10,18
pg2_10_img019,pg2_10,19
pg2_10_img020,pg2_10,20
pg2_10_img021,pg2_10,21
pg2_10_img022,pg2_10,22
pg2_10_img023,pg2_10,23
pg2_10_img024,pg2_10,24
pg2_10_img025,pg2_10,25
pg2_10_img026,pg2_10,26
pg2_10_img027,pg2_10,27
pg2_10_img028,pg2_10,28
pg2_10_img029,pg2_10,29
pg2_10_img030,pg2_10,30
pg2_10_img031,pg2_10,31
pg2_10_img032,pg2_10,32
pg2_10_img033,pg2_10,33
pg2_10_img034,pg2_10,34
pg2_10_img035,pg2_10,35
pg2_10_img036,pg2_10,36
pg2_10_img037,pg2_10,37
pg2_10_img038,pg2_10,38
pg2_10_img039,pg2_10,39
pg2_10_img040,pg2_10,40
pg2_10_img041,pg2_10,41
pg2_10_img042,pg2_10,42
pg2_10_img043,pg2_10,43
pg2_10_img044,pg2_10,44
pg2_10_img045,pg2_10,45
pg2_10_img046,pg2_10,46
pg2_10_img047,pg2_10,47
pg2_10_img048,pg2_10,48
pg2_10_img049,pg2_10,49
pg2_10_img050,pg2_10,50
pg2_10_img051,pg2_10,51
pg2_10_img052,pg2_10,52
pg2_10_img053,pg2_10,53
pg2_10_img054,pg2_10,54
pg2_10_img055,pg2_10,55
pg2_10_img056,pg2_10,56
pg2_10_img057,pg2_10,57
pg2_10_img058,pg2_10,58
pg2_10_img059,pg2_10,59
pg2_10_img060,pg2_10,60
pg2_10_img061,pg2_10,61
pg2_10_img062,pg2_10,62
pg2_10_img063,pg2_10,63
pg2_10_img064,pg2_10,64
pg2_10_img065,pg2_10,65
pg2_10_img066,pg2_10,66
pg2_10_img067,pg2_10,67
pg2_10_img068,pg2_10,68
pg2_10_img069,pg2_10,69
pg2_10_img070,pg2_10,70
pg2_10_img071,pg2_10,71
pg2_10_img072,pg2_10,72
pg2_10_img073,pg2_10,73
pg2_10_img074,pg2_10,74
pg2_10_img075,pg2_10,75
pg2_10_img076,pg2_10,76
pg2_10_img077,pg2_10,77
pg2_10_img078,pg2_10,78
pg2_10_img079,pg2_10,79
pg2_10_img080,pg2_10,80
pg2_10_img081,pg2_10,81
pg2_10_img082,pg2_10,82
pg2_10_img083,pg2_10,83
pg2_10_img084,pg2_10,84
pg2_10_img085,pg2_10,85
pg2_10_img086,pg2_10,86
pg2_10_img087,pg2_10,87
pg2_10_img088,pg2_10,88
pg2_10_img089,pg2_10,89
pg2_10_img090,pg2_10,90
pg2_10_img091,pg2_10,91
pg2_10_img092,pg2_10,92
pg2_10_img093,pg2_10,93
pg2_10_img094,pg2_10,94
pg2_10_img095,pg2_10,95
pg2_10_img096,pg2_10,96
pg2_10_img097,pg2_10,97
pg2_11_img001,pg2_11,1
pg2_11_img002,pg2_11,2
pg2_11_img003,pg2_11,3
pg2_11_img004,pg2_11,4
pg2_11_img005,pg2_11,5
pg2_11_img006,pg2_11,6
pg2_11_img007,pg2_11,7
pg2_11_img008,pg2_11,8
pg2_11_img009,pg2_11,9
pg2_11_img010,pg2_11,10
pg2_11_img011,pg2_11,11
pg2_11_img012,pg2_11,12
pg2_11_img013,pg2_11,13
pg2_11_img014,pg2_11,14
pg2_11_img015,pg2_11,15
pg2_11_img016,pg2_11,16
pg2_11_img017,pg2_11,17
pg2_11_img018,pg2_11,18
pg2_11_img019,pg2_11,19
pg2_11_img020,pg2_11,20
pg2_11_img021,pg2_11,21
pg2_11_img022,pg2_11,22
pg2_11_img023,pg2_11,23
pg2_11_img024,pg2_11,24
pg2_11_img025,pg2_11,25
pg2_11_img026,pg2_11,26
pg2_11_img027,pg2_11,27
pg2_11_img028,pg2_11,28
pg2_11_img029,pg2_11,29
pg2_11_img030,pg2_11,30
pg2_11_img031,pg2_11,31
pg2_11_img032,pg2_11,32
pg2_11_img033,pg2_11,33
pg2_11_img034,pg2_11,34
pg2_11_img035,pg2_11,35
pg2_11_img036,pg2_11,36
pg2_11_img037,pg2_11,37
pg2_11_img038,pg2_11,38
pg2_11_img039,pg2_11,39
pg2_11_img040,pg2_11,40
pg2_11_img041,pg2_11,41
pg2_11_img042,pg2_11,42
pg2_11_img043,pg2_11,43
pg2_11_img044,pg2_11,44
pg2_11_img045,pg2_11,45
pg2_11_img046,pg2_11,46
pg2_11_img047,pg2_11,47
pg2_11_img048,pg2_11,48
pg2_11_img049,pg2_11,49
pg2_11_img050,pg2_11,50
pg2_11_img051,pg2_11,51
pg2_11_img052,pg2_11,52
pg2_11_img053,pg2_11,53
pg2_11_img054,pg2_11,54
pg2_11_img055,pg2_11,55
pg2_11_img056,pg2_11,56
pg2_11_img057,pg2_11,57
pg2_11_img058,pg2_11,58
pg2_11_img059,pg2_11,59
pg2_11_img060,pg2_11,60
pg2_11_img061,pg2_11,61
pg2_11_img062,pg2_11,62
pg2_11_img063,pg2_11,63
pg2_11_img064,pg2_11,64
pg2_11_img065,pg2_11,65
pg2_11_img066,pg2_11,66
pg2_11_img067,pg2_11,67
pg2_11_img068,pg2_11,68
pg2_11_img069,pg2_11,69
pg2_11_img070,pg2_11,70
pg2_11_img071,pg2_11,71
pg2_11_img072,pg2_11,72
pg2_11_img073,pg2_11,73
pg2_11_img074,pg2_11,74
pg2_11_img075,pg2_11,75
pg2_11_img076,pg2_11,76
pg2_11_img077,pg2_11,77
pg2_11_img078,pg2_11,78
pg2_11_img079,pg2_11,79
pg2_11_img080,pg2_11,80
pg2_11_img081,pg2_11,81
pg2_11_img082,pg2_11,82
pg2_11_img083,pg2_11,83
pg2_11_img084,pg2_11,84
pg2_11_img085,pg2_11,85
pg2_11_img086,pg2_11,86
pg2_11_img087,pg2_11,87
pg2_11_img088,pg2_11,88
pg2_11_img089,pg2_11,89
pg2_11_img090,pg2_11,90
pg2_11_img091,pg2_11,91
pg2_11_img092,pg2_11,92
pg2_11_img093,pg2_11,93
pg2_11_img094,pg2_11,94
pg2_11_img095,pg2_11,95
pg2_11_img096,pg2_11,96
pg2_11_img097,pg2_11,97
pg2_12_img001,pg2_12,1
pg2_12_img002,pg2_12,2
pg2_12_img003,pg2_12,3
pg2_12_img004,pg2_12,4
pg2_12_img005,pg2_12,5
pg2_12_img006,pg2_12,6
pg2_12_img007,pg2_12,7
pg2_12_img008,pg2_12,8
pg2_12_img009,pg2_12,9
pg2_12_img010,pg2_12,10
pg2_12_img011,pg2_12,11
pg2_12_img012,pg2_12,12
pg2_12_img013,pg2_12,13
pg2_12_img014,pg2_12,14
pg2_12_img015,pg2_12,15
pg2_12_img016,pg2_12,16
pg2_12_img017,pg2_12,17
pg2_12_img018,pg2_12,18
pg2_12_img019,pg2_12,19
pg2_12_img020,pg2_12,20
pg2_12_img021,pg2_12,21
pg2_12_img022,pg2_12,22
pg2_12_img023,pg2_12,23
pg2_12_img024,pg2_12,24
pg2_12_img025,pg2_12,25
pg2_12_img026,pg2_12,26
pg2_12_img027,pg2_12,27
pg2_12_img028,pg2_12,28
pg2_12_img029,pg2_12,29
pg2_12_img030,pg2_12,30
pg2_12_img031,pg2_12,31
pg2_12_img032,pg2_12,32
pg2_12_img033,pg2_12,33
pg2_12_img034,pg2_12,34
pg2_12_img035,pg2_12,35
pg2_12_img036,pg2_12,36
pg2_12_img037,pg2_12,37
pg2_12_img038,pg2_12,38
pg2_12_img039,pg2_12,39
pg2_12_img040,pg2_12,40
pg2_12_img041,pg2_12,41
pg2_12_img042,pg2_12,42
pg2_12_img043,pg2_12,43
pg2_12_img044,pg2_12,44
pg2_12_img045,pg2_12,45
pg2_12_img046,pg2_12,46
pg2_12_img047,pg2_12,47
pg2_12_img048,pg2_12,48
pg2_12_img049,pg2_12,49
pg2_12_img050,pg2_12,50
pg2_12_img051,pg2_12,51
pg2_12_img052,pg2_12,52
pg2_12_img053,pg2_12,53
pg2_12_img054,pg2_12,54
pg2_12_img055,pg2_12,55
pg2_12_img056,pg2_12,56
pg2_12_img057,pg2_12,57
pg2_12_img058,pg2_12,58
pg2_12_img059,pg2_12,59
pg2_12_img060,pg2_12,60
pg2_12_img061,pg2_12,61
pg2_12_img062,pg2_12,62
pg2_12_img063,pg2_12,63
pg2_12_img064,pg2_12,64
pg2_12_img065,pg2_12,65
pg2_12_img066,pg2_12,66
pg2_12_img067,pg2_12,67
pg2_12_img068,pg2_12,68
pg2_12_img069,pg2_12,69
pg2_12_img070,pg2_12,70
pg2_12_img071,pg2_12,71
pg2_12_img072,pg2_12,72
pg2_12_img073,pg2_12,73
pg2_12_img074,pg2_12,74
pg2_12_img075,pg2_12,75
pg2_12_img076,pg2_12,76
pg2_12_img077,pg2_12,77
pg2_12_img078,pg2_12,78
pg2_12_img079,pg2_12,79
pg2_12_img080,pg2_12,80
pg2_12_img081,pg2_12,81
pg2_12_img082,pg2_12,82
pg2_12_img083,pg2_12,83
pg2_12_img084,pg2_12,84
pg2_12_img085,pg2_12,85
pg2_12_img086,pg2_12,86
pg2_12_img087,pg2_12,87
pg2_12_img088,pg2_12,88
pg2_12_img089,pg2_12,89
pg2_12_img090,pg2_12,90
pg2_12_img091,pg2_12,91
pg2_12_img092,pg2_12,92
pg2_12_img093,pg2_12,93
pg2_12_img094,pg2_12,94
pg2_12_img095,pg2_12,95
pg2_12_img096,pg2_12,96
pg2_12_img097,pg2_12,97
pg2_2_img001,pg2_2,1
pg2_2_img002,pg2_2,2
pg2_2_img003,pg2_2,3
pg2_2_img004,pg2_2,4
pg2_2_img005,pg2_2,5
pg2_2_img006,pg2_2,6
pg2_2_img007,pg2_2,7
pg2_2_img008,pg2_2,8
pg2_2_img009,pg2_2,9
pg2_2_img010,pg2_2,10
pg2_2_img011,pg2_2,11
pg2_2_img012,pg2_2,12
pg2_2_img013,pg2_2,13
pg2_2_img014,pg2_2,14
pg2_2_img015,pg2_2,15
pg2_2_img016,pg2_2,16
pg2_2_img017,pg2_2,17
pg2_2_img018,pg2_2,18
pg2_2_img019,pg2_2,19
pg2_2_img020,pg2_2,20
pg2_2_img021,pg2_2,21
pg2_2_img022,pg2_2,22
pg2_2_img023,pg2_2,23
pg2_2_img024,pg2_2,24
pg2_2_img025,pg2_2,25
pg2_2_img026,pg2_2,26
pg2_2_img027,pg2_2,27
pg2_2_img028,pg2_2,28
pg2_2_img029,pg2_2,29
pg2_2_img030,pg2_2,30
pg2_2_img031,pg2_2,31
pg2_2_img032,pg2_2,32
pg2_2_img033,pg2_2,33
pg2_2_img034,pg2_2,34
pg2_2_img035,pg2_2,35
pg2_2_img036,pg2_2,36
pg2_2_img037,pg2_2,37
pg2_2_img038,pg2_2,38
pg2_2_img039,pg2_2,39
pg2_2_img040,pg2_2,40
pg2_2_img041,pg2_2,41
pg2_2_img042,pg2_2,42
pg2_2_img043,pg2_2,43
pg2_2_img044,pg2_2,44
pg2_2_img045,pg2_2,45
pg2_2_img046,pg2_2,46
pg2_2_img047,pg2_2,47
pg2_2_img048,pg2_2,48
pg2_2_img049,pg2_2,49
pg2_2_img050,pg2_2,50
pg2_2_img051,pg2_2,51
pg2_2_img052,pg2_2,52
pg2_2_img053,pg2_2,53
pg2_2_img054,pg2_2,54
pg2_2_img055,pg2_2,55
pg2_2_img056,pg2_2,56
pg2_2_img057,pg2_2,57
pg2_2_img058,pg2_2,58
pg2_2_img059,pg2_2,59
pg2_2_img060,pg2_2,60
pg2_2_img061,pg2_2,61
pg2_2_img062,pg2_2,62
pg2_2_img063,pg2_2,63
pg2_2_img064,pg2_2,64
pg2_2_img065,pg2_2,65
pg2_2_img066,pg2_2,66
pg2_2_img067,pg2_2,67
pg2_2_img068,pg2_2,68
pg2_2_img069,pg2_2,69
pg2_2_img070,pg2_2,70
pg2_2_img071,pg2_2,71
pg2_2_img072,pg2_2,72
pg2_2_img073,pg2_2,73
pg2_2_img074,pg2_2,74
pg2_2_img075,pg2_2,75
pg2_2_img076,pg2_2,76
pg2_2_img077,pg2_2,77
pg2_2_img078,pg2_2,78
pg2_2_img079,pg2_2,79
pg2_2_img080,pg2_2,80
pg2_2_img081,pg2_2,81
pg2_2_img082,pg2_2,82
pg2_2_img083,pg2_2,83
pg2_2_img084,pg2_2,84
pg2_2_img085,pg2_2,85
pg2_2_img086,pg2_2,86
pg2_2_img087,pg2_2,87
pg2_2_img088,pg2_2,88
pg2_2_img089,pg2_2,89
pg2_2_img090,pg2_2,90
pg2_2_img091,pg2_2,91
pg2_2_img092,pg2_2,92
pg2_2_img093,pg2_2,93
pg2_2_img094,pg2_2,94
pg2_2_img095,pg2_2,95
pg2_2_img096,pg2_2,96
pg2_2_img097,pg2_2,97
pg2_3_img001,pg2_3,1
pg2_3_img002,pg2_3,2
pg2_3_img003,pg2_3,3
pg2_3_img004,pg2_3,4
pg2_3_img005,pg2_3,5
pg2_3_img006,pg2_3,6
pg2_3_img007,pg2_3,7
pg2_3_img008,pg2_3,8
pg2_3_img009,pg2_3,9
pg2_3_img010,pg2_3,10
pg2_3_img011,pg2_3,11
pg2_3_img012,pg2_3,12
pg2_3_img013,pg2_3,13
pg2_3_img014,pg2_3,14
pg2_3_img015,pg2_3,15
pg2_3_img016,pg2_3,16
pg2_3_img017,pg2_3,17
pg2_3_img018,pg2_3,18
pg2_3_img019,pg2_3,19
pg2_3_img020,pg2_3,20
pg2_3_img021,pg2_3,21
pg2_3_img022,pg2_3,22
pg2_3_img023,pg2_3,23
pg2_3_img024,pg2_3,24
pg2_3_img025,pg2_3,25
pg2_3_img026,pg2_3,26
pg2_3_img027,pg2_3,27
pg2_3_img028,pg2_3,28
pg2_3_img029,pg2_3,29
pg2_3_img030,pg2_3,30
pg2_3_img031,pg2_3,31
pg2_3_img032,pg2_3,32
pg2_3_img033,pg2_3,33
pg2_3_img034,pg2_3,34
pg2_3_img035,pg2_3,35
pg2_3_img036,pg2_3,36
pg2_3_img037,pg2_3,37
pg2_3_img038,pg2_3,38
pg2_3_img039,pg2_3,39
pg2_3_img040,pg2_3,40
pg2_3_img041,pg2_3,41
pg2_3_img042,pg2_3,42
pg2_3_img043,pg2_3,43
pg2_3_img044,pg2_3,44
pg2_3_img045,pg2_3,45
pg2_3_img046,pg2_3,46
pg2_3_img047,pg2_3,47
pg2_3_img048,pg2_3,48
pg2_3_img049,pg2_3,49
pg2_3_img050,pg2_3,50
pg2_3_img051,pg2_3,51
pg2_3_img052,pg2_3,52
pg2_3_img053,pg2_3,53
pg2_3_img054,pg2_3,54
pg2_3_img055,pg2_3,55
pg2_3_img056,pg2_3,56
pg2_3_img057,pg2_3,57
pg2_3_img058,pg2_3,58
pg2_3_img059,pg2_3,59
pg2_3_img060,pg2_3,60
pg2_3_img061,pg2_3,61
pg2_3_img062,pg2_3,62
pg2_3_img063,pg2_3,63
pg2_3_img064,pg2_3,64
pg2_3_img065,pg2_3,65
pg2_3_img066,pg2_3,66
pg2_3_img067,pg2_3,67
pg2_3_img068,pg2_3,68
pg2_3_img069,pg2_3,69
pg2_3_img070,pg2_3,70
pg2_3_img071,pg2_3,71
pg2_3_img072,pg2_3,72
pg2_3_img073,pg2_3,73
pg2_3_img074,pg2_3,74
pg2_3_img075,pg2_3,75
pg2_3_img076,pg2_3,76
pg2_3_img077,pg2_3,77
pg2_3_img078,pg2_3,78
pg2_3_img079,pg2_3,79
pg2_3_img080,pg2_3,80
pg2_3_img081,pg2_3,81
pg2_3_img082,pg2_3,82
pg2_3_img083,pg2_3,83
pg2_3_img084,pg2_3,84
pg2_3_img085,pg2_3,85
pg2_3_img086,pg2_3,86
pg2_3_img087,pg2_3,87
pg2_3_img088,pg2_3,88
pg2_3_img089,pg2_3,89
pg2_3_img090,pg2_3,90
pg2_3_img091,pg2_3,91
pg2_3_img092,pg2_3,92
pg2_3_img093,pg2_3,93
pg2_3_img094,pg2_3,94
pg2_3_img095,pg2_3,95
pg2_3_img096,pg2_3,96
pg2_3_img097,pg2_3,97
pg2_4_img001,pg2_4,1
pg2_4_img002,pg2_4,2
pg2_4_img003,pg2_4,3
pg2_4_img004,pg2_4,4
pg2_4_img005,pg2_4,5
pg2_4_img006,pg2_4,6
pg2_4_img007,pg2_4,7
pg2_4_img008,pg2_4,8
pg2_4_img009,pg2_4,9
pg2_4_img010,pg2_4,10
pg2_4_img011,pg2_4,11
pg2_4_img012,pg2_4,12
pg2_4_img013,pg2_4,13
pg2_4_img014,pg2_4,14
pg2_4_img015,pg2_4,15
pg2_4_img016,pg2_4,16
pg2_4_img017,pg2_4,17
pg2_4_img018,pg2_4,18
pg2_4_img019,pg2_4,19
pg2_4_img020,pg2_4,20
pg2_4_img021,pg2_4,21
pg2_4_img022,pg2_4,22
pg2_4_img023,pg2_4,23
pg2_4_img024,pg2_4,24
pg2_4_img025,pg2_4,25
pg2_4_img026,pg2_4,26
pg2_4_img027,pg2_4,27
pg2_4_img028,pg2_4,28
pg2_4_img029,pg2_4,29
pg2_4_img030,pg2_4,30
pg2_4_img031,pg2_4,31
pg2_4_img032,pg2_4,32
pg2_4_img033,pg2_4,33
pg2_4_img034,pg2_4,34
pg2_4_img035,pg2_4,35
pg2_4_img036,pg2_4,36
pg2_4_img037,pg2_4,37
pg2_4_img038,pg2_4,38
pg2_4_img039,pg2_4,39
pg2_4_img040,pg2_4,40
pg2_4_img041,pg2_4,41
pg2_4_img042,pg2_4,42
pg2_4_img043,pg2_4,43
pg2_4_img044,pg2_4,44
pg2_4_img045,pg2_4,45
pg2_4_img046,pg2_4,46
pg2_4_img047,pg2_4,47
pg2_4_img048,pg2_4,48
pg2_4_img049,pg2_4,49
pg2_4_img050,pg2_4,50
pg2_4_img051,pg2_4,51
pg2_4_img052,pg2_4,52
pg2_4_img053,pg2_4,53
pg2_4_img054,pg2_4,54
pg2_4_img055,pg2_4,55
pg2_4_img056,pg2_4,56
pg2_4_img057,pg2_4,57
pg2_4_img058,pg2_4,58
pg2_4_img059,pg2_4,59
pg2_4_img060,pg2_4,60
pg2_4_img061,pg2_4,61
pg2_4_img062,pg2_4,62
pg2_4_img063,pg2_4,63
pg2_4_img064,pg2_4,64
pg2_4_img065,pg2_4,65
pg2_4_img066,pg2_4,66
pg2_4_img067,pg2_4,67
pg2_4_img068,pg2_4,68
pg2_4_img069,pg2_4,69
pg2_4_img070,pg2_4,70
pg2_4_img071,pg2_4,71
pg2_4_img072,pg2_4,72
pg2_4_img073,pg2_4,73
pg2_4_img074,pg2_4,74
pg2_4_img075,pg2_4,75
pg2_4_img076,pg2_4,76
pg2_4_img077,pg2_4,77
pg2_4_img078,pg2_4,78
pg2_4_img079,pg2_4,79
pg2_4_img080,pg2_4,80
pg2_4_img081,pg2_4,81
pg2_4_img082,pg2_4,82
pg2_4_img083,pg2_4,83
pg2_4_img084,pg2_4,84
pg2_4_img085,pg2_4,85
pg2_4_img086,pg2_4,86
pg2_4_img087,pg2_4,87
pg2_4_img088,pg2_4,88
pg2_4_img089,pg2_4,89
pg2_4_img090,pg2_4,90
pg2_4_img091,pg2_4,91
pg2_4_img092,pg2_4,92
pg2_4_img093,pg2_4,93
pg2_4_img094,pg2_4,94
pg2_4_img095,pg2_4,95
pg2_4_img096,pg2_4,96
pg2_4_img097,pg2_4,97
pg2_5_img001,pg2_5,1
pg2_5_img002,pg2_5,2
pg2_5_img003,pg2_5,3
pg2_5_img004,pg2_5,4
pg2_5_img005,pg2_5,5
pg2_5_img006,pg2_5,6
pg2_5_img007,pg2_5,7
pg2_5_img008,pg2_5,8
pg2_5_img009,pg2_5,9
pg2_5_img010,pg2_5,10
pg2_5_img011,pg2_5,11
pg2_5_img012,pg2_5,12
pg2_5_img013,pg2_5,13
pg2_5_img014,pg2_5,14
pg2_5_img015,pg2_5,15
pg2_5_img016,pg2_5,16
pg2_5_img017,pg2_5,17
pg2_5_img018,pg2_5,18
pg2_5_img019,pg2_5,19
pg2_5_img020,pg2_5,20
pg2_5_img021,pg2_5,21
pg2_5_img022,pg2_5,22
pg2_5_img023,pg2_5,23
pg2_5_img024,pg2_5,24
pg2_5_img025,pg2_5,25
pg2_5_img026,pg2_5,26
pg2_5_img027,pg2_5,27
pg2_5_img028,pg2_5,28
pg2_5_img029,pg2_5,29
pg2_5_img030,pg2_5,30
pg2_5_img031,pg2_5,31
pg2_5_img032,pg2_5,32
pg2_5_img033,pg2_5,33
pg2_5_img034,pg2_5,34
pg2_5_img035,pg2_5,35
pg2_5_img036,pg2_5,36
pg2_5_img037,pg2_5,37
pg2_5_img038,pg2_5,38
pg2_5_img039,pg2_5,39
pg2_5_img040,pg2_5,40
pg2_5_img041,pg2_5,41
pg2_5_img042,pg2_5,42
pg2_5_img043,pg2_5,43
pg2_5_img044,pg2_5,44
pg2_5_img045,pg2_5,45
pg2_5_img046,pg2_5,46
pg2_5_img047,pg2_5,47
pg2_5_img048,pg2_5,48
pg2_5_img049,pg2_5,49
pg2_5_img050,pg2_5,50
pg2_5_img051,pg2_5,51
pg2_5_img052,pg2_5,52
pg2_5_img053,pg2_5,53
pg2_5_img054,pg2_5,54
pg2_5_img055,pg2_5,55
pg2_5_img056,pg2_5,56
pg2_5_img057,pg2_5,57
pg2_5_img058,pg2_5,58
pg2_5_img059,pg2_5,59
pg2_5_img060,pg2_5,60
pg2_5_img061,pg2_5,61
pg2_5_img062,pg2_5,62
pg2_5_img063,pg2_5,63
pg2_5_img064,pg2_5,64
pg2_5_img065,pg2_5,65
pg2_5_img066,pg2_5,66
pg2_5_img067,pg2_5,67
pg2_5_img068,pg2_5,68
pg2_5_img069,pg2_5,69
pg2_5_img070,pg2_5,70
pg2_5_img071,pg2_5,71
pg2_5_img072,pg2_5,72
pg2_5_img073,pg2_5,73
pg2_5_img074,pg2_5,74
pg2_5_img075,pg2_5,75
pg2_5_img076,pg2_5,76
pg2_5_img077,pg2_5,77
pg2_5_img078,pg2_5,78
pg2_5_img079,pg2_5,79
pg2_5_img080,pg2_5,80
pg2_5_img081,pg2_5,81
pg2_5_img082,pg2_5,82
pg2_5_img083,pg2_5,83
pg2_5_img084,pg2_5,84
pg2_5_img085,pg2_5,85
pg2_5_img086,pg2_5,86
pg2_5_img087,pg2_5,87
pg2_5_img088,pg2_5,88
pg2_5_img089,pg2_5,89
pg2_5_img090,pg2_5,90
pg2_5_img091,pg2_5,91
pg2_5_img092,pg2_5,92
pg2_5_img093,pg2_5,93
pg2_5_img094,pg2_5,94
pg2_5_img095,pg2_5,95
pg2_5_img096,pg2_5,96
pg2_5_img097,pg2_5,97
pg2_6_img001,pg2_6,1
pg2_6_img002,pg2_6,2
pg2_6_img003,pg2_6,3
pg2_6_img004,pg2_6,4
pg2_6_img005,pg2_6,5
pg2_6_img006,pg2_6,6
pg2_6_img007,pg2_6,7
pg2_6_img008,pg2_6,8
pg2_6_img009,pg2_6,9
pg2_6_img010,pg2_6,10
pg2_6_img011,pg2_6,11
pg2_6_img012,pg2_6,12
pg2_6_img013,pg2_6,13
pg2_6_img014,pg2_6,14
pg2_6_img015,pg2_6,15
pg2_6_img016,pg2_6,16
pg2_6_img017,pg2_6,17
pg2_6_img018,pg2_6,18
pg2_6_img019,pg2_6,19
pg2_6_img020,pg2_6,20
pg2_6_img021,pg2_6,21
pg2_6_img022,pg2_6,22
pg2_6_img023,pg2_6,23
pg2_6_img024,pg2_6,24
pg2_6_img025,pg2_6,25
pg2_6_img026,pg2_6,26
pg2_6_img027,pg2_6,27
pg2_6_img028,pg2_6,28
pg2_6_img029,pg2_6,29
pg2_6_img030,pg2_6,30
pg2_6_img031,pg2_6,31
pg2_6_img032,pg2_6,32
pg2_6_img033,pg2_6,33
pg2_6_img034,pg2_6,34
pg2_6_img035,pg2_6,35
pg2_6_img036,pg2_6,36
pg2_6_img037,pg2_6,37
pg2_6_img038,pg2_6,38
pg2_6_img039,pg2_6,39
pg2_6_img040,pg2_6,40
pg2_6_img041,pg2_6,41
pg2_6_img042,pg2_6,42
pg2_6_img043,pg2_6,43
pg2_6_img044,pg2_6,44
pg2_6_img045,pg2_6,45
pg2_6_img046,pg2_6,46
pg2_6_img047,pg2_6,47
pg2_6_img048,pg2_6,48
pg2_6_img049,pg2_6,49
pg2_6_img050,pg2_6,50
pg2_6_img051,pg2_6,51
pg2_6_img052,pg2_6,52
pg2_6_img053,pg2_6,53
pg2_6_img054,pg2_6,54
pg2_6_img055,pg2_6,55
pg2_6_img056,pg2_6,56
pg2_6_img057,pg2_6,57
pg2_6_img058,pg2_6,58
pg2_6_img059,pg2_6,59
pg2_6_img060,pg2_6,60
pg2_6_img061,pg2_6,61
pg2_6_img062,pg2_6,62
pg2_6_img063,pg2_6,63
pg2_6_img064,pg2_6,64
pg2_6_img065,pg2_6,65
pg2_6_img066,pg2_6,66
pg2_6_img067,pg2_6,67
pg2_6_img068,pg2_6,68
pg2_6_img069,pg2_6,69
pg2_6_img070,pg2_6,70
pg2_6_img071,pg2_6,71
pg2_6_img072,pg2_6,72
pg2_6_img073,pg2_6,73
pg2_6_img074,pg2_6,74
pg2_6_img075,pg2_6,75
pg2_6_img076,pg2_6,76
pg2_6_img077,pg2_6,77
pg2_6_img078,pg2_6,78
pg2_6_img079,pg2_6,79
pg2_6_img080,pg2_6,80
pg2_6_img081,pg2_6,81
pg2_6_img082,pg2_6,82
pg2_6_img083,pg2_6,83
pg2_6_img084,pg2_6,84
pg2_6_img085,pg2_6,85
pg2_6_img086,pg2_6,86
pg2_6_img087,pg2_6,87
pg2_6_img088,pg2_6,88
pg2_6_img089,pg2_6,89
pg2_6_img090,pg2_6,90
pg2_6_img091,pg2_6,91
pg2_6_img092,pg2_6,92
pg2_6_img093,pg2_6,93
pg2_6_img094,pg2_6,94
pg2_6_img095,pg2_6,95
pg2_6_img096,pg2_6,96
pg2_6_img097,pg2_6,97
pg2_7_img001,pg2_7,1
pg2_7_img002,pg2_7,2
pg2_7_img003,pg2_7,3
pg2_7_img004,pg2_7,4
pg2_7_img005,pg2_7,5
pg2_7_img006,pg2_7,6
pg2_7_img007,pg2_7,7
pg2_7_img008,pg2_7,8
pg2_7_img009,pg2_7,9
pg2_7_img010,pg2_7,10
pg2_7_img011,pg2_7,11
pg2_7_img012,pg2_7,12
pg2_7_img013,pg2_7,13
pg2_7_img014,pg2_7,14
pg2_7_img015,pg2_7,15
pg2_7_img016,pg2_7,16
pg2_7_img017,pg2_7,17
pg2_7_img018,pg2_7,18
pg2_7_img019,pg2_7,19
pg2_7_img020,pg2_7,20
pg2_7_img021,pg2_7,21
pg2_7_img022,pg2_7,22
pg2_7_img023,pg2_7,23
pg2_7_img024,pg2_7,24
pg2_7_img025,pg2_7,25
pg2_7_img026,pg2_7,26
pg2_7_img027,pg2_7,27
pg2_7_img028,pg2_7,28
pg2_7_img029,pg2_7,29
pg2_7_img030,pg2_7,30
pg2_7_img031,pg2_7,31
pg2_7_img032,pg2_7,32
pg2_7_img033,pg2_7,33
pg2_7_img034,pg2_7,34
pg2_7_img035,pg2_7,35
pg2_7_img036,pg2_7,36
pg2_7_img037,pg2_7,37
pg2_7_img038,pg2_7,38
pg2_7_img039,pg2_7,39
pg2_7_img040,pg2_7,40
pg2_7_img041,pg2_7,41
pg2_7_img042,pg2_7,42
pg2_7_img043,pg2_7,43
pg2_7_img044,pg2_7,44
pg2_7_img045,pg2_7,45
pg2_7_img046,pg2_7,46
pg2_7_img047,pg2_7,47
pg2_7_img048,pg2_7,48
pg2_7_img049,pg2_7,49
pg2_7_img050,pg2_7,50
pg2_7_img051,pg2_7,51
pg2_7_img052,pg2_7,52
pg2_7_img053,pg2_7,53
pg2_7_img054,pg2_7,54
pg2_7_img055,pg2_7,55
pg2_7_img056,pg2_7,56
pg2_7_img057,pg2_7,57
pg2_7_img058,pg2_7,58
pg2_7_img059,pg2_7,59
pg2_7_img060,pg2_7,60
pg2_7_img061,pg2_7,61
pg2_7_img062,pg2_7,62
pg2_7_img063,pg2_7,63
pg2_7_img064,pg2_7,64
pg2_7_img065,pg2_7,65
pg2_7_img066,pg2_7,66
pg2_7_img067,pg2_7,67
pg2_7_img068,pg2_7,68
pg2_7_img069,pg2_7,69
pg2_7_img070,pg2_7,70
pg2_7_img071,pg2_7,71
pg2_7_img072,pg2_7,72
pg2_7_img073,pg2_7,73
pg2_7_img074,pg2_7,74
pg2_7_img075,pg2_7,75
pg2_7_img076,pg2_7,76
pg2_7_img077,pg2_7,77
pg2_7_img078,pg2_7,78
pg2_7_img079,pg2_7,79
pg2_7_img080,pg2_7,80
pg2_7_img081,pg2_7,81
pg2_7_img082,pg2_7,82
pg2_7_img083,pg2_7,83
pg2_7_img084,pg2_7,84
pg2_7_img085,pg2_7,85
pg2_7_img086,pg2_7,86
pg2_7_img087,pg2_7,87
pg2_7_img088,pg2_7,88
pg2_7_img089,pg2_7,89
pg2_7_img090,pg2_7,90
pg2_7_img091,pg2_7,91
pg2_7_img092,pg2_7,92
pg2_7_img093,pg2_7,93
pg2_7_img094,pg2_7,94
pg2_7_img095,pg2_7,95
pg2_7_img096,pg2_7,96
pg2_7_img097,pg2_7,97
pg2_8_img001,pg2_8,1
pg2_8_img002,pg2_8,2
pg2_8_img003,pg2_8,3
pg2_8_img004,pg2_8,4
pg2_8_img005,pg2_8,5
pg2_8_img006,pg2_8,6
pg2_8_img007,pg2_8,7
pg2_8_img008,pg2_8,8
pg2_8_img009,pg2_8,9
pg2_8_img010,pg2_8,10
pg2_8_img011,pg2_8,11
pg2_8_img012,pg2_8,12
pg2_8_img013,pg2_8,13
pg2_8_img014,pg2_8,14
pg2_8_img015,pg2_8,15
pg2_8_img016,pg2_8,16
pg2_8_img017,pg2_8,17
pg2_8_img018,pg2_8,18
pg2_8_img019,pg2_8,19
pg2_8_img020,pg2_8,20
pg2_8_img021,pg2_8,21
pg2_8_img022,pg2_8,22
pg2_8_img023,pg2_8,23
pg2_8_img024,pg2_8,24
pg2_8_img025,pg2_8,25
pg2_8_img026,pg2_8,26
pg2_8_img027,pg2_8,27
pg2_8_img028,pg2_8,28
pg2_8_img029,pg2_8,29
pg2_8_img030,pg2_8,30
pg2_8_img031,pg2_8,31
pg2_8_img032,pg2_8,32
pg2_8_img033,pg2_8,33
pg2_8_img034,pg2_8,34
pg2_8_img035,pg2_8,35
pg2_8_img036,pg2_8,36
pg2_8_img037,pg2_8,37
pg2_8_img038,pg2_8,38
pg2_8_img039,pg2_8,39
pg2_8_img040,pg2_8,40
pg2_8_img041,pg2_8,41
pg2_8_img042,pg2_8,42
pg2_8_img043,pg2_8,43
pg2_8_img044,pg2_8,44
pg2_8_img045,pg2_8,45
pg2_8_img046,pg2_8,46
pg2_8_img047,pg2_8,47
pg2_8_img048,pg2_8,48
pg2_8_img049,pg2_8,49
pg2_8_img050,pg2_8,50
pg2_8_img051,pg2_8,51
pg2_8_img052,pg2_8,52
pg2_8_img053,pg2_8,53
pg2_8_img054,pg2_8,54
pg2_8_img055,pg2_8,55
pg2_8_img056,pg2_8,56
pg2_8_img057,pg2_8,57
pg2_8_img058,pg2_8,58
pg2_8_img059,pg2_8,59
pg2_8_img060,pg2_8,60
pg2_8_img061,pg2_8,61
pg2_8_img062,pg2_8,62
pg2_8_img063,pg2_8,63
pg2_8_img064,pg2_8,64
pg2_8_img065,pg2_8,65
pg2_8_img066,pg2_8,66
pg2_8_img067,pg2_8,67
pg2_8_img068,pg2_8,68
pg2_8_img069,pg2_8,69
pg2_8_img070,pg2_8,70
pg2_8_img071,pg2_8,71
pg2_8_img072,pg2_8,72
pg2_8_img073,pg2_8,73
pg2_8_img074,pg2_8,74
pg2_8_img075,pg2_8,75
pg2_8_img076,pg2_8,76
pg2_8_img077,pg2_8,77
pg2_8_img078,pg2_8,78
pg2_8_img079,pg2_8,79
pg2_8_img080,pg2_8,80
pg2_8_img081,pg2_8,81
pg2_8_img082,pg2_8,82
pg2_8_img083,pg2_8,83
pg2_8_img084,pg2_8,84
pg2_8_img085,pg2_8,85
pg2_8_img086,pg2_8,86
pg2_8_img087,pg2_8,87
pg2_8_img088,pg2_8,88
pg2_8_img089,pg2_8,89
pg2_8_img090,pg2_8,90
pg2_8_img091,pg2_8,91
pg2_8_img092,pg2_8,92
pg2_8_img093,pg2_8,93
pg2_8_img094,pg2_8,94
pg2_8_img095,pg2_8,95
pg2_8_img096,pg2_8,96
pg2_8_img097,pg2_8,97
pg2_9_img001,pg2_9,1
pg2_9_img002,pg2_9,2
pg2_9_img003,pg2_9,3
pg2_9_img004,pg2_9,4
pg2_9_img005,pg2_9,5
pg2_9_img006,pg2_9,6
pg2_9_img007,pg2_9,7
pg2_9_img008,pg2_9,8
pg2_9_img009,pg2_9,9
pg2_9_img010,pg2_9,10
pg2_9_img011,pg2_9,11
pg2_9_img012,pg2_9,12
pg2_9_img013,pg2_9,13
pg2_9_img014,pg2_9,14
pg2_9_img015,pg2_9,15
pg2_9_img016,pg2_9,16
pg2_9_img017,pg2_9,17
pg2_9_img018,pg2_9,18
pg2_9_img019,pg2_9,19
pg2_9_img020,pg2_9,20
pg2_9_img021,pg2_9,21
pg2_9_img022,pg2_9,22
pg2_9_img023,pg2_9,23
pg2_9_img024,pg2_9,24
pg2_9_img025,pg2_9,25
pg2_9_img026,pg2_9,26
pg2_9_img027,pg2_9,27
pg2_9_img028,pg2_9,28
pg2_9_img029,pg2_9,29
pg2_9_img030,pg2_9,30
pg2_9_img031,pg2_9,31
pg2_9_img032,pg2_9,32
pg2_9_img033,pg2_9,33
pg2_9_img034,pg2_9,34
pg2_9_img035,pg2_9,35
pg2_9_img036,pg2_9,36
pg2_9_img037,pg2_9,37
pg2_9_img038,pg2_9,38
pg2_9_img039,pg2_9,39
pg2_9_img040,pg2_9,40
pg2_9_img041,pg2_9,41
pg2_9_img042,pg2_9,42
pg2_9_img043,pg2_9,43
pg2_9_img044,pg2_9,44
pg2_9_img045,pg2_9,45
pg2_9_img046,pg2_9,46
pg2_9_img047,pg2_9,47
pg2_9_img048,pg2_9,48
pg2_9_img049,pg2_9,49
pg2_9_img050,pg2_9,50
pg2_9_img051,pg2_9,51
pg2_9_img052,pg2_9,52
pg2_9_img053,pg2_9,53
pg2_9_img054,pg2_9,54
pg2_9_img055,pg2_9,55
pg2_9_img056,pg2_9,56
pg2_9_img057,pg2_9,57
pg2_9_img058,pg2_9,58
pg2_9_img059,pg2_9,59
pg2_9_img060,pg2_9,60
pg2_9_img061,pg2_9,61
pg2_9_img062,pg2_9,62
pg2_9_img063,pg2_9,63
pg2_9_img064,pg2_9,64
pg2_9_img065,pg2_9,65
pg2_9_img066,pg2_9,66
pg2_9_img067,pg2_9,67
pg2_9_img068,pg2_9,68
pg2_9_img069,pg2_9,69
pg2_9_img070,pg2_9,70
pg2_9_img071,pg2_9,71
pg2_9_img072,pg2_9,72
pg2_9_img073,pg2_9,73
pg2_9_img074,pg2_9,74
pg2_9_img075,pg2_9,75
pg2_9_img076,pg2_9,76
pg2_9_img077,pg2_9,77
pg2_9_img078,pg2_9,78
pg2_9_img079,pg2_9,79
pg2_9_img080,pg2_9,80
pg2_9_img081,pg2_9,81
pg2_9_img082,pg2_9,82
pg2_9_img083,pg2_9,83
pg2_9_img084,pg2_9,84
pg2_9_img085,pg2_9,85
pg2_9_img086,pg2_9,86
pg2_9_img087,pg2_9,87
pg2_9_img088,pg2_9,88
pg2_9_img089,pg2_9,89
pg2_9_img090,pg2_9,90
pg2_9_img091,pg2_9,91
pg2_9_img092,pg2_9,92
pg2_9_img093,pg2_9,93
pg2_9_img094,pg2_9,94
pg2_9_img095,pg2_9,95
pg2_9_img096,pg2_9,96
pg2_9_img097,pg2_9,97
pg3_1_img001,pg3_1,1
pg3_1_img002,pg3_1,2
pg3_1_img003,pg3_1,3
pg3_1_img004,pg3_1,4
pg3_1_img005,pg3_1,5
pg3_1_img006,pg3_1,6
pg3_1_img007,pg3_1,7
pg3_1_img008,pg3_1,8
pg3_1_img009,pg3_1,9
pg3_1_img010,pg3_1,10
pg3_1_img011,pg3_1,11
pg3_1_img012,pg3_1,12
pg3_1_img013,pg3_1,13
pg3_1_img014,pg3_1,14
pg3_1_img015,pg3_1,15
pg3_1_img016,pg3_1,16
pg3_1_img017,pg3_1,17
pg3_1_img018,pg3_1,18
pg3_1_img019,pg3_1,19
pg3_1_img020,pg3_1,20
pg3_1_img021,pg3_1,21
pg3_1_img022,pg3_1,22
pg3_1_img023,pg3_1,23
pg3_1_img024,pg3_1,24
pg3_1_img025,pg3_1,25
pg3_1_img026,pg3_1,26
pg3_1_img027,pg3_1,27
pg3_1_img028,pg3_1,28
pg3_1_img029,pg3_1,29
pg3_1_img030,pg3_1,30
pg3_1_img031,pg3_1,31
pg3_1_img032,pg3_1,32
pg3_1_img033,pg3_1,33
pg3_1_img034,pg3_1,34
pg3_1_img035,pg3_1,35
pg3_1_img036,pg3_1,36
pg3_1_img037,pg3_1,37
pg3_1_img038,pg3_1,38
pg3_1_img039,pg3_1,39
pg3_1_img040,pg3_1,40
pg3_1_img041,pg3_1,41
pg3_1_img042,pg3_1,42
pg3_1_img043,pg3_1,43
pg3_1_img044,pg3_1,44
pg3_1_img045,pg3_1,45
pg3_1_img046,pg3_1,46
pg3_1_img047,pg3_1,47
pg3_1_img048,pg3_1,48
pg3_1_img049,pg3_1,49
pg3_1_img050,pg3_1,50
pg3_1_img051,pg3_1,51
pg3_1_img052,pg3_1,52
pg3_1_img053,pg3_1,53
pg3_1_img054,pg3_1,54
pg3_1_img055,pg3_1,55
pg3_1_img056,pg3_1,56
pg3_1_img057,pg3_1,57
pg3_1_img058,pg3_1,58
pg3_1_img059,pg3_1,59
pg3_1_img060,pg3_1,60
pg3_1_img061,pg3_1,61
pg3_1_img062,pg3_1,62
pg3_1_img063,pg3_1,63
pg3_1_img064,pg3_1,64
pg3_1_img065,pg3_1,65
pg3_1_img066,pg3_1,66
pg3_1_img067,pg3_1,67
pg3_1_img068,pg3_1,68
pg3_1_img069,pg3_1,69
pg3_1_img070,pg3_1,70
pg3_1_img071,pg3_1,71
pg3_1_img072,pg3_1,72
pg3_1_img073,pg3_1,73
pg3_1_img074,pg3_1,74
pg3_1_img075,pg3_1,75
pg3_1_img076,pg3_1,76
pg3_1_img077,pg3_1,77
pg3_1_img078,pg3_1,78
pg3_1_img079,pg3_1,79
pg3_1_img080,pg3_1,80
pg3_1_img081,pg3_1,81
pg3_1_img082,pg3_1,82
pg3_1_img083,pg3_1,83
pg3_1_img084,pg3_1,84
pg3_1_img085,pg3_1,85
pg3_1_img086,pg3_1,86
pg3_1_img087,pg3_1,87
pg3_1_img088,pg3_1,88
pg3_1_img089,pg3_1,89
pg3_1_img090,pg3_1,90
pg3_1_img091,pg3_1,91
pg3_1_img092,pg3_1,92
pg3_1_img093,pg3_1,93
pg3_1_img094,pg3_1,94
pg3_1_img095,pg3_1,95
pg3_1_img096,pg3_1,96
pg3_1_img097,pg3_1,97
pg3_10_img001,pg3_10,1
pg3_10_img002,pg3_10,2
pg3_10_img003,pg3_10,3
pg3_10_img004,pg3_10,4
pg3_10_img005,pg3_10,5
pg3_10_img006,pg3_10,6
pg3_10_img007,pg3_10,7
pg3_10_img008,pg3_10,8
pg3_10_img009,pg3_10,9
pg3_10_img010,pg3_10,10
pg3_10_img011,pg3_10,11
pg3_10_img012,pg3_10,12
pg3_10_img013,pg3_10,13
pg3_10_img014,pg3_10,14
pg3_10_img015,pg3_10,15
pg3_10_img016,pg3_10,16
pg3_10_img017,pg3_10,17
pg3_10_img018,pg3_10,18
pg3_10_img019,pg3_10,19
pg3_10_img020,pg3_10,20
pg3_10_img021,pg3_10,21
pg3_10_img022,pg3_10,22
pg3_10_img023,pg3_10,23
pg3_10_img024,pg3_10,24
pg3_10_img025,pg3_10,25
pg3_10_img026,pg3_10,26
pg3_10_img027,pg3_10,27
pg3_10_img028,pg3_10,28
pg3_10_img029,pg3_10,29
pg3_10_img030,pg3_10,30
pg3_10_img031,pg3_10,31
pg3_10_img032,pg3_10,32
pg3_10_img033,pg3_10,33
pg3_10_img034,pg3_10,34
pg3_10_img035,pg3_10,35
pg3_10_img036,pg3_10,36
pg3_10_img037,pg3_10,37
pg3_10_img038,pg3_10,38
pg3_10_img039,pg3_10,39
pg3_10_img040,pg3_10,40
pg3_10_img041,pg3_10,41
pg3_10_img042,pg3_10,42
pg3_10_img043,pg3_10,43
pg3_10_img044,pg3_10,44
pg3_10_img045,pg3_10,45
pg3_10_img046,pg3_10,46
pg3_10_img047,pg3_10,47
pg3_10_img048,pg3_10,48
pg3_10_img049,pg3_10,49
pg3_10_img050,pg3_10,50
pg3_10_img051,pg3_10,51
pg3_10_img052,pg3_10,52
pg3_10_img053,pg3_10,53
pg3_10_img054,pg3_10,54
pg3_10_img055,pg3_10,55
pg3_10_img056,pg3_10,56
pg3_10_img057,pg3_10,57
pg3_10_img058,pg3_10,58
pg3_10_img059,pg3_10,59
pg3_10_img060,pg3_10,60
pg3_10_img061,pg3_10,61
pg3_10_img062,pg3_10,62
pg3_10_img063,pg3_10,63
pg3_10_img064,pg3_10,64
pg3_10_img065,pg3_10,65
pg3_10_img066,pg3_10,66
pg3_10_img067,pg3_10,67
pg3_10_img068,pg3_10,68
pg3_10_img069,pg3_10,69
pg3_10_img070,pg3_10,70
pg3_10_img071,pg3_10,71
pg3_10_img072,pg3_10,72
pg3_10_img073,pg3_10,73
pg3_10_img074,pg3_10,74
pg3_10_img075,pg3_10,75
pg3_10_img076,pg3_10,76
pg3_10_img077,pg3_10,77
pg3_10_img078,pg3_10,78
pg3_10_img079,pg3_10,79
pg3_10_img080,pg3_10,80
pg3_10_img081,pg3_10,81
pg3_10_img082,pg3_10,82
pg3_10_img083,pg3_10,83
pg3_10_img084,pg3_10,84
pg3_10_img085,pg3_10,85
pg3_10_img086,pg3_10,86
pg3_10_img087,pg3_10,87
pg3_10_img088,pg3_10,88
pg3_10_img089,pg3_10,89
pg3_10_img090,pg3_10,90
pg3_10_img091,pg3_10,91
pg3_10_img092,pg3_10,92
pg3_10_img093,pg3_10,93
pg3_10_img094,pg3_10,94
pg3_10_img095,pg3_10,95
pg3_10_img096,pg3_10,96
pg3_10_img097,pg3_10,97
pg3_11_img001,pg3_11,1
pg3_11_img002,pg3_11,2
pg3_11_img003,pg3_11,3
pg3_11_img004,pg3_11,4
pg3_11_img005,pg3_11,5
pg3_11_img006,pg3_11,6
pg3_11_img007,pg3_11,7
pg3_11_img008,pg3_11,8
pg3_11_img009,pg3_11,9
pg3_11_img010,pg3_11,10
pg3_11_img011,pg3_11,11
pg3_11_img012,pg3_11,12
pg3_11_img013,pg3_11,13
pg3_11_img014,pg3_11,14
pg3_11_img015,pg3_11,15
pg3_11_img016,pg3_11,16
pg3_11_img017,pg3_11,17
pg3_11_img018,pg3_11,18
pg3_11_img019,pg3_11,19
pg3_11_img020,pg3_11,20
pg3_11_img021,pg3_11,21
pg3_11_img022,pg3_11,22
pg3_11_img023,pg3_11,23
pg3_11_img024,pg3_11,24
pg3_11_img025,pg3_11,25
pg3_11_img026,pg3_11,26
pg3_11_img027,pg3_11,27
pg3_11_img028,pg3_11,28
pg3_11_img029,pg3_11,29
pg3_11_img030,pg3_11,30
pg3_11_img031,pg3_11,31
pg3_11_img032,pg3_11,32
pg3_11_img033,pg3_11,33
pg3_11_img034,pg3_11,34
pg3_11_img035,pg3_11,35
pg3_11_img036,pg3_11,36
pg3_11_img037,pg3_11,37
pg3_11_img038,pg3_11,38
pg3_11_img039,pg3_11,39
pg3_11_img040,pg3_11,40
pg3_11_img041,pg3_11,41
pg3_11_img042,pg3_11,42
pg3_11_img043,pg3_11,43
pg3_11_img044,pg3_11,44
pg3_11_img045,pg3_11,45
pg3_11_img046,pg3_11,46
pg3_11_img047,pg3_11,47
pg3_11_img048,pg3_11,48
pg3_11_img049,pg3_11,49
pg3_11_img050,pg3_11,50
pg3_11_img051,pg3_11,51
pg3_11_img052,pg3_11,52
pg3_11_img053,pg3_11,53
pg3_11_img054,pg3_11,54
pg3_11_img055,pg3_11,55
pg3_11_img056,pg3_11,56
pg3_11_img057,pg3_11,57
pg3_11_img058,pg3_11,58
pg3_11_img059,pg3_11,59
pg3_11_img060,pg3_11,60
pg3_11_img061,pg3_11,61
pg3_11_img062,pg3_11,62
pg3_11_img063,pg3_11,63
pg3_11_img064,pg3_11,64
pg3_11_img065,pg3_11,65
pg3_11_img066,pg3_11,66
pg3_11_img067,pg3_11,67
pg3_11_img068,pg3_11,68
pg3_11_img069,pg3_11,69
pg3_11_img070,pg3_11,70
pg3_11_img071,pg3_11,71
pg3_11_img072,pg3_11,72
pg3_11_img073,pg3_11,73
pg3_11_img074,pg3_11,74
pg3_11_img075,pg3_11,75
pg3_11_img076,pg3_11,76
pg3_11_img077,pg3_11,77
pg3_11_img078,pg3_11,78
pg3_11_img079,pg3_11,79
pg3_11_img080,pg3_11,80
pg3_11_img081,pg3_11,81
pg3_11_img082,pg3_11,82
pg3_11_img083,pg3_11,83
pg3_11_img084,pg3_11,84
pg3_11_img085,pg3_11,85
pg3_11_img086,pg3_11,86
pg3_11_img087,pg3_11,87
pg3_11_img088,pg3_11,88
pg3_11_img089,pg3_11,89
pg3_11_img090,pg3_11,90
pg3_11_img091,pg3_11,91
pg3_11_img092,pg3_11,92
pg3_11_img093,pg3_11,93
pg3_11_img094,pg3_11,94
pg3_11_img095,pg3_11,95
pg3_11_img096,pg3_11,96
pg3_11_img097,pg3_11,97
pg3_12_img001,pg3_12,1
pg3_12_img002,pg3_12,2
pg3_12_img003,pg3_12,3
pg3_12_img004,pg3_12,4
pg3_12_img005,pg3_12,5
pg3_12_img006,pg3_12,6
pg3_12_img007,pg3_12,7
pg3_12_img008,pg3_12,8
pg3_12_img009,pg3_12,9
pg3_12_img010,pg3_12,10
pg3_12_img011,pg3_12,11
pg3_12_img012,pg3_12,12
pg3_12_img013,pg3_12,13
pg3_12_img014,pg3_12,14
pg3_12_img015,pg3_12,15
pg3_12_img016,pg3_12,16
pg3_12_img017,pg3_12,17
pg3_12_img018,pg3_12,18
pg3_12_img019,pg3_12,19
pg3_12_img020,pg3_12,20
pg3_12_img021,pg3_12,21
pg3_12_img022,pg3_12,22
pg3_12_img023,pg3_12,23
pg3_12_img024,pg3_12,24
pg3_12_img025,pg3_12,25
pg3_12_img026,pg3_12,26
pg3_12_img027,pg3_12,27
pg3_12_img028,pg3_12,28
pg3_12_img029,pg3_12,29
pg3_12_img030,pg3_12,30
pg3_12_img031,pg3_12,31
pg3_12_img032,pg3_12,32
pg3_12_img033,pg3_12,33
pg3_12_img034,pg3_12,34
pg3_12_img035,pg3_12,35
pg3_12_img036,pg3_12,36
pg3_12_img037,pg3_12,37
pg3_12_img038,pg3_12,38
pg3_12_img039,pg3_12,39
pg3_12_img040,pg3_12,40
pg3_12_img041,pg3_12,41
pg3_12_img042,pg3_12,42
pg3_12_img043,pg3_12,43
pg3_12_img044,pg3_12,44
pg3_12_img045,pg3_12,45
pg3_12_img046,pg3_12,46
pg3_12_img047,pg3_12,47
pg3_12_img048,pg3_12,48
pg3_12_img049,pg3_12,49
pg3_12_img050,pg3_12,50
pg3_12_img051,pg3_12,51
pg3_12_img052,pg3_12,52
pg3_12_img053,pg3_12,53
pg3_12_img054,pg3_12,54
pg3_12_img055,pg3_12,55
pg3_12_img056,pg3_12,56
pg3_12_img057,pg3_12,57
pg3_12_img058,pg3_12,58
pg3_12_img059,pg3_12,59
pg3_12_img060,pg3_12,60
pg3_12_img061,pg3_12,61
pg3_12_img062,pg3_12,62
pg3_12_img063,pg3_12,63
pg3_12_img064,pg3_12,64
pg3_12_img065,pg3_12,65
pg3_12_img066,pg3_12,66
pg3_12_img067,pg3_12,67
pg3_12_img068,pg3_12,68
pg3_12_img069,pg3_12,69
pg3_12_img070,pg3_12,70
pg3_12_img071,pg3_12,71
pg3_12_img072,pg3_12,72
pg3_12_img073,pg3_12,73
pg3_12_img074,pg3_12,74
pg3_12_img075,pg3_12,75
pg3_12_img076,pg3_12,76
pg3_12_img077,pg3_12,77
pg3_12_img078,pg3_12,78
pg3_12_img079,pg3_12,79
pg3_12_img080,pg3_12,80
pg3_12_img081,pg3_12,81
pg3_12_img082,pg3_12,82
pg3_12_img083,pg3_12,83
pg3_12_img084,pg3_12,84
pg3_12_img085,pg3_12,85
pg3_12_img086,pg3_12,86
pg3_12_img087,pg3_12,87
pg3_12_img088,pg3_12,88
pg3_12_img089,pg3_12,89
pg3_12_img090,pg3_12,90
pg3_12_img091,pg3_12,91
pg3_12_img092,pg3_12,92
pg3_12_img093,pg3_12,93
pg3_12_img094,pg3_12,94
pg3_12_img095,pg3_12,95
pg3_12_img096,pg3_12,96
pg3_12_img097,pg3_12,97
pg3_2_img001,pg3_2,1
pg3_2_img002,pg3_2,2
pg3_2_img003,pg3_2,3
pg3_2_img004,pg3_2,4
pg3_2_img005,pg3_2,5
pg3_2_img006,pg3_2,6
pg3_2_img007,pg3_2,7
pg3_2_img008,pg3_2,8
pg3_2_img009,pg3_2,9
pg3_2_img010,pg3_2,10
pg3_2_img011,pg3_2,11
pg3_2_img012,pg3_2,12
pg3_2_img013,pg3_2,13
pg3_2_img014,pg3_2,14
pg3_2_img015,pg3_2,15
pg3_2_img016,pg3_2,16
pg3_2_img017,pg3_2,17
pg3_2_img018,pg3_2,18
pg3_2_img019,pg3_2,19
pg3_2_img020,pg3_2,20
pg3_2_img021,pg3_2,21
pg3_2_img022,pg3_2,22
pg3_2_img023,pg3_2,23
pg3_2_img024,pg3_2,24
pg3_2_img025,pg3_2,25
pg3_2_img026,pg3_2,26
pg3_2_img027,pg3_2,27
pg3_2_img028,pg3_2,28
pg3_2_img029,pg3_2,29
pg3_2_img030,pg3_2,30
pg3_2_img031,pg3_2,31
pg3_2_img032,pg3_2,32
pg3_2_img033,pg3_2,33
pg3_2_img034,pg3_2,34
pg3_2_img035,pg3_2,35
pg3_2_img036,pg3_2,36
pg3_2_img037,pg3_2,37
pg3_2_img038,pg3_2,38
pg3_2_img039,pg3_2,39
pg3_2_img040,pg3_2,40
pg3_2_img041,pg3_2,41
pg3_2_img042,pg3_2,42
pg3_2_img043,pg3_2,43
pg3_2_img044,pg3_2,44
pg3_2_img045,pg3_2,45
pg3_2_img046,pg3_2,46
pg3_2_img047,pg3_2,47
pg3_2_img048,pg3_2,48
pg3_2_img049,pg3_2,49
pg3_2_img050,pg3_2,50
pg3_2_img051,pg3_2,51
pg3_2_img052,pg3_2,52
pg3_2_img053,pg3_2,53
pg3_2_img054,pg3_2,54
pg3_2_img055,pg3_2,55
pg3_2_img056,pg3_2,56
pg3_2_img057,pg3_2,57
pg3_2_img058,pg3_2,58
pg3_2_img059,pg3_2,59
pg3_2_img060,pg3_2,60
pg3_2_img061,pg3_2,61
pg3_2_img062,pg3_2,62
pg3_2_img063,pg3_2,63
pg3_2_img064,pg3_2,64
pg3_2_img065,pg3_2,65
pg3_2_img066,pg3_2,66
pg3_2_img067,pg3_2,67
pg3_2_img068,pg3_2,68
pg3_2_img069,pg3_2,69
pg3_2_img070,pg3_2,70
pg3_2_img071,pg3_2,71
pg3_2_img072,pg3_2,72
pg3_2_img073,pg3_2,73
pg3_2_img074,pg3_2,74
pg3_2_img075,pg3_2,75
pg3_2_img076,pg3_2,76
pg3_2_img077,pg3_2,77
pg3_2_img078,pg3_2,78
pg3_2_img079,pg3_2,79
pg3_2_img080,pg3_2,80
pg3_2_img081,pg3_2,81
pg3_2_img082,pg3_2,82
pg3_2_img083,pg3_2,83
pg3_2_img084,pg3_2,84
pg3_2_img085,pg3_2,85
pg3_2_img086,pg3_2,86
pg3_2_img087,pg3_2,87
pg3_2_img088,pg3_2,88
pg3_2_img089,pg3_2,89
pg3_2_img090,pg3_2,90
pg3_2_img091,pg3_2,91
pg3_2_img092,pg3_2,92
pg3_2_img093,pg3_2,93
pg3_2_img094,pg3_2,94
pg3_2_img095,pg3_2,95
pg3_2_img096,pg3_2,96
pg3_2_img097,pg3_2,97
pg3_3_img001,pg3_3,1
pg3_3_img002,pg3_3,2
pg3_3_img003,pg3_3,3
pg3_3_img004,pg3_3,4
pg3_3_img005,pg3_3,5
pg3_3_img006,pg3_3,6
pg3_3_img007,pg3_3,7
pg3_3_img008,pg3_3,8
pg3_3_img009,pg3_3,9
pg3_3_img010,pg3_3,10
pg3_3_img011,pg3_3,11
pg3_3_img012,pg3_3,12
pg3_3_img013,pg3_3,13
pg3_3_img014,pg3_3,14
pg3_3_img015,pg3_3,15
pg3_3_img016,pg3_3,16
pg3_3_img017,pg3_3,17
pg3_3_img018,pg3_3,18
pg3_3_img019,pg3_3,19
pg3_3_img020,pg3_3,20
pg3_3_img021,pg3_3,21
pg3_3_img022,pg3_3,22
pg3_3_img023,pg3_3,23
pg3_3_img024,pg3_3,24
pg3_3_img025,pg3_3,25
pg3_3_img026,pg3_3,26
pg3_3_img027,pg3_3,27
pg3_3_img028,pg3_3,28
pg3_3_img029,pg3_3,29
pg3_3_img030,pg3_3,30
pg3_3_img031,pg3_3,31
pg3_3_img032,pg3_3,32
pg3_3_img033,pg3_3,33
pg3_3_img034,pg3_3,34
pg3_3_img035,pg3_3,35
pg3_3_img036,pg3_3,36
pg3_3_img037,pg3_3,37
pg3_3_img038,pg3_3,38
pg3_3_img039,pg3_3,39
pg3_3_img040,pg3_3,40
pg3_3_img041,pg3_3,41
pg3_3_img042,pg3_3,42
pg3_3_img043,pg3_3,43
pg3_3_img044,pg3_3,44
pg3_3_img045,pg3_3,45
pg3_3_img046,pg3_3,46
pg3_3_img047,pg3_3,47
pg3_3_img048,pg3_3,48
pg3_3_img049,pg3_3,49
pg3_3_img050,pg3_3,50
pg3_3_img051,pg3_3,51
pg3_3_img052,pg3_3,52
pg3_3_img053,pg3_3,53
pg3_3_img054,pg3_3,54
pg3_3_img055,pg3_3,55
pg3_3_img056,pg3_3,56
pg3_3_img057,pg3_3,57
pg3_3_img058,pg3_3,58
pg3_3_img059,pg3_3,59
pg3_3_img060,pg3_3,60
pg3_3_img061,pg3_3,61
pg3_3_img062,pg3_3,62
pg3_3_img063,pg3_3,63
pg3_3_img064,pg3_3,64
pg3_3_img065,pg3_3,65
pg3_3_img066,pg3_3,66
pg3_3_img067,pg3_3,67
pg3_3_img068,pg3_3,68
pg3_3_img069,pg3_3,69
pg3_3_img070,pg3_3,70
pg3_3_img071,pg3_3,71
pg3_3_img072,pg3_3,72
pg3_3_img073,pg3_3,73
pg3_3_img074,pg3_3,74
pg3_3_img075,pg3_3,75
pg3_3_img076,pg3_3,76
pg3_3_img077,pg3_3,77
pg3_3_img078,pg3_3,78
pg3_3_img079,pg3_3,79
pg3_3_img080,pg3_3,80
pg3_3_img081,pg3_3,81
pg3_3_img082,pg3_3,82
pg3_3_img083,pg3_3,83
pg3_3_img084,pg3_3,84
pg3_3_img085,pg3_3,85
pg3_3_img086,pg3_3,86
pg3_3_img087,pg3_3,87
pg3_3_img088,pg3_3,88
pg3_3_img089,pg3_3,89
pg3_3_img090,pg3_3,90
pg3_3_img091,pg3_3,91
pg3_3_img092,pg3_3,92
pg3_3_img093,pg3_3,93
pg3_3_img094,pg3_3,94
pg3_3_img095,pg3_3,95
pg3_3_img096,pg3_3,96
pg3_3_img097,pg3_3,97
pg3_4_img001,pg3_4,1
pg3_4_img002,pg3_4,2
pg3_4_img003,pg3_4,3
pg3_4_img004,pg3_4,4
pg3_4_img005,pg3_4,5
pg3_4_img006,pg3_4,6
pg3_4_img007,pg3_4,7
pg3_4_img008,pg3_4,8
pg3_4_img009,pg3_4,9
pg3_4_img010,pg3_4,10
pg3_4_img011,pg3_4,11
pg3_4_img012,pg3_4,12
pg3_4_img013,pg3_4,13
pg3_4_img014,pg3_4,14
pg3_4_img015,pg3_4,15
pg3_4_img016,pg3_4,16
pg3_4_img017,pg3_4,17
pg3_4_img018,pg3_4,18
pg3_4_img019,pg3_4,19
pg3_4_img020,pg3_4,20
pg3_4_img021,pg3_4,21
pg3_4_img022,pg3_4,22
pg3_4_img023,pg3_4,23
pg3_4_img024,pg3_4,24
pg3_4_img025,pg3_4,25
pg3_4_img026,pg3_4,26
pg3_4_img027,pg3_4,27
pg3_4_img028,pg3_4,28
pg3_4_img029,pg3_4,29
pg3_4_img030,pg3_4,30
pg3_4_img031,pg3_4,31
pg3_4_img032,pg3_4,32
pg3_4_img033,pg3_4,33
pg3_4_img034,pg3_4,34
pg3_4_img035,pg3_4,35
pg3_4_img036,pg3_4,36
pg3_4_img037,pg3_4,37
pg3_4_img038,pg3_4,38
pg3_4_img039,pg3_4,39
pg3_4_img040,pg3_4,40
pg3_4_img041,pg3_4,41
pg3_4_img042,pg3_4,42
pg3_4_img043,pg3_4,43
pg3_4_img044,pg3_4,44
pg3_4_img045,pg3_4,45
pg3_4_img046,pg3_4,46
pg3_4_img047,pg3_4,47
pg3_4_img048,pg3_4,48
pg3_4_img049,pg3_4,49
pg3_4_img050,pg3_4,50
pg3_4_img051,pg3_4,51
pg3_4_img052,pg3_4,52
pg3_4_img053,pg3_4,53
pg3_4_img054,pg3_4,54
pg3_4_img055,pg3_4,55
pg3_4_img056,pg3_4,56
pg3_4_img057,pg3_4,57
pg3_4_img058,pg3_4,58
pg3_4_img059,pg3_4,59
pg3_4_img060,pg3_4,60
pg3_4_img061,pg3_4,61
pg3_4_img062,pg3_4,62
pg3_4_img063,pg3_4,63
pg3_4_img064,pg3_4,64
pg3_4_img065,pg3_4,65
pg3_4_img066,pg3_4,66
pg3_4_img067,pg3_4,67
pg3_4_img068,pg3_4,68
pg3_4_img069,pg3_4,69
pg3_4_img070,pg3_4,70
pg3_4_img071,pg3_4,71
pg3_4_img072,pg3_4,72
pg3_4_img073,pg3_4,73
pg3_4_img074,pg3_4,74
pg3_4_img075,pg3_4,75
pg3_4_img076,pg3_4,76
pg3_4_img077,pg3_4,77
pg3_4_img078,pg3_4,78
pg3_4_img079,pg3_4,79
pg3_4_img080,pg3_4,80
pg3_4_img081,pg3_4,81
pg3_4_img082,pg3_4,82
pg3_4_img083,pg3_4,83
pg3_4_img084,pg3_4,84
pg3_4_img085,pg3_4,85
pg3_4_img086,pg3_4,86
pg3_4_img087,pg3_4,87
pg3_4_img088,pg3_4,88
pg3_4_img089,pg3_4,89
pg3_4_img090,pg3_4,90
pg3_4_img091,pg3_4,91
pg3_4_img092,pg3_4,92
pg3_4_img093,pg3_4,93
pg3_4_img094,pg3_4,94
pg3_4_img095,pg3_4,95
pg3_4_img096,pg3_4,96
pg3_4_img097,pg3_4,97
pg3_5_img001,pg3_5,1
pg3_5_img002,pg3_5,2
pg3_5_img003,pg3_5,3
pg3_5_img004,pg3_5,4
pg3_5_img005,pg3_5,5
pg3_5_img006,pg3_5,6
pg3_5_img007,pg3_5,7
pg3_5_img008,pg3_5,8
pg3_5_img009,pg3_5,9
pg3_5_img010,pg3_5,10
pg3_5_img011,pg3_5,11
pg3_5_img012,pg3_5,12
pg3_5_img013,pg3_5,13
pg3_5_img014,pg3_5,14
pg3_5_img015,pg3_5,15
pg3_5_img016,pg3_5,16
pg3_5_img017,pg3_5,17
pg3_5_img018,pg3_5,18
pg3_5_img019,pg3_5,19
pg3_5_img020,pg3_5,20
pg3_5_img021,pg3_5,21
pg3_5_img022,pg3_5,22
pg3_5_img023,pg3_5,23
pg3_5_img024,pg3_5,24
pg3_5_img025,pg3_5,25
pg3_5_img026,pg3_5,26
pg3_5_img027,pg3_5,27
pg3_5_img028,pg3_5,28
pg3_5_img029,pg3_5,29
pg3_5_img030,pg3_5,30
pg3_5_img031,pg3_5,31
pg3_5_img032,pg3_5,32
pg3_5_img033,pg3_5,33
pg3_5_img034,pg3_5,34
pg3_5_img035,pg3_5,35
pg3_5_img036,pg3_5,36
pg3_5_img037,pg3_5,37
pg3_5_img038,pg3_5,38
pg3_5_img039,pg3_5,39
pg3_5_img040,pg3_5,40
pg3_5_img041,pg3_5,41
pg3_5_img042,pg3_5,42
pg3_5_img043,pg3_5,43
pg3_5_img044,pg3_5,44
pg3_5_img045,pg3_5,45
pg3_5_img046,pg3_5,46
pg3_5_img047,pg3_5,47
pg3_5_img048,pg3_5,48
pg3_5_img049,pg3_5,49
pg3_5_img050,pg3_5,50
pg3_5_img051,pg3_5,51
pg3_5_img052,pg3_5,52
pg3_5_img053,pg3_5,53
pg3_5_img054,pg3_5,54
pg3_5_img055,pg3_5,55
pg3_5_img056,pg3_5,56
pg3_5_img057,pg3_5,57
pg3_5_img058,pg3_5,58
pg3_5_img059,pg3_5,59
pg3_5_img060,pg3_5,60
pg3_5_img061,pg3_5,61
pg3_5_img062,pg3_5,62
pg3_5_img063,pg3_5,63
pg3_5_img064,pg3_5,64
pg3_5_img065,pg3_5,65
pg3_5_img066,pg3_5,66
pg3_5_img067,pg3_5,67
pg3_5_img068,pg3_5,68
pg3_5_img069,pg3_5,69
pg3_5_img070,pg3_5,70
pg3_5_img071,pg3_5,71
pg3_5_img072,pg3_5,72
pg3_5_img073,pg3_5,73
pg3_5_img074,pg3_5,74
pg3_5_img075,pg3_5,75
pg3_5_img076,pg3_5,76
pg3_5_img077,pg3_5,77
pg3_5_img078,pg3_5,78
pg3_5_img079,pg3_5,79
pg3_5_img080,pg3_5,80
pg3_5_img081,pg3_5,81
pg3_5_img082,pg3_5,82
pg3_5_img083,pg3_5,83
pg3_5_img084,pg3_5,84
pg3_5_img085,pg3_5,85
pg3_5_img086,pg3_5,86
pg3_5_img087,pg3_5,87
pg3_5_img088,pg3_5,88
pg3_5_img089,pg3_5,89
pg3_5_img090,pg3_5,90
pg3_5_img091,pg3_5,91
pg3_5_img092,pg3_5,92
pg3_5_img093,pg3_5,93
pg3_5_img094,pg3_5,94
pg3_5_img095,pg3_5,95
pg3_5_img096,pg3_5,96
pg3_5_img097,pg3_5,97
pg3_7_img001,pg3_7,1
pg3_7_img002,pg3_7,2
pg3_7_img003,pg3_7,3
pg3_7_img004,pg3_7,4
pg3_7_img005,pg3_7,5
pg3_7_img006,pg3_7,6
pg3_7_img007,pg3_7,7
pg3_7_img008,pg3_7,8
pg3_7_img009,pg3_7,9
pg3_7_img010,pg3_7,10
pg3_7_img011,pg3_7,11
pg3_7_img012,pg3_7,12
pg3_7_img013,pg3_7,13
pg3_7_img014,pg3_7,14
pg3_7_img015,pg3_7,15
pg3_7_img016,pg3_7,16
pg3_7_img017,pg3_7,17
pg3_7_img018,pg3_7,18
pg3_7_img019,pg3_7,19
pg3_7_img020,pg3_7,20
pg3_7_img021,pg3_7,21
pg3_7_img022,pg3_7,22
pg3_7_img023,pg3_7,23
pg3_7_img024,pg3_7,24
pg3_7_img025,pg3_7,25
pg3_7_img026,pg3_7,26
pg3_7_img027,pg3_7,27
pg3_7_img028,pg3_7,28
pg3_7_img029,pg3_7,29
pg3_7_img030,pg3_7,30
pg3_7_img031,pg3_7,31
pg3_7_img032,pg3_7,32
pg3_7_img033,pg3_7,33
pg3_7_img034,pg3_7,34
pg3_7_img035,pg3_7,35
pg3_7_img036,pg3_7,36
pg3_7_img037,pg3_7,37
pg3_7_img038,pg3_7,38
pg3_7_img039,pg3_7,39
pg3_7_img040,pg3_7,40
pg3_7_img041,pg3_7,41
pg3_7_img042,pg3_7,42
pg3_7_img043,pg3_7,43
pg3_7_img044,pg3_7,44
pg3_7_img045,pg3_7,45
pg3_7_img046,pg3_7,46
pg3_7_img047,pg3_7,47
pg3_7_img048,pg3_7,48
pg3_7_img049,pg3_7,49
pg3_7_img050,pg3_7,50
pg3_7_img051,pg3_7,51
pg3_7_img052,pg3_7,52
pg3_7_img053,pg3_7,53
pg3_7_img054,pg3_7,54
pg3_7_img055,pg3_7,55
pg3_7_img056,pg3_7,56
pg3_7_img057,pg3_7,57
pg3_7_img058,pg3_7,58
pg3_7_img059,pg3_7,59
pg3_7_img060,pg3_7,60
pg3_7_img061,pg3_7,61
pg3_7_img062,pg3_7,62
pg3_7_img063,pg3_7,63
pg3_7_img064,pg3_7,64
pg3_7_img065,pg3_7,65
pg3_7_img066,pg3_7,66
pg3_7_img067,pg3_7,67
pg3_7_img068,pg3_7,68
pg3_7_img069,pg3_7,69
pg3_7_img070,pg3_7,70
pg3_7_img071,pg3_7,71
pg3_7_img072,pg3_7,72
pg3_7_img073,pg3_7,73
pg3_7_img074,pg3_7,74
pg3_7_img075,pg3_7,75
pg3_7_img076,pg3_7,76
pg3_7_img077,pg3_7,77
pg3_7_img078,pg3_7,78
pg3_7_img079,pg3_7,79
pg3_7_img080,pg3_7,80
pg3_7_img081,pg3_7,81
pg3_7_img082,pg3_7,82
pg3_7_img083,pg3_7,83
pg3_7_img084,pg3_7,84
pg3_7_img085,pg3_7,85
pg3_7_img086,pg3_7,86
pg3_7_img087,pg3_7,87
pg3_7_img088,pg3_7,88
pg3_7_img089,pg3_7,89
pg3_7_img090,pg3_7,90
pg3_7_img091,pg3_7,91
pg3_7_img092,pg3_7,92
pg3_7_img093,pg3_7,93
pg3_7_img094,pg3_7,94
pg3_7_img095,pg3_7,95
pg3_7_img096,pg3_7,96
pg3_7_img097,pg3_7,97
pg3_8_img001,pg3_8,1
pg3_8_img002,pg3_8,2
pg3_8_img003,pg3_8,3
pg3_8_img004,pg3_8,4
pg3_8_img005,pg3_8,5
pg3_8_img006,pg3_8,6
pg3_8_img007,pg3_8,7
pg3_8_img008,pg3_8,8
pg3_8_img009,pg3_8,9
pg3_8_img010,pg3_8,10
pg3_8_img011,pg3_8,11
pg3_8_img012,pg3_8,12
pg3_8_img013,pg3_8,13
pg3_8_img014,pg3_8,14
pg3_8_img015,pg3_8,15
pg3_8_img016,pg3_8,16
pg3_8_img017,pg3_8,17
pg3_8_img018,pg3_8,18
pg3_8_img019,pg3_8,19
pg3_8_img020,pg3_8,20
pg3_8_img021,pg3_8,21
pg3_8_img022,pg3_8,22
pg3_8_img023,pg3_8,23
pg3_8_img024,pg3_8,24
pg3_8_img025,pg3_8,25
pg3_8_img026,pg3_8,26
pg3_8_img027,pg3_8,27
pg3_8_img028,pg3_8,28
pg3_8_img029,pg3_8,29
pg3_8_img030,pg3_8,30
pg3_8_img031,pg3_8,31
pg3_8_img032,pg3_8,32
pg3_8_img033,pg3_8,33
pg3_8_img034,pg3_8,34
pg3_8_img035,pg3_8,35
pg3_8_img036,pg3_8,36
pg3_8_img037,pg3_8,37
pg3_8_img038,pg3_8,38
pg3_8_img039,pg3_8,39
pg3_8_img040,pg3_8,40
pg3_8_img041,pg3_8,41
pg3_8_img042,pg3_8,42
pg3_8_img043,pg3_8,43
pg3_8_img044,pg3_8,44
pg3_8_img045,pg3_8,45
pg3_8_img046,pg3_8,46
pg3_8_img047,pg3_8,47
pg3_8_img048,pg3_8,48
pg3_8_img049,pg3_8,49
pg3_8_img050,pg3_8,50
pg3_8_img051,pg3_8,51
pg3_8_img052,pg3_8,52
pg3_8_img053,pg3_8,53
pg3_8_img054,pg3_8,54
pg3_8_img055,pg3_8,55
pg3_8_img056,pg3_8,56
pg3_8_img057,pg3_8,57
pg3_8_img058,pg3_8,58
pg3_8_img059,pg3_8,59
pg3_8_img060,pg3_8,60
pg3_8_img061,pg3_8,61
pg3_8_img062,pg3_8,62
pg3_8_img063,pg3_8,63
pg3_8_img064,pg3_8,64
pg3_8_img065,pg3_8,65
pg3_8_img066,pg3_8,66
pg3_8_img067,pg3_8,67
pg3_8_img068,pg3_8,68
pg3_8_img069,pg3_8,69
pg3_8_img070,pg3_8,70
pg3_8_img071,pg3_8,71
pg3_8_img072,pg3_8,72
pg3_8_img073,pg3_8,73
pg3_8_img074,pg3_8,74
pg3_8_img075,pg3_8,75
pg3_8_img076,pg3_8,76
pg3_8_img077,pg3_8,77
pg3_8_img078,pg3_8,78
pg3_8_img079,pg3_8,79
pg3_8_img080,pg3_8,80
pg3_8_img081,pg3_8,81
pg3_8_img082,pg3_8,82
pg3_8_img083,pg3_8,83
pg3_8_img084,pg3_8,84
pg3_8_img085,pg3_8,85
pg3_8_img086,pg3_8,86
pg3_8_img087,pg3_8,87
pg3_8_img088,pg3_8,88
pg3_8_img089,pg3_8,89
pg3_8_img090,pg3_8,90
pg3_8_img091,pg3_8,91
pg3_8_img092,pg3_8,92
pg3_8_img093,pg3_8,93
pg3_8_img094,pg3_8,94
pg3_8_img095,pg3_8,95
pg3_8_img096,pg3_8,96
pg3_8_img097,pg3_8,97
pg3_9_img001,pg3_9,1
pg3_9_img002,pg3_9,2
pg3_9_img003,pg3_9,3
pg3_9_img004,pg3_9,4
pg3_9_img005,pg3_9,5
pg3_9_img006,pg3_9,6
pg3_9_img007,pg3_9,7
pg3_9_img008,pg3_9,8
pg3_9_img009,pg3_9,9
pg3_9_img010,pg3_9,10
pg3_9_img011,pg3_9,11
pg3_9_img012,pg3_9,12
pg3_9_img013,pg3_9,13
pg3_9_img014,pg3_9,14
pg3_9_img015,pg3_9,15
pg3_9_img016,pg3_9,16
pg3_9_img017,pg3_9,17
pg3_9_img018,pg3_9,18
pg3_9_img019,pg3_9,19
pg3_9_img020,pg3_9,20
pg3_9_img021,pg3_9,21
pg3_9_img022,pg3_9,22
pg3_9_img023,pg3_9,23
pg3_9_img024,pg3_9,24
pg3_9_img025,pg3_9,25
pg3_9_img026,pg3_9,26
pg3_9_img027,pg3_9,27
pg3_9_img028,pg3_9,28
pg3_9_img029,pg3_9,29
pg3_9_img030,pg3_9,30
pg3_9_img031,pg3_9,31
pg3_9_img032,pg3_9,32
pg3_9_img033,pg3_9,33
pg3_9_img034,pg3_9,34
pg3_9_img035,pg3_9,35
pg3_9_img036,pg3_9,36
pg3_9_img037,pg3_9,37
pg3_9_img038,pg3_9,38
pg3_9_img039,pg3_9,39
pg3_9_img040,pg3_9,40
pg3_9_img041,pg3_9,41
pg3_9_img042,pg3_9,42
pg3_9_img043,pg3_9,43
pg3_9_img044,pg3_9,44
pg3_9_img045,pg3_9,45
pg3_9_img046,pg3_9,46
pg3_9_img047,pg3_9,47
pg3_9_img048,pg3_9,48
pg3_9_img049,pg3_9,49
pg3_9_img050,pg3_9,50
pg3_9_img051,pg3_9,51
pg3_9_img052,pg3_9,52
pg3_9_img053,pg3_9,53
pg3_9_img054,pg3_9,54
pg3_9_img055,pg3_9,55
pg3_9_img056,pg3_9,56
pg3_9_img057,pg3_9,57
pg3_9_img058,pg3_9,58
pg3_9_img059,pg3_9,59
pg3_9_img060,pg3_9,60
pg3_9_img061,pg3_9,61
pg3_9_img062,pg3_9,62
pg3_9_img063,pg3_9,63
pg3_9_img064,pg3_9,64
pg3_9_img065,pg3_9,65
pg3_9_img066,pg3_9,66
pg3_9_img067,pg3_9,67
pg3_9_img068,pg3_9,68
pg3_9_img069,pg3_9,69
pg3_9_img070,pg3_9,70
pg3_9_img071,pg3_9,71
pg3_9_img072,pg3_9,72
pg3_9_img073,pg3_9,73
pg3_9_img074,pg3_9,74
pg3_9_img075,pg3_9,75
pg3_9_img076,pg3_9,76
pg3_9_img077,pg3_9,77
pg3_9_img078,pg3_9,78
pg3_9_img079,pg3_9,79
pg3_9_img080,pg3_9,80
pg3_9_img081,pg3_9,81
pg3_9_img082,pg3_9,82
pg3_9_img083,pg3_9,83
pg3_9_img084,pg3_9,84
pg3_9_img085,pg3_9,85
pg3_9_img086,pg3_9,86
pg3_9_img087,pg3_9,87
pg3_9_img088,pg3_9,88
pg3_9_img089,pg3_9,89
pg3_9_img090,pg3_9,90
pg3_9_img091,pg3_9,91
pg3_9_img092,pg3_9,92
pg3_9_img093,pg3_9,93
pg3_9_img094,pg3_9,94
pg3_9_img095,pg3_9,95
pg3_9_img096,pg3_9,96
pg3_9_img097,pg3_9,97
pg4_1_img001,pg4_1,1
pg4_1_img002,pg4_1,2
pg4_1_img003,pg4_1,3
pg4_1_img004,pg4_1,4
pg4_1_img005,pg4_1,5
pg4_1_img006,pg4_1,6
pg4_1_img007,pg4_1,7
pg4_1_img008,pg4_1,8
pg4_1_img009,pg4_1,9
pg4_1_img010,pg4_1,10
pg4_1_img011,pg4_1,11
pg4_1_img012,pg4_1,12
pg4_1_img013,pg4_1,13
pg4_1_img014,pg4_1,14
pg4_1_img015,pg4_1,15
pg4_1_img016,pg4_1,16
pg4_1_img017,pg4_1,17
pg4_1_img018,pg4_1,18
pg4_1_img019,pg4_1,19
pg4_1_img020,pg4_1,20
pg4_1_img021,pg4_1,21
pg4_1_img022,pg4_1,22
pg4_1_img023,pg4_1,23
pg4_1_img024,pg4_1,24
pg4_1_img025,pg4_1,25
pg4_1_img026,pg4_1,26
pg4_1_img027,pg4_1,27
pg4_1_img028,pg4_1,28
pg4_1_img029,pg4_1,29
pg4_1_img030,pg4_1,30
pg4_1_img031,pg4_1,31
pg4_1_img032,pg4_1,32
pg4_1_img033,pg4_1,33
pg4_1_img034,pg4_1,34
pg4_1_img035,pg4_1,35
pg4_1_img036,pg4_1,36
pg4_1_img037,pg4_1,37
pg4_1_img038,pg4_1,38
pg4_1_img039,pg4_1,39
pg4_1_img040,pg4_1,40
pg4_1_img041,pg4_1,41
pg4_1_img042,pg4_1,42
pg4_1_img043,pg4_1,43
pg4_1_img044,pg4_1,44
pg4_1_img045,pg4_1,45
pg4_1_img046,pg4_1,46
pg4_1_img047,pg4_1,47
pg4_1_img048,pg4_1,48
pg4_1_img049,pg4_1,49
pg4_1_img050,pg4_1,50
pg4_1_img051,pg4_1,51
pg4_1_img052,pg4_1,52
pg4_1_img053,pg4_1,53
pg4_1_img054,pg4_1,54
pg4_1_img055,pg4_1,55
pg4_1_img056,pg4_1,56
pg4_1_img057,pg4_1,57
pg4_1_img058,pg4_1,58
pg4_1_img059,pg4_1,59
pg4_1_img060,pg4_1,60
pg4_1_img061,pg4_1,61
pg4_1_img062,pg4_1,62
pg4_1_img063,pg4_1,63
pg4_1_img064,pg4_1,64
pg4_1_img065,pg4_1,65
pg4_1_img066,pg4_1,66
pg4_1_img067,pg4_1,67
pg4_1_img068,pg4_1,68
pg4_1_img069,pg4_1,69
pg4_1_img070,pg4_1,70
pg4_1_img071,pg4_1,71
pg4_1_img072,pg4_1,72
pg4_1_img073,pg4_1,73
pg4_1_img074,pg4_1,74
pg4_1_img075,pg4_1,75
pg4_1_img076,pg4_1,76
pg4_1_img077,pg4_1,77
pg4_1_img078,pg4_1,78
pg4_1_img079,pg4_1,79
pg4_1_img080,pg4_1,80
pg4_1_img081,pg4_1,81
pg4_1_img082,pg4_1,82
pg4_1_img083,pg4_1,83
pg4_1_img084,pg4_1,84
pg4_1_img085,pg4_1,85
pg4_1_img086,pg4_1,86
pg4_1_img087,pg4_1,87
pg4_1_img088,pg4_1,88
pg4_1_img089,pg4_1,89
pg4_1_img090,pg4_1,90
pg4_1_img091,pg4_1,91
pg4_1_img092,pg4_1,92
pg4_1_img093,pg4_1,93
pg4_1_img094,pg4_1,94
pg4_1_img095,pg4_1,95
pg4_1_img096,pg4_1,96
pg4_1_img097,pg4_1,97
pg4_10_img001,pg4_10,1
pg4_10_img002,pg4_10,2
pg4_10_img003,pg4_10,3
pg4_10_img004,pg4_10,4
pg4_10_img005,pg4_10,5
pg4_10_img006,pg4_10,6
pg4_10_img007,pg4_10,7
pg4_10_img008,pg4_10,8
pg4_10_img009,pg4_10,9
pg4_10_img010,pg4_10,10
pg4_10_img011,pg4_10,11
pg4_10_img012,pg4_10,12
pg4_10_img013,pg4_10,13
pg4_10_img014,pg4_10,14
pg4_10_img015,pg4_10,15
pg4_10_img016,pg4_10,16
pg4_10_img017,pg4_10,17
pg4_10_img018,pg4_10,18
pg4_10_img019,pg4_10,19
pg4_10_img020,pg4_10,20
pg4_10_img021,pg4_10,21
pg4_10_img022,pg4_10,22
pg4_10_img023,pg4_10,23
pg4_10_img024,pg4_10,24
pg4_10_img025,pg4_10,25
pg4_10_img026,pg4_10,26
pg4_10_img027,pg4_10,27
pg4_10_img028,pg4_10,28
pg4_10_img029,pg4_10,29
pg4_10_img030,pg4_10,30
pg4_10_img031,pg4_10,31
pg4_10_img032,pg4_10,32
pg4_10_img033,pg4_10,33
pg4_10_img034,pg4_10,34
pg4_10_img035,pg4_10,35
pg4_10_img036,pg4_10,36
pg4_10_img037,pg4_10,37
pg4_10_img038,pg4_10,38
pg4_10_img039,pg4_10,39
pg4_10_img040,pg4_10,40
pg4_10_img041,pg4_10,41
pg4_10_img042,pg4_10,42
pg4_10_img043,pg4_10,43
pg4_10_img044,pg4_10,44
pg4_10_img045,pg4_10,45
pg4_10_img046,pg4_10,46
pg4_10_img047,pg4_10,47
pg4_10_img048,pg4_10,48
pg4_10_img049,pg4_10,49
pg4_10_img050,pg4_10,50
pg4_10_img051,pg4_10,51
pg4_10_img052,pg4_10,52
pg4_10_img053,pg4_10,53
pg4_10_img054,pg4_10,54
pg4_10_img055,pg4_10,55
pg4_10_img056,pg4_10,56
pg4_10_img057,pg4_10,57
pg4_10_img058,pg4_10,58
pg4_10_img059,pg4_10,59
pg4_10_img060,pg4_10,60
pg4_10_img061,pg4_10,61
pg4_10_img062,pg4_10,62
pg4_10_img063,pg4_10,63
pg4_10_img064,pg4_10,64
pg4_10_img065,pg4_10,65
pg4_10_img066,pg4_10,66
pg4_10_img067,pg4_10,67
pg4_10_img068,pg4_10,68
pg4_10_img069,pg4_10,69
pg4_10_img070,pg4_10,70
pg4_10_img071,pg4_10,71
pg4_10_img072,pg4_10,72
pg4_10_img073,pg4_10,73
pg4_10_img074,pg4_10,74
pg4_10_img075,pg4_10,75
pg4_10_img076,pg4_10,76
pg4_10_img077,pg4_10,77
pg4_10_img078,pg4_10,78
pg4_10_img079,pg4_10,79
pg4_10_img080,pg4_10,80
pg4_10_img081,pg4_10,81
pg4_10_img082,pg4_10,82
pg4_10_img083,pg4_10,83
pg4_10_img084,pg4_10,84
pg4_10_img085,pg4_10,85
pg4_10_img086,pg4_10,86
pg4_10_img087,pg4_10,87
pg4_10_img088,pg4_10,88
pg4_10_img089,pg4_10,89
pg4_10_img090,pg4_10,90
pg4_10_img091,pg4_10,91
pg4_10_img092,pg4_10,92
pg4_10_img093,pg4_10,93
pg4_10_img094,pg4_10,94
pg4_10_img095,pg4_10,95
pg4_10_img096,pg4_10,96
pg4_10_img097,pg4_10,97
pg4_11_img001,pg4_11,1
pg4_11_img002,pg4_11,2
pg4_11_img003,pg4_11,3
pg4_11_img004,pg4_11,4
pg4_11_img005,pg4_11,5
pg4_11_img006,pg4_11,6
pg4_11_img007,pg4_11,7
pg4_11_img008,pg4_11,8
pg4_11_img009,pg4_11,9
pg4_11_img010,pg4_11,10
pg4_11_img011,pg4_11,11
pg4_11_img012,pg4_11,12
pg4_11_img013,pg4_11,13
pg4_11_img014,pg4_11,14
pg4_11_img015,pg4_11,15
pg4_11_img016,pg4_11,16
pg4_11_img017,pg4_11,17
pg4_11_img018,pg4_11,18
pg4_11_img019,pg4_11,19
pg4_11_img020,pg4_11,20
pg4_11_img021,pg4_11,21
pg4_11_img022,pg4_11,22
pg4_11_img023,pg4_11,23
pg4_11_img024,pg4_11,24
pg4_11_img025,pg4_11,25
pg4_11_img026,pg4_11,26
pg4_11_img027,pg4_11,27
pg4_11_img028,pg4_11,28
pg4_11_img029,pg4_11,29
pg4_11_img030,pg4_11,30
pg4_11_img031,pg4_11,31
pg4_11_img032,pg4_11,32
pg4_11_img033,pg4_11,33
pg4_11_img034,pg4_11,34
pg4_11_img035,pg4_11,35
pg4_11_img036,pg4_11,36
pg4_11_img037,pg4_11,37
pg4_11_img038,pg4_11,38
pg4_11_img039,pg4_11,39
pg4_11_img040,pg4_11,40
pg4_11_img041,pg4_11,41
pg4_11_img042,pg4_11,42
pg4_11_img043,pg4_11,43
pg4_11_img044,pg4_11,44
pg4_11_img045,pg4_11,45
pg4_11_img046,pg4_11,46
pg4_11_img047,pg4_11,47
pg4_11_img048,pg4_11,48
pg4_11_img049,pg4_11,49
pg4_11_img050,pg4_11,50
pg4_11_img051,pg4_11,51
pg4_11_img052,pg4_11,52
pg4_11_img053,pg4_11,53
pg4_11_img054,pg4_11,54
pg4_11_img055,pg4_11,55
pg4_11_img056,pg4_11,56
pg4_11_img057,pg4_11,57
pg4_11_img058,pg4_11,58
pg4_11_img059,pg4_11,59
pg4_11_img060,pg4_11,60
pg4_11_img061,pg4_11,61
pg4_11_img062,pg4_11,62
pg4_11_img063,pg4_11,63
pg4_11_img064,pg4_11,64
pg4_11_img065,pg4_11,65
pg4_11_img066,pg4_11,66
pg4_11_img067,pg4_11,67
pg4_11_img068,pg4_11,68
pg4_11_img069,pg4_11,69
pg4_11_img070,pg4_11,70
pg4_11_img071,pg4_11,71
pg4_11_img072,pg4_11,72
pg4_11_img073,pg4_11,73
pg4_11_img074,pg4_11,74
pg4_11_img075,pg4_11,75
pg4_11_img076,pg4_11,76
pg4_11_img077,pg4_11,77
pg4_11_img078,pg4_11,78
pg4_11_img079,pg4_11,79
pg4_11_img080,pg4_11,80
pg4_11_img081,pg4_11,81
pg4_11_img082,pg4_11,82
pg4_11_img083,pg4_11,83
pg4_11_img084,pg4_11,84
pg4_11_img085,pg4_11,85
pg4_11_img086,pg4_11,86
pg4_11_img087,pg4_11,87
pg4_11_img088,pg4_11,88
pg4_11_img089,pg4_11,89
pg4_11_img090,pg4_11,90
pg4_11_img091,pg4_11,91
pg4_11_img092,pg4_11,92
pg4_11_img093,pg4_11,93
pg4_11_img094,pg4_11,94
pg4_11_img095,pg4_11,95
pg4_11_img096,pg4_11,96
pg4_11_img097,pg4_11,97
pg4_12_img001,pg4_12,1
pg4_12_img002,pg4_12,2
pg4_12_img003,pg4_12,3
pg4_12_img004,pg4_12,4
pg4_12_img005,pg4_12,5
pg4_12_img006,pg4_12,6
pg4_12_img007,pg4_12,7
pg4_12_img008,pg4_12,8
pg4_12_img009,pg4_12,9
pg4_12_img010,pg4_12,10
pg4_12_img011,pg4_12,11
pg4_12_img012,pg4_12,12
pg4_12_img013,pg4_12,13
pg4_12_img014,pg4_12,14
pg4_12_img015,pg4_12,15
pg4_12_img016,pg4_12,16
pg4_12_img017,pg4_12,17
pg4_12_img018,pg4_12,18
pg4_12_img019,pg4_12,19
pg4_12_img020,pg4_12,20
pg4_12_img021,pg4_12,21
pg4_12_img022,pg4_12,22
pg4_12_img023,pg4_12,23
pg4_12_img024,pg4_12,24
pg4_12_img025,pg4_12,25
pg4_12_img026,pg4_12,26
pg4_12_img027,pg4_12,27
pg4_12_img028,pg4_12,28
pg4_12_img029,pg4_12,29
pg4_12_img030,pg4_12,30
pg4_12_img031,pg4_12,31
pg4_12_img032,pg4_12,32
pg4_12_img033,pg4_12,33
pg4_12_img034,pg4_12,34
pg4_12_img035,pg4_12,35
pg4_12_img036,pg4_12,36
pg4_12_img037,pg4_12,37
pg4_12_img038,pg4_12,38
pg4_12_img039,pg4_12,39
pg4_12_img040,pg4_12,40
pg4_12_img041,pg4_12,41
pg4_12_img042,pg4_12,42
pg4_12_img043,pg4_12,43
pg4_12_img044,pg4_12,44
pg4_12_img045,pg4_12,45
pg4_12_img046,pg4_12,46
pg4_12_img047,pg4_12,47
pg4_12_img048,pg4_12,48
pg4_12_img049,pg4_12,49
pg4_12_img050,pg4_12,50
pg4_12_img051,pg4_12,51
pg4_12_img052,pg4_12,52
pg4_12_img053,pg4_12,53
pg4_12_img054,pg4_12,54
pg4_12_img055,pg4_12,55
pg4_12_img056,pg4_12,56
pg4_12_img057,pg4_12,57
pg4_12_img058,pg4_12,58
pg4_12_img059,pg4_12,59
pg4_12_img060,pg4_12,60
pg4_12_img061,pg4_12,61
pg4_12_img062,pg4_12,62
pg4_12_img063,pg4_12,63
pg4_12_img064,pg4_12,64
pg4_12_img065,pg4_12,65
pg4_12_img066,pg4_12,66
pg4_12_img067,pg4_12,67
pg4_12_img068,pg4_12,68
pg4_12_img069,pg4_12,69
pg4_12_img070,pg4_12,70
pg4_12_img071,pg4_12,71
pg4_12_img072,pg4_12,72
pg4_12_img073,pg4_12,73
pg4_12_img074,pg4_12,74
pg4_12_img075,pg4_12,75
pg4_12_img076,pg4_12,76
pg4_12_img077,pg4_12,77
pg4_12_img078,pg4_12,78
pg4_12_img079,pg4_12,79
pg4_12_img080,pg4_12,80
pg4_12_img081,pg4_12,81
pg4_12_img082,pg4_12,82
pg4_12_img083,pg4_12,83
pg4_12_img084,pg4_12,84
pg4_12_img085,pg4_12,85
pg4_12_img086,pg4_12,86
pg4_12_img087,pg4_12,87
pg4_12_img088,pg4_12,88
pg4_12_img089,pg4_12,89
pg4_12_img090,pg4_12,90
pg4_12_img091,pg4_12,91
pg4_12_img092,pg4_12,92
pg4_12_img093,pg4_12,93
pg4_12_img094,pg4_12,94
pg4_12_img095,pg4_12,95
pg4_12_img096,pg4_12,96
pg4_12_img097,pg4_12,97
pg4_2_img001,pg4_2,1
pg4_2_img002,pg4_2,2
pg4_2_img003,pg4_2,3
pg4_2_img004,pg4_2,4
pg4_2_img005,pg4_2,5
pg4_2_img006,pg4_2,6
pg4_2_img007,pg4_2,7
pg4_2_img008,pg4_2,8
pg4_2_img009,pg4_2,9
pg4_2_img010,pg4_2,10
pg4_2_img011,pg4_2,11
pg4_2_img012,pg4_2,12
pg4_2_img013,pg4_2,13
pg4_2_img014,pg4_2,14
pg4_2_img015,pg4_2,15
pg4_2_img016,pg4_2,16
pg4_2_img017,pg4_2,17
pg4_2_img018,pg4_2,18
pg4_2_img019,pg4_2,19
pg4_2_img020,pg4_2,20
pg4_2_img021,pg4_2,21
pg4_2_img022,pg4_2,22
pg4_2_img023,pg4_2,23
pg4_2_img024,pg4_2,24
pg4_2_img025,pg4_2,25
pg4_2_img026,pg4_2,26
pg4_2_img027,pg4_2,27
pg4_2_img028,pg4_2,28
pg4_2_img029,pg4_2,29
pg4_2_img030,pg4_2,30
pg4_2_img031,pg4_2,31
pg4_2_img032,pg4_2,32
pg4_2_img033,pg4_2,33
pg4_2_img034,pg4_2,34
pg4_2_img035,pg4_2,35
pg4_2_img036,pg4_2,36
pg4_2_img037,pg4_2,37
pg4_2_img038,pg4_2,38
pg4_2_img039,pg4_2,39
pg4_2_img040,pg4_2,40
pg4_2_img041,pg4_2,41
pg4_2_img042,pg4_2,42
pg4_2_img043,pg4_2,43
pg4_2_img044,pg4_2,44
pg4_2_img045,pg4_2,45
pg4_2_img046,pg4_2,46
pg4_2_img047,pg4_2,47
pg4_2_img048,pg4_2,48
pg4_2_img049,pg4_2,49
pg4_2_img050,pg4_2,50
pg4_2_img051,pg4_2,51
pg4_2_img052,pg4_2,52
pg4_2_img053,pg4_2,53
pg4_2_img054,pg4_2,54
pg4_2_img055,pg4_2,55
pg4_2_img056,pg4_2,56
pg4_2_img057,pg4_2,57
pg4_2_img058,pg4_2,58
pg4_2_img059,pg4_2,59
pg4_2_img060,pg4_2,60
pg4_2_img061,pg4_2,61
pg4_2_img062,pg4_2,62
pg4_2_img063,pg4_2,63
pg4_2_img064,pg4_2,64
pg4_2_img065,pg4_2,65
pg4_2_img066,pg4_2,66
pg4_2_img067,pg4_2,67
pg4_2_img068,pg4_2,68
pg4_2_img069,pg4_2,69
pg4_2_img070,pg4_2,70
pg4_2_img071,pg4_2,71
pg4_2_img072,pg4_2,72
pg4_2_img073,pg4_2,73
pg4_2_img074,pg4_2,74
pg4_2_img075,pg4_2,75
pg4_2_img076,pg4_2,76
pg4_2_img077,pg4_2,77
pg4_2_img078,pg4_2,78
pg4_2_img079,pg4_2,79
pg4_2_img080,pg4_2,80
pg4_2_img081,pg4_2,81
pg4_2_img082,pg4_2,82
pg4_2_img083,pg4_2,83
pg4_2_img084,pg4_2,84
pg4_2_img085,pg4_2,85
pg4_2_img086,pg4_2,86
pg4_2_img087,pg4_2,87
pg4_2_img088,pg4_2,88
pg4_2_img089,pg4_2,89
pg4_2_img090,pg4_2,90
pg4_2_img091,pg4_2,91
pg4_2_img092,pg4_2,92
pg4_2_img093,pg4_2,93
pg4_2_img094,pg4_2,94
pg4_2_img095,pg4_2,95
pg4_2_img096,pg4_2,96
pg4_2_img097,pg4_2,97
pg4_3_img001,pg4_3,1
pg4_3_img002,pg4_3,2
pg4_3_img003,pg4_3,3
pg4_3_img004,pg4_3,4
pg4_3_img005,pg4_3,5
pg4_3_img006,pg4_3,6
pg4_3_img007,pg4_3,7
pg4_3_img008,pg4_3,8
pg4_3_img009,pg4_3,9
pg4_3_img010,pg4_3,10
pg4_3_img011,pg4_3,11
pg4_3_img012,pg4_3,12
pg4_3_img013,pg4_3,13
pg4_3_img014,pg4_3,14
pg4_3_img015,pg4_3,15
pg4_3_img016,pg4_3,16
pg4_3_img017,pg4_3,17
pg4_3_img018,pg4_3,18
pg4_3_img019,pg4_3,19
pg4_3_img020,pg4_3,20
pg4_3_img021,pg4_3,21
pg4_3_img022,pg4_3,22
pg4_3_img023,pg4_3,23
pg4_3_img024,pg4_3,24
pg4_3_img025,pg4_3,25
pg4_3_img026,pg4_3,26
pg4_3_img027,pg4_3,27
pg4_3_img028,pg4_3,28
pg4_3_img029,pg4_3,29
pg4_3_img030,pg4_3,30
pg4_3_img031,pg4_3,31
pg4_3_img032,pg4_3,32
pg4_3_img033,pg4_3,33
pg4_3_img034,pg4_3,34
pg4_3_img035,pg4_3,35
pg4_3_img036,pg4_3,36
pg4_3_img037,pg4_3,37
pg4_3_img038,pg4_3,38
pg4_3_img039,pg4_3,39
pg4_3_img040,pg4_3,40
pg4_3_img041,pg4_3,41
pg4_3_img042,pg4_3,42
pg4_3_img043,pg4_3,43
pg4_3_img044,pg4_3,44
pg4_3_img045,pg4_3,45
pg4_3_img046,pg4_3,46
pg4_3_img047,pg4_3,47
pg4_3_img048,pg4_3,48
pg4_3_img049,pg4_3,49
pg4_3_img050,pg4_3,50
pg4_3_img051,pg4_3,51
pg4_3_img052,pg4_3,52
pg4_3_img053,pg4_3,53
pg4_3_img054,pg4_3,54
pg4_3_img055,pg4_3,55
pg4_3_img056,pg4_3,56
pg4_3_img057,pg4_3,57
pg4_3_img058,pg4_3,58
pg4_3_img059,pg4_3,59
pg4_3_img060,pg4_3,60
pg4_3_img061,pg4_3,61
pg4_3_img062,pg4_3,62
pg4_3_img063,pg4_3,63
pg4_3_img064,pg4_3,64
pg4_3_img065,pg4_3,65
pg4_3_img066,pg4_3,66
pg4_3_img067,pg4_3,67
pg4_3_img068,pg4_3,68
pg4_3_img069,pg4_3,69
pg4_3_img070,pg4_3,70
pg4_3_img071,pg4_3,71
pg4_3_img072,pg4_3,72
pg4_3_img073,pg4_3,73
pg4_3_img074,pg4_3,74
pg4_3_img075,pg4_3,75
pg4_3_img076,pg4_3,76
pg4_3_img077,pg4_3,77
pg4_3_img078,pg4_3,78
pg4_3_img079,pg4_3,79
pg4_3_img080,pg4_3,80
pg4_3_img081,pg4_3,81
pg4_3_img082,pg4_3,82
pg4_3_img083,pg4_3,83
pg4_3_img084,pg4_3,84
pg4_3_img085,pg4_3,85
pg4_3_img086,pg4_3,86
pg4_3_img087,pg4_3,87
pg4_3_img088,pg4_3,88
pg4_3_img089,pg4_3,89
pg4_3_img090,pg4_3,90
pg4_3_img091,pg4_3,91
pg4_3_img092,pg4_3,92
pg4_3_img093,pg4_3,93
pg4_3_img094,pg4_3,94
pg4_3_img095,pg4_3,95
pg4_3_img096,pg4_3,96
pg4_3_img097,pg4_3,97
pg4_4_img001,pg4_4,1
pg4_4_img002,pg4_4,2
pg4_4_img003,pg4_4,3
pg4_4_img004,pg4_4,4
pg4_4_img005,pg4_4,5
pg4_4_img006,pg4_4,6
pg4_4_img007,pg4_4,7
pg4_4_img008,pg4_4,8
pg4_4_img009,pg4_4,9
pg4_4_img010,pg4_4,10
pg4_4_img011,pg4_4,11
pg4_4_img012,pg4_4,12
pg4_4_img013,pg4_4,13
pg4_4_img014,pg4_4,14
pg4_4_img015,pg4_4,15
pg4_4_img016,pg4_4,16
pg4_4_img017,pg4_4,17
pg4_4_img018,pg4_4,18
pg4_4_img019,pg4_4,19
pg4_4_img020,pg4_4,20
pg4_4_img021,pg4_4,21
pg4_4_img022,pg4_4,22
pg4_4_img023,pg4_4,23
pg4_4_img024,pg4_4,24
pg4_4_img025,pg4_4,25
pg4_4_img026,pg4_4,26
pg4_4_img027,pg4_4,27
pg4_4_img028,pg4_4,28
pg4_4_img029,pg4_4,29
pg4_4_img030,pg4_4,30
pg4_4_img031,pg4_4,31
pg4_4_img032,pg4_4,32
pg4_4_img033,pg4_4,33
pg4_4_img034,pg4_4,34
pg4_4_img035,pg4_4,35
pg4_4_img036,pg4_4,36
pg4_4_img037,pg4_4,37
pg4_4_img038,pg4_4,38
pg4_4_img039,pg4_4,39
pg4_4_img040,pg4_4,40
pg4_4_img041,pg4_4,41
pg4_4_img042,pg4_4,42
pg4_4_img043,pg4_4,43
pg4_4_img044,pg4_4,44
pg4_4_img045,pg4_4,45
pg4_4_img046,pg4_4,46
pg4_4_img047,pg4_4,47
pg4_4_img048,pg4_4,48
pg4_4_img049,pg4_4,49
pg4_4_img050,pg4_4,50
pg4_4_img051,pg4_4,51
pg4_4_img052,pg4_4,52
pg4_4_img053,pg4_4,53
pg4_4_img054,pg4_4,54
pg4_4_img055,pg4_4,55
pg4_4_img056,pg4_4,56
pg4_4_img057,pg4_4,57
pg4_4_img058,pg4_4,58
pg4_4_img059,pg4_4,59
pg4_4_img060,pg4_4,60
pg4_4_img061,pg4_4,61
pg4_4_img062,pg4_4,62
pg4_4_img063,pg4_4,63
pg4_4_img064,pg4_4,64
pg4_4_img065,pg4_4,65
pg4_4_img066,pg4_4,66
pg4_4_img067,pg4_4,67
pg4_4_img068,pg4_4,68
pg4_4_img069,pg4_4,69
pg4_4_img070,pg4_4,70
pg4_4_img071,pg4_4,71
pg4_4_img072,pg4_4,72
pg4_4_img073,pg4_4,73
pg4_4_img074,pg4_4,74
pg4_4_img075,pg4_4,75
pg4_4_img076,pg4_4,76
pg4_4_img077,pg4_4,77
pg4_4_img078,pg4_4,78
pg4_4_img079,pg4_4,79
pg4_4_img080,pg4_4,80
pg4_4_img081,pg4_4,81
pg4_4_img082,pg4_4,82
pg4_4_img083,pg4_4,83
pg4_4_img084,pg4_4,84
pg4_4_img085,pg4_4,85
pg4_4_img086,pg4_4,86
pg4_4_img087,pg4_4,87
pg4_4_img088,pg4_4,88
pg4_4_img089,pg4_4,89
pg4_4_img090,pg4_4,90
pg4_4_img091,pg4_4,91
pg4_4_img092,pg4_4,92
pg4_4_img093,pg4_4,93
pg4_4_img094,pg4_4,94
pg4_4_img095,pg4_4,95
pg4_4_img096,pg4_4,96
pg4_4_img097,pg4_4,97
pg4_5_img001,pg4_5,1
pg4_5_img002,pg4_5,2
pg4_5_img003,pg4_5,3
pg4_5_img004,pg4_5,4
pg4_5_img005,pg4_5,5
pg4_5_img006,pg4_5,6
pg4_5_img007,pg4_5,7
pg4_5_img008,pg4_5,8
pg4_5_img009,pg4_5,9
pg4_5_img010,pg4_5,10
pg4_5_img011,pg4_5,11
pg4_5_img012,pg4_5,12
pg4_5_img013,pg4_5,13
pg4_5_img014,pg4_5,14
pg4_5_img015,pg4_5,15
pg4_5_img016,pg4_5,16
pg4_5_img017,pg4_5,17
pg4_5_img018,pg4_5,18
pg4_5_img019,pg4_5,19
pg4_5_img020,pg4_5,20
pg4_5_img021,pg4_5,21
pg4_5_img022,pg4_5,22
pg4_5_img023,pg4_5,23
pg4_5_img024,pg4_5,24
pg4_5_img025,pg4_5,25
pg4_5_img026,pg4_5,26
pg4_5_img027,pg4_5,27
pg4_5_img028,pg4_5,28
pg4_5_img029,pg4_5,29
pg4_5_img030,pg4_5,30
pg4_5_img031,pg4_5,31
pg4_5_img032,pg4_5,32
pg4_5_img033,pg4_5,33
pg4_5_img034,pg4_5,34
pg4_5_img035,pg4_5,35
pg4_5_img036,pg4_5,36
pg4_5_img037,pg4_5,37
pg4_5_img038,pg4_5,38
pg4_5_img039,pg4_5,39
pg4_5_img040,pg4_5,40
pg4_5_img041,pg4_5,41
pg4_5_img042,pg4_5,42
pg4_5_img043,pg4_5,43
pg4_5_img044,pg4_5,44
pg4_5_img045,pg4_5,45
pg4_5_img046,pg4_5,46
pg4_5_img047,pg4_5,47
pg4_5_img048,pg4_5,48
pg4_5_img049,pg4_5,49
pg4_5_img050,pg4_5,50
pg4_5_img051,pg4_5,51
pg4_5_img052,pg4_5,52
pg4_5_img053,pg4_5,53
pg4_5_img054,pg4_5,54
pg4_5_img055,pg4_5,55
pg4_5_img056,pg4_5,56
pg4_5_img057,pg4_5,57
pg4_5_img058,pg4_5,58
pg4_5_img059,pg4_5,59
pg4_5_img060,pg4_5,60
pg4_5_img061,pg4_5,61
pg4_5_img062,pg4_5,62
pg4_5_img063,pg4_5,63
pg4_5_img064,pg4_5,64
pg4_5_img065,pg4_5,65
pg4_5_img066,pg4_5,66
pg4_5_img067,pg4_5,67
pg4_5_img068,pg4_5,68
pg4_5_img069,pg4_5,69
pg4_5_img070,pg4_5,70
pg4_5_img071,pg4_5,71
pg4_5_img072,pg4_5,72
pg4_5_img073,pg4_5,73
pg4_5_img074,pg4_5,74
pg4_5_img075,pg4_5,75
pg4_5_img076,pg4_5,76
pg4_5_img077,pg4_5,77
pg4_5_img078,pg4_5,78
pg4_5_img079,pg4_5,79
pg4_5_img080,pg4_5,80
pg4_5_img081,pg4_5,81
pg4_5_img082,pg4_5,82
pg4_5_img083,pg4_5,83
pg4_5_img084,pg4_5,84
pg4_5_img085,pg4_5,85
pg4_5_img086,pg4_5,86
pg4_5_img087,pg4_5,87
pg4_5_img088,pg4_5,88
pg4_5_img089,pg4_5,89
pg4_5_img090,pg4_5,90
pg4_5_img091,pg4_5,91
pg4_5_img092,pg4_5,92
pg4_5_img093,pg4_5,93
pg4_5_img094,pg4_5,94
pg4_5_img095,pg4_5,95
pg4_5_img096,pg4_5,96
pg4_5_img097,pg4_5,97
pg4_6_img001,pg4_6,1
pg4_6_img002,pg4_6,2
pg4_6_img003,pg4_6,3
pg4_6_img004,pg4_6,4
pg4_6_img005,pg4_6,5
pg4_6_img006,pg4_6,6
pg4_6_img007,pg4_6,7
pg4_6_img008,pg4_6,8
pg4_6_img009,pg4_6,9
pg4_6_img010,pg4_6,10
pg4_6_img011,pg4_6,11
pg4_6_img012,pg4_6,12
pg4_6_img013,pg4_6,13
pg4_6_img014,pg4_6,14
pg4_6_img015,pg4_6,15
pg4_6_img016,pg4_6,16
pg4_6_img017,pg4_6,17
pg4_6_img018,pg4_6,18
pg4_6_img019,pg4_6,19
pg4_6_img020,pg4_6,20
pg4_6_img021,pg4_6,21
pg4_6_img022,pg4_6,22
pg4_6_img023,pg4_6,23
pg4_6_img024,pg4_6,24
pg4_6_img025,pg4_6,25
pg4_6_img026,pg4_6,26
pg4_6_img027,pg4_6,27
pg4_6_img028,pg4_6,28
pg4_6_img029,pg4_6,29
pg4_6_img030,pg4_6,30
pg4_6_img031,pg4_6,31
pg4_6_img032,pg4_6,32
pg4_6_img033,pg4_6,33
pg4_6_img034,pg4_6,34
pg4_6_img035,pg4_6,35
pg4_6_img036,pg4_6,36
pg4_6_img037,pg4_6,37
pg4_6_img038,pg4_6,38
pg4_6_img039,pg4_6,39
pg4_6_img040,pg4_6,40
pg4_6_img041,pg4_6,41
pg4_6_img042,pg4_6,42
pg4_6_img043,pg4_6,43
pg4_6_img044,pg4_6,44
pg4_6_img045,pg4_6,45
pg4_6_img046,pg4_6,46
pg4_6_img047,pg4_6,47
pg4_6_img048,pg4_6,48
pg4_6_img049,pg4_6,49
pg4_6_img050,pg4_6,50
pg4_6_img051,pg4_6,51
pg4_6_img052,pg4_6,52
pg4_6_img053,pg4_6,53
pg4_6_img054,pg4_6,54
pg4_6_img055,pg4_6,55
pg4_6_img056,pg4_6,56
pg4_6_img057,pg4_6,57
pg4_6_img058,pg4_6,58
pg4_6_img059,pg4_6,59
pg4_6_img060,pg4_6,60
pg4_6_img061,pg4_6,61
pg4_6_img062,pg4_6,62
pg4_6_img063,pg4_6,63
pg4_6_img064,pg4_6,64
pg4_6_img065,pg4_6,65
pg4_6_img066,pg4_6,66
pg4_6_img067,pg4_6,67
pg4_6_img068,pg4_6,68
pg4_6_img069,pg4_6,69
pg4_6_img070,pg4_6,70
pg4_6_img071,pg4_6,71
pg4_6_img072,pg4_6,72
pg4_6_img073,pg4_6,73
pg4_6_img074,pg4_6,74
pg4_6_img075,pg4_6,75
pg4_6_img076,pg4_6,76
pg4_6_img077,pg4_6,77
pg4_6_img078,pg4_6,78
pg4_6_img079,pg4_6,79
pg4_6_img080,pg4_6,80
pg4_6_img081,pg4_6,81
pg4_6_img082,pg4_6,82
pg4_6_img083,pg4_6,83
pg4_6_img084,pg4_6,84
pg4_6_img085,pg4_6,85
pg4_6_img086,pg4_6,86
pg4_6_img087,pg4_6,87
pg4_6_img088,pg4_6,88
pg4_6_img089,pg4_6,89
pg4_6_img090,pg4_6,90
pg4_6_img091,pg4_6,91
pg4_6_img092,pg4_6,92
pg4_6_img093,pg4_6,93
pg4_6_img094,pg4_6,94
pg4_6_img095,pg4_6,95
pg4_6_img096,pg4_6,96
pg4_6_img097,pg4_6,97
pg4_7_img001,pg4_7,1
pg4_7_img002,pg4_7,2
pg4_7_img003,pg4_7,3
pg4_7_img004,pg4_7,4
pg4_7_img005,pg4_7,5
pg4_7_img006,pg4_7,6
pg4_7_img007,pg4_7,7
pg4_7_img008,pg4_7,8
pg4_7_img009,pg4_7,9
pg4_7_img010,pg4_7,10
pg4_7_img011,pg4_7,11
pg4_7_img012,pg4_7,12
pg4_7_img013,pg4_7,13
pg4_7_img014,pg4_7,14
pg4_7_img015,pg4_7,15
pg4_7_img016,pg4_7,16
pg4_7_img017,pg4_7,17
pg4_7_img018,pg4_7,18
pg4_7_img019,pg4_7,19
pg4_7_img020,pg4_7,20
pg4_7_img021,pg4_7,21
pg4_7_img022,pg4_7,22
pg4_7_img023,pg4_7,23
pg4_7_img024,pg4_7,24
pg4_7_img025,pg4_7,25
pg4_7_img026,pg4_7,26
pg4_7_img027,pg4_7,27
pg4_7_img028,pg4_7,28
pg4_7_img029,pg4_7,29
pg4_7_img030,pg4_7,30
pg4_7_img031,pg4_7,31
pg4_7_img032,pg4_7,32
pg4_7_img033,pg4_7,33
pg4_7_img034,pg4_7,34
pg4_7_img035,pg4_7,35
pg4_7_img036,pg4_7,36
pg4_7_img037,pg4_7,37
pg4_7_img038,pg4_7,38
pg4_7_img039,pg4_7,39
pg4_7_img040,pg4_7,40
pg4_7_img041,pg4_7,41
pg4_7_img042,pg4_7,42
pg4_7_img043,pg4_7,43
pg4_7_img044,pg4_7,44
pg4_7_img045,pg4_7,45
pg4_7_img046,pg4_7,46
pg4_7_img047,pg4_7,47
pg4_7_img048,pg4_7,48
pg4_7_img049,pg4_7,49
pg4_7_img050,pg4_7,50
pg4_7_img051,pg4_7,51
pg4_7_img052,pg4_7,52
pg4_7_img053,pg4_7,53
pg4_7_img054,pg4_7,54
pg4_7_img055,pg4_7,55
pg4_7_img056,pg4_7,56
pg4_7_img057,pg4_7,57
pg4_7_img058,pg4_7,58
pg4_7_img059,pg4_7,59
pg4_7_img060,pg4_7,60
pg4_7_img061,pg4_7,61
pg4_7_img062,pg4_7,62
pg4_7_img063,pg4_7,63
pg4_7_img064,pg4_7,64
pg4_7_img065,pg4_7,65
pg4_7_img066,pg4_7,66
pg4_7_img067,pg4_7,67
pg4_7_img068,pg4_7,68
pg4_7_img069,pg4_7,69
pg4_7_img070,pg4_7,70
pg4_7_img071,pg4_7,71
pg4_7_img072,pg4_7,72
pg4_7_img073,pg4_7,73
pg4_7_img074,pg4_7,74
pg4_7_img075,pg4_7,75
pg4_7_img076,pg4_7,76
pg4_7_img077,pg4_7,77
pg4_7_img078,pg4_7,78
pg4_7_img079,pg4_7,79
pg4_7_img080,pg4_7,80
pg4_7_img081,pg4_7,81
pg4_7_img082,pg4_7,82
pg4_7_img083,pg4_7,83
pg4_7_img084,pg4_7,84
pg4_7_img085,pg4_7,85
pg4_7_img086,pg4_7,86
pg4_7_img087,pg4_7,87
pg4_7_img088,pg4_7,88
pg4_7_img089,pg4_7,89
pg4_7_img090,pg4_7,90
pg4_7_img091,pg4_7,91
pg4_7_img092,pg4_7,92
pg4_7_img093,pg4_7,93
pg4_7_img094,pg4_7,94
pg4_7_img095,pg4_7,95
pg4_7_img096,pg4_7,96
pg4_7_img097,pg4_7,97
pg4_8_img001,pg4_8,1
pg4_8_img002,pg4_8,2
pg4_8_img003,pg4_8,3
pg4_8_img004,pg4_8,4
pg4_8_img005,pg4_8,5
pg4_8_img006,pg4_8,6
pg4_8_img007,pg4_8,7
pg4_8_img008,pg4_8,8
pg4_8_img009,pg4_8,9
pg4_8_img010,pg4_8,10
pg4_8_img011,pg4_8,11
pg4_8_img012,pg4_8,12
pg4_8_img013,pg4_8,13
pg4_8_img014,pg4_8,14
pg4_8_img015,pg4_8,15
pg4_8_img016,pg4_8,16
pg4_8_img017,pg4_8,17
pg4_8_img018,pg4_8,18
pg4_8_img019,pg4_8,19
pg4_8_img020,pg4_8,20
pg4_8_img021,pg4_8,21
pg4_8_img022,pg4_8,22
pg4_8_img023,pg4_8,23
pg4_8_img024,pg4_8,24
pg4_8_img025,pg4_8,25
pg4_8_img026,pg4_8,26
pg4_8_img027,pg4_8,27
pg4_8_img028,pg4_8,28
pg4_8_img029,pg4_8,29
pg4_8_img030,pg4_8,30
pg4_8_img031,pg4_8,31
pg4_8_img032,pg4_8,32
pg4_8_img033,pg4_8,33
pg4_8_img034,pg4_8,34
pg4_8_img035,pg4_8,35
pg4_8_img036,pg4_8,36
pg4_8_img037,pg4_8,37
pg4_8_img038,pg4_8,38
pg4_8_img039,pg4_8,39
pg4_8_img040,pg4_8,40
pg4_8_img041,pg4_8,41
pg4_8_img042,pg4_8,42
pg4_8_img043,pg4_8,43
pg4_8_img044,pg4_8,44
pg4_8_img045,pg4_8,45
pg4_8_img046,pg4_8,46
pg4_8_img047,pg4_8,47
pg4_8_img048,pg4_8,48
pg4_8_img049,pg4_8,49
pg4_8_img050,pg4_8,50
pg4_8_img051,pg4_8,51
pg4_8_img052,pg4_8,52
pg4_8_img053,pg4_8,53
pg4_8_img054,pg4_8,54
pg4_8_img055,pg4_8,55
pg4_8_img056,pg4_8,56
pg4_8_img057,pg4_8,57
pg4_8_img058,pg4_8,58
pg4_8_img059,pg4_8,59
pg4_8_img060,pg4_8,60
pg4_8_img061,pg4_8,61
pg4_8_img062,pg4_8,62
pg4_8_img063,pg4_8,63
pg4_8_img064,pg4_8,64
pg4_8_img065,pg4_8,65
pg4_8_img066,pg4_8,66
pg4_8_img067,pg4_8,67
pg4_8_img068,pg4_8,68
pg4_8_img069,pg4_8,69
pg4_8_img070,pg4_8,70
pg4_8_img071,pg4_8,71
pg4_8_img072,pg4_8,72
pg4_8_img073,pg4_8,73
pg4_8_img074,pg4_8,74
pg4_8_img075,pg4_8,75
pg4_8_img076,pg4_8,76
pg4_8_img077,pg4_8,77
pg4_8_img078,pg4_8,78
pg4_8_img079,pg4_8,79
pg4_8_img080,pg4_8,80
pg4_8_img081,pg4_8,81
pg4_8_img082,pg4_8,82
pg4_8_img083,pg4_8,83
pg4_8_img084,pg4_8,84
pg4_8_img085,pg4_8,85
pg4_8_img086,pg4_8,86
pg4_8_img087,pg4_8,87
pg4_8_img088,pg4_8,88
pg4_8_img089,pg4_8,89
pg4_8_img090,pg4_8,90
pg4_8_img091,pg4_8,91
pg4_8_img092,pg4_8,92
pg4_8_img093,pg4_8,93
pg4_8_img094,pg4_8,94
pg4_8_img095,pg4_8,95
pg4_8_img096,pg4_8,96
pg4_8_img097,pg4_8,97
pg4_9_img001,pg4_9,1
pg4_9_img002,pg4_9,2
pg4_9_img003,pg4_9,3
pg4_9_img004,pg4_9,4
pg4_9_img005,pg4_9,5
pg4_9_img006,pg4_9,6
pg4_9_img007,pg4_9,7
pg4_9_img008,pg4_9,8
pg4_9_img009,pg4_9,9
pg4_9_img010,pg4_9,10
pg4_9_img011,pg4_9,11
pg4_9_img012,pg4_9,12
pg4_9_img013,pg4_9,13
pg4_9_img014,pg4_9,14
pg4_9_img015,pg4_9,15
pg4_9_img016,pg4_9,16
pg4_9_img017,pg4_9,17
pg4_9_img018,pg4_9,18
pg4_9_img019,pg4_9,19
pg4_9_img020,pg4_9,20
pg4_9_img021,pg4_9,21
pg4_9_img022,pg4_9,22
pg4_9_img023,pg4_9,23
pg4_9_img024,pg4_9,24
pg4_9_img025,pg4_9,25
pg4_9_img026,pg4_9,26
pg4_9_img027,pg4_9,27
pg4_9_img028,pg4_9,28
pg4_9_img029,pg4_9,29
pg4_9_img030,pg4_9,30
pg4_9_img031,pg4_9,31
pg4_9_img032,pg4_9,32
pg4_9_img033,pg4_9,33
pg4_9_img034,pg4_9,34
pg4_9_img035,pg4_9,35
pg4_9_img036,pg4_9,36
pg4_9_img037,pg4_9,37
pg4_9_img038,pg4_9,38
pg4_9_img039,pg4_9,39
pg4_9_img040,pg4_9,40
pg4_9_img041,pg4_9,41
pg4_9_img042,pg4_9,42
pg4_9_img043,pg4_9,43
pg4_9_img044,pg4_9,44
pg4_9_img045,pg4_9,45
pg4_9_img046,pg4_9,46
pg4_9_img047,pg4_9,47
pg4_9_img048,pg4_9,48
pg4_9_img049,pg4_9,49
pg4_9_img050,pg4_9,50
pg4_9_img051,pg4_9,51
pg4_9_img052,pg4_9,52
pg4_9_img053,pg4_9,53
pg4_9_img054,pg4_9,54
pg4_9_img055,pg4_9,55
pg4_9_img056,pg4_9,56
pg4_9_img057,pg4_9,57
pg4_9_img058,pg4_9,58
pg4_9_img059,pg4_9,59
pg4_9_img060,pg4_9,60
pg4_9_img061,pg4_9,61
pg4_9_img062,pg4_9,62
pg4_9_img063,pg4_9,63
pg4_9_img064,pg4_9,64
pg4_9_img065,pg4_9,65
pg4_9_img066,pg4_9,66
pg4_9_img067,pg4_9,67
pg4_9_img068,pg4_9,68
pg4_9_img069,pg4_9,69
pg4_9_img070,pg4_9,70
pg4_9_img071,pg4_9,71
pg4_9_img072,pg4_9,72
pg4_9_img073,pg4_9,73
pg4_9_img074,pg4_9,74
pg4_9_img075,pg4_9,75
pg4_9_img076,pg4_9,76
pg4_9_img077,pg4_9,77
pg4_9_img078,pg4_9,78
pg4_9_img079,pg4_9,79
pg4_9_img080,pg4_9,80
pg4_9_img081,pg4_9,81
pg4_9_img082,pg4_9,82
pg4_9_img083,pg4_9,83
pg4_9_img084,pg4_9,84
pg4_9_img085,pg4_9,85
pg4_9_img086,pg4_9,86
pg4_9_img087,pg4_9,87
pg4_9_img088,pg4_9,88
pg4_9_img089,pg4_9,89
pg4_9_img090,pg4_9,90
pg4_9_img091,pg4_9,91
pg4_9_img092,pg4_9,92
pg4_9_img093,pg4_9,93
pg4_9_img094,pg4_9,94
pg4_9_img095,pg4_9,95
pg4_9_img096,pg4_9,96
pg4_9_img097,pg4_9,97
pg5_1_img001,pg5_1,1
pg5_1_img002,pg5_1,2
pg5_1_img003,pg5_1,3
pg5_1_img004,pg5_1,4
pg5_1_img005,pg5_1,5
pg5_1_img006,pg5_1,6
pg5_1_img007,pg5_1,7
pg5_1_img008,pg5_1,8
pg5_1_img009,pg5_1,9
pg5_1_img010,pg5_1,10
pg5_1_img011,pg5_1,11
pg5_1_img012,pg5_1,12
pg5_1_img013,pg5_1,13
pg5_1_img014,pg5_1,14
pg5_1_img015,pg5_1,15
pg5_1_img016,pg5_1,16
pg5_1_img017,pg5_1,17
pg5_1_img018,pg5_1,18
pg5_1_img019,pg5_1,19
pg5_1_img020,pg5_1,20
pg5_1_img021,pg5_1,21
pg5_1_img022,pg5_1,22
pg5_1_img023,pg5_1,23
pg5_1_img024,pg5_1,24
pg5_1_img025,pg5_1,25
pg5_1_img026,pg5_1,26
pg5_1_img027,pg5_1,27
pg5_1_img028,pg5_1,28
pg5_1_img029,pg5_1,29
pg5_1_img030,pg5_1,30
pg5_1_img031,pg5_1,31
pg5_1_img032,pg5_1,32
pg5_1_img033,pg5_1,33
pg5_1_img034,pg5_1,34
pg5_1_img035,pg5_1,35
pg5_1_img036,pg5_1,36
pg5_1_img037,pg5_1,37
pg5_1_img038,pg5_1,38
pg5_1_img039,pg5_1,39
pg5_1_img040,pg5_1,40
pg5_1_img041,pg5_1,41
pg5_1_img042,pg5_1,42
pg5_1_img043,pg5_1,43
pg5_1_img044,pg5_1,44
pg5_1_img045,pg5_1,45
pg5_1_img046,pg5_1,46
pg5_1_img047,pg5_1,47
pg5_1_img048,pg5_1,48
pg5_1_img049,pg5_1,49
pg5_1_img050,pg5_1,50
pg5_1_img051,pg5_1,51
pg5_1_img052,pg5_1,52
pg5_1_img053,pg5_1,53
pg5_1_img054,pg5_1,54
pg5_1_img055,pg5_1,55
pg5_1_img056,pg5_1,56
pg5_1_img057,pg5_1,57
pg5_1_img058,pg5_1,58
pg5_1_img059,pg5_1,59
pg5_1_img060,pg5_1,60
pg5_1_img061,pg5_1,61
pg5_1_img062,pg5_1,62
pg5_1_img063,pg5_1,63
pg5_1_img064,pg5_1,64
pg5_1_img065,pg5_1,65
pg5_1_img066,pg5_1,66
pg5_1_img067,pg5_1,67
pg5_1_img068,pg5_1,68
pg5_1_img069,pg5_1,69
pg5_1_img070,pg5_1,70
pg5_1_img071,pg5_1,71
pg5_1_img072,pg5_1,72
pg5_1_img073,pg5_1,73
pg5_1_img074,pg5_1,74
pg5_1_img075,pg5_1,75
pg5_1_img076,pg5_1,76
pg5_1_img077,pg5_1,77
pg5_1_img078,pg5_1,78
pg5_1_img079,pg5_1,79
pg5_1_img080,pg5_1,80
pg5_1_img081,pg5_1,81
pg5_1_img082,pg5_1,82
pg5_1_img083,pg5_1,83
pg5_1_img084,pg5_1,84
pg5_1_img085,pg5_1,85
pg5_1_img086,pg5_1,86
pg5_1_img087,pg5_1,87
pg5_1_img088,pg5_1,88
pg5_1_img089,pg5_1,89
pg5_1_img090,pg5_1,90
pg5_1_img091,pg5_1,91
pg5_1_img092,pg5_1,92
pg5_1_img093,pg5_1,93
pg5_1_img094,pg5_1,94
pg5_1_img095,pg5_1,95
pg5_1_img096,pg5_1,96
pg5_1_img097,pg5_1,97
pg5_10_img001,pg5_10,1
pg5_10_img002,pg5_10,2
pg5_10_img003,pg5_10,3
pg5_10_img004,pg5_10,4
pg5_10_img005,pg5_10,5
pg5_10_img006,pg5_10,6
pg5_10_img007,pg5_10,7
pg5_10_img008,pg5_10,8
pg5_10_img009,pg5_10,9
pg5_10_img010,pg5_10,10
pg5_10_img011,pg5_10,11
pg5_10_img012,pg5_10,12
pg5_10_img013,pg5_10,13
pg5_10_img014,pg5_10,14
pg5_10_img015,pg5_10,15
pg5_10_img016,pg5_10,16
pg5_10_img017,pg5_10,17
pg5_10_img018,pg5_10,18
pg5_10_img019,pg5_10,19
pg5_10_img020,pg5_10,20
pg5_10_img021,pg5_10,21
pg5_10_img022,pg5_10,22
pg5_10_img023,pg5_10,23
pg5_10_img024,pg5_10,24
pg5_10_img025,pg5_10,25
pg5_10_img026,pg5_10,26
pg5_10_img027,pg5_10,27
pg5_10_img028,pg5_10,28
pg5_10_img029,pg5_10,29
pg5_10_img030,pg5_10,30
pg5_10_img031,pg5_10,31
pg5_10_img032,pg5_10,32
pg5_10_img033,pg5_10,33
pg5_10_img034,pg5_10,34
pg5_10_img035,pg5_10,35
pg5_10_img036,pg5_10,36
pg5_10_img037,pg5_10,37
pg5_10_img038,pg5_10,38
pg5_10_img039,pg5_10,39
pg5_10_img040,pg5_10,40
pg5_10_img041,pg5_10,41
pg5_10_img042,pg5_10,42
pg5_10_img043,pg5_10,43
pg5_10_img044,pg5_10,44
pg5_10_img045,pg5_10,45
pg5_10_img046,pg5_10,46
pg5_10_img047,pg5_10,47
pg5_10_img048,pg5_10,48
pg5_10_img049,pg5_10,49
pg5_10_img050,pg5_10,50
pg5_10_img051,pg5_10,51
pg5_10_img052,pg5_10,52
pg5_10_img053,pg5_10,53
pg5_10_img054,pg5_10,54
pg5_10_img055,pg5_10,55
pg5_10_img056,pg5_10,56
pg5_10_img057,pg5_10,57
pg5_10_img058,pg5_10,58
pg5_10_img059,pg5_10,59
pg5_10_img060,pg5_10,60
pg5_10_img061,pg5_10,61
pg5_10_img062,pg5_10,62
pg5_10_img063,pg5_10,63
pg5_10_img064,pg5_10,64
pg5_10_img065,pg5_10,65
pg5_10_img066,pg5_10,66
pg5_10_img067,pg5_10,67
pg5_10_img068,pg5_10,68
pg5_10_img069,pg5_10,69
pg5_10_img070,pg5_10,70
pg5_10_img071,pg5_10,71
pg5_10_img072,pg5_10,72
pg5_10_img073,pg5_10,73
pg5_10_img074,pg5_10,74
pg5_10_img075,pg5_10,75
pg5_10_img076,pg5_10,76
pg5_10_img077,pg5_10,77
pg5_10_img078,pg5_10,78
pg5_10_img079,pg5_10,79
pg5_10_img080,pg5_10,80
pg5_10_img081,pg5_10,81
pg5_10_img082,pg5_10,82
pg5_10_img083,pg5_10,83
pg5_10_img084,pg5_10,84
pg5_10_img085,pg5_10,85
pg5_10_img086,pg5_10,86
pg5_10_img087,pg5_10,87
pg5_10_img088,pg5_10,88
pg5_10_img089,pg5_10,89
pg5_10_img090,pg5_10,90
pg5_10_img091,pg5_10,91
pg5_10_img092,pg5_10,92
pg5_10_img093,pg5_10,93
pg5_10_img094,pg5_10,94
pg5_10_img095,pg5_10,95
pg5_10_img096,pg5_10,96
pg5_10_img097,pg5_10,97
pg5_11_img001,pg5_11,1
pg5_11_img002,pg5_11,2
pg5_11_img003,pg5_11,3
pg5_11_img004,pg5_11,4
pg5_11_img005,pg5_11,5
pg5_11_img006,pg5_11,6
pg5_11_img007,pg5_11,7
pg5_11_img008,pg5_11,8
pg5_11_img009,pg5_11,9
pg5_11_img010,pg5_11,10
pg5_11_img011,pg5_11,11
pg5_11_img012,pg5_11,12
pg5_11_img013,pg5_11,13
pg5_11_img014,pg5_11,14
pg5_11_img015,pg5_11,15
pg5_11_img016,pg5_11,16
pg5_11_img017,pg5_11,17
pg5_11_img018,pg5_11,18
pg5_11_img019,pg5_11,19
pg5_11_img020,pg5_11,20
pg5_11_img021,pg5_11,21
pg5_11_img022,pg5_11,22
pg5_11_img023,pg5_11,23
pg5_11_img024,pg5_11,24
pg5_11_img025,pg5_11,25
pg5_11_img026,pg5_11,26
pg5_11_img027,pg5_11,27
pg5_11_img028,pg5_11,28
pg5_11_img029,pg5_11,29
pg5_11_img030,pg5_11,30
pg5_11_img031,pg5_11,31
pg5_11_img032,pg5_11,32
pg5_11_img033,pg5_11,33
pg5_11_img034,pg5_11,34
pg5_11_img035,pg5_11,35
pg5_11_img036,pg5_11,36
pg5_11_img037,pg5_11,37
pg5_11_img038,pg5_11,38
pg5_11_img039,pg5_11,39
pg5_11_img040,pg5_11,40
pg5_11_img041,pg5_11,41
pg5_11_img042,pg5_11,42
pg5_11_img043,pg5_11,43
pg5_11_img044,pg5_11,44
pg5_11_img045,pg5_11,45
pg5_11_img046,pg5_11,46
pg5_11_img047,pg5_11,47
pg5_11_img048,pg5_11,48
pg5_11_img049,pg5_11,49
pg5_11_img050,pg5_11,50
pg5_11_img051,pg5_11,51
pg5_11_img052,pg5_11,52
pg5_11_img053,pg5_11,53
pg5_11_img054,pg5_11,54
pg5_11_img055,pg5_11,55
pg5_11_img056,pg5_11,56
pg5_11_img057,pg5_11,57
pg5_11_img058,pg5_11,58
pg5_11_img059,pg5_11,59
pg5_11_img060,pg5_11,60
pg5_11_img061,pg5_11,61
pg5_11_img062,pg5_11,62
pg5_11_img063,pg5_11,63
pg5_11_img064,pg5_11,64
pg5_11_img065,pg5_11,65
pg5_11_img066,pg5_11,66
pg5_11_img067,pg5_11,67
pg5_11_img068,pg5_11,68
pg5_11_img069,pg5_11,69
pg5_11_img070,pg5_11,70
pg5_11_img071,pg5_11,71
pg5_11_img072,pg5_11,72
pg5_11_img073,pg5_11,73
pg5_11_img074,pg5_11,74
pg5_11_img075,pg5_11,75
pg5_11_img076,pg5_11,76
pg5_11_img077,pg5_11,77
pg5_11_img078,pg5_11,78
pg5_11_img079,pg5_11,79
pg5_11_img080,pg5_11,80
pg5_11_img081,pg5_11,81
pg5_11_img082,pg5_11,82
pg5_11_img083,pg5_11,83
pg5_11_img084,pg5_11,84
pg5_11_img085,pg5_11,85
pg5_11_img086,pg5_11,86
pg5_11_img087,pg5_11,87
pg5_11_img088,pg5_11,88
pg5_11_img089,pg5_11,89
pg5_11_img090,pg5_11,90
pg5_11_img091,pg5_11,91
pg5_11_img092,pg5_11,92
pg5_11_img093,pg5_11,93
pg5_11_img094,pg5_11,94
pg5_11_img095,pg5_11,95
pg5_11_img096,pg5_11,96
pg5_11_img097,pg5_11,97
pg5_12_img001,pg5_12,1
pg5_12_img002,pg5_12,2
pg5_12_img003,pg5_12,3
pg5_12_img004,pg5_12,4
pg5_12_img005,pg5_12,5
pg5_12_img006,pg5_12,6
pg5_12_img007,pg5_12,7
pg5_12_img008,pg5_12,8
pg5_12_img009,pg5_12,9
pg5_12_img010,pg5_12,10
pg5_12_img011,pg5_12,11
pg5_12_img012,pg5_12,12
pg5_12_img013,pg5_12,13
pg5_12_img014,pg5_12,14
pg5_12_img015,pg5_12,15
pg5_12_img016,pg5_12,16
pg5_12_img017,pg5_12,17
pg5_12_img018,pg5_12,18
pg5_12_img019,pg5_12,19
pg5_12_img020,pg5_12,20
pg5_12_img021,pg5_12,21
pg5_12_img022,pg5_12,22
pg5_12_img023,pg5_12,23
pg5_12_img024,pg5_12,24
pg5_12_img025,pg5_12,25
pg5_12_img026,pg5_12,26
pg5_12_img027,pg5_12,27
pg5_12_img028,pg5_12,28
pg5_12_img029,pg5_12,29
pg5_12_img030,pg5_12,30
pg5_12_img031,pg5_12,31
pg5_12_img032,pg5_12,32
pg5_12_img033,pg5_12,33
pg5_12_img034,pg5_12,34
pg5_12_img035,pg5_12,35
pg5_12_img036,pg5_12,36
pg5_12_img037,pg5_12,37
pg5_12_img038,pg5_12,38
pg5_12_img039,pg5_12,39
pg5_12_img040,pg5_12,40
pg5_12_img041,pg5_12,41
pg5_12_img042,pg5_12,42
pg5_12_img043,pg5_12,43
pg5_12_img044,pg5_12,44
pg5_12_img045,pg5_12,45
pg5_12_img046,pg5_12,46
pg5_12_img047,pg5_12,47
pg5_12_img048,pg5_12,48
pg5_12_img049,pg5_12,49
pg5_12_img050,pg5_12,50
pg5_12_img051,pg5_12,51
pg5_12_img052,pg5_12,52
pg5_12_img053,pg5_12,53
pg5_12_img054,pg5_12,54
pg5_12_img055,pg5_12,55
pg5_12_img056,pg5_12,56
pg5_12_img057,pg5_12,57
pg5_12_img058,pg5_12,58
pg5_12_img059,pg5_12,59
pg5_12_img060,pg5_12,60
pg5_12_img061,pg5_12,61
pg5_12_img062,pg5_12,62
pg5_12_img063,pg5_12,63
pg5_12_img064,pg5_12,64
pg5_12_img065,pg5_12,65
pg5_12_img066,pg5_12,66
pg5_12_img067,pg5_12,67
pg5_12_img068,pg5_12,68
pg5_12_img069,pg5_12,69
pg5_12_img070,pg5_12,70
pg5_12_img071,pg5_12,71
pg5_12_img072,pg5_12,72
pg5_12_img073,pg5_12,73
pg5_12_img074,pg5_12,74
pg5_12_img075,pg5_12,75
pg5_12_img076,pg5_12,76
pg5_12_img077,pg5_12,77
pg5_12_img078,pg5_12,78
pg5_12_img079,pg5_12,79
pg5_12_img080,pg5_12,80
pg5_12_img081,pg5_12,81
pg5_12_img082,pg5_12,82
pg5_12_img083,pg5_12,83
pg5_12_img084,pg5_12,84
pg5_12_img085,pg5_12,85
pg5_12_img086,pg5_12,86
pg5_12_img087,pg5_12,87
pg5_12_img088,pg5_12,88
pg5_12_img089,pg5_12,89
pg5_12_img090,pg5_12,90
pg5_12_img091,pg5_12,91
pg5_12_img092,pg5_12,92
pg5_12_img093,pg5_12,93
pg5_12_img094,pg5_12,94
pg5_12_img095,pg5_12,95
pg5_12_img096,pg5_12,96
pg5_12_img097,pg5_12,97
pg5_2_img001,pg5_2,1
pg5_2_img002,pg5_2,2
pg5_2_img003,pg5_2,3
pg5_2_img004,pg5_2,4
pg5_2_img005,pg5_2,5
pg5_2_img006,pg5_2,6
pg5_2_img007,pg5_2,7
pg5_2_img008,pg5_2,8
pg5_2_img009,pg5_2,9
pg5_2_img010,pg5_2,10
pg5_2_img011,pg5_2,11
pg5_2_img012,pg5_2,12
pg5_2_img013,pg5_2,13
pg5_2_img014,pg5_2,14
pg5_2_img015,pg5_2,15
pg5_2_img016,pg5_2,16
pg5_2_img017,pg5_2,17
pg5_2_img018,pg5_2,18
pg5_2_img019,pg5_2,19
pg5_2_img020,pg5_2,20
pg5_2_img021,pg5_2,21
pg5_2_img022,pg5_2,22
pg5_2_img023,pg5_2,23
pg5_2_img024,pg5_2,24
pg5_2_img025,pg5_2,25
pg5_2_img026,pg5_2,26
pg5_2_img027,pg5_2,27
pg5_2_img028,pg5_2,28
pg5_2_img029,pg5_2,29
pg5_2_img030,pg5_2,30
pg5_2_img031,pg5_2,31
pg5_2_img032,pg5_2,32
pg5_2_img033,pg5_2,33
pg5_2_img034,pg5_2,34
pg5_2_img035,pg5_2,35
pg5_2_img036,pg5_2,36
pg5_2_img037,pg5_2,37
pg5_2_img038,pg5_2,38
pg5_2_img039,pg5_2,39
pg5_2_img040,pg5_2,40
pg5_2_img041,pg5_2,41
pg5_2_img042,pg5_2,42
pg5_2_img043,pg5_2,43
pg5_2_img044,pg5_2,44
pg5_2_img045,pg5_2,45
pg5_2_img046,pg5_2,46
pg5_2_img047,pg5_2,47
pg5_2_img048,pg5_2,48
pg5_2_img049,pg5_2,49
pg5_2_img050,pg5_2,50
pg5_2_img051,pg5_2,51
pg5_2_img052,pg5_2,52
pg5_2_img053,pg5_2,53
pg5_2_img054,pg5_2,54
pg5_2_img055,pg5_2,55
pg5_2_img056,pg5_2,56
pg5_2_img057,pg5_2,57
pg5_2_img058,pg5_2,58
pg5_2_img059,pg5_2,59
pg5_2_img060,pg5_2,60
pg5_2_img061,pg5_2,61
pg5_2_img062,pg5_2,62
pg5_2_img063,pg5_2,63
pg5_2_img064,pg5_2,64
pg5_2_img065,pg5_2,65
pg5_2_img066,pg5_2,66
pg5_2_img067,pg5_2,67
pg5_2_img068,pg5_2,68
pg5_2_img069,pg5_2,69
pg5_2_img070,pg5_2,70
pg5_2_img071,pg5_2,71
pg5_2_img072,pg5_2,72
pg5_2_img073,pg5_2,73
pg5_2_img074,pg5_2,74
pg5_2_img075,pg5_2,75
pg5_2_img076,pg5_2,76
pg5_2_img077,pg5_2,77
pg5_2_img078,pg5_2,78
pg5_2_img079,pg5_2,79
pg5_2_img080,pg5_2,80
pg5_2_img081,pg5_2,81
pg5_2_img082,pg5_2,82
pg5_2_img083,pg5_2,83
pg5_2_img084,pg5_2,84
pg5_2_img085,pg5_2,85
pg5_2_img086,pg5_2,86
pg5_2_img087,pg5_2,87
pg5_2_img088,pg5_2,88
pg5_2_img089,pg5_2,89
pg5_2_img090,pg5_2,90
pg5_2_img091,pg5_2,91
pg5_2_img092,pg5_2,92
pg5_2_img093,pg5_2,93
pg5_2_img094,pg5_2,94
pg5_2_img095,pg5_2,95
pg5_2_img096,pg5_2,96
pg5_2_img097,pg5_2,97
pg5_3_img001,pg5_3,1
pg5_3_img002,pg5_3,2
pg5_3_img003,pg5_3,3
pg5_3_img004,pg5_3,4
pg5_3_img005,pg5_3,5
pg5_3_img006,pg5_3,6
pg5_3_img007,pg5_3,7
pg5_3_img008,pg5_3,8
pg5_3_img009,pg5_3,9
pg5_3_img010,pg5_3,10
pg5_3_img011,pg5_3,11
pg5_3_img012,pg5_3,12
pg5_3_img013,pg5_3,13
pg5_3_img014,pg5_3,14
pg5_3_img015,pg5_3,15
pg5_3_img016,pg5_3,16
pg5_3_img017,pg5_3,17
pg5_3_img018,pg5_3,18
pg5_3_img019,pg5_3,19
pg5_3_img020,pg5_3,20
pg5_3_img021,pg5_3,21
pg5_3_img022,pg5_3,22
pg5_3_img023,pg5_3,23
pg5_3_img024,pg5_3,24
pg5_3_img025,pg5_3,25
pg5_3_img026,pg5_3,26
pg5_3_img027,pg5_3,27
pg5_3_img028,pg5_3,28
pg5_3_img029,pg5_3,29
pg5_3_img030,pg5_3,30
pg5_3_img031,pg5_3,31
pg5_3_img032,pg5_3,32
pg5_3_img033,pg5_3,33
pg5_3_img034,pg5_3,34
pg5_3_img035,pg5_3,35
pg5_3_img036,pg5_3,36
pg5_3_img037,pg5_3,37
pg5_3_img038,pg5_3,38
pg5_3_img039,pg5_3,39
pg5_3_img040,pg5_3,40
pg5_3_img041,pg5_3,41
pg5_3_img042,pg5_3,42
pg5_3_img043,pg5_3,43
pg5_3_img044,pg5_3,44
pg5_3_img045,pg5_3,45
pg5_3_img046,pg5_3,46
pg5_3_img047,pg5_3,47
pg5_3_img048,pg5_3,48
pg5_3_img049,pg5_3,49
pg5_3_img050,pg5_3,50
pg5_3_img051,pg5_3,51
pg5_3_img052,pg5_3,52
pg5_3_img053,pg5_3,53
pg5_3_img054,pg5_3,54
pg5_3_img055,pg5_3,55
pg5_3_img056,pg5_3,56
pg5_3_img057,pg5_3,57
pg5_3_img058,pg5_3,58
pg5_3_img059,pg5_3,59
pg5_3_img060,pg5_3,60
pg5_3_img061,pg5_3,61
pg5_3_img062,pg5_3,62
pg5_3_img063,pg5_3,63
pg5_3_img064,pg5_3,64
pg5_3_img065,pg5_3,65
pg5_3_img066,pg5_3,66
pg5_3_img067,pg5_3,67
pg5_3_img068,pg5_3,68
pg5_3_img069,pg5_3,69
pg5_3_img070,pg5_3,70
pg5_3_img071,pg5_3,71
pg5_3_img072,pg5_3,72
pg5_3_img073,pg5_3,73
pg5_3_img074,pg5_3,74
pg5_3_img075,pg5_3,75
pg5_3_img076,pg5_3,76
pg5_3_img077,pg5_3,77
pg5_3_img078,pg5_3,78
pg5_3_img079,pg5_3,79
pg5_3_img080,pg5_3,80
pg5_3_img081,pg5_3,81
pg5_3_img082,pg5_3,82
pg5_3_img083,pg5_3,83
pg5_3_img084,pg5_3,84
pg5_3_img085,pg5_3,85
pg5_3_img086,pg5_3,86
pg5_3_img087,pg5_3,87
pg5_3_img088,pg5_3,88
pg5_3_img089,pg5_3,89
pg5_3_img090,pg5_3,90
pg5_3_img091,pg5_3,91
pg5_3_img092,pg5_3,92
pg5_3_img093,pg5_3,93
pg5_3_img094,pg5_3,94
pg5_3_img095,pg5_3,95
pg5_3_img096,pg5_3,96
pg5_3_img097,pg5_3,97
pg5_5_img001,pg5_5,1
pg5_5_img002,pg5_5,2
pg5_5_img003,pg5_5,3
pg5_5_img004,pg5_5,4
pg5_5_img005,pg5_5,5
pg5_5_img006,pg5_5,6
pg5_5_img007,pg5_5,7
pg5_5_img008,pg5_5,8
pg5_5_img009,pg5_5,9
pg5_5_img010,pg5_5,10
pg5_5_img011,pg5_5,11
pg5_5_img012,pg5_5,12
pg5_5_img013,pg5_5,13
pg5_5_img014,pg5_5,14
pg5_5_img015,pg5_5,15
pg5_5_img016,pg5_5,16
pg5_5_img017,pg5_5,17
pg5_5_img018,pg5_5,18
pg5_5_img019,pg5_5,19
pg5_5_img020,pg5_5,20
pg5_5_img021,pg5_5,21
pg5_5_img022,pg5_5,22
pg5_5_img023,pg5_5,23
pg5_5_img024,pg5_5,24
pg5_5_img025,pg5_5,25
pg5_5_img026,pg5_5,26
pg5_5_img027,pg5_5,27
pg5_5_img028,pg5_5,28
pg5_5_img029,pg5_5,29
pg5_5_img030,pg5_5,30
pg5_5_img031,pg5_5,31
pg5_5_img032,pg5_5,32
pg5_5_img033,pg5_5,33
pg5_5_img034,pg5_5,34
pg5_5_img035,pg5_5,35
pg5_5_img036,pg5_5,36
pg5_5_img037,pg5_5,37
pg5_5_img038,pg5_5,38
pg5_5_img039,pg5_5,39
pg5_5_img040,pg5_5,40
pg5_5_img041,pg5_5,41
pg5_5_img042,pg5_5,42
pg5_5_img043,pg5_5,43
pg5_5_img044,pg5_5,44
pg5_5_img045,pg5_5,45
pg5_5_img046,pg5_5,46
pg5_5_img047,pg5_5,47
pg5_5_img048,pg5_5,48
pg5_5_img049,pg5_5,49
pg5_5_img050,pg5_5,50
pg5_5_img051,pg5_5,51
pg5_5_img052,pg5_5,52
pg5_5_img053,pg5_5,53
pg5_5_img054,pg5_5,54
pg5_5_img055,pg5_5,55
pg5_5_img056,pg5_5,56
pg5_5_img057,pg5_5,57
pg5_5_img058,pg5_5,58
pg5_5_img059,pg5_5,59
pg5_5_img060,pg5_5,60
pg5_5_img061,pg5_5,61
pg5_5_img062,pg5_5,62
pg5_5_img063,pg5_5,63
pg5_5_img064,pg5_5,64
pg5_5_img065,pg5_5,65
pg5_5_img066,pg5_5,66
pg5_5_img067,pg5_5,67
pg5_5_img068,pg5_5,68
pg5_5_img069,pg5_5,69
pg5_5_img070,pg5_5,70
pg5_5_img071,pg5_5,71
pg5_5_img072,pg5_5,72
pg5_5_img073,pg5_5,73
pg5_5_img074,pg5_5,74
pg5_5_img075,pg5_5,75
pg5_5_img076,pg5_5,76
pg5_5_img077,pg5_5,77
pg5_5_img078,pg5_5,78
pg5_5_img079,pg5_5,79
pg5_5_img080,pg5_5,80
pg5_5_img081,pg5_5,81
pg5_5_img082,pg5_5,82
pg5_5_img083,pg5_5,83
pg5_5_img084,pg5_5,84
pg5_5_img085,pg5_5,85
pg5_5_img086,pg5_5,86
pg5_5_img087,pg5_5,87
pg5_5_img088,pg5_5,88
pg5_5_img089,pg5_5,89
pg5_5_img090,pg5_5,90
pg5_5_img091,pg5_5,91
pg5_5_img092,pg5_5,92
pg5_5_img093,pg5_5,93
pg5_5_img094,pg5_5,94
pg5_5_img095,pg5_5,95
pg5_5_img096,pg5_5,96
pg5_5_img097,pg5_5,97
pg5_6_img001,pg5_6,1
pg5_6_img002,pg5_6,2
pg5_6_img003,pg5_6,3
pg5_6_img004,pg5_6,4
pg5_6_img005,pg5_6,5
pg5_6_img006,pg5_6,6
pg5_6_img007,pg5_6,7
pg5_6_img008,pg5_6,8
pg5_6_img009,pg5_6,9
pg5_6_img010,pg5_6,10
pg5_6_img011,pg5_6,11
pg5_6_img012,pg5_6,12
pg5_6_img013,pg5_6,13
pg5_6_img014,pg5_6,14
pg5_6_img015,pg5_6,15
pg5_6_img016,pg5_6,16
pg5_6_img017,pg5_6,17
pg5_6_img018,pg5_6,18
pg5_6_img019,pg5_6,19
pg5_6_img020,pg5_6,20
pg5_6_img021,pg5_6,21
pg5_6_img022,pg5_6,22
pg5_6_img023,pg5_6,23
pg5_6_img024,pg5_6,24
pg5_6_img025,pg5_6,25
pg5_6_img026,pg5_6,26
pg5_6_img027,pg5_6,27
pg5_6_img028,pg5_6,28
pg5_6_img029,pg5_6,29
pg5_6_img030,pg5_6,30
pg5_6_img031,pg5_6,31
pg5_6_img032,pg5_6,32
pg5_6_img033,pg5_6,33
pg5_6_img034,pg5_6,34
pg5_6_img035,pg5_6,35
pg5_6_img036,pg5_6,36
pg5_6_img037,pg5_6,37
pg5_6_img038,pg5_6,38
pg5_6_img039,pg5_6,39
pg5_6_img040,pg5_6,40
pg5_6_img041,pg5_6,41
pg5_6_img042,pg5_6,42
pg5_6_img043,pg5_6,43
pg5_6_img044,pg5_6,44
pg5_6_img045,pg5_6,45
pg5_6_img046,pg5_6,46
pg5_6_img047,pg5_6,47
pg5_6_img048,pg5_6,48
pg5_6_img049,pg5_6,49
pg5_6_img050,pg5_6,50
pg5_6_img051,pg5_6,51
pg5_6_img052,pg5_6,52
pg5_6_img053,pg5_6,53
pg5_6_img054,pg5_6,54
pg5_6_img055,pg5_6,55
pg5_6_img056,pg5_6,56
pg5_6_img057,pg5_6,57
pg5_6_img058,pg5_6,58
pg5_6_img059,pg5_6,59
pg5_6_img060,pg5_6,60
pg5_6_img061,pg5_6,61
pg5_6_img062,pg5_6,62
pg5_6_img063,pg5_6,63
pg5_6_img064,pg5_6,64
pg5_6_img065,pg5_6,65
pg5_6_img066,pg5_6,66
pg5_6_img067,pg5_6,67
pg5_6_img068,pg5_6,68
pg5_6_img069,pg5_6,69
pg5_6_img070,pg5_6,70
pg5_6_img071,pg5_6,71
pg5_6_img072,pg5_6,72
pg5_6_img073,pg5_6,73
pg5_6_img074,pg5_6,74
pg5_6_img075,pg5_6,75
pg5_6_img076,pg5_6,76
pg5_6_img077,pg5_6,77
pg5_6_img078,pg5_6,78
pg5_6_img079,pg5_6,79
pg5_6_img080,pg5_6,80
pg5_6_img081,pg5_6,81
pg5_6_img082,pg5_6,82
pg5_6_img083,pg5_6,83
pg5_6_img084,pg5_6,84
pg5_6_img085,pg5_6,85
pg5_6_img086,pg5_6,86
pg5_6_img087,pg5_6,87
pg5_6_img088,pg5_6,88
pg5_6_img089,pg5_6,89
pg5_6_img090,pg5_6,90
pg5_6_img091,pg5_6,91
pg5_6_img092,pg5_6,92
pg5_6_img093,pg5_6,93
pg5_6_img094,pg5_6,94
pg5_6_img095,pg5_6,95
pg5_6_img096,pg5_6,96
pg5_6_img097,pg5_6,97
pg5_7_img001,pg5_7,1
pg5_7_img002,pg5_7,2
pg5_7_img003,pg5_7,3
pg5_7_img004,pg5_7,4
pg5_7_img005,pg5_7,5
pg5_7_img006,pg5_7,6
pg5_7_img007,pg5_7,7
pg5_7_img008,pg5_7,8
pg5_7_img009,pg5_7,9
pg5_7_img010,pg5_7,10
pg5_7_img011,pg5_7,11
pg5_7_img012,pg5_7,12
pg5_7_img013,pg5_7,13
pg5_7_img014,pg5_7,14
pg5_7_img015,pg5_7,15
pg5_7_img016,pg5_7,16
pg5_7_img017,pg5_7,17
pg5_7_img018,pg5_7,18
pg5_7_img019,pg5_7,19
pg5_7_img020,pg5_7,20
pg5_7_img021,pg5_7,21
pg5_7_img022,pg5_7,22
pg5_7_img023,pg5_7,23
pg5_7_img024,pg5_7,24
pg5_7_img025,pg5_7,25
pg5_7_img026,pg5_7,26
pg5_7_img027,pg5_7,27
pg5_7_img028,pg5_7,28
pg5_7_img029,pg5_7,29
pg5_7_img030,pg5_7,30
pg5_7_img031,pg5_7,31
pg5_7_img032,pg5_7,32
pg5_7_img033,pg5_7,33
pg5_7_img034,pg5_7,34
pg5_7_img035,pg5_7,35
pg5_7_img036,pg5_7,36
pg5_7_img037,pg5_7,37
pg5_7_img038,pg5_7,38
pg5_7_img039,pg5_7,39
pg5_7_img040,pg5_7,40
pg5_7_img041,pg5_7,41
pg5_7_img042,pg5_7,42
pg5_7_img043,pg5_7,43
pg5_7_img044,pg5_7,44
pg5_7_img045,pg5_7,45
pg5_7_img046,pg5_7,46
pg5_7_img047,pg5_7,47
pg5_7_img048,pg5_7,48
pg5_7_img049,pg5_7,49
pg5_7_img050,pg5_7,50
pg5_7_img051,pg5_7,51
pg5_7_img052,pg5_7,52
pg5_7_img053,pg5_7,53
pg5_7_img054,pg5_7,54
pg5_7_img055,pg5_7,55
pg5_7_img056,pg5_7,56
pg5_7_img057,pg5_7,57
pg5_7_img058,pg5_7,58
pg5_7_img059,pg5_7,59
pg5_7_img060,pg5_7,60
pg5_7_img061,pg5_7,61
pg5_7_img062,pg5_7,62
pg5_7_img063,pg5_7,63
pg5_7_img064,pg5_7,64
pg5_7_img065,pg5_7,65
pg5_7_img066,pg5_7,66
pg5_7_img067,pg5_7,67
pg5_7_img068,pg5_7,68
pg5_7_img069,pg5_7,69
pg5_7_img070,pg5_7,70
pg5_7_img071,pg5_7,71
pg5_7_img072,pg5_7,72
pg5_7_img073,pg5_7,73
pg5_7_img074,pg5_7,74
pg5_7_img075,pg5_7,75
pg5_7_img076,pg5_7,76
pg5_7_img077,pg5_7,77
pg5_7_img078,pg5_7,78
pg5_7_img079,pg5_7,79
pg5_7_img080,pg5_7,80
pg5_7_img081,pg5_7,81
pg5_7_img082,pg5_7,82
pg5_7_img083,pg5_7,83
pg5_7_img084,pg5_7,84
pg5_7_img085,pg5_7,85
pg5_7_img086,pg5_7,86
pg5_7_img087,pg5_7,87
pg5_7_img088,pg5_7,88
pg5_7_img089,pg5_7,89
pg5_7_img090,pg5_7,90
pg5_7_img091,pg5_7,91
pg5_7_img092,pg5_7,92
pg5_7_img093,pg5_7,93
pg5_7_img094,pg5_7,94
pg5_7_img095,pg5_7,95
pg5_7_img096,pg5_7,96
pg5_7_img097,pg5_7,97
pg5_8_img001,pg5_8,1
pg5_8_img002,pg5_8,2
pg5_8_img003,pg5_8,3
pg5_8_img004,pg5_8,4
pg5_8_img005,pg5_8,5
pg5_8_img006,pg5_8,6
pg5_8_img007,pg5_8,7
pg5_8_img008,pg5_8,8
pg5_8_img009,pg5_8,9
pg5_8_img010,pg5_8,10
pg5_8_img011,pg5_8,11
pg5_8_img012,pg5_8,12
pg5_8_img013,pg5_8,13
pg5_8_img014,pg5_8,14
pg5_8_img015,pg5_8,15
pg5_8_img016,pg5_8,16
pg5_8_img017,pg5_8,17
pg5_8_img018,pg5_8,18
pg5_8_img019,pg5_8,19
pg5_8_img020,pg5_8,20
pg5_8_img021,pg5_8,21
pg5_8_img022,pg5_8,22
pg5_8_img023,pg5_8,23
pg5_8_img024,pg5_8,24
pg5_8_img025,pg5_8,25
pg5_8_img026,pg5_8,26
pg5_8_img027,pg5_8,27
pg5_8_img028,pg5_8,28
pg5_8_img029,pg5_8,29
pg5_8_img030,pg5_8,30
pg5_8_img031,pg5_8,31
pg5_8_img032,pg5_8,32
pg5_8_img033,pg5_8,33
pg5_8_img034,pg5_8,34
pg5_8_img035,pg5_8,35
pg5_8_img036,pg5_8,36
pg5_8_img037,pg5_8,37
pg5_8_img038,pg5_8,38
pg5_8_img039,pg5_8,39
pg5_8_img040,pg5_8,40
pg5_8_img041,pg5_8,41
pg5_8_img042,pg5_8,42
pg5_8_img043,pg5_8,43
pg5_8_img044,pg5_8,44
pg5_8_img045,pg5_8,45
pg5_8_img046,pg5_8,46
pg5_8_img047,pg5_8,47
pg5_8_img048,pg5_8,48
pg5_8_img049,pg5_8,49
pg5_8_img050,pg5_8,50
pg5_8_img051,pg5_8,51
pg5_8_img052,pg5_8,52
pg5_8_img053,pg5_8,53
pg5_8_img054,pg5_8,54
pg5_8_img055,pg5_8,55
pg5_8_img056,pg5_8,56
pg5_8_img057,pg5_8,57
pg5_8_img058,pg5_8,58
pg5_8_img059,pg5_8,59
pg5_8_img060,pg5_8,60
pg5_8_img061,pg5_8,61
pg5_8_img062,pg5_8,62
pg5_8_img063,pg5_8,63
pg5_8_img064,pg5_8,64
pg5_8_img065,pg5_8,65
pg5_8_img066,pg5_8,66
pg5_8_img067,pg5_8,67
pg5_8_img068,pg5_8,68
pg5_8_img069,pg5_8,69
pg5_8_img070,pg5_8,70
pg5_8_img071,pg5_8,71
pg5_8_img072,pg5_8,72
pg5_8_img073,pg5_8,73
pg5_8_img074,pg5_8,74
pg5_8_img075,pg5_8,75
pg5_8_img076,pg5_8,76
pg5_8_img077,pg5_8,77
pg5_8_img078,pg5_8,78
pg5_8_img079,pg5_8,79
pg5_8_img080,pg5_8,80
pg5_8_img081,pg5_8,81
pg5_8_img082,pg5_8,82
pg5_8_img083,pg5_8,83
pg5_8_img084,pg5_8,84
pg5_8_img085,pg5_8,85
pg5_8_img086,pg5_8,86
pg5_8_img087,pg5_8,87
pg5_8_img088,pg5_8,88
pg5_8_img089,pg5_8,89
pg5_8_img090,pg5_8,90
pg5_8_img091,pg5_8,91
pg5_8_img092,pg5_8,92
pg5_8_img093,pg5_8,93
pg5_8_img094,pg5_8,94
pg5_8_img095,pg5_8,95
pg5_8_img096,pg5_8,96
pg5_8_img097,pg5_8,97
pg6_1_img001,pg6_1,1
pg6_1_img002,pg6_1,2
pg6_1_img003,pg6_1,3
pg6_1_img004,pg6_1,4
pg6_1_img005,pg6_1,5
pg6_1_img006,pg6_1,6
pg6_1_img007,pg6_1,7
pg6_1_img008,pg6_1,8
pg6_1_img009,pg6_1,9
pg6_1_img010,pg6_1,10
pg6_1_img011,pg6_1,11
pg6_1_img012,pg6_1,12
pg6_1_img013,pg6_1,13
pg6_1_img014,pg6_1,14
pg6_1_img015,pg6_1,15
pg6_1_img016,pg6_1,16
pg6_1_img017,pg6_1,17
pg6_1_img018,pg6_1,18
pg6_1_img019,pg6_1,19
pg6_1_img020,pg6_1,20
pg6_1_img021,pg6_1,21
pg6_1_img022,pg6_1,22
pg6_1_img023,pg6_1,23
pg6_1_img024,pg6_1,24
pg6_1_img025,pg6_1,25
pg6_1_img026,pg6_1,26
pg6_1_img027,pg6_1,27
pg6_1_img028,pg6_1,28
pg6_1_img029,pg6_1,29
pg6_1_img030,pg6_1,30
pg6_1_img031,pg6_1,31
pg6_1_img032,pg6_1,32
pg6_1_img033,pg6_1,33
pg6_1_img034,pg6_1,34
pg6_1_img035,pg6_1,35
pg6_1_img036,pg6_1,36
pg6_1_img037,pg6_1,37
pg6_1_img038,pg6_1,38
pg6_1_img039,pg6_1,39
pg6_1_img040,pg6_1,40
pg6_1_img041,pg6_1,41
pg6_1_img042,pg6_1,42
pg6_1_img043,pg6_1,43
pg6_1_img044,pg6_1,44
pg6_1_img045,pg6_1,45
pg6_1_img046,pg6_1,46
pg6_1_img047,pg6_1,47
pg6_1_img048,pg6_1,48
pg6_1_img049,pg6_1,49
pg6_1_img050,pg6_1,50
pg6_1_img051,pg6_1,51
pg6_1_img052,pg6_1,52
pg6_1_img053,pg6_1,53
pg6_1_img054,pg6_1,54
pg6_1_img055,pg6_1,55
pg6_1_img056,pg6_1,56
pg6_1_img057,pg6_1,57
pg6_1_img058,pg6_1,58
pg6_1_img059,pg6_1,59
pg6_1_img060,pg6_1,60
pg6_1_img061,pg6_1,61
pg6_1_img062,pg6_1,62
pg6_1_img063,pg6_1,63
pg6_1_img064,pg6_1,64
pg6_1_img065,pg6_1,65
pg6_1_img066,pg6_1,66
pg6_1_img067,pg6_1,67
pg6_1_img068,pg6_1,68
pg6_1_img069,pg6_1,69
pg6_1_img070,pg6_1,70
pg6_1_img071,pg6_1,71
pg6_1_img072,pg6_1,72
pg6_1_img073,pg6_1,73
pg6_1_img074,pg6_1,74
pg6_1_img075,pg6_1,75
pg6_1_img076,pg6_1,76
pg6_1_img077,pg6_1,77
pg6_1_img078,pg6_1,78
pg6_1_img079,pg6_1,79
pg6_1_img080,pg6_1,80
pg6_1_img081,pg6_1,81
pg6_1_img082,pg6_1,82
pg6_1_img083,pg6_1,83
pg6_1_img084,pg6_1,84
pg6_1_img085,pg6_1,85
pg6_1_img086,pg6_1,86
pg6_1_img087,pg6_1,87
pg6_1_img088,pg6_1,88
pg6_1_img089,pg6_1,89
pg6_1_img090,pg6_1,90
pg6_1_img091,pg6_1,91
pg6_1_img092,pg6_1,92
pg6_1_img093,pg6_1,93
pg6_1_img094,pg6_1,94
pg6_1_img095,pg6_1,95
pg6_1_img096,pg6_1,96
pg6_1_img097,pg6_1,97
pg6_10_img001,pg6_10,1
pg6_10_img002,pg6_10,2
pg6_10_img003,pg6_10,3
pg6_10_img004,pg6_10,4
pg6_10_img005,pg6_10,5
pg6_10_img006,pg6_10,6
pg6_10_img007,pg6_10,7
pg6_10_img008,pg6_10,8
pg6_10_img009,pg6_10,9
pg6_10_img010,pg6_10,10
pg6_10_img011,pg6_10,11
pg6_10_img012,pg6_10,12
pg6_10_img013,pg6_10,13
pg6_10_img014,pg6_10,14
pg6_10_img015,pg6_10,15
pg6_10_img016,pg6_10,16
pg6_10_img017,pg6_10,17
pg6_10_img018,pg6_10,18
pg6_10_img019,pg6_10,19
pg6_10_img020,pg6_10,20
pg6_10_img021,pg6_10,21
pg6_10_img022,pg6_10,22
pg6_10_img023,pg6_10,23
pg6_10_img024,pg6_10,24
pg6_10_img025,pg6_10,25
pg6_10_img026,pg6_10,26
pg6_10_img027,pg6_10,27
pg6_10_img028,pg6_10,28
pg6_10_img029,pg6_10,29
pg6_10_img030,pg6_10,30
pg6_10_img031,pg6_10,31
pg6_10_img032,pg6_10,32
pg6_10_img033,pg6_10,33
pg6_10_img034,pg6_10,34
pg6_10_img035,pg6_10,35
pg6_10_img036,pg6_10,36
pg6_10_img037,pg6_10,37
pg6_10_img038,pg6_10,38
pg6_10_img039,pg6_10,39
pg6_10_img040,pg6_10,40
pg6_10_img041,pg6_10,41
pg6_10_img042,pg6_10,42
pg6_10_img043,pg6_10,43
pg6_10_img044,pg6_10,44
pg6_10_img045,pg6_10,45
pg6_10_img046,pg6_10,46
pg6_10_img047,pg6_10,47
pg6_10_img048,pg6_10,48
pg6_10_img049,pg6_10,49
pg6_10_img050,pg6_10,50
pg6_10_img051,pg6_10,51
pg6_10_img052,pg6_10,52
pg6_10_img053,pg6_10,53
pg6_10_img054,pg6_10,54
pg6_10_img055,pg6_10,55
pg6_10_img056,pg6_10,56
pg6_10_img057,pg6_10,57
pg6_10_img058,pg6_10,58
pg6_10_img059,pg6_10,59
pg6_10_img060,pg6_10,60
pg6_10_img061,pg6_10,61
pg6_10_img062,pg6_10,62
pg6_10_img063,pg6_10,63
pg6_10_img064,pg6_10,64
pg6_10_img065,pg6_10,65
pg6_10_img066,pg6_10,66
pg6_10_img067,pg6_10,67
pg6_10_img068,pg6_10,68
pg6_10_img069,pg6_10,69
pg6_10_img070,pg6_10,70
pg6_10_img071,pg6_10,71
pg6_10_img072,pg6_10,72
pg6_10_img073,pg6_10,73
pg6_10_img074,pg6_10,74
pg6_10_img075,pg6_10,75
pg6_10_img076,pg6_10,76
pg6_10_img077,pg6_10,77
pg6_10_img078,pg6_10,78
pg6_10_img079,pg6_10,79
pg6_10_img080,pg6_10,80
pg6_10_img081,pg6_10,81
pg6_10_img082,pg6_10,82
pg6_10_img083,pg6_10,83
pg6_10_img084,pg6_10,84
pg6_10_img085,pg6_10,85
pg6_10_img086,pg6_10,86
pg6_10_img087,pg6_10,87
pg6_10_img088,pg6_10,88
pg6_10_img089,pg6_10,89
pg6_10_img090,pg6_10,90
pg6_10_img091,pg6_10,91
pg6_10_img092,pg6_10,92
pg6_10_img093,pg6_10,93
pg6_10_img094,pg6_10,94
pg6_10_img095,pg6_10,95
pg6_10_img096,pg6_10,96
pg6_10_img097,pg6_10,97
pg6_11_img001,pg6_11,1
pg6_11_img002,pg6_11,2
pg6_11_img003,pg6_11,3
pg6_11_img004,pg6_11,4
pg6_11_img005,pg6_11,5
pg6_11_img006,pg6_11,6
pg6_11_img007,pg6_11,7
pg6_11_img008,pg6_11,8
pg6_11_img009,pg6_11,9
pg6_11_img010,pg6_11,10
pg6_11_img011,pg6_11,11
pg6_11_img012,pg6_11,12
pg6_11_img013,pg6_11,13
pg6_11_img014,pg6_11,14
pg6_11_img015,pg6_11,15
pg6_11_img016,pg6_11,16
pg6_11_img017,pg6_11,17
pg6_11_img018,pg6_11,18
pg6_11_img019,pg6_11,19
pg6_11_img020,pg6_11,20
pg6_11_img021,pg6_11,21
pg6_11_img022,pg6_11,22
pg6_11_img023,pg6_11,23
pg6_11_img024,pg6_11,24
pg6_11_img025,pg6_11,25
pg6_11_img026,pg6_11,26
pg6_11_img027,pg6_11,27
pg6_11_img028,pg6_11,28
pg6_11_img029,pg6_11,29
pg6_11_img030,pg6_11,30
pg6_11_img031,pg6_11,31
pg6_11_img032,pg6_11,32
pg6_11_img033,pg6_11,33
pg6_11_img034,pg6_11,34
pg6_11_img035,pg6_11,35
pg6_11_img036,pg6_11,36
pg6_11_img037,pg6_11,37
pg6_11_img038,pg6_11,38
pg6_11_img039,pg6_11,39
pg6_11_img040,pg6_11,40
pg6_11_img041,pg6_11,41
pg6_11_img042,pg6_11,42
pg6_11_img043,pg6_11,43
pg6_11_img044,pg6_11,44
pg6_11_img045,pg6_11,45
pg6_11_img046,pg6_11,46
pg6_11_img047,pg6_11,47
pg6_11_img048,pg6_11,48
pg6_11_img049,pg6_11,49
pg6_11_img050,pg6_11,50
pg6_11_img051,pg6_11,51
pg6_11_img052,pg6_11,52
pg6_11_img053,pg6_11,53
pg6_11_img054,pg6_11,54
pg6_11_img055,pg6_11,55
pg6_11_img056,pg6_11,56
pg6_11_img057,pg6_11,57
pg6_11_img058,pg6_11,58
pg6_11_img059,pg6_11,59
pg6_11_img060,pg6_11,60
pg6_11_img061,pg6_11,61
pg6_11_img062,pg6_11,62
pg6_11_img063,pg6_11,63
pg6_11_img064,pg6_11,64
pg6_11_img065,pg6_11,65
pg6_11_img066,pg6_11,66
pg6_11_img067,pg6_11,67
pg6_11_img068,pg6_11,68
pg6_11_img069,pg6_11,69
pg6_11_img070,pg6_11,70
pg6_11_img071,pg6_11,71
pg6_11_img072,pg6_11,72
pg6_11_img073,pg6_11,73
pg6_11_img074,pg6_11,74
pg6_11_img075,pg6_11,75
pg6_11_img076,pg6_11,76
pg6_11_img077,pg6_11,77
pg6_11_img078,pg6_11,78
pg6_11_img079,pg6_11,79
pg6_11_img080,pg6_11,80
pg6_11_img081,pg6_11,81
pg6_11_img082,pg6_11,82
pg6_11_img083,pg6_11,83
pg6_11_img084,pg6_11,84
pg6_11_img085,pg6_11,85
pg6_11_img086,pg6_11,86
pg6_11_img087,pg6_11,87
pg6_11_img088,pg6_11,88
pg6_11_img089,pg6_11,89
pg6_11_img090,pg6_11,90
pg6_11_img091,pg6_11,91
pg6_11_img092,pg6_11,92
pg6_11_img093,pg6_11,93
pg6_11_img094,pg6_11,94
pg6_11_img095,pg6_11,95
pg6_11_img096,pg6_11,96
pg6_11_img097,pg6_11,97
pg6_12_img001,pg6_12,1
pg6_12_img002,pg6_12,2
pg6_12_img003,pg6_12,3
pg6_12_img004,pg6_12,4
pg6_12_img005,pg6_12,5
pg6_12_img006,pg6_12,6
pg6_12_img007,pg6_12,7
pg6_12_img008,pg6_12,8
pg6_12_img009,pg6_12,9
pg6_12_img010,pg6_12,10
pg6_12_img011,pg6_12,11
pg6_12_img012,pg6_12,12
pg6_12_img013,pg6_12,13
pg6_12_img014,pg6_12,14
pg6_12_img015,pg6_12,15
pg6_12_img016,pg6_12,16
pg6_12_img017,pg6_12,17
pg6_12_img018,pg6_12,18
pg6_12_img019,pg6_12,19
pg6_12_img020,pg6_12,20
pg6_12_img021,pg6_12,21
pg6_12_img022,pg6_12,22
pg6_12_img023,pg6_12,23
pg6_12_img024,pg6_12,24
pg6_12_img025,pg6_12,25
pg6_12_img026,pg6_12,26
pg6_12_img027,pg6_12,27
pg6_12_img028,pg6_12,28
pg6_12_img029,pg6_12,29
pg6_12_img030,pg6_12,30
pg6_12_img031,pg6_12,31
pg6_12_img032,pg6_12,32
pg6_12_img033,pg6_12,33
pg6_12_img034,pg6_12,34
pg6_12_img035,pg6_12,35
pg6_12_img036,pg6_12,36
pg6_12_img037,pg6_12,37
pg6_12_img038,pg6_12,38
pg6_12_img039,pg6_12,39
pg6_12_img040,pg6_12,40
pg6_12_img041,pg6_12,41
pg6_12_img042,pg6_12,42
pg6_12_img043,pg6_12,43
pg6_12_img044,pg6_12,44
pg6_12_img045,pg6_12,45
pg6_12_img046,pg6_12,46
pg6_12_img047,pg6_12,47
pg6_12_img048,pg6_12,48
pg6_12_img049,pg6_12,49
pg6_12_img050,pg6_12,50
pg6_12_img051,pg6_12,51
pg6_12_img052,pg6_12,52
pg6_12_img053,pg6_12,53
pg6_12_img054,pg6_12,54
pg6_12_img055,pg6_12,55
pg6_12_img056,pg6_12,56
pg6_12_img057,pg6_12,57
pg6_12_img058,pg6_12,58
pg6_12_img059,pg6_12,59
pg6_12_img060,pg6_12,60
pg6_12_img061,pg6_12,61
pg6_12_img062,pg6_12,62
pg6_12_img063,pg6_12,63
pg6_12_img064,pg6_12,64
pg6_12_img065,pg6_12,65
pg6_12_img066,pg6_12,66
pg6_12_img067,pg6_12,67
pg6_12_img068,pg6_12,68
pg6_12_img069,pg6_12,69
pg6_12_img070,pg6_12,70
pg6_12_img071,pg6_12,71
pg6_12_img072,pg6_12,72
pg6_12_img073,pg6_12,73
pg6_12_img074,pg6_12,74
pg6_12_img075,pg6_12,75
pg6_12_img076,pg6_12,76
pg6_12_img077,pg6_12,77
pg6_12_img078,pg6_12,78
pg6_12_img079,pg6_12,79
pg6_12_img080,pg6_12,80
pg6_12_img081,pg6_12,81
pg6_12_img082,pg6_12,82
pg6_12_img083,pg6_12,83
pg6_12_img084,pg6_12,84
pg6_12_img085,pg6_12,85
pg6_12_img086,pg6_12,86
pg6_12_img087,pg6_12,87
pg6_12_img088,pg6_12,88
pg6_12_img089,pg6_12,89
pg6_12_img090,pg6_12,90
pg6_12_img091,pg6_12,91
pg6_12_img092,pg6_12,92
pg6_12_img093,pg6_12,93
pg6_12_img094,pg6_12,94
pg6_12_img095,pg6_12,95
pg6_12_img096,pg6_12,96
pg6_12_img097,pg6_12,97
pg6_2_img001,pg6_2,1
pg6_2_img002,pg6_2,2
pg6_2_img003,pg6_2,3
pg6_2_img004,pg6_2,4
pg6_2_img005,pg6_2,5
pg6_2_img006,pg6_2,6
pg6_2_img007,pg6_2,7
pg6_2_img008,pg6_2,8
pg6_2_img009,pg6_2,9
pg6_2_img010,pg6_2,10
pg6_2_img011,pg6_2,11
pg6_2_img012,pg6_2,12
pg6_2_img013,pg6_2,13
pg6_2_img014,pg6_2,14
pg6_2_img015,pg6_2,15
pg6_2_img016,pg6_2,16
pg6_2_img017,pg6_2,17
pg6_2_img018,pg6_2,18
pg6_2_img019,pg6_2,19
pg6_2_img020,pg6_2,20
pg6_2_img021,pg6_2,21
pg6_2_img022,pg6_2,22
pg6_2_img023,pg6_2,23
pg6_2_img024,pg6_2,24
pg6_2_img025,pg6_2,25
pg6_2_img026,pg6_2,26
pg6_2_img027,pg6_2,27
pg6_2_img028,pg6_2,28
pg6_2_img029,pg6_2,29
pg6_2_img030,pg6_2,30
pg6_2_img031,pg6_2,31
pg6_2_img032,pg6_2,32
pg6_2_img033,pg6_2,33
pg6_2_img034,pg6_2,34
pg6_2_img035,pg6_2,35
pg6_2_img036,pg6_2,36
pg6_2_img037,pg6_2,37
pg6_2_img038,pg6_2,38
pg6_2_img039,pg6_2,39
pg6_2_img040,pg6_2,40
pg6_2_img041,pg6_2,41
pg6_2_img042,pg6_2,42
pg6_2_img043,pg6_2,43
pg6_2_img044,pg6_2,44
pg6_2_img045,pg6_2,45
pg6_2_img046,pg6_2,46
pg6_2_img047,pg6_2,47
pg6_2_img048,pg6_2,48
pg6_2_img049,pg6_2,49
pg6_2_img050,pg6_2,50
pg6_2_img051,pg6_2,51
pg6_2_img052,pg6_2,52
pg6_2_img053,pg6_2,53
pg6_2_img054,pg6_2,54
pg6_2_img055,pg6_2,55
pg6_2_img056,pg6_2,56
pg6_2_img057,pg6_2,57
pg6_2_img058,pg6_2,58
pg6_2_img059,pg6_2,59
pg6_2_img060,pg6_2,60
pg6_2_img061,pg6_2,61
pg6_2_img062,pg6_2,62
pg6_2_img063,pg6_2,63
pg6_2_img064,pg6_2,64
pg6_2_img065,pg6_2,65
pg6_2_img066,pg6_2,66
pg6_2_img067,pg6_2,67
pg6_2_img068,pg6_2,68
pg6_2_img069,pg6_2,69
pg6_2_img070,pg6_2,70
pg6_2_img071,pg6_2,71
pg6_2_img072,pg6_2,72
pg6_2_img073,pg6_2,73
pg6_2_img074,pg6_2,74
pg6_2_img075,pg6_2,75
pg6_2_img076,pg6_2,76
pg6_2_img077,pg6_2,77
pg6_2_img078,pg6_2,78
pg6_2_img079,pg6_2,79
pg6_2_img080,pg6_2,80
pg6_2_img081,pg6_2,81
pg6_2_img082,pg6_2,82
pg6_2_img083,pg6_2,83
pg6_2_img084,pg6_2,84
pg6_2_img085,pg6_2,85
pg6_2_img086,pg6_2,86
pg6_2_img087,pg6_2,87
pg6_2_img088,pg6_2,88
pg6_2_img089,pg6_2,89
pg6_2_img090,pg6_2,90
pg6_2_img091,pg6_2,91
pg6_2_img092,pg6_2,92
pg6_2_img093,pg6_2,93
pg6_2_img094,pg6_2,94
pg6_2_img095,pg6_2,95
pg6_2_img096,pg6_2,96
pg6_2_img097,pg6_2,97
pg6_3_img001,pg6_3,1
pg6_3_img002,pg6_3,2
pg6_3_img003,pg6_3,3
pg6_3_img004,pg6_3,4
pg6_3_img005,pg6_3,5
pg6_3_img006,pg6_3,6
pg6_3_img007,pg6_3,7
pg6_3_img008,pg6_3,8
pg6_3_img009,pg6_3,9
pg6_3_img010,pg6_3,10
pg6_3_img011,pg6_3,11
pg6_3_img012,pg6_3,12
pg6_3_img013,pg6_3,13
pg6_3_img014,pg6_3,14
pg6_3_img015,pg6_3,15
pg6_3_img016,pg6_3,16
pg6_3_img017,pg6_3,17
pg6_3_img018,pg6_3,18
pg6_3_img019,pg6_3,19
pg6_3_img020,pg6_3,20
pg6_3_img021,pg6_3,21
pg6_3_img022,pg6_3,22
pg6_3_img023,pg6_3,23
pg6_3_img024,pg6_3,24
pg6_3_img025,pg6_3,25
pg6_3_img026,pg6_3,26
pg6_3_img027,pg6_3,27
pg6_3_img028,pg6_3,28
pg6_3_img029,pg6_3,29
pg6_3_img030,pg6_3,30
pg6_3_img031,pg6_3,31
pg6_3_img032,pg6_3,32
pg6_3_img033,pg6_3,33
pg6_3_img034,pg6_3,34
pg6_3_img035,pg6_3,35
pg6_3_img036,pg6_3,36
pg6_3_img037,pg6_3,37
pg6_3_img038,pg6_3,38
pg6_3_img039,pg6_3,39
pg6_3_img040,pg6_3,40
pg6_3_img041,pg6_3,41
pg6_3_img042,pg6_3,42
pg6_3_img043,pg6_3,43
pg6_3_img044,pg6_3,44
pg6_3_img045,pg6_3,45
pg6_3_img046,pg6_3,46
pg6_3_img047,pg6_3,47
pg6_3_img048,pg6_3,48
pg6_3_img049,pg6_3,49
pg6_3_img050,pg6_3,50
pg6_3_img051,pg6_3,51
pg6_3_img052,pg6_3,52
pg6_3_img053,pg6_3,53
pg6_3_img054,pg6_3,54
pg6_3_img055,pg6_3,55
pg6_3_img056,pg6_3,56
pg6_3_img057,pg6_3,57
pg6_3_img058,pg6_3,58
pg6_3_img059,pg6_3,59
pg6_3_img060,pg6_3,60
pg6_3_img061,pg6_3,61
pg6_3_img062,pg6_3,62
pg6_3_img063,pg6_3,63
pg6_3_img064,pg6_3,64
pg6_3_img065,pg6_3,65
pg6_3_img066,pg6_3,66
pg6_3_img067,pg6_3,67
pg6_3_img068,pg6_3,68
pg6_3_img069,pg6_3,69
pg6_3_img070,pg6_3,70
pg6_3_img071,pg6_3,71
pg6_3_img072,pg6_3,72
pg6_3_img073,pg6_3,73
pg6_3_img074,pg6_3,74
pg6_3_img075,pg6_3,75
pg6_3_img076,pg6_3,76
pg6_3_img077,pg6_3,77
pg6_3_img078,pg6_3,78
pg6_3_img079,pg6_3,79
pg6_3_img080,pg6_3,80
pg6_3_img081,pg6_3,81
pg6_3_img082,pg6_3,82
pg6_3_img083,pg6_3,83
pg6_3_img084,pg6_3,84
pg6_3_img085,pg6_3,85
pg6_3_img086,pg6_3,86
pg6_3_img087,pg6_3,87
pg6_3_img088,pg6_3,88
pg6_3_img089,pg6_3,89
pg6_3_img090,pg6_3,90
pg6_3_img091,pg6_3,91
pg6_3_img092,pg6_3,92
pg6_3_img093,pg6_3,93
pg6_3_img094,pg6_3,94
pg6_3_img095,pg6_3,95
pg6_3_img096,pg6_3,96
pg6_3_img097,pg6_3,97
pg6_4_img001,pg6_4,1
pg6_4_img002,pg6_4,2
pg6_4_img003,pg6_4,3
pg6_4_img004,pg6_4,4
pg6_4_img005,pg6_4,5
pg6_4_img006,pg6_4,6
pg6_4_img007,pg6_4,7
pg6_4_img008,pg6_4,8
pg6_4_img009,pg6_4,9
pg6_4_img010,pg6_4,10
pg6_4_img011,pg6_4,11
pg6_4_img012,pg6_4,12
pg6_4_img013,pg6_4,13
pg6_4_img014,pg6_4,14
pg6_4_img015,pg6_4,15
pg6_4_img016,pg6_4,16
pg6_4_img017,pg6_4,17
pg6_4_img018,pg6_4,18
pg6_4_img019,pg6_4,19
pg6_4_img020,pg6_4,20
pg6_4_img021,pg6_4,21
pg6_4_img022,pg6_4,22
pg6_4_img023,pg6_4,23
pg6_4_img024,pg6_4,24
pg6_4_img025,pg6_4,25
pg6_4_img026,pg6_4,26
pg6_4_img027,pg6_4,27
pg6_4_img028,pg6_4,28
pg6_4_img029,pg6_4,29
pg6_4_img030,pg6_4,30
pg6_4_img031,pg6_4,31
pg6_4_img032,pg6_4,32
pg6_4_img033,pg6_4,33
pg6_4_img034,pg6_4,34
pg6_4_img035,pg6_4,35
pg6_4_img036,pg6_4,36
pg6_4_img037,pg6_4,37
pg6_4_img038,pg6_4,38
pg6_4_img039,pg6_4,39
pg6_4_img040,pg6_4,40
pg6_4_img041,pg6_4,41
pg6_4_img042,pg6_4,42
pg6_4_img043,pg6_4,43
pg6_4_img044,pg6_4,44
pg6_4_img045,pg6_4,45
pg6_4_img046,pg6_4,46
pg6_4_img047,pg6_4,47
pg6_4_img048,pg6_4,48
pg6_4_img049,pg6_4,49
pg6_4_img050,pg6_4,50
pg6_4_img051,pg6_4,51
pg6_4_img052,pg6_4,52
pg6_4_img053,pg6_4,53
pg6_4_img054,pg6_4,54
pg6_4_img055,pg6_4,55
pg6_4_img056,pg6_4,56
pg6_4_img057,pg6_4,57
pg6_4_img058,pg6_4,58
pg6_4_img059,pg6_4,59
pg6_4_img060,pg6_4,60
pg6_4_img061,pg6_4,61
pg6_4_img062,pg6_4,62
pg6_4_img063,pg6_4,63
pg6_4_img064,pg6_4,64
pg6_4_img065,pg6_4,65
pg6_4_img066,pg6_4,66
pg6_4_img067,pg6_4,67
pg6_4_img068,pg6_4,68
pg6_4_img069,pg6_4,69
pg6_4_img070,pg6_4,70
pg6_4_img071,pg6_4,71
pg6_4_img072,pg6_4,72
pg6_4_img073,pg6_4,73
pg6_4_img074,pg6_4,74
pg6_4_img075,pg6_4,75
pg6_4_img076,pg6_4,76
pg6_4_img077,pg6_4,77
pg6_4_img078,pg6_4,78
pg6_4_img079,pg6_4,79
pg6_4_img080,pg6_4,80
pg6_4_img081,pg6_4,81
pg6_4_img082,pg6_4,82
pg6_4_img083,pg6_4,83
pg6_4_img084,pg6_4,84
pg6_4_img085,pg6_4,85
pg6_4_img086,pg6_4,86
pg6_4_img087,pg6_4,87
pg6_4_img088,pg6_4,88
pg6_4_img089,pg6_4,89
pg6_4_img090,pg6_4,90
pg6_4_img091,pg6_4,91
pg6_4_img092,pg6_4,92
pg6_4_img093,pg6_4,93
pg6_4_img094,pg6_4,94
pg6_4_img095,pg6_4,95
pg6_4_img096,pg6_4,96
pg6_4_img097,pg6_4,97
pg6_5_img001,pg6_5,1
pg6_5_img002,pg6_5,2
pg6_5_img003,pg6_5,3
pg6_5_img004,pg6_5,4
pg6_5_img005,pg6_5,5
pg6_5_img006,pg6_5,6
pg6_5_img007,pg6_5,7
pg6_5_img008,pg6_5,8
pg6_5_img009,pg6_5,9
pg6_5_img010,pg6_5,10
pg6_5_img011,pg6_5,11
pg6_5_img012,pg6_5,12
pg6_5_img013,pg6_5,13
pg6_5_img014,pg6_5,14
pg6_5_img015,pg6_5,15
pg6_5_img016,pg6_5,16
pg6_5_img017,pg6_5,17
pg6_5_img018,pg6_5,18
pg6_5_img019,pg6_5,19
pg6_5_img020,pg6_5,20
pg6_5_img021,pg6_5,21
pg6_5_img022,pg6_5,22
pg6_5_img023,pg6_5,23
pg6_5_img024,pg6_5,24
pg6_5_img025,pg6_5,25
pg6_5_img026,pg6_5,26
pg6_5_img027,pg6_5,27
pg6_5_img028,pg6_5,28
pg6_5_img029,pg6_5,29
pg6_5_img030,pg6_5,30
pg6_5_img031,pg6_5,31
pg6_5_img032,pg6_5,32
pg6_5_img033,pg6_5,33
pg6_5_img034,pg6_5,34
pg6_5_img035,pg6_5,35
pg6_5_img036,pg6_5,36
pg6_5_img037,pg6_5,37
pg6_5_img038,pg6_5,38
pg6_5_img039,pg6_5,39
pg6_5_img040,pg6_5,40
pg6_5_img041,pg6_5,41
pg6_5_img042,pg6_5,42
pg6_5_img043,pg6_5,43
pg6_5_img044,pg6_5,44
pg6_5_img045,pg6_5,45
pg6_5_img046,pg6_5,46
pg6_5_img047,pg6_5,47
pg6_5_img048,pg6_5,48
pg6_5_img049,pg6_5,49
pg6_5_img050,pg6_5,50
pg6_5_img051,pg6_5,51
pg6_5_img052,pg6_5,52
pg6_5_img053,pg6_5,53
pg6_5_img054,pg6_5,54
pg6_5_img055,pg6_5,55
pg6_5_img056,pg6_5,56
pg6_5_img057,pg6_5,57
pg6_5_img058,pg6_5,58
pg6_5_img059,pg6_5,59
pg6_5_img060,pg6_5,60
pg6_5_img061,pg6_5,61
pg6_5_img062,pg6_5,62
pg6_5_img063,pg6_5,63
pg6_5_img064,pg6_5,64
pg6_5_img065,pg6_5,65
pg6_5_img066,pg6_5,66
pg6_5_img067,pg6_5,67
pg6_5_img068,pg6_5,68
pg6_5_img069,pg6_5,69
pg6_5_img070,pg6_5,70
pg6_5_img071,pg6_5,71
pg6_5_img072,pg6_5,72
pg6_5_img073,pg6_5,73
pg6_5_img074,pg6_5,74
pg6_5_img075,pg6_5,75
pg6_5_img076,pg6_5,76
pg6_5_img077,pg6_5,77
pg6_5_img078,pg6_5,78
pg6_5_img079,pg6_5,79
pg6_5_img080,pg6_5,80
pg6_5_img081,pg6_5,81
pg6_5_img082,pg6_5,82
pg6_5_img083,pg6_5,83
pg6_5_img084,pg6_5,84
pg6_5_img085,pg6_5,85
pg6_5_img086,pg6_5,86
pg6_5_img087,pg6_5,87
pg6_5_img088,pg6_5,88
pg6_5_img089,pg6_5,89
pg6_5_img090,pg6_5,90
pg6_5_img091,pg6_5,91
pg6_5_img092,pg6_5,92
pg6_5_img093,pg6_5,93
pg6_5_img094,pg6_5,94
pg6_5_img095,pg6_5,95
pg6_5_img096,pg6_5,96
pg6_5_img097,pg6_5,97
pg6_6_img001,pg6_6,1
pg6_6_img002,pg6_6,2
pg6_6_img003,pg6_6,3
pg6_6_img004,pg6_6,4
pg6_6_img005,pg6_6,5
pg6_6_img006,pg6_6,6
pg6_6_img007,pg6_6,7
pg6_6_img008,pg6_6,8
pg6_6_img009,pg6_6,9
pg6_6_img010,pg6_6,10
pg6_6_img011,pg6_6,11
pg6_6_img012,pg6_6,12
pg6_6_img013,pg6_6,13
pg6_6_img014,pg6_6,14
pg6_6_img015,pg6_6,15
pg6_6_img016,pg6_6,16
pg6_6_img017,pg6_6,17
pg6_6_img018,pg6_6,18
pg6_6_img019,pg6_6,19
pg6_6_img020,pg6_6,20
pg6_6_img021,pg6_6,21
pg6_6_img022,pg6_6,22
pg6_6_img023,pg6_6,23
pg6_6_img024,pg6_6,24
pg6_6_img025,pg6_6,25
pg6_6_img026,pg6_6,26
pg6_6_img027,pg6_6,27
pg6_6_img028,pg6_6,28
pg6_6_img029,pg6_6,29
pg6_6_img030,pg6_6,30
pg6_6_img031,pg6_6,31
pg6_6_img032,pg6_6,32
pg6_6_img033,pg6_6,33
pg6_6_img034,pg6_6,34
pg6_6_img035,pg6_6,35
pg6_6_img036,pg6_6,36
pg6_6_img037,pg6_6,37
pg6_6_img038,pg6_6,38
pg6_6_img039,pg6_6,39
pg6_6_img040,pg6_6,40
pg6_6_img041,pg6_6,41
pg6_6_img042,pg6_6,42
pg6_6_img043,pg6_6,43
pg6_6_img044,pg6_6,44
pg6_6_img045,pg6_6,45
pg6_6_img046,pg6_6,46
pg6_6_img047,pg6_6,47
pg6_6_img048,pg6_6,48
pg6_6_img049,pg6_6,49
pg6_6_img050,pg6_6,50
pg6_6_img051,pg6_6,51
pg6_6_img052,pg6_6,52
pg6_6_img053,pg6_6,53
pg6_6_img054,pg6_6,54
pg6_6_img055,pg6_6,55
pg6_6_img056,pg6_6,56
pg6_6_img057,pg6_6,57
pg6_6_img058,pg6_6,58
pg6_6_img059,pg6_6,59
pg6_6_img060,pg6_6,60
pg6_6_img061,pg6_6,61
pg6_6_img062,pg6_6,62
pg6_6_img063,pg6_6,63
pg6_6_img064,pg6_6,64
pg6_6_img065,pg6_6,65
pg6_6_img066,pg6_6,66
pg6_6_img067,pg6_6,67
pg6_6_img068,pg6_6,68
pg6_6_img069,pg6_6,69
pg6_6_img070,pg6_6,70
pg6_6_img071,pg6_6,71
pg6_6_img072,pg6_6,72
pg6_6_img073,pg6_6,73
pg6_6_img074,pg6_6,74
pg6_6_img075,pg6_6,75
pg6_6_img076,pg6_6,76
pg6_6_img077,pg6_6,77
pg6_6_img078,pg6_6,78
pg6_6_img079,pg6_6,79
pg6_6_img080,pg6_6,80
pg6_6_img081,pg6_6,81
pg6_6_img082,pg6_6,82
pg6_6_img083,pg6_6,83
pg6_6_img084,pg6_6,84
pg6_6_img085,pg6_6,85
pg6_6_img086,pg6_6,86
pg6_6_img087,pg6_6,87
pg6_6_img088,pg6_6,88
pg6_6_img089,pg6_6,89
pg6_6_img090,pg6_6,90
pg6_6_img091,pg6_6,91
pg6_6_img092,pg6_6,92
pg6_6_img093,pg6_6,93
pg6_6_img094,pg6_6,94
pg6_6_img095,pg6_6,95
pg6_6_img096,pg6_6,96
pg6_6_img097,pg6_6,97
pg6_7_img001,pg6_7,1
pg6_7_img002,pg6_7,2
pg6_7_img003,pg6_7,3
pg6_7_img004,pg6_7,4
pg6_7_img005,pg6_7,5
pg6_7_img006,pg6_7,6
pg6_7_img007,pg6_7,7
pg6_7_img008,pg6_7,8
pg6_7_img009,pg6_7,9
pg6_7_img010,pg6_7,10
pg6_7_img011,pg6_7,11
pg6_7_img012,pg6_7,12
pg6_7_img013,pg6_7,13
pg6_7_img014,pg6_7,14
pg6_7_img015,pg6_7,15
pg6_7_img016,pg6_7,16
pg6_7_img017,pg6_7,17
pg6_7_img018,pg6_7,18
pg6_7_img019,pg6_7,19
pg6_7_img020,pg6_7,20
pg6_7_img021,pg6_7,21
pg6_7_img022,pg6_7,22
pg6_7_img023,pg6_7,23
pg6_7_img024,pg6_7,24
pg6_7_img025,pg6_7,25
pg6_7_img026,pg6_7,26
pg6_7_img027,pg6_7,27
pg6_7_img028,pg6_7,28
pg6_7_img029,pg6_7,29
pg6_7_img030,pg6_7,30
pg6_7_img031,pg6_7,31
pg6_7_img032,pg6_7,32
pg6_7_img033,pg6_7,33
pg6_7_img034,pg6_7,34
pg6_7_img035,pg6_7,35
pg6_7_img036,pg6_7,36
pg6_7_img037,pg6_7,37
pg6_7_img038,pg6_7,38
pg6_7_img039,pg6_7,39
pg6_7_img040,pg6_7,40
pg6_7_img041,pg6_7,41
pg6_7_img042,pg6_7,42
pg6_7_img043,pg6_7,43
pg6_7_img044,pg6_7,44
pg6_7_img045,pg6_7,45
pg6_7_img046,pg6_7,46
pg6_7_img047,pg6_7,47
pg6_7_img048,pg6_7,48
pg6_7_img049,pg6_7,49
pg6_7_img050,pg6_7,50
pg6_7_img051,pg6_7,51
pg6_7_img052,pg6_7,52
pg6_7_img053,pg6_7,53
pg6_7_img054,pg6_7,54
pg6_7_img055,pg6_7,55
pg6_7_img056,pg6_7,56
pg6_7_img057,pg6_7,57
pg6_7_img058,pg6_7,58
pg6_7_img059,pg6_7,59
pg6_7_img060,pg6_7,60
pg6_7_img061,pg6_7,61
pg6_7_img062,pg6_7,62
pg6_7_img063,pg6_7,63
pg6_7_img064,pg6_7,64
pg6_7_img065,pg6_7,65
pg6_7_img066,pg6_7,66
pg6_7_img067,pg6_7,67
pg6_7_img068,pg6_7,68
pg6_7_img069,pg6_7,69
pg6_7_img070,pg6_7,70
pg6_7_img071,pg6_7,71
pg6_7_img072,pg6_7,72
pg6_7_img073,pg6_7,73
pg6_7_img074,pg6_7,74
pg6_7_img075,pg6_7,75
pg6_7_img076,pg6_7,76
pg6_7_img077,pg6_7,77
pg6_7_img078,pg6_7,78
pg6_7_img079,pg6_7,79
pg6_7_img080,pg6_7,80
pg6_7_img081,pg6_7,81
pg6_7_img082,pg6_7,82
pg6_7_img083,pg6_7,83
pg6_7_img084,pg6_7,84
pg6_7_img085,pg6_7,85
pg6_7_img086,pg6_7,86
pg6_7_img087,pg6_7,87
pg6_7_img088,pg6_7,88
pg6_7_img089,pg6_7,89
pg6_7_img090,pg6_7,90
pg6_7_img091,pg6_7,91
pg6_7_img092,pg6_7,92
pg6_7_img093,pg6_7,93
pg6_7_img094,pg6_7,94
pg6_7_img095,pg6_7,95
pg6_7_img096,pg6_7,96
pg6_7_img097,pg6_7,97
pg6_8_img001,pg6_8,1
pg6_8_img002,pg6_8,2
pg6_8_img003,pg6_8,3
pg6_8_img004,pg6_8,4
pg6_8_img005,pg6_8,5
pg6_8_img006,pg6_8,6
pg6_8_img007,pg6_8,7
pg6_8_img008,pg6_8,8
pg6_8_img009,pg6_8,9
pg6_8_img010,pg6_8,10
pg6_8_img011,pg6_8,11
pg6_8_img012,pg6_8,12
pg6_8_img013,pg6_8,13
pg6_8_img014,pg6_8,14
pg6_8_img015,pg6_8,15
pg6_8_img016,pg6_8,16
pg6_8_img017,pg6_8,17
pg6_8_img018,pg6_8,18
pg6_8_img019,pg6_8,19
pg6_8_img020,pg6_8,20
pg6_8_img021,pg6_8,21
pg6_8_img022,pg6_8,22
pg6_8_img023,pg6_8,23
pg6_8_img024,pg6_8,24
pg6_8_img025,pg6_8,25
pg6_8_img026,pg6_8,26
pg6_8_img027,pg6_8,27
pg6_8_img028,pg6_8,28
pg6_8_img029,pg6_8,29
pg6_8_img030,pg6_8,30
pg6_8_img031,pg6_8,31
pg6_8_img032,pg6_8,32
pg6_8_img033,pg6_8,33
pg6_8_img034,pg6_8,34
pg6_8_img035,pg6_8,35
pg6_8_img036,pg6_8,36
pg6_8_img037,pg6_8,37
pg6_8_img038,pg6_8,38
pg6_8_img039,pg6_8,39
pg6_8_img040,pg6_8,40
pg6_8_img041,pg6_8,41
pg6_8_img042,pg6_8,42
pg6_8_img043,pg6_8,43
pg6_8_img044,pg6_8,44
pg6_8_img045,pg6_8,45
pg6_8_img046,pg6_8,46
pg6_8_img047,pg6_8,47
pg6_8_img048,pg6_8,48
pg6_8_img049,pg6_8,49
pg6_8_img050,pg6_8,50
pg6_8_img051,pg6_8,51
pg6_8_img052,pg6_8,52
pg6_8_img053,pg6_8,53
pg6_8_img054,pg6_8,54
pg6_8_img055,pg6_8,55
pg6_8_img056,pg6_8,56
pg6_8_img057,pg6_8,57
pg6_8_img058,pg6_8,58
pg6_8_img059,pg6_8,59
pg6_8_img060,pg6_8,60
pg6_8_img061,pg6_8,61
pg6_8_img062,pg6_8,62
pg6_8_img063,pg6_8,63
pg6_8_img064,pg6_8,64
pg6_8_img065,pg6_8,65
pg6_8_img066,pg6_8,66
pg6_8_img067,pg6_8,67
pg6_8_img068,pg6_8,68
pg6_8_img069,pg6_8,69
pg6_8_img070,pg6_8,70
pg6_8_img071,pg6_8,71
pg6_8_img072,pg6_8,72
pg6_8_img073,pg6_8,73
pg6_8_img074,pg6_8,74
pg6_8_img075,pg6_8,75
pg6_8_img076,pg6_8,76
pg6_8_img077,pg6_8,77
pg6_8_img078,pg6_8,78
pg6_8_img079,pg6_8,79
pg6_8_img080,pg6_8,80
pg6_8_img081,pg6_8,81
pg6_8_img082,pg6_8,82
pg6_8_img083,pg6_8,83
pg6_8_img084,pg6_8,84
pg6_8_img085,pg6_8,85
pg6_8_img086,pg6_8,86
pg6_8_img087,pg6_8,87
pg6_8_img088,pg6_8,88
pg6_8_img089,pg6_8,89
pg6_8_img090,pg6_8,90
pg6_8_img091,pg6_8,91
pg6_8_img092,pg6_8,92
pg6_8_img093,pg6_8,93
pg6_8_img094,pg6_8,94
pg6_8_img095,pg6_8,95
pg6_8_img096,pg6_8,96
pg6_8_img097,pg6_8,97
pg6_9_img001,pg6_9,1
pg6_9_img002,pg6_9,2
pg6_9_img003,pg6_9,3
pg6_9_img004,pg6_9,4
pg6_9_img005,pg6_9,5
pg6_9_img006,pg6_9,6
pg6_9_img007,pg6_9,7
pg6_9_img008,pg6_9,8
pg6_9_img009,pg6_9,9
pg6_9_img010,pg6_9,10
pg6_9_img011,pg6_9,11
pg6_9_img012,pg6_9,12
pg6_9_img013,pg6_9,13
pg6_9_img014,pg6_9,14
pg6_9_img015,pg6_9,15
pg6_9_img016,pg6_9,16
pg6_9_img017,pg6_9,17
pg6_9_img018,pg6_9,18
pg6_9_img019,pg6_9,19
pg6_9_img020,pg6_9,20
pg6_9_img021,pg6_9,21
pg6_9_img022,pg6_9,22
pg6_9_img023,pg6_9,23
pg6_9_img024,pg6_9,24
pg6_9_img025,pg6_9,25
pg6_9_img026,pg6_9,26
pg6_9_img027,pg6_9,27
pg6_9_img028,pg6_9,28
pg6_9_img029,pg6_9,29
pg6_9_img030,pg6_9,30
pg6_9_img031,pg6_9,31
pg6_9_img032,pg6_9,32
pg6_9_img033,pg6_9,33
pg6_9_img034,pg6_9,34
pg6_9_img035,pg6_9,35
pg6_9_img036,pg6_9,36
pg6_9_img037,pg6_9,37
pg6_9_img038,pg6_9,38
pg6_9_img039,pg6_9,39
pg6_9_img040,pg6_9,40
pg6_9_img041,pg6_9,41
pg6_9_img042,pg6_9,42
pg6_9_img043,pg6_9,43
pg6_9_img044,pg6_9,44
pg6_9_img045,pg6_9,45
pg6_9_img046,pg6_9,46
pg6_9_img047,pg6_9,47
pg6_9_img048,pg6_9,48
pg6_9_img049,pg6_9,49
pg6_9_img050,pg6_9,50
pg6_9_img051,pg6_9,51
pg6_9_img052,pg6_9,52
pg6_9_img053,pg6_9,53
pg6_9_img054,pg6_9,54
pg6_9_img055,pg6_9,55
pg6_9_img056,pg6_9,56
pg6_9_img057,pg6_9,57
pg6_9_img058,pg6_9,58
pg6_9_img059,pg6_9,59
pg6_9_img060,pg6_9,60
pg6_9_img061,pg6_9,61
pg6_9_img062,pg6_9,62
pg6_9_img063,pg6_9,63
pg6_9_img064,pg6_9,64
pg6_9_img065,pg6_9,65
pg6_9_img066,pg6_9,66
pg6_9_img067,pg6_9,67
pg6_9_img068,pg6_9,68
pg6_9_img069,pg6_9,69
pg6_9_img070,pg6_9,70
pg6_9_img071,pg6_9,71
pg6_9_img072,pg6_9,72
pg6_9_img073,pg6_9,73
pg6_9_img074,pg6_9,74
pg6_9_img075,pg6_9,75
pg6_9_img076,pg6_9,76
pg6_9_img077,pg6_9,77
pg6_9_img078,pg6_9,78
pg6_9_img079,pg6_9,79
pg6_9_img080,pg6_9,80
pg6_9_img081,pg6_9,81
pg6_9_img082,pg6_9,82
pg6_9_img083,pg6_9,83
pg6_9_img084,pg6_9,84
pg6_9_img085,pg6_9,85
pg6_9_img086,pg6_9,86
pg6_9_img087,pg6_9,87
pg6_9_img088,pg6_9,88
pg6_9_img089,pg6_9,89
pg6_9_img090,pg6_9,90
pg6_9_img091,pg6_9,91
pg6_9_img092,pg6_9,92
pg6_9_img093,pg6_9,93
pg6_9_img094,pg6_9,94
pg6_9_img095,pg6_9,95
pg6_9_img096,pg6_9,96
pg6_9_img097,pg6_9,97
pg7_1_img001,pg7_1,1
pg7_1_img002,pg7_1,2
pg7_1_img003,pg7_1,3
pg7_1_img004,pg7_1,4
pg7_1_img005,pg7_1,5
pg7_1_img006,pg7_1,6
pg7_1_img007,pg7_1,7
pg7_1_img008,pg7_1,8
pg7_1_img009,pg7_1,9
pg7_1_img010,pg7_1,10
pg7_1_img011,pg7_1,11
pg7_1_img012,pg7_1,12
pg7_1_img013,pg7_1,13
pg7_1_img014,pg7_1,14
pg7_1_img015,pg7_1,15
pg7_1_img016,pg7_1,16
pg7_1_img017,pg7_1,17
pg7_1_img018,pg7_1,18
pg7_1_img019,pg7_1,19
pg7_1_img020,pg7_1,20
pg7_1_img021,pg7_1,21
pg7_1_img022,pg7_1,22
pg7_1_img023,pg7_1,23
pg7_1_img024,pg7_1,24
pg7_1_img025,pg7_1,25
pg7_1_img026,pg7_1,26
pg7_1_img027,pg7_1,27
pg7_1_img028,pg7_1,28
pg7_1_img029,pg7_1,29
pg7_1_img030,pg7_1,30
pg7_1_img031,pg7_1,31
pg7_1_img032,pg7_1,32
pg7_1_img033,pg7_1,33
pg7_1_img034,pg7_1,34
pg7_1_img035,pg7_1,35
pg7_1_img036,pg7_1,36
pg7_1_img037,pg7_1,37
pg7_1_img038,pg7_1,38
pg7_1_img039,pg7_1,39
pg7_1_img040,pg7_1,40
pg7_1_img041,pg7_1,41
pg7_1_img042,pg7_1,42
pg7_1_img043,pg7_1,43
pg7_1_img044,pg7_1,44
pg7_1_img045,pg7_1,45
pg7_1_img046,pg7_1,46
pg7_1_img047,pg7_1,47
pg7_1_img048,pg7_1,48
pg7_1_img049,pg7_1,49
pg7_1_img050,pg7_1,50
pg7_1_img051,pg7_1,51
pg7_1_img052,pg7_1,52
pg7_1_img053,pg7_1,53
pg7_1_img054,pg7_1,54
pg7_1_img055,pg7_1,55
pg7_1_img056,pg7_1,56
pg7_1_img057,pg7_1,57
pg7_1_img058,pg7_1,58
pg7_1_img059,pg7_1,59
pg7_1_img060,pg7_1,60
pg7_1_img061,pg7_1,61
pg7_1_img062,pg7_1,62
pg7_1_img063,pg7_1,63
pg7_1_img064,pg7_1,64
pg7_1_img065,pg7_1,65
pg7_1_img066,pg7_1,66
pg7_1_img067,pg7_1,67
pg7_1_img068,pg7_1,68
pg7_1_img069,pg7_1,69
pg7_1_img070,pg7_1,70
pg7_1_img071,pg7_1,71
pg7_1_img072,pg7_1,72
pg7_1_img073,pg7_1,73
pg7_1_img074,pg7_1,74
pg7_1_img075,pg7_1,75
pg7_1_img076,pg7_1,76
pg7_1_img077,pg7_1,77
pg7_1_img078,pg7_1,78
pg7_1_img079,pg7_1,79
pg7_1_img080,pg7_1,80
pg7_1_img081,pg7_1,81
pg7_1_img082,pg7_1,82
pg7_1_img083,pg7_1,83
pg7_1_img084,pg7_1,84
pg7_1_img085,pg7_1,85
pg7_1_img086,pg7_1,86
pg7_1_img087,pg7_1,87
pg7_1_img088,pg7_1,88
pg7_1_img089,pg7_1,89
pg7_1_img090,pg7_1,90
pg7_1_img091,pg7_1,91
pg7_1_img092,pg7_1,92
pg7_1_img093,pg7_1,93
pg7_1_img094,pg7_1,94
pg7_1_img095,pg7_1,95
pg7_1_img096,pg7_1,96
pg7_1_img097,pg7_1,97
pg7_10_img001,pg7_10,1
pg7_10_img002,pg7_10,2
pg7_10_img003,pg7_10,3
pg7_10_img004,pg7_10,4
pg7_10_img005,pg7_10,5
pg7_10_img006,pg7_10,6
pg7_10_img007,pg7_10,7
pg7_10_img008,pg7_10,8
pg7_10_img009,pg7_10,9
pg7_10_img010,pg7_10,10
pg7_10_img011,pg7_10,11
pg7_10_img012,pg7_10,12
pg7_10_img013,pg7_10,13
pg7_10_img014,pg7_10,14
pg7_10_img015,pg7_10,15
pg7_10_img016,pg7_10,16
pg7_10_img017,pg7_10,17
pg7_10_img018,pg7_10,18
pg7_10_img019,pg7_10,19
pg7_10_img020,pg7_10,20
pg7_10_img021,pg7_10,21
pg7_10_img022,pg7_10,22
pg7_10_img023,pg7_10,23
pg7_10_img024,pg7_10,24
pg7_10_img025,pg7_10,25
pg7_10_img026,pg7_10,26
pg7_10_img027,pg7_10,27
pg7_10_img028,pg7_10,28
pg7_10_img029,pg7_10,29
pg7_10_img030,pg7_10,30
pg7_10_img031,pg7_10,31
pg7_10_img032,pg7_10,32
pg7_10_img033,pg7_10,33
pg7_10_img034,pg7_10,34
pg7_10_img035,pg7_10,35
pg7_10_img036,pg7_10,36
pg7_10_img037,pg7_10,37
pg7_10_img038,pg7_10,38
pg7_10_img039,pg7_10,39
pg7_10_img040,pg7_10,40
pg7_10_img041,pg7_10,41
pg7_10_img042,pg7_10,42
pg7_10_img043,pg7_10,43
pg7_10_img044,pg7_10,44
pg7_10_img045,pg7_10,45
pg7_10_img046,pg7_10,46
pg7_10_img047,pg7_10,47
pg7_10_img048,pg7_10,48
pg7_10_img049,pg7_10,49
pg7_10_img050,pg7_10,50
pg7_10_img051,pg7_10,51
pg7_10_img052,pg7_10,52
pg7_10_img053,pg7_10,53
pg7_10_img054,pg7_10,54
pg7_10_img055,pg7_10,55
pg7_10_img056,pg7_10,56
pg7_10_img057,pg7_10,57
pg7_10_img058,pg7_10,58
pg7_10_img059,pg7_10,59
pg7_10_img060,pg7_10,60
pg7_10_img061,pg7_10,61
pg7_10_img062,pg7_10,62
pg7_10_img063,pg7_10,63
pg7_10_img064,pg7_10,64
pg7_10_img065,pg7_10,65
pg7_10_img066,pg7_10,66
pg7_10_img067,pg7_10,67
pg7_10_img068,pg7_10,68
pg7_10_img069,pg7_10,69
pg7_10_img070,pg7_10,70
pg7_10_img071,pg7_10,71
pg7_10_img072,pg7_10,72
pg7_10_img073,pg7_10,73
pg7_10_img074,pg7_10,74
pg7_10_img075,pg7_10,75
pg7_10_img076,pg7_10,76
pg7_10_img077,pg7_10,77
pg7_10_img078,pg7_10,78
pg7_10_img079,pg7_10,79
pg7_10_img080,pg7_10,80
pg7_10_img081,pg7_10,81
pg7_10_img082,pg7_10,82
pg7_10_img083,pg7_10,83
pg7_10_img084,pg7_10,84
pg7_10_img085,pg7_10,85
pg7_10_img086,pg7_10,86
pg7_10_img087,pg7_10,87
pg7_10_img088,pg7_10,88
pg7_10_img089,pg7_10,89
pg7_10_img090,pg7_10,90
pg7_10_img091,pg7_10,91
pg7_10_img092,pg7_10,92
pg7_10_img093,pg7_10,93
pg7_10_img094,pg7_10,94
pg7_10_img095,pg7_10,95
pg7_10_img096,pg7_10,96
pg7_10_img097,pg7_10,97
pg7_11_img001,pg7_11,1
pg7_11_img002,pg7_11,2
pg7_11_img003,pg7_11,3
pg7_11_img004,pg7_11,4
pg7_11_img005,pg7_11,5
pg7_11_img006,pg7_11,6
pg7_11_img007,pg7_11,7
pg7_11_img008,pg7_11,8
pg7_11_img009,pg7_11,9
pg7_11_img010,pg7_11,10
pg7_11_img011,pg7_11,11
pg7_11_img012,pg7_11,12
pg7_11_img013,pg7_11,13
pg7_11_img014,pg7_11,14
pg7_11_img015,pg7_11,15
pg7_11_img016,pg7_11,16
pg7_11_img017,pg7_11,17
pg7_11_img018,pg7_11,18
pg7_11_img019,pg7_11,19
pg7_11_img020,pg7_11,20
pg7_11_img021,pg7_11,21
pg7_11_img022,pg7_11,22
pg7_11_img023,pg7_11,23
pg7_11_img024,pg7_11,24
pg7_11_img025,pg7_11,25
pg7_11_img026,pg7_11,26
pg7_11_img027,pg7_11,27
pg7_11_img028,pg7_11,28
pg7_11_img029,pg7_11,29
pg7_11_img030,pg7_11,30
pg7_11_img031,pg7_11,31
pg7_11_img032,pg7_11,32
pg7_11_img033,pg7_11,33
pg7_11_img034,pg7_11,34
pg7_11_img035,pg7_11,35
pg7_11_img036,pg7_11,36
pg7_11_img037,pg7_11,37
pg7_11_img038,pg7_11,38
pg7_11_img039,pg7_11,39
pg7_11_img040,pg7_11,40
pg7_11_img041,pg7_11,41
pg7_11_img042,pg7_11,42
pg7_11_img043,pg7_11,43
pg7_11_img044,pg7_11,44
pg7_11_img045,pg7_11,45
pg7_11_img046,pg7_11,46
pg7_11_img047,pg7_11,47
pg7_11_img048,pg7_11,48
pg7_11_img049,pg7_11,49
pg7_11_img050,pg7_11,50
pg7_11_img051,pg7_11,51
pg7_11_img052,pg7_11,52
pg7_11_img053,pg7_11,53
pg7_11_img054,pg7_11,54
pg7_11_img055,pg7_11,55
pg7_11_img056,pg7_11,56
pg7_11_img057,pg7_11,57
pg7_11_img058,pg7_11,58
pg7_11_img059,pg7_11,59
pg7_11_img060,pg7_11,60
pg7_11_img061,pg7_11,61
pg7_11_img062,pg7_11,62
pg7_11_img063,pg7_11,63
pg7_11_img064,pg7_11,64
pg7_11_img065,pg7_11,65
pg7_11_img066,pg7_11,66
pg7_11_img067,pg7_11,67
pg7_11_img068,pg7_11,68
pg7_11_img069,pg7_11,69
pg7_11_img070,pg7_11,70
pg7_11_img071,pg7_11,71
pg7_11_img072,pg7_11,72
pg7_11_img073,pg7_11,73
pg7_11_img074,pg7_11,74
pg7_11_img075,pg7_11,75
pg7_11_img076,pg7_11,76
pg7_11_img077,pg7_11,77
pg7_11_img078,pg7_11,78
pg7_11_img079,pg7_11,79
pg7_11_img080,pg7_11,80
pg7_11_img081,pg7_11,81
pg7_11_img082,pg7_11,82
pg7_11_img083,pg7_11,83
pg7_11_img084,pg7_11,84
pg7_11_img085,pg7_11,85
pg7_11_img086,pg7_11,86
pg7_11_img087,pg7_11,87
pg7_11_img088,pg7_11,88
pg7_11_img089,pg7_11,89
pg7_11_img090,pg7_11,90
pg7_11_img091,pg7_11,91
pg7_11_img092,pg7_11,92
pg7_11_img093,pg7_11,93
pg7_11_img094,pg7_11,94
pg7_11_img095,pg7_11,95
pg7_11_img096,pg7_11,96
pg7_11_img097,pg7_11,97
pg7_12_img001,pg7_12,1
pg7_12_img002,pg7_12,2
pg7_12_img003,pg7_12,3
pg7_12_img004,pg7_12,4
pg7_12_img005,pg7_12,5
pg7_12_img006,pg7_12,6
pg7_12_img007,pg7_12,7
pg7_12_img008,pg7_12,8
pg7_12_img009,pg7_12,9
pg7_12_img010,pg7_12,10
pg7_12_img011,pg7_12,11
pg7_12_img012,pg7_12,12
pg7_12_img013,pg7_12,13
pg7_12_img014,pg7_12,14
pg7_12_img015,pg7_12,15
pg7_12_img016,pg7_12,16
pg7_12_img017,pg7_12,17
pg7_12_img018,pg7_12,18
pg7_12_img019,pg7_12,19
pg7_12_img020,pg7_12,20
pg7_12_img021,pg7_12,21
pg7_12_img022,pg7_12,22
pg7_12_img023,pg7_12,23
pg7_12_img024,pg7_12,24
pg7_12_img025,pg7_12,25
pg7_12_img026,pg7_12,26
pg7_12_img027,pg7_12,27
pg7_12_img028,pg7_12,28
pg7_12_img029,pg7_12,29
pg7_12_img030,pg7_12,30
pg7_12_img031,pg7_12,31
pg7_12_img032,pg7_12,32
pg7_12_img033,pg7_12,33
pg7_12_img034,pg7_12,34
pg7_12_img035,pg7_12,35
pg7_12_img036,pg7_12,36
pg7_12_img037,pg7_12,37
pg7_12_img038,pg7_12,38
pg7_12_img039,pg7_12,39
pg7_12_img040,pg7_12,40
pg7_12_img041,pg7_12,41
pg7_12_img042,pg7_12,42
pg7_12_img043,pg7_12,43
pg7_12_img044,pg7_12,44
pg7_12_img045,pg7_12,45
pg7_12_img046,pg7_12,46
pg7_12_img047,pg7_12,47
pg7_12_img048,pg7_12,48
pg7_12_img049,pg7_12,49
pg7_12_img050,pg7_12,50
pg7_12_img051,pg7_12,51
pg7_12_img052,pg7_12,52
pg7_12_img053,pg7_12,53
pg7_12_img054,pg7_12,54
pg7_12_img055,pg7_12,55
pg7_12_img056,pg7_12,56
pg7_12_img057,pg7_12,57
pg7_12_img058,pg7_12,58
pg7_12_img059,pg7_12,59
pg7_12_img060,pg7_12,60
pg7_12_img061,pg7_12,61
pg7_12_img062,pg7_12,62
pg7_12_img063,pg7_12,63
pg7_12_img064,pg7_12,64
pg7_12_img065,pg7_12,65
pg7_12_img066,pg7_12,66
pg7_12_img067,pg7_12,67
pg7_12_img068,pg7_12,68
pg7_12_img069,pg7_12,69
pg7_12_img070,pg7_12,70
pg7_12_img071,pg7_12,71
pg7_12_img072,pg7_12,72
pg7_12_img073,pg7_12,73
pg7_12_img074,pg7_12,74
pg7_12_img075,pg7_12,75
pg7_12_img076,pg7_12,76
pg7_12_img077,pg7_12,77
pg7_12_img078,pg7_12,78
pg7_12_img079,pg7_12,79
pg7_12_img080,pg7_12,80
pg7_12_img081,pg7_12,81
pg7_12_img082,pg7_12,82
pg7_12_img083,pg7_12,83
pg7_12_img084,pg7_12,84
pg7_12_img085,pg7_12,85
pg7_12_img086,pg7_12,86
pg7_12_img087,pg7_12,87
pg7_12_img088,pg7_12,88
pg7_12_img089,pg7_12,89
pg7_12_img090,pg7_12,90
pg7_12_img091,pg7_12,91
pg7_12_img092,pg7_12,92
pg7_12_img093,pg7_12,93
pg7_12_img094,pg7_12,94
pg7_12_img095,pg7_12,95
pg7_12_img096,pg7_12,96
pg7_12_img097,pg7_12,97
pg7_2_img001,pg7_2,1
pg7_2_img002,pg7_2,2
pg7_2_img003,pg7_2,3
pg7_2_img004,pg7_2,4
pg7_2_img005,pg7_2,5
pg7_2_img006,pg7_2,6
pg7_2_img007,pg7_2,7
pg7_2_img008,pg7_2,8
pg7_2_img009,pg7_2,9
pg7_2_img010,pg7_2,10
pg7_2_img011,pg7_2,11
pg7_2_img012,pg7_2,12
pg7_2_img013,pg7_2,13
pg7_2_img014,pg7_2,14
pg7_2_img015,pg7_2,15
pg7_2_img016,pg7_2,16
pg7_2_img017,pg7_2,17
pg7_2_img018,pg7_2,18
pg7_2_img019,pg7_2,19
pg7_2_img020,pg7_2,20
pg7_2_img021,pg7_2,21
pg7_2_img022,pg7_2,22
pg7_2_img023,pg7_2,23
pg7_2_img024,pg7_2,24
pg7_2_img025,pg7_2,25
pg7_2_img026,pg7_2,26
pg7_2_img027,pg7_2,27
pg7_2_img028,pg7_2,28
pg7_2_img029,pg7_2,29
pg7_2_img030,pg7_2,30
pg7_2_img031,pg7_2,31
pg7_2_img032,pg7_2,32
pg7_2_img033,pg7_2,33
pg7_2_img034,pg7_2,34
pg7_2_img035,pg7_2,35
pg7_2_img036,pg7_2,36
pg7_2_img037,pg7_2,37
pg7_2_img038,pg7_2,38
pg7_2_img039,pg7_2,39
pg7_2_img040,pg7_2,40
pg7_2_img041,pg7_2,41
pg7_2_img042,pg7_2,42
pg7_2_img043,pg7_2,43
pg7_2_img044,pg7_2,44
pg7_2_img045,pg7_2,45
pg7_2_img046,pg7_2,46
pg7_2_img047,pg7_2,47
pg7_2_img048,pg7_2,48
pg7_2_img049,pg7_2,49
pg7_2_img050,pg7_2,50
pg7_2_img051,pg7_2,51
pg7_2_img052,pg7_2,52
pg7_2_img053,pg7_2,53
pg7_2_img054,pg7_2,54
pg7_2_img055,pg7_2,55
pg7_2_img056,pg7_2,56
pg7_2_img057,pg7_2,57
pg7_2_img058,pg7_2,58
pg7_2_img059,pg7_2,59
pg7_2_img060,pg7_2,60
pg7_2_img061,pg7_2,61
pg7_2_img062,pg7_2,62
pg7_2_img063,pg7_2,63
pg7_2_img064,pg7_2,64
pg7_2_img065,pg7_2,65
pg7_2_img066,pg7_2,66
pg7_2_img067,pg7_2,67
pg7_2_img068,pg7_2,68
pg7_2_img069,pg7_2,69
pg7_2_img070,pg7_2,70
pg7_2_img071,pg7_2,71
pg7_2_img072,pg7_2,72
pg7_2_img073,pg7_2,73
pg7_2_img074,pg7_2,74
pg7_2_img075,pg7_2,75
pg7_2_img076,pg7_2,76
pg7_2_img077,pg7_2,77
pg7_2_img078,pg7_2,78
pg7_2_img079,pg7_2,79
pg7_2_img080,pg7_2,80
pg7_2_img081,pg7_2,81
pg7_2_img082,pg7_2,82
pg7_2_img083,pg7_2,83
pg7_2_img084,pg7_2,84
pg7_2_img085,pg7_2,85
pg7_2_img086,pg7_2,86
pg7_2_img087,pg7_2,87
pg7_2_img088,pg7_2,88
pg7_2_img089,pg7_2,89
pg7_2_img090,pg7_2,90
pg7_2_img091,pg7_2,91
pg7_2_img092,pg7_2,92
pg7_2_img093,pg7_2,93
pg7_2_img094,pg7_2,94
pg7_2_img095,pg7_2,95
pg7_2_img096,pg7_2,96
pg7_2_img097,pg7_2,97
pg7_3_img001,pg7_3,1
pg7_3_img002,pg7_3,2
pg7_3_img003,pg7_3,3
pg7_3_img004,pg7_3,4
pg7_3_img005,pg7_3,5
pg7_3_img006,pg7_3,6
pg7_3_img007,pg7_3,7
pg7_3_img008,pg7_3,8
pg7_3_img009,pg7_3,9
pg7_3_img010,pg7_3,10
pg7_3_img011,pg7_3,11
pg7_3_img012,pg7_3,12
pg7_3_img013,pg7_3,13
pg7_3_img014,pg7_3,14
pg7_3_img015,pg7_3,15
pg7_3_img016,pg7_3,16
pg7_3_img017,pg7_3,17
pg7_3_img018,pg7_3,18
pg7_3_img019,pg7_3,19
pg7_3_img020,pg7_3,20
pg7_3_img021,pg7_3,21
pg7_3_img022,pg7_3,22
pg7_3_img023,pg7_3,23
pg7_3_img024,pg7_3,24
pg7_3_img025,pg7_3,25
pg7_3_img026,pg7_3,26
pg7_3_img027,pg7_3,27
pg7_3_img028,pg7_3,28
pg7_3_img029,pg7_3,29
pg7_3_img030,pg7_3,30
pg7_3_img031,pg7_3,31
pg7_3_img032,pg7_3,32
pg7_3_img033,pg7_3,33
pg7_3_img034,pg7_3,34
pg7_3_img035,pg7_3,35
pg7_3_img036,pg7_3,36
pg7_3_img037,pg7_3,37
pg7_3_img038,pg7_3,38
pg7_3_img039,pg7_3,39
pg7_3_img040,pg7_3,40
pg7_3_img041,pg7_3,41
pg7_3_img042,pg7_3,42
pg7_3_img043,pg7_3,43
pg7_3_img044,pg7_3,44
pg7_3_img045,pg7_3,45
pg7_3_img046,pg7_3,46
pg7_3_img047,pg7_3,47
pg7_3_img048,pg7_3,48
pg7_3_img049,pg7_3,49
pg7_3_img050,pg7_3,50
pg7_3_img051,pg7_3,51
pg7_3_img052,pg7_3,52
pg7_3_img053,pg7_3,53
pg7_3_img054,pg7_3,54
pg7_3_img055,pg7_3,55
pg7_3_img056,pg7_3,56
pg7_3_img057,pg7_3,57
pg7_3_img058,pg7_3,58
pg7_3_img059,pg7_3,59
pg7_3_img060,pg7_3,60
pg7_3_img061,pg7_3,61
pg7_3_img062,pg7_3,62
pg7_3_img063,pg7_3,63
pg7_3_img064,pg7_3,64
pg7_3_img065,pg7_3,65
pg7_3_img066,pg7_3,66
pg7_3_img067,pg7_3,67
pg7_3_img068,pg7_3,68
pg7_3_img069,pg7_3,69
pg7_3_img070,pg7_3,70
pg7_3_img071,pg7_3,71
pg7_3_img072,pg7_3,72
pg7_3_img073,pg7_3,73
pg7_3_img074,pg7_3,74
pg7_3_img075,pg7_3,75
pg7_3_img076,pg7_3,76
pg7_3_img077,pg7_3,77
pg7_3_img078,pg7_3,78
pg7_3_img079,pg7_3,79
pg7_3_img080,pg7_3,80
pg7_3_img081,pg7_3,81
pg7_3_img082,pg7_3,82
pg7_3_img083,pg7_3,83
pg7_3_img084,pg7_3,84
pg7_3_img085,pg7_3,85
pg7_3_img086,pg7_3,86
pg7_3_img087,pg7_3,87
pg7_3_img088,pg7_3,88
pg7_3_img089,pg7_3,89
pg7_3_img090,pg7_3,90
pg7_3_img091,pg7_3,91
pg7_3_img092,pg7_3,92
pg7_3_img093,pg7_3,93
pg7_3_img094,pg7_3,94
pg7_3_img095,pg7_3,95
pg7_3_img096,pg7_3,96
pg7_3_img097,pg7_3,97
pg7_4_img001,pg7_4,1
pg7_4_img002,pg7_4,2
pg7_4_img003,pg7_4,3
pg7_4_img004,pg7_4,4
pg7_4_img005,pg7_4,5
pg7_4_img006,pg7_4,6
pg7_4_img007,pg7_4,7
pg7_4_img008,pg7_4,8
pg7_4_img009,pg7_4,9
pg7_4_img010,pg7_4,10
pg7_4_img011,pg7_4,11
pg7_4_img012,pg7_4,12
pg7_4_img013,pg7_4,13
pg7_4_img014,pg7_4,14
pg7_4_img015,pg7_4,15
pg7_4_img016,pg7_4,16
pg7_4_img017,pg7_4,17
pg7_4_img018,pg7_4,18
pg7_4_img019,pg7_4,19
pg7_4_img020,pg7_4,20
pg7_4_img021,pg7_4,21
pg7_4_img022,pg7_4,22
pg7_4_img023,pg7_4,23
pg7_4_img024,pg7_4,24
pg7_4_img025,pg7_4,25
pg7_4_img026,pg7_4,26
pg7_4_img027,pg7_4,27
pg7_4_img028,pg7_4,28
pg7_4_img029,pg7_4,29
pg7_4_img030,pg7_4,30
pg7_4_img031,pg7_4,31
pg7_4_img032,pg7_4,32
pg7_4_img033,pg7_4,33
pg7_4_img034,pg7_4,34
pg7_4_img035,pg7_4,35
pg7_4_img036,pg7_4,36
pg7_4_img037,pg7_4,37
pg7_4_img038,pg7_4,38
pg7_4_img039,pg7_4,39
pg7_4_img040,pg7_4,40
pg7_4_img041,pg7_4,41
pg7_4_img042,pg7_4,42
pg7_4_img043,pg7_4,43
pg7_4_img044,pg7_4,44
pg7_4_img045,pg7_4,45
pg7_4_img046,pg7_4,46
pg7_4_img047,pg7_4,47
pg7_4_img048,pg7_4,48
pg7_4_img049,pg7_4,49
pg7_4_img050,pg7_4,50
pg7_4_img051,pg7_4,51
pg7_4_img052,pg7_4,52
pg7_4_img053,pg7_4,53
pg7_4_img054,pg7_4,54
pg7_4_img055,pg7_4,55
pg7_4_img056,pg7_4,56
pg7_4_img057,pg7_4,57
pg7_4_img058,pg7_4,58
pg7_4_img059,pg7_4,59
pg7_4_img060,pg7_4,60
pg7_4_img061,pg7_4,61
pg7_4_img062,pg7_4,62
pg7_4_img063,pg7_4,63
pg7_4_img064,pg7_4,64
pg7_4_img065,pg7_4,65
pg7_4_img066,pg7_4,66
pg7_4_img067,pg7_4,67
pg7_4_img068,pg7_4,68
pg7_4_img069,pg7_4,69
pg7_4_img070,pg7_4,70
pg7_4_img071,pg7_4,71
pg7_4_img072,pg7_4,72
pg7_4_img073,pg7_4,73
pg7_4_img074,pg7_4,74
pg7_4_img075,pg7_4,75
pg7_4_img076,pg7_4,76
pg7_4_img077,pg7_4,77
pg7_4_img078,pg7_4,78
pg7_4_img079,pg7_4,79
pg7_4_img080,pg7_4,80
pg7_4_img081,pg7_4,81
pg7_4_img082,pg7_4,82
pg7_4_img083,pg7_4,83
pg7_4_img084,pg7_4,84
pg7_4_img085,pg7_4,85
pg7_4_img086,pg7_4,86
pg7_4_img087,pg7_4,87
pg7_4_img088,pg7_4,88
pg7_4_img089,pg7_4,89
pg7_4_img090,pg7_4,90
pg7_4_img091,pg7_4,91
pg7_4_img092,pg7_4,92
pg7_4_img093,pg7_4,93
pg7_4_img094,pg7_4,94
pg7_4_img095,pg7_4,95
pg7_4_img096,pg7_4,96
pg7_4_img097,pg7_4,97
pg7_5_img001,pg7_5,1
pg7_5_img002,pg7_5,2
pg7_5_img003,pg7_5,3
pg7_5_img004,pg7_5,4
pg7_5_img005,pg7_5,5
pg7_5_img006,pg7_5,6
pg7_5_img007,pg7_5,7
pg7_5_img008,pg7_5,8
pg7_5_img009,pg7_5,9
pg7_5_img010,pg7_5,10
pg7_5_img011,pg7_5,11
pg7_5_img012,pg7_5,12
pg7_5_img013,pg7_5,13
pg7_5_img014,pg7_5,14
pg7_5_img015,pg7_5,15
pg7_5_img016,pg7_5,16
pg7_5_img017,pg7_5,17
pg7_5_img018,pg7_5,18
pg7_5_img019,pg7_5,19
pg7_5_img020,pg7_5,20
pg7_5_img021,pg7_5,21
pg7_5_img022,pg7_5,22
pg7_5_img023,pg7_5,23
pg7_5_img024,pg7_5,24
pg7_5_img025,pg7_5,25
pg7_5_img026,pg7_5,26
pg7_5_img027,pg7_5,27
pg7_5_img028,pg7_5,28
pg7_5_img029,pg7_5,29
pg7_5_img030,pg7_5,30
pg7_5_img031,pg7_5,31
pg7_5_img032,pg7_5,32
pg7_5_img033,pg7_5,33
pg7_5_img034,pg7_5,34
pg7_5_img035,pg7_5,35
pg7_5_img036,pg7_5,36
pg7_5_img037,pg7_5,37
pg7_5_img038,pg7_5,38
pg7_5_img039,pg7_5,39
pg7_5_img040,pg7_5,40
pg7_5_img041,pg7_5,41
pg7_5_img042,pg7_5,42
pg7_5_img043,pg7_5,43
pg7_5_img044,pg7_5,44
pg7_5_img045,pg7_5,45
pg7_5_img046,pg7_5,46
pg7_5_img047,pg7_5,47
pg7_5_img048,pg7_5,48
pg7_5_img049,pg7_5,49
pg7_5_img050,pg7_5,50
pg7_5_img051,pg7_5,51
pg7_5_img052,pg7_5,52
pg7_5_img053,pg7_5,53
pg7_5_img054,pg7_5,54
pg7_5_img055,pg7_5,55
pg7_5_img056,pg7_5,56
pg7_5_img057,pg7_5,57
pg7_5_img058,pg7_5,58
pg7_5_img059,pg7_5,59
pg7_5_img060,pg7_5,60
pg7_5_img061,pg7_5,61
pg7_5_img062,pg7_5,62
pg7_5_img063,pg7_5,63
pg7_5_img064,pg7_5,64
pg7_5_img065,pg7_5,65
pg7_5_img066,pg7_5,66
pg7_5_img067,pg7_5,67
pg7_5_img068,pg7_5,68
pg7_5_img069,pg7_5,69
pg7_5_img070,pg7_5,70
pg7_5_img071,pg7_5,71
pg7_5_img072,pg7_5,72
pg7_5_img073,pg7_5,73
pg7_5_img074,pg7_5,74
pg7_5_img075,pg7_5,75
pg7_5_img076,pg7_5,76
pg7_5_img077,pg7_5,77
pg7_5_img078,pg7_5,78
pg7_5_img079,pg7_5,79
pg7_5_img080,pg7_5,80
pg7_5_img081,pg7_5,81
pg7_5_img082,pg7_5,82
pg7_5_img083,pg7_5,83
pg7_5_img084,pg7_5,84
pg7_5_img085,pg7_5,85
pg7_5_img086,pg7_5,86
pg7_5_img087,pg7_5,87
pg7_5_img088,pg7_5,88
pg7_5_img089,pg7_5,89
pg7_5_img090,pg7_5,90
pg7_5_img091,pg7_5,91
pg7_5_img092,pg7_5,92
pg7_5_img093,pg7_5,93
pg7_5_img094,pg7_5,94
pg7_5_img095,pg7_5,95
pg7_5_img096,pg7_5,96
pg7_5_img097,pg7_5,97
pg7_6_img001,pg7_6,1
pg7_6_img002,pg7_6,2
pg7_6_img003,pg7_6,3
pg7_6_img004,pg7_6,4
pg7_6_img005,pg7_6,5
pg7_6_img006,pg7_6,6
pg7_6_img007,pg7_6,7
pg7_6_img008,pg7_6,8
pg7_6_img009,pg7_6,9
pg7_6_img010,pg7_6,10
pg7_6_img011,pg7_6,11
pg7_6_img012,pg7_6,12
pg7_6_img013,pg7_6,13
pg7_6_img014,pg7_6,14
pg7_6_img015,pg7_6,15
pg7_6_img016,pg7_6,16
pg7_6_img017,pg7_6,17
pg7_6_img018,pg7_6,18
pg7_6_img019,pg7_6,19
pg7_6_img020,pg7_6,20
pg7_6_img021,pg7_6,21
pg7_6_img022,pg7_6,22
pg7_6_img023,pg7_6,23
pg7_6_img024,pg7_6,24
pg7_6_img025,pg7_6,25
pg7_6_img026,pg7_6,26
pg7_6_img027,pg7_6,27
pg7_6_img028,pg7_6,28
pg7_6_img029,pg7_6,29
pg7_6_img030,pg7_6,30
pg7_6_img031,pg7_6,31
pg7_6_img032,pg7_6,32
pg7_6_img033,pg7_6,33
pg7_6_img034,pg7_6,34
pg7_6_img035,pg7_6,35
pg7_6_img036,pg7_6,36
pg7_6_img037,pg7_6,37
pg7_6_img038,pg7_6,38
pg7_6_img039,pg7_6,39
pg7_6_img040,pg7_6,40
pg7_6_img041,pg7_6,41
pg7_6_img042,pg7_6,42
pg7_6_img043,pg7_6,43
pg7_6_img044,pg7_6,44
pg7_6_img045,pg7_6,45
pg7_6_img046,pg7_6,46
pg7_6_img047,pg7_6,47
pg7_6_img048,pg7_6,48
pg7_6_img049,pg7_6,49
pg7_6_img050,pg7_6,50
pg7_6_img051,pg7_6,51
pg7_6_img052,pg7_6,52
pg7_6_img053,pg7_6,53
pg7_6_img054,pg7_6,54
pg7_6_img055,pg7_6,55
pg7_6_img056,pg7_6,56
pg7_6_img057,pg7_6,57
pg7_6_img058,pg7_6,58
pg7_6_img059,pg7_6,59
pg7_6_img060,pg7_6,60
pg7_6_img061,pg7_6,61
pg7_6_img062,pg7_6,62
pg7_6_img063,pg7_6,63
pg7_6_img064,pg7_6,64
pg7_6_img065,pg7_6,65
pg7_6_img066,pg7_6,66
pg7_6_img067,pg7_6,67
pg7_6_img068,pg7_6,68
pg7_6_img069,pg7_6,69
pg7_6_img070,pg7_6,70
pg7_6_img071,pg7_6,71
pg7_6_img072,pg7_6,72
pg7_6_img073,pg7_6,73
pg7_6_img074,pg7_6,74
pg7_6_img075,pg7_6,75
pg7_6_img076,pg7_6,76
pg7_6_img077,pg7_6,77
pg7_6_img078,pg7_6,78
pg7_6_img079,pg7_6,79
pg7_6_img080,pg7_6,80
pg7_6_img081,pg7_6,81
pg7_6_img082,pg7_6,82
pg7_6_img083,pg7_6,83
pg7_6_img084,pg7_6,84
pg7_6_img085,pg7_6,85
pg7_6_img086,pg7_6,86
pg7_6_img087,pg7_6,87
pg7_6_img088,pg7_6,88
pg7_6_img089,pg7_6,89
pg7_6_img090,pg7_6,90
pg7_6_img091,pg7_6,91
pg7_6_img092,pg7_6,92
pg7_6_img093,pg7_6,93
pg7_6_img094,pg7_6,94
pg7_6_img095,pg7_6,95
pg7_6_img096,pg7_6,96
pg7_6_img097,pg7_6,97
pg7_7_img001,pg7_7,1
pg7_7_img002,pg7_7,2
pg7_7_img003,pg7_7,3
pg7_7_img004,pg7_7,4
pg7_7_img005,pg7_7,5
pg7_7_img006,pg7_7,6
pg7_7_img007,pg7_7,7
pg7_7_img008,pg7_7,8
pg7_7_img009,pg7_7,9
pg7_7_img010,pg7_7,10
pg7_7_img011,pg7_7,11
pg7_7_img012,pg7_7,12
pg7_7_img013,pg7_7,13
pg7_7_img014,pg7_7,14
pg7_7_img015,pg7_7,15
pg7_7_img016,pg7_7,16
pg7_7_img017,pg7_7,17
pg7_7_img018,pg7_7,18
pg7_7_img019,pg7_7,19
pg7_7_img020,pg7_7,20
pg7_7_img021,pg7_7,21
pg7_7_img022,pg7_7,22
pg7_7_img023,pg7_7,23
pg7_7_img024,pg7_7,24
pg7_7_img025,pg7_7,25
pg7_7_img026,pg7_7,26
pg7_7_img027,pg7_7,27
pg7_7_img028,pg7_7,28
pg7_7_img029,pg7_7,29
pg7_7_img030,pg7_7,30
pg7_7_img031,pg7_7,31
pg7_7_img032,pg7_7,32
pg7_7_img033,pg7_7,33
pg7_7_img034,pg7_7,34
pg7_7_img035,pg7_7,35
pg7_7_img036,pg7_7,36
pg7_7_img037,pg7_7,37
pg7_7_img038,pg7_7,38
pg7_7_img039,pg7_7,39
pg7_7_img040,pg7_7,40
pg7_7_img041,pg7_7,41
pg7_7_img042,pg7_7,42
pg7_7_img043,pg7_7,43
pg7_7_img044,pg7_7,44
pg7_7_img045,pg7_7,45
pg7_7_img046,pg7_7,46
pg7_7_img047,pg7_7,47
pg7_7_img048,pg7_7,48
pg7_7_img049,pg7_7,49
pg7_7_img050,pg7_7,50
pg7_7_img051,pg7_7,51
pg7_7_img052,pg7_7,52
pg7_7_img053,pg7_7,53
pg7_7_img054,pg7_7,54
pg7_7_img055,pg7_7,55
pg7_7_img056,pg7_7,56
pg7_7_img057,pg7_7,57
pg7_7_img058,pg7_7,58
pg7_7_img059,pg7_7,59
pg7_7_img060,pg7_7,60
pg7_7_img061,pg7_7,61
pg7_7_img062,pg7_7,62
pg7_7_img063,pg7_7,63
pg7_7_img064,pg7_7,64
pg7_7_img065,pg7_7,65
pg7_7_img066,pg7_7,66
pg7_7_img067,pg7_7,67
pg7_7_img068,pg7_7,68
pg7_7_img069,pg7_7,69
pg7_7_img070,pg7_7,70
pg7_7_img071,pg7_7,71
pg7_7_img072,pg7_7,72
pg7_7_img073,pg7_7,73
pg7_7_img074,pg7_7,74
pg7_7_img075,pg7_7,75
pg7_7_img076,pg7_7,76
pg7_7_img077,pg7_7,77
pg7_7_img078,pg7_7,78
pg7_7_img079,pg7_7,79
pg7_7_img080,pg7_7,80
pg7_7_img081,pg7_7,81
pg7_7_img082,pg7_7,82
pg7_7_img083,pg7_7,83
pg7_7_img084,pg7_7,84
pg7_7_img085,pg7_7,85
pg7_7_img086,pg7_7,86
pg7_7_img087,pg7_7,87
pg7_7_img088,pg7_7,88
pg7_7_img089,pg7_7,89
pg7_7_img090,pg7_7,90
pg7_7_img091,pg7_7,91
pg7_7_img092,pg7_7,92
pg7_7_img093,pg7_7,93
pg7_7_img094,pg7_7,94
pg7_7_img095,pg7_7,95
pg7_7_img096,pg7_7,96
pg7_7_img097,pg7_7,97
pg7_8_img001,pg7_8,1
pg7_8_img002,pg7_8,2
pg7_8_img003,pg7_8,3
pg7_8_img004,pg7_8,4
pg7_8_img005,pg7_8,5
pg7_8_img006,pg7_8,6
pg7_8_img007,pg7_8,7
pg7_8_img008,pg7_8,8
pg7_8_img009,pg7_8,9
pg7_8_img010,pg7_8,10
pg7_8_img011,pg7_8,11
pg7_8_img012,pg7_8,12
pg7_8_img013,pg7_8,13
pg7_8_img014,pg7_8,14
pg7_8_img015,pg7_8,15
pg7_8_img016,pg7_8,16
pg7_8_img017,pg7_8,17
pg7_8_img018,pg7_8,18
pg7_8_img019,pg7_8,19
pg7_8_img020,pg7_8,20
pg7_8_img021,pg7_8,21
pg7_8_img022,pg7_8,22
pg7_8_img023,pg7_8,23
pg7_8_img024,pg7_8,24
pg7_8_img025,pg7_8,25
pg7_8_img026,pg7_8,26
pg7_8_img027,pg7_8,27
pg7_8_img028,pg7_8,28
pg7_8_img029,pg7_8,29
pg7_8_img030,pg7_8,30
pg7_8_img031,pg7_8,31
pg7_8_img032,pg7_8,32
pg7_8_img033,pg7_8,33
pg7_8_img034,pg7_8,34
pg7_8_img035,pg7_8,35
pg7_8_img036,pg7_8,36
pg7_8_img037,pg7_8,37
pg7_8_img038,pg7_8,38
pg7_8_img039,pg7_8,39
pg7_8_img040,pg7_8,40
pg7_8_img041,pg7_8,41
pg7_8_img042,pg7_8,42
pg7_8_img043,pg7_8,43
pg7_8_img044,pg7_8,44
pg7_8_img045,pg7_8,45
pg7_8_img046,pg7_8,46
pg7_8_img047,pg7_8,47
pg7_8_img048,pg7_8,48
pg7_8_img049,pg7_8,49
pg7_8_img050,pg7_8,50
pg7_8_img051,pg7_8,51
pg7_8_img052,pg7_8,52
pg7_8_img053,pg7_8,53
pg7_8_img054,pg7_8,54
pg7_8_img055,pg7_8,55
pg7_8_img056,pg7_8,56
pg7_8_img057,pg7_8,57
pg7_8_img058,pg7_8,58
pg7_8_img059,pg7_8,59
pg7_8_img060,pg7_8,60
pg7_8_img061,pg7_8,61
pg7_8_img062,pg7_8,62
pg7_8_img063,pg7_8,63
pg7_8_img064,pg7_8,64
pg7_8_img065,pg7_8,65
pg7_8_img066,pg7_8,66
pg7_8_img067,pg7_8,67
pg7_8_img068,pg7_8,68
pg7_8_img069,pg7_8,69
pg7_8_img070,pg7_8,70
pg7_8_img071,pg7_8,71
pg7_8_img072,pg7_8,72
pg7_8_img073,pg7_8,73
pg7_8_img074,pg7_8,74
pg7_8_img075,pg7_8,75
pg7_8_img076,pg7_8,76
pg7_8_img077,pg7_8,77
pg7_8_img078,pg7_8,78
pg7_8_img079,pg7_8,79
pg7_8_img080,pg7_8,80
pg7_8_img081,pg7_8,81
pg7_8_img082,pg7_8,82
pg7_8_img083,pg7_8,83
pg7_8_img084,pg7_8,84
pg7_8_img085,pg7_8,85
pg7_8_img086,pg7_8,86
pg7_8_img087,pg7_8,87
pg7_8_img088,pg7_8,88
pg7_8_img089,pg7_8,89
pg7_8_img090,pg7_8,90
pg7_8_img091,pg7_8,91
pg7_8_img092,pg7_8,92
pg7_8_img093,pg7_8,93
pg7_8_img094,pg7_8,94
pg7_8_img095,pg7_8,95
pg7_8_img096,pg7_8,96
pg7_8_img097,pg7_8,97
pg7_9_img001,pg7_9,1
pg7_9_img002,pg7_9,2
pg7_9_img003,pg7_9,3
pg7_9_img004,pg7_9,4
pg7_9_img005,pg7_9,5
pg7_9_img006,pg7_9,6
pg7_9_img007,pg7_9,7
pg7_9_img008,pg7_9,8
pg7_9_img009,pg7_9,9
pg7_9_img010,pg7_9,10
pg7_9_img011,pg7_9,11
pg7_9_img012,pg7_9,12
pg7_9_img013,pg7_9,13
pg7_9_img014,pg7_9,14
pg7_9_img015,pg7_9,15
pg7_9_img016,pg7_9,16
pg7_9_img017,pg7_9,17
pg7_9_img018,pg7_9,18
pg7_9_img019,pg7_9,19
pg7_9_img020,pg7_9,20
pg7_9_img021,pg7_9,21
pg7_9_img022,pg7_9,22
pg7_9_img023,pg7_9,23
pg7_9_img024,pg7_9,24
pg7_9_img025,pg7_9,25
pg7_9_img026,pg7_9,26
pg7_9_img027,pg7_9,27
pg7_9_img028,pg7_9,28
pg7_9_img029,pg7_9,29
pg7_9_img030,pg7_9,30
pg7_9_img031,pg7_9,31
pg7_9_img032,pg7_9,32
pg7_9_img033,pg7_9,33
pg7_9_img034,pg7_9,34
pg7_9_img035,pg7_9,35
pg7_9_img036,pg7_9,36
pg7_9_img037,pg7_9,37
pg7_9_img038,pg7_9,38
pg7_9_img039,pg7_9,39
pg7_9_img040,pg7_9,40
pg7_9_img041,pg7_9,41
pg7_9_img042,pg7_9,42
pg7_9_img043,pg7_9,43
pg7_9_img044,pg7_9,44
pg7_9_img045,pg7_9,45
pg7_9_img046,pg7_9,46
pg7_9_img047,pg7_9,47
pg7_9_img048,pg7_9,48
pg7_9_img049,pg7_9,49
pg7_9_img050,pg7_9,50
pg7_9_img051,pg7_9,51
pg7_9_img052,pg7_9,52
pg7_9_img053,pg7_9,53
pg7_9_img054,pg7_9,54
pg7_9_img055,pg7_9,55
pg7_9_img056,pg7_9,56
pg7_9_img057,pg7_9,57
pg7_9_img058,pg7_9,58
pg7_9_img059,pg7_9,59
pg7_9_img060,pg7_9,60
pg7_9_img061,pg7_9,61
pg7_9_img062,pg7_9,62
pg7_9_img063,pg7_9,63
pg7_9_img064,pg7_9,64
pg7_9_img065,pg7_9,65
pg7_9_img066,pg7_9,66
pg7_9_img067,pg7_9,67
pg7_9_img068,pg7_9,68
pg7_9_img069,pg7_9,69
pg7_9_img070,pg7_9,70
pg7_9_img071,pg7_9,71
pg7_9_img072,pg7_9,72
pg7_9_img073,pg7_9,73
pg7_9_img074,pg7_9,74
pg7_9_img075,pg7_9,75
pg7_9_img076,pg7_9,76
pg7_9_img077,pg7_9,77
pg7_9_img078,pg7_9,78
pg7_9_img079,pg7_9,79
pg7_9_img080,pg7_9,80
pg7_9_img081,pg7_9,81
pg7_9_img082,pg7_9,82
pg7_9_img083,pg7_9,83
pg7_9_img084,pg7_9,84
pg7_9_img085,pg7_9,85
pg7_9_img086,pg7_9,86
pg7_9_img087,pg7_9,87
pg7_9_img088,pg7_9,88
pg7_9_img089,pg7_9,89
pg7_9_img090,pg7_9,90
pg7_9_img091,pg7_9,91
pg7_9_img092,pg7_9,92
pg7_9_img093,pg7_9,93
pg7_9_img094,pg7_9,94
pg7_9_img095,pg7_9,95
pg7_9_img096,pg7_9,96
pg7_9_img097,pg7_9,97
pg8_1_img001,pg8_1,1
pg8_1_img002,pg8_1,2
pg8_1_img003,pg8_1,3
pg8_1_img004,pg8_1,4
pg8_1_img005,pg8_1,5
pg8_1_img006,pg8_1,6
pg8_1_img007,pg8_1,7
pg8_1_img008,pg8_1,8
pg8_1_img009,pg8_1,9
pg8_1_img010,pg8_1,10
pg8_1_img011,pg8_1,11
pg8_1_img012,pg8_1,12
pg8_1_img013,pg8_1,13
pg8_1_img014,pg8_1,14
pg8_1_img015,pg8_1,15
pg8_1_img016,pg8_1,16
pg8_1_img017,pg8_1,17
pg8_1_img018,pg8_1,18
pg8_1_img019,pg8_1,19
pg8_1_img020,pg8_1,20
pg8_1_img021,pg8_1,21
pg8_1_img022,pg8_1,22
pg8_1_img023,pg8_1,23
pg8_1_img024,pg8_1,24
pg8_1_img025,pg8_1,25
pg8_1_img026,pg8_1,26
pg8_1_img027,pg8_1,27
pg8_1_img028,pg8_1,28
pg8_1_img029,pg8_1,29
pg8_1_img030,pg8_1,30
pg8_1_img031,pg8_1,31
pg8_1_img032,pg8_1,32
pg8_1_img033,pg8_1,33
pg8_1_img034,pg8_1,34
pg8_1_img035,pg8_1,35
pg8_1_img036,pg8_1,36
pg8_1_img037,pg8_1,37
pg8_1_img038,pg8_1,38
pg8_1_img039,pg8_1,39
pg8_1_img040,pg8_1,40
pg8_1_img041,pg8_1,41
pg8_1_img042,pg8_1,42
pg8_1_img043,pg8_1,43
pg8_1_img044,pg8_1,44
pg8_1_img045,pg8_1,45
pg8_1_img046,pg8_1,46
pg8_1_img047,pg8_1,47
pg8_1_img048,pg8_1,48
pg8_1_img049,pg8_1,49
pg8_1_img050,pg8_1,50
pg8_1_img051,pg8_1,51
pg8_1_img052,pg8_1,52
pg8_1_img053,pg8_1,53
pg8_1_img054,pg8_1,54
pg8_1_img055,pg8_1,55
pg8_1_img056,pg8_1,56
pg8_1_img057,pg8_1,57
pg8_1_img058,pg8_1,58
pg8_1_img059,pg8_1,59
pg8_1_img060,pg8_1,60
pg8_1_img061,pg8_1,61
pg8_1_img062,pg8_1,62
pg8_1_img063,pg8_1,63
pg8_1_img064,pg8_1,64
pg8_1_img065,pg8_1,65
pg8_1_img066,pg8_1,66
pg8_1_img067,pg8_1,67
pg8_1_img068,pg8_1,68
pg8_1_img069,pg8_1,69
pg8_1_img070,pg8_1,70
pg8_1_img071,pg8_1,71
pg8_1_img072,pg8_1,72
pg8_1_img073,pg8_1,73
pg8_1_img074,pg8_1,74
pg8_1_img075,pg8_1,75
pg8_1_img076,pg8_1,76
pg8_1_img077,pg8_1,77
pg8_1_img078,pg8_1,78
pg8_1_img079,pg8_1,79
pg8_1_img080,pg8_1,80
pg8_1_img081,pg8_1,81
pg8_1_img082,pg8_1,82
pg8_1_img083,pg8_1,83
pg8_1_img084,pg8_1,84
pg8_1_img085,pg8_1,85
pg8_1_img086,pg8_1,86
pg8_1_img087,pg8_1,87
pg8_1_img088,pg8_1,88
pg8_1_img089,pg8_1,89
pg8_1_img090,pg8_1,90
pg8_1_img091,pg8_1,91
pg8_1_img092,pg8_1,92
pg8_1_img093,pg8_1,93
pg8_1_img094,pg8_1,94
pg8_1_img095,pg8_1,95
pg8_1_img096,pg8_1,96
pg8_1_img097,pg8_1,97
