group,frame,object_count,mean_identity_distance,median_identity_distance,max_identity_distance,mean_nearest_distance,median_nearest_distance,max_nearest_distance,identity_is_nearest_count,identity_is_nearest_fraction
pg1_1,2,10,2.8008516470847553,2.995352392457285,4.6097722286464435,2.8008516470847553,2.995352392457285,4.6097722286464435,10,1.0
pg1_1,3,10,0.05,0.0,0.5,0.05,0.0,0.5,10,1.0
pg1_1,4,10,0.0,0.0,0.0,0.0,0.0,0.0,10,1.0
pg1_1,5,10,0.0,0.0,0.0,0.0,0.0,0.0,10,1.0
pg1_1,6,10,0.15,0.0,1.0,0.15,0.0,1.0,10,1.0
pg1_1,7,10,0.05,0.0,0.5,0.05,0.0,0.5,10,1.0
pg1_1,8,10,0.0,0.0,0.0,0.0,0.0,0.0,10,1.0
pg1_1,9,10,0.1,0.0,0.5,0.1,0.0,0.5,10,1.0
pg1_1,10,10,0.15,0.0,1.0,0.15,0.0,1.0,10,1.0
pg1_1,11,10,0.12071067811865474,0.0,0.7071067811865476,0.12071067811865474,0.0,0.7071067811865476,10,1.0
pg1_1,12,10,0.12071067811865474,0.0,0.7071067811865476,0.12071067811865474,0.0,0.7071067811865476,10,1.0
pg1_1,13,10,0.12071067811865474,0.0,0.7071067811865476,0.12071067811865474,0.0,0.7071067811865476,10,1.0
pg1_1,14,10,0.05,0.0,0.5,0.05,0.0,0.5,10,1.0
pg1_1,15,10,0.1,0.0,0.5,0.1,0.0,0.5,10,1.0
pg1_1,16,10,0.1,0.0,0.5,0.1,0.0,0.5,10,1.0
pg1_1,17,10,0.0,0.0,0.0,0.0,0.0,0.0,10,1.0
pg1_1,18,10,0.1,0.0,0.5,0.1,0.0,0.5,10,1.0
pg1_1,19,10,0.0,0.0,0.0,0.0,0.0,0.0,10,1.0
pg1_1,20,10,0.05,0.0,0.5,0.05,0.0,0.5,10,1.0
pg1_1,21,10,0.05,0.0,0.5,0.05,0.0,0.5,10,1.0
pg1_1,22,10,0.05,0.0,0.5,0.05,0.0,0.5,10,1.0
pg1_1,23,10,0.05,0.0,0.5,0.05,0.0,0.5,10,1.0
pg1_1,24,10,0.0,0.0,0.0,0.0,0.0,0.0,10,1.0
pg1_1,25,10,0.0,0.0,0.0,0.0,0.0,0.0,10,1.0
pg1_1,26,10,0.05,0.0,0.5,0.05,0.0,0.5,10,1.0
pg1_1,27,10,0.05,0.0,0.5,0.05,0.0,0.5,10,1.0
pg1_1,28,10,0.1,0.0,1.0,0.1,0.0,1.0,10,1.0
pg1_1,29,10,0.0,0.0,0.0,0.0,0.0,0.0,10,1.0
pg1_1,30,10,0.1118033988749895,0.0,1.118033988749895,0.1118033988749895,0.0,1.118033988749895,10,1.0
pg1_1,31,10,0.1,0.0,0.5,0.1,0.0,0.5,10,1.0
pg1_1,32,10,0.3302775637731995,0.0,1.8027756377319946,0.3302775637731995,0.0,1.8027756377319946,10,1.0
pg1_1,33,10,0.1,0.0,1.0,0.1,0.0,1.0,10,1.0
pg1_1,34,10,0.1,0.0,0.5,0.1,0.0,0.5,10,1.0
pg1_1,35,10,0.15,0.0,1.0,0.15,0.0,1.0,10,1.0
pg1_1,36,10,0.05,0.0,0.5,0.05,0.0,0.5,10,1.0
pg1_1,37,10,0.07071067811865475,0.0,0.7071067811865476,0.07071067811865475,0.0,0.7071067811865476,10,1.0
pg1_1,38,10,0.15,0.0,0.5,0.15,0.0,0.5,10,1.0
pg1_1,39,10,0.05,0.0,0.5,0.05,0.0,0.5,10,1.0
pg1_1,40,10,0.0,0.0,0.0,0.0,0.0,0.0,10,1.0
pg1_1,41,10,0.0,0.0,0.0,0.0,0.0,0.0,10,1.0
pg1_1,42,10,0.3192582403567252,0.0,2.692582403567252,0.3192582403567252,0.0,2.692582403567252,10,1.0
pg1_1,43,10,0.15,0.0,1.0,0.15,0.0,1.0,10,1.0
pg1_1,44,10,0.2118033988749895,0.0,1.118033988749895,0.2118033988749895,0.0,1.118033988749895,10,1.0
pg1_1,45,10,0.30413812651491096,0.0,3.0413812651491097,0.30413812651491096,0.0,3.0413812651491097,10,1.0
pg1_1,46,10,0.2618033988749895,0.0,1.5,0.2618033988749895,0.0,1.5,10,1.0
pg1_1,47,10,0.2618033988749895,0.0,1.118033988749895,0.2618033988749895,0.0,1.118033988749895,10,1.0
pg1_1,48,10,0.15,0.0,0.5,0.15,0.0,0.5,10,1.0
pg1_1,49,10,0.2,0.0,1.0,0.2,0.0,1.0,10,1.0
pg1_1,50,10,0.35495097567963924,0.0,2.5495097567963922,0.35495097567963924,0.0,2.5495097567963922,10,1.0
pg1_1,51,10,0.35,0.0,2.0,0.35,0.0,2.0,10,1.0
pg1_1,52,10,0.16180339887498948,0.0,1.118033988749895,0.16180339887498948,0.0,1.118033988749895,10,1.0
pg1_1,53,10,0.37360679774997896,0.0,2.23606797749979,0.37360679774997896,0.0,2.23606797749979,10,1.0
pg1_1,54,10,0.573606797749979,0.0,3.5,0.573606797749979,0.0,3.5,10,1.0
pg1_1,55,10,0.43471617258268064,0.0,3.640054944640259,0.43471617258268064,0.0,3.640054944640259,10,1.0
pg1_1,56,10,0.2,0.0,1.0,0.2,0.0,1.0,10,1.0
pg1_1,57,10,0.5,0.0,3.0,0.5,0.0,3.0,10,1.0
pg1_1,58,10,0.33541019662496846,0.0,3.3541019662496847,0.33541019662496846,0.0,3.3541019662496847,10,1.0
pg1_1,59,10,0.18027756377319945,0.0,1.8027756377319946,0.18027756377319945,0.0,1.8027756377319946,10,1.0
pg1_1,60,10,0.8,0.0,4.0,0.8,0.0,4.0,10,1.0
pg1_1,61,10,0.1414213562373095,0.0,0.7071067811865476,0.1414213562373095,0.0,0.7071067811865476,10,1.0
pg1_1,62,10,0.15,0.0,1.0,0.15,0.0,1.0,10,1.0
pg1_1,63,10,0.32360679774997897,0.0,2.23606797749979,0.32360679774997897,0.0,2.23606797749979,10,1.0
pg1_1,64,10,0.3302775637731995,0.0,1.8027756377319946,0.3302775637731995,0.0,1.8027756377319946,10,1.0
pg1_1,65,10,0.273606797749979,0.0,2.23606797749979,0.273606797749979,0.0,2.23606797749979,10,1.0
pg1_1,66,10,0.35,0.0,2.5,0.35,0.0,2.5,10,1.0
pg1_1,67,10,0.35413812651491094,0.0,3.0413812651491097,0.35413812651491094,0.0,3.0413812651491097,10,1.0
pg1_1,68,10,0.4130648586880582,0.0,2.5495097567963922,0.4130648586880582,0.0,2.5495097567963922,10,1.0
pg1_1,69,10,0.3302775637731995,0.0,1.8027756377319946,0.3302775637731995,0.0,1.8027756377319946,10,1.0
pg1_1,70,10,0.408113883008419,0.0,2.5,0.408113883008419,0.0,2.5,10,1.0
pg1_1,71,10,0.4622520095233299,0.0,3.0413812651491097,0.4622520095233299,0.0,3.0413812651491097,10,1.0
pg1_1,72,10,0.4622520095233299,0.0,3.0413812651491097,0.4622520095233299,0.0,3.0413812651491097,10,1.0
pg1_1,73,10,0.3,0.0,1.0,0.3,0.0,1.0,10,1.0
pg1_1,74,10,0.26991728188340847,0.0,1.5811388300841898,0.26991728188340847,0.0,1.5811388300841898,10,1.0
pg1_1,75,10,0.26991728188340847,0.0,1.5811388300841898,0.26991728188340847,0.0,1.5811388300841898,10,1.0
pg1_1,76,10,0.6233963668716361,0.0,3.0413812651491097,0.6233963668716361,0.0,3.0413812651491097,10,1.0
pg1_1,77,10,0.6546684369816937,0.0,3.3541019662496847,0.6546684369816937,0.0,3.3541019662496847,10,1.0
pg1_1,78,10,0.497702876023148,0.0,2.9154759474226504,0.497702876023148,0.0,2.9154759474226504,10,1.0
pg1_1,79,10,0.42976207903086205,0.0,2.23606797749979,0.42976207903086205,0.0,2.23606797749979,10,1.0
pg1_1,80,10,0.4049509756796392,0.0,2.5495097567963922,0.4049509756796392,0.0,2.5495097567963922,10,1.0
pg1_1,81,10,0.31795868015587253,0.0,2.0615528128088303,0.31795868015587253,0.0,2.0615528128088303,10,1.0
pg1_1,82,10,0.30615528128088304,0.0,2.0615528128088303,0.30615528128088304,0.0,2.0615528128088303,10,1.0
pg1_1,83,10,0.4768659593995378,0.0,2.0615528128088303,0.4768659593995378,0.0,2.0615528128088303,10,1.0
pg1_1,84,10,0.3,0.0,2.0,0.3,0.0,2.0,10,1.0
pg1_1,85,10,0.46213203435596417,0.0,2.5,0.46213203435596417,0.0,2.5,10,1.0
pg1_1,86,10,0.4302775637731995,0.0,2.5,0.4302775637731995,0.0,2.5,10,1.0
pg1_1,87,10,0.48573883210594315,0.0,2.23606797749979,0.48573883210594315,0.0,2.23606797749979,10,1.0
pg1_1,88,10,0.46213203435596417,0.0,2.5,0.46213203435596417,0.0,2.5,10,1.0
pg1_1,89,10,0.48027756377319947,0.0,2.5,0.48027756377319947,0.0,2.5,10,1.0
pg1_1,90,10,0.4682873156368473,0.0,2.1213203435596424,0.4682873156368473,0.0,2.1213203435596424,10,1.0
pg1_1,91,10,0.5116672736016927,0.0,3.5355339059327378,0.5116672736016927,0.0,3.5355339059327378,10,1.0
pg1_1,92,10,0.8972318519312867,0.0,3.1622776601683795,0.8972318519312867,0.0,3.1622776601683795,10,1.0
pg1_1,93,10,0.4773721233651441,0.0,2.692582403567252,0.4773721233651441,0.0,2.692582403567252,10,1.0
pg1_1,94,10,0.441547594742265,0.0,2.9154759474226504,0.441547594742265,0.0,2.9154759474226504,10,1.0
pg1_1,95,10,0.5692582403567252,0.0,2.692582403567252,0.5692582403567252,0.0,2.692582403567252,10,1.0
pg1_1,96,10,0.5242092160363644,0.0,2.692582403567252,0.5242092160363644,0.0,2.692582403567252,10,1.0
pg1_1,97,10,0.566227766016838,0.0,3.1622776601683795,0.566227766016838,0.0,3.1622776601683795,10,1.0
pg1_10,2,10,0.7975766375181925,0.75,2.0615528128088303,0.7975766375181925,0.75,2.0615528128088303,10,1.0
pg1_10,3,10,0.05,0.0,0.5,0.05,0.0,0.5,10,1.0
pg1_10,4,10,0.12071067811865474,0.0,0.7071067811865476,0.12071067811865474,0.0,0.7071067811865476,10,1.0
pg1_10,5,10,0.1,0.0,0.5,0.1,0.0,0.5,10,1.0
pg1_10,6,10,0.15,0.0,0.5,0.15,0.0,0.5,10,1.0
pg1_10,7,10,0.05,0.0,0.5,0.05,0.0,0.5,10,1.0
pg1_10,8,10,0.1,0.0,0.5,0.1,0.0,0.5,10,1.0
pg1_10,9,10,0.20615528128088303,0.0,2.0615528128088303,0.20615528128088303,0.0,2.0615528128088303,10,1.0
pg1_10,10,10,0.05,0.0,0.5,0.05,0.0,0.5,10,1.0
pg1_10,11,10,0.15,0.0,0.5,0.15,0.0,0.5,10,1.0
pg1_10,12,10,0.17071067811865476,0.0,0.7071067811865476,0.17071067811865476,0.0,0.7071067811865476,10,1.0
pg1_10,13,10,0.05,0.0,0.5,0.05,0.0,0.5,10,1.0
pg1_10,14,10,0.0,0.0,0.0,0.0,0.0,0.0,10,1.0
pg1_10,15,10,0.25615528128088305,0.0,2.0615528128088303,0.25615528128088305,0.0,2.0615528128088303,10,1.0
pg1_10,16,10,0.12071067811865474,0.0,0.7071067811865476,0.12071067811865474,0.0,0.7071067811865476,10,1.0
pg1_10,17,10,0.05,0.0,0.5,0.05,0.0,0.5,10,1.0
pg1_10,18,10,0.1,0.0,0.5,0.1,0.0,0.5,10,1.0
pg1_10,19,10,0.2,0.0,1.0,0.2,0.0,1.0,10,1.0
pg1_10,20,10,0.05,0.0,0.5,0.05,0.0,0.5,10,1.0
pg1_10,21,10,0.25,0.0,1.5,0.25,0.0,1.5,10,1.0
pg1_10,22,10,0.1,0.0,0.5,0.1,0.0,0.5,10,1.0
pg1_10,23,10,0.12071067811865474,0.0,0.7071067811865476,0.12071067811865474,0.0,0.7071067811865476,10,1.0
pg1_10,24,10,0.05,0.0,0.5,0.05,0.0,0.5,10,1.0
pg1_10,25,10,0.4302775637731995,0.25,1.8027756377319946,0.4302775637731995,0.25,1.8027756377319946,10,1.0
pg1_10,26,10,0.12071067811865474,0.0,0.7071067811865476,0.12071067811865474,0.0,0.7071067811865476,10,1.0
pg1_10,27,10,0.1,0.0,0.5,0.1,0.0,0.5,10,1.0
pg1_10,28,10,0.15,0.0,0.5,0.15,0.0,0.5,10,1.0
pg1_10,29,10,0.12071067811865474,0.0,0.7071067811865476,0.12071067811865474,0.0,0.7071067811865476,10,1.0
pg1_10,30,10,0.12071067811865474,0.0,0.7071067811865476,0.12071067811865474,0.0,0.7071067811865476,10,1.0
pg1_10,31,10,0.1,0.0,0.5,0.1,0.0,0.5,10,1.0
pg1_10,32,10,0.07071067811865475,0.0,0.7071067811865476,0.07071067811865475,0.0,0.7071067811865476,10,1.0
pg1_10,33,10,0.22071067811865475,0.0,0.7071067811865476,0.22071067811865475,0.0,0.7071067811865476,10,1.0
pg1_10,34,10,0.05,0.0,0.5,0.05,0.0,0.5,10,1.0
pg1_10,35,10,0.05,0.0,0.5,0.05,0.0,0.5,10,1.0
pg1_10,36,10,0.05,0.0,0.5,0.05,0.0,0.5,10,1.0
pg1_10,37,10,0.12071067811865474,0.0,0.7071067811865476,0.12071067811865474,0.0,0.7071067811865476,10,1.0
pg1_10,38,10,0.2,0.0,0.5,0.2,0.0,0.5,10,1.0
pg1_10,39,10,0.23251407699364424,0.0,1.118033988749895,0.23251407699364424,0.0,1.118033988749895,10,1.0
pg1_10,40,10,0.05,0.0,0.5,0.05,0.0,0.5,10,1.0
pg1_10,41,10,0.24142135623730948,0.0,1.4142135623730951,0.24142135623730948,0.0,1.4142135623730951,10,1.0
pg1_10,42,10,0.63309518948453,0.0,5.830951894845301,0.63309518948453,0.0,5.830951894845301,10,1.0
pg1_10,43,10,0.6277449242648899,0.0,3.0413812651491097,0.6277449242648899,0.0,3.0413812651491097,10,1.0
pg1_10,44,10,0.2943174758686337,0.0,2.23606797749979,0.2943174758686337,0.0,2.23606797749979,10,1.0
pg1_10,45,10,0.382842712474619,0.25,1.4142135623730951,0.382842712474619,0.25,1.4142135623730951,10,1.0
pg1_10,46,10,0.41400549446402585,0.0,3.640054944640259,0.41400549446402585,0.0,3.640054944640259,10,1.0
pg1_10,47,10,0.25,0.0,1.0,0.25,0.0,1.0,10,1.0
pg1_10,48,10,0.29142135623730947,0.25,0.7071067811865476,0.29142135623730947,0.25,0.7071067811865476,10,1.0
pg1_10,49,10,0.3414213562373095,0.25,1.0,0.3414213562373095,0.25,1.0,10,1.0
pg1_10,50,10,0.3414213562373095,0.0,1.0,0.3414213562373095,0.0,1.0,10,1.0
pg1_10,51,10,0.38251407699364426,0.0,1.118033988749895,0.38251407699364426,0.0,1.118033988749895,10,1.0
pg1_10,52,10,0.35,0.25,1.0,0.35,0.25,1.0,10,1.0
pg1_10,53,10,0.523606797749979,0.0,2.5,0.523606797749979,0.0,2.5,10,1.0
pg1_10,54,10,0.536067467586918,0.0,2.1213203435596424,0.536067467586918,0.0,2.1213203435596424,10,1.0
pg1_10,55,10,0.9362459957927196,0.5,4.123105625617661,0.9362459957927196,0.5,4.123105625617661,10,1.0
pg1_10,56,10,0.9861450479002464,0.0,4.743416490252569,0.9861450479002464,0.0,4.743416490252569,10,1.0
pg1_10,57,10,0.503224755112299,0.5,1.4142135623730951,0.503224755112299,0.5,1.4142135623730951,10,1.0
pg1_10,58,10,0.671698920010509,0.5,1.8027756377319946,0.671698920010509,0.5,1.8027756377319946,10,1.0
pg1_10,59,10,0.6317206807583979,0.5,1.5811388300841898,0.6317206807583979,0.5,1.5811388300841898,10,1.0
pg1_10,60,10,0.8790194067836816,0.6035533905932737,3.1622776601683795,0.8790194067836816,0.6035533905932737,3.1622776601683795,10,1.0
pg1_10,61,10,0.5613386381207179,0.25,1.5811388300841898,0.5613386381207179,0.25,1.5811388300841898,10,1.0
pg1_10,62,10,0.7135757162253589,0.5,2.692582403567252,0.7135757162253589,0.5,2.692582403567252,10,1.0
pg1_10,63,10,0.9043392355091087,0.8535533905932737,2.9154759474226504,0.9043392355091087,0.8535533905932737,2.9154759474226504,10,1.0
pg1_10,64,10,0.48106163923171474,0.0,2.692582403567252,0.48106163923171474,0.0,2.692582403567252,10,1.0
pg1_10,65,10,0.7703721558693388,0.3535533905932738,2.9154759474226504,0.7703721558693388,0.3535533905932738,2.9154759474226504,10,1.0
pg1_10,66,10,0.7372169205125978,0.5,2.692582403567252,0.7372169205125978,0.5,2.692582403567252,10,1.0
pg1_10,67,10,0.8076496871383435,0.5,2.692582403567252,0.8076496871383435,0.5,2.692582403567252,10,1.0
pg1_10,68,10,0.7740616717359092,0.3535533905932738,2.9154759474226504,0.7740616717359092,0.3535533905932738,2.9154759474226504,10,1.0
pg1_10,69,10,0.804238082764682,0.5,2.692582403567252,0.804238082764682,0.5,2.692582403567252,10,1.0
pg1_10,70,10,0.8605452418854718,0.3535533905932738,3.1622776601683795,0.8605452418854718,0.3535533905932738,3.1622776601683795,10,1.0
pg1_10,71,10,0.7585866401579358,0.3535533905932738,2.23606797749979,0.7585866401579358,0.3535533905932738,2.23606797749979,10,1.0
pg1_10,72,10,0.770365892531749,0.25,3.0413812651491097,0.770365892531749,0.25,3.0413812651491097,10,1.0
pg1_10,73,10,0.931816935079177,0.8535533905932737,2.5495097567963922,0.931816935079177,0.8535533905932737,2.5495097567963922,10,1.0
pg1_10,74,10,0.8923003291811294,0.5,3.1622776601683795,0.8923003291811294,0.5,3.1622776601683795,10,1.0
pg1_10,75,10,0.8924002773524325,0.8090169943749475,2.692582403567252,0.8924002773524325,0.8090169943749475,2.692582403567252,10,1.0
pg1_10,76,10,0.9457036044207625,0.5,3.0413812651491097,0.9457036044207625,0.5,3.0413812651491097,10,1.0
pg1_10,77,10,0.7785577734296182,0.25,2.5495097567963922,0.7785577734296182,0.25,2.5495097567963922,10,1.0
pg1_10,78,10,1.0517723173503692,0.8535533905932737,3.0,1.0517723173503692,0.8535533905932737,3.0,10,1.0
pg1_10,79,10,1.8783680099533975,0.25,11.672617529928752,1.8783680099533975,0.25,11.672617529928752,10,1.0
pg1_10,80,10,1.3338308961385856,0.5590169943749475,4.527692569068709,1.3338308961385856,0.5590169943749475,4.527692569068709,10,1.0
pg1_10,81,10,1.2126103838908449,0.8090169943749475,4.272001872658765,1.2126103838908449,0.8090169943749475,4.272001872658765,10,1.0
pg1_10,82,10,1.255599125556282,1.6084946000525449,3.0413812651491097,1.255599125556282,1.6084946000525449,3.0413812651491097,10,1.0
pg1_10,83,10,1.1539712950672265,1.118033988749895,2.692582403567252,1.1539712950672265,1.118033988749895,2.692582403567252,10,1.0
pg1_10,84,10,1.215687760398168,1.4604048132409448,3.0,1.215687760398168,1.4604048132409448,3.0,10,1.0
pg1_10,85,10,1.2898264863947715,0.6035533905932737,7.158910531638177,1.2898264863947715,0.6035533905932737,7.158910531638177,10,1.0
pg1_10,86,10,0.715687760398168,1.0,1.8027756377319946,0.715687760398168,1.0,1.8027756377319946,10,1.0
pg1_10,87,10,1.1380583232856245,0.8535533905932737,4.031128874149275,1.1380583232856245,0.8535533905932737,4.031128874149275,10,1.0
pg1_10,88,10,1.0379199266592138,0.9571067811865476,2.9154759474226504,1.0379199266592138,0.9571067811865476,2.9154759474226504,10,1.0
pg1_10,89,10,1.0573823345566917,1.1035533905932737,2.5495097567963922,1.0573823345566917,1.1035533905932737,2.5495097567963922,10,1.0
pg1_10,90,10,1.2530337771634383,1.5,2.692582403567252,1.2530337771634383,1.5,2.692582403567252,10,1.0
pg1_10,91,10,1.6000526551036998,1.4571067811865475,6.800735254367722,1.6000526551036998,1.4571067811865475,6.800735254367722,10,1.0
pg1_10,92,10,1.0118033988749895,1.0590169943749475,2.5,1.0118033988749895,1.0590169943749475,2.5,10,1.0
pg1_10,93,10,1.106350126937491,1.3495864094170424,2.0615528128088303,1.106350126937491,1.3495864094170424,2.0615528128088303,10,1.0
pg1_10,94,10,1.1450523271439117,0.6035533905932737,4.743416490252569,1.1450523271439117,0.6035533905932737,4.743416490252569,10,1.0
pg1_10,95,10,0.9202459173643833,0.8535533905932737,2.5,0.9202459173643833,0.8535533905932737,2.5,10,1.0
pg1_10,96,10,1.028148430235107,1.118033988749895,2.8284271247461903,1.028148430235107,1.118033988749895,2.8284271247461903,10,1.0
pg1_10,97,10,1.0030886298390023,1.0606601717798214,2.8284271247461903,1.0030886298390023,1.0606601717798214,2.8284271247461903,10,1.0
pg1_11,2,10,0.8446461113496084,0.75,1.5,0.8446461113496084,0.75,1.5,10,1.0
pg1_11,3,10,0.17071067811865476,0.0,0.7071067811865476,0.17071067811865476,0.0,0.7071067811865476,10,1.0
pg1_11,4,10,0.1,0.0,0.5,0.1,0.0,0.5,10,1.0
pg1_11,5,10,0.05,0.0,0.5,0.05,0.0,0.5,10,1.0
pg1_11,6,10,0.15,0.0,0.5,0.15,0.0,0.5,10,1.0
pg1_11,7,10,0.0,0.0,0.0,0.0,0.0,0.0,10,1.0
pg1_11,8,10,0.05,0.0,0.5,0.05,0.0,0.5,10,1.0
pg1_11,9,10,0.0,0.0,0.0,0.0,0.0,0.0,10,1.0
pg1_11,10,10,0.05,0.0,0.5,0.05,0.0,0.5,10,1.0
pg1_11,11,10,0.1,0.0,0.5,0.1,0.0,0.5,10,1.0
pg1_11,12,10,0.0,0.0,0.0,0.0,0.0,0.0,10,1.0
pg1_11,13,10,0.0,0.0,0.0,0.0,0.0,0.0,10,1.0
pg1_11,14,10,0.6090169943749475,0.0,5.5901699437494745,0.6090169943749475,0.0,5.5901699437494745,10,1.0
pg1_11,15,10,0.05,0.0,0.5,0.05,0.0,0.5,10,1.0
pg1_11,16,10,0.0,0.0,0.0,0.0,0.0,0.0,10,1.0
pg1_11,17,10,0.0,0.0,0.0,0.0,0.0,0.0,10,1.0
pg1_11,18,10,0.05,0.0,0.5,0.05,0.0,0.5,10,1.0
pg1_11,19,10,0.1,0.0,0.5,0.1,0.0,0.5,10,1.0
pg1_11,20,10,0.0,0.0,0.0,0.0,0.0,0.0,10,1.0
pg1_11,21,10,0.41055512754639895,0.0,3.605551275463989,0.41055512754639895,0.0,3.605551275463989,10,1.0
pg1_11,22,10,0.05,0.0,0.5,0.05,0.0,0.5,10,1.0
pg1_11,23,10,0.223606797749979,0.0,2.23606797749979,0.223606797749979,0.0,2.23606797749979,10,1.0
pg1_11,24,10,0.36180339887498947,0.0,1.5,0.36180339887498947,0.0,1.5,10,1.0
pg1_11,25,10,0.12071067811865474,0.0,0.7071067811865476,0.12071067811865474,0.0,0.7071067811865476,10,1.0
pg1_11,26,10,0.1,0.0,0.5,0.1,0.0,0.5,10,1.0
pg1_11,27,10,0.2,0.0,0.5,0.2,0.0,0.5,10,1.0
pg1_11,28,10,0.05,0.0,0.5,0.05,0.0,0.5,10,1.0
pg1_11,29,10,0.15,0.0,0.5,0.15,0.0,0.5,10,1.0
pg1_11,30,10,0.258113883008419,0.0,1.5811388300841898,0.258113883008419,0.0,1.5811388300841898,10,1.0
pg1_11,31,10,0.15,0.0,0.5,0.15,0.0,0.5,10,1.0
pg1_11,32,10,0.15,0.0,1.0,0.15,0.0,1.0,10,1.0
pg1_11,33,10,0.1,0.0,0.5,0.1,0.0,0.5,10,1.0
pg1_11,34,10,0.1,0.0,0.5,0.1,0.0,0.5,10,1.0
pg1_11,35,10,0.15,0.0,0.5,0.15,0.0,0.5,10,1.0
pg1_11,36,10,0.17071067811865476,0.0,0.7071067811865476,0.17071067811865476,0.0,0.7071067811865476,10,1.0
pg1_11,37,10,0.2,0.0,0.5,0.2,0.0,0.5,10,1.0
pg1_11,38,10,0.15,0.0,1.0,0.15,0.0,1.0,10,1.0
pg1_11,39,10,0.28027756377319946,0.0,1.8027756377319946,0.28027756377319946,0.0,1.8027756377319946,10,1.0
pg1_11,40,10,0.05,0.0,0.5,0.05,0.0,0.5,10,1.0
pg1_11,41,10,0.2,0.0,1.0,0.2,0.0,1.0,10,1.0
pg1_11,42,10,0.15,0.0,1.0,0.15,0.0,1.0,10,1.0
pg1_11,43,10,0.15,0.0,0.5,0.15,0.0,0.5,10,1.0
pg1_11,44,10,0.22071067811865475,0.0,1.0,0.22071067811865475,0.0,1.0,10,1.0
pg1_11,45,10,0.1,0.0,0.5,0.1,0.0,0.5,10,1.0
pg1_11,46,10,0.0,0.0,0.0,0.0,0.0,0.0,10,1.0
pg1_11,47,10,0.1914213562373095,0.0,0.7071067811865476,0.1914213562373095,0.0,0.7071067811865476,10,1.0
pg1_11,48,10,0.3118033988749895,0.25,1.118033988749895,0.3118033988749895,0.25,1.118033988749895,10,1.0
pg1_11,49,10,0.05,0.0,0.5,0.05,0.0,0.5,10,1.0
pg1_11,50,10,0.1,0.0,0.5,0.1,0.0,0.5,10,1.0
pg1_11,51,10,0.4549509756796392,0.25,2.5495097567963922,0.4549509756796392,0.25,2.5495097567963922,10,1.0
pg1_11,52,10,0.4618033988749895,0.0,3.0,0.4618033988749895,0.0,3.0,10,1.0
pg1_11,53,10,0.35,0.0,3.0,0.35,0.0,3.0,10,1.0
pg1_11,54,10,0.2,0.0,0.5,0.2,0.0,0.5,10,1.0
pg1_11,55,10,0.1914213562373095,0.0,0.7071067811865476,0.1914213562373095,0.0,0.7071067811865476,10,1.0
pg1_11,56,10,0.2,0.0,0.5,0.2,0.0,0.5,10,1.0
pg1_11,57,10,0.4118033988749895,0.5,1.118033988749895,0.4118033988749895,0.5,1.118033988749895,10,1.0
pg1_11,58,10,0.3207106781186547,0.25,1.0,0.3207106781186547,0.25,1.0,10,1.0
pg1_11,59,10,0.3,0.25,1.0,0.3,0.25,1.0,10,1.0
pg1_11,60,10,0.3414213562373095,0.5,0.7071067811865476,0.3414213562373095,0.5,0.7071067811865476,10,1.0
pg1_11,61,10,0.3207106781186547,0.25,1.0,0.3207106781186547,0.25,1.0,10,1.0
pg1_11,62,10,0.4699172818834085,0.5,1.5811388300841898,0.4699172818834085,0.5,1.5811388300841898,10,1.0
pg1_11,63,10,0.473606797749979,0.25,2.23606797749979,0.473606797749979,0.25,2.23606797749979,10,1.0
pg1_11,64,10,0.36180339887498947,0.25,1.118033988749895,0.36180339887498947,0.25,1.118033988749895,10,1.0
pg1_11,65,10,0.5329689509795746,0.25,2.9154759474226504,0.5329689509795746,0.25,2.9154759474226504,10,1.0
pg1_11,66,10,0.5121320343559643,0.5,1.0,0.5121320343559643,0.5,1.0,10,1.0
pg1_11,67,10,0.4618033988749895,0.5,1.118033988749895,0.4618033988749895,0.5,1.118033988749895,10,1.0
pg1_11,68,10,0.3414213562373095,0.25,1.0,0.3414213562373095,0.25,1.0,10,1.0
pg1_11,69,10,0.6621320343559642,0.6035533905932737,1.4142135623730951,0.6621320343559642,0.6035533905932737,1.4142135623730951,10,1.0
pg1_11,70,10,0.3414213562373095,0.25,1.0,0.3414213562373095,0.25,1.0,10,1.0
pg1_11,71,10,0.49062796000206327,0.5,1.5811388300841898,0.49062796000206327,0.5,1.5811388300841898,10,1.0
pg1_11,72,10,0.4414213562373095,0.5,0.7071067811865476,0.4414213562373095,0.5,0.7071067811865476,10,1.0
pg1_11,73,10,0.4414213562373095,0.25,1.4142135623730951,0.4414213562373095,0.25,1.4142135623730951,10,1.0
pg1_11,74,10,0.25,0.0,1.0,0.25,0.0,1.0,10,1.0
pg1_11,75,10,0.5325140769936443,0.6035533905932737,1.118033988749895,0.5325140769936443,0.6035533905932737,1.118033988749895,10,1.0
pg1_11,76,10,0.38251407699364426,0.5,1.118033988749895,0.38251407699364426,0.5,1.118033988749895,10,1.0
pg1_11,77,10,0.6527599943580275,0.6035533905932737,1.5811388300841898,0.6527599943580275,0.6035533905932737,1.5811388300841898,10,1.0
pg1_11,78,10,0.6504727571495168,0.5,2.0615528128088303,0.6504727571495168,0.5,2.0615528128088303,10,1.0
pg1_11,79,10,0.6383914467816185,0.5,1.8027756377319946,0.6383914467816185,0.5,1.8027756377319946,10,1.0
pg1_11,80,10,0.8340134104054944,0.6035533905932737,3.8078865529319543,0.8340134104054944,0.6035533905932737,3.8078865529319543,10,1.0
pg1_11,81,10,0.6544862149253677,0.5,2.5495097567963922,0.6544862149253677,0.5,2.5495097567963922,10,1.0
pg1_11,82,10,1.1914213562373095,0.6035533905932737,7.5,1.1914213562373095,0.6035533905932737,7.5,10,1.0
pg1_11,83,10,0.7285577734296182,0.5,2.5495097567963922,0.7285577734296182,0.5,2.5495097567963922,10,1.0
pg1_11,84,10,0.5509882418918541,0.5,1.8027756377319946,0.5509882418918541,0.5,1.8027756377319946,10,1.0
pg1_11,85,10,1.0985281374238571,0.6035533905932737,7.0710678118654755,1.0985281374238571,0.6035533905932737,7.0710678118654755,10,1.0
pg1_11,86,10,0.6561208747436232,0.6035533905932737,1.5,0.6561208747436232,0.6035533905932737,1.5,10,1.0
pg1_11,87,10,0.5325140769936443,0.5,1.118033988749895,0.5325140769936443,0.5,1.118033988749895,10,1.0
pg1_11,88,10,0.6707106781186548,0.8535533905932737,1.0,0.6707106781186548,0.8535533905932737,1.0,10,1.0
pg1_11,89,10,0.6239354332309538,0.7071067811865476,1.5,0.6239354332309538,0.7071067811865476,1.5,10,1.0
pg1_11,90,10,0.6150281539872886,0.7071067811865476,1.118033988749895,0.6150281539872886,0.7071067811865476,1.118033988749895,10,1.0
pg1_11,91,10,0.7245950396418331,0.6035533905932737,1.8027756377319946,0.7245950396418331,0.6035533905932737,1.8027756377319946,10,1.0
pg1_11,92,10,0.703224755112299,0.7071067811865476,1.5,0.703224755112299,0.7071067811865476,1.5,10,1.0
pg1_11,93,10,0.9536733657606394,0.7071067811865476,3.0413812651491097,0.9536733657606394,0.7071067811865476,3.0413812651491097,10,1.0
pg1_11,94,10,1.0867335042215562,0.9125703849682212,2.5495097567963922,1.0867335042215562,0.9125703849682212,2.5495097567963922,10,1.0
pg1_11,95,10,0.698082801483799,0.5,2.692582403567252,0.698082801483799,0.5,2.692582403567252,10,1.0
pg1_11,96,10,0.8310616392317147,0.5,2.692582403567252,0.8310616392317147,0.5,2.692582403567252,10,1.0
pg1_11,97,10,0.7207106781186547,0.5,2.5,0.7207106781186547,0.5,2.5,10,1.0
pg1_12,2,10,1.1418110475505254,0.8535533905932737,3.1622776601683795,1.1418110475505254,0.8535533905932737,3.1622776601683795,10,1.0
pg1_12,3,10,0.466227766016838,0.0,3.1622776601683795,0.466227766016838,0.0,3.1622776601683795,10,1.0
pg1_12,4,10,0.3118033988749895,0.0,1.118033988749895,0.3118033988749895,0.0,1.118033988749895,10,1.0
pg1_12,5,10,0.15,0.0,0.5,0.15,0.0,0.5,10,1.0
pg1_12,6,10,0.05,0.0,0.5,0.05,0.0,0.5,10,1.0
pg1_12,7,10,0.05,0.0,0.5,0.05,0.0,0.5,10,1.0
pg1_12,8,10,0.05,0.0,0.5,0.05,0.0,0.5,10,1.0
pg1_12,9,10,0.0,0.0,0.0,0.0,0.0,0.0,10,1.0
pg1_12,10,10,0.16180339887498948,0.0,1.118033988749895,0.16180339887498948,0.0,1.118033988749895,10,1.0
pg1_12,11,10,0.0,0.0,0.0,0.0,0.0,0.0,10,1.0
pg1_12,12,10,0.0,0.0,0.0,0.0,0.0,0.0,10,1.0
pg1_12,13,10,0.0,0.0,0.0,0.0,0.0,0.0,10,1.0
pg1_12,14,10,0.05,0.0,0.5,0.05,0.0,0.5,10,1.0
pg1_12,15,10,0.0,0.0,0.0,0.0,0.0,0.0,10,1.0
pg1_12,16,10,0.35,0.0,3.0,0.35,0.0,3.0,10,1.0
pg1_12,17,10,0.0,0.0,0.0,0.0,0.0,0.0,10,1.0
pg1_12,18,10,0.1,0.0,0.5,0.1,0.0,0.5,10,1.0
pg1_12,19,10,0.0,0.0,0.0,0.0,0.0,0.0,10,1.0
pg1_12,20,10,0.5716990566028302,0.0,4.716990566028302,0.5716990566028302,0.0,4.716990566028302,10,1.0
pg1_12,21,10,0.05,0.0,0.5,0.05,0.0,0.5,10,1.0
pg1_12,22,10,0.05,0.0,0.5,0.05,0.0,0.5,10,1.0
pg1_12,23,10,0.05,0.0,0.5,0.05,0.0,0.5,10,1.0
pg1_12,24,10,0.05,0.0,0.5,0.05,0.0,0.5,10,1.0
pg1_12,25,10,0.1,0.0,0.5,0.1,0.0,0.5,10,1.0
pg1_12,26,10,0.1118033988749895,0.0,1.118033988749895,0.1118033988749895,0.0,1.118033988749895,10,1.0
pg1_12,27,10,0.2118033988749895,0.0,1.118033988749895,0.2118033988749895,0.0,1.118033988749895,10,1.0
pg1_12,28,10,0.15,0.0,0.5,0.15,0.0,0.5,10,1.0
pg1_12,29,10,0.604138126514911,0.0,3.0413812651491097,0.604138126514911,0.0,3.0413812651491097,10,1.0
pg1_12,30,10,0.2825140769936442,0.0,1.118033988749895,0.2825140769936442,0.0,1.118033988749895,10,1.0
pg1_12,31,10,0.35,0.0,2.5,0.35,0.0,2.5,10,1.0
pg1_12,32,10,0.27071067811865474,0.0,1.0,0.27071067811865474,0.0,1.0,10,1.0
pg1_12,33,10,0.2,0.0,1.0,0.2,0.0,1.0,10,1.0
pg1_12,34,10,0.22071067811865475,0.0,0.7071067811865476,0.22071067811865475,0.0,0.7071067811865476,10,1.0
pg1_12,35,10,0.05,0.0,0.5,0.05,0.0,0.5,10,1.0
pg1_12,36,10,0.3,0.5,0.5,0.3,0.5,0.5,10,1.0
pg1_12,37,10,0.05,0.0,0.5,0.05,0.0,0.5,10,1.0
pg1_12,38,10,0.1,0.0,0.5,0.1,0.0,0.5,10,1.0
pg1_12,39,10,0.27071067811865474,0.25,0.7071067811865476,0.27071067811865474,0.25,0.7071067811865476,10,1.0
pg1_12,40,10,0.36180339887498947,0.5,1.118033988749895,0.36180339887498947,0.5,1.118033988749895,10,1.0
pg1_12,41,10,0.2,0.0,1.0,0.2,0.0,1.0,10,1.0
pg1_12,42,10,0.3207106781186547,0.25,1.0,0.3207106781186547,0.25,1.0,10,1.0
pg1_12,43,10,0.4207106781186548,0.5,1.0,0.4207106781186548,0.5,1.0,10,1.0
pg1_12,44,10,0.3,0.0,1.0,0.3,0.0,1.0,10,1.0
pg1_12,45,10,0.5118033988749895,0.5,1.118033988749895,0.5118033988749895,0.5,1.118033988749895,10,1.0
pg1_12,46,10,0.2825140769936442,0.0,1.118033988749895,0.2825140769936442,0.0,1.118033988749895,10,1.0
pg1_12,47,10,0.36180339887498947,0.5,1.118033988749895,0.36180339887498947,0.5,1.118033988749895,10,1.0
pg1_12,48,10,0.5319596107466319,0.0,3.2015621187164243,0.5319596107466319,0.0,3.2015621187164243,10,1.0
pg1_12,49,10,0.5026702888652868,0.0,3.2015621187164243,0.5026702888652868,0.0,3.2015621187164243,10,1.0
pg1_12,50,10,0.5446461113496085,0.5,1.4142135623730951,0.5446461113496085,0.5,1.4142135623730951,10,1.0
pg1_12,51,10,1.8899779145917954,0.5,8.246211251235321,1.8899779145917954,0.5,8.246211251235321,10,1.0
pg1_12,52,10,1.0487842378645194,0.25,3.0413812651491097,1.0487842378645194,0.25,3.0413812651491097,10,1.0
pg1_12,53,10,1.347199273387735,0.6035533905932737,4.301162633521313,1.347199273387735,0.6035533905932737,4.301162633521313,10,1.0
pg1_12,54,10,0.7414213562373095,0.5,2.5,0.7414213562373095,0.5,2.5,10,1.0
pg1_12,55,10,0.8239354332309536,0.6035533905932737,3.0,0.8239354332309536,0.6035533905932737,3.0,10,1.0
pg1_12,56,10,0.6857388321059432,0.3535533905932738,2.23606797749979,0.6857388321059432,0.3535533905932738,2.23606797749979,10,1.0
pg1_12,57,10,0.7391755222401336,0.25,2.692582403567252,0.7391755222401336,0.25,2.692582403567252,10,1.0
pg1_12,58,10,0.7679586801558725,0.5,2.0615528128088303,0.7679586801558725,0.5,2.0615528128088303,10,1.0
pg1_12,59,10,0.8813902747126894,0.6035533905932737,2.692582403567252,0.8813902747126894,0.6035533905932737,2.692582403567252,10,1.0
pg1_12,60,10,0.6914213562373095,0.5,2.5,0.6914213562373095,0.5,2.5,10,1.0
pg1_12,61,10,0.682842712474619,0.6035533905932737,2.5,0.682842712474619,0.6035533905932737,2.5,10,1.0
pg1_12,62,10,1.3098691109935048,1.266123775561495,3.3541019662496847,1.3098691109935048,1.266123775561495,3.3541019662496847,10,1.0
pg1_12,63,10,1.0508013926304915,0.8090169943749475,2.5,1.0508013926304915,0.8090169943749475,2.5,10,1.0
pg1_12,64,10,1.2788581063626137,0.9125703849682212,4.301162633521313,1.2788581063626137,0.9125703849682212,4.301162633521313,10,1.0
pg1_12,65,10,0.6121320343559643,0.5,2.0,0.6121320343559643,0.5,2.0,10,1.0
pg1_12,66,10,0.529812803018928,0.25,1.8027756377319946,0.529812803018928,0.25,1.8027756377319946,10,1.0
pg1_12,67,10,0.8300907145118369,0.8535533905932737,2.0615528128088303,0.8300907145118369,0.8535533905932737,2.0615528128088303,10,1.0
pg1_12,68,10,0.5495352392457284,0.5,1.5811388300841898,0.5495352392457284,0.5,1.5811388300841898,10,1.0
pg1_12,69,10,1.0010979570231364,0.5,3.3541019662496847,1.0010979570231364,0.5,3.3541019662496847,10,1.0
pg1_12,70,10,1.0307159143854565,0.8535533905932737,3.3541019662496847,1.0307159143854565,0.8535533905932737,3.3541019662496847,10,1.0
pg1_12,71,10,1.6161532277075736,0.7071067811865476,6.519202405202649,1.6161532277075736,0.7071067811865476,6.519202405202649,10,1.0
pg1_12,72,10,1.1728408316668437,0.8090169943749475,3.640054944640259,1.1728408316668437,0.8090169943749475,3.640054944640259,10,1.0
pg1_12,73,10,1.5601470224864138,0.9125703849682212,4.47213595499958,1.5601470224864138,0.9125703849682212,4.47213595499958,10,1.0
pg1_12,74,10,1.60908271937749,1.0590169943749475,5.024937810560445,1.60908271937749,1.0590169943749475,5.024937810560445,10,1.0
pg1_12,75,10,1.644992005774672,1.3090169943749475,4.527692569068709,1.644992005774672,1.3090169943749475,4.527692569068709,10,1.0
pg1_12,76,10,1.2736797598009229,1.0590169943749475,3.640054944640259,1.2736797598009229,1.0590169943749475,3.640054944640259,10,1.0
pg1_12,77,10,1.0922758083047968,1.118033988749895,2.5,1.0922758083047968,1.118033988749895,2.5,10,1.0
pg1_12,78,10,1.300751618754832,1.3090169943749475,4.924428900898052,1.300751618754832,1.3090169943749475,4.924428900898052,10,1.0
pg1_12,79,10,1.1746989299680433,1.0590169943749475,3.905124837953327,1.1746989299680433,1.0590169943749475,3.905124837953327,10,1.0
pg1_12,80,10,1.3194949159831741,0.9125703849682212,3.5,1.3194949159831741,0.9125703849682212,3.5,10,1.0
pg1_12,81,10,1.4829037683068602,1.0590169943749475,3.605551275463989,1.4829037683068602,1.0590169943749475,3.605551275463989,10,1.0
pg1_12,82,10,1.1723207830512397,1.0590169943749475,3.2015621187164243,1.1723207830512397,1.0590169943749475,3.2015621187164243,10,1.0
pg1_12,83,10,1.134161925296378,0.5,3.605551275463989,1.134161925296378,0.5,3.605551275463989,10,1.0
pg1_12,84,10,1.0785478866612768,0.7071067811865476,2.9154759474226504,1.0785478866612768,0.7071067811865476,2.9154759474226504,10,1.0
pg1_12,85,10,1.1191857334316815,1.0590169943749475,2.5495097567963922,1.1191857334316815,1.0590169943749475,2.5495097567963922,10,1.0
pg1_12,86,10,1.3623138573068494,0.9125703849682212,3.0413812651491097,1.3623138573068494,0.9125703849682212,3.0413812651491097,10,1.0
pg1_12,87,10,1.257382334556692,1.3090169943749475,2.5495097567963922,1.257382334556692,1.3090169943749475,2.5495097567963922,10,1.0
pg1_12,88,10,1.0619982445315974,1.118033988749895,2.5,1.0619982445315974,1.118033988749895,2.5,10,1.0
pg1_12,89,10,1.523048306576448,0.8535533905932737,5.656854249492381,1.523048306576448,0.8535533905932737,5.656854249492381,10,1.0
pg1_12,90,10,1.3304724094298073,1.3495864094170424,3.5,1.3304724094298073,1.3495864094170424,3.5,10,1.0
pg1_12,91,10,1.4521182700033204,1.2071067811865475,3.5355339059327378,1.4521182700033204,1.2071067811865475,3.5355339059327378,10,1.0
pg1_12,92,10,1.6271733768277308,1.6919572339080922,3.5355339059327378,1.6271733768277308,1.6919572339080922,3.5355339059327378,10,1.0
pg1_12,93,10,1.571902758508022,1.2071067811865475,3.905124837953327,1.571902758508022,1.2071067811865475,3.905124837953327,10,1.0
pg1_12,94,10,1.5318803490341826,1.6513878188659974,3.5355339059327378,1.5318803490341826,1.6513878188659974,3.5355339059327378,10,1.0
pg1_12,95,10,1.8384993913481664,2.0194218076158923,3.5355339059327378,1.8384993913481664,2.0194218076158923,3.5355339059327378,10,1.0
pg1_12,96,10,1.258666009607813,1.290569415042095,3.905124837953327,1.258666009607813,1.290569415042095,3.905124837953327,10,1.0
pg1_12,97,10,1.843150458432293,1.90860340379199,5.220153254455275,1.843150458432293,1.90860340379199,5.220153254455275,10,1.0
pg1_2,2,10,1.3516998104253257,1.540569415042095,2.5495097567963922,1.3516998104253257,1.540569415042095,2.5495097567963922,10,1.0
pg1_2,3,10,0.2,0.0,1.0,0.2,0.0,1.0,10,1.0
pg1_2,4,10,0.2,0.0,0.5,0.2,0.0,0.5,10,1.0
pg1_2,5,10,0.15,0.0,0.5,0.15,0.0,0.5,10,1.0
pg1_2,6,10,0.23027756377319947,0.0,1.8027756377319946,0.23027756377319947,0.0,1.8027756377319946,10,1.0
pg1_2,7,10,0.258113883008419,0.0,1.5811388300841898,0.258113883008419,0.0,1.5811388300841898,10,1.0
pg1_2,8,10,0.05,0.0,0.5,0.05,0.0,0.5,10,1.0
pg1_2,9,10,0.05,0.0,0.5,0.05,0.0,0.5,10,1.0
pg1_2,10,10,0.05,0.0,0.5,0.05,0.0,0.5,10,1.0
pg1_2,11,10,0.1414213562373095,0.0,0.7071067811865476,0.1414213562373095,0.0,0.7071067811865476,10,1.0
pg1_2,12,10,0.0,0.0,0.0,0.0,0.0,0.0,10,1.0
pg1_2,13,10,0.1,0.0,0.5,0.1,0.0,0.5,10,1.0
pg1_2,14,10,0.0,0.0,0.0,0.0,0.0,0.0,10,1.0
pg1_2,15,10,0.20615528128088303,0.0,2.0615528128088303,0.20615528128088303,0.0,2.0615528128088303,10,1.0
pg1_2,16,10,0.0,0.0,0.0,0.0,0.0,0.0,10,1.0
pg1_2,17,10,0.0,0.0,0.0,0.0,0.0,0.0,10,1.0
pg1_2,18,10,0.2,0.0,1.0,0.2,0.0,1.0,10,1.0
pg1_2,19,10,0.0,0.0,0.0,0.0,0.0,0.0,10,1.0
pg1_2,20,10,0.05,0.0,0.5,0.05,0.0,0.5,10,1.0
pg1_2,21,10,0.30495097567963925,0.0,2.5495097567963922,0.30495097567963925,0.0,2.5495097567963922,10,1.0
pg1_2,22,10,0.0,0.0,0.0,0.0,0.0,0.0,10,1.0
pg1_2,23,10,0.05,0.0,0.5,0.05,0.0,0.5,10,1.0
pg1_2,24,10,0.0,0.0,0.0,0.0,0.0,0.0,10,1.0
pg1_2,25,10,0.2,0.0,0.5,0.2,0.0,0.5,10,1.0
pg1_2,26,10,0.258113883008419,0.0,1.5811388300841898,0.258113883008419,0.0,1.5811388300841898,10,1.0
pg1_2,27,10,0.05,0.0,0.5,0.05,0.0,0.5,10,1.0
pg1_2,28,10,0.1,0.0,0.5,0.1,0.0,0.5,10,1.0
pg1_2,29,10,0.1,0.0,0.5,0.1,0.0,0.5,10,1.0
pg1_2,30,10,0.0,0.0,0.0,0.0,0.0,0.0,10,1.0
pg1_2,31,10,0.17071067811865476,0.0,0.7071067811865476,0.17071067811865476,0.0,0.7071067811865476,10,1.0
pg1_2,32,10,0.05,0.0,0.5,0.05,0.0,0.5,10,1.0
pg1_2,33,10,0.17071067811865476,0.0,0.7071067811865476,0.17071067811865476,0.0,0.7071067811865476,10,1.0
pg1_2,34,10,0.1,0.0,0.5,0.1,0.0,0.5,10,1.0
pg1_2,35,10,0.15,0.0,0.5,0.15,0.0,0.5,10,1.0
pg1_2,36,10,0.1,0.0,0.5,0.1,0.0,0.5,10,1.0
pg1_2,37,10,0.05,0.0,0.5,0.05,0.0,0.5,10,1.0
pg1_2,38,10,0.05,0.0,0.5,0.05,0.0,0.5,10,1.0
pg1_2,39,10,0.2,0.0,0.5,0.2,0.0,0.5,10,1.0
pg1_2,40,10,0.1,0.0,0.5,0.1,0.0,0.5,10,1.0
pg1_2,41,10,0.15,0.0,0.5,0.15,0.0,0.5,10,1.0
pg1_2,42,10,0.05,0.0,0.5,0.05,0.0,0.5,10,1.0
pg1_2,43,10,0.05,0.0,0.5,0.05,0.0,0.5,10,1.0
pg1_2,44,10,0.8531662101523306,0.25,6.324555320336759,0.8531662101523306,0.25,6.324555320336759,10,1.0
pg1_2,45,10,0.464269164289302,0.0,2.0615528128088303,0.464269164289302,0.0,2.0615528128088303,10,1.0
pg1_2,46,10,0.81478150704935,0.0,5.1478150704935,0.81478150704935,0.0,5.1478150704935,10,1.0
pg1_2,47,10,0.4414213562373095,0.0,1.5,0.4414213562373095,0.0,1.5,10,1.0
pg1_2,48,10,0.38251407699364426,0.25,1.118033988749895,0.38251407699364426,0.25,1.118033988749895,10,1.0
pg1_2,49,10,0.531720680758398,0.5,1.5811388300841898,0.531720680758398,0.5,1.5811388300841898,10,1.0
pg1_2,50,10,0.5825140769936443,0.5,1.5,0.5825140769936443,0.5,1.5,10,1.0
pg1_2,51,10,0.969452521129137,1.0,3.1622776601683795,0.969452521129137,1.0,3.1622776601683795,10,1.0
pg1_2,52,10,0.6495352392457285,0.6035533905932737,1.5811388300841898,0.6495352392457285,0.6035533905932737,1.5811388300841898,10,1.0
pg1_2,53,10,0.5618033988749895,0.5,1.5,0.5618033988749895,0.5,1.5,10,1.0
pg1_2,54,10,0.6495352392457285,0.7071067811865476,1.5811388300841898,0.6495352392457285,0.7071067811865476,1.5811388300841898,10,1.0
pg1_2,55,10,0.6231420369957075,0.6035533905932737,1.5811388300841898,0.6231420369957075,0.6035533905932737,1.5811388300841898,10,1.0
pg1_2,56,10,0.4325140769936443,0.25,1.118033988749895,0.4325140769936443,0.25,1.118033988749895,10,1.0
pg1_2,57,10,0.7243416490252569,0.5,1.5811388300841898,0.7243416490252569,0.5,1.5811388300841898,10,1.0
pg1_2,58,10,0.7150281539872885,0.7071067811865476,2.0,0.7150281539872885,0.7071067811865476,2.0,10,1.0
pg1_2,59,10,0.6906279600020632,0.6035533905932737,1.5811388300841898,0.6906279600020632,0.6035533905932737,1.5811388300841898,10,1.0
pg1_2,60,10,0.732842712474619,0.7071067811865476,1.5,0.732842712474619,0.7071067811865476,1.5,10,1.0
pg1_2,61,10,0.4825140769936443,0.25,1.5,0.4825140769936443,0.25,1.5,10,1.0
pg1_2,62,10,0.7202459173643833,0.6035533905932737,1.5811388300841898,0.7202459173643833,0.6035533905932737,1.5811388300841898,10,1.0
pg1_2,63,10,0.55,0.5,1.5,0.55,0.5,1.5,10,1.0
pg1_2,64,10,0.8618033988749895,0.5,3.0,0.8618033988749895,0.5,3.0,10,1.0
pg1_2,65,10,0.661338638120718,0.6035533905932737,1.5811388300841898,0.661338638120718,0.6035533905932737,1.5811388300841898,10,1.0
pg1_2,66,10,0.5707106781186548,0.5,1.5,0.5707106781186548,0.5,1.5,10,1.0
pg1_2,67,10,0.7076491222541474,0.6035533905932737,1.5811388300841898,0.7076491222541474,0.6035533905932737,1.5811388300841898,10,1.0
pg1_2,68,10,0.611338638120718,0.6035533905932737,1.5811388300841898,0.611338638120718,0.6035533905932737,1.5811388300841898,10,1.0
pg1_2,69,10,0.6739354332309537,0.5,2.0,0.6739354332309537,0.5,2.0,10,1.0
pg1_2,70,10,1.6831335146844844,0.6035533905932737,10.124228365658293,1.6831335146844844,0.6035533905932737,10.124228365658293,10,1.0
pg1_2,71,10,0.9755832815336876,1.0590169943749475,1.8027756377319946,0.9755832815336876,1.0590169943749475,1.8027756377319946,10,1.0
pg1_2,72,10,0.9081138830084189,1.0,2.0,0.9081138830084189,1.0,2.0,10,1.0
pg1_2,73,10,0.7967832412829463,0.8535533905932737,2.0615528128088303,0.7967832412829463,0.8535533905932737,2.0615528128088303,10,1.0
pg1_2,74,10,1.0270608050561456,1.0590169943749475,2.0615528128088303,1.0270608050561456,1.0590169943749475,2.0615528128088303,10,1.0
pg1_2,75,10,1.0349798424079568,1.0,2.0615528128088303,1.0349798424079568,1.0,2.0615528128088303,10,1.0
pg1_2,76,10,0.9627916407668436,1.0590169943749475,1.8027756377319946,0.9627916407668436,1.0590169943749475,1.8027756377319946,10,1.0
pg1_2,77,10,1.0011830875484622,1.0,1.8027756377319946,1.0011830875484622,1.0,1.8027756377319946,10,1.0
pg1_2,78,10,1.0199172818834086,1.0,2.0,1.0199172818834086,1.0,2.0,10,1.0
pg1_2,79,10,0.951460999041371,1.0590169943749475,2.0615528128088303,0.951460999041371,1.0590169943749475,2.0615528128088303,10,1.0
pg1_2,80,10,1.021843041679051,1.0590169943749475,2.0615528128088303,1.021843041679051,1.0590169943749475,2.0615528128088303,10,1.0
pg1_2,81,10,0.9359336777625511,0.9125703849682212,2.23606797749979,0.9359336777625511,0.9125703849682212,2.23606797749979,10,1.0
pg1_2,82,10,1.026782893563237,1.0,1.8027756377319946,1.026782893563237,1.0,1.8027756377319946,10,1.0
pg1_2,83,10,1.0278197947541323,0.9125703849682212,2.23606797749979,1.0278197947541323,0.9125703849682212,2.23606797749979,10,1.0
pg1_2,84,10,1.0307911592498549,1.118033988749895,2.1213203435596424,1.0307911592498549,1.118033988749895,2.1213203435596424,10,1.0
pg1_2,85,10,0.9591021249002732,1.1035533905932737,1.8027756377319946,0.9591021249002732,1.1035533905932737,1.8027756377319946,10,1.0
pg1_2,86,10,1.043059318879116,1.0590169943749475,2.23606797749979,1.043059318879116,1.0590169943749475,2.23606797749979,10,1.0
pg1_2,87,10,0.8967832412829463,0.8535533905932737,2.0615528128088303,0.8967832412829463,0.8535533905932737,2.0615528128088303,10,1.0
pg1_2,88,10,1.151183087548462,1.3090169943749475,2.5,1.151183087548462,1.3090169943749475,2.5,10,1.0
pg1_2,89,10,0.9004727571495168,0.9125703849682212,2.0615528128088303,0.9004727571495168,0.9125703849682212,2.0615528128088303,10,1.0
pg1_2,90,10,1.2398345637668169,1.5,2.5,1.2398345637668169,1.5,2.5,10,1.0
pg1_2,91,10,1.293065867707154,1.3090169943749475,3.2015621187164243,1.293065867707154,1.3090169943749475,3.2015621187164243,10,1.0
pg1_2,92,10,1.4223830472977208,1.540569415042095,2.5,1.4223830472977208,1.540569415042095,2.5,10,1.0
pg1_2,93,10,1.2501948456566079,1.5,2.5,1.2501948456566079,1.5,2.5,10,1.0
pg1_2,94,10,1.610293407795794,1.7807764064044151,3.0413812651491097,1.610293407795794,1.7807764064044151,3.0413812651491097,10,1.0
pg1_2,95,10,1.2326958999445292,1.0,3.0413812651491097,1.2326958999445292,1.0,3.0413812651491097,10,1.0
pg1_2,96,10,1.0682873156368473,1.0,2.5,1.0682873156368473,1.0,2.5,10,1.0
pg1_2,97,10,1.380323894538924,1.4571067811865475,3.8078865529319543,1.380323894538924,1.4571067811865475,3.8078865529319543,10,1.0
pg1_3,2,10,1.8519665981227813,2.060660171779821,3.1622776601683795,1.8519665981227813,2.060660171779821,3.1622776601683795,10,1.0
pg1_3,3,10,0.1,0.0,0.5,0.1,0.0,0.5,10,1.0
pg1_3,4,10,0.1,0.0,0.5,0.1,0.0,0.5,10,1.0
pg1_3,5,10,0.0,0.0,0.0,0.0,0.0,0.0,10,1.0
pg1_3,6,10,0.05,0.0,0.5,0.05,0.0,0.5,10,1.0
pg1_3,7,10,0.07071067811865475,0.0,0.7071067811865476,0.07071067811865475,0.0,0.7071067811865476,10,1.0
pg1_3,8,10,0.0,0.0,0.0,0.0,0.0,0.0,10,1.0
pg1_3,9,10,0.0,0.0,0.0,0.0,0.0,0.0,10,1.0
pg1_3,10,10,0.05,0.0,0.5,0.05,0.0,0.5,10,1.0
pg1_3,11,10,0.1,0.0,0.5,0.1,0.0,0.5,10,1.0
pg1_3,12,10,0.1118033988749895,0.0,1.118033988749895,0.1118033988749895,0.0,1.118033988749895,10,1.0
pg1_3,13,10,0.05,0.0,0.5,0.05,0.0,0.5,10,1.0
pg1_3,14,10,0.05,0.0,0.5,0.05,0.0,0.5,10,1.0
pg1_3,15,10,0.0,0.0,0.0,0.0,0.0,0.0,10,1.0
pg1_3,16,10,0.05,0.0,0.5,0.05,0.0,0.5,10,1.0
pg1_3,17,10,0.0,0.0,0.0,0.0,0.0,0.0,10,1.0
pg1_3,18,10,0.1118033988749895,0.0,1.118033988749895,0.1118033988749895,0.0,1.118033988749895,10,1.0
pg1_3,19,10,0.05,0.0,0.5,0.05,0.0,0.5,10,1.0
pg1_3,20,10,0.0,0.0,0.0,0.0,0.0,0.0,10,1.0
pg1_3,21,10,0.29154759474226505,0.0,2.9154759474226504,0.29154759474226505,0.0,2.9154759474226504,10,1.0
pg1_3,22,10,0.05,0.0,0.5,0.05,0.0,0.5,10,1.0
pg1_3,23,10,0.05,0.0,0.5,0.05,0.0,0.5,10,1.0
pg1_3,24,10,0.05,0.0,0.5,0.05,0.0,0.5,10,1.0
pg1_3,25,10,0.0,0.0,0.0,0.0,0.0,0.0,10,1.0
pg1_3,26,10,0.07071067811865475,0.0,0.7071067811865476,0.07071067811865475,0.0,0.7071067811865476,10,1.0
pg1_3,27,10,0.1414213562373095,0.0,1.4142135623730951,0.1414213562373095,0.0,1.4142135623730951,10,1.0
pg1_3,28,10,0.07071067811865475,0.0,0.7071067811865476,0.07071067811865475,0.0,0.7071067811865476,10,1.0
pg1_3,29,10,0.19142135623730952,0.0,1.4142135623730951,0.19142135623730952,0.0,1.4142135623730951,10,1.0
pg1_3,30,10,0.2,0.0,0.5,0.2,0.0,0.5,10,1.0
pg1_3,31,10,0.35413812651491094,0.0,3.0413812651491097,0.35413812651491094,0.0,3.0413812651491097,10,1.0
pg1_3,32,10,0.3,0.0,1.0,0.3,0.0,1.0,10,1.0
pg1_3,33,10,0.1118033988749895,0.0,1.118033988749895,0.1118033988749895,0.0,1.118033988749895,10,1.0
pg1_3,34,10,0.44953523924572847,0.25,1.5811388300841898,0.44953523924572847,0.25,1.5811388300841898,10,1.0
pg1_3,35,10,0.0,0.0,0.0,0.0,0.0,0.0,10,1.0
pg1_3,36,10,0.15,0.0,0.5,0.15,0.0,0.5,10,1.0
pg1_3,37,10,0.2,0.0,1.0,0.2,0.0,1.0,10,1.0
pg1_3,38,10,0.2,0.0,0.5,0.2,0.0,0.5,10,1.0
pg1_3,39,10,0.25,0.0,1.0,0.25,0.0,1.0,10,1.0
pg1_3,40,10,0.38541019662496845,0.0,3.3541019662496847,0.38541019662496845,0.0,3.3541019662496847,10,1.0
pg1_3,41,10,0.25,0.0,1.0,0.25,0.0,1.0,10,1.0
pg1_3,42,10,0.770087712549569,0.0,5.70087712549569,0.770087712549569,0.0,5.70087712549569,10,1.0
pg1_3,43,10,0.27071067811865474,0.0,1.5,0.27071067811865474,0.0,1.5,10,1.0
pg1_3,44,10,0.27071067811865474,0.0,1.0,0.27071067811865474,0.0,1.0,10,1.0
pg1_3,45,10,0.4914213562373096,0.5,1.5,0.4914213562373096,0.5,1.5,10,1.0
pg1_3,46,10,0.27071067811865474,0.0,1.0,0.27071067811865474,0.0,1.0,10,1.0
pg1_3,47,10,0.45,0.25,1.0,0.45,0.25,1.0,10,1.0
pg1_3,48,10,0.3325140769936442,0.25,1.118033988749895,0.3325140769936442,0.25,1.118033988749895,10,1.0
pg1_3,49,10,0.36180339887498947,0.25,1.118033988749895,0.36180339887498947,0.25,1.118033988749895,10,1.0
pg1_3,50,10,0.55,0.5,2.5,0.55,0.5,2.5,10,1.0
pg1_3,51,10,0.559380036393182,0.3535533905932738,2.0615528128088303,0.559380036393182,0.3535533905932738,2.0615528128088303,10,1.0
pg1_3,52,10,0.5,0.25,2.0,0.5,0.25,2.0,10,1.0
pg1_3,53,10,0.4,0.5,1.5,0.4,0.5,1.5,10,1.0
pg1_3,54,10,1.1020797289396147,0.5,6.020797289396148,1.1020797289396147,0.5,6.020797289396148,10,1.0
pg1_3,55,10,1.4414213562373095,0.7071067811865476,8.5,1.4414213562373095,0.7071067811865476,8.5,10,1.0
pg1_3,56,10,1.2327350081319512,0.5,8.246211251235321,1.2327350081319512,0.5,8.246211251235321,10,1.0
pg1_3,57,10,0.611338638120718,0.7071067811865476,1.5811388300841898,0.611338638120718,0.7071067811865476,1.5811388300841898,10,1.0
pg1_3,58,10,0.6325140769936443,0.6035533905932737,1.5,0.6325140769936443,0.6035533905932737,1.5,10,1.0
pg1_3,59,10,0.681720680758398,0.75,1.5811388300841898,0.681720680758398,0.75,1.5811388300841898,10,1.0
pg1_3,60,10,0.5239354332309538,0.6035533905932737,1.118033988749895,0.5239354332309538,0.6035533905932737,1.118033988749895,10,1.0
pg1_3,61,10,0.6995352392457285,0.5,1.5811388300841898,0.6995352392457285,0.5,1.5811388300841898,10,1.0
pg1_3,62,10,0.6450523271439117,0.5,1.5811388300841898,0.6450523271439117,0.5,1.5811388300841898,10,1.0
pg1_3,63,10,0.8083087286650269,0.5590169943749475,2.0,0.8083087286650269,0.5590169943749475,2.0,10,1.0
pg1_3,64,10,0.9063501269374911,1.0590169943749475,2.0615528128088303,0.9063501269374911,1.0590169943749475,2.0615528128088303,10,1.0
pg1_3,65,10,0.7638044035350305,0.5,2.0615528128088303,0.7638044035350305,0.5,2.0615528128088303,10,1.0
pg1_3,66,10,0.8083087286650269,0.8090169943749475,1.8027756377319946,0.8083087286650269,0.8090169943749475,1.8027756377319946,10,1.0
pg1_3,67,10,0.7845150816536853,0.6035533905932737,2.0615528128088303,0.7845150816536853,0.6035533905932737,2.0615528128088303,10,1.0
pg1_3,68,10,0.9186690105548181,1.25,1.8027756377319946,0.9186690105548181,1.25,1.8027756377319946,10,1.0
pg1_3,69,10,0.8126000979337867,0.5,2.5495097567963922,0.8126000979337867,0.5,2.5495097567963922,10,1.0
pg1_3,70,10,0.9751022033286099,0.9125703849682212,2.0615528128088303,0.9751022033286099,0.9125703849682212,2.0615528128088303,10,1.0
pg1_3,71,10,1.0734121275167139,1.1441228056353687,3.1622776601683795,1.0734121275167139,1.1441228056353687,3.1622776601683795,10,1.0
pg1_3,72,10,1.0369384441354925,1.1441228056353687,2.5,1.0369384441354925,1.1441228056353687,2.5,10,1.0
pg1_3,73,10,1.0081218794036642,1.040569415042095,2.23606797749979,1.0081218794036642,1.040569415042095,2.23606797749979,10,1.0
pg1_3,74,10,1.1036975122618158,0.8090169943749475,3.0,1.1036975122618158,0.8090169943749475,3.0,10,1.0
pg1_3,75,10,1.3788757351438878,1.1513878188659974,4.924428900898052,1.3788757351438878,1.1513878188659974,4.924428900898052,10,1.0
pg1_3,76,10,0.7283598003728022,0.5,2.1213203435596424,0.7283598003728022,0.5,2.1213203435596424,10,1.0
pg1_3,77,10,1.123606797749979,1.25,2.5,1.123606797749979,1.25,2.5,10,1.0
pg1_3,78,10,0.9945467280625013,1.040569415042095,2.0615528128088303,0.9945467280625013,1.040569415042095,2.0615528128088303,10,1.0
pg1_3,79,10,1.0113392030049142,0.8090169943749475,2.692582403567252,1.0113392030049142,0.8090169943749475,2.692582403567252,10,1.0
pg1_3,80,10,1.0202459173643832,0.75,3.0,1.0202459173643832,0.75,3.0,10,1.0
pg1_3,81,10,1.1046124534303232,1.0,2.9154759474226504,1.1046124534303232,1.0,2.9154759474226504,10,1.0
pg1_3,82,10,1.156155281280883,1.0,2.5,1.156155281280883,1.0,2.5,10,1.0
pg1_3,83,10,1.2764360421798924,1.2549412094592711,3.0413812651491097,1.2764360421798924,1.2549412094592711,3.0413812651491097,10,1.0
pg1_3,84,10,1.090816046290538,0.3535533905932738,2.9154759474226504,1.090816046290538,0.3535533905932738,2.9154759474226504,10,1.0
pg1_3,85,10,1.0564495102245979,0.25,2.8284271247461903,1.0564495102245979,0.25,2.8284271247461903,10,1.0
pg1_3,86,10,1.4320841597739986,1.2549412094592711,3.3541019662496847,1.4320841597739986,1.2549412094592711,3.3541019662496847,10,1.0
pg1_3,87,10,1.173268275500663,0.7905694150420949,2.9154759474226504,1.173268275500663,0.7905694150420949,2.9154759474226504,10,1.0
pg1_3,88,10,1.2481756331726648,1.3843297969976889,2.9154759474226504,1.2481756331726648,1.3843297969976889,2.9154759474226504,10,1.0
pg1_3,89,10,1.372093183240032,1.0307764064044151,3.0,1.372093183240032,1.0307764064044151,3.0,10,1.0
pg1_3,90,10,1.2723830472977211,1.25,3.1622776601683795,1.2723830472977211,1.25,3.1622776601683795,10,1.0
pg1_3,91,10,1.331043636259766,1.040569415042095,3.1622776601683795,1.331043636259766,1.040569415042095,3.1622776601683795,10,1.0
pg1_3,92,10,1.1077932439226896,0.5590169943749475,3.1622776601683795,1.1077932439226896,0.5590169943749475,3.1622776601683795,10,1.0
pg1_3,93,10,1.205816759031567,1.040569415042095,3.0,1.205816759031567,1.040569415042095,3.0,10,1.0
pg1_3,94,10,1.1470031646216152,0.5,3.0413812651491097,1.1470031646216152,0.5,3.0413812651491097,10,1.0
pg1_3,95,10,1.2639306420399863,1.0,3.1622776601683795,1.2639306420399863,1.0,3.1622776601683795,10,1.0
pg1_3,96,10,1.3304152131301765,0.9125703849682212,3.2015621187164243,1.3304152131301765,0.9125703849682212,3.2015621187164243,10,1.0
pg1_3,97,10,1.3577753607591032,1.0,3.1622776601683795,1.3577753607591032,1.0,3.1622776601683795,10,1.0
pg1_4,2,10,1.5448833599387215,1.6084946000525449,3.1622776601683795,1.5448833599387215,1.6084946000525449,3.1622776601683795,10,1.0
pg1_4,3,10,0.15,0.0,1.0,0.15,0.0,1.0,10,1.0
pg1_4,4,10,0.05,0.0,0.5,0.05,0.0,0.5,10,1.0
pg1_4,5,10,0.05,0.0,0.5,0.05,0.0,0.5,10,1.0
pg1_4,6,10,0.05,0.0,0.5,0.05,0.0,0.5,10,1.0
pg1_4,7,10,0.0,0.0,0.0,0.0,0.0,0.0,10,1.0
pg1_4,8,10,0.0,0.0,0.0,0.0,0.0,0.0,10,1.0
pg1_4,9,10,0.05,0.0,0.5,0.05,0.0,0.5,10,1.0
pg1_4,10,10,0.0,0.0,0.0,0.0,0.0,0.0,10,1.0
pg1_4,11,10,0.0,0.0,0.0,0.0,0.0,0.0,10,1.0
pg1_4,12,10,0.05,0.0,0.5,0.05,0.0,0.5,10,1.0
pg1_4,13,10,0.0,0.0,0.0,0.0,0.0,0.0,10,1.0
pg1_4,14,10,0.0,0.0,0.0,0.0,0.0,0.0,10,1.0
pg1_4,15,10,0.0,0.0,0.0,0.0,0.0,0.0,10,1.0
pg1_4,16,10,0.0,0.0,0.0,0.0,0.0,0.0,10,1.0
pg1_4,17,10,0.0,0.0,0.0,0.0,0.0,0.0,10,1.0
pg1_4,18,10,0.1,0.0,1.0,0.1,0.0,1.0,10,1.0
pg1_4,19,10,0.0,0.0,0.0,0.0,0.0,0.0,10,1.0
pg1_4,20,10,0.0,0.0,0.0,0.0,0.0,0.0,10,1.0
pg1_4,21,10,0.05,0.0,0.5,0.05,0.0,0.5,10,1.0
pg1_4,22,10,0.05,0.0,0.5,0.05,0.0,0.5,10,1.0
pg1_4,23,10,0.05,0.0,0.5,0.05,0.0,0.5,10,1.0
pg1_4,24,10,0.0,0.0,0.0,0.0,0.0,0.0,10,1.0
pg1_4,25,10,0.05,0.0,0.5,0.05,0.0,0.5,10,1.0
pg1_4,26,10,0.1,0.0,1.0,0.1,0.0,1.0,10,1.0
pg1_4,27,10,0.05,0.0,0.5,0.05,0.0,0.5,10,1.0
pg1_4,28,10,0.25615528128088305,0.0,2.0615528128088303,0.25615528128088305,0.0,2.0615528128088303,10,1.0
pg1_4,29,10,0.30495097567963925,0.0,2.5495097567963922,0.30495097567963925,0.0,2.5495097567963922,10,1.0
pg1_4,30,10,0.05,0.0,0.5,0.05,0.0,0.5,10,1.0
pg1_4,31,10,0.308113883008419,0.0,1.5811388300841898,0.308113883008419,0.0,1.5811388300841898,10,1.0
pg1_4,32,10,0.15,0.0,0.5,0.15,0.0,0.5,10,1.0
pg1_4,33,10,0.05,0.0,0.5,0.05,0.0,0.5,10,1.0
pg1_4,34,10,0.17071067811865476,0.0,0.7071067811865476,0.17071067811865476,0.0,0.7071067811865476,10,1.0
pg1_4,35,10,0.0,0.0,0.0,0.0,0.0,0.0,10,1.0
pg1_4,36,10,0.37015621187164244,0.0,3.2015621187164243,0.37015621187164244,0.0,3.2015621187164243,10,1.0
pg1_4,37,10,0.15,0.0,0.5,0.15,0.0,0.5,10,1.0
pg1_4,38,10,0.2118033988749895,0.0,1.118033988749895,0.2118033988749895,0.0,1.118033988749895,10,1.0
pg1_4,39,10,0.17071067811865476,0.0,0.7071067811865476,0.17071067811865476,0.0,0.7071067811865476,10,1.0
pg1_4,40,10,0.15,0.0,0.5,0.15,0.0,0.5,10,1.0
pg1_4,41,10,0.358113883008419,0.0,1.5811388300841898,0.358113883008419,0.0,1.5811388300841898,10,1.0
pg1_4,42,10,0.2118033988749895,0.0,1.118033988749895,0.2118033988749895,0.0,1.118033988749895,10,1.0
pg1_4,43,10,0.3914213562373095,0.25,1.4142135623730951,0.3914213562373095,0.25,1.4142135623730951,10,1.0
pg1_4,44,10,0.408113883008419,0.25,1.5811388300841898,0.408113883008419,0.25,1.5811388300841898,10,1.0
pg1_4,45,10,1.2323316614281414,0.0,9.12414379544733,1.2323316614281414,0.0,9.12414379544733,10,1.0
pg1_4,46,10,0.4854101966249685,0.25,1.118033988749895,0.4854101966249685,0.25,1.118033988749895,10,1.0
pg1_4,47,10,0.5495352392457284,0.5,1.5811388300841898,0.5495352392457284,0.5,1.5811388300841898,10,1.0
pg1_4,48,10,0.5207106781186548,0.3535533905932738,1.5,0.5207106781186548,0.3535533905932738,1.5,10,1.0
pg1_4,49,10,0.3,0.25,1.0,0.3,0.25,1.0,10,1.0
pg1_4,50,10,0.44240959812916375,0.0,1.8027756377319946,0.44240959812916375,0.0,1.8027756377319946,10,1.0
pg1_4,51,10,0.5906279600020633,0.25,2.0,0.5906279600020633,0.25,2.0,10,1.0
pg1_4,52,10,0.4906279600020632,0.25,1.5811388300841898,0.4906279600020632,0.25,1.5811388300841898,10,1.0
pg1_4,53,10,0.6546192127984564,0.0,1.8027756377319946,0.6546192127984564,0.0,1.8027756377319946,10,1.0
pg1_4,54,10,1.3108283658342026,0.5590169943749475,7.106335201775948,1.3108283658342026,0.5590169943749475,7.106335201775948,10,1.0
pg1_4,55,10,1.1101936119480338,0.75,6.020797289396148,1.1101936119480338,0.75,6.020797289396148,10,1.0
pg1_4,56,10,0.6561208747436232,0.3535533905932738,2.23606797749979,0.6561208747436232,0.3535533905932738,2.23606797749979,10,1.0
pg1_4,57,10,0.6591021249002732,0.3535533905932738,1.8027756377319946,0.6591021249002732,0.3535533905932738,1.8027756377319946,10,1.0
pg1_4,58,10,0.9500335452355397,0.5,4.301162633521313,0.9500335452355397,0.5,4.301162633521313,10,1.0
pg1_4,59,10,0.8526606110709205,0.75,2.0615528128088303,0.8526606110709205,0.75,2.0615528128088303,10,1.0
pg1_4,60,10,0.6760725631642915,0.25,2.0615528128088303,0.6760725631642915,0.25,2.0615528128088303,10,1.0
pg1_4,61,10,0.6780311648918275,0.5,1.5811388300841898,0.6780311648918275,0.5,1.5811388300841898,10,1.0
pg1_4,62,10,0.6349798424079568,0.3535533905932738,2.0615528128088303,0.6349798424079568,0.3535533905932738,2.0615528128088303,10,1.0
pg1_4,63,10,0.5943174758686338,0.6035533905932737,1.5,0.5943174758686338,0.6035533905932737,1.5,10,1.0
pg1_4,64,10,0.5702459173643832,0.3535533905932738,1.5811388300841898,0.5702459173643832,0.3535533905932738,1.5811388300841898,10,1.0
pg1_4,65,10,0.523606797749979,0.25,1.5,0.523606797749979,0.25,1.5,10,1.0
pg1_4,66,10,0.4150281539872885,0.25,1.118033988749895,0.4150281539872885,0.25,1.118033988749895,10,1.0
pg1_4,67,10,0.5768315528622779,0.5,1.4142135623730951,0.5768315528622779,0.5,1.4142135623730951,10,1.0
pg1_4,68,10,0.800705937176604,0.25,3.8078865529319543,0.800705937176604,0.25,3.8078865529319543,10,1.0
pg1_4,69,10,1.094433827605248,0.5,5.830951894845301,1.094433827605248,0.5,5.830951894845301,10,1.0
pg1_4,70,10,1.3906312628256143,0.5590169943749475,6.324555320336759,1.3906312628256143,0.5590169943749475,6.324555320336759,10,1.0
pg1_4,71,10,1.0743416490252569,1.040569415042095,3.0,1.0743416490252569,1.040569415042095,3.0,10,1.0
pg1_4,72,10,1.1967262528498765,1.1513878188659974,3.0413812651491097,1.1967262528498765,1.1513878188659974,3.0413812651491097,10,1.0
pg1_4,73,10,1.342563267893644,1.0,3.640054944640259,1.342563267893644,1.0,3.640054944640259,10,1.0
pg1_4,74,10,0.664269164289302,0.25,2.0615528128088303,0.664269164289302,0.25,2.0615528128088303,10,1.0
pg1_4,75,10,0.916227766016838,0.75,2.5,0.916227766016838,0.75,2.5,10,1.0
pg1_4,76,10,0.7852285394528387,0.25,2.5495097567963922,0.7852285394528387,0.25,2.5495097567963922,10,1.0
pg1_4,77,10,1.251173766771731,0.75,3.3541019662496847,1.251173766771731,0.75,3.3541019662496847,10,1.0
pg1_4,78,10,0.9497300849023365,0.5590169943749475,3.1622776601683795,0.9497300849023365,0.5590169943749475,3.1622776601683795,10,1.0
pg1_4,79,10,1.3178061414762372,0.9013878188659973,4.031128874149275,1.3178061414762372,0.9013878188659973,4.031128874149275,10,1.0
pg1_4,80,10,0.926831552862278,0.25,3.3541019662496847,0.926831552862278,0.25,3.3541019662496847,10,1.0
pg1_4,81,10,1.0156877603981678,0.5,3.3541019662496847,1.0156877603981678,0.5,3.3541019662496847,10,1.0
pg1_4,82,10,0.752102722288664,0.0,2.9154759474226504,0.752102722288664,0.0,2.9154759474226504,10,1.0
pg1_4,83,10,1.4652693304096212,1.4142135623730951,3.8078865529319543,1.4652693304096212,1.4142135623730951,3.8078865529319543,10,1.0
pg1_4,84,10,1.109808062076877,0.6035533905932737,3.8078865529319543,1.109808062076877,0.6035533905932737,3.8078865529319543,10,1.0
pg1_4,85,10,1.713780019251019,1.4604048132409448,4.716990566028302,1.713780019251019,1.4604048132409448,4.716990566028302,10,1.0
pg1_4,86,10,1.4780930126753469,1.4976761962286425,4.0,1.4780930126753469,1.4976761962286425,4.0,10,1.0
pg1_4,87,10,1.2559392175714934,1.2549412094592711,2.5495097567963922,1.2559392175714934,1.2549412094592711,2.5495097567963922,10,1.0
pg1_4,88,10,1.0970319383278282,0.8090169943749475,2.5495097567963922,1.0970319383278282,0.8090169943749475,2.5495097567963922,10,1.0
pg1_4,89,10,1.1661988519181639,0.8090169943749475,3.8078865529319543,1.1661988519181639,0.8090169943749475,3.8078865529319543,10,1.0
pg1_4,90,10,0.8509882418918542,0.6035533905932737,2.0,0.8509882418918542,0.6035533905932737,2.0,10,1.0
pg1_4,91,10,0.8909565954830381,0.6035533905932737,2.5,0.8909565954830381,0.6035533905932737,2.5,10,1.0
pg1_4,92,10,0.8482362439290722,0.5,2.0615528128088303,0.8482362439290722,0.5,2.0615528128088303,10,1.0
pg1_4,93,10,1.0828749664457895,0.25,4.031128874149275,1.0828749664457895,0.25,4.031128874149275,10,1.0
pg1_4,94,10,1.4001948456566078,0.75,8.0,1.4001948456566078,0.75,8.0,10,1.0
pg1_4,95,10,0.7561208747436232,0.8535533905932737,2.23606797749979,0.7561208747436232,0.8535533905932737,2.23606797749979,10,1.0
pg1_4,96,10,0.8297620790308621,0.75,2.23606797749979,0.8297620790308621,0.75,2.23606797749979,10,1.0
pg1_4,97,10,0.7622582728609198,0.5,2.9154759474226504,0.7622582728609198,0.5,2.9154759474226504,10,1.0
pg1_5,2,10,1.5580224880380893,1.6513878188659974,3.5,1.5580224880380893,1.6513878188659974,3.5,10,1.0
pg1_5,3,10,0.2,0.0,0.5,0.2,0.0,0.5,10,1.0
pg1_5,4,10,0.1,0.0,0.5,0.1,0.0,0.5,10,1.0
pg1_5,5,10,0.0,0.0,0.0,0.0,0.0,0.0,10,1.0
pg1_5,6,10,0.05,0.0,0.5,0.05,0.0,0.5,10,1.0
pg1_5,7,10,0.15,0.0,0.5,0.15,0.0,0.5,10,1.0
pg1_5,8,10,0.05,0.0,0.5,0.05,0.0,0.5,10,1.0
pg1_5,9,10,0.2118033988749895,0.0,1.118033988749895,0.2118033988749895,0.0,1.118033988749895,10,1.0
pg1_5,10,10,0.0,0.0,0.0,0.0,0.0,0.0,10,1.0
pg1_5,11,10,0.05,0.0,0.5,0.05,0.0,0.5,10,1.0
pg1_5,12,10,0.0,0.0,0.0,0.0,0.0,0.0,10,1.0
pg1_5,13,10,0.05,0.0,0.5,0.05,0.0,0.5,10,1.0
pg1_5,14,10,0.0,0.0,0.0,0.0,0.0,0.0,10,1.0
pg1_5,15,10,0.05,0.0,0.5,0.05,0.0,0.5,10,1.0
pg1_5,16,10,0.0,0.0,0.0,0.0,0.0,0.0,10,1.0
pg1_5,17,10,0.05,0.0,0.5,0.05,0.0,0.5,10,1.0
pg1_5,18,10,0.0,0.0,0.0,0.0,0.0,0.0,10,1.0
pg1_5,19,10,0.05,0.0,0.5,0.05,0.0,0.5,10,1.0
pg1_5,20,10,0.0,0.0,0.0,0.0,0.0,0.0,10,1.0
pg1_5,21,10,0.05,0.0,0.5,0.05,0.0,0.5,10,1.0
pg1_5,22,10,0.05,0.0,0.5,0.05,0.0,0.5,10,1.0
pg1_5,23,10,0.0,0.0,0.0,0.0,0.0,0.0,10,1.0
pg1_5,24,10,0.0,0.0,0.0,0.0,0.0,0.0,10,1.0
pg1_5,25,10,0.27071067811865474,0.0,1.5,0.27071067811865474,0.0,1.5,10,1.0
pg1_5,26,10,0.6042129970041532,0.25,2.1213203435596424,0.6042129970041532,0.25,2.1213203435596424,10,1.0
pg1_5,27,10,0.1,0.0,0.5,0.1,0.0,0.5,10,1.0
pg1_5,28,10,0.0,0.0,0.0,0.0,0.0,0.0,10,1.0
pg1_5,29,10,0.1,0.0,0.5,0.1,0.0,0.5,10,1.0
pg1_5,30,10,0.24142135623730948,0.0,1.0,0.24142135623730948,0.0,1.0,10,1.0
pg1_5,31,10,0.05,0.0,0.5,0.05,0.0,0.5,10,1.0
pg1_5,32,10,0.22071067811865475,0.0,1.0,0.22071067811865475,0.0,1.0,10,1.0
pg1_5,33,10,0.15,0.0,0.5,0.15,0.0,0.5,10,1.0
pg1_5,34,10,0.17071067811865476,0.0,0.7071067811865476,0.17071067811865476,0.0,0.7071067811865476,10,1.0
pg1_5,35,10,0.1,0.0,1.0,0.1,0.0,1.0,10,1.0
pg1_5,36,10,0.05,0.0,0.5,0.05,0.0,0.5,10,1.0
pg1_5,37,10,0.3,0.0,1.0,0.3,0.0,1.0,10,1.0
pg1_5,38,10,0.1118033988749895,0.0,1.118033988749895,0.1118033988749895,0.0,1.118033988749895,10,1.0
pg1_5,39,10,0.2,0.0,1.0,0.2,0.0,1.0,10,1.0
pg1_5,40,10,0.18251407699364425,0.0,1.118033988749895,0.18251407699364425,0.0,1.118033988749895,10,1.0
pg1_5,41,10,0.1,0.0,0.5,0.1,0.0,0.5,10,1.0
pg1_5,42,10,0.8558821443217983,0.0,4.527692569068709,0.8558821443217983,0.0,4.527692569068709,10,1.0
pg1_5,43,10,0.5561552812808831,0.0,3.0,0.5561552812808831,0.0,3.0,10,1.0
pg1_5,44,10,0.3,0.0,2.0,0.3,0.0,2.0,10,1.0
pg1_5,45,10,0.39431747586863375,0.25,1.118033988749895,0.39431747586863375,0.25,1.118033988749895,10,1.0
pg1_5,46,10,0.15,0.0,0.5,0.15,0.0,0.5,10,1.0
pg1_5,47,10,0.3995352392457285,0.0,1.5811388300841898,0.3995352392457285,0.0,1.5811388300841898,10,1.0
pg1_5,48,10,0.416227766016838,0.0,3.1622776601683795,0.416227766016838,0.0,3.1622776601683795,10,1.0
pg1_5,49,10,0.5122582728609198,0.25,2.9154759474226504,0.5122582728609198,0.25,2.9154759474226504,10,1.0
pg1_5,50,10,0.48573883210594326,0.25,1.4142135623730951,0.48573883210594326,0.25,1.4142135623730951,10,1.0
pg1_5,51,10,0.5857388321059431,0.0,2.1213203435596424,0.5857388321059431,0.0,2.1213203435596424,10,1.0
pg1_5,52,10,0.5239354332309538,0.25,1.5,0.5239354332309538,0.25,1.5,10,1.0
pg1_5,53,10,0.713779882658698,0.5,1.8027756377319946,0.713779882658698,0.5,1.8027756377319946,10,1.0
pg1_5,54,10,0.6581757307919383,0.3535533905932738,2.5495097567963922,0.6581757307919383,0.3535533905932738,2.5495097567963922,10,1.0
pg1_5,55,10,0.6800907145118368,0.3535533905932738,2.0615528128088303,0.6800907145118368,0.3535533905932738,2.0615528128088303,10,1.0
pg1_5,56,10,0.6414213562373094,0.3535533905932738,2.5,0.6414213562373094,0.3535533905932738,2.5,10,1.0
pg1_5,57,10,0.6616672736016928,0.0,2.1213203435596424,0.6616672736016928,0.0,2.1213203435596424,10,1.0
pg1_5,58,10,0.6121320343559643,0.25,2.0,0.6121320343559643,0.25,2.0,10,1.0
pg1_5,59,10,0.526831552862278,0.25,1.4142135623730951,0.526831552862278,0.25,1.4142135623730951,10,1.0
pg1_5,60,10,0.6804193499928115,0.25,2.1213203435596424,0.6804193499928115,0.25,2.1213203435596424,10,1.0
pg1_5,61,10,0.7239354332309538,0.3535533905932738,2.5,0.7239354332309538,0.3535533905932738,2.5,10,1.0
pg1_5,62,10,0.877854201291392,0.5,2.5,0.877854201291392,0.5,2.5,10,1.0
pg1_5,63,10,0.85736288162721,0.25,3.0413812651491097,0.85736288162721,0.25,3.0413812651491097,10,1.0
pg1_5,64,10,0.8354101966249685,0.5,2.5,0.8354101966249685,0.5,2.5,10,1.0
pg1_5,65,10,0.7245950396418332,0.3535533905932738,2.23606797749979,0.7245950396418332,0.3535533905932738,2.23606797749979,10,1.0
pg1_5,66,10,0.6621320343559642,0.25,2.5,0.6621320343559642,0.25,2.5,10,1.0
pg1_5,67,10,0.726831552862278,0.5,2.23606797749979,0.726831552862278,0.5,2.23606797749979,10,1.0
pg1_5,68,10,0.6878759620392809,0.5,2.0615528128088303,0.6878759620392809,0.5,2.0615528128088303,10,1.0
pg1_5,69,10,0.781720680758398,0.5590169943749475,2.5,0.781720680758398,0.5590169943749475,2.5,10,1.0
pg1_5,70,10,0.7804724094298074,0.5590169943749475,1.8027756377319946,0.7804724094298074,0.5590169943749475,1.8027756377319946,10,1.0
pg1_5,71,10,0.8753791151003485,0.3535533905932738,2.692582403567252,0.8753791151003485,0.3535533905932738,2.692582403567252,10,1.0
pg1_5,72,10,0.84408196730823,0.7071067811865476,2.0615528128088303,0.84408196730823,0.7071067811865476,2.0615528128088303,10,1.0
pg1_5,73,10,0.9239354332309537,0.5,2.5,0.9239354332309537,0.5,2.5,10,1.0
pg1_5,74,10,0.8935240796333874,0.5590169943749475,2.5,0.8935240796333874,0.5590169943749475,2.5,10,1.0
pg1_5,75,10,0.7492244858209263,0.3535533905932738,2.0615528128088303,0.7492244858209263,0.3535533905932738,2.0615528128088303,10,1.0
pg1_5,76,10,1.0836464405540405,0.5590169943749475,3.3541019662496847,1.0836464405540405,0.5590169943749475,3.3541019662496847,10,1.0
pg1_5,77,10,0.8656877603981681,0.5590169943749475,2.23606797749979,0.8656877603981681,0.5590169943749475,2.23606797749979,10,1.0
pg1_5,78,10,0.9595062748981376,0.5590169943749475,2.9154759474226504,0.9595062748981376,0.5590169943749475,2.9154759474226504,10,1.0
pg1_5,79,10,0.9977207591867346,0.25,3.3541019662496847,0.9977207591867346,0.25,3.3541019662496847,10,1.0
pg1_5,80,10,0.9724829954690242,0.5590169943749475,2.692582403567252,0.9724829954690242,0.5590169943749475,2.692582403567252,10,1.0
pg1_5,81,10,0.9992490066972588,0.3535533905932738,3.1622776601683795,0.9992490066972588,0.3535533905932738,3.1622776601683795,10,1.0
pg1_5,82,10,1.0319087670468727,0.5590169943749475,2.9154759474226504,1.0319087670468727,0.5590169943749475,2.9154759474226504,10,1.0
pg1_5,83,10,1.096158478406693,0.3535533905932738,3.0413812651491097,1.096158478406693,0.3535533905932738,3.0413812651491097,10,1.0
pg1_5,84,10,1.1430658677071541,0.5590169943749475,3.2015621187164243,1.1430658677071541,0.5590169943749475,3.2015621187164243,10,1.0
pg1_5,85,10,1.4802697418717994,1.0,4.6097722286464435,1.4802697418717994,1.0,4.6097722286464435,10,1.0
pg1_5,86,10,1.347948116523448,1.2747548783981961,2.9154759474226504,1.347948116523448,1.2747548783981961,2.9154759474226504,10,1.0
pg1_5,87,10,1.258019430598948,1.25,2.9154759474226504,1.258019430598948,1.25,2.9154759474226504,10,1.0
pg1_5,88,10,1.358417963603723,1.0606601717798212,3.2015621187164243,1.358417963603723,1.0606601717798212,3.2015621187164243,10,1.0
pg1_5,89,10,1.3380529245323023,0.9013878188659973,3.5,1.3380529245323023,0.9013878188659973,3.5,10,1.0
pg1_5,90,10,0.9780311648918275,0.25,3.1622776601683795,0.9780311648918275,0.25,3.1622776601683795,10,1.0
pg1_5,91,10,0.9833162684910273,0.3535533905932738,3.8078865529319543,0.9833162684910273,0.3535533905932738,3.8078865529319543,10,1.0
pg1_5,92,10,0.8455594827522205,0.3535533905932738,3.0413812651491097,0.8455594827522205,0.3535533905932738,3.0413812651491097,10,1.0
pg1_5,93,10,0.8561208747436233,0.25,3.3541019662496847,0.8561208747436233,0.25,3.3541019662496847,10,1.0
pg1_5,94,10,1.0369808389895299,0.3535533905932738,3.0413812651491097,1.0369808389895299,0.3535533905932738,3.0413812651491097,10,1.0
pg1_5,95,10,1.5662864864001491,0.75,6.324555320336759,1.5662864864001491,0.75,6.324555320336759,10,1.0
pg1_5,96,10,1.5603510892099717,0.75,6.800735254367722,1.5603510892099717,0.75,6.800735254367722,10,1.0
pg1_5,97,10,1.6121320343559642,0.75,6.5,1.6121320343559642,0.75,6.5,10,1.0
pg1_6,2,10,0.8504383506122568,0.5590169943749475,2.23606797749979,0.8504383506122568,0.5590169943749475,2.23606797749979,10,1.0
pg1_6,3,10,0.1,0.0,1.0,0.1,0.0,1.0,10,1.0
pg1_6,4,10,0.0,0.0,0.0,0.0,0.0,0.0,10,1.0
pg1_6,5,10,0.05,0.0,0.5,0.05,0.0,0.5,10,1.0
pg1_6,6,10,0.05,0.0,0.5,0.05,0.0,0.5,10,1.0
pg1_6,7,10,0.0,0.0,0.0,0.0,0.0,0.0,10,1.0
pg1_6,8,10,0.0,0.0,0.0,0.0,0.0,0.0,10,1.0
pg1_6,9,10,0.0,0.0,0.0,0.0,0.0,0.0,10,1.0
pg1_6,10,10,0.0,0.0,0.0,0.0,0.0,0.0,10,1.0
pg1_6,11,10,0.46925824035672525,0.0,2.692582403567252,0.46925824035672525,0.0,2.692582403567252,10,1.0
pg1_6,12,10,0.05,0.0,0.5,0.05,0.0,0.5,10,1.0
pg1_6,13,10,0.4130648586880582,0.0,2.5495097567963922,0.4130648586880582,0.0,2.5495097567963922,10,1.0
pg1_6,14,10,0.1118033988749895,0.0,1.118033988749895,0.1118033988749895,0.0,1.118033988749895,10,1.0
pg1_6,15,10,0.15,0.0,1.0,0.15,0.0,1.0,10,1.0
pg1_6,16,10,0.1,0.0,0.5,0.1,0.0,0.5,10,1.0
pg1_6,17,10,0.05,0.0,0.5,0.05,0.0,0.5,10,1.0
pg1_6,18,10,0.1,0.0,0.5,0.1,0.0,0.5,10,1.0
pg1_6,19,10,0.0,0.0,0.0,0.0,0.0,0.0,10,1.0
pg1_6,20,10,0.12071067811865474,0.0,0.7071067811865476,0.12071067811865474,0.0,0.7071067811865476,10,1.0
pg1_6,21,10,0.1,0.0,0.5,0.1,0.0,0.5,10,1.0
pg1_6,22,10,0.0,0.0,0.0,0.0,0.0,0.0,10,1.0
pg1_6,23,10,0.308113883008419,0.0,1.5811388300841898,0.308113883008419,0.0,1.5811388300841898,10,1.0
pg1_6,24,10,0.22071067811865475,0.0,0.7071067811865476,0.22071067811865475,0.0,0.7071067811865476,10,1.0
pg1_6,25,10,0.0,0.0,0.0,0.0,0.0,0.0,10,1.0
pg1_6,26,10,0.0,0.0,0.0,0.0,0.0,0.0,10,1.0
pg1_6,27,10,0.15,0.0,0.5,0.15,0.0,0.5,10,1.0
pg1_6,28,10,0.07071067811865475,0.0,0.7071067811865476,0.07071067811865475,0.0,0.7071067811865476,10,1.0
pg1_6,29,10,0.1,0.0,0.5,0.1,0.0,0.5,10,1.0
pg1_6,30,10,0.12071067811865474,0.0,0.7071067811865476,0.12071067811865474,0.0,0.7071067811865476,10,1.0
pg1_6,31,10,0.12071067811865474,0.0,0.7071067811865476,0.12071067811865474,0.0,0.7071067811865476,10,1.0
pg1_6,32,10,0.0,0.0,0.0,0.0,0.0,0.0,10,1.0
pg1_6,33,10,0.2118033988749895,0.0,1.118033988749895,0.2118033988749895,0.0,1.118033988749895,10,1.0
pg1_6,34,10,0.2509882418918542,0.0,1.8027756377319946,0.2509882418918542,0.0,1.8027756377319946,10,1.0
pg1_6,35,10,0.41279164076684366,0.0,1.8027756377319946,0.41279164076684366,0.0,1.8027756377319946,10,1.0
pg1_6,36,10,1.0485281374238569,0.25,8.48528137423857,1.0485281374238569,0.25,8.48528137423857,10,1.0
pg1_6,37,10,0.22071067811865475,0.0,1.0,0.22071067811865475,0.0,1.0,10,1.0
pg1_6,38,10,0.2118033988749895,0.0,1.118033988749895,0.2118033988749895,0.0,1.118033988749895,10,1.0
pg1_6,39,10,0.12071067811865474,0.0,0.7071067811865476,0.12071067811865474,0.0,0.7071067811865476,10,1.0
pg1_6,40,10,0.2,0.0,0.5,0.2,0.0,0.5,10,1.0
pg1_6,41,10,0.3207106781186547,0.5,0.7071067811865476,0.3207106781186547,0.5,0.7071067811865476,10,1.0
pg1_6,42,10,0.358113883008419,0.25,1.5811388300841898,0.358113883008419,0.25,1.5811388300841898,10,1.0
pg1_6,43,10,0.3302775637731995,0.0,1.8027756377319946,0.3302775637731995,0.0,1.8027756377319946,10,1.0
pg1_6,44,10,0.408113883008419,0.25,1.5811388300841898,0.408113883008419,0.25,1.5811388300841898,10,1.0
pg1_6,45,10,0.453224755112299,0.5,1.4142135623730951,0.453224755112299,0.5,1.4142135623730951,10,1.0
pg1_6,46,10,0.6131202762478185,0.5,1.8027756377319946,0.6131202762478185,0.5,1.8027756377319946,10,1.0
pg1_6,47,10,0.4739354332309538,0.5,1.4142135623730951,0.4739354332309538,0.5,1.4142135623730951,10,1.0
pg1_6,48,10,0.403224755112299,0.5,1.118033988749895,0.403224755112299,0.5,1.118033988749895,10,1.0
pg1_6,49,10,0.6619982445315975,0.25,2.23606797749979,0.6619982445315975,0.25,2.23606797749979,10,1.0
pg1_6,50,10,0.656449510224598,0.5,2.23606797749979,0.656449510224598,0.5,2.23606797749979,10,1.0
pg1_6,51,10,0.6731420369957075,0.75,1.5811388300841898,0.6731420369957075,0.75,1.5811388300841898,10,1.0
pg1_6,52,10,0.8030886298390023,0.6035533905932737,2.8284271247461903,0.8030886298390023,0.6035533905932737,2.8284271247461903,10,1.0
pg1_6,53,10,0.6702459173643833,0.5,1.5811388300841898,0.6702459173643833,0.5,1.5811388300841898,10,1.0
pg1_6,54,10,0.6879266860273471,0.6035533905932737,1.8027756377319946,0.6879266860273471,0.6035533905932737,1.8027756377319946,10,1.0
pg1_6,55,10,0.640956595483038,0.5,1.5811388300841898,0.640956595483038,0.5,1.5811388300841898,10,1.0
pg1_6,56,10,0.4414213562373095,0.25,1.5,0.4414213562373095,0.25,1.5,10,1.0
pg1_6,57,10,0.5328427124746191,0.6035533905932737,1.4142135623730951,0.5328427124746191,0.6035533905932737,1.4142135623730951,10,1.0
pg1_6,58,10,0.6130648586880583,0.25,2.5495097567963922,0.6130648586880583,0.25,2.5495097567963922,10,1.0
pg1_6,59,10,2.210378680752091,1.0,14.705441169852742,2.210378680752091,1.0,14.705441169852742,10,1.0
pg1_6,60,10,0.5886693582745273,0.5,2.0615528128088303,0.5886693582745273,0.5,2.0615528128088303,10,1.0
pg1_6,61,10,1.5939821611825884,0.6035533905932737,10.700467279516348,1.5939821611825884,0.6035533905932737,10.700467279516348,10,1.0
pg1_6,62,10,0.4207106781186548,0.25,1.5,0.4207106781186548,0.25,1.5,10,1.0
pg1_6,63,10,0.7504727571495168,0.6035533905932737,2.0615528128088303,0.7504727571495168,0.6035533905932737,2.0615528128088303,10,1.0
pg1_6,64,10,0.6731420369957075,0.75,1.5811388300841898,0.6731420369957075,0.75,1.5811388300841898,10,1.0
pg1_6,65,10,0.645305717760488,0.7071067811865476,1.8027756377319946,0.645305717760488,0.7071067811865476,1.8027756377319946,10,1.0
pg1_6,66,10,0.6820493162393728,0.8535533905932737,1.5811388300841898,0.6820493162393728,0.8535533905932737,1.5811388300841898,10,1.0
pg1_6,67,10,0.730056307974577,0.7071067811865476,2.23606797749979,0.730056307974577,0.7071067811865476,2.23606797749979,10,1.0
pg1_6,68,10,0.8522055281110152,0.6035533905932737,3.2015621187164243,0.8522055281110152,0.6035533905932737,3.2015621187164243,10,1.0
pg1_6,69,10,0.8330375581312269,0.5,2.8284271247461903,0.8330375581312269,0.5,2.8284271247461903,10,1.0
pg1_6,70,10,1.091061735646905,0.9125703849682212,3.2015621187164243,1.091061735646905,0.9125703849682212,3.2015621187164243,10,1.0
pg1_6,71,10,1.009331734111776,0.75,3.2015621187164243,1.009331734111776,0.75,3.2015621187164243,10,1.0
pg1_6,72,10,1.1008013926304916,0.9125703849682212,2.5,1.1008013926304916,0.9125703849682212,2.5,10,1.0
pg1_6,73,10,1.078359800372802,1.25,2.5,1.078359800372802,1.25,2.5,10,1.0
pg1_6,74,10,1.2060810037911054,1.3843297969976889,2.5495097567963922,1.2060810037911054,1.3843297969976889,2.5495097567963922,10,1.0
pg1_6,75,10,1.1207186745139,1.1441228056353687,2.5,1.1207186745139,1.1441228056353687,2.5,10,1.0
pg1_6,76,10,1.1284216481563214,1.266123775561495,2.5495097567963922,1.1284216481563214,1.266123775561495,2.5495097567963922,10,1.0
pg1_6,77,10,1.1585476586532608,1.0,3.2015621187164243,1.1585476586532608,1.0,3.2015621187164243,10,1.0
pg1_6,78,10,1.311383167528178,1.3495864094170424,3.2015621187164243,1.311383167528178,1.3495864094170424,3.2015621187164243,10,1.0
pg1_6,79,10,1.152830935851196,1.040569415042095,3.605551275463989,1.152830935851196,1.040569415042095,3.605551275463989,10,1.0
pg1_6,80,10,1.2661973457916045,1.5811388300841898,3.2015621187164243,1.2661973457916045,1.5811388300841898,3.2015621187164243,10,1.0
pg1_6,81,10,1.2240405733948208,1.25,3.2015621187164243,1.2240405733948208,1.25,3.2015621187164243,10,1.0
pg1_6,82,10,1.3248246488533362,1.5590169943749475,3.2015621187164243,1.3248246488533362,1.5590169943749475,3.2015621187164243,10,1.0
pg1_6,83,10,1.6251972922327398,1.868033988749895,4.272001872658765,1.6251972922327398,1.868033988749895,4.272001872658765,10,1.0
pg1_6,84,10,1.4915211846002503,1.3495864094170424,4.47213595499958,1.4915211846002503,1.3495864094170424,4.47213595499958,10,1.0
pg1_6,85,10,1.2601291393228273,1.0606601717798214,2.9154759474226504,1.2601291393228273,1.0606601717798214,2.9154759474226504,10,1.0
pg1_6,86,10,1.2563678011271024,1.118033988749895,3.2015621187164243,1.2563678011271024,1.118033988749895,3.2015621187164243,10,1.0
pg1_6,87,10,1.1703721558693387,0.8535533905932737,2.9154759474226504,1.1703721558693387,0.8535533905932737,2.9154759474226504,10,1.0
pg1_6,88,10,1.4486332775877242,1.4604048132409448,3.5355339059327378,1.4486332775877242,1.4604048132409448,3.5355339059327378,10,1.0
pg1_6,89,10,1.2033509936172546,1.0590169943749475,2.9154759474226504,1.2033509936172546,1.0590169943749475,2.9154759474226504,10,1.0
pg1_6,90,10,1.1218251585154644,0.75,2.9154759474226504,1.1218251585154644,0.75,2.9154759474226504,10,1.0
pg1_6,91,10,1.4093800363931819,1.266123775561495,4.0,1.4093800363931819,1.266123775561495,4.0,10,1.0
pg1_6,92,10,1.35,1.25,3.5,1.35,1.25,3.5,10,1.0
pg1_6,93,10,1.3357388321059431,1.5,3.5,1.3357388321059431,1.5,3.5,10,1.0
pg1_6,94,10,1.3605551275463987,1.4013878188659974,4.0,1.3605551275463987,1.4013878188659974,4.0,10,1.0
pg1_6,95,10,1.472811630949999,1.75,3.5355339059327378,1.472811630949999,1.75,3.5355339059327378,10,1.0
pg1_6,96,10,1.3864328450540824,1.4013878188659974,4.0,1.3864328450540824,1.4013878188659974,4.0,10,1.0
pg1_6,97,10,1.3044867798095638,0.9013878188659973,3.5,1.3044867798095638,0.9013878188659973,3.5,10,1.0
pg1_7,2,10,1.1943174758686337,1.25,3.0,1.1943174758686337,1.25,3.0,10,1.0
pg1_7,3,10,0.29142135623730947,0.0,1.0,0.29142135623730947,0.0,1.0,10,1.0
pg1_7,4,10,0.3,0.0,1.0,0.3,0.0,1.0,10,1.0
pg1_7,5,10,0.05,0.0,0.5,0.05,0.0,0.5,10,1.0
pg1_7,6,10,0.1,0.0,0.5,0.1,0.0,0.5,10,1.0
pg1_7,7,10,0.0,0.0,0.0,0.0,0.0,0.0,10,1.0
pg1_7,8,10,0.0,0.0,0.0,0.0,0.0,0.0,10,1.0
pg1_7,9,10,0.0,0.0,0.0,0.0,0.0,0.0,10,1.0
pg1_7,10,10,0.0,0.0,0.0,0.0,0.0,0.0,10,1.0
pg1_7,11,10,0.0,0.0,0.0,0.0,0.0,0.0,10,1.0
pg1_7,12,10,0.0,0.0,0.0,0.0,0.0,0.0,10,1.0
pg1_7,13,10,0.0,0.0,0.0,0.0,0.0,0.0,10,1.0
pg1_7,14,10,0.05,0.0,0.5,0.05,0.0,0.5,10,1.0
pg1_7,15,10,0.0,0.0,0.0,0.0,0.0,0.0,10,1.0
pg1_7,16,10,0.0,0.0,0.0,0.0,0.0,0.0,10,1.0
pg1_7,17,10,0.05,0.0,0.5,0.05,0.0,0.5,10,1.0
pg1_7,18,10,0.0,0.0,0.0,0.0,0.0,0.0,10,1.0
pg1_7,19,10,0.0,0.0,0.0,0.0,0.0,0.0,10,1.0
pg1_7,20,10,0.05,0.0,0.5,0.05,0.0,0.5,10,1.0
pg1_7,21,10,0.0,0.0,0.0,0.0,0.0,0.0,10,1.0
pg1_7,22,10,0.0,0.0,0.0,0.0,0.0,0.0,10,1.0
pg1_7,23,10,0.0,0.0,0.0,0.0,0.0,0.0,10,1.0
pg1_7,24,10,0.05,0.0,0.5,0.05,0.0,0.5,10,1.0
pg1_7,25,10,0.506155281280883,0.0,2.5,0.506155281280883,0.0,2.5,10,1.0
pg1_7,26,10,0.5535533905932738,0.0,3.5355339059327378,0.5535533905932738,0.0,3.5355339059327378,10,1.0
pg1_7,27,10,0.1,0.0,0.5,0.1,0.0,0.5,10,1.0
pg1_7,28,10,0.3,0.0,2.5,0.3,0.0,2.5,10,1.0
pg1_7,29,10,0.3,0.25,1.0,0.3,0.25,1.0,10,1.0
pg1_7,30,10,0.12071067811865474,0.0,0.7071067811865476,0.12071067811865474,0.0,0.7071067811865476,10,1.0
pg1_7,31,10,0.05,0.0,0.5,0.05,0.0,0.5,10,1.0
pg1_7,32,10,0.4207106781186548,0.5,1.5,0.4207106781186548,0.5,1.5,10,1.0
pg1_7,33,10,0.05,0.0,0.5,0.05,0.0,0.5,10,1.0
pg1_7,34,10,0.16180339887498948,0.0,1.118033988749895,0.16180339887498948,0.0,1.118033988749895,10,1.0
pg1_7,35,10,0.2,0.0,0.5,0.2,0.0,0.5,10,1.0
pg1_7,36,10,0.1,0.0,0.5,0.1,0.0,0.5,10,1.0
pg1_7,37,10,0.19142135623730952,0.0,1.4142135623730951,0.19142135623730952,0.0,1.4142135623730951,10,1.0
pg1_7,38,10,0.15,0.0,0.5,0.15,0.0,0.5,10,1.0
pg1_7,39,10,0.15,0.0,1.0,0.15,0.0,1.0,10,1.0
pg1_7,40,10,0.22071067811865475,0.0,1.0,0.22071067811865475,0.0,1.0,10,1.0
pg1_7,41,10,0.22071067811865475,0.0,0.7071067811865476,0.22071067811865475,0.0,0.7071067811865476,10,1.0
pg1_7,42,10,0.3,0.0,1.5,0.3,0.0,1.5,10,1.0
pg1_7,43,10,0.1914213562373095,0.0,0.7071067811865476,0.1914213562373095,0.0,0.7071067811865476,10,1.0
pg1_7,44,10,0.5118033988749895,0.5,1.5,0.5118033988749895,0.5,1.5,10,1.0
pg1_7,45,10,0.6707106781186548,0.5,2.5,0.6707106781186548,0.5,2.5,10,1.0
pg1_7,46,10,0.6886349517372674,0.25,4.47213595499958,0.6886349517372674,0.25,4.47213595499958,10,1.0
pg1_7,47,10,0.4699172818834085,0.5,1.5811388300841898,0.4699172818834085,0.5,1.5811388300841898,10,1.0
pg1_7,48,10,0.8835023188854985,0.6035533905932737,2.5,0.8835023188854985,0.6035533905932737,2.5,10,1.0
pg1_7,49,10,0.6709055237752627,0.5,1.8027756377319946,0.6709055237752627,0.5,1.8027756377319946,10,1.0
pg1_7,50,10,0.603224755112299,0.25,2.5,0.603224755112299,0.25,2.5,10,1.0
pg1_7,51,10,0.5739354332309538,0.6035533905932737,1.5,0.5739354332309538,0.6035533905932737,1.5,10,1.0
pg1_7,52,10,0.5788245611270738,0.5,1.5811388300841898,0.5788245611270738,0.5,1.5811388300841898,10,1.0
pg1_7,53,10,0.9699351639395809,0.7071067811865476,3.605551275463989,0.9699351639395809,0.7071067811865476,3.605551275463989,10,1.0
pg1_7,54,10,1.0272049888814823,0.75,4.6097722286464435,1.0272049888814823,0.75,4.6097722286464435,10,1.0
pg1_7,55,10,0.7260725631642916,0.75,2.0615528128088303,0.7260725631642916,0.75,2.0615528128088303,10,1.0
pg1_7,56,10,0.9322278444451746,0.5,4.123105625617661,0.9322278444451746,0.5,4.123105625617661,10,1.0
pg1_7,57,10,0.8317206807583979,0.75,2.0,0.8317206807583979,0.75,2.0,10,1.0
pg1_7,58,10,0.7335023188854984,0.6035533905932737,1.8027756377319946,0.7335023188854984,0.6035533905932737,1.8027756377319946,10,1.0
pg1_7,59,10,0.8872169205125978,0.5,2.692582403567252,0.8872169205125978,0.5,2.692582403567252,10,1.0
pg1_7,60,10,0.7627916407668437,0.8535533905932737,1.8027756377319946,0.7627916407668437,0.8535533905932737,1.8027756377319946,10,1.0
pg1_7,61,10,1.06130110261713,1.0590169943749475,2.5495097567963922,1.06130110261713,1.0590169943749475,2.5495097567963922,10,1.0
pg1_7,62,10,1.0366276907106904,1.3090169943749475,2.0615528128088303,1.0366276907106904,1.3090169943749475,2.0615528128088303,10,1.0
pg1_7,63,10,0.9701121275400164,1.118033988749895,1.8027756377319946,0.9701121275400164,1.118033988749895,1.8027756377319946,10,1.0
pg1_7,64,10,1.1551018556089006,1.540569415042095,2.0615528128088303,1.1551018556089006,1.540569415042095,2.0615528128088303,10,1.0
pg1_7,65,10,1.2435372681178656,1.540569415042095,2.5495097567963922,1.2435372681178656,1.540569415042095,2.5495097567963922,10,1.0
pg1_7,66,10,1.099214600159999,1.266123775561495,2.23606797749979,1.099214600159999,1.266123775561495,2.23606797749979,10,1.0
pg1_7,67,10,1.1848967765716556,1.540569415042095,1.8027756377319946,1.1848967765716556,1.540569415042095,1.8027756377319946,10,1.0
pg1_7,68,10,1.1152229996438963,1.266123775561495,2.23606797749979,1.1152229996438963,1.266123775561495,2.23606797749979,10,1.0
pg1_7,69,10,1.2040792071797863,1.3495864094170424,2.23606797749979,1.2040792071797863,1.3495864094170424,2.23606797749979,10,1.0
pg1_7,70,10,1.1152229996438963,1.266123775561495,2.23606797749979,1.1152229996438963,1.266123775561495,2.23606797749979,10,1.0
pg1_7,71,10,1.0925537197977058,1.0590169943749475,2.23606797749979,1.0925537197977058,1.0590169943749475,2.23606797749979,10,1.0
pg1_7,72,10,2.433456477495414,1.6919572339080922,11.704699910719626,2.433456477495414,1.6919572339080922,11.704699910719626,10,1.0
pg1_7,73,10,1.3603338717477764,1.3090169943749475,2.23606797749979,1.3603338717477764,1.3090169943749475,2.23606797749979,10,1.0
pg1_7,74,10,1.3787086533588793,1.6919572339080922,2.23606797749979,1.3787086533588793,1.6919572339080922,2.23606797749979,10,1.0
pg1_7,75,10,1.3802855601684447,1.540569415042095,2.5,1.3802855601684447,1.540569415042095,2.5,10,1.0
pg1_7,76,10,1.3040792071797864,1.540569415042095,2.23606797749979,1.3040792071797864,1.540569415042095,2.23606797749979,10,1.0
pg1_7,77,10,1.48915843287485,1.540569415042095,3.5355339059327378,1.48915843287485,1.540569415042095,3.5355339059327378,10,1.0
pg1_7,78,10,1.5774812725048162,1.4976761962286425,3.3541019662496847,1.5774812725048162,1.4976761962286425,3.3541019662496847,10,1.0
pg1_7,79,10,1.8363034212231555,1.8106601717798212,3.5,1.8363034212231555,1.8106601717798212,3.5,10,1.0
pg1_7,80,10,1.511533483777326,1.4571067811865475,3.5,1.511533483777326,1.4571067811865475,3.5,10,1.0
pg1_7,81,10,1.5662112415357505,1.6919572339080922,3.3541019662496847,1.5662112415357505,1.6919572339080922,3.3541019662496847,10,1.0
pg1_7,82,10,1.7070992298671364,1.6919572339080922,3.5,1.7070992298671364,1.6919572339080922,3.5,10,1.0
pg1_7,83,10,1.5011245425884936,1.5811388300841898,3.1622776601683795,1.5011245425884936,1.5811388300841898,3.1622776601683795,10,1.0
pg1_7,84,10,1.9780024181934688,1.6919572339080922,6.363961030678928,1.9780024181934688,1.6919572339080922,6.363961030678928,10,1.0
pg1_7,85,10,1.6672160079086922,1.540569415042095,5.5,1.6672160079086922,1.540569415042095,5.5,10,1.0
pg1_7,86,10,1.408451079768835,1.540569415042095,2.692582403567252,1.408451079768835,1.540569415042095,2.692582403567252,10,1.0
pg1_7,87,10,1.3798128030189278,1.540569415042095,2.5,1.3798128030189278,1.540569415042095,2.5,10,1.0
pg1_7,88,10,1.8221803005962616,1.6919572339080922,4.6097722286464435,1.8221803005962616,1.6919572339080922,4.6097722286464435,10,1.0
pg1_7,89,10,1.4505234811375824,1.6919572339080922,2.5,1.4505234811375824,1.6919572339080922,2.5,10,1.0
pg1_7,90,10,1.4578926261023823,1.4571067811865475,2.9154759474226504,1.4578926261023823,1.4571067811865475,2.9154759474226504,10,1.0
pg1_7,91,10,1.37605134511151,1.5811388300841898,2.5495097567963922,1.37605134511151,1.5811388300841898,2.5495097567963922,10,1.0
pg1_7,92,10,1.572080082498272,1.6196771661547686,2.692582403567252,1.572080082498272,1.6196771661547686,2.692582403567252,10,1.0
pg1_7,93,10,1.5251092000026847,1.266123775561495,3.1622776601683795,1.5251092000026847,1.266123775561495,3.1622776601683795,10,1.0
pg1_7,94,10,1.769216216838118,1.7807764064044151,4.031128874149275,1.769216216838118,1.7807764064044151,4.031128874149275,10,1.0
pg1_7,95,10,1.4893814916921948,1.3090169943749475,2.692582403567252,1.4893814916921948,1.3090169943749475,2.692582403567252,10,1.0
pg1_7,96,10,1.6772776709556734,1.6770509831248424,2.9154759474226504,1.6772776709556734,1.6770509831248424,2.9154759474226504,10,1.0
pg1_7,97,10,1.6174028896240435,1.5590169943749475,2.692582403567252,1.6174028896240435,1.5590169943749475,2.692582403567252,10,1.0
pg1_8,2,10,177.31349395448086,167.45385257173444,353.7686390849251,1.1373866804086767,0.9125703849682212,3.605551275463989,1,0.1
pg1_8,3,10,194.0027891142897,208.37267983319003,310.3550386251204,0.2825140769936442,0.0,1.118033988749895,0,0.0
pg1_8,4,10,208.4953134679828,216.31456882858743,256.9985408518889,1.022446323827975,0.25,7.810249675906654,0,0.0
pg1_8,5,10,197.266767802247,195.39947021760966,327.82960513047016,0.29142135623730947,0.25,0.7071067811865476,0,0.0
pg1_8,6,10,202.82072858047468,209.6222438169055,365.53317222927933,0.2,0.0,1.0,1,0.1
pg1_8,7,10,179.33846168667074,176.92211063607533,294.96652352428066,0.07071067811865475,0.0,0.7071067811865476,0,0.0
pg1_8,8,10,155.0529957301075,163.04675331485913,241.72556753475624,0.30322475511229896,0.0,1.118033988749895,1,0.1
pg1_8,9,10,203.63829169760191,200.7734146990636,354.8309456628607,0.1,0.0,0.5,0,0.0
pg1_8,10,10,175.70126303960956,130.22555992666977,354.8309456628607,0.05,0.0,0.5,0,0.0
pg1_8,11,10,194.51856641893735,183.1067086656602,354.8309456628607,0.05,0.0,0.5,0,0.0
pg1_8,12,10,196.10427617210058,170.24247413615674,327.15630820756,0.0,0.0,0.0,1,0.1
pg1_8,13,10,161.9177303623756,196.07036067050174,259.8966140602836,0.05,0.0,0.5,2,0.2
pg1_8,14,10,161.39697202434988,154.76322376616017,309.18158095203535,0.0,0.0,0.0,1,0.1
pg1_8,15,10,169.1774207061361,165.09903307960153,327.15630820756,0.0,0.0,0.0,1,0.1
pg1_8,16,10,203.23852795813033,183.2483401539036,365.53317222927933,0.05,0.0,0.5,0,0.0
pg1_8,17,10,188.44921976268552,169.28063495914853,294.96652352428066,0.15811388300841897,0.0,1.5811388300841898,0,0.0
pg1_8,18,10,189.75078302355044,147.6443653551919,366.9727510320078,0.0,0.0,0.0,0,0.0
pg1_8,19,10,188.22783152597793,190.65121355012764,310.74949718382493,0.12071067811865474,0.0,0.7071067811865476,0,0.0
pg1_8,20,10,167.15941341765995,160.39597905103966,354.8309456628607,0.0,0.0,0.0,1,0.1
pg1_8,21,10,156.03825227866926,109.91132789662765,366.5276251525934,0.0,0.0,0.0,1,0.1
pg1_8,22,10,209.886416473701,193.99350035419684,366.5276251525934,0.0,0.0,0.0,0,0.0
pg1_8,23,10,172.81423796073472,169.3919252988278,366.5276251525934,0.0,0.0,0.0,2,0.2
pg1_8,24,10,158.16071863169145,155.74101739632425,354.8309456628607,0.05,0.0,0.5,2,0.2
pg1_8,25,10,182.04887745174474,183.1979684738662,327.15630820756,0.0,0.0,0.0,1,0.1
pg1_8,26,10,208.870124039434,216.67689054921684,327.15630820756,0.12071067811865474,0.0,0.7071067811865476,0,0.0
pg1_8,27,10,141.72872387937585,138.85879825163408,241.72556753475624,0.2509882418918542,0.0,1.8027756377319946,1,0.1
pg1_8,28,10,181.8385470229343,169.48824644251312,355.3990714675546,0.16180339887498948,0.0,1.118033988749895,1,0.1
pg1_8,29,10,203.47425664309395,199.38438529586892,366.5276251525934,0.1,0.0,1.0,0,0.0
pg1_8,30,10,44.780644579056826,0.0,223.40322289528413,0.1,0.0,0.5,8,0.8
pg1_8,31,10,186.06750821291962,175.72340443113632,365.53317222927933,0.1,0.0,0.5,1,0.1
pg1_8,32,10,148.06505265479618,159.71842674465398,327.15630820756,0.27071067811865474,0.0,1.0,2,0.2
pg1_8,33,10,172.25509768083606,198.45531014238986,262.2675160975907,0.1,0.0,0.5,1,0.1
pg1_8,34,10,200.25504558157473,173.71176481104044,307.02809317715537,0.1,0.0,0.5,0,0.0
pg1_8,35,10,176.82062641888564,167.01410853198922,354.9788726107513,0.1,0.0,0.5,0,0.0
pg1_8,36,10,204.63337184797678,194.08476765384495,327.15630820756,0.15,0.0,0.5,0,0.0
pg1_8,37,10,170.67127531106627,149.49811648902678,354.9788726107513,0.25,0.0,1.0,1,0.1
pg1_8,38,10,205.54300628941382,215.74529584787706,274.93453766305896,0.05,0.0,0.5,0,0.0
pg1_8,39,10,171.17541600167286,145.8306741433655,293.23795797952215,0.12071067811865474,0.0,0.7071067811865476,0,0.0
pg1_8,40,10,175.00682032159511,143.70736942439788,326.94074386653006,0.22071067811865475,0.0,0.7071067811865476,0,0.0
pg1_8,41,10,177.22196418485848,188.19001780827256,305.1597942062486,0.05,0.0,0.5,1,0.1
pg1_8,42,10,137.21990195021672,127.31569716442122,327.1704448754502,0.05,0.0,0.5,2,0.2
pg1_8,43,10,168.46675643205887,144.04687546554632,327.1704448754502,0.2,0.0,0.5,1,0.1
pg1_8,44,10,151.2083345562519,159.89058759038946,361.4505498681666,0.22882456112707375,0.0,1.5811388300841898,2,0.2
pg1_8,45,10,184.2829175177226,164.9133024808171,360.01111093964863,0.3383914467816184,0.0,1.8027756377319946,0,0.0
pg1_8,46,10,174.0675892678042,164.9133024808171,327.1704448754502,0.5955594827522204,0.0,3.0413812651491097,1,0.1
pg1_8,47,10,184.05412684155743,166.24289998113568,327.1704448754502,0.608113883008419,0.5,2.0,0,0.0
pg1_8,48,10,168.34742852999346,188.5281258840598,356.03370626950476,0.44953523924572847,0.25,1.5811388300841898,4,0.4
pg1_8,49,10,197.03652232691343,221.55760621758566,267.87403756243344,0.5239354332309538,0.5,1.4142135623730951,0,0.0
pg1_8,50,10,147.76454925210697,129.37468081524673,295.39507443422275,0.3621320343559643,0.0,1.4142135623730951,1,0.1
pg1_8,51,10,188.66950710637147,158.85467586372891,352.7187264662879,0.5389979937555021,0.0,2.1213203435596424,0,0.0
pg1_8,52,10,165.70234772393715,182.12463396311517,294.02891014320346,0.29142135623730947,0.0,1.4142135623730951,2,0.2
pg1_8,53,10,115.13778000808705,136.80074263759076,249.08683224931823,0.3914213562373095,0.0,2.0,3,0.3
pg1_8,54,10,182.6212481198782,159.61503633336326,326.95718374123544,0.358113883008419,0.0,1.5811388300841898,0,0.0
pg1_8,55,10,186.32940550053792,187.18458901454932,345.44174617437307,0.3679586801558725,0.0,2.0615528128088303,1,0.1
pg1_8,56,10,211.73947782367463,227.907795665584,326.95718374123544,0.2943174758686337,0.0,2.23606797749979,0,0.0
pg1_8,57,10,161.31846120684787,154.62497228068426,354.2799034661718,0.43866935827452724,0.0,2.0615528128088303,1,0.1
pg1_8,58,10,220.8263511188593,228.62021715549758,326.7265676372217,0.3268659593995378,0.0,2.0615528128088303,0,0.0
pg1_8,59,10,132.68339984603,100.59007359211026,295.54779647292247,0.32882456112707376,0.0,1.5811388300841898,2,0.2
pg1_8,60,10,161.09220668440875,153.45895546619175,354.36210293991655,0.39431747586863375,0.0,2.23606797749979,0,0.0
pg1_8,61,10,147.29216983034584,153.4672564995289,248.649351497244,0.3975766375181925,0.0,2.0615528128088303,1,0.1
pg1_8,62,10,151.25564460868748,151.12802763171098,274.23530042647684,0.3443174758686337,0.0,2.23606797749979,1,0.1
pg1_8,63,10,161.09023041928376,164.32704531520096,333.4823833428087,0.526831552862278,0.0,2.23606797749979,1,0.1
pg1_8,64,10,110.10585973897716,103.88005249446054,220.82402496105354,0.40098824189185417,0.0,1.8027756377319946,2,0.2
pg1_8,65,10,165.02354482460905,118.83556338552779,355.68314551015766,0.43866935827452724,0.0,2.0615528128088303,0,0.0
pg1_8,66,10,165.7578896327536,166.05807994570552,252.50445540623636,0.447213595499958,0.0,2.23606797749979,1,0.1
pg1_8,67,10,186.902951164546,184.61913288886387,326.3299710415824,0.37169892001050897,0.0,1.8027756377319946,1,0.1
pg1_8,68,10,199.331932486699,220.73222604619548,326.49655434629017,0.4354101966249685,0.0,2.23606797749979,1,0.1
pg1_8,69,10,131.0239428713315,130.8683242351326,226.07189122046995,0.542080962648189,0.5,1.8027756377319946,1,0.1
pg1_8,70,10,180.09496349573703,162.5167826086032,304.3098749630054,0.3975766375181925,0.0,2.0615528128088303,1,0.1
pg1_8,71,10,140.2531886483037,139.27707459751494,304.3098749630054,0.5838309543664733,0.25,1.8027756377319946,1,0.1
pg1_8,72,10,177.51260210227866,157.02156418337518,290.5477585527033,0.5953057177604879,0.0,2.23606797749979,0,0.0
pg1_8,73,10,184.76057472623387,212.57852083162118,307.19903971204076,0.40388436152317847,0.0,1.8027756377319946,2,0.2
pg1_8,74,10,200.3778538659128,192.59929014894948,355.3621392326425,0.5724829954690243,0.0,2.692582403567252,0,0.0
pg1_8,75,10,189.5736844656673,196.24556216423673,312.52679885091453,0.7156305722736739,0.0,2.692582403567252,1,0.1
pg1_8,76,10,147.05337218196397,115.85946056681291,300.5698754033744,0.6972894052485528,0.0,3.1622776601683795,0,0.0
pg1_8,77,10,171.48912300070862,165.16204164395643,314.3918733046387,0.7335087491092575,0.0,2.5495097567963922,2,0.2
pg1_8,78,10,157.45245581580812,125.5568069220032,355.4490118146343,0.7273721233651441,0.0,3.0,3,0.3
pg1_8,79,10,145.56189725864542,126.54431875764817,223.20002240143256,0.5059392175714934,0.0,2.5495097567963922,0,0.0
pg1_8,80,10,172.1571912865303,189.57622394155538,248.68152323805643,0.5943174758686338,0.0,2.5,1,0.1
pg1_8,81,10,175.65937888686997,163.2807695779256,253.9488137400921,0.5224829954690242,0.0,2.692582403567252,0,0.0
pg1_8,82,10,196.98267677005973,218.81972254894228,326.26714514336254,0.5915654779058516,0.0,2.23606797749979,1,0.1
pg1_8,83,10,202.8751779097691,193.4540673322766,354.4643846707311,0.4192582403567252,0.0,2.692582403567252,0,0.0
pg1_8,84,10,177.38782429310427,168.22645271755337,326.26714514336254,0.49352407963338746,0.0,2.23606797749979,0,0.0
pg1_8,85,10,145.0546474615662,125.16588992213494,252.67073435599937,0.4854101966249685,0.25,2.23606797749979,1,0.1
pg1_8,86,10,134.72044260472148,133.56845413318246,354.55218233709974,0.565154392492244,0.0,2.9154759474226504,2,0.2
pg1_8,87,10,158.4049506556245,170.73130931368792,306.47716064985985,0.6090169943749475,0.0,2.23606797749979,2,0.2
pg1_8,88,10,183.60766424146158,160.34940358803044,303.9230988260024,0.5748682575630477,0.0,2.5495097567963922,0,0.0
pg1_8,89,10,146.5710802532792,164.21556626365484,309.5339238274215,0.6357388321059432,0.0,2.23606797749979,3,0.3
pg1_8,90,10,157.38789926004557,105.47787788808326,307.45772067066395,0.5810616392317147,0.0,2.692582403567252,1,0.1
pg1_8,91,10,163.23712778309852,167.96254079220876,276.12723516524045,0.4667543745546287,0.0,2.5495097567963922,1,0.1
pg1_8,92,10,157.47926435788185,162.66613732690584,256.09080420819487,0.47683155286227796,0.0,2.23606797749979,1,0.1
pg1_8,93,10,182.88041938312364,183.3261885619911,308.7430161153447,0.4192582403567252,0.0,2.692582403567252,0,0.0
pg1_8,94,10,159.6584980691209,149.28248514958122,308.8952087682812,0.4167543745546287,0.0,2.5495097567963922,1,0.1
pg1_8,95,10,175.58496195100057,178.12736813273978,291.3211286535874,0.592080962648189,0.0,2.5,1,0.1
pg1_8,96,10,181.2173330295197,171.5592484959435,267.29431344493656,0.9698235514641489,0.0,5.656854249492381,0,0.0
pg1_8,97,10,161.60616138458263,154.2293841175951,303.40237309553135,0.6692582403567252,0.0,2.692582403567252,0,0.0
pg1_9,2,10,171.26168003088492,168.59959829212443,244.76110802167898,1.5748488046335658,1.1035533905932737,5.0,0,0.0
pg1_9,3,10,103.55784972848619,95.3963106401207,308.16594555531276,0.17071067811865476,0.0,0.7071067811865476,3,0.3
pg1_9,4,10,120.03624353077421,95.04451189140929,386.73020311322983,0.22071067811865475,0.0,0.7071067811865476,2,0.2
pg1_9,5,10,143.99489297313585,136.97079980784227,308.96035344360934,0.05,0.0,0.5,2,0.2
pg1_9,6,10,168.43945311617816,147.7771322521868,278.4353605417243,0.15,0.0,0.5,0,0.0
pg1_9,7,10,162.62789854088882,153.42146199179433,320.0660088169314,0.2,0.0,1.0,2,0.2
pg1_9,8,10,184.61712151463854,193.6918881251923,243.98821692860497,0.05,0.0,0.5,0,0.0
pg1_9,9,10,162.39216122919356,171.09302462911955,245.48930730278255,0.1,0.0,0.5,1,0.1
pg1_9,10,10,184.71388239947177,159.11349093709015,386.73020311322983,0.2,0.0,0.5,0,0.0
pg1_9,11,10,214.99039562521017,204.14745331704395,386.51778743028115,0.05,0.0,0.5,0,0.0
pg1_9,12,10,109.87113077359052,105.15612114464648,208.84503824606415,0.25,0.0,2.5,3,0.3
pg1_9,13,10,185.9047648819533,170.92399382622807,308.66567674427296,0.2,0.0,1.0,0,0.0
pg1_9,14,10,220.38485882086417,229.0755268715494,350.60305189772663,0.15,0.0,1.0,0,0.0
pg1_9,15,10,128.0139686442818,118.71212313572855,265.96475330389177,0.0,0.0,0.0,2,0.2
pg1_9,16,10,211.02851819222286,204.02518732469852,320.5471884138122,0.0,0.0,0.0,0,0.0
pg1_9,17,10,174.85447704947367,183.00466954075907,350.60305189772663,0.4118033988749895,0.25,1.5,2,0.2
pg1_9,18,10,173.74833519937323,152.42320170531218,386.0945480060551,0.258113883008419,0.0,1.5811388300841898,0,0.0
pg1_9,19,10,187.44044346819575,188.05661482773786,350.31307426357927,0.07071067811865475,0.0,0.7071067811865476,0,0.0
pg1_9,20,10,189.66034102521792,196.4167167436094,350.31307426357927,0.35,0.0,2.0,1,0.1
pg1_9,21,10,170.55414490681753,184.01758804961298,245.12496812850378,0.15,0.0,1.0,1,0.1
pg1_9,22,10,130.76720094532988,136.4174394252589,265.15844319953305,0.0,0.0,0.0,2,0.2
pg1_9,23,10,150.37378217673003,156.6389639253416,321.03154050653654,0.0,0.0,0.0,3,0.3
pg1_9,24,10,152.16730227692452,156.6389639253416,245.48930730278255,0.07071067811865475,0.0,0.7071067811865476,1,0.1
pg1_9,25,10,189.32297868128703,192.70832882882877,385.852951265116,0.05,0.0,0.5,2,0.2
pg1_9,26,10,178.59009946923646,155.80746116432263,308.6486675817668,0.1,0.0,0.5,0,0.0
pg1_9,27,10,173.41890744874232,150.10709280981644,385.852951265116,0.15,0.0,0.5,0,0.0
pg1_9,28,10,78.7646376764061,79.45221840712448,238.66294224282078,0.07071067811865475,0.0,0.7071067811865476,4,0.4
pg1_9,29,10,176.00447856490933,162.05920704336893,350.31307426357927,0.2,0.0,0.5,2,0.2
pg1_9,30,10,158.5139387486287,179.18682006504048,319.5316885693812,0.35615528128088303,0.0,2.0615528128088303,2,0.2
pg1_9,31,10,105.51539048173922,100.32926753169619,237.95903008711394,0.1,0.0,0.5,3,0.3
pg1_9,32,10,180.312723341697,176.8219443394965,351.18442448377465,0.25,0.0,1.0,0,0.0
pg1_9,33,10,174.8135664464507,179.88477575104346,350.89350236218394,0.05,0.0,0.5,1,0.1
pg1_9,34,10,183.97103905250736,196.72858889396954,277.7035289656939,0.1,0.0,0.5,0,0.0
pg1_9,35,10,182.5853839956369,194.57223034878464,265.0080187466032,0.15,0.0,1.0,0,0.0
pg1_9,36,10,166.4730186143931,141.4607428715576,300.4205385788395,0.1,0.0,0.5,1,0.1
pg1_9,37,10,166.64886089930076,163.61484127610217,277.7035289656939,0.12071067811865474,0.0,0.7071067811865476,1,0.1
pg1_9,38,10,97.14243759421818,89.63573053985068,348.6850297904973,0.15,0.0,0.5,3,0.3
pg1_9,39,10,161.5160369980905,167.1274851153584,245.48930730278255,0.547213595499958,0.0,4.47213595499958,1,0.1
pg1_9,40,10,153.62590853581975,188.6714926832069,308.4870337631713,0.3118033988749895,0.25,1.118033988749895,2,0.2
pg1_9,41,10,145.83110546057685,173.401338351167,245.48930730278255,0.4443174758686338,0.25,1.118033988749895,2,0.2
pg1_9,42,10,170.63809995954347,128.1356394607734,384.7076812334269,0.6730265607889769,0.25,3.905124837953327,0,0.0
pg1_9,43,10,140.87181288930643,138.23208832720485,308.322071866417,0.38251407699364426,0.25,1.118033988749895,2,0.2
pg1_9,44,10,204.74231587066257,185.40959941976246,322.5468958151667,0.35,0.0,1.5,0,0.0
pg1_9,45,10,163.86743283448618,159.00108791703244,279.0524144314111,0.9207106781186548,0.5,4.5,1,0.1
pg1_9,46,10,146.46249095236675,141.160857109044,248.29518722681678,0.1,0.0,0.5,1,0.1
pg1_9,47,10,218.89335977071704,238.43293559004374,384.591341556203,0.37071067811865477,0.5,1.0,0,0.0
pg1_9,48,10,189.83229042953275,188.14039581308458,384.38294707231745,0.3,0.25,1.0,1,0.1
pg1_9,49,10,174.92607908249494,177.36734199376488,322.5468958151667,0.353224755112299,0.25,1.118033988749895,2,0.2
pg1_9,50,10,164.6472714746445,179.80134573121052,270.6704638485699,0.35,0.25,1.0,1,0.1
pg1_9,51,10,158.89036709639595,149.65752481825817,322.5468958151667,0.7740616717359093,0.5,2.9154759474226504,2,0.2
pg1_9,52,10,168.05286472458872,189.92717342505108,249.3275957450358,0.6723585264213885,0.25,1.8027756377319946,1,0.1
pg1_9,53,10,146.52390783902138,126.31058980079264,381.07118757523506,0.7711834352681716,0.75,2.0615528128088303,2,0.2
pg1_9,54,10,131.95869605486953,116.7892130038839,378.4246952829585,0.7749236751228079,0.75,1.8027756377319946,2,0.2
pg1_9,55,10,148.280901540773,107.82293405178461,378.4246952829585,0.6327089226502521,0.3535533905932738,1.8027756377319946,3,0.3
pg1_9,56,10,160.33726089814513,158.47579448843095,278.5107717845039,0.8524313588770527,1.0,2.0,1,0.1
pg1_9,57,10,186.30380944323443,194.76823370852594,328.8453283840292,0.692080962648189,0.25,2.5,0,0.0
pg1_9,58,10,199.43139769132435,184.0049072940874,375.5292931317076,0.6009882418918543,0.5,1.8027756377319946,0,0.0
pg1_9,59,10,185.2219627894612,219.94671672915223,323.0468232315557,0.5524313588770526,0.5,1.5811388300841898,1,0.1
pg1_9,60,10,169.1500545181064,153.88292466295894,295.93284711231365,0.4788245611270738,0.25,1.5811388300841898,0,0.0
pg1_9,61,10,169.51795653498078,157.51729888386316,375.3245262436229,0.6591021249002733,0.6035533905932737,1.8027756377319946,1,0.1
pg1_9,62,10,147.17250631742743,140.98065520873183,249.67278586181556,0.48172068075839797,0.0,1.5811388300841898,1,0.1
pg1_9,63,10,175.3736660530153,195.69724115180492,273.4236639356586,0.8015117230294371,0.7071067811865476,1.8027756377319946,1,0.1
pg1_9,64,10,141.21231218238051,147.53045202730775,297.9572116932228,1.0597518456502253,1.0590169943749475,2.23606797749979,1,0.1
pg1_9,65,10,141.904430443178,110.11963349665211,322.0314425642316,0.9670046377709971,0.7071067811865476,2.23606797749979,1,0.1
pg1_9,66,10,143.99724530973856,144.41234236193077,272.47018185482244,0.679812803018928,0.5,1.8027756377319946,1,0.1
pg1_9,67,10,177.600340432123,185.11572372324412,374.5110145242727,0.8148920287139918,0.7071067811865476,2.1213203435596424,1,0.1
pg1_9,68,10,167.28183202259135,155.96426666049047,337.4203609742601,0.8867270739977975,0.7071067811865476,2.23606797749979,0,0.0
pg1_9,69,10,192.8442129614665,157.50912293656086,308.2162390270831,0.8404918347287665,0.7071067811865476,2.1213203435596424,0,0.0
pg1_9,70,10,183.70688147696234,171.38337993878832,309.78218154051405,1.069657252446672,1.25,1.8027756377319946,0,0.0
pg1_9,71,10,185.38109320107245,189.08706990669984,340.3560635569756,0.9163450313601175,0.7071067811865476,2.1213203435596424,1,0.1
pg1_9,72,10,155.17743908447045,153.75299152698747,289.84176717650615,1.1495187147646413,0.7071067811865476,3.3541019662496847,0,0.0
pg1_9,73,10,183.5348010714662,144.26615189195724,374.66384933697566,1.8202270574343657,0.8535533905932737,9.192388155425117,0,0.0
pg1_9,74,10,200.81962813874776,186.6632296475556,367.2005582784427,0.9370557094787723,0.8535533905932737,2.8284271247461903,0,0.0
pg1_9,75,10,158.7919485624902,146.70679281883784,297.9484015731583,0.8781484302351069,0.7071067811865476,2.1213203435596424,1,0.1
pg1_9,76,10,17.793934511898094,1.0606601717798214,85.59351610957457,0.8935223090686536,0.7071067811865476,2.692582403567252,8,0.8
pg1_9,77,10,154.283913256753,152.739375925663,300.26987860922713,1.2073039622920851,1.266123775561495,2.23606797749979,0,0.0
pg1_9,78,10,177.18710393053928,169.54620675525098,255.64086136609694,1.0689883252590617,0.9125703849682212,2.692582403567252,0,0.0
pg1_9,79,10,213.95273186658068,237.2017784668298,336.71241438355077,1.1657951400805202,1.266123775561495,2.23606797749979,0,0.0
pg1_9,80,10,204.072416994797,196.64566998635115,335.95907488859416,1.248635613036654,1.118033988749895,3.2015621187164243,0,0.0
pg1_9,81,10,174.47622980587423,189.27020371737007,261.6725052427175,1.0399518291100966,1.0590169943749475,2.23606797749979,1,0.1
pg1_9,82,10,119.92126902756442,143.56921871942814,182.66499390961587,1.3090053370418726,1.266123775561495,2.9154759474226504,2,0.2
pg1_9,83,10,214.53996374151907,212.21377370685963,371.6517186829626,1.3051919181192766,1.4571067811865475,2.692582403567252,0,0.0
pg1_9,84,10,213.27093739038168,231.98197364349963,371.1256525760514,1.3770240630699562,1.4142135623730951,3.5355339059327378,0,0.0
pg1_9,85,10,201.55471861476298,216.99261822017175,333.4205302617102,1.370025226449957,1.266123775561495,3.3541019662496847,0,0.0
pg1_9,86,10,187.65163888839373,176.60825766077863,335.1048343429262,1.122348639653047,0.7071067811865476,2.9154759474226504,1,0.1
pg1_9,87,10,133.83885893557814,146.5544636625366,216.27991122617004,1.5746395915284928,0.9125703849682212,7.3824115301167,1,0.1
pg1_9,88,10,190.2171281469694,193.01400641054025,319.8863079283013,1.2045340811657168,1.118033988749895,2.9154759474226504,0,0.0
pg1_9,89,10,114.55766570386086,118.67448019599601,275.46914527765176,1.3999752166201465,1.0606601717798214,4.6097722286464435,3,0.3
pg1_9,90,10,152.9249616262743,159.50055801530698,270.033794181395,1.3837934188628853,1.8027756377319946,2.5495097567963922,1,0.1
pg1_9,91,10,154.50869164900547,155.09105810609287,319.86325203123914,1.2507852425245605,1.4976761962286425,3.0413812651491097,2,0.2
pg1_9,92,10,135.3535953325161,156.38546444719736,311.96353953627334,1.2396576001663815,1.266123775561495,2.5,2,0.2
pg1_9,93,10,148.65156401303702,172.1949557438282,275.5358415887124,1.3773894405371203,1.6919572339080922,3.0,1,0.1
pg1_9,94,10,161.72750754442222,183.05766603251152,311.4161203277698,1.1049395191454026,0.9125703849682212,3.0413812651491097,2,0.2
pg1_9,95,10,140.93323660442846,183.78758428224307,256.85501747094605,1.6734777956815488,0.9125703849682212,6.800735254367722,2,0.2
pg1_9,96,10,189.3338053375365,167.9407383853202,322.31118503706944,1.3360943228047666,1.290569415042095,3.0,0,0.0
pg1_9,97,10,184.9057441000743,180.28384781681473,358.380035716277,1.3042129970041534,1.266123775561495,3.0,0,0.0
pg2_1,2,10,5.911832166773207,5.8027215194459245,7.0710678118654755,5.911832166773207,5.8027215194459245,7.0710678118654755,10,1.0
pg2_1,3,10,0.7223585264213884,0.25,3.605551275463989,0.7223585264213884,0.25,3.605551275463989,10,1.0
pg2_1,4,10,0.25,0.0,1.0,0.25,0.0,1.0,10,1.0
pg2_1,5,10,0.1,0.0,0.5,0.1,0.0,0.5,10,1.0
pg2_1,6,10,0.0,0.0,0.0,0.0,0.0,0.0,10,1.0
pg2_1,7,10,0.0,0.0,0.0,0.0,0.0,0.0,10,1.0
pg2_1,8,10,0.1,0.0,0.5,0.1,0.0,0.5,10,1.0
pg2_1,9,10,0.05,0.0,0.5,0.05,0.0,0.5,10,1.0
pg2_1,10,10,0.1,0.0,0.5,0.1,0.0,0.5,10,1.0
pg2_1,11,10,0.05,0.0,0.5,0.05,0.0,0.5,10,1.0
pg2_1,12,10,0.2,0.0,0.5,0.2,0.0,0.5,10,1.0
pg2_1,13,10,0.2,0.0,0.5,0.2,0.0,0.5,10,1.0
pg2_1,14,10,0.0,0.0,0.0,0.0,0.0,0.0,10,1.0
pg2_1,15,10,0.0,0.0,0.0,0.0,0.0,0.0,10,1.0
pg2_1,16,10,0.05,0.0,0.5,0.05,0.0,0.5,10,1.0
pg2_1,17,10,0.1,0.0,1.0,0.1,0.0,1.0,10,1.0
pg2_1,18,10,0.15,0.0,0.5,0.15,0.0,0.5,10,1.0
pg2_1,19,10,0.2,0.0,0.5,0.2,0.0,0.5,10,1.0
pg2_1,20,10,0.0,0.0,0.0,0.0,0.0,0.0,10,1.0
pg2_1,21,10,0.05,0.0,0.5,0.05,0.0,0.5,10,1.0
pg2_1,22,10,0.16180339887498948,0.0,1.118033988749895,0.16180339887498948,0.0,1.118033988749895,10,1.0
pg2_1,23,10,0.0,0.0,0.0,0.0,0.0,0.0,10,1.0
pg2_1,24,10,0.1,0.0,0.5,0.1,0.0,0.5,10,1.0
pg2_1,25,10,0.12071067811865474,0.0,0.7071067811865476,0.12071067811865474,0.0,0.7071067811865476,10,1.0
pg2_1,26,10,0.22882456112707375,0.0,1.5811388300841898,0.22882456112707375,0.0,1.5811388300841898,10,1.0
pg2_1,27,10,0.25,0.0,1.0,0.25,0.0,1.0,10,1.0
pg2_1,28,10,0.17071067811865476,0.0,0.7071067811865476,0.17071067811865476,0.0,0.7071067811865476,10,1.0
pg2_1,29,10,0.12071067811865474,0.0,0.7071067811865476,0.12071067811865474,0.0,0.7071067811865476,10,1.0
pg2_1,30,10,0.1,0.0,0.5,0.1,0.0,0.5,10,1.0
pg2_1,31,10,0.441547594742265,0.0,2.9154759474226504,0.441547594742265,0.0,2.9154759474226504,10,1.0
pg2_1,32,10,0.453224755112299,0.5,1.118033988749895,0.453224755112299,0.5,1.118033988749895,10,1.0
pg2_1,33,10,0.0,0.0,0.0,0.0,0.0,0.0,10,1.0
pg2_1,34,10,0.3,0.0,2.5,0.3,0.0,2.5,10,1.0
pg2_1,35,10,0.27071067811865474,0.25,0.7071067811865476,0.27071067811865474,0.25,0.7071067811865476,10,1.0
pg2_1,36,10,0.1414213562373095,0.0,0.7071067811865476,0.1414213562373095,0.0,0.7071067811865476,10,1.0
pg2_1,37,10,0.12071067811865474,0.0,0.7071067811865476,0.12071067811865474,0.0,0.7071067811865476,10,1.0
pg2_1,38,10,0.27071067811865474,0.25,0.7071067811865476,0.27071067811865474,0.25,0.7071067811865476,10,1.0
pg2_1,39,10,0.17071067811865476,0.0,0.7071067811865476,0.17071067811865476,0.0,0.7071067811865476,10,1.0
pg2_1,40,10,0.2618033988749895,0.0,1.118033988749895,0.2618033988749895,0.0,1.118033988749895,10,1.0
pg2_1,41,10,0.2,0.0,1.0,0.2,0.0,1.0,10,1.0
pg2_1,42,10,0.1414213562373095,0.0,0.7071067811865476,0.1414213562373095,0.0,0.7071067811865476,10,1.0
pg2_1,43,10,0.22071067811865475,0.0,1.0,0.22071067811865475,0.0,1.0,10,1.0
pg2_1,44,10,0.3443174758686337,0.0,1.118033988749895,0.3443174758686337,0.0,1.118033988749895,10,1.0
pg2_1,45,10,0.25,0.0,1.0,0.25,0.0,1.0,10,1.0
pg2_1,46,10,0.5024313588770527,0.25,1.5811388300841898,0.5024313588770527,0.25,1.5811388300841898,10,1.0
pg2_1,47,10,0.22071067811865475,0.0,1.5,0.22071067811865475,0.0,1.5,10,1.0
pg2_1,48,10,0.2618033988749895,0.0,1.5,0.2618033988749895,0.0,1.5,10,1.0
pg2_1,49,10,0.45,0.25,1.5,0.45,0.25,1.5,10,1.0
pg2_1,50,10,0.708113883008419,0.5,2.0,0.708113883008419,0.5,2.0,10,1.0
pg2_1,51,10,0.408113883008419,0.0,1.5811388300841898,0.408113883008419,0.0,1.5811388300841898,10,1.0
pg2_1,52,10,0.5830212406804207,0.25,2.0615528128088303,0.5830212406804207,0.25,2.0615528128088303,10,1.0
pg2_1,53,10,0.55,0.0,2.0,0.55,0.0,2.0,10,1.0
pg2_1,54,10,0.37686595939953776,0.0,2.0615528128088303,0.37686595939953776,0.0,2.0615528128088303,10,1.0
pg2_1,55,10,0.5707106781186548,0.25,2.0,0.5707106781186548,0.25,2.0,10,1.0
pg2_1,56,10,0.553224755112299,0.6035533905932737,1.118033988749895,0.553224755112299,0.6035533905932737,1.118033988749895,10,1.0
pg2_1,57,10,0.5239354332309537,0.6035533905932737,1.118033988749895,0.5239354332309537,0.6035533905932737,1.118033988749895,10,1.0
pg2_1,58,10,0.4150281539872885,0.25,1.118033988749895,0.4150281539872885,0.25,1.118033988749895,10,1.0
pg2_1,59,10,0.37071067811865477,0.5,1.0,0.37071067811865477,0.5,1.0,10,1.0
pg2_1,60,10,0.4118033988749895,0.5,1.118033988749895,0.4118033988749895,0.5,1.118033988749895,10,1.0
pg2_1,61,10,0.503224755112299,0.5,1.4142135623730951,0.503224755112299,0.5,1.4142135623730951,10,1.0
pg2_1,62,10,0.5199172818834085,0.25,1.5811388300841898,0.5199172818834085,0.25,1.5811388300841898,10,1.0
pg2_1,63,10,0.625661653798294,0.5,2.5495097567963922,0.625661653798294,0.5,2.5495097567963922,10,1.0
pg2_1,64,10,0.5325140769936443,0.25,2.5,0.5325140769936443,0.25,2.5,10,1.0
pg2_1,65,10,0.6118033988749895,0.5,2.5,0.6118033988749895,0.5,2.5,10,1.0
pg2_1,66,10,0.55,0.5,2.0,0.55,0.5,2.0,10,1.0
pg2_1,67,10,0.4,0.5,1.5,0.4,0.5,1.5,10,1.0
pg2_1,68,10,0.358113883008419,0.25,1.5811388300841898,0.358113883008419,0.25,1.5811388300841898,10,1.0
pg2_1,69,10,0.5825140769936443,0.5,1.5,0.5825140769936443,0.5,1.5,10,1.0
pg2_1,70,10,0.440956595483038,0.0,1.5811388300841898,0.440956595483038,0.0,1.5811388300841898,10,1.0
pg2_1,71,10,1.740159303809623,0.5,12.165525060596439,1.740159303809623,0.5,12.165525060596439,10,1.0
pg2_1,72,10,0.37393543323095374,0.25,1.118033988749895,0.37393543323095374,0.25,1.118033988749895,10,1.0
pg2_1,73,10,0.6160163958791427,0.7071067811865476,1.8027756377319946,0.6160163958791427,0.7071067811865476,1.8027756377319946,10,1.0
pg2_1,74,10,0.4943174758686338,0.5,1.118033988749895,0.4943174758686338,0.5,1.118033988749895,10,1.0
pg2_1,75,10,0.6731420369957075,0.75,1.5811388300841898,0.6731420369957075,0.75,1.5811388300841898,10,1.0
pg2_1,76,10,0.6024313588770528,0.6035533905932737,1.5811388300841898,0.6024313588770528,0.6035533905932737,1.5811388300841898,10,1.0
pg2_1,77,10,0.6354101966249684,0.5,1.118033988749895,0.6354101966249684,0.5,1.118033988749895,10,1.0
pg2_1,78,10,0.6627916407668437,0.5,1.8027756377319946,0.6627916407668437,0.5,1.8027756377319946,10,1.0
pg2_1,79,10,0.7650281539872885,0.75,2.0,0.7650281539872885,0.75,2.0,10,1.0
pg2_1,80,10,0.7298128030189279,0.6035533905932737,1.8027756377319946,0.7298128030189279,0.6035533905932737,1.8027756377319946,10,1.0
pg2_1,81,10,0.7061208747436233,0.8535533905932737,1.5,0.7061208747436233,0.8535533905932737,1.5,10,1.0
pg2_1,82,10,0.679812803018928,0.5,1.8027756377319946,0.679812803018928,0.5,1.8027756377319946,10,1.0
pg2_1,83,10,0.7367270739977975,0.7071067811865476,1.8027756377319946,0.7367270739977975,0.7071067811865476,1.8027756377319946,10,1.0
pg2_1,84,10,0.6038843615231785,0.5,1.8027756377319946,0.6038843615231785,0.5,1.8027756377319946,10,1.0
pg2_1,85,10,0.8781484302351069,0.9125703849682212,1.8027756377319946,0.8781484302351069,0.9125703849682212,1.8027756377319946,10,1.0
pg2_1,86,10,0.7576491222541475,0.5,1.5811388300841898,0.7576491222541475,0.5,1.5811388300841898,10,1.0
pg2_1,87,10,0.9773894405371205,0.8535533905932737,2.0615528128088303,0.9773894405371205,0.8535533905932737,2.0615528128088303,10,1.0
pg2_1,88,10,1.1231420369957075,1.0590169943749475,3.0,1.1231420369957075,1.0590169943749475,3.0,10,1.0
pg2_1,89,10,1.0864328450540826,0.75,3.0,1.0864328450540826,0.75,3.0,10,1.0
pg2_1,90,10,0.7409565954830379,0.7071067811865476,1.5811388300841898,0.7409565954830379,0.7071067811865476,1.5811388300841898,10,1.0
pg2_1,91,10,0.6864328450540825,0.5,2.0615528128088303,0.6864328450540825,0.5,2.0615528128088303,10,1.0
pg2_1,92,10,0.6576491222541475,0.3535533905932738,2.0,0.6576491222541475,0.3535533905932738,2.0,10,1.0
pg2_1,93,10,0.7425881263349655,0.5,2.0615528128088303,0.7425881263349655,0.5,2.0615528128088303,10,1.0
pg2_1,94,10,0.8317206807583979,0.5,2.5,0.8317206807583979,0.5,2.5,10,1.0
pg2_1,95,10,0.9189469220477268,0.6035533905932737,2.0615528128088303,0.9189469220477268,0.6035533905932737,2.0615528128088303,10,1.0
pg2_1,96,10,1.74544407724625,0.6035533905932737,10.124228365658293,1.74544407724625,0.6035533905932737,10.124228365658293,10,1.0
pg2_1,97,10,1.4331070610725098,0.8535533905932737,7.158910531638177,1.4331070610725098,0.8535533905932737,7.158910531638177,10,1.0
pg2_10,2,10,3.844537671591639,3.3541019662496847,7.5,3.844537671591639,3.3541019662496847,7.5,10,1.0
pg2_10,3,10,0.1,0.0,0.5,0.1,0.0,0.5,10,1.0
pg2_10,4,10,0.0,0.0,0.0,0.0,0.0,0.0,10,1.0
pg2_10,5,10,0.17071067811865476,0.0,1.0,0.17071067811865476,0.0,1.0,10,1.0
pg2_10,6,10,0.05,0.0,0.5,0.05,0.0,0.5,10,1.0
pg2_10,7,10,0.07071067811865475,0.0,0.7071067811865476,0.07071067811865475,0.0,0.7071067811865476,10,1.0
pg2_10,8,10,0.1,0.0,0.5,0.1,0.0,0.5,10,1.0
pg2_10,9,10,0.25,0.0,1.0,0.25,0.0,1.0,10,1.0
pg2_10,10,10,0.05,0.0,0.5,0.05,0.0,0.5,10,1.0
pg2_10,11,10,0.05,0.0,0.5,0.05,0.0,0.5,10,1.0
pg2_10,12,10,0.15,0.0,1.0,0.15,0.0,1.0,10,1.0
pg2_10,13,10,0.0,0.0,0.0,0.0,0.0,0.0,10,1.0
pg2_10,14,10,0.0,0.0,0.0,0.0,0.0,0.0,10,1.0
pg2_10,15,10,0.15,0.0,0.5,0.15,0.0,0.5,10,1.0
pg2_10,16,10,0.0,0.0,0.0,0.0,0.0,0.0,10,1.0
pg2_10,17,10,0.16180339887498948,0.0,1.118033988749895,0.16180339887498948,0.0,1.118033988749895,10,1.0
pg2_10,18,10,0.25,0.0,1.5,0.25,0.0,1.5,10,1.0
pg2_10,19,10,0.6849798424079568,0.0,2.5,0.6849798424079568,0.0,2.5,10,1.0
pg2_10,20,10,0.3414213562373095,0.25,1.0,0.3414213562373095,0.25,1.0,10,1.0
pg2_10,21,10,0.22071067811865475,0.0,0.7071067811865476,0.22071067811865475,0.0,0.7071067811865476,10,1.0
pg2_10,22,10,0.12071067811865474,0.0,0.7071067811865476,0.12071067811865474,0.0,0.7071067811865476,10,1.0
pg2_10,23,10,0.2118033988749895,0.0,1.118033988749895,0.2118033988749895,0.0,1.118033988749895,10,1.0
pg2_10,24,10,0.15,0.0,1.0,0.15,0.0,1.0,10,1.0
pg2_10,25,10,0.25,0.0,1.0,0.25,0.0,1.0,10,1.0
pg2_10,26,10,0.2,0.0,0.5,0.2,0.0,0.5,10,1.0
pg2_10,27,10,0.1,0.0,0.5,0.1,0.0,0.5,10,1.0
pg2_10,28,10,0.17071067811865476,0.0,0.7071067811865476,0.17071067811865476,0.0,0.7071067811865476,10,1.0
pg2_10,29,10,0.15,0.0,0.5,0.15,0.0,0.5,10,1.0
pg2_10,30,10,0.15,0.0,1.0,0.15,0.0,1.0,10,1.0
pg2_10,31,10,0.15,0.0,1.0,0.15,0.0,1.0,10,1.0
pg2_10,32,10,0.2,0.0,1.0,0.2,0.0,1.0,10,1.0
pg2_10,33,10,0.27071067811865474,0.25,0.7071067811865476,0.27071067811865474,0.25,0.7071067811865476,10,1.0
pg2_10,34,10,0.15,0.0,0.5,0.15,0.0,0.5,10,1.0
pg2_10,35,10,0.17071067811865476,0.0,0.7071067811865476,0.17071067811865476,0.0,0.7071067811865476,10,1.0
pg2_10,36,10,0.22071067811865475,0.0,0.7071067811865476,0.22071067811865475,0.0,0.7071067811865476,10,1.0
pg2_10,37,10,0.12071067811865474,0.0,0.7071067811865476,0.12071067811865474,0.0,0.7071067811865476,10,1.0
pg2_10,38,10,0.17071067811865476,0.0,0.7071067811865476,0.17071067811865476,0.0,0.7071067811865476,10,1.0
pg2_10,39,10,0.1,0.0,0.5,0.1,0.0,0.5,10,1.0
pg2_10,40,10,0.5192582403567252,0.5,2.692582403567252,0.5192582403567252,0.5,2.692582403567252,10,1.0
pg2_10,41,10,1.2,0.5,9.5,1.2,0.5,9.5,10,1.0
pg2_10,42,10,0.5,0.25,3.0,0.5,0.25,3.0,10,1.0
pg2_10,43,10,0.2,0.0,1.0,0.2,0.0,1.0,10,1.0
pg2_10,44,10,0.3118033988749895,0.0,1.118033988749895,0.3118033988749895,0.0,1.118033988749895,10,1.0
pg2_10,45,10,0.3325140769936442,0.25,1.118033988749895,0.3325140769936442,0.25,1.118033988749895,10,1.0
pg2_10,46,10,0.29142135623730947,0.0,1.4142135623730951,0.29142135623730947,0.0,1.4142135623730951,10,1.0
pg2_10,47,10,0.6406279600020632,0.6035533905932737,1.5811388300841898,0.6406279600020632,0.6035533905932737,1.5811388300841898,10,1.0
pg2_10,48,10,0.4825140769936443,0.5,1.118033988749895,0.4825140769936443,0.5,1.118033988749895,10,1.0
pg2_10,49,10,0.6812658056650537,0.5,1.8027756377319946,0.6812658056650537,0.5,1.8027756377319946,10,1.0
pg2_10,50,10,0.603224755112299,0.5,1.5,0.603224755112299,0.5,1.5,10,1.0
pg2_10,51,10,0.814269164289302,0.75,2.0615528128088303,0.814269164289302,0.75,2.0615528128088303,10,1.0
pg2_10,52,10,0.83996891847538,0.5,2.692582403567252,0.83996891847538,0.5,2.692582403567252,10,1.0
pg2_10,53,10,0.8618033988749895,0.25,4.0,0.8618033988749895,0.25,4.0,10,1.0
pg2_10,54,10,0.5883914467816185,0.0,2.0,0.5883914467816185,0.0,2.0,10,1.0
pg2_10,55,10,0.71225200952333,0.0,3.0413812651491097,0.71225200952333,0.0,3.0413812651491097,10,1.0
pg2_10,56,10,0.7526702888652868,0.5,3.2015621187164243,0.7526702888652868,0.5,3.2015621187164243,10,1.0
pg2_10,57,10,0.4699172818834085,0.0,1.5811388300841898,0.4699172818834085,0.0,1.5811388300841898,10,1.0
pg2_10,58,10,0.423606797749979,0.0,1.5,0.423606797749979,0.0,1.5,10,1.0
pg2_10,59,10,0.4699172818834085,0.25,1.5811388300841898,0.4699172818834085,0.25,1.5811388300841898,10,1.0
pg2_10,60,10,0.4707106781186548,0.0,2.0,0.4707106781186548,0.0,2.0,10,1.0
pg2_10,61,10,0.7042129970041532,0.5,2.1213203435596424,0.7042129970041532,0.5,2.1213203435596424,10,1.0
pg2_10,62,10,0.7153567894682633,0.6035533905932737,2.1213203435596424,0.7153567894682633,0.6035533905932737,2.1213203435596424,10,1.0
pg2_10,63,10,0.6118033988749895,0.25,2.5,0.6118033988749895,0.25,2.5,10,1.0
pg2_10,64,10,0.6987418430104823,0.6035533905932737,1.5811388300841898,0.6987418430104823,0.6035533905932737,1.5811388300841898,10,1.0
pg2_10,65,10,0.8389979937555021,0.75,2.0615528128088303,0.8389979937555021,0.75,2.0615528128088303,10,1.0
pg2_10,66,10,0.8393796886734727,0.25,3.605551275463989,0.8393796886734727,0.25,3.605551275463989,10,1.0
pg2_10,67,10,0.6386693582745273,0.5,2.0615528128088303,0.6386693582745273,0.5,2.0615528128088303,10,1.0
pg2_10,68,10,0.5621320343559643,0.25,1.5,0.5621320343559643,0.25,1.5,10,1.0
pg2_10,69,10,0.5982362439290719,0.25,2.0615528128088303,0.5982362439290719,0.25,2.0615528128088303,10,1.0
pg2_10,70,10,0.5906279600020633,0.5,1.5811388300841898,0.5906279600020633,0.5,1.5811388300841898,10,1.0
pg2_10,71,10,0.671698920010509,0.5,1.8027756377319946,0.671698920010509,0.5,1.8027756377319946,10,1.0
pg2_10,72,10,0.619452521129137,0.6035533905932737,1.5811388300841898,0.619452521129137,0.6035533905932737,1.5811388300841898,10,1.0
pg2_10,73,10,0.4995352392457285,0.0,1.5811388300841898,0.4995352392457285,0.0,1.5811388300841898,10,1.0
pg2_10,74,10,0.589834563766817,0.25,1.5811388300841898,0.589834563766817,0.25,1.5811388300841898,10,1.0
pg2_10,75,10,0.7692582403567252,0.5,2.692582403567252,0.7692582403567252,0.5,2.692582403567252,10,1.0
pg2_10,76,10,0.7872169205125977,0.5,2.692582403567252,0.7872169205125977,0.5,2.692582403567252,10,1.0
pg2_10,77,10,0.772383047297721,0.25,3.1622776601683795,0.772383047297721,0.25,3.1622776601683795,10,1.0
pg2_10,78,10,0.5374650526732834,0.25,2.5495097567963922,0.5374650526732834,0.25,2.5495097567963922,10,1.0
pg2_10,79,10,0.8495352392457285,0.7071067811865476,2.5,0.8495352392457285,0.7071067811865476,2.5,10,1.0
pg2_10,80,10,0.7692582403567252,0.25,2.692582403567252,0.7692582403567252,0.25,2.692582403567252,10,1.0
pg2_10,81,10,0.7415475947422651,0.5,2.9154759474226504,0.7415475947422651,0.5,2.9154759474226504,10,1.0
pg2_10,82,10,0.6883914467816185,0.5,1.8027756377319946,0.6883914467816185,0.5,1.8027756377319946,10,1.0
pg2_10,83,10,0.8703721558693388,0.6035533905932737,2.9154759474226504,0.8703721558693388,0.6035533905932737,2.9154759474226504,10,1.0
pg2_10,84,10,0.7236067977499789,0.5,2.23606797749979,0.7236067977499789,0.5,2.23606797749979,10,1.0
pg2_10,85,10,0.7788245611270738,0.3535533905932738,2.5,0.7788245611270738,0.3535533905932738,2.5,10,1.0
pg2_10,86,10,1.3524320518581607,0.8090169943749475,6.800735254367722,1.3524320518581607,0.8090169943749475,6.800735254367722,10,1.0
pg2_10,87,10,0.8171308773833665,0.5,2.23606797749979,0.8171308773833665,0.5,2.23606797749979,10,1.0
pg2_10,88,10,0.7383914467816185,0.5,1.8027756377319946,0.7383914467816185,0.5,1.8027756377319946,10,1.0
pg2_10,89,10,0.8723830472977209,0.5,2.5,0.8723830472977209,0.5,2.5,10,1.0
pg2_10,90,10,0.9415654779058515,0.8090169943749475,3.0,0.9415654779058515,0.8090169943749475,3.0,10,1.0
pg2_10,91,10,0.9891755222401336,0.5,3.0,0.9891755222401336,0.5,3.0,10,1.0
pg2_10,92,10,0.8935240796333874,0.25,3.5,0.8935240796333874,0.25,3.5,10,1.0
pg2_10,93,10,1.1312559200041266,0.5,3.1622776601683795,1.1312559200041266,0.5,3.1622776601683795,10,1.0
pg2_10,94,10,0.8872169205125978,0.0,3.0,0.8872169205125978,0.0,3.0,10,1.0
pg2_10,95,10,1.0682873156368475,0.6035533905932737,3.0,1.0682873156368475,0.6035533905932737,3.0,10,1.0
pg2_10,96,10,1.0909571603672341,0.9571067811865476,3.0,1.0909571603672341,0.9571067811865476,3.0,10,1.0
pg2_10,97,10,0.7946461113496085,0.5,3.0,0.7946461113496085,0.5,3.0,10,1.0
pg2_11,2,10,3.4154063807745736,3.467611545343268,6.708203932499369,3.4154063807745736,3.467611545343268,6.708203932499369,10,1.0
pg2_11,3,10,0.2,0.0,1.0,0.2,0.0,1.0,10,1.0
pg2_11,4,10,0.15,0.0,0.5,0.15,0.0,0.5,10,1.0
pg2_11,5,10,0.1,0.0,0.5,0.1,0.0,0.5,10,1.0
pg2_11,6,10,0.05,0.0,0.5,0.05,0.0,0.5,10,1.0
pg2_11,7,10,0.0,0.0,0.0,0.0,0.0,0.0,10,1.0
pg2_11,8,10,0.05,0.0,0.5,0.05,0.0,0.5,10,1.0
pg2_11,9,10,0.0,0.0,0.0,0.0,0.0,0.0,10,1.0
pg2_11,10,10,0.05,0.0,0.5,0.05,0.0,0.5,10,1.0
pg2_11,11,10,0.05,0.0,0.5,0.05,0.0,0.5,10,1.0
pg2_11,12,10,0.05,0.0,0.5,0.05,0.0,0.5,10,1.0
pg2_11,13,10,0.05,0.0,0.5,0.05,0.0,0.5,10,1.0
pg2_11,14,10,0.0,0.0,0.0,0.0,0.0,0.0,10,1.0
pg2_11,15,10,0.15,0.0,1.0,0.15,0.0,1.0,10,1.0
pg2_11,16,10,0.0,0.0,0.0,0.0,0.0,0.0,10,1.0
pg2_11,17,10,0.05,0.0,0.5,0.05,0.0,0.5,10,1.0
pg2_11,18,10,0.0,0.0,0.0,0.0,0.0,0.0,10,1.0
pg2_11,19,10,0.4061552812808831,0.0,2.0615528128088303,0.4061552812808831,0.0,2.0615528128088303,10,1.0
pg2_11,20,10,0.35495097567963924,0.0,2.5495097567963922,0.35495097567963924,0.0,2.5495097567963922,10,1.0
pg2_11,21,10,0.8213011390885281,0.0,3.905124837953327,0.8213011390885281,0.0,3.905124837953327,10,1.0
pg2_11,22,10,0.3325140769936442,0.25,1.118033988749895,0.3325140769936442,0.25,1.118033988749895,10,1.0
pg2_11,23,10,0.3,0.0,2.0,0.3,0.0,2.0,10,1.0
pg2_11,24,10,0.05,0.0,0.5,0.05,0.0,0.5,10,1.0
pg2_11,25,10,0.308113883008419,0.0,1.5811388300841898,0.308113883008419,0.0,1.5811388300841898,10,1.0
pg2_11,26,10,0.05,0.0,0.5,0.05,0.0,0.5,10,1.0
pg2_11,27,10,0.27071067811865474,0.25,0.7071067811865476,0.27071067811865474,0.25,0.7071067811865476,10,1.0
pg2_11,28,10,0.17071067811865476,0.0,0.7071067811865476,0.17071067811865476,0.0,0.7071067811865476,10,1.0
pg2_11,29,10,0.25,0.25,0.5,0.25,0.25,0.5,10,1.0
pg2_11,30,10,0.2618033988749895,0.0,1.118033988749895,0.2618033988749895,0.0,1.118033988749895,10,1.0
pg2_11,31,10,0.25,0.25,0.5,0.25,0.25,0.5,10,1.0
pg2_11,32,10,0.07071067811865475,0.0,0.7071067811865476,0.07071067811865475,0.0,0.7071067811865476,10,1.0
pg2_11,33,10,0.466227766016838,0.0,3.1622776601683795,0.466227766016838,0.0,3.1622776601683795,10,1.0
pg2_11,34,10,0.2,0.0,0.5,0.2,0.0,0.5,10,1.0
pg2_11,35,10,0.15,0.0,0.5,0.15,0.0,0.5,10,1.0
pg2_11,36,10,0.25,0.0,1.0,0.25,0.0,1.0,10,1.0
pg2_11,37,10,0.32360679774997897,0.0,1.118033988749895,0.32360679774997897,0.0,1.118033988749895,10,1.0
pg2_11,38,10,0.3207106781186547,0.25,1.0,0.3207106781186547,0.25,1.0,10,1.0
pg2_11,39,10,0.2118033988749895,0.0,1.118033988749895,0.2118033988749895,0.0,1.118033988749895,10,1.0
pg2_11,40,10,0.35,0.5,1.0,0.35,0.5,1.0,10,1.0
pg2_11,41,10,0.2825140769936442,0.0,1.118033988749895,0.2825140769936442,0.0,1.118033988749895,10,1.0
pg2_11,42,10,0.4707106781186548,0.25,2.0,0.4707106781186548,0.25,2.0,10,1.0
pg2_11,43,10,0.431720680758398,0.0,1.5811388300841898,0.431720680758398,0.0,1.5811388300841898,10,1.0
pg2_11,44,10,0.6199172818834084,0.25,2.5,0.6199172818834084,0.25,2.5,10,1.0
pg2_11,45,10,0.6936203339541664,0.25,2.5495097567963922,0.6936203339541664,0.25,2.5495097567963922,10,1.0
pg2_11,46,10,0.5199172818834085,0.5,1.5811388300841898,0.5199172818834085,0.5,1.5811388300841898,10,1.0
pg2_11,47,10,0.5739354332309538,0.6035533905932737,1.5,0.5739354332309538,0.6035533905932737,1.5,10,1.0
pg2_11,48,10,0.37360679774997896,0.25,1.118033988749895,0.37360679774997896,0.25,1.118033988749895,10,1.0
pg2_11,49,10,0.5618033988749895,0.5,1.5,0.5618033988749895,0.5,1.5,10,1.0
pg2_11,50,10,0.6061208747436233,0.6035533905932737,1.118033988749895,0.6061208747436233,0.6035533905932737,1.118033988749895,10,1.0
pg2_11,51,10,1.00599401201917,0.75,4.527692569068709,1.00599401201917,0.75,4.527692569068709,10,1.0
pg2_11,52,10,1.1925978771631913,0.25,5.852349955359813,1.1925978771631913,0.25,5.852349955359813,10,1.0
pg2_11,53,10,0.7989807729987162,0.5,3.2015621187164243,0.7989807729987162,0.5,3.2015621187164243,10,1.0
pg2_11,54,10,0.832504190225303,0.5,2.9154759474226504,0.832504190225303,0.5,2.9154759474226504,10,1.0
pg2_11,55,10,0.5325140769936443,0.5,1.5,0.5325140769936443,0.5,1.5,10,1.0
pg2_11,56,10,0.41279164076684366,0.0,1.8027756377319946,0.41279164076684366,0.0,1.8027756377319946,10,1.0
pg2_11,57,10,0.6773721233651442,0.5,2.692582403567252,0.6773721233651442,0.5,2.692582403567252,10,1.0
pg2_11,58,10,0.7049509756796393,0.5,2.5495097567963922,0.7049509756796393,0.5,2.5495097567963922,10,1.0
pg2_11,59,10,0.5202459173643833,0.25,1.5811388300841898,0.5202459173643833,0.25,1.5811388300841898,10,1.0
pg2_11,60,10,0.508113883008419,0.25,1.5811388300841898,0.508113883008419,0.25,1.5811388300841898,10,1.0
pg2_11,61,10,0.7083087286650269,0.5,1.8027756377319946,0.7083087286650269,0.5,1.8027756377319946,10,1.0
pg2_11,62,10,0.5739354332309538,0.5,1.4142135623730951,0.5739354332309538,0.5,1.4142135623730951,10,1.0
pg2_11,63,10,0.5788245611270738,0.5,1.5811388300841898,0.5788245611270738,0.5,1.5811388300841898,10,1.0
pg2_11,64,10,0.6118033988749895,0.5,2.0,0.6118033988749895,0.5,2.0,10,1.0
pg2_11,65,10,0.6335023188854985,0.5,1.8027756377319946,0.6335023188854985,0.5,1.8027756377319946,10,1.0
pg2_11,66,10,0.7354101966249684,0.5,2.23606797749979,0.7354101966249684,0.5,2.23606797749979,10,1.0
pg2_11,67,10,0.7504727571495169,0.6035533905932737,2.0615528128088303,0.7504727571495169,0.6035533905932737,2.0615528128088303,10,1.0
pg2_11,68,10,0.847213595499958,0.8090169943749475,2.23606797749979,0.847213595499958,0.8090169943749475,2.23606797749979,10,1.0
pg2_11,69,10,0.6591021249002732,0.5,1.8027756377319946,0.6591021249002732,0.5,1.8027756377319946,10,1.0
pg2_11,70,10,0.664269164289302,0.5,2.0615528128088303,0.664269164289302,0.5,2.0615528128088303,10,1.0
pg2_11,71,10,0.6854101966249685,0.5,2.23606797749979,0.6854101966249685,0.5,2.23606797749979,10,1.0
pg2_11,72,10,0.766227766016838,0.75,1.5811388300841898,0.766227766016838,0.75,1.5811388300841898,10,1.0
pg2_11,73,10,0.7869384441354927,0.8535533905932737,1.5811388300841898,0.7869384441354927,0.8535533905932737,1.5811388300841898,10,1.0
pg2_11,74,10,0.7898345637668169,1.0,1.5811388300841898,0.7898345637668169,1.0,1.5811388300841898,10,1.0
pg2_11,75,10,0.9743416490252569,1.25,1.5811388300841898,0.9743416490252569,1.25,1.5811388300841898,10,1.0
pg2_11,76,10,0.781720680758398,1.0,1.5811388300841898,0.781720680758398,1.0,1.5811388300841898,10,1.0
pg2_11,77,10,0.8699172818834086,1.0590169943749475,1.5811388300841898,0.8699172818834086,1.0590169943749475,1.5811388300841898,10,1.0
pg2_11,78,10,0.839834563766817,1.0590169943749475,1.5811388300841898,0.839834563766817,1.0590169943749475,1.5811388300841898,10,1.0
pg2_11,79,10,0.911338638120718,1.266123775561495,1.5811388300841898,0.911338638120718,1.266123775561495,1.5811388300841898,10,1.0
pg2_11,80,10,0.7707106781186548,0.8535533905932737,1.5,0.7707106781186548,0.8535533905932737,1.5,10,1.0
pg2_11,81,10,0.9487418430104821,1.0590169943749475,1.5811388300841898,0.9487418430104821,1.0590169943749475,1.5811388300841898,10,1.0
pg2_11,82,10,1.0354101966249685,1.3090169943749475,2.23606797749979,1.0354101966249685,1.3090169943749475,2.23606797749979,10,1.0
pg2_11,83,10,0.9591021249002732,1.1035533905932737,2.0,0.9591021249002732,1.1035533905932737,2.0,10,1.0
pg2_11,84,10,1.0619982445315972,1.25,2.23606797749979,1.0619982445315972,1.25,2.23606797749979,10,1.0
pg2_11,85,10,0.9817206807583979,1.25,2.23606797749979,0.9817206807583979,1.25,2.23606797749979,10,1.0
pg2_11,86,10,0.892080962648189,1.0590169943749475,1.8027756377319946,0.892080962648189,1.0590169943749475,1.8027756377319946,10,1.0
pg2_11,87,10,1.0935240796333876,1.0590169943749475,2.23606797749979,1.0935240796333876,1.0590169943749475,2.23606797749979,10,1.0
pg2_11,88,10,0.892080962648189,1.0590169943749475,1.8027756377319946,0.892080962648189,1.0590169943749475,1.8027756377319946,10,1.0
pg2_11,89,10,0.9561552812808831,1.0,2.0615528128088303,0.9561552812808831,1.0,2.0615528128088303,10,1.0
pg2_11,90,10,0.9760725631642915,1.0,2.0615528128088303,0.9760725631642915,1.0,2.0615528128088303,10,1.0
pg2_11,91,10,0.9383914467816185,1.25,1.8027756377319946,0.9383914467816185,1.25,1.8027756377319946,10,1.0
pg2_11,92,10,0.9495352392457285,1.0,2.0,0.9495352392457285,1.0,2.0,10,1.0
pg2_11,93,10,0.850194845656608,0.8090169943749475,1.8027756377319946,0.850194845656608,0.8090169943749475,1.8027756377319946,10,1.0
pg2_11,94,10,0.7987418430104822,0.8535533905932737,2.0,0.7987418430104822,0.8535533905932737,2.0,10,1.0
pg2_11,95,10,0.8883914467816185,0.75,2.5,0.8883914467816185,0.75,2.5,10,1.0
pg2_11,96,10,0.8280311648918275,0.8090169943749475,2.0,0.8280311648918275,0.8090169943749475,2.0,10,1.0
pg2_11,97,10,1.0105551275463989,1.0,2.0,1.0105551275463989,1.0,2.0,10,1.0
pg2_12,2,10,3.082143421406864,3.1622776601683795,5.315072906367325,3.082143421406864,3.1622776601683795,5.315072906367325,10,1.0
pg2_12,3,10,0.2,0.0,1.0,0.2,0.0,1.0,10,1.0
pg2_12,4,10,0.1,0.0,0.5,0.1,0.0,0.5,10,1.0
pg2_12,5,10,0.27071067811865474,0.25,0.7071067811865476,0.27071067811865474,0.25,0.7071067811865476,10,1.0
pg2_12,6,10,0.12071067811865474,0.0,0.7071067811865476,0.12071067811865474,0.0,0.7071067811865476,10,1.0
pg2_12,7,10,0.0,0.0,0.0,0.0,0.0,0.0,10,1.0
pg2_12,8,10,0.0,0.0,0.0,0.0,0.0,0.0,10,1.0
pg2_12,9,10,0.1,0.0,0.5,0.1,0.0,0.5,10,1.0
pg2_12,10,10,0.1,0.0,0.5,0.1,0.0,0.5,10,1.0
pg2_12,11,10,0.1,0.0,0.5,0.1,0.0,0.5,10,1.0
pg2_12,12,10,0.05,0.0,0.5,0.05,0.0,0.5,10,1.0
pg2_12,13,10,0.07071067811865475,0.0,0.7071067811865476,0.07071067811865475,0.0,0.7071067811865476,10,1.0
pg2_12,14,10,0.1,0.0,1.0,0.1,0.0,1.0,10,1.0
pg2_12,15,10,0.15,0.0,0.5,0.15,0.0,0.5,10,1.0
pg2_12,16,10,0.0,0.0,0.0,0.0,0.0,0.0,10,1.0
pg2_12,17,10,0.05,0.0,0.5,0.05,0.0,0.5,10,1.0
pg2_12,18,10,0.1,0.0,0.5,0.1,0.0,0.5,10,1.0
pg2_12,19,10,0.0,0.0,0.0,0.0,0.0,0.0,10,1.0
pg2_12,20,10,0.05,0.0,0.5,0.05,0.0,0.5,10,1.0
pg2_12,21,10,0.0,0.0,0.0,0.0,0.0,0.0,10,1.0
pg2_12,22,10,0.0,0.0,0.0,0.0,0.0,0.0,10,1.0
pg2_12,23,10,0.2618033988749895,0.0,1.118033988749895,0.2618033988749895,0.0,1.118033988749895,10,1.0
pg2_12,24,10,0.1,0.0,0.5,0.1,0.0,0.5,10,1.0
pg2_12,25,10,0.20615528128088303,0.0,2.0615528128088303,0.20615528128088303,0.0,2.0615528128088303,10,1.0
pg2_12,26,10,0.4354101966249685,0.0,3.3541019662496847,0.4354101966249685,0.0,3.3541019662496847,10,1.0
pg2_12,27,10,0.1,0.0,0.5,0.1,0.0,0.5,10,1.0
pg2_12,28,10,0.15,0.0,0.5,0.15,0.0,0.5,10,1.0
pg2_12,29,10,0.1,0.0,0.5,0.1,0.0,0.5,10,1.0
pg2_12,30,10,0.1,0.0,0.5,0.1,0.0,0.5,10,1.0
pg2_12,31,10,0.22071067811865475,0.0,0.7071067811865476,0.22071067811865475,0.0,0.7071067811865476,10,1.0
pg2_12,32,10,0.1,0.0,0.5,0.1,0.0,0.5,10,1.0
pg2_12,33,10,0.17071067811865476,0.0,0.7071067811865476,0.17071067811865476,0.0,0.7071067811865476,10,1.0
pg2_12,34,10,0.17071067811865476,0.0,0.7071067811865476,0.17071067811865476,0.0,0.7071067811865476,10,1.0
pg2_12,35,10,0.6535533905932738,0.0,3.5355339059327378,0.6535533905932738,0.0,3.5355339059327378,10,1.0
pg2_12,36,10,0.5949747468305834,0.25,3.5355339059327378,0.5949747468305834,0.25,3.5355339059327378,10,1.0
pg2_12,37,10,0.4,0.0,3.0,0.4,0.0,3.0,10,1.0
pg2_12,38,10,0.4049509756796392,0.0,2.5495097567963922,0.4049509756796392,0.0,2.5495097567963922,10,1.0
pg2_12,39,10,0.35098824189185424,0.0,1.8027756377319946,0.35098824189185424,0.0,1.8027756377319946,10,1.0
pg2_12,40,10,0.3302775637731995,0.0,1.8027756377319946,0.3302775637731995,0.0,1.8027756377319946,10,1.0
pg2_12,41,10,0.5383914467816184,0.5,1.8027756377319946,0.5383914467816184,0.5,1.8027756377319946,10,1.0
pg2_12,42,10,0.6111062569605222,0.25,2.5495097567963922,0.6111062569605222,0.25,2.5495097567963922,10,1.0
pg2_12,43,10,0.6207106781186548,0.5,2.5,0.6207106781186548,0.5,2.5,10,1.0
pg2_12,44,10,0.5975766375181926,0.5,2.0615528128088303,0.5975766375181926,0.5,2.0615528128088303,10,1.0
pg2_12,45,10,0.5325140769936443,0.5,1.5,0.5325140769936443,0.5,1.5,10,1.0
pg2_12,46,10,0.8316879009832991,0.5,4.6097722286464435,0.8316879009832991,0.5,4.6097722286464435,10,1.0
pg2_12,47,10,2.1407966853590743,0.8535533905932737,9.340770846134703,2.1407966853590743,0.8535533905932737,9.340770846134703,10,1.0
pg2_12,48,10,0.5561208747436233,0.5,2.23606797749979,0.5561208747436233,0.5,2.23606797749979,10,1.0
pg2_12,49,10,0.8950523271439119,0.5,3.1622776601683795,0.8950523271439119,0.5,3.1622776601683795,10,1.0
pg2_12,50,10,0.5699172818834085,0.25,1.5811388300841898,0.5699172818834085,0.25,1.5811388300841898,10,1.0
pg2_12,51,10,0.8024313588770526,0.6035533905932737,2.23606797749979,0.8024313588770526,0.6035533905932737,2.23606797749979,10,1.0
pg2_12,52,10,0.911338638120718,0.5,3.0,0.911338638120718,0.5,3.0,10,1.0
pg2_12,53,10,1.8394966327930533,0.5,12.776932339180638,1.8394966327930533,0.5,12.776932339180638,10,1.0
pg2_12,54,10,0.553224755112299,0.25,2.5,0.553224755112299,0.25,2.5,10,1.0
pg2_12,55,10,0.5943174758686338,0.5,2.0,0.5943174758686338,0.5,2.0,10,1.0
pg2_12,56,10,0.29142135623730947,0.25,0.7071067811865476,0.29142135623730947,0.25,0.7071067811865476,10,1.0
pg2_12,57,10,0.4207106781186548,0.5,1.0,0.4207106781186548,0.5,1.0,10,1.0
pg2_12,58,10,0.5679586801558726,0.5,2.0615528128088303,0.5679586801558726,0.5,2.0615528128088303,10,1.0
pg2_12,59,10,0.49062796000206327,0.25,1.5811388300841898,0.49062796000206327,0.25,1.5811388300841898,10,1.0
pg2_12,60,10,0.5613386381207179,0.6035533905932737,1.5811388300841898,0.5613386381207179,0.6035533905932737,1.5811388300841898,10,1.0
pg2_12,61,10,1.0383914467816182,0.0,6.0,1.0383914467816182,0.0,6.0,10,1.0
pg2_12,62,10,0.5797620790308621,0.0,2.0615528128088303,0.5797620790308621,0.0,2.0615528128088303,10,1.0
pg2_12,63,10,0.8652574061811562,0.6035533905932737,2.0615528128088303,0.8652574061811562,0.6035533905932737,2.0615528128088303,10,1.0
pg2_12,64,10,1.01148275978926,0.75,3.3541019662496847,1.01148275978926,0.75,3.3541019662496847,10,1.0
pg2_12,65,10,0.6098862003587884,0.0,2.692582403567252,0.6098862003587884,0.0,2.692582403567252,10,1.0
pg2_12,66,10,0.4288245611270737,0.0,1.5811388300841898,0.4288245611270737,0.0,1.5811388300841898,10,1.0
pg2_12,67,10,0.381720680758398,0.0,1.5811388300841898,0.381720680758398,0.0,1.5811388300841898,10,1.0
pg2_12,68,10,0.529762079030862,0.25,2.0615528128088303,0.529762079030862,0.25,2.0615528128088303,10,1.0
pg2_12,69,10,0.531720680758398,0.25,1.5811388300841898,0.531720680758398,0.25,1.5811388300841898,10,1.0
pg2_12,70,10,0.4618033988749895,0.0,1.5,0.4618033988749895,0.0,1.5,10,1.0
pg2_12,71,10,0.623606797749979,0.5,2.0,0.623606797749979,0.5,2.0,10,1.0
pg2_12,72,10,0.8150281539872886,0.8090169943749475,2.5,0.8150281539872886,0.8090169943749475,2.5,10,1.0
pg2_12,73,10,1.1698355727859129,1.0590169943749475,3.2015621187164243,1.1698355727859129,1.0590169943749475,3.2015621187164243,10,1.0
pg2_12,74,10,0.7207106781186547,0.0,2.5,0.7207106781186547,0.0,2.5,10,1.0
pg2_12,75,10,0.8004337756448419,0.0,3.2015621187164243,0.8004337756448419,0.0,3.2015621187164243,10,1.0
pg2_12,76,10,0.9167543745546286,0.5,2.5495097567963922,0.9167543745546286,0.5,2.5495097567963922,10,1.0
pg2_12,77,10,1.052325503278381,0.5590169943749475,3.2015621187164243,1.052325503278381,0.5590169943749475,3.2015621187164243,10,1.0
pg2_12,78,10,0.8742640687119285,0.0,2.8284271247461903,0.8742640687119285,0.0,2.8284271247461903,10,1.0
pg2_12,79,10,0.858113883008419,0.0,2.5,0.858113883008419,0.0,2.5,10,1.0
pg2_12,80,10,0.9910487129411821,0.0,3.2015621187164243,0.9910487129411821,0.0,3.2015621187164243,10,1.0
pg2_12,81,10,0.9326958999445292,0.25,3.0413812651491097,0.9326958999445292,0.25,3.0413812651491097,10,1.0
pg2_12,82,10,0.936910586426271,0.0,3.2015621187164243,0.936910586426271,0.0,3.2015621187164243,10,1.0
pg2_12,83,10,0.9014495461015436,0.0,2.9154759474226504,0.9014495461015436,0.0,2.9154759474226504,10,1.0
pg2_12,84,10,0.9950050165052081,0.0,3.2015621187164243,0.9950050165052081,0.0,3.2015621187164243,10,1.0
pg2_12,85,10,0.8442701733083979,0.0,3.2015621187164243,0.8442701733083979,0.0,3.2015621187164243,10,1.0
pg2_12,86,10,0.7748488046335658,0.0,3.0413812651491097,0.7748488046335658,0.0,3.0413812651491097,10,1.0
pg2_12,87,10,0.8090891021945502,0.25,3.0413812651491097,0.8090891021945502,0.25,3.0413812651491097,10,1.0
pg2_12,88,10,0.8653567894682632,0.0,3.5355339059327378,0.8653567894682632,0.0,3.5355339059327378,10,1.0
pg2_12,89,10,0.8208925010695397,0.0,3.0413812651491097,0.8208925010695397,0.0,3.0413812651491097,10,1.0
pg2_12,90,10,0.7041381265149109,0.0,3.0413812651491097,0.7041381265149109,0.0,3.0413812651491097,10,1.0
pg2_12,91,10,0.8792150443915677,0.25,3.5355339059327378,0.8792150443915677,0.25,3.5355339059327378,10,1.0
pg2_12,92,10,0.7748488046335658,0.25,3.0413812651491097,0.7748488046335658,0.25,3.0413812651491097,10,1.0
pg2_12,93,10,0.8582762530298218,0.25,3.0413812651491097,0.8582762530298218,0.25,3.0413812651491097,10,1.0
pg2_12,94,10,0.7118033988749894,0.0,3.5,0.7118033988749894,0.0,3.5,10,1.0
pg2_12,95,10,0.7927446638338975,0.3535533905932738,2.5495097567963922,0.7927446638338975,0.3535533905932738,2.5495097567963922,10,1.0
pg2_12,96,10,0.7517723173503695,0.25,2.692582403567252,0.7517723173503695,0.25,2.692582403567252,10,1.0
pg2_12,97,10,0.6610718504232624,0.0,2.5495097567963922,0.6610718504232624,0.0,2.5495097567963922,10,1.0
pg2_2,2,10,3.489943508054536,4.0,5.0,3.489943508054536,4.0,5.0,10,1.0
pg2_2,3,10,0.2618033988749895,0.0,1.118033988749895,0.2618033988749895,0.0,1.118033988749895,10,1.0
pg2_2,4,10,0.3414213562373095,0.25,1.0,0.3414213562373095,0.25,1.0,10,1.0
pg2_2,5,10,0.1,0.0,0.5,0.1,0.0,0.5,10,1.0
pg2_2,6,10,0.2,0.0,0.5,0.2,0.0,0.5,10,1.0
pg2_2,7,10,0.2,0.0,0.5,0.2,0.0,0.5,10,1.0
pg2_2,8,10,0.05,0.0,0.5,0.05,0.0,0.5,10,1.0
pg2_2,9,10,0.3914213562373095,0.5,1.4142135623730951,0.3914213562373095,0.5,1.4142135623730951,10,1.0
pg2_2,10,10,0.15,0.0,0.5,0.15,0.0,0.5,10,1.0
pg2_2,11,10,0.15,0.0,0.5,0.15,0.0,0.5,10,1.0
pg2_2,12,10,0.1,0.0,0.5,0.1,0.0,0.5,10,1.0
pg2_2,13,10,0.05,0.0,0.5,0.05,0.0,0.5,10,1.0
pg2_2,14,10,0.05,0.0,0.5,0.05,0.0,0.5,10,1.0
pg2_2,15,10,0.05,0.0,0.5,0.05,0.0,0.5,10,1.0
pg2_2,16,10,0.05,0.0,0.5,0.05,0.0,0.5,10,1.0
pg2_2,17,10,0.0,0.0,0.0,0.0,0.0,0.0,10,1.0
pg2_2,18,10,0.37360679774997896,0.0,2.23606797749979,0.37360679774997896,0.0,2.23606797749979,10,1.0
pg2_2,19,10,0.4118033988749895,0.0,2.5,0.4118033988749895,0.0,2.5,10,1.0
pg2_2,20,10,0.05,0.0,0.5,0.05,0.0,0.5,10,1.0
pg2_2,21,10,0.25,0.0,1.0,0.25,0.0,1.0,10,1.0
pg2_2,22,10,0.05,0.0,0.5,0.05,0.0,0.5,10,1.0
pg2_2,23,10,0.15,0.0,0.5,0.15,0.0,0.5,10,1.0
pg2_2,24,10,0.0,0.0,0.0,0.0,0.0,0.0,10,1.0
pg2_2,25,10,0.07071067811865475,0.0,0.7071067811865476,0.07071067811865475,0.0,0.7071067811865476,10,1.0
pg2_2,26,10,0.1,0.0,0.5,0.1,0.0,0.5,10,1.0
pg2_2,27,10,0.1,0.0,0.5,0.1,0.0,0.5,10,1.0
pg2_2,28,10,0.2118033988749895,0.0,1.118033988749895,0.2118033988749895,0.0,1.118033988749895,10,1.0
pg2_2,29,10,0.23027756377319947,0.0,1.8027756377319946,0.23027756377319947,0.0,1.8027756377319946,10,1.0
pg2_2,30,10,0.4561208747436233,0.0,3.3541019662496847,0.4561208747436233,0.0,3.3541019662496847,10,1.0
pg2_2,31,10,0.0,0.0,0.0,0.0,0.0,0.0,10,1.0
pg2_2,32,10,0.12071067811865474,0.0,0.7071067811865476,0.12071067811865474,0.0,0.7071067811865476,10,1.0
pg2_2,33,10,0.2,0.0,1.0,0.2,0.0,1.0,10,1.0
pg2_2,34,10,0.12071067811865474,0.0,0.7071067811865476,0.12071067811865474,0.0,0.7071067811865476,10,1.0
pg2_2,35,10,0.12071067811865474,0.0,0.7071067811865476,0.12071067811865474,0.0,0.7071067811865476,10,1.0
pg2_2,36,10,0.432842712474619,0.0,2.8284271247461903,0.432842712474619,0.0,2.8284271247461903,10,1.0
pg2_2,37,10,0.6437630096216214,0.0,3.2015621187164243,0.6437630096216214,0.0,3.2015621187164243,10,1.0
pg2_2,38,10,0.25,0.25,0.5,0.25,0.25,0.5,10,1.0
pg2_2,39,10,0.2,0.0,1.0,0.2,0.0,1.0,10,1.0
pg2_2,40,10,1.0928906745336298,0.25,8.514693182963201,1.0928906745336298,0.25,8.514693182963201,10,1.0
pg2_2,41,10,0.3118033988749895,0.25,1.118033988749895,0.3118033988749895,0.25,1.118033988749895,10,1.0
pg2_2,42,10,0.3,0.25,1.0,0.3,0.25,1.0,10,1.0
pg2_2,43,10,0.27071067811865474,0.0,1.0,0.27071067811865474,0.0,1.0,10,1.0
pg2_2,44,10,0.4207106781186548,0.5,1.0,0.4207106781186548,0.5,1.0,10,1.0
pg2_2,45,10,0.29142135623730947,0.25,0.7071067811865476,0.29142135623730947,0.25,0.7071067811865476,10,1.0
pg2_2,46,10,0.2,0.0,0.5,0.2,0.0,0.5,10,1.0
pg2_2,47,10,1.7451199933053978,0.5,13.536986370680884,1.7451199933053978,0.5,13.536986370680884,10,1.0
pg2_2,48,10,0.5414213562373096,0.5,1.5,0.5414213562373096,0.5,1.5,10,1.0
pg2_2,49,10,0.17071067811865476,0.0,0.7071067811865476,0.17071067811865476,0.0,0.7071067811865476,10,1.0
pg2_2,50,10,0.473606797749979,0.5,1.118033988749895,0.473606797749979,0.5,1.118033988749895,10,1.0
pg2_2,51,10,0.508113883008419,0.5,1.5811388300841898,0.508113883008419,0.5,1.5811388300841898,10,1.0
pg2_2,52,10,0.6357388321059433,0.6035533905932737,1.4142135623730951,0.6357388321059433,0.6035533905932737,1.4142135623730951,10,1.0
pg2_2,53,10,0.573606797749979,0.5,2.23606797749979,0.573606797749979,0.5,2.23606797749979,10,1.0
pg2_2,54,10,0.645305717760488,0.5,1.8027756377319946,0.645305717760488,0.5,1.8027756377319946,10,1.0
pg2_2,55,10,0.7443174758686337,0.6035533905932737,2.0,0.7443174758686337,0.6035533905932737,2.0,10,1.0
pg2_2,56,10,1.2564861510663916,1.0590169943749475,5.70087712549569,1.2564861510663916,1.0590169943749475,5.70087712549569,10,1.0
pg2_2,57,10,1.3789904926850076,1.3090169943749475,3.8078865529319543,1.3789904926850076,1.3090169943749475,3.8078865529319543,10,1.0
pg2_2,58,10,0.9027599943580273,0.9125703849682212,2.0,0.9027599943580273,0.9125703849682212,2.0,10,1.0
pg2_2,59,10,0.8906279600020632,0.9125703849682212,1.5811388300841898,0.8906279600020632,0.9125703849682212,1.5811388300841898,10,1.0
pg2_2,60,10,0.9245950396418333,1.0590169943749475,2.0,0.9245950396418333,1.0590169943749475,2.0,10,1.0
pg2_2,61,10,1.1753791151003485,1.0590169943749475,2.692582403567252,1.1753791151003485,1.0590169943749475,2.692582403567252,10,1.0
pg2_2,62,10,1.0524313588770529,1.1035533905932737,2.5,1.0524313588770529,1.1035533905932737,2.5,10,1.0
pg2_2,63,10,1.4635889047098372,1.6919572339080922,2.692582403567252,1.4635889047098372,1.6919572339080922,2.692582403567252,10,1.0
pg2_2,64,10,1.4519671630069775,1.6919572339080922,2.692582403567252,1.4519671630069775,1.6919572339080922,2.692582403567252,10,1.0
pg2_2,65,10,1.1863984385168227,1.0590169943749475,2.5,1.1863984385168227,1.0590169943749475,2.5,10,1.0
pg2_2,66,10,1.0271601883432528,1.118033988749895,2.0,1.0271601883432528,1.118033988749895,2.0,10,1.0
pg2_2,67,10,0.9946461113496085,0.6035533905932737,2.5,0.9946461113496085,0.6035533905932737,2.5,10,1.0
pg2_2,68,10,1.143585927416907,1.118033988749895,2.5495097567963922,1.143585927416907,1.118033988749895,2.5495097567963922,10,1.0
pg2_2,69,10,1.1024313588770527,1.0590169943749475,2.0,1.1024313588770527,1.0590169943749475,2.0,10,1.0
pg2_2,70,10,1.0504727571495167,1.0,2.5,1.0504727571495167,1.0,2.5,10,1.0
pg2_2,71,10,1.0820493162393727,1.0590169943749475,2.0,1.0820493162393727,1.0590169943749475,2.0,10,1.0
pg2_2,72,10,1.0239354332309538,1.0590169943749475,2.5,1.0239354332309538,1.0590169943749475,2.5,10,1.0
pg2_2,73,10,1.0289342762583558,1.118033988749895,2.23606797749979,1.0289342762583558,1.118033988749895,2.23606797749979,10,1.0
pg2_2,74,10,1.0948246395554104,1.0,2.5,1.0948246395554104,1.0,2.5,10,1.0
pg2_2,75,10,1.355423732829156,1.25,2.5495097567963922,1.355423732829156,1.25,2.5495097567963922,10,1.0
pg2_2,76,10,1.357616280322254,1.6084946000525449,2.23606797749979,1.357616280322254,1.6084946000525449,2.23606797749979,10,1.0
pg2_2,77,10,1.319692897118458,1.290569415042095,2.5495097567963922,1.319692897118458,1.290569415042095,2.5495097567963922,10,1.0
pg2_2,78,10,3.2916725726668106,2.0,13.038404810405298,3.2916725726668106,2.0,13.038404810405298,10,1.0
pg2_2,79,10,1.171651498845994,1.290569415042095,2.5495097567963922,1.171651498845994,1.290569415042095,2.5495097567963922,10,1.0
pg2_2,80,10,1.264234757752042,1.3495864094170424,2.5,1.264234757752042,1.3495864094170424,2.5,10,1.0
pg2_2,81,10,1.1448246395554105,0.9125703849682212,2.5,1.1448246395554105,0.9125703849682212,2.5,10,1.0
pg2_2,82,10,1.0936203339541666,0.9125703849682212,2.5495097567963922,1.0936203339541666,0.9125703849682212,2.5495097567963922,10,1.0
pg2_2,83,10,1.2162896138003572,0.9125703849682212,2.5495097567963922,1.2162896138003572,0.9125703849682212,2.5495097567963922,10,1.0
pg2_2,84,10,1.0859173603117451,1.118033988749895,2.5,1.0859173603117451,1.118033988749895,2.5,10,1.0
pg2_2,85,10,1.181816935079177,0.8535533905932737,2.5495097567963922,1.181816935079177,0.8535533905932737,2.5495097567963922,10,1.0
pg2_2,86,10,1.2936203339541665,1.0590169943749475,2.5495097567963922,1.2936203339541665,1.0590169943749475,2.5495097567963922,10,1.0
pg2_2,87,10,1.467788148345316,1.3495864094170424,3.5355339059327378,1.467788148345316,1.3495864094170424,3.5355339059327378,10,1.0
pg2_2,88,10,1.1484033207611664,1.3495864094170424,2.9154759474226504,1.1484033207611664,1.3495864094170424,2.9154759474226504,10,1.0
pg2_2,89,10,1.2075674131566518,1.118033988749895,3.2015621187164243,1.2075674131566518,1.118033988749895,3.2015621187164243,10,1.0
pg2_2,90,10,1.2340503208994136,1.5811388300841898,3.5355339059327378,1.2340503208994136,1.5811388300841898,3.5355339059327378,10,1.0
pg2_2,91,10,1.3288325575223188,1.5811388300841898,2.8284271247461903,1.3288325575223188,1.5811388300841898,2.8284271247461903,10,1.0
pg2_2,92,10,1.3335975733884384,1.3495864094170424,3.2015621187164243,1.3335975733884384,1.3495864094170424,3.2015621187164243,10,1.0
pg2_2,93,10,1.344970618046416,1.5811388300841898,3.2015621187164243,1.344970618046416,1.5811388300841898,3.2015621187164243,10,1.0
pg2_2,94,10,1.1762674088208993,1.5811388300841898,2.23606797749979,1.1762674088208993,1.5811388300841898,2.23606797749979,10,1.0
pg2_2,95,10,1.169596642797679,1.290569415042095,2.23606797749979,1.169596642797679,1.290569415042095,2.23606797749979,10,1.0
pg2_2,96,10,1.3383831257260577,1.540569415042095,2.5,1.3383831257260577,1.540569415042095,2.5,10,1.0
pg2_2,97,10,1.1836464405540403,1.4013878188659974,2.23606797749979,1.1836464405540403,1.4013878188659974,2.23606797749979,10,1.0
pg2_3,2,10,2.6231258868897767,2.914213562373095,4.0,2.6231258868897767,2.914213562373095,4.0,10,1.0
pg2_3,3,10,0.5509882418918542,0.5,1.8027756377319946,0.5509882418918542,0.5,1.8027756377319946,10,1.0
pg2_3,4,10,0.22071067811865475,0.0,0.7071067811865476,0.22071067811865475,0.0,0.7071067811865476,10,1.0
pg2_3,5,10,0.26213203435596427,0.0,0.7071067811865476,0.26213203435596427,0.0,0.7071067811865476,10,1.0
pg2_3,6,10,0.15,0.0,0.5,0.15,0.0,0.5,10,1.0
pg2_3,7,10,0.05,0.0,0.5,0.05,0.0,0.5,10,1.0
pg2_3,8,10,0.15,0.0,0.5,0.15,0.0,0.5,10,1.0
pg2_3,9,10,0.1,0.0,0.5,0.1,0.0,0.5,10,1.0
pg2_3,10,10,0.1,0.0,0.5,0.1,0.0,0.5,10,1.0
pg2_3,11,10,0.0,0.0,0.0,0.0,0.0,0.0,10,1.0
pg2_3,12,10,0.05,0.0,0.5,0.05,0.0,0.5,10,1.0
pg2_3,13,10,0.15,0.0,0.5,0.15,0.0,0.5,10,1.0
pg2_3,14,10,0.05,0.0,0.5,0.05,0.0,0.5,10,1.0
pg2_3,15,10,0.0,0.0,0.0,0.0,0.0,0.0,10,1.0
pg2_3,16,10,0.1,0.0,0.5,0.1,0.0,0.5,10,1.0
pg2_3,17,10,0.05,0.0,0.5,0.05,0.0,0.5,10,1.0
pg2_3,18,10,0.05,0.0,0.5,0.05,0.0,0.5,10,1.0
pg2_3,19,10,0.23251407699364424,0.0,1.118033988749895,0.23251407699364424,0.0,1.118033988749895,10,1.0
pg2_3,20,10,0.05,0.0,0.5,0.05,0.0,0.5,10,1.0
pg2_3,21,10,0.1,0.0,0.5,0.1,0.0,0.5,10,1.0
pg2_3,22,10,0.15,0.0,1.0,0.15,0.0,1.0,10,1.0
pg2_3,23,10,0.16180339887498948,0.0,1.118033988749895,0.16180339887498948,0.0,1.118033988749895,10,1.0
pg2_3,24,10,0.40098824189185417,0.25,1.8027756377319946,0.40098824189185417,0.25,1.8027756377319946,10,1.0
pg2_3,25,10,0.0,0.0,0.0,0.0,0.0,0.0,10,1.0
pg2_3,26,10,0.15,0.0,0.5,0.15,0.0,0.5,10,1.0
pg2_3,27,10,0.05,0.0,0.5,0.05,0.0,0.5,10,1.0
pg2_3,28,10,0.4049509756796392,0.0,2.5495097567963922,0.4049509756796392,0.0,2.5495097567963922,10,1.0
pg2_3,29,10,0.25,0.25,0.5,0.25,0.25,0.5,10,1.0
pg2_3,30,10,0.1,0.0,0.5,0.1,0.0,0.5,10,1.0
pg2_3,31,10,0.1,0.0,0.5,0.1,0.0,0.5,10,1.0
pg2_3,32,10,0.05,0.0,0.5,0.05,0.0,0.5,10,1.0
pg2_3,33,10,0.17071067811865476,0.0,0.7071067811865476,0.17071067811865476,0.0,0.7071067811865476,10,1.0
pg2_3,34,10,0.2618033988749895,0.0,1.118033988749895,0.2618033988749895,0.0,1.118033988749895,10,1.0
pg2_3,35,10,0.5692582403567252,0.5,2.692582403567252,0.5692582403567252,0.5,2.692582403567252,10,1.0
pg2_3,36,10,0.27071067811865474,0.0,1.0,0.27071067811865474,0.0,1.0,10,1.0
pg2_3,37,10,0.16180339887498948,0.0,1.118033988749895,0.16180339887498948,0.0,1.118033988749895,10,1.0
pg2_3,38,10,0.05,0.0,0.5,0.05,0.0,0.5,10,1.0
pg2_3,39,10,0.22071067811865475,0.0,1.0,0.22071067811865475,0.0,1.0,10,1.0
pg2_3,40,10,0.17071067811865476,0.0,0.7071067811865476,0.17071067811865476,0.0,0.7071067811865476,10,1.0
pg2_3,41,10,0.17071067811865476,0.0,0.7071067811865476,0.17071067811865476,0.0,0.7071067811865476,10,1.0
pg2_3,42,10,0.2,0.0,0.5,0.2,0.0,0.5,10,1.0
pg2_3,43,10,0.22071067811865475,0.0,0.7071067811865476,0.22071067811865475,0.0,0.7071067811865476,10,1.0
pg2_3,44,10,0.42686595939953775,0.25,2.0615528128088303,0.42686595939953775,0.25,2.0615528128088303,10,1.0
pg2_3,45,10,0.3,0.0,2.0,0.3,0.0,2.0,10,1.0
pg2_3,46,10,0.4049509756796392,0.0,2.5495097567963922,0.4049509756796392,0.0,2.5495097567963922,10,1.0
pg2_3,47,10,0.35615528128088303,0.0,2.0615528128088303,0.35615528128088303,0.0,2.0615528128088303,10,1.0
pg2_3,48,10,0.4256616537982939,0.0,2.5495097567963922,0.4256616537982939,0.0,2.5495097567963922,10,1.0
pg2_3,49,10,0.63996891847538,0.0,2.692582403567252,0.63996891847538,0.0,2.692582403567252,10,1.0
pg2_3,50,10,0.608113883008419,0.25,2.0,0.608113883008419,0.25,2.0,10,1.0
pg2_3,51,10,0.453224755112299,0.5,1.118033988749895,0.453224755112299,0.5,1.118033988749895,10,1.0
pg2_3,52,10,0.5509882418918541,0.5,1.8027756377319946,0.5509882418918541,0.5,1.8027756377319946,10,1.0
pg2_3,53,10,0.32360679774997897,0.0,1.118033988749895,0.32360679774997897,0.0,1.118033988749895,10,1.0
pg2_3,54,10,0.5967832412829462,0.25,2.0615528128088303,0.5967832412829462,0.25,2.0615528128088303,10,1.0
pg2_3,55,10,0.425661653798294,0.0,2.5495097567963922,0.425661653798294,0.0,2.5495097567963922,10,1.0
pg2_3,56,10,0.6399689184753801,0.5,2.692582403567252,0.6399689184753801,0.5,2.692582403567252,10,1.0
pg2_3,57,10,0.5857388321059431,0.5,2.1213203435596424,0.5857388321059431,0.5,2.1213203435596424,10,1.0
pg2_3,58,10,0.37071067811865477,0.5,1.0,0.37071067811865477,0.5,1.0,10,1.0
pg2_3,59,10,0.703224755112299,0.6035533905932737,2.5,0.703224755112299,0.6035533905932737,2.5,10,1.0
pg2_3,60,10,0.6576491222541475,0.5,1.5811388300841898,0.6576491222541475,0.5,1.5811388300841898,10,1.0
pg2_3,61,10,0.7406279600020632,0.6035533905932737,1.5811388300841898,0.7406279600020632,0.6035533905932737,1.5811388300841898,10,1.0
pg2_3,62,10,0.5739354332309538,0.6035533905932737,1.118033988749895,0.5739354332309538,0.6035533905932737,1.118033988749895,10,1.0
pg2_3,63,10,0.8453057177604879,0.7071067811865476,1.8027756377319946,0.8453057177604879,0.7071067811865476,1.8027756377319946,10,1.0
pg2_3,64,10,0.8734706724766823,1.0,1.5811388300841898,0.8734706724766823,1.0,1.5811388300841898,10,1.0
pg2_3,65,10,0.6435240796333874,0.5,1.5811388300841898,0.6435240796333874,0.5,1.5811388300841898,10,1.0
pg2_3,66,10,0.7017723173503694,0.5,2.692582403567252,0.7017723173503694,0.5,2.692582403567252,10,1.0
pg2_3,67,10,0.7517723173503694,0.5,2.692582403567252,0.7517723173503694,0.5,2.692582403567252,10,1.0
pg2_3,68,10,0.6150281539872885,0.5,2.23606797749979,0.6150281539872885,0.5,2.23606797749979,10,1.0
pg2_3,69,10,0.6017723173503694,0.5,2.692582403567252,0.6017723173503694,0.5,2.692582403567252,10,1.0
pg2_3,70,10,0.7106795965940347,0.5,2.692582403567252,0.7106795965940347,0.5,2.692582403567252,10,1.0
pg2_3,71,10,0.6017723173503694,0.5,2.692582403567252,0.6017723173503694,0.5,2.692582403567252,10,1.0
pg2_3,72,10,0.8142347577520421,0.5,2.23606797749979,0.8142347577520421,0.5,2.23606797749979,10,1.0
pg2_3,73,10,0.6682873156368473,0.6035533905932737,2.0615528128088303,0.6682873156368473,0.6035533905932737,2.0615528128088303,10,1.0
pg2_3,74,10,0.5268659593995377,0.5,2.0615528128088303,0.5268659593995377,0.5,2.0615528128088303,10,1.0
pg2_3,75,10,0.4995352392457285,0.5,1.5811388300841898,0.4995352392457285,0.5,1.5811388300841898,10,1.0
pg2_3,76,10,0.7093800363931819,0.7071067811865476,2.0615528128088303,0.7093800363931819,0.7071067811865476,2.0615528128088303,10,1.0
pg2_3,77,10,0.41133863812071797,0.0,1.5811388300841898,0.41133863812071797,0.0,1.5811388300841898,10,1.0
pg2_3,78,10,0.606155281280883,0.5,2.0615528128088303,0.606155281280883,0.5,2.0615528128088303,10,1.0
pg2_3,79,10,0.5621320343559643,0.6035533905932737,1.5,0.5621320343559643,0.6035533905932737,1.5,10,1.0
pg2_3,80,10,0.4914213562373096,0.25,2.0,0.4914213562373096,0.25,2.0,10,1.0
pg2_3,81,10,0.6532247551122989,0.5,1.4142135623730951,0.6532247551122989,0.5,1.4142135623730951,10,1.0
pg2_3,82,10,0.3325140769936442,0.0,1.118033988749895,0.3325140769936442,0.0,1.118033988749895,10,1.0
pg2_3,83,10,0.5495352392457284,0.5,1.5811388300841898,0.5495352392457284,0.5,1.5811388300841898,10,1.0
pg2_3,84,10,0.423606797749979,0.25,1.118033988749895,0.423606797749979,0.25,1.118033988749895,10,1.0
pg2_3,85,10,0.3325140769936442,0.25,1.118033988749895,0.3325140769936442,0.25,1.118033988749895,10,1.0
pg2_3,86,10,0.6121320343559643,0.6035533905932737,1.4142135623730951,0.6121320343559643,0.6035533905932737,1.4142135623730951,10,1.0
pg2_3,87,10,0.36180339887498947,0.5,1.118033988749895,0.36180339887498947,0.5,1.118033988749895,10,1.0
pg2_3,88,10,0.2825140769936442,0.0,1.118033988749895,0.2825140769936442,0.0,1.118033988749895,10,1.0
pg2_3,89,10,0.4118033988749895,0.5,1.118033988749895,0.4118033988749895,0.5,1.118033988749895,10,1.0
pg2_3,90,10,0.3,0.25,1.0,0.3,0.25,1.0,10,1.0
pg2_3,91,10,0.75,0.5,4.5,0.75,0.5,4.5,10,1.0
pg2_3,92,10,0.7764011986452662,0.5,2.0615528128088303,0.7764011986452662,0.5,2.0615528128088303,10,1.0
pg2_3,93,10,0.6821755547443282,0.25,2.9154759474226504,0.6821755547443282,0.25,2.9154759474226504,10,1.0
pg2_3,94,10,1.0601936119480337,0.5,6.020797289396148,1.0601936119480337,0.5,6.020797289396148,10,1.0
pg2_3,95,10,0.621698920010509,0.5,1.8027756377319946,0.621698920010509,0.5,1.8027756377319946,10,1.0
pg2_3,96,10,0.4914213562373096,0.5,1.0,0.4914213562373096,0.5,1.0,10,1.0
pg2_3,97,10,0.3414213562373095,0.25,1.0,0.3414213562373095,0.25,1.0,10,1.0
pg2_4,2,10,1.8266575316955795,1.790569415042095,3.905124837953327,1.8266575316955795,1.790569415042095,3.905124837953327,10,1.0
pg2_4,3,10,0.5061208747436232,0.25,2.23606797749979,0.5061208747436232,0.25,2.23606797749979,10,1.0
pg2_4,4,10,0.30098824189185425,0.0,1.8027756377319946,0.30098824189185425,0.0,1.8027756377319946,10,1.0
pg2_4,5,10,0.05,0.0,0.5,0.05,0.0,0.5,10,1.0
pg2_4,6,10,0.05,0.0,0.5,0.05,0.0,0.5,10,1.0
pg2_4,7,10,0.15,0.0,0.5,0.15,0.0,0.5,10,1.0
pg2_4,8,10,0.15,0.0,1.0,0.15,0.0,1.0,10,1.0
pg2_4,9,10,0.1,0.0,0.5,0.1,0.0,0.5,10,1.0
pg2_4,10,10,0.07071067811865475,0.0,0.7071067811865476,0.07071067811865475,0.0,0.7071067811865476,10,1.0
pg2_4,11,10,0.0,0.0,0.0,0.0,0.0,0.0,10,1.0
pg2_4,12,10,0.25,0.25,0.5,0.25,0.25,0.5,10,1.0
pg2_4,13,10,0.1,0.0,0.5,0.1,0.0,0.5,10,1.0
pg2_4,14,10,0.1,0.0,0.5,0.1,0.0,0.5,10,1.0
pg2_4,15,10,0.15,0.0,1.0,0.15,0.0,1.0,10,1.0
pg2_4,16,10,0.15,0.0,0.5,0.15,0.0,0.5,10,1.0
pg2_4,17,10,0.22071067811865475,0.0,0.7071067811865476,0.22071067811865475,0.0,0.7071067811865476,10,1.0
pg2_4,18,10,0.258113883008419,0.0,1.5811388300841898,0.258113883008419,0.0,1.5811388300841898,10,1.0
pg2_4,19,10,0.3192582403567252,0.0,2.692582403567252,0.3192582403567252,0.0,2.692582403567252,10,1.0
pg2_4,20,10,0.2118033988749895,0.0,1.118033988749895,0.2118033988749895,0.0,1.118033988749895,10,1.0
pg2_4,21,10,0.24142135623730948,0.0,1.4142135623730951,0.24142135623730948,0.0,1.4142135623730951,10,1.0
pg2_4,22,10,0.12071067811865474,0.0,0.7071067811865476,0.12071067811865474,0.0,0.7071067811865476,10,1.0
pg2_4,23,10,0.12071067811865474,0.0,0.7071067811865476,0.12071067811865474,0.0,0.7071067811865476,10,1.0
pg2_4,24,10,0.3,0.25,1.0,0.3,0.25,1.0,10,1.0
pg2_4,25,10,0.15,0.0,0.5,0.15,0.0,0.5,10,1.0
pg2_4,26,10,0.17071067811865476,0.0,0.7071067811865476,0.17071067811865476,0.0,0.7071067811865476,10,1.0
pg2_4,27,10,0.22071067811865475,0.0,0.7071067811865476,0.22071067811865475,0.0,0.7071067811865476,10,1.0
pg2_4,28,10,0.15,0.0,1.0,0.15,0.0,1.0,10,1.0
pg2_4,29,10,0.5035533905932738,0.25,2.8284271247461903,0.5035533905932738,0.25,2.8284271247461903,10,1.0
pg2_4,30,10,0.16180339887498948,0.0,1.118033988749895,0.16180339887498948,0.0,1.118033988749895,10,1.0
pg2_4,31,10,0.27071067811865474,0.25,0.7071067811865476,0.27071067811865474,0.25,0.7071067811865476,10,1.0
pg2_4,32,10,0.2618033988749895,0.0,1.118033988749895,0.2618033988749895,0.0,1.118033988749895,10,1.0
pg2_4,33,10,0.1,0.0,0.5,0.1,0.0,0.5,10,1.0
pg2_4,34,10,0.5347161725826807,0.0,3.640054944640259,0.5347161725826807,0.0,3.640054944640259,10,1.0
pg2_4,35,10,0.6031128874149274,0.25,4.031128874149275,0.6031128874149274,0.25,4.031128874149275,10,1.0
pg2_4,36,10,0.17071067811865476,0.0,0.7071067811865476,0.17071067811865476,0.0,0.7071067811865476,10,1.0
pg2_4,37,10,0.2118033988749895,0.0,1.118033988749895,0.2118033988749895,0.0,1.118033988749895,10,1.0
pg2_4,38,10,0.7742640687119285,0.5,2.8284271247461903,0.7742640687119285,0.5,2.8284271247461903,10,1.0
pg2_4,39,10,0.38541019662496845,0.0,1.118033988749895,0.38541019662496845,0.0,1.118033988749895,10,1.0
pg2_4,40,10,0.4788245611270737,0.5,1.5811388300841898,0.4788245611270737,0.5,1.5811388300841898,10,1.0
pg2_4,41,10,0.3207106781186547,0.0,1.5,0.3207106781186547,0.0,1.5,10,1.0
pg2_4,42,10,0.5606795965940347,0.25,2.692582403567252,0.5606795965940347,0.25,2.692582403567252,10,1.0
pg2_4,43,10,0.5622582728609198,0.25,2.9154759474226504,0.5622582728609198,0.25,2.9154759474226504,10,1.0
pg2_4,44,10,0.37882456112707374,0.0,1.5811388300841898,0.37882456112707374,0.0,1.5811388300841898,10,1.0
pg2_4,45,10,0.4288245611270737,0.5,1.5811388300841898,0.4288245611270737,0.5,1.5811388300841898,10,1.0
pg2_4,46,10,0.2618033988749895,0.0,1.118033988749895,0.2618033988749895,0.0,1.118033988749895,10,1.0
pg2_4,47,10,0.5414213562373095,0.5,1.5,0.5414213562373095,0.5,1.5,10,1.0
pg2_4,48,10,0.590956595483038,0.6035533905932737,1.5811388300841898,0.590956595483038,0.6035533905932737,1.5811388300841898,10,1.0
pg2_4,49,10,0.508113883008419,0.25,1.5811388300841898,0.508113883008419,0.25,1.5811388300841898,10,1.0
pg2_4,50,10,0.5946461113496084,0.5,2.1213203435596424,0.5946461113496084,0.5,2.1213203435596424,10,1.0
pg2_4,51,10,0.48284271247461896,0.25,2.1213203435596424,0.48284271247461896,0.25,2.1213203435596424,10,1.0
pg2_4,52,10,0.5857388321059431,0.25,2.1213203435596424,0.5857388321059431,0.25,2.1213203435596424,10,1.0
pg2_4,53,10,0.46213203435596417,0.0,2.1213203435596424,0.46213203435596417,0.0,2.1213203435596424,10,1.0
pg2_4,54,10,1.5237758467957327,0.8090169943749475,7.433034373659253,1.5237758467957327,0.8090169943749475,7.433034373659253,10,1.0
pg2_4,55,10,0.7889635872182421,0.5,2.23606797749979,0.7889635872182421,0.5,2.23606797749979,10,1.0
pg2_4,56,10,0.7874210869459367,0.3535533905932738,2.0615528128088303,0.7874210869459367,0.3535533905932738,2.0615528128088303,10,1.0
pg2_4,57,10,0.5975422309809326,0.0,2.23606797749979,0.5975422309809326,0.0,2.23606797749979,10,1.0
pg2_4,58,10,0.7631202762478184,0.6035533905932737,2.1213203435596424,0.7631202762478184,0.6035533905932737,2.1213203435596424,10,1.0
pg2_4,59,10,0.8008013926304915,0.6035533905932737,2.1213203435596424,0.8008013926304915,0.6035533905932737,2.1213203435596424,10,1.0
pg2_4,60,10,0.799268451548273,0.5,2.5495097567963922,0.799268451548273,0.5,2.5495097567963922,10,1.0
pg2_4,61,10,0.800438350612257,0.6035533905932737,2.23606797749979,0.800438350612257,0.6035533905932737,2.23606797749979,10,1.0
pg2_4,62,10,0.8911351236888396,0.6035533905932737,2.0615528128088303,0.8911351236888396,0.6035533905932737,2.0615528128088303,10,1.0
pg2_4,63,10,0.9240795548994958,0.9125703849682212,2.23606797749979,0.9240795548994958,0.9125703849682212,2.23606797749979,10,1.0
pg2_4,64,10,0.6797276724936022,0.25,2.23606797749979,0.6797276724936022,0.25,2.23606797749979,10,1.0
pg2_4,65,10,0.8593456298559221,0.8535533905932737,2.23606797749979,0.8593456298559221,0.8535533905932737,2.23606797749979,10,1.0
pg2_4,66,10,0.6682873156368474,0.5,2.0615528128088303,0.6682873156368474,0.5,2.0615528128088303,10,1.0
pg2_4,67,10,0.5943174758686338,0.5,1.5,0.5943174758686338,0.5,1.5,10,1.0
pg2_4,68,10,0.5914213562373095,0.25,2.0,0.5914213562373095,0.25,2.0,10,1.0
pg2_4,69,10,0.6556905205266116,0.5,2.0615528128088303,0.6556905205266116,0.5,2.0615528128088303,10,1.0
pg2_4,70,10,0.5914213562373095,0.25,2.0,0.5914213562373095,0.25,2.0,10,1.0
pg2_4,71,10,0.7170830100356035,0.25,2.5495097567963922,0.7170830100356035,0.25,2.5495097567963922,10,1.0
pg2_4,72,10,0.5943174758686338,0.6035533905932737,1.5,0.5943174758686338,0.6035533905932737,1.5,10,1.0
pg2_4,73,10,0.7202459173643833,0.6035533905932737,1.5811388300841898,0.7202459173643833,0.6035533905932737,1.5811388300841898,10,1.0
pg2_4,74,10,0.8798128030189278,0.75,2.0,0.8798128030189278,0.75,2.0,10,1.0
pg2_4,75,10,0.971309673773127,0.8090169943749475,2.9154759474226504,0.971309673773127,0.8090169943749475,2.9154759474226504,10,1.0
pg2_4,76,10,1.0913349535681196,0.75,3.2015621187164243,1.0913349535681196,0.75,3.2015621187164243,10,1.0
pg2_4,77,10,0.7970221712711802,0.3535533905932738,3.2015621187164243,0.7970221712711802,0.3535533905932738,3.2015621187164243,10,1.0
pg2_4,78,10,0.741742440398873,0.0,2.9154759474226504,0.741742440398873,0.0,2.9154759474226504,10,1.0
pg2_4,79,10,1.0635930333973351,0.5,3.5355339059327378,1.0635930333973351,0.5,3.5355339059327378,10,1.0
pg2_4,80,10,0.947408441156566,0.25,3.3541019662496847,0.947408441156566,0.25,3.3541019662496847,10,1.0
pg2_4,81,10,0.7660163958791426,0.5,2.23606797749979,0.7660163958791426,0.5,2.23606797749979,10,1.0
pg2_4,82,10,0.7679586801558725,0.5,2.5,0.7679586801558725,0.5,2.5,10,1.0
pg2_4,83,10,0.8160163958791425,0.5,2.23606797749979,0.8160163958791425,0.5,2.23606797749979,10,1.0
pg2_4,84,10,0.883037558131227,0.8535533905932737,2.1213203435596424,0.883037558131227,0.8535533905932737,2.1213203435596424,10,1.0
pg2_4,85,10,0.7812658056650538,0.5,2.0,0.7812658056650538,0.5,2.0,10,1.0
pg2_4,86,10,1.034741268329944,0.6035533905932737,2.9154759474226504,1.034741268329944,0.6035533905932737,2.9154759474226504,10,1.0
pg2_4,87,10,0.7416162018939174,0.7071067811865476,1.8027756377319946,0.7416162018939174,0.7071067811865476,1.8027756377319946,10,1.0
pg2_4,88,10,1.0007669860932318,0.9125703849682212,2.23606797749979,1.0007669860932318,0.9125703849682212,2.23606797749979,10,1.0
pg2_4,89,10,0.8600396428040614,1.0,2.0615528128088303,0.8600396428040614,1.0,2.0615528128088303,10,1.0
pg2_4,90,10,0.8527599943580274,0.8535533905932737,2.1213203435596424,0.8527599943580274,0.8535533905932737,2.1213203435596424,10,1.0
pg2_4,91,10,0.9674595128643413,0.8090169943749475,2.23606797749979,0.9674595128643413,0.8090169943749475,2.23606797749979,10,1.0
pg2_4,92,10,0.7982018373918123,0.8535533905932737,2.23606797749979,0.7982018373918123,0.8535533905932737,2.23606797749979,10,1.0
pg2_4,93,10,0.632842712474619,0.5,2.1213203435596424,0.632842712474619,0.5,2.1213203435596424,10,1.0
pg2_4,94,10,0.6975422309809328,0.6035533905932737,3.3541019662496847,0.6975422309809328,0.6035533905932737,3.3541019662496847,10,1.0
pg2_4,95,10,0.6995358041299247,0.25,2.692582403567252,0.6995358041299247,0.25,2.692582403567252,10,1.0
pg2_4,96,10,0.7122761560245063,0.5,2.23606797749979,0.7122761560245063,0.5,2.23606797749979,10,1.0
pg2_4,97,10,0.9244034968087762,0.7071067811865476,2.5495097567963922,0.9244034968087762,0.7071067811865476,2.5495097567963922,10,1.0
pg2_5,2,10,5.371421157442127,5.5362516049075445,7.158910531638177,5.371421157442127,5.5362516049075445,7.158910531638177,10,1.0
pg2_5,3,10,0.22071067811865475,0.0,0.7071067811865476,0.22071067811865475,0.0,0.7071067811865476,10,1.0
pg2_5,4,10,0.27071067811865474,0.25,0.7071067811865476,0.27071067811865474,0.25,0.7071067811865476,10,1.0
pg2_5,5,10,0.22071067811865475,0.0,0.7071067811865476,0.22071067811865475,0.0,0.7071067811865476,10,1.0
pg2_5,6,10,0.22071067811865475,0.0,0.7071067811865476,0.22071067811865475,0.0,0.7071067811865476,10,1.0
pg2_5,7,10,0.15,0.0,0.5,0.15,0.0,0.5,10,1.0
pg2_5,8,10,0.1,0.0,0.5,0.1,0.0,0.5,10,1.0
pg2_5,9,10,0.2,0.0,0.5,0.2,0.0,0.5,10,1.0
pg2_5,10,10,0.12071067811865474,0.0,0.7071067811865476,0.12071067811865474,0.0,0.7071067811865476,10,1.0
pg2_5,11,10,0.1,0.0,0.5,0.1,0.0,0.5,10,1.0
pg2_5,12,10,0.15,0.0,0.5,0.15,0.0,0.5,10,1.0
pg2_5,13,10,0.0,0.0,0.0,0.0,0.0,0.0,10,1.0
pg2_5,14,10,0.05,0.0,0.5,0.05,0.0,0.5,10,1.0
pg2_5,15,10,0.0,0.0,0.0,0.0,0.0,0.0,10,1.0
pg2_5,16,10,0.0,0.0,0.0,0.0,0.0,0.0,10,1.0
pg2_5,17,10,0.05,0.0,0.5,0.05,0.0,0.5,10,1.0
pg2_5,18,10,0.0,0.0,0.0,0.0,0.0,0.0,10,1.0
pg2_5,19,10,0.05,0.0,0.5,0.05,0.0,0.5,10,1.0
pg2_5,20,10,0.0,0.0,0.0,0.0,0.0,0.0,10,1.0
pg2_5,21,10,0.6798129396112491,0.0,4.716990566028302,0.6798129396112491,0.0,4.716990566028302,10,1.0
pg2_5,22,10,0.30322475511229896,0.0,1.118033988749895,0.30322475511229896,0.0,1.118033988749895,10,1.0
pg2_5,23,10,0.22882456112707375,0.0,1.5811388300841898,0.22882456112707375,0.0,1.5811388300841898,10,1.0
pg2_5,24,10,0.0,0.0,0.0,0.0,0.0,0.0,10,1.0
pg2_5,25,10,0.1,0.0,0.5,0.1,0.0,0.5,10,1.0
pg2_5,26,10,0.30615528128088304,0.0,2.0615528128088303,0.30615528128088304,0.0,2.0615528128088303,10,1.0
pg2_5,27,10,0.05,0.0,0.5,0.05,0.0,0.5,10,1.0
pg2_5,28,10,0.05,0.0,0.5,0.05,0.0,0.5,10,1.0
pg2_5,29,10,0.15,0.0,0.5,0.15,0.0,0.5,10,1.0
pg2_5,30,10,0.3118033988749895,0.0,1.118033988749895,0.3118033988749895,0.0,1.118033988749895,10,1.0
pg2_5,31,10,0.35098824189185424,0.0,1.8027756377319946,0.35098824189185424,0.0,1.8027756377319946,10,1.0
pg2_5,32,10,0.1,0.0,0.5,0.1,0.0,0.5,10,1.0
pg2_5,33,10,0.05,0.0,0.5,0.05,0.0,0.5,10,1.0
pg2_5,34,10,0.19142135623730952,0.0,0.7071067811865476,0.19142135623730952,0.0,0.7071067811865476,10,1.0
pg2_5,35,10,0.28027756377319946,0.0,1.8027756377319946,0.28027756377319946,0.0,1.8027756377319946,10,1.0
pg2_5,36,10,0.37071067811865477,0.0,2.0,0.37071067811865477,0.0,2.0,10,1.0
pg2_5,37,10,0.22071067811865475,0.0,0.7071067811865476,0.22071067811865475,0.0,0.7071067811865476,10,1.0
pg2_5,38,10,0.24142135623730948,0.0,0.7071067811865476,0.24142135623730948,0.0,0.7071067811865476,10,1.0
pg2_5,39,10,0.25,0.0,1.0,0.25,0.0,1.0,10,1.0
pg2_5,40,10,0.15,0.0,0.5,0.15,0.0,0.5,10,1.0
pg2_5,41,10,0.358113883008419,0.0,1.5811388300841898,0.358113883008419,0.0,1.5811388300841898,10,1.0
pg2_5,42,10,0.3,0.0,1.5,0.3,0.0,1.5,10,1.0
pg2_5,43,10,0.4561208747436233,0.25,1.118033988749895,0.4561208747436233,0.25,1.118033988749895,10,1.0
pg2_5,44,10,0.308113883008419,0.0,1.5811388300841898,0.308113883008419,0.0,1.5811388300841898,10,1.0
pg2_5,45,10,0.403224755112299,0.25,1.118033988749895,0.403224755112299,0.25,1.118033988749895,10,1.0
pg2_5,46,10,0.2,0.0,1.0,0.2,0.0,1.0,10,1.0
pg2_5,47,10,0.5731420369957074,0.25,1.5811388300841898,0.5731420369957074,0.25,1.5811388300841898,10,1.0
pg2_5,48,10,0.4325140769936443,0.5,1.118033988749895,0.4325140769936443,0.5,1.118033988749895,10,1.0
pg2_5,49,10,0.706449510224598,0.7071067811865476,1.4142135623730951,0.706449510224598,0.7071067811865476,1.4142135623730951,10,1.0
pg2_5,50,10,1.0192811499140655,0.5,4.272001872658765,1.0192811499140655,0.5,4.272001872658765,10,1.0
pg2_5,51,10,0.7382045975202558,0.6035533905932737,2.0615528128088303,0.7382045975202558,0.6035533905932737,2.0615528128088303,10,1.0
pg2_5,52,10,0.8249487608833368,0.6035533905932737,2.692582403567252,0.8249487608833368,0.6035533905932737,2.692582403567252,10,1.0
pg2_5,53,10,0.9606795965940348,0.7071067811865476,3.5,0.9606795965940348,0.7071067811865476,3.5,10,1.0
pg2_5,54,10,0.932842712474619,0.5,3.5,0.932842712474619,0.5,3.5,10,1.0
pg2_5,55,10,0.6943174758686338,0.6035533905932737,2.23606797749979,0.6943174758686338,0.6035533905932737,2.23606797749979,10,1.0
pg2_5,56,10,0.4207106781186548,0.5,1.0,0.4207106781186548,0.5,1.0,10,1.0
pg2_5,57,10,0.5621320343559644,0.5,2.0,0.5621320343559644,0.5,2.0,10,1.0
pg2_5,58,10,0.5914213562373096,0.5,2.5,0.5914213562373096,0.5,2.5,10,1.0
pg2_5,59,10,0.6443174758686337,0.5,2.0,0.6443174758686337,0.5,2.0,10,1.0
pg2_5,60,10,0.4914213562373096,0.5,2.0,0.4914213562373096,0.5,2.0,10,1.0
pg2_5,61,10,0.6828427124746191,0.7071067811865476,2.0,0.6828427124746191,0.7071067811865476,2.0,10,1.0
pg2_5,62,10,0.5946461113496084,0.6035533905932737,1.4142135623730951,0.5946461113496084,0.6035533905932737,1.4142135623730951,10,1.0
pg2_5,63,10,0.8329626876419848,0.8535533905932737,3.0413812651491097,0.8329626876419848,0.8535533905932737,3.0413812651491097,10,1.0
pg2_5,64,10,0.8208203932499369,0.8090169943749475,2.23606797749979,0.8208203932499369,0.8090169943749475,2.23606797749979,10,1.0
pg2_5,65,10,0.6209055237752628,0.5,1.8027756377319946,0.6209055237752628,0.5,1.8027756377319946,10,1.0
pg2_5,66,10,0.6430692045400432,0.5,1.8027756377319946,0.6430692045400432,0.5,1.8027756377319946,10,1.0
pg2_5,67,10,0.6724829954690243,0.5,2.692582403567252,0.6724829954690243,0.5,2.692582403567252,10,1.0
pg2_5,68,10,0.804238082764682,0.5,2.692582403567252,0.804238082764682,0.5,2.692582403567252,10,1.0
pg2_5,69,10,0.8344905607773526,0.7071067811865476,1.8027756377319946,0.8344905607773526,0.7071067811865476,1.8027756377319946,10,1.0
pg2_5,70,10,0.6883914467816185,0.5,1.8027756377319946,0.6883914467816185,0.5,1.8027756377319946,10,1.0
pg2_5,71,10,0.901460999041371,0.7071067811865476,2.0615528128088303,0.901460999041371,0.7071067811865476,2.0615528128088303,10,1.0
pg2_5,72,10,0.9734706724766824,0.8535533905932737,2.8284271247461903,0.9734706724766824,0.8535533905932737,2.8284271247461903,10,1.0
pg2_5,73,10,1.1452272238404944,0.8535533905932737,2.9154759474226504,1.1452272238404944,0.8535533905932737,2.9154759474226504,10,1.0
pg2_5,74,10,1.085513001339906,0.7071067811865476,3.2015621187164243,1.085513001339906,0.7071067811865476,3.2015621187164243,10,1.0
pg2_5,75,10,0.761577568108952,0.5,3.2015621187164243,0.761577568108952,0.5,3.2015621187164243,10,1.0
pg2_5,76,10,0.7863984385168227,0.6035533905932737,1.8027756377319946,0.7863984385168227,0.6035533905932737,1.8027756377319946,10,1.0
pg2_5,77,10,0.5702459173643832,0.5,1.5811388300841898,0.5702459173643832,0.5,1.5811388300841898,10,1.0
pg2_5,78,10,0.9502566934401271,0.7071067811865476,2.5495097567963922,0.9502566934401271,0.7071067811865476,2.5495097567963922,10,1.0
pg2_5,79,10,0.761338638120718,0.7071067811865476,1.5811388300841898,0.761338638120718,0.7071067811865476,1.5811388300841898,10,1.0
pg2_5,80,10,0.780056307974577,0.7071067811865476,2.23606797749979,0.780056307974577,0.7071067811865476,2.23606797749979,10,1.0
pg2_5,81,10,0.7424095981291637,0.7071067811865476,1.8027756377319946,0.7424095981291637,0.7071067811865476,1.8027756377319946,10,1.0
pg2_5,82,10,0.769452521129137,0.7071067811865476,1.5811388300841898,0.769452521129137,0.7071067811865476,1.5811388300841898,10,1.0
pg2_5,83,10,1.0393796886734727,0.8535533905932737,2.5,1.0393796886734727,0.8535533905932737,2.5,10,1.0
pg2_5,84,10,0.9242640687119286,0.8535533905932737,2.1213203435596424,0.9242640687119286,0.8535533905932737,2.1213203435596424,10,1.0
pg2_5,85,10,0.7860674675869179,0.6035533905932737,2.1213203435596424,0.7860674675869179,0.6035533905932737,2.1213203435596424,10,1.0
pg2_5,86,10,1.0631202762478185,0.8535533905932737,3.0,1.0631202762478185,0.8535533905932737,3.0,10,1.0
pg2_5,87,10,0.7653567894682632,0.25,2.5,0.7653567894682632,0.25,2.5,10,1.0
pg2_5,88,10,0.9424095981291638,0.6035533905932737,3.0,0.9424095981291638,0.6035533905932737,3.0,10,1.0
pg2_5,89,10,0.6288245611270737,0.5,2.5,0.6288245611270737,0.5,2.5,10,1.0
pg2_5,90,10,0.7153567894682632,0.6035533905932737,2.1213203435596424,0.7153567894682632,0.6035533905932737,2.1213203435596424,10,1.0
pg2_5,91,10,0.4828427124746191,0.5,0.7071067811865476,0.4828427124746191,0.5,0.7071067811865476,10,1.0
pg2_5,92,10,0.503224755112299,0.5,1.118033988749895,0.503224755112299,0.5,1.118033988749895,10,1.0
pg2_5,93,10,0.6946461113496085,0.7071067811865476,1.4142135623730951,0.6946461113496085,0.7071067811865476,1.4142135623730951,10,1.0
pg2_5,94,10,0.6325140769936443,0.6035533905932737,1.118033988749895,0.6325140769936443,0.6035533905932737,1.118033988749895,10,1.0
pg2_5,95,10,0.8567781457055729,0.7071067811865476,2.8284271247461903,0.8567781457055729,0.7071067811865476,2.8284271247461903,10,1.0
pg2_5,96,10,0.7679242736186127,0.8535533905932737,2.23606797749979,0.7679242736186127,0.8535533905932737,2.23606797749979,10,1.0
pg2_5,97,10,0.673606797749979,0.5,1.5,0.673606797749979,0.5,1.5,10,1.0
pg2_6,2,10,4.057582672469531,4.257321279889025,5.5,4.057582672469531,4.257321279889025,5.5,10,1.0
pg2_6,3,10,0.5320493162393728,0.25,1.5811388300841898,0.5320493162393728,0.25,1.5811388300841898,10,1.0
pg2_6,4,10,0.15,0.0,0.5,0.15,0.0,0.5,10,1.0
pg2_6,5,10,0.1,0.0,0.5,0.1,0.0,0.5,10,1.0
pg2_6,6,10,0.15,0.0,0.5,0.15,0.0,0.5,10,1.0
pg2_6,7,10,0.12071067811865474,0.0,0.7071067811865476,0.12071067811865474,0.0,0.7071067811865476,10,1.0
pg2_6,8,10,0.17071067811865476,0.0,0.7071067811865476,0.17071067811865476,0.0,0.7071067811865476,10,1.0
pg2_6,9,10,0.0,0.0,0.0,0.0,0.0,0.0,10,1.0
pg2_6,10,10,0.2,0.0,0.5,0.2,0.0,0.5,10,1.0
pg2_6,11,10,0.15,0.0,1.0,0.15,0.0,1.0,10,1.0
pg2_6,12,10,0.0,0.0,0.0,0.0,0.0,0.0,10,1.0
pg2_6,13,10,0.0,0.0,0.0,0.0,0.0,0.0,10,1.0
pg2_6,14,10,0.05,0.0,0.5,0.05,0.0,0.5,10,1.0
pg2_6,15,10,0.07071067811865475,0.0,0.7071067811865476,0.07071067811865475,0.0,0.7071067811865476,10,1.0
pg2_6,16,10,0.1,0.0,0.5,0.1,0.0,0.5,10,1.0
pg2_6,17,10,0.0,0.0,0.0,0.0,0.0,0.0,10,1.0
pg2_6,18,10,0.17071067811865476,0.0,0.7071067811865476,0.17071067811865476,0.0,0.7071067811865476,10,1.0
pg2_6,19,10,0.1,0.0,0.5,0.1,0.0,0.5,10,1.0
pg2_6,20,10,0.07071067811865475,0.0,0.7071067811865476,0.07071067811865475,0.0,0.7071067811865476,10,1.0
pg2_6,21,10,0.07071067811865475,0.0,0.7071067811865476,0.07071067811865475,0.0,0.7071067811865476,10,1.0
pg2_6,22,10,0.15,0.0,1.0,0.15,0.0,1.0,10,1.0
pg2_6,23,10,0.25,0.25,0.5,0.25,0.25,0.5,10,1.0
pg2_6,24,10,0.1,0.0,0.5,0.1,0.0,0.5,10,1.0
pg2_6,25,10,0.208113883008419,0.0,1.5811388300841898,0.208113883008419,0.0,1.5811388300841898,10,1.0
pg2_6,26,10,0.32882456112707376,0.0,1.5811388300841898,0.32882456112707376,0.0,1.5811388300841898,10,1.0
pg2_6,27,10,0.5027692569068709,0.0,4.527692569068709,0.5027692569068709,0.0,4.527692569068709,10,1.0
pg2_6,28,10,0.17071067811865476,0.0,0.7071067811865476,0.17071067811865476,0.0,0.7071067811865476,10,1.0
pg2_6,29,10,0.27071067811865474,0.0,1.5,0.27071067811865474,0.0,1.5,10,1.0
pg2_6,30,10,0.12071067811865474,0.0,0.7071067811865476,0.12071067811865474,0.0,0.7071067811865476,10,1.0
pg2_6,31,10,0.1,0.0,0.5,0.1,0.0,0.5,10,1.0
pg2_6,32,10,0.36213203435596425,0.25,1.4142135623730951,0.36213203435596425,0.25,1.4142135623730951,10,1.0
pg2_6,33,10,0.12071067811865474,0.0,0.7071067811865476,0.12071067811865474,0.0,0.7071067811865476,10,1.0
pg2_6,34,10,0.1,0.0,0.5,0.1,0.0,0.5,10,1.0
pg2_6,35,10,0.29142135623730947,0.25,0.7071067811865476,0.29142135623730947,0.25,0.7071067811865476,10,1.0
pg2_6,36,10,0.3,0.25,1.0,0.3,0.25,1.0,10,1.0
pg2_6,37,10,0.25,0.0,1.0,0.25,0.0,1.0,10,1.0
pg2_6,38,10,0.1,0.0,0.5,0.1,0.0,0.5,10,1.0
pg2_6,39,10,0.2118033988749895,0.0,1.118033988749895,0.2118033988749895,0.0,1.118033988749895,10,1.0
pg2_6,40,10,0.1,0.0,0.5,0.1,0.0,0.5,10,1.0
pg2_6,41,10,0.15,0.0,0.5,0.15,0.0,0.5,10,1.0
pg2_6,42,10,0.17071067811865476,0.0,0.7071067811865476,0.17071067811865476,0.0,0.7071067811865476,10,1.0
pg2_6,43,10,0.25,0.0,1.0,0.25,0.0,1.0,10,1.0
pg2_6,44,10,0.25,0.25,0.5,0.25,0.25,0.5,10,1.0
pg2_6,45,10,0.4239354332309537,0.5,1.118033988749895,0.4239354332309537,0.5,1.118033988749895,10,1.0
pg2_6,46,10,0.27071067811865474,0.0,1.0,0.27071067811865474,0.0,1.0,10,1.0
pg2_6,47,10,0.22071067811865475,0.0,1.0,0.22071067811865475,0.0,1.0,10,1.0
pg2_6,48,10,0.4118033988749895,0.0,1.5,0.4118033988749895,0.0,1.5,10,1.0
pg2_6,49,10,0.44757663751819254,0.0,2.0615528128088303,0.44757663751819254,0.0,2.0615528128088303,10,1.0
pg2_6,50,10,0.3207106781186547,0.25,1.0,0.3207106781186547,0.25,1.0,10,1.0
pg2_6,51,10,0.27071067811865474,0.25,0.7071067811865476,0.27071067811865474,0.25,0.7071067811865476,10,1.0
pg2_6,52,10,0.999597280199961,0.25,6.670832032063167,0.999597280199961,0.25,6.670832032063167,10,1.0
pg2_6,53,10,0.4118033988749895,0.25,1.5,0.4118033988749895,0.25,1.5,10,1.0
pg2_6,54,10,0.473606797749979,0.0,1.5,0.473606797749979,0.0,1.5,10,1.0
pg2_6,55,10,0.542080962648189,0.0,1.8027756377319946,0.542080962648189,0.0,1.8027756377319946,10,1.0
pg2_6,56,10,0.893694510299548,0.0,5.70087712549569,0.893694510299548,0.0,5.70087712549569,10,1.0
pg2_6,57,10,0.8353140702742955,0.0,4.272001872658765,0.8353140702742955,0.0,4.272001872658765,10,1.0
pg2_6,58,10,0.8316879009832991,0.0,4.6097722286464435,0.8316879009832991,0.0,4.6097722286464435,10,1.0
pg2_6,59,10,0.5699172818834085,0.0,1.5811388300841898,0.5699172818834085,0.0,1.5811388300841898,10,1.0
pg2_6,60,10,0.6768659593995379,0.5,2.0615528128088303,0.6768659593995379,0.5,2.0615528128088303,10,1.0
pg2_6,61,10,0.8597086718741569,0.75,2.1213203435596424,0.8597086718741569,0.75,2.1213203435596424,10,1.0
pg2_6,62,10,0.49464611134960845,0.0,2.1213203435596424,0.49464611134960845,0.0,2.1213203435596424,10,1.0
pg2_6,63,10,0.5509882418918542,0.0,2.5,0.5509882418918542,0.0,2.5,10,1.0
pg2_6,64,10,0.7440916451025961,0.0,3.2015621187164243,0.7440916451025961,0.0,3.2015621187164243,10,1.0
pg2_6,65,10,0.7239354332309537,0.25,2.5,0.7239354332309537,0.25,2.5,10,1.0
pg2_6,66,10,0.5424095981291637,0.0,2.1213203435596424,0.5424095981291637,0.0,2.1213203435596424,10,1.0
pg2_6,67,10,0.5424095981291637,0.0,2.1213203435596424,0.5424095981291637,0.0,2.1213203435596424,10,1.0
pg2_6,68,10,0.392080962648189,0.0,1.8027756377319946,0.392080962648189,0.0,1.8027756377319946,10,1.0
pg2_6,69,10,0.6949747468305831,0.5,2.1213203435596424,0.6949747468305831,0.5,2.1213203435596424,10,1.0
pg2_6,70,10,0.6542129970041533,0.0,2.1213203435596424,0.6542129970041533,0.0,2.1213203435596424,10,1.0
pg2_6,71,10,0.7475422309809326,0.25,2.23606797749979,0.7475422309809326,0.25,2.23606797749979,10,1.0
pg2_6,72,10,0.6242640687119285,0.0,2.8284271247461903,0.6242640687119285,0.0,2.8284271247461903,10,1.0
pg2_6,73,10,0.8081138830084189,0.0,2.5,0.8081138830084189,0.0,2.5,10,1.0
pg2_6,74,10,0.5835023188854984,0.0,1.8027756377319946,0.5835023188854984,0.0,1.8027756377319946,10,1.0
pg2_6,75,10,0.7505234811375827,0.25,2.1213203435596424,0.7505234811375827,0.25,2.1213203435596424,10,1.0
pg2_6,76,10,0.8001948456566079,0.5,2.5,0.8001948456566079,0.5,2.5,10,1.0
pg2_6,77,10,0.700194845656608,0.0,2.5,0.700194845656608,0.0,2.5,10,1.0
pg2_6,78,10,0.749268451548273,0.25,2.5495097567963922,0.749268451548273,0.25,2.5495097567963922,10,1.0
pg2_6,79,10,0.9307231169823986,0.5,2.9154759474226504,0.9307231169823986,0.5,2.9154759474226504,10,1.0
pg2_6,80,10,0.8655009111368053,0.5590169943749475,2.23606797749979,0.8655009111368053,0.5590169943749475,2.23606797749979,10,1.0
pg2_6,81,10,0.7984750553130266,0.25,2.5495097567963922,0.7984750553130266,0.25,2.5495097567963922,10,1.0
pg2_6,82,10,0.9354860063735633,0.5,2.692582403567252,0.9354860063735633,0.5,2.692582403567252,10,1.0
pg2_6,83,10,0.7965164535854907,0.0,2.5495097567963922,0.7965164535854907,0.0,2.5495097567963922,10,1.0
pg2_6,84,10,0.7854101966249685,0.5,2.23606797749979,0.7854101966249685,0.5,2.23606797749979,10,1.0
pg2_6,85,10,0.8802332604808638,0.0,3.640054944640259,0.8802332604808638,0.0,3.640054944640259,10,1.0
pg2_6,86,10,0.9068557260189012,0.6035533905932737,3.1622776601683795,0.9068557260189012,0.6035533905932737,3.1622776601683795,10,1.0
pg2_6,87,10,0.8653567894682632,0.0,3.5355339059327378,0.8653567894682632,0.0,3.5355339059327378,10,1.0
pg2_6,88,10,0.8280311648918275,0.5,3.1622776601683795,0.8280311648918275,0.5,3.1622776601683795,10,1.0
pg2_6,89,10,0.9734706724766824,0.5,3.5355339059327378,0.9734706724766824,0.5,3.5355339059327378,10,1.0
pg2_6,90,10,0.8465053297900373,0.25,3.1622776601683795,0.8465053297900373,0.25,3.1622776601683795,10,1.0
pg2_6,91,10,0.7159415253899004,0.0,3.0413812651491097,0.7159415253899004,0.0,3.0413812651491097,10,1.0
pg2_6,92,10,1.030233260480864,0.25,3.640054944640259,1.030233260480864,0.25,3.640054944640259,10,1.0
pg2_6,93,10,0.9163901360382409,0.25,3.0413812651491097,0.9163901360382409,0.25,3.0413812651491097,10,1.0
pg2_6,94,10,0.7667543745546287,0.25,2.5495097567963922,0.7667543745546287,0.25,2.5495097567963922,10,1.0
pg2_6,95,10,1.0551263684067653,0.6035533905932737,3.0413812651491097,1.0551263684067653,0.6035533905932737,3.0413812651491097,10,1.0
pg2_6,96,10,0.8081138830084189,0.25,2.5,0.8081138830084189,0.25,2.5,10,1.0
pg2_6,97,10,0.8273721233651441,0.5,2.692582403567252,0.8273721233651441,0.5,2.692582403567252,10,1.0
pg2_7,2,10,2.2500107653364,2.774754878398196,4.6097722286464435,2.2500107653364,2.774754878398196,4.6097722286464435,10,1.0
pg2_7,3,10,0.258113883008419,0.0,1.5811388300841898,0.258113883008419,0.0,1.5811388300841898,10,1.0
pg2_7,4,10,0.1,0.0,0.5,0.1,0.0,0.5,10,1.0
pg2_7,5,10,0.05,0.0,0.5,0.05,0.0,0.5,10,1.0
pg2_7,6,10,0.15,0.0,0.5,0.15,0.0,0.5,10,1.0
pg2_7,7,10,0.15,0.0,0.5,0.15,0.0,0.5,10,1.0
pg2_7,8,10,0.0,0.0,0.0,0.0,0.0,0.0,10,1.0
pg2_7,9,10,0.15,0.0,0.5,0.15,0.0,0.5,10,1.0
pg2_7,10,10,0.1,0.0,0.5,0.1,0.0,0.5,10,1.0
pg2_7,11,10,0.1414213562373095,0.0,0.7071067811865476,0.1414213562373095,0.0,0.7071067811865476,10,1.0
pg2_7,12,10,0.0,0.0,0.0,0.0,0.0,0.0,10,1.0
pg2_7,13,10,0.18027756377319945,0.0,1.8027756377319946,0.18027756377319945,0.0,1.8027756377319946,10,1.0
pg2_7,14,10,0.258113883008419,0.0,1.5811388300841898,0.258113883008419,0.0,1.5811388300841898,10,1.0
pg2_7,15,10,0.12071067811865474,0.0,0.7071067811865476,0.12071067811865474,0.0,0.7071067811865476,10,1.0
pg2_7,16,10,0.15,0.0,1.0,0.15,0.0,1.0,10,1.0
pg2_7,17,10,0.0,0.0,0.0,0.0,0.0,0.0,10,1.0
pg2_7,18,10,0.1118033988749895,0.0,1.118033988749895,0.1118033988749895,0.0,1.118033988749895,10,1.0
pg2_7,19,10,0.15,0.0,0.5,0.15,0.0,0.5,10,1.0
pg2_7,20,10,0.05,0.0,0.5,0.05,0.0,0.5,10,1.0
pg2_7,21,10,0.05,0.0,0.5,0.05,0.0,0.5,10,1.0
pg2_7,22,10,0.1,0.0,0.5,0.1,0.0,0.5,10,1.0
pg2_7,23,10,0.28027756377319946,0.0,1.8027756377319946,0.28027756377319946,0.0,1.8027756377319946,10,1.0
pg2_7,24,10,0.05,0.0,0.5,0.05,0.0,0.5,10,1.0
pg2_7,25,10,0.1,0.0,0.5,0.1,0.0,0.5,10,1.0
pg2_7,26,10,0.1,0.0,0.5,0.1,0.0,0.5,10,1.0
pg2_7,27,10,0.17071067811865476,0.0,0.7071067811865476,0.17071067811865476,0.0,0.7071067811865476,10,1.0
pg2_7,28,10,0.8069043842105283,0.0,3.5355339059327378,0.8069043842105283,0.0,3.5355339059327378,10,1.0
pg2_7,29,10,0.15,0.0,0.5,0.15,0.0,0.5,10,1.0
pg2_7,30,10,0.2618033988749895,0.0,1.118033988749895,0.2618033988749895,0.0,1.118033988749895,10,1.0
pg2_7,31,10,0.38284271247461904,0.0,2.8284271247461903,0.38284271247461904,0.0,2.8284271247461903,10,1.0
pg2_7,32,10,0.31213203435596426,0.0,2.1213203435596424,0.31213203435596426,0.0,2.1213203435596424,10,1.0
pg2_7,33,10,0.1,0.0,0.5,0.1,0.0,0.5,10,1.0
pg2_7,34,10,0.29142135623730947,0.25,0.7071067811865476,0.29142135623730947,0.25,0.7071067811865476,10,1.0
pg2_7,35,10,0.17071067811865476,0.0,0.7071067811865476,0.17071067811865476,0.0,0.7071067811865476,10,1.0
pg2_7,36,10,0.12071067811865474,0.0,0.7071067811865476,0.12071067811865474,0.0,0.7071067811865476,10,1.0
pg2_7,37,10,0.17071067811865476,0.0,0.7071067811865476,0.17071067811865476,0.0,0.7071067811865476,10,1.0
pg2_7,38,10,0.15,0.0,0.5,0.15,0.0,0.5,10,1.0
pg2_7,39,10,0.22071067811865475,0.0,1.0,0.22071067811865475,0.0,1.0,10,1.0
pg2_7,40,10,0.22071067811865475,0.0,0.7071067811865476,0.22071067811865475,0.0,0.7071067811865476,10,1.0
pg2_7,41,10,0.27071067811865474,0.0,1.0,0.27071067811865474,0.0,1.0,10,1.0
pg2_7,42,10,0.4061552812808831,0.25,2.0615528128088303,0.4061552812808831,0.25,2.0615528128088303,10,1.0
pg2_7,43,10,0.27071067811865474,0.0,1.0,0.27071067811865474,0.0,1.0,10,1.0
pg2_7,44,10,0.2,0.0,1.0,0.2,0.0,1.0,10,1.0
pg2_7,45,10,0.3,0.25,1.0,0.3,0.25,1.0,10,1.0
pg2_7,46,10,0.4914213562373095,0.5,1.0,0.4914213562373095,0.5,1.0,10,1.0
pg2_7,47,10,0.37360679774997896,0.25,1.118033988749895,0.37360679774997896,0.25,1.118033988749895,10,1.0
pg2_7,48,10,0.36180339887498947,0.0,1.5,0.36180339887498947,0.0,1.5,10,1.0
pg2_7,49,10,0.4325140769936443,0.5,1.118033988749895,0.4325140769936443,0.5,1.118033988749895,10,1.0
pg2_7,50,10,1.2665324088877175,0.5,8.54400374531753,1.2665324088877175,0.5,8.54400374531753,10,1.0
pg2_7,51,10,0.4825140769936443,0.5,1.118033988749895,0.4825140769936443,0.5,1.118033988749895,10,1.0
pg2_7,52,10,0.5150281539872885,0.5,1.118033988749895,0.5150281539872885,0.5,1.118033988749895,10,1.0
pg2_7,53,10,0.4943174758686338,0.5,1.118033988749895,0.4943174758686338,0.5,1.118033988749895,10,1.0
pg2_7,54,10,0.6883914467816185,0.5,1.8027756377319946,0.6883914467816185,0.5,1.8027756377319946,10,1.0
pg2_7,55,10,0.589834563766817,0.25,1.5811388300841898,0.589834563766817,0.25,1.5811388300841898,10,1.0
pg2_7,56,10,0.6264011986452663,0.6035533905932737,2.0615528128088303,0.6264011986452663,0.6035533905932737,2.0615528128088303,10,1.0
pg2_7,57,10,1.1783406140236545,0.75,5.522680508593631,1.1783406140236545,0.75,5.522680508593631,10,1.0
pg2_7,58,10,0.666227766016838,0.5,1.5811388300841898,0.666227766016838,0.5,1.5811388300841898,10,1.0
pg2_7,59,10,0.737875962039281,0.5,2.0615528128088303,0.737875962039281,0.5,2.0615528128088303,10,1.0
pg2_7,60,10,0.7364328450540826,0.5,2.0615528128088303,0.7364328450540826,0.5,2.0615528128088303,10,1.0
pg2_7,61,10,0.8482362439290722,1.0,2.0615528128088303,0.8482362439290722,1.0,2.0615528128088303,10,1.0
pg2_7,62,10,0.8378759620392809,0.75,2.23606797749979,0.8378759620392809,0.75,2.23606797749979,10,1.0
pg2_7,63,10,0.7841864461727105,0.75,2.0615528128088303,0.7841864461727105,0.75,2.0615528128088303,10,1.0
pg2_7,64,10,0.8305968784774432,0.75,2.692582403567252,0.8305968784774432,0.75,2.692582403567252,10,1.0
pg2_7,65,10,0.8537319187990755,0.7071067811865476,2.0615528128088303,0.8537319187990755,0.7071067811865476,2.0615528128088303,10,1.0
pg2_7,66,10,0.8122761560245063,0.6035533905932737,2.23606797749979,0.8122761560245063,0.6035533905932737,2.23606797749979,10,1.0
pg2_7,67,10,0.8495352392457285,0.7071067811865476,2.5,0.8495352392457285,0.7071067811865476,2.5,10,1.0
pg2_7,68,10,0.7268659593995379,0.5,2.0615528128088303,0.7268659593995379,0.5,2.0615528128088303,10,1.0
pg2_7,69,10,0.9240616717359093,0.6035533905932737,2.9154759474226504,0.9240616717359093,0.6035533905932737,2.9154759474226504,10,1.0
pg2_7,70,10,0.7472135954999579,0.25,2.5,0.7472135954999579,0.25,2.5,10,1.0
pg2_7,71,10,0.8565757487295536,0.7071067811865476,2.9154759474226504,0.8565757487295536,0.7071067811865476,2.9154759474226504,10,1.0
pg2_7,72,10,0.8224829954690243,0.6035533905932737,2.692582403567252,0.8224829954690243,0.6035533905932737,2.692582403567252,10,1.0
pg2_7,73,10,0.765154392492244,0.0,2.9154759474226504,0.765154392492244,0.0,2.9154759474226504,10,1.0
pg2_7,74,10,0.921698920010509,0.5,2.5,0.921698920010509,0.5,2.5,10,1.0
pg2_7,75,10,1.1478708664619075,1.118033988749895,2.5,1.1478708664619075,1.118033988749895,2.5,10,1.0
pg2_7,76,10,1.1080194305989481,0.8090169943749475,2.9154759474226504,1.1080194305989481,0.8090169943749475,2.9154759474226504,10,1.0
pg2_7,77,10,1.1478708664619075,1.118033988749895,2.5,1.1478708664619075,1.118033988749895,2.5,10,1.0
pg2_7,78,10,1.0061208747436232,0.6035533905932737,2.5,1.0061208747436232,0.6035533905932737,2.5,10,1.0
pg2_7,79,10,0.8972135954999579,0.75,2.5,0.8972135954999579,0.75,2.5,10,1.0
pg2_7,80,10,23.58534512233914,1.3090169943749475,113.81783691495811,1.2543392355091088,1.0590169943749475,3.0,8,0.8
pg2_7,81,10,0.8389635872182423,0.5,2.8284271247461903,0.8389635872182423,0.5,2.8284271247461903,10,1.0
pg2_7,82,10,1.1421883423305412,0.8535533905932737,3.3541019662496847,1.1421883423305412,0.8535533905932737,3.3541019662496847,10,1.0
pg2_7,83,10,1.1133498854593213,0.9125703849682212,3.2015621187164243,1.1133498854593213,0.9125703849682212,3.2015621187164243,10,1.0
pg2_7,84,10,1.0516379626418064,0.8090169943749475,3.1622776601683795,1.0516379626418064,0.8090169943749475,3.1622776601683795,10,1.0
pg2_7,85,10,0.9571091166354775,0.75,3.3541019662496847,0.9571091166354775,0.75,3.3541019662496847,10,1.0
pg2_7,86,10,0.9019665981227811,0.8535533905932737,2.23606797749979,0.9019665981227811,0.8535533905932737,2.23606797749979,10,1.0
pg2_7,87,10,1.1158826060547757,0.8090169943749475,3.3541019662496847,1.1158826060547757,0.8090169943749475,3.3541019662496847,10,1.0
pg2_7,88,10,0.9798746508024472,0.8090169943749475,2.5495097567963922,0.9798746508024472,0.8090169943749475,2.5495097567963922,10,1.0
pg2_7,89,10,1.0078439679107556,0.8535533905932737,3.1622776601683795,1.0078439679107556,0.8535533905932737,3.1622776601683795,10,1.0
pg2_7,90,10,1.945396846830252,1.2071067811865475,9.513148795220223,1.945396846830252,1.2071067811865475,9.513148795220223,10,1.0
pg2_7,91,10,1.2028554567275285,1.3495864094170424,3.1622776601683795,1.2028554567275285,1.3495864094170424,3.1622776601683795,10,1.0
pg2_7,92,10,1.1215120707491464,1.266123775561495,2.5,1.1215120707491464,1.266123775561495,2.5,10,1.0
pg2_7,93,10,1.2605551275463989,1.8027756377319946,2.5,1.2605551275463989,1.8027756377319946,2.5,10,1.0
pg2_7,94,10,1.140956595483038,1.4142135623730951,2.5,1.140956595483038,1.4142135623730951,2.5,10,1.0
pg2_7,95,10,1.018669010554818,1.040569415042095,2.5,1.018669010554818,1.040569415042095,2.5,10,1.0
pg2_7,96,10,0.9551458213362473,0.8090169943749475,2.5495097567963922,0.9551458213362473,0.8090169943749475,2.5495097567963922,10,1.0
pg2_7,97,10,1.3433667606005728,0.9571067811865476,5.852349955359813,1.3433667606005728,0.9571067811865476,5.852349955359813,10,1.0
pg2_8,2,10,1.4743737838432107,1.7071067811865475,3.3541019662496847,1.4743737838432107,1.7071067811865475,3.3541019662496847,10,1.0
pg2_8,3,10,0.15,0.0,1.0,0.15,0.0,1.0,10,1.0
pg2_8,4,10,0.05,0.0,0.5,0.05,0.0,0.5,10,1.0
pg2_8,5,10,0.12071067811865474,0.0,0.7071067811865476,0.12071067811865474,0.0,0.7071067811865476,10,1.0
pg2_8,6,10,0.1,0.0,0.5,0.1,0.0,0.5,10,1.0
pg2_8,7,10,0.05,0.0,0.5,0.05,0.0,0.5,10,1.0
pg2_8,8,10,0.1,0.0,0.5,0.1,0.0,0.5,10,1.0
pg2_8,9,10,0.0,0.0,0.0,0.0,0.0,0.0,10,1.0
pg2_8,10,10,0.0,0.0,0.0,0.0,0.0,0.0,10,1.0
pg2_8,11,10,0.15,0.0,0.5,0.15,0.0,0.5,10,1.0
pg2_8,12,10,0.05,0.0,0.5,0.05,0.0,0.5,10,1.0
pg2_8,13,10,0.05,0.0,0.5,0.05,0.0,0.5,10,1.0
pg2_8,14,10,0.15,0.0,1.5,0.15,0.0,1.5,10,1.0
pg2_8,15,10,0.0,0.0,0.0,0.0,0.0,0.0,10,1.0
pg2_8,16,10,0.23027756377319947,0.0,1.8027756377319946,0.23027756377319947,0.0,1.8027756377319946,10,1.0
pg2_8,17,10,0.223606797749979,0.0,2.23606797749979,0.223606797749979,0.0,2.23606797749979,10,1.0
pg2_8,18,10,0.0,0.0,0.0,0.0,0.0,0.0,10,1.0
pg2_8,19,10,0.27071067811865474,0.25,0.7071067811865476,0.27071067811865474,0.25,0.7071067811865476,10,1.0
pg2_8,20,10,0.15,0.0,1.0,0.15,0.0,1.0,10,1.0
pg2_8,21,10,0.07071067811865475,0.0,0.7071067811865476,0.07071067811865475,0.0,0.7071067811865476,10,1.0
pg2_8,22,10,0.0,0.0,0.0,0.0,0.0,0.0,10,1.0
pg2_8,23,10,0.35615528128088303,0.0,2.0615528128088303,0.35615528128088303,0.0,2.0615528128088303,10,1.0
pg2_8,24,10,0.25,0.0,2.5,0.25,0.0,2.5,10,1.0
pg2_8,25,10,0.1,0.0,0.5,0.1,0.0,0.5,10,1.0
pg2_8,26,10,0.1,0.0,0.5,0.1,0.0,0.5,10,1.0
pg2_8,27,10,0.1,0.0,0.5,0.1,0.0,0.5,10,1.0
pg2_8,28,10,0.1414213562373095,0.0,1.4142135623730951,0.1414213562373095,0.0,1.4142135623730951,10,1.0
pg2_8,29,10,0.1,0.0,0.5,0.1,0.0,0.5,10,1.0
pg2_8,30,10,0.25,0.0,1.0,0.25,0.0,1.0,10,1.0
pg2_8,31,10,0.3414213562373095,0.5,0.7071067811865476,0.3414213562373095,0.5,0.7071067811865476,10,1.0
pg2_8,32,10,0.05,0.0,0.5,0.05,0.0,0.5,10,1.0
pg2_8,33,10,0.1,0.0,0.5,0.1,0.0,0.5,10,1.0
pg2_8,34,10,1.1719647437309761,0.0,8.276472678623424,1.1719647437309761,0.0,8.276472678623424,10,1.0
pg2_8,35,10,0.5207106781186548,0.5,2.0,0.5207106781186548,0.5,2.0,10,1.0
pg2_8,36,10,0.35,0.0,2.0,0.35,0.0,2.0,10,1.0
pg2_8,37,10,1.704941209459271,0.5,9.013878188659973,1.704941209459271,0.5,9.013878188659973,10,1.0
pg2_8,38,10,0.5009882418918542,0.5,1.8027756377319946,0.5009882418918542,0.5,1.8027756377319946,10,1.0
pg2_8,39,10,0.38251407699364426,0.25,1.118033988749895,0.38251407699364426,0.25,1.118033988749895,10,1.0
pg2_8,40,10,0.7297276724936023,0.25,4.47213595499958,0.7297276724936023,0.25,4.47213595499958,10,1.0
pg2_8,41,10,0.8948246395554105,0.6035533905932737,4.123105625617661,0.8948246395554105,0.6035533905932737,4.123105625617661,10,1.0
pg2_8,42,10,0.3118033988749895,0.0,1.118033988749895,0.3118033988749895,0.0,1.118033988749895,10,1.0
pg2_8,43,10,0.5325140769936443,0.25,2.5,0.5325140769936443,0.25,2.5,10,1.0
pg2_8,44,10,0.8008013926304915,0.7071067811865476,2.0615528128088303,0.8008013926304915,0.7071067811865476,2.0615528128088303,10,1.0
pg2_8,45,10,0.7358650706108987,0.5,2.9154759474226504,0.7358650706108987,0.5,2.9154759474226504,10,1.0
pg2_8,46,10,1.0701562118716423,0.5,3.5,1.0701562118716423,0.5,3.5,10,1.0
pg2_8,47,10,1.571840706230121,0.8535533905932737,7.0,1.571840706230121,0.8535533905932737,7.0,10,1.0
pg2_8,48,10,0.8908228056586711,0.8535533905932737,2.23606797749979,0.8908228056586711,0.8535533905932737,2.23606797749979,10,1.0
pg2_8,49,10,1.1319641746198985,0.5,3.640054944640259,1.1319641746198985,0.5,3.640054944640259,10,1.0
pg2_8,50,10,1.0779804397963475,1.0,2.9154759474226504,1.0779804397963475,1.0,2.9154759474226504,10,1.0
pg2_8,51,10,0.7906279600020631,0.8535533905932737,2.5,0.7906279600020631,0.8535533905932737,2.5,10,1.0
pg2_8,52,10,0.7119982445315974,0.75,1.8027756377319946,0.7119982445315974,0.75,1.8027756377319946,10,1.0
pg2_8,53,10,1.0731420369957074,1.0590169943749475,2.5,1.0731420369957074,1.0590169943749475,2.5,10,1.0
pg2_8,54,10,1.0001948456566079,1.0,2.0,1.0001948456566079,1.0,2.0,10,1.0
pg2_8,55,10,0.8435240796333876,0.5,2.23606797749979,0.8435240796333876,0.5,2.23606797749979,10,1.0
pg2_8,56,10,1.0495352392457284,1.2071067811865475,2.0,1.0495352392457284,1.2071067811865475,2.0,10,1.0
pg2_8,57,10,1.1184314373053894,1.118033988749895,2.0615528128088303,1.1184314373053894,1.118033988749895,2.0615528128088303,10,1.0
pg2_8,58,10,1.3325820599257987,1.4571067811865475,4.527692569068709,1.3325820599257987,1.4571067811865475,4.527692569068709,10,1.0
pg2_8,59,10,1.118482161293455,1.266123775561495,2.0615528128088303,1.118482161293455,1.266123775561495,2.0615528128088303,10,1.0
pg2_8,60,10,1.0583087286650268,1.3090169943749475,2.0,1.0583087286650268,1.3090169943749475,2.0,10,1.0
pg2_8,61,10,1.1603682782850364,1.266123775561495,2.5,1.1603682782850364,1.266123775561495,2.5,10,1.0
pg2_8,62,10,0.981720680758398,1.118033988749895,2.0,0.981720680758398,1.118033988749895,2.0,10,1.0
pg2_8,63,10,1.1845769294372044,0.9125703849682212,2.8284271247461903,1.1845769294372044,0.9125703849682212,2.8284271247461903,10,1.0
pg2_8,64,10,0.9154830279732188,0.8535533905932737,2.9154759474226504,0.9154830279732188,0.8535533905932737,2.9154759474226504,10,1.0
pg2_8,65,10,1.0296259537575652,0.9125703849682212,2.8284271247461903,1.0296259537575652,0.9125703849682212,2.8284271247461903,10,1.0
pg2_8,66,10,0.9433978400210179,0.5,2.8284271247461903,0.9433978400210179,0.5,2.8284271247461903,10,1.0
pg2_8,67,10,0.9338309543664731,0.6035533905932737,2.8284271247461903,0.9338309543664731,0.6035533905932737,2.8284271247461903,10,1.0
pg2_8,68,10,1.0919448373748921,0.8535533905932737,2.8284271247461903,1.0919448373748921,0.8535533905932737,2.8284271247461903,10,1.0
pg2_8,69,10,1.1812658056650536,1.2549412094592711,2.5,1.1812658056650536,1.2549412094592711,2.5,10,1.0
pg2_8,70,10,1.2150413424717665,0.9571067811865476,3.605551275463989,1.2150413424717665,0.9571067811865476,3.605551275463989,10,1.0
pg2_8,71,10,1.2526702888652868,1.0590169943749475,3.2015621187164243,1.2526702888652868,1.0590169943749475,3.2015621187164243,10,1.0
pg2_8,72,10,1.3456343532414627,1.4604048132409448,3.5355339059327378,1.3456343532414627,1.4604048132409448,3.5355339059327378,10,1.0
pg2_8,73,10,1.524485769586385,1.5811388300841898,3.605551275463989,1.524485769586385,1.5811388300841898,3.605551275463989,10,1.0
pg2_8,74,10,1.4000587203833113,1.5811388300841898,3.5355339059327378,1.4000587203833113,1.5811388300841898,3.5355339059327378,10,1.0
pg2_8,75,10,1.4337319280970013,1.25,3.2015621187164243,1.4337319280970013,1.25,3.2015621187164243,10,1.0
pg2_8,76,10,1.2441836849368528,0.8090169943749475,3.605551275463989,1.2441836849368528,0.8090169943749475,3.605551275463989,10,1.0
pg2_8,77,10,1.024923675122808,1.266123775561495,2.0,1.024923675122808,1.266123775561495,2.0,10,1.0
pg2_8,78,10,1.1027599943580273,1.266123775561495,2.5,1.1027599943580273,1.266123775561495,2.5,10,1.0
pg2_8,79,10,1.0356050422815763,1.118033988749895,2.23606797749979,1.0356050422815763,1.118033988749895,2.23606797749979,10,1.0
pg2_8,80,10,1.0859336777625512,1.0590169943749475,2.23606797749979,1.0859336777625512,1.0590169943749475,2.23606797749979,10,1.0
pg2_8,81,10,1.1312559200041263,1.2071067811865475,2.5,1.1312559200041263,1.2071067811865475,2.5,10,1.0
pg2_8,82,10,0.9768315528622779,1.0590169943749475,2.23606797749979,0.9768315528622779,1.0590169943749475,2.23606797749979,10,1.0
pg2_8,83,10,1.2645639581172132,1.2071067811865475,2.692582403567252,1.2645639581172132,1.2071067811865475,2.692582403567252,10,1.0
pg2_8,84,10,1.122482995469024,1.0590169943749475,2.692582403567252,1.122482995469024,1.0590169943749475,2.692582403567252,10,1.0
pg2_8,85,10,1.185150167188232,1.4013878188659974,2.23606797749979,1.185150167188232,1.4013878188659974,2.23606797749979,10,1.0
pg2_8,86,10,1.2349460007548934,1.3090169943749475,2.692582403567252,1.2349460007548934,1.3090169943749475,2.692582403567252,10,1.0
pg2_8,87,10,1.061667838485889,1.0,2.692582403567252,1.061667838485889,1.0,2.692582403567252,10,1.0
pg2_8,88,10,1.3508270432752165,1.0,2.692582403567252,1.3508270432752165,1.0,2.692582403567252,10,1.0
pg2_8,89,10,1.0583705764485463,0.9571067811865476,2.5495097567963922,1.0583705764485463,0.9571067811865476,2.5495097567963922,10,1.0
pg2_8,90,10,1.3312564848883226,1.290569415042095,2.692582403567252,1.3312564848883226,1.290569415042095,2.692582403567252,10,1.0
pg2_8,91,10,1.200281779200656,1.0590169943749475,2.692582403567252,1.200281779200656,1.0590169943749475,2.692582403567252,10,1.0
pg2_8,92,10,1.1781484302351068,1.2071067811865475,2.8284271247461903,1.1781484302351068,1.2071067811865475,2.8284271247461903,10,1.0
pg2_8,93,10,1.1184332941278532,1.266123775561495,3.2015621187164243,1.1184332941278532,1.266123775561495,3.2015621187164243,10,1.0
pg2_8,94,10,1.1708402194471614,1.040569415042095,2.9154759474226504,1.1708402194471614,1.040569415042095,2.9154759474226504,10,1.0
pg2_8,95,10,0.9814948499923604,0.75,3.2015621187164243,0.9814948499923604,0.75,3.2015621187164243,10,1.0
pg2_8,96,10,1.1757203741816051,1.1441228056353687,2.8284271247461903,1.1757203741816051,1.1441228056353687,2.8284271247461903,10,1.0
pg2_8,97,10,1.0814948499923605,1.0590169943749475,3.2015621187164243,1.0814948499923605,1.0590169943749475,3.2015621187164243,10,1.0
pg2_9,2,10,6.346052840410842,6.404787276917537,8.06225774829855,6.346052840410842,6.404787276917537,8.06225774829855,10,1.0
pg2_9,3,10,0.2,0.0,1.0,0.2,0.0,1.0,10,1.0
pg2_9,4,10,0.22071067811865475,0.0,0.7071067811865476,0.22071067811865475,0.0,0.7071067811865476,10,1.0
pg2_9,5,10,0.35,0.5,1.0,0.35,0.5,1.0,10,1.0
pg2_9,6,10,0.27071067811865474,0.25,0.7071067811865476,0.27071067811865474,0.25,0.7071067811865476,10,1.0
pg2_9,7,10,0.27071067811865474,0.25,0.7071067811865476,0.27071067811865474,0.25,0.7071067811865476,10,1.0
pg2_9,8,10,0.22071067811865475,0.0,1.0,0.22071067811865475,0.0,1.0,10,1.0
pg2_9,9,10,0.05,0.0,0.5,0.05,0.0,0.5,10,1.0
pg2_9,10,10,0.15,0.0,0.5,0.15,0.0,0.5,10,1.0
pg2_9,11,10,0.22071067811865475,0.0,0.7071067811865476,0.22071067811865475,0.0,0.7071067811865476,10,1.0
pg2_9,12,10,0.05,0.0,0.5,0.05,0.0,0.5,10,1.0
pg2_9,13,10,0.1,0.0,0.5,0.1,0.0,0.5,10,1.0
pg2_9,14,10,0.1,0.0,0.5,0.1,0.0,0.5,10,1.0
pg2_9,15,10,0.23251407699364424,0.0,1.118033988749895,0.23251407699364424,0.0,1.118033988749895,10,1.0
pg2_9,16,10,0.1,0.0,0.5,0.1,0.0,0.5,10,1.0
pg2_9,17,10,0.2118033988749895,0.0,1.118033988749895,0.2118033988749895,0.0,1.118033988749895,10,1.0
pg2_9,18,10,0.45355339059327376,0.0,2.8284271247461903,0.45355339059327376,0.0,2.8284271247461903,10,1.0
pg2_9,19,10,0.05,0.0,0.5,0.05,0.0,0.5,10,1.0
pg2_9,20,10,0.22071067811865475,0.0,0.7071067811865476,0.22071067811865475,0.0,0.7071067811865476,10,1.0
pg2_9,21,10,0.6,0.0,5.0,0.6,0.0,5.0,10,1.0
pg2_9,22,10,0.1,0.0,0.5,0.1,0.0,0.5,10,1.0
pg2_9,23,10,0.15,0.0,1.0,0.15,0.0,1.0,10,1.0
pg2_9,24,10,0.15,0.0,0.5,0.15,0.0,0.5,10,1.0
pg2_9,25,10,0.22071067811865475,0.0,0.7071067811865476,0.22071067811865475,0.0,0.7071067811865476,10,1.0
pg2_9,26,10,0.1,0.0,0.5,0.1,0.0,0.5,10,1.0
pg2_9,27,10,0.15,0.0,0.5,0.15,0.0,0.5,10,1.0
pg2_9,28,10,0.05,0.0,0.5,0.05,0.0,0.5,10,1.0
pg2_9,29,10,0.0,0.0,0.0,0.0,0.0,0.0,10,1.0
pg2_9,30,10,0.1,0.0,0.5,0.1,0.0,0.5,10,1.0
pg2_9,31,10,0.5238235655335822,0.0,4.031128874149275,0.5238235655335822,0.0,4.031128874149275,10,1.0
pg2_9,32,10,0.0,0.0,0.0,0.0,0.0,0.0,10,1.0
pg2_9,33,10,0.15,0.0,0.5,0.15,0.0,0.5,10,1.0
pg2_9,34,10,0.15,0.0,0.5,0.15,0.0,0.5,10,1.0
pg2_9,35,10,0.25,0.0,1.0,0.25,0.0,1.0,10,1.0
pg2_9,36,10,0.1118033988749895,0.0,1.118033988749895,0.1118033988749895,0.0,1.118033988749895,10,1.0
pg2_9,37,10,0.0,0.0,0.0,0.0,0.0,0.0,10,1.0
pg2_9,38,10,0.22071067811865475,0.0,0.7071067811865476,0.22071067811865475,0.0,0.7071067811865476,10,1.0
pg2_9,39,10,0.3,0.25,1.0,0.3,0.25,1.0,10,1.0
pg2_9,40,10,0.0,0.0,0.0,0.0,0.0,0.0,10,1.0
pg2_9,41,10,0.2,0.0,0.5,0.2,0.0,0.5,10,1.0
pg2_9,42,10,0.2,0.0,0.5,0.2,0.0,0.5,10,1.0
pg2_9,43,10,0.12071067811865474,0.0,0.7071067811865476,0.12071067811865474,0.0,0.7071067811865476,10,1.0
pg2_9,44,10,0.17071067811865476,0.0,0.7071067811865476,0.17071067811865476,0.0,0.7071067811865476,10,1.0
pg2_9,45,10,0.12071067811865474,0.0,0.7071067811865476,0.12071067811865474,0.0,0.7071067811865476,10,1.0
pg2_9,46,10,0.12071067811865474,0.0,0.7071067811865476,0.12071067811865474,0.0,0.7071067811865476,10,1.0
pg2_9,47,10,0.3118033988749895,0.0,1.118033988749895,0.3118033988749895,0.0,1.118033988749895,10,1.0
pg2_9,48,10,0.2,0.0,0.5,0.2,0.0,0.5,10,1.0
pg2_9,49,10,0.1,0.0,0.5,0.1,0.0,0.5,10,1.0
pg2_9,50,10,0.3325140769936442,0.0,1.118033988749895,0.3325140769936442,0.0,1.118033988749895,10,1.0
pg2_9,51,10,0.25,0.0,1.0,0.25,0.0,1.0,10,1.0
pg2_9,52,10,0.07071067811865475,0.0,0.7071067811865476,0.07071067811865475,0.0,0.7071067811865476,10,1.0
pg2_9,53,10,0.5042129970041531,0.0,1.8027756377319946,0.5042129970041531,0.0,1.8027756377319946,10,1.0
pg2_9,54,10,0.5288245611270737,0.5,1.5811388300841898,0.5288245611270737,0.5,1.5811388300841898,10,1.0
pg2_9,55,10,0.3207106781186547,0.25,1.0,0.3207106781186547,0.25,1.0,10,1.0
pg2_9,56,10,0.24142135623730948,0.0,1.4142135623730951,0.24142135623730948,0.0,1.4142135623730951,10,1.0
pg2_9,57,10,0.1914213562373095,0.0,0.7071067811865476,0.1914213562373095,0.0,0.7071067811865476,10,1.0
pg2_9,58,10,0.22071067811865475,0.0,1.0,0.22071067811865475,0.0,1.0,10,1.0
pg2_9,59,10,0.17071067811865476,0.0,0.7071067811865476,0.17071067811865476,0.0,0.7071067811865476,10,1.0
pg2_9,60,10,0.2,0.0,0.5,0.2,0.0,0.5,10,1.0
pg2_9,61,10,0.1,0.0,0.5,0.1,0.0,0.5,10,1.0
pg2_9,62,10,0.2,0.0,1.0,0.2,0.0,1.0,10,1.0
pg2_9,63,10,0.15,0.0,0.5,0.15,0.0,0.5,10,1.0
pg2_9,64,10,0.27071067811865474,0.0,1.5,0.27071067811865474,0.0,1.5,10,1.0
pg2_9,65,10,0.15,0.0,1.5,0.15,0.0,1.5,10,1.0
pg2_9,66,10,0.36180339887498947,0.0,1.5,0.36180339887498947,0.0,1.5,10,1.0
pg2_9,67,10,0.2,0.0,2.0,0.2,0.0,2.0,10,1.0
pg2_9,68,10,0.2825140769936442,0.0,1.118033988749895,0.2825140769936442,0.0,1.118033988749895,10,1.0
pg2_9,69,10,0.2618033988749895,0.0,1.118033988749895,0.2618033988749895,0.0,1.118033988749895,10,1.0
pg2_9,70,10,0.2,0.0,1.0,0.2,0.0,1.0,10,1.0
pg2_9,71,10,0.4118033988749895,0.5,1.118033988749895,0.4118033988749895,0.5,1.118033988749895,10,1.0
pg2_9,72,10,0.2118033988749895,0.0,1.118033988749895,0.2118033988749895,0.0,1.118033988749895,10,1.0
pg2_9,73,10,0.17071067811865476,0.0,1.0,0.17071067811865476,0.0,1.0,10,1.0
pg2_9,74,10,0.2825140769936442,0.0,1.118033988749895,0.2825140769936442,0.0,1.118033988749895,10,1.0
pg2_9,75,10,0.16180339887498948,0.0,1.118033988749895,0.16180339887498948,0.0,1.118033988749895,10,1.0
pg2_9,76,10,0.23251407699364424,0.0,1.118033988749895,0.23251407699364424,0.0,1.118033988749895,10,1.0
pg2_9,77,10,0.07071067811865475,0.0,0.7071067811865476,0.07071067811865475,0.0,0.7071067811865476,10,1.0
pg2_9,78,10,0.2618033988749895,0.0,1.118033988749895,0.2618033988749895,0.0,1.118033988749895,10,1.0
pg2_9,79,10,0.2825140769936442,0.0,1.118033988749895,0.2825140769936442,0.0,1.118033988749895,10,1.0
pg2_9,80,10,0.2,0.0,0.5,0.2,0.0,0.5,10,1.0
pg2_9,81,10,0.1,0.0,0.5,0.1,0.0,0.5,10,1.0
pg2_9,82,10,0.1914213562373095,0.0,0.7071067811865476,0.1914213562373095,0.0,0.7071067811865476,10,1.0
pg2_9,83,10,0.12071067811865474,0.0,0.7071067811865476,0.12071067811865474,0.0,0.7071067811865476,10,1.0
pg2_9,84,10,0.07071067811865475,0.0,0.7071067811865476,0.07071067811865475,0.0,0.7071067811865476,10,1.0
pg2_9,85,10,0.15,0.0,0.5,0.15,0.0,0.5,10,1.0
pg2_9,86,10,0.15,0.0,1.0,0.15,0.0,1.0,10,1.0
pg2_9,87,10,0.05,0.0,0.5,0.05,0.0,0.5,10,1.0
pg2_9,88,10,0.15,0.0,1.0,0.15,0.0,1.0,10,1.0
pg2_9,89,10,0.17071067811865476,0.0,0.7071067811865476,0.17071067811865476,0.0,0.7071067811865476,10,1.0
pg2_9,90,10,0.07071067811865475,0.0,0.7071067811865476,0.07071067811865475,0.0,0.7071067811865476,10,1.0
pg2_9,91,10,0.2118033988749895,0.0,1.118033988749895,0.2118033988749895,0.0,1.118033988749895,10,1.0
pg2_9,92,10,0.30615528128088304,0.0,2.0615528128088303,0.30615528128088304,0.0,2.0615528128088303,10,1.0
pg2_9,93,10,0.05,0.0,0.5,0.05,0.0,0.5,10,1.0
pg2_9,94,10,0.1,0.0,0.5,0.1,0.0,0.5,10,1.0
pg2_9,95,10,0.05,0.0,0.5,0.05,0.0,0.5,10,1.0
pg2_9,96,10,0.1,0.0,0.5,0.1,0.0,0.5,10,1.0
pg2_9,97,10,0.05,0.0,0.5,0.05,0.0,0.5,10,1.0
pg3_1,2,10,4.010011466395082,4.015564437074637,6.5,4.010011466395082,4.015564437074637,6.5,10,1.0
pg3_1,3,10,0.4621320343559643,0.0,2.0,0.4621320343559643,0.0,2.0,10,1.0
pg3_1,4,10,0.38541019662496845,0.0,2.23606797749979,0.38541019662496845,0.0,2.23606797749979,10,1.0
pg3_1,5,10,0.0,0.0,0.0,0.0,0.0,0.0,10,1.0
pg3_1,6,10,0.0,0.0,0.0,0.0,0.0,0.0,10,1.0
pg3_1,7,10,0.0,0.0,0.0,0.0,0.0,0.0,10,1.0
pg3_1,8,10,0.05,0.0,0.5,0.05,0.0,0.5,10,1.0
pg3_1,9,10,0.05,0.0,0.5,0.05,0.0,0.5,10,1.0
pg3_1,10,10,0.05,0.0,0.5,0.05,0.0,0.5,10,1.0
pg3_1,11,10,0.0,0.0,0.0,0.0,0.0,0.0,10,1.0
pg3_1,12,10,0.15,0.0,1.0,0.15,0.0,1.0,10,1.0
pg3_1,13,10,0.0,0.0,0.0,0.0,0.0,0.0,10,1.0
pg3_1,14,10,0.0,0.0,0.0,0.0,0.0,0.0,10,1.0
pg3_1,15,10,0.3,0.0,2.5,0.3,0.0,2.5,10,1.0
pg3_1,16,10,0.0,0.0,0.0,0.0,0.0,0.0,10,1.0
pg3_1,17,10,0.30413812651491096,0.0,3.0413812651491097,0.30413812651491096,0.0,3.0413812651491097,10,1.0
pg3_1,18,10,0.2118033988749895,0.0,1.118033988749895,0.2118033988749895,0.0,1.118033988749895,10,1.0
pg3_1,19,10,0.15,0.0,1.0,0.15,0.0,1.0,10,1.0
pg3_1,20,10,0.7535533905932738,0.0,3.5355339059327378,0.7535533905932738,0.0,3.5355339059327378,10,1.0
pg3_1,21,10,0.21213203435596428,0.0,1.4142135623730951,0.21213203435596428,0.0,1.4142135623730951,10,1.0
pg3_1,22,10,0.1,0.0,0.5,0.1,0.0,0.5,10,1.0
pg3_1,23,10,0.2,0.0,1.0,0.2,0.0,1.0,10,1.0
pg3_1,24,10,0.2618033988749895,0.0,1.118033988749895,0.2618033988749895,0.0,1.118033988749895,10,1.0
pg3_1,25,10,0.19142135623730952,0.0,1.4142135623730951,0.19142135623730952,0.0,1.4142135623730951,10,1.0
pg3_1,26,10,0.25,0.25,0.5,0.25,0.25,0.5,10,1.0
pg3_1,27,10,0.1,0.0,0.5,0.1,0.0,0.5,10,1.0
pg3_1,28,10,0.05,0.0,0.5,0.05,0.0,0.5,10,1.0
pg3_1,29,10,0.0,0.0,0.0,0.0,0.0,0.0,10,1.0
pg3_1,30,10,0.05,0.0,0.5,0.05,0.0,0.5,10,1.0
pg3_1,31,10,0.27071067811865474,0.25,0.7071067811865476,0.27071067811865474,0.25,0.7071067811865476,10,1.0
pg3_1,32,10,0.1,0.0,0.5,0.1,0.0,0.5,10,1.0
pg3_1,33,10,0.1,0.0,0.5,0.1,0.0,0.5,10,1.0
pg3_1,34,10,0.25615528128088305,0.0,2.0615528128088303,0.25615528128088305,0.0,2.0615528128088303,10,1.0
pg3_1,35,10,0.17071067811865476,0.0,0.7071067811865476,0.17071067811865476,0.0,0.7071067811865476,10,1.0
pg3_1,36,10,0.05,0.0,0.5,0.05,0.0,0.5,10,1.0
pg3_1,37,10,0.5118033988749895,0.0,2.5,0.5118033988749895,0.0,2.5,10,1.0
pg3_1,38,10,0.5,0.5,1.0,0.5,0.5,1.0,10,1.0
pg3_1,39,10,0.3414213562373095,0.0,1.0,0.3414213562373095,0.0,1.0,10,1.0
pg3_1,40,10,0.35413812651491094,0.0,3.0413812651491097,0.35413812651491094,0.0,3.0413812651491097,10,1.0
pg3_1,41,10,0.25322475511229897,0.0,1.4142135623730951,0.25322475511229897,0.0,1.4142135623730951,10,1.0
pg3_1,42,10,0.3325140769936442,0.25,1.118033988749895,0.3325140769936442,0.25,1.118033988749895,10,1.0
pg3_1,43,10,0.42686595939953775,0.25,2.0615528128088303,0.42686595939953775,0.25,2.0615528128088303,10,1.0
pg3_1,44,10,0.5414213562373095,0.5,2.0,0.5414213562373095,0.5,2.0,10,1.0
pg3_1,45,10,0.48106163923171474,0.0,2.692582403567252,0.48106163923171474,0.0,2.692582403567252,10,1.0
pg3_1,46,10,1.124401696452924,0.25,6.576473218982953,1.124401696452924,0.25,6.576473218982953,10,1.0
pg3_1,47,10,0.6042129970041532,0.25,2.1213203435596424,0.6042129970041532,0.25,2.1213203435596424,10,1.0
pg3_1,48,10,0.6618033988749895,0.5,2.5,0.6618033988749895,0.5,2.5,10,1.0
pg3_1,49,10,0.5207106781186548,0.25,2.5,0.5207106781186548,0.25,2.5,10,1.0
pg3_1,50,10,0.49464611134960845,0.0,2.1213203435596424,0.49464611134960845,0.0,2.1213203435596424,10,1.0
pg3_1,51,10,0.8950523271439117,0.25,4.743416490252569,0.8950523271439117,0.25,4.743416490252569,10,1.0
pg3_1,52,10,0.5118033988749895,0.5,1.5,0.5118033988749895,0.5,1.5,10,1.0
pg3_1,53,10,0.8320498811235689,0.6035533905932737,2.692582403567252,0.8320498811235689,0.6035533905932737,2.692582403567252,10,1.0
pg3_1,54,10,1.1454982279681658,0.25,7.0710678118654755,1.1454982279681658,0.25,7.0710678118654755,10,1.0
pg3_1,55,10,1.5252334794764724,0.5,10.04987562112089,1.5252334794764724,0.5,10.04987562112089,10,1.0
pg3_1,56,10,1.200523481137583,0.6035533905932737,5.5,1.200523481137583,0.6035533905932737,5.5,10,1.0
pg3_1,57,10,0.985968084299811,0.7071067811865476,3.0,0.985968084299811,0.7071067811865476,3.0,10,1.0
pg3_1,58,10,1.6121930890807916,1.4976761962286425,5.408326913195984,1.6121930890807916,1.4976761962286425,5.408326913195984,10,1.0
pg3_1,59,10,0.9988591083537617,1.0590169943749475,2.1213203435596424,0.9988591083537617,1.0590169943749475,2.1213203435596424,10,1.0
pg3_1,60,10,1.017004637770997,1.0590169943749475,2.1213203435596424,1.017004637770997,1.0590169943749475,2.1213203435596424,10,1.0
pg3_1,61,10,1.1247368258614454,1.2071067811865475,2.23606797749979,1.1247368258614454,1.2071067811865475,2.23606797749979,10,1.0
pg3_1,62,10,0.9908326913195985,0.75,2.0,0.9908326913195985,0.75,2.0,10,1.0
pg3_1,63,10,0.9712341592562375,0.8535533905932737,2.0,0.9712341592562375,0.8535533905932737,2.0,10,1.0
pg3_1,64,10,0.9751022033286099,0.6035533905932737,2.0615528128088303,0.9751022033286099,0.6035533905932737,2.0615528128088303,10,1.0
pg3_1,65,10,1.0485648794100468,0.8535533905932737,2.0615528128088303,1.0485648794100468,0.8535533905932737,2.0615528128088303,10,1.0
pg3_1,66,10,0.9121320343559642,0.5,2.1213203435596424,0.9121320343559642,0.5,2.1213203435596424,10,1.0
pg3_1,67,10,1.0273894405371204,1.0,2.0615528128088303,1.0273894405371204,1.0,2.0615528128088303,10,1.0
pg3_1,68,10,0.7383914467816185,0.5,2.0,0.7383914467816185,0.5,2.0,10,1.0
pg3_1,69,10,0.8448246395554102,0.6035533905932737,2.0615528128088303,0.8448246395554102,0.6035533905932737,2.0615528128088303,10,1.0
pg3_1,70,10,0.8121320343559641,0.6035533905932737,2.0,0.8121320343559641,0.6035533905932737,2.0,10,1.0
pg3_1,71,10,0.9004727571495167,1.0,2.0615528128088303,0.9004727571495167,1.0,2.0615528128088303,10,1.0
pg3_1,72,10,1.0863984385168226,0.9125703849682212,2.5,1.0863984385168226,0.9125703849682212,2.5,10,1.0
pg3_1,73,10,1.2578926261023828,1.266123775561495,2.9154759474226504,1.2578926261023828,1.266123775561495,2.9154759474226504,10,1.0
pg3_1,74,10,2.9651891509836035,1.1035533905932737,20.554804791094465,2.9651891509836035,1.1035533905932737,20.554804791094465,10,1.0
pg3_1,75,10,2.6265274371502216,1.82134582144651,12.5,2.6265274371502216,1.82134582144651,12.5,10,1.0
pg3_1,76,10,1.3948817937672353,1.540569415042095,2.5495097567963922,1.3948817937672353,1.540569415042095,2.5495097567963922,10,1.0
pg3_1,77,10,1.267493919401601,1.4976761962286425,2.5,1.267493919401601,1.4976761962286425,2.5,10,1.0
pg3_1,78,10,1.4733712891895752,1.6919572339080922,2.5,1.4733712891895752,1.6919572339080922,2.5,10,1.0
pg3_1,79,10,1.1415654779058515,1.0590169943749475,2.5,1.1415654779058515,1.0590169943749475,2.5,10,1.0
pg3_1,80,10,1.597796568935329,1.790569415042095,3.0,1.597796568935329,1.790569415042095,3.0,10,1.0
pg3_1,81,10,1.3310235388439309,1.540569415042095,2.5495097567963922,1.3310235388439309,1.540569415042095,2.5495097567963922,10,1.0
pg3_1,82,10,1.5068050009234213,1.6919572339080922,3.0,1.5068050009234213,1.6919572339080922,3.0,10,1.0
pg3_1,83,10,1.227860631515151,1.0590169943749475,2.5495097567963922,1.227860631515151,1.0590169943749475,2.5495097567963922,10,1.0
pg3_1,84,10,1.0943174758686338,0.9125703849682212,3.0,1.0943174758686338,0.9125703849682212,3.0,10,1.0
pg3_1,85,10,1.2285577734296182,1.118033988749895,2.5495097567963922,1.2285577734296182,1.118033988749895,2.5495097567963922,10,1.0
pg3_1,86,10,1.2005299113613415,1.0590169943749475,2.5495097567963922,1.2005299113613415,1.0590169943749475,2.5495097567963922,10,1.0
pg3_1,87,10,1.1631267064715776,1.266123775561495,2.5495097567963922,1.1631267064715776,1.266123775561495,2.5495097567963922,10,1.0
pg3_1,88,10,1.263575716225359,1.118033988749895,2.692582403567252,1.263575716225359,1.118033988749895,2.692582403567252,10,1.0
pg3_1,89,10,1.0366716564380372,1.0590169943749475,2.5495097567963922,1.0366716564380372,1.0590169943749475,2.5495097567963922,10,1.0
pg3_1,90,10,1.3021645711795973,1.0590169943749475,3.3541019662496847,1.3021645711795973,1.0590169943749475,3.3541019662496847,10,1.0
pg3_1,91,10,1.0914682518872303,0.6035533905932737,3.8078865529319543,1.0914682518872303,0.6035533905932737,3.8078865529319543,10,1.0
pg3_1,92,10,1.1374112012850097,1.0,3.1622776601683795,1.1374112012850097,1.0,3.1622776601683795,10,1.0
pg3_1,93,10,1.1090169943749475,1.0590169943749475,3.3541019662496847,1.1090169943749475,1.0590169943749475,3.3541019662496847,10,1.0
pg3_1,94,10,1.0280311648918274,1.0,3.1622776601683795,1.0280311648918274,1.0,3.1622776601683795,10,1.0
pg3_1,95,10,1.2359336777625511,1.2071067811865475,3.3541019662496847,1.2359336777625511,1.2071067811865475,3.3541019662496847,10,1.0
pg3_1,96,10,1.0076491222541475,1.0,3.1622776601683795,1.0076491222541475,1.0,3.1622776601683795,10,1.0
pg3_1,97,10,1.2760381566270316,1.0590169943749475,3.3541019662496847,1.2760381566270316,1.0590169943749475,3.3541019662496847,10,1.0
pg3_10,2,10,1.9002034058286352,1.8027756377319946,2.9154759474226504,1.9002034058286352,1.8027756377319946,2.9154759474226504,10,1.0
pg3_10,3,10,0.1118033988749895,0.0,1.118033988749895,0.1118033988749895,0.0,1.118033988749895,10,1.0
pg3_10,4,10,0.1,0.0,0.5,0.1,0.0,0.5,10,1.0
pg3_10,5,10,0.0,0.0,0.0,0.0,0.0,0.0,10,1.0
pg3_10,6,10,0.0,0.0,0.0,0.0,0.0,0.0,10,1.0
pg3_10,7,10,0.05,0.0,0.5,0.05,0.0,0.5,10,1.0
pg3_10,8,10,0.0,0.0,0.0,0.0,0.0,0.0,10,1.0
pg3_10,9,10,0.0,0.0,0.0,0.0,0.0,0.0,10,1.0
pg3_10,10,10,0.0,0.0,0.0,0.0,0.0,0.0,10,1.0
pg3_10,11,10,0.05,0.0,0.5,0.05,0.0,0.5,10,1.0
pg3_10,12,10,0.0,0.0,0.0,0.0,0.0,0.0,10,1.0
pg3_10,13,10,0.0,0.0,0.0,0.0,0.0,0.0,10,1.0
pg3_10,14,10,0.0,0.0,0.0,0.0,0.0,0.0,10,1.0
pg3_10,15,10,0.282842712474619,0.0,2.8284271247461903,0.282842712474619,0.0,2.8284271247461903,10,1.0
pg3_10,16,10,0.15,0.0,1.5,0.15,0.0,1.5,10,1.0
pg3_10,17,10,0.223606797749979,0.0,1.118033988749895,0.223606797749979,0.0,1.118033988749895,10,1.0
pg3_10,18,10,0.3802775637731995,0.0,1.8027756377319946,0.3802775637731995,0.0,1.8027756377319946,10,1.0
pg3_10,19,10,0.05,0.0,0.5,0.05,0.0,0.5,10,1.0
pg3_10,20,10,0.15,0.0,0.5,0.15,0.0,0.5,10,1.0
pg3_10,21,10,0.2,0.0,1.0,0.2,0.0,1.0,10,1.0
pg3_10,22,10,0.05,0.0,0.5,0.05,0.0,0.5,10,1.0
pg3_10,23,10,0.2,0.0,0.5,0.2,0.0,0.5,10,1.0
pg3_10,24,10,0.05,0.0,0.5,0.05,0.0,0.5,10,1.0
pg3_10,25,10,0.25,0.0,1.0,0.25,0.0,1.0,10,1.0
pg3_10,26,10,0.15,0.0,0.5,0.15,0.0,0.5,10,1.0
pg3_10,27,10,0.4701562118716424,0.0,3.2015621187164243,0.4701562118716424,0.0,3.2015621187164243,10,1.0
pg3_10,28,10,0.2,0.0,1.0,0.2,0.0,1.0,10,1.0
pg3_10,29,10,0.22071067811865475,0.0,0.7071067811865476,0.22071067811865475,0.0,0.7071067811865476,10,1.0
pg3_10,30,10,0.2621320343559642,0.0,2.1213203435596424,0.2621320343559642,0.0,2.1213203435596424,10,1.0
pg3_10,31,10,0.0,0.0,0.0,0.0,0.0,0.0,10,1.0
pg3_10,32,10,0.3118033988749895,0.0,1.118033988749895,0.3118033988749895,0.0,1.118033988749895,10,1.0
pg3_10,33,10,0.22071067811865475,0.0,0.7071067811865476,0.22071067811865475,0.0,0.7071067811865476,10,1.0
pg3_10,34,10,0.1,0.0,0.5,0.1,0.0,0.5,10,1.0
pg3_10,35,10,0.23251407699364424,0.0,1.118033988749895,0.23251407699364424,0.0,1.118033988749895,10,1.0
pg3_10,36,10,0.18251407699364425,0.0,1.118033988749895,0.18251407699364425,0.0,1.118033988749895,10,1.0
pg3_10,37,10,0.1,0.0,0.5,0.1,0.0,0.5,10,1.0
pg3_10,38,10,0.4788245611270737,0.25,1.5811388300841898,0.4788245611270737,0.25,1.5811388300841898,10,1.0
pg3_10,39,10,0.22071067811865475,0.0,1.0,0.22071067811865475,0.0,1.0,10,1.0
pg3_10,40,10,0.9679586801558726,0.0,6.5,0.9679586801558726,0.0,6.5,10,1.0
pg3_10,41,10,0.4699172818834085,0.25,1.5811388300841898,0.4699172818834085,0.25,1.5811388300841898,10,1.0
pg3_10,42,10,0.4702459173643832,0.0,2.1213203435596424,0.4702459173643832,0.0,2.1213203435596424,10,1.0
pg3_10,43,10,0.597213595499958,0.0,2.23606797749979,0.597213595499958,0.0,2.23606797749979,10,1.0
pg3_10,44,10,0.7475422309809326,0.25,2.23606797749979,0.7475422309809326,0.25,2.23606797749979,10,1.0
pg3_10,45,10,0.503224755112299,0.25,1.5,0.503224755112299,0.25,1.5,10,1.0
pg3_10,46,10,1.5916951594809454,0.25,13.209844813622906,1.5916951594809454,0.25,13.209844813622906,10,1.0
pg3_10,47,10,0.65,0.0,4.0,0.65,0.0,4.0,10,1.0
pg3_10,48,10,0.3414213562373095,0.0,1.4142135623730951,0.3414213562373095,0.0,1.4142135623730951,10,1.0
pg3_10,49,10,0.4788245611270737,0.5,1.5811388300841898,0.4788245611270737,0.5,1.5811388300841898,10,1.0
pg3_10,50,10,0.37360679774997896,0.0,1.118033988749895,0.37360679774997896,0.0,1.118033988749895,10,1.0
pg3_10,51,10,0.41279164076684366,0.0,1.8027756377319946,0.41279164076684366,0.0,1.8027756377319946,10,1.0
pg3_10,52,10,0.6886693582745274,0.6035533905932737,2.0615528128088303,0.6886693582745274,0.6035533905932737,2.0615528128088303,10,1.0
pg3_10,53,10,0.6745950396418332,0.8535533905932737,1.8027756377319946,0.6745950396418332,0.8535533905932737,1.8027756377319946,10,1.0
pg3_10,54,10,0.4906279600020632,0.25,1.5811388300841898,0.4906279600020632,0.25,1.5811388300841898,10,1.0
pg3_10,55,10,0.5179586801558725,0.25,2.0615528128088303,0.5179586801558725,0.25,2.0615528128088303,10,1.0
pg3_10,56,10,0.639834563766817,0.5,1.5811388300841898,0.639834563766817,0.5,1.5811388300841898,10,1.0
pg3_10,57,10,0.540956595483038,0.7071067811865476,1.5811388300841898,0.540956595483038,0.7071067811865476,1.5811388300841898,10,1.0
pg3_10,58,10,0.7416162018939174,0.5590169943749475,1.8027756377319946,0.7416162018939174,0.5590169943749475,1.8027756377319946,10,1.0
pg3_10,59,10,0.7826237921249264,0.5590169943749475,2.23606797749979,0.7826237921249264,0.5590169943749475,2.23606797749979,10,1.0
pg3_10,60,10,0.7619982445315975,0.8090169943749475,1.8027756377319946,0.7619982445315975,0.8090169943749475,1.8027756377319946,10,1.0
pg3_10,61,10,0.6504727571495168,0.3535533905932738,2.0615528128088303,0.6504727571495168,0.3535533905932738,2.0615528128088303,10,1.0
pg3_10,62,10,0.6780311648918275,0.5,1.5811388300841898,0.6780311648918275,0.5,1.5811388300841898,10,1.0
pg3_10,63,10,0.7862459957927198,0.6035533905932737,2.0615528128088303,0.7862459957927198,0.6035533905932737,2.0615528128088303,10,1.0
pg3_10,64,10,0.779762079030862,0.75,2.0615528128088303,0.779762079030862,0.75,2.0615528128088303,10,1.0
pg3_10,65,10,0.7524313588770528,0.8535533905932737,2.0,0.7524313588770528,0.8535533905932737,2.0,10,1.0
pg3_10,66,10,0.7585866401579358,0.6035533905932737,2.0615528128088303,0.7585866401579358,0.6035533905932737,2.0615528128088303,10,1.0
pg3_10,67,10,0.7495970870292477,0.5,2.5495097567963922,0.7495970870292477,0.5,2.5495097567963922,10,1.0
pg3_10,68,10,1.0724448950812402,1.266123775561495,2.5495097567963922,1.0724448950812402,1.266123775561495,2.5495097567963922,10,1.0
pg3_10,69,10,0.7430937254163756,0.6035533905932737,2.0615528128088303,0.7430937254163756,0.6035533905932737,2.0615528128088303,10,1.0
pg3_10,70,10,1.1423376560883163,0.7071067811865476,3.3541019662496847,1.1423376560883163,0.7071067811865476,3.3541019662496847,10,1.0
pg3_10,71,10,0.8980493946677093,0.9125703849682212,2.0615528128088303,0.8980493946677093,0.9125703849682212,2.0615528128088303,10,1.0
pg3_10,72,10,0.7105452418854716,0.8535533905932737,1.5811388300841898,0.7105452418854716,0.8535533905932737,1.5811388300841898,10,1.0
pg3_10,73,10,0.8657630052625664,0.75,1.5811388300841898,0.8657630052625664,0.75,1.5811388300841898,10,1.0
pg3_10,74,10,0.776831552862278,0.75,2.23606797749979,0.776831552862278,0.75,2.23606797749979,10,1.0
pg3_10,75,10,0.8122761560245063,0.9125703849682212,2.0615528128088303,0.8122761560245063,0.9125703849682212,2.0615528128088303,10,1.0
pg3_10,76,10,1.0354860063735631,1.0,2.692582403567252,1.0354860063735631,1.0,2.692582403567252,10,1.0
pg3_10,77,10,0.7906279600020633,0.8535533905932737,2.0,0.7906279600020633,0.8535533905932737,2.0,10,1.0
pg3_10,78,10,1.0734706724766823,0.8090169943749475,3.5355339059327378,1.0734706724766823,0.8090169943749475,3.5355339059327378,10,1.0
pg3_10,79,10,0.858113883008419,0.5,2.5,0.858113883008419,0.5,2.5,10,1.0
pg3_10,80,10,0.9699172818834084,1.3090169943749475,2.0,0.9699172818834084,1.3090169943749475,2.0,10,1.0
pg3_10,81,10,1.0662277660168378,1.040569415042095,2.5,1.0662277660168378,1.040569415042095,2.5,10,1.0
pg3_10,82,10,1.058113883008419,1.5,2.0,1.058113883008419,1.5,2.0,10,1.0
pg3_10,83,10,1.0662277660168378,1.5,2.0,1.0662277660168378,1.5,2.0,10,1.0
pg3_10,84,10,1.1290649371163948,1.3090169943749475,2.5495097567963922,1.1290649371163948,1.3090169943749475,2.5495097567963922,10,1.0
pg3_10,85,10,0.8,0.5,2.0,0.8,0.5,2.0,10,1.0
pg3_10,86,10,0.9849798424079568,1.1035533905932737,2.0615528128088303,0.9849798424079568,1.1035533905932737,2.0615528128088303,10,1.0
pg3_10,87,10,0.8667543745546287,0.5590169943749475,2.5495097567963922,0.8667543745546287,0.5590169943749475,2.5495097567963922,10,1.0
pg3_10,88,10,0.9,0.75,2.0,0.9,0.75,2.0,10,1.0
pg3_10,89,10,0.879762079030862,0.8090169943749475,2.0615528128088303,0.879762079030862,0.8090169943749475,2.0615528128088303,10,1.0
pg3_10,90,10,0.7707106781186548,0.3535533905932738,2.0,0.7707106781186548,0.3535533905932738,2.0,10,1.0
pg3_10,91,10,0.9179586801558726,0.75,2.5,0.9179586801558726,0.75,2.5,10,1.0
pg3_10,92,10,0.8325140769936443,0.8535533905932737,2.5,0.8325140769936443,0.8535533905932737,2.5,10,1.0
pg3_10,93,10,0.8,0.5,2.5,0.8,0.5,2.5,10,1.0
pg3_10,94,10,0.8679586801558725,0.8090169943749475,2.0615528128088303,0.8679586801558725,0.8090169943749475,2.0615528128088303,10,1.0
pg3_10,95,10,0.864269164289302,0.5,2.5,0.864269164289302,0.5,2.5,10,1.0
pg3_10,96,10,0.9081138830084189,0.75,2.5,0.9081138830084189,0.75,2.5,10,1.0
pg3_10,97,10,0.9797620790308621,0.8090169943749475,2.5,0.9797620790308621,0.8090169943749475,2.5,10,1.0
pg3_11,2,10,2.711934298885995,2.524754878398196,4.47213595499958,2.711934298885995,2.524754878398196,4.47213595499958,10,1.0
pg3_11,3,10,0.26213203435596427,0.0,1.4142135623730951,0.26213203435596427,0.0,1.4142135623730951,10,1.0
pg3_11,4,10,0.2118033988749895,0.0,1.118033988749895,0.2118033988749895,0.0,1.118033988749895,10,1.0
pg3_11,5,10,0.16180339887498948,0.0,1.118033988749895,0.16180339887498948,0.0,1.118033988749895,10,1.0
pg3_11,6,10,0.22071067811865475,0.0,0.7071067811865476,0.22071067811865475,0.0,0.7071067811865476,10,1.0
pg3_11,7,10,0.1118033988749895,0.0,1.118033988749895,0.1118033988749895,0.0,1.118033988749895,10,1.0
pg3_11,8,10,0.12071067811865474,0.0,0.7071067811865476,0.12071067811865474,0.0,0.7071067811865476,10,1.0
pg3_11,9,10,0.05,0.0,0.5,0.05,0.0,0.5,10,1.0
pg3_11,10,10,0.0,0.0,0.0,0.0,0.0,0.0,10,1.0
pg3_11,11,10,0.05,0.0,0.5,0.05,0.0,0.5,10,1.0
pg3_11,12,10,0.0,0.0,0.0,0.0,0.0,0.0,10,1.0
pg3_11,13,10,0.1118033988749895,0.0,1.118033988749895,0.1118033988749895,0.0,1.118033988749895,10,1.0
pg3_11,14,10,0.0,0.0,0.0,0.0,0.0,0.0,10,1.0
pg3_11,15,10,0.12071067811865474,0.0,0.7071067811865476,0.12071067811865474,0.0,0.7071067811865476,10,1.0
pg3_11,16,10,0.1,0.0,0.5,0.1,0.0,0.5,10,1.0
pg3_11,17,10,0.2621320343559642,0.0,2.1213203435596424,0.2621320343559642,0.0,2.1213203435596424,10,1.0
pg3_11,18,10,0.05,0.0,0.5,0.05,0.0,0.5,10,1.0
pg3_11,19,10,0.1,0.0,0.5,0.1,0.0,0.5,10,1.0
pg3_11,20,10,0.5238235655335822,0.0,4.031128874149275,0.5238235655335822,0.0,4.031128874149275,10,1.0
pg3_11,21,10,0.35495097567963924,0.0,2.5495097567963922,0.35495097567963924,0.0,2.5495097567963922,10,1.0
pg3_11,22,10,0.1,0.0,0.5,0.1,0.0,0.5,10,1.0
pg3_11,23,10,0.1,0.0,0.5,0.1,0.0,0.5,10,1.0
pg3_11,24,10,0.1,0.0,0.5,0.1,0.0,0.5,10,1.0
pg3_11,25,10,0.07071067811865475,0.0,0.7071067811865476,0.07071067811865475,0.0,0.7071067811865476,10,1.0
pg3_11,26,10,0.1,0.0,0.5,0.1,0.0,0.5,10,1.0
pg3_11,27,10,0.3,0.25,1.0,0.3,0.25,1.0,10,1.0
pg3_11,28,10,0.05,0.0,0.5,0.05,0.0,0.5,10,1.0
pg3_11,29,10,0.1,0.0,0.5,0.1,0.0,0.5,10,1.0
pg3_11,30,10,0.2,0.0,0.5,0.2,0.0,0.5,10,1.0
pg3_11,31,10,0.05,0.0,0.5,0.05,0.0,0.5,10,1.0
pg3_11,32,10,0.1,0.0,1.0,0.1,0.0,1.0,10,1.0
pg3_11,33,10,0.15,0.0,1.0,0.15,0.0,1.0,10,1.0
pg3_11,34,10,0.32360679774997897,0.0,2.23606797749979,0.32360679774997897,0.0,2.23606797749979,10,1.0
pg3_11,35,10,0.3,0.25,1.0,0.3,0.25,1.0,10,1.0
pg3_11,36,10,0.967877987534291,0.0,9.17877987534291,0.967877987534291,0.0,9.17877987534291,10,1.0
pg3_11,37,10,0.4854101966249685,0.0,2.23606797749979,0.4854101966249685,0.0,2.23606797749979,10,1.0
pg3_11,38,10,0.1,0.0,0.5,0.1,0.0,0.5,10,1.0
pg3_11,39,10,0.22071067811865475,0.0,1.0,0.22071067811865475,0.0,1.0,10,1.0
pg3_11,40,10,0.18251407699364425,0.0,1.118033988749895,0.18251407699364425,0.0,1.118033988749895,10,1.0
pg3_11,41,10,0.4854101966249685,0.25,2.23606797749979,0.4854101966249685,0.25,2.23606797749979,10,1.0
pg3_11,42,10,0.2118033988749895,0.0,1.118033988749895,0.2118033988749895,0.0,1.118033988749895,10,1.0
pg3_11,43,10,0.2,0.0,1.0,0.2,0.0,1.0,10,1.0
pg3_11,44,10,0.4357388321059433,0.0,1.4142135623730951,0.4357388321059433,0.0,1.4142135623730951,10,1.0
pg3_11,45,10,0.603224755112299,0.75,1.4142135623730951,0.603224755112299,0.75,1.4142135623730951,10,1.0
pg3_11,46,10,0.4239354332309538,0.25,1.4142135623730951,0.4239354332309538,0.25,1.4142135623730951,10,1.0
pg3_11,47,10,0.8110718504232626,0.8535533905932737,2.5495097567963922,0.8110718504232626,0.8535533905932737,2.5495097567963922,10,1.0
pg3_11,48,10,1.7173523086053315,1.0,9.486832980505138,1.7173523086053315,1.0,9.486832980505138,10,1.0
pg3_11,49,10,1.403215349436445,0.6035533905932737,6.020797289396148,1.403215349436445,0.6035533905932737,6.020797289396148,10,1.0
pg3_11,50,10,0.7459898450477,0.0,3.1622776601683795,0.7459898450477,0.0,3.1622776601683795,10,1.0
pg3_11,51,10,0.767493919401601,0.75,2.0615528128088303,0.767493919401601,0.75,2.0615528128088303,10,1.0
pg3_11,52,10,0.7975766375181925,0.75,2.0615528128088303,0.7975766375181925,0.75,2.0615528128088303,10,1.0
pg3_11,53,10,0.7260381566270317,0.6035533905932737,2.23606797749979,0.7260381566270317,0.6035533905932737,2.23606797749979,10,1.0
pg3_11,54,10,1.4573774068006318,0.8090169943749475,6.576473218982953,1.4573774068006318,0.8090169943749475,6.576473218982953,10,1.0
pg3_11,55,10,0.916710408827282,1.0,2.0615528128088303,0.916710408827282,1.0,2.0615528128088303,10,1.0
pg3_11,56,10,0.9076491222541476,0.9571067811865476,2.5,0.9076491222541476,0.9571067811865476,2.5,10,1.0
pg3_11,57,10,0.9996793609142705,0.8090169943749475,2.5,0.9996793609142705,0.8090169943749475,2.5,10,1.0
pg3_11,58,10,0.9967832412829463,0.9125703849682212,2.5,0.9967832412829463,0.9125703849682212,2.5,10,1.0
pg3_11,59,10,0.7783598003728022,0.5,2.1213203435596424,0.7783598003728022,0.5,2.1213203435596424,10,1.0
pg3_11,60,10,0.8568557260189011,0.9125703849682212,1.5811388300841898,0.8568557260189011,0.9125703849682212,1.5811388300841898,10,1.0
pg3_11,61,10,0.9638044035350305,1.1035533905932737,2.0615528128088303,0.9638044035350305,1.1035533905932737,2.0615528128088303,10,1.0
pg3_11,62,10,0.9760725631642915,0.8090169943749475,2.5,0.9760725631642915,0.8090169943749475,2.5,10,1.0
pg3_11,63,10,0.8845150816536853,0.8535533905932737,2.0615528128088303,0.8845150816536853,0.8535533905932737,2.0615528128088303,10,1.0
pg3_11,64,10,0.8990704784914569,0.6035533905932737,2.1213203435596424,0.8990704784914569,0.6035533905932737,2.1213203435596424,10,1.0
pg3_11,65,10,0.977854201291392,0.8535533905932737,2.0615528128088303,0.977854201291392,0.8535533905932737,2.0615528128088303,10,1.0
pg3_11,66,10,1.1839750760350152,1.4604048132409448,2.23606797749979,1.1839750760350152,1.4604048132409448,2.23606797749979,10,1.0
pg3_11,67,10,1.2665235595659194,1.266123775561495,2.0615528128088303,1.2665235595659194,1.266123775561495,2.0615528128088303,10,1.0
pg3_11,68,10,1.390367930565327,1.4976761962286425,3.605551275463989,1.390367930565327,1.4976761962286425,3.605551275463989,10,1.0
pg3_11,69,10,1.9624501217671266,1.9013878188659974,5.315072906367325,1.9624501217671266,1.9013878188659974,5.315072906367325,10,1.0
pg3_11,70,10,1.0785138077022713,0.8090169943749475,2.5,1.0785138077022713,0.8090169943749475,2.5,10,1.0
pg3_11,71,10,1.0704407630209913,1.266123775561495,2.0,1.0704407630209913,1.266123775561495,2.0,10,1.0
pg3_11,72,10,1.2255832815336873,1.266123775561495,3.0,1.2255832815336873,1.266123775561495,3.0,10,1.0
pg3_11,73,10,1.2190594938193118,1.2071067811865475,2.5495097567963922,1.2190594938193118,1.2071067811865475,2.5495097567963922,10,1.0
pg3_11,74,10,1.2879885338108663,1.266123775561495,3.0,1.2879885338108663,1.266123775561495,3.0,10,1.0
pg3_11,75,10,1.2507183267941906,1.4976761962286425,2.5,1.2507183267941906,1.4976761962286425,2.5,10,1.0
pg3_11,76,10,1.2775043477576355,1.3495864094170424,2.5495097567963922,1.2775043477576355,1.3495864094170424,2.5495097567963922,10,1.0
pg3_11,77,10,1.2384988264639707,1.266123775561495,2.5,1.2384988264639707,1.266123775561495,2.5,10,1.0
pg3_11,78,10,1.1488591083537616,1.118033988749895,2.5,1.1488591083537616,1.118033988749895,2.5,10,1.0
pg3_11,79,10,1.4271733768277308,1.540569415042095,2.5495097567963922,1.4271733768277308,1.540569415042095,2.5495097567963922,10,1.0
pg3_11,80,10,1.2287526190862261,1.118033988749895,2.5495097567963922,1.2287526190862261,1.118033988749895,2.5495097567963922,10,1.0
pg3_11,81,10,1.3315845554851014,1.4976761962286425,2.5,1.3315845554851014,1.4976761962286425,2.5,10,1.0
pg3_11,82,10,1.1677881483453159,1.118033988749895,2.1213203435596424,1.1677881483453159,1.118033988749895,2.1213203435596424,10,1.0
pg3_11,83,10,1.4793387214879252,1.5811388300841898,2.692582403567252,1.4793387214879252,1.5811388300841898,2.692582403567252,10,1.0
pg3_11,84,10,1.392877661706986,1.540569415042095,2.5495097567963922,1.392877661706986,1.540569415042095,2.5495097567963922,10,1.0
pg3_11,85,10,1.185478802669207,1.3090169943749475,2.1213203435596424,1.185478802669207,1.3090169943749475,2.1213203435596424,10,1.0
pg3_11,86,10,1.366471269865073,1.4571067811865475,2.9154759474226504,1.366471269865073,1.4571067811865475,2.9154759474226504,10,1.0
pg3_11,87,10,1.1250631032196554,1.118033988749895,2.5495097567963922,1.1250631032196554,1.118033988749895,2.5495097567963922,10,1.0
pg3_11,88,10,1.1422758083047968,1.3090169943749475,1.8027756377319946,1.1422758083047968,1.3090169943749475,1.8027756377319946,10,1.0
pg3_11,89,10,1.262140595635406,1.266123775561495,2.692582403567252,1.262140595635406,1.266123775561495,2.692582403567252,10,1.0
pg3_11,90,10,1.5903697430953254,1.5,5.024937810560445,1.5903697430953254,1.5,5.024937810560445,10,1.0
pg3_11,91,10,1.1733824129850285,1.118033988749895,2.5495097567963922,1.1733824129850285,1.118033988749895,2.5495097567963922,10,1.0
pg3_11,92,10,1.6432652883311776,1.266123775561495,5.5901699437494745,1.6432652883311776,1.266123775561495,5.5901699437494745,10,1.0
pg3_11,93,10,1.476347605758859,1.0590169943749475,5.522680508593631,1.476347605758859,1.0590169943749475,5.522680508593631,10,1.0
pg3_11,94,10,1.262505408218374,1.5,2.0615528128088303,1.262505408218374,1.5,2.0615528128088303,10,1.0
pg3_11,95,10,1.1704862933537044,1.0590169943749475,2.5495097567963922,1.1704862933537044,1.0590169943749475,2.5495097567963922,10,1.0
pg3_11,96,10,1.0643310120728213,1.0,2.5495097567963922,1.0643310120728213,1.0,2.5495097567963922,10,1.0
pg3_11,97,10,1.1420382350553684,1.118033988749895,2.23606797749979,1.1420382350553684,1.118033988749895,2.23606797749979,10,1.0
pg3_12,2,10,3.6889838663470726,3.4970784554449716,5.0,3.6889838663470726,3.4970784554449716,5.0,10,1.0
pg3_12,3,10,0.05,0.0,0.5,0.05,0.0,0.5,10,1.0
pg3_12,4,10,0.05,0.0,0.5,0.05,0.0,0.5,10,1.0
pg3_12,5,10,0.1,0.0,0.5,0.1,0.0,0.5,10,1.0
pg3_12,6,10,0.05,0.0,0.5,0.05,0.0,0.5,10,1.0
pg3_12,7,10,0.05,0.0,0.5,0.05,0.0,0.5,10,1.0
pg3_12,8,10,0.0,0.0,0.0,0.0,0.0,0.0,10,1.0
pg3_12,9,10,0.12071067811865474,0.0,0.7071067811865476,0.12071067811865474,0.0,0.7071067811865476,10,1.0
pg3_12,10,10,0.1,0.0,0.5,0.1,0.0,0.5,10,1.0
pg3_12,11,10,0.0,0.0,0.0,0.0,0.0,0.0,10,1.0
pg3_12,12,10,0.1,0.0,0.5,0.1,0.0,0.5,10,1.0
pg3_12,13,10,0.0,0.0,0.0,0.0,0.0,0.0,10,1.0
pg3_12,14,10,0.05,0.0,0.5,0.05,0.0,0.5,10,1.0
pg3_12,15,10,0.1118033988749895,0.0,1.118033988749895,0.1118033988749895,0.0,1.118033988749895,10,1.0
pg3_12,16,10,0.504138126514911,0.0,3.0413812651491097,0.504138126514911,0.0,3.0413812651491097,10,1.0
pg3_12,17,10,0.15,0.0,0.5,0.15,0.0,0.5,10,1.0
pg3_12,18,10,0.16180339887498948,0.0,1.118033988749895,0.16180339887498948,0.0,1.118033988749895,10,1.0
pg3_12,19,10,0.12071067811865474,0.0,0.7071067811865476,0.12071067811865474,0.0,0.7071067811865476,10,1.0
pg3_12,20,10,0.05,0.0,0.5,0.05,0.0,0.5,10,1.0
pg3_12,21,10,0.17071067811865476,0.0,0.7071067811865476,0.17071067811865476,0.0,0.7071067811865476,10,1.0
pg3_12,22,10,0.05,0.0,0.5,0.05,0.0,0.5,10,1.0
pg3_12,23,10,0.30615528128088304,0.0,2.0615528128088303,0.30615528128088304,0.0,2.0615528128088303,10,1.0
pg3_12,24,10,0.29154759474226505,0.0,2.9154759474226504,0.29154759474226505,0.0,2.9154759474226504,10,1.0
pg3_12,25,10,0.05,0.0,0.5,0.05,0.0,0.5,10,1.0
pg3_12,26,10,0.1,0.0,0.5,0.1,0.0,0.5,10,1.0
pg3_12,27,10,0.15,0.0,0.5,0.15,0.0,0.5,10,1.0
pg3_12,28,10,0.1,0.0,0.5,0.1,0.0,0.5,10,1.0
pg3_12,29,10,0.05,0.0,0.5,0.05,0.0,0.5,10,1.0
pg3_12,30,10,0.15,0.0,0.5,0.15,0.0,0.5,10,1.0
pg3_12,31,10,0.4121320343559642,0.25,2.1213203435596424,0.4121320343559642,0.25,2.1213203435596424,10,1.0
pg3_12,32,10,0.0,0.0,0.0,0.0,0.0,0.0,10,1.0
pg3_12,33,10,0.15,0.0,0.5,0.15,0.0,0.5,10,1.0
pg3_12,34,10,0.25,0.25,0.5,0.25,0.25,0.5,10,1.0
pg3_12,35,10,0.2,0.0,0.5,0.2,0.0,0.5,10,1.0
pg3_12,36,10,0.30322475511229896,0.0,1.118033988749895,0.30322475511229896,0.0,1.118033988749895,10,1.0
pg3_12,37,10,0.17071067811865476,0.0,0.7071067811865476,0.17071067811865476,0.0,0.7071067811865476,10,1.0
pg3_12,38,10,0.17071067811865476,0.0,0.7071067811865476,0.17071067811865476,0.0,0.7071067811865476,10,1.0
pg3_12,39,10,0.17071067811865476,0.0,0.7071067811865476,0.17071067811865476,0.0,0.7071067811865476,10,1.0
pg3_12,40,10,0.282842712474619,0.0,0.7071067811865476,0.282842712474619,0.0,0.7071067811865476,10,1.0
pg3_12,41,10,0.22071067811865475,0.0,0.7071067811865476,0.22071067811865475,0.0,0.7071067811865476,10,1.0
pg3_12,42,10,0.2,0.0,1.0,0.2,0.0,1.0,10,1.0
pg3_12,43,10,0.25,0.0,1.0,0.25,0.0,1.0,10,1.0
pg3_12,44,10,0.4,0.0,1.5,0.4,0.0,1.5,10,1.0
pg3_12,45,10,0.2118033988749895,0.0,1.118033988749895,0.2118033988749895,0.0,1.118033988749895,10,1.0
pg3_12,46,10,0.4,0.5,1.5,0.4,0.5,1.5,10,1.0
pg3_12,47,10,0.4,0.25,1.0,0.4,0.25,1.0,10,1.0
pg3_12,48,10,0.22071067811865475,0.0,0.7071067811865476,0.22071067811865475,0.0,0.7071067811865476,10,1.0
pg3_12,49,10,0.3,0.25,1.0,0.3,0.25,1.0,10,1.0
pg3_12,50,10,0.4118033988749895,0.5,1.118033988749895,0.4118033988749895,0.5,1.118033988749895,10,1.0
pg3_12,51,10,0.5354101966249685,0.5,1.118033988749895,0.5354101966249685,0.5,1.118033988749895,10,1.0
pg3_12,52,10,0.458113883008419,0.25,1.5811388300841898,0.458113883008419,0.25,1.5811388300841898,10,1.0
pg3_12,53,10,0.44953523924572847,0.25,1.5811388300841898,0.44953523924572847,0.25,1.5811388300841898,10,1.0
pg3_12,54,10,0.4788245611270737,0.25,1.5811388300841898,0.4788245611270737,0.25,1.5811388300841898,10,1.0
pg3_12,55,10,0.5820493162393727,0.25,2.1213203435596424,0.5820493162393727,0.25,2.1213203435596424,10,1.0
pg3_12,56,10,0.6383914467816185,0.25,1.8027756377319946,0.6383914467816185,0.25,1.8027756377319946,10,1.0
pg3_12,57,10,0.5179586801558725,0.25,2.0615528128088303,0.5179586801558725,0.25,2.0615528128088303,10,1.0
pg3_12,58,10,0.4118033988749895,0.25,1.5,0.4118033988749895,0.25,1.5,10,1.0
pg3_12,59,10,0.5406279600020631,0.25,1.5811388300841898,0.5406279600020631,0.25,1.5811388300841898,10,1.0
pg3_12,60,10,0.5618033988749895,0.5,1.5,0.5618033988749895,0.5,1.5,10,1.0
pg3_12,61,10,0.5731420369957074,0.6035533905932737,1.5811388300841898,0.5731420369957074,0.6035533905932737,1.5811388300841898,10,1.0
pg3_12,62,10,0.5414213562373096,0.5,1.5,0.5414213562373096,0.5,1.5,10,1.0
pg3_12,63,10,0.8001948456566079,0.75,1.8027756377319946,0.8001948456566079,0.75,1.8027756377319946,10,1.0
pg3_12,64,10,0.8841864461727106,0.5,3.1622776601683795,0.8841864461727106,0.5,3.1622776601683795,10,1.0
pg3_12,65,10,0.700194845656608,0.5,1.8027756377319946,0.700194845656608,0.5,1.8027756377319946,10,1.0
pg3_12,66,10,0.6118033988749895,0.25,2.0,0.6118033988749895,0.25,2.0,10,1.0
pg3_12,67,10,0.7076491222541474,0.5,1.5811388300841898,0.7076491222541474,0.5,1.5811388300841898,10,1.0
pg3_12,68,10,0.614269164289302,0.0,2.0615528128088303,0.614269164289302,0.0,2.0615528128088303,10,1.0
pg3_12,69,10,0.666227766016838,0.5,1.5811388300841898,0.666227766016838,0.5,1.5811388300841898,10,1.0
pg3_12,70,10,0.6,0.0,2.0,0.6,0.0,2.0,10,1.0
pg3_12,71,10,0.666227766016838,0.5,1.5811388300841898,0.666227766016838,0.5,1.5811388300841898,10,1.0
pg3_12,72,10,0.5679586801558726,0.25,2.0615528128088303,0.5679586801558726,0.25,2.0615528128088303,10,1.0
pg3_12,73,10,0.5906279600020632,0.5,1.5811388300841898,0.5906279600020632,0.5,1.5811388300841898,10,1.0
pg3_12,74,10,0.7549509756796392,0.5,2.5495097567963922,0.7549509756796392,0.5,2.5495097567963922,10,1.0
pg3_12,75,10,0.7325140769936442,0.6035533905932737,2.5,0.7325140769936442,0.6035533905932737,2.5,10,1.0
pg3_12,76,10,0.733775536806713,0.5,2.5495097567963922,0.733775536806713,0.5,2.5495097567963922,10,1.0
pg3_12,77,10,0.7049509756796393,0.5,2.5495097567963922,0.7049509756796393,0.5,2.5495097567963922,10,1.0
pg3_12,78,10,0.625661653798294,0.25,2.5495097567963922,0.625661653798294,0.25,2.5495097567963922,10,1.0
pg3_12,79,10,0.7061552812808831,0.5,2.0615528128088303,0.7061552812808831,0.5,2.0615528128088303,10,1.0
pg3_12,80,10,0.6618033988749895,0.25,2.5,0.6618033988749895,0.25,2.5,10,1.0
pg3_12,81,10,0.7667543745546287,0.25,2.5495097567963922,0.7667543745546287,0.25,2.5495097567963922,10,1.0
pg3_12,82,10,0.55,0.25,1.5,0.55,0.25,1.5,10,1.0
pg3_12,83,10,0.7748682575630477,0.25,2.5495097567963922,0.7748682575630477,0.25,2.5495097567963922,10,1.0
pg3_12,84,10,0.7288245611270737,0.6035533905932737,1.5811388300841898,0.7288245611270737,0.6035533905932737,1.5811388300841898,10,1.0
pg3_12,85,10,0.6561552812808831,0.25,2.0615528128088303,0.6561552812808831,0.25,2.0615528128088303,10,1.0
pg3_12,86,10,0.6906279600020633,0.6035533905932737,1.5811388300841898,0.6906279600020633,0.6035533905932737,1.5811388300841898,10,1.0
pg3_12,87,10,0.766227766016838,0.5,2.0,0.766227766016838,0.5,2.0,10,1.0
pg3_12,88,10,0.6207106781186548,0.25,2.0,0.6207106781186548,0.25,2.0,10,1.0
pg3_12,89,10,0.5943174758686338,0.5,1.5,0.5943174758686338,0.5,1.5,10,1.0
pg3_12,90,10,0.8280311648918275,0.5,3.1622776601683795,0.8280311648918275,0.5,3.1622776601683795,10,1.0
pg3_12,91,10,0.4414213562373095,0.25,1.5,0.4414213562373095,0.25,1.5,10,1.0
pg3_12,92,10,0.5854101966249685,0.25,2.0,0.5854101966249685,0.25,2.0,10,1.0
pg3_12,93,10,0.7342863943440137,0.5,2.692582403567252,0.7342863943440137,0.5,2.692582403567252,10,1.0
pg3_12,94,10,0.559380036393182,0.5,2.0615528128088303,0.559380036393182,0.5,2.0615528128088303,10,1.0
pg3_12,95,10,0.5581757307919382,0.25,2.5495097567963922,0.5581757307919382,0.25,2.5495097567963922,10,1.0
pg3_12,96,10,0.5955789356817025,0.0,2.5495097567963922,0.5955789356817025,0.0,2.5495097567963922,10,1.0
pg3_12,97,10,0.8997443265699692,0.5,3.640054944640259,0.8997443265699692,0.5,3.640054944640259,10,1.0
pg3_2,2,10,3.9878400905448173,4.015564437074637,5.0,3.9878400905448173,4.015564437074637,5.0,10,1.0
pg3_2,3,10,0.17071067811865476,0.0,1.0,0.17071067811865476,0.0,1.0,10,1.0
pg3_2,4,10,0.1,0.0,0.5,0.1,0.0,0.5,10,1.0
pg3_2,5,10,0.25,0.0,1.0,0.25,0.0,1.0,10,1.0
pg3_2,6,10,0.1,0.0,0.5,0.1,0.0,0.5,10,1.0
pg3_2,7,10,0.1,0.0,0.5,0.1,0.0,0.5,10,1.0
pg3_2,8,10,0.05,0.0,0.5,0.05,0.0,0.5,10,1.0
pg3_2,9,10,0.17071067811865476,0.0,0.7071067811865476,0.17071067811865476,0.0,0.7071067811865476,10,1.0
pg3_2,10,10,0.1,0.0,0.5,0.1,0.0,0.5,10,1.0
pg3_2,11,10,0.05,0.0,0.5,0.05,0.0,0.5,10,1.0
pg3_2,12,10,0.20615528128088303,0.0,2.0615528128088303,0.20615528128088303,0.0,2.0615528128088303,10,1.0
pg3_2,13,10,0.0,0.0,0.0,0.0,0.0,0.0,10,1.0
pg3_2,14,10,0.15,0.0,1.0,0.15,0.0,1.0,10,1.0
pg3_2,15,10,0.3,0.0,3.0,0.3,0.0,3.0,10,1.0
pg3_2,16,10,0.35615528128088303,0.0,2.0615528128088303,0.35615528128088303,0.0,2.0615528128088303,10,1.0
pg3_2,17,10,0.1414213562373095,0.0,1.4142135623730951,0.1414213562373095,0.0,1.4142135623730951,10,1.0
pg3_2,18,10,0.16180339887498948,0.0,1.118033988749895,0.16180339887498948,0.0,1.118033988749895,10,1.0
pg3_2,19,10,0.0,0.0,0.0,0.0,0.0,0.0,10,1.0
pg3_2,20,10,0.0,0.0,0.0,0.0,0.0,0.0,10,1.0
pg3_2,21,10,0.17071067811865476,0.0,0.7071067811865476,0.17071067811865476,0.0,0.7071067811865476,10,1.0
pg3_2,22,10,0.19142135623730952,0.0,1.4142135623730951,0.19142135623730952,0.0,1.4142135623730951,10,1.0
pg3_2,23,10,0.15,0.0,1.0,0.15,0.0,1.0,10,1.0
pg3_2,24,10,0.0,0.0,0.0,0.0,0.0,0.0,10,1.0
pg3_2,25,10,0.0,0.0,0.0,0.0,0.0,0.0,10,1.0
pg3_2,26,10,0.5605551275463989,0.25,3.605551275463989,0.5605551275463989,0.25,3.605551275463989,10,1.0
pg3_2,27,10,0.4207106781186548,0.0,2.5,0.4207106781186548,0.0,2.5,10,1.0
pg3_2,28,10,0.12071067811865474,0.0,0.7071067811865476,0.12071067811865474,0.0,0.7071067811865476,10,1.0
pg3_2,29,10,0.19142135623730952,0.0,0.7071067811865476,0.19142135623730952,0.0,0.7071067811865476,10,1.0
pg3_2,30,10,0.25,0.25,0.5,0.25,0.25,0.5,10,1.0
pg3_2,31,10,0.15,0.0,0.5,0.15,0.0,0.5,10,1.0
pg3_2,32,10,0.1,0.0,0.5,0.1,0.0,0.5,10,1.0
pg3_2,33,10,0.23251407699364424,0.0,1.118033988749895,0.23251407699364424,0.0,1.118033988749895,10,1.0
pg3_2,34,10,0.2,0.0,1.0,0.2,0.0,1.0,10,1.0
pg3_2,35,10,0.2825140769936442,0.0,1.118033988749895,0.2825140769936442,0.0,1.118033988749895,10,1.0
pg3_2,36,10,0.17071067811865476,0.0,0.7071067811865476,0.17071067811865476,0.0,0.7071067811865476,10,1.0
pg3_2,37,10,0.2618033988749895,0.0,1.118033988749895,0.2618033988749895,0.0,1.118033988749895,10,1.0
pg3_2,38,10,0.29142135623730947,0.0,1.0,0.29142135623730947,0.0,1.0,10,1.0
pg3_2,39,10,0.0,0.0,0.0,0.0,0.0,0.0,10,1.0
pg3_2,40,10,0.29142135623730947,0.25,0.7071067811865476,0.29142135623730947,0.25,0.7071067811865476,10,1.0
pg3_2,41,10,0.1,0.0,0.5,0.1,0.0,0.5,10,1.0
pg3_2,42,10,0.12071067811865474,0.0,0.7071067811865476,0.12071067811865474,0.0,0.7071067811865476,10,1.0
pg3_2,43,10,0.2618033988749895,0.0,1.118033988749895,0.2618033988749895,0.0,1.118033988749895,10,1.0
pg3_2,44,10,0.2118033988749895,0.0,1.118033988749895,0.2118033988749895,0.0,1.118033988749895,10,1.0
pg3_2,45,10,1.0429823333313795,0.25,8.0156097709407,1.0429823333313795,0.25,8.0156097709407,10,1.0
pg3_2,46,10,0.408113883008419,0.25,1.5811388300841898,0.408113883008419,0.25,1.5811388300841898,10,1.0
pg3_2,47,10,0.36180339887498947,0.25,1.118033988749895,0.36180339887498947,0.25,1.118033988749895,10,1.0
pg3_2,48,10,0.45,0.0,2.5,0.45,0.0,2.5,10,1.0
pg3_2,49,10,0.573606797749979,0.25,2.5,0.573606797749979,0.25,2.5,10,1.0
pg3_2,50,10,0.608113883008419,0.25,2.5,0.608113883008419,0.25,2.5,10,1.0
pg3_2,51,10,0.8723585264213884,0.5,3.605551275463989,0.8723585264213884,0.5,3.605551275463989,10,1.0
pg3_2,52,10,1.2178779875342909,0.25,9.17877987534291,1.2178779875342909,0.25,9.17877987534291,10,1.0
pg3_2,53,10,0.7061208747436233,0.5,3.3541019662496847,0.7061208747436233,0.5,3.3541019662496847,10,1.0
pg3_2,54,10,0.37071067811865477,0.25,1.5,0.37071067811865477,0.25,1.5,10,1.0
pg3_2,55,10,0.2825140769936442,0.0,1.118033988749895,0.2825140769936442,0.0,1.118033988749895,10,1.0
pg3_2,56,10,0.603224755112299,0.5,1.4142135623730951,0.603224755112299,0.5,1.4142135623730951,10,1.0
pg3_2,57,10,0.24142135623730948,0.0,0.7071067811865476,0.24142135623730948,0.0,0.7071067811865476,10,1.0
pg3_2,58,10,0.4825140769936443,0.5,1.118033988749895,0.4825140769936443,0.5,1.118033988749895,10,1.0
pg3_2,59,10,0.3207106781186547,0.5,0.7071067811865476,0.3207106781186547,0.5,0.7071067811865476,10,1.0
pg3_2,60,10,0.453224755112299,0.5,1.118033988749895,0.453224755112299,0.5,1.118033988749895,10,1.0
pg3_2,61,10,0.7443174758686337,0.6035533905932737,2.0,0.7443174758686337,0.6035533905932737,2.0,10,1.0
pg3_2,62,10,0.573606797749979,0.5,1.5,0.573606797749979,0.5,1.5,10,1.0
pg3_2,63,10,0.590956595483038,0.6035533905932737,1.5811388300841898,0.590956595483038,0.6035533905932737,1.5811388300841898,10,1.0
pg3_2,64,10,0.7627916407668438,0.6035533905932737,2.0,0.7627916407668438,0.6035533905932737,2.0,10,1.0
pg3_2,65,10,0.7946461113496085,1.0,1.5,0.7946461113496085,1.0,1.5,10,1.0
pg3_2,66,10,0.6509882418918542,0.6035533905932737,1.8027756377319946,0.6509882418918542,0.6035533905932737,1.8027756377319946,10,1.0
pg3_2,67,10,0.7415654779058516,0.5,2.23606797749979,0.7415654779058516,0.5,2.23606797749979,10,1.0
pg3_2,68,10,0.7153567894682633,0.7071067811865476,2.1213203435596424,0.7153567894682633,0.7071067811865476,2.1213203435596424,10,1.0
pg3_2,69,10,0.606155281280883,0.5,2.0615528128088303,0.606155281280883,0.5,2.0615528128088303,10,1.0
pg3_2,70,10,0.7450523271439117,0.3535533905932738,3.1622776601683795,0.7450523271439117,0.3535533905932738,3.1622776601683795,10,1.0
pg3_2,71,10,0.6679586801558726,0.5,2.0615528128088303,0.6679586801558726,0.5,2.0615528128088303,10,1.0
pg3_2,72,10,0.823606797749979,0.75,2.5,0.823606797749979,0.75,2.5,10,1.0
pg3_2,73,10,0.7817825285419172,0.8090169943749475,2.5495097567963922,0.7817825285419172,0.8090169943749475,2.5495097567963922,10,1.0
pg3_2,74,10,0.9420809626481889,1.0,2.5,0.9420809626481889,1.0,2.5,10,1.0
pg3_2,75,10,0.7113386381207181,0.6035533905932737,2.0,0.7113386381207181,0.6035533905932737,2.0,10,1.0
pg3_2,76,10,0.7260725631642916,0.5,2.0615528128088303,0.7260725631642916,0.5,2.0615528128088303,10,1.0
pg3_2,77,10,0.792080962648189,0.75,2.5,0.792080962648189,0.75,2.5,10,1.0
pg3_2,78,10,2.031914568470591,0.8090169943749475,13.583077707206124,2.031914568470591,0.8090169943749475,13.583077707206124,10,1.0
pg3_2,79,10,2.642156491406804,0.8535533905932737,17.00735135169495,2.642156491406804,0.8535533905932737,17.00735135169495,10,1.0
pg3_2,80,10,1.0989465743280173,1.540569415042095,2.0,1.0989465743280173,1.540569415042095,2.0,10,1.0
pg3_2,81,10,0.8916162018939175,1.0590169943749475,2.0,0.8916162018939175,1.0590169943749475,2.0,10,1.0
pg3_2,82,10,1.1538975500076565,1.540569415042095,2.5495097567963922,1.1538975500076565,1.540569415042095,2.5495097567963922,10,1.0
pg3_2,83,10,1.0822441618959808,1.0590169943749475,3.1622776601683795,1.0822441618959808,1.0590169943749475,3.1622776601683795,10,1.0
pg3_2,84,10,1.3653991912379138,1.3495864094170424,3.8078865529319543,1.3653991912379138,1.3495864094170424,3.8078865529319543,10,1.0
pg3_2,85,10,1.3799390415238835,1.290569415042095,3.5,1.3799390415238835,1.290569415042095,3.5,10,1.0
pg3_2,86,10,1.2763181328089652,1.4976761962286425,3.1622776601683795,1.2763181328089652,1.4976761962286425,3.1622776601683795,10,1.0
pg3_2,87,10,1.4276093638757892,1.4604048132409448,3.0413812651491097,1.4276093638757892,1.4604048132409448,3.0413812651491097,10,1.0
pg3_2,88,10,1.4051343648020105,1.6919572339080922,3.0413812651491097,1.4051343648020105,1.6919572339080922,3.0413812651491097,10,1.0
pg3_2,89,10,1.312685785168172,1.290569415042095,3.2015621187164243,1.312685785168172,1.290569415042095,3.2015621187164243,10,1.0
pg3_2,90,10,1.3313245260483648,1.6084946000525449,3.1622776601683795,1.3313245260483648,1.6084946000525449,3.1622776601683795,10,1.0
pg3_2,91,10,1.4715462702561246,1.8027756377319946,3.5355339059327378,1.4715462702561246,1.8027756377319946,3.5355339059327378,10,1.0
pg3_2,92,10,1.4727923020662304,1.4604048132409448,3.605551275463989,1.4727923020662304,1.4604048132409448,3.605551275463989,10,1.0
pg3_2,93,10,1.3867177521136522,1.4604048132409448,2.9154759474226504,1.3867177521136522,1.4604048132409448,2.9154759474226504,10,1.0
pg3_2,94,10,1.3341520385280368,1.0590169943749475,3.605551275463989,1.3341520385280368,1.0590169943749475,3.605551275463989,10,1.0
pg3_2,95,10,1.2037847692620962,1.0590169943749475,3.2015621187164243,1.2037847692620962,1.0590169943749475,3.2015621187164243,10,1.0
pg3_2,96,10,1.0877153158896518,0.8535533905932737,3.605551275463989,1.0877153158896518,0.8535533905932737,3.605551275463989,10,1.0
pg3_2,97,10,1.180056307974577,1.0,3.3541019662496847,1.180056307974577,1.0,3.3541019662496847,10,1.0
pg3_3,2,10,4.6095222209311695,4.663381397337373,5.852349955359813,4.6095222209311695,4.663381397337373,5.852349955359813,10,1.0
pg3_3,3,10,0.1,0.0,0.5,0.1,0.0,0.5,10,1.0
pg3_3,4,10,0.17071067811865476,0.0,0.7071067811865476,0.17071067811865476,0.0,0.7071067811865476,10,1.0
pg3_3,5,10,0.1,0.0,1.0,0.1,0.0,1.0,10,1.0
pg3_3,6,10,0.3207106781186547,0.25,1.0,0.3207106781186547,0.25,1.0,10,1.0
pg3_3,7,10,0.1,0.0,0.5,0.1,0.0,0.5,10,1.0
pg3_3,8,10,0.12071067811865474,0.0,0.7071067811865476,0.12071067811865474,0.0,0.7071067811865476,10,1.0
pg3_3,9,10,0.1,0.0,0.5,0.1,0.0,0.5,10,1.0
pg3_3,10,10,0.05,0.0,0.5,0.05,0.0,0.5,10,1.0
pg3_3,11,10,0.0,0.0,0.0,0.0,0.0,0.0,10,1.0
pg3_3,12,10,0.0,0.0,0.0,0.0,0.0,0.0,10,1.0
pg3_3,13,10,0.05,0.0,0.5,0.05,0.0,0.5,10,1.0
pg3_3,14,10,0.0,0.0,0.0,0.0,0.0,0.0,10,1.0
pg3_3,15,10,0.0,0.0,0.0,0.0,0.0,0.0,10,1.0
pg3_3,16,10,0.05,0.0,0.5,0.05,0.0,0.5,10,1.0
pg3_3,17,10,0.0,0.0,0.0,0.0,0.0,0.0,10,1.0
pg3_3,18,10,0.0,0.0,0.0,0.0,0.0,0.0,10,1.0
pg3_3,19,10,0.0,0.0,0.0,0.0,0.0,0.0,10,1.0
pg3_3,20,10,0.1,0.0,1.0,0.1,0.0,1.0,10,1.0
pg3_3,21,10,0.1,0.0,0.5,0.1,0.0,0.5,10,1.0
pg3_3,22,10,0.05,0.0,0.5,0.05,0.0,0.5,10,1.0
pg3_3,23,10,0.05,0.0,0.5,0.05,0.0,0.5,10,1.0
pg3_3,24,10,0.18027756377319945,0.0,1.8027756377319946,0.18027756377319945,0.0,1.8027756377319946,10,1.0
pg3_3,25,10,0.0,0.0,0.0,0.0,0.0,0.0,10,1.0
pg3_3,26,10,0.1,0.0,0.5,0.1,0.0,0.5,10,1.0
pg3_3,27,10,0.15,0.0,0.5,0.15,0.0,0.5,10,1.0
pg3_3,28,10,0.0,0.0,0.0,0.0,0.0,0.0,10,1.0
pg3_3,29,10,0.05,0.0,0.5,0.05,0.0,0.5,10,1.0
pg3_3,30,10,0.0,0.0,0.0,0.0,0.0,0.0,10,1.0
pg3_3,31,10,0.16180339887498948,0.0,1.118033988749895,0.16180339887498948,0.0,1.118033988749895,10,1.0
pg3_3,32,10,0.1414213562373095,0.0,1.4142135623730951,0.1414213562373095,0.0,1.4142135623730951,10,1.0
pg3_3,33,10,0.15,0.0,1.0,0.15,0.0,1.0,10,1.0
pg3_3,34,10,0.05,0.0,0.5,0.05,0.0,0.5,10,1.0
pg3_3,35,10,0.05,0.0,0.5,0.05,0.0,0.5,10,1.0
pg3_3,36,10,0.05,0.0,0.5,0.05,0.0,0.5,10,1.0
pg3_3,37,10,0.05,0.0,0.5,0.05,0.0,0.5,10,1.0
pg3_3,38,10,0.05,0.0,0.5,0.05,0.0,0.5,10,1.0
pg3_3,39,10,0.05,0.0,0.5,0.05,0.0,0.5,10,1.0
pg3_3,40,10,0.1,0.0,1.0,0.1,0.0,1.0,10,1.0
pg3_3,41,10,0.0,0.0,0.0,0.0,0.0,0.0,10,1.0
pg3_3,42,10,0.0,0.0,0.0,0.0,0.0,0.0,10,1.0
pg3_3,43,10,0.0,0.0,0.0,0.0,0.0,0.0,10,1.0
pg3_3,44,10,0.1,0.0,0.5,0.1,0.0,0.5,10,1.0
pg3_3,45,10,0.05,0.0,0.5,0.05,0.0,0.5,10,1.0
pg3_3,46,10,0.05,0.0,0.5,0.05,0.0,0.5,10,1.0
pg3_3,47,10,0.15,0.0,1.0,0.15,0.0,1.0,10,1.0
pg3_3,48,10,0.1,0.0,0.5,0.1,0.0,0.5,10,1.0
pg3_3,49,10,0.05,0.0,0.5,0.05,0.0,0.5,10,1.0
pg3_3,50,10,0.12071067811865474,0.0,0.7071067811865476,0.12071067811865474,0.0,0.7071067811865476,10,1.0
pg3_3,51,10,0.05,0.0,0.5,0.05,0.0,0.5,10,1.0
pg3_3,52,10,0.1,0.0,0.5,0.1,0.0,0.5,10,1.0
pg3_3,53,10,0.1,0.0,0.5,0.1,0.0,0.5,10,1.0
pg3_3,54,10,0.1118033988749895,0.0,1.118033988749895,0.1118033988749895,0.0,1.118033988749895,10,1.0
pg3_3,55,10,0.1,0.0,0.5,0.1,0.0,0.5,10,1.0
pg3_3,56,10,0.1414213562373095,0.0,1.4142135623730951,0.1414213562373095,0.0,1.4142135623730951,10,1.0
pg3_3,57,10,0.16180339887498948,0.0,1.118033988749895,0.16180339887498948,0.0,1.118033988749895,10,1.0
pg3_3,58,10,0.07071067811865475,0.0,0.7071067811865476,0.07071067811865475,0.0,0.7071067811865476,10,1.0
pg3_3,59,10,0.07071067811865475,0.0,0.7071067811865476,0.07071067811865475,0.0,0.7071067811865476,10,1.0
pg3_3,60,10,0.25615528128088305,0.0,2.0615528128088303,0.25615528128088305,0.0,2.0615528128088303,10,1.0
pg3_3,61,10,0.208113883008419,0.0,1.5811388300841898,0.208113883008419,0.0,1.5811388300841898,10,1.0
pg3_3,62,10,0.2,0.0,2.0,0.2,0.0,2.0,10,1.0
pg3_3,63,10,0.208113883008419,0.0,1.5811388300841898,0.208113883008419,0.0,1.5811388300841898,10,1.0
pg3_3,64,10,0.2,0.0,2.0,0.2,0.0,2.0,10,1.0
pg3_3,65,10,1.1,0.0,10.5,1.1,0.0,10.5,10,1.0
pg3_3,66,10,0.18027756377319945,0.0,1.8027756377319946,0.18027756377319945,0.0,1.8027756377319946,10,1.0
pg3_3,67,10,0.1118033988749895,0.0,1.118033988749895,0.1118033988749895,0.0,1.118033988749895,10,1.0
pg3_3,68,10,0.1118033988749895,0.0,1.118033988749895,0.1118033988749895,0.0,1.118033988749895,10,1.0
pg3_3,69,10,0.273606797749979,0.0,2.23606797749979,0.273606797749979,0.0,2.23606797749979,10,1.0
pg3_3,70,10,0.2621320343559642,0.0,2.1213203435596424,0.2621320343559642,0.0,2.1213203435596424,10,1.0
pg3_3,71,10,0.35,0.0,2.5,0.35,0.0,2.5,10,1.0
pg3_3,72,10,0.18027756377319945,0.0,1.8027756377319946,0.18027756377319945,0.0,1.8027756377319946,10,1.0
pg3_3,73,10,0.25,0.0,2.5,0.25,0.0,2.5,10,1.0
pg3_3,74,10,0.2,0.0,2.0,0.2,0.0,2.0,10,1.0
pg3_3,75,10,0.2,0.0,1.5,0.2,0.0,1.5,10,1.0
pg3_3,76,10,0.2,0.0,2.0,0.2,0.0,2.0,10,1.0
pg3_3,77,10,0.20615528128088303,0.0,2.0615528128088303,0.20615528128088303,0.0,2.0615528128088303,10,1.0
pg3_3,78,10,0.20615528128088303,0.0,2.0615528128088303,0.20615528128088303,0.0,2.0615528128088303,10,1.0
pg3_3,79,10,0.15,0.0,1.5,0.15,0.0,1.5,10,1.0
pg3_3,80,10,0.15,0.0,1.5,0.15,0.0,1.5,10,1.0
pg3_3,81,10,0.15811388300841897,0.0,1.5811388300841898,0.15811388300841897,0.0,1.5811388300841898,10,1.0
pg3_3,82,10,0.1,0.0,1.0,0.1,0.0,1.0,10,1.0
pg3_3,83,10,0.27071067811865474,0.0,2.0,0.27071067811865474,0.0,2.0,10,1.0
pg3_3,84,10,0.18027756377319945,0.0,1.8027756377319946,0.18027756377319945,0.0,1.8027756377319946,10,1.0
pg3_3,85,10,0.25615528128088305,0.0,2.0615528128088303,0.25615528128088305,0.0,2.0615528128088303,10,1.0
pg3_3,86,10,0.18027756377319945,0.0,1.8027756377319946,0.18027756377319945,0.0,1.8027756377319946,10,1.0
pg3_3,87,10,0.2,0.0,1.5,0.2,0.0,1.5,10,1.0
pg3_3,88,10,0.3192582403567252,0.0,2.692582403567252,0.3192582403567252,0.0,2.692582403567252,10,1.0
pg3_3,89,10,0.15811388300841897,0.0,1.5811388300841898,0.15811388300841897,0.0,1.5811388300841898,10,1.0
pg3_3,90,10,0.05,0.0,0.5,0.05,0.0,0.5,10,1.0
pg3_3,91,10,0.05,0.0,0.5,0.05,0.0,0.5,10,1.0
pg3_3,92,10,0.0,0.0,0.0,0.0,0.0,0.0,10,1.0
pg3_3,93,10,0.05,0.0,0.5,0.05,0.0,0.5,10,1.0
pg3_3,94,10,0.1,0.0,0.5,0.1,0.0,0.5,10,1.0
pg3_3,95,10,0.17071067811865476,0.0,0.7071067811865476,0.17071067811865476,0.0,0.7071067811865476,10,1.0
pg3_3,96,10,0.05,0.0,0.5,0.05,0.0,0.5,10,1.0
pg3_3,97,10,0.3,0.0,2.5,0.3,0.0,2.5,10,1.0
pg3_4,2,10,4.865768360091596,5.07390753524675,6.800735254367722,4.865768360091596,5.07390753524675,6.800735254367722,10,1.0
pg3_4,3,10,0.17071067811865476,0.0,0.7071067811865476,0.17071067811865476,0.0,0.7071067811865476,10,1.0
pg3_4,4,10,0.1,0.0,0.5,0.1,0.0,0.5,10,1.0
pg3_4,5,10,0.17071067811865476,0.0,0.7071067811865476,0.17071067811865476,0.0,0.7071067811865476,10,1.0
pg3_4,6,10,0.1,0.0,0.5,0.1,0.0,0.5,10,1.0
pg3_4,7,10,0.05,0.0,0.5,0.05,0.0,0.5,10,1.0
pg3_4,8,10,0.0,0.0,0.0,0.0,0.0,0.0,10,1.0
pg3_4,9,10,0.05,0.0,0.5,0.05,0.0,0.5,10,1.0
pg3_4,10,10,0.1,0.0,0.5,0.1,0.0,0.5,10,1.0
pg3_4,11,10,0.05,0.0,0.5,0.05,0.0,0.5,10,1.0
pg3_4,12,10,0.2,0.0,1.5,0.2,0.0,1.5,10,1.0
pg3_4,13,10,0.1118033988749895,0.0,1.118033988749895,0.1118033988749895,0.0,1.118033988749895,10,1.0
pg3_4,14,10,0.1,0.0,1.0,0.1,0.0,1.0,10,1.0
pg3_4,15,10,0.0,0.0,0.0,0.0,0.0,0.0,10,1.0
pg3_4,16,10,0.3995352392457285,0.0,1.5811388300841898,0.3995352392457285,0.0,1.5811388300841898,10,1.0
pg3_4,17,10,0.05,0.0,0.5,0.05,0.0,0.5,10,1.0
pg3_4,18,10,0.05,0.0,0.5,0.05,0.0,0.5,10,1.0
pg3_4,19,10,0.05,0.0,0.5,0.05,0.0,0.5,10,1.0
pg3_4,20,10,0.562310562561766,0.25,2.0615528128088303,0.562310562561766,0.25,2.0615528128088303,10,1.0
pg3_4,21,10,0.1,0.0,0.5,0.1,0.0,0.5,10,1.0
pg3_4,22,10,0.15,0.0,0.5,0.15,0.0,0.5,10,1.0
pg3_4,23,10,0.1,0.0,0.5,0.1,0.0,0.5,10,1.0
pg3_4,24,10,0.308113883008419,0.0,1.5811388300841898,0.308113883008419,0.0,1.5811388300841898,10,1.0
pg3_4,25,10,0.15,0.0,0.5,0.15,0.0,0.5,10,1.0
pg3_4,26,10,0.37360679774997896,0.0,2.23606797749979,0.37360679774997896,0.0,2.23606797749979,10,1.0
pg3_4,27,10,0.22071067811865475,0.0,0.7071067811865476,0.22071067811865475,0.0,0.7071067811865476,10,1.0
pg3_4,28,10,0.25,0.25,0.5,0.25,0.25,0.5,10,1.0
pg3_4,29,10,0.1,0.0,0.5,0.1,0.0,0.5,10,1.0
pg3_4,30,10,0.2825140769936442,0.0,1.118033988749895,0.2825140769936442,0.0,1.118033988749895,10,1.0
pg3_4,31,10,0.12071067811865474,0.0,0.7071067811865476,0.12071067811865474,0.0,0.7071067811865476,10,1.0
pg3_4,32,10,0.5272001872658765,0.0,4.272001872658765,0.5272001872658765,0.0,4.272001872658765,10,1.0
pg3_4,33,10,0.3302775637731995,0.0,1.8027756377319946,0.3302775637731995,0.0,1.8027756377319946,10,1.0
pg3_4,34,10,0.15,0.0,0.5,0.15,0.0,0.5,10,1.0
pg3_4,35,10,0.2,0.0,1.0,0.2,0.0,1.0,10,1.0
pg3_4,36,10,0.30495097567963925,0.0,2.5495097567963922,0.30495097567963925,0.0,2.5495097567963922,10,1.0
pg3_4,37,10,0.4618033988749895,0.25,2.0,0.4618033988749895,0.25,2.0,10,1.0
pg3_4,38,10,0.2618033988749895,0.0,1.118033988749895,0.2618033988749895,0.0,1.118033988749895,10,1.0
pg3_4,39,10,0.5707106781186548,0.5,2.0,0.5707106781186548,0.5,2.0,10,1.0
pg3_4,40,10,0.16180339887498948,0.0,1.118033988749895,0.16180339887498948,0.0,1.118033988749895,10,1.0
pg3_4,41,10,0.4707106781186548,0.25,2.0,0.4707106781186548,0.25,2.0,10,1.0
pg3_4,42,10,0.4414213562373095,0.0,1.5,0.4414213562373095,0.0,1.5,10,1.0
pg3_4,43,10,0.4325140769936443,0.5,1.118033988749895,0.4325140769936443,0.5,1.118033988749895,10,1.0
pg3_4,44,10,0.2618033988749895,0.0,1.118033988749895,0.2618033988749895,0.0,1.118033988749895,10,1.0
pg3_4,45,10,0.5,0.0,2.5,0.5,0.0,2.5,10,1.0
pg3_4,46,10,0.2,0.0,1.0,0.2,0.0,1.0,10,1.0
pg3_4,47,10,0.4325140769936443,0.5,1.118033988749895,0.4325140769936443,0.5,1.118033988749895,10,1.0
pg3_4,48,10,1.1394147114027968,0.0,9.394147114027968,1.1394147114027968,0.0,9.394147114027968,10,1.0
pg3_4,49,10,0.39431747586863375,0.0,2.23606797749979,0.39431747586863375,0.0,2.23606797749979,10,1.0
pg3_4,50,10,0.6179586801558725,0.5,2.0615528128088303,0.6179586801558725,0.5,2.0615528128088303,10,1.0
pg3_4,51,10,0.358113883008419,0.0,1.5811388300841898,0.358113883008419,0.0,1.5811388300841898,10,1.0
pg3_4,52,10,1.4584925779295894,0.25,9.848857801796104,1.4584925779295894,0.25,9.848857801796104,10,1.0
pg3_4,53,10,0.6825140769936443,0.8535533905932737,2.0,0.6825140769936443,0.8535533905932737,2.0,10,1.0
pg3_4,54,10,0.6153567894682632,0.6035533905932737,1.4142135623730951,0.6153567894682632,0.6035533905932737,1.4142135623730951,10,1.0
pg3_4,55,10,0.473606797749979,0.5,1.118033988749895,0.473606797749979,0.5,1.118033988749895,10,1.0
pg3_4,56,10,0.5914213562373095,0.6035533905932737,1.5,0.5914213562373095,0.6035533905932737,1.5,10,1.0
pg3_4,57,10,0.732842712474619,0.6035533905932737,2.0,0.732842712474619,0.6035533905932737,2.0,10,1.0
pg3_4,58,10,0.4207106781186548,0.5,1.5,0.4207106781186548,0.5,1.5,10,1.0
pg3_4,59,10,0.6909565954830381,0.6035533905932737,1.5811388300841898,0.6909565954830381,0.6035533905932737,1.5811388300841898,10,1.0
pg3_4,60,10,0.4825140769936443,0.25,1.5,0.4825140769936443,0.25,1.5,10,1.0
pg3_4,61,10,0.8564495102245979,1.0590169943749475,2.0,0.8564495102245979,1.0590169943749475,2.0,10,1.0
pg3_4,62,10,0.7093800363931821,0.6035533905932737,2.0615528128088303,0.7093800363931821,0.6035533905932737,2.0615528128088303,10,1.0
pg3_4,63,10,1.4145750831477537,0.9125703849682212,7.0178344238090995,1.4145750831477537,0.9125703849682212,7.0178344238090995,10,1.0
pg3_4,64,10,1.1320493162393728,1.266123775561495,2.0,1.1320493162393728,1.266123775561495,2.0,10,1.0
pg3_4,65,10,0.9951532750363852,0.8535533905932737,2.0615528128088303,0.9951532750363852,0.8535533905932737,2.0615528128088303,10,1.0
pg3_4,66,10,0.8564495102245981,0.7071067811865476,2.0,0.8564495102245981,0.7071067811865476,2.0,10,1.0
pg3_4,67,10,0.8113386381207179,1.0,1.5811388300841898,0.8113386381207179,1.0,1.5811388300841898,10,1.0
pg3_4,68,10,2.44651957145767,0.5,17.0,2.44651957145767,0.5,17.0,10,1.0
pg3_4,69,10,1.6937780813315164,0.75,8.902246907382429,1.6937780813315164,0.75,8.902246907382429,10,1.0
pg3_4,70,10,0.8667543745546287,0.75,2.5495097567963922,0.8667543745546287,0.75,2.5495097567963922,10,1.0
pg3_4,71,10,0.7581757307919382,0.6035533905932737,2.5495097567963922,0.7581757307919382,0.6035533905932737,2.5495097567963922,10,1.0
pg3_4,72,10,0.9374650526732834,0.8535533905932737,2.5495097567963922,0.9374650526732834,0.8535533905932737,2.5495097567963922,10,1.0
pg3_4,73,10,0.9656877603981678,0.75,2.5,0.9656877603981678,0.75,2.5,10,1.0
pg3_4,74,10,1.308504366272913,1.0,3.5355339059327378,1.308504366272913,1.0,3.5355339059327378,10,1.0
pg3_4,75,10,1.100256693440127,0.9125703849682212,2.5495097567963922,1.100256693440127,0.9125703849682212,2.5495097567963922,10,1.0
pg3_4,76,10,1.7154262924095462,1.0,7.158910531638177,1.7154262924095462,1.0,7.158910531638177,10,1.0
pg3_4,77,10,1.4571610676639208,1.266123775561495,3.640054944640259,1.4571610676639208,1.266123775561495,3.640054944640259,10,1.0
pg3_4,78,10,0.8906279600020632,0.8535533905932737,2.0,0.8906279600020632,0.8535533905932737,2.0,10,1.0
pg3_4,79,10,1.067493919401601,1.0,2.0615528128088303,1.067493919401601,1.0,2.0615528128088303,10,1.0
pg3_4,80,10,1.26446400994591,1.3495864094170424,2.0615528128088303,1.26446400994591,1.3495864094170424,2.0615528128088303,10,1.0
pg3_4,81,10,1.0202459173643832,1.2071067811865475,1.5811388300841898,1.0202459173643832,1.2071067811865475,1.5811388300841898,10,1.0
pg3_4,82,10,1.1482362439290719,1.0590169943749475,2.5,1.1482362439290719,1.0590169943749475,2.5,10,1.0
pg3_4,83,10,0.9608237182625767,1.0590169943749475,2.692582403567252,0.9608237182625767,1.0590169943749475,2.692582403567252,10,1.0
pg3_4,84,10,1.1495352392457285,1.0,2.5,1.1495352392457285,1.0,2.5,10,1.0
pg3_4,85,10,1.0526262045336607,1.0590169943749475,2.23606797749979,1.0526262045336607,1.0590169943749475,2.23606797749979,10,1.0
pg3_4,86,10,1.3117872487690583,1.4571067811865475,3.0413812651491097,1.3117872487690583,1.4571067811865475,3.0413812651491097,10,1.0
pg3_4,87,10,1.2542036762274222,1.118033988749895,2.692582403567252,1.2542036762274222,1.118033988749895,2.692582403567252,10,1.0
pg3_4,88,10,1.3099035175307647,1.4142135623730951,2.5,1.3099035175307647,1.4142135623730951,2.5,10,1.0
pg3_4,89,10,1.1150281539872886,1.0590169943749475,3.0,1.1150281539872886,1.0590169943749475,3.0,10,1.0
pg3_4,90,10,1.231915526415006,1.3090169943749475,2.5,1.231915526415006,1.3090169943749475,2.5,10,1.0
pg3_4,91,10,1.0150281539872885,1.0,2.5,1.0150281539872885,1.0,2.5,10,1.0
pg3_4,92,10,1.1272801635106182,1.118033988749895,3.0413812651491097,1.1272801635106182,1.118033988749895,3.0413812651491097,10,1.0
pg3_4,93,10,1.0564495102245979,1.0590169943749475,2.5,1.0564495102245979,1.0590169943749475,2.5,10,1.0
pg3_4,94,10,1.3640089269860045,1.118033988749895,3.2015621187164243,1.3640089269860045,1.118033988749895,3.2015621187164243,10,1.0
pg3_4,95,10,1.1650281539872884,1.0590169943749475,2.5,1.1650281539872884,1.0590169943749475,2.5,10,1.0
pg3_4,96,10,1.2490704784914568,1.25,2.8284271247461903,1.2490704784914568,1.25,2.8284271247461903,10,1.0
pg3_4,97,10,1.2194246634199153,1.118033988749895,3.2015621187164243,1.2194246634199153,1.118033988749895,3.2015621187164243,10,1.0
pg3_5,2,10,2.540892649837436,2.368033988749895,4.242640687119285,2.540892649837436,2.368033988749895,4.242640687119285,10,1.0
pg3_5,3,10,0.208113883008419,0.0,1.5811388300841898,0.208113883008419,0.0,1.5811388300841898,10,1.0
pg3_5,4,10,0.0,0.0,0.0,0.0,0.0,0.0,10,1.0
pg3_5,5,10,0.0,0.0,0.0,0.0,0.0,0.0,10,1.0
pg3_5,6,10,0.1118033988749895,0.0,1.118033988749895,0.1118033988749895,0.0,1.118033988749895,10,1.0
pg3_5,7,10,0.0,0.0,0.0,0.0,0.0,0.0,10,1.0
pg3_5,8,10,0.1,0.0,0.5,0.1,0.0,0.5,10,1.0
pg3_5,9,10,0.0,0.0,0.0,0.0,0.0,0.0,10,1.0
pg3_5,10,10,0.05,0.0,0.5,0.05,0.0,0.5,10,1.0
pg3_5,11,10,0.0,0.0,0.0,0.0,0.0,0.0,10,1.0
pg3_5,12,10,0.0,0.0,0.0,0.0,0.0,0.0,10,1.0
pg3_5,13,10,0.597213595499958,0.0,2.23606797749979,0.597213595499958,0.0,2.23606797749979,10,1.0
pg3_5,14,10,0.0,0.0,0.0,0.0,0.0,0.0,10,1.0
pg3_5,15,10,0.15,0.0,0.5,0.15,0.0,0.5,10,1.0
pg3_5,16,10,0.38284271247461904,0.0,2.8284271247461903,0.38284271247461904,0.0,2.8284271247461903,10,1.0
pg3_5,17,10,0.23251407699364424,0.0,1.118033988749895,0.23251407699364424,0.0,1.118033988749895,10,1.0
pg3_5,18,10,0.3192582403567252,0.0,2.692582403567252,0.3192582403567252,0.0,2.692582403567252,10,1.0
pg3_5,19,10,0.05,0.0,0.5,0.05,0.0,0.5,10,1.0
pg3_5,20,10,0.05,0.0,0.5,0.05,0.0,0.5,10,1.0
pg3_5,21,10,0.05,0.0,0.5,0.05,0.0,0.5,10,1.0
pg3_5,22,10,0.05,0.0,0.5,0.05,0.0,0.5,10,1.0
pg3_5,23,10,0.12071067811865474,0.0,0.7071067811865476,0.12071067811865474,0.0,0.7071067811865476,10,1.0
pg3_5,24,10,0.05,0.0,0.5,0.05,0.0,0.5,10,1.0
pg3_5,25,10,0.0,0.0,0.0,0.0,0.0,0.0,10,1.0
pg3_5,26,10,0.3302775637731995,0.0,1.8027756377319946,0.3302775637731995,0.0,1.8027756377319946,10,1.0
pg3_5,27,10,0.0,0.0,0.0,0.0,0.0,0.0,10,1.0
pg3_5,28,10,0.2,0.0,1.0,0.2,0.0,1.0,10,1.0
pg3_5,29,10,0.12071067811865474,0.0,0.7071067811865476,0.12071067811865474,0.0,0.7071067811865476,10,1.0
pg3_5,30,10,0.37071067811865477,0.0,2.0,0.37071067811865477,0.0,2.0,10,1.0
pg3_5,31,10,0.25,0.0,1.5,0.25,0.0,1.5,10,1.0
pg3_5,32,10,0.4207106781186548,0.5,1.0,0.4207106781186548,0.5,1.0,10,1.0
pg3_5,33,10,0.15,0.0,1.0,0.15,0.0,1.0,10,1.0
pg3_5,34,10,0.05,0.0,0.5,0.05,0.0,0.5,10,1.0
pg3_5,35,10,0.22071067811865475,0.0,0.7071067811865476,0.22071067811865475,0.0,0.7071067811865476,10,1.0
pg3_5,36,10,0.636067467586918,0.25,3.5355339059327378,0.636067467586918,0.25,3.5355339059327378,10,1.0
pg3_5,37,10,0.35,0.0,3.0,0.35,0.0,3.0,10,1.0
pg3_5,38,10,0.5857388321059432,0.5,2.23606797749979,0.5857388321059432,0.5,2.23606797749979,10,1.0
pg3_5,39,10,0.37393543323095374,0.0,2.1213203435596424,0.37393543323095374,0.0,2.1213203435596424,10,1.0
pg3_5,40,10,0.5943174758686338,0.5,2.23606797749979,0.5943174758686338,0.5,2.23606797749979,10,1.0
pg3_5,41,10,0.8955736549170382,0.5,6.041522986797286,0.8955736549170382,0.5,6.041522986797286,10,1.0
pg3_5,42,10,0.3914213562373095,0.25,1.4142135623730951,0.3914213562373095,0.25,1.4142135623730951,10,1.0
pg3_5,43,10,0.859102124900273,0.5,2.5,0.859102124900273,0.5,2.5,10,1.0
pg3_5,44,10,0.7884532945651377,0.5,2.5495097567963922,0.7884532945651377,0.5,2.5495097567963922,10,1.0
pg3_5,45,10,1.122811630949999,1.0,2.692582403567252,1.122811630949999,1.0,2.692582403567252,10,1.0
pg3_5,46,10,0.8820493162393728,0.7071067811865476,2.0,0.8820493162393728,0.7071067811865476,2.0,10,1.0
pg3_5,47,10,0.6621320343559642,0.5,2.0,0.6621320343559642,0.5,2.0,10,1.0
pg3_5,48,10,0.8707106781186548,0.8535533905932737,1.5,0.8707106781186548,0.8535533905932737,1.5,10,1.0
pg3_5,49,10,0.840956595483038,0.7071067811865476,1.5811388300841898,0.840956595483038,0.7071067811865476,1.5811388300841898,10,1.0
pg3_5,50,10,0.6914213562373095,0.6035533905932737,2.0,0.6914213562373095,0.6035533905932737,2.0,10,1.0
pg3_5,51,10,0.673606797749979,0.5,1.5,0.673606797749979,0.5,1.5,10,1.0
pg3_5,52,10,1.4053623860422948,0.5,8.139410298049853,1.4053623860422948,0.5,8.139410298049853,10,1.0
pg3_5,53,10,0.7739354332309537,0.8535533905932737,2.0,0.7739354332309537,0.8535533905932737,2.0,10,1.0
pg3_5,54,10,0.7825140769936443,0.6035533905932737,2.0,0.7825140769936443,0.6035533905932737,2.0,10,1.0
pg3_5,55,10,1.0093800363931822,0.8535533905932737,2.0615528128088303,1.0093800363931822,0.8535533905932737,2.0615528128088303,10,1.0
pg3_5,56,10,1.011338638120718,1.0,2.0,1.011338638120718,1.0,2.0,10,1.0
pg3_5,57,10,1.0475766375181925,1.0,2.0615528128088303,1.0475766375181925,1.0,2.0615528128088303,10,1.0
pg3_5,58,10,1.1300907145118368,1.0590169943749475,2.0615528128088303,1.1300907145118368,1.0590169943749475,2.0615528128088303,10,1.0
pg3_5,59,10,1.2546810605819758,1.266123775561495,2.5495097567963922,1.2546810605819758,1.266123775561495,2.5495097567963922,10,1.0
pg3_5,60,10,1.3837835332019581,1.4142135623730951,2.5495097567963922,1.3837835332019581,1.4142135623730951,2.5495097567963922,10,1.0
pg3_5,61,10,2.202367703073868,1.5811388300841898,9.340770846134703,2.202367703073868,1.5811388300841898,9.340770846134703,10,1.0
pg3_5,62,10,1.2011732018875347,1.266123775561495,2.5,1.2011732018875347,1.266123775561495,2.5,10,1.0
pg3_5,63,10,1.4926662915692908,1.5,3.5355339059327378,1.4926662915692908,1.5,3.5355339059327378,10,1.0
pg3_5,64,10,1.5562758494477136,1.4976761962286425,3.5355339059327378,1.5562758494477136,1.4976761962286425,3.5355339059327378,10,1.0
pg3_5,65,10,1.265671610292237,1.266123775561495,3.0413812651491097,1.265671610292237,1.266123775561495,3.0413812651491097,10,1.0
pg3_5,66,10,1.109345629855922,1.118033988749895,2.5,1.109345629855922,1.118033988749895,2.5,10,1.0
pg3_5,67,10,1.2659578509191745,1.3090169943749475,3.1622776601683795,1.2659578509191745,1.3090169943749475,3.1622776601683795,10,1.0
pg3_5,68,10,1.3427829719915736,1.540569415042095,2.0615528128088303,1.3427829719915736,1.540569415042095,2.0615528128088303,10,1.0
pg3_5,69,10,1.2833661936122016,1.4571067811865475,3.5355339059327378,1.2833661936122016,1.4571067811865475,3.5355339059327378,10,1.0
pg3_5,70,10,1.4223157988285677,1.3090169943749475,2.23606797749979,1.4223157988285677,1.3090169943749475,2.23606797749979,10,1.0
pg3_5,71,10,1.2509962382870994,1.3090169943749475,2.1213203435596424,1.2509962382870994,1.3090169943749475,2.1213203435596424,10,1.0
pg3_5,72,10,1.4632157386173195,1.6919572339080922,2.0615528128088303,1.4632157386173195,1.6919572339080922,2.0615528128088303,10,1.0
pg3_5,73,10,1.3046810605819759,1.4571067811865475,2.5495097567963922,1.3046810605819759,1.4571067811865475,2.5495097567963922,10,1.0
pg3_5,74,10,1.2980201802196825,1.3090169943749475,2.5495097567963922,1.2980201802196825,1.3090169943749475,2.5495097567963922,10,1.0
pg3_5,75,10,1.3529041160265696,1.3495864094170424,2.23606797749979,1.3529041160265696,1.3495864094170424,2.23606797749979,10,1.0
pg3_5,76,10,1.5548463991958852,1.9013878188659974,2.9154759474226504,1.5548463991958852,1.9013878188659974,2.9154759474226504,10,1.0
pg3_5,77,10,1.7057240657621513,1.4571067811865475,4.301162633521313,1.7057240657621513,1.4571067811865475,4.301162633521313,10,1.0
pg3_5,78,10,1.5255457460300996,1.5,3.605551275463989,1.5255457460300996,1.5,3.605551275463989,10,1.0
pg3_5,79,10,1.2583198524604802,1.118033988749895,2.5495097567963922,1.2583198524604802,1.118033988749895,2.5495097567963922,10,1.0
pg3_5,80,10,1.4273801197603893,1.540569415042095,2.692582403567252,1.4273801197603893,1.540569415042095,2.692582403567252,10,1.0
pg3_5,81,10,1.3682497801332594,1.6513878188659974,2.5495097567963922,1.3682497801332594,1.6513878188659974,2.5495097567963922,10,1.0
pg3_5,82,10,1.4008427958418264,1.4571067811865475,2.692582403567252,1.4008427958418264,1.4571067811865475,2.692582403567252,10,1.0
pg3_5,83,10,1.3077109700376668,1.4571067811865475,2.5495097567963922,1.3077109700376668,1.4571067811865475,2.5495097567963922,10,1.0
pg3_5,84,10,1.3332160863370286,1.3090169943749475,2.0615528128088303,1.3332160863370286,1.3090169943749475,2.0615528128088303,10,1.0
pg3_5,85,10,1.3309255139584177,1.4571067811865475,2.692582403567252,1.3309255139584177,1.4571067811865475,2.692582403567252,10,1.0
pg3_5,86,10,1.3465671775735566,1.3495864094170424,2.5495097567963922,1.3465671775735566,1.3495864094170424,2.5495097567963922,10,1.0
pg3_5,87,10,1.3904416756248967,1.266123775561495,2.692582403567252,1.3904416756248967,1.266123775561495,2.692582403567252,10,1.0
pg3_5,88,10,1.2234706724766822,1.0590169943749475,2.5,1.2234706724766822,1.0590169943749475,2.5,10,1.0
pg3_5,89,10,1.0711834352681717,1.118033988749895,2.0615528128088303,1.0711834352681717,1.118033988749895,2.0615528128088303,10,1.0
pg3_5,90,10,1.0739354332309536,1.0590169943749475,2.1213203435596424,1.0739354332309536,1.0590169943749475,2.1213203435596424,10,1.0
pg3_5,91,10,1.2064495102245982,1.266123775561495,2.5,1.2064495102245982,1.266123775561495,2.5,10,1.0
pg3_5,92,10,1.0199172818834084,1.0590169943749475,2.0,1.0199172818834084,1.0590169943749475,2.0,10,1.0
pg3_5,93,10,1.0896576001663816,1.0590169943749475,2.0615528128088303,1.0896576001663816,1.0590169943749475,2.0615528128088303,10,1.0
pg3_5,94,10,1.183037558131227,1.266123775561495,2.0,1.183037558131227,1.266123775561495,2.0,10,1.0
pg3_5,95,10,1.4021645711795974,1.3090169943749475,2.5495097567963922,1.4021645711795974,1.3090169943749475,2.5495097567963922,10,1.0
pg3_5,96,10,1.2459898450477,1.3495864094170424,2.0615528128088303,1.2459898450477,1.3495864094170424,2.0615528128088303,10,1.0
pg3_5,97,10,1.3199596848159136,1.4976761962286425,2.0615528128088303,1.3199596848159136,1.4976761962286425,2.0615528128088303,10,1.0
pg3_7,2,10,3.247847131560364,3.2015621187164243,5.0,3.247847131560364,3.2015621187164243,5.0,10,1.0
pg3_7,3,10,0.423606797749979,0.0,2.23606797749979,0.423606797749979,0.0,2.23606797749979,10,1.0
pg3_7,4,10,0.0,0.0,0.0,0.0,0.0,0.0,10,1.0
pg3_7,5,10,0.07071067811865475,0.0,0.7071067811865476,0.07071067811865475,0.0,0.7071067811865476,10,1.0
pg3_7,6,10,0.05,0.0,0.5,0.05,0.0,0.5,10,1.0
pg3_7,7,10,0.05,0.0,0.5,0.05,0.0,0.5,10,1.0
pg3_7,8,10,0.1,0.0,0.5,0.1,0.0,0.5,10,1.0
pg3_7,9,10,0.0,0.0,0.0,0.0,0.0,0.0,10,1.0
pg3_7,10,10,0.05,0.0,0.5,0.05,0.0,0.5,10,1.0
pg3_7,11,10,0.05,0.0,0.5,0.05,0.0,0.5,10,1.0
pg3_7,12,10,0.1,0.0,0.5,0.1,0.0,0.5,10,1.0
pg3_7,13,10,0.0,0.0,0.0,0.0,0.0,0.0,10,1.0
pg3_7,14,10,0.1,0.0,0.5,0.1,0.0,0.5,10,1.0
pg3_7,15,10,0.1,0.0,0.5,0.1,0.0,0.5,10,1.0
pg3_7,16,10,0.15,0.0,0.5,0.15,0.0,0.5,10,1.0
pg3_7,17,10,0.15,0.0,0.5,0.15,0.0,0.5,10,1.0
pg3_7,18,10,0.05,0.0,0.5,0.05,0.0,0.5,10,1.0
pg3_7,19,10,0.05,0.0,0.5,0.05,0.0,0.5,10,1.0
pg3_7,20,10,0.0,0.0,0.0,0.0,0.0,0.0,10,1.0
pg3_7,21,10,0.2,0.0,0.5,0.2,0.0,0.5,10,1.0
pg3_7,22,10,0.05,0.0,0.5,0.05,0.0,0.5,10,1.0
pg3_7,23,10,0.1,0.0,0.5,0.1,0.0,0.5,10,1.0
pg3_7,24,10,0.208113883008419,0.0,1.5811388300841898,0.208113883008419,0.0,1.5811388300841898,10,1.0
pg3_7,25,10,0.15,0.0,0.5,0.15,0.0,0.5,10,1.0
pg3_7,26,10,0.05,0.0,0.5,0.05,0.0,0.5,10,1.0
pg3_7,27,10,0.2,0.0,0.5,0.2,0.0,0.5,10,1.0
pg3_7,28,10,0.16180339887498948,0.0,1.118033988749895,0.16180339887498948,0.0,1.118033988749895,10,1.0
pg3_7,29,10,0.0,0.0,0.0,0.0,0.0,0.0,10,1.0
pg3_7,30,10,0.17071067811865476,0.0,0.7071067811865476,0.17071067811865476,0.0,0.7071067811865476,10,1.0
pg3_7,31,10,0.2,0.0,1.0,0.2,0.0,1.0,10,1.0
pg3_7,32,10,0.05,0.0,0.5,0.05,0.0,0.5,10,1.0
pg3_7,33,10,0.15,0.0,1.0,0.15,0.0,1.0,10,1.0
pg3_7,34,10,0.07071067811865475,0.0,0.7071067811865476,0.07071067811865475,0.0,0.7071067811865476,10,1.0
pg3_7,35,10,0.5033509936172545,0.0,2.9154759474226504,0.5033509936172545,0.0,2.9154759474226504,10,1.0
pg3_7,36,10,0.3,0.5,0.5,0.3,0.5,0.5,10,1.0
pg3_7,37,10,0.2943174758686337,0.0,1.118033988749895,0.2943174758686337,0.0,1.118033988749895,10,1.0
pg3_7,38,10,0.29142135623730947,0.0,1.0,0.29142135623730947,0.0,1.0,10,1.0
pg3_7,39,10,0.3,0.0,1.0,0.3,0.0,1.0,10,1.0
pg3_7,40,10,0.44464611134960846,0.25,1.4142135623730951,0.44464611134960846,0.25,1.4142135623730951,10,1.0
pg3_7,41,10,0.4699172818834085,0.25,1.5811388300841898,0.4699172818834085,0.25,1.5811388300841898,10,1.0
pg3_7,42,10,1.1968537348319181,0.25,8.06225774829855,1.1968537348319181,0.25,8.06225774829855,10,1.0
pg3_7,43,10,0.40098824189185417,0.25,1.8027756377319946,0.40098824189185417,0.25,1.8027756377319946,10,1.0
pg3_7,44,10,0.9879248856714948,0.0,6.576473218982953,0.9879248856714948,0.0,6.576473218982953,10,1.0
pg3_7,45,10,0.5590169943749475,0.0,2.23606797749979,0.5590169943749475,0.0,2.23606797749979,10,1.0
pg3_7,46,10,0.47169892001050895,0.25,1.8027756377319946,0.47169892001050895,0.25,1.8027756377319946,10,1.0
pg3_7,47,10,0.4414213562373095,0.3535533905932738,1.0,0.4414213562373095,0.3535533905932738,1.0,10,1.0
pg3_7,48,10,0.3414213562373095,0.25,1.0,0.3414213562373095,0.25,1.0,10,1.0
pg3_7,49,10,0.2618033988749895,0.0,1.118033988749895,0.2618033988749895,0.0,1.118033988749895,10,1.0
pg3_7,50,10,0.2825140769936442,0.0,1.118033988749895,0.2825140769936442,0.0,1.118033988749895,10,1.0
pg3_7,51,10,0.15,0.0,0.5,0.15,0.0,0.5,10,1.0
pg3_7,52,10,0.36213203435596425,0.5,0.7071067811865476,0.36213203435596425,0.5,0.7071067811865476,10,1.0
pg3_7,53,10,0.31213203435596426,0.25,0.7071067811865476,0.31213203435596426,0.25,0.7071067811865476,10,1.0
pg3_7,54,10,0.3,0.0,1.5,0.3,0.0,1.5,10,1.0
pg3_7,55,10,1.1841788959122896,0.5,7.516648189186454,1.1841788959122896,0.5,7.516648189186454,10,1.0
pg3_7,56,10,0.5202459173643833,0.6035533905932737,1.5811388300841898,0.5202459173643833,0.6035533905932737,1.5811388300841898,10,1.0
pg3_7,57,10,0.40612087474362324,0.0,1.118033988749895,0.40612087474362324,0.0,1.118033988749895,10,1.0
pg3_7,58,10,0.37393543323095374,0.25,1.118033988749895,0.37393543323095374,0.25,1.118033988749895,10,1.0
pg3_7,59,10,0.44953523924572847,0.25,1.5811388300841898,0.44953523924572847,0.25,1.5811388300841898,10,1.0
pg3_7,60,10,0.3788245611270737,0.0,1.5811388300841898,0.3788245611270737,0.0,1.5811388300841898,10,1.0
pg3_7,61,10,0.4943174758686338,0.25,2.23606797749979,0.4943174758686338,0.25,2.23606797749979,10,1.0
pg3_7,62,10,0.4239354332309537,0.0,2.1213203435596424,0.4239354332309537,0.0,2.1213203435596424,10,1.0
pg3_7,63,10,0.44208096264818897,0.0,1.8027756377319946,0.44208096264818897,0.0,1.8027756377319946,10,1.0
pg3_7,64,10,0.5591021249002732,0.25,1.8027756377319946,0.5591021249002732,0.25,1.8027756377319946,10,1.0
pg3_7,65,10,0.42169892001050896,0.0,1.8027756377319946,0.42169892001050896,0.0,1.8027756377319946,10,1.0
pg3_7,66,10,0.5127916407668437,0.5,1.8027756377319946,0.5127916407668437,0.5,1.8027756377319946,10,1.0
pg3_7,67,10,0.5038843615231785,0.25,1.8027756377319946,0.5038843615231785,0.25,1.8027756377319946,10,1.0
pg3_7,68,10,0.6527599943580275,0.5,1.5811388300841898,0.6527599943580275,0.5,1.5811388300841898,10,1.0
pg3_7,69,10,0.5653567894682633,0.0,2.1213203435596424,0.5653567894682633,0.0,2.1213203435596424,10,1.0
pg3_7,70,10,0.511338638120718,0.25,1.5811388300841898,0.511338638120718,0.25,1.5811388300841898,10,1.0
pg3_7,71,10,0.5621320343559643,0.25,2.5,0.5621320343559643,0.25,2.5,10,1.0
pg3_7,72,10,0.9702459173643833,0.0,5.0,0.9702459173643833,0.0,5.0,10,1.0
pg3_7,73,10,0.7683791476045431,0.3535533905932738,2.9154759474226504,0.7683791476045431,0.3535533905932738,2.9154759474226504,10,1.0
pg3_7,74,10,0.4239354332309537,0.0,2.1213203435596424,0.4239354332309537,0.0,2.1213203435596424,10,1.0
pg3_7,75,10,0.6645633932330169,0.3535533905932738,2.23606797749979,0.6645633932330169,0.3535533905932738,2.23606797749979,10,1.0
pg3_7,76,10,0.5949747468305834,0.3535533905932738,2.1213203435596424,0.5949747468305834,0.3535533905932738,2.1213203435596424,10,1.0
pg3_7,77,10,0.4618033988749895,0.0,2.5,0.4618033988749895,0.0,2.5,10,1.0
pg3_7,78,10,0.673801643406587,0.0,2.23606797749979,0.673801643406587,0.0,2.23606797749979,10,1.0
pg3_7,79,10,0.7017723173503695,0.0,2.692582403567252,0.7017723173503695,0.0,2.692582403567252,10,1.0
pg3_7,80,10,0.7141085181396727,0.3535533905932738,2.1213203435596424,0.7141085181396727,0.3535533905932738,2.1213203435596424,10,1.0
pg3_7,81,10,0.7538843615231785,0.25,2.5,0.7538843615231785,0.25,2.5,10,1.0
pg3_7,82,10,0.7492244858209262,0.3535533905932738,2.0615528128088303,0.7492244858209262,0.3535533905932738,2.0615528128088303,10,1.0
pg3_7,83,10,0.7307113394180413,0.0,3.2015621187164243,0.7307113394180413,0.0,3.2015621187164243,10,1.0
pg3_7,84,10,1.0617940769908445,0.3535533905932738,2.9154759474226504,1.0617940769908445,0.3535533905932738,2.9154759474226504,10,1.0
pg3_7,85,10,0.9394184612041725,0.3535533905932738,2.9154759474226504,0.9394184612041725,0.3535533905932738,2.9154759474226504,10,1.0
pg3_7,86,10,1.0529480806465021,0.3535533905932738,2.9154759474226504,1.0529480806465021,0.3535533905932738,2.9154759474226504,10,1.0
pg3_7,87,10,0.8771601883432527,0.25,2.5,0.8771601883432527,0.25,2.5,10,1.0
pg3_7,88,10,1.0742640687119285,0.5,3.0,1.0742640687119285,0.5,3.0,10,1.0
pg3_7,89,10,1.001323307596588,0.5,2.5495097567963922,1.001323307596588,0.5,2.5495097567963922,10,1.0
pg3_7,90,10,0.9839514944180351,0.25,3.0413812651491097,0.9839514944180351,0.25,3.0413812651491097,10,1.0
pg3_7,91,10,0.9631202762478184,0.3535533905932738,2.5,0.9631202762478184,0.3535533905932738,2.5,10,1.0
pg3_7,92,10,1.0527030059249578,0.5,3.0413812651491097,1.0527030059249578,0.5,3.0413812651491097,10,1.0
pg3_7,93,10,0.8959081360468734,0.25,2.692582403567252,0.8959081360468734,0.25,2.692582403567252,10,1.0
pg3_7,94,10,0.9802775637731994,0.25,2.5,0.9802775637731994,0.25,2.5,10,1.0
pg3_7,95,10,0.8505234811375827,0.25,2.5,0.8505234811375827,0.25,2.5,10,1.0
pg3_7,96,10,0.783037558131227,0.8090169943749475,1.8027756377319946,0.783037558131227,0.8090169943749475,1.8027756377319946,10,1.0
pg3_7,97,10,1.0123268800125722,1.3090169943749475,2.1213203435596424,1.0123268800125722,1.3090169943749475,2.1213203435596424,10,1.0
pg3_8,2,10,4.379717078163315,4.455467431083878,5.385164807134504,4.379717078163315,4.455467431083878,5.385164807134504,10,1.0
pg3_8,3,10,0.36622776601683793,0.0,3.1622776601683795,0.36622776601683793,0.0,3.1622776601683795,10,1.0
pg3_8,4,10,0.25,0.0,2.0,0.25,0.0,2.0,10,1.0
pg3_8,5,10,0.0,0.0,0.0,0.0,0.0,0.0,10,1.0
pg3_8,6,10,0.0,0.0,0.0,0.0,0.0,0.0,10,1.0
pg3_8,7,10,0.0,0.0,0.0,0.0,0.0,0.0,10,1.0
pg3_8,8,10,0.0,0.0,0.0,0.0,0.0,0.0,10,1.0
pg3_8,9,10,0.1,0.0,1.0,0.1,0.0,1.0,10,1.0
pg3_8,10,10,0.0,0.0,0.0,0.0,0.0,0.0,10,1.0
pg3_8,11,10,0.05,0.0,0.5,0.05,0.0,0.5,10,1.0
pg3_8,12,10,0.21213203435596428,0.0,1.4142135623730951,0.21213203435596428,0.0,1.4142135623730951,10,1.0
pg3_8,13,10,0.0,0.0,0.0,0.0,0.0,0.0,10,1.0
pg3_8,14,10,0.4302775637731995,0.0,2.5,0.4302775637731995,0.0,2.5,10,1.0
pg3_8,15,10,0.05,0.0,0.5,0.05,0.0,0.5,10,1.0
pg3_8,16,10,0.0,0.0,0.0,0.0,0.0,0.0,10,1.0
pg3_8,17,10,0.05,0.0,0.5,0.05,0.0,0.5,10,1.0
pg3_8,18,10,0.0,0.0,0.0,0.0,0.0,0.0,10,1.0
pg3_8,19,10,0.05,0.0,0.5,0.05,0.0,0.5,10,1.0
pg3_8,20,10,0.05,0.0,0.5,0.05,0.0,0.5,10,1.0
pg3_8,21,10,0.07071067811865475,0.0,0.7071067811865476,0.07071067811865475,0.0,0.7071067811865476,10,1.0
pg3_8,22,10,0.15,0.0,0.5,0.15,0.0,0.5,10,1.0
pg3_8,23,10,0.05,0.0,0.5,0.05,0.0,0.5,10,1.0
pg3_8,24,10,0.05,0.0,0.5,0.05,0.0,0.5,10,1.0
pg3_8,25,10,0.05,0.0,0.5,0.05,0.0,0.5,10,1.0
pg3_8,26,10,0.1,0.0,0.5,0.1,0.0,0.5,10,1.0
pg3_8,27,10,0.05,0.0,0.5,0.05,0.0,0.5,10,1.0
pg3_8,28,10,0.05,0.0,0.5,0.05,0.0,0.5,10,1.0
pg3_8,29,10,0.05,0.0,0.5,0.05,0.0,0.5,10,1.0
pg3_8,30,10,0.15,0.0,0.5,0.15,0.0,0.5,10,1.0
pg3_8,31,10,0.05,0.0,0.5,0.05,0.0,0.5,10,1.0
pg3_8,32,10,0.1,0.0,0.5,0.1,0.0,0.5,10,1.0
pg3_8,33,10,0.0,0.0,0.0,0.0,0.0,0.0,10,1.0
pg3_8,34,10,0.17071067811865476,0.0,0.7071067811865476,0.17071067811865476,0.0,0.7071067811865476,10,1.0
pg3_8,35,10,0.15,0.0,1.5,0.15,0.0,1.5,10,1.0
pg3_8,36,10,0.05,0.0,0.5,0.05,0.0,0.5,10,1.0
pg3_8,37,10,0.1,0.0,0.5,0.1,0.0,0.5,10,1.0
pg3_8,38,10,0.1,0.0,0.5,0.1,0.0,0.5,10,1.0
pg3_8,39,10,0.05,0.0,0.5,0.05,0.0,0.5,10,1.0
pg3_8,40,10,0.05,0.0,0.5,0.05,0.0,0.5,10,1.0
pg3_8,41,10,0.12071067811865474,0.0,0.7071067811865476,0.12071067811865474,0.0,0.7071067811865476,10,1.0
pg3_8,42,10,0.0,0.0,0.0,0.0,0.0,0.0,10,1.0
pg3_8,43,10,0.3414213562373095,0.25,1.0,0.3414213562373095,0.25,1.0,10,1.0
pg3_8,44,10,0.40388436152317847,0.0,1.8027756377319946,0.40388436152317847,0.0,1.8027756377319946,10,1.0
pg3_8,45,10,0.45311288741492745,0.0,4.031128874149275,0.45311288741492745,0.0,4.031128874149275,10,1.0
pg3_8,46,10,0.17071067811865476,0.0,0.7071067811865476,0.17071067811865476,0.0,0.7071067811865476,10,1.0
pg3_8,47,10,0.36180339887498947,0.0,1.118033988749895,0.36180339887498947,0.0,1.118033988749895,10,1.0
pg3_8,48,10,0.32360679774997897,0.0,2.23606797749979,0.32360679774997897,0.0,2.23606797749979,10,1.0
pg3_8,49,10,0.5899689184753799,0.25,2.692582403567252,0.5899689184753799,0.25,2.692582403567252,10,1.0
pg3_8,50,10,0.4807886552931954,0.0,3.8078865529319543,0.4807886552931954,0.0,3.8078865529319543,10,1.0
pg3_8,51,10,0.5245950396418332,0.25,1.8027756377319946,0.5245950396418332,0.25,1.8027756377319946,10,1.0
pg3_8,52,10,0.37071067811865477,0.0,1.5,0.37071067811865477,0.0,1.5,10,1.0
pg3_8,53,10,0.37360679774997896,0.25,1.118033988749895,0.37360679774997896,0.25,1.118033988749895,10,1.0
pg3_8,54,10,0.3009882418918542,0.0,1.8027756377319946,0.3009882418918542,0.0,1.8027756377319946,10,1.0
pg3_8,55,10,0.9420809626481889,0.0,6.0,0.9420809626481889,0.0,6.0,10,1.0
pg3_8,56,10,0.6462190891630999,0.0,3.0413812651491097,0.6462190891630999,0.0,3.0413812651491097,10,1.0
pg3_8,57,10,0.6310616392317148,0.0,2.692582403567252,0.6310616392317148,0.0,2.692582403567252,10,1.0
pg3_8,58,10,0.6114648766256735,0.0,2.9154759474226504,0.6114648766256735,0.0,2.9154759474226504,10,1.0
pg3_8,59,10,0.4207106781186548,0.0,2.0,0.4207106781186548,0.0,2.0,10,1.0
pg3_8,60,10,0.4,0.25,1.5,0.4,0.25,1.5,10,1.0
pg3_8,61,10,0.5975766375181925,0.25,2.0615528128088303,0.5975766375181925,0.25,2.0615528128088303,10,1.0
pg3_8,62,10,0.5389979937555021,0.25,2.0615528128088303,0.5389979937555021,0.25,2.0615528128088303,10,1.0
pg3_8,63,10,0.4883914467816185,0.25,1.8027756377319946,0.4883914467816185,0.25,1.8027756377319946,10,1.0
pg3_8,64,10,0.5071435231727373,0.0,2.0615528128088303,0.5071435231727373,0.0,2.0615528128088303,10,1.0
pg3_8,65,10,0.5739354332309538,0.25,2.0,0.5739354332309538,0.25,2.0,10,1.0
pg3_8,66,10,0.6131202762478185,0.25,1.8027756377319946,0.6131202762478185,0.25,1.8027756377319946,10,1.0
pg3_8,67,10,0.6823779517203474,0.3535533905932738,2.1213203435596424,0.6823779517203474,0.3535533905932738,2.1213203435596424,10,1.0
pg3_8,68,10,0.9292629117393307,0.3535533905932738,4.47213595499958,0.9292629117393307,0.3535533905932738,4.47213595499958,10,1.0
pg3_8,69,10,0.7274888238242274,0.25,2.1213203435596424,0.7274888238242274,0.25,2.1213203435596424,10,1.0
pg3_8,70,10,0.671698920010509,0.25,1.8027756377319946,0.671698920010509,0.25,1.8027756377319946,10,1.0
pg3_8,71,10,0.6637798826586979,0.25,1.8027756377319946,0.6637798826586979,0.25,1.8027756377319946,10,1.0
pg3_8,72,10,0.7552012388960074,0.3535533905932738,2.1213203435596424,0.7552012388960074,0.3535533905932738,2.1213203435596424,10,1.0
pg3_8,73,10,0.7273095021010276,0.0,2.5495097567963922,0.7273095021010276,0.0,2.5495097567963922,10,1.0
pg3_8,74,10,0.8802775637731994,0.25,2.5,0.8802775637731994,0.25,2.5,10,1.0
pg3_8,75,10,1.114234756644628,0.9013878188659973,2.9154759474226504,1.114234756644628,0.9013878188659973,2.9154759474226504,10,1.0
pg3_8,76,10,1.7180982276932792,0.9013878188659973,9.013878188659973,1.7180982276932792,0.9013878188659973,9.013878188659973,10,1.0
pg3_8,77,10,0.7473605738088029,0.25,2.5495097567963922,0.7473605738088029,0.25,2.5495097567963922,10,1.0
pg3_8,78,10,0.8766498956901481,0.25,2.5495097567963922,0.8766498956901481,0.25,2.5495097567963922,10,1.0
pg3_8,79,10,0.6335023188854985,0.0,2.0,0.6335023188854985,0.0,2.0,10,1.0
pg3_8,80,10,0.8352285394528387,0.25,2.5495097567963922,0.8352285394528387,0.25,2.5495097567963922,10,1.0
pg3_8,81,10,0.8345150816536853,0.0,3.1622776601683795,0.8345150816536853,0.0,3.1622776601683795,10,1.0
pg3_8,82,10,1.025661653798294,0.3535533905932738,3.0,1.025661653798294,0.3535533905932738,3.0,10,1.0
pg3_8,83,10,1.0401631992477918,0.5,3.1622776601683795,1.0401631992477918,0.5,3.1622776601683795,10,1.0
pg3_8,84,10,0.7943174758686338,0.3535533905932738,2.5,0.7943174758686338,0.3535533905932738,2.5,10,1.0
pg3_8,85,10,0.8829626876419846,0.3535533905932738,3.0413812651491097,0.8829626876419846,0.3535533905932738,3.0413812651491097,10,1.0
pg3_8,86,10,0.8632402514151842,0.3535533905932738,3.0413812651491097,0.8632402514151842,0.3535533905932738,3.0413812651491097,10,1.0
pg3_8,87,10,0.8699172818834086,0.5,2.5,0.8699172818834086,0.5,2.5,10,1.0
pg3_8,88,10,0.8320493162393727,0.5,2.5,0.8320493162393727,0.5,2.5,10,1.0
pg3_8,89,10,0.9435240796333874,0.75,3.0,0.9435240796333874,0.75,3.0,10,1.0
pg3_8,90,10,1.022773530562215,0.9571067811865476,2.5495097567963922,1.022773530562215,0.9571067811865476,2.5495097567963922,10,1.0
pg3_8,91,10,0.907382334556692,0.3535533905932738,2.5495097567963922,0.907382334556692,0.3535533905932738,2.5495097567963922,10,1.0
pg3_8,92,10,0.9739192831250227,0.7071067811865476,3.0413812651491097,0.9739192831250227,0.7071067811865476,3.0413812651491097,10,1.0
pg3_8,93,10,1.1815102498800552,0.7905694150420949,3.0413812651491097,1.1815102498800552,0.7905694150420949,3.0413812651491097,10,1.0
pg3_8,94,10,1.1036358302570517,0.7905694150420949,3.0413812651491097,1.1036358302570517,0.7905694150420949,3.0413812651491097,10,1.0
pg3_8,95,10,1.1599907756384593,0.7905694150420949,3.2015621187164243,1.1599907756384593,0.7905694150420949,3.2015621187164243,10,1.0
pg3_8,96,10,1.1815102498800552,0.7905694150420949,3.0413812651491097,1.1815102498800552,0.7905694150420949,3.0413812651491097,10,1.0
pg3_8,97,10,1.1576496871383437,0.7905694150420949,3.0,1.1576496871383437,0.7905694150420949,3.0,10,1.0
pg3_9,2,10,1.9574278653481105,1.540569415042095,5.0,1.9574278653481105,1.540569415042095,5.0,10,1.0
pg3_9,3,10,0.19142135623730952,0.0,0.7071067811865476,0.19142135623730952,0.0,0.7071067811865476,10,1.0
pg3_9,4,10,0.15,0.0,0.5,0.15,0.0,0.5,10,1.0
pg3_9,5,10,0.2,0.0,0.5,0.2,0.0,0.5,10,1.0
pg3_9,6,10,0.17071067811865476,0.0,0.7071067811865476,0.17071067811865476,0.0,0.7071067811865476,10,1.0
pg3_9,7,10,0.0,0.0,0.0,0.0,0.0,0.0,10,1.0
pg3_9,8,10,0.0,0.0,0.0,0.0,0.0,0.0,10,1.0
pg3_9,9,10,0.0,0.0,0.0,0.0,0.0,0.0,10,1.0
pg3_9,10,10,0.1,0.0,1.0,0.1,0.0,1.0,10,1.0
pg3_9,11,10,0.1,0.0,0.5,0.1,0.0,0.5,10,1.0
pg3_9,12,10,0.05,0.0,0.5,0.05,0.0,0.5,10,1.0
pg3_9,13,10,0.05,0.0,0.5,0.05,0.0,0.5,10,1.0
pg3_9,14,10,0.05,0.0,0.5,0.05,0.0,0.5,10,1.0
pg3_9,15,10,0.05,0.0,0.5,0.05,0.0,0.5,10,1.0
pg3_9,16,10,0.05,0.0,0.5,0.05,0.0,0.5,10,1.0
pg3_9,17,10,0.25,0.0,2.5,0.25,0.0,2.5,10,1.0
pg3_9,18,10,0.25,0.0,1.0,0.25,0.0,1.0,10,1.0
pg3_9,19,10,0.05,0.0,0.5,0.05,0.0,0.5,10,1.0
pg3_9,20,10,0.17071067811865476,0.0,0.7071067811865476,0.17071067811865476,0.0,0.7071067811865476,10,1.0
pg3_9,21,10,0.1,0.0,0.5,0.1,0.0,0.5,10,1.0
pg3_9,22,10,0.2,0.0,1.0,0.2,0.0,1.0,10,1.0
pg3_9,23,10,0.0,0.0,0.0,0.0,0.0,0.0,10,1.0
pg3_9,24,10,0.1,0.0,0.5,0.1,0.0,0.5,10,1.0
pg3_9,25,10,0.3535533905932738,0.0,3.5355339059327378,0.3535533905932738,0.0,3.5355339059327378,10,1.0
pg3_9,26,10,0.1118033988749895,0.0,1.118033988749895,0.1118033988749895,0.0,1.118033988749895,10,1.0
pg3_9,27,10,0.1,0.0,1.0,0.1,0.0,1.0,10,1.0
pg3_9,28,10,0.2,0.0,0.5,0.2,0.0,0.5,10,1.0
pg3_9,29,10,0.29142135623730947,0.0,1.0,0.29142135623730947,0.0,1.0,10,1.0
pg3_9,30,10,0.3,0.0,2.5,0.3,0.0,2.5,10,1.0
pg3_9,31,10,0.2,0.0,0.5,0.2,0.0,0.5,10,1.0
pg3_9,32,10,0.1914213562373095,0.0,0.7071067811865476,0.1914213562373095,0.0,0.7071067811865476,10,1.0
pg3_9,33,10,0.2,0.0,0.5,0.2,0.0,0.5,10,1.0
pg3_9,34,10,0.16180339887498948,0.0,1.118033988749895,0.16180339887498948,0.0,1.118033988749895,10,1.0
pg3_9,35,10,0.2,0.0,0.5,0.2,0.0,0.5,10,1.0
pg3_9,36,10,0.17071067811865476,0.0,0.7071067811865476,0.17071067811865476,0.0,0.7071067811865476,10,1.0
pg3_9,37,10,0.12071067811865474,0.0,0.7071067811865476,0.12071067811865474,0.0,0.7071067811865476,10,1.0
pg3_9,38,10,0.6234799350255257,0.0,4.527692569068709,0.6234799350255257,0.0,4.527692569068709,10,1.0
pg3_9,39,10,0.1914213562373095,0.0,0.7071067811865476,0.1914213562373095,0.0,0.7071067811865476,10,1.0
pg3_9,40,10,0.1414213562373095,0.0,0.7071067811865476,0.1414213562373095,0.0,0.7071067811865476,10,1.0
pg3_9,41,10,0.562310562561766,0.0,4.123105625617661,0.562310562561766,0.0,4.123105625617661,10,1.0
pg3_9,42,10,0.38284271247461904,0.25,1.4142135623730951,0.38284271247461904,0.25,1.4142135623730951,10,1.0
pg3_9,43,10,0.2,0.0,1.0,0.2,0.0,1.0,10,1.0
pg3_9,44,10,0.5424095981291637,0.5,1.8027756377319946,0.5424095981291637,0.5,1.8027756377319946,10,1.0
pg3_9,45,10,0.9153328775911449,0.25,6.946221994724902,0.9153328775911449,0.25,6.946221994724902,10,1.0
pg3_9,46,10,0.36213203435596425,0.25,1.0,0.36213203435596425,0.25,1.0,10,1.0
pg3_9,47,10,0.6517723173503696,0.5,2.692582403567252,0.6517723173503696,0.5,2.692582403567252,10,1.0
pg3_9,48,10,0.5597086718741568,0.3535533905932738,2.0615528128088303,0.5597086718741568,0.3535533905932738,2.0615528128088303,10,1.0
pg3_9,49,10,1.3052239594164878,0.6035533905932737,6.576473218982953,1.3052239594164878,0.6035533905932737,6.576473218982953,10,1.0
pg3_9,50,10,0.7916162018939175,0.8090169943749475,1.8027756377319946,0.7916162018939175,0.8090169943749475,1.8027756377319946,10,1.0
pg3_9,51,10,0.787875962039281,0.25,2.23606797749979,0.787875962039281,0.25,2.23606797749979,10,1.0
pg3_9,52,10,1.5878084201644154,0.25,9.962429422585638,1.5878084201644154,0.25,9.962429422585638,10,1.0
pg3_9,53,10,0.9207106781186548,0.6035533905932737,2.0,0.9207106781186548,0.6035533905932737,2.0,10,1.0
pg3_9,54,10,0.9622761560245063,0.8535533905932737,2.5,0.9622761560245063,0.8535533905932737,2.5,10,1.0
pg3_9,55,10,1.0199172818834086,0.8090169943749475,2.5,1.0199172818834086,0.8090169943749475,2.5,10,1.0
pg3_9,56,10,1.1841864461727105,0.8090169943749475,3.1622776601683795,1.1841864461727105,0.8090169943749475,3.1622776601683795,10,1.0
pg3_9,57,10,1.2874650526732834,1.0590169943749475,3.0,1.2874650526732834,1.0590169943749475,3.0,10,1.0
pg3_9,58,10,1.2554614341114987,0.8535533905932737,3.0413812651491097,1.2554614341114987,0.8535533905932737,3.0413812651491097,10,1.0
pg3_9,59,10,1.282842712474619,1.3535533905932737,2.5,1.282842712474619,1.3535533905932737,2.5,10,1.0
pg3_9,60,10,1.3939489694351415,1.2807764064044151,3.5,1.3939489694351415,1.2807764064044151,3.5,10,1.0
pg3_9,61,10,1.1924095981291636,1.1513878188659974,3.0,1.1924095981291636,1.1513878188659974,3.0,10,1.0
pg3_9,62,10,1.0081757307919381,0.5590169943749475,2.5495097567963922,1.0081757307919381,0.5590169943749475,2.5495097567963922,10,1.0
pg3_9,63,10,0.975661653798294,0.6035533905932737,2.5495097567963922,0.975661653798294,0.6035533905932737,2.5495097567963922,10,1.0
pg3_9,64,10,1.031782528541917,0.8090169943749475,2.5495097567963922,1.031782528541917,0.8090169943749475,2.5495097567963922,10,1.0
pg3_9,65,10,0.9306126294779332,0.5,2.5495097567963922,0.9306126294779332,0.5,2.5495097567963922,10,1.0
pg3_9,66,10,1.032833956582084,0.6035533905932737,2.692582403567252,1.032833956582084,0.6035533905932737,2.692582403567252,10,1.0
pg3_9,67,10,1.1085087111221383,0.25,2.9154759474226504,1.1085087111221383,0.25,2.9154759474226504,10,1.0
pg3_9,68,10,1.0360126149113538,0.5590169943749475,2.692582403567252,1.0360126149113538,0.5590169943749475,2.692582403567252,10,1.0
pg3_9,69,10,1.1023534298412554,0.5,2.9154759474226504,1.1023534298412554,0.5,2.9154759474226504,10,1.0
pg3_9,70,10,1.0864674888972843,0.6035533905932737,2.9154759474226504,1.0864674888972843,0.6035533905932737,2.9154759474226504,10,1.0
pg3_9,71,10,1.0819087670468728,0.8090169943749475,2.9154759474226504,1.0819087670468728,0.8090169943749475,2.9154759474226504,10,1.0
pg3_9,72,10,1.1657568107786296,0.5,2.9154759474226504,1.1657568107786296,0.5,2.9154759474226504,10,1.0
pg3_9,73,10,1.483864030834106,1.6283082689914699,3.2015621187164243,1.483864030834106,1.6283082689914699,3.2015621187164243,10,1.0
pg3_9,74,10,1.3160986358514963,1.1035533905932737,3.1622776601683795,1.3160986358514963,1.1035533905932737,3.1622776601683795,10,1.0
pg3_9,75,10,1.233715490934502,1.0590169943749475,2.9154759474226504,1.233715490934502,1.0590169943749475,2.9154759474226504,10,1.0
pg3_9,76,10,1.145312147984247,0.5590169943749475,3.0,1.145312147984247,0.5590169943749475,3.0,10,1.0
pg3_9,77,10,1.362122879357988,1.1441228056353687,3.0413812651491097,1.362122879357988,1.1441228056353687,3.0413812651491097,10,1.0
pg3_9,78,10,0.9707106781186547,0.6035533905932737,2.5,0.9707106781186547,0.6035533905932737,2.5,10,1.0
pg3_9,79,10,1.0401507414262647,0.5,3.0413812651491097,1.0401507414262647,0.5,3.0413812651491097,10,1.0
pg3_9,80,10,1.0918894198151319,0.6035533905932737,3.1622776601683795,1.0918894198151319,0.6035533905932737,3.1622776601683795,10,1.0
pg3_9,81,10,1.0982646244346839,0.5590169943749475,3.0413812651491097,1.0982646244346839,0.5590169943749475,3.0413812651491097,10,1.0
pg3_9,82,10,1.1064503090914894,0.6035533905932737,3.8078865529319543,1.1064503090914894,0.6035533905932737,3.8078865529319543,10,1.0
pg3_9,83,10,1.0644572505777767,0.8090169943749475,2.9154759474226504,1.0644572505777767,0.8090169943749475,2.9154759474226504,10,1.0
pg3_9,84,10,1.9636960749049774,0.8090169943749475,10.012492197250394,1.9636960749049774,0.8090169943749475,10.012492197250394,10,1.0
pg3_9,85,10,1.1711787416964772,1.290569415042095,2.5495097567963922,1.1711787416964772,1.290569415042095,2.5495097567963922,10,1.0
pg3_9,86,10,1.2379690808813844,1.0,3.5355339059327378,1.2379690808813844,1.0,3.5355339059327378,10,1.0
pg3_9,87,10,1.1576915171081847,1.2071067811865475,3.0413812651491097,1.1576915171081847,1.2071067811865475,3.0413812651491097,10,1.0
pg3_9,88,10,1.5228953900577689,1.040569415042095,5.1478150704935,1.5228953900577689,1.040569415042095,5.1478150704935,10,1.0
pg3_9,89,10,1.2712211365505144,1.25,3.0413812651491097,1.2712211365505144,1.25,3.0413812651491097,10,1.0
pg3_9,90,10,1.3569274594633476,1.2071067811865475,3.605551275463989,1.3569274594633476,1.2071067811865475,3.605551275463989,10,1.0
pg3_9,91,10,2.080920092170797,1.290569415042095,11.597413504743201,2.080920092170797,1.290569415042095,11.597413504743201,10,1.0
pg3_9,92,10,1.5503198795884399,1.3090169943749475,5.385164807134504,1.5503198795884399,1.3090169943749475,5.385164807134504,10,1.0
pg3_9,93,10,1.344785539446456,1.5,3.1622776601683795,1.344785539446456,1.5,3.1622776601683795,10,1.0
pg3_9,94,10,1.1823230990447835,1.25,2.692582403567252,1.1823230990447835,1.25,2.692582403567252,10,1.0
pg3_9,95,10,1.1344156902881104,0.75,3.0413812651491097,1.1344156902881104,0.75,3.0413812651491097,10,1.0
pg3_9,96,10,1.116227766016838,0.5,3.1622776601683795,1.116227766016838,0.5,3.1622776601683795,10,1.0
pg3_9,97,10,1.1090891021945501,0.25,3.0413812651491097,1.1090891021945501,0.25,3.0413812651491097,10,1.0
pg4_1,2,10,3.9439738102851196,3.3234662703065494,6.4031242374328485,3.9439738102851196,3.3234662703065494,6.4031242374328485,10,1.0
pg4_1,3,10,0.40098824189185417,0.0,1.8027756377319946,0.40098824189185417,0.0,1.8027756377319946,10,1.0
pg4_1,4,10,0.1,0.0,0.5,0.1,0.0,0.5,10,1.0
pg4_1,5,10,0.2118033988749895,0.0,1.118033988749895,0.2118033988749895,0.0,1.118033988749895,10,1.0
pg4_1,6,10,0.05,0.0,0.5,0.05,0.0,0.5,10,1.0
pg4_1,7,10,0.15,0.0,0.5,0.15,0.0,0.5,10,1.0
pg4_1,8,10,0.2,0.0,0.5,0.2,0.0,0.5,10,1.0
pg4_1,9,10,0.0,0.0,0.0,0.0,0.0,0.0,10,1.0
pg4_1,10,10,0.16180339887498948,0.0,1.118033988749895,0.16180339887498948,0.0,1.118033988749895,10,1.0
pg4_1,11,10,0.15,0.0,1.0,0.15,0.0,1.0,10,1.0
pg4_1,12,10,0.1,0.0,0.5,0.1,0.0,0.5,10,1.0
pg4_1,13,10,0.0,0.0,0.0,0.0,0.0,0.0,10,1.0
pg4_1,14,10,0.15,0.0,1.0,0.15,0.0,1.0,10,1.0
pg4_1,15,10,0.258113883008419,0.0,1.5811388300841898,0.258113883008419,0.0,1.5811388300841898,10,1.0
pg4_1,16,10,0.15,0.0,0.5,0.15,0.0,0.5,10,1.0
pg4_1,17,10,0.16180339887498948,0.0,1.118033988749895,0.16180339887498948,0.0,1.118033988749895,10,1.0
pg4_1,18,10,0.2621320343559642,0.0,2.1213203435596424,0.2621320343559642,0.0,2.1213203435596424,10,1.0
pg4_1,19,10,0.1118033988749895,0.0,1.118033988749895,0.1118033988749895,0.0,1.118033988749895,10,1.0
pg4_1,20,10,0.1,0.0,0.5,0.1,0.0,0.5,10,1.0
pg4_1,21,10,0.1,0.0,0.5,0.1,0.0,0.5,10,1.0
pg4_1,22,10,0.07071067811865475,0.0,0.7071067811865476,0.07071067811865475,0.0,0.7071067811865476,10,1.0
pg4_1,23,10,0.05,0.0,0.5,0.05,0.0,0.5,10,1.0
pg4_1,24,10,0.23251407699364424,0.0,1.118033988749895,0.23251407699364424,0.0,1.118033988749895,10,1.0
pg4_1,25,10,0.1914213562373095,0.0,0.7071067811865476,0.1914213562373095,0.0,0.7071067811865476,10,1.0
pg4_1,26,10,0.12071067811865474,0.0,0.7071067811865476,0.12071067811865474,0.0,0.7071067811865476,10,1.0
pg4_1,27,10,0.1,0.0,0.5,0.1,0.0,0.5,10,1.0
pg4_1,28,10,0.17071067811865476,0.0,0.7071067811865476,0.17071067811865476,0.0,0.7071067811865476,10,1.0
pg4_1,29,10,0.55,0.0,2.5,0.55,0.0,2.5,10,1.0
pg4_1,30,10,0.22071067811865475,0.0,0.7071067811865476,0.22071067811865475,0.0,0.7071067811865476,10,1.0
pg4_1,31,10,0.1,0.0,0.5,0.1,0.0,0.5,10,1.0
pg4_1,32,10,0.15,0.0,1.0,0.15,0.0,1.0,10,1.0
pg4_1,33,10,0.1,0.0,0.5,0.1,0.0,0.5,10,1.0
pg4_1,34,10,0.22071067811865475,0.0,0.7071067811865476,0.22071067811865475,0.0,0.7071067811865476,10,1.0
pg4_1,35,10,0.15,0.0,0.5,0.15,0.0,0.5,10,1.0
pg4_1,36,10,0.5182873156368473,0.25,2.0615528128088303,0.5182873156368473,0.25,2.0615528128088303,10,1.0
pg4_1,37,10,0.0,0.0,0.0,0.0,0.0,0.0,10,1.0
pg4_1,38,10,0.15,0.0,0.5,0.15,0.0,0.5,10,1.0
pg4_1,39,10,0.17071067811865476,0.0,0.7071067811865476,0.17071067811865476,0.0,0.7071067811865476,10,1.0
pg4_1,40,10,0.25,0.0,1.0,0.25,0.0,1.0,10,1.0
pg4_1,41,10,0.673606797749979,0.0,4.0,0.673606797749979,0.0,4.0,10,1.0
pg4_1,42,10,0.4,0.25,2.0,0.4,0.25,2.0,10,1.0
pg4_1,43,10,0.3207106781186547,0.0,1.5,0.3207106781186547,0.0,1.5,10,1.0
pg4_1,44,10,0.8465477246440747,0.5,3.0413812651491097,0.8465477246440747,0.5,3.0413812651491097,10,1.0
pg4_1,45,10,0.7630648586880582,0.25,2.5495097567963922,0.7630648586880582,0.25,2.5495097567963922,10,1.0
pg4_1,46,10,1.548192373516072,0.5,8.381527307120106,1.548192373516072,0.5,8.381527307120106,10,1.0
pg4_1,47,10,0.8833154696241359,0.25,3.5355339059327378,0.8833154696241359,0.25,3.5355339059327378,10,1.0
pg4_1,48,10,1.3447774620744106,0.6035533905932737,7.158910531638177,1.3447774620744106,0.6035533905932737,7.158910531638177,10,1.0
pg4_1,49,10,0.5386693582745272,0.25,2.0615528128088303,0.5386693582745272,0.25,2.0615528128088303,10,1.0
pg4_1,50,10,0.4576491222541475,0.0,1.5811388300841898,0.4576491222541475,0.0,1.5811388300841898,10,1.0
pg4_1,51,10,0.432842712474619,0.5,1.4142135623730951,0.432842712474619,0.5,1.4142135623730951,10,1.0
pg4_1,52,10,0.503224755112299,0.0,2.0,0.503224755112299,0.0,2.0,10,1.0
pg4_1,53,10,0.47566165379829395,0.25,2.5495097567963922,0.47566165379829395,0.25,2.5495097567963922,10,1.0
pg4_1,54,10,0.48866935827452734,0.25,2.0615528128088303,0.48866935827452734,0.25,2.0615528128088303,10,1.0
pg4_1,55,10,0.564269164289302,0.5,2.0615528128088303,0.564269164289302,0.5,2.0615528128088303,10,1.0
pg4_1,56,10,0.27071067811865474,0.0,1.0,0.27071067811865474,0.0,1.0,10,1.0
pg4_1,57,10,0.5883914467816185,0.5,1.8027756377319946,0.5883914467816185,0.5,1.8027756377319946,10,1.0
pg4_1,58,10,0.4825140769936443,0.5,1.118033988749895,0.4825140769936443,0.5,1.118033988749895,10,1.0
pg4_1,59,10,0.503224755112299,0.25,1.5,0.503224755112299,0.25,1.5,10,1.0
pg4_1,60,10,0.5153567894682632,0.25,1.4142135623730951,0.5153567894682632,0.25,1.4142135623730951,10,1.0
pg4_1,61,10,0.4561208747436233,0.25,1.118033988749895,0.4561208747436233,0.25,1.118033988749895,10,1.0
pg4_1,62,10,0.5113386381207181,0.3535533905932738,1.5811388300841898,0.5113386381207181,0.3535533905932738,1.5811388300841898,10,1.0
pg4_1,63,10,0.629762079030862,0.5,2.0615528128088303,0.629762079030862,0.5,2.0615528128088303,10,1.0
pg4_1,64,10,0.7780930126753467,0.5590169943749475,2.5495097567963922,0.7780930126753467,0.5590169943749475,2.5495097567963922,10,1.0
pg4_1,65,10,0.5943174758686338,0.5,2.0,0.5943174758686338,0.5,2.0,10,1.0
pg4_1,66,10,0.6167543745546287,0.25,2.5495097567963922,0.6167543745546287,0.25,2.5495097567963922,10,1.0
pg4_1,67,10,0.7795460153214724,0.6035533905932737,2.5495097567963922,0.7795460153214724,0.6035533905932737,2.5495097567963922,10,1.0
pg4_1,68,10,0.7004727571495168,0.6035533905932737,2.0615528128088303,0.7004727571495168,0.6035533905932737,2.0615528128088303,10,1.0
pg4_1,69,10,0.6199791296669278,0.3535533905932738,2.5495097567963922,0.6199791296669278,0.3535533905932738,2.5495097567963922,10,1.0
pg4_1,70,10,1.25148708452307,0.25,8.246211251235321,1.25148708452307,0.25,8.246211251235321,10,1.0
pg4_1,71,10,0.9021645711795973,0.5,3.3541019662496847,0.9021645711795973,0.5,3.3541019662496847,10,1.0
pg4_1,72,10,0.8179242736186128,0.3535533905932738,3.3541019662496847,0.8179242736186128,0.3535533905932738,3.3541019662496847,10,1.0
pg4_1,73,10,0.8097086718741568,0.6035533905932737,2.1213203435596424,0.8097086718741568,0.6035533905932737,2.1213203435596424,10,1.0
pg4_1,74,10,0.7377936881542582,0.25,2.5495097567963922,0.7377936881542582,0.25,2.5495097567963922,10,1.0
pg4_1,75,10,0.8179586801558726,0.5,2.5,0.8179586801558726,0.5,2.5,10,1.0
pg4_1,76,10,0.672811630949999,0.25,2.692582403567252,0.672811630949999,0.25,2.692582403567252,10,1.0
pg4_1,77,10,0.8285138077022716,0.5,2.0615528128088303,0.8285138077022716,0.5,2.0615528128088303,10,1.0
pg4_1,78,10,0.8192755575287014,0.6035533905932737,2.1213203435596424,0.8192755575287014,0.6035533905932737,2.1213203435596424,10,1.0
pg4_1,79,10,0.7852285394528387,0.5,2.5495097567963922,0.7852285394528387,0.5,2.5495097567963922,10,1.0
pg4_1,80,10,0.798236243929072,0.75,2.0615528128088303,0.798236243929072,0.75,2.0615528128088303,10,1.0
pg4_1,81,10,0.7059392175714935,0.3535533905932738,2.5495097567963922,0.7059392175714935,0.3535533905932738,2.5495097567963922,10,1.0
pg4_1,82,10,1.1834939978299377,0.75,4.123105625617661,1.1834939978299377,0.75,4.123105625617661,10,1.0
pg4_1,83,10,1.1501448257427556,1.0,4.031128874149275,1.1501448257427556,1.0,4.031128874149275,10,1.0
pg4_1,84,10,1.081257484609493,0.8535533905932737,4.123105625617661,1.081257484609493,0.8535533905932737,4.123105625617661,10,1.0
pg4_1,85,10,1.2616172536878405,1.0,4.031128874149275,1.2616172536878405,1.0,4.031128874149275,10,1.0
pg4_1,86,10,1.196293959652342,1.2071067811865475,2.5,1.196293959652342,1.2071067811865475,2.5,10,1.0
pg4_1,87,10,1.1689469220477267,1.0590169943749475,3.0,1.1689469220477267,1.0590169943749475,3.0,10,1.0
pg4_1,88,10,1.1386349517372674,1.118033988749895,3.0,1.1386349517372674,1.118033988749895,3.0,10,1.0
pg4_1,89,10,1.066710408827282,1.0,2.5,1.066710408827282,1.0,2.5,10,1.0
pg4_1,90,10,1.248236243929072,1.3090169943749475,3.0,1.248236243929072,1.3090169943749475,3.0,10,1.0
pg4_1,91,10,1.0453057177604879,0.7071067811865476,3.0,1.0453057177604879,0.7071067811865476,3.0,10,1.0
pg4_1,92,10,1.0035533905932739,0.8535533905932737,3.0,1.0035533905932739,0.8535533905932737,3.0,10,1.0
pg4_1,93,10,1.1091021249002733,1.0,2.5,1.1091021249002733,1.0,2.5,10,1.0
pg4_1,94,10,1.1245950396418332,0.8535533905932737,3.0,1.1245950396418332,0.8535533905932737,3.0,10,1.0
pg4_1,95,10,1.2437372389076315,1.0,3.905124837953327,1.2437372389076315,1.0,3.905124837953327,10,1.0
pg4_1,96,10,0.9495352392457285,0.7071067811865476,2.5,0.9495352392457285,0.7071067811865476,2.5,10,1.0
pg4_1,97,10,1.1538843615231784,1.118033988749895,3.0,1.1538843615231784,1.118033988749895,3.0,10,1.0
pg4_10,2,11,1.189561650899334,1.118033988749895,3.640054944640259,1.189561650899334,1.118033988749895,3.640054944640259,11,1.0
pg4_10,3,11,0.2727272727272727,0.0,1.0,0.2727272727272727,0.0,1.0,11,1.0
pg4_10,4,11,0.13636363636363635,0.0,0.5,0.13636363636363635,0.0,0.5,11,1.0
pg4_10,5,11,0.15519152556241342,0.0,0.7071067811865476,0.15519152556241342,0.0,0.7071067811865476,11,1.0
pg4_10,6,11,0.0642824346533225,0.0,0.7071067811865476,0.0642824346533225,0.0,0.7071067811865476,11,1.0
pg4_10,7,11,0.045454545454545456,0.0,0.5,0.045454545454545456,0.0,0.5,11,1.0
pg4_10,8,11,0.14709399897726316,0.0,1.118033988749895,0.14709399897726316,0.0,1.118033988749895,11,1.0
pg4_10,9,11,0.045454545454545456,0.0,0.5,0.045454545454545456,0.0,0.5,11,1.0
pg4_10,10,11,0.09090909090909091,0.0,1.0,0.09090909090909091,0.0,1.0,11,1.0
pg4_10,11,11,0.128564869306645,0.0,0.7071067811865476,0.128564869306645,0.0,0.7071067811865476,11,1.0
pg4_10,12,11,0.10973698010786795,0.0,0.7071067811865476,0.10973698010786795,0.0,0.7071067811865476,11,1.0
pg4_10,13,11,0.0642824346533225,0.0,0.7071067811865476,0.0642824346533225,0.0,0.7071067811865476,11,1.0
pg4_10,14,11,0.045454545454545456,0.0,0.5,0.045454545454545456,0.0,0.5,11,1.0
pg4_10,15,11,0.0,0.0,0.0,0.0,0.0,0.0,11,1.0
pg4_10,16,11,0.0,0.0,0.0,0.0,0.0,0.0,11,1.0
pg4_10,17,11,0.0,0.0,0.0,0.0,0.0,0.0,11,1.0
pg4_10,18,11,0.0,0.0,0.0,0.0,0.0,0.0,11,1.0
pg4_10,19,11,0.045454545454545456,0.0,0.5,0.045454545454545456,0.0,0.5,11,1.0
pg4_10,20,11,0.14373989364401726,0.0,1.5811388300841898,0.14373989364401726,0.0,1.5811388300841898,11,1.0
pg4_10,21,11,0.045454545454545456,0.0,0.5,0.045454545454545456,0.0,0.5,11,1.0
pg4_10,22,11,0.045454545454545456,0.0,0.5,0.045454545454545456,0.0,0.5,11,1.0
pg4_10,23,11,0.128564869306645,0.0,0.7071067811865476,0.128564869306645,0.0,0.7071067811865476,11,1.0
pg4_10,24,11,0.0,0.0,0.0,0.0,0.0,0.0,11,1.0
pg4_10,25,11,0.09090909090909091,0.0,0.5,0.09090909090909091,0.0,0.5,11,1.0
pg4_10,26,11,0.0,0.0,0.0,0.0,0.0,0.0,11,1.0
pg4_10,27,11,0.045454545454545456,0.0,0.5,0.045454545454545456,0.0,0.5,11,1.0
pg4_10,28,11,0.16388869433927222,0.0,1.8027756377319946,0.16388869433927222,0.0,1.8027756377319946,11,1.0
pg4_10,29,11,0.3237775284371664,0.0,2.0615528128088303,0.3237775284371664,0.0,2.0615528128088303,11,1.0
pg4_10,30,11,0.20064607101695886,0.0,0.7071067811865476,0.20064607101695886,0.0,0.7071067811865476,11,1.0
pg4_10,31,11,0.44128199693178954,0.0,3.3541019662496847,0.44128199693178954,0.0,3.3541019662496847,11,1.0
pg4_10,32,11,0.2736256744471402,0.0,1.8027756377319946,0.2736256744471402,0.0,1.8027756377319946,11,1.0
pg4_10,33,11,0.18181818181818182,0.0,1.0,0.18181818181818182,0.0,1.0,11,1.0
pg4_10,34,11,0.13636363636363635,0.0,0.5,0.13636363636363635,0.0,0.5,11,1.0
pg4_10,35,11,0.15519152556241342,0.0,0.7071067811865476,0.15519152556241342,0.0,0.7071067811865476,11,1.0
pg4_10,36,11,0.29155516192604974,0.5,0.7071067811865476,0.29155516192604974,0.5,0.7071067811865476,11,1.0
pg4_10,37,11,0.2461006164715043,0.0,1.0,0.2461006164715043,0.0,1.0,11,1.0
pg4_10,38,11,0.23800308988635407,0.0,1.118033988749895,0.23800308988635407,0.0,1.118033988749895,11,1.0
pg4_10,39,11,0.18181818181818182,0.0,0.5,0.18181818181818182,0.0,0.5,11,1.0
pg4_10,40,11,0.22727272727272727,0.0,1.0,0.22727272727272727,0.0,1.0,11,1.0
pg4_10,41,11,0.5922721212835002,0.5,3.8078865529319543,0.5922721212835002,0.5,3.8078865529319543,11,1.0
pg4_10,42,11,0.23800308988635407,0.0,1.118033988749895,0.23800308988635407,0.0,1.118033988749895,11,1.0
pg4_10,43,11,0.35583759657937225,0.5,1.0,0.35583759657937225,0.5,1.0,11,1.0
pg4_10,44,11,0.25683097908513114,0.0,1.118033988749895,0.25683097908513114,0.0,1.118033988749895,11,1.0
pg4_10,45,11,0.19284730395996752,0.0,0.7071067811865476,0.19284730395996752,0.0,0.7071067811865476,11,1.0
pg4_10,46,11,0.39319461544876755,0.5,1.118033988749895,0.39319461544876755,0.5,1.118033988749895,11,1.0
pg4_10,47,11,0.19254854443180863,0.0,1.118033988749895,0.19254854443180863,0.0,1.118033988749895,11,1.0
pg4_10,48,11,0.3370097073805952,0.5,0.7071067811865476,0.3370097073805952,0.5,0.7071067811865476,11,1.0
pg4_10,49,11,0.35583759657937225,0.5,0.7071067811865476,0.35583759657937225,0.5,0.7071067811865476,11,1.0
pg4_10,50,11,0.3370097073805952,0.5,0.7071067811865476,0.3370097073805952,0.5,0.7071067811865476,11,1.0
pg4_10,51,11,0.41202250464754453,0.5,1.118033988749895,0.41202250464754453,0.5,1.118033988749895,11,1.0
pg4_10,52,11,0.39319461544876755,0.5,1.118033988749895,0.39319461544876755,0.5,1.118033988749895,11,1.0
pg4_10,53,11,0.38246425283514074,0.5,1.0,0.38246425283514074,0.5,1.0,11,1.0
pg4_10,54,11,0.347740069994222,0.5,1.118033988749895,0.347740069994222,0.5,1.118033988749895,11,1.0
pg4_10,55,11,0.43864916090331296,0.5,1.118033988749895,0.43864916090331296,0.5,1.118033988749895,11,1.0
pg4_10,56,11,0.4844024658860173,0.5,0.7071067811865476,0.4844024658860173,0.5,0.7071067811865476,11,1.0
pg4_10,57,11,0.3292109403236039,0.5,0.7071067811865476,0.3292109403236039,0.5,0.7071067811865476,11,1.0
pg4_10,58,11,0.44674668748846325,0.5,1.0,0.44674668748846325,0.5,1.0,11,1.0
pg4_10,59,11,0.2837563948690584,0.0,0.7071067811865476,0.2837563948690584,0.0,0.7071067811865476,11,1.0
pg4_10,60,11,0.5107303626136268,0.5,1.118033988749895,0.5107303626136268,0.5,1.118033988749895,11,1.0
pg4_10,61,11,0.4201200312326948,0.5,1.0,0.4201200312326948,0.5,1.0,11,1.0
pg4_10,62,11,0.30228552453967655,0.0,1.118033988749895,0.30228552453967655,0.0,1.118033988749895,11,1.0
pg4_10,63,11,0.567214030209958,0.5,1.118033988749895,0.567214030209958,0.5,1.118033988749895,11,1.0
pg4_10,64,11,0.5363353804321637,0.5,2.692582403567252,0.5363353804321637,0.5,2.692582403567252,11,1.0
pg4_10,65,11,0.6837281389375857,0.5,2.692582403567252,0.6837281389375857,0.5,2.692582403567252,11,1.0
pg4_10,66,11,0.26492850567028137,0.0,1.0,0.26492850567028137,0.0,1.0,11,1.0
pg4_10,67,11,0.5402886144260307,0.5,1.118033988749895,0.5402886144260307,0.5,1.118033988749895,11,1.0
pg4_10,68,11,0.4922012329430087,0.5,1.0,0.4922012329430087,0.5,1.0,11,1.0
pg4_10,69,11,0.3370097073805952,0.5,0.7071067811865476,0.3370097073805952,0.5,0.7071067811865476,11,1.0
pg4_10,70,11,0.43864916090331296,0.5,1.118033988749895,0.43864916090331296,0.5,1.118033988749895,11,1.0
pg4_10,71,11,0.586041919408735,0.7071067811865476,1.118033988749895,0.586041919408735,0.7071067811865476,1.118033988749895,11,1.0
pg4_10,72,11,0.42791879828968615,0.5,1.0,0.42791879828968615,0.5,1.0,11,1.0
pg4_10,73,11,0.7944867574826852,0.7071067811865476,2.5,0.7944867574826852,0.7071067811865476,2.5,11,1.0
pg4_10,74,11,0.5837099660438082,0.5,1.8027756377319946,0.5837099660438082,0.5,1.8027756377319946,11,1.0
pg4_10,75,11,0.6171694626459936,0.5,2.5495097567963922,0.6171694626459936,0.5,2.5495097567963922,11,1.0
pg4_10,76,11,0.42791879828968615,0.5,1.0,0.42791879828968615,0.5,1.0,11,1.0
pg4_10,77,11,0.5857431598805761,0.5,1.118033988749895,0.5857431598805761,0.5,1.118033988749895,11,1.0
pg4_10,78,11,0.5860419194087352,0.7071067811865476,1.118033988749895,0.5860419194087352,0.7071067811865476,1.118033988749895,11,1.0
pg4_10,79,11,0.38246425283514074,0.5,1.0,0.38246425283514074,0.5,1.0,11,1.0
pg4_10,80,11,0.5528308027349264,0.5,1.5811388300841898,0.5528308027349264,0.5,1.5811388300841898,11,1.0
pg4_10,81,11,0.4655745766872403,0.5,1.0,0.4655745766872403,0.5,1.0,11,1.0
pg4_10,82,11,0.5073762572803809,0.5,1.5811388300841898,0.5073762572803809,0.5,1.5811388300841898,11,1.0
pg4_10,83,11,0.4655745766872403,0.5,1.0,0.4655745766872403,0.5,1.0,11,1.0
pg4_10,84,11,0.9233503863174891,0.5,4.242640687119285,0.9233503863174891,0.5,4.242640687119285,11,1.0
pg4_10,85,11,0.738754854859796,0.5,4.301162633521313,0.738754854859796,0.5,4.301162633521313,11,1.0
pg4_10,86,11,0.5454545454545454,0.5,1.0,0.5454545454545454,0.5,1.0,11,1.0
pg4_10,87,11,0.48410370635785843,0.5,1.118033988749895,0.48410370635785843,0.5,1.118033988749895,11,1.0
pg4_10,88,11,0.6581231211190488,0.5,1.5,0.6581231211190488,0.5,1.5,11,1.0
pg4_10,89,11,0.8015642552349072,0.5,1.5811388300841898,0.8015642552349072,0.5,1.5811388300841898,11,1.0
pg4_10,90,11,0.48410370635785843,0.5,1.5,0.48410370635785843,0.5,1.5,11,1.0
pg4_10,91,11,0.7830351255642891,0.7071067811865476,1.5811388300841898,0.7830351255642891,0.7071067811865476,1.5811388300841898,11,1.0
pg4_10,92,11,0.5938406864657264,0.5,1.118033988749895,0.5938406864657264,0.5,1.118033988749895,11,1.0
pg4_10,93,11,0.6244894946686297,0.5,1.5811388300841898,0.6244894946686297,0.5,1.5811388300841898,11,1.0
pg4_10,94,11,0.8697983142777933,0.7071067811865476,2.1213203435596424,0.8697983142777933,0.7071067811865476,2.1213203435596424,11,1.0
pg4_10,95,11,0.8711897533318426,0.5,1.8027756377319946,0.8711897533318426,0.5,1.8027756377319946,11,1.0
pg4_10,96,11,0.9005708727291484,0.7071067811865476,2.5,0.9005708727291484,0.7071067811865476,2.5,11,1.0
pg4_10,97,11,0.9297066147649417,1.0,1.5811388300841898,0.9297066147649417,1.0,1.5811388300841898,11,1.0
pg4_11,2,10,1.2057698899764888,1.1035533905932737,3.905124837953327,1.2057698899764888,1.1035533905932737,3.905124837953327,10,1.0
pg4_11,3,10,0.05,0.0,0.5,0.05,0.0,0.5,10,1.0
pg4_11,4,10,0.05,0.0,0.5,0.05,0.0,0.5,10,1.0
pg4_11,5,10,0.05,0.0,0.5,0.05,0.0,0.5,10,1.0
pg4_11,6,10,0.1,0.0,0.5,0.1,0.0,0.5,10,1.0
pg4_11,7,10,0.05,0.0,0.5,0.05,0.0,0.5,10,1.0
pg4_11,8,10,0.0,0.0,0.0,0.0,0.0,0.0,10,1.0
pg4_11,9,10,0.0,0.0,0.0,0.0,0.0,0.0,10,1.0
pg4_11,10,10,0.0,0.0,0.0,0.0,0.0,0.0,10,1.0
pg4_11,11,10,0.1,0.0,1.0,0.1,0.0,1.0,10,1.0
pg4_11,12,10,0.1,0.0,0.5,0.1,0.0,0.5,10,1.0
pg4_11,13,10,0.0,0.0,0.0,0.0,0.0,0.0,10,1.0
pg4_11,14,10,0.05,0.0,0.5,0.05,0.0,0.5,10,1.0
pg4_11,15,10,0.0,0.0,0.0,0.0,0.0,0.0,10,1.0
pg4_11,16,10,0.1,0.0,0.5,0.1,0.0,0.5,10,1.0
pg4_11,17,10,0.0,0.0,0.0,0.0,0.0,0.0,10,1.0
pg4_11,18,10,0.05,0.0,0.5,0.05,0.0,0.5,10,1.0
pg4_11,19,10,0.0,0.0,0.0,0.0,0.0,0.0,10,1.0
pg4_11,20,10,0.05,0.0,0.5,0.05,0.0,0.5,10,1.0
pg4_11,21,10,0.2549509756796392,0.0,2.5495097567963922,0.2549509756796392,0.0,2.5495097567963922,10,1.0
pg4_11,22,10,0.0,0.0,0.0,0.0,0.0,0.0,10,1.0
pg4_11,23,10,0.0,0.0,0.0,0.0,0.0,0.0,10,1.0
pg4_11,24,10,0.05,0.0,0.5,0.05,0.0,0.5,10,1.0
pg4_11,25,10,0.05,0.0,0.5,0.05,0.0,0.5,10,1.0
pg4_11,26,10,0.19142135623730952,0.0,1.4142135623730951,0.19142135623730952,0.0,1.4142135623730951,10,1.0
pg4_11,27,10,0.2,0.0,2.0,0.2,0.0,2.0,10,1.0
pg4_11,28,10,0.05,0.0,0.5,0.05,0.0,0.5,10,1.0
pg4_11,29,10,0.4207106781186548,0.0,2.5,0.4207106781186548,0.0,2.5,10,1.0
pg4_11,30,10,0.29142135623730947,0.0,1.4142135623730951,0.29142135623730947,0.0,1.4142135623730951,10,1.0
pg4_11,31,10,0.31213203435596426,0.0,2.1213203435596424,0.31213203435596426,0.0,2.1213203435596424,10,1.0
pg4_11,32,10,0.15,0.0,0.5,0.15,0.0,0.5,10,1.0
pg4_11,33,10,0.308113883008419,0.0,1.5811388300841898,0.308113883008419,0.0,1.5811388300841898,10,1.0
pg4_11,34,10,0.15,0.0,0.5,0.15,0.0,0.5,10,1.0
pg4_11,35,10,0.37071067811865477,0.5,1.0,0.37071067811865477,0.5,1.0,10,1.0
pg4_11,36,10,0.0,0.0,0.0,0.0,0.0,0.0,10,1.0
pg4_11,37,10,0.2,0.0,0.5,0.2,0.0,0.5,10,1.0
pg4_11,38,10,0.1,0.0,0.5,0.1,0.0,0.5,10,1.0
pg4_11,39,10,0.1,0.0,0.5,0.1,0.0,0.5,10,1.0
pg4_11,40,10,0.15,0.0,0.5,0.15,0.0,0.5,10,1.0
pg4_11,41,10,0.07071067811865475,0.0,0.7071067811865476,0.07071067811865475,0.0,0.7071067811865476,10,1.0
pg4_11,42,10,0.2,0.0,1.0,0.2,0.0,1.0,10,1.0
pg4_11,43,10,0.4443174758686338,0.5,1.118033988749895,0.4443174758686338,0.5,1.118033988749895,10,1.0
pg4_11,44,10,0.3,0.0,1.0,0.3,0.0,1.0,10,1.0
pg4_11,45,10,0.423606797749979,0.25,1.118033988749895,0.423606797749979,0.25,1.118033988749895,10,1.0
pg4_11,46,10,0.3621320343559643,0.25,1.4142135623730951,0.3621320343559643,0.25,1.4142135623730951,10,1.0
pg4_11,47,10,0.4621320343559643,0.5,1.4142135623730951,0.4621320343559643,0.5,1.4142135623730951,10,1.0
pg4_11,48,10,0.19142135623730952,0.0,1.4142135623730951,0.19142135623730952,0.0,1.4142135623730951,10,1.0
pg4_11,49,10,0.22071067811865475,0.0,0.7071067811865476,0.22071067811865475,0.0,0.7071067811865476,10,1.0
pg4_11,50,10,0.36180339887498947,0.5,1.118033988749895,0.36180339887498947,0.5,1.118033988749895,10,1.0
pg4_11,51,10,0.3325140769936442,0.25,1.118033988749895,0.3325140769936442,0.25,1.118033988749895,10,1.0
pg4_11,52,10,0.2618033988749895,0.0,1.118033988749895,0.2618033988749895,0.0,1.118033988749895,10,1.0
pg4_11,53,10,0.408113883008419,0.5,1.5811388300841898,0.408113883008419,0.5,1.5811388300841898,10,1.0
pg4_11,54,10,0.3,0.5,0.5,0.3,0.5,0.5,10,1.0
pg4_11,55,10,0.3914213562373095,0.5,1.0,0.3914213562373095,0.5,1.0,10,1.0
pg4_11,56,10,0.2,0.0,0.5,0.2,0.0,0.5,10,1.0
pg4_11,57,10,0.3207106781186547,0.25,1.0,0.3207106781186547,0.25,1.0,10,1.0
pg4_11,58,10,0.3118033988749895,0.25,1.118033988749895,0.3118033988749895,0.25,1.118033988749895,10,1.0
pg4_11,59,10,0.27071067811865474,0.0,1.0,0.27071067811865474,0.0,1.0,10,1.0
pg4_11,60,10,0.27071067811865474,0.0,1.0,0.27071067811865474,0.0,1.0,10,1.0
pg4_11,61,10,0.26213203435596427,0.0,0.7071067811865476,0.26213203435596427,0.0,0.7071067811865476,10,1.0
pg4_11,62,10,0.38284271247461904,0.5,0.7071067811865476,0.38284271247461904,0.5,0.7071067811865476,10,1.0
pg4_11,63,10,0.7606795965940348,0.6035533905932737,2.692582403567252,0.7606795965940348,0.6035533905932737,2.692582403567252,10,1.0
pg4_11,64,10,0.37071067811865477,0.5,1.0,0.37071067811865477,0.5,1.0,10,1.0
pg4_11,65,10,0.5613386381207179,0.5,1.5811388300841898,0.5613386381207179,0.5,1.5811388300841898,10,1.0
pg4_11,66,10,0.5699172818834085,0.25,1.5811388300841898,0.5699172818834085,0.25,1.5811388300841898,10,1.0
pg4_11,67,10,0.5354101966249685,0.5,1.118033988749895,0.5354101966249685,0.5,1.118033988749895,10,1.0
pg4_11,68,10,0.623606797749979,0.5,1.5,0.623606797749979,0.5,1.5,10,1.0
pg4_11,69,10,0.7731420369957075,0.5,1.5811388300841898,0.7731420369957075,0.5,1.5811388300841898,10,1.0
pg4_11,70,10,0.658113883008419,0.5,1.5811388300841898,0.658113883008419,0.5,1.5811388300841898,10,1.0
pg4_11,71,10,0.7702459173643833,0.8535533905932737,1.5811388300841898,0.7702459173643833,0.8535533905932737,1.5811388300841898,10,1.0
pg4_11,72,10,0.7202459173643833,0.6035533905932737,1.5811388300841898,0.7202459173643833,0.6035533905932737,1.5811388300841898,10,1.0
pg4_11,73,10,0.6532247551122989,0.5,1.4142135623730951,0.6532247551122989,0.5,1.4142135623730951,10,1.0
pg4_11,74,10,0.790956595483038,0.6035533905932737,1.5811388300841898,0.790956595483038,0.6035533905932737,1.5811388300841898,10,1.0
pg4_11,75,10,0.7239354332309537,0.5,1.5,0.7239354332309537,0.5,1.5,10,1.0
pg4_11,76,10,0.6556905205266116,0.5,2.0615528128088303,0.6556905205266116,0.5,2.0615528128088303,10,1.0
pg4_11,77,10,0.6975766375181927,0.6035533905932737,2.0615528128088303,0.6975766375181927,0.6035533905932737,2.0615528128088303,10,1.0
pg4_11,78,10,0.9061552812808831,0.5,2.5,0.9061552812808831,0.5,2.5,10,1.0
pg4_11,79,10,0.708113883008419,0.5,2.0,0.708113883008419,0.5,2.0,10,1.0
pg4_11,80,10,0.8244425969177304,0.7071067811865476,2.0615528128088303,0.8244425969177304,0.7071067811865476,2.0615528128088303,10,1.0
pg4_11,81,10,0.8679586801558725,0.5,2.5,0.8679586801558725,0.5,2.5,10,1.0
pg4_11,82,10,0.8330212406804207,0.5,2.0615528128088303,0.8330212406804207,0.5,2.0615528128088303,10,1.0
pg4_11,83,10,0.7768659593995378,0.6035533905932737,2.0615528128088303,0.7768659593995378,0.6035533905932737,2.0615528128088303,10,1.0
pg4_11,84,10,0.883021240680421,0.5,2.0615528128088303,0.883021240680421,0.5,2.0615528128088303,10,1.0
pg4_11,85,10,0.8207106781186548,0.8535533905932737,2.0,0.8207106781186548,0.8535533905932737,2.0,10,1.0
pg4_11,86,10,0.7745950396418332,0.5,2.23606797749979,0.7745950396418332,0.5,2.23606797749979,10,1.0
pg4_11,87,10,0.8445467280625015,0.5,2.0615528128088303,0.8445467280625015,0.5,2.0615528128088303,10,1.0
pg4_11,88,10,1.0081138830084189,0.5,4.5,1.0081138830084189,0.5,4.5,10,1.0
pg4_11,89,10,0.7788245611270738,0.6035533905932737,1.5811388300841898,0.7788245611270738,0.6035533905932737,1.5811388300841898,10,1.0
pg4_11,90,10,0.5886693582745273,0.25,2.0615528128088303,0.5886693582745273,0.25,2.0615528128088303,10,1.0
pg4_11,91,10,1.0529385225638292,0.9125703849682212,2.0615528128088303,1.0529385225638292,0.9125703849682212,2.0615528128088303,10,1.0
pg4_11,92,10,0.666227766016838,0.5,1.5811388300841898,0.666227766016838,0.5,1.5811388300841898,10,1.0
pg4_11,93,10,0.8509882418918542,0.6035533905932737,2.5,0.8509882418918542,0.6035533905932737,2.5,10,1.0
pg4_11,94,10,0.766227766016838,0.5,1.5811388300841898,0.766227766016838,0.5,1.5811388300841898,10,1.0
pg4_11,95,10,1.2533641637066213,0.8535533905932737,6.264982043070834,1.2533641637066213,0.8535533905932737,6.264982043070834,10,1.0
pg4_11,96,10,1.2501050020570623,0.8090169943749475,6.264982043070834,1.2501050020570623,0.8090169943749475,6.264982043070834,10,1.0
pg4_11,97,10,1.276782893563237,1.25,3.605551275463989,1.276782893563237,1.25,3.605551275463989,10,1.0
pg4_12,2,10,2.0003607772145418,2.23606797749979,3.8078865529319543,2.0003607772145418,2.23606797749979,3.8078865529319543,10,1.0
pg4_12,3,10,0.12071067811865474,0.0,0.7071067811865476,0.12071067811865474,0.0,0.7071067811865476,10,1.0
pg4_12,4,10,0.2,0.0,0.5,0.2,0.0,0.5,10,1.0
pg4_12,5,10,0.1,0.0,0.5,0.1,0.0,0.5,10,1.0
pg4_12,6,10,0.2,0.0,1.0,0.2,0.0,1.0,10,1.0
pg4_12,7,10,0.12071067811865474,0.0,0.7071067811865476,0.12071067811865474,0.0,0.7071067811865476,10,1.0
pg4_12,8,10,0.07071067811865475,0.0,0.7071067811865476,0.07071067811865475,0.0,0.7071067811865476,10,1.0
pg4_12,9,10,0.0,0.0,0.0,0.0,0.0,0.0,10,1.0
pg4_12,10,10,0.05,0.0,0.5,0.05,0.0,0.5,10,1.0
pg4_12,11,10,0.25615528128088305,0.0,2.0615528128088303,0.25615528128088305,0.0,2.0615528128088303,10,1.0
pg4_12,12,10,0.24142135623730948,0.0,1.4142135623730951,0.24142135623730948,0.0,1.4142135623730951,10,1.0
pg4_12,13,10,0.1,0.0,0.5,0.1,0.0,0.5,10,1.0
pg4_12,14,10,0.0,0.0,0.0,0.0,0.0,0.0,10,1.0
pg4_12,15,10,0.0,0.0,0.0,0.0,0.0,0.0,10,1.0
pg4_12,16,10,0.0,0.0,0.0,0.0,0.0,0.0,10,1.0
pg4_12,17,10,0.0,0.0,0.0,0.0,0.0,0.0,10,1.0
pg4_12,18,10,0.0,0.0,0.0,0.0,0.0,0.0,10,1.0
pg4_12,19,10,0.05,0.0,0.5,0.05,0.0,0.5,10,1.0
pg4_12,20,10,0.1,0.0,0.5,0.1,0.0,0.5,10,1.0
pg4_12,21,10,0.07071067811865475,0.0,0.7071067811865476,0.07071067811865475,0.0,0.7071067811865476,10,1.0
pg4_12,22,10,0.05,0.0,0.5,0.05,0.0,0.5,10,1.0
pg4_12,23,10,0.15,0.0,0.5,0.15,0.0,0.5,10,1.0
pg4_12,24,10,0.15,0.0,1.0,0.15,0.0,1.0,10,1.0
pg4_12,25,10,0.1,0.0,1.0,0.1,0.0,1.0,10,1.0
pg4_12,26,10,0.05,0.0,0.5,0.05,0.0,0.5,10,1.0
pg4_12,27,10,0.15,0.0,1.0,0.15,0.0,1.0,10,1.0
pg4_12,28,10,0.33284271247461905,0.0,2.8284271247461903,0.33284271247461905,0.0,2.8284271247461903,10,1.0
pg4_12,29,10,0.1,0.0,1.0,0.1,0.0,1.0,10,1.0
pg4_12,30,10,0.22071067811865475,0.0,1.0,0.22071067811865475,0.0,1.0,10,1.0
pg4_12,31,10,0.2118033988749895,0.0,1.118033988749895,0.2118033988749895,0.0,1.118033988749895,10,1.0
pg4_12,32,10,0.15,0.0,0.5,0.15,0.0,0.5,10,1.0
pg4_12,33,10,0.15,0.0,0.5,0.15,0.0,0.5,10,1.0
pg4_12,34,10,0.1118033988749895,0.0,1.118033988749895,0.1118033988749895,0.0,1.118033988749895,10,1.0
pg4_12,35,10,0.15,0.0,1.0,0.15,0.0,1.0,10,1.0
pg4_12,36,10,0.1,0.0,0.5,0.1,0.0,0.5,10,1.0
pg4_12,37,10,0.34154759474226504,0.0,2.9154759474226504,0.34154759474226504,0.0,2.9154759474226504,10,1.0
pg4_12,38,10,0.15,0.0,0.5,0.15,0.0,0.5,10,1.0
pg4_12,39,10,0.8769364529485097,0.0,8.06225774829855,0.8769364529485097,0.0,8.06225774829855,10,1.0
pg4_12,40,10,0.4354101966249685,0.0,3.3541019662496847,0.4354101966249685,0.0,3.3541019662496847,10,1.0
pg4_12,41,10,0.44240959812916375,0.0,1.8027756377319946,0.44240959812916375,0.0,1.8027756377319946,10,1.0
pg4_12,42,10,0.5802775637731995,0.25,2.5,0.5802775637731995,0.25,2.5,10,1.0
pg4_12,43,10,0.29142135623730947,0.0,1.4142135623730951,0.29142135623730947,0.0,1.4142135623730951,10,1.0
pg4_12,44,10,0.8282700948800613,0.75,3.2015621187164243,0.8282700948800613,0.75,3.2015621187164243,10,1.0
pg4_12,45,10,0.408113883008419,0.0,1.5811388300841898,0.408113883008419,0.0,1.5811388300841898,10,1.0
pg4_12,46,10,0.366227766016838,0.0,1.5811388300841898,0.366227766016838,0.0,1.5811388300841898,10,1.0
pg4_12,47,10,0.758308728665027,0.75,1.8027756377319946,0.758308728665027,0.75,1.8027756377319946,10,1.0
pg4_12,48,10,0.9387169402803037,0.5,5.1478150704935,0.9387169402803037,0.5,5.1478150704935,10,1.0
pg4_12,49,10,0.32360679774997897,0.0,1.118033988749895,0.32360679774997897,0.0,1.118033988749895,10,1.0
pg4_12,50,10,0.403224755112299,0.0,1.4142135623730951,0.403224755112299,0.0,1.4142135623730951,10,1.0
pg4_12,51,10,0.5354101966249685,0.5,1.118033988749895,0.5354101966249685,0.5,1.118033988749895,10,1.0
pg4_12,52,10,0.3788245611270737,0.25,1.5811388300841898,0.3788245611270737,0.25,1.5811388300841898,10,1.0
pg4_12,53,10,0.4443174758686338,0.5,1.118033988749895,0.4443174758686338,0.5,1.118033988749895,10,1.0
pg4_12,54,10,0.532842712474619,0.3535533905932738,1.5,0.532842712474619,0.3535533905932738,1.5,10,1.0
pg4_12,55,10,0.38251407699364426,0.0,1.118033988749895,0.38251407699364426,0.0,1.118033988749895,10,1.0
pg4_12,56,10,0.37071067811865477,0.0,1.5,0.37071067811865477,0.0,1.5,10,1.0
pg4_12,57,10,0.5118033988749895,0.25,2.0,0.5118033988749895,0.25,2.0,10,1.0
pg4_12,58,10,0.6,0.5,2.5,0.6,0.5,2.5,10,1.0
pg4_12,59,10,0.6618033988749895,0.5,2.0,0.6618033988749895,0.5,2.0,10,1.0
pg4_12,60,10,0.7288245611270738,0.3535533905932738,2.5,0.7288245611270738,0.3535533905932738,2.5,10,1.0
pg4_12,61,10,0.7618033988749895,0.75,2.0,0.7618033988749895,0.75,2.0,10,1.0
pg4_12,62,10,0.7679586801558725,0.0,2.5,0.7679586801558725,0.0,2.5,10,1.0
pg4_12,63,10,0.7288245611270738,0.5,2.0,0.7288245611270738,0.5,2.0,10,1.0
pg4_12,64,10,0.7443174758686337,0.6035533905932737,2.0,0.7443174758686337,0.6035533905932737,2.0,10,1.0
pg4_12,65,10,0.7785577734296182,0.5,2.5495097567963922,0.7785577734296182,0.5,2.5495097567963922,10,1.0
pg4_12,66,10,0.6679586801558726,0.5,2.0615528128088303,0.6679586801558726,0.5,2.0615528128088303,10,1.0
pg4_12,67,10,0.606155281280883,0.25,2.0615528128088303,0.606155281280883,0.25,2.0615528128088303,10,1.0
pg4_12,68,10,0.606155281280883,0.25,2.0615528128088303,0.606155281280883,0.25,2.0615528128088303,10,1.0
pg4_12,69,10,0.6386693582745273,0.5,2.0615528128088303,0.6386693582745273,0.5,2.0615528128088303,10,1.0
pg4_12,70,10,0.6123105625617662,0.0,2.0615528128088303,0.6123105625617662,0.0,2.0615528128088303,10,1.0
pg4_12,71,10,0.5056905205266115,0.0,2.0615528128088303,0.5056905205266115,0.0,2.0615528128088303,10,1.0
pg4_12,72,10,0.6967832412829463,0.6035533905932737,2.0615528128088303,0.6967832412829463,0.6035533905932737,2.0615528128088303,10,1.0
pg4_12,73,10,0.7425881263349655,0.5,2.0615528128088303,0.7425881263349655,0.5,2.0615528128088303,10,1.0
pg4_12,74,10,0.7131202762478185,0.6035533905932737,2.0,0.7131202762478185,0.6035533905932737,2.0,10,1.0
pg4_12,75,10,0.7037319187990756,0.5,2.0615528128088303,0.7037319187990756,0.5,2.0615528128088303,10,1.0
pg4_12,76,10,0.7323779517203475,0.5,2.1213203435596424,0.7323779517203475,0.5,2.1213203435596424,10,1.0
pg4_12,77,10,0.7883914467816184,0.5,2.5,0.7883914467816184,0.5,2.5,10,1.0
pg4_12,78,10,0.7760381566270318,0.5,2.23606797749979,0.7760381566270318,0.5,2.23606797749979,10,1.0
pg4_12,79,10,0.7919448373748923,0.5,2.8284271247461903,0.7919448373748923,0.5,2.8284271247461903,10,1.0
pg4_12,80,10,0.8999257225102223,0.5,2.5495097567963922,0.8999257225102223,0.5,2.5495097567963922,10,1.0
pg4_12,81,10,0.6883914467816185,0.25,2.5,0.6883914467816185,0.25,2.5,10,1.0
pg4_12,82,10,0.8202459173643831,0.5,2.5,0.8202459173643831,0.5,2.5,10,1.0
pg4_12,83,10,0.8530886298390022,0.5,2.8284271247461903,0.8530886298390022,0.5,2.8284271247461903,10,1.0
pg4_12,84,10,0.9179242736186127,0.5,2.5,0.9179242736186127,0.5,2.5,10,1.0
pg4_12,85,10,0.768669010554818,0.5,1.8027756377319946,0.768669010554818,0.5,1.8027756377319946,10,1.0
pg4_12,86,10,1.0081138830084189,0.5,2.5,1.0081138830084189,0.5,2.5,10,1.0
pg4_12,87,10,1.0511300281114664,0.75,2.8284271247461903,1.0511300281114664,0.75,2.8284271247461903,10,1.0
pg4_12,88,10,0.9199172818834084,0.5,2.5,0.9199172818834084,0.5,2.5,10,1.0
pg4_12,89,10,0.732842712474619,0.5,2.5,0.732842712474619,0.5,2.5,10,1.0
pg4_12,90,10,0.8631202762478185,0.75,2.8284271247461903,0.8631202762478185,0.75,2.8284271247461903,10,1.0
pg4_12,91,10,0.8995352392457285,0.5,2.5,0.8995352392457285,0.5,2.5,10,1.0
pg4_12,92,10,0.786067467586918,0.5,2.8284271247461903,0.786067467586918,0.5,2.8284271247461903,10,1.0
pg4_12,93,10,0.7627916407668437,0.5,2.5,0.7627916407668437,0.5,2.5,10,1.0
pg4_12,94,10,0.6618033988749895,0.5,2.5,0.6618033988749895,0.5,2.5,10,1.0
pg4_12,95,10,0.7179242736186128,0.6035533905932737,2.23606797749979,0.7179242736186128,0.6035533905932737,2.23606797749979,10,1.0
pg4_12,96,10,0.5739354332309536,0.25,2.1213203435596424,0.5739354332309536,0.25,2.1213203435596424,10,1.0
pg4_12,97,10,0.6209055237752626,0.5,1.8027756377319946,0.6209055237752626,0.5,1.8027756377319946,10,1.0
pg4_2,2,10,2.4425968549592816,2.464325190533521,4.242640687119285,2.4425968549592816,2.464325190533521,4.242640687119285,10,1.0
pg4_2,3,10,0.07071067811865475,0.0,0.7071067811865476,0.07071067811865475,0.0,0.7071067811865476,10,1.0
pg4_2,4,10,0.05,0.0,0.5,0.05,0.0,0.5,10,1.0
pg4_2,5,10,0.05,0.0,0.5,0.05,0.0,0.5,10,1.0
pg4_2,6,10,0.1,0.0,0.5,0.1,0.0,0.5,10,1.0
pg4_2,7,10,0.05,0.0,0.5,0.05,0.0,0.5,10,1.0
pg4_2,8,10,0.0,0.0,0.0,0.0,0.0,0.0,10,1.0
pg4_2,9,10,0.05,0.0,0.5,0.05,0.0,0.5,10,1.0
pg4_2,10,10,0.1,0.0,0.5,0.1,0.0,0.5,10,1.0
pg4_2,11,10,0.25,0.0,2.5,0.25,0.0,2.5,10,1.0
pg4_2,12,10,0.1,0.0,0.5,0.1,0.0,0.5,10,1.0
pg4_2,13,10,0.05,0.0,0.5,0.05,0.0,0.5,10,1.0
pg4_2,14,10,0.0,0.0,0.0,0.0,0.0,0.0,10,1.0
pg4_2,15,10,0.0,0.0,0.0,0.0,0.0,0.0,10,1.0
pg4_2,16,10,0.05,0.0,0.5,0.05,0.0,0.5,10,1.0
pg4_2,17,10,0.05,0.0,0.5,0.05,0.0,0.5,10,1.0
pg4_2,18,10,0.1,0.0,0.5,0.1,0.0,0.5,10,1.0
pg4_2,19,10,0.05,0.0,0.5,0.05,0.0,0.5,10,1.0
pg4_2,20,10,0.0,0.0,0.0,0.0,0.0,0.0,10,1.0
pg4_2,21,10,0.05,0.0,0.5,0.05,0.0,0.5,10,1.0
pg4_2,22,10,0.12071067811865474,0.0,0.7071067811865476,0.12071067811865474,0.0,0.7071067811865476,10,1.0
pg4_2,23,10,0.15811388300841897,0.0,1.5811388300841898,0.15811388300841897,0.0,1.5811388300841898,10,1.0
pg4_2,24,10,0.31213203435596426,0.25,0.7071067811865476,0.31213203435596426,0.25,0.7071067811865476,10,1.0
pg4_2,25,10,0.0,0.0,0.0,0.0,0.0,0.0,10,1.0
pg4_2,26,10,0.308113883008419,0.0,1.5811388300841898,0.308113883008419,0.0,1.5811388300841898,10,1.0
pg4_2,27,10,0.22071067811865475,0.0,0.7071067811865476,0.22071067811865475,0.0,0.7071067811865476,10,1.0
pg4_2,28,10,0.1,0.0,0.5,0.1,0.0,0.5,10,1.0
pg4_2,29,10,0.15,0.0,0.5,0.15,0.0,0.5,10,1.0
pg4_2,30,10,0.3509882418918542,0.0,1.8027756377319946,0.3509882418918542,0.0,1.8027756377319946,10,1.0
pg4_2,31,10,0.15,0.0,0.5,0.15,0.0,0.5,10,1.0
pg4_2,32,10,0.1,0.0,0.5,0.1,0.0,0.5,10,1.0
pg4_2,33,10,0.15,0.0,0.5,0.15,0.0,0.5,10,1.0
pg4_2,34,10,0.12071067811865474,0.0,0.7071067811865476,0.12071067811865474,0.0,0.7071067811865476,10,1.0
pg4_2,35,10,0.25,0.25,0.5,0.25,0.25,0.5,10,1.0
pg4_2,36,10,0.15,0.0,0.5,0.15,0.0,0.5,10,1.0
pg4_2,37,10,0.27071067811865474,0.25,0.7071067811865476,0.27071067811865474,0.25,0.7071067811865476,10,1.0
pg4_2,38,10,0.27071067811865474,0.25,0.7071067811865476,0.27071067811865474,0.25,0.7071067811865476,10,1.0
pg4_2,39,10,0.40413812651491093,0.0,3.0413812651491097,0.40413812651491093,0.0,3.0413812651491097,10,1.0
pg4_2,40,10,0.35,0.25,1.0,0.35,0.25,1.0,10,1.0
pg4_2,41,10,0.4707106781186548,0.0,3.0,0.4707106781186548,0.0,3.0,10,1.0
pg4_2,42,10,0.25,0.0,1.0,0.25,0.0,1.0,10,1.0
pg4_2,43,10,0.26213203435596427,0.0,1.4142135623730951,0.26213203435596427,0.0,1.4142135623730951,10,1.0
pg4_2,44,10,0.3621320343559643,0.25,1.4142135623730951,0.3621320343559643,0.25,1.4142135623730951,10,1.0
pg4_2,45,10,0.3914213562373095,0.0,1.5,0.3914213562373095,0.0,1.5,10,1.0
pg4_2,46,10,0.453224755112299,0.5,1.118033988749895,0.453224755112299,0.5,1.118033988749895,10,1.0
pg4_2,47,10,0.4414213562373095,0.3535533905932738,1.0,0.4414213562373095,0.3535533905932738,1.0,10,1.0
pg4_2,48,10,0.44062796000206317,0.25,1.5811388300841898,0.44062796000206317,0.25,1.5811388300841898,10,1.0
pg4_2,49,10,0.608113883008419,0.5,1.5811388300841898,0.608113883008419,0.5,1.5811388300841898,10,1.0
pg4_2,50,10,0.558113883008419,0.5,1.5811388300841898,0.558113883008419,0.5,1.5811388300841898,10,1.0
pg4_2,51,10,0.6699172818834085,0.5,1.5811388300841898,0.6699172818834085,0.5,1.5811388300841898,10,1.0
pg4_2,52,10,0.774341649025257,0.75,1.5811388300841898,0.774341649025257,0.75,1.5811388300841898,10,1.0
pg4_2,53,10,0.7650281539872885,0.7071067811865476,1.5,0.7650281539872885,0.7071067811865476,1.5,10,1.0
pg4_2,54,10,0.6150281539872886,0.7071067811865476,1.118033988749895,0.6150281539872886,0.7071067811865476,1.118033988749895,10,1.0
pg4_2,55,10,0.5780311648918275,0.5,1.5811388300841898,0.5780311648918275,0.5,1.5811388300841898,10,1.0
pg4_2,56,10,0.7707106781186548,0.5,2.5,0.7707106781186548,0.5,2.5,10,1.0
pg4_2,57,10,0.6414213562373094,0.5,2.0,0.6414213562373094,0.5,2.0,10,1.0
pg4_2,58,10,0.638997993755502,0.6035533905932737,2.0615528128088303,0.638997993755502,0.6035533905932737,2.0615528128088303,10,1.0
pg4_2,59,10,0.6,0.5,2.0,0.6,0.5,2.0,10,1.0
pg4_2,60,10,0.8711834352681714,0.7071067811865476,2.0615528128088303,0.8711834352681714,0.7071067811865476,2.0615528128088303,10,1.0
pg4_2,61,10,0.7325140769936442,0.6035533905932737,1.5,0.7325140769936442,0.6035533905932737,1.5,10,1.0
pg4_2,62,10,0.6300907145118367,0.6035533905932737,2.0615528128088303,0.6300907145118367,0.6035533905932737,2.0615528128088303,10,1.0
pg4_2,63,10,0.753224755112299,0.8535533905932737,2.0,0.753224755112299,0.8535533905932737,2.0,10,1.0
pg4_2,64,10,0.753224755112299,0.6035533905932737,2.0,0.753224755112299,0.6035533905932737,2.0,10,1.0
pg4_2,65,10,0.7679586801558725,0.5,2.0615528128088303,0.7679586801558725,0.5,2.0615528128088303,10,1.0
pg4_2,66,10,0.7653567894682632,0.7071067811865476,2.0,0.7653567894682632,0.7071067811865476,2.0,10,1.0
pg4_2,67,10,0.65,0.5,1.5,0.65,0.5,1.5,10,1.0
pg4_2,68,10,0.6357388321059432,0.7071067811865476,1.118033988749895,0.6357388321059432,0.7071067811865476,1.118033988749895,10,1.0
pg4_2,69,10,0.7886693582745273,0.6035533905932737,2.0615528128088303,0.7886693582745273,0.6035533905932737,2.0615528128088303,10,1.0
pg4_2,70,10,0.5946461113496085,0.7071067811865476,1.118033988749895,0.5946461113496085,0.7071067811865476,1.118033988749895,10,1.0
pg4_2,71,10,0.721698920010509,0.6035533905932737,1.8027756377319946,0.721698920010509,0.6035533905932737,1.8027756377319946,10,1.0
pg4_2,72,10,0.6239354332309538,0.7071067811865476,1.118033988749895,0.6239354332309538,0.7071067811865476,1.118033988749895,10,1.0
pg4_2,73,10,0.6739354332309537,0.7071067811865476,1.5,0.6739354332309537,0.7071067811865476,1.5,10,1.0
pg4_2,74,10,0.7202459173643833,0.7071067811865476,1.5811388300841898,0.7202459173643833,0.7071067811865476,1.5811388300841898,10,1.0
pg4_2,75,10,0.6561208747436232,0.6035533905932737,1.118033988749895,0.6561208747436232,0.6035533905932737,1.118033988749895,10,1.0
pg4_2,76,10,0.5995352392457286,0.6035533905932737,1.5811388300841898,0.5995352392457286,0.6035533905932737,1.5811388300841898,10,1.0
pg4_2,77,10,0.553224755112299,0.5,1.118033988749895,0.553224755112299,0.5,1.118033988749895,10,1.0
pg4_2,78,10,0.7446461113496087,0.7071067811865476,2.5,0.7446461113496087,0.7071067811865476,2.5,10,1.0
pg4_2,79,10,0.6475766375181926,0.6035533905932737,2.0615528128088303,0.6475766375181926,0.6035533905932737,2.0615528128088303,10,1.0
pg4_2,80,10,0.7443174758686337,0.5,2.5,0.7443174758686337,0.5,2.5,10,1.0
pg4_2,81,10,0.5549509756796392,0.25,2.5495097567963922,0.5549509756796392,0.25,2.5495097567963922,10,1.0
pg4_2,82,10,0.7463723319169489,0.6035533905932737,2.5495097567963922,0.7463723319169489,0.6035533905932737,2.5495097567963922,10,1.0
pg4_2,83,10,0.682842712474619,0.6035533905932737,2.0,0.682842712474619,0.6035533905932737,2.0,10,1.0
pg4_2,84,10,0.8589152756389107,0.7071067811865476,2.0615528128088303,0.8589152756389107,0.7071067811865476,2.0615528128088303,10,1.0
pg4_2,85,10,0.9199172818834086,0.75,2.5,0.9199172818834086,0.75,2.5,10,1.0
pg4_2,86,10,0.8300907145118368,0.8535533905932737,2.0615528128088303,0.8300907145118368,0.8535533905932737,2.0615528128088303,10,1.0
pg4_2,87,10,0.9860674675869181,0.9125703849682212,2.5,0.9860674675869181,0.9125703849682212,2.5,10,1.0
pg4_2,88,10,0.9266954275889813,0.9125703849682212,2.1213203435596424,0.9266954275889813,0.9125703849682212,2.1213203435596424,10,1.0
pg4_2,89,10,0.9278197947541322,0.8535533905932737,2.23606797749979,0.9278197947541322,0.8535533905932737,2.23606797749979,10,1.0
pg4_2,90,10,0.9174595128643412,0.9125703849682212,2.23606797749979,0.9174595128643412,0.9125703849682212,2.23606797749979,10,1.0
pg4_2,91,10,0.8119982445315974,0.75,1.8027756377319946,0.8119982445315974,0.75,1.8027756377319946,10,1.0
pg4_2,92,10,0.9645633932330171,0.9125703849682212,2.5,0.9645633932330171,0.9125703849682212,2.5,10,1.0
pg4_2,93,10,0.7918941133868264,0.6035533905932737,2.23606797749979,0.7918941133868264,0.6035533905932737,2.23606797749979,10,1.0
pg4_2,94,10,0.9063157204002312,1.118033988749895,1.8027756377319946,0.9063157204002312,1.118033988749895,1.8027756377319946,10,1.0
pg4_2,95,10,0.8916162018939173,0.7071067811865476,2.5,0.8916162018939173,0.7071067811865476,2.5,10,1.0
pg4_2,96,10,0.9115433694382531,0.8535533905932737,1.8027756377319946,0.9115433694382531,0.8535533905932737,1.8027756377319946,10,1.0
pg4_2,97,10,0.9881701909829961,0.7071067811865476,2.23606797749979,0.9881701909829961,0.7071067811865476,2.23606797749979,10,1.0
pg4_3,2,10,1.599215165044195,1.540569415042095,2.692582403567252,1.599215165044195,1.540569415042095,2.692582403567252,10,1.0
pg4_3,3,10,0.5556905205266116,0.0,2.0615528128088303,0.5556905205266116,0.0,2.0615528128088303,10,1.0
pg4_3,4,10,0.15,0.0,1.0,0.15,0.0,1.0,10,1.0
pg4_3,5,10,0.0,0.0,0.0,0.0,0.0,0.0,10,1.0
pg4_3,6,10,0.0,0.0,0.0,0.0,0.0,0.0,10,1.0
pg4_3,7,10,0.0,0.0,0.0,0.0,0.0,0.0,10,1.0
pg4_3,8,10,0.05,0.0,0.5,0.05,0.0,0.5,10,1.0
pg4_3,9,10,0.0,0.0,0.0,0.0,0.0,0.0,10,1.0
pg4_3,10,10,0.0,0.0,0.0,0.0,0.0,0.0,10,1.0
pg4_3,11,10,0.05,0.0,0.5,0.05,0.0,0.5,10,1.0
pg4_3,12,10,0.0,0.0,0.0,0.0,0.0,0.0,10,1.0
pg4_3,13,10,0.16180339887498948,0.0,1.118033988749895,0.16180339887498948,0.0,1.118033988749895,10,1.0
pg4_3,14,10,0.05,0.0,0.5,0.05,0.0,0.5,10,1.0
pg4_3,15,10,0.05,0.0,0.5,0.05,0.0,0.5,10,1.0
pg4_3,16,10,0.1,0.0,1.0,0.1,0.0,1.0,10,1.0
pg4_3,17,10,0.05,0.0,0.5,0.05,0.0,0.5,10,1.0
pg4_3,18,10,0.0,0.0,0.0,0.0,0.0,0.0,10,1.0
pg4_3,19,10,0.05,0.0,0.5,0.05,0.0,0.5,10,1.0
pg4_3,20,10,0.3207106781186547,0.0,2.5,0.3207106781186547,0.0,2.5,10,1.0
pg4_3,21,10,0.1,0.0,0.5,0.1,0.0,0.5,10,1.0
pg4_3,22,10,0.15,0.0,0.5,0.15,0.0,0.5,10,1.0
pg4_3,23,10,0.1,0.0,0.5,0.1,0.0,0.5,10,1.0
pg4_3,24,10,0.05,0.0,0.5,0.05,0.0,0.5,10,1.0
pg4_3,25,10,0.1,0.0,0.5,0.1,0.0,0.5,10,1.0
pg4_3,26,10,0.05,0.0,0.5,0.05,0.0,0.5,10,1.0
pg4_3,27,10,0.15,0.0,0.5,0.15,0.0,0.5,10,1.0
pg4_3,28,10,0.0,0.0,0.0,0.0,0.0,0.0,10,1.0
pg4_3,29,10,0.05,0.0,0.5,0.05,0.0,0.5,10,1.0
pg4_3,30,10,0.23027756377319947,0.0,1.8027756377319946,0.23027756377319947,0.0,1.8027756377319946,10,1.0
pg4_3,31,10,0.12071067811865474,0.0,0.7071067811865476,0.12071067811865474,0.0,0.7071067811865476,10,1.0
pg4_3,32,10,0.12071067811865474,0.0,0.7071067811865476,0.12071067811865474,0.0,0.7071067811865476,10,1.0
pg4_3,33,10,0.3118033988749895,0.0,1.118033988749895,0.3118033988749895,0.0,1.118033988749895,10,1.0
pg4_3,34,10,0.2618033988749895,0.0,1.118033988749895,0.2618033988749895,0.0,1.118033988749895,10,1.0
pg4_3,35,10,0.3207106781186547,0.25,1.0,0.3207106781186547,0.25,1.0,10,1.0
pg4_3,36,10,0.24142135623730948,0.0,0.7071067811865476,0.24142135623730948,0.0,0.7071067811865476,10,1.0
pg4_3,37,10,0.25,0.0,1.0,0.25,0.0,1.0,10,1.0
pg4_3,38,10,0.22071067811865475,0.0,0.7071067811865476,0.22071067811865475,0.0,0.7071067811865476,10,1.0
pg4_3,39,10,0.17071067811865476,0.0,0.7071067811865476,0.17071067811865476,0.0,0.7071067811865476,10,1.0
pg4_3,40,10,0.15,0.0,0.5,0.15,0.0,0.5,10,1.0
pg4_3,41,10,0.2,0.0,0.5,0.2,0.0,0.5,10,1.0
pg4_3,42,10,0.35615528128088303,0.0,2.0615528128088303,0.35615528128088303,0.0,2.0615528128088303,10,1.0
pg4_3,43,10,0.4207106781186548,0.0,2.0,0.4207106781186548,0.0,2.0,10,1.0
pg4_3,44,10,0.3,0.0,2.0,0.3,0.0,2.0,10,1.0
pg4_3,45,10,0.6207106781186548,0.5,2.5,0.6207106781186548,0.5,2.5,10,1.0
pg4_3,46,10,0.5,0.0,3.0,0.5,0.0,3.0,10,1.0
pg4_3,47,10,0.623606797749979,0.0,3.5,0.623606797749979,0.0,3.5,10,1.0
pg4_3,48,10,0.5049509756796392,0.25,2.5495097567963922,0.5049509756796392,0.25,2.5495097567963922,10,1.0
pg4_3,49,10,0.4325140769936443,0.5,1.118033988749895,0.4325140769936443,0.5,1.118033988749895,10,1.0
pg4_3,50,10,0.4618033988749895,0.5,1.118033988749895,0.4618033988749895,0.5,1.118033988749895,10,1.0
pg4_3,51,10,0.38251407699364426,0.25,1.118033988749895,0.38251407699364426,0.25,1.118033988749895,10,1.0
pg4_3,52,10,0.49208096264818896,0.5,1.8027756377319946,0.49208096264818896,0.5,1.8027756377319946,10,1.0
pg4_3,53,10,0.24142135623730948,0.0,1.4142135623730951,0.24142135623730948,0.0,1.4142135623730951,10,1.0
pg4_3,54,10,0.6209055237752626,0.5,1.8027756377319946,0.6209055237752626,0.5,1.8027756377319946,10,1.0
pg4_3,55,10,0.5207106781186548,0.0,2.5,0.5207106781186548,0.0,2.5,10,1.0
pg4_3,56,10,0.529812803018928,0.25,1.8027756377319946,0.529812803018928,0.25,1.8027756377319946,10,1.0
pg4_3,57,10,0.8864328450540825,0.5,2.5,0.8864328450540825,0.5,2.5,10,1.0
pg4_3,58,10,0.532842712474619,0.5,2.1213203435596424,0.532842712474619,0.5,2.1213203435596424,10,1.0
pg4_3,59,10,0.6443174758686337,0.5,2.23606797749979,0.6443174758686337,0.5,2.23606797749979,10,1.0
pg4_3,60,10,0.7519764837837084,0.6035533905932737,1.8027756377319946,0.7519764837837084,0.6035533905932737,1.8027756377319946,10,1.0
pg4_3,61,10,0.46535678946826325,0.0,2.1213203435596424,0.46535678946826325,0.0,2.1213203435596424,10,1.0
pg4_3,62,10,0.742080962648189,0.5,2.0,0.742080962648189,0.5,2.0,10,1.0
pg4_3,63,10,0.7150281539872885,0.6035533905932737,2.23606797749979,0.7150281539872885,0.6035533905932737,2.23606797749979,10,1.0
pg4_3,64,10,0.8697811566101116,0.6035533905932737,2.1213203435596424,0.8697811566101116,0.6035533905932737,2.1213203435596424,10,1.0
pg4_3,65,10,0.8171308773833665,1.0590169943749475,2.23606797749979,0.8171308773833665,1.0590169943749475,2.23606797749979,10,1.0
pg4_3,66,10,0.7186690105548179,0.5,1.8027756377319946,0.7186690105548179,0.5,1.8027756377319946,10,1.0
pg4_3,67,10,0.8495352392457285,0.6035533905932737,2.5,0.8495352392457285,0.6035533905932737,2.5,10,1.0
pg4_3,68,10,0.8122417494872465,0.9125703849682212,2.23606797749979,0.8122417494872465,0.9125703849682212,2.23606797749979,10,1.0
pg4_3,69,10,0.8108738773664463,0.6035533905932737,2.1213203435596424,0.8108738773664463,0.6035533905932737,2.1213203435596424,10,1.0
pg4_3,70,10,0.7590169943749474,0.5,2.23606797749979,0.7590169943749474,0.5,2.23606797749979,10,1.0
pg4_3,71,10,0.765687760398168,0.75,1.8027756377319946,0.765687760398168,0.75,1.8027756377319946,10,1.0
pg4_3,72,10,1.0622761560245064,1.118033988749895,2.5,1.0622761560245064,1.118033988749895,2.5,10,1.0
pg4_3,73,10,0.9137798826586978,0.7071067811865476,1.8027756377319946,0.9137798826586978,0.7071067811865476,1.8027756377319946,10,1.0
pg4_3,74,10,0.8451009853355389,0.7071067811865476,2.9154759474226504,0.8451009853355389,0.7071067811865476,2.9154759474226504,10,1.0
pg4_3,75,10,0.8835023188854985,0.7071067811865476,2.5,0.8835023188854985,0.7071067811865476,2.5,10,1.0
pg4_3,76,10,0.8975422309809329,0.7071067811865476,2.5,0.8975422309809329,0.7071067811865476,2.5,10,1.0
pg4_3,77,10,0.6627916407668437,0.25,2.5,0.6627916407668437,0.25,2.5,10,1.0
pg4_3,78,10,1.0271601883432528,1.0590169943749475,2.5,1.0271601883432528,1.0590169943749475,2.5,10,1.0
pg4_3,79,10,0.7650281539872885,0.5,2.5,0.7650281539872885,0.5,2.5,10,1.0
pg4_3,80,10,0.8854101966249684,1.0,2.5,0.8854101966249684,1.0,2.5,10,1.0
pg4_3,81,10,0.9131202762478183,0.7071067811865476,2.5,0.9131202762478183,0.7071067811865476,2.5,10,1.0
pg4_3,82,10,0.9772864268482083,0.7071067811865476,2.9154759474226504,0.9772864268482083,0.7071067811865476,2.9154759474226504,10,1.0
pg4_3,83,10,0.9532247551122989,1.0,2.5,0.9532247551122989,1.0,2.5,10,1.0
pg4_3,84,10,1.8722145161037638,0.8535533905932737,9.055385138137417,1.8722145161037638,0.8535533905932737,9.055385138137417,10,1.0
pg4_3,85,10,0.9981233434718184,0.7071067811865476,2.9154759474226504,0.9981233434718184,0.7071067811865476,2.9154759474226504,10,1.0
pg4_3,86,10,1.1676984428525752,1.118033988749895,3.2015621187164243,1.1676984428525752,1.118033988749895,3.2015621187164243,10,1.0
pg4_3,87,10,1.2093317341117762,1.0,3.2015621187164243,1.2093317341117762,1.0,3.2015621187164243,10,1.0
pg4_3,88,10,1.0969877647339206,0.9125703849682212,3.2015621187164243,1.0969877647339206,0.9125703849682212,3.2015621187164243,10,1.0
pg4_3,89,10,1.1695721219213464,1.0590169943749475,3.605551275463989,1.1695721219213464,1.0590169943749475,3.605551275463989,10,1.0
pg4_3,90,10,1.2855265483615828,1.0590169943749475,2.9154759474226504,1.2855265483615828,1.0590169943749475,2.9154759474226504,10,1.0
pg4_3,91,10,1.0762770866152658,0.9125703849682212,3.2015621187164243,1.0762770866152658,0.9125703849682212,3.2015621187164243,10,1.0
pg4_3,92,10,1.2162460050906456,1.118033988749895,3.2015621187164243,1.2162460050906456,1.118033988749895,3.2015621187164243,10,1.0
pg4_3,93,10,1.138080485490255,1.118033988749895,3.2015621187164243,1.138080485490255,1.118033988749895,3.2015621187164243,10,1.0
pg4_3,94,10,0.8532247551122991,0.8535533905932737,2.5,0.8532247551122991,0.8535533905932737,2.5,10,1.0
pg4_3,95,10,0.9174595128643412,1.118033988749895,1.5811388300841898,0.9174595128643412,1.118033988749895,1.5811388300841898,10,1.0
pg4_3,96,10,0.9211490287309119,1.0590169943749475,2.23606797749979,0.9211490287309119,1.0590169943749475,2.23606797749979,10,1.0
pg4_3,97,10,0.8475422309809328,0.8535533905932737,2.23606797749979,0.8475422309809328,0.8535533905932737,2.23606797749979,10,1.0
pg4_4,2,10,1.8965839450531106,1.8027756377319946,4.924428900898052,1.8965839450531106,1.8027756377319946,4.924428900898052,10,1.0
pg4_4,3,10,0.27071067811865474,0.0,1.0,0.27071067811865474,0.0,1.0,10,1.0
pg4_4,4,10,0.15,0.0,1.0,0.15,0.0,1.0,10,1.0
pg4_4,5,10,0.1,0.0,0.5,0.1,0.0,0.5,10,1.0
pg4_4,6,10,0.1,0.0,1.0,0.1,0.0,1.0,10,1.0
pg4_4,7,10,0.0,0.0,0.0,0.0,0.0,0.0,10,1.0
pg4_4,8,10,0.1,0.0,0.5,0.1,0.0,0.5,10,1.0
pg4_4,9,10,0.1,0.0,1.0,0.1,0.0,1.0,10,1.0
pg4_4,10,10,0.1,0.0,1.0,0.1,0.0,1.0,10,1.0
pg4_4,11,10,0.1,0.0,0.5,0.1,0.0,0.5,10,1.0
pg4_4,12,10,0.05,0.0,0.5,0.05,0.0,0.5,10,1.0
pg4_4,13,10,0.15,0.0,1.0,0.15,0.0,1.0,10,1.0
pg4_4,14,10,0.05,0.0,0.5,0.05,0.0,0.5,10,1.0
pg4_4,15,10,0.12071067811865474,0.0,0.7071067811865476,0.12071067811865474,0.0,0.7071067811865476,10,1.0
pg4_4,16,10,0.05,0.0,0.5,0.05,0.0,0.5,10,1.0
pg4_4,17,10,0.0,0.0,0.0,0.0,0.0,0.0,10,1.0
pg4_4,18,10,0.2621320343559642,0.0,2.1213203435596424,0.2621320343559642,0.0,2.1213203435596424,10,1.0
pg4_4,19,10,0.5280311648918274,0.0,3.1622776601683795,0.5280311648918274,0.0,3.1622776601683795,10,1.0
pg4_4,20,10,0.15,0.0,1.0,0.15,0.0,1.0,10,1.0
pg4_4,21,10,0.3679586801558725,0.0,2.0615528128088303,0.3679586801558725,0.0,2.0615528128088303,10,1.0
pg4_4,22,10,0.22071067811865475,0.0,0.7071067811865476,0.22071067811865475,0.0,0.7071067811865476,10,1.0
pg4_4,23,10,0.2618033988749895,0.0,1.118033988749895,0.2618033988749895,0.0,1.118033988749895,10,1.0
pg4_4,24,10,0.37071067811865477,0.0,2.5,0.37071067811865477,0.0,2.5,10,1.0
pg4_4,25,10,0.05,0.0,0.5,0.05,0.0,0.5,10,1.0
pg4_4,26,10,0.1,0.0,1.0,0.1,0.0,1.0,10,1.0
pg4_4,27,10,0.12071067811865474,0.0,0.7071067811865476,0.12071067811865474,0.0,0.7071067811865476,10,1.0
pg4_4,28,10,0.1,0.0,1.0,0.1,0.0,1.0,10,1.0
pg4_4,29,10,0.3,0.25,1.0,0.3,0.25,1.0,10,1.0
pg4_4,30,10,0.258113883008419,0.0,1.5811388300841898,0.258113883008419,0.0,1.5811388300841898,10,1.0
pg4_4,31,10,0.308113883008419,0.0,1.5811388300841898,0.308113883008419,0.0,1.5811388300841898,10,1.0
pg4_4,32,10,0.1,0.0,0.5,0.1,0.0,0.5,10,1.0
pg4_4,33,10,0.15,0.0,0.5,0.15,0.0,0.5,10,1.0
pg4_4,34,10,0.1,0.0,0.5,0.1,0.0,0.5,10,1.0
pg4_4,35,10,0.1,0.0,0.5,0.1,0.0,0.5,10,1.0
pg4_4,36,10,0.1,0.0,0.5,0.1,0.0,0.5,10,1.0
pg4_4,37,10,0.22071067811865475,0.0,0.7071067811865476,0.22071067811865475,0.0,0.7071067811865476,10,1.0
pg4_4,38,10,0.12071067811865474,0.0,0.7071067811865476,0.12071067811865474,0.0,0.7071067811865476,10,1.0
pg4_4,39,10,0.1,0.0,0.5,0.1,0.0,0.5,10,1.0
pg4_4,40,10,0.1,0.0,0.5,0.1,0.0,0.5,10,1.0
pg4_4,41,10,0.2,0.0,1.0,0.2,0.0,1.0,10,1.0
pg4_4,42,10,0.3,0.25,1.0,0.3,0.25,1.0,10,1.0
pg4_4,43,10,0.19142135623730952,0.0,1.4142135623730951,0.19142135623730952,0.0,1.4142135623730951,10,1.0
pg4_4,44,10,0.2,0.0,0.5,0.2,0.0,0.5,10,1.0
pg4_4,45,10,0.22071067811865475,0.0,0.7071067811865476,0.22071067811865475,0.0,0.7071067811865476,10,1.0
pg4_4,46,10,1.1618296436230957,0.5,6.082762530298219,1.1618296436230957,0.5,6.082762530298219,10,1.0
pg4_4,47,10,0.3118033988749895,0.25,1.118033988749895,0.3118033988749895,0.25,1.118033988749895,10,1.0
pg4_4,48,10,0.453224755112299,0.5,1.118033988749895,0.453224755112299,0.5,1.118033988749895,10,1.0
pg4_4,49,10,0.5509882418918541,0.5,1.8027756377319946,0.5509882418918541,0.5,1.8027756377319946,10,1.0
pg4_4,50,10,0.4207106781186548,0.5,1.0,0.4207106781186548,0.5,1.0,10,1.0
pg4_4,51,10,0.7150281539872886,0.6035533905932737,1.118033988749895,0.7150281539872886,0.6035533905932737,1.118033988749895,10,1.0
pg4_4,52,10,0.5702459173643832,0.5,1.5811388300841898,0.5702459173643832,0.5,1.5811388300841898,10,1.0
pg4_4,53,10,0.5618033988749895,0.5,1.5,0.5618033988749895,0.5,1.5,10,1.0
pg4_4,54,10,0.7825140769936443,0.5,3.5,0.7825140769936443,0.5,3.5,10,1.0
pg4_4,55,10,0.6061208747436233,0.6035533905932737,1.118033988749895,0.6061208747436233,0.6035533905932737,1.118033988749895,10,1.0
pg4_4,56,10,0.5325140769936443,0.5,1.118033988749895,0.5325140769936443,0.5,1.118033988749895,10,1.0
pg4_4,57,10,0.4414213562373095,0.5,1.0,0.4414213562373095,0.5,1.0,10,1.0
pg4_4,58,10,0.7032247551122991,0.7071067811865476,1.5,0.7032247551122991,0.7071067811865476,1.5,10,1.0
pg4_4,59,10,0.7946461113496085,0.6035533905932737,2.1213203435596424,0.7946461113496085,0.6035533905932737,2.1213203435596424,10,1.0
pg4_4,60,10,0.8946461113496085,0.5,2.8284271247461903,0.8946461113496085,0.5,2.8284271247461903,10,1.0
pg4_4,61,10,0.8940916451025963,0.7071067811865476,3.2015621187164243,0.8940916451025963,0.7071067811865476,3.2015621187164243,10,1.0
pg4_4,62,10,0.5739354332309536,0.6035533905932737,1.118033988749895,0.5739354332309536,0.6035533905932737,1.118033988749895,10,1.0
pg4_4,63,10,0.9067781457055727,0.8535533905932737,1.5,0.9067781457055727,0.8535533905932737,1.5,10,1.0
pg4_4,64,10,0.7357388321059432,0.6035533905932737,1.4142135623730951,0.7357388321059432,0.6035533905932737,1.4142135623730951,10,1.0
pg4_4,65,10,0.786067467586918,0.7071067811865476,1.5,0.786067467586918,0.7071067811865476,1.5,10,1.0
pg4_4,66,10,0.7320493162393726,0.6035533905932737,1.5811388300841898,0.7320493162393726,0.6035533905932737,1.5811388300841898,10,1.0
pg4_4,67,10,0.6150281539872885,0.6035533905932737,1.118033988749895,0.6150281539872885,0.6035533905932737,1.118033988749895,10,1.0
pg4_4,68,10,0.7527599943580275,0.7071067811865476,1.5811388300841898,0.7527599943580275,0.7071067811865476,1.5811388300841898,10,1.0
pg4_4,69,10,0.7443174758686337,0.8535533905932737,1.5,0.7443174758686337,0.8535533905932737,1.5,10,1.0
pg4_4,70,10,0.7682873156368473,0.7071067811865476,2.0615528128088303,0.7682873156368473,0.7071067811865476,2.0615528128088303,10,1.0
pg4_4,71,10,1.0524313588770526,1.0590169943749475,2.5,1.0524313588770526,1.0590169943749475,2.5,10,1.0
pg4_4,72,10,1.099348954868562,0.7071067811865476,2.692582403567252,1.099348954868562,0.7071067811865476,2.692582403567252,10,1.0
pg4_4,73,10,1.1363984385168227,1.118033988749895,2.5,1.1363984385168227,1.118033988749895,2.5,10,1.0
pg4_4,74,10,1.184150269070717,0.9125703849682212,2.692582403567252,1.184150269070717,0.9125703849682212,2.692582403567252,10,1.0
pg4_4,75,10,1.1514609990413711,1.0590169943749475,2.5,1.1514609990413711,1.0590169943749475,2.5,10,1.0
pg4_4,76,10,1.1793591660601097,1.118033988749895,2.5495097567963922,1.1793591660601097,1.118033988749895,2.5495097567963922,10,1.0
pg4_4,77,10,1.0763667921080065,1.118033988749895,2.5,1.0763667921080065,1.118033988749895,2.5,10,1.0
pg4_4,78,10,1.153481448552426,1.0590169943749475,2.5495097567963922,1.153481448552426,1.0590169943749475,2.5495097567963922,10,1.0
pg4_4,79,10,1.119514368912656,1.0590169943749475,2.5495097567963922,1.119514368912656,1.0590169943749475,2.5495097567963922,10,1.0
pg4_4,80,10,1.2020284459063002,1.118033988749895,2.5495097567963922,1.2020284459063002,1.118033988749895,2.5495097567963922,10,1.0
pg4_4,81,10,1.3207186745139,1.4142135623730951,2.5,1.3207186745139,1.4142135623730951,2.5,10,1.0
pg4_4,82,10,1.1109357251499659,0.9125703849682212,2.5495097567963922,1.1109357251499659,0.9125703849682212,2.5495097567963922,10,1.0
pg4_4,83,10,1.554394828033506,1.5811388300841898,2.5495097567963922,1.554394828033506,1.5811388300841898,2.5495097567963922,10,1.0
pg4_4,84,10,1.4303269633797795,1.4976761962286425,2.692582403567252,1.4303269633797795,1.4976761962286425,2.692582403567252,10,1.0
pg4_4,85,10,1.3015024022527057,1.266123775561495,2.692582403567252,1.3015024022527057,1.266123775561495,2.692582403567252,10,1.0
pg4_4,86,10,1.7215159384568932,1.6919572339080922,2.692582403567252,1.7215159384568932,1.6919572339080922,2.692582403567252,10,1.0
pg4_4,87,10,1.6100853404816498,1.4976761962286425,3.0413812651491097,1.6100853404816498,1.4976761962286425,3.0413812651491097,10,1.0
pg4_4,88,10,1.5100921698108496,1.118033988749895,2.692582403567252,1.5100921698108496,1.118033988749895,2.692582403567252,10,1.0
pg4_4,89,10,1.6069980771227095,1.540569415042095,2.692582403567252,1.6069980771227095,1.540569415042095,2.692582403567252,10,1.0
pg4_4,90,10,1.4118527984815694,1.4142135623730951,2.692582403567252,1.4118527984815694,1.4142135623730951,2.692582403567252,10,1.0
pg4_4,91,10,1.5456250324647316,1.4571067811865475,2.692582403567252,1.5456250324647316,1.4571067811865475,2.692582403567252,10,1.0
pg4_4,92,10,1.3420889590434344,1.4571067811865475,2.23606797749979,1.3420889590434344,1.4571067811865475,2.23606797749979,10,1.0
pg4_4,93,10,1.5719457277897086,1.4142135623730951,3.1622776601683795,1.5719457277897086,1.4142135623730951,3.1622776601683795,10,1.0
pg4_4,94,10,1.3035458392738624,1.3090169943749475,2.9154759474226504,1.3035458392738624,1.3090169943749475,2.9154759474226504,10,1.0
pg4_4,95,10,1.3837703436100661,1.266123775561495,2.9154759474226504,1.3837703436100661,1.266123775561495,2.9154759474226504,10,1.0
pg4_4,96,10,1.3573724477883509,1.266123775561495,2.9154759474226504,1.3573724477883509,1.266123775561495,2.9154759474226504,10,1.0
pg4_4,97,10,1.3763181328089653,1.5,3.1622776601683795,1.3763181328089653,1.5,3.1622776601683795,10,1.0
pg4_5,2,10,2.3030273940174864,1.82134582144651,6.324555320336759,2.3030273940174864,1.82134582144651,6.324555320336759,10,1.0
pg4_5,3,10,0.35,0.0,1.5,0.35,0.0,1.5,10,1.0
pg4_5,4,10,0.16180339887498948,0.0,1.118033988749895,0.16180339887498948,0.0,1.118033988749895,10,1.0
pg4_5,5,10,0.1,0.0,0.5,0.1,0.0,0.5,10,1.0
pg4_5,6,10,0.15,0.0,0.5,0.15,0.0,0.5,10,1.0
pg4_5,7,10,0.05,0.0,0.5,0.05,0.0,0.5,10,1.0
pg4_5,8,10,0.05,0.0,0.5,0.05,0.0,0.5,10,1.0
pg4_5,9,10,0.15,0.0,1.0,0.15,0.0,1.0,10,1.0
pg4_5,10,10,0.15,0.0,0.5,0.15,0.0,0.5,10,1.0
pg4_5,11,10,0.05,0.0,0.5,0.05,0.0,0.5,10,1.0
pg4_5,12,10,0.2,0.0,1.0,0.2,0.0,1.0,10,1.0
pg4_5,13,10,0.2118033988749895,0.0,1.118033988749895,0.2118033988749895,0.0,1.118033988749895,10,1.0
pg4_5,14,10,0.0,0.0,0.0,0.0,0.0,0.0,10,1.0
pg4_5,15,10,0.1,0.0,1.0,0.1,0.0,1.0,10,1.0
pg4_5,16,10,0.15,0.0,1.0,0.15,0.0,1.0,10,1.0
pg4_5,17,10,0.25,0.0,1.0,0.25,0.0,1.0,10,1.0
pg4_5,18,10,0.3,0.0,2.5,0.3,0.0,2.5,10,1.0
pg4_5,19,10,0.1,0.0,0.5,0.1,0.0,0.5,10,1.0
pg4_5,20,10,0.2,0.0,1.0,0.2,0.0,1.0,10,1.0
pg4_5,21,10,0.25,0.0,1.0,0.25,0.0,1.0,10,1.0
pg4_5,22,10,0.05,0.0,0.5,0.05,0.0,0.5,10,1.0
pg4_5,23,10,0.1,0.0,0.5,0.1,0.0,0.5,10,1.0
pg4_5,24,10,0.3414213562373095,0.0,1.5,0.3414213562373095,0.0,1.5,10,1.0
pg4_5,25,10,0.2,0.0,0.5,0.2,0.0,0.5,10,1.0
pg4_5,26,10,0.1,0.0,0.5,0.1,0.0,0.5,10,1.0
pg4_5,27,10,0.1914213562373095,0.0,0.7071067811865476,0.1914213562373095,0.0,0.7071067811865476,10,1.0
pg4_5,28,10,0.15,0.0,0.5,0.15,0.0,0.5,10,1.0
pg4_5,29,10,0.46400549446402584,0.0,3.640054944640259,0.46400549446402584,0.0,3.640054944640259,10,1.0
pg4_5,30,10,0.2,0.0,0.5,0.2,0.0,0.5,10,1.0
pg4_5,31,10,0.2,0.0,0.5,0.2,0.0,0.5,10,1.0
pg4_5,32,10,0.17071067811865476,0.0,0.7071067811865476,0.17071067811865476,0.0,0.7071067811865476,10,1.0
pg4_5,33,10,0.27071067811865474,0.25,0.7071067811865476,0.27071067811865474,0.25,0.7071067811865476,10,1.0
pg4_5,34,10,0.1,0.0,0.5,0.1,0.0,0.5,10,1.0
pg4_5,35,10,0.3914213562373095,0.5,1.0,0.3914213562373095,0.5,1.0,10,1.0
pg4_5,36,10,0.2,0.0,0.5,0.2,0.0,0.5,10,1.0
pg4_5,37,10,0.3325140769936442,0.25,1.118033988749895,0.3325140769936442,0.25,1.118033988749895,10,1.0
pg4_5,38,10,0.3118033988749895,0.25,1.118033988749895,0.3118033988749895,0.25,1.118033988749895,10,1.0
pg4_5,39,10,0.3302775637731995,0.0,1.8027756377319946,0.3302775637731995,0.0,1.8027756377319946,10,1.0
pg4_5,40,10,0.4207106781186548,0.5,1.0,0.4207106781186548,0.5,1.0,10,1.0
pg4_5,41,10,0.3414213562373095,0.5,0.7071067811865476,0.3414213562373095,0.5,0.7071067811865476,10,1.0
pg4_5,42,10,0.4,0.5,1.0,0.4,0.5,1.0,10,1.0
pg4_5,43,10,0.5239354332309537,0.6035533905932737,1.118033988749895,0.5239354332309537,0.6035533905932737,1.118033988749895,10,1.0
pg4_5,44,10,0.4914213562373095,0.5,1.0,0.4914213562373095,0.5,1.0,10,1.0
pg4_5,45,10,1.0468112569246784,0.6035533905932737,5.024937810560445,1.0468112569246784,0.6035533905932737,5.024937810560445,10,1.0
pg4_5,46,10,0.5035533905932738,0.6035533905932737,0.7071067811865476,0.5035533905932738,0.6035533905932737,0.7071067811865476,10,1.0
pg4_5,47,10,0.5443174758686338,0.5,1.118033988749895,0.5443174758686338,0.5,1.118033988749895,10,1.0
pg4_5,48,10,0.46213203435596417,0.5,0.7071067811865476,0.46213203435596417,0.5,0.7071067811865476,10,1.0
pg4_5,49,10,0.7325140769936442,0.5,2.5,0.7325140769936442,0.5,2.5,10,1.0
pg4_5,50,10,0.7335023188854984,0.6035533905932737,1.8027756377319946,0.7335023188854984,0.6035533905932737,1.8027756377319946,10,1.0
pg4_5,51,10,0.4825140769936443,0.5,1.118033988749895,0.4825140769936443,0.5,1.118033988749895,10,1.0
pg4_5,52,10,0.6320493162393727,0.6035533905932737,1.5811388300841898,0.6320493162393727,0.6035533905932737,1.5811388300841898,10,1.0
pg4_5,53,10,0.5739354332309538,0.5,1.4142135623730951,0.5739354332309538,0.5,1.4142135623730951,10,1.0
pg4_5,54,10,0.892080962648189,0.75,2.0,0.892080962648189,0.75,2.0,10,1.0
pg4_5,55,10,0.7697811566101117,0.7071067811865476,1.5811388300841898,0.7697811566101117,0.7071067811865476,1.5811388300841898,10,1.0
pg4_5,56,10,0.8825140769936443,0.6035533905932737,2.5,0.8825140769936443,0.6035533905932737,2.5,10,1.0
pg4_5,57,10,0.9404918347287664,0.75,2.8284271247461903,0.9404918347287664,0.75,2.8284271247461903,10,1.0
pg4_5,58,10,0.8702459173643831,0.7071067811865476,2.0,0.8702459173643831,0.7071067811865476,2.0,10,1.0
pg4_5,59,10,0.9148920287139918,0.8535533905932737,1.5811388300841898,0.9148920287139918,0.8535533905932737,1.5811388300841898,10,1.0
pg4_5,60,10,0.8335023188854984,0.7071067811865476,1.8027756377319946,0.8335023188854984,0.7071067811865476,1.8027756377319946,10,1.0
pg4_5,61,10,0.6532247551122989,0.7071067811865476,1.5,0.6532247551122989,0.7071067811865476,1.5,10,1.0
pg4_5,62,10,1.0085866401579358,1.0,2.0615528128088303,1.0085866401579358,1.0,2.0615528128088303,10,1.0
pg4_5,63,10,0.7825140769936443,0.6035533905932737,1.5,0.7825140769936443,0.6035533905932737,1.5,10,1.0
pg4_5,64,10,0.7820493162393728,0.7071067811865476,1.5811388300841898,0.7820493162393728,0.7071067811865476,1.5811388300841898,10,1.0
pg4_5,65,10,0.8524313588770527,0.8535533905932737,1.5811388300841898,0.8524313588770527,0.8535533905932737,1.5811388300841898,10,1.0
pg4_5,66,10,0.9679586801558726,0.75,2.0615528128088303,0.9679586801558726,0.75,2.0615528128088303,10,1.0
pg4_5,67,10,1.017493919401601,1.0590169943749475,2.0615528128088303,1.017493919401601,1.0590169943749475,2.0615528128088303,10,1.0
pg4_5,68,10,1.0288245611270737,1.0,2.0,1.0288245611270737,1.0,2.0,10,1.0
pg4_5,69,10,0.9593800363931821,0.8535533905932737,2.0615528128088303,0.9593800363931821,0.8535533905932737,2.0615528128088303,10,1.0
pg4_5,70,10,0.9739354332309537,0.7071067811865476,2.0,0.9739354332309537,0.7071067811865476,2.0,10,1.0
pg4_5,71,10,0.9459898450477,1.0590169943749475,2.0615528128088303,0.9459898450477,1.0590169943749475,2.0615528128088303,10,1.0
pg4_5,72,10,0.9788245611270737,0.8535533905932737,2.0,0.9788245611270737,0.8535533905932737,2.0,10,1.0
pg4_5,73,10,0.9325140769936443,0.8535533905932737,2.0,0.9325140769936443,0.8535533905932737,2.0,10,1.0
pg4_5,74,10,1.0529385225638292,1.0590169943749475,2.0615528128088303,1.0529385225638292,1.0590169943749475,2.0615528128088303,10,1.0
pg4_5,75,10,0.8325140769936443,0.8535533905932737,2.0,0.8325140769936443,0.8535533905932737,2.0,10,1.0
pg4_5,76,10,1.0081138830084189,1.25,2.0,1.0081138830084189,1.25,2.0,10,1.0
pg4_5,77,10,0.9504727571495168,0.8535533905932737,2.0615528128088303,0.9504727571495168,0.8535533905932737,2.0615528128088303,10,1.0
pg4_5,78,10,0.8414213562373096,0.7071067811865476,2.0,0.8414213562373096,0.7071067811865476,2.0,10,1.0
pg4_5,79,10,1.0244425969177304,0.8535533905932737,2.0615528128088303,1.0244425969177304,0.8535533905932737,2.0615528128088303,10,1.0
pg4_5,80,10,1.461000115871402,1.540569415042095,2.9154759474226504,1.461000115871402,1.540569415042095,2.9154759474226504,10,1.0
pg4_5,81,10,1.3610179990349884,1.3495864094170424,2.5,1.3610179990349884,1.3495864094170424,2.5,10,1.0
pg4_5,82,10,1.161338638120718,1.3090169943749475,2.0,1.161338638120718,1.3090169943749475,2.0,10,1.0
pg4_5,83,10,1.1264011986452664,1.0606601717798214,2.5,1.1264011986452664,1.0606601717798214,2.5,10,1.0
pg4_5,84,10,1.1389979937555021,1.2071067811865475,2.5,1.1389979937555021,1.2071067811865475,2.5,10,1.0
pg4_5,85,10,1.159380036393182,1.0590169943749475,2.5,1.159380036393182,1.0590169943749475,2.5,10,1.0
pg4_5,86,10,1.1401631992477916,1.266123775561495,2.0,1.1401631992477916,1.266123775561495,2.0,10,1.0
pg4_5,87,10,1.049070478491457,1.0606601717798214,2.5,1.049070478491457,1.0606601717798214,2.5,10,1.0
pg4_5,88,10,1.138204597520256,1.266123775561495,2.0615528128088303,1.138204597520256,1.266123775561495,2.0615528128088303,10,1.0
pg4_5,89,10,1.177566404137556,1.3495864094170424,2.0,1.177566404137556,1.3495864094170424,2.0,10,1.0
pg4_5,90,10,1.0674939194016009,0.9125703849682212,2.5,1.0674939194016009,0.9125703849682212,2.5,10,1.0
pg4_5,91,10,1.172348640760461,1.118033988749895,2.0,1.172348640760461,1.118033988749895,2.0,10,1.0
pg4_5,92,10,1.019452521129137,0.9125703849682212,2.5,1.019452521129137,0.9125703849682212,2.5,10,1.0
pg4_5,93,10,1.050472757149517,1.118033988749895,2.0615528128088303,1.050472757149517,1.118033988749895,2.0615528128088303,10,1.0
pg4_5,94,10,0.9382045975202556,0.9125703849682212,2.0615528128088303,0.9382045975202556,0.9125703849682212,2.0615528128088303,10,1.0
pg4_5,95,10,1.2646833684003824,1.118033988749895,3.0413812651491097,1.2646833684003824,1.118033988749895,3.0413812651491097,10,1.0
pg4_5,96,10,1.2158054001166037,1.4571067811865475,3.0413812651491097,1.2158054001166037,1.4571067811865475,3.0413812651491097,10,1.0
pg4_5,97,10,1.1028799695253932,0.9125703849682212,3.0413812651491097,1.1028799695253932,0.9125703849682212,3.0413812651491097,10,1.0
pg4_6,2,10,1.2412269556565354,1.3495864094170424,2.9154759474226504,1.2412269556565354,1.3495864094170424,2.9154759474226504,10,1.0
pg4_6,3,10,0.0,0.0,0.0,0.0,0.0,0.0,10,1.0
pg4_6,4,10,0.27071067811865474,0.0,1.0,0.27071067811865474,0.0,1.0,10,1.0
pg4_6,5,10,0.0,0.0,0.0,0.0,0.0,0.0,10,1.0
pg4_6,6,10,0.0,0.0,0.0,0.0,0.0,0.0,10,1.0
pg4_6,7,10,0.07071067811865475,0.0,0.7071067811865476,0.07071067811865475,0.0,0.7071067811865476,10,1.0
pg4_6,8,10,0.05,0.0,0.5,0.05,0.0,0.5,10,1.0
pg4_6,9,10,0.05,0.0,0.5,0.05,0.0,0.5,10,1.0
pg4_6,10,10,0.15,0.0,0.5,0.15,0.0,0.5,10,1.0
pg4_6,11,10,0.15,0.0,0.5,0.15,0.0,0.5,10,1.0
pg4_6,12,10,0.1,0.0,0.5,0.1,0.0,0.5,10,1.0
pg4_6,13,10,0.0,0.0,0.0,0.0,0.0,0.0,10,1.0
pg4_6,14,10,0.05,0.0,0.5,0.05,0.0,0.5,10,1.0
pg4_6,15,10,0.05,0.0,0.5,0.05,0.0,0.5,10,1.0
pg4_6,16,10,0.05,0.0,0.5,0.05,0.0,0.5,10,1.0
pg4_6,17,10,0.0,0.0,0.0,0.0,0.0,0.0,10,1.0
pg4_6,18,10,0.15,0.0,1.0,0.15,0.0,1.0,10,1.0
pg4_6,19,10,0.25,0.0,1.0,0.25,0.0,1.0,10,1.0
pg4_6,20,10,0.0,0.0,0.0,0.0,0.0,0.0,10,1.0
pg4_6,21,10,0.35495097567963924,0.0,2.5495097567963922,0.35495097567963924,0.0,2.5495097567963922,10,1.0
pg4_6,22,10,0.2,0.0,1.0,0.2,0.0,1.0,10,1.0
pg4_6,23,10,0.19142135623730952,0.0,0.7071067811865476,0.19142135623730952,0.0,0.7071067811865476,10,1.0
pg4_6,24,10,0.5199172818834085,0.5,1.5811388300841898,0.5199172818834085,0.5,1.5811388300841898,10,1.0
pg4_6,25,10,0.15,0.0,0.5,0.15,0.0,0.5,10,1.0
pg4_6,26,10,0.17071067811865476,0.0,0.7071067811865476,0.17071067811865476,0.0,0.7071067811865476,10,1.0
pg4_6,27,10,0.30098824189185425,0.0,1.8027756377319946,0.30098824189185425,0.0,1.8027756377319946,10,1.0
pg4_6,28,10,0.2118033988749895,0.0,1.118033988749895,0.2118033988749895,0.0,1.118033988749895,10,1.0
pg4_6,29,10,0.15,0.0,0.5,0.15,0.0,0.5,10,1.0
pg4_6,30,10,0.15,0.0,0.5,0.15,0.0,0.5,10,1.0
pg4_6,31,10,0.12071067811865474,0.0,0.7071067811865476,0.12071067811865474,0.0,0.7071067811865476,10,1.0
pg4_6,32,10,0.1,0.0,0.5,0.1,0.0,0.5,10,1.0
pg4_6,33,10,0.4914213562373095,0.5,1.5,0.4914213562373095,0.5,1.5,10,1.0
pg4_6,34,10,0.15,0.0,0.5,0.15,0.0,0.5,10,1.0
pg4_6,35,10,0.0,0.0,0.0,0.0,0.0,0.0,10,1.0
pg4_6,36,10,0.1914213562373095,0.0,0.7071067811865476,0.1914213562373095,0.0,0.7071067811865476,10,1.0
pg4_6,37,10,0.27071067811865474,0.25,0.7071067811865476,0.27071067811865474,0.25,0.7071067811865476,10,1.0
pg4_6,38,10,0.2618033988749895,0.0,1.118033988749895,0.2618033988749895,0.0,1.118033988749895,10,1.0
pg4_6,39,10,0.22071067811865475,0.0,0.7071067811865476,0.22071067811865475,0.0,0.7071067811865476,10,1.0
pg4_6,40,10,0.27071067811865474,0.25,0.7071067811865476,0.27071067811865474,0.25,0.7071067811865476,10,1.0
pg4_6,41,10,0.36180339887498947,0.5,1.118033988749895,0.36180339887498947,0.5,1.118033988749895,10,1.0
pg4_6,42,10,0.3,0.5,0.5,0.3,0.5,0.5,10,1.0
pg4_6,43,10,0.27071067811865474,0.0,1.0,0.27071067811865474,0.0,1.0,10,1.0
pg4_6,44,10,0.4707106781186548,0.0,3.0,0.4707106781186548,0.0,3.0,10,1.0
pg4_6,45,10,0.616227766016838,0.5,3.1622776601683795,0.616227766016838,0.5,3.1622776601683795,10,1.0
pg4_6,46,10,1.290368495449523,0.5,7.211102550927978,1.290368495449523,0.5,7.211102550927978,10,1.0
pg4_6,47,10,0.358113883008419,0.0,1.5811388300841898,0.358113883008419,0.0,1.5811388300841898,10,1.0
pg4_6,48,10,0.3509882418918542,0.0,1.8027756377319946,0.3509882418918542,0.0,1.8027756377319946,10,1.0
pg4_6,49,10,0.531720680758398,0.5,1.5811388300841898,0.531720680758398,0.5,1.5811388300841898,10,1.0
pg4_6,50,10,0.5591021249002732,0.5,1.8027756377319946,0.5591021249002732,0.5,1.8027756377319946,10,1.0
pg4_6,51,10,0.521698920010509,0.5,1.8027756377319946,0.521698920010509,0.5,1.8027756377319946,10,1.0
pg4_6,52,10,0.5576491222541475,0.5,1.5811388300841898,0.5576491222541475,0.5,1.5811388300841898,10,1.0
pg4_6,53,10,0.6150281539872885,0.5,2.23606797749979,0.6150281539872885,0.5,2.23606797749979,10,1.0
pg4_6,54,10,0.808547658653261,0.25,3.2015621187164243,0.808547658653261,0.25,3.2015621187164243,10,1.0
pg4_6,55,10,0.9018768926300403,0.5,3.2015621187164243,0.9018768926300403,0.5,3.2015621187164243,10,1.0
pg4_6,56,10,1.078935903020517,0.5,4.6097722286464435,1.078935903020517,0.5,4.6097722286464435,10,1.0
pg4_6,57,10,0.9019665981227813,0.7071067811865476,2.23606797749979,0.9019665981227813,0.7071067811865476,2.23606797749979,10,1.0
pg4_6,58,10,0.7297276724936023,0.8535533905932737,2.23606797749979,0.7297276724936023,0.8535533905932737,2.23606797749979,10,1.0
pg4_6,59,10,0.9223486407604611,0.9125703849682212,2.23606797749979,0.9223486407604611,0.9125703849682212,2.23606797749979,10,1.0
pg4_6,60,10,0.8893698030125454,0.9125703849682212,1.5811388300841898,0.8893698030125454,0.9125703849682212,1.5811388300841898,10,1.0
pg4_6,61,10,0.8827089226502522,0.6035533905932737,2.23606797749979,0.8827089226502522,0.6035533905932737,2.23606797749979,10,1.0
pg4_6,62,10,0.906315720400231,0.9125703849682212,2.23606797749979,0.906315720400231,0.9125703849682212,2.23606797749979,10,1.0
pg4_6,63,10,0.8640531005799126,0.6035533905932737,2.5495097567963922,0.8640531005799126,0.6035533905932737,2.5495097567963922,10,1.0
pg4_6,64,10,0.9888642039311353,0.6035533905932737,2.23606797749979,0.9888642039311353,0.6035533905932737,2.23606797749979,10,1.0
pg4_6,65,10,0.9925537197977057,1.0,2.23606797749979,0.9925537197977057,1.0,2.23606797749979,10,1.0
pg4_6,66,10,0.9103682782850363,0.6035533905932737,2.0615528128088303,0.9103682782850363,0.6035533905932737,2.0615528128088303,10,1.0
pg4_6,67,10,1.2718430416790512,1.3090169943749475,2.5,1.2718430416790512,1.3090169943749475,2.5,10,1.0
pg4_6,68,10,0.9827089226502522,1.118033988749895,2.0,0.9827089226502522,1.118033988749895,2.0,10,1.0
pg4_6,69,10,0.9203900390329253,0.6035533905932737,2.23606797749979,0.9203900390329253,0.6035533905932737,2.23606797749979,10,1.0
pg4_6,70,10,0.8689469220477267,0.8535533905932737,2.0615528128088303,0.8689469220477267,0.8535533905932737,2.0615528128088303,10,1.0
pg4_6,71,10,0.9985648794100468,0.8535533905932737,2.0615528128088303,0.9985648794100468,0.8535533905932737,2.0615528128088303,10,1.0
pg4_6,72,10,0.8285138077022716,0.5,2.0615528128088303,0.8285138077022716,0.5,2.0615528128088303,10,1.0
pg4_6,73,10,1.0718086351417913,1.118033988749895,2.23606797749979,1.0718086351417913,1.118033988749895,2.23606797749979,10,1.0
pg4_6,74,10,1.0325220733888893,0.9125703849682212,2.23606797749979,1.0325220733888893,0.9125703849682212,2.23606797749979,10,1.0
pg4_6,75,10,1.052636090194588,1.0590169943749475,2.0,1.052636090194588,1.0590169943749475,2.0,10,1.0
pg4_6,76,10,1.40522575977234,1.5,3.1622776601683795,1.40522575977234,1.5,3.1622776601683795,10,1.0
pg4_6,77,10,1.0005240460217788,0.8535533905932737,2.692582403567252,1.0005240460217788,0.8535533905932737,2.692582403567252,10,1.0
pg4_6,78,10,1.0867270739977974,0.8535533905932737,2.23606797749979,1.0867270739977974,0.8535533905932737,2.23606797749979,10,1.0
pg4_6,79,10,1.0718937656671168,0.9125703849682212,2.0,1.0718937656671168,0.9125703849682212,2.0,10,1.0
pg4_6,80,10,0.8453057177604879,0.6035533905932737,2.23606797749979,0.8453057177604879,0.6035533905932737,2.23606797749979,10,1.0
pg4_6,81,10,1.238409328837791,0.7071067811865476,3.605551275463989,1.238409328837791,0.7071067811865476,3.605551275463989,10,1.0
pg4_6,82,10,0.9552012388960074,0.9125703849682212,1.8027756377319946,0.9552012388960074,0.9125703849682212,1.8027756377319946,10,1.0
pg4_6,83,10,0.914563393233017,0.7071067811865476,2.23606797749979,0.914563393233017,0.7071067811865476,2.23606797749979,10,1.0
pg4_6,84,10,0.9005234811375826,0.8535533905932737,2.0,0.9005234811375826,0.8535533905932737,2.0,10,1.0
pg4_6,85,10,0.8367270739977976,0.7071067811865476,2.23606797749979,0.8367270739977976,0.7071067811865476,2.23606797749979,10,1.0
pg4_6,86,10,0.8869384441354928,0.8535533905932737,2.0,0.8869384441354928,0.8535533905932737,2.0,10,1.0
pg4_6,87,10,0.9416162018939174,0.8535533905932737,2.0,0.9416162018939174,0.8535533905932737,2.0,10,1.0
pg4_6,88,10,0.8591021249002733,0.6035533905932737,2.0,0.8591021249002733,0.6035533905932737,2.0,10,1.0
pg4_6,89,10,0.8076491222541474,0.7071067811865476,2.0,0.8076491222541474,0.7071067811865476,2.0,10,1.0
pg4_6,90,10,0.8538843615231784,0.75,1.8027756377319946,0.8538843615231784,0.75,1.8027756377319946,10,1.0
pg4_6,91,10,0.9264011986452664,0.7071067811865476,2.0615528128088303,0.9264011986452664,0.7071067811865476,2.0615528128088303,10,1.0
pg4_6,92,10,0.9576491222541476,0.9571067811865476,2.0,0.9576491222541476,0.9571067811865476,2.0,10,1.0
pg4_6,93,10,0.8406279600020632,0.8535533905932737,2.0,0.8406279600020632,0.8535533905932737,2.0,10,1.0
pg4_6,94,10,0.9783598003728022,0.8535533905932737,2.0,0.9783598003728022,0.8535533905932737,2.0,10,1.0
pg4_6,95,10,0.9199172818834084,0.8090169943749475,2.0,0.9199172818834084,0.8090169943749475,2.0,10,1.0
pg4_6,96,10,0.961533483777326,1.0590169943749475,1.8027756377319946,0.961533483777326,1.0590169943749475,1.8027756377319946,10,1.0
pg4_6,97,10,0.7288245611270737,0.8535533905932737,1.5811388300841898,0.7288245611270737,0.8535533905932737,1.5811388300841898,10,1.0
pg4_7,2,10,0.8652574061811562,0.6035533905932737,2.0615528128088303,0.8652574061811562,0.6035533905932737,2.0615528128088303,10,1.0
pg4_7,3,10,0.3199172818834085,0.0,1.5811388300841898,0.3199172818834085,0.0,1.5811388300841898,10,1.0
pg4_7,4,10,0.33541019662496846,0.0,2.23606797749979,0.33541019662496846,0.0,2.23606797749979,10,1.0
pg4_7,5,10,0.05,0.0,0.5,0.05,0.0,0.5,10,1.0
pg4_7,6,10,0.05,0.0,0.5,0.05,0.0,0.5,10,1.0
pg4_7,7,10,0.05,0.0,0.5,0.05,0.0,0.5,10,1.0
pg4_7,8,10,0.15,0.0,0.5,0.15,0.0,0.5,10,1.0
pg4_7,9,10,0.05,0.0,0.5,0.05,0.0,0.5,10,1.0
pg4_7,10,10,0.2,0.0,1.0,0.2,0.0,1.0,10,1.0
pg4_7,11,10,0.0,0.0,0.0,0.0,0.0,0.0,10,1.0
pg4_7,12,10,0.05,0.0,0.5,0.05,0.0,0.5,10,1.0
pg4_7,13,10,0.0,0.0,0.0,0.0,0.0,0.0,10,1.0
pg4_7,14,10,0.0,0.0,0.0,0.0,0.0,0.0,10,1.0
pg4_7,15,10,0.0,0.0,0.0,0.0,0.0,0.0,10,1.0
pg4_7,16,10,0.223606797749979,0.0,2.23606797749979,0.223606797749979,0.0,2.23606797749979,10,1.0
pg4_7,17,10,0.07071067811865475,0.0,0.7071067811865476,0.07071067811865475,0.0,0.7071067811865476,10,1.0
pg4_7,18,10,0.1,0.0,0.5,0.1,0.0,0.5,10,1.0
pg4_7,19,10,0.0,0.0,0.0,0.0,0.0,0.0,10,1.0
pg4_7,20,10,0.0,0.0,0.0,0.0,0.0,0.0,10,1.0
pg4_7,21,10,0.05,0.0,0.5,0.05,0.0,0.5,10,1.0
pg4_7,22,10,0.0,0.0,0.0,0.0,0.0,0.0,10,1.0
pg4_7,23,10,0.05,0.0,0.5,0.05,0.0,0.5,10,1.0
pg4_7,24,10,0.0,0.0,0.0,0.0,0.0,0.0,10,1.0
pg4_7,25,10,0.0,0.0,0.0,0.0,0.0,0.0,10,1.0
pg4_7,26,10,0.05,0.0,0.5,0.05,0.0,0.5,10,1.0
pg4_7,27,10,0.1,0.0,0.5,0.1,0.0,0.5,10,1.0
pg4_7,28,10,0.0,0.0,0.0,0.0,0.0,0.0,10,1.0
pg4_7,29,10,0.05,0.0,0.5,0.05,0.0,0.5,10,1.0
pg4_7,30,10,0.2118033988749895,0.0,1.118033988749895,0.2118033988749895,0.0,1.118033988749895,10,1.0
pg4_7,31,10,0.17071067811865476,0.0,0.7071067811865476,0.17071067811865476,0.0,0.7071067811865476,10,1.0
pg4_7,32,10,0.3302775637731995,0.0,1.8027756377319946,0.3302775637731995,0.0,1.8027756377319946,10,1.0
pg4_7,33,10,0.12071067811865474,0.0,0.7071067811865476,0.12071067811865474,0.0,0.7071067811865476,10,1.0
pg4_7,34,10,0.2,0.0,0.5,0.2,0.0,0.5,10,1.0
pg4_7,35,10,0.2118033988749895,0.0,1.118033988749895,0.2118033988749895,0.0,1.118033988749895,10,1.0
pg4_7,36,10,0.2,0.0,1.0,0.2,0.0,1.0,10,1.0
pg4_7,37,10,0.15,0.0,0.5,0.15,0.0,0.5,10,1.0
pg4_7,38,10,0.3,0.0,1.0,0.3,0.0,1.0,10,1.0
pg4_7,39,10,0.3118033988749895,0.0,1.118033988749895,0.3118033988749895,0.0,1.118033988749895,10,1.0
pg4_7,40,10,0.15,0.0,1.0,0.15,0.0,1.0,10,1.0
pg4_7,41,10,0.2118033988749895,0.0,1.118033988749895,0.2118033988749895,0.0,1.118033988749895,10,1.0
pg4_7,42,10,0.3443174758686337,0.0,1.118033988749895,0.3443174758686337,0.0,1.118033988749895,10,1.0
pg4_7,43,10,0.2118033988749895,0.0,1.118033988749895,0.2118033988749895,0.0,1.118033988749895,10,1.0
pg4_7,44,10,0.3325140769936442,0.25,1.118033988749895,0.3325140769936442,0.25,1.118033988749895,10,1.0
pg4_7,45,10,0.24142135623730948,0.0,0.7071067811865476,0.24142135623730948,0.0,0.7071067811865476,10,1.0
pg4_7,46,10,0.2,0.0,0.5,0.2,0.0,0.5,10,1.0
pg4_7,47,10,0.19142135623730952,0.0,0.7071067811865476,0.19142135623730952,0.0,0.7071067811865476,10,1.0
pg4_7,48,10,0.3414213562373095,0.25,1.0,0.3414213562373095,0.25,1.0,10,1.0
pg4_7,49,10,0.2,0.0,0.5,0.2,0.0,0.5,10,1.0
pg4_7,50,10,0.17071067811865476,0.0,1.0,0.17071067811865476,0.0,1.0,10,1.0
pg4_7,51,10,0.3,0.25,1.0,0.3,0.25,1.0,10,1.0
pg4_7,52,10,0.423606797749979,0.25,1.118033988749895,0.423606797749979,0.25,1.118033988749895,10,1.0
pg4_7,53,10,0.5943174758686338,0.3535533905932738,2.0,0.5943174758686338,0.3535533905932738,2.0,10,1.0
pg4_7,54,10,0.5825140769936443,0.6035533905932737,1.5,0.5825140769936443,0.6035533905932737,1.5,10,1.0
pg4_7,55,10,0.308113883008419,0.0,1.5811388300841898,0.308113883008419,0.0,1.5811388300841898,10,1.0
pg4_7,56,10,0.503224755112299,0.5,1.5,0.503224755112299,0.5,1.5,10,1.0
pg4_7,57,10,0.6,0.5,1.5,0.6,0.5,1.5,10,1.0
pg4_7,58,10,0.4443174758686338,0.5,1.118033988749895,0.4443174758686338,0.5,1.118033988749895,10,1.0
pg4_7,59,10,0.4618033988749895,0.5,1.118033988749895,0.4618033988749895,0.5,1.118033988749895,10,1.0
pg4_7,60,10,0.38251407699364426,0.25,1.118033988749895,0.38251407699364426,0.25,1.118033988749895,10,1.0
pg4_7,61,10,0.4414213562373095,0.5,1.0,0.4414213562373095,0.5,1.0,10,1.0
pg4_7,62,10,0.3,0.25,1.0,0.3,0.25,1.0,10,1.0
pg4_7,63,10,0.4650281539872885,0.5,1.118033988749895,0.4650281539872885,0.5,1.118033988749895,10,1.0
pg4_7,64,10,0.3118033988749895,0.25,1.118033988749895,0.3118033988749895,0.25,1.118033988749895,10,1.0
pg4_7,65,10,0.4118033988749895,0.25,1.118033988749895,0.4118033988749895,0.25,1.118033988749895,10,1.0
pg4_7,66,10,0.353224755112299,0.25,1.118033988749895,0.353224755112299,0.25,1.118033988749895,10,1.0
pg4_7,67,10,0.38251407699364426,0.25,1.118033988749895,0.38251407699364426,0.25,1.118033988749895,10,1.0
pg4_7,68,10,0.4288245611270737,0.25,1.5811388300841898,0.4288245611270737,0.25,1.5811388300841898,10,1.0
pg4_7,69,10,0.511338638120718,0.5,1.5811388300841898,0.511338638120718,0.5,1.5811388300841898,10,1.0
pg4_7,70,10,0.36180339887498947,0.5,1.118033988749895,0.36180339887498947,0.5,1.118033988749895,10,1.0
pg4_7,71,10,0.4995352392457285,0.5,1.5811388300841898,0.4995352392457285,0.5,1.5811388300841898,10,1.0
pg4_7,72,10,0.47024591736438326,0.0,1.5811388300841898,0.47024591736438326,0.0,1.5811388300841898,10,1.0
pg4_7,73,10,0.273606797749979,0.0,1.118033988749895,0.273606797749979,0.0,1.118033988749895,10,1.0
pg4_7,74,10,0.49062796000206327,0.5,1.5811388300841898,0.49062796000206327,0.5,1.5811388300841898,10,1.0
pg4_7,75,10,0.453224755112299,0.25,1.4142135623730951,0.453224755112299,0.25,1.4142135623730951,10,1.0
pg4_7,76,10,0.37071067811865477,0.25,1.0,0.37071067811865477,0.25,1.0,10,1.0
pg4_7,77,10,0.3414213562373095,0.25,1.0,0.3414213562373095,0.25,1.0,10,1.0
pg4_7,78,10,0.3443174758686337,0.0,1.118033988749895,0.3443174758686337,0.0,1.118033988749895,10,1.0
pg4_7,79,10,0.45,0.5,1.5,0.45,0.5,1.5,10,1.0
pg4_7,80,10,0.2825140769936442,0.0,1.118033988749895,0.2825140769936442,0.0,1.118033988749895,10,1.0
pg4_7,81,10,0.4325140769936443,0.25,1.118033988749895,0.4325140769936443,0.25,1.118033988749895,10,1.0
pg4_7,82,10,0.4825140769936443,0.5,1.118033988749895,0.4825140769936443,0.5,1.118033988749895,10,1.0
pg4_7,83,10,0.403224755112299,0.5,1.118033988749895,0.403224755112299,0.5,1.118033988749895,10,1.0
pg4_7,84,10,0.5618033988749895,0.5,1.5,0.5618033988749895,0.5,1.5,10,1.0
pg4_7,85,10,0.5731420369957074,0.6035533905932737,1.5811388300841898,0.5731420369957074,0.6035533905932737,1.5811388300841898,10,1.0
pg4_7,86,10,0.5386693582745272,0.25,2.0615528128088303,0.5386693582745272,0.25,2.0615528128088303,10,1.0
pg4_7,87,10,0.6363984385168227,0.6035533905932737,1.8027756377319946,0.6363984385168227,0.6035533905932737,1.8027756377319946,10,1.0
pg4_7,88,10,0.5406279600020631,0.25,1.5811388300841898,0.5406279600020631,0.25,1.5811388300841898,10,1.0
pg4_7,89,10,0.7605452418854718,0.8535533905932737,1.5811388300841898,0.7605452418854718,0.8535533905932737,1.5811388300841898,10,1.0
pg4_7,90,10,0.6335023188854985,0.6035533905932737,1.8027756377319946,0.6335023188854985,0.6035533905932737,1.8027756377319946,10,1.0
pg4_7,91,10,0.5280311648918274,0.25,1.5811388300841898,0.5280311648918274,0.25,1.5811388300841898,10,1.0
pg4_7,92,10,0.516227766016838,0.25,1.5811388300841898,0.516227766016838,0.25,1.5811388300841898,10,1.0
pg4_7,93,10,0.6812559200041265,0.7071067811865476,1.5811388300841898,0.6812559200041265,0.7071067811865476,1.5811388300841898,10,1.0
pg4_7,94,10,0.6788245611270738,0.5,2.0,0.6788245611270738,0.5,2.0,10,1.0
pg4_7,95,10,0.7686591248938907,0.9125703849682212,1.5811388300841898,0.7686591248938907,0.9125703849682212,1.5811388300841898,10,1.0
pg4_7,96,10,0.6571435231727373,0.5,2.0615528128088303,0.6571435231727373,0.5,2.0615528128088303,10,1.0
pg4_7,97,10,0.689834563766817,0.75,1.5811388300841898,0.689834563766817,0.75,1.5811388300841898,10,1.0
pg4_8,2,10,1.3723486407604613,1.3090169943749475,3.1622776601683795,1.3723486407604613,1.3090169943749475,3.1622776601683795,10,1.0
pg4_8,3,10,0.3207106781186547,0.25,1.0,0.3207106781186547,0.25,1.0,10,1.0
pg4_8,4,10,0.1,0.0,0.5,0.1,0.0,0.5,10,1.0
pg4_8,5,10,0.05,0.0,0.5,0.05,0.0,0.5,10,1.0
pg4_8,6,10,0.15,0.0,0.5,0.15,0.0,0.5,10,1.0
pg4_8,7,10,0.05,0.0,0.5,0.05,0.0,0.5,10,1.0
pg4_8,8,10,0.0,0.0,0.0,0.0,0.0,0.0,10,1.0
pg4_8,9,10,0.05,0.0,0.5,0.05,0.0,0.5,10,1.0
pg4_8,10,10,0.17071067811865476,0.0,0.7071067811865476,0.17071067811865476,0.0,0.7071067811865476,10,1.0
pg4_8,11,10,0.0,0.0,0.0,0.0,0.0,0.0,10,1.0
pg4_8,12,10,0.0,0.0,0.0,0.0,0.0,0.0,10,1.0
pg4_8,13,10,0.05,0.0,0.5,0.05,0.0,0.5,10,1.0
pg4_8,14,10,0.05,0.0,0.5,0.05,0.0,0.5,10,1.0
pg4_8,15,10,0.05,0.0,0.5,0.05,0.0,0.5,10,1.0
pg4_8,16,10,0.05,0.0,0.5,0.05,0.0,0.5,10,1.0
pg4_8,17,10,0.45615528128088306,0.0,2.0615528128088303,0.45615528128088306,0.0,2.0615528128088303,10,1.0
pg4_8,18,10,0.22071067811865475,0.0,0.7071067811865476,0.22071067811865475,0.0,0.7071067811865476,10,1.0
pg4_8,19,10,0.2,0.0,1.0,0.2,0.0,1.0,10,1.0
pg4_8,20,10,0.0,0.0,0.0,0.0,0.0,0.0,10,1.0
pg4_8,21,10,0.1,0.0,0.5,0.1,0.0,0.5,10,1.0
pg4_8,22,10,0.05,0.0,0.5,0.05,0.0,0.5,10,1.0
pg4_8,23,10,0.05,0.0,0.5,0.05,0.0,0.5,10,1.0
pg4_8,24,10,0.37882456112707374,0.0,1.5811388300841898,0.37882456112707374,0.0,1.5811388300841898,10,1.0
pg4_8,25,10,0.15,0.0,0.5,0.15,0.0,0.5,10,1.0
pg4_8,26,10,0.1,0.0,0.5,0.1,0.0,0.5,10,1.0
pg4_8,27,10,0.15,0.0,0.5,0.15,0.0,0.5,10,1.0
pg4_8,28,10,0.16180339887498948,0.0,1.118033988749895,0.16180339887498948,0.0,1.118033988749895,10,1.0
pg4_8,29,10,0.15,0.0,0.5,0.15,0.0,0.5,10,1.0
pg4_8,30,10,0.22071067811865475,0.0,0.7071067811865476,0.22071067811865475,0.0,0.7071067811865476,10,1.0
pg4_8,31,10,0.2118033988749895,0.0,1.118033988749895,0.2118033988749895,0.0,1.118033988749895,10,1.0
pg4_8,32,10,0.2,0.0,0.5,0.2,0.0,0.5,10,1.0
pg4_8,33,10,0.16180339887498948,0.0,1.118033988749895,0.16180339887498948,0.0,1.118033988749895,10,1.0
pg4_8,34,10,0.15,0.0,0.5,0.15,0.0,0.5,10,1.0
pg4_8,35,10,0.40413812651491093,0.0,3.0413812651491097,0.40413812651491093,0.0,3.0413812651491097,10,1.0
pg4_8,36,10,0.05,0.0,0.5,0.05,0.0,0.5,10,1.0
pg4_8,37,10,0.2825140769936442,0.0,1.118033988749895,0.2825140769936442,0.0,1.118033988749895,10,1.0
pg4_8,38,10,0.24142135623730948,0.0,0.7071067811865476,0.24142135623730948,0.0,0.7071067811865476,10,1.0
pg4_8,39,10,0.2,0.0,1.0,0.2,0.0,1.0,10,1.0
pg4_8,40,10,0.0,0.0,0.0,0.0,0.0,0.0,10,1.0
pg4_8,41,10,0.4541381265149109,0.0,3.0413812651491097,0.4541381265149109,0.0,3.0413812651491097,10,1.0
pg4_8,42,10,0.25,0.25,0.5,0.25,0.25,0.5,10,1.0
pg4_8,43,10,0.17071067811865476,0.0,0.7071067811865476,0.17071067811865476,0.0,0.7071067811865476,10,1.0
pg4_8,44,10,0.3414213562373095,0.0,1.4142135623730951,0.3414213562373095,0.0,1.4142135623730951,10,1.0
pg4_8,45,10,0.3,0.5,0.5,0.3,0.5,0.5,10,1.0
pg4_8,46,10,0.38284271247461904,0.25,1.4142135623730951,0.38284271247461904,0.25,1.4142135623730951,10,1.0
pg4_8,47,10,0.4118033988749895,0.5,1.118033988749895,0.4118033988749895,0.5,1.118033988749895,10,1.0
pg4_8,48,10,0.30322475511229896,0.0,1.4142135623730951,0.30322475511229896,0.0,1.4142135623730951,10,1.0
pg4_8,49,10,0.5446461113496085,0.5,1.4142135623730951,0.5446461113496085,0.5,1.4142135623730951,10,1.0
pg4_8,50,10,0.9600804811312,0.25,4.743416490252569,0.9600804811312,0.25,4.743416490252569,10,1.0
pg4_8,51,10,0.9035533905932738,0.5,4.0,0.9035533905932738,0.5,4.0,10,1.0
pg4_8,52,10,2.0369007242754575,0.7071067811865476,14.142135623730951,2.0369007242754575,0.7071067811865476,14.142135623730951,10,1.0
pg4_8,53,10,0.5424095981291638,0.5,1.8027756377319946,0.5424095981291638,0.5,1.8027756377319946,10,1.0
pg4_8,54,10,0.8032247551122991,0.6035533905932737,2.5,0.8032247551122991,0.6035533905932737,2.5,10,1.0
pg4_8,55,10,0.625661653798294,0.25,2.5495097567963922,0.625661653798294,0.25,2.5495097567963922,10,1.0
pg4_8,56,10,0.671698920010509,0.6035533905932737,1.8027756377319946,0.671698920010509,0.6035533905932737,1.8027756377319946,10,1.0
pg4_8,57,10,0.7764011986452662,0.6035533905932737,2.0615528128088303,0.7764011986452662,0.6035533905932737,2.0615528128088303,10,1.0
pg4_8,58,10,0.7245950396418332,0.6035533905932737,2.0,0.7245950396418332,0.6035533905932737,2.0,10,1.0
pg4_8,59,10,0.679812803018928,0.5,1.8027756377319946,0.679812803018928,0.5,1.8027756377319946,10,1.0
pg4_8,60,10,0.711338638120718,0.5,2.0,0.711338638120718,0.5,2.0,10,1.0
pg4_8,61,10,0.7009882418918542,0.5,2.0,0.7009882418918542,0.5,2.0,10,1.0
pg4_8,62,10,0.7005234811375828,0.6035533905932737,1.8027756377319946,0.7005234811375828,0.6035533905932737,1.8027756377319946,10,1.0
pg4_8,63,10,0.797213595499958,0.75,2.23606797749979,0.797213595499958,0.75,2.23606797749979,10,1.0
pg4_8,64,10,0.9632465147527739,0.75,2.9154759474226504,0.9632465147527739,0.75,2.9154759474226504,10,1.0
pg4_8,65,10,1.3641628157111945,1.118033988749895,3.3541019662496847,1.3641628157111945,1.118033988749895,3.3541019662496847,10,1.0
pg4_8,66,10,0.9360674675869181,0.8535533905932737,2.1213203435596424,0.9360674675869181,0.8535533905932737,2.1213203435596424,10,1.0
pg4_8,67,10,0.9860674675869181,1.0590169943749475,2.0,0.9860674675869181,1.0590169943749475,2.0,10,1.0
pg4_8,68,10,0.8218937656671169,0.7071067811865476,1.8027756377319946,0.8218937656671169,0.7071067811865476,1.8027756377319946,10,1.0
pg4_8,69,10,0.8838309543664732,0.7071067811865476,2.5,0.8838309543664732,0.7071067811865476,2.5,10,1.0
pg4_8,70,10,1.0323779517203475,1.0,2.1213203435596424,1.0323779517203475,1.0,2.1213203435596424,10,1.0
pg4_8,71,10,0.8660163958791426,0.9125703849682212,2.0,0.8660163958791426,0.9125703849682212,2.0,10,1.0
pg4_8,72,10,0.9927446638338975,0.5,2.5495097567963922,0.9927446638338975,0.5,2.5495097567963922,10,1.0
pg4_8,73,10,0.9899308180875959,0.8535533905932737,2.5495097567963922,0.9899308180875959,0.8535533905932737,2.5495097567963922,10,1.0
pg4_8,74,10,0.9386693582745274,0.6035533905932737,2.5,0.9386693582745274,0.6035533905932737,2.5,10,1.0
pg4_8,75,10,0.9924160283529228,0.8535533905932737,2.5495097567963922,0.9924160283529228,0.8535533905932737,2.5495097567963922,10,1.0
pg4_8,76,10,0.9597086718741569,0.7071067811865476,2.0615528128088303,0.9597086718741569,0.7071067811865476,2.0615528128088303,10,1.0
pg4_8,77,10,0.9455789356817025,0.8535533905932737,2.5495097567963922,0.9455789356817025,0.8535533905932737,2.5495097567963922,10,1.0
pg4_8,78,10,1.0813521743249055,1.0606601717798214,2.5495097567963922,1.0813521743249055,1.0606601717798214,2.5495097567963922,10,1.0
pg4_8,79,10,0.9886693582745274,0.8535533905932737,2.5,0.9886693582745274,0.8535533905932737,2.5,10,1.0
pg4_8,80,10,1.115476764635629,1.0590169943749475,3.0413812651491097,1.115476764635629,1.0590169943749475,3.0413812651491097,10,1.0
pg4_8,81,10,1.0720339857152428,0.8535533905932737,2.5495097567963922,1.0720339857152428,0.8535533905932737,2.5495097567963922,10,1.0
pg4_8,82,10,1.2022403809281919,0.8090169943749475,3.1622776601683795,1.2022403809281919,0.8090169943749475,3.1622776601683795,10,1.0
pg4_8,83,10,1.0928269377189204,1.118033988749895,2.5495097567963922,1.0928269377189204,1.118033988749895,2.5495097567963922,10,1.0
pg4_8,84,10,1.012313857306849,1.0,3.0413812651491097,1.012313857306849,1.0,3.0413812651491097,10,1.0
pg4_8,85,10,1.1019829140074673,0.8090169943749475,2.5495097567963922,1.1019829140074673,0.8090169943749475,2.5495097567963922,10,1.0
pg4_8,86,10,1.0334354447915015,0.9125703849682212,3.0413812651491097,1.0334354447915015,0.9125703849682212,3.0413812651491097,10,1.0
pg4_8,87,10,1.2528799695253932,1.3090169943749475,3.0413812651491097,1.2528799695253932,1.3090169943749475,3.0413812651491097,10,1.0
pg4_8,88,10,1.0553274785083768,1.118033988749895,2.5,1.0553274785083768,1.118033988749895,2.5,10,1.0
pg4_8,89,10,0.9268315528622779,1.0,2.5,0.9268315528622779,1.0,2.5,10,1.0
pg4_8,90,10,1.0386532081685962,0.7071067811865476,3.0413812651491097,1.0386532081685962,0.7071067811865476,3.0413812651491097,10,1.0
pg4_8,91,10,1.0169492202112367,1.118033988749895,2.5495097567963922,1.0169492202112367,1.118033988749895,2.5495097567963922,10,1.0
pg4_8,92,10,1.1415248069235877,1.118033988749895,3.0413812651491097,1.1415248069235877,1.118033988749895,3.0413812651491097,10,1.0
pg4_8,93,10,1.0974836860209645,1.0590169943749475,3.1622776601683795,1.0974836860209645,1.0590169943749475,3.1622776601683795,10,1.0
pg4_8,94,10,1.047226783984436,1.118033988749895,2.5495097567963922,1.047226783984436,1.118033988749895,2.5495097567963922,10,1.0
pg4_8,95,10,1.121354134423603,1.0,3.0413812651491097,1.121354134423603,1.0,3.0413812651491097,10,1.0
pg4_8,96,10,1.2689307719417955,1.4976761962286425,3.0413812651491097,1.2689307719417955,1.4976761962286425,3.0413812651491097,10,1.0
pg4_8,97,10,0.9114004859042371,0.9125703849682212,2.5495097567963922,0.9114004859042371,0.9125703849682212,2.5495097567963922,10,1.0
pg4_9,2,10,2.6920281312700114,2.83113883008419,4.242640687119285,2.6920281312700114,2.83113883008419,4.242640687119285,10,1.0
pg4_9,3,10,0.3914213562373095,0.0,1.4142135623730951,0.3914213562373095,0.0,1.4142135623730951,10,1.0
pg4_9,4,10,0.05,0.0,0.5,0.05,0.0,0.5,10,1.0
pg4_9,5,10,0.15,0.0,1.0,0.15,0.0,1.0,10,1.0
pg4_9,6,10,0.2,0.0,1.0,0.2,0.0,1.0,10,1.0
pg4_9,7,10,0.05,0.0,0.5,0.05,0.0,0.5,10,1.0
pg4_9,8,10,0.15,0.0,0.5,0.15,0.0,0.5,10,1.0
pg4_9,9,10,0.05,0.0,0.5,0.05,0.0,0.5,10,1.0
pg4_9,10,10,0.1,0.0,0.5,0.1,0.0,0.5,10,1.0
pg4_9,11,10,0.0,0.0,0.0,0.0,0.0,0.0,10,1.0
pg4_9,12,10,0.05,0.0,0.5,0.05,0.0,0.5,10,1.0
pg4_9,13,10,0.1,0.0,0.5,0.1,0.0,0.5,10,1.0
pg4_9,14,10,0.05,0.0,0.5,0.05,0.0,0.5,10,1.0
pg4_9,15,10,0.0,0.0,0.0,0.0,0.0,0.0,10,1.0
pg4_9,16,10,0.05,0.0,0.5,0.05,0.0,0.5,10,1.0
pg4_9,17,10,0.05,0.0,0.5,0.05,0.0,0.5,10,1.0
pg4_9,18,10,0.0,0.0,0.0,0.0,0.0,0.0,10,1.0
pg4_9,19,10,0.1,0.0,0.5,0.1,0.0,0.5,10,1.0
pg4_9,20,10,0.05,0.0,0.5,0.05,0.0,0.5,10,1.0
pg4_9,21,10,0.05,0.0,0.5,0.05,0.0,0.5,10,1.0
pg4_9,22,10,0.0,0.0,0.0,0.0,0.0,0.0,10,1.0
pg4_9,23,10,0.1,0.0,0.5,0.1,0.0,0.5,10,1.0
pg4_9,24,10,0.0,0.0,0.0,0.0,0.0,0.0,10,1.0
pg4_9,25,10,0.05,0.0,0.5,0.05,0.0,0.5,10,1.0
pg4_9,26,10,0.33541019662496846,0.0,3.3541019662496847,0.33541019662496846,0.0,3.3541019662496847,10,1.0
pg4_9,27,10,0.0,0.0,0.0,0.0,0.0,0.0,10,1.0
pg4_9,28,10,0.05,0.0,0.5,0.05,0.0,0.5,10,1.0
pg4_9,29,10,0.15,0.0,1.5,0.15,0.0,1.5,10,1.0
pg4_9,30,10,0.0,0.0,0.0,0.0,0.0,0.0,10,1.0
pg4_9,31,10,0.5027692569068709,0.0,4.527692569068709,0.5027692569068709,0.0,4.527692569068709,10,1.0
pg4_9,32,10,0.12071067811865474,0.0,0.7071067811865476,0.12071067811865474,0.0,0.7071067811865476,10,1.0
pg4_9,33,10,0.0,0.0,0.0,0.0,0.0,0.0,10,1.0
pg4_9,34,10,0.0,0.0,0.0,0.0,0.0,0.0,10,1.0
pg4_9,35,10,0.2825140769936442,0.0,1.118033988749895,0.2825140769936442,0.0,1.118033988749895,10,1.0
pg4_9,36,10,0.22071067811865475,0.0,1.0,0.22071067811865475,0.0,1.0,10,1.0
pg4_9,37,10,0.1,0.0,1.0,0.1,0.0,1.0,10,1.0
pg4_9,38,10,0.15,0.0,0.5,0.15,0.0,0.5,10,1.0
pg4_9,39,10,0.308113883008419,0.0,1.5811388300841898,0.308113883008419,0.0,1.5811388300841898,10,1.0
pg4_9,40,10,0.17071067811865476,0.0,0.7071067811865476,0.17071067811865476,0.0,0.7071067811865476,10,1.0
pg4_9,41,10,0.27071067811865474,0.25,0.7071067811865476,0.27071067811865474,0.25,0.7071067811865476,10,1.0
pg4_9,42,10,0.1,0.0,0.5,0.1,0.0,0.5,10,1.0
pg4_9,43,10,0.1,0.0,0.5,0.1,0.0,0.5,10,1.0
pg4_9,44,10,0.4748488046335657,0.0,3.0413812651491097,0.4748488046335657,0.0,3.0413812651491097,10,1.0
pg4_9,45,10,0.2118033988749895,0.0,1.118033988749895,0.2118033988749895,0.0,1.118033988749895,10,1.0
pg4_9,46,10,0.3,0.25,1.0,0.3,0.25,1.0,10,1.0
pg4_9,47,10,0.3,0.0,1.0,0.3,0.0,1.0,10,1.0
pg4_9,48,10,0.1,0.0,0.5,0.1,0.0,0.5,10,1.0
pg4_9,49,10,0.31213203435596426,0.25,0.7071067811865476,0.31213203435596426,0.25,0.7071067811865476,10,1.0
pg4_9,50,10,0.25,0.0,1.0,0.25,0.0,1.0,10,1.0
pg4_9,51,10,0.2,0.0,0.5,0.2,0.0,0.5,10,1.0
pg4_9,52,10,0.15,0.0,1.0,0.15,0.0,1.0,10,1.0
pg4_9,53,10,0.27071067811865474,0.25,0.7071067811865476,0.27071067811865474,0.25,0.7071067811865476,10,1.0
pg4_9,54,10,0.17071067811865476,0.0,0.7071067811865476,0.17071067811865476,0.0,0.7071067811865476,10,1.0
pg4_9,55,10,0.25,0.25,0.5,0.25,0.25,0.5,10,1.0
pg4_9,56,10,0.22071067811865475,0.0,0.7071067811865476,0.22071067811865475,0.0,0.7071067811865476,10,1.0
pg4_9,57,10,0.3414213562373095,0.5,0.7071067811865476,0.3414213562373095,0.5,0.7071067811865476,10,1.0
pg4_9,58,10,0.37071067811865477,0.5,0.7071067811865476,0.37071067811865477,0.5,0.7071067811865476,10,1.0
pg4_9,59,10,0.432842712474619,0.5,1.4142135623730951,0.432842712474619,0.5,1.4142135623730951,10,1.0
pg4_9,60,10,0.29142135623730947,0.25,0.7071067811865476,0.29142135623730947,0.25,0.7071067811865476,10,1.0
pg4_9,61,10,0.5123105625617661,0.0,4.123105625617661,0.5123105625617661,0.0,4.123105625617661,10,1.0
pg4_9,62,10,0.7531128874149274,0.5,4.031128874149275,0.7531128874149274,0.5,4.031128874149275,10,1.0
pg4_9,63,10,0.31213203435596426,0.0,1.4142135623730951,0.31213203435596426,0.0,1.4142135623730951,10,1.0
pg4_9,64,10,0.5288245611270737,0.25,2.0,0.5288245611270737,0.25,2.0,10,1.0
pg4_9,65,10,0.4707106781186548,0.5,1.5,0.4707106781186548,0.5,1.5,10,1.0
pg4_9,66,10,0.6199172818834084,0.5,1.5811388300841898,0.6199172818834084,0.5,1.5811388300841898,10,1.0
pg4_9,67,10,0.8995352392457285,0.75,2.5,0.8995352392457285,0.75,2.5,10,1.0
pg4_9,68,10,0.682842712474619,0.7071067811865476,1.5,0.682842712474619,0.7071067811865476,1.5,10,1.0
pg4_9,69,10,0.5613386381207179,0.5,1.5811388300841898,0.5613386381207179,0.5,1.5811388300841898,10,1.0
pg4_9,70,10,0.508113883008419,0.5,1.5811388300841898,0.508113883008419,0.5,1.5811388300841898,10,1.0
pg4_9,71,10,0.5699172818834085,0.5,1.5811388300841898,0.5699172818834085,0.5,1.5811388300841898,10,1.0
pg4_9,72,10,0.4788245611270737,0.5,1.5811388300841898,0.4788245611270737,0.5,1.5811388300841898,10,1.0
pg4_9,73,10,0.5621320343559643,0.5,2.0,0.5621320343559643,0.5,2.0,10,1.0
pg4_9,74,10,0.523606797749979,0.25,1.5,0.523606797749979,0.25,1.5,10,1.0
pg4_9,75,10,0.590956595483038,0.5,1.5811388300841898,0.590956595483038,0.5,1.5811388300841898,10,1.0
pg4_9,76,10,0.6414213562373094,0.5,2.0,0.6414213562373094,0.5,2.0,10,1.0
pg4_9,77,10,0.5443174758686338,0.5,1.5,0.5443174758686338,0.5,1.5,10,1.0
pg4_9,78,10,0.8113386381207179,0.6035533905932737,3.0,0.8113386381207179,0.6035533905932737,3.0,10,1.0
pg4_9,79,10,0.553224755112299,0.5,2.0,0.553224755112299,0.5,2.0,10,1.0
pg4_9,80,10,0.47169892001050906,0.5,1.8027756377319946,0.47169892001050906,0.5,1.8027756377319946,10,1.0
pg4_9,81,10,0.6121320343559642,0.5,1.5,0.6121320343559642,0.5,1.5,10,1.0
pg4_9,82,10,0.5406279600020631,0.5,1.5811388300841898,0.5406279600020631,0.5,1.5811388300841898,10,1.0
pg4_9,83,10,0.721698920010509,0.6035533905932737,1.8027756377319946,0.721698920010509,0.6035533905932737,1.8027756377319946,10,1.0
pg4_9,84,10,0.523606797749979,0.5,1.118033988749895,0.523606797749979,0.5,1.118033988749895,10,1.0
pg4_9,85,10,0.5627916407668436,0.5,1.8027756377319946,0.5627916407668436,0.5,1.8027756377319946,10,1.0
pg4_9,86,10,0.6042129970041532,0.7071067811865476,1.8027756377319946,0.6042129970041532,0.7071067811865476,1.8027756377319946,10,1.0
pg4_9,87,10,0.5613386381207179,0.5,1.5811388300841898,0.5613386381207179,0.5,1.5811388300841898,10,1.0
pg4_9,88,10,0.7396576001663815,0.6035533905932737,2.0615528128088303,0.7396576001663815,0.6035533905932737,2.0615528128088303,10,1.0
pg4_9,89,10,0.6170830100356035,0.5,2.5495097567963922,0.6170830100356035,0.5,2.5495097567963922,10,1.0
pg4_9,90,10,0.8114004859042371,0.7071067811865476,2.5495097567963922,0.8114004859042371,0.7071067811865476,2.5495097567963922,10,1.0
pg4_9,91,10,0.8374650526732836,0.6035533905932737,2.5495097567963922,0.8374650526732836,0.6035533905932737,2.5495097567963922,10,1.0
pg4_9,92,10,0.6877936881542582,0.6035533905932737,2.5495097567963922,0.6877936881542582,0.6035533905932737,2.5495097567963922,10,1.0
pg4_9,93,10,0.7946461113496085,0.5,2.5,0.7946461113496085,0.5,2.5,10,1.0
pg4_9,94,10,0.8780930126753468,0.7071067811865476,2.5495097567963922,0.8780930126753468,0.7071067811865476,2.5495097567963922,10,1.0
pg4_9,95,10,0.932842712474619,0.6035533905932737,2.5,0.932842712474619,0.6035533905932737,2.5,10,1.0
pg4_9,96,10,0.8304193499928116,0.7071067811865476,2.1213203435596424,0.8304193499928116,0.7071067811865476,2.1213203435596424,10,1.0
pg4_9,97,10,0.9670830100356035,0.6035533905932737,2.5495097567963922,0.9670830100356035,0.6035533905932737,2.5495097567963922,10,1.0
pg5_1,2,10,6.490267201903582,6.788236609491476,7.648529270389178,6.490267201903582,6.788236609491476,7.648529270389178,10,1.0
pg5_1,3,10,0.05,0.0,0.5,0.05,0.0,0.5,10,1.0
pg5_1,4,10,0.1,0.0,0.5,0.1,0.0,0.5,10,1.0
pg5_1,5,10,0.12071067811865474,0.0,0.7071067811865476,0.12071067811865474,0.0,0.7071067811865476,10,1.0
pg5_1,6,10,0.15,0.0,0.5,0.15,0.0,0.5,10,1.0
pg5_1,7,10,0.05,0.0,0.5,0.05,0.0,0.5,10,1.0
pg5_1,8,10,0.05,0.0,0.5,0.05,0.0,0.5,10,1.0
pg5_1,9,10,0.05,0.0,0.5,0.05,0.0,0.5,10,1.0
pg5_1,10,10,0.18251407699364425,0.0,1.118033988749895,0.18251407699364425,0.0,1.118033988749895,10,1.0
pg5_1,11,10,0.1,0.0,1.0,0.1,0.0,1.0,10,1.0
pg5_1,12,10,0.1118033988749895,0.0,1.118033988749895,0.1118033988749895,0.0,1.118033988749895,10,1.0
pg5_1,13,10,0.05,0.0,0.5,0.05,0.0,0.5,10,1.0
pg5_1,14,10,0.15,0.0,0.5,0.15,0.0,0.5,10,1.0
pg5_1,15,10,0.0,0.0,0.0,0.0,0.0,0.0,10,1.0
pg5_1,16,10,0.18027756377319945,0.0,1.8027756377319946,0.18027756377319945,0.0,1.8027756377319946,10,1.0
pg5_1,17,10,0.1,0.0,0.5,0.1,0.0,0.5,10,1.0
pg5_1,18,10,0.05,0.0,0.5,0.05,0.0,0.5,10,1.0
pg5_1,19,10,0.1,0.0,0.5,0.1,0.0,0.5,10,1.0
pg5_1,20,10,0.05,0.0,0.5,0.05,0.0,0.5,10,1.0
pg5_1,21,10,0.20615528128088303,0.0,2.0615528128088303,0.20615528128088303,0.0,2.0615528128088303,10,1.0
pg5_1,22,10,0.1,0.0,0.5,0.1,0.0,0.5,10,1.0
pg5_1,23,10,0.05,0.0,0.5,0.05,0.0,0.5,10,1.0
pg5_1,24,10,0.35,0.0,2.5,0.35,0.0,2.5,10,1.0
pg5_1,25,10,0.1,0.0,0.5,0.1,0.0,0.5,10,1.0
pg5_1,26,10,0.25,0.0,1.5,0.25,0.0,1.5,10,1.0
pg5_1,27,10,0.15,0.0,1.0,0.15,0.0,1.0,10,1.0
pg5_1,28,10,0.0,0.0,0.0,0.0,0.0,0.0,10,1.0
pg5_1,29,10,0.15,0.0,0.5,0.15,0.0,0.5,10,1.0
pg5_1,30,10,0.45,0.0,3.0,0.45,0.0,3.0,10,1.0
pg5_1,31,10,0.32360679774997897,0.0,2.23606797749979,0.32360679774997897,0.0,2.23606797749979,10,1.0
pg5_1,32,10,0.25,0.0,1.0,0.25,0.0,1.0,10,1.0
pg5_1,33,10,0.1,0.0,0.5,0.1,0.0,0.5,10,1.0
pg5_1,34,10,0.15,0.0,0.5,0.15,0.0,0.5,10,1.0
pg5_1,35,10,0.27071067811865474,0.25,0.7071067811865476,0.27071067811865474,0.25,0.7071067811865476,10,1.0
pg5_1,36,10,0.2788245611270737,0.0,1.5811388300841898,0.2788245611270737,0.0,1.5811388300841898,10,1.0
pg5_1,37,10,0.27071067811865474,0.0,1.0,0.27071067811865474,0.0,1.0,10,1.0
pg5_1,38,10,0.2618033988749895,0.0,1.118033988749895,0.2618033988749895,0.0,1.118033988749895,10,1.0
pg5_1,39,10,0.27071067811865474,0.25,0.7071067811865476,0.27071067811865474,0.25,0.7071067811865476,10,1.0
pg5_1,40,10,0.27071067811865474,0.25,0.7071067811865476,0.27071067811865474,0.25,0.7071067811865476,10,1.0
pg5_1,41,10,0.15,0.0,0.5,0.15,0.0,0.5,10,1.0
pg5_1,42,10,0.24142135623730948,0.0,0.7071067811865476,0.24142135623730948,0.0,0.7071067811865476,10,1.0
pg5_1,43,10,0.6732044591746993,0.0,5.024937810560445,0.6732044591746993,0.0,5.024937810560445,10,1.0
pg5_1,44,10,1.2340770846134703,0.5,9.340770846134703,1.2340770846134703,0.5,9.340770846134703,10,1.0
pg5_1,45,10,0.2618033988749895,0.0,1.118033988749895,0.2618033988749895,0.0,1.118033988749895,10,1.0
pg5_1,46,10,0.358113883008419,0.25,1.5811388300841898,0.358113883008419,0.25,1.5811388300841898,10,1.0
pg5_1,47,10,0.5,0.0,3.0,0.5,0.0,3.0,10,1.0
pg5_1,48,10,0.3118033988749895,0.25,1.118033988749895,0.3118033988749895,0.25,1.118033988749895,10,1.0
pg5_1,49,10,0.3207106781186547,0.5,0.7071067811865476,0.3207106781186547,0.5,0.7071067811865476,10,1.0
pg5_1,50,10,0.17071067811865476,0.0,0.7071067811865476,0.17071067811865476,0.0,0.7071067811865476,10,1.0
pg5_1,51,10,0.453224755112299,0.5,1.118033988749895,0.453224755112299,0.5,1.118033988749895,10,1.0
pg5_1,52,10,0.308113883008419,0.0,1.5811388300841898,0.308113883008419,0.0,1.5811388300841898,10,1.0
pg5_1,53,10,0.37071067811865477,0.5,1.0,0.37071067811865477,0.5,1.0,10,1.0
pg5_1,54,10,0.3207106781186547,0.25,1.0,0.3207106781186547,0.25,1.0,10,1.0
pg5_1,55,10,0.15,0.0,1.0,0.15,0.0,1.0,10,1.0
pg5_1,56,10,0.4199172818834085,0.25,1.5811388300841898,0.4199172818834085,0.25,1.5811388300841898,10,1.0
pg5_1,57,10,0.353224755112299,0.0,1.118033988749895,0.353224755112299,0.0,1.118033988749895,10,1.0
pg5_1,58,10,0.4325140769936443,0.5,1.118033988749895,0.4325140769936443,0.5,1.118033988749895,10,1.0
pg5_1,59,10,0.6035533905932737,0.5,1.5,0.6035533905932737,0.5,1.5,10,1.0
pg5_1,60,10,0.4121320343559642,0.5,1.4142135623730951,0.4121320343559642,0.5,1.4142135623730951,10,1.0
pg5_1,61,10,0.408113883008419,0.25,1.5811388300841898,0.408113883008419,0.25,1.5811388300841898,10,1.0
pg5_1,62,10,0.5202459173643833,0.5,1.5811388300841898,0.5202459173643833,0.5,1.5811388300841898,10,1.0
pg5_1,63,10,0.358113883008419,0.25,1.5811388300841898,0.358113883008419,0.25,1.5811388300841898,10,1.0
pg5_1,64,10,0.47393543323095366,0.5,1.4142135623730951,0.47393543323095366,0.5,1.4142135623730951,10,1.0
pg5_1,65,10,0.458113883008419,0.5,1.5811388300841898,0.458113883008419,0.5,1.5811388300841898,10,1.0
pg5_1,66,10,0.558113883008419,0.5,2.0,0.558113883008419,0.5,2.0,10,1.0
pg5_1,67,10,0.621698920010509,0.5,1.8027756377319946,0.621698920010509,0.5,1.8027756377319946,10,1.0
pg5_1,68,10,0.731720680758398,0.75,2.0,0.731720680758398,0.75,2.0,10,1.0
pg5_1,69,10,0.7438527151143622,0.6035533905932737,1.5811388300841898,0.7438527151143622,0.6035533905932737,1.5811388300841898,10,1.0
pg5_1,70,10,0.6239354332309537,0.5,2.1213203435596424,0.6239354332309537,0.5,2.1213203435596424,10,1.0
pg5_1,71,10,0.6616672736016928,0.5,2.1213203435596424,0.6616672736016928,0.5,2.1213203435596424,10,1.0
pg5_1,72,10,0.8906279600020632,0.6035533905932737,2.5,0.8906279600020632,0.6035533905932737,2.5,10,1.0
pg5_1,73,10,0.532842712474619,0.5,2.1213203435596424,0.532842712474619,0.5,2.1213203435596424,10,1.0
pg5_1,74,10,0.540956595483038,0.25,2.1213203435596424,0.540956595483038,0.25,2.1213203435596424,10,1.0
pg5_1,75,10,0.8422227488678011,0.7071067811865476,2.1213203435596424,0.8422227488678011,0.7071067811865476,2.1213203435596424,10,1.0
pg5_1,76,10,0.5946461113496084,0.5,2.1213203435596424,0.5946461113496084,0.5,2.1213203435596424,10,1.0
pg5_1,77,10,0.6820493162393727,0.5,2.1213203435596424,0.6820493162393727,0.5,2.1213203435596424,10,1.0
pg5_1,78,10,0.6535533905932738,0.6035533905932737,2.1213203435596424,0.6535533905932738,0.6035533905932737,2.1213203435596424,10,1.0
pg5_1,79,10,0.6199172818834084,0.5,1.5811388300841898,0.6199172818834084,0.5,1.5811388300841898,10,1.0
pg5_1,80,10,0.8697811566101118,0.6035533905932737,2.1213203435596424,0.8697811566101118,0.6035533905932737,2.1213203435596424,10,1.0
pg5_1,81,10,0.7702459173643833,0.6035533905932737,1.5811388300841898,0.7702459173643833,0.6035533905932737,1.5811388300841898,10,1.0
pg5_1,82,10,1.0197811566101116,0.7071067811865476,2.1213203435596424,1.0197811566101116,0.7071067811865476,2.1213203435596424,10,1.0
pg5_1,83,10,0.8086373641460017,0.8535533905932737,1.8027756377319946,0.8086373641460017,0.8535533905932737,1.8027756377319946,10,1.0
pg5_1,84,10,0.8783598003728024,0.6035533905932737,1.5811388300841898,0.8783598003728024,0.6035533905932737,1.5811388300841898,10,1.0
pg5_1,85,10,0.9137699969977706,0.8090169943749475,2.23606797749979,0.9137699969977706,0.8090169943749475,2.23606797749979,10,1.0
pg5_1,86,10,1.0888642039311351,1.1035533905932737,2.23606797749979,1.0888642039311351,1.1035533905932737,2.23606797749979,10,1.0
pg5_1,87,10,0.8320493162393726,0.6035533905932737,1.5811388300841898,0.8320493162393726,0.6035533905932737,1.5811388300841898,10,1.0
pg5_1,88,10,0.807184361499876,0.7071067811865476,1.5811388300841898,0.807184361499876,0.7071067811865476,1.5811388300841898,10,1.0
pg5_1,89,10,1.1577914733579557,0.7071067811865476,2.692582403567252,1.1577914733579557,0.7071067811865476,2.692582403567252,10,1.0
pg5_1,90,10,0.819452521129137,0.5,3.1622776601683795,0.819452521129137,0.5,3.1622776601683795,10,1.0
pg5_1,91,10,0.669452521129137,0.6035533905932737,1.5811388300841898,0.669452521129137,0.6035533905932737,1.5811388300841898,10,1.0
pg5_1,92,10,0.4854101966249685,0.25,1.118033988749895,0.4854101966249685,0.25,1.118033988749895,10,1.0
pg5_1,93,10,0.711338638120718,0.6035533905932737,1.5811388300841898,0.711338638120718,0.6035533905932737,1.5811388300841898,10,1.0
pg5_1,94,10,0.6406279600020632,0.5,1.5811388300841898,0.6406279600020632,0.5,1.5811388300841898,10,1.0
pg5_1,95,10,0.7618033988749895,1.0,1.5,0.7618033988749895,1.0,1.5,10,1.0
pg5_1,96,10,0.8901631992477916,0.8090169943749475,2.1213203435596424,0.8901631992477916,0.8090169943749475,2.1213203435596424,10,1.0
pg5_1,97,10,0.7524313588770528,0.6035533905932737,1.5811388300841898,0.7524313588770528,0.6035533905932737,1.5811388300841898,10,1.0
pg5_10,2,10,4.642567777084379,4.85849528301415,7.106335201775948,4.642567777084379,4.85849528301415,7.106335201775948,10,1.0
pg5_10,3,10,0.3414213562373095,0.0,1.4142135623730951,0.3414213562373095,0.0,1.4142135623730951,10,1.0
pg5_10,4,10,0.17071067811865476,0.0,0.7071067811865476,0.17071067811865476,0.0,0.7071067811865476,10,1.0
pg5_10,5,10,0.1,0.0,0.5,0.1,0.0,0.5,10,1.0
pg5_10,6,10,0.05,0.0,0.5,0.05,0.0,0.5,10,1.0
pg5_10,7,10,0.0,0.0,0.0,0.0,0.0,0.0,10,1.0
pg5_10,8,10,0.15,0.0,0.5,0.15,0.0,0.5,10,1.0
pg5_10,9,10,0.1,0.0,0.5,0.1,0.0,0.5,10,1.0
pg5_10,10,10,0.2,0.0,0.5,0.2,0.0,0.5,10,1.0
pg5_10,11,10,0.05,0.0,0.5,0.05,0.0,0.5,10,1.0
pg5_10,12,10,0.05,0.0,0.5,0.05,0.0,0.5,10,1.0
pg5_10,13,10,0.1118033988749895,0.0,1.118033988749895,0.1118033988749895,0.0,1.118033988749895,10,1.0
pg5_10,14,10,0.0,0.0,0.0,0.0,0.0,0.0,10,1.0
pg5_10,15,10,0.05,0.0,0.5,0.05,0.0,0.5,10,1.0
pg5_10,16,10,0.05,0.0,0.5,0.05,0.0,0.5,10,1.0
pg5_10,17,10,0.15,0.0,0.5,0.15,0.0,0.5,10,1.0
pg5_10,18,10,0.05,0.0,0.5,0.05,0.0,0.5,10,1.0
pg5_10,19,10,0.05,0.0,0.5,0.05,0.0,0.5,10,1.0
pg5_10,20,10,0.0,0.0,0.0,0.0,0.0,0.0,10,1.0
pg5_10,21,10,0.0,0.0,0.0,0.0,0.0,0.0,10,1.0
pg5_10,22,10,0.31622776601683794,0.0,3.1622776601683795,0.31622776601683794,0.0,3.1622776601683795,10,1.0
pg5_10,23,10,0.12071067811865474,0.0,0.7071067811865476,0.12071067811865474,0.0,0.7071067811865476,10,1.0
pg5_10,24,10,0.32360679774997897,0.0,2.23606797749979,0.32360679774997897,0.0,2.23606797749979,10,1.0
pg5_10,25,10,0.1,0.0,0.5,0.1,0.0,0.5,10,1.0
pg5_10,26,10,0.07071067811865475,0.0,0.7071067811865476,0.07071067811865475,0.0,0.7071067811865476,10,1.0
pg5_10,27,10,0.07071067811865475,0.0,0.7071067811865476,0.07071067811865475,0.0,0.7071067811865476,10,1.0
pg5_10,28,10,0.208113883008419,0.0,1.5811388300841898,0.208113883008419,0.0,1.5811388300841898,10,1.0
pg5_10,29,10,0.12071067811865474,0.0,0.7071067811865476,0.12071067811865474,0.0,0.7071067811865476,10,1.0
pg5_10,30,10,0.358113883008419,0.25,1.5811388300841898,0.358113883008419,0.25,1.5811388300841898,10,1.0
pg5_10,31,10,0.4061552812808831,0.25,2.0615528128088303,0.4061552812808831,0.25,2.0615528128088303,10,1.0
pg5_10,32,10,0.12071067811865474,0.0,0.7071067811865476,0.12071067811865474,0.0,0.7071067811865476,10,1.0
pg5_10,33,10,0.4061552812808831,0.25,2.0615528128088303,0.4061552812808831,0.25,2.0615528128088303,10,1.0
pg5_10,34,10,0.12071067811865474,0.0,0.7071067811865476,0.12071067811865474,0.0,0.7071067811865476,10,1.0
pg5_10,35,10,0.16180339887498948,0.0,1.118033988749895,0.16180339887498948,0.0,1.118033988749895,10,1.0
pg5_10,36,10,0.1,0.0,0.5,0.1,0.0,0.5,10,1.0
pg5_10,37,10,0.15,0.0,0.5,0.15,0.0,0.5,10,1.0
pg5_10,38,10,0.17071067811865476,0.0,0.7071067811865476,0.17071067811865476,0.0,0.7071067811865476,10,1.0
pg5_10,39,10,0.19142135623730952,0.0,0.7071067811865476,0.19142135623730952,0.0,0.7071067811865476,10,1.0
pg5_10,40,10,0.20615528128088303,0.0,2.0615528128088303,0.20615528128088303,0.0,2.0615528128088303,10,1.0
pg5_10,41,10,0.25,0.25,0.5,0.25,0.25,0.5,10,1.0
pg5_10,42,10,0.3118033988749895,0.0,1.118033988749895,0.3118033988749895,0.0,1.118033988749895,10,1.0
pg5_10,43,10,0.15,0.0,0.5,0.15,0.0,0.5,10,1.0
pg5_10,44,10,0.25,0.25,0.5,0.25,0.25,0.5,10,1.0
pg5_10,45,10,0.15,0.0,1.0,0.15,0.0,1.0,10,1.0
pg5_10,46,10,0.3621320343559643,0.25,1.0,0.3621320343559643,0.25,1.0,10,1.0
pg5_10,47,10,0.1414213562373095,0.0,0.7071067811865476,0.1414213562373095,0.0,0.7071067811865476,10,1.0
pg5_10,48,10,0.7922482977080956,0.5,4.301162633521313,0.7922482977080956,0.5,4.301162633521313,10,1.0
pg5_10,49,10,0.31213203435596426,0.25,0.7071067811865476,0.31213203435596426,0.25,0.7071067811865476,10,1.0
pg5_10,50,10,0.36180339887498947,0.5,1.118033988749895,0.36180339887498947,0.5,1.118033988749895,10,1.0
pg5_10,51,10,0.4414213562373095,0.5,0.7071067811865476,0.4414213562373095,0.5,0.7071067811865476,10,1.0
pg5_10,52,10,0.32882456112707376,0.0,1.5811388300841898,0.32882456112707376,0.0,1.5811388300841898,10,1.0
pg5_10,53,10,0.6591021249002732,0.5,1.8027756377319946,0.6591021249002732,0.5,1.8027756377319946,10,1.0
pg5_10,54,10,1.0238768882709854,0.5,6.324555320336759,1.0238768882709854,0.5,6.324555320336759,10,1.0
pg5_10,55,10,0.7650281539872885,0.6035533905932737,2.5,0.7650281539872885,0.6035533905932737,2.5,10,1.0
pg5_10,56,10,0.5707106781186548,0.5,2.0,0.5707106781186548,0.5,2.0,10,1.0
pg5_10,57,10,0.511338638120718,0.5,1.5811388300841898,0.511338638120718,0.5,1.5811388300841898,10,1.0
pg5_10,58,10,0.4325140769936443,0.5,1.118033988749895,0.4325140769936443,0.5,1.118033988749895,10,1.0
pg5_10,59,10,0.5788245611270737,0.5,1.5811388300841898,0.5788245611270737,0.5,1.5811388300841898,10,1.0
pg5_10,60,10,0.503224755112299,0.5,1.5,0.503224755112299,0.5,1.5,10,1.0
pg5_10,61,10,0.4739354332309538,0.5,1.118033988749895,0.4739354332309538,0.5,1.118033988749895,10,1.0
pg5_10,62,10,0.4995352392457285,0.5,1.5811388300841898,0.4995352392457285,0.5,1.5811388300841898,10,1.0
pg5_10,63,10,0.3325140769936442,0.25,1.118033988749895,0.3325140769936442,0.25,1.118033988749895,10,1.0
pg5_10,64,10,0.36213203435596425,0.5,0.7071067811865476,0.36213203435596425,0.5,0.7071067811865476,10,1.0
pg5_10,65,10,0.2825140769936442,0.0,1.118033988749895,0.2825140769936442,0.0,1.118033988749895,10,1.0
pg5_10,66,10,0.5532247551122991,0.5,1.118033988749895,0.5532247551122991,0.5,1.118033988749895,10,1.0
pg5_10,67,10,0.553224755112299,0.5,2.0,0.553224755112299,0.5,2.0,10,1.0
pg5_10,68,10,0.5443174758686338,0.5,1.5,0.5443174758686338,0.5,1.5,10,1.0
pg5_10,69,10,0.5618033988749895,0.25,1.5,0.5618033988749895,0.25,1.5,10,1.0
pg5_10,70,10,0.5618033988749895,0.5,1.5,0.5618033988749895,0.5,1.5,10,1.0
pg5_10,71,10,0.5914213562373095,0.5,1.5,0.5914213562373095,0.5,1.5,10,1.0
pg5_10,72,10,0.731720680758398,0.8090169943749475,1.5811388300841898,0.731720680758398,0.8090169943749475,1.5811388300841898,10,1.0
pg5_10,73,10,0.7150281539872886,0.7071067811865476,1.5,0.7150281539872886,0.7071067811865476,1.5,10,1.0
pg5_10,74,10,0.5495352392457284,0.5,1.5811388300841898,0.5495352392457284,0.5,1.5811388300841898,10,1.0
pg5_10,75,10,0.5618033988749895,0.5,1.5,0.5618033988749895,0.5,1.5,10,1.0
pg5_10,76,10,0.8453057177604879,0.8535533905932737,2.0,0.8453057177604879,0.8535533905932737,2.0,10,1.0
pg5_10,77,10,0.8268315528622778,0.6035533905932737,2.23606797749979,0.8268315528622778,0.6035533905932737,2.23606797749979,10,1.0
pg5_10,78,10,0.7475766375181925,0.7071067811865476,2.0615528128088303,0.7475766375181925,0.7071067811865476,2.0615528128088303,10,1.0
pg5_10,79,10,0.8909565954830381,0.8535533905932737,2.0,0.8909565954830381,0.8535533905932737,2.0,10,1.0
pg5_10,80,10,0.7943174758686338,0.8535533905932737,2.0,0.7943174758686338,0.8535533905932737,2.0,10,1.0
pg5_10,81,10,0.7915654779058515,1.0,2.0615528128088303,0.7915654779058515,1.0,2.0615528128088303,10,1.0
pg5_10,82,10,0.8121320343559641,0.6035533905932737,2.0,0.8121320343559641,0.6035533905932737,2.0,10,1.0
pg5_10,83,10,0.9829868341431609,1.0590169943749475,2.0615528128088303,0.9829868341431609,1.0590169943749475,2.0615528128088303,10,1.0
pg5_10,84,10,0.9443174758686338,1.0,2.0,0.9443174758686338,1.0,2.0,10,1.0
pg5_10,85,10,0.9943174758686337,1.118033988749895,2.0,0.9943174758686337,1.118033988749895,2.0,10,1.0
pg5_10,86,10,0.9264011986452664,1.0,2.0615528128088303,0.9264011986452664,1.0,2.0615528128088303,10,1.0
pg5_10,87,10,0.8866716564380372,0.8090169943749475,2.5495097567963922,0.8866716564380372,0.8090169943749475,2.5495097567963922,10,1.0
pg5_10,88,10,0.8699172818834086,0.75,2.0,0.8699172818834086,0.75,2.0,10,1.0
pg5_10,89,10,0.9467832412829462,0.9125703849682212,2.0615528128088303,0.9467832412829462,0.9125703849682212,2.0615528128088303,10,1.0
pg5_10,90,10,0.858113883008419,0.5,2.0,0.858113883008419,0.5,2.0,10,1.0
pg5_10,91,10,0.8317206807583979,1.0590169943749475,2.0,0.8317206807583979,1.0590169943749475,2.0,10,1.0
pg5_10,92,10,1.0017342169625856,0.8535533905932737,2.5495097567963922,1.0017342169625856,0.8535533905932737,2.5495097567963922,10,1.0
pg5_10,93,10,0.8817206807583979,0.8090169943749475,2.0,0.8817206807583979,0.8090169943749475,2.0,10,1.0
pg5_10,94,10,0.9317206807583981,1.0590169943749475,2.0,0.9317206807583981,1.0590169943749475,2.0,10,1.0
pg5_10,95,10,0.761338638120718,0.7071067811865476,2.0,0.761338638120718,0.7071067811865476,2.0,10,1.0
pg5_10,96,10,0.742080962648189,0.5,2.0,0.742080962648189,0.5,2.0,10,1.0
pg5_10,97,10,0.767493919401601,0.6035533905932737,2.0615528128088303,0.767493919401601,0.6035533905932737,2.0615528128088303,10,1.0
pg5_11,2,10,4.964136382791894,4.663381397337373,6.800735254367722,4.964136382791894,4.663381397337373,6.800735254367722,10,1.0
pg5_11,3,10,0.25615528128088305,0.0,2.0615528128088303,0.25615528128088305,0.0,2.0615528128088303,10,1.0
pg5_11,4,10,0.1,0.0,1.0,0.1,0.0,1.0,10,1.0
pg5_11,5,10,0.0,0.0,0.0,0.0,0.0,0.0,10,1.0
pg5_11,6,10,0.05,0.0,0.5,0.05,0.0,0.5,10,1.0
pg5_11,7,10,0.05,0.0,0.5,0.05,0.0,0.5,10,1.0
pg5_11,8,10,0.1,0.0,1.0,0.1,0.0,1.0,10,1.0
pg5_11,9,10,0.0,0.0,0.0,0.0,0.0,0.0,10,1.0
pg5_11,10,10,0.0,0.0,0.0,0.0,0.0,0.0,10,1.0
pg5_11,11,10,0.05,0.0,0.5,0.05,0.0,0.5,10,1.0
pg5_11,12,10,0.0,0.0,0.0,0.0,0.0,0.0,10,1.0
pg5_11,13,10,0.0,0.0,0.0,0.0,0.0,0.0,10,1.0
pg5_11,14,10,0.0,0.0,0.0,0.0,0.0,0.0,10,1.0
pg5_11,15,10,0.0,0.0,0.0,0.0,0.0,0.0,10,1.0
pg5_11,16,10,0.05,0.0,0.5,0.05,0.0,0.5,10,1.0
pg5_11,17,10,0.0,0.0,0.0,0.0,0.0,0.0,10,1.0
pg5_11,18,10,0.0,0.0,0.0,0.0,0.0,0.0,10,1.0
pg5_11,19,10,0.05,0.0,0.5,0.05,0.0,0.5,10,1.0
pg5_11,20,10,0.0,0.0,0.0,0.0,0.0,0.0,10,1.0
pg5_11,21,10,0.0,0.0,0.0,0.0,0.0,0.0,10,1.0
pg5_11,22,10,0.35,0.0,2.5,0.35,0.0,2.5,10,1.0
pg5_11,23,10,0.1,0.0,1.0,0.1,0.0,1.0,10,1.0
pg5_11,24,10,0.05,0.0,0.5,0.05,0.0,0.5,10,1.0
pg5_11,25,10,0.30615528128088304,0.0,2.0615528128088303,0.30615528128088304,0.0,2.0615528128088303,10,1.0
pg5_11,26,10,0.07071067811865475,0.0,0.7071067811865476,0.07071067811865475,0.0,0.7071067811865476,10,1.0
pg5_11,27,10,0.2,0.0,0.5,0.2,0.0,0.5,10,1.0
pg5_11,28,10,0.05,0.0,0.5,0.05,0.0,0.5,10,1.0
pg5_11,29,10,0.0,0.0,0.0,0.0,0.0,0.0,10,1.0
pg5_11,30,10,0.1,0.0,0.5,0.1,0.0,0.5,10,1.0
pg5_11,31,10,0.05,0.0,0.5,0.05,0.0,0.5,10,1.0
pg5_11,32,10,0.17071067811865476,0.0,0.7071067811865476,0.17071067811865476,0.0,0.7071067811865476,10,1.0
pg5_11,33,10,0.07071067811865475,0.0,0.7071067811865476,0.07071067811865475,0.0,0.7071067811865476,10,1.0
pg5_11,34,10,0.4167543745546287,0.0,2.5495097567963922,0.4167543745546287,0.0,2.5495097567963922,10,1.0
pg5_11,35,10,0.0,0.0,0.0,0.0,0.0,0.0,10,1.0
pg5_11,36,10,0.6277449242648899,0.0,3.0413812651491097,0.6277449242648899,0.0,3.0413812651491097,10,1.0
pg5_11,37,10,0.05,0.0,0.5,0.05,0.0,0.5,10,1.0
pg5_11,38,10,0.1,0.0,1.0,0.1,0.0,1.0,10,1.0
pg5_11,39,10,0.15,0.0,1.0,0.15,0.0,1.0,10,1.0
pg5_11,40,10,0.27071067811865474,0.0,1.0,0.27071067811865474,0.0,1.0,10,1.0
pg5_11,41,10,0.37169892001050897,0.0,1.8027756377319946,0.37169892001050897,0.0,1.8027756377319946,10,1.0
pg5_11,42,10,0.29208096264818895,0.0,1.8027756377319946,0.29208096264818895,0.0,1.8027756377319946,10,1.0
pg5_11,43,10,0.07071067811865475,0.0,0.7071067811865476,0.07071067811865475,0.0,0.7071067811865476,10,1.0
pg5_11,44,10,0.15,0.0,1.0,0.15,0.0,1.0,10,1.0
pg5_11,45,10,0.12071067811865474,0.0,0.7071067811865476,0.12071067811865474,0.0,0.7071067811865476,10,1.0
pg5_11,46,10,0.2118033988749895,0.0,1.118033988749895,0.2118033988749895,0.0,1.118033988749895,10,1.0
pg5_11,47,10,0.19142135623730952,0.0,1.4142135623730951,0.19142135623730952,0.0,1.4142135623730951,10,1.0
pg5_11,48,10,0.358113883008419,0.0,1.5811388300841898,0.358113883008419,0.0,1.5811388300841898,10,1.0
pg5_11,49,10,0.1118033988749895,0.0,1.118033988749895,0.1118033988749895,0.0,1.118033988749895,10,1.0
pg5_11,50,10,0.1,0.0,0.5,0.1,0.0,0.5,10,1.0
pg5_11,51,10,0.1,0.0,0.5,0.1,0.0,0.5,10,1.0
pg5_11,52,10,0.17071067811865476,0.0,0.7071067811865476,0.17071067811865476,0.0,0.7071067811865476,10,1.0
pg5_11,53,10,0.15,0.0,0.5,0.15,0.0,0.5,10,1.0
pg5_11,54,10,0.258113883008419,0.0,1.5811388300841898,0.258113883008419,0.0,1.5811388300841898,10,1.0
pg5_11,55,10,0.32360679774997897,0.0,1.118033988749895,0.32360679774997897,0.0,1.118033988749895,10,1.0
pg5_11,56,10,0.23027756377319947,0.0,1.8027756377319946,0.23027756377319947,0.0,1.8027756377319946,10,1.0
pg5_11,57,10,0.2618033988749895,0.0,1.118033988749895,0.2618033988749895,0.0,1.118033988749895,10,1.0
pg5_11,58,10,0.21213203435596428,0.0,1.4142135623730951,0.21213203435596428,0.0,1.4142135623730951,10,1.0
pg5_11,59,10,0.42169892001050896,0.25,1.8027756377319946,0.42169892001050896,0.25,1.8027756377319946,10,1.0
pg5_11,60,10,0.28027756377319946,0.0,1.8027756377319946,0.28027756377319946,0.0,1.8027756377319946,10,1.0
pg5_11,61,10,0.4009882418918543,0.25,1.8027756377319946,0.4009882418918543,0.25,1.8027756377319946,10,1.0
pg5_11,62,10,0.17071067811865476,0.0,0.7071067811865476,0.17071067811865476,0.0,0.7071067811865476,10,1.0
pg5_11,63,10,0.5414213562373095,0.25,2.0,0.5414213562373095,0.25,2.0,10,1.0
pg5_11,64,10,0.4239354332309538,0.5,1.118033988749895,0.4239354332309538,0.5,1.118033988749895,10,1.0
pg5_11,65,10,0.37169892001050897,0.0,1.8027756377319946,0.37169892001050897,0.0,1.8027756377319946,10,1.0
pg5_11,66,10,0.432842712474619,0.5,1.4142135623730951,0.432842712474619,0.5,1.4142135623730951,10,1.0
pg5_11,67,10,0.44208096264818897,0.25,1.8027756377319946,0.44208096264818897,0.25,1.8027756377319946,10,1.0
pg5_11,68,10,0.4739354332309538,0.5,1.4142135623730951,0.4739354332309538,0.5,1.4142135623730951,10,1.0
pg5_11,69,10,0.5627916407668436,0.5,1.8027756377319946,0.5627916407668436,0.5,1.8027756377319946,10,1.0
pg5_11,70,10,0.30322475511229896,0.0,1.118033988749895,0.30322475511229896,0.0,1.118033988749895,10,1.0
pg5_11,71,10,0.27071067811865474,0.25,0.7071067811865476,0.27071067811865474,0.25,0.7071067811865476,10,1.0
pg5_11,72,10,0.36213203435596425,0.5,0.7071067811865476,0.36213203435596425,0.5,0.7071067811865476,10,1.0
pg5_11,73,10,0.3,0.25,1.0,0.3,0.25,1.0,10,1.0
pg5_11,74,10,0.25,0.25,0.5,0.25,0.25,0.5,10,1.0
pg5_11,75,10,0.27071067811865474,0.0,1.0,0.27071067811865474,0.0,1.0,10,1.0
pg5_11,76,10,0.25,0.0,1.0,0.25,0.0,1.0,10,1.0
pg5_11,77,10,0.3914213562373095,0.25,1.0,0.3914213562373095,0.25,1.0,10,1.0
pg5_11,78,10,0.4207106781186548,0.5,1.0,0.4207106781186548,0.5,1.0,10,1.0
pg5_11,79,10,1.2150281539872885,0.25,7.5,1.2150281539872885,0.25,7.5,10,1.0
pg5_11,80,10,0.7679242736186127,0.5,2.23606797749979,0.7679242736186127,0.5,2.23606797749979,10,1.0
pg5_11,81,10,0.4883914467816185,0.0,1.8027756377319946,0.4883914467816185,0.0,1.8027756377319946,10,1.0
pg5_11,82,10,0.5354101966249685,0.5,2.23606797749979,0.5354101966249685,0.5,2.23606797749979,10,1.0
pg5_11,83,10,0.5260725631642915,0.0,2.0615528128088303,0.5260725631642915,0.0,2.0615528128088303,10,1.0
pg5_11,84,10,0.3914213562373095,0.0,1.5,0.3914213562373095,0.0,1.5,10,1.0
pg5_11,85,10,0.5702459173643832,0.5,1.5811388300841898,0.5702459173643832,0.5,1.5811388300841898,10,1.0
pg5_11,86,10,0.3,0.0,1.0,0.3,0.0,1.0,10,1.0
pg5_11,87,10,0.32882456112707376,0.0,1.5811388300841898,0.32882456112707376,0.0,1.5811388300841898,10,1.0
pg5_11,88,10,0.37071067811865477,0.25,1.5,0.37071067811865477,0.25,1.5,10,1.0
pg5_11,89,10,0.2618033988749895,0.0,1.118033988749895,0.2618033988749895,0.0,1.118033988749895,10,1.0
pg5_11,90,10,0.3,0.5,0.5,0.3,0.5,0.5,10,1.0
pg5_11,91,10,0.17071067811865476,0.0,0.7071067811865476,0.17071067811865476,0.0,0.7071067811865476,10,1.0
pg5_11,92,10,0.37071067811865477,0.5,0.7071067811865476,0.37071067811865477,0.5,0.7071067811865476,10,1.0
pg5_11,93,10,0.22071067811865475,0.0,0.7071067811865476,0.22071067811865475,0.0,0.7071067811865476,10,1.0
pg5_11,94,10,0.17071067811865476,0.0,0.7071067811865476,0.17071067811865476,0.0,0.7071067811865476,10,1.0
pg5_11,95,10,0.17071067811865476,0.0,0.7071067811865476,0.17071067811865476,0.0,0.7071067811865476,10,1.0
pg5_11,96,10,0.24142135623730948,0.0,0.7071067811865476,0.24142135623730948,0.0,0.7071067811865476,10,1.0
pg5_11,97,10,0.12071067811865474,0.0,0.7071067811865476,0.12071067811865474,0.0,0.7071067811865476,10,1.0
pg5_12,2,10,2.8590438012294825,2.995352392457285,4.272001872658765,2.8590438012294825,2.995352392457285,4.272001872658765,10,1.0
pg5_12,3,10,0.05,0.0,0.5,0.05,0.0,0.5,10,1.0
pg5_12,4,10,0.1,0.0,0.5,0.1,0.0,0.5,10,1.0
pg5_12,5,10,0.0,0.0,0.0,0.0,0.0,0.0,10,1.0
pg5_12,6,10,0.1,0.0,0.5,0.1,0.0,0.5,10,1.0
pg5_12,7,10,0.15,0.0,0.5,0.15,0.0,0.5,10,1.0
pg5_12,8,10,0.05,0.0,0.5,0.05,0.0,0.5,10,1.0
pg5_12,9,10,0.1,0.0,0.5,0.1,0.0,0.5,10,1.0
pg5_12,10,10,0.05,0.0,0.5,0.05,0.0,0.5,10,1.0
pg5_12,11,10,0.1,0.0,0.5,0.1,0.0,0.5,10,1.0
pg5_12,12,10,0.0,0.0,0.0,0.0,0.0,0.0,10,1.0
pg5_12,13,10,0.1,0.0,0.5,0.1,0.0,0.5,10,1.0
pg5_12,14,10,0.0,0.0,0.0,0.0,0.0,0.0,10,1.0
pg5_12,15,10,0.05,0.0,0.5,0.05,0.0,0.5,10,1.0
pg5_12,16,10,0.0,0.0,0.0,0.0,0.0,0.0,10,1.0
pg5_12,17,10,0.05,0.0,0.5,0.05,0.0,0.5,10,1.0
pg5_12,18,10,0.0,0.0,0.0,0.0,0.0,0.0,10,1.0
pg5_12,19,10,0.05,0.0,0.5,0.05,0.0,0.5,10,1.0
pg5_12,20,10,0.05,0.0,0.5,0.05,0.0,0.5,10,1.0
pg5_12,21,10,0.05,0.0,0.5,0.05,0.0,0.5,10,1.0
pg5_12,22,10,0.05,0.0,0.5,0.05,0.0,0.5,10,1.0
pg5_12,23,10,0.0,0.0,0.0,0.0,0.0,0.0,10,1.0
pg5_12,24,10,0.0,0.0,0.0,0.0,0.0,0.0,10,1.0
pg5_12,25,10,0.0,0.0,0.0,0.0,0.0,0.0,10,1.0
pg5_12,26,10,0.0,0.0,0.0,0.0,0.0,0.0,10,1.0
pg5_12,27,10,0.0,0.0,0.0,0.0,0.0,0.0,10,1.0
pg5_12,28,10,0.15,0.0,1.0,0.15,0.0,1.0,10,1.0
pg5_12,29,10,0.05,0.0,0.5,0.05,0.0,0.5,10,1.0
pg5_12,30,10,0.0,0.0,0.0,0.0,0.0,0.0,10,1.0
pg5_12,31,10,0.0,0.0,0.0,0.0,0.0,0.0,10,1.0
pg5_12,32,10,0.05,0.0,0.5,0.05,0.0,0.5,10,1.0
pg5_12,33,10,0.05,0.0,0.5,0.05,0.0,0.5,10,1.0
pg5_12,34,10,0.15,0.0,1.0,0.15,0.0,1.0,10,1.0
pg5_12,35,10,0.17071067811865476,0.0,0.7071067811865476,0.17071067811865476,0.0,0.7071067811865476,10,1.0
pg5_12,36,10,0.05,0.0,0.5,0.05,0.0,0.5,10,1.0
pg5_12,37,10,0.258113883008419,0.0,1.5811388300841898,0.258113883008419,0.0,1.5811388300841898,10,1.0
pg5_12,38,10,0.05,0.0,0.5,0.05,0.0,0.5,10,1.0
pg5_12,39,10,0.0,0.0,0.0,0.0,0.0,0.0,10,1.0
pg5_12,40,10,0.17071067811865476,0.0,0.7071067811865476,0.17071067811865476,0.0,0.7071067811865476,10,1.0
pg5_12,41,10,0.05,0.0,0.5,0.05,0.0,0.5,10,1.0
pg5_12,42,10,0.05,0.0,0.5,0.05,0.0,0.5,10,1.0
pg5_12,43,10,0.05,0.0,0.5,0.05,0.0,0.5,10,1.0
pg5_12,44,10,0.05,0.0,0.5,0.05,0.0,0.5,10,1.0
pg5_12,45,10,0.0,0.0,0.0,0.0,0.0,0.0,10,1.0
pg5_12,46,10,0.0,0.0,0.0,0.0,0.0,0.0,10,1.0
pg5_12,47,10,0.1,0.0,0.5,0.1,0.0,0.5,10,1.0
pg5_12,48,10,0.15811388300841897,0.0,1.5811388300841898,0.15811388300841897,0.0,1.5811388300841898,10,1.0
pg5_12,49,10,0.24142135623730948,0.0,1.4142135623730951,0.24142135623730948,0.0,1.4142135623730951,10,1.0
pg5_12,50,10,0.05,0.0,0.5,0.05,0.0,0.5,10,1.0
pg5_12,51,10,0.2,0.0,0.5,0.2,0.0,0.5,10,1.0
pg5_12,52,10,0.16180339887498948,0.0,1.118033988749895,0.16180339887498948,0.0,1.118033988749895,10,1.0
pg5_12,53,10,0.1,0.0,0.5,0.1,0.0,0.5,10,1.0
pg5_12,54,10,0.1,0.0,0.5,0.1,0.0,0.5,10,1.0
pg5_12,55,10,0.15,0.0,0.5,0.15,0.0,0.5,10,1.0
pg5_12,56,10,0.0,0.0,0.0,0.0,0.0,0.0,10,1.0
pg5_12,57,10,0.15,0.0,1.0,0.15,0.0,1.0,10,1.0
pg5_12,58,10,0.2,0.0,1.5,0.2,0.0,1.5,10,1.0
pg5_12,59,10,0.22071067811865475,0.0,1.0,0.22071067811865475,0.0,1.0,10,1.0
pg5_12,60,10,0.342080962648189,0.0,1.8027756377319946,0.342080962648189,0.0,1.8027756377319946,10,1.0
pg5_12,61,10,0.3627916407668437,0.0,1.8027756377319946,0.3627916407668437,0.0,1.8027756377319946,10,1.0
pg5_12,62,10,0.4618033988749895,0.25,2.0,0.4618033988749895,0.25,2.0,10,1.0
pg5_12,63,10,0.4302775637731995,0.0,2.0,0.4302775637731995,0.0,2.0,10,1.0
pg5_12,64,10,0.43296895097957455,0.0,2.9154759474226504,0.43296895097957455,0.0,2.9154759474226504,10,1.0
pg5_12,65,10,0.5810616392317147,0.5,2.692582403567252,0.5810616392317147,0.5,2.692582403567252,10,1.0
pg5_12,66,10,0.6979484467752359,0.0,3.1622776601683795,0.6979484467752359,0.0,3.1622776601683795,10,1.0
pg5_12,67,10,0.4955594827522205,0.0,3.0413812651491097,0.4955594827522205,0.0,3.0413812651491097,10,1.0
pg5_12,68,10,0.4914213562373095,0.0,3.0,0.4914213562373095,0.0,3.0,10,1.0
pg5_12,69,10,0.27071067811865474,0.0,2.0,0.27071067811865474,0.0,2.0,10,1.0
pg5_12,70,10,0.431720680758398,0.0,2.23606797749979,0.431720680758398,0.0,2.23606797749979,10,1.0
pg5_12,71,10,0.16180339887498948,0.0,1.118033988749895,0.16180339887498948,0.0,1.118033988749895,10,1.0
pg5_12,72,10,0.17071067811865476,0.0,0.7071067811865476,0.17071067811865476,0.0,0.7071067811865476,10,1.0
pg5_12,73,10,0.15,0.0,1.0,0.15,0.0,1.0,10,1.0
pg5_12,74,10,0.29142135623730947,0.0,1.4142135623730951,0.29142135623730947,0.0,1.4142135623730951,10,1.0
pg5_12,75,10,0.22071067811865475,0.0,0.7071067811865476,0.22071067811865475,0.0,0.7071067811865476,10,1.0
pg5_12,76,10,0.17071067811865476,0.0,0.7071067811865476,0.17071067811865476,0.0,0.7071067811865476,10,1.0
pg5_12,77,10,0.18027756377319945,0.0,1.8027756377319946,0.18027756377319945,0.0,1.8027756377319946,10,1.0
pg5_12,78,10,0.2118033988749895,0.0,1.118033988749895,0.2118033988749895,0.0,1.118033988749895,10,1.0
pg5_12,79,10,0.1,0.0,0.5,0.1,0.0,0.5,10,1.0
pg5_12,80,10,0.12071067811865474,0.0,0.7071067811865476,0.12071067811865474,0.0,0.7071067811865476,10,1.0
pg5_12,81,10,0.1,0.0,1.0,0.1,0.0,1.0,10,1.0
pg5_12,82,10,0.15,0.0,1.0,0.15,0.0,1.0,10,1.0
pg5_12,83,10,0.07071067811865475,0.0,0.7071067811865476,0.07071067811865475,0.0,0.7071067811865476,10,1.0
pg5_12,84,10,0.1118033988749895,0.0,1.118033988749895,0.1118033988749895,0.0,1.118033988749895,10,1.0
pg5_12,85,10,0.15,0.0,0.5,0.15,0.0,0.5,10,1.0
pg5_12,86,10,0.1,0.0,1.0,0.1,0.0,1.0,10,1.0
pg5_12,87,10,0.05,0.0,0.5,0.05,0.0,0.5,10,1.0
pg5_12,88,10,0.05,0.0,0.5,0.05,0.0,0.5,10,1.0
pg5_12,89,10,0.05,0.0,0.5,0.05,0.0,0.5,10,1.0
pg5_12,90,10,0.05,0.0,0.5,0.05,0.0,0.5,10,1.0
pg5_12,91,10,0.0,0.0,0.0,0.0,0.0,0.0,10,1.0
pg5_12,92,10,0.0,0.0,0.0,0.0,0.0,0.0,10,1.0
pg5_12,93,10,0.07071067811865475,0.0,0.7071067811865476,0.07071067811865475,0.0,0.7071067811865476,10,1.0
pg5_12,94,10,0.07071067811865475,0.0,0.7071067811865476,0.07071067811865475,0.0,0.7071067811865476,10,1.0
pg5_12,95,10,0.05,0.0,0.5,0.05,0.0,0.5,10,1.0
pg5_12,96,10,0.0,0.0,0.0,0.0,0.0,0.0,10,1.0
pg5_12,97,10,0.0,0.0,0.0,0.0,0.0,0.0,10,1.0
pg5_2,2,10,3.6353616687930397,3.75,6.020797289396148,3.6353616687930397,3.75,6.020797289396148,10,1.0
pg5_2,3,10,0.6449747468305833,0.25,3.5355339059327378,0.6449747468305833,0.25,3.5355339059327378,10,1.0
pg5_2,4,10,0.4,0.0,2.0,0.4,0.0,2.0,10,1.0
pg5_2,5,10,0.1,0.0,1.0,0.1,0.0,1.0,10,1.0
pg5_2,6,10,0.2118033988749895,0.0,1.118033988749895,0.2118033988749895,0.0,1.118033988749895,10,1.0
pg5_2,7,10,0.07071067811865475,0.0,0.7071067811865476,0.07071067811865475,0.0,0.7071067811865476,10,1.0
pg5_2,8,10,0.1,0.0,0.5,0.1,0.0,0.5,10,1.0
pg5_2,9,10,0.05,0.0,0.5,0.05,0.0,0.5,10,1.0
pg5_2,10,10,0.17071067811865476,0.0,0.7071067811865476,0.17071067811865476,0.0,0.7071067811865476,10,1.0
pg5_2,11,10,0.05,0.0,0.5,0.05,0.0,0.5,10,1.0
pg5_2,12,10,0.0,0.0,0.0,0.0,0.0,0.0,10,1.0
pg5_2,13,10,0.1,0.0,0.5,0.1,0.0,0.5,10,1.0
pg5_2,14,10,0.05,0.0,0.5,0.05,0.0,0.5,10,1.0
pg5_2,15,10,0.1,0.0,0.5,0.1,0.0,0.5,10,1.0
pg5_2,16,10,0.22071067811865475,0.0,1.0,0.22071067811865475,0.0,1.0,10,1.0
pg5_2,17,10,0.35413812651491094,0.0,3.0413812651491097,0.35413812651491094,0.0,3.0413812651491097,10,1.0
pg5_2,18,10,0.2,0.0,0.5,0.2,0.0,0.5,10,1.0
pg5_2,19,10,0.15811388300841897,0.0,1.5811388300841898,0.15811388300841897,0.0,1.5811388300841898,10,1.0
pg5_2,20,10,0.0,0.0,0.0,0.0,0.0,0.0,10,1.0
pg5_2,21,10,0.16180339887498948,0.0,1.118033988749895,0.16180339887498948,0.0,1.118033988749895,10,1.0
pg5_2,22,10,0.15,0.0,0.5,0.15,0.0,0.5,10,1.0
pg5_2,23,10,0.15,0.0,1.0,0.15,0.0,1.0,10,1.0
pg5_2,24,10,0.1,0.0,0.5,0.1,0.0,0.5,10,1.0
pg5_2,25,10,0.36180339887498947,0.25,1.118033988749895,0.36180339887498947,0.25,1.118033988749895,10,1.0
pg5_2,26,10,0.12071067811865474,0.0,0.7071067811865476,0.12071067811865474,0.0,0.7071067811865476,10,1.0
pg5_2,27,10,0.0,0.0,0.0,0.0,0.0,0.0,10,1.0
pg5_2,28,10,0.2618033988749895,0.0,1.118033988749895,0.2618033988749895,0.0,1.118033988749895,10,1.0
pg5_2,29,10,0.208113883008419,0.0,1.5811388300841898,0.208113883008419,0.0,1.5811388300841898,10,1.0
pg5_2,30,10,0.6385164807134504,0.0,2.692582403567252,0.6385164807134504,0.0,2.692582403567252,10,1.0
pg5_2,31,10,0.2618033988749895,0.0,1.118033988749895,0.2618033988749895,0.0,1.118033988749895,10,1.0
pg5_2,32,10,0.15,0.0,0.5,0.15,0.0,0.5,10,1.0
pg5_2,33,10,0.5622582728609198,0.5,2.9154759474226504,0.5622582728609198,0.5,2.9154759474226504,10,1.0
pg5_2,34,10,0.24142135623730948,0.0,0.7071067811865476,0.24142135623730948,0.0,0.7071067811865476,10,1.0
pg5_2,35,10,0.3914213562373095,0.5,0.7071067811865476,0.3914213562373095,0.5,0.7071067811865476,10,1.0
pg5_2,36,10,0.2118033988749895,0.0,1.118033988749895,0.2118033988749895,0.0,1.118033988749895,10,1.0
pg5_2,37,10,0.4,0.5,0.5,0.4,0.5,0.5,10,1.0
pg5_2,38,10,0.458113883008419,0.25,1.5811388300841898,0.458113883008419,0.25,1.5811388300841898,10,1.0
pg5_2,39,10,0.32360679774997897,0.0,1.118033988749895,0.32360679774997897,0.0,1.118033988749895,10,1.0
pg5_2,40,10,0.4207106781186548,0.5,1.0,0.4207106781186548,0.5,1.0,10,1.0
pg5_2,41,10,0.68996891847538,0.5,2.692582403567252,0.68996891847538,0.5,2.692582403567252,10,1.0
pg5_2,42,10,0.55,0.25,2.0,0.55,0.25,2.0,10,1.0
pg5_2,43,10,0.7268659593995378,0.5,2.0615528128088303,0.7268659593995378,0.5,2.0615528128088303,10,1.0
pg5_2,44,10,0.737875962039281,0.5,2.0615528128088303,0.737875962039281,0.5,2.0615528128088303,10,1.0
pg5_2,45,10,0.6325140769936443,0.5,2.0,0.6325140769936443,0.5,2.0,10,1.0
pg5_2,46,10,0.6618033988749895,0.5,1.118033988749895,0.6618033988749895,0.5,1.118033988749895,10,1.0
pg5_2,47,10,0.8699172818834086,0.75,2.0,0.8699172818834086,0.75,2.0,10,1.0
pg5_2,48,10,0.6667543745546287,0.5,2.5495097567963922,0.6667543745546287,0.5,2.5495097567963922,10,1.0
pg5_2,49,10,0.8231420369957074,0.8535533905932737,1.5811388300841898,0.8231420369957074,0.8535533905932737,1.5811388300841898,10,1.0
pg5_2,50,10,0.929762079030862,1.0590169943749475,2.0615528128088303,0.929762079030862,1.0590169943749475,2.0615528128088303,10,1.0
pg5_2,51,10,0.7199172818834085,0.5,2.0,0.7199172818834085,0.5,2.0,10,1.0
pg5_2,52,10,0.787875962039281,0.75,2.0615528128088303,0.787875962039281,0.75,2.0615528128088303,10,1.0
pg5_2,53,10,1.143069204540043,1.0590169943749475,2.0,1.143069204540043,1.0590169943749475,2.0,10,1.0
pg5_2,54,10,1.4205667966739932,1.7807764064044151,2.692582403567252,1.4205667966739932,1.7807764064044151,2.692582403567252,10,1.0
pg5_2,55,10,1.3148371760384276,1.3495864094170424,2.692582403567252,1.3148371760384276,1.3495864094170424,2.692582403567252,10,1.0
pg5_2,56,10,1.3056529850230238,1.540569415042095,2.5495097567963922,1.3056529850230238,1.540569415042095,2.5495097567963922,10,1.0
pg5_2,57,10,1.4863023121661498,1.540569415042095,4.272001872658765,1.4863023121661498,1.540569415042095,4.272001872658765,10,1.0
pg5_2,58,10,1.8293053146718357,1.790569415042095,4.123105625617661,1.8293053146718357,1.790569415042095,4.123105625617661,10,1.0
pg5_2,59,10,2.4236392416875097,1.6919572339080922,9.17877987534291,2.4236392416875097,1.6919572339080922,9.17877987534291,10,1.0
pg5_2,60,10,1.3856027068326466,1.266123775561495,3.5355339059327378,1.3856027068326466,1.266123775561495,3.5355339059327378,10,1.0
pg5_2,61,10,1.2209673715587819,0.8535533905932737,2.5495097567963922,1.2209673715587819,0.8535533905932737,2.5495097567963922,10,1.0
pg5_2,62,10,1.0938527151143622,1.0606601717798214,2.5,1.0938527151143622,1.0606601717798214,2.5,10,1.0
pg5_2,63,10,1.3365360960489368,1.0590169943749475,2.692582403567252,1.3365360960489368,1.0590169943749475,2.692582403567252,10,1.0
pg5_2,64,10,0.9156877603981679,0.75,2.23606797749979,0.9156877603981679,0.75,2.23606797749979,10,1.0
pg5_2,65,10,1.1363984385168227,1.0,2.23606797749979,1.1363984385168227,1.0,2.23606797749979,10,1.0
pg5_2,66,10,1.1645633932330168,1.25,2.23606797749979,1.1645633932330168,1.25,2.23606797749979,10,1.0
pg5_2,67,10,1.1735325202602014,0.7071067811865476,2.5495097567963922,1.1735325202602014,0.7071067811865476,2.5495097567963922,10,1.0
pg5_2,68,10,1.0771601883432527,0.7071067811865476,2.23606797749979,1.0771601883432527,0.7071067811865476,2.23606797749979,10,1.0
pg5_2,69,10,1.1771601883432528,0.8535533905932737,2.23606797749979,1.1771601883432528,0.8535533905932737,2.23606797749979,10,1.0
pg5_2,70,10,1.3089152756389104,1.3495864094170424,2.1213203435596424,1.3089152756389104,1.3495864094170424,2.1213203435596424,10,1.0
pg5_2,71,10,1.4062140016641944,1.5811388300841898,2.5,1.4062140016641944,1.5811388300841898,2.5,10,1.0
pg5_2,72,10,1.3877398367659841,1.540569415042095,2.1213203435596424,1.3877398367659841,1.540569415042095,2.1213203435596424,10,1.0
pg5_2,73,10,1.270440763020991,1.540569415042095,2.5,1.270440763020991,1.540569415042095,2.5,10,1.0
pg5_2,74,10,1.2904918347287664,1.290569415042095,2.1213203435596424,1.2904918347287664,1.290569415042095,2.1213203435596424,10,1.0
pg5_2,75,10,1.2955349699543557,1.5,2.0615528128088303,1.2955349699543557,1.5,2.0615528128088303,10,1.0
pg5_2,76,10,1.378359800372802,1.290569415042095,2.5,1.378359800372802,1.290569415042095,2.5,10,1.0
pg5_2,77,10,1.3110524055722483,1.540569415042095,2.0615528128088303,1.3110524055722483,1.540569415042095,2.0615528128088303,10,1.0
pg5_2,78,10,1.328752619086226,1.118033988749895,2.5495097567963922,1.328752619086226,1.118033988749895,2.5495097567963922,10,1.0
pg5_2,79,10,1.313537615837575,1.3090169943749475,2.5495097567963922,1.313537615837575,1.3090169943749475,2.5495097567963922,10,1.0
pg5_2,80,10,1.3006676028061246,1.118033988749895,2.5,1.3006676028061246,1.118033988749895,2.5,10,1.0
pg5_2,81,10,1.1585866401579357,1.118033988749895,2.0615528128088303,1.1585866401579357,1.118033988749895,2.0615528128088303,10,1.0
pg5_2,82,10,1.16446400994591,1.3495864094170424,2.5,1.16446400994591,1.3495864094170424,2.5,10,1.0
pg5_2,83,10,1.1048971242913652,1.0590169943749475,2.0615528128088303,1.1048971242913652,1.0590169943749475,2.0615528128088303,10,1.0
pg5_2,84,10,0.9748682575630477,0.8090169943749475,2.5495097567963922,0.9748682575630477,0.8090169943749475,2.5495097567963922,10,1.0
pg5_2,85,10,1.231023538843931,1.3495864094170424,2.5495097567963922,1.231023538843931,1.3495864094170424,2.5495097567963922,10,1.0
pg5_2,86,10,1.2443174758686337,1.118033988749895,2.5,1.2443174758686337,1.118033988749895,2.5,10,1.0
pg5_2,87,10,1.2017342169625855,1.3090169943749475,2.5495097567963922,1.2017342169625855,1.3090169943749475,2.5495097567963922,10,1.0
pg5_2,88,10,1.192592054168185,1.0590169943749475,3.8078865529319543,1.192592054168185,1.0590169943749475,3.8078865529319543,10,1.0
pg5_2,89,10,1.3997756152350493,1.0,4.123105625617661,1.3997756152350493,1.0,4.123105625617661,10,1.0
pg5_2,90,10,1.4978160137863434,1.3090169943749475,2.692582403567252,1.4978160137863434,1.3090169943749475,2.692582403567252,10,1.0
pg5_2,91,10,1.348571309633806,1.3090169943749475,2.5495097567963922,1.348571309633806,1.3090169943749475,2.5495097567963922,10,1.0
pg5_2,92,10,1.3333107760524416,1.2071067811865475,3.1622776601683795,1.3333107760524416,1.2071067811865475,3.1622776601683795,10,1.0
pg5_2,93,10,1.2793544724884154,1.3495864094170424,2.5495097567963922,1.2793544724884154,1.3495864094170424,2.5495097567963922,10,1.0
pg5_2,94,10,1.2202464822485795,1.25,2.692582403567252,1.2202464822485795,1.25,2.692582403567252,10,1.0
pg5_2,95,10,1.464416580702927,1.3495864094170424,3.0413812651491097,1.464416580702927,1.3495864094170424,3.0413812651491097,10,1.0
pg5_2,96,10,1.1433722017934809,1.0,2.692582403567252,1.1433722017934809,1.0,2.692582403567252,10,1.0
pg5_2,97,10,1.4470782690935526,1.3090169943749475,3.8078865529319543,1.4470782690935526,1.3090169943749475,3.8078865529319543,10,1.0
pg5_3,2,10,3.153605326225029,3.1622776601683795,4.6097722286464435,3.153605326225029,3.1622776601683795,4.6097722286464435,10,1.0
pg5_3,3,10,0.4707106781186548,0.0,3.0,0.4707106781186548,0.0,3.0,10,1.0
pg5_3,4,10,0.15,0.0,1.0,0.15,0.0,1.0,10,1.0
pg5_3,5,10,0.15,0.0,0.5,0.15,0.0,0.5,10,1.0
pg5_3,6,10,0.1914213562373095,0.0,0.7071067811865476,0.1914213562373095,0.0,0.7071067811865476,10,1.0
pg5_3,7,10,0.1,0.0,0.5,0.1,0.0,0.5,10,1.0
pg5_3,8,10,0.05,0.0,0.5,0.05,0.0,0.5,10,1.0
pg5_3,9,10,0.05,0.0,0.5,0.05,0.0,0.5,10,1.0
pg5_3,10,10,0.05,0.0,0.5,0.05,0.0,0.5,10,1.0
pg5_3,11,10,0.07071067811865475,0.0,0.7071067811865476,0.07071067811865475,0.0,0.7071067811865476,10,1.0
pg5_3,12,10,0.12071067811865474,0.0,0.7071067811865476,0.12071067811865474,0.0,0.7071067811865476,10,1.0
pg5_3,13,10,0.12071067811865474,0.0,0.7071067811865476,0.12071067811865474,0.0,0.7071067811865476,10,1.0
pg5_3,14,10,0.0,0.0,0.0,0.0,0.0,0.0,10,1.0
pg5_3,15,10,0.05,0.0,0.5,0.05,0.0,0.5,10,1.0
pg5_3,16,10,0.05,0.0,0.5,0.05,0.0,0.5,10,1.0
pg5_3,17,10,0.19142135623730952,0.0,1.4142135623730951,0.19142135623730952,0.0,1.4142135623730951,10,1.0
pg5_3,18,10,0.18027756377319945,0.0,1.8027756377319946,0.18027756377319945,0.0,1.8027756377319946,10,1.0
pg5_3,19,10,0.05,0.0,0.5,0.05,0.0,0.5,10,1.0
pg5_3,20,10,0.1,0.0,0.5,0.1,0.0,0.5,10,1.0
pg5_3,21,10,0.0,0.0,0.0,0.0,0.0,0.0,10,1.0
pg5_3,22,10,0.05,0.0,0.5,0.05,0.0,0.5,10,1.0
pg5_3,23,10,0.05,0.0,0.5,0.05,0.0,0.5,10,1.0
pg5_3,24,10,0.05,0.0,0.5,0.05,0.0,0.5,10,1.0
pg5_3,25,10,0.2692582403567252,0.0,2.692582403567252,0.2692582403567252,0.0,2.692582403567252,10,1.0
pg5_3,26,10,0.05,0.0,0.5,0.05,0.0,0.5,10,1.0
pg5_3,27,10,0.208113883008419,0.0,1.5811388300841898,0.208113883008419,0.0,1.5811388300841898,10,1.0
pg5_3,28,10,0.1,0.0,0.5,0.1,0.0,0.5,10,1.0
pg5_3,29,10,0.05,0.0,0.5,0.05,0.0,0.5,10,1.0
pg5_3,30,10,0.15,0.0,0.5,0.15,0.0,0.5,10,1.0
pg5_3,31,10,0.258113883008419,0.0,1.5811388300841898,0.258113883008419,0.0,1.5811388300841898,10,1.0
pg5_3,32,10,0.05,0.0,0.5,0.05,0.0,0.5,10,1.0
pg5_3,33,10,0.3802775637731995,0.0,1.8027756377319946,0.3802775637731995,0.0,1.8027756377319946,10,1.0
pg5_3,34,10,0.15,0.0,0.5,0.15,0.0,0.5,10,1.0
pg5_3,35,10,0.2,0.0,0.5,0.2,0.0,0.5,10,1.0
pg5_3,36,10,0.24142135623730948,0.0,0.7071067811865476,0.24142135623730948,0.0,0.7071067811865476,10,1.0
pg5_3,37,10,0.4854101966249685,0.25,2.23606797749979,0.4854101966249685,0.25,2.23606797749979,10,1.0
pg5_3,38,10,0.22071067811865475,0.0,1.0,0.22071067811865475,0.0,1.0,10,1.0
pg5_3,39,10,0.1,0.0,0.5,0.1,0.0,0.5,10,1.0
pg5_3,40,10,0.29142135623730947,0.0,1.0,0.29142135623730947,0.0,1.0,10,1.0
pg5_3,41,10,0.2,0.0,0.5,0.2,0.0,0.5,10,1.0
pg5_3,42,10,0.1,0.0,0.5,0.1,0.0,0.5,10,1.0
pg5_3,43,10,0.15,0.0,0.5,0.15,0.0,0.5,10,1.0
pg5_3,44,10,0.25,0.0,1.0,0.25,0.0,1.0,10,1.0
pg5_3,45,10,0.15,0.0,0.5,0.15,0.0,0.5,10,1.0
pg5_3,46,10,0.15,0.0,1.0,0.15,0.0,1.0,10,1.0
pg5_3,47,10,0.3207106781186547,0.25,1.0,0.3207106781186547,0.25,1.0,10,1.0
pg5_3,48,10,0.1,0.0,0.5,0.1,0.0,0.5,10,1.0
pg5_3,49,10,0.22071067811865475,0.0,0.7071067811865476,0.22071067811865475,0.0,0.7071067811865476,10,1.0
pg5_3,50,10,0.2,0.0,0.5,0.2,0.0,0.5,10,1.0
pg5_3,51,10,0.17071067811865476,0.0,0.7071067811865476,0.17071067811865476,0.0,0.7071067811865476,10,1.0
pg5_3,52,10,0.15,0.0,0.5,0.15,0.0,0.5,10,1.0
pg5_3,53,10,0.2,0.0,0.5,0.2,0.0,0.5,10,1.0
pg5_3,54,10,0.3207106781186547,0.5,0.7071067811865476,0.3207106781186547,0.5,0.7071067811865476,10,1.0
pg5_3,55,10,0.2,0.0,0.5,0.2,0.0,0.5,10,1.0
pg5_3,56,10,0.22071067811865475,0.0,0.7071067811865476,0.22071067811865475,0.0,0.7071067811865476,10,1.0
pg5_3,57,10,0.1,0.0,0.5,0.1,0.0,0.5,10,1.0
pg5_3,58,10,0.3207106781186547,0.5,0.7071067811865476,0.3207106781186547,0.5,0.7071067811865476,10,1.0
pg5_3,59,10,0.37360679774997896,0.25,1.118033988749895,0.37360679774997896,0.25,1.118033988749895,10,1.0
pg5_3,60,10,0.12071067811865474,0.0,0.7071067811865476,0.12071067811865474,0.0,0.7071067811865476,10,1.0
pg5_3,61,10,0.29142135623730947,0.0,1.0,0.29142135623730947,0.0,1.0,10,1.0
pg5_3,62,10,0.3207106781186547,0.5,0.7071067811865476,0.3207106781186547,0.5,0.7071067811865476,10,1.0
pg5_3,63,10,0.36180339887498947,0.5,1.118033988749895,0.36180339887498947,0.5,1.118033988749895,10,1.0
pg5_3,64,10,0.27071067811865474,0.25,0.7071067811865476,0.27071067811865474,0.25,0.7071067811865476,10,1.0
pg5_3,65,10,0.36213203435596425,0.25,1.0,0.36213203435596425,0.25,1.0,10,1.0
pg5_3,66,10,0.3,0.5,0.5,0.3,0.5,0.5,10,1.0
pg5_3,67,10,0.37071067811865477,0.5,0.7071067811865476,0.37071067811865477,0.5,0.7071067811865476,10,1.0
pg5_3,68,10,0.5035533905932739,0.6035533905932737,0.7071067811865476,0.5035533905932739,0.6035533905932737,0.7071067811865476,10,1.0
pg5_3,69,10,0.4414213562373095,0.5,0.7071067811865476,0.4414213562373095,0.5,0.7071067811865476,10,1.0
pg5_3,70,10,0.453224755112299,0.5,1.118033988749895,0.453224755112299,0.5,1.118033988749895,10,1.0
pg5_3,71,10,0.4443174758686338,0.5,1.118033988749895,0.4443174758686338,0.5,1.118033988749895,10,1.0
pg5_3,72,10,0.5495352392457284,0.5,1.5811388300841898,0.5495352392457284,0.5,1.5811388300841898,10,1.0
pg5_3,73,10,0.611338638120718,0.5,1.5811388300841898,0.611338638120718,0.5,1.5811388300841898,10,1.0
pg5_3,74,10,0.4768659593995378,0.5,2.0615528128088303,0.4768659593995378,0.5,2.0615528128088303,10,1.0
pg5_3,75,10,0.47024591736438326,0.5,1.5811388300841898,0.47024591736438326,0.5,1.5811388300841898,10,1.0
pg5_3,76,10,0.5495352392457284,0.5,1.5811388300841898,0.5495352392457284,0.5,1.5811388300841898,10,1.0
pg5_3,77,10,0.531720680758398,0.5,1.5811388300841898,0.531720680758398,0.5,1.5811388300841898,10,1.0
pg5_3,78,10,0.7542129970041532,0.7071067811865476,1.8027756377319946,0.7542129970041532,0.7071067811865476,1.8027756377319946,10,1.0
pg5_3,79,10,0.5288245611270737,0.25,1.5811388300841898,0.5288245611270737,0.25,1.5811388300841898,10,1.0
pg5_3,80,10,0.6825140769936443,0.5,2.5,0.6825140769936443,0.5,2.5,10,1.0
pg5_3,81,10,0.7150281539872886,0.7071067811865476,2.23606797749979,0.7150281539872886,0.7071067811865476,2.23606797749979,10,1.0
pg5_3,82,10,0.8027599943580274,0.8535533905932737,2.1213203435596424,0.8027599943580274,0.8535533905932737,2.1213203435596424,10,1.0
pg5_3,83,10,0.9032247551122989,0.8090169943749475,2.5,0.9032247551122989,0.8090169943749475,2.5,10,1.0
pg5_3,84,10,0.7325140769936442,0.6035533905932737,2.5,0.7325140769936442,0.6035533905932737,2.5,10,1.0
pg5_3,85,10,2.5253134657034444,1.0590169943749475,11.543396380615196,2.5253134657034444,1.0590169943749475,11.543396380615196,10,1.0
pg5_3,86,10,0.5825140769936443,0.5,2.5,0.5825140769936443,0.5,2.5,10,1.0
pg5_3,87,10,0.6354101966249684,0.5,2.23606797749979,0.6354101966249684,0.5,2.23606797749979,10,1.0
pg5_3,88,10,0.6946461113496085,0.6035533905932737,2.1213203435596424,0.6946461113496085,0.6035533905932737,2.1213203435596424,10,1.0
pg5_3,89,10,0.5618033988749895,0.25,2.5,0.5618033988749895,0.25,2.5,10,1.0
pg5_3,90,10,0.8422227488678011,0.7071067811865476,2.1213203435596424,0.8422227488678011,0.7071067811865476,2.1213203435596424,10,1.0
pg5_3,91,10,0.8415475947422649,0.5,2.9154759474226504,0.8415475947422649,0.5,2.9154759474226504,10,1.0
pg5_3,92,10,0.8937630096216214,0.5,3.2015621187164243,0.8937630096216214,0.5,3.2015621187164243,10,1.0
pg5_3,93,10,0.7821755547443283,0.6035533905932737,2.9154759474226504,0.7821755547443283,0.6035533905932737,2.9154759474226504,10,1.0
pg5_3,94,10,0.9443174758686338,0.8535533905932737,2.5,0.9443174758686338,0.8535533905932737,2.5,10,1.0
pg5_3,95,10,1.0423662234021474,0.3535533905932738,3.8078865529319543,1.0423662234021474,0.3535533905932738,3.8078865529319543,10,1.0
pg5_3,96,10,0.8491967169964125,0.5,2.9154759474226504,0.8491967169964125,0.5,2.9154759474226504,10,1.0
pg5_3,97,10,0.8414213562373096,0.5,2.5,0.8414213562373096,0.5,2.5,10,1.0
pg5_5,2,10,5.728897877108201,5.4605151899754825,7.5,5.728897877108201,5.4605151899754825,7.5,10,1.0
pg5_5,3,10,0.23027756377319947,0.0,1.8027756377319946,0.23027756377319947,0.0,1.8027756377319946,10,1.0
pg5_5,4,10,0.1,0.0,0.5,0.1,0.0,0.5,10,1.0
pg5_5,5,10,0.2118033988749895,0.0,1.118033988749895,0.2118033988749895,0.0,1.118033988749895,10,1.0
pg5_5,6,10,0.2618033988749895,0.0,1.118033988749895,0.2618033988749895,0.0,1.118033988749895,10,1.0
pg5_5,7,10,0.1,0.0,0.5,0.1,0.0,0.5,10,1.0
pg5_5,8,10,0.22071067811865475,0.0,0.7071067811865476,0.22071067811865475,0.0,0.7071067811865476,10,1.0
pg5_5,9,10,0.05,0.0,0.5,0.05,0.0,0.5,10,1.0
pg5_5,10,10,0.1,0.0,0.5,0.1,0.0,0.5,10,1.0
pg5_5,11,10,0.1,0.0,0.5,0.1,0.0,0.5,10,1.0
pg5_5,12,10,0.0,0.0,0.0,0.0,0.0,0.0,10,1.0
pg5_5,13,10,0.1,0.0,0.5,0.1,0.0,0.5,10,1.0
pg5_5,14,10,0.0,0.0,0.0,0.0,0.0,0.0,10,1.0
pg5_5,15,10,0.15,0.0,0.5,0.15,0.0,0.5,10,1.0
pg5_5,16,10,0.1,0.0,0.5,0.1,0.0,0.5,10,1.0
pg5_5,17,10,0.17071067811865476,0.0,0.7071067811865476,0.17071067811865476,0.0,0.7071067811865476,10,1.0
pg5_5,18,10,0.05,0.0,0.5,0.05,0.0,0.5,10,1.0
pg5_5,19,10,0.19142135623730952,0.0,1.4142135623730951,0.19142135623730952,0.0,1.4142135623730951,10,1.0
pg5_5,20,10,0.05,0.0,0.5,0.05,0.0,0.5,10,1.0
pg5_5,21,10,0.17071067811865476,0.0,0.7071067811865476,0.17071067811865476,0.0,0.7071067811865476,10,1.0
pg5_5,22,10,0.3995352392457285,0.25,1.5811388300841898,0.3995352392457285,0.25,1.5811388300841898,10,1.0
pg5_5,23,10,0.3207106781186547,0.0,1.5,0.3207106781186547,0.0,1.5,10,1.0
pg5_5,24,10,0.25322475511229897,0.0,1.118033988749895,0.25322475511229897,0.0,1.118033988749895,10,1.0
pg5_5,25,10,0.4325140769936443,0.5,1.118033988749895,0.4325140769936443,0.5,1.118033988749895,10,1.0
pg5_5,26,10,0.17071067811865476,0.0,0.7071067811865476,0.17071067811865476,0.0,0.7071067811865476,10,1.0
pg5_5,27,10,0.2118033988749895,0.0,1.118033988749895,0.2118033988749895,0.0,1.118033988749895,10,1.0
pg5_5,28,10,0.1,0.0,0.5,0.1,0.0,0.5,10,1.0
pg5_5,29,10,0.17071067811865476,0.0,0.7071067811865476,0.17071067811865476,0.0,0.7071067811865476,10,1.0
pg5_5,30,10,0.1,0.0,0.5,0.1,0.0,0.5,10,1.0
pg5_5,31,10,0.17071067811865476,0.0,0.7071067811865476,0.17071067811865476,0.0,0.7071067811865476,10,1.0
pg5_5,32,10,0.2,0.0,0.5,0.2,0.0,0.5,10,1.0
pg5_5,33,10,0.2,0.0,1.0,0.2,0.0,1.0,10,1.0
pg5_5,34,10,0.2118033988749895,0.0,1.118033988749895,0.2118033988749895,0.0,1.118033988749895,10,1.0
pg5_5,35,10,0.15,0.0,0.5,0.15,0.0,0.5,10,1.0
pg5_5,36,10,0.562310562561766,0.0,4.123105625617661,0.562310562561766,0.0,4.123105625617661,10,1.0
pg5_5,37,10,0.15,0.0,0.5,0.15,0.0,0.5,10,1.0
pg5_5,38,10,0.24142135623730948,0.0,0.7071067811865476,0.24142135623730948,0.0,0.7071067811865476,10,1.0
pg5_5,39,10,0.30098824189185425,0.0,1.8027756377319946,0.30098824189185425,0.0,1.8027756377319946,10,1.0
pg5_5,40,10,0.29142135623730947,0.0,1.4142135623730951,0.29142135623730947,0.0,1.4142135623730951,10,1.0
pg5_5,41,10,0.30098824189185425,0.0,1.8027756377319946,0.30098824189185425,0.0,1.8027756377319946,10,1.0
pg5_5,42,10,0.4288245611270737,0.5,1.5811388300841898,0.4288245611270737,0.5,1.5811388300841898,10,1.0
pg5_5,43,10,0.4302775637731995,0.25,1.8027756377319946,0.4302775637731995,0.25,1.8027756377319946,10,1.0
pg5_5,44,10,0.27071067811865474,0.0,1.5,0.27071067811865474,0.0,1.5,10,1.0
pg5_5,45,10,0.4121320343559642,0.5,1.4142135623730951,0.4121320343559642,0.5,1.4142135623730951,10,1.0
pg5_5,46,10,0.2943174758686337,0.0,2.23606797749979,0.2943174758686337,0.0,2.23606797749979,10,1.0
pg5_5,47,10,0.32882456112707376,0.0,1.5811388300841898,0.32882456112707376,0.0,1.5811388300841898,10,1.0
pg5_5,48,10,0.4,0.25,2.0,0.4,0.25,2.0,10,1.0
pg5_5,49,10,0.4825140769936443,0.5,1.5,0.4825140769936443,0.5,1.5,10,1.0
pg5_5,50,10,0.35,0.0,2.0,0.35,0.0,2.0,10,1.0
pg5_5,51,10,0.35,0.0,2.0,0.35,0.0,2.0,10,1.0
pg5_5,52,10,0.37071067811865477,0.25,1.5,0.37071067811865477,0.25,1.5,10,1.0
pg5_5,53,10,0.4118033988749895,0.0,2.0,0.4118033988749895,0.0,2.0,10,1.0
pg5_5,54,10,0.3,0.0,1.5,0.3,0.0,1.5,10,1.0
pg5_5,55,10,0.4621320343559643,0.25,2.0,0.4621320343559643,0.25,2.0,10,1.0
pg5_5,56,10,0.6653567894682633,0.0,2.8284271247461903,0.6653567894682633,0.0,2.8284271247461903,10,1.0
pg5_5,57,10,0.8263667921080066,0.8090169943749475,2.8284271247461903,0.8263667921080066,0.8090169943749475,2.8284271247461903,10,1.0
pg5_5,58,10,0.6820493162393728,0.25,2.1213203435596424,0.6820493162393728,0.25,2.1213203435596424,10,1.0
pg5_5,59,10,0.8418941133868263,0.7071067811865476,2.0615528128088303,0.8418941133868263,0.7071067811865476,2.0615528128088303,10,1.0
pg5_5,60,10,0.629762079030862,0.25,2.0615528128088303,0.629762079030862,0.25,2.0615528128088303,10,1.0
pg5_5,61,10,0.6302775637731994,0.5,1.8027756377319946,0.6302775637731994,0.5,1.8027756377319946,10,1.0
pg5_5,62,10,0.6800907145118368,0.5,2.0615528128088303,0.6800907145118368,0.5,2.0615528128088303,10,1.0
pg5_5,63,10,0.5943174758686338,0.5,2.0,0.5943174758686338,0.5,2.0,10,1.0
pg5_5,64,10,0.5320493162393728,0.6035533905932737,1.5811388300841898,0.5320493162393728,0.6035533905932737,1.5811388300841898,10,1.0
pg5_5,65,10,0.5943174758686338,0.5,2.0,0.5943174758686338,0.5,2.0,10,1.0
pg5_5,66,10,0.553224755112299,0.6035533905932737,1.5,0.553224755112299,0.6035533905932737,1.5,10,1.0
pg5_5,67,10,0.44062796000206317,0.25,1.5811388300841898,0.44062796000206317,0.25,1.5811388300841898,10,1.0
pg5_5,68,10,0.8422227488678009,0.7071067811865476,2.1213203435596424,0.8422227488678009,0.7071067811865476,2.1213203435596424,10,1.0
pg5_5,69,10,0.7778542012913919,0.5,2.0615528128088303,0.7778542012913919,0.5,2.0615528128088303,10,1.0
pg5_5,70,10,0.579812803018928,0.3535533905932738,1.8027756377319946,0.579812803018928,0.3535533905932738,1.8027756377319946,10,1.0
pg5_5,71,10,0.559380036393182,0.25,2.0615528128088303,0.559380036393182,0.25,2.0615528128088303,10,1.0
pg5_5,72,10,0.7622761560245063,0.8535533905932737,2.0615528128088303,0.7622761560245063,0.8535533905932737,2.0615528128088303,10,1.0
pg5_5,73,10,0.6504727571495168,0.25,2.23606797749979,0.6504727571495168,0.25,2.23606797749979,10,1.0
pg5_5,74,10,0.658113883008419,0.5,2.5,0.658113883008419,0.5,2.5,10,1.0
pg5_5,75,10,0.9251022033286096,0.8535533905932737,2.0615528128088303,0.9251022033286096,0.8535533905932737,2.0615528128088303,10,1.0
pg5_5,76,10,0.7886349517372675,0.5,2.23606797749979,0.7886349517372675,0.5,2.23606797749979,10,1.0
pg5_5,77,10,0.7804193499928116,0.6035533905932737,2.1213203435596424,0.7804193499928116,0.6035533905932737,2.1213203435596424,10,1.0
pg5_5,78,10,0.8516379626418065,1.0,2.23606797749979,0.8516379626418065,1.0,2.23606797749979,10,1.0
pg5_5,79,10,0.7668348778749177,0.25,2.692582403567252,0.7668348778749177,0.25,2.692582403567252,10,1.0
pg5_5,80,10,0.7485648794100468,0.6035533905932737,2.0615528128088303,0.7485648794100468,0.6035533905932737,2.0615528128088303,10,1.0
pg5_5,81,10,0.7689469220477267,0.6035533905932737,2.0615528128088303,0.7689469220477267,0.6035533905932737,2.0615528128088303,10,1.0
pg5_5,82,10,0.8600903667921275,0.7071067811865476,1.8027756377319946,0.8600903667921275,0.7071067811865476,1.8027756377319946,10,1.0
pg5_5,83,10,0.8906279600020632,0.6035533905932737,2.5,0.8906279600020632,0.6035533905932737,2.5,10,1.0
pg5_5,84,10,0.804541632485128,0.25,2.1213203435596424,0.804541632485128,0.25,2.1213203435596424,10,1.0
pg5_5,85,10,0.892222748867801,0.75,2.1213203435596424,0.892222748867801,0.75,2.1213203435596424,10,1.0
pg5_5,86,10,0.815685424949238,0.75,2.1213203435596424,0.815685424949238,0.75,2.1213203435596424,10,1.0
pg5_5,87,10,0.768669010554818,0.5,1.8027756377319946,0.768669010554818,0.5,1.8027756377319946,10,1.0
pg5_5,88,10,0.8838309543664732,0.7071067811865476,2.5,0.8838309543664732,0.7071067811865476,2.5,10,1.0
pg5_5,89,10,0.9485304728727868,0.9125703849682212,2.23606797749979,0.9485304728727868,0.9125703849682212,2.23606797749979,10,1.0
pg5_5,90,10,0.8021027222886639,0.25,2.9154759474226504,0.8021027222886639,0.25,2.9154759474226504,10,1.0
pg5_5,91,10,1.1243903072168842,0.8535533905932737,2.9154759474226504,1.1243903072168842,0.8535533905932737,2.9154759474226504,10,1.0
pg5_5,92,10,1.0993145483313023,0.9125703849682212,2.692582403567252,1.0993145483313023,0.9125703849682212,2.692582403567252,10,1.0
pg5_5,93,10,1.0386349517372675,0.7071067811865476,2.5,1.0386349517372675,0.7071067811865476,2.5,10,1.0
pg5_5,94,10,0.9682529090995875,0.6035533905932737,2.5,0.9682529090995875,0.6035533905932737,2.5,10,1.0
pg5_5,95,10,1.177615062329183,1.0590169943749475,2.9154759474226504,1.177615062329183,1.0590169943749475,2.9154759474226504,10,1.0
pg5_5,96,10,1.0653492381488519,0.8090169943749475,2.9154759474226504,1.0653492381488519,0.8090169943749475,2.9154759474226504,10,1.0
pg5_5,97,10,1.0846150298249886,0.6035533905932737,2.8284271247461903,1.0846150298249886,0.6035533905932737,2.8284271247461903,10,1.0
pg5_6,2,10,3.9570404855569508,4.061552812808831,5.385164807134504,3.9570404855569508,4.061552812808831,5.385164807134504,10,1.0
pg5_6,3,10,0.5899689184753799,0.25,2.692582403567252,0.5899689184753799,0.25,2.692582403567252,10,1.0
pg5_6,4,10,0.12071067811865474,0.0,0.7071067811865476,0.12071067811865474,0.0,0.7071067811865476,10,1.0
pg5_6,5,10,0.25,0.25,0.5,0.25,0.25,0.5,10,1.0
pg5_6,6,10,0.25,0.25,0.5,0.25,0.25,0.5,10,1.0
pg5_6,7,10,0.1414213562373095,0.0,0.7071067811865476,0.1414213562373095,0.0,0.7071067811865476,10,1.0
pg5_6,8,10,0.1,0.0,0.5,0.1,0.0,0.5,10,1.0
pg5_6,9,10,0.15,0.0,0.5,0.15,0.0,0.5,10,1.0
pg5_6,10,10,0.05,0.0,0.5,0.05,0.0,0.5,10,1.0
pg5_6,11,10,0.15,0.0,0.5,0.15,0.0,0.5,10,1.0
pg5_6,12,10,0.1,0.0,0.5,0.1,0.0,0.5,10,1.0
pg5_6,13,10,0.1,0.0,0.5,0.1,0.0,0.5,10,1.0
pg5_6,14,10,0.07071067811865475,0.0,0.7071067811865476,0.07071067811865475,0.0,0.7071067811865476,10,1.0
pg5_6,15,10,0.0,0.0,0.0,0.0,0.0,0.0,10,1.0
pg5_6,16,10,0.07071067811865475,0.0,0.7071067811865476,0.07071067811865475,0.0,0.7071067811865476,10,1.0
pg5_6,17,10,0.1,0.0,0.5,0.1,0.0,0.5,10,1.0
pg5_6,18,10,0.0,0.0,0.0,0.0,0.0,0.0,10,1.0
pg5_6,19,10,0.1,0.0,1.0,0.1,0.0,1.0,10,1.0
pg5_6,20,10,0.2,0.0,0.5,0.2,0.0,0.5,10,1.0
pg5_6,21,10,0.15,0.0,1.0,0.15,0.0,1.0,10,1.0
pg5_6,22,10,0.0,0.0,0.0,0.0,0.0,0.0,10,1.0
pg5_6,23,10,0.15,0.0,0.5,0.15,0.0,0.5,10,1.0
pg5_6,24,10,0.05,0.0,0.5,0.05,0.0,0.5,10,1.0
pg5_6,25,10,0.05,0.0,0.5,0.05,0.0,0.5,10,1.0
pg5_6,26,10,0.19142135623730952,0.0,1.4142135623730951,0.19142135623730952,0.0,1.4142135623730951,10,1.0
pg5_6,27,10,0.46535678946826325,0.0,3.5355339059327378,0.46535678946826325,0.0,3.5355339059327378,10,1.0
pg5_6,28,10,0.1,0.0,0.5,0.1,0.0,0.5,10,1.0
pg5_6,29,10,0.2,0.0,0.5,0.2,0.0,0.5,10,1.0
pg5_6,30,10,0.12071067811865474,0.0,0.7071067811865476,0.12071067811865474,0.0,0.7071067811865476,10,1.0
pg5_6,31,10,0.4869384441354928,0.25,1.5811388300841898,0.4869384441354928,0.25,1.5811388300841898,10,1.0
pg5_6,32,10,0.1,0.0,0.5,0.1,0.0,0.5,10,1.0
pg5_6,33,10,0.22071067811865475,0.0,0.7071067811865476,0.22071067811865475,0.0,0.7071067811865476,10,1.0
pg5_6,34,10,0.1,0.0,0.5,0.1,0.0,0.5,10,1.0
pg5_6,35,10,0.05,0.0,0.5,0.05,0.0,0.5,10,1.0
pg5_6,36,10,0.25,0.0,1.0,0.25,0.0,1.0,10,1.0
pg5_6,37,10,0.2,0.0,1.0,0.2,0.0,1.0,10,1.0
pg5_6,38,10,1.7164177307401496,0.5,12.041594578792296,1.7164177307401496,0.5,12.041594578792296,10,1.0
pg5_6,39,10,0.4207106781186548,0.5,1.5,0.4207106781186548,0.5,1.5,10,1.0
pg5_6,40,10,0.611577568108952,0.5,3.2015621187164243,0.611577568108952,0.5,3.2015621187164243,10,1.0
pg5_6,41,10,0.35,0.5,1.0,0.35,0.5,1.0,10,1.0
pg5_6,42,10,0.35,0.5,1.0,0.35,0.5,1.0,10,1.0
pg5_6,43,10,0.5443174758686338,0.5,1.118033988749895,0.5443174758686338,0.5,1.118033988749895,10,1.0
pg5_6,44,10,0.38251407699364426,0.25,1.118033988749895,0.38251407699364426,0.25,1.118033988749895,10,1.0
pg5_6,45,10,0.36180339887498947,0.25,1.118033988749895,0.36180339887498947,0.25,1.118033988749895,10,1.0
pg5_6,46,10,0.27071067811865474,0.0,1.0,0.27071067811865474,0.0,1.0,10,1.0
pg5_6,47,10,0.531720680758398,0.25,1.5811388300841898,0.531720680758398,0.25,1.5811388300841898,10,1.0
pg5_6,48,10,0.6207106781186548,0.6035533905932737,1.0,0.6207106781186548,0.6035533905932737,1.0,10,1.0
pg5_6,49,10,0.3995352392457285,0.25,1.5811388300841898,0.3995352392457285,0.25,1.5811388300841898,10,1.0
pg5_6,50,10,0.39431747586863375,0.25,1.118033988749895,0.39431747586863375,0.25,1.118033988749895,10,1.0
pg5_6,51,10,0.558113883008419,0.5,1.5811388300841898,0.558113883008419,0.5,1.5811388300841898,10,1.0
pg5_6,52,10,0.6386693582745273,0.5,2.0615528128088303,0.6386693582745273,0.5,2.0615528128088303,10,1.0
pg5_6,53,10,0.7382045975202558,0.7071067811865476,2.0615528128088303,0.7382045975202558,0.7071067811865476,2.0615528128088303,10,1.0
pg5_6,54,10,0.782986834143161,0.7071067811865476,2.0615528128088303,0.782986834143161,0.7071067811865476,2.0615528128088303,10,1.0
pg5_6,55,10,0.9589152756389104,0.8090169943749475,2.0615528128088303,0.9589152756389104,0.8090169943749475,2.0615528128088303,10,1.0
pg5_6,56,10,0.934945435870697,1.0590169943749475,1.5811388300841898,0.934945435870697,1.0590169943749475,1.5811388300841898,10,1.0
pg5_6,57,10,0.8122761560245063,0.6035533905932737,2.0615528128088303,0.8122761560245063,0.6035533905932737,2.0615528128088303,10,1.0
pg5_6,58,10,0.8819155264150058,1.118033988749895,1.8027756377319946,0.8819155264150058,1.118033988749895,1.8027756377319946,10,1.0
pg5_6,59,10,0.626831552862278,0.6035533905932737,1.118033988749895,0.626831552862278,0.6035533905932737,1.118033988749895,10,1.0
pg5_6,60,10,0.6239354332309538,0.6035533905932737,1.118033988749895,0.6239354332309538,0.6035533905932737,1.118033988749895,10,1.0
pg5_6,61,10,0.645305717760488,0.6035533905932737,1.8027756377319946,0.645305717760488,0.6035533905932737,1.8027756377319946,10,1.0
pg5_6,62,10,0.7090169943749475,1.0590169943749475,1.118033988749895,0.7090169943749475,1.0590169943749475,1.118033988749895,10,1.0
pg5_6,63,10,0.8174939194016011,0.6035533905932737,2.0615528128088303,0.8174939194016011,0.6035533905932737,2.0615528128088303,10,1.0
pg5_6,64,10,0.7830212406804208,0.5,2.0615528128088303,0.7830212406804208,0.5,2.0615528128088303,10,1.0
pg5_6,65,10,0.692080962648189,0.5,2.0,0.692080962648189,0.5,2.0,10,1.0
pg5_6,66,10,0.9904416756248967,0.8535533905932737,2.692582403567252,0.9904416756248967,0.8535533905932737,2.692582403567252,10,1.0
pg5_6,67,10,0.9790194067836817,0.9125703849682212,1.8027756377319946,0.9790194067836817,0.9125703849682212,1.8027756377319946,10,1.0
pg5_6,68,10,0.7524313588770528,0.6035533905932737,2.0,0.7524313588770528,0.6035533905932737,2.0,10,1.0
pg5_6,69,10,0.8638044035350305,0.7071067811865476,2.0615528128088303,0.8638044035350305,0.7071067811865476,2.0615528128088303,10,1.0
pg5_6,70,10,0.9068557260189012,0.8535533905932737,1.5811388300841898,0.9068557260189012,0.8535533905932737,1.5811388300841898,10,1.0
pg5_6,71,10,0.850194845656608,0.5,2.0,0.850194845656608,0.5,2.0,10,1.0
pg5_6,72,10,0.9984750553130267,1.0590169943749475,2.5495097567963922,0.9984750553130267,1.0590169943749475,2.5495097567963922,10,1.0
pg5_6,73,10,1.0234706724766822,1.0590169943749475,2.0,1.0234706724766822,1.0590169943749475,2.0,10,1.0
pg5_6,74,10,0.8817206807583979,0.75,2.0,0.8817206807583979,0.75,2.0,10,1.0
pg5_6,75,10,1.0638044035350305,1.2071067811865475,2.0615528128088303,1.0638044035350305,1.2071067811865475,2.0615528128088303,10,1.0
pg5_6,76,10,0.8972135954999579,1.118033988749895,2.0,0.8972135954999579,1.118033988749895,2.0,10,1.0
pg5_6,77,10,0.8341864461727104,0.5,2.0615528128088303,0.8341864461727104,0.5,2.0615528128088303,10,1.0
pg5_6,78,10,0.9731420369957074,0.9125703849682212,2.0,0.9731420369957074,0.9125703849682212,2.0,10,1.0
pg5_6,79,10,0.7548971242913654,0.6035533905932737,2.0615528128088303,0.7548971242913654,0.6035533905932737,2.0615528128088303,10,1.0
pg5_6,80,10,0.8325140769936443,0.8535533905932737,1.5,0.8325140769936443,0.8535533905932737,1.5,10,1.0
pg5_6,81,10,0.9138044035350305,0.7071067811865476,2.0615528128088303,0.9138044035350305,0.7071067811865476,2.0615528128088303,10,1.0
pg5_6,82,10,0.9968450890664655,0.9125703849682212,2.5495097567963922,0.9968450890664655,0.9125703849682212,2.5495097567963922,10,1.0
pg5_6,83,10,0.9056905205266116,0.8535533905932737,2.0615528128088303,0.9056905205266116,0.8535533905932737,2.0615528128088303,10,1.0
pg5_6,84,10,1.0694525211291368,1.0590169943749475,1.5811388300841898,1.0694525211291368,1.0590169943749475,1.5811388300841898,10,1.0
pg5_6,85,10,0.9935240796333875,1.0590169943749475,2.23606797749979,0.9935240796333875,1.0590169943749475,2.23606797749979,10,1.0
pg5_6,86,10,1.0721716771600256,1.118033988749895,2.1213203435596424,1.0721716771600256,1.118033988749895,2.1213203435596424,10,1.0
pg5_6,87,10,1.2642347577520423,1.3090169943749475,2.5,1.2642347577520423,1.3090169943749475,2.5,10,1.0
pg5_6,88,10,0.8335023188854984,0.75,1.8027756377319946,0.8335023188854984,0.75,1.8027756377319946,10,1.0
pg5_6,89,10,0.9199172818834086,0.8090169943749475,2.0,0.9199172818834086,0.8090169943749475,2.0,10,1.0
pg5_6,90,10,1.0123268800125724,0.9125703849682212,2.5,1.0123268800125724,0.9125703849682212,2.5,10,1.0
pg5_6,91,10,1.0038843615231783,1.0590169943749475,2.0,1.0038843615231783,1.0590169943749475,2.0,10,1.0
pg5_6,92,10,1.0820493162393727,0.9125703849682212,2.5,1.0820493162393727,0.9125703849682212,2.5,10,1.0
pg5_6,93,10,1.073606797749979,1.118033988749895,2.0,1.073606797749979,1.118033988749895,2.0,10,1.0
pg5_6,94,10,1.2825564799261495,1.4976761962286425,2.0615528128088303,1.2825564799261495,1.4976761962286425,2.0615528128088303,10,1.0
pg5_6,95,10,1.148741843010482,1.3090169943749475,2.5,1.148741843010482,1.3090169943749475,2.5,10,1.0
pg5_6,96,10,1.337793688154258,1.4571067811865475,2.5495097567963922,1.337793688154258,1.4571067811865475,2.5495097567963922,10,1.0
pg5_6,97,10,1.131720680758398,1.118033988749895,2.5,1.131720680758398,1.118033988749895,2.5,10,1.0
pg5_7,2,10,2.095041028542185,2.060660171779821,5.024937810560445,2.095041028542185,2.060660171779821,5.024937810560445,10,1.0
pg5_7,3,10,0.3207106781186547,0.5,0.7071067811865476,0.3207106781186547,0.5,0.7071067811865476,10,1.0
pg5_7,4,10,0.3621320343559643,0.25,1.4142135623730951,0.3621320343559643,0.25,1.4142135623730951,10,1.0
pg5_7,5,10,0.05,0.0,0.5,0.05,0.0,0.5,10,1.0
pg5_7,6,10,0.12071067811865474,0.0,0.7071067811865476,0.12071067811865474,0.0,0.7071067811865476,10,1.0
pg5_7,7,10,0.15,0.0,0.5,0.15,0.0,0.5,10,1.0
pg5_7,8,10,0.05,0.0,0.5,0.05,0.0,0.5,10,1.0
pg5_7,9,10,0.27071067811865474,0.25,0.7071067811865476,0.27071067811865474,0.25,0.7071067811865476,10,1.0
pg5_7,10,10,0.05,0.0,0.5,0.05,0.0,0.5,10,1.0
pg5_7,11,10,0.05,0.0,0.5,0.05,0.0,0.5,10,1.0
pg5_7,12,10,0.05,0.0,0.5,0.05,0.0,0.5,10,1.0
pg5_7,13,10,0.1,0.0,0.5,0.1,0.0,0.5,10,1.0
pg5_7,14,10,0.05,0.0,0.5,0.05,0.0,0.5,10,1.0
pg5_7,15,10,0.07071067811865475,0.0,0.7071067811865476,0.07071067811865475,0.0,0.7071067811865476,10,1.0
pg5_7,16,10,0.2,0.0,0.5,0.2,0.0,0.5,10,1.0
pg5_7,17,10,0.05,0.0,0.5,0.05,0.0,0.5,10,1.0
pg5_7,18,10,0.0,0.0,0.0,0.0,0.0,0.0,10,1.0
pg5_7,19,10,0.05,0.0,0.5,0.05,0.0,0.5,10,1.0
pg5_7,20,10,0.05,0.0,0.5,0.05,0.0,0.5,10,1.0
pg5_7,21,10,0.05,0.0,0.5,0.05,0.0,0.5,10,1.0
pg5_7,22,10,0.05,0.0,0.5,0.05,0.0,0.5,10,1.0
pg5_7,23,10,0.0,0.0,0.0,0.0,0.0,0.0,10,1.0
pg5_7,24,10,0.07071067811865475,0.0,0.7071067811865476,0.07071067811865475,0.0,0.7071067811865476,10,1.0
pg5_7,25,10,0.0,0.0,0.0,0.0,0.0,0.0,10,1.0
pg5_7,26,10,0.0,0.0,0.0,0.0,0.0,0.0,10,1.0
pg5_7,27,10,0.05,0.0,0.5,0.05,0.0,0.5,10,1.0
pg5_7,28,10,0.20615528128088303,0.0,2.0615528128088303,0.20615528128088303,0.0,2.0615528128088303,10,1.0
pg5_7,29,10,0.0,0.0,0.0,0.0,0.0,0.0,10,1.0
pg5_7,30,10,0.0,0.0,0.0,0.0,0.0,0.0,10,1.0
pg5_7,31,10,0.1,0.0,0.5,0.1,0.0,0.5,10,1.0
pg5_7,32,10,0.208113883008419,0.0,1.5811388300841898,0.208113883008419,0.0,1.5811388300841898,10,1.0
pg5_7,33,10,0.29154759474226505,0.0,2.9154759474226504,0.29154759474226505,0.0,2.9154759474226504,10,1.0
pg5_7,34,10,0.0,0.0,0.0,0.0,0.0,0.0,10,1.0
pg5_7,35,10,0.19142135623730952,0.0,1.4142135623730951,0.19142135623730952,0.0,1.4142135623730951,10,1.0
pg5_7,36,10,0.1,0.0,0.5,0.1,0.0,0.5,10,1.0
pg5_7,37,10,0.05,0.0,0.5,0.05,0.0,0.5,10,1.0
pg5_7,38,10,0.05,0.0,0.5,0.05,0.0,0.5,10,1.0
pg5_7,39,10,0.6241139614367556,0.0,4.123105625617661,0.6241139614367556,0.0,4.123105625617661,10,1.0
pg5_7,40,10,0.27071067811865474,0.0,1.0,0.27071067811865474,0.0,1.0,10,1.0
pg5_7,41,10,0.3118033988749895,0.0,1.118033988749895,0.3118033988749895,0.0,1.118033988749895,10,1.0
pg5_7,42,10,0.22071067811865475,0.0,0.7071067811865476,0.22071067811865475,0.0,0.7071067811865476,10,1.0
pg5_7,43,10,0.6707106781186548,0.25,4.5,0.6707106781186548,0.25,4.5,10,1.0
pg5_7,44,10,0.3325140769936442,0.25,1.118033988749895,0.3325140769936442,0.25,1.118033988749895,10,1.0
pg5_7,45,10,0.2118033988749895,0.0,1.118033988749895,0.2118033988749895,0.0,1.118033988749895,10,1.0
pg5_7,46,10,0.3414213562373095,0.25,1.0,0.3414213562373095,0.25,1.0,10,1.0
pg5_7,47,10,0.2618033988749895,0.0,1.118033988749895,0.2618033988749895,0.0,1.118033988749895,10,1.0
pg5_7,48,10,0.29142135623730947,0.25,0.7071067811865476,0.29142135623730947,0.25,0.7071067811865476,10,1.0
pg5_7,49,10,0.3325140769936442,0.25,1.118033988749895,0.3325140769936442,0.25,1.118033988749895,10,1.0
pg5_7,50,10,0.5199172818834085,0.5,1.5811388300841898,0.5199172818834085,0.5,1.5811388300841898,10,1.0
pg5_7,51,10,1.073083492035739,0.25,7.905694150420948,1.073083492035739,0.25,7.905694150420948,10,1.0
pg5_7,52,10,0.403224755112299,0.25,1.118033988749895,0.403224755112299,0.25,1.118033988749895,10,1.0
pg5_7,53,10,0.3207106781186547,0.25,1.0,0.3207106781186547,0.25,1.0,10,1.0
pg5_7,54,10,0.4121320343559643,0.5,1.4142135623730951,0.4121320343559643,0.5,1.4142135623730951,10,1.0
pg5_7,55,10,0.5650281539872885,0.6035533905932737,1.118033988749895,0.5650281539872885,0.6035533905932737,1.118033988749895,10,1.0
pg5_7,56,10,0.5924095981291637,0.5,1.8027756377319946,0.5924095981291637,0.5,1.8027756377319946,10,1.0
pg5_7,57,10,0.44464611134960846,0.25,1.4142135623730951,0.44464611134960846,0.25,1.4142135623730951,10,1.0
pg5_7,58,10,0.6742640687119286,0.6035533905932737,1.4142135623730951,0.6742640687119286,0.6035533905932737,1.4142135623730951,10,1.0
pg5_7,59,10,0.5064495102245979,0.3535533905932738,1.4142135623730951,0.5064495102245979,0.3535533905932738,1.4142135623730951,10,1.0
pg5_7,60,10,0.4328427124746191,0.5,1.4142135623730951,0.4328427124746191,0.5,1.4142135623730951,10,1.0
pg5_7,61,10,0.5953057177604879,0.6035533905932737,1.8027756377319946,0.5953057177604879,0.6035533905932737,1.8027756377319946,10,1.0
pg5_7,62,10,0.6838309543664732,0.7071067811865476,1.8027756377319946,0.6838309543664732,0.7071067811865476,1.8027756377319946,10,1.0
pg5_7,63,10,0.5946461113496085,0.6035533905932737,1.4142135623730951,0.5946461113496085,0.6035533905932737,1.4142135623730951,10,1.0
pg5_7,64,10,0.5828427124746189,0.5,1.4142135623730951,0.5828427124746189,0.5,1.4142135623730951,10,1.0
pg5_7,65,10,0.6150281539872885,0.5,1.4142135623730951,0.6150281539872885,0.5,1.4142135623730951,10,1.0
pg5_7,66,10,0.7271601883432528,0.7071067811865476,1.4142135623730951,0.7271601883432528,0.7071067811865476,1.4142135623730951,10,1.0
pg5_7,67,10,0.5650281539872885,0.5,1.4142135623730951,0.5650281539872885,0.5,1.4142135623730951,10,1.0
pg5_7,68,10,0.7231420369957074,0.7071067811865476,1.5811388300841898,0.7231420369957074,0.7071067811865476,1.5811388300841898,10,1.0
pg5_7,69,10,0.7886349517372675,1.0590169943749475,1.4142135623730951,0.7886349517372675,1.0590169943749475,1.4142135623730951,10,1.0
pg5_7,70,10,1.0145633932330171,1.0590169943749475,1.5811388300841898,1.0145633932330171,1.0590169943749475,1.5811388300841898,10,1.0
pg5_7,71,10,1.0172778556922115,0.7071067811865476,2.5495097567963922,1.0172778556922115,0.7071067811865476,2.5495097567963922,10,1.0
pg5_7,72,10,1.1313177677876456,1.118033988749895,2.5495097567963922,1.1313177677876456,1.118033988749895,2.5495097567963922,10,1.0
pg5_7,73,10,1.2379266860273468,1.4571067811865475,2.0,1.2379266860273468,1.4571067811865475,2.0,10,1.0
pg5_7,74,10,1.161533483777326,1.118033988749895,2.0,1.161533483777326,1.118033988749895,2.0,10,1.0
pg5_7,75,10,1.0032247551122988,1.0590169943749475,2.0,1.0032247551122988,1.0590169943749475,2.0,10,1.0
pg5_7,76,10,1.1581218794036643,1.266123775561495,2.0615528128088303,1.1581218794036643,1.266123775561495,2.0615528128088303,10,1.0
pg5_7,77,10,1.0038843615231783,1.118033988749895,2.0,1.0038843615231783,1.118033988749895,2.0,10,1.0
pg5_7,78,10,1.1459898450477,1.3090169943749475,2.0615528128088303,1.1459898450477,1.3090169943749475,2.0615528128088303,10,1.0
pg5_7,79,10,1.1048971242913654,1.0590169943749475,2.0615528128088303,1.1048971242913654,1.0590169943749475,2.0615528128088303,10,1.0
pg5_7,80,10,1.0916162018939175,1.266123775561495,2.0,1.0916162018939175,1.266123775561495,2.0,10,1.0
pg5_7,81,10,1.0869384441354928,1.25,2.0,1.0869384441354928,1.25,2.0,10,1.0
pg5_7,82,10,1.0686591248938908,1.118033988749895,1.5811388300841898,1.0686591248938908,1.118033988749895,1.5811388300841898,10,1.0
pg5_7,83,10,1.123470672476682,1.266123775561495,2.1213203435596424,1.123470672476682,1.266123775561495,2.1213203435596424,10,1.0
pg5_7,84,10,1.0209055237752627,1.0590169943749475,2.0,1.0209055237752627,1.0590169943749475,2.0,10,1.0
pg5_7,85,10,1.1733712891895753,1.5,2.0615528128088303,1.1733712891895753,1.5,2.0615528128088303,10,1.0
pg5_7,86,10,1.2945467280625016,1.5,2.0615528128088303,1.2945467280625016,1.5,2.0615528128088303,10,1.0
pg5_7,87,10,1.2741302788875617,1.3090169943749475,2.1213203435596424,1.2741302788875617,1.3090169943749475,2.1213203435596424,10,1.0
pg5_7,88,10,1.402145126328583,1.540569415042095,2.0615528128088303,1.402145126328583,1.540569415042095,2.0615528128088303,10,1.0
pg5_7,89,10,1.3621353371795153,1.540569415042095,2.5495097567963922,1.3621353371795153,1.540569415042095,2.5495097567963922,10,1.0
pg5_7,90,10,1.2916162018939175,1.5,2.0,1.2916162018939175,1.5,2.0,10,1.0
pg5_7,91,10,1.1707186745139002,1.266123775561495,2.0615528128088303,1.1707186745139002,1.266123775561495,2.0615528128088303,10,1.0
pg5_7,92,10,1.218946922047727,1.5,2.0615528128088303,1.218946922047727,1.5,2.0615528128088303,10,1.0
pg5_7,93,10,1.2588158923518034,1.5811388300841898,2.0615528128088303,1.2588158923518034,1.5811388300841898,2.0615528128088303,10,1.0
pg5_7,94,10,1.3108738773664466,1.5,2.1213203435596424,1.3108738773664466,1.5,2.1213203435596424,10,1.0
pg5_7,95,10,1.0923003291811295,1.3090169943749475,2.0615528128088303,1.0923003291811295,1.3090169943749475,2.0615528128088303,10,1.0
pg5_7,96,10,1.204486214925368,1.25,2.5495097567963922,1.204486214925368,1.25,2.5495097567963922,10,1.0
pg5_7,97,10,1.2081138830084188,1.5,2.5,1.2081138830084188,1.5,2.5,10,1.0
pg5_8,2,10,1.42583704652542,1.4571067811865475,4.0,1.42583704652542,1.4571067811865475,4.0,10,1.0
pg5_8,3,10,0.25,0.0,1.5,0.25,0.0,1.5,10,1.0
pg5_8,4,10,0.17071067811865476,0.0,0.7071067811865476,0.17071067811865476,0.0,0.7071067811865476,10,1.0
pg5_8,5,10,0.05,0.0,0.5,0.05,0.0,0.5,10,1.0
pg5_8,6,10,0.0,0.0,0.0,0.0,0.0,0.0,10,1.0
pg5_8,7,10,0.0,0.0,0.0,0.0,0.0,0.0,10,1.0
pg5_8,8,10,0.0,0.0,0.0,0.0,0.0,0.0,10,1.0
pg5_8,9,10,0.05,0.0,0.5,0.05,0.0,0.5,10,1.0
pg5_8,10,10,0.0,0.0,0.0,0.0,0.0,0.0,10,1.0
pg5_8,11,10,0.0,0.0,0.0,0.0,0.0,0.0,10,1.0
pg5_8,12,10,0.07071067811865475,0.0,0.7071067811865476,0.07071067811865475,0.0,0.7071067811865476,10,1.0
pg5_8,13,10,0.1,0.0,0.5,0.1,0.0,0.5,10,1.0
pg5_8,14,10,0.0,0.0,0.0,0.0,0.0,0.0,10,1.0
pg5_8,15,10,0.1,0.0,0.5,0.1,0.0,0.5,10,1.0
pg5_8,16,10,0.1,0.0,1.0,0.1,0.0,1.0,10,1.0
pg5_8,17,10,0.05,0.0,0.5,0.05,0.0,0.5,10,1.0
pg5_8,18,10,0.05,0.0,0.5,0.05,0.0,0.5,10,1.0
pg5_8,19,10,0.15,0.0,1.0,0.15,0.0,1.0,10,1.0
pg5_8,20,10,0.15,0.0,1.0,0.15,0.0,1.0,10,1.0
pg5_8,21,10,0.4949747468305833,0.0,4.949747468305833,0.4949747468305833,0.0,4.949747468305833,10,1.0
pg5_8,22,10,0.3268659593995378,0.0,2.0615528128088303,0.3268659593995378,0.0,2.0615528128088303,10,1.0
pg5_8,23,10,0.15,0.0,0.5,0.15,0.0,0.5,10,1.0
pg5_8,24,10,0.5,0.0,2.5,0.5,0.0,2.5,10,1.0
pg5_8,25,10,0.05,0.0,0.5,0.05,0.0,0.5,10,1.0
pg5_8,26,10,0.1,0.0,0.5,0.1,0.0,0.5,10,1.0
pg5_8,27,10,0.37360679774997896,0.0,2.23606797749979,0.37360679774997896,0.0,2.23606797749979,10,1.0
pg5_8,28,10,0.12071067811865474,0.0,0.7071067811865476,0.12071067811865474,0.0,0.7071067811865476,10,1.0
pg5_8,29,10,0.1,0.0,0.5,0.1,0.0,0.5,10,1.0
pg5_8,30,10,0.07071067811865475,0.0,0.7071067811865476,0.07071067811865475,0.0,0.7071067811865476,10,1.0
pg5_8,31,10,0.4541381265149109,0.0,3.0413812651491097,0.4541381265149109,0.0,3.0413812651491097,10,1.0
pg5_8,32,10,0.12071067811865474,0.0,0.7071067811865476,0.12071067811865474,0.0,0.7071067811865476,10,1.0
pg5_8,33,10,0.2,0.0,0.5,0.2,0.0,0.5,10,1.0
pg5_8,34,10,0.15,0.0,0.5,0.15,0.0,0.5,10,1.0
pg5_8,35,10,0.05,0.0,0.5,0.05,0.0,0.5,10,1.0
pg5_8,36,10,0.15,0.0,0.5,0.15,0.0,0.5,10,1.0
pg5_8,37,10,0.17071067811865476,0.0,0.7071067811865476,0.17071067811865476,0.0,0.7071067811865476,10,1.0
pg5_8,38,10,0.05,0.0,0.5,0.05,0.0,0.5,10,1.0
pg5_8,39,10,0.2,0.0,0.5,0.2,0.0,0.5,10,1.0
pg5_8,40,10,0.5386693582745272,0.5,2.0615528128088303,0.5386693582745272,0.5,2.0615528128088303,10,1.0
pg5_8,41,10,0.2,0.0,1.0,0.2,0.0,1.0,10,1.0
pg5_8,42,10,0.16180339887498948,0.0,1.118033988749895,0.16180339887498948,0.0,1.118033988749895,10,1.0
pg5_8,43,10,0.308113883008419,0.0,1.5811388300841898,0.308113883008419,0.0,1.5811388300841898,10,1.0
pg5_8,44,10,0.37169892001050897,0.0,1.8027756377319946,0.37169892001050897,0.0,1.8027756377319946,10,1.0
pg5_8,45,10,0.3914213562373095,0.5,1.0,0.3914213562373095,0.5,1.0,10,1.0
pg5_8,46,10,0.23251407699364424,0.0,1.118033988749895,0.23251407699364424,0.0,1.118033988749895,10,1.0
pg5_8,47,10,0.25,0.0,1.0,0.25,0.0,1.0,10,1.0
pg5_8,48,10,0.17071067811865476,0.0,0.7071067811865476,0.17071067811865476,0.0,0.7071067811865476,10,1.0
pg5_8,49,10,0.3207106781186547,0.25,1.0,0.3207106781186547,0.25,1.0,10,1.0
pg5_8,50,10,0.29142135623730947,0.0,1.0,0.29142135623730947,0.0,1.0,10,1.0
pg5_8,51,10,0.25,0.0,1.0,0.25,0.0,1.0,10,1.0
pg5_8,52,10,0.3325140769936442,0.25,1.118033988749895,0.3325140769936442,0.25,1.118033988749895,10,1.0
pg5_8,53,10,0.3207106781186547,0.25,1.0,0.3207106781186547,0.25,1.0,10,1.0
pg5_8,54,10,0.36180339887498947,0.5,1.118033988749895,0.36180339887498947,0.5,1.118033988749895,10,1.0
pg5_8,55,10,0.17071067811865476,0.0,0.7071067811865476,0.17071067811865476,0.0,0.7071067811865476,10,1.0
pg5_8,56,10,0.3207106781186547,0.25,1.0,0.3207106781186547,0.25,1.0,10,1.0
pg5_8,57,10,0.2,0.0,1.0,0.2,0.0,1.0,10,1.0
pg5_8,58,10,0.3414213562373095,0.5,0.7071067811865476,0.3414213562373095,0.5,0.7071067811865476,10,1.0
pg5_8,59,10,0.37071067811865477,0.5,1.0,0.37071067811865477,0.5,1.0,10,1.0
pg5_8,60,10,0.24142135623730948,0.0,1.0,0.24142135623730948,0.0,1.0,10,1.0
pg5_8,61,10,0.4,0.5,1.0,0.4,0.5,1.0,10,1.0
pg5_8,62,10,0.15,0.0,0.5,0.15,0.0,0.5,10,1.0
pg5_8,63,10,0.44464611134960846,0.6035533905932737,1.118033988749895,0.44464611134960846,0.6035533905932737,1.118033988749895,10,1.0
pg5_8,64,10,0.3325140769936442,0.0,1.118033988749895,0.3325140769936442,0.0,1.118033988749895,10,1.0
pg5_8,65,10,0.2,0.0,0.5,0.2,0.0,0.5,10,1.0
pg5_8,66,10,0.453224755112299,0.5,1.118033988749895,0.453224755112299,0.5,1.118033988749895,10,1.0
pg5_8,67,10,0.5414213562373096,0.5,1.0,0.5414213562373096,0.5,1.0,10,1.0
pg5_8,68,10,0.35,0.25,1.0,0.35,0.25,1.0,10,1.0
pg5_8,69,10,0.4621320343559643,0.5,1.0,0.4621320343559643,0.5,1.0,10,1.0
pg5_8,70,10,0.17071067811865476,0.0,0.7071067811865476,0.17071067811865476,0.0,0.7071067811865476,10,1.0
pg5_8,71,10,0.3325140769936442,0.25,1.118033988749895,0.3325140769936442,0.25,1.118033988749895,10,1.0
pg5_8,72,10,0.36213203435596425,0.5,0.7071067811865476,0.36213203435596425,0.5,0.7071067811865476,10,1.0
pg5_8,73,10,0.4414213562373095,0.5,1.0,0.4414213562373095,0.5,1.0,10,1.0
pg5_8,74,10,0.29142135623730947,0.25,0.7071067811865476,0.29142135623730947,0.25,0.7071067811865476,10,1.0
pg5_8,75,10,1.2338445032002583,0.5,8.631338250816034,1.2338445032002583,0.5,8.631338250816034,10,1.0
pg5_8,76,10,0.48027756377319947,0.5,1.8027756377319946,0.48027756377319947,0.5,1.8027756377319946,10,1.0
pg5_8,77,10,0.521698920010509,0.5,1.8027756377319946,0.521698920010509,0.5,1.8027756377319946,10,1.0
pg5_8,78,10,0.5802775637731995,0.25,2.5,0.5802775637731995,0.25,2.5,10,1.0
pg5_8,79,10,0.2825140769936442,0.0,1.118033988749895,0.2825140769936442,0.0,1.118033988749895,10,1.0
pg5_8,80,10,0.4707106781186548,0.5,1.5,0.4707106781186548,0.5,1.5,10,1.0
pg5_8,81,10,0.3414213562373095,0.25,1.4142135623730951,0.3414213562373095,0.25,1.4142135623730951,10,1.0
pg5_8,82,10,0.38284271247461904,0.25,1.4142135623730951,0.38284271247461904,0.25,1.4142135623730951,10,1.0
pg5_8,83,10,0.3207106781186547,0.25,1.0,0.3207106781186547,0.25,1.0,10,1.0
pg5_8,84,10,0.29142135623730947,0.25,0.7071067811865476,0.29142135623730947,0.25,0.7071067811865476,10,1.0
pg5_8,85,10,0.2618033988749895,0.0,1.118033988749895,0.2618033988749895,0.0,1.118033988749895,10,1.0
pg5_8,86,10,0.27071067811865474,0.25,0.7071067811865476,0.27071067811865474,0.25,0.7071067811865476,10,1.0
pg5_8,87,10,0.3118033988749895,0.0,1.118033988749895,0.3118033988749895,0.0,1.118033988749895,10,1.0
pg5_8,88,10,0.25,0.0,1.0,0.25,0.0,1.0,10,1.0
pg5_8,89,10,0.3207106781186547,0.5,0.7071067811865476,0.3207106781186547,0.5,0.7071067811865476,10,1.0
pg5_8,90,10,0.2118033988749895,0.0,1.118033988749895,0.2118033988749895,0.0,1.118033988749895,10,1.0
pg5_8,91,10,0.3,0.25,1.0,0.3,0.25,1.0,10,1.0
pg5_8,92,10,0.2618033988749895,0.0,1.118033988749895,0.2618033988749895,0.0,1.118033988749895,10,1.0
pg5_8,93,10,0.17071067811865476,0.0,0.7071067811865476,0.17071067811865476,0.0,0.7071067811865476,10,1.0
pg5_8,94,10,0.24142135623730948,0.0,0.7071067811865476,0.24142135623730948,0.0,0.7071067811865476,10,1.0
pg5_8,95,10,0.22071067811865475,0.0,0.7071067811865476,0.22071067811865475,0.0,0.7071067811865476,10,1.0
pg5_8,96,10,0.25,0.25,0.5,0.25,0.25,0.5,10,1.0
pg5_8,97,10,0.15,0.0,0.5,0.15,0.0,0.5,10,1.0
pg6_1,2,10,4.113126505085265,4.140011253965767,5.5901699437494745,4.113126505085265,4.140011253965767,5.5901699437494745,10,1.0
pg6_1,3,10,0.33284271247461905,0.0,2.8284271247461903,0.33284271247461905,0.0,2.8284271247461903,10,1.0
pg6_1,4,10,0.05,0.0,0.5,0.05,0.0,0.5,10,1.0
pg6_1,5,10,0.12071067811865474,0.0,0.7071067811865476,0.12071067811865474,0.0,0.7071067811865476,10,1.0
pg6_1,6,10,0.1,0.0,0.5,0.1,0.0,0.5,10,1.0
pg6_1,7,10,0.0,0.0,0.0,0.0,0.0,0.0,10,1.0
pg6_1,8,10,0.0,0.0,0.0,0.0,0.0,0.0,10,1.0
pg6_1,9,10,0.12071067811865474,0.0,0.7071067811865476,0.12071067811865474,0.0,0.7071067811865476,10,1.0
pg6_1,10,10,0.15,0.0,0.5,0.15,0.0,0.5,10,1.0
pg6_1,11,10,0.05,0.0,0.5,0.05,0.0,0.5,10,1.0
pg6_1,12,10,0.0,0.0,0.0,0.0,0.0,0.0,10,1.0
pg6_1,13,10,0.1,0.0,0.5,0.1,0.0,0.5,10,1.0
pg6_1,14,10,0.1,0.0,0.5,0.1,0.0,0.5,10,1.0
pg6_1,15,10,0.1118033988749895,0.0,1.118033988749895,0.1118033988749895,0.0,1.118033988749895,10,1.0
pg6_1,16,10,0.1,0.0,0.5,0.1,0.0,0.5,10,1.0
pg6_1,17,10,0.223606797749979,0.0,2.23606797749979,0.223606797749979,0.0,2.23606797749979,10,1.0
pg6_1,18,10,0.258113883008419,0.0,1.5811388300841898,0.258113883008419,0.0,1.5811388300841898,10,1.0
pg6_1,19,10,0.1,0.0,0.5,0.1,0.0,0.5,10,1.0
pg6_1,20,10,0.2118033988749895,0.0,1.118033988749895,0.2118033988749895,0.0,1.118033988749895,10,1.0
pg6_1,21,10,0.40311288741492746,0.0,4.031128874149275,0.40311288741492746,0.0,4.031128874149275,10,1.0
pg6_1,22,10,0.3118033988749895,0.25,1.118033988749895,0.3118033988749895,0.25,1.118033988749895,10,1.0
pg6_1,23,10,0.05,0.0,0.5,0.05,0.0,0.5,10,1.0
pg6_1,24,10,0.2,0.0,0.5,0.2,0.0,0.5,10,1.0
pg6_1,25,10,0.2,0.0,0.5,0.2,0.0,0.5,10,1.0
pg6_1,26,10,0.17071067811865476,0.0,0.7071067811865476,0.17071067811865476,0.0,0.7071067811865476,10,1.0
pg6_1,27,10,0.05,0.0,0.5,0.05,0.0,0.5,10,1.0
pg6_1,28,10,0.15,0.0,0.5,0.15,0.0,0.5,10,1.0
pg6_1,29,10,0.17071067811865476,0.0,0.7071067811865476,0.17071067811865476,0.0,0.7071067811865476,10,1.0
pg6_1,30,10,0.22071067811865475,0.0,0.7071067811865476,0.22071067811865475,0.0,0.7071067811865476,10,1.0
pg6_1,31,10,0.27071067811865474,0.25,0.7071067811865476,0.27071067811865474,0.25,0.7071067811865476,10,1.0
pg6_1,32,10,0.2,0.0,0.5,0.2,0.0,0.5,10,1.0
pg6_1,33,10,0.36180339887498947,0.5,1.118033988749895,0.36180339887498947,0.5,1.118033988749895,10,1.0
pg6_1,34,10,0.25,0.25,0.5,0.25,0.25,0.5,10,1.0
pg6_1,35,10,0.3414213562373095,0.25,1.0,0.3414213562373095,0.25,1.0,10,1.0
pg6_1,36,10,0.2,0.0,0.5,0.2,0.0,0.5,10,1.0
pg6_1,37,10,0.8700796519048115,0.25,6.082762530298219,0.8700796519048115,0.25,6.082762530298219,10,1.0
pg6_1,38,10,0.5707106781186548,0.5,2.5,0.5707106781186548,0.5,2.5,10,1.0
pg6_1,39,10,0.4943174758686338,0.25,2.23606797749979,0.4943174758686338,0.25,2.23606797749979,10,1.0
pg6_1,40,10,0.4207106781186548,0.0,2.5,0.4207106781186548,0.0,2.5,10,1.0
pg6_1,41,10,0.95,0.5,4.0,0.95,0.5,4.0,10,1.0
pg6_1,42,10,1.3370517804826982,0.5,7.211102550927978,1.3370517804826982,0.5,7.211102550927978,10,1.0
pg6_1,43,10,0.9239354332309537,0.6035533905932737,4.0,0.9239354332309537,0.6035533905932737,4.0,10,1.0
pg6_1,44,10,0.7707106781186548,0.5,3.5,0.7707106781186548,0.5,3.5,10,1.0
pg6_1,45,10,0.6524313588770527,0.5,1.5811388300841898,0.6524313588770527,0.5,1.5811388300841898,10,1.0
pg6_1,46,10,0.5414213562373095,0.5,2.0,0.5414213562373095,0.5,2.0,10,1.0
pg6_1,47,10,0.673606797749979,0.5,1.118033988749895,0.673606797749979,0.5,1.118033988749895,10,1.0
pg6_1,48,10,0.859380036393182,0.6035533905932737,2.5,0.859380036393182,0.6035533905932737,2.5,10,1.0
pg6_1,49,10,0.9030886298390023,0.7071067811865476,2.8284271247461903,0.9030886298390023,0.7071067811865476,2.8284271247461903,10,1.0
pg6_1,50,10,1.5873182497877811,1.118033988749895,7.905694150420948,1.5873182497877811,1.118033988749895,7.905694150420948,10,1.0
pg6_1,51,10,0.7764011986452662,0.6035533905932737,2.0615528128088303,0.7764011986452662,0.6035533905932737,2.0615528128088303,10,1.0
pg6_1,52,10,0.7564495102245979,0.7071067811865476,1.4142135623730951,0.7564495102245979,0.7071067811865476,1.4142135623730951,10,1.0
pg6_1,53,10,0.8817825285419172,0.8535533905932737,2.5495097567963922,0.8817825285419172,0.8535533905932737,2.5495097567963922,10,1.0
pg6_1,54,10,0.8162896138003571,0.6035533905932737,2.5495097567963922,0.8162896138003571,0.6035533905932737,2.5495097567963922,10,1.0
pg6_1,55,10,0.8325140769936443,0.8535533905932737,2.5,0.8325140769936443,0.8535533905932737,2.5,10,1.0
pg6_1,56,10,1.1058346421951535,1.118033988749895,2.0615528128088303,1.1058346421951535,1.118033988749895,2.0615528128088303,10,1.0
pg6_1,57,10,1.1103682782850361,0.9125703849682212,2.5,1.1103682782850361,0.9125703849682212,2.5,10,1.0
pg6_1,58,10,1.1955789356817026,1.0590169943749475,2.5495097567963922,1.1955789356817026,1.0590169943749475,2.5495097567963922,10,1.0
pg6_1,59,10,1.2558346421951536,1.118033988749895,2.5,1.2558346421951536,1.118033988749895,2.5,10,1.0
pg6_1,60,10,1.1544862149253676,1.1035533905932737,2.5495097567963922,1.1544862149253676,1.1035533905932737,2.5495097567963922,10,1.0
pg6_1,61,10,1.1374112012850095,1.266123775561495,2.0615528128088303,1.1374112012850095,1.266123775561495,2.0615528128088303,10,1.0
pg6_1,62,10,1.1748682575630478,1.3090169943749475,2.5495097567963922,1.1748682575630478,1.3090169943749475,2.5495097567963922,10,1.0
pg6_1,63,10,1.3684821612934552,1.4976761962286425,2.5,1.3684821612934552,1.4976761962286425,2.5,10,1.0
pg6_1,64,10,1.2764630464287854,0.9125703849682212,2.8284271247461903,1.2764630464287854,0.9125703849682212,2.8284271247461903,10,1.0
pg6_1,65,10,1.267822554882576,1.0606601717798214,3.0,1.267822554882576,1.0606601717798214,3.0,10,1.0
pg6_1,66,10,1.3170291586473295,1.3495864094170424,2.8284271247461903,1.3170291586473295,1.3495864094170424,2.8284271247461903,10,1.0
pg6_1,67,10,1.1240795548994957,0.9125703849682212,2.5,1.1240795548994957,0.9125703849682212,2.5,10,1.0
pg6_1,68,10,1.289292222699217,1.118033988749895,3.0,1.239292222699217,1.118033988749895,2.8284271247461903,9,0.9
pg6_1,69,10,1.1182529090995874,1.118033988749895,2.5,1.1182529090995874,1.118033988749895,2.5,10,1.0
pg6_1,70,10,1.2733368826523155,1.3495864094170424,3.0,1.2733368826523155,1.3495864094170424,3.0,10,1.0
pg6_1,71,10,1.4285039220413442,1.3495864094170424,2.5,1.4285039220413442,1.3495864094170424,2.5,10,1.0
pg6_1,72,10,1.4497919326858555,1.540569415042095,2.5495097567963922,1.4497919326858555,1.540569415042095,2.5495097567963922,10,1.0
pg6_1,73,10,1.6165235595659193,1.9013878188659974,3.0,1.6165235595659193,1.9013878188659974,3.0,10,1.0
pg6_1,74,10,1.6173681178940114,1.4604048132409448,3.0413812651491097,1.6173681178940114,1.4604048132409448,3.0413812651491097,10,1.0
pg6_1,75,10,1.592318211237302,1.6919572339080922,2.5,1.592318211237302,1.6919572339080922,2.5,10,1.0
pg6_1,76,10,1.6621405956354056,1.9013878188659974,2.8284271247461903,1.6621405956354056,1.9013878188659974,2.8284271247461903,10,1.0
pg6_1,77,10,1.647207339133422,1.6919572339080922,2.5,1.647207339133422,1.6919572339080922,2.5,10,1.0
pg6_1,78,10,1.8285267883201886,1.6919572339080922,3.2015621187164243,1.8285267883201886,1.6919572339080922,3.2015621187164243,10,1.0
pg6_1,79,10,1.5367270739977976,1.5,2.5,1.5367270739977976,1.5,2.5,10,1.0
pg6_1,80,10,1.6391928394121098,1.6919572339080922,2.8284271247461903,1.6391928394121098,1.6919572339080922,2.8284271247461903,10,1.0
pg6_1,81,10,1.648201837391812,1.9013878188659974,2.5,1.648201837391812,1.9013878188659974,2.5,10,1.0
pg6_1,82,10,1.681121359336196,1.9013878188659974,2.8284271247461903,1.681121359336196,1.9013878188659974,2.8284271247461903,10,1.0
pg6_1,83,10,1.4430692045400433,1.6513878188659974,2.5,1.4430692045400433,1.6513878188659974,2.5,10,1.0
pg6_1,84,10,1.4419448373748922,1.540569415042095,2.8284271247461903,1.4419448373748922,1.540569415042095,2.8284271247461903,10,1.0
pg6_1,85,10,1.7748211498534119,1.4604048132409448,5.1478150704935,1.7748211498534119,1.4604048132409448,5.1478150704935,10,1.0
pg6_1,86,10,1.8144296034086498,1.9013878188659974,4.47213595499958,1.8144296034086498,1.9013878188659974,4.47213595499958,10,1.0
pg6_1,87,10,1.5526262045336607,1.6513878188659974,3.1622776601683795,1.5526262045336607,1.6513878188659974,3.1622776601683795,10,1.0
pg6_1,88,10,1.3153192539646756,1.266123775561495,2.5495097567963922,1.3153192539646756,1.266123775561495,2.5495097567963922,10,1.0
pg6_1,89,10,1.5949476053279654,1.540569415042095,4.6097722286464435,1.5949476053279654,1.540569415042095,4.6097722286464435,10,1.0
pg6_1,90,10,1.3330381230154231,1.3090169943749475,2.692582403567252,1.3330381230154231,1.3090169943749475,2.692582403567252,10,1.0
pg6_1,91,10,1.6261979359775651,1.3090169943749475,4.031128874149275,1.6261979359775651,1.3090169943749475,4.031128874149275,10,1.0
pg6_1,92,10,1.4210678937966654,1.3090169943749475,3.0413812651491097,1.4210678937966654,1.3090169943749475,3.0413812651491097,10,1.0
pg6_1,93,10,1.8257845574140545,1.6919572339080922,4.47213595499958,1.8257845574140545,1.6919572339080922,4.47213595499958,10,1.0
pg6_1,94,10,1.8158010666383444,1.5811388300841898,6.020797289396148,1.8158010666383444,1.5811388300841898,6.020797289396148,10,1.0
pg6_1,95,10,1.4742502540549274,1.540569415042095,3.0413812651491097,1.4742502540549274,1.540569415042095,3.0413812651491097,10,1.0
pg6_1,96,10,1.4389056071424702,1.266123775561495,3.1622776601683795,1.4389056071424702,1.266123775561495,3.1622776601683795,10,1.0
pg6_1,97,10,1.9734580098643941,1.540569415042095,6.020797289396148,1.9734580098643941,1.540569415042095,6.020797289396148,10,1.0
pg6_10,2,10,0.5768659593995378,0.25,2.0615528128088303,0.5768659593995378,0.25,2.0615528128088303,10,1.0
pg6_10,3,10,0.07071067811865475,0.0,0.7071067811865476,0.07071067811865475,0.0,0.7071067811865476,10,1.0
pg6_10,4,10,0.0,0.0,0.0,0.0,0.0,0.0,10,1.0
pg6_10,5,10,0.1118033988749895,0.0,1.118033988749895,0.1118033988749895,0.0,1.118033988749895,10,1.0
pg6_10,6,10,0.05,0.0,0.5,0.05,0.0,0.5,10,1.0
pg6_10,7,10,0.05,0.0,0.5,0.05,0.0,0.5,10,1.0
pg6_10,8,10,0.05,0.0,0.5,0.05,0.0,0.5,10,1.0
pg6_10,9,10,0.0,0.0,0.0,0.0,0.0,0.0,10,1.0
pg6_10,10,10,0.0,0.0,0.0,0.0,0.0,0.0,10,1.0
pg6_10,11,10,0.05,0.0,0.5,0.05,0.0,0.5,10,1.0
pg6_10,12,10,0.0,0.0,0.0,0.0,0.0,0.0,10,1.0
pg6_10,13,10,0.0,0.0,0.0,0.0,0.0,0.0,10,1.0
pg6_10,14,10,0.0,0.0,0.0,0.0,0.0,0.0,10,1.0
pg6_10,15,10,0.1,0.0,1.0,0.1,0.0,1.0,10,1.0
pg6_10,16,10,0.33541019662496846,0.0,3.3541019662496847,0.33541019662496846,0.0,3.3541019662496847,10,1.0
pg6_10,17,10,0.31795868015587253,0.0,2.0615528128088303,0.31795868015587253,0.0,2.0615528128088303,10,1.0
pg6_10,18,10,0.1,0.0,0.5,0.1,0.0,0.5,10,1.0
pg6_10,19,10,0.2549509756796392,0.0,2.5495097567963922,0.2549509756796392,0.0,2.5495097567963922,10,1.0
pg6_10,20,10,0.15,0.0,0.5,0.15,0.0,0.5,10,1.0
pg6_10,21,10,0.15,0.0,0.5,0.15,0.0,0.5,10,1.0
pg6_10,22,10,0.1,0.0,0.5,0.1,0.0,0.5,10,1.0
pg6_10,23,10,0.21213203435596423,0.0,2.1213203435596424,0.21213203435596423,0.0,2.1213203435596424,10,1.0
pg6_10,24,10,0.2618033988749895,0.0,1.118033988749895,0.2618033988749895,0.0,1.118033988749895,10,1.0
pg6_10,25,10,0.05,0.0,0.5,0.05,0.0,0.5,10,1.0
pg6_10,26,10,0.35495097567963924,0.0,2.5495097567963922,0.35495097567963924,0.0,2.5495097567963922,10,1.0
pg6_10,27,10,0.3207106781186547,0.5,0.7071067811865476,0.3207106781186547,0.5,0.7071067811865476,10,1.0
pg6_10,28,10,0.05,0.0,0.5,0.05,0.0,0.5,10,1.0
pg6_10,29,10,0.2,0.0,0.5,0.2,0.0,0.5,10,1.0
pg6_10,30,10,0.05,0.0,0.5,0.05,0.0,0.5,10,1.0
pg6_10,31,10,0.25,0.0,1.0,0.25,0.0,1.0,10,1.0
pg6_10,32,10,0.12071067811865474,0.0,0.7071067811865476,0.12071067811865474,0.0,0.7071067811865476,10,1.0
pg6_10,33,10,0.6140054944640259,0.25,3.640054944640259,0.6140054944640259,0.25,3.640054944640259,10,1.0
pg6_10,34,10,0.25,0.0,1.0,0.25,0.0,1.0,10,1.0
pg6_10,35,10,0.3325140769936442,0.25,1.118033988749895,0.3325140769936442,0.25,1.118033988749895,10,1.0
pg6_10,36,10,0.37071067811865477,0.25,1.0,0.37071067811865477,0.25,1.0,10,1.0
pg6_10,37,10,0.27071067811865474,0.25,0.7071067811865476,0.27071067811865474,0.25,0.7071067811865476,10,1.0
pg6_10,38,10,0.23251407699364424,0.0,1.118033988749895,0.23251407699364424,0.0,1.118033988749895,10,1.0
pg6_10,39,10,0.22071067811865475,0.0,0.7071067811865476,0.22071067811865475,0.0,0.7071067811865476,10,1.0
pg6_10,40,10,0.25,0.25,0.5,0.25,0.25,0.5,10,1.0
pg6_10,41,10,0.2825140769936442,0.0,1.118033988749895,0.2825140769936442,0.0,1.118033988749895,10,1.0
pg6_10,42,10,0.15,0.0,0.5,0.15,0.0,0.5,10,1.0
pg6_10,43,10,0.25,0.25,0.5,0.25,0.25,0.5,10,1.0
pg6_10,44,10,0.3,0.25,1.0,0.3,0.25,1.0,10,1.0
pg6_10,45,10,0.35,0.5,1.0,0.35,0.5,1.0,10,1.0
pg6_10,46,10,0.3,0.25,1.0,0.3,0.25,1.0,10,1.0
pg6_10,47,10,0.3207106781186547,0.5,0.7071067811865476,0.3207106781186547,0.5,0.7071067811865476,10,1.0
pg6_10,48,10,0.35,0.5,1.0,0.35,0.5,1.0,10,1.0
pg6_10,49,10,0.3914213562373095,0.25,1.4142135623730951,0.3914213562373095,0.25,1.4142135623730951,10,1.0
pg6_10,50,10,0.4707106781186548,0.5,1.0,0.4707106781186548,0.5,1.0,10,1.0
pg6_10,51,10,0.4239354332309538,0.5,1.118033988749895,0.4239354332309538,0.5,1.118033988749895,10,1.0
pg6_10,52,10,0.5118033988749895,0.5,1.118033988749895,0.5118033988749895,0.5,1.118033988749895,10,1.0
pg6_10,53,10,0.3325140769936442,0.0,1.118033988749895,0.3325140769936442,0.0,1.118033988749895,10,1.0
pg6_10,54,10,0.703224755112299,0.8535533905932737,1.118033988749895,0.703224755112299,0.8535533905932737,1.118033988749895,10,1.0
pg6_10,55,10,0.6239354332309538,0.6035533905932737,1.118033988749895,0.6239354332309538,0.6035533905932737,1.118033988749895,10,1.0
pg6_10,56,10,0.5150281539872885,0.5,1.118033988749895,0.5150281539872885,0.5,1.118033988749895,10,1.0
pg6_10,57,10,0.5825140769936443,0.5,1.118033988749895,0.5825140769936443,0.5,1.118033988749895,10,1.0
pg6_10,58,10,0.6443174758686337,0.5,1.118033988749895,0.6443174758686337,0.5,1.118033988749895,10,1.0
pg6_10,59,10,0.776831552862278,0.8535533905932737,1.118033988749895,0.776831552862278,0.8535533905932737,1.118033988749895,10,1.0
pg6_10,60,10,0.6561208747436232,0.5,1.118033988749895,0.6561208747436232,0.5,1.118033988749895,10,1.0
pg6_10,61,10,0.7653567894682632,0.6035533905932737,1.4142135623730951,0.7653567894682632,0.6035533905932737,1.4142135623730951,10,1.0
pg6_10,62,10,0.7179242736186128,0.6035533905932737,1.118033988749895,0.7179242736186128,0.6035533905932737,1.118033988749895,10,1.0
pg6_10,63,10,0.7320493162393727,0.6035533905932737,1.5811388300841898,0.7320493162393727,0.6035533905932737,1.5811388300841898,10,1.0
pg6_10,64,10,0.7027599943580275,0.7071067811865476,1.5811388300841898,0.7027599943580275,0.7071067811865476,1.5811388300841898,10,1.0
pg6_10,65,10,0.6446461113496085,0.7071067811865476,1.118033988749895,0.6446461113496085,0.7071067811865476,1.118033988749895,10,1.0
pg6_10,66,10,0.5828427124746189,0.5,1.4142135623730951,0.5828427124746189,0.5,1.4142135623730951,10,1.0
pg6_10,67,10,0.7035533905932738,0.6035533905932737,1.4142135623730951,0.7035533905932738,0.6035533905932737,1.4142135623730951,10,1.0
pg6_10,68,10,0.4414213562373095,0.5,1.0,0.4414213562373095,0.5,1.0,10,1.0
pg6_10,69,10,0.5532247551122991,0.5,1.118033988749895,0.5532247551122991,0.5,1.118033988749895,10,1.0
pg6_10,70,10,0.6239354332309538,0.6035533905932737,1.118033988749895,0.6239354332309538,0.6035533905932737,1.118033988749895,10,1.0
pg6_10,71,10,0.653224755112299,0.6035533905932737,1.5,0.653224755112299,0.6035533905932737,1.5,10,1.0
pg6_10,72,10,0.6207106781186548,0.5,1.5,0.6207106781186548,0.5,1.5,10,1.0
pg6_10,73,10,0.7857388321059432,0.7071067811865476,1.5,0.7857388321059432,0.7071067811865476,1.5,10,1.0
pg6_10,74,10,0.5914213562373096,0.5,1.5,0.5914213562373096,0.5,1.5,10,1.0
pg6_10,75,10,0.7446461113496085,0.5,2.1213203435596424,0.7446461113496085,0.5,2.1213203435596424,10,1.0
pg6_10,76,10,0.6446461113496085,0.5,2.1213203435596424,0.6446461113496085,0.5,2.1213203435596424,10,1.0
pg6_10,77,10,0.8145633932330171,0.7071067811865476,1.5811388300841898,0.8145633932330171,0.7071067811865476,1.5811388300841898,10,1.0
pg6_10,78,10,0.7857388321059432,1.0,2.1213203435596424,0.7857388321059432,1.0,2.1213203435596424,10,1.0
pg6_10,79,10,0.8216989200105089,0.7071067811865476,1.8027756377319946,0.8216989200105089,0.7071067811865476,1.8027756377319946,10,1.0
pg6_10,80,10,0.7449747468305833,0.7071067811865476,2.1213203435596424,0.7449747468305833,0.7071067811865476,2.1213203435596424,10,1.0
pg6_10,81,10,0.7863984385168227,0.6035533905932737,2.23606797749979,0.7863984385168227,0.6035533905932737,2.23606797749979,10,1.0
pg6_10,82,10,0.8844905607773527,0.7071067811865476,1.8027756377319946,0.8844905607773527,0.7071067811865476,1.8027756377319946,10,1.0
pg6_10,83,10,0.8689469220477267,0.8535533905932737,2.0615528128088303,0.8689469220477267,0.8535533905932737,2.0615528128088303,10,1.0
pg6_10,84,10,1.0517896345223459,0.8535533905932737,2.0615528128088303,1.0517896345223459,0.8535533905932737,2.0615528128088303,10,1.0
pg6_10,85,10,0.9967488347456864,1.0,2.23606797749979,0.9967488347456864,1.0,2.23606797749979,10,1.0
pg6_10,86,10,1.1088353372028177,1.0590169943749475,2.5495097567963922,1.1088353372028177,1.0590169943749475,2.5495097567963922,10,1.0
pg6_10,87,10,0.9415654779058515,0.75,2.23606797749979,0.9415654779058515,0.75,2.23606797749979,10,1.0
pg6_10,88,10,1.2632643979163605,1.266123775561495,2.0615528128088303,1.2632643979163605,1.266123775561495,2.0615528128088303,10,1.0
pg6_10,89,10,1.0622761560245064,1.0,2.23606797749979,1.0622761560245064,1.0,2.23606797749979,10,1.0
pg6_10,90,10,0.9745950396418331,1.0,2.0,0.9745950396418331,1.0,2.0,10,1.0
pg6_10,91,10,1.1118113952702349,1.118033988749895,2.0615528128088303,1.1118113952702349,1.118033988749895,2.0615528128088303,10,1.0
pg6_10,92,10,1.2524737618095576,1.266123775561495,2.0615528128088303,1.2524737618095576,1.266123775561495,2.0615528128088303,10,1.0
pg6_10,93,10,1.088204597520256,1.0,2.0615528128088303,1.088204597520256,1.0,2.0615528128088303,10,1.0
pg6_10,94,10,1.2374112012850094,1.118033988749895,2.5,1.2374112012850094,1.118033988749895,2.5,10,1.0
pg6_10,95,10,1.1218937656671168,1.0590169943749475,2.0,1.1218937656671168,1.0590169943749475,2.0,10,1.0
pg6_10,96,10,1.2440475607709702,1.266123775561495,2.0,1.2440475607709702,1.266123775561495,2.0,10,1.0
pg6_10,97,10,1.1866276907106905,1.3090169943749475,2.0615528128088303,1.1866276907106905,1.3090169943749475,2.0615528128088303,10,1.0
pg6_11,2,10,3.084443051186836,3.014994621731307,4.47213595499958,3.084443051186836,3.014994621731307,4.47213595499958,10,1.0
pg6_11,3,10,0.05,0.0,0.5,0.05,0.0,0.5,10,1.0
pg6_11,4,10,0.2,0.0,1.0,0.2,0.0,1.0,10,1.0
pg6_11,5,10,0.16180339887498948,0.0,1.118033988749895,0.16180339887498948,0.0,1.118033988749895,10,1.0
pg6_11,6,10,0.12071067811865474,0.0,0.7071067811865476,0.12071067811865474,0.0,0.7071067811865476,10,1.0
pg6_11,7,10,0.1,0.0,0.5,0.1,0.0,0.5,10,1.0
pg6_11,8,10,0.0,0.0,0.0,0.0,0.0,0.0,10,1.0
pg6_11,9,10,0.1,0.0,0.5,0.1,0.0,0.5,10,1.0
pg6_11,10,10,0.05,0.0,0.5,0.05,0.0,0.5,10,1.0
pg6_11,11,10,0.0,0.0,0.0,0.0,0.0,0.0,10,1.0
pg6_11,12,10,0.2618033988749895,0.0,1.118033988749895,0.2618033988749895,0.0,1.118033988749895,10,1.0
pg6_11,13,10,0.05,0.0,0.5,0.05,0.0,0.5,10,1.0
pg6_11,14,10,0.0,0.0,0.0,0.0,0.0,0.0,10,1.0
pg6_11,15,10,0.1,0.0,0.5,0.1,0.0,0.5,10,1.0
pg6_11,16,10,0.05,0.0,0.5,0.05,0.0,0.5,10,1.0
pg6_11,17,10,0.1,0.0,0.5,0.1,0.0,0.5,10,1.0
pg6_11,18,10,0.1118033988749895,0.0,1.118033988749895,0.1118033988749895,0.0,1.118033988749895,10,1.0
pg6_11,19,10,0.1118033988749895,0.0,1.118033988749895,0.1118033988749895,0.0,1.118033988749895,10,1.0
pg6_11,20,10,0.05,0.0,0.5,0.05,0.0,0.5,10,1.0
pg6_11,21,10,0.16180339887498948,0.0,1.118033988749895,0.16180339887498948,0.0,1.118033988749895,10,1.0
pg6_11,22,10,0.1,0.0,0.5,0.1,0.0,0.5,10,1.0
pg6_11,23,10,0.05,0.0,0.5,0.05,0.0,0.5,10,1.0
pg6_11,24,10,0.1,0.0,0.5,0.1,0.0,0.5,10,1.0
pg6_11,25,10,0.19142135623730952,0.0,1.4142135623730951,0.19142135623730952,0.0,1.4142135623730951,10,1.0
pg6_11,26,10,0.1,0.0,0.5,0.1,0.0,0.5,10,1.0
pg6_11,27,10,0.05,0.0,0.5,0.05,0.0,0.5,10,1.0
pg6_11,28,10,0.1118033988749895,0.0,1.118033988749895,0.1118033988749895,0.0,1.118033988749895,10,1.0
pg6_11,29,10,0.25,0.0,1.5,0.25,0.0,1.5,10,1.0
pg6_11,30,10,0.49791086538453133,0.0,4.272001872658765,0.49791086538453133,0.0,4.272001872658765,10,1.0
pg6_11,31,10,0.2118033988749895,0.0,1.118033988749895,0.2118033988749895,0.0,1.118033988749895,10,1.0
pg6_11,32,10,0.3414213562373095,0.5,0.7071067811865476,0.3414213562373095,0.5,0.7071067811865476,10,1.0
pg6_11,33,10,0.12071067811865474,0.0,0.7071067811865476,0.12071067811865474,0.0,0.7071067811865476,10,1.0
pg6_11,34,10,0.1,0.0,0.5,0.1,0.0,0.5,10,1.0
pg6_11,35,10,0.17071067811865476,0.0,0.7071067811865476,0.17071067811865476,0.0,0.7071067811865476,10,1.0
pg6_11,36,10,0.15,0.0,1.0,0.15,0.0,1.0,10,1.0
pg6_11,37,10,0.1,0.0,0.5,0.1,0.0,0.5,10,1.0
pg6_11,38,10,0.15,0.0,1.0,0.15,0.0,1.0,10,1.0
pg6_11,39,10,0.05,0.0,0.5,0.05,0.0,0.5,10,1.0
pg6_11,40,10,0.25,0.0,1.0,0.25,0.0,1.0,10,1.0
pg6_11,41,10,0.17071067811865476,0.0,0.7071067811865476,0.17071067811865476,0.0,0.7071067811865476,10,1.0
pg6_11,42,10,0.3118033988749895,0.25,1.118033988749895,0.3118033988749895,0.25,1.118033988749895,10,1.0
pg6_11,43,10,0.27071067811865474,0.0,1.0,0.27071067811865474,0.0,1.0,10,1.0
pg6_11,44,10,0.17071067811865476,0.0,0.7071067811865476,0.17071067811865476,0.0,0.7071067811865476,10,1.0
pg6_11,45,10,0.16180339887498948,0.0,1.118033988749895,0.16180339887498948,0.0,1.118033988749895,10,1.0
pg6_11,46,10,0.3199172818834085,0.0,1.5811388300841898,0.3199172818834085,0.0,1.5811388300841898,10,1.0
pg6_11,47,10,0.17071067811865476,0.0,1.0,0.17071067811865476,0.0,1.0,10,1.0
pg6_11,48,10,0.3118033988749895,0.0,1.5,0.3118033988749895,0.0,1.5,10,1.0
pg6_11,49,10,0.16180339887498948,0.0,1.118033988749895,0.16180339887498948,0.0,1.118033988749895,10,1.0
pg6_11,50,10,0.3869384441354927,0.0,1.5811388300841898,0.3869384441354927,0.0,1.5811388300841898,10,1.0
pg6_11,51,10,0.1,0.0,0.5,0.1,0.0,0.5,10,1.0
pg6_11,52,10,0.29142135623730947,0.0,1.5,0.29142135623730947,0.0,1.5,10,1.0
pg6_11,53,10,0.508113883008419,0.25,1.5811388300841898,0.508113883008419,0.25,1.5811388300841898,10,1.0
pg6_11,54,10,0.1,0.0,0.5,0.1,0.0,0.5,10,1.0
pg6_11,55,10,0.24142135623730948,0.0,0.7071067811865476,0.24142135623730948,0.0,0.7071067811865476,10,1.0
pg6_11,56,10,0.2118033988749895,0.0,1.118033988749895,0.2118033988749895,0.0,1.118033988749895,10,1.0
pg6_11,57,10,0.1,0.0,0.5,0.1,0.0,0.5,10,1.0
pg6_11,58,10,0.24142135623730948,0.0,0.7071067811865476,0.24142135623730948,0.0,0.7071067811865476,10,1.0
pg6_11,59,10,0.2618033988749895,0.0,1.118033988749895,0.2618033988749895,0.0,1.118033988749895,10,1.0
pg6_11,60,10,0.27071067811865474,0.0,1.0,0.27071067811865474,0.0,1.0,10,1.0
pg6_11,61,10,0.36180339887498947,0.25,1.118033988749895,0.36180339887498947,0.25,1.118033988749895,10,1.0
pg6_11,62,10,0.22071067811865475,0.0,0.7071067811865476,0.22071067811865475,0.0,0.7071067811865476,10,1.0
pg6_11,63,10,0.27071067811865474,0.0,1.0,0.27071067811865474,0.0,1.0,10,1.0
pg6_11,64,10,0.403224755112299,0.25,1.118033988749895,0.403224755112299,0.25,1.118033988749895,10,1.0
pg6_11,65,10,0.475661653798294,0.0,2.5495097567963922,0.475661653798294,0.0,2.5495097567963922,10,1.0
pg6_11,66,10,0.4707106781186548,0.0,3.0,0.4707106781186548,0.0,3.0,10,1.0
pg6_11,67,10,0.8465855267279968,0.0,5.522680508593631,0.8465855267279968,0.0,5.522680508593631,10,1.0
pg6_11,68,10,0.45098824189185416,0.25,1.8027756377319946,0.45098824189185416,0.25,1.8027756377319946,10,1.0
pg6_11,69,10,0.5627916407668436,0.3535533905932738,1.8027756377319946,0.5627916407668436,0.3535533905932738,1.8027756377319946,10,1.0
pg6_11,70,10,0.7982018373918123,0.0,4.47213595499958,0.7982018373918123,0.0,4.47213595499958,10,1.0
pg6_11,71,10,0.44208096264818897,0.0,1.8027756377319946,0.44208096264818897,0.0,1.8027756377319946,10,1.0
pg6_11,72,10,0.5320493162393728,0.25,1.5811388300841898,0.5320493162393728,0.25,1.5811388300841898,10,1.0
pg6_11,73,10,0.43350231888549845,0.0,1.8027756377319946,0.43350231888549845,0.0,1.8027756377319946,10,1.0
pg6_11,74,10,0.5509882418918541,0.25,1.8027756377319946,0.5509882418918541,0.25,1.8027756377319946,10,1.0
pg6_11,75,10,0.5946461113496084,0.5,2.1213203435596424,0.5946461113496084,0.5,2.1213203435596424,10,1.0
pg6_11,76,10,0.4302775637731995,0.0,1.8027756377319946,0.4302775637731995,0.0,1.8027756377319946,10,1.0
pg6_11,77,10,0.5825140769936443,0.25,2.5,0.5825140769936443,0.25,2.5,10,1.0
pg6_11,78,10,0.47426406871192855,0.25,2.1213203435596424,0.47426406871192855,0.25,2.1213203435596424,10,1.0
pg6_11,79,10,0.5561208747436233,0.25,2.23606797749979,0.5561208747436233,0.25,2.23606797749979,10,1.0
pg6_11,80,10,0.523606797749979,0.0,2.5,0.523606797749979,0.0,2.5,10,1.0
pg6_11,81,10,0.5446461113496085,0.5,2.1213203435596424,0.5446461113496085,0.5,2.1213203435596424,10,1.0
pg6_11,82,10,0.6317206807583979,0.5,2.23606797749979,0.6317206807583979,0.5,2.23606797749979,10,1.0
pg6_11,83,10,0.7135757162253589,0.3535533905932738,2.692582403567252,0.7135757162253589,0.3535533905932738,2.692582403567252,10,1.0
pg6_11,84,10,0.9321755547443283,0.9125703849682212,2.9154759474226504,0.9321755547443283,0.9125703849682212,2.9154759474226504,10,1.0
pg6_11,85,10,0.8964985704219043,0.5,2.9154759474226504,0.8964985704219043,0.5,2.9154759474226504,10,1.0
pg6_11,86,10,0.6692582403567252,0.0,2.692582403567252,0.6692582403567252,0.0,2.692582403567252,10,1.0
pg6_11,87,10,0.8302169530167923,0.6035533905932737,2.9154759474226504,0.8302169530167923,0.6035533905932737,2.9154759474226504,10,1.0
pg6_11,88,10,0.8192582403567252,0.5,2.692582403567252,0.8192582403567252,0.5,2.692582403567252,10,1.0
pg6_11,89,10,0.7,0.5,2.5,0.7,0.5,2.5,10,1.0
pg6_11,90,10,0.8478708664619076,0.6035533905932737,2.8284271247461903,0.8478708664619076,0.6035533905932737,2.8284271247461903,10,1.0
pg6_11,91,10,0.8771601883432527,0.6035533905932737,2.8284271247461903,0.8771601883432527,0.6035533905932737,2.8284271247461903,10,1.0
pg6_11,92,10,0.6621320343559642,0.0,2.5,0.6621320343559642,0.0,2.5,10,1.0
pg6_11,93,10,0.8564495102245979,0.5,2.8284271247461903,0.8564495102245979,0.5,2.8284271247461903,10,1.0
pg6_11,94,10,0.9559847494703264,0.75,2.8284271247461903,0.9559847494703264,0.75,2.8284271247461903,10,1.0
pg6_11,95,10,0.840956595483038,0.75,2.8284271247461903,0.840956595483038,0.75,2.8284271247461903,10,1.0
pg6_11,96,10,0.9443174758686338,0.8535533905932737,2.5,0.9443174758686338,0.8535533905932737,2.5,10,1.0
pg6_11,97,10,0.9581138830084189,0.5,2.5,0.9581138830084189,0.5,2.5,10,1.0
pg6_12,2,10,3.254235894687313,3.4970784554449716,4.949747468305833,3.254235894687313,3.4970784554449716,4.949747468305833,10,1.0
pg6_12,3,10,0.25615528128088305,0.0,2.0615528128088303,0.25615528128088305,0.0,2.0615528128088303,10,1.0
pg6_12,4,10,0.1,0.0,0.5,0.1,0.0,0.5,10,1.0
pg6_12,5,10,0.05,0.0,0.5,0.05,0.0,0.5,10,1.0
pg6_12,6,10,0.0,0.0,0.0,0.0,0.0,0.0,10,1.0
pg6_12,7,10,0.05,0.0,0.5,0.05,0.0,0.5,10,1.0
pg6_12,8,10,0.0,0.0,0.0,0.0,0.0,0.0,10,1.0
pg6_12,9,10,0.05,0.0,0.5,0.05,0.0,0.5,10,1.0
pg6_12,10,10,0.1,0.0,0.5,0.1,0.0,0.5,10,1.0
pg6_12,11,10,0.05,0.0,0.5,0.05,0.0,0.5,10,1.0
pg6_12,12,10,0.16180339887498948,0.0,1.118033988749895,0.16180339887498948,0.0,1.118033988749895,10,1.0
pg6_12,13,10,0.0,0.0,0.0,0.0,0.0,0.0,10,1.0
pg6_12,14,10,0.20615528128088303,0.0,2.0615528128088303,0.20615528128088303,0.0,2.0615528128088303,10,1.0
pg6_12,15,10,0.0,0.0,0.0,0.0,0.0,0.0,10,1.0
pg6_12,16,10,0.20615528128088303,0.0,2.0615528128088303,0.20615528128088303,0.0,2.0615528128088303,10,1.0
pg6_12,17,10,0.05,0.0,0.5,0.05,0.0,0.5,10,1.0
pg6_12,18,10,0.1,0.0,0.5,0.1,0.0,0.5,10,1.0
pg6_12,19,10,0.12071067811865474,0.0,0.7071067811865476,0.12071067811865474,0.0,0.7071067811865476,10,1.0
pg6_12,20,10,0.3,0.0,2.5,0.3,0.0,2.5,10,1.0
pg6_12,21,10,0.208113883008419,0.0,1.5811388300841898,0.208113883008419,0.0,1.5811388300841898,10,1.0
pg6_12,22,10,0.466227766016838,0.0,3.1622776601683795,0.466227766016838,0.0,3.1622776601683795,10,1.0
pg6_12,23,10,0.35615528128088303,0.0,2.0615528128088303,0.35615528128088303,0.0,2.0615528128088303,10,1.0
pg6_12,24,10,0.2,0.0,0.5,0.2,0.0,0.5,10,1.0
pg6_12,25,10,0.15,0.0,0.5,0.15,0.0,0.5,10,1.0
pg6_12,26,10,0.4325140769936443,0.5,1.118033988749895,0.4325140769936443,0.5,1.118033988749895,10,1.0
pg6_12,27,10,0.1,0.0,0.5,0.1,0.0,0.5,10,1.0
pg6_12,28,10,0.25,0.0,1.0,0.25,0.0,1.0,10,1.0
pg6_12,29,10,0.25,0.25,0.5,0.25,0.25,0.5,10,1.0
pg6_12,30,10,0.12071067811865474,0.0,0.7071067811865476,0.12071067811865474,0.0,0.7071067811865476,10,1.0
pg6_12,31,10,0.15,0.0,0.5,0.15,0.0,0.5,10,1.0
pg6_12,32,10,0.2,0.0,0.5,0.2,0.0,0.5,10,1.0
pg6_12,33,10,0.29142135623730947,0.25,0.7071067811865476,0.29142135623730947,0.25,0.7071067811865476,10,1.0
pg6_12,34,10,0.17071067811865476,0.0,0.7071067811865476,0.17071067811865476,0.0,0.7071067811865476,10,1.0
pg6_12,35,10,0.2825140769936442,0.0,1.118033988749895,0.2825140769936442,0.0,1.118033988749895,10,1.0
pg6_12,36,10,0.5487418430104822,0.0,3.1622776601683795,0.5487418430104822,0.0,3.1622776601683795,10,1.0
pg6_12,37,10,0.5035533905932738,0.5,1.4142135623730951,0.5035533905932738,0.5,1.4142135623730951,10,1.0
pg6_12,38,10,0.2825140769936442,0.0,1.118033988749895,0.2825140769936442,0.0,1.118033988749895,10,1.0
pg6_12,39,10,0.5886693582745273,0.5,2.0615528128088303,0.5886693582745273,0.5,2.0615528128088303,10,1.0
pg6_12,40,10,0.553224755112299,0.6035533905932737,1.5,0.553224755112299,0.6035533905932737,1.5,10,1.0
pg6_12,41,10,0.5914213562373096,0.6035533905932737,1.5,0.5914213562373096,0.6035533905932737,1.5,10,1.0
pg6_12,42,10,0.4288245611270737,0.25,1.5811388300841898,0.4288245611270737,0.25,1.5811388300841898,10,1.0
pg6_12,43,10,0.508113883008419,0.5,1.5811388300841898,0.508113883008419,0.5,1.5811388300841898,10,1.0
pg6_12,44,10,0.7239354332309537,0.5,1.5,0.7239354332309537,0.5,1.5,10,1.0
pg6_12,45,10,0.4788245611270737,0.5,1.5811388300841898,0.4788245611270737,0.5,1.5811388300841898,10,1.0
pg6_12,46,10,0.503224755112299,0.5,1.118033988749895,0.503224755112299,0.5,1.118033988749895,10,1.0
pg6_12,47,10,0.5702459173643832,0.6035533905932737,1.5811388300841898,0.5702459173643832,0.6035533905932737,1.5811388300841898,10,1.0
pg6_12,48,10,0.8406279600020632,0.6035533905932737,2.5,0.8406279600020632,0.6035533905932737,2.5,10,1.0
pg6_12,49,10,0.928886408910593,0.8535533905932737,2.5495097567963922,0.928886408910593,0.8535533905932737,2.5495097567963922,10,1.0
pg6_12,50,10,0.8702459173643833,0.6035533905932737,3.0,0.8702459173643833,0.6035533905932737,3.0,10,1.0
pg6_12,51,10,0.8768659593995378,0.6035533905932737,2.5,0.8768659593995378,0.6035533905932737,2.5,10,1.0
pg6_12,52,10,0.682842712474619,0.7071067811865476,2.5,0.682842712474619,0.7071067811865476,2.5,10,1.0
pg6_12,53,10,0.7650281539872885,0.75,2.0,0.7650281539872885,0.75,2.0,10,1.0
pg6_12,54,10,0.7207106781186547,0.5,2.5,0.7207106781186547,0.5,2.5,10,1.0
pg6_12,55,10,0.7004727571495168,0.6035533905932737,2.0615528128088303,0.7004727571495168,0.6035533905932737,2.0615528128088303,10,1.0
pg6_12,56,10,0.6854101966249685,0.75,1.118033988749895,0.6854101966249685,0.75,1.118033988749895,10,1.0
pg6_12,57,10,0.4943174758686338,0.5,1.118033988749895,0.4943174758686338,0.5,1.118033988749895,10,1.0
pg6_12,58,10,0.6857388321059432,0.6035533905932737,1.4142135623730951,0.6857388321059432,0.6035533905932737,1.4142135623730951,10,1.0
pg6_12,59,10,0.8268315528622778,1.0590169943749475,1.5,0.8268315528622778,1.0590169943749475,1.5,10,1.0
pg6_12,60,10,0.7363984385168226,0.8535533905932737,1.8027756377319946,0.7363984385168226,0.8535533905932737,1.8027756377319946,10,1.0
pg6_12,61,10,0.7797276724936022,0.9125703849682212,1.118033988749895,0.7797276724936022,0.9125703849682212,1.118033988749895,10,1.0
pg6_12,62,10,0.6943174758686338,0.6035533905932737,1.5,0.6943174758686338,0.6035533905932737,1.5,10,1.0
pg6_12,63,10,0.9090169943749474,1.118033988749895,1.5,0.9090169943749474,1.118033988749895,1.5,10,1.0
pg6_12,64,10,0.840956595483038,0.7071067811865476,1.5811388300841898,0.840956595483038,0.7071067811865476,1.5811388300841898,10,1.0
pg6_12,65,10,0.7406279600020632,0.6035533905932737,1.5811388300841898,0.7406279600020632,0.6035533905932737,1.5811388300841898,10,1.0
pg6_12,66,10,0.8817206807583979,1.0,1.5811388300841898,0.8817206807583979,1.0,1.5811388300841898,10,1.0
pg6_12,67,10,0.961338638120718,1.0,2.0,0.961338638120718,1.0,2.0,10,1.0
pg6_12,68,10,0.882842712474619,0.8535533905932737,1.5,0.882842712474619,0.8535533905932737,1.5,10,1.0
pg6_12,69,10,0.8943174758686337,1.0,1.5,0.8943174758686337,1.0,1.5,10,1.0
pg6_12,70,10,0.9532247551122991,1.0,1.5,0.9532247551122991,1.0,1.5,10,1.0
pg6_12,71,10,0.9446461113496085,1.0,2.0,0.9446461113496085,1.0,2.0,10,1.0
pg6_12,72,10,1.0268659593995377,1.0,2.0615528128088303,1.0268659593995377,1.0,2.0615528128088303,10,1.0
pg6_12,73,10,0.9150281539872885,0.9125703849682212,1.5,0.9150281539872885,0.9125703849682212,1.5,10,1.0
pg6_12,74,10,1.042080962648189,1.0,2.5,1.042080962648189,1.0,2.5,10,1.0
pg6_12,75,10,1.1542129970041533,1.266123775561495,1.8027756377319946,1.1542129970041533,1.266123775561495,1.8027756377319946,10,1.0
pg6_12,76,10,2.249472296755864,1.118033988749895,12.349089035228468,2.249472296755864,1.118033988749895,12.349089035228468,10,1.0
pg6_12,77,10,1.2170830100356036,1.2071067811865475,2.5495097567963922,1.2170830100356036,1.2071067811865475,2.5495097567963922,10,1.0
pg6_12,78,10,1.3224448950812402,1.266123775561495,2.5495097567963922,1.3224448950812402,1.266123775561495,2.5495097567963922,10,1.0
pg6_12,79,10,1.117742616446483,1.0590169943749475,2.5495097567963922,1.117742616446483,1.0590169943749475,2.5495097567963922,10,1.0
pg6_12,80,10,1.2709055237752627,1.3090169943749475,2.5,1.2709055237752627,1.3090169943749475,2.5,10,1.0
pg6_12,81,10,1.2771226528396649,1.118033988749895,2.5495097567963922,1.2771226528396649,1.118033988749895,2.5495097567963922,10,1.0
pg6_12,82,10,1.1788864089105928,1.266123775561495,2.5495097567963922,1.1788864089105928,1.266123775561495,2.5495097567963922,10,1.0
pg6_12,83,10,1.2671308773833665,1.118033988749895,2.5,1.2671308773833665,1.118033988749895,2.5,10,1.0
pg6_12,84,10,1.374868257563048,1.5,2.5495097567963922,1.374868257563048,1.5,2.5495097567963922,10,1.0
pg6_12,85,10,1.3630648586880583,1.5,2.5495097567963922,1.3630648586880583,1.5,2.5495097567963922,10,1.0
pg6_12,86,10,1.385968084299811,1.5,2.5,1.385968084299811,1.5,2.5,10,1.0
pg6_12,87,10,1.3366716564380372,1.3090169943749475,2.5495097567963922,1.3366716564380372,1.3090169943749475,2.5495097567963922,10,1.0
pg6_12,88,10,1.3051458213362472,1.5,2.5495097567963922,1.3051458213362472,1.5,2.5495097567963922,10,1.0
pg6_12,89,10,1.3591021249002733,1.5,2.5,1.3591021249002733,1.5,2.5,10,1.0
pg6_12,90,10,1.3374650526732836,1.3090169943749475,2.5495097567963922,1.3374650526732836,1.3090169943749475,2.5495097567963922,10,1.0
pg6_12,91,10,1.556350126937491,1.540569415042095,2.5,1.556350126937491,1.540569415042095,2.5,10,1.0
pg6_12,92,10,1.3061208747436233,1.5,2.23606797749979,1.3061208747436233,1.5,2.23606797749979,10,1.0
pg6_12,93,10,1.3414213562373096,1.5,2.5,1.3414213562373096,1.5,2.5,10,1.0
pg6_12,94,10,1.4709924573193107,1.540569415042095,2.692582403567252,1.4709924573193107,1.540569415042095,2.692582403567252,10,1.0
pg6_12,95,10,1.4915654779058516,1.5,2.5,1.4915654779058516,1.5,2.5,10,1.0
pg6_12,96,10,1.329804481963367,1.5,2.0615528128088303,1.329804481963367,1.5,2.0615528128088303,10,1.0
pg6_12,97,10,1.4521645711795972,1.5,2.5495097567963922,1.4521645711795972,1.5,2.5495097567963922,10,1.0
pg6_2,2,10,4.389749966023543,4.561552812808831,7.0,4.389749966023543,4.561552812808831,7.0,10,1.0
pg6_2,3,10,0.35,0.0,1.5,0.35,0.0,1.5,10,1.0
pg6_2,4,10,0.05,0.0,0.5,0.05,0.0,0.5,10,1.0
pg6_2,5,10,0.1,0.0,0.5,0.1,0.0,0.5,10,1.0
pg6_2,6,10,0.0,0.0,0.0,0.0,0.0,0.0,10,1.0
pg6_2,7,10,0.15,0.0,1.0,0.15,0.0,1.0,10,1.0
pg6_2,8,10,0.15,0.0,0.5,0.15,0.0,0.5,10,1.0
pg6_2,9,10,0.0,0.0,0.0,0.0,0.0,0.0,10,1.0
pg6_2,10,10,0.05,0.0,0.5,0.05,0.0,0.5,10,1.0
pg6_2,11,10,0.1,0.0,1.0,0.1,0.0,1.0,10,1.0
pg6_2,12,10,0.0,0.0,0.0,0.0,0.0,0.0,10,1.0
pg6_2,13,10,0.0,0.0,0.0,0.0,0.0,0.0,10,1.0
pg6_2,14,10,0.1,0.0,0.5,0.1,0.0,0.5,10,1.0
pg6_2,15,10,0.0,0.0,0.0,0.0,0.0,0.0,10,1.0
pg6_2,16,10,0.0,0.0,0.0,0.0,0.0,0.0,10,1.0
pg6_2,17,10,0.0,0.0,0.0,0.0,0.0,0.0,10,1.0
pg6_2,18,10,0.0,0.0,0.0,0.0,0.0,0.0,10,1.0
pg6_2,19,10,0.0,0.0,0.0,0.0,0.0,0.0,10,1.0
pg6_2,20,10,0.15811388300841897,0.0,1.5811388300841898,0.15811388300841897,0.0,1.5811388300841898,10,1.0
pg6_2,21,10,0.28027756377319946,0.0,1.8027756377319946,0.28027756377319946,0.0,1.8027756377319946,10,1.0
pg6_2,22,10,0.20615528128088303,0.0,2.0615528128088303,0.20615528128088303,0.0,2.0615528128088303,10,1.0
pg6_2,23,10,0.1,0.0,0.5,0.1,0.0,0.5,10,1.0
pg6_2,24,10,0.31213203435596426,0.0,1.4142135623730951,0.31213203435596426,0.0,1.4142135623730951,10,1.0
pg6_2,25,10,0.25322475511229897,0.0,1.118033988749895,0.25322475511229897,0.0,1.118033988749895,10,1.0
pg6_2,26,10,0.36213203435596425,0.0,2.1213203435596424,0.36213203435596425,0.0,2.1213203435596424,10,1.0
pg6_2,27,10,0.30098824189185425,0.0,1.8027756377319946,0.30098824189185425,0.0,1.8027756377319946,10,1.0
pg6_2,28,10,0.2,0.0,0.5,0.2,0.0,0.5,10,1.0
pg6_2,29,10,0.27071067811865474,0.25,0.7071067811865476,0.27071067811865474,0.25,0.7071067811865476,10,1.0
pg6_2,30,10,0.1,0.0,0.5,0.1,0.0,0.5,10,1.0
pg6_2,31,10,0.35,0.5,0.5,0.35,0.5,0.5,10,1.0
pg6_2,32,10,0.05,0.0,0.5,0.05,0.0,0.5,10,1.0
pg6_2,33,10,0.3207106781186547,0.5,0.7071067811865476,0.3207106781186547,0.5,0.7071067811865476,10,1.0
pg6_2,34,10,0.22071067811865475,0.0,0.7071067811865476,0.22071067811865475,0.0,0.7071067811865476,10,1.0
pg6_2,35,10,0.1,0.0,0.5,0.1,0.0,0.5,10,1.0
pg6_2,36,10,0.3,0.5,0.5,0.3,0.5,0.5,10,1.0
pg6_2,37,10,0.15,0.0,0.5,0.15,0.0,0.5,10,1.0
pg6_2,38,10,0.22071067811865475,0.0,0.7071067811865476,0.22071067811865475,0.0,0.7071067811865476,10,1.0
pg6_2,39,10,0.12071067811865474,0.0,0.7071067811865476,0.12071067811865474,0.0,0.7071067811865476,10,1.0
pg6_2,40,10,0.15,0.0,0.5,0.15,0.0,0.5,10,1.0
pg6_2,41,10,0.15,0.0,0.5,0.15,0.0,0.5,10,1.0
pg6_2,42,10,0.2,0.0,0.5,0.2,0.0,0.5,10,1.0
pg6_2,43,10,0.17071067811865476,0.0,0.7071067811865476,0.17071067811865476,0.0,0.7071067811865476,10,1.0
pg6_2,44,10,0.31213203435596426,0.25,0.7071067811865476,0.31213203435596426,0.25,0.7071067811865476,10,1.0
pg6_2,45,10,0.2118033988749895,0.0,1.118033988749895,0.2118033988749895,0.0,1.118033988749895,10,1.0
pg6_2,46,10,0.24142135623730948,0.0,0.7071067811865476,0.24142135623730948,0.0,0.7071067811865476,10,1.0
pg6_2,47,10,0.5127916407668437,0.5,1.8027756377319946,0.5127916407668437,0.5,1.8027756377319946,10,1.0
pg6_2,48,10,0.45,0.25,2.5,0.45,0.25,2.5,10,1.0
pg6_2,49,10,0.5618033988749895,0.5,2.5,0.5618033988749895,0.5,2.5,10,1.0
pg6_2,50,10,0.4443174758686338,0.5,1.118033988749895,0.4443174758686338,0.5,1.118033988749895,10,1.0
pg6_2,51,10,0.27071067811865474,0.25,0.7071067811865476,0.27071067811865474,0.25,0.7071067811865476,10,1.0
pg6_2,52,10,0.33284271247461905,0.0,1.4142135623730951,0.33284271247461905,0.0,1.4142135623730951,10,1.0
pg6_2,53,10,0.3414213562373095,0.5,0.7071067811865476,0.3414213562373095,0.5,0.7071067811865476,10,1.0
pg6_2,54,10,0.4207106781186548,0.5,1.0,0.4207106781186548,0.5,1.0,10,1.0
pg6_2,55,10,0.25,0.25,0.5,0.25,0.25,0.5,10,1.0
pg6_2,56,10,0.2,0.0,0.5,0.2,0.0,0.5,10,1.0
pg6_2,57,10,0.3325140769936442,0.25,1.118033988749895,0.3325140769936442,0.25,1.118033988749895,10,1.0
pg6_2,58,10,0.5495352392457284,0.5,1.5811388300841898,0.5495352392457284,0.5,1.5811388300841898,10,1.0
pg6_2,59,10,0.5446461113496085,0.5,1.4142135623730951,0.5446461113496085,0.5,1.4142135623730951,10,1.0
pg6_2,60,10,0.5320493162393728,0.6035533905932737,1.5811388300841898,0.5320493162393728,0.6035533905932737,1.5811388300841898,10,1.0
pg6_2,61,10,0.48573883210594326,0.6035533905932737,1.118033988749895,0.48573883210594326,0.6035533905932737,1.118033988749895,10,1.0
pg6_2,62,10,0.7901631992477917,0.7071067811865476,3.1622776601683795,0.7901631992477917,0.7071067811865476,3.1622776601683795,10,1.0
pg6_2,63,10,0.4302775637731995,0.25,1.8027756377319946,0.4302775637731995,0.25,1.8027756377319946,10,1.0
pg6_2,64,10,0.6825140769936443,0.6035533905932737,1.5,0.6825140769936443,0.6035533905932737,1.5,10,1.0
pg6_2,65,10,0.753224755112299,0.7071067811865476,1.5,0.753224755112299,0.7071067811865476,1.5,10,1.0
pg6_2,66,10,0.6650281539872884,0.7071067811865476,1.5,0.6650281539872884,0.7071067811865476,1.5,10,1.0
pg6_2,67,10,0.5621320343559643,0.6035533905932737,1.5,0.5621320343559643,0.6035533905932737,1.5,10,1.0
pg6_2,68,10,0.6443174758686337,0.6035533905932737,1.5,0.6443174758686337,0.6035533905932737,1.5,10,1.0
pg6_2,69,10,0.5532247551122991,0.6035533905932737,1.118033988749895,0.5532247551122991,0.6035533905932737,1.118033988749895,10,1.0
pg6_2,70,10,0.5621320343559641,0.5,1.5,0.5621320343559641,0.5,1.5,10,1.0
pg6_2,71,10,0.7118033988749894,0.75,1.5,0.7118033988749894,0.75,1.5,10,1.0
pg6_2,72,10,0.7524313588770528,0.6035533905932737,1.5811388300841898,0.7524313588770528,0.6035533905932737,1.5811388300841898,10,1.0
pg6_2,73,10,0.5118033988749895,0.5,1.118033988749895,0.5118033988749895,0.5,1.118033988749895,10,1.0
pg6_2,74,10,0.5914213562373096,0.6035533905932737,1.5,0.5914213562373096,0.6035533905932737,1.5,10,1.0
pg6_2,75,10,0.9076491222541476,0.8535533905932737,2.0,0.9076491222541476,0.8535533905932737,2.0,10,1.0
pg6_2,76,10,0.7414213562373095,0.7071067811865476,1.5,0.7414213562373095,0.7071067811865476,1.5,10,1.0
pg6_2,77,10,0.9209055237752628,0.8535533905932737,2.0,0.9209055237752628,0.8535533905932737,2.0,10,1.0
pg6_2,78,10,0.839834563766817,0.8090169943749475,2.0,0.839834563766817,0.8090169943749475,2.0,10,1.0
pg6_2,79,10,0.6650281539872884,0.5,1.5,0.6650281539872884,0.5,1.5,10,1.0
pg6_2,80,10,1.095305717760488,0.9125703849682212,3.0,1.095305717760488,0.9125703849682212,3.0,10,1.0
pg6_2,81,10,0.6820493162393728,0.6035533905932737,1.5811388300841898,0.6820493162393728,0.6035533905932737,1.5811388300841898,10,1.0
pg6_2,82,10,0.7815845554851013,0.9125703849682212,1.5811388300841898,0.7815845554851013,0.9125703849682212,1.5811388300841898,10,1.0
pg6_2,83,10,0.7820493162393728,0.8535533905932737,1.5811388300841898,0.7820493162393728,0.8535533905932737,1.5811388300841898,10,1.0
pg6_2,84,10,0.8965053297900376,0.75,1.8027756377319946,0.8965053297900376,0.75,1.8027756377319946,10,1.0
pg6_2,85,10,0.7946461113496085,1.0,1.4142135623730951,0.7946461113496085,1.0,1.4142135623730951,10,1.0
pg6_2,86,10,0.7591021249002733,0.6035533905932737,1.8027756377319946,0.7591021249002733,0.6035533905932737,1.8027756377319946,10,1.0
pg6_2,87,10,0.9721669835883313,0.8535533905932737,2.5495097567963922,0.9721669835883313,0.8535533905932737,2.5495097567963922,10,1.0
pg6_2,88,10,0.9231426018799036,1.0,2.692582403567252,0.9231426018799036,1.0,2.692582403567252,10,1.0
pg6_2,89,10,1.1571091166354774,1.266123775561495,2.23606797749979,1.1571091166354774,1.266123775561495,2.23606797749979,10,1.0
pg6_2,90,10,1.173619986234457,1.5,2.5495097567963922,1.173619986234457,1.5,2.5495097567963922,10,1.0
pg6_2,91,10,1.0460897932190032,1.118033988749895,2.692582403567252,1.0460897932190032,1.118033988749895,2.692582403567252,10,1.0
pg6_2,92,10,1.2212347241404338,1.2071067811865475,2.692582403567252,1.2212347241404338,1.2071067811865475,2.692582403567252,10,1.0
pg6_2,93,10,1.145114174927431,1.266123775561495,2.5495097567963922,1.145114174927431,1.266123775561495,2.5495097567963922,10,1.0
pg6_2,94,10,1.0467488347456864,1.118033988749895,2.23606797749979,1.0467488347456864,1.118033988749895,2.23606797749979,10,1.0
pg6_2,95,10,1.0280930126753467,1.0590169943749475,2.5495097567963922,1.0280930126753467,1.0590169943749475,2.5495097567963922,10,1.0
pg6_2,96,10,1.0424002773524326,1.118033988749895,2.692582403567252,1.0424002773524326,1.118033988749895,2.692582403567252,10,1.0
pg6_2,97,10,1.0305968784774433,1.0590169943749475,2.692582403567252,1.0305968784774433,1.0590169943749475,2.692582403567252,10,1.0
pg6_3,2,10,4.777318918084478,4.767100564772248,6.4031242374328485,4.777318918084478,4.767100564772248,6.4031242374328485,10,1.0
pg6_3,3,10,0.12071067811865474,0.0,0.7071067811865476,0.12071067811865474,0.0,0.7071067811865476,10,1.0
pg6_3,4,10,0.15,0.0,1.0,0.15,0.0,1.0,10,1.0
pg6_3,5,10,0.05,0.0,0.5,0.05,0.0,0.5,10,1.0
pg6_3,6,10,0.1,0.0,0.5,0.1,0.0,0.5,10,1.0
pg6_3,7,10,0.0,0.0,0.0,0.0,0.0,0.0,10,1.0
pg6_3,8,10,0.1,0.0,0.5,0.1,0.0,0.5,10,1.0
pg6_3,9,10,0.05,0.0,0.5,0.05,0.0,0.5,10,1.0
pg6_3,10,10,0.05,0.0,0.5,0.05,0.0,0.5,10,1.0
pg6_3,11,10,0.0,0.0,0.0,0.0,0.0,0.0,10,1.0
pg6_3,12,10,0.0,0.0,0.0,0.0,0.0,0.0,10,1.0
pg6_3,13,10,0.0,0.0,0.0,0.0,0.0,0.0,10,1.0
pg6_3,14,10,0.0,0.0,0.0,0.0,0.0,0.0,10,1.0
pg6_3,15,10,0.0,0.0,0.0,0.0,0.0,0.0,10,1.0
pg6_3,16,10,0.25615528128088305,0.0,2.0615528128088303,0.25615528128088305,0.0,2.0615528128088303,10,1.0
pg6_3,17,10,0.0,0.0,0.0,0.0,0.0,0.0,10,1.0
pg6_3,18,10,0.0,0.0,0.0,0.0,0.0,0.0,10,1.0
pg6_3,19,10,0.2,0.0,1.0,0.2,0.0,1.0,10,1.0
pg6_3,20,10,0.05,0.0,0.5,0.05,0.0,0.5,10,1.0
pg6_3,21,10,0.07071067811865475,0.0,0.7071067811865476,0.07071067811865475,0.0,0.7071067811865476,10,1.0
pg6_3,22,10,0.0,0.0,0.0,0.0,0.0,0.0,10,1.0
pg6_3,23,10,0.05,0.0,0.5,0.05,0.0,0.5,10,1.0
pg6_3,24,10,0.0,0.0,0.0,0.0,0.0,0.0,10,1.0
pg6_3,25,10,0.30615528128088304,0.0,2.0615528128088303,0.30615528128088304,0.0,2.0615528128088303,10,1.0
pg6_3,26,10,0.05,0.0,0.5,0.05,0.0,0.5,10,1.0
pg6_3,27,10,0.05,0.0,0.5,0.05,0.0,0.5,10,1.0
pg6_3,28,10,0.0,0.0,0.0,0.0,0.0,0.0,10,1.0
pg6_3,29,10,0.1,0.0,0.5,0.1,0.0,0.5,10,1.0
pg6_3,30,10,0.05,0.0,0.5,0.05,0.0,0.5,10,1.0
pg6_3,31,10,0.05,0.0,0.5,0.05,0.0,0.5,10,1.0
pg6_3,32,10,0.0,0.0,0.0,0.0,0.0,0.0,10,1.0
pg6_3,33,10,0.05,0.0,0.5,0.05,0.0,0.5,10,1.0
pg6_3,34,10,0.32360679774997897,0.0,1.118033988749895,0.32360679774997897,0.0,1.118033988749895,10,1.0
pg6_3,35,10,0.22071067811865475,0.0,0.7071067811865476,0.22071067811865475,0.0,0.7071067811865476,10,1.0
pg6_3,36,10,0.20615528128088303,0.0,2.0615528128088303,0.20615528128088303,0.0,2.0615528128088303,10,1.0
pg6_3,37,10,0.12071067811865474,0.0,0.7071067811865476,0.12071067811865474,0.0,0.7071067811865476,10,1.0
pg6_3,38,10,0.258113883008419,0.0,1.5811388300841898,0.258113883008419,0.0,1.5811388300841898,10,1.0
pg6_3,39,10,0.1,0.0,0.5,0.1,0.0,0.5,10,1.0
pg6_3,40,10,0.258113883008419,0.0,1.5811388300841898,0.258113883008419,0.0,1.5811388300841898,10,1.0
pg6_3,41,10,0.15,0.0,1.0,0.15,0.0,1.0,10,1.0
pg6_3,42,10,0.17071067811865476,0.0,0.7071067811865476,0.17071067811865476,0.0,0.7071067811865476,10,1.0
pg6_3,43,10,0.3199172818834085,0.0,1.5811388300841898,0.3199172818834085,0.0,1.5811388300841898,10,1.0
pg6_3,44,10,0.1,0.0,0.5,0.1,0.0,0.5,10,1.0
pg6_3,45,10,0.2118033988749895,0.0,1.118033988749895,0.2118033988749895,0.0,1.118033988749895,10,1.0
pg6_3,46,10,0.3,0.0,1.5,0.3,0.0,1.5,10,1.0
pg6_3,47,10,0.42024591736438327,0.0,1.5811388300841898,0.42024591736438327,0.0,1.5811388300841898,10,1.0
pg6_3,48,10,0.35,0.0,1.5,0.35,0.0,1.5,10,1.0
pg6_3,49,10,0.2,0.0,1.5,0.2,0.0,1.5,10,1.0
pg6_3,50,10,0.4561208747436233,0.0,2.23606797749979,0.4561208747436233,0.0,2.23606797749979,10,1.0
pg6_3,51,10,1.2926111583187416,0.0,10.51189802081432,1.2926111583187416,0.0,10.51189802081432,10,1.0
pg6_3,52,10,0.5179586801558725,0.0,2.0615528128088303,0.5179586801558725,0.0,2.0615528128088303,10,1.0
pg6_3,53,10,0.46133863812071796,0.0,1.5811388300841898,0.46133863812071796,0.0,1.5811388300841898,10,1.0
pg6_3,54,10,0.7686690105548178,0.5,3.605551275463989,0.7686690105548178,0.5,3.605551275463989,10,1.0
pg6_3,55,10,0.6130648586880583,0.0,2.5495097567963922,0.6130648586880583,0.0,2.5495097567963922,10,1.0
pg6_3,56,10,1.8898959893360545,0.5,14.317821063276353,1.8898959893360545,0.5,14.317821063276353,10,1.0
pg6_3,57,10,0.6864328450540824,0.5,2.0615528128088303,0.6864328450540824,0.5,2.0615528128088303,10,1.0
pg6_3,58,10,0.6204244455701851,0.0,2.0615528128088303,0.6204244455701851,0.0,2.0615528128088303,10,1.0
pg6_3,59,10,0.8130648586880582,0.5,2.5495097567963922,0.8130648586880582,0.5,2.5495097567963922,10,1.0
pg6_3,60,10,0.6359173603117452,0.0,2.23606797749979,0.6359173603117452,0.0,2.23606797749979,10,1.0
pg6_3,61,10,0.7049509756796393,0.5,2.5495097567963922,0.7049509756796393,0.5,2.5495097567963922,10,1.0
pg6_3,62,10,0.7425881263349655,0.25,2.0615528128088303,0.7425881263349655,0.25,2.0615528128088303,10,1.0
pg6_3,63,10,0.7425881263349655,0.5,2.0615528128088303,0.7425881263349655,0.5,2.0615528128088303,10,1.0
pg6_3,64,10,0.6883914467816185,0.5,2.0,0.6883914467816185,0.5,2.0,10,1.0
pg6_3,65,10,0.8606414962062507,0.7071067811865476,2.5495097567963922,0.8606414962062507,0.7071067811865476,2.5495097567963922,10,1.0
pg6_3,66,10,0.6925881263349656,0.25,2.0615528128088303,0.6925881263349656,0.25,2.0615528128088303,10,1.0
pg6_3,67,10,0.6561552812808831,0.25,2.0615528128088303,0.6561552812808831,0.25,2.0615528128088303,10,1.0
pg6_3,68,10,0.8623105625617662,0.5,2.0615528128088303,0.8623105625617662,0.5,2.0615528128088303,10,1.0
pg6_3,69,10,0.5830212406804208,0.25,2.0615528128088303,0.5830212406804208,0.25,2.0615528128088303,10,1.0
pg6_3,70,10,0.720424445570185,0.5,2.0615528128088303,0.720424445570185,0.5,2.0615528128088303,10,1.0
pg6_3,71,10,0.6679586801558726,0.5,2.0615528128088303,0.6679586801558726,0.5,2.0615528128088303,10,1.0
pg6_3,72,10,0.6630648586880582,0.0,2.5495097567963922,0.6630648586880582,0.0,2.5495097567963922,10,1.0
pg6_3,73,10,0.6948246395554103,0.5,2.0615528128088303,0.6948246395554103,0.5,2.0615528128088303,10,1.0
pg6_3,74,10,0.679762079030862,0.25,2.0615528128088303,0.679762079030862,0.25,2.0615528128088303,10,1.0
pg6_3,75,10,0.8386693582745274,0.5,2.5,0.8386693582745274,0.5,2.5,10,1.0
pg6_3,76,10,0.672383047297721,0.5,2.0615528128088303,0.672383047297721,0.5,2.0615528128088303,10,1.0
pg6_3,77,10,0.773606797749979,0.5,2.5,0.773606797749979,0.5,2.5,10,1.0
pg6_3,78,10,0.9142691642893019,0.75,2.5,0.9142691642893019,0.75,2.5,10,1.0
pg6_3,79,10,0.9416031791881944,0.5,3.0413812651491097,0.9416031791881944,0.5,3.0413812651491097,10,1.0
pg6_3,80,10,0.9098862003587884,0.6035533905932737,2.692582403567252,0.9098862003587884,0.6035533905932737,2.692582403567252,10,1.0
pg6_3,81,10,0.9704340036528579,0.7071067811865476,2.9154759474226504,0.9704340036528579,0.7071067811865476,2.9154759474226504,10,1.0
pg6_3,82,10,0.929292624704896,0.25,3.1622776601683795,0.929292624704896,0.25,3.1622776601683795,10,1.0
pg6_3,83,10,0.8606795965940346,0.7071067811865476,2.692582403567252,0.8606795965940346,0.7071067811865476,2.692582403567252,10,1.0
pg6_3,84,10,1.0148371760384276,0.6035533905932737,2.692582403567252,1.0148371760384276,0.6035533905932737,2.692582403567252,10,1.0
pg6_3,85,10,0.8345150816536853,0.5,3.1622776601683795,0.8345150816536853,0.5,3.1622776601683795,10,1.0
pg6_3,86,10,0.963575716225359,0.6035533905932737,2.692582403567252,0.963575716225359,0.6035533905932737,2.692582403567252,10,1.0
pg6_3,87,10,0.9202459173643833,0.6035533905932737,2.5,0.9202459173643833,0.6035533905932737,2.5,10,1.0
pg6_3,88,10,0.7162701608708752,0.3535533905932738,3.0413812651491097,0.7162701608708752,0.3535533905932738,3.0413812651491097,10,1.0
pg6_3,89,10,1.0305968784774433,0.7071067811865476,2.692582403567252,1.0305968784774433,0.7071067811865476,2.692582403567252,10,1.0
pg6_3,90,10,0.8517723173503693,0.5,2.692582403567252,0.8517723173503693,0.5,2.692582403567252,10,1.0
pg6_3,91,10,0.866227766016838,0.5,3.1622776601683795,0.866227766016838,0.5,3.1622776601683795,10,1.0
pg6_3,92,10,0.7656305722736739,0.5,2.692582403567252,0.7656305722736739,0.5,2.692582403567252,10,1.0
pg6_3,93,10,0.7273721233651442,0.5,2.692582403567252,0.7273721233651442,0.5,2.692582403567252,10,1.0
pg6_3,94,10,0.7017723173503695,0.6035533905932737,2.692582403567252,0.7017723173503695,0.6035533905932737,2.692582403567252,10,1.0
pg6_3,95,10,0.9026481266606561,0.6035533905932737,4.031128874149275,0.9026481266606561,0.6035533905932737,4.031128874149275,10,1.0
pg6_3,96,10,1.1374854294895516,0.6035533905932737,4.527692569068709,1.1374854294895516,0.6035533905932737,4.527692569068709,10,1.0
pg6_3,97,10,1.2096249829257721,0.6035533905932737,4.527692569068709,1.2096249829257721,0.6035533905932737,4.527692569068709,10,1.0
pg6_4,2,10,6.012782987963094,5.925874592120724,7.615773105863909,6.012782987963094,5.925874592120724,7.615773105863909,10,1.0
pg6_4,3,10,0.12071067811865474,0.0,0.7071067811865476,0.12071067811865474,0.0,0.7071067811865476,10,1.0
pg6_4,4,10,0.05,0.0,0.5,0.05,0.0,0.5,10,1.0
pg6_4,5,10,0.0,0.0,0.0,0.0,0.0,0.0,10,1.0
pg6_4,6,10,0.0,0.0,0.0,0.0,0.0,0.0,10,1.0
pg6_4,7,10,0.0,0.0,0.0,0.0,0.0,0.0,10,1.0
pg6_4,8,10,0.0,0.0,0.0,0.0,0.0,0.0,10,1.0
pg6_4,9,10,0.0,0.0,0.0,0.0,0.0,0.0,10,1.0
pg6_4,10,10,0.05,0.0,0.5,0.05,0.0,0.5,10,1.0
pg6_4,11,10,0.07071067811865475,0.0,0.7071067811865476,0.07071067811865475,0.0,0.7071067811865476,10,1.0
pg6_4,12,10,0.0,0.0,0.0,0.0,0.0,0.0,10,1.0
pg6_4,13,10,0.223606797749979,0.0,2.23606797749979,0.223606797749979,0.0,2.23606797749979,10,1.0
pg6_4,14,10,0.07071067811865475,0.0,0.7071067811865476,0.07071067811865475,0.0,0.7071067811865476,10,1.0
pg6_4,15,10,0.05,0.0,0.5,0.05,0.0,0.5,10,1.0
pg6_4,16,10,0.05,0.0,0.5,0.05,0.0,0.5,10,1.0
pg6_4,17,10,0.0,0.0,0.0,0.0,0.0,0.0,10,1.0
pg6_4,18,10,0.0,0.0,0.0,0.0,0.0,0.0,10,1.0
pg6_4,19,10,0.05,0.0,0.5,0.05,0.0,0.5,10,1.0
pg6_4,20,10,0.12071067811865474,0.0,0.7071067811865476,0.12071067811865474,0.0,0.7071067811865476,10,1.0
pg6_4,21,10,0.308113883008419,0.0,1.5811388300841898,0.308113883008419,0.0,1.5811388300841898,10,1.0
pg6_4,22,10,0.0,0.0,0.0,0.0,0.0,0.0,10,1.0
pg6_4,23,10,0.05,0.0,0.5,0.05,0.0,0.5,10,1.0
pg6_4,24,10,0.25615528128088305,0.0,2.0615528128088303,0.25615528128088305,0.0,2.0615528128088303,10,1.0
pg6_4,25,10,0.258113883008419,0.0,1.5811388300841898,0.258113883008419,0.0,1.5811388300841898,10,1.0
pg6_4,26,10,0.0,0.0,0.0,0.0,0.0,0.0,10,1.0
pg6_4,27,10,0.0,0.0,0.0,0.0,0.0,0.0,10,1.0
pg6_4,28,10,0.05,0.0,0.5,0.05,0.0,0.5,10,1.0
pg6_4,29,10,0.1,0.0,0.5,0.1,0.0,0.5,10,1.0
pg6_4,30,10,0.1,0.0,0.5,0.1,0.0,0.5,10,1.0
pg6_4,31,10,0.2,0.0,0.5,0.2,0.0,0.5,10,1.0
pg6_4,32,10,0.3908668899902972,0.0,3.2015621187164243,0.3908668899902972,0.0,3.2015621187164243,10,1.0
pg6_4,33,10,0.05,0.0,0.5,0.05,0.0,0.5,10,1.0
pg6_4,34,10,0.17071067811865476,0.0,0.7071067811865476,0.17071067811865476,0.0,0.7071067811865476,10,1.0
pg6_4,35,10,0.1,0.0,0.5,0.1,0.0,0.5,10,1.0
pg6_4,36,10,0.07071067811865475,0.0,0.7071067811865476,0.07071067811865475,0.0,0.7071067811865476,10,1.0
pg6_4,37,10,1.0483579459809973,0.25,8.276472678623424,1.0483579459809973,0.25,8.276472678623424,10,1.0
pg6_4,38,10,0.4914213562373095,0.5,2.0,0.4914213562373095,0.5,2.0,10,1.0
pg6_4,39,10,0.32360679774997897,0.0,1.118033988749895,0.32360679774997897,0.0,1.118033988749895,10,1.0
pg6_4,40,10,0.3118033988749895,0.25,1.118033988749895,0.3118033988749895,0.25,1.118033988749895,10,1.0
pg6_4,41,10,0.5707106781186548,0.5,2.0,0.5707106781186548,0.5,2.0,10,1.0
pg6_4,42,10,0.17071067811865476,0.0,0.7071067811865476,0.17071067811865476,0.0,0.7071067811865476,10,1.0
pg6_4,43,10,0.3414213562373095,0.5,0.7071067811865476,0.3414213562373095,0.5,0.7071067811865476,10,1.0
pg6_4,44,10,0.17071067811865476,0.0,0.7071067811865476,0.17071067811865476,0.0,0.7071067811865476,10,1.0
pg6_4,45,10,0.29142135623730947,0.25,0.7071067811865476,0.29142135623730947,0.25,0.7071067811865476,10,1.0
pg6_4,46,10,0.25,0.25,0.5,0.25,0.25,0.5,10,1.0
pg6_4,47,10,0.3621320343559643,0.25,1.4142135623730951,0.3621320343559643,0.25,1.4142135623730951,10,1.0
pg6_4,48,10,0.3414213562373095,0.25,1.4142135623730951,0.3414213562373095,0.25,1.4142135623730951,10,1.0
pg6_4,49,10,0.29142135623730947,0.0,1.4142135623730951,0.29142135623730947,0.0,1.4142135623730951,10,1.0
pg6_4,50,10,0.4288245611270738,0.5,1.5811388300841898,0.4288245611270738,0.5,1.5811388300841898,10,1.0
pg6_4,51,10,0.30322475511229896,0.0,1.4142135623730951,0.30322475511229896,0.0,1.4142135623730951,10,1.0
pg6_4,52,10,0.382842712474619,0.25,1.4142135623730951,0.382842712474619,0.25,1.4142135623730951,10,1.0
pg6_4,53,10,0.7364328450540825,0.5,2.0615528128088303,0.7364328450540825,0.5,2.0615528128088303,10,1.0
pg6_4,54,10,0.590956595483038,0.5,1.5811388300841898,0.590956595483038,0.5,1.5811388300841898,10,1.0
pg6_4,55,10,0.44953523924572847,0.25,1.5811388300841898,0.44953523924572847,0.25,1.5811388300841898,10,1.0
pg6_4,56,10,0.5535533905932738,0.5,2.1213203435596424,0.5535533905932738,0.5,2.1213203435596424,10,1.0
pg6_4,57,10,0.403224755112299,0.25,1.118033988749895,0.403224755112299,0.25,1.118033988749895,10,1.0
pg6_4,58,10,0.453224755112299,0.5,1.4142135623730951,0.453224755112299,0.5,1.4142135623730951,10,1.0
pg6_4,59,10,0.6127916407668437,0.5,1.8027756377319946,0.6127916407668437,0.5,1.8027756377319946,10,1.0
pg6_4,60,10,0.6650281539872884,0.5,2.23606797749979,0.6650281539872884,0.5,2.23606797749979,10,1.0
pg6_4,61,10,0.6317206807583979,0.5,2.23606797749979,0.6317206807583979,0.5,2.23606797749979,10,1.0
pg6_4,62,10,0.621698920010509,0.5,1.8027756377319946,0.621698920010509,0.5,1.8027756377319946,10,1.0
pg6_4,63,10,0.5854101966249685,0.5,2.23606797749979,0.5854101966249685,0.5,2.23606797749979,10,1.0
pg6_4,64,10,0.7297620790308621,0.5,2.0615528128088303,0.7297620790308621,0.5,2.0615528128088303,10,1.0
pg6_4,65,10,0.7367270739977976,0.7071067811865476,1.8027756377319946,0.7367270739977976,0.7071067811865476,1.8027756377319946,10,1.0
pg6_4,66,10,0.7453057177604879,0.6035533905932737,2.23606797749979,0.7453057177604879,0.6035533905932737,2.23606797749979,10,1.0
pg6_4,67,10,0.7660163958791427,0.6035533905932737,2.23606797749979,0.7660163958791427,0.6035533905932737,2.23606797749979,10,1.0
pg6_4,68,10,0.7893796886734727,0.5,1.8027756377319946,0.7893796886734727,0.5,1.8027756377319946,10,1.0
pg6_4,69,10,0.6682873156368473,0.5,2.0615528128088303,0.6682873156368473,0.5,2.0615528128088303,10,1.0
pg6_4,70,10,1.5458833749962362,0.7071067811865476,8.06225774829855,1.5458833749962362,0.7071067811865476,8.06225774829855,10,1.0
pg6_4,71,10,0.8879266860273469,0.6035533905932737,3.1622776601683795,0.8879266860273469,0.6035533905932737,3.1622776601683795,10,1.0
pg6_4,72,10,0.7581757307919382,0.5,2.5495097567963922,0.7581757307919382,0.5,2.5495097567963922,10,1.0
pg6_4,73,10,0.7627916407668438,0.5,2.0,0.7627916407668438,0.5,2.0,10,1.0
pg6_4,74,10,0.7924095981291638,0.7071067811865476,2.0,0.7924095981291638,0.7071067811865476,2.0,10,1.0
pg6_4,75,10,0.8482362439290719,0.75,2.0615528128088303,0.8482362439290719,0.75,2.0615528128088303,10,1.0
pg6_4,76,10,0.9239354332309538,0.8535533905932737,2.5,0.9239354332309538,0.8535533905932737,2.5,10,1.0
pg6_4,77,10,0.9273894405371204,0.7071067811865476,2.0615528128088303,0.9273894405371204,0.7071067811865476,2.0615528128088303,10,1.0
pg6_4,78,10,0.921698920010509,0.8535533905932737,2.0,0.921698920010509,0.8535533905932737,2.0,10,1.0
pg6_4,79,10,1.0081218794036644,1.118033988749895,2.0615528128088303,1.0081218794036644,1.118033988749895,2.0615528128088303,10,1.0
pg6_4,80,10,0.9987418430104821,0.9125703849682212,2.5,0.9987418430104821,0.9125703849682212,2.5,10,1.0
pg6_4,81,10,1.0373289273999868,0.8535533905932737,2.5495097567963922,1.0373289273999868,0.8535533905932737,2.5495097567963922,10,1.0
pg6_4,82,10,1.0085866401579358,0.8535533905932737,2.23606797749979,1.0085866401579358,0.8535533905932737,2.23606797749979,10,1.0
pg6_4,83,10,0.895305717760488,0.9125703849682212,2.0,0.895305717760488,0.9125703849682212,2.0,10,1.0
pg6_4,84,10,0.9855033235455395,0.7071067811865476,2.0615528128088303,0.9855033235455395,0.7071067811865476,2.0615528128088303,10,1.0
pg6_4,85,10,1.1167543745546287,1.3090169943749475,2.5495097567963922,1.1167543745546287,1.3090169943749475,2.5495097567963922,10,1.0
pg6_4,86,10,0.9971118767639211,0.8535533905932737,2.0615528128088303,0.9971118767639211,0.8535533905932737,2.0615528128088303,10,1.0
pg6_4,87,10,1.5255492574500518,1.25,6.324555320336759,1.5255492574500518,1.25,6.324555320336759,10,1.0
pg6_4,88,10,0.9325140769936443,0.9125703849682212,2.5,0.9325140769936443,0.9125703849682212,2.5,10,1.0
pg6_4,89,10,1.1251968930440226,1.1035533905932737,2.5495097567963922,1.1251968930440226,1.1035533905932737,2.5495097567963922,10,1.0
pg6_4,90,10,1.407587065874227,1.3090169943749475,5.408326913195984,1.407587065874227,1.3090169943749475,5.408326913195984,10,1.0
pg6_4,91,10,1.18996891847538,1.25,2.692582403567252,1.18996891847538,1.25,2.692582403567252,10,1.0
pg6_4,92,10,1.3352740713516718,1.3090169943749475,3.5355339059327378,1.3352740713516718,1.3090169943749475,3.5355339059327378,10,1.0
pg6_4,93,10,1.2871008141568958,1.25,3.0413812651491097,1.2871008141568958,1.25,3.0413812651491097,10,1.0
pg6_4,94,10,1.1920140885541919,1.3090169943749475,3.0413812651491097,1.1920140885541919,1.3090169943749475,3.0413812651491097,10,1.0
pg6_4,95,10,1.2366716564380371,1.118033988749895,2.5495097567963922,1.2366716564380371,1.118033988749895,2.5495097567963922,10,1.0
pg6_4,96,10,1.2536733657606394,1.0,3.0413812651491097,1.2536733657606394,1.0,3.0413812651491097,10,1.0
pg6_4,97,10,1.2334548977209834,1.118033988749895,3.1622776601683795,1.2334548977209834,1.118033988749895,3.1622776601683795,10,1.0
pg6_5,2,11,2.4872129478606797,2.692582403567252,4.5,2.4872129478606797,2.692582403567252,4.5,11,1.0
pg6_5,3,11,0.2837563948690584,0.0,2.1213203435596424,0.2837563948690584,0.0,2.1213203435596424,11,1.0
pg6_5,4,11,0.18181818181818182,0.0,1.0,0.18181818181818182,0.0,1.0,11,1.0
pg6_5,5,11,0.0,0.0,0.0,0.0,0.0,0.0,11,1.0
pg6_5,6,11,0.22727272727272727,0.0,1.0,0.22727272727272727,0.0,1.0,11,1.0
pg6_5,7,11,0.0,0.0,0.0,0.0,0.0,0.0,11,1.0
pg6_5,8,11,0.0,0.0,0.0,0.0,0.0,0.0,11,1.0
pg6_5,9,11,0.15519152556241342,0.0,0.7071067811865476,0.15519152556241342,0.0,0.7071067811865476,11,1.0
pg6_5,10,11,0.0,0.0,0.0,0.0,0.0,0.0,11,1.0
pg6_5,11,11,0.045454545454545456,0.0,0.5,0.045454545454545456,0.0,0.5,11,1.0
pg6_5,12,11,0.045454545454545456,0.0,0.5,0.045454545454545456,0.0,0.5,11,1.0
pg6_5,13,11,0.0,0.0,0.0,0.0,0.0,0.0,11,1.0
pg6_5,14,11,0.09090909090909091,0.0,0.5,0.09090909090909091,0.0,0.5,11,1.0
pg6_5,15,11,0.045454545454545456,0.0,0.5,0.045454545454545456,0.0,0.5,11,1.0
pg6_5,16,11,0.0,0.0,0.0,0.0,0.0,0.0,11,1.0
pg6_5,17,11,0.3958274514772441,0.0,3.3541019662496847,0.3958274514772441,0.0,3.3541019662496847,11,1.0
pg6_5,18,11,0.045454545454545456,0.0,0.5,0.045454545454545456,0.0,0.5,11,1.0
pg6_5,19,11,0.0,0.0,0.0,0.0,0.0,0.0,11,1.0
pg6_5,20,11,0.0,0.0,0.0,0.0,0.0,0.0,11,1.0
pg6_5,21,11,0.0642824346533225,0.0,0.7071067811865476,0.0642824346533225,0.0,0.7071067811865476,11,1.0
pg6_5,22,11,0.4708715274144296,0.0,2.0615528128088303,0.4708715274144296,0.0,2.0615528128088303,11,1.0
pg6_5,23,11,0.045454545454545456,0.0,0.5,0.045454545454545456,0.0,0.5,11,1.0
pg6_5,24,11,0.09090909090909091,0.0,0.5,0.09090909090909091,0.0,0.5,11,1.0
pg6_5,25,11,0.045454545454545456,0.0,0.5,0.045454545454545456,0.0,0.5,11,1.0
pg6_5,26,11,0.45454545454545453,0.0,2.5,0.45454545454545453,0.0,2.5,11,1.0
pg6_5,27,11,0.0642824346533225,0.0,0.7071067811865476,0.0642824346533225,0.0,0.7071067811865476,11,1.0
pg6_5,28,11,0.23286843752807548,0.0,2.0615528128088303,0.23286843752807548,0.0,2.0615528128088303,11,1.0
pg6_5,29,11,0.3911614216119995,0.0,1.8027756377319946,0.3911614216119995,0.0,1.8027756377319946,11,1.0
pg6_5,30,11,0.17401941476119046,0.0,0.7071067811865476,0.17401941476119046,0.0,0.7071067811865476,11,1.0
pg6_5,31,11,0.13636363636363635,0.0,0.5,0.13636363636363635,0.0,0.5,11,1.0
pg6_5,32,11,0.3181818181818182,0.5,1.0,0.3181818181818182,0.5,1.0,11,1.0
pg6_5,33,11,0.2727272727272727,0.0,1.0,0.2727272727272727,0.0,1.0,11,1.0
pg6_5,34,11,0.23800308988635407,0.0,1.118033988749895,0.23800308988635407,0.0,1.118033988749895,11,1.0
pg6_5,35,11,0.22727272727272727,0.0,1.0,0.22727272727272727,0.0,1.0,11,1.0
pg6_5,36,11,0.45454545454545453,0.0,4.5,0.45454545454545453,0.0,4.5,11,1.0
pg6_5,37,11,0.25479778524836316,0.0,1.8027756377319946,0.25479778524836316,0.0,1.8027756377319946,11,1.0
pg6_5,38,11,0.5658936322445673,0.0,2.692582403567252,0.5658936322445673,0.0,2.692582403567252,11,1.0
pg6_5,39,11,0.43055163431816273,0.0,1.5,0.43055163431816273,0.0,1.5,11,1.0
pg6_5,40,11,0.7483984466513515,0.5,2.5495097567963922,0.7483984466513515,0.5,2.5495097567963922,11,1.0
pg6_5,41,11,0.7272727272727273,0.0,3.5,0.7272727272727273,0.0,3.5,11,1.0
pg6_5,42,11,0.8345078910507933,0.5,3.5,0.8345078910507933,0.5,3.5,11,1.0
pg6_5,43,11,1.5168932151074244,0.7071067811865476,6.670832032063167,1.5168932151074244,0.7071067811865476,6.670832032063167,11,1.0
pg6_5,44,11,0.5883759959090527,0.0,2.23606797749979,0.5883759959090527,0.0,2.23606797749979,11,1.0
pg6_5,45,11,0.7169721438859339,0.7071067811865476,2.0615528128088303,0.7169721438859339,0.7071067811865476,2.0615528128088303,11,1.0
pg6_5,46,11,0.7931663595172946,0.5,2.692582403567252,0.7931663595172946,0.5,2.692582403567252,11,1.0
pg6_5,47,11,0.7259680721909516,0.5,2.0615528128088303,0.7259680721909516,0.5,2.0615528128088303,11,1.0
pg6_5,48,11,1.171993614549483,0.7071067811865476,4.716990566028302,1.171993614549483,0.7071067811865476,4.716990566028302,11,1.0
pg6_5,49,11,0.8354062927706607,0.5,2.0615528128088303,0.8354062927706607,0.5,2.0615528128088303,11,1.0
pg6_5,50,11,1.0369345090927846,1.0,2.0,1.0369345090927846,1.0,2.0,11,1.0
pg6_5,51,11,1.070307924135504,1.0,2.23606797749979,1.070307924135504,1.0,2.23606797749979,11,1.0
pg6_5,52,11,1.006232478199001,1.118033988749895,2.5,1.006232478199001,1.118033988749895,2.5,11,1.0
pg6_5,53,11,1.0214992733477126,0.7071067811865476,2.0615528128088303,1.0214992733477126,0.7071067811865476,2.0615528128088303,11,1.0
pg6_5,54,11,0.9834209851735483,1.0,2.0615528128088303,0.9834209851735483,1.0,2.0615528128088303,11,1.0
pg6_5,55,11,0.9579381079991596,0.7071067811865476,2.0615528128088303,0.9579381079991596,0.7071067811865476,2.0615528128088303,11,1.0
pg6_5,56,11,0.8374352197240701,0.5,2.5495097567963922,0.8374352197240701,0.5,2.5495097567963922,11,1.0
pg6_5,57,11,1.022304026259478,0.5,2.9154759474226504,1.022304026259478,0.5,2.9154759474226504,11,1.0
pg6_5,58,11,0.8955180943735624,0.7071067811865476,2.9154759474226504,0.8955180943735624,0.7071067811865476,2.9154759474226504,11,1.0
pg6_5,59,11,0.7964296028766286,0.5,2.5,0.7964296028766286,0.5,2.5,11,1.0
pg6_5,60,11,1.0779013904960977,1.0,3.2015621187164243,1.0779013904960977,1.0,3.2015621187164243,11,1.0
pg6_5,61,11,0.9818189902794571,0.5,2.9154759474226504,0.9818189902794571,0.5,2.9154759474226504,11,1.0
pg6_5,62,11,1.0286671185360192,1.0,2.9154759474226504,1.0286671185360192,1.0,2.9154759474226504,11,1.0
pg6_5,63,11,1.1260540650056237,1.4142135623730951,2.9154759474226504,1.1260540650056237,1.4142135623730951,2.9154759474226504,11,1.0
pg6_5,64,11,0.9469238199035614,1.118033988749895,2.5,0.9469238199035614,1.118033988749895,2.5,11,1.0
pg6_5,65,11,1.0820621267378716,1.118033988749895,3.2015621187164243,1.0820621267378716,1.118033988749895,3.2015621187164243,11,1.0
pg6_5,66,11,0.9957324706913527,1.0,2.23606797749979,0.9957324706913527,1.0,2.23606797749979,11,1.0
pg6_5,67,11,0.8846745790870068,1.0,2.5,0.8846745790870068,1.0,2.5,11,1.0
pg6_5,68,11,1.0637382977636511,1.5,2.23606797749979,1.0637382977636511,1.5,2.23606797749979,11,1.0
pg6_5,69,11,1.0739837804628019,1.118033988749895,2.9154759474226504,1.0739837804628019,1.118033988749895,2.9154759474226504,11,1.0
pg6_5,70,11,0.861700787692643,0.7071067811865476,2.23606797749979,0.861700787692643,0.7071067811865476,2.23606797749979,11,1.0
pg6_5,71,11,1.170796329126619,1.5,3.5,1.170796329126619,1.5,3.5,11,1.0
pg6_5,72,11,1.287701668960621,1.118033988749895,3.5,1.287701668960621,1.118033988749895,3.5,11,1.0
pg6_5,73,11,0.8972167673959025,1.0,2.0,0.8972167673959025,1.0,2.0,11,1.0
pg6_5,74,11,0.9630727603574383,1.0,2.5,0.9630727603574383,1.0,2.5,11,1.0
pg6_5,75,11,1.0506277459332833,1.0,2.0615528128088303,1.0506277459332833,1.0,2.0615528128088303,11,1.0
pg6_5,76,11,1.0362132397880155,1.118033988749895,2.5,1.0362132397880155,1.118033988749895,2.5,11,1.0
pg6_5,77,11,0.9713474193576868,1.0,2.0615528128088303,0.9713474193576868,1.0,2.0615528128088303,11,1.0
pg6_5,78,11,1.1242973399979976,1.118033988749895,2.8284271247461903,1.1242973399979976,1.118033988749895,2.8284271247461903,11,1.0
pg6_5,79,11,1.1301849459524165,1.118033988749895,2.23606797749979,1.1301849459524165,1.118033988749895,2.23606797749979,11,1.0
pg6_5,80,11,1.0893428020511005,1.118033988749895,2.1213203435596424,1.0893428020511005,1.118033988749895,2.1213203435596424,11,1.0
pg6_5,81,11,1.3429996513091824,1.5811388300841898,2.5495097567963922,1.3429996513091824,1.5811388300841898,2.5495097567963922,11,1.0
pg6_5,82,11,1.2080295977475628,1.118033988749895,2.8284271247461903,1.2080295977475628,1.118033988749895,2.8284271247461903,11,1.0
pg6_5,83,11,1.2099901202787917,1.118033988749895,2.5495097567963922,1.2099901202787917,1.118033988749895,2.5495097567963922,11,1.0
pg6_5,84,11,1.216979413336157,1.5,2.23606797749979,1.216979413336157,1.5,2.23606797749979,11,1.0
pg6_5,85,11,1.2196049799144104,1.118033988749895,2.5,1.2196049799144104,1.118033988749895,2.5,11,1.0
pg6_5,86,11,1.1388727221436612,1.0,2.5,1.1388727221436612,1.0,2.5,11,1.0
pg6_5,87,11,1.0960822913878288,1.0,2.5,1.0960822913878288,1.0,2.5,11,1.0
pg6_5,88,11,1.214470327556132,1.118033988749895,2.0615528128088303,1.214470327556132,1.118033988749895,2.0615528128088303,11,1.0
pg6_5,89,11,0.9308503938463217,0.7071067811865476,2.5,0.9308503938463217,0.7071067811865476,2.5,11,1.0
pg6_5,90,11,1.229944111421663,1.118033988749895,2.5,1.229944111421663,1.118033988749895,2.5,11,1.0
pg6_5,91,11,1.093119417160957,1.118033988749895,2.5,1.093119417160957,1.118033988749895,2.5,11,1.0
pg6_5,92,11,1.001967791981452,1.118033988749895,2.5495097567963922,1.001967791981452,1.118033988749895,2.5495097567963922,11,1.0
pg6_5,93,11,1.1283046578989453,0.7071067811865476,2.5,1.1283046578989453,0.7071067811865476,2.5,11,1.0
pg6_5,94,11,1.1050321069764228,1.0,2.0615528128088303,1.1050321069764228,1.0,2.0615528128088303,11,1.0
pg6_5,95,11,1.1404420135685163,1.0,2.5495097567963922,1.1404420135685163,1.0,2.5495097567963922,11,1.0
pg6_5,96,11,1.0270251568123656,1.118033988749895,2.5,1.0270251568123656,1.118033988749895,2.5,11,1.0
pg6_5,97,11,0.8426054176359435,0.5,2.0615528128088303,0.8426054176359435,0.5,2.0615528128088303,11,1.0
pg6_6,2,10,2.115882606054776,2.23606797749979,3.5,2.115882606054776,2.23606797749979,3.5,10,1.0
pg6_6,3,10,0.1,0.0,0.5,0.1,0.0,0.5,10,1.0
pg6_6,4,10,0.1118033988749895,0.0,1.118033988749895,0.1118033988749895,0.0,1.118033988749895,10,1.0
pg6_6,5,10,0.05,0.0,0.5,0.05,0.0,0.5,10,1.0
pg6_6,6,10,0.1,0.0,0.5,0.1,0.0,0.5,10,1.0
pg6_6,7,10,0.0,0.0,0.0,0.0,0.0,0.0,10,1.0
pg6_6,8,10,0.1,0.0,0.5,0.1,0.0,0.5,10,1.0
pg6_6,9,10,0.05,0.0,0.5,0.05,0.0,0.5,10,1.0
pg6_6,10,10,0.05,0.0,0.5,0.05,0.0,0.5,10,1.0
pg6_6,11,10,0.0,0.0,0.0,0.0,0.0,0.0,10,1.0
pg6_6,12,10,0.510293407795794,0.0,3.0413812651491097,0.510293407795794,0.0,3.0413812651491097,10,1.0
pg6_6,13,10,0.23027756377319947,0.0,1.8027756377319946,0.23027756377319947,0.0,1.8027756377319946,10,1.0
pg6_6,14,10,0.05,0.0,0.5,0.05,0.0,0.5,10,1.0
pg6_6,15,10,0.18251407699364425,0.0,1.118033988749895,0.18251407699364425,0.0,1.118033988749895,10,1.0
pg6_6,16,10,0.12071067811865474,0.0,0.7071067811865476,0.12071067811865474,0.0,0.7071067811865476,10,1.0
pg6_6,17,10,0.05,0.0,0.5,0.05,0.0,0.5,10,1.0
pg6_6,18,10,0.17071067811865476,0.0,1.0,0.17071067811865476,0.0,1.0,10,1.0
pg6_6,19,10,0.3325140769936442,0.25,1.118033988749895,0.3325140769936442,0.25,1.118033988749895,10,1.0
pg6_6,20,10,0.25615528128088305,0.0,2.0615528128088303,0.25615528128088305,0.0,2.0615528128088303,10,1.0
pg6_6,21,10,0.1,0.0,0.5,0.1,0.0,0.5,10,1.0
pg6_6,22,10,0.5409565954830381,0.5,1.5811388300841898,0.5409565954830381,0.5,1.5811388300841898,10,1.0
pg6_6,23,10,0.15,0.0,0.5,0.15,0.0,0.5,10,1.0
pg6_6,24,10,0.15,0.0,0.5,0.15,0.0,0.5,10,1.0
pg6_6,25,10,0.17071067811865476,0.0,0.7071067811865476,0.17071067811865476,0.0,0.7071067811865476,10,1.0
pg6_6,26,10,0.2,0.0,0.5,0.2,0.0,0.5,10,1.0
pg6_6,27,10,0.15,0.0,0.5,0.15,0.0,0.5,10,1.0
pg6_6,28,10,0.37071067811865477,0.25,1.0,0.37071067811865477,0.25,1.0,10,1.0
pg6_6,29,10,0.353224755112299,0.0,1.118033988749895,0.353224755112299,0.0,1.118033988749895,10,1.0
pg6_6,30,10,0.3325140769936442,0.25,1.118033988749895,0.3325140769936442,0.25,1.118033988749895,10,1.0
pg6_6,31,10,0.36180339887498947,0.5,1.118033988749895,0.36180339887498947,0.5,1.118033988749895,10,1.0
pg6_6,32,10,0.3788245611270737,0.25,1.5811388300841898,0.3788245611270737,0.25,1.5811388300841898,10,1.0
pg6_6,33,10,0.458113883008419,0.0,1.5811388300841898,0.458113883008419,0.0,1.5811388300841898,10,1.0
pg6_6,34,10,0.5288245611270737,0.5,1.5811388300841898,0.5288245611270737,0.5,1.5811388300841898,10,1.0
pg6_6,35,10,1.2590122813007276,0.6035533905932737,6.264982043070834,1.2590122813007276,0.6035533905932737,6.264982043070834,10,1.0
pg6_6,36,10,0.5288245611270737,0.5,1.5811388300841898,0.5288245611270737,0.5,1.5811388300841898,10,1.0
pg6_6,37,10,0.5443174758686338,0.25,2.0,0.5443174758686338,0.25,2.0,10,1.0
pg6_6,38,10,0.5239354332309538,0.25,1.5,0.5239354332309538,0.25,1.5,10,1.0
pg6_6,39,10,0.6150281539872886,0.6035533905932737,1.118033988749895,0.6150281539872886,0.6035533905932737,1.118033988749895,10,1.0
pg6_6,40,10,0.4943174758686338,0.5,1.118033988749895,0.4943174758686338,0.5,1.118033988749895,10,1.0
pg6_6,41,10,0.9433972169089341,0.6035533905932737,4.527692569068709,0.9433972169089341,0.6035533905932737,4.527692569068709,10,1.0
pg6_6,42,10,0.9881794535318393,0.75,4.527692569068709,0.9881794535318393,0.75,4.527692569068709,10,1.0
pg6_6,43,10,1.1765715234255416,0.7071067811865476,5.408326913195984,1.1765715234255416,0.7071067811865476,5.408326913195984,10,1.0
pg6_6,44,10,0.4354101966249685,0.25,1.118033988749895,0.4354101966249685,0.25,1.118033988749895,10,1.0
pg6_6,45,10,0.739834563766817,0.5,2.23606797749979,0.739834563766817,0.5,2.23606797749979,10,1.0
pg6_6,46,10,0.9352740713516718,0.8535533905932737,2.23606797749979,0.9352740713516718,0.8535533905932737,2.23606797749979,10,1.0
pg6_6,47,10,0.7812559200041265,0.5,2.23606797749979,0.7812559200041265,0.5,2.23606797749979,10,1.0
pg6_6,48,10,1.147408441156566,1.118033988749895,2.23606797749979,1.147408441156566,1.118033988749895,2.23606797749979,10,1.0
pg6_6,49,10,1.0374112012850094,0.7071067811865476,2.23606797749979,1.0374112012850094,0.7071067811865476,2.23606797749979,10,1.0
pg6_6,50,10,1.0848093105974006,1.4142135623730951,2.23606797749979,1.0848093105974006,1.4142135623730951,2.23606797749979,10,1.0
pg6_6,51,10,0.9652229996438964,0.7071067811865476,2.23606797749979,0.9652229996438964,0.7071067811865476,2.23606797749979,10,1.0
pg6_6,52,10,0.8760381566270319,0.9125703849682212,2.23606797749979,0.8760381566270319,0.9125703849682212,2.23606797749979,10,1.0
pg6_6,53,10,0.878886408910593,0.6035533905932737,2.5495097567963922,0.878886408910593,0.6035533905932737,2.5495097567963922,10,1.0
pg6_6,54,10,1.0233368826523153,0.9125703849682212,2.23606797749979,1.0233368826523153,0.9125703849682212,2.23606797749979,10,1.0
pg6_6,55,10,0.9278542012913918,1.0,2.0615528128088303,0.9278542012913918,1.0,2.0615528128088303,10,1.0
pg6_6,56,10,1.0632643979163605,0.9125703849682212,2.23606797749979,1.0632643979163605,0.9125703849682212,2.23606797749979,10,1.0
pg6_6,57,10,1.0155061032260382,0.75,2.5495097567963922,1.0155061032260382,0.75,2.5495097567963922,10,1.0
pg6_6,58,10,1.1003022253389605,1.266123775561495,2.23606797749979,1.1003022253389605,1.266123775561495,2.23606797749979,10,1.0
pg6_6,59,10,1.2828507088698644,1.4571067811865475,2.23606797749979,1.2828507088698644,1.4571067811865475,2.23606797749979,10,1.0
pg6_6,60,10,1.4050143896346448,1.4571067811865475,2.1213203435596424,1.4050143896346448,1.4571067811865475,2.1213203435596424,10,1.0
pg6_6,61,10,1.2802855601684446,1.266123775561495,2.0615528128088303,1.2802855601684446,1.266123775561495,2.0615528128088303,10,1.0
pg6_6,62,10,1.4958542846585992,1.5811388300841898,2.692582403567252,1.4958542846585992,1.5811388300841898,2.692582403567252,10,1.0
pg6_6,63,10,1.4615446075727792,1.266123775561495,2.5495097567963922,1.4615446075727792,1.266123775561495,2.5495097567963922,10,1.0
pg6_6,64,10,1.3865355311647403,1.4976761962286425,2.5495097567963922,1.3865355311647403,1.4976761962286425,2.5495097567963922,10,1.0
pg6_6,65,10,1.490458992796873,1.4142135623730951,2.0615528128088303,1.490458992796873,1.4142135623730951,2.0615528128088303,10,1.0
pg6_6,66,10,1.4149906184837007,1.5,2.5495097567963922,1.4149906184837007,1.5,2.5495097567963922,10,1.0
pg6_6,67,10,1.543155573199895,1.540569415042095,2.5495097567963922,1.543155573199895,1.540569415042095,2.5495097567963922,10,1.0
pg6_6,68,10,1.6037352216226264,1.5811388300841898,2.5495097567963922,1.6037352216226264,1.5811388300841898,2.5495097567963922,10,1.0
pg6_6,69,10,1.5885332330012303,1.790569415042095,2.8284271247461903,1.5885332330012303,1.790569415042095,2.8284271247461903,10,1.0
pg6_6,70,10,1.5797752675153403,1.6919572339080922,2.5495097567963922,1.5797752675153403,1.6919572339080922,2.5495097567963922,10,1.0
pg6_6,71,10,1.8028815341307596,2.0307764064044154,3.0413812651491097,1.8028815341307596,2.0307764064044154,3.0413812651491097,10,1.0
pg6_6,72,10,1.5468246444942813,1.540569415042095,2.692582403567252,1.5468246444942813,1.540569415042095,2.692582403567252,10,1.0
pg6_6,73,10,1.6873542128519396,1.9013878188659974,3.0413812651491097,1.6873542128519396,1.9013878188659974,3.0413812651491097,10,1.0
pg6_6,74,10,1.6018946560819338,1.5811388300841898,2.5495097567963922,1.6018946560819338,1.5811388300841898,2.5495097567963922,10,1.0
pg6_6,75,10,1.7447415737191094,1.9013878188659974,3.1622776601683795,1.7447415737191094,1.9013878188659974,3.1622776601683795,10,1.0
pg6_6,76,10,1.6549589720748845,1.790569415042095,2.5495097567963922,1.6549589720748845,1.790569415042095,2.5495097567963922,10,1.0
pg6_6,77,10,1.6926915770212438,1.8027756377319946,3.0413812651491097,1.6926915770212438,1.8027756377319946,3.0413812651491097,10,1.0
pg6_6,78,10,1.6345156465378814,1.6919572339080922,2.692582403567252,1.6345156465378814,1.6919572339080922,2.692582403567252,10,1.0
pg6_6,79,10,1.5095748820497898,1.6919572339080922,2.5,1.5095748820497898,1.6919572339080922,2.5,10,1.0
pg6_6,80,10,1.329020971389048,1.6513878188659974,2.0615528128088303,1.329020971389048,1.6513878188659974,2.0615528128088303,10,1.0
pg6_6,81,10,1.3600804811312,1.5811388300841898,2.23606797749979,1.3600804811312,1.5811388300841898,2.23606797749979,10,1.0
pg6_6,82,10,1.201460999041371,1.266123775561495,2.0615528128088303,1.201460999041371,1.266123775561495,2.0615528128088303,10,1.0
pg6_6,83,10,1.2487597250666547,1.4571067811865475,2.0615528128088303,1.2487597250666547,1.4571067811865475,2.0615528128088303,10,1.0
pg6_6,84,10,1.1845150816536854,1.4571067811865475,2.0615528128088303,1.1845150816536854,1.4571067811865475,2.0615528128088303,10,1.0
pg6_6,85,10,1.1810789564036912,1.4142135623730951,2.0615528128088303,1.1810789564036912,1.4142135623730951,2.0615528128088303,10,1.0
pg6_6,86,10,1.082455532033676,1.25,1.5811388300841898,1.082455532033676,1.25,1.5811388300841898,10,1.0
pg6_6,87,10,1.0526262045336605,1.118033988749895,1.8027756377319946,1.0526262045336605,1.118033988749895,1.8027756377319946,10,1.0
pg6_6,88,10,1.082254047556908,1.2071067811865475,1.8027756377319946,1.082254047556908,1.2071067811865475,1.8027756377319946,10,1.0
pg6_6,89,10,1.3155516351248713,1.3090169943749475,2.5,1.3155516351248713,1.3090169943749475,2.5,10,1.0
pg6_6,90,10,1.2396231936291215,1.118033988749895,2.23606797749979,1.2396231936291215,1.118033988749895,2.23606797749979,10,1.0
pg6_6,91,10,1.2600903667921275,1.5,2.5,1.2600903667921275,1.5,2.5,10,1.0
pg6_6,92,10,1.294181350595337,1.266123775561495,2.5,1.294181350595337,1.266123775561495,2.5,10,1.0
pg6_6,93,10,1.0726871619023632,1.25,2.1213203435596424,1.0726871619023632,1.25,2.1213203435596424,10,1.0
pg6_6,94,10,1.150194845656608,1.0590169943749475,2.5,1.150194845656608,1.0590169943749475,2.5,10,1.0
pg6_6,95,10,1.3123268800125722,1.3090169943749475,2.5,1.3123268800125722,1.3090169943749475,2.5,10,1.0
pg6_6,96,10,1.3663450313601175,1.3090169943749475,2.5,1.3663450313601175,1.3090169943749475,2.5,10,1.0
pg6_6,97,10,1.204736478141736,1.3495864094170424,2.1213203435596424,1.204736478141736,1.3495864094170424,2.1213203435596424,10,1.0
pg6_7,2,10,2.9212280661143994,3.3541019662496847,3.8078865529319543,2.9212280661143994,3.3541019662496847,3.8078865529319543,10,1.0
pg6_7,3,10,0.36180339887498947,0.25,1.118033988749895,0.36180339887498947,0.25,1.118033988749895,10,1.0
pg6_7,4,10,0.07071067811865475,0.0,0.7071067811865476,0.07071067811865475,0.0,0.7071067811865476,10,1.0
pg6_7,5,10,0.15,0.0,1.0,0.15,0.0,1.0,10,1.0
pg6_7,6,10,0.16180339887498948,0.0,1.118033988749895,0.16180339887498948,0.0,1.118033988749895,10,1.0
pg6_7,7,10,0.05,0.0,0.5,0.05,0.0,0.5,10,1.0
pg6_7,8,10,0.15,0.0,1.0,0.15,0.0,1.0,10,1.0
pg6_7,9,10,0.1,0.0,1.0,0.1,0.0,1.0,10,1.0
pg6_7,10,10,0.16180339887498948,0.0,1.118033988749895,0.16180339887498948,0.0,1.118033988749895,10,1.0
pg6_7,11,10,0.0,0.0,0.0,0.0,0.0,0.0,10,1.0
pg6_7,12,10,0.208113883008419,0.0,1.5811388300841898,0.208113883008419,0.0,1.5811388300841898,10,1.0
pg6_7,13,10,0.0,0.0,0.0,0.0,0.0,0.0,10,1.0
pg6_7,14,10,0.258113883008419,0.0,1.5811388300841898,0.258113883008419,0.0,1.5811388300841898,10,1.0
pg6_7,15,10,0.22071067811865475,0.0,0.7071067811865476,0.22071067811865475,0.0,0.7071067811865476,10,1.0
pg6_7,16,10,0.0,0.0,0.0,0.0,0.0,0.0,10,1.0
pg6_7,17,10,0.1,0.0,0.5,0.1,0.0,0.5,10,1.0
pg6_7,18,10,0.5783598003728022,0.0,2.1213203435596424,0.5783598003728022,0.0,2.1213203435596424,10,1.0
pg6_7,19,10,0.2,0.0,0.5,0.2,0.0,0.5,10,1.0
pg6_7,20,10,0.1,0.0,0.5,0.1,0.0,0.5,10,1.0
pg6_7,21,10,0.37686595939953776,0.0,2.0615528128088303,0.37686595939953776,0.0,2.0615528128088303,10,1.0
pg6_7,22,10,0.42686595939953775,0.25,2.0615528128088303,0.42686595939953775,0.25,2.0615528128088303,10,1.0
pg6_7,23,10,0.0,0.0,0.0,0.0,0.0,0.0,10,1.0
pg6_7,24,10,0.17071067811865476,0.0,0.7071067811865476,0.17071067811865476,0.0,0.7071067811865476,10,1.0
pg6_7,25,10,0.22071067811865475,0.0,0.7071067811865476,0.22071067811865475,0.0,0.7071067811865476,10,1.0
pg6_7,26,10,0.27071067811865474,0.25,0.7071067811865476,0.27071067811865474,0.25,0.7071067811865476,10,1.0
pg6_7,27,10,0.05,0.0,0.5,0.05,0.0,0.5,10,1.0
pg6_7,28,10,0.15,0.0,0.5,0.15,0.0,0.5,10,1.0
pg6_7,29,10,0.1914213562373095,0.0,0.7071067811865476,0.1914213562373095,0.0,0.7071067811865476,10,1.0
pg6_7,30,10,0.1,0.0,0.5,0.1,0.0,0.5,10,1.0
pg6_7,31,10,0.15,0.0,0.5,0.15,0.0,0.5,10,1.0
pg6_7,32,10,0.15,0.0,0.5,0.15,0.0,0.5,10,1.0
pg6_7,33,10,0.1,0.0,0.5,0.1,0.0,0.5,10,1.0
pg6_7,34,10,0.17071067811865476,0.0,0.7071067811865476,0.17071067811865476,0.0,0.7071067811865476,10,1.0
pg6_7,35,10,0.17071067811865476,0.0,0.7071067811865476,0.17071067811865476,0.0,0.7071067811865476,10,1.0
pg6_7,36,10,0.32015621187164245,0.0,3.2015621187164243,0.32015621187164245,0.0,3.2015621187164243,10,1.0
pg6_7,37,10,0.506155281280883,0.0,2.5,0.506155281280883,0.0,2.5,10,1.0
pg6_7,38,10,0.490956595483038,0.0,2.8284271247461903,0.490956595483038,0.0,2.8284271247461903,10,1.0
pg6_7,39,10,0.4207106781186548,0.25,2.0,0.4207106781186548,0.25,2.0,10,1.0
pg6_7,40,10,0.41795868015587256,0.0,2.0615528128088303,0.41795868015587256,0.0,2.0615528128088303,10,1.0
pg6_7,41,10,0.5768659593995379,0.25,2.0615528128088303,0.5768659593995379,0.25,2.0615528128088303,10,1.0
pg6_7,42,10,0.729799780313205,0.25,3.0413812651491097,0.729799780313205,0.25,3.0413812651491097,10,1.0
pg6_7,43,10,0.506155281280883,0.0,2.0615528128088303,0.506155281280883,0.0,2.0615528128088303,10,1.0
pg6_7,44,10,0.7448246395554102,0.5,2.0615528128088303,0.7448246395554102,0.5,2.0615528128088303,10,1.0
pg6_7,45,10,0.37071067811865477,0.0,2.5,0.37071067811865477,0.0,2.5,10,1.0
pg6_7,46,10,0.4288245611270737,0.25,1.5811388300841898,0.4288245611270737,0.25,1.5811388300841898,10,1.0
pg6_7,47,10,0.3,0.0,1.5,0.3,0.0,1.5,10,1.0
pg6_7,48,10,0.3207106781186547,0.25,1.0,0.3207106781186547,0.25,1.0,10,1.0
pg6_7,49,10,0.4987418430104822,0.0,1.5811388300841898,0.4987418430104822,0.0,1.5811388300841898,10,1.0
pg6_7,50,10,0.5329689509795746,0.0,2.9154759474226504,0.5329689509795746,0.0,2.9154759474226504,10,1.0
pg6_7,51,10,0.634945435870697,0.0,2.23606797749979,0.634945435870697,0.0,2.23606797749979,10,1.0
pg6_7,52,10,0.611577568108952,0.25,3.2015621187164243,0.611577568108952,0.25,3.2015621187164243,10,1.0
pg6_7,53,10,0.6374650526732835,0.25,2.5495097567963922,0.6374650526732835,0.25,2.5495097567963922,10,1.0
pg6_7,54,10,0.6268315528622781,0.3535533905932738,2.23606797749979,0.6268315528622781,0.3535533905932738,2.23606797749979,10,1.0
pg6_7,55,10,0.9079275986312526,0.6035533905932737,2.692582403567252,0.9079275986312526,0.6035533905932737,2.692582403567252,10,1.0
pg6_7,56,10,0.8232382913164866,0.7071067811865476,2.5495097567963922,0.8232382913164866,0.7071067811865476,2.5495097567963922,10,1.0
pg6_7,57,10,0.8938527151143623,1.0606601717798214,2.23606797749979,0.8938527151143623,1.0606601717798214,2.23606797749979,10,1.0
pg6_7,58,10,0.8800907145118367,0.8535533905932737,2.5,0.8800907145118367,0.8535533905932737,2.5,10,1.0
pg6_7,59,10,0.9323779517203474,1.0606601717798214,2.1213203435596424,0.9323779517203474,1.0606601717798214,2.1213203435596424,10,1.0
pg6_7,60,10,0.6857388321059432,0.3535533905932738,2.23606797749979,0.6857388321059432,0.3535533905932738,2.23606797749979,10,1.0
pg6_7,61,10,1.040618073233722,1.0606601717798214,2.9154759474226504,1.040618073233722,1.0606601717798214,2.9154759474226504,10,1.0
pg6_7,62,10,0.7621320343559643,0.6035533905932737,2.5,0.7621320343559643,0.6035533905932737,2.5,10,1.0
pg6_7,63,10,0.850194845656608,0.75,2.5,0.850194845656608,0.75,2.5,10,1.0
pg6_7,64,10,0.9593800363931821,0.8090169943749475,2.5,0.9593800363931821,0.8090169943749475,2.5,10,1.0
pg6_7,65,10,0.8792973182765905,0.5,2.23606797749979,0.8792973182765905,0.5,2.23606797749979,10,1.0
pg6_7,66,10,0.8113386381207179,0.5,2.5,0.8113386381207179,0.5,2.5,10,1.0
pg6_7,67,10,0.8694525211291368,0.8090169943749475,2.5,0.8694525211291368,0.8090169943749475,2.5,10,1.0
pg6_7,68,10,0.8597086718741569,0.6035533905932737,2.5,0.8597086718741569,0.6035533905932737,2.5,10,1.0
pg6_7,69,10,0.8103682782850361,0.6035533905932737,2.0615528128088303,0.8103682782850361,0.6035533905932737,2.0615528128088303,10,1.0
pg6_7,70,10,0.8274911592731573,0.5,2.23606797749979,0.8274911592731573,0.5,2.23606797749979,10,1.0
pg6_7,71,10,0.8056561139893518,0.6035533905932737,2.23606797749979,0.8056561139893518,0.6035533905932737,2.23606797749979,10,1.0
pg6_7,72,10,0.8505234811375827,0.6035533905932737,2.5,0.8505234811375827,0.6035533905932737,2.5,10,1.0
pg6_7,73,10,1.0024492409332253,0.7071067811865476,2.23606797749979,1.0024492409332253,0.7071067811865476,2.23606797749979,10,1.0
pg6_7,74,10,0.7915654779058515,0.0,2.5,0.7915654779058515,0.0,2.5,10,1.0
pg6_7,75,10,1.0385332330012305,1.0606601717798214,2.5,1.0385332330012305,1.0606601717798214,2.5,10,1.0
pg6_7,76,10,1.1308921071423284,1.0606601717798214,2.8284271247461903,1.1308921071423284,1.0606601717798214,2.8284271247461903,10,1.0
pg6_7,77,10,1.246267755433195,1.2071067811865475,2.9154759474226504,1.246267755433195,1.2071067811865475,2.9154759474226504,10,1.0
pg6_7,78,10,0.823606797749979,0.5590169943749475,2.5,0.823606797749979,0.5590169943749475,2.5,10,1.0
pg6_7,79,10,0.8877936881542583,0.75,2.5495097567963922,0.8877936881542583,0.75,2.5495097567963922,10,1.0
pg6_7,80,10,0.9415654779058515,0.8090169943749475,2.23606797749979,0.9415654779058515,0.8090169943749475,2.23606797749979,10,1.0
pg6_7,81,10,0.8122761560245063,0.6035533905932737,2.23606797749979,0.8122761560245063,0.6035533905932737,2.23606797749979,10,1.0
pg6_7,82,10,0.7857388321059432,0.5,2.1213203435596424,0.7857388321059432,0.5,2.1213203435596424,10,1.0
pg6_7,83,10,0.832986834143161,0.7071067811865476,2.23606797749979,0.832986834143161,0.7071067811865476,2.23606797749979,10,1.0
pg6_7,84,10,1.0335023188854984,0.7071067811865476,4.0,1.0335023188854984,0.7071067811865476,4.0,10,1.0
pg6_7,85,10,0.6509882418918542,0.25,2.0,0.6509882418918542,0.25,2.0,10,1.0
pg6_7,86,10,0.7967832412829463,0.6035533905932737,2.0615528128088303,0.7967832412829463,0.6035533905932737,2.0615528128088303,10,1.0
pg6_7,87,10,0.7505234811375827,0.3535533905932738,2.0,0.7505234811375827,0.3535533905932738,2.0,10,1.0
pg6_7,88,10,0.898236243929072,0.75,2.0615528128088303,0.898236243929072,0.75,2.0615528128088303,10,1.0
pg6_7,89,10,0.6886693582745274,0.5,2.0615528128088303,0.6886693582745274,0.5,2.0615528128088303,10,1.0
pg6_7,90,10,0.592080962648189,0.25,1.8027756377319946,0.592080962648189,0.25,1.8027756377319946,10,1.0
pg6_7,91,10,0.7556905205266115,0.6035533905932737,2.0615528128088303,0.7556905205266115,0.6035533905932737,2.0615528128088303,10,1.0
pg6_7,92,10,0.7883914467816184,0.5,2.0,0.7883914467816184,0.5,2.0,10,1.0
pg6_7,93,10,0.7561208747436232,0.3535533905932738,2.23606797749979,0.7561208747436232,0.3535533905932738,2.23606797749979,10,1.0
pg6_7,94,10,0.9214126874620392,0.6035533905932737,2.0615528128088303,0.9214126874620392,0.6035533905932737,2.0615528128088303,10,1.0
pg6_7,95,10,0.738997993755502,0.6035533905932737,2.0615528128088303,0.738997993755502,0.6035533905932737,2.0615528128088303,10,1.0
pg6_7,96,10,0.4869384441354928,0.0,1.5811388300841898,0.4869384441354928,0.0,1.5811388300841898,10,1.0
pg6_7,97,10,0.8971118767639211,0.7071067811865476,2.0615528128088303,0.8971118767639211,0.7071067811865476,2.0615528128088303,10,1.0
pg6_8,2,10,3.9824971336589376,3.9681268560513008,5.315072906367325,3.9824971336589376,3.9681268560513008,5.315072906367325,10,1.0
pg6_8,3,10,0.1,0.0,0.5,0.1,0.0,0.5,10,1.0
pg6_8,4,10,0.0,0.0,0.0,0.0,0.0,0.0,10,1.0
pg6_8,5,10,0.05,0.0,0.5,0.05,0.0,0.5,10,1.0
pg6_8,6,10,0.05,0.0,0.5,0.05,0.0,0.5,10,1.0
pg6_8,7,10,0.05,0.0,0.5,0.05,0.0,0.5,10,1.0
pg6_8,8,10,0.1,0.0,0.5,0.1,0.0,0.5,10,1.0
pg6_8,9,10,0.05,0.0,0.5,0.05,0.0,0.5,10,1.0
pg6_8,10,10,0.05,0.0,0.5,0.05,0.0,0.5,10,1.0
pg6_8,11,10,0.05,0.0,0.5,0.05,0.0,0.5,10,1.0
pg6_8,12,10,0.1,0.0,0.5,0.1,0.0,0.5,10,1.0
pg6_8,13,10,0.05,0.0,0.5,0.05,0.0,0.5,10,1.0
pg6_8,14,10,0.12071067811865474,0.0,0.7071067811865476,0.12071067811865474,0.0,0.7071067811865476,10,1.0
pg6_8,15,10,0.0,0.0,0.0,0.0,0.0,0.0,10,1.0
pg6_8,16,10,0.05,0.0,0.5,0.05,0.0,0.5,10,1.0
pg6_8,17,10,0.3,0.0,1.5,0.3,0.0,1.5,10,1.0
pg6_8,18,10,0.05,0.0,0.5,0.05,0.0,0.5,10,1.0
pg6_8,19,10,0.05,0.0,0.5,0.05,0.0,0.5,10,1.0
pg6_8,20,10,0.15,0.0,0.5,0.15,0.0,0.5,10,1.0
pg6_8,21,10,0.05,0.0,0.5,0.05,0.0,0.5,10,1.0
pg6_8,22,10,0.0,0.0,0.0,0.0,0.0,0.0,10,1.0
pg6_8,23,10,0.05,0.0,0.5,0.05,0.0,0.5,10,1.0
pg6_8,24,10,0.23027756377319947,0.0,1.8027756377319946,0.23027756377319947,0.0,1.8027756377319946,10,1.0
pg6_8,25,10,0.05,0.0,0.5,0.05,0.0,0.5,10,1.0
pg6_8,26,10,0.0,0.0,0.0,0.0,0.0,0.0,10,1.0
pg6_8,27,10,0.1,0.0,1.0,0.1,0.0,1.0,10,1.0
pg6_8,28,10,0.1,0.0,0.5,0.1,0.0,0.5,10,1.0
pg6_8,29,10,0.0,0.0,0.0,0.0,0.0,0.0,10,1.0
pg6_8,30,10,0.0,0.0,0.0,0.0,0.0,0.0,10,1.0
pg6_8,31,10,0.1,0.0,0.5,0.1,0.0,0.5,10,1.0
pg6_8,32,10,0.25615528128088305,0.0,2.0615528128088303,0.25615528128088305,0.0,2.0615528128088303,10,1.0
pg6_8,33,10,0.15,0.0,0.5,0.15,0.0,0.5,10,1.0
pg6_8,34,10,0.15,0.0,1.0,0.15,0.0,1.0,10,1.0
pg6_8,35,10,0.12071067811865474,0.0,0.7071067811865476,0.12071067811865474,0.0,0.7071067811865476,10,1.0
pg6_8,36,10,0.1,0.0,0.5,0.1,0.0,0.5,10,1.0
pg6_8,37,10,0.2,0.0,1.0,0.2,0.0,1.0,10,1.0
pg6_8,38,10,0.5,0.0,3.5,0.5,0.0,3.5,10,1.0
pg6_8,39,10,0.12071067811865474,0.0,0.7071067811865476,0.12071067811865474,0.0,0.7071067811865476,10,1.0
pg6_8,40,10,0.2788245611270737,0.0,1.5811388300841898,0.2788245611270737,0.0,1.5811388300841898,10,1.0
pg6_8,41,10,0.1,0.0,0.5,0.1,0.0,0.5,10,1.0
pg6_8,42,10,0.24142135623730948,0.0,0.7071067811865476,0.24142135623730948,0.0,0.7071067811865476,10,1.0
pg6_8,43,10,0.12071067811865474,0.0,0.7071067811865476,0.12071067811865474,0.0,0.7071067811865476,10,1.0
pg6_8,44,10,0.44953523924572847,0.5,1.5811388300841898,0.44953523924572847,0.5,1.5811388300841898,10,1.0
pg6_8,45,10,0.16180339887498948,0.0,1.118033988749895,0.16180339887498948,0.0,1.118033988749895,10,1.0
pg6_8,46,10,0.308113883008419,0.0,1.5811388300841898,0.308113883008419,0.0,1.5811388300841898,10,1.0
pg6_8,47,10,0.37882456112707374,0.25,1.5811388300841898,0.37882456112707374,0.25,1.5811388300841898,10,1.0
pg6_8,48,10,0.3,0.0,1.5,0.3,0.0,1.5,10,1.0
pg6_8,49,10,0.2118033988749895,0.0,1.118033988749895,0.2118033988749895,0.0,1.118033988749895,10,1.0
pg6_8,50,10,0.3495352392457285,0.0,1.5811388300841898,0.3495352392457285,0.0,1.5811388300841898,10,1.0
pg6_8,51,10,0.25,0.0,1.5,0.25,0.0,1.5,10,1.0
pg6_8,52,10,0.37071067811865477,0.25,1.5,0.37071067811865477,0.25,1.5,10,1.0
pg6_8,53,10,0.3207106781186547,0.0,1.5,0.3207106781186547,0.0,1.5,10,1.0
pg6_8,54,10,0.36180339887498947,0.0,1.5,0.36180339887498947,0.0,1.5,10,1.0
pg6_8,55,10,0.22071067811865475,0.0,1.5,0.22071067811865475,0.0,1.5,10,1.0
pg6_8,56,10,0.3414213562373095,0.25,1.0,0.3414213562373095,0.25,1.0,10,1.0
pg6_8,57,10,0.4118033988749895,0.25,1.5,0.4118033988749895,0.25,1.5,10,1.0
pg6_8,58,10,0.2,0.0,1.0,0.2,0.0,1.0,10,1.0
pg6_8,59,10,0.3914213562373095,0.25,1.5,0.3914213562373095,0.25,1.5,10,1.0
pg6_8,60,10,0.35,0.25,1.0,0.35,0.25,1.0,10,1.0
pg6_8,61,10,0.3207106781186547,0.0,1.5,0.3207106781186547,0.0,1.5,10,1.0
pg6_8,62,10,0.3207106781186547,0.25,1.0,0.3207106781186547,0.25,1.0,10,1.0
pg6_8,63,10,0.3914213562373095,0.5,1.0,0.3914213562373095,0.5,1.0,10,1.0
pg6_8,64,10,0.4118033988749895,0.25,1.5,0.4118033988749895,0.25,1.5,10,1.0
pg6_8,65,10,0.3414213562373095,0.25,1.0,0.3414213562373095,0.25,1.0,10,1.0
pg6_8,66,10,0.3414213562373095,0.0,1.5,0.3414213562373095,0.0,1.5,10,1.0
pg6_8,67,10,0.4914213562373095,0.5,1.5,0.4914213562373095,0.5,1.5,10,1.0
pg6_8,68,10,0.27071067811865474,0.0,1.0,0.27071067811865474,0.0,1.0,10,1.0
pg6_8,69,10,0.4788245611270737,0.25,1.5811388300841898,0.4788245611270737,0.25,1.5811388300841898,10,1.0
pg6_8,70,10,0.6121320343559643,0.5,2.5,0.6121320343559643,0.5,2.5,10,1.0
pg6_8,71,10,0.4,0.25,1.5,0.4,0.25,1.5,10,1.0
pg6_8,72,10,0.4886693582745273,0.25,2.0615528128088303,0.4886693582745273,0.25,2.0615528128088303,10,1.0
pg6_8,73,10,0.4914213562373095,0.25,2.5,0.4914213562373095,0.25,2.5,10,1.0
pg6_8,74,10,0.32882456112707376,0.0,1.5811388300841898,0.32882456112707376,0.0,1.5811388300841898,10,1.0
pg6_8,75,10,0.5207106781186548,0.5,2.0,0.5207106781186548,0.5,2.0,10,1.0
pg6_8,76,10,0.258113883008419,0.0,1.5811388300841898,0.258113883008419,0.0,1.5811388300841898,10,1.0
pg6_8,77,10,0.5581757307919382,0.25,2.5495097567963922,0.5581757307919382,0.25,2.5495097567963922,10,1.0
pg6_8,78,10,0.4325140769936443,0.25,1.5,0.4325140769936443,0.25,1.5,10,1.0
pg6_8,79,10,0.4707106781186548,0.5,2.0,0.4707106781186548,0.5,2.0,10,1.0
pg6_8,80,10,0.41795868015587256,0.0,2.0615528128088303,0.41795868015587256,0.0,2.0615528128088303,10,1.0
pg6_8,81,10,0.5825140769936443,0.5,2.0,0.5825140769936443,0.5,2.0,10,1.0
pg6_8,82,10,0.4760725631642915,0.0,2.0615528128088303,0.4760725631642915,0.0,2.0615528128088303,10,1.0
pg6_8,83,10,0.6487418430104823,0.5,3.1622776601683795,0.6487418430104823,0.5,3.1622776601683795,10,1.0
pg6_8,84,10,0.9729316061173646,0.6035533905932737,3.0413812651491097,0.9729316061173646,0.6035533905932737,3.0413812651491097,10,1.0
pg6_8,85,10,0.5869384441354928,0.5,3.1622776601683795,0.5869384441354928,0.5,3.1622776601683795,10,1.0
pg6_8,86,10,0.7202464822485795,0.5,2.692582403567252,0.7202464822485795,0.5,2.692582403567252,10,1.0
pg6_8,87,10,0.7950523271439117,0.5,3.1622776601683795,0.7950523271439117,0.5,3.1622776601683795,10,1.0
pg6_8,88,10,0.6106795965940346,0.5,2.692582403567252,0.6106795965940346,0.5,2.692582403567252,10,1.0
pg6_8,89,10,0.6202464822485794,0.25,2.692582403567252,0.6202464822485794,0.25,2.692582403567252,10,1.0
pg6_8,90,10,0.8812559200041266,0.6035533905932737,3.1622776601683795,0.8812559200041266,0.6035533905932737,3.1622776601683795,10,1.0
pg6_8,91,10,0.6931936735876789,0.6035533905932737,2.692582403567252,0.6931936735876789,0.6035533905932737,2.692582403567252,10,1.0
pg6_8,92,10,0.6243416490252569,0.25,3.1622776601683795,0.6243416490252569,0.25,3.1622776601683795,10,1.0
pg6_8,93,10,0.9017723173503696,0.5,2.692582403567252,0.9017723173503696,0.5,2.692582403567252,10,1.0
pg6_8,94,10,0.7495352392457285,0.5,2.5,0.7495352392457285,0.5,2.5,10,1.0
pg6_8,95,10,0.7049509756796393,0.5,2.5495097567963922,0.7049509756796393,0.5,2.5495097567963922,10,1.0
pg6_8,96,10,0.7025276131978317,0.5,2.5495097567963922,0.7025276131978317,0.5,2.5495097567963922,10,1.0
pg6_8,97,10,0.7122520095233299,0.5,3.0413812651491097,0.7122520095233299,0.5,3.0413812651491097,10,1.0
pg6_9,2,10,1.239294558148147,1.0590169943749475,2.23606797749979,1.239294558148147,1.0590169943749475,2.23606797749979,10,1.0
pg6_9,3,10,0.15,0.0,0.5,0.15,0.0,0.5,10,1.0
pg6_9,4,10,0.22071067811865475,0.0,0.7071067811865476,0.22071067811865475,0.0,0.7071067811865476,10,1.0
pg6_9,5,10,0.05,0.0,0.5,0.05,0.0,0.5,10,1.0
pg6_9,6,10,0.05,0.0,0.5,0.05,0.0,0.5,10,1.0
pg6_9,7,10,0.2,0.0,0.5,0.2,0.0,0.5,10,1.0
pg6_9,8,10,0.1,0.0,0.5,0.1,0.0,0.5,10,1.0
pg6_9,9,10,0.15,0.0,0.5,0.15,0.0,0.5,10,1.0
pg6_9,10,10,0.05,0.0,0.5,0.05,0.0,0.5,10,1.0
pg6_9,11,10,0.1,0.0,0.5,0.1,0.0,0.5,10,1.0
pg6_9,12,10,0.0,0.0,0.0,0.0,0.0,0.0,10,1.0
pg6_9,13,10,0.0,0.0,0.0,0.0,0.0,0.0,10,1.0
pg6_9,14,10,0.2,0.0,0.5,0.2,0.0,0.5,10,1.0
pg6_9,15,10,0.0,0.0,0.0,0.0,0.0,0.0,10,1.0
pg6_9,16,10,0.05,0.0,0.5,0.05,0.0,0.5,10,1.0
pg6_9,17,10,0.1,0.0,0.5,0.1,0.0,0.5,10,1.0
pg6_9,18,10,0.1,0.0,0.5,0.1,0.0,0.5,10,1.0
pg6_9,19,10,0.05,0.0,0.5,0.05,0.0,0.5,10,1.0
pg6_9,20,10,0.1118033988749895,0.0,1.118033988749895,0.1118033988749895,0.0,1.118033988749895,10,1.0
pg6_9,21,10,0.4256616537982939,0.0,2.5495097567963922,0.4256616537982939,0.0,2.5495097567963922,10,1.0
pg6_9,22,10,0.05,0.0,0.5,0.05,0.0,0.5,10,1.0
pg6_9,23,10,0.0,0.0,0.0,0.0,0.0,0.0,10,1.0
pg6_9,24,10,0.16180339887498948,0.0,1.118033988749895,0.16180339887498948,0.0,1.118033988749895,10,1.0
pg6_9,25,10,0.1,0.0,0.5,0.1,0.0,0.5,10,1.0
pg6_9,26,10,0.30495097567963925,0.0,2.5495097567963922,0.30495097567963925,0.0,2.5495097567963922,10,1.0
pg6_9,27,10,0.35,0.0,2.5,0.35,0.0,2.5,10,1.0
pg6_9,28,10,0.42686595939953775,0.25,2.0615528128088303,0.42686595939953775,0.25,2.0615528128088303,10,1.0
pg6_9,29,10,0.38996891847537996,0.0,2.692582403567252,0.38996891847537996,0.0,2.692582403567252,10,1.0
pg6_9,30,10,0.16180339887498948,0.0,1.118033988749895,0.16180339887498948,0.0,1.118033988749895,10,1.0
pg6_9,31,10,0.31213203435596426,0.0,1.4142135623730951,0.31213203435596426,0.0,1.4142135623730951,10,1.0
pg6_9,32,10,0.2,0.0,0.5,0.2,0.0,0.5,10,1.0
pg6_9,33,10,0.22071067811865475,0.0,0.7071067811865476,0.22071067811865475,0.0,0.7071067811865476,10,1.0
pg6_9,34,10,0.16180339887498948,0.0,1.118033988749895,0.16180339887498948,0.0,1.118033988749895,10,1.0
pg6_9,35,10,0.3914213562373095,0.5,0.7071067811865476,0.3914213562373095,0.5,0.7071067811865476,10,1.0
pg6_9,36,10,0.29142135623730947,0.25,0.7071067811865476,0.29142135623730947,0.25,0.7071067811865476,10,1.0
pg6_9,37,10,0.24142135623730948,0.0,0.7071067811865476,0.24142135623730948,0.0,0.7071067811865476,10,1.0
pg6_9,38,10,0.3,0.25,1.0,0.3,0.25,1.0,10,1.0
pg6_9,39,10,0.453224755112299,0.5,1.118033988749895,0.453224755112299,0.5,1.118033988749895,10,1.0
pg6_9,40,10,0.4121320343559642,0.5,1.0,0.4121320343559642,0.5,1.0,10,1.0
pg6_9,41,10,1.5221977626417247,0.5,10.307764064044152,1.5221977626417247,0.5,10.307764064044152,10,1.0
pg6_9,42,10,0.6524313588770527,0.8535533905932737,1.5811388300841898,0.6524313588770527,0.8535533905932737,1.5811388300841898,10,1.0
pg6_9,43,10,0.6702459173643833,0.6035533905932737,1.5811388300841898,0.6702459173643833,0.6035533905932737,1.5811388300841898,10,1.0
pg6_9,44,10,0.761338638120718,0.8090169943749475,1.5811388300841898,0.761338638120718,0.8090169943749475,1.5811388300841898,10,1.0
pg6_9,45,10,0.8035533905932738,0.7071067811865476,1.5,0.8035533905932738,0.7071067811865476,1.5,10,1.0
pg6_9,46,10,0.7538843615231785,0.5,1.8027756377319946,0.7538843615231785,0.5,1.8027756377319946,10,1.0
pg6_9,47,10,0.7621320343559643,0.5,1.5,0.7621320343559643,0.5,1.5,10,1.0
pg6_9,48,10,0.6216989200105091,0.6035533905932737,1.8027756377319946,0.6216989200105091,0.6035533905932737,1.8027756377319946,10,1.0
pg6_9,49,10,0.4914213562373096,0.5,1.0,0.4914213562373096,0.5,1.0,10,1.0
pg6_9,50,10,0.8042129970041533,0.7071067811865476,1.8027756377319946,0.8042129970041533,0.7071067811865476,1.8027756377319946,10,1.0
pg6_9,51,10,0.46133863812071796,0.25,1.5811388300841898,0.46133863812071796,0.25,1.5811388300841898,10,1.0
pg6_9,52,10,0.8088255701461697,0.5,3.2015621187164243,0.8088255701461697,0.5,3.2015621187164243,10,1.0
pg6_9,53,10,0.9904021292360257,0.6035533905932737,3.2015621187164243,0.9904021292360257,0.6035533905932737,3.2015621187164243,10,1.0
pg6_9,54,10,0.9822882462276066,0.7071067811865476,3.2015621187164243,0.9822882462276066,0.7071067811865476,3.2015621187164243,10,1.0
pg6_9,55,10,1.0066280384303998,1.0590169943749475,2.0615528128088303,1.0066280384303998,1.0590169943749475,2.0615528128088303,10,1.0
pg6_9,56,10,0.8081757307919382,0.7071067811865476,2.5495097567963922,0.8081757307919382,0.7071067811865476,2.5495097567963922,10,1.0
pg6_9,57,10,0.9829868341431611,0.9125703849682212,2.0615528128088303,0.9829868341431611,0.9125703849682212,2.0615528128088303,10,1.0
pg6_9,58,10,0.9768659593995379,0.6035533905932737,2.5,0.9768659593995379,0.6035533905932737,2.5,10,1.0
pg6_9,59,10,1.9194236070304629,1.5,5.0,1.9194236070304629,1.5,5.0,10,1.0
pg6_9,60,10,1.5865932841734307,1.0590169943749475,3.605551275463989,1.5865932841734307,1.0590169943749475,3.605551275463989,10,1.0
pg6_9,61,10,1.2152449217708918,0.7071067811865476,4.031128874149275,1.2152449217708918,0.7071067811865476,4.031128874149275,10,1.0
pg6_9,62,10,1.1218937656671168,0.8535533905932737,3.605551275463989,1.1218937656671168,0.8535533905932737,3.605551275463989,10,1.0
pg6_9,63,10,1.2031128874149275,1.0,4.031128874149275,1.2031128874149275,1.0,4.031128874149275,10,1.0
pg6_9,64,10,1.0918597068495663,1.0590169943749475,3.3541019662496847,1.0918597068495663,1.0590169943749475,3.3541019662496847,10,1.0
pg6_9,65,10,1.3110278846959158,1.0,3.605551275463989,1.3110278846959158,1.0,3.605551275463989,10,1.0
pg6_9,66,10,1.3316706608445457,1.118033988749895,4.031128874149275,1.3316706608445457,1.118033988749895,4.031128874149275,10,1.0
pg6_9,67,10,1.4458291988980707,1.25,3.605551275463989,1.4458291988980707,1.25,3.605551275463989,10,1.0
pg6_9,68,10,1.4752845645749533,1.266123775561495,4.031128874149275,1.4752845645749533,1.266123775561495,4.031128874149275,10,1.0
pg6_9,69,10,1.2153567894682633,0.8535533905932737,3.0,1.2153567894682633,0.8535533905932737,3.0,10,1.0
pg6_9,70,10,1.2403580449043996,1.2071067811865475,3.1622776601683795,1.2403580449043996,1.2071067811865475,3.1622776601683795,10,1.0
pg6_9,71,10,1.2995970870292477,1.0590169943749475,2.8284271247461903,1.2995970870292477,1.0590169943749475,2.8284271247461903,10,1.0
pg6_9,72,10,1.5226192961656637,1.5811388300841898,3.1622776601683795,1.5226192961656637,1.5811388300841898,3.1622776601683795,10,1.0
pg6_9,73,10,1.4745507363494976,1.118033988749895,3.640054944640259,1.4745507363494976,1.118033988749895,3.640054944640259,10,1.0
pg6_9,74,10,1.5066257018186153,1.4571067811865475,3.8078865529319543,1.5066257018186153,1.4571067811865475,3.8078865529319543,10,1.0
pg6_9,75,10,1.5151514319782051,1.3495864094170424,3.1622776601683795,1.5151514319782051,1.3495864094170424,3.1622776601683795,10,1.0
pg6_9,76,10,1.748684142637267,1.5590169943749475,3.640054944640259,1.748684142637267,1.5590169943749475,3.640054944640259,10,1.0
pg6_9,77,10,1.5245102823842498,1.5,3.0413812651491097,1.5245102823842498,1.5,3.0413812651491097,10,1.0
pg6_9,78,10,1.4056561139893518,1.0,3.5,1.4056561139893518,1.0,3.5,10,1.0
pg6_9,79,10,1.5455349699543557,1.540569415042095,3.605551275463989,1.5455349699543557,1.540569415042095,3.605551275463989,10,1.0
pg6_9,80,10,1.5935859274169069,1.3090169943749475,3.3541019662496847,1.5935859274169069,1.3090169943749475,3.3541019662496847,10,1.0
pg6_9,81,10,1.751797630917591,1.9321642252704123,3.5355339059327378,1.751797630917591,1.9321642252704123,3.5355339059327378,10,1.0
pg6_9,82,10,1.4587636026509572,1.540569415042095,3.0,1.4587636026509572,1.540569415042095,3.0,10,1.0
pg6_9,83,10,1.7075818737849944,1.6513878188659974,3.5,1.7075818737849944,1.6513878188659974,3.5,10,1.0
pg6_9,84,10,1.56735386513223,1.5811388300841898,3.605551275463989,1.56735386513223,1.5811388300841898,3.605551275463989,10,1.0
pg6_9,85,10,1.7699252782786536,1.82134582144651,3.3541019662496847,1.7699252782786536,1.82134582144651,3.3541019662496847,10,1.0
pg6_9,86,10,1.889292222699217,1.75,3.5,1.889292222699217,1.75,3.5,10,1.0
pg6_9,87,10,1.4501456539273592,1.4976761962286425,2.692582403567252,1.4501456539273592,1.4976761962286425,2.692582403567252,10,1.0
pg6_9,88,10,1.602539303443601,1.5,3.3541019662496847,1.602539303443601,1.5,3.3541019662496847,10,1.0
pg6_9,89,10,1.8021964152008452,1.6919572339080922,4.5,1.8021964152008452,1.6919572339080922,4.5,10,1.0
pg6_9,90,10,1.9898407895973285,1.82134582144651,4.5,1.7898407895973285,1.82134582144651,2.692582403567252,9,0.9
pg6_9,91,10,1.974578889535902,1.9013878188659974,4.5,1.974578889535902,1.9013878188659974,4.5,10,1.0
pg6_9,92,10,1.731223078072233,1.6084946000525449,4.5,1.731223078072233,1.6084946000525449,4.5,10,1.0
pg6_9,93,10,1.9183139649318286,1.8027756377319946,4.5,1.9183139649318286,1.8027756377319946,4.5,10,1.0
pg6_9,94,10,1.5520095659394824,1.6919572339080922,2.692582403567252,1.5520095659394824,1.6919572339080922,2.692582403567252,10,1.0
pg6_9,95,10,1.5490440667833225,1.7378831875909628,2.5495097567963922,1.5490440667833225,1.7378831875909628,2.5495097567963922,10,1.0
pg6_9,96,10,1.645587496961144,1.6919572339080922,2.692582403567252,1.6374736139527246,1.6513878188659974,2.692582403567252,9,0.9
pg6_9,97,10,1.4274991556684025,1.6919572339080922,2.23606797749979,1.315695756793413,1.4976761962286425,2.23606797749979,9,0.9
pg7_1,2,10,4.270999461144863,3.7386037959336726,7.0710678118654755,4.270999461144863,3.7386037959336726,7.0710678118654755,10,1.0
pg7_1,3,10,0.35,0.25,1.0,0.35,0.25,1.0,10,1.0
pg7_1,4,10,0.25,0.0,2.0,0.25,0.0,2.0,10,1.0
pg7_1,5,10,0.2618033988749895,0.0,1.118033988749895,0.2618033988749895,0.0,1.118033988749895,10,1.0
pg7_1,6,10,0.12071067811865474,0.0,0.7071067811865476,0.12071067811865474,0.0,0.7071067811865476,10,1.0
pg7_1,7,10,0.16180339887498948,0.0,1.118033988749895,0.16180339887498948,0.0,1.118033988749895,10,1.0
pg7_1,8,10,0.1,0.0,0.5,0.1,0.0,0.5,10,1.0
pg7_1,9,10,0.1,0.0,0.5,0.1,0.0,0.5,10,1.0
pg7_1,10,10,0.05,0.0,0.5,0.05,0.0,0.5,10,1.0
pg7_1,11,10,0.1,0.0,1.0,0.1,0.0,1.0,10,1.0
pg7_1,12,10,0.07071067811865475,0.0,0.7071067811865476,0.07071067811865475,0.0,0.7071067811865476,10,1.0
pg7_1,13,10,0.1,0.0,0.5,0.1,0.0,0.5,10,1.0
pg7_1,14,10,0.2,0.0,1.0,0.2,0.0,1.0,10,1.0
pg7_1,15,10,0.1,0.0,0.5,0.1,0.0,0.5,10,1.0
pg7_1,16,10,0.05,0.0,0.5,0.05,0.0,0.5,10,1.0
pg7_1,17,10,0.0,0.0,0.0,0.0,0.0,0.0,10,1.0
pg7_1,18,10,0.1,0.0,0.5,0.1,0.0,0.5,10,1.0
pg7_1,19,10,0.05,0.0,0.5,0.05,0.0,0.5,10,1.0
pg7_1,20,10,0.0,0.0,0.0,0.0,0.0,0.0,10,1.0
pg7_1,21,10,0.17071067811865476,0.0,0.7071067811865476,0.17071067811865476,0.0,0.7071067811865476,10,1.0
pg7_1,22,10,0.32360679774997897,0.0,1.118033988749895,0.32360679774997897,0.0,1.118033988749895,10,1.0
pg7_1,23,10,0.05,0.0,0.5,0.05,0.0,0.5,10,1.0
pg7_1,24,10,0.23027756377319947,0.0,1.8027756377319946,0.23027756377319947,0.0,1.8027756377319946,10,1.0
pg7_1,25,10,0.12071067811865474,0.0,0.7071067811865476,0.12071067811865474,0.0,0.7071067811865476,10,1.0
pg7_1,26,10,0.16180339887498948,0.0,1.118033988749895,0.16180339887498948,0.0,1.118033988749895,10,1.0
pg7_1,27,10,0.1,0.0,0.5,0.1,0.0,0.5,10,1.0
pg7_1,28,10,0.25,0.25,0.5,0.25,0.25,0.5,10,1.0
pg7_1,29,10,0.0,0.0,0.0,0.0,0.0,0.0,10,1.0
pg7_1,30,10,0.22071067811865475,0.0,0.7071067811865476,0.22071067811865475,0.0,0.7071067811865476,10,1.0
pg7_1,31,10,0.05,0.0,0.5,0.05,0.0,0.5,10,1.0
pg7_1,32,10,0.1,0.0,0.5,0.1,0.0,0.5,10,1.0
pg7_1,33,10,0.16180339887498948,0.0,1.118033988749895,0.16180339887498948,0.0,1.118033988749895,10,1.0
pg7_1,34,10,0.05,0.0,0.5,0.05,0.0,0.5,10,1.0
pg7_1,35,10,0.38251407699364426,0.5,1.118033988749895,0.38251407699364426,0.5,1.118033988749895,10,1.0
pg7_1,36,10,0.12071067811865474,0.0,0.7071067811865476,0.12071067811865474,0.0,0.7071067811865476,10,1.0
pg7_1,37,10,0.16180339887498948,0.0,1.118033988749895,0.16180339887498948,0.0,1.118033988749895,10,1.0
pg7_1,38,10,0.2118033988749895,0.0,1.118033988749895,0.2118033988749895,0.0,1.118033988749895,10,1.0
pg7_1,39,10,0.2825140769936442,0.0,1.118033988749895,0.2825140769936442,0.0,1.118033988749895,10,1.0
pg7_1,40,10,0.1914213562373095,0.0,0.7071067811865476,0.1914213562373095,0.0,0.7071067811865476,10,1.0
pg7_1,41,10,0.29142135623730947,0.25,0.7071067811865476,0.29142135623730947,0.25,0.7071067811865476,10,1.0
pg7_1,42,10,0.17071067811865476,0.0,0.7071067811865476,0.17071067811865476,0.0,0.7071067811865476,10,1.0
pg7_1,43,10,0.17071067811865476,0.0,0.7071067811865476,0.17071067811865476,0.0,0.7071067811865476,10,1.0
pg7_1,44,10,0.3914213562373095,0.5,0.7071067811865476,0.3914213562373095,0.5,0.7071067811865476,10,1.0
pg7_1,45,10,0.17071067811865476,0.0,0.7071067811865476,0.17071067811865476,0.0,0.7071067811865476,10,1.0
pg7_1,46,10,0.22071067811865475,0.0,0.7071067811865476,0.22071067811865475,0.0,0.7071067811865476,10,1.0
pg7_1,47,10,1.0014693182963201,0.0,8.514693182963201,1.0014693182963201,0.0,8.514693182963201,10,1.0
pg7_1,48,10,0.3,0.0,1.5,0.3,0.0,1.5,10,1.0
pg7_1,49,10,0.30322475511229896,0.0,1.118033988749895,0.30322475511229896,0.0,1.118033988749895,10,1.0
pg7_1,50,10,0.3414213562373095,0.25,1.0,0.3414213562373095,0.25,1.0,10,1.0
pg7_1,51,10,0.2825140769936442,0.0,1.118033988749895,0.2825140769936442,0.0,1.118033988749895,10,1.0
pg7_1,52,10,0.403224755112299,0.5,1.118033988749895,0.403224755112299,0.5,1.118033988749895,10,1.0
pg7_1,53,10,0.2825140769936442,0.0,1.118033988749895,0.2825140769936442,0.0,1.118033988749895,10,1.0
pg7_1,54,10,0.403224755112299,0.5,1.118033988749895,0.403224755112299,0.5,1.118033988749895,10,1.0
pg7_1,55,10,0.44240959812916375,0.25,1.8027756377319946,0.44240959812916375,0.25,1.8027756377319946,10,1.0
pg7_1,56,10,0.536067467586918,0.3535533905932738,2.1213203435596424,0.536067467586918,0.3535533905932738,2.1213203435596424,10,1.0
pg7_1,57,10,0.49208096264818896,0.5,1.8027756377319946,0.49208096264818896,0.5,1.8027756377319946,10,1.0
pg7_1,58,10,0.5653567894682633,0.5,2.1213203435596424,0.5653567894682633,0.5,2.1213203435596424,10,1.0
pg7_1,59,10,0.5035533905932738,0.5,2.1213203435596424,0.5035533905932738,0.5,2.1213203435596424,10,1.0
pg7_1,60,10,0.5009882418918543,0.5,1.8027756377319946,0.5009882418918543,0.5,1.8027756377319946,10,1.0
pg7_1,61,10,0.6207106781186548,0.25,2.5,0.6207106781186548,0.25,2.5,10,1.0
pg7_1,62,10,0.5202459173643832,0.25,2.1213203435596424,0.5202459173643832,0.25,2.1213203435596424,10,1.0
pg7_1,63,10,0.6420809626481889,0.5,1.8027756377319946,0.6420809626481889,0.5,1.8027756377319946,10,1.0
pg7_1,64,10,0.5820493162393727,0.25,2.1213203435596424,0.5820493162393727,0.25,2.1213203435596424,10,1.0
pg7_1,65,10,0.5627916407668437,0.25,1.8027756377319946,0.5627916407668437,0.25,1.8027756377319946,10,1.0
pg7_1,66,10,0.6764011986452663,0.5,2.0615528128088303,0.6764011986452663,0.5,2.0615528128088303,10,1.0
pg7_1,67,10,0.8532247551122989,0.75,2.0,0.8532247551122989,0.75,2.0,10,1.0
pg7_1,68,10,0.6386693582745273,0.5,2.0615528128088303,0.6386693582745273,0.5,2.0615528128088303,10,1.0
pg7_1,69,10,0.5118033988749895,0.5,1.5,0.5118033988749895,0.5,1.5,10,1.0
pg7_1,70,10,0.6118033988749895,0.25,2.0,0.6118033988749895,0.25,2.0,10,1.0
pg7_1,71,10,0.6760725631642915,0.5,2.0615528128088303,0.6760725631642915,0.5,2.0615528128088303,10,1.0
pg7_1,72,10,0.45,0.0,2.0,0.45,0.0,2.0,10,1.0
pg7_1,73,10,0.7386693582745274,0.5,2.0615528128088303,0.7386693582745274,0.5,2.0615528128088303,10,1.0
pg7_1,74,10,0.5869384441354927,0.5,1.5811388300841898,0.5869384441354927,0.5,1.5811388300841898,10,1.0
pg7_1,75,10,0.6475766375181925,0.5,2.0615528128088303,0.6475766375181925,0.5,2.0615528128088303,10,1.0
pg7_1,76,10,0.7024313588770528,0.6035533905932737,2.0,0.7024313588770528,0.6035533905932737,2.0,10,1.0
pg7_1,77,10,0.6268659593995378,0.5,2.0615528128088303,0.6268659593995378,0.5,2.0615528128088303,10,1.0
pg7_1,78,10,0.6679586801558726,0.5,2.0615528128088303,0.6679586801558726,0.5,2.0615528128088303,10,1.0
pg7_1,79,10,0.6901631992477917,0.6035533905932737,1.5811388300841898,0.6901631992477917,0.6035533905932737,1.5811388300841898,10,1.0
pg7_1,80,10,0.7760725631642915,0.5,2.0615528128088303,0.7760725631642915,0.5,2.0615528128088303,10,1.0
pg7_1,81,10,0.848741843010482,0.8535533905932737,2.0,0.848741843010482,0.8535533905932737,2.0,10,1.0
pg7_1,82,10,0.777566404137556,0.7071067811865476,1.5811388300841898,0.777566404137556,0.7071067811865476,1.5811388300841898,10,1.0
pg7_1,83,10,0.7386693582745274,0.6035533905932737,2.0615528128088303,0.7386693582745274,0.6035533905932737,2.0615528128088303,10,1.0
pg7_1,84,10,1.0118458018074945,0.5,4.123105625617661,1.0118458018074945,0.5,4.123105625617661,10,1.0
pg7_1,85,10,0.8886693582745273,0.6035533905932737,2.0615528128088303,0.8886693582745273,0.6035533905932737,2.0615528128088303,10,1.0
pg7_1,86,10,0.8731426018799036,0.5590169943749475,2.692582403567252,0.8731426018799036,0.5590169943749475,2.692582403567252,10,1.0
pg7_1,87,10,0.6335023188854985,0.6035533905932737,1.8027756377319946,0.6335023188854985,0.6035533905932737,1.8027756377319946,10,1.0
pg7_1,88,10,0.753224755112299,0.5,2.5,0.753224755112299,0.5,2.5,10,1.0
pg7_1,89,10,0.7008013926304916,0.5,2.1213203435596424,0.7008013926304916,0.5,2.1213203435596424,10,1.0
pg7_1,90,10,0.7844905607773527,0.6035533905932737,1.8027756377319946,0.7844905607773527,0.6035533905932737,1.8027756377319946,10,1.0
pg7_1,91,10,0.8063501269374909,0.75,2.0615528128088303,0.8063501269374909,0.75,2.0615528128088303,10,1.0
pg7_1,92,10,0.8536975122618158,0.8090169943749475,2.1213203435596424,0.8536975122618158,0.8090169943749475,2.1213203435596424,10,1.0
pg7_1,93,10,0.724923675122808,0.75,1.8027756377319946,0.724923675122808,0.75,1.8027756377319946,10,1.0
pg7_1,94,10,0.8959075711626772,0.9571067811865476,2.5495097567963922,0.8959075711626772,0.9571067811865476,2.5495097567963922,10,1.0
pg7_1,95,10,0.921843041679051,1.118033988749895,2.0615528128088303,0.921843041679051,1.118033988749895,2.0615528128088303,10,1.0
pg7_1,96,10,0.8767828935632369,0.75,1.8027756377319946,0.8767828935632369,0.75,1.8027756377319946,10,1.0
pg7_1,97,10,0.8396576001663814,0.8090169943749475,2.0615528128088303,0.8396576001663814,0.8090169943749475,2.0615528128088303,10,1.0
pg7_10,2,10,1.7835023188854984,1.6513878188659974,4.0,1.7835023188854984,1.6513878188659974,4.0,10,1.0
pg7_10,3,10,0.3,0.0,1.5,0.3,0.0,1.5,10,1.0
pg7_10,4,10,0.3118033988749895,0.0,1.118033988749895,0.3118033988749895,0.0,1.118033988749895,10,1.0
pg7_10,5,10,0.16180339887498948,0.0,1.118033988749895,0.16180339887498948,0.0,1.118033988749895,10,1.0
pg7_10,6,10,0.07071067811865475,0.0,0.7071067811865476,0.07071067811865475,0.0,0.7071067811865476,10,1.0
pg7_10,7,10,0.22071067811865475,0.0,0.7071067811865476,0.22071067811865475,0.0,0.7071067811865476,10,1.0
pg7_10,8,10,0.15,0.0,0.5,0.15,0.0,0.5,10,1.0
pg7_10,9,10,0.15,0.0,1.0,0.15,0.0,1.0,10,1.0
pg7_10,10,10,0.1,0.0,0.5,0.1,0.0,0.5,10,1.0
pg7_10,11,10,0.05,0.0,0.5,0.05,0.0,0.5,10,1.0
pg7_10,12,10,0.45311288741492745,0.0,4.031128874149275,0.45311288741492745,0.0,4.031128874149275,10,1.0
pg7_10,13,10,0.353224755112299,0.25,1.118033988749895,0.353224755112299,0.25,1.118033988749895,10,1.0
pg7_10,14,10,0.05,0.0,0.5,0.05,0.0,0.5,10,1.0
pg7_10,15,10,0.30495097567963925,0.0,2.5495097567963922,0.30495097567963925,0.0,2.5495097567963922,10,1.0
pg7_10,16,10,0.4302775637731995,0.5,1.8027756377319946,0.4302775637731995,0.5,1.8027756377319946,10,1.0
pg7_10,17,10,0.2825140769936442,0.0,1.118033988749895,0.2825140769936442,0.0,1.118033988749895,10,1.0
pg7_10,18,10,0.15,0.0,0.5,0.15,0.0,0.5,10,1.0
pg7_10,19,10,0.2995352392457285,0.0,1.5811388300841898,0.2995352392457285,0.0,1.5811388300841898,10,1.0
pg7_10,20,10,0.1,0.0,0.5,0.1,0.0,0.5,10,1.0
pg7_10,21,10,0.15,0.0,0.5,0.15,0.0,0.5,10,1.0
pg7_10,22,10,0.22071067811865475,0.0,0.7071067811865476,0.22071067811865475,0.0,0.7071067811865476,10,1.0
pg7_10,23,10,0.29142135623730947,0.25,0.7071067811865476,0.29142135623730947,0.25,0.7071067811865476,10,1.0
pg7_10,24,10,0.2,0.0,0.5,0.2,0.0,0.5,10,1.0
pg7_10,25,10,0.2,0.0,0.5,0.2,0.0,0.5,10,1.0
pg7_10,26,10,0.25,0.25,0.5,0.25,0.25,0.5,10,1.0
pg7_10,27,10,0.15,0.0,0.5,0.15,0.0,0.5,10,1.0
pg7_10,28,10,0.1414213562373095,0.0,0.7071067811865476,0.1414213562373095,0.0,0.7071067811865476,10,1.0
pg7_10,29,10,0.22071067811865475,0.0,0.7071067811865476,0.22071067811865475,0.0,0.7071067811865476,10,1.0
pg7_10,30,10,0.17071067811865476,0.0,0.7071067811865476,0.17071067811865476,0.0,0.7071067811865476,10,1.0
pg7_10,31,10,0.05,0.0,0.5,0.05,0.0,0.5,10,1.0
pg7_10,32,10,0.0,0.0,0.0,0.0,0.0,0.0,10,1.0
pg7_10,33,10,0.17071067811865476,0.0,0.7071067811865476,0.17071067811865476,0.0,0.7071067811865476,10,1.0
pg7_10,34,10,0.17071067811865476,0.0,0.7071067811865476,0.17071067811865476,0.0,0.7071067811865476,10,1.0
pg7_10,35,10,0.29142135623730947,0.25,0.7071067811865476,0.29142135623730947,0.25,0.7071067811865476,10,1.0
pg7_10,36,10,0.2618033988749895,0.0,1.118033988749895,0.2618033988749895,0.0,1.118033988749895,10,1.0
pg7_10,37,10,0.1118033988749895,0.0,1.118033988749895,0.1118033988749895,0.0,1.118033988749895,10,1.0
pg7_10,38,10,0.353224755112299,0.25,1.118033988749895,0.353224755112299,0.25,1.118033988749895,10,1.0
pg7_10,39,10,0.3414213562373095,0.25,1.0,0.3414213562373095,0.25,1.0,10,1.0
pg7_10,40,10,0.2,0.0,1.0,0.2,0.0,1.0,10,1.0
pg7_10,41,10,0.553224755112299,0.0,2.0,0.553224755112299,0.0,2.0,10,1.0
pg7_10,42,10,0.4618033988749895,0.5,1.5,0.4618033988749895,0.5,1.5,10,1.0
pg7_10,43,10,0.668669010554818,0.0,3.605551275463989,0.668669010554818,0.0,3.605551275463989,10,1.0
pg7_10,44,10,0.6479108653845314,0.0,4.272001872658765,0.6479108653845314,0.0,4.272001872658765,10,1.0
pg7_10,45,10,0.37071067811865477,0.25,1.0,0.37071067811865477,0.25,1.0,10,1.0
pg7_10,46,10,0.3118033988749895,0.0,1.118033988749895,0.3118033988749895,0.0,1.118033988749895,10,1.0
pg7_10,47,10,0.7927260035641822,0.0,5.220153254455275,0.7927260035641822,0.0,5.220153254455275,10,1.0
pg7_10,48,10,0.4854101966249685,0.25,2.23606797749979,0.4854101966249685,0.25,2.23606797749979,10,1.0
pg7_10,49,10,0.44757663751819254,0.25,2.0615528128088303,0.44757663751819254,0.25,2.0615528128088303,10,1.0
pg7_10,50,10,0.542080962648189,0.25,1.8027756377319946,0.542080962648189,0.25,1.8027756377319946,10,1.0
pg7_10,51,10,0.44757663751819254,0.0,2.0615528128088303,0.44757663751819254,0.0,2.0615528128088303,10,1.0
pg7_10,52,10,0.4650281539872885,0.25,2.23606797749979,0.4650281539872885,0.25,2.23606797749979,10,1.0
pg7_10,53,10,0.31213203435596426,0.0,1.0,0.31213203435596426,0.0,1.0,10,1.0
pg7_10,54,10,0.4650281539872885,0.3535533905932738,1.118033988749895,0.4650281539872885,0.3535533905932738,1.118033988749895,10,1.0
pg7_10,55,10,0.4424095981291637,0.25,1.8027756377319946,0.4424095981291637,0.25,1.8027756377319946,10,1.0
pg7_10,56,10,0.43866935827452724,0.0,2.0615528128088303,0.43866935827452724,0.0,2.0615528128088303,10,1.0
pg7_10,57,10,0.5857388321059432,0.3535533905932738,2.23606797749979,0.5857388321059432,0.3535533905932738,2.23606797749979,10,1.0
pg7_10,58,10,0.6475422309809328,0.7071067811865476,2.23606797749979,0.6475422309809328,0.7071067811865476,2.23606797749979,10,1.0
pg7_10,59,10,0.44240959812916375,0.0,1.8027756377319946,0.44240959812916375,0.0,1.8027756377319946,10,1.0
pg7_10,60,10,0.46795868015587255,0.25,2.0615528128088303,0.46795868015587255,0.25,2.0615528128088303,10,1.0
pg7_10,61,10,0.6271601883432527,0.6035533905932737,2.23606797749979,0.6271601883432527,0.6035533905932737,2.23606797749979,10,1.0
pg7_10,62,10,0.5127916407668437,0.5,1.8027756377319946,0.5127916407668437,0.5,1.8027756377319946,10,1.0
pg7_10,63,10,0.6521009528313442,0.5,2.692582403567252,0.6521009528313442,0.5,2.692582403567252,10,1.0
pg7_10,64,10,0.5150281539872885,0.6035533905932737,1.118033988749895,0.5150281539872885,0.6035533905932737,1.118033988749895,10,1.0
pg7_10,65,10,0.45388436152317846,0.0,1.8027756377319946,0.45388436152317846,0.0,1.8027756377319946,10,1.0
pg7_10,66,10,0.8027599943580276,0.7071067811865476,2.5,0.8027599943580276,0.7071067811865476,2.5,10,1.0
pg7_10,67,10,0.650194845656608,0.5,1.8027756377319946,0.650194845656608,0.5,1.8027756377319946,10,1.0
pg7_10,68,10,0.6116672736016928,0.25,2.1213203435596424,0.6116672736016928,0.25,2.1213203435596424,10,1.0
pg7_10,69,10,0.7415654779058516,0.5,2.23606797749979,0.7415654779058516,0.5,2.23606797749979,10,1.0
pg7_10,70,10,0.7538843615231785,1.0,1.8027756377319946,0.7538843615231785,1.0,1.8027756377319946,10,1.0
pg7_10,71,10,0.5618033988749895,0.25,2.5,0.5618033988749895,0.25,2.5,10,1.0
pg7_10,72,10,0.6026702888652867,0.25,3.2015621187164243,0.6026702888652867,0.25,3.2015621187164243,10,1.0
pg7_10,73,10,0.7026702888652867,0.3535533905932738,3.2015621187164243,0.7026702888652867,0.3535533905932738,3.2015621187164243,10,1.0
pg7_10,74,10,0.723268275500663,0.25,2.9154759474226504,0.723268275500663,0.25,2.9154759474226504,10,1.0
pg7_10,75,10,0.7937630096216214,0.5,3.2015621187164243,0.7937630096216214,0.5,3.2015621187164243,10,1.0
pg7_10,76,10,0.8070946560071353,0.5,3.2015621187164243,0.8070946560071353,0.5,3.2015621187164243,10,1.0
pg7_10,77,10,0.7107841718737057,0.25,3.2015621187164243,0.7107841718737057,0.25,3.2015621187164243,10,1.0
pg7_10,78,10,0.9499690148905705,0.75,3.2015621187164243,0.9499690148905705,0.75,3.2015621187164243,10,1.0
pg7_10,79,10,0.8760381566270319,0.6035533905932737,3.3541019662496847,0.8760381566270319,0.6035533905932737,3.3541019662496847,10,1.0
pg7_10,80,10,0.8910828339879935,0.5,2.9154759474226504,0.8910828339879935,0.5,2.9154759474226504,10,1.0
pg7_10,81,10,0.9105452418854718,0.8535533905932737,3.1622776601683795,0.9105452418854718,0.8535533905932737,3.1622776601683795,10,1.0
pg7_10,82,10,0.9095062748981375,0.75,2.9154759474226504,0.9095062748981375,0.75,2.9154759474226504,10,1.0
pg7_10,83,10,1.0674595128643412,0.8090169943749475,3.3541019662496847,1.0674595128643412,0.8090169943749475,3.3541019662496847,10,1.0
pg7_10,84,10,0.9189125155104669,0.5590169943749475,3.3541019662496847,0.9189125155104669,0.5590169943749475,3.3541019662496847,10,1.0
pg7_10,85,10,1.1799545892385401,1.0606601717798214,3.5355339059327378,1.1799545892385401,1.0606601717798214,3.5355339059327378,10,1.0
pg7_10,86,10,1.3087791503656137,0.75,6.363961030678928,1.3087791503656137,0.75,6.363961030678928,10,1.0
pg7_10,87,10,1.1588808691016506,1.0,3.5355339059327378,1.1588808691016506,1.0,3.5355339059327378,10,1.0
pg7_10,88,10,0.861338638120718,0.5590169943749475,3.0,0.861338638120718,0.5590169943749475,3.0,10,1.0
pg7_10,89,10,0.9667543745546286,0.5,3.0,0.9667543745546286,0.5,3.0,10,1.0
pg7_10,90,10,0.9470319383278282,1.0,2.5495097567963922,0.9470319383278282,1.0,2.5495097567963922,10,1.0
pg7_10,91,10,0.8701121275400163,0.75,3.1622776601683795,0.8701121275400163,0.75,3.1622776601683795,10,1.0
pg7_10,92,10,0.983900205545773,1.0,3.0413812651491097,0.983900205545773,1.0,3.0413812651491097,10,1.0
pg7_10,93,10,0.8509789211151231,0.75,2.692582403567252,0.8509789211151231,0.75,2.692582403567252,10,1.0
pg7_10,94,10,1.010293407795794,0.75,3.0413812651491097,1.010293407795794,0.75,3.0413812651491097,10,1.0
pg7_10,95,10,0.8731426018799036,0.8090169943749475,2.692582403567252,0.8731426018799036,0.8090169943749475,2.692582403567252,10,1.0
pg7_10,96,10,1.1890349030865668,1.5811388300841898,3.0413812651491097,1.1890349030865668,1.5811388300841898,3.0413812651491097,10,1.0
pg7_10,97,10,1.0645064047999473,0.9125703849682212,3.0413812651491097,1.0645064047999473,0.9125703849682212,3.0413812651491097,10,1.0
pg7_11,2,10,2.695569026233109,2.760504764156721,4.272001872658765,2.695569026233109,2.760504764156721,4.272001872658765,10,1.0
pg7_11,3,10,0.15,0.0,0.5,0.15,0.0,0.5,10,1.0
pg7_11,4,10,0.12071067811865474,0.0,0.7071067811865476,0.12071067811865474,0.0,0.7071067811865476,10,1.0
pg7_11,5,10,0.07071067811865475,0.0,0.7071067811865476,0.07071067811865475,0.0,0.7071067811865476,10,1.0
pg7_11,6,10,0.05,0.0,0.5,0.05,0.0,0.5,10,1.0
pg7_11,7,10,0.17071067811865476,0.0,0.7071067811865476,0.17071067811865476,0.0,0.7071067811865476,10,1.0
pg7_11,8,10,0.1,0.0,0.5,0.1,0.0,0.5,10,1.0
pg7_11,9,10,0.05,0.0,0.5,0.05,0.0,0.5,10,1.0
pg7_11,10,10,0.05,0.0,0.5,0.05,0.0,0.5,10,1.0
pg7_11,11,10,0.15,0.0,1.0,0.15,0.0,1.0,10,1.0
pg7_11,12,10,0.0,0.0,0.0,0.0,0.0,0.0,10,1.0
pg7_11,13,10,0.17071067811865476,0.0,0.7071067811865476,0.17071067811865476,0.0,0.7071067811865476,10,1.0
pg7_11,14,10,0.1,0.0,0.5,0.1,0.0,0.5,10,1.0
pg7_11,15,10,0.18027756377319945,0.0,1.8027756377319946,0.18027756377319945,0.0,1.8027756377319946,10,1.0
pg7_11,16,10,0.4207106781186548,0.0,2.5,0.4207106781186548,0.0,2.5,10,1.0
pg7_11,17,10,0.05,0.0,0.5,0.05,0.0,0.5,10,1.0
pg7_11,18,10,0.30098824189185425,0.0,1.8027756377319946,0.30098824189185425,0.0,1.8027756377319946,10,1.0
pg7_11,19,10,0.29142135623730947,0.0,1.4142135623730951,0.29142135623730947,0.0,1.4142135623730951,10,1.0
pg7_11,20,10,0.2,0.0,0.5,0.2,0.0,0.5,10,1.0
pg7_11,21,10,0.0,0.0,0.0,0.0,0.0,0.0,10,1.0
pg7_11,22,10,0.2788245611270737,0.0,1.5811388300841898,0.2788245611270737,0.0,1.5811388300841898,10,1.0
pg7_11,23,10,0.25,0.25,0.5,0.25,0.25,0.5,10,1.0
pg7_11,24,10,0.2618033988749895,0.0,1.118033988749895,0.2618033988749895,0.0,1.118033988749895,10,1.0
pg7_11,25,10,0.2,0.0,0.5,0.2,0.0,0.5,10,1.0
pg7_11,26,10,0.35,0.5,0.5,0.35,0.5,0.5,10,1.0
pg7_11,27,10,0.36925824035672516,0.0,2.692582403567252,0.36925824035672516,0.0,2.692582403567252,10,1.0
pg7_11,28,10,0.17071067811865476,0.0,0.7071067811865476,0.17071067811865476,0.0,0.7071067811865476,10,1.0
pg7_11,29,10,0.19142135623730952,0.0,0.7071067811865476,0.19142135623730952,0.0,0.7071067811865476,10,1.0
pg7_11,30,10,0.15,0.0,0.5,0.15,0.0,0.5,10,1.0
pg7_11,31,10,0.2,0.0,0.5,0.2,0.0,0.5,10,1.0
pg7_11,32,10,0.2,0.0,0.5,0.2,0.0,0.5,10,1.0
pg7_11,33,10,0.1,0.0,0.5,0.1,0.0,0.5,10,1.0
pg7_11,34,10,0.25615528128088305,0.0,2.0615528128088303,0.25615528128088305,0.0,2.0615528128088303,10,1.0
pg7_11,35,10,0.3207106781186547,0.5,0.7071067811865476,0.3207106781186547,0.5,0.7071067811865476,10,1.0
pg7_11,36,10,0.1,0.0,0.5,0.1,0.0,0.5,10,1.0
pg7_11,37,10,0.4,0.0,2.5,0.4,0.0,2.5,10,1.0
pg7_11,38,10,0.4207106781186548,0.0,2.5,0.4207106781186548,0.0,2.5,10,1.0
pg7_11,39,10,0.2618033988749895,0.0,1.118033988749895,0.2618033988749895,0.0,1.118033988749895,10,1.0
pg7_11,40,10,0.15,0.0,0.5,0.15,0.0,0.5,10,1.0
pg7_11,41,10,0.2118033988749895,0.0,1.118033988749895,0.2118033988749895,0.0,1.118033988749895,10,1.0
pg7_11,42,10,0.3325140769936442,0.25,1.118033988749895,0.3325140769936442,0.25,1.118033988749895,10,1.0
pg7_11,43,10,0.9711490287309118,0.25,5.5901699437494745,0.9711490287309118,0.25,5.5901699437494745,10,1.0
pg7_11,44,10,0.30098824189185425,0.0,1.8027756377319946,0.30098824189185425,0.0,1.8027756377319946,10,1.0
pg7_11,45,10,0.809770724152058,0.0,3.905124837953327,0.809770724152058,0.0,3.905124837953327,10,1.0
pg7_11,46,10,0.5756616537982939,0.25,2.5495097567963922,0.5756616537982939,0.25,2.5495097567963922,10,1.0
pg7_11,47,10,0.5532247551122991,0.6035533905932737,1.5,0.5532247551122991,0.6035533905932737,1.5,10,1.0
pg7_11,48,10,0.403224755112299,0.0,1.4142135623730951,0.403224755112299,0.0,1.4142135623730951,10,1.0
pg7_11,49,10,0.5118033988749895,0.5,1.118033988749895,0.5118033988749895,0.5,1.118033988749895,10,1.0
pg7_11,50,10,0.4707106781186548,0.25,1.5,0.4707106781186548,0.25,1.5,10,1.0
pg7_11,51,10,0.3699172818834085,0.0,1.5811388300841898,0.3699172818834085,0.0,1.5811388300841898,10,1.0
pg7_11,52,10,0.5268659593995377,0.25,2.0615528128088303,0.5268659593995377,0.25,2.0615528128088303,10,1.0
pg7_11,53,10,0.44062796000206317,0.25,1.5811388300841898,0.44062796000206317,0.25,1.5811388300841898,10,1.0
pg7_11,54,10,1.1459077643333904,0.3535533905932738,6.670832032063167,1.1459077643333904,0.3535533905932738,6.670832032063167,10,1.0
pg7_11,55,10,0.5699172818834085,0.5,1.5811388300841898,0.5699172818834085,0.5,1.5811388300841898,10,1.0
pg7_11,56,10,0.7354101966249684,1.0,2.0,0.7354101966249684,1.0,2.0,10,1.0
pg7_11,57,10,1.0184416637951041,0.0,6.103277807866851,1.0184416637951041,0.0,6.103277807866851,10,1.0
pg7_11,58,10,0.5443174758686338,0.3535533905932738,1.5,0.5443174758686338,0.3535533905932738,1.5,10,1.0
pg7_11,59,10,0.5118033988749895,0.25,2.0,0.5118033988749895,0.25,2.0,10,1.0
pg7_11,60,10,0.7618033988749895,0.75,1.5,0.7618033988749895,0.75,1.5,10,1.0
pg7_11,61,10,0.6618033988749895,0.5,2.0,0.6618033988749895,0.5,2.0,10,1.0
pg7_11,62,10,0.6495352392457285,0.25,2.0,0.6495352392457285,0.25,2.0,10,1.0
pg7_11,63,10,0.8618033988749895,0.75,2.0,0.8618033988749895,0.75,2.0,10,1.0
pg7_11,64,10,0.7874650526732834,0.5,2.5495097567963922,0.7874650526732834,0.5,2.5495097567963922,10,1.0
pg7_11,65,10,0.7236067977499789,0.5,2.0,0.7236067977499789,0.5,2.0,10,1.0
pg7_11,66,10,0.6621320343559642,0.25,2.0,0.6621320343559642,0.25,2.0,10,1.0
pg7_11,67,10,0.7886693582745273,0.6035533905932737,2.5,0.7886693582745273,0.6035533905932737,2.5,10,1.0
pg7_11,68,10,0.8317206807583979,0.75,2.0,0.8317206807583979,0.75,2.0,10,1.0
pg7_11,69,10,0.6946461113496085,0.6035533905932737,2.0,0.6946461113496085,0.6035533905932737,2.0,10,1.0
pg7_11,70,10,0.7335023188854984,0.75,1.8027756377319946,0.7335023188854984,0.75,1.8027756377319946,10,1.0
pg7_11,71,10,0.8242640687119286,0.6035533905932737,2.1213203435596424,0.8242640687119286,0.6035533905932737,2.1213203435596424,10,1.0
pg7_11,72,10,0.5820493162393727,0.5,1.5811388300841898,0.5820493162393727,0.5,1.5811388300841898,10,1.0
pg7_11,73,10,0.9892922226992169,0.75,3.5355339059327378,0.9892922226992169,0.75,3.5355339059327378,10,1.0
pg7_11,74,10,0.882254047556908,0.5,3.605551275463989,0.882254047556908,0.5,3.605551275463989,10,1.0
pg7_11,75,10,1.235158595144941,1.0,3.905124837953327,1.235158595144941,1.0,3.905124837953327,10,1.0
pg7_11,76,10,1.0052012388960074,0.6035533905932737,3.605551275463989,1.0052012388960074,0.6035533905932737,3.605551275463989,10,1.0
pg7_11,77,10,1.0358182015558206,0.8090169943749475,3.905124837953327,1.0358182015558206,0.8090169943749475,3.905124837953327,10,1.0
pg7_11,78,10,0.8546684369816937,0.75,2.692582403567252,0.8546684369816937,0.75,2.692582403567252,10,1.0
pg7_11,79,10,1.0032247551122988,0.75,3.0,1.0032247551122988,0.75,3.0,10,1.0
pg7_11,80,10,1.0621320343559641,1.0,2.5,1.0621320343559641,1.0,2.5,10,1.0
pg7_11,81,10,1.0653567894682632,0.75,3.0,1.0653567894682632,0.75,3.0,10,1.0
pg7_11,82,10,1.012132034355964,0.6035533905932737,3.0,1.012132034355964,0.6035533905932737,3.0,10,1.0
pg7_11,83,10,0.9699791296669279,0.8090169943749475,2.5495097567963922,0.9699791296669279,0.8090169943749475,2.5495097567963922,10,1.0
pg7_11,84,10,1.2865223415728484,1.0,2.9154759474226504,1.2865223415728484,1.0,2.9154759474226504,10,1.0
pg7_11,85,10,0.9153567894682633,0.5,2.5,0.9153567894682633,0.5,2.5,10,1.0
pg7_11,86,10,1.1300907145118368,0.7071067811865476,2.5,1.1300907145118368,0.7071067811865476,2.5,10,1.0
pg7_11,87,10,0.9987842378645195,0.7071067811865476,3.0413812651491097,0.9987842378645195,0.7071067811865476,3.0413812651491097,10,1.0
pg7_11,88,10,0.8803849434555518,0.7071067811865476,2.23606797749979,0.8803849434555518,0.7071067811865476,2.23606797749979,10,1.0
pg7_11,89,10,0.7360674675869181,0.6035533905932737,2.8284271247461903,0.7360674675869181,0.6035533905932737,2.8284271247461903,10,1.0
pg7_11,90,10,1.0271601883432528,0.8535533905932737,2.5,1.0271601883432528,0.8535533905932737,2.5,10,1.0
pg7_11,91,10,0.9110278846959158,0.6035533905932737,3.605551275463989,0.9110278846959158,0.6035533905932737,3.605551275463989,10,1.0
pg7_11,92,10,0.900927631135447,0.7071067811865476,2.9154759474226504,0.900927631135447,0.7071067811865476,2.9154759474226504,10,1.0
pg7_11,93,10,0.8760381566270317,0.6035533905932737,3.3541019662496847,0.8760381566270317,0.6035533905932737,3.3541019662496847,10,1.0
pg7_11,94,10,0.9718937656671169,0.7071067811865476,3.605551275463989,0.9718937656671169,0.7071067811865476,3.605551275463989,10,1.0
pg7_11,95,10,0.8797276724936023,0.8535533905932737,3.3541019662496847,0.8797276724936023,0.8535533905932737,3.3541019662496847,10,1.0
pg7_11,96,10,0.7940916451025963,0.7071067811865476,3.2015621187164243,0.7940916451025963,0.7071067811865476,3.2015621187164243,10,1.0
pg7_11,97,10,1.0033344702435811,0.9125703849682212,3.3541019662496847,1.0033344702435811,0.9125703849682212,3.3541019662496847,10,1.0
pg7_12,2,10,3.4581170528097935,3.348905783050559,5.852349955359813,3.4581170528097935,3.348905783050559,5.852349955359813,10,1.0
pg7_12,3,10,0.608113883008419,0.5,1.5811388300841898,0.608113883008419,0.5,1.5811388300841898,10,1.0
pg7_12,4,10,0.12071067811865474,0.0,0.7071067811865476,0.12071067811865474,0.0,0.7071067811865476,10,1.0
pg7_12,5,10,0.15,0.0,0.5,0.15,0.0,0.5,10,1.0
pg7_12,6,10,0.1,0.0,1.0,0.1,0.0,1.0,10,1.0
pg7_12,7,10,0.15,0.0,0.5,0.15,0.0,0.5,10,1.0
pg7_12,8,10,0.2,0.0,1.0,0.2,0.0,1.0,10,1.0
pg7_12,9,10,0.0,0.0,0.0,0.0,0.0,0.0,10,1.0
pg7_12,10,10,0.17071067811865476,0.0,0.7071067811865476,0.17071067811865476,0.0,0.7071067811865476,10,1.0
pg7_12,11,10,0.05,0.0,0.5,0.05,0.0,0.5,10,1.0
pg7_12,12,10,0.05,0.0,0.5,0.05,0.0,0.5,10,1.0
pg7_12,13,10,0.05,0.0,0.5,0.05,0.0,0.5,10,1.0
pg7_12,14,10,0.17071067811865476,0.0,0.7071067811865476,0.17071067811865476,0.0,0.7071067811865476,10,1.0
pg7_12,15,10,0.0,0.0,0.0,0.0,0.0,0.0,10,1.0
pg7_12,16,10,0.05,0.0,0.5,0.05,0.0,0.5,10,1.0
pg7_12,17,10,0.05,0.0,0.5,0.05,0.0,0.5,10,1.0
pg7_12,18,10,0.0,0.0,0.0,0.0,0.0,0.0,10,1.0
pg7_12,19,10,0.07071067811865475,0.0,0.7071067811865476,0.07071067811865475,0.0,0.7071067811865476,10,1.0
pg7_12,20,10,0.32360679774997897,0.0,1.118033988749895,0.32360679774997897,0.0,1.118033988749895,10,1.0
pg7_12,21,10,0.1,0.0,0.5,0.1,0.0,0.5,10,1.0
pg7_12,22,10,0.0,0.0,0.0,0.0,0.0,0.0,10,1.0
pg7_12,23,10,0.1,0.0,0.5,0.1,0.0,0.5,10,1.0
pg7_12,24,10,0.2618033988749895,0.0,1.118033988749895,0.2618033988749895,0.0,1.118033988749895,10,1.0
pg7_12,25,10,0.15,0.0,1.0,0.15,0.0,1.0,10,1.0
pg7_12,26,10,0.0,0.0,0.0,0.0,0.0,0.0,10,1.0
pg7_12,27,10,0.20615528128088303,0.0,2.0615528128088303,0.20615528128088303,0.0,2.0615528128088303,10,1.0
pg7_12,28,10,0.2,0.0,1.0,0.2,0.0,1.0,10,1.0
pg7_12,29,10,0.15,0.0,0.5,0.15,0.0,0.5,10,1.0
pg7_12,30,10,0.05,0.0,0.5,0.05,0.0,0.5,10,1.0
pg7_12,31,10,0.36925824035672516,0.0,2.692582403567252,0.36925824035672516,0.0,2.692582403567252,10,1.0
pg7_12,32,10,0.05,0.0,0.5,0.05,0.0,0.5,10,1.0
pg7_12,33,10,0.2,0.0,1.0,0.2,0.0,1.0,10,1.0
pg7_12,34,10,0.05,0.0,0.5,0.05,0.0,0.5,10,1.0
pg7_12,35,10,0.07071067811865475,0.0,0.7071067811865476,0.07071067811865475,0.0,0.7071067811865476,10,1.0
pg7_12,36,10,0.15,0.0,0.5,0.15,0.0,0.5,10,1.0
pg7_12,37,10,0.25,0.25,0.5,0.25,0.25,0.5,10,1.0
pg7_12,38,10,0.17071067811865476,0.0,0.7071067811865476,0.17071067811865476,0.0,0.7071067811865476,10,1.0
pg7_12,39,10,0.12071067811865474,0.0,0.7071067811865476,0.12071067811865474,0.0,0.7071067811865476,10,1.0
pg7_12,40,10,0.25,0.25,0.5,0.25,0.25,0.5,10,1.0
pg7_12,41,10,0.2,0.0,0.5,0.2,0.0,0.5,10,1.0
pg7_12,42,10,0.48284271247461896,0.25,2.1213203435596424,0.48284271247461896,0.25,2.1213203435596424,10,1.0
pg7_12,43,10,0.5618033988749895,0.25,2.0,0.5618033988749895,0.25,2.0,10,1.0
pg7_12,44,10,0.3414213562373095,0.0,1.5,0.3414213562373095,0.0,1.5,10,1.0
pg7_12,45,10,0.4207106781186548,0.25,1.5,0.4207106781186548,0.25,1.5,10,1.0
pg7_12,46,10,0.4914213562373096,0.5,2.0,0.4914213562373096,0.5,2.0,10,1.0
pg7_12,47,10,0.408113883008419,0.0,1.5811388300841898,0.408113883008419,0.0,1.5811388300841898,10,1.0
pg7_12,48,10,0.5670830100356035,0.25,2.5495097567963922,0.5670830100356035,0.25,2.5495097567963922,10,1.0
pg7_12,49,10,0.8081138830084189,0.5,2.5,0.8081138830084189,0.5,2.5,10,1.0
pg7_12,50,10,0.473606797749979,0.25,1.5,0.473606797749979,0.25,1.5,10,1.0
pg7_12,51,10,0.6909565954830381,0.5,2.1213203435596424,0.6909565954830381,0.5,2.1213203435596424,10,1.0
pg7_12,52,10,0.5504727571495167,0.25,2.0615528128088303,0.5504727571495167,0.25,2.0615528128088303,10,1.0
pg7_12,53,10,0.5627916407668436,0.5,1.8027756377319946,0.5627916407668436,0.5,1.8027756377319946,10,1.0
pg7_12,54,10,0.6820493162393728,0.6035533905932737,1.5811388300841898,0.6820493162393728,0.6035533905932737,1.5811388300841898,10,1.0
pg7_12,55,10,0.5475766375181925,0.5,2.0615528128088303,0.5475766375181925,0.5,2.0615528128088303,10,1.0
pg7_12,56,10,0.7239354332309538,0.6035533905932737,1.5,0.7239354332309538,0.6035533905932737,1.5,10,1.0
pg7_12,57,10,0.3414213562373095,0.5,0.7071067811865476,0.3414213562373095,0.5,0.7071067811865476,10,1.0
pg7_12,58,10,0.4118033988749895,0.25,1.5,0.4118033988749895,0.25,1.5,10,1.0
pg7_12,59,10,0.5354101966249685,0.5,1.118033988749895,0.5354101966249685,0.5,1.118033988749895,10,1.0
pg7_12,60,10,0.3914213562373095,0.5,1.0,0.3914213562373095,0.5,1.0,10,1.0
pg7_12,61,10,0.611338638120718,0.6035533905932737,1.5811388300841898,0.611338638120718,0.6035533905932737,1.5811388300841898,10,1.0
pg7_12,62,10,0.48172068075839797,0.25,1.5811388300841898,0.48172068075839797,0.25,1.5811388300841898,10,1.0
pg7_12,63,10,0.5768315528622779,0.0,2.23606797749979,0.5768315528622779,0.0,2.23606797749979,10,1.0
pg7_12,64,10,0.5202459173643833,0.5,1.5811388300841898,0.5202459173643833,0.5,1.5811388300841898,10,1.0
pg7_12,65,10,0.6420809626481889,0.5,1.8027756377319946,0.6420809626481889,0.5,1.8027756377319946,10,1.0
pg7_12,66,10,0.5946461113496085,0.6035533905932737,1.4142135623730951,0.5946461113496085,0.6035533905932737,1.4142135623730951,10,1.0
pg7_12,67,10,0.5561208747436233,0.5,1.118033988749895,0.5561208747436233,0.5,1.118033988749895,10,1.0
pg7_12,68,10,0.6302775637731994,0.5,1.8027756377319946,0.6302775637731994,0.5,1.8027756377319946,10,1.0
pg7_12,69,10,0.6682529090995876,0.7071067811865476,1.4142135623730951,0.6682529090995876,0.7071067811865476,1.4142135623730951,10,1.0
pg7_12,70,10,0.7008013926304916,0.6035533905932737,2.0615528128088303,0.7008013926304916,0.6035533905932737,2.0615528128088303,10,1.0
pg7_12,71,10,0.5495352392457284,0.6035533905932737,1.5811388300841898,0.5495352392457284,0.6035533905932737,1.5811388300841898,10,1.0
pg7_12,72,10,0.6335023188854986,0.5,1.8027756377319946,0.6335023188854986,0.5,1.8027756377319946,10,1.0
pg7_12,73,10,0.44953523924572847,0.25,1.5811388300841898,0.44953523924572847,0.25,1.5811388300841898,10,1.0
pg7_12,74,10,0.5886349517372675,0.3535533905932738,2.23606797749979,0.5886349517372675,0.3535533905932738,2.23606797749979,10,1.0
pg7_12,75,10,0.7093800363931821,0.6035533905932737,2.0615528128088303,0.7093800363931821,0.6035533905932737,2.0615528128088303,10,1.0
pg7_12,76,10,0.8081757307919382,0.6035533905932737,2.5495097567963922,0.8081757307919382,0.6035533905932737,2.5495097567963922,10,1.0
pg7_12,77,10,0.5707106781186548,0.5,2.0,0.5707106781186548,0.5,2.0,10,1.0
pg7_12,78,10,0.728886408910593,0.6035533905932737,2.5495097567963922,0.728886408910593,0.6035533905932737,2.5495097567963922,10,1.0
pg7_12,79,10,0.6354101966249684,0.5,1.5,0.6354101966249684,0.5,1.5,10,1.0
pg7_12,80,10,0.7785577734296182,0.5,2.5495097567963922,0.7785577734296182,0.5,2.5495097567963922,10,1.0
pg7_12,81,10,0.6739354332309537,0.6035533905932737,1.5,0.6739354332309537,0.6035533905932737,1.5,10,1.0
pg7_12,82,10,0.6835023188854985,0.25,2.0,0.6835023188854985,0.25,2.0,10,1.0
pg7_12,83,10,0.7884532945651377,0.5,2.5495097567963922,0.7884532945651377,0.5,2.5495097567963922,10,1.0
pg7_12,84,10,0.8689469220477267,0.6035533905932737,2.5,0.8689469220477267,0.6035533905932737,2.5,10,1.0
pg7_12,85,10,4.489990358540231,0.75,38.56488039654732,4.489990358540231,0.75,38.56488039654732,10,1.0
pg7_12,86,10,0.638997993755502,0.5,2.0615528128088303,0.638997993755502,0.5,2.0615528128088303,10,1.0
pg7_12,87,10,0.781720680758398,0.25,3.5,0.781720680758398,0.25,3.5,10,1.0
pg7_12,88,10,0.9594276183989585,0.6035533905932737,5.1478150704935,0.9594276183989585,0.6035533905932737,5.1478150704935,10,1.0
pg7_12,89,10,0.886067467586918,0.7071067811865476,3.5,0.886067467586918,0.7071067811865476,3.5,10,1.0
pg7_12,90,10,0.7367270739977976,0.7071067811865476,2.23606797749979,0.7367270739977976,0.7071067811865476,2.23606797749979,10,1.0
pg7_12,91,10,0.8127916407668436,0.8535533905932737,2.5,0.8127916407668436,0.8535533905932737,2.5,10,1.0
pg7_12,92,10,0.9092439111198853,0.7071067811865476,2.1213203435596424,0.9092439111198853,0.7071067811865476,2.1213203435596424,10,1.0
pg7_12,93,10,0.9394415364569919,0.7071067811865476,2.5495097567963922,0.9394415364569919,0.7071067811865476,2.5495097567963922,10,1.0
pg7_12,94,10,0.8778197947541322,0.8535533905932737,2.23606797749979,0.8778197947541322,0.8535533905932737,2.23606797749979,10,1.0
pg7_12,95,10,0.8464184286999779,0.5590169943749475,2.692582403567252,0.8464184286999779,0.5590169943749475,2.692582403567252,10,1.0
pg7_12,96,10,0.8416162018939175,0.7071067811865476,2.5,0.8416162018939175,0.7071067811865476,2.5,10,1.0
pg7_12,97,10,0.8758564994549018,0.6035533905932737,2.5495097567963922,0.8758564994549018,0.6035533905932737,2.5495097567963922,10,1.0
pg7_2,2,10,3.6726198151380602,3.33113883008419,5.385164807134504,3.6726198151380602,3.33113883008419,5.385164807134504,10,1.0
pg7_2,3,10,0.2,0.0,1.0,0.2,0.0,1.0,10,1.0
pg7_2,4,10,0.17071067811865476,0.0,0.7071067811865476,0.17071067811865476,0.0,0.7071067811865476,10,1.0
pg7_2,5,10,0.1,0.0,0.5,0.1,0.0,0.5,10,1.0
pg7_2,6,10,0.15,0.0,0.5,0.15,0.0,0.5,10,1.0
pg7_2,7,10,0.1,0.0,0.5,0.1,0.0,0.5,10,1.0
pg7_2,8,10,0.0,0.0,0.0,0.0,0.0,0.0,10,1.0
pg7_2,9,10,0.0,0.0,0.0,0.0,0.0,0.0,10,1.0
pg7_2,10,10,0.1,0.0,0.5,0.1,0.0,0.5,10,1.0
pg7_2,11,10,0.05,0.0,0.5,0.05,0.0,0.5,10,1.0
pg7_2,12,10,0.0,0.0,0.0,0.0,0.0,0.0,10,1.0
pg7_2,13,10,0.0,0.0,0.0,0.0,0.0,0.0,10,1.0
pg7_2,14,10,0.0,0.0,0.0,0.0,0.0,0.0,10,1.0
pg7_2,15,10,0.05,0.0,0.5,0.05,0.0,0.5,10,1.0
pg7_2,16,10,0.0,0.0,0.0,0.0,0.0,0.0,10,1.0
pg7_2,17,10,0.05,0.0,0.5,0.05,0.0,0.5,10,1.0
pg7_2,18,10,0.18027756377319945,0.0,1.8027756377319946,0.18027756377319945,0.0,1.8027756377319946,10,1.0
pg7_2,19,10,0.12071067811865474,0.0,0.7071067811865476,0.12071067811865474,0.0,0.7071067811865476,10,1.0
pg7_2,20,10,0.0,0.0,0.0,0.0,0.0,0.0,10,1.0
pg7_2,21,10,0.12071067811865474,0.0,0.7071067811865476,0.12071067811865474,0.0,0.7071067811865476,10,1.0
pg7_2,22,10,0.0,0.0,0.0,0.0,0.0,0.0,10,1.0
pg7_2,23,10,0.19142135623730952,0.0,1.4142135623730951,0.19142135623730952,0.0,1.4142135623730951,10,1.0
pg7_2,24,10,0.4061552812808831,0.0,2.0615528128088303,0.4061552812808831,0.0,2.0615528128088303,10,1.0
pg7_2,25,10,0.25,0.25,0.5,0.25,0.25,0.5,10,1.0
pg7_2,26,10,0.15,0.0,1.0,0.15,0.0,1.0,10,1.0
pg7_2,27,10,0.15,0.0,0.5,0.15,0.0,0.5,10,1.0
pg7_2,28,10,0.2,0.0,0.5,0.2,0.0,0.5,10,1.0
pg7_2,29,10,0.0,0.0,0.0,0.0,0.0,0.0,10,1.0
pg7_2,30,10,0.23251407699364424,0.0,1.118033988749895,0.23251407699364424,0.0,1.118033988749895,10,1.0
pg7_2,31,10,0.05,0.0,0.5,0.05,0.0,0.5,10,1.0
pg7_2,32,10,0.07071067811865475,0.0,0.7071067811865476,0.07071067811865475,0.0,0.7071067811865476,10,1.0
pg7_2,33,10,0.1,0.0,0.5,0.1,0.0,0.5,10,1.0
pg7_2,34,10,0.2825140769936442,0.0,1.118033988749895,0.2825140769936442,0.0,1.118033988749895,10,1.0
pg7_2,35,10,0.15,0.0,0.5,0.15,0.0,0.5,10,1.0
pg7_2,36,10,0.5621320343559643,0.25,2.5,0.5621320343559643,0.25,2.5,10,1.0
pg7_2,37,10,0.37071067811865477,0.25,1.5,0.37071067811865477,0.25,1.5,10,1.0
pg7_2,38,10,0.31213203435596426,0.0,1.4142135623730951,0.31213203435596426,0.0,1.4142135623730951,10,1.0
pg7_2,39,10,0.29142135623730947,0.25,0.7071067811865476,0.29142135623730947,0.25,0.7071067811865476,10,1.0
pg7_2,40,10,0.4207106781186548,0.0,3.5,0.4207106781186548,0.0,3.5,10,1.0
pg7_2,41,10,0.55,0.0,3.5,0.55,0.0,3.5,10,1.0
pg7_2,42,10,0.45,0.0,3.0,0.45,0.0,3.0,10,1.0
pg7_2,43,10,0.55736288162721,0.0,3.0413812651491097,0.55736288162721,0.0,3.0413812651491097,10,1.0
pg7_2,44,10,0.6509882418918542,0.25,3.0,0.6509882418918542,0.25,3.0,10,1.0
pg7_2,45,10,0.5742640687119286,0.0,3.5355339059327378,0.5742640687119286,0.0,3.5355339059327378,10,1.0
pg7_2,46,10,0.5369384441354927,0.25,3.1622776601683795,0.5369384441354927,0.25,3.1622776601683795,10,1.0
pg7_2,47,10,0.4239354332309538,0.25,1.4142135623730951,0.4239354332309538,0.25,1.4142135623730951,10,1.0
pg7_2,48,10,0.5424095981291638,0.5,1.8027756377319946,0.5424095981291638,0.5,1.8027756377319946,10,1.0
pg7_2,49,10,0.4914213562373096,0.5,1.0,0.4914213562373096,0.5,1.0,10,1.0
pg7_2,50,10,0.3118033988749895,0.25,1.118033988749895,0.3118033988749895,0.25,1.118033988749895,10,1.0
pg7_2,51,10,0.4914213562373096,0.5,1.0,0.4914213562373096,0.5,1.0,10,1.0
pg7_2,52,10,0.4914213562373095,0.5,1.4142135623730951,0.4914213562373095,0.5,1.4142135623730951,10,1.0
pg7_2,53,10,1.2495352392457286,0.5,7.5,1.2495352392457286,0.5,7.5,10,1.0
pg7_2,54,10,0.9447855394464562,1.0590169943749475,2.5495097567963922,0.9447855394464562,1.0590169943749475,2.5495097567963922,10,1.0
pg7_2,55,10,0.508113883008419,0.25,1.5811388300841898,0.508113883008419,0.25,1.5811388300841898,10,1.0
pg7_2,56,10,0.8268659593995377,0.8535533905932737,2.0615528128088303,0.8268659593995377,0.8535533905932737,2.0615528128088303,10,1.0
pg7_2,57,10,0.7996793609142705,0.8090169943749475,2.0615528128088303,0.7996793609142705,0.8090169943749475,2.0615528128088303,10,1.0
pg7_2,58,10,0.8349798424079568,0.8535533905932737,2.0615528128088303,0.8349798424079568,0.8535533905932737,2.0615528128088303,10,1.0
pg7_2,59,10,0.6849798424079567,0.5,2.0615528128088303,0.6849798424079567,0.5,2.0615528128088303,10,1.0
pg7_2,60,10,0.7430937254163757,0.5,2.0615528128088303,0.7430937254163757,0.5,2.0615528128088303,10,1.0
pg7_2,61,10,0.8,0.5,2.0,0.8,0.5,2.0,10,1.0
pg7_2,62,10,0.8260725631642915,0.5,2.0615528128088303,0.8260725631642915,0.5,2.0615528128088303,10,1.0
pg7_2,63,10,0.8029385225638294,0.6035533905932737,2.0615528128088303,0.8029385225638294,0.6035533905932737,2.0615528128088303,10,1.0
pg7_2,64,10,0.6768659593995379,0.6035533905932737,2.0615528128088303,0.6768659593995379,0.6035533905932737,2.0615528128088303,10,1.0
pg7_2,65,10,0.7741139614367556,0.5,2.0615528128088303,0.7741139614367556,0.5,2.0615528128088303,10,1.0
pg7_2,66,10,0.8386693582745274,0.6035533905932737,2.0615528128088303,0.8386693582745274,0.6035533905932737,2.0615528128088303,10,1.0
pg7_2,67,10,0.9118033988749895,0.8090169943749475,2.0,0.9118033988749895,0.8090169943749475,2.0,10,1.0
pg7_2,68,10,0.8899308180875959,0.6035533905932737,2.5495097567963922,0.8899308180875959,0.6035533905932737,2.5495097567963922,10,1.0
pg7_2,69,10,0.8496793609142707,0.75,2.23606797749979,0.8496793609142707,0.75,2.23606797749979,10,1.0
pg7_2,70,10,1.0179586801558727,0.8090169943749475,2.0615528128088303,1.0179586801558727,0.8090169943749475,2.0615528128088303,10,1.0
pg7_2,71,10,0.9224448950812402,0.7071067811865476,2.5495097567963922,0.9224448950812402,0.7071067811865476,2.5495097567963922,10,1.0
pg7_2,72,10,1.0578894982434686,0.9125703849682212,2.5495097567963922,1.0578894982434686,0.9125703849682212,2.5495097567963922,10,1.0
pg7_2,73,10,1.0806126294779332,0.6035533905932737,2.5495097567963922,1.0806126294779332,0.6035533905932737,2.5495097567963922,10,1.0
pg7_2,74,10,0.9871788201248137,0.8090169943749475,2.5495097567963922,0.9871788201248137,0.8090169943749475,2.5495097567963922,10,1.0
pg7_2,75,10,0.9424012770736028,0.5590169943749475,2.1213203435596424,0.9424012770736028,0.5590169943749475,2.1213203435596424,10,1.0
pg7_2,76,10,1.0170830100356036,0.6035533905932737,2.5495097567963922,1.0170830100356036,0.6035533905932737,2.5495097567963922,10,1.0
pg7_2,77,10,1.0413494141964619,0.9125703849682212,2.5495097567963922,1.0413494141964619,0.9125703849682212,2.5495097567963922,10,1.0
pg7_2,78,10,1.037000291919012,0.8090169943749475,2.5495097567963922,1.037000291919012,0.8090169943749475,2.5495097567963922,10,1.0
pg7_2,79,10,0.9579275986312524,0.8535533905932737,2.692582403567252,0.9579275986312524,0.8535533905932737,2.692582403567252,10,1.0
pg7_2,80,10,1.002311549488442,0.7071067811865476,2.5495097567963922,1.002311549488442,0.7071067811865476,2.5495097567963922,10,1.0
pg7_2,81,10,0.9682873156368472,0.75,2.1213203435596424,0.9682873156368472,0.75,2.1213203435596424,10,1.0
pg7_2,82,10,1.1261344109478109,1.118033988749895,2.5495097567963922,1.1261344109478109,1.118033988749895,2.5495097567963922,10,1.0
pg7_2,83,10,1.0894660573333244,1.040569415042095,2.5495097567963922,1.0894660573333244,1.040569415042095,2.5495097567963922,10,1.0
pg7_2,84,10,1.004152386247746,0.9125703849682212,2.9154759474226504,1.004152386247746,0.9125703849682212,2.9154759474226504,10,1.0
pg7_2,85,10,1.1410960235798855,0.8090169943749475,3.1622776601683795,1.1410960235798855,0.8090169943749475,3.1622776601683795,10,1.0
pg7_2,86,10,1.2447855394464562,1.290569415042095,2.5495097567963922,1.2447855394464562,1.290569415042095,2.5495097567963922,10,1.0
pg7_2,87,10,1.2902894377527472,1.0,3.1622776601683795,1.2902894377527472,1.0,3.1622776601683795,10,1.0
pg7_2,88,10,1.3737168861490034,1.3495864094170424,3.0413812651491097,1.3737168861490034,1.3495864094170424,3.0413812651491097,10,1.0
pg7_2,89,10,1.054548062708887,0.8535533905932737,2.5495097567963922,1.054548062708887,0.8535533905932737,2.5495097567963922,10,1.0
pg7_2,90,10,1.2516280758734653,1.118033988749895,3.1622776601683795,1.2516280758734653,1.118033988749895,3.1622776601683795,10,1.0
pg7_2,91,10,1.3555206316362884,1.0606601717798214,3.0413812651491097,1.3555206316362884,1.0606601717798214,3.0413812651491097,10,1.0
pg7_2,92,10,1.1924621251359517,0.9125703849682212,2.692582403567252,1.1924621251359517,0.9125703849682212,2.692582403567252,10,1.0
pg7_2,93,10,1.4113466345159633,1.2071067811865475,3.3541019662496847,1.4113466345159633,1.2071067811865475,3.3541019662496847,10,1.0
pg7_2,94,10,1.27694975746491,0.9571067811865476,3.0413812651491097,1.27694975746491,0.9571067811865476,3.0413812651491097,10,1.0
pg7_2,95,10,1.145063449831951,1.0606601717798214,2.9154759474226504,1.145063449831951,1.0606601717798214,2.9154759474226504,10,1.0
pg7_2,96,10,1.0462190891631,1.0,3.0413812651491097,1.0462190891631,1.0,3.0413812651491097,10,1.0
pg7_2,97,10,1.1845150816536854,1.0606601717798214,3.1622776601683795,1.1845150816536854,1.0606601717798214,3.1622776601683795,10,1.0
pg7_3,2,10,4.199957977490594,4.136000936329383,7.433034373659253,4.199957977490594,4.136000936329383,7.433034373659253,10,1.0
pg7_3,3,10,0.25,0.0,2.0,0.25,0.0,2.0,10,1.0
pg7_3,4,10,0.07071067811865475,0.0,0.7071067811865476,0.07071067811865475,0.0,0.7071067811865476,10,1.0
pg7_3,5,10,0.0,0.0,0.0,0.0,0.0,0.0,10,1.0
pg7_3,6,10,0.07071067811865475,0.0,0.7071067811865476,0.07071067811865475,0.0,0.7071067811865476,10,1.0
pg7_3,7,10,0.0,0.0,0.0,0.0,0.0,0.0,10,1.0
pg7_3,8,10,0.05,0.0,0.5,0.05,0.0,0.5,10,1.0
pg7_3,9,10,0.0,0.0,0.0,0.0,0.0,0.0,10,1.0
pg7_3,10,10,0.05,0.0,0.5,0.05,0.0,0.5,10,1.0
pg7_3,11,10,0.05,0.0,0.5,0.05,0.0,0.5,10,1.0
pg7_3,12,10,0.05,0.0,0.5,0.05,0.0,0.5,10,1.0
pg7_3,13,10,0.15,0.0,0.5,0.15,0.0,0.5,10,1.0
pg7_3,14,10,0.0,0.0,0.0,0.0,0.0,0.0,10,1.0
pg7_3,15,10,0.0,0.0,0.0,0.0,0.0,0.0,10,1.0
pg7_3,16,10,0.0,0.0,0.0,0.0,0.0,0.0,10,1.0
pg7_3,17,10,0.12071067811865474,0.0,0.7071067811865476,0.12071067811865474,0.0,0.7071067811865476,10,1.0
pg7_3,18,10,0.05,0.0,0.5,0.05,0.0,0.5,10,1.0
pg7_3,19,10,0.05,0.0,0.5,0.05,0.0,0.5,10,1.0
pg7_3,20,10,0.28027756377319946,0.0,1.8027756377319946,0.28027756377319946,0.0,1.8027756377319946,10,1.0
pg7_3,21,10,0.15,0.0,0.5,0.15,0.0,0.5,10,1.0
pg7_3,22,10,0.12071067811865474,0.0,0.7071067811865476,0.12071067811865474,0.0,0.7071067811865476,10,1.0
pg7_3,23,10,0.1,0.0,0.5,0.1,0.0,0.5,10,1.0
pg7_3,24,10,0.0,0.0,0.0,0.0,0.0,0.0,10,1.0
pg7_3,25,10,0.0,0.0,0.0,0.0,0.0,0.0,10,1.0
pg7_3,26,10,0.12071067811865474,0.0,0.7071067811865476,0.12071067811865474,0.0,0.7071067811865476,10,1.0
pg7_3,27,10,0.12071067811865474,0.0,0.7071067811865476,0.12071067811865474,0.0,0.7071067811865476,10,1.0
pg7_3,28,10,0.07071067811865475,0.0,0.7071067811865476,0.07071067811865475,0.0,0.7071067811865476,10,1.0
pg7_3,29,10,0.05,0.0,0.5,0.05,0.0,0.5,10,1.0
pg7_3,30,10,0.25,0.0,2.5,0.25,0.0,2.5,10,1.0
pg7_3,31,10,0.5241139614367556,0.0,2.0615528128088303,0.5241139614367556,0.0,2.0615528128088303,10,1.0
pg7_3,32,10,0.17071067811865476,0.0,0.7071067811865476,0.17071067811865476,0.0,0.7071067811865476,10,1.0
pg7_3,33,10,0.05,0.0,0.5,0.05,0.0,0.5,10,1.0
pg7_3,34,10,0.15,0.0,0.5,0.15,0.0,0.5,10,1.0
pg7_3,35,10,0.25,0.0,1.5,0.25,0.0,1.5,10,1.0
pg7_3,36,10,0.0,0.0,0.0,0.0,0.0,0.0,10,1.0
pg7_3,37,10,0.12071067811865474,0.0,0.7071067811865476,0.12071067811865474,0.0,0.7071067811865476,10,1.0
pg7_3,38,10,0.12071067811865474,0.0,0.7071067811865476,0.12071067811865474,0.0,0.7071067811865476,10,1.0
pg7_3,39,10,0.0,0.0,0.0,0.0,0.0,0.0,10,1.0
pg7_3,40,10,0.05,0.0,0.5,0.05,0.0,0.5,10,1.0
pg7_3,41,10,0.1414213562373095,0.0,0.7071067811865476,0.1414213562373095,0.0,0.7071067811865476,10,1.0
pg7_3,42,10,0.2118033988749895,0.0,1.118033988749895,0.2118033988749895,0.0,1.118033988749895,10,1.0
pg7_3,43,10,0.28027756377319946,0.0,1.8027756377319946,0.28027756377319946,0.0,1.8027756377319946,10,1.0
pg7_3,44,10,0.22071067811865475,0.0,0.7071067811865476,0.22071067811865475,0.0,0.7071067811865476,10,1.0
pg7_3,45,10,0.31213203435596426,0.25,0.7071067811865476,0.31213203435596426,0.25,0.7071067811865476,10,1.0
pg7_3,46,10,0.3,0.25,1.0,0.3,0.25,1.0,10,1.0
pg7_3,47,10,0.25,0.25,0.5,0.25,0.25,0.5,10,1.0
pg7_3,48,10,0.2,0.0,0.5,0.2,0.0,0.5,10,1.0
pg7_3,49,10,0.38251407699364426,0.25,1.118033988749895,0.38251407699364426,0.25,1.118033988749895,10,1.0
pg7_3,50,10,0.1914213562373095,0.0,0.7071067811865476,0.1914213562373095,0.0,0.7071067811865476,10,1.0
pg7_3,51,10,0.2,0.0,0.5,0.2,0.0,0.5,10,1.0
pg7_3,52,10,0.353224755112299,0.25,1.118033988749895,0.353224755112299,0.25,1.118033988749895,10,1.0
pg7_3,53,10,0.403224755112299,0.5,1.118033988749895,0.403224755112299,0.5,1.118033988749895,10,1.0
pg7_3,54,10,0.17071067811865476,0.0,0.7071067811865476,0.17071067811865476,0.0,0.7071067811865476,10,1.0
pg7_3,55,10,0.5650281539872886,0.6035533905932737,1.118033988749895,0.5650281539872886,0.6035533905932737,1.118033988749895,10,1.0
pg7_3,56,10,0.4825140769936443,0.5,1.118033988749895,0.4825140769936443,0.5,1.118033988749895,10,1.0
pg7_3,57,10,0.3914213562373095,0.5,1.0,0.3914213562373095,0.5,1.0,10,1.0
pg7_3,58,10,0.32393543323095375,0.0,1.118033988749895,0.32393543323095375,0.0,1.118033988749895,10,1.0
pg7_3,59,10,0.37360679774997896,0.25,1.118033988749895,0.37360679774997896,0.25,1.118033988749895,10,1.0
pg7_3,60,10,0.3414213562373095,0.25,1.0,0.3414213562373095,0.25,1.0,10,1.0
pg7_3,61,10,0.4825140769936443,0.5,1.118033988749895,0.4825140769936443,0.5,1.118033988749895,10,1.0
pg7_3,62,10,0.26213203435596427,0.0,1.4142135623730951,0.26213203435596427,0.0,1.4142135623730951,10,1.0
pg7_3,63,10,0.36213203435596425,0.5,0.7071067811865476,0.36213203435596425,0.5,0.7071067811865476,10,1.0
pg7_3,64,10,0.473606797749979,0.5,1.118033988749895,0.473606797749979,0.5,1.118033988749895,10,1.0
pg7_3,65,10,0.73698083898953,0.6035533905932737,3.0413812651491097,0.73698083898953,0.6035533905932737,3.0413812651491097,10,1.0
pg7_3,66,10,0.516227766016838,0.25,3.1622776601683795,0.516227766016838,0.25,3.1622776601683795,10,1.0
pg7_3,67,10,0.5446461113496085,0.7071067811865476,1.118033988749895,0.5446461113496085,0.7071067811865476,1.118033988749895,10,1.0
pg7_3,68,10,0.38251407699364426,0.5,1.118033988749895,0.38251407699364426,0.5,1.118033988749895,10,1.0
pg7_3,69,10,0.608113883008419,0.5,1.5811388300841898,0.608113883008419,0.5,1.5811388300841898,10,1.0
pg7_3,70,10,0.4239354332309538,0.25,1.4142135623730951,0.4239354332309538,0.25,1.4142135623730951,10,1.0
pg7_3,71,10,0.5446461113496085,0.5,1.4142135623730951,0.5446461113496085,0.5,1.4142135623730951,10,1.0
pg7_3,72,10,0.44953523924572847,0.5,1.5811388300841898,0.44953523924572847,0.5,1.5811388300841898,10,1.0
pg7_3,73,10,0.6567781457055728,0.7071067811865476,1.4142135623730951,0.6567781457055728,0.7071067811865476,1.4142135623730951,10,1.0
pg7_3,74,10,0.3443174758686337,0.0,1.118033988749895,0.3443174758686337,0.0,1.118033988749895,10,1.0
pg7_3,75,10,0.6475422309809328,0.6035533905932737,2.23606797749979,0.6475422309809328,0.6035533905932737,2.23606797749979,10,1.0
pg7_3,76,10,0.8873866804086769,0.9125703849682212,1.8027756377319946,0.8873866804086769,0.9125703849682212,1.8027756377319946,10,1.0
pg7_3,77,10,0.7844905607773527,0.7071067811865476,1.8027756377319946,0.7844905607773527,0.7071067811865476,1.8027756377319946,10,1.0
pg7_3,78,10,0.627854201291392,0.5,2.0615528128088303,0.627854201291392,0.5,2.0615528128088303,10,1.0
pg7_3,79,10,0.8829868341431611,0.7071067811865476,2.23606797749979,0.8829868341431611,0.7071067811865476,2.23606797749979,10,1.0
pg7_3,80,10,0.8192755575287014,0.7071067811865476,2.0615528128088303,0.8192755575287014,0.7071067811865476,2.0615528128088303,10,1.0
pg7_3,81,10,0.8335023188854984,0.7071067811865476,2.5,0.8335023188854984,0.7071067811865476,2.5,10,1.0
pg7_3,82,10,0.9211490287309116,0.9125703849682212,2.23606797749979,0.9211490287309116,0.9125703849682212,2.23606797749979,10,1.0
pg7_3,83,10,0.8925537197977057,0.9125703849682212,2.0615528128088303,0.8925537197977057,0.9125703849682212,2.0615528128088303,10,1.0
pg7_3,84,10,0.9886349517372673,1.0590169943749475,2.5,0.9886349517372673,1.0590169943749475,2.5,10,1.0
pg7_3,85,10,0.7975766375181926,0.6035533905932737,2.0615528128088303,0.7975766375181926,0.6035533905932737,2.0615528128088303,10,1.0
pg7_3,86,10,1.3849633179268694,1.118033988749895,3.605551275463989,1.3849633179268694,1.118033988749895,3.605551275463989,10,1.0
pg7_3,87,10,0.9449747468305834,0.8535533905932737,2.1213203435596424,0.9449747468305834,0.8535533905932737,2.1213203435596424,10,1.0
pg7_3,88,10,0.9797620790308621,1.0,2.5,0.9797620790308621,1.0,2.5,10,1.0
pg7_3,89,10,0.9736492006824842,0.8535533905932737,2.0615528128088303,0.9736492006824842,0.8535533905932737,2.0615528128088303,10,1.0
pg7_3,90,10,1.032986834143161,1.118033988749895,2.0615528128088303,1.032986834143161,1.118033988749895,2.0615528128088303,10,1.0
pg7_3,91,10,0.7443174758686337,0.5,2.23606797749979,0.7443174758686337,0.5,2.23606797749979,10,1.0
pg7_3,92,10,1.1411007171515801,1.118033988749895,2.0615528128088303,1.1411007171515801,1.118033988749895,2.0615528128088303,10,1.0
pg7_3,93,10,1.063575716225359,0.9125703849682212,2.692582403567252,1.063575716225359,0.9125703849682212,2.692582403567252,10,1.0
pg7_3,94,10,0.9768659593995379,1.0,2.0615528128088303,0.9768659593995379,1.0,2.0615528128088303,10,1.0
pg7_3,95,10,1.1071091166354774,1.0590169943749475,2.23606797749979,1.1071091166354774,1.0590169943749475,2.23606797749979,10,1.0
pg7_3,96,10,0.929762079030862,0.8090169943749475,2.0615528128088303,0.929762079030862,0.8090169943749475,2.0615528128088303,10,1.0
pg7_3,97,10,0.9679242736186128,1.0590169943749475,2.23606797749979,0.9679242736186128,1.0590169943749475,2.23606797749979,10,1.0
pg7_4,2,10,5.069656640253747,4.974873734152917,7.5,5.069656640253747,4.974873734152917,7.5,10,1.0
pg7_4,3,10,0.05,0.0,0.5,0.05,0.0,0.5,10,1.0
pg7_4,4,10,0.1118033988749895,0.0,1.118033988749895,0.1118033988749895,0.0,1.118033988749895,10,1.0
pg7_4,5,10,0.0,0.0,0.0,0.0,0.0,0.0,10,1.0
pg7_4,6,10,0.16180339887498948,0.0,1.118033988749895,0.16180339887498948,0.0,1.118033988749895,10,1.0
pg7_4,7,10,0.0,0.0,0.0,0.0,0.0,0.0,10,1.0
pg7_4,8,10,0.1118033988749895,0.0,1.118033988749895,0.1118033988749895,0.0,1.118033988749895,10,1.0
pg7_4,9,10,0.05,0.0,0.5,0.05,0.0,0.5,10,1.0
pg7_4,10,10,0.0,0.0,0.0,0.0,0.0,0.0,10,1.0
pg7_4,11,10,0.05,0.0,0.5,0.05,0.0,0.5,10,1.0
pg7_4,12,10,0.05,0.0,0.5,0.05,0.0,0.5,10,1.0
pg7_4,13,10,0.0,0.0,0.0,0.0,0.0,0.0,10,1.0
pg7_4,14,10,0.23027756377319947,0.0,1.8027756377319946,0.23027756377319947,0.0,1.8027756377319946,10,1.0
pg7_4,15,10,0.23027756377319947,0.0,1.8027756377319946,0.23027756377319947,0.0,1.8027756377319946,10,1.0
pg7_4,16,10,0.0,0.0,0.0,0.0,0.0,0.0,10,1.0
pg7_4,17,10,0.05,0.0,0.5,0.05,0.0,0.5,10,1.0
pg7_4,18,10,0.12071067811865474,0.0,0.7071067811865476,0.12071067811865474,0.0,0.7071067811865476,10,1.0
pg7_4,19,10,0.05,0.0,0.5,0.05,0.0,0.5,10,1.0
pg7_4,20,10,0.15,0.0,1.0,0.15,0.0,1.0,10,1.0
pg7_4,21,10,0.1,0.0,1.0,0.1,0.0,1.0,10,1.0
pg7_4,22,10,0.05,0.0,0.5,0.05,0.0,0.5,10,1.0
pg7_4,23,10,0.20615528128088303,0.0,2.0615528128088303,0.20615528128088303,0.0,2.0615528128088303,10,1.0
pg7_4,24,10,0.258113883008419,0.0,1.5811388300841898,0.258113883008419,0.0,1.5811388300841898,10,1.0
pg7_4,25,10,0.1,0.0,0.5,0.1,0.0,0.5,10,1.0
pg7_4,26,10,0.12071067811865474,0.0,0.7071067811865476,0.12071067811865474,0.0,0.7071067811865476,10,1.0
pg7_4,27,10,0.05,0.0,0.5,0.05,0.0,0.5,10,1.0
pg7_4,28,10,0.1,0.0,0.5,0.1,0.0,0.5,10,1.0
pg7_4,29,10,0.562310562561766,0.0,4.123105625617661,0.562310562561766,0.0,4.123105625617661,10,1.0
pg7_4,30,10,0.1,0.0,0.5,0.1,0.0,0.5,10,1.0
pg7_4,31,10,0.273606797749979,0.0,2.23606797749979,0.273606797749979,0.0,2.23606797749979,10,1.0
pg7_4,32,10,0.1,0.0,0.5,0.1,0.0,0.5,10,1.0
pg7_4,33,10,0.37169892001050897,0.0,1.8027756377319946,0.37169892001050897,0.0,1.8027756377319946,10,1.0
pg7_4,34,10,0.12071067811865474,0.0,0.7071067811865476,0.12071067811865474,0.0,0.7071067811865476,10,1.0
pg7_4,35,10,0.40413812651491093,0.0,3.0413812651491097,0.40413812651491093,0.0,3.0413812651491097,10,1.0
pg7_4,36,10,0.15,0.0,1.0,0.15,0.0,1.0,10,1.0
pg7_4,37,10,0.2,0.0,1.0,0.2,0.0,1.0,10,1.0
pg7_4,38,10,0.5118033988749895,0.5,1.118033988749895,0.5118033988749895,0.5,1.118033988749895,10,1.0
pg7_4,39,10,0.25,0.25,0.5,0.25,0.25,0.5,10,1.0
pg7_4,40,10,0.1,0.0,0.5,0.1,0.0,0.5,10,1.0
pg7_4,41,10,0.2118033988749895,0.0,1.118033988749895,0.2118033988749895,0.0,1.118033988749895,10,1.0
pg7_4,42,10,0.403224755112299,0.25,1.118033988749895,0.403224755112299,0.25,1.118033988749895,10,1.0
pg7_4,43,10,0.3,0.0,1.0,0.3,0.0,1.0,10,1.0
pg7_4,44,10,0.4788245611270737,0.5,1.5811388300841898,0.4788245611270737,0.5,1.5811388300841898,10,1.0
pg7_4,45,10,0.4118033988749895,0.25,1.5,0.4118033988749895,0.25,1.5,10,1.0
pg7_4,46,10,0.44953523924572847,0.25,1.5811388300841898,0.44953523924572847,0.25,1.5811388300841898,10,1.0
pg7_4,47,10,0.7519764837837084,0.7071067811865476,1.8027756377319946,0.7519764837837084,0.7071067811865476,1.8027756377319946,10,1.0
pg7_4,48,10,0.5709055237752627,0.25,1.8027756377319946,0.5709055237752627,0.25,1.8027756377319946,10,1.0
pg7_4,49,10,0.9459507586764813,0.5,5.220153254455275,0.9459507586764813,0.5,5.220153254455275,10,1.0
pg7_4,50,10,0.523606797749979,0.5,1.118033988749895,0.523606797749979,0.5,1.118033988749895,10,1.0
pg7_4,51,10,0.611338638120718,0.5,1.5811388300841898,0.611338638120718,0.5,1.5811388300841898,10,1.0
pg7_4,52,10,0.5035533905932738,0.6035533905932737,1.4142135623730951,0.5035533905932738,0.6035533905932737,1.4142135623730951,10,1.0
pg7_4,53,10,0.42169892001050896,0.25,1.8027756377319946,0.42169892001050896,0.25,1.8027756377319946,10,1.0
pg7_4,54,10,0.6709055237752628,0.6035533905932737,1.8027756377319946,0.6709055237752628,0.6035533905932737,1.8027756377319946,10,1.0
pg7_4,55,10,0.6116672736016928,0.5,1.5811388300841898,0.6116672736016928,0.5,1.5811388300841898,10,1.0
pg7_4,56,10,0.611338638120718,0.6035533905932737,1.5811388300841898,0.611338638120718,0.6035533905932737,1.5811388300841898,10,1.0
pg7_4,57,10,0.6576491222541475,0.5,1.5811388300841898,0.6576491222541475,0.5,1.5811388300841898,10,1.0
pg7_4,58,10,0.7338309543664733,0.7071067811865476,1.8027756377319946,0.7338309543664733,0.7071067811865476,1.8027756377319946,10,1.0
pg7_4,59,10,0.7083087286650269,0.5,1.8027756377319946,0.7083087286650269,0.5,1.8027756377319946,10,1.0
pg7_4,60,10,0.8042129970041533,0.8535533905932737,1.8027756377319946,0.8042129970041533,0.8535533905932737,1.8027756377319946,10,1.0
pg7_4,61,10,0.8470774702266614,0.9125703849682212,1.5811388300841898,0.8470774702266614,0.9125703849682212,1.5811388300841898,10,1.0
pg7_4,62,10,0.7771601883432527,0.6035533905932737,2.8284271247461903,0.7771601883432527,0.6035533905932737,2.8284271247461903,10,1.0
pg7_4,63,10,0.8565757487295536,0.7071067811865476,2.9154759474226504,0.8565757487295536,0.7071067811865476,2.9154759474226504,10,1.0
pg7_4,64,10,0.8696914511173709,0.5,3.2015621187164243,0.8696914511173709,0.5,3.2015621187164243,10,1.0
pg7_4,65,10,1.132111164022892,0.9125703849682212,2.8284271247461903,1.132111164022892,0.9125703849682212,2.8284271247461903,10,1.0
pg7_4,66,10,1.6170756248032987,0.6035533905932737,7.762087348130012,1.6170756248032987,0.6035533905932737,7.762087348130012,10,1.0
pg7_4,67,10,0.8349798424079568,0.5,2.5,0.8349798424079568,0.5,2.5,10,1.0
pg7_4,68,10,1.118141041402216,0.7071067811865476,4.031128874149275,1.118141041402216,0.7071067811865476,4.031128874149275,10,1.0
pg7_4,69,10,0.9819374485420012,0.5,4.031128874149275,0.9819374485420012,0.5,4.031128874149275,10,1.0
pg7_4,70,10,0.753224755112299,0.6035533905932737,2.5,0.753224755112299,0.6035533905932737,2.5,10,1.0
pg7_4,71,10,0.681720680758398,0.5,2.0,0.681720680758398,0.5,2.0,10,1.0
pg7_4,72,10,0.6995352392457285,0.6035533905932737,2.0,0.6995352392457285,0.6035533905932737,2.0,10,1.0
pg7_4,73,10,0.724341649025257,0.0,3.1622776601683795,0.724341649025257,0.0,3.1622776601683795,10,1.0
pg7_4,74,10,0.954238082764682,0.6035533905932737,2.692582403567252,0.954238082764682,0.6035533905932737,2.692582403567252,10,1.0
pg7_4,75,10,1.0111062569605223,0.5,2.5495097567963922,1.0111062569605223,0.5,2.5495097567963922,10,1.0
pg7_4,76,10,1.2256083672942162,1.3495864094170424,2.692582403567252,1.2256083672942162,1.3495864094170424,2.692582403567252,10,1.0
pg7_4,77,10,1.0830626438917557,0.8535533905932737,2.692582403567252,1.0830626438917557,0.8535533905932737,2.692582403567252,10,1.0
pg7_4,78,10,1.075661653798294,1.1035533905932737,2.5495097567963922,1.075661653798294,1.1035533905932737,2.5495097567963922,10,1.0
pg7_4,79,10,0.8950523271439117,0.8535533905932737,3.1622776601683795,0.8950523271439117,0.8535533905932737,3.1622776601683795,10,1.0
pg7_4,80,10,1.4363891177400918,1.3090169943749475,4.47213595499958,1.4363891177400918,1.3090169943749475,4.47213595499958,10,1.0
pg7_4,81,10,1.1790649371163948,1.0590169943749475,2.5495097567963922,1.1790649371163948,1.0590169943749475,2.5495097567963922,10,1.0
pg7_4,82,10,1.146124199756263,1.25,2.692582403567252,1.146124199756263,1.25,2.692582403567252,10,1.0
pg7_4,83,10,1.116227766016838,1.0,3.0,1.116227766016838,1.0,3.0,10,1.0
pg7_4,84,10,1.1986057177371854,1.5,3.5355339059327378,1.1986057177371854,1.5,3.5355339059327378,10,1.0
pg7_4,85,10,1.0509882418918541,0.8535533905932737,3.0,1.0509882418918541,0.8535533905932737,3.0,10,1.0
pg7_4,86,10,1.154332972171519,1.0590169943749475,3.0413812651491097,1.154332972171519,1.0590169943749475,3.0413812651491097,10,1.0
pg7_4,87,10,1.015685424949238,0.8535533905932737,3.5355339059327378,1.015685424949238,0.8535533905932737,3.5355339059327378,10,1.0
pg7_4,88,10,1.0447660865169741,0.6035533905932737,3.0413812651491097,1.0447660865169741,0.6035533905932737,3.0413812651491097,10,1.0
pg7_4,89,10,1.7669297672817545,0.9125703849682212,8.5,1.7669297672817545,0.9125703849682212,8.5,10,1.0
pg7_4,90,10,1.0025276131978318,0.75,2.5495097567963922,1.0025276131978318,0.75,2.5495097567963922,10,1.0
pg7_4,91,10,1.0965477246440745,1.0606601717798214,3.0413812651491097,1.0965477246440745,1.0606601717798214,3.0413812651491097,10,1.0
pg7_4,92,10,1.0182873156368473,1.0,2.5,1.0182873156368473,1.0,2.5,10,1.0
pg7_4,93,10,1.1342288410267476,0.8090169943749475,3.0413812651491097,1.1342288410267476,0.8090169943749475,3.0413812651491097,10,1.0
pg7_4,94,10,0.9544862149253678,1.0,2.5495097567963922,0.9544862149253678,1.0,2.5495097567963922,10,1.0
pg7_4,95,10,1.0617872487690585,0.8535533905932737,3.0413812651491097,1.0617872487690585,0.8535533905932737,3.0413812651491097,10,1.0
pg7_4,96,10,0.9627916407668439,0.6035533905932737,2.5,0.9627916407668439,0.6035533905932737,2.5,10,1.0
pg7_4,97,10,1.0051458213362472,1.0,2.5495097567963922,1.0051458213362472,1.0,2.5495097567963922,10,1.0
pg7_5,2,10,2.449989136465228,2.178694160529716,4.0,2.449989136465228,2.178694160529716,4.0,10,1.0
pg7_5,3,10,0.3118033988749895,0.25,1.118033988749895,0.3118033988749895,0.25,1.118033988749895,10,1.0
pg7_5,4,10,0.353224755112299,0.0,1.4142135623730951,0.353224755112299,0.0,1.4142135623730951,10,1.0
pg7_5,5,10,0.2618033988749895,0.0,1.118033988749895,0.2618033988749895,0.0,1.118033988749895,10,1.0
pg7_5,6,10,0.2118033988749895,0.0,1.118033988749895,0.2118033988749895,0.0,1.118033988749895,10,1.0
pg7_5,7,10,0.15,0.0,0.5,0.15,0.0,0.5,10,1.0
pg7_5,8,10,0.2118033988749895,0.0,1.118033988749895,0.2118033988749895,0.0,1.118033988749895,10,1.0
pg7_5,9,10,0.4354101966249685,0.0,3.3541019662496847,0.4354101966249685,0.0,3.3541019662496847,10,1.0
pg7_5,10,10,0.15,0.0,0.5,0.15,0.0,0.5,10,1.0
pg7_5,11,10,0.2,0.0,0.5,0.2,0.0,0.5,10,1.0
pg7_5,12,10,0.05,0.0,0.5,0.05,0.0,0.5,10,1.0
pg7_5,13,10,0.15,0.0,0.5,0.15,0.0,0.5,10,1.0
pg7_5,14,10,0.1,0.0,0.5,0.1,0.0,0.5,10,1.0
pg7_5,15,10,0.6806126294779332,0.0,5.0990195135927845,0.6806126294779332,0.0,5.0990195135927845,10,1.0
pg7_5,16,10,0.1,0.0,0.5,0.1,0.0,0.5,10,1.0
pg7_5,17,10,0.0,0.0,0.0,0.0,0.0,0.0,10,1.0
pg7_5,18,10,0.12071067811865474,0.0,0.7071067811865476,0.12071067811865474,0.0,0.7071067811865476,10,1.0
pg7_5,19,10,0.41055512754639895,0.0,1.8027756377319946,0.41055512754639895,0.0,1.8027756377319946,10,1.0
pg7_5,20,10,0.1414213562373095,0.0,0.7071067811865476,0.1414213562373095,0.0,0.7071067811865476,10,1.0
pg7_5,21,10,0.15,0.0,0.5,0.15,0.0,0.5,10,1.0
pg7_5,22,10,0.3414213562373095,0.0,1.5,0.3414213562373095,0.0,1.5,10,1.0
pg7_5,23,10,0.1,0.0,0.5,0.1,0.0,0.5,10,1.0
pg7_5,24,10,0.17071067811865476,0.0,0.7071067811865476,0.17071067811865476,0.0,0.7071067811865476,10,1.0
pg7_5,25,10,0.12071067811865474,0.0,0.7071067811865476,0.12071067811865474,0.0,0.7071067811865476,10,1.0
pg7_5,26,10,0.24142135623730948,0.0,1.4142135623730951,0.24142135623730948,0.0,1.4142135623730951,10,1.0
pg7_5,27,10,0.12071067811865474,0.0,0.7071067811865476,0.12071067811865474,0.0,0.7071067811865476,10,1.0
pg7_5,28,10,0.05,0.0,0.5,0.05,0.0,0.5,10,1.0
pg7_5,29,10,0.1118033988749895,0.0,1.118033988749895,0.1118033988749895,0.0,1.118033988749895,10,1.0
pg7_5,30,10,0.3302775637731995,0.0,1.8027756377319946,0.3302775637731995,0.0,1.8027756377319946,10,1.0
pg7_5,31,10,0.15,0.0,0.5,0.15,0.0,0.5,10,1.0
pg7_5,32,10,0.15,0.0,0.5,0.15,0.0,0.5,10,1.0
pg7_5,33,10,0.05,0.0,0.5,0.05,0.0,0.5,10,1.0
pg7_5,34,10,0.2118033988749895,0.0,1.118033988749895,0.2118033988749895,0.0,1.118033988749895,10,1.0
pg7_5,35,10,0.2,0.0,1.0,0.2,0.0,1.0,10,1.0
pg7_5,36,10,0.4549509756796392,0.25,2.5495097567963922,0.4549509756796392,0.25,2.5495097567963922,10,1.0
pg7_5,37,10,0.35,0.0,2.0,0.35,0.0,2.0,10,1.0
pg7_5,38,10,0.37686595939953776,0.0,2.0615528128088303,0.37686595939953776,0.0,2.0615528128088303,10,1.0
pg7_5,39,10,0.12071067811865474,0.0,0.7071067811865476,0.12071067811865474,0.0,0.7071067811865476,10,1.0
pg7_5,40,10,0.2118033988749895,0.0,1.118033988749895,0.2118033988749895,0.0,1.118033988749895,10,1.0
pg7_5,41,10,0.4288245611270737,0.25,1.5811388300841898,0.4288245611270737,0.25,1.5811388300841898,10,1.0
pg7_5,42,10,0.3207106781186547,0.5,0.7071067811865476,0.3207106781186547,0.5,0.7071067811865476,10,1.0
pg7_5,43,10,0.15,0.0,0.5,0.15,0.0,0.5,10,1.0
pg7_5,44,10,0.25,0.25,0.5,0.25,0.25,0.5,10,1.0
pg7_5,45,10,0.17071067811865476,0.0,0.7071067811865476,0.17071067811865476,0.0,0.7071067811865476,10,1.0
pg7_5,46,10,0.3650281539872885,0.0,1.118033988749895,0.3650281539872885,0.0,1.118033988749895,10,1.0
pg7_5,47,10,0.308113883008419,0.0,1.5811388300841898,0.308113883008419,0.0,1.5811388300841898,10,1.0
pg7_5,48,10,0.45,0.25,1.5,0.45,0.25,1.5,10,1.0
pg7_5,49,10,0.4118033988749895,0.25,1.5,0.4118033988749895,0.25,1.5,10,1.0
pg7_5,50,10,0.6802775637731995,0.5,1.8027756377319946,0.6802775637731995,0.5,1.8027756377319946,10,1.0
pg7_5,51,10,0.4707106781186548,0.25,1.5,0.4707106781186548,0.25,1.5,10,1.0
pg7_5,52,10,0.36180339887498947,0.0,1.5,0.36180339887498947,0.0,1.5,10,1.0
pg7_5,53,10,0.5325140769936443,0.5,1.5,0.5325140769936443,0.5,1.5,10,1.0
pg7_5,54,10,0.5788245611270738,0.5,1.5811388300841898,0.5788245611270738,0.5,1.5811388300841898,10,1.0
pg7_5,55,10,0.4118033988749895,0.0,1.5,0.4118033988749895,0.0,1.5,10,1.0
pg7_5,56,10,0.4325140769936443,0.5,1.118033988749895,0.4325140769936443,0.5,1.118033988749895,10,1.0
pg7_5,57,10,0.742080962648189,0.75,2.0,0.742080962648189,0.75,2.0,10,1.0
pg7_5,58,10,0.9505104584318597,0.6035533905932737,3.0413812651491097,0.9505104584318597,0.6035533905932737,3.0413812651491097,10,1.0
pg7_5,59,10,0.6386693582745273,0.5,2.0615528128088303,0.6386693582745273,0.5,2.0615528128088303,10,1.0
pg7_5,60,10,0.6049509756796392,0.5,2.5495097567963922,0.6049509756796392,0.5,2.5495097567963922,10,1.0
pg7_5,61,10,0.7443174758686337,0.8535533905932737,1.118033988749895,0.7443174758686337,0.8535533905932737,1.118033988749895,10,1.0
pg7_5,62,10,0.5325140769936443,0.5,1.5,0.5325140769936443,0.5,1.5,10,1.0
pg7_5,63,10,0.4325140769936443,0.5,1.118033988749895,0.4325140769936443,0.5,1.118033988749895,10,1.0
pg7_5,64,10,0.5325140769936443,0.6035533905932737,1.118033988749895,0.5325140769936443,0.6035533905932737,1.118033988749895,10,1.0
pg7_5,65,10,0.4707106781186548,0.5,1.0,0.4707106781186548,0.5,1.0,10,1.0
pg7_5,66,10,0.6179586801558725,0.5,2.0615528128088303,0.6179586801558725,0.5,2.0615528128088303,10,1.0
pg7_5,67,10,0.5495352392457284,0.5,1.5811388300841898,0.5495352392457284,0.5,1.5811388300841898,10,1.0
pg7_5,68,10,0.6325140769936443,0.5,1.5,0.6325140769936443,0.5,1.5,10,1.0
pg7_5,69,10,0.5982362439290719,0.25,2.0615528128088303,0.5982362439290719,0.25,2.0615528128088303,10,1.0
pg7_5,70,10,0.7199172818834085,0.5,1.5811388300841898,0.7199172818834085,0.5,1.5811388300841898,10,1.0
pg7_5,71,10,0.6487418430104822,0.5,1.5811388300841898,0.6487418430104822,0.5,1.5811388300841898,10,1.0
pg7_5,72,10,0.685968084299811,0.3535533905932738,2.0615528128088303,0.685968084299811,0.3535533905932738,2.0615528128088303,10,1.0
pg7_5,73,10,0.5495352392457284,0.25,1.5811388300841898,0.5495352392457284,0.25,1.5811388300841898,10,1.0
pg7_5,74,10,0.6987418430104823,0.5,1.5811388300841898,0.6987418430104823,0.5,1.5811388300841898,10,1.0
pg7_5,75,10,0.8364328450540824,0.5,2.0615528128088303,0.8364328450540824,0.5,2.0615528128088303,10,1.0
pg7_5,76,10,0.9105452418854718,0.9125703849682212,1.5811388300841898,0.9105452418854718,0.9125703849682212,1.5811388300841898,10,1.0
pg7_5,77,10,0.8048971242913654,0.6035533905932737,2.0615528128088303,0.8048971242913654,0.6035533905932737,2.0615528128088303,10,1.0
pg7_5,78,10,0.9194525211291369,0.7071067811865476,2.0,0.9194525211291369,0.7071067811865476,2.0,10,1.0
pg7_5,79,10,0.6702459173643833,0.6035533905932737,1.5811388300841898,0.6702459173643833,0.6035533905932737,1.5811388300841898,10,1.0
pg7_5,80,10,0.9026606110709204,0.75,2.0615528128088303,0.9026606110709204,0.75,2.0615528128088303,10,1.0
pg7_5,81,10,0.7822278444451746,0.5,2.0615528128088303,0.7822278444451746,0.5,2.0615528128088303,10,1.0
pg7_5,82,10,0.9985648794100468,0.7071067811865476,2.0615528128088303,0.9985648794100468,0.7071067811865476,2.0615528128088303,10,1.0
pg7_5,83,10,0.9502566934401273,0.7071067811865476,2.5495097567963922,0.9502566934401273,0.7071067811865476,2.5495097567963922,10,1.0
pg7_5,84,10,0.866227766016838,0.75,2.0,0.866227766016838,0.75,2.0,10,1.0
pg7_5,85,10,0.8672160079086921,0.6035533905932737,2.0,0.8672160079086921,0.6035533905932737,2.0,10,1.0
pg7_5,86,10,1.0425537197977057,0.8535533905932737,2.23606797749979,1.0425537197977057,0.8535533905932737,2.23606797749979,10,1.0
pg7_5,87,10,0.9374210869459368,0.6035533905932737,2.0615528128088303,0.9374210869459368,0.6035533905932737,2.0615528128088303,10,1.0
pg7_5,88,10,0.8118033988749895,0.5,2.5,0.8118033988749895,0.5,2.5,10,1.0
pg7_5,89,10,0.8157630052625665,0.7071067811865476,1.5811388300841898,0.8157630052625665,0.7071067811865476,1.5811388300841898,10,1.0
pg7_5,90,10,0.6739354332309537,0.5,2.1213203435596424,0.6739354332309537,0.5,2.1213203435596424,10,1.0
pg7_5,91,10,0.781720680758398,0.5,2.23606797749979,0.781720680758398,0.5,2.23606797749979,10,1.0
pg7_5,92,10,0.7591021249002732,0.5,1.8027756377319946,0.7591021249002732,0.5,1.8027756377319946,10,1.0
pg7_5,93,10,0.6443174758686337,0.5,2.23606797749979,0.6443174758686337,0.5,2.23606797749979,10,1.0
pg7_5,94,10,0.7424095981291636,0.6035533905932737,2.0,0.7424095981291636,0.6035533905932737,2.0,10,1.0
pg7_5,95,10,0.7835023188854985,0.6035533905932737,2.0,0.7835023188854985,0.6035533905932737,2.0,10,1.0
pg7_5,96,10,0.5943174758686338,0.25,2.23606797749979,0.5943174758686338,0.25,2.23606797749979,10,1.0
pg7_5,97,10,0.75,0.5,2.5,0.75,0.5,2.5,10,1.0
pg7_6,2,10,1.171698920010509,1.2071067811865475,2.5,1.171698920010509,1.2071067811865475,2.5,10,1.0
pg7_6,3,10,0.3414213562373095,0.0,1.5,0.3414213562373095,0.0,1.5,10,1.0
pg7_6,4,10,0.05,0.0,0.5,0.05,0.0,0.5,10,1.0
pg7_6,5,10,0.0,0.0,0.0,0.0,0.0,0.0,10,1.0
pg7_6,6,10,0.05,0.0,0.5,0.05,0.0,0.5,10,1.0
pg7_6,7,10,0.1,0.0,0.5,0.1,0.0,0.5,10,1.0
pg7_6,8,10,0.0,0.0,0.0,0.0,0.0,0.0,10,1.0
pg7_6,9,10,0.07071067811865475,0.0,0.7071067811865476,0.07071067811865475,0.0,0.7071067811865476,10,1.0
pg7_6,10,10,0.0,0.0,0.0,0.0,0.0,0.0,10,1.0
pg7_6,11,10,0.05,0.0,0.5,0.05,0.0,0.5,10,1.0
pg7_6,12,10,0.30495097567963925,0.0,2.5495097567963922,0.30495097567963925,0.0,2.5495097567963922,10,1.0
pg7_6,13,10,0.2118033988749895,0.0,1.118033988749895,0.2118033988749895,0.0,1.118033988749895,10,1.0
pg7_6,14,10,0.05,0.0,0.5,0.05,0.0,0.5,10,1.0
pg7_6,15,10,0.208113883008419,0.0,1.5811388300841898,0.208113883008419,0.0,1.5811388300841898,10,1.0
pg7_6,16,10,0.15,0.0,0.5,0.15,0.0,0.5,10,1.0
pg7_6,17,10,0.05,0.0,0.5,0.05,0.0,0.5,10,1.0
pg7_6,18,10,0.31213203435596426,0.0,2.1213203435596424,0.31213203435596426,0.0,2.1213203435596424,10,1.0
pg7_6,19,10,0.15811388300841897,0.0,1.5811388300841898,0.15811388300841897,0.0,1.5811388300841898,10,1.0
pg7_6,20,10,0.15,0.0,0.5,0.15,0.0,0.5,10,1.0
pg7_6,21,10,0.25,0.25,0.5,0.25,0.25,0.5,10,1.0
pg7_6,22,10,0.05,0.0,0.5,0.05,0.0,0.5,10,1.0
pg7_6,23,10,0.2,0.0,1.0,0.2,0.0,1.0,10,1.0
pg7_6,24,10,0.15,0.0,0.5,0.15,0.0,0.5,10,1.0
pg7_6,25,10,0.25615528128088305,0.0,2.0615528128088303,0.25615528128088305,0.0,2.0615528128088303,10,1.0
pg7_6,26,10,0.12071067811865474,0.0,0.7071067811865476,0.12071067811865474,0.0,0.7071067811865476,10,1.0
pg7_6,27,10,0.15,0.0,0.5,0.15,0.0,0.5,10,1.0
pg7_6,28,10,0.22071067811865475,0.0,0.7071067811865476,0.22071067811865475,0.0,0.7071067811865476,10,1.0
pg7_6,29,10,0.05,0.0,0.5,0.05,0.0,0.5,10,1.0
pg7_6,30,10,0.25,0.0,1.0,0.25,0.0,1.0,10,1.0
pg7_6,31,10,0.25,0.25,0.5,0.25,0.25,0.5,10,1.0
pg7_6,32,10,0.2,0.0,0.5,0.2,0.0,0.5,10,1.0
pg7_6,33,10,0.3995352392457285,0.25,1.5811388300841898,0.3995352392457285,0.25,1.5811388300841898,10,1.0
pg7_6,34,10,0.3325140769936442,0.0,1.118033988749895,0.3325140769936442,0.0,1.118033988749895,10,1.0
pg7_6,35,10,0.26213203435596427,0.0,0.7071067811865476,0.26213203435596427,0.0,0.7071067811865476,10,1.0
pg7_6,36,10,0.4414213562373095,0.5,1.0,0.4414213562373095,0.5,1.0,10,1.0
pg7_6,37,10,0.16180339887498948,0.0,1.118033988749895,0.16180339887498948,0.0,1.118033988749895,10,1.0
pg7_6,38,10,0.4325140769936443,0.5,1.118033988749895,0.4325140769936443,0.5,1.118033988749895,10,1.0
pg7_6,39,10,0.45,0.5,1.5,0.45,0.5,1.5,10,1.0
pg7_6,40,10,0.38251407699364426,0.0,1.118033988749895,0.38251407699364426,0.0,1.118033988749895,10,1.0
pg7_6,41,10,0.37071067811865477,0.25,1.0,0.37071067811865477,0.25,1.0,10,1.0
pg7_6,42,10,0.4443174758686338,0.25,1.118033988749895,0.4443174758686338,0.25,1.118033988749895,10,1.0
pg7_6,43,10,0.6288245611270737,0.5,1.5811388300841898,0.6288245611270737,0.5,1.5811388300841898,10,1.0
pg7_6,44,10,0.5288245611270737,0.5,1.5811388300841898,0.5288245611270737,0.5,1.5811388300841898,10,1.0
pg7_6,45,10,0.5561552812808831,0.5,2.0615528128088303,0.5561552812808831,0.5,2.0615528128088303,10,1.0
pg7_6,46,10,0.6642691642893019,0.5,2.0615528128088303,0.6642691642893019,0.5,2.0615528128088303,10,1.0
pg7_6,47,10,0.608113883008419,0.5,1.5811388300841898,0.608113883008419,0.5,1.5811388300841898,10,1.0
pg7_6,48,10,0.8241139614367556,0.75,2.0615528128088303,0.8241139614367556,0.75,2.0615528128088303,10,1.0
pg7_6,49,10,0.8903611723046077,0.75,2.5495097567963922,0.8903611723046077,0.75,2.5495097567963922,10,1.0
pg7_6,50,10,0.8179586801558726,1.0,2.0615528128088303,0.8179586801558726,1.0,2.0615528128088303,10,1.0
pg7_6,51,10,0.708113883008419,0.5,1.5811388300841898,0.708113883008419,0.5,1.5811388300841898,10,1.0
pg7_6,52,10,0.8179586801558726,0.75,2.0615528128088303,0.8179586801558726,0.75,2.0615528128088303,10,1.0
pg7_6,53,10,0.809380036393182,0.75,2.0615528128088303,0.809380036393182,0.75,2.0615528128088303,10,1.0
pg7_6,54,10,0.9004727571495167,0.8535533905932737,2.0615528128088303,0.9004727571495167,0.8535533905932737,2.0615528128088303,10,1.0
pg7_6,55,10,0.8024313588770526,0.8535533905932737,2.5,0.8024313588770526,0.8535533905932737,2.5,10,1.0
pg7_6,56,10,0.9285383285786042,1.0,2.0615528128088303,0.9285383285786042,1.0,2.0615528128088303,10,1.0
pg7_6,57,10,0.8821934379079147,0.9125703849682212,2.23606797749979,0.8821934379079147,0.9125703849682212,2.23606797749979,10,1.0
pg7_6,58,10,0.9167543745546286,0.75,2.5495097567963922,0.9167543745546286,0.75,2.5495097567963922,10,1.0
pg7_6,59,10,1.0063501269374908,1.0590169943749475,2.0615528128088303,1.0063501269374908,1.0590169943749475,2.0615528128088303,10,1.0
pg7_6,60,10,0.9111062569605222,0.75,2.5495097567963922,0.9111062569605222,0.75,2.5495097567963922,10,1.0
pg7_6,61,10,0.9174939194016009,1.0590169943749475,2.0615528128088303,0.9174939194016009,1.0590169943749475,2.0615528128088303,10,1.0
pg7_6,62,10,1.4707443251586247,1.3090169943749475,5.385164807134504,1.4707443251586247,1.3090169943749475,5.385164807134504,10,1.0
pg7_6,63,10,0.8748682575630478,0.75,2.5495097567963922,0.8748682575630478,0.75,2.5495097567963922,10,1.0
pg7_6,64,10,1.1618458018074946,1.2071067811865475,2.0615528128088303,1.1618458018074946,1.2071067811865475,2.0615528128088303,10,1.0
pg7_6,65,10,1.2472894052485526,1.3495864094170424,2.692582403567252,1.2472894052485526,1.3495864094170424,2.692582403567252,10,1.0
pg7_6,66,10,1.0945467280625014,1.25,2.0615528128088303,1.0945467280625014,1.25,2.0615528128088303,10,1.0
pg7_6,67,10,1.0903417274535934,1.3090169943749475,2.0615528128088303,1.0903417274535934,1.3090169943749475,2.0615528128088303,10,1.0
pg7_6,68,10,1.229292624704896,1.290569415042095,2.5495097567963922,1.229292624704896,1.290569415042095,2.5495097567963922,10,1.0
pg7_6,69,10,1.3361450479002464,1.540569415042095,2.5,1.3361450479002464,1.540569415042095,2.5,10,1.0
pg7_6,70,10,1.2257519240785621,1.3495864094170424,2.23606797749979,1.2257519240785621,1.3495864094170424,2.23606797749979,10,1.0
pg7_6,71,10,1.3759796116670633,1.5811388300841898,2.5,1.3759796116670633,1.5811388300841898,2.5,10,1.0
pg7_6,72,10,1.939218490056835,1.6919572339080922,5.385164807134504,1.939218490056835,1.6919572339080922,5.385164807134504,10,1.0
pg7_6,73,10,1.2629766007625245,1.3495864094170424,2.23606797749979,1.2629766007625245,1.3495864094170424,2.23606797749979,10,1.0
pg7_6,74,10,1.7580486992282904,1.5811388300841898,5.408326913195984,1.7580486992282904,1.5811388300841898,5.408326913195984,10,1.0
pg7_6,75,10,1.30522575977234,1.4976761962286425,2.5,1.30522575977234,1.4976761962286425,2.5,10,1.0
pg7_6,76,10,1.0950523271439117,1.0,2.5,1.0950523271439117,1.0,2.5,10,1.0
pg7_6,77,10,1.5543571186726952,1.4013878188659974,4.47213595499958,1.5543571186726952,1.4013878188659974,4.47213595499958,10,1.0
pg7_6,78,10,1.6942138732761716,1.5811388300841898,5.024937810560445,1.6942138732761716,1.5811388300841898,5.024937810560445,10,1.0
pg7_6,79,10,1.1671308773833666,1.0590169943749475,2.23606797749979,1.1671308773833666,1.0590169943749475,2.23606797749979,10,1.0
pg7_6,80,10,1.2060810037911056,0.8535533905932737,2.5495097567963922,1.2060810037911056,0.8535533905932737,2.5495097567963922,10,1.0
pg7_6,81,10,1.268912515510467,1.3090169943749475,2.23606797749979,1.268912515510467,1.3090169943749475,2.23606797749979,10,1.0
pg7_6,82,10,1.2066443558812059,1.118033988749895,2.8284271247461903,1.2066443558812059,1.118033988749895,2.8284271247461903,10,1.0
pg7_6,83,10,1.2339750760350152,1.266123775561495,2.23606797749979,1.2339750760350152,1.266123775561495,2.23606797749979,10,1.0
pg7_6,84,10,1.2352740713516717,1.2071067811865475,2.23606797749979,1.2352740713516717,1.2071067811865475,2.23606797749979,10,1.0
pg7_6,85,10,1.2967488347456864,1.118033988749895,2.5,1.2967488347456864,1.118033988749895,2.5,10,1.0
pg7_6,86,10,1.1658639531550399,1.0,2.1213203435596424,1.1658639531550399,1.0,2.1213203435596424,10,1.0
pg7_6,87,10,1.3243595310814293,1.540569415042095,2.0615528128088303,1.3243595310814293,1.540569415042095,2.0615528128088303,10,1.0
pg7_6,88,10,1.242222748867801,1.266123775561495,2.8284271247461903,1.242222748867801,1.266123775561495,2.8284271247461903,10,1.0
pg7_6,89,10,1.334161925296378,1.5,2.5,1.334161925296378,1.5,2.5,10,1.0
pg7_6,90,10,1.1499735898579855,1.118033988749895,2.23606797749979,1.1499735898579855,1.118033988749895,2.23606797749979,10,1.0
pg7_6,91,10,1.4518304728494846,1.540569415042095,2.8284271247461903,1.4518304728494846,1.540569415042095,2.8284271247461903,10,1.0
pg7_6,92,10,1.3619982445315975,1.540569415042095,2.5,1.3619982445315975,1.540569415042095,2.5,10,1.0
pg7_6,93,10,1.2668130949379397,1.4976761962286425,2.5495097567963922,1.2668130949379397,1.4976761962286425,2.5495097567963922,10,1.0
pg7_6,94,10,1.1701121275400164,1.290569415042095,2.23606797749979,1.1701121275400164,1.290569415042095,2.23606797749979,10,1.0
pg7_6,95,10,1.3517342169625854,1.3090169943749475,2.5495097567963922,1.3517342169625854,1.3090169943749475,2.5495097567963922,10,1.0
pg7_6,96,10,1.180053179008249,0.9125703849682212,2.5495097567963922,1.180053179008249,0.9125703849682212,2.5495097567963922,10,1.0
pg7_6,97,10,1.3325727973769552,1.5811388300841898,2.5,1.3325727973769552,1.5811388300841898,2.5,10,1.0
pg7_7,2,10,2.8194693405677893,2.804029175494951,4.272001872658765,2.8194693405677893,2.804029175494951,4.272001872658765,10,1.0
pg7_7,3,10,0.273606797749979,0.0,2.23606797749979,0.273606797749979,0.0,2.23606797749979,10,1.0
pg7_7,4,10,0.1,0.0,0.5,0.1,0.0,0.5,10,1.0
pg7_7,5,10,0.05,0.0,0.5,0.05,0.0,0.5,10,1.0
pg7_7,6,10,0.05,0.0,0.5,0.05,0.0,0.5,10,1.0
pg7_7,7,10,0.1,0.0,0.5,0.1,0.0,0.5,10,1.0
pg7_7,8,10,0.1,0.0,0.5,0.1,0.0,0.5,10,1.0
pg7_7,9,10,0.0,0.0,0.0,0.0,0.0,0.0,10,1.0
pg7_7,10,10,0.0,0.0,0.0,0.0,0.0,0.0,10,1.0
pg7_7,11,10,0.1,0.0,0.5,0.1,0.0,0.5,10,1.0
pg7_7,12,10,0.05,0.0,0.5,0.05,0.0,0.5,10,1.0
pg7_7,13,10,0.1,0.0,0.5,0.1,0.0,0.5,10,1.0
pg7_7,14,10,0.15,0.0,0.5,0.15,0.0,0.5,10,1.0
pg7_7,15,10,0.1,0.0,0.5,0.1,0.0,0.5,10,1.0
pg7_7,16,10,0.0,0.0,0.0,0.0,0.0,0.0,10,1.0
pg7_7,17,10,0.05,0.0,0.5,0.05,0.0,0.5,10,1.0
pg7_7,18,10,0.21213203435596423,0.0,2.1213203435596424,0.21213203435596423,0.0,2.1213203435596424,10,1.0
pg7_7,19,10,0.15,0.0,0.5,0.15,0.0,0.5,10,1.0
pg7_7,20,10,0.05,0.0,0.5,0.05,0.0,0.5,10,1.0
pg7_7,21,10,0.05,0.0,0.5,0.05,0.0,0.5,10,1.0
pg7_7,22,10,0.258113883008419,0.0,1.5811388300841898,0.258113883008419,0.0,1.5811388300841898,10,1.0
pg7_7,23,10,0.0,0.0,0.0,0.0,0.0,0.0,10,1.0
pg7_7,24,10,0.1,0.0,0.5,0.1,0.0,0.5,10,1.0
pg7_7,25,10,0.27071067811865474,0.0,1.5,0.27071067811865474,0.0,1.5,10,1.0
pg7_7,26,10,0.05,0.0,0.5,0.05,0.0,0.5,10,1.0
pg7_7,27,10,0.1,0.0,0.5,0.1,0.0,0.5,10,1.0
pg7_7,28,10,0.34154759474226504,0.0,2.9154759474226504,0.34154759474226504,0.0,2.9154759474226504,10,1.0
pg7_7,29,10,0.05,0.0,0.5,0.05,0.0,0.5,10,1.0
pg7_7,30,10,0.05,0.0,0.5,0.05,0.0,0.5,10,1.0
pg7_7,31,10,0.07071067811865475,0.0,0.7071067811865476,0.07071067811865475,0.0,0.7071067811865476,10,1.0
pg7_7,32,10,0.1118033988749895,0.0,1.118033988749895,0.1118033988749895,0.0,1.118033988749895,10,1.0
pg7_7,33,10,0.05,0.0,0.5,0.05,0.0,0.5,10,1.0
pg7_7,34,10,0.1,0.0,0.5,0.1,0.0,0.5,10,1.0
pg7_7,35,10,0.12071067811865474,0.0,0.7071067811865476,0.12071067811865474,0.0,0.7071067811865476,10,1.0
pg7_7,36,10,0.15,0.0,0.5,0.15,0.0,0.5,10,1.0
pg7_7,37,10,0.16180339887498948,0.0,1.118033988749895,0.16180339887498948,0.0,1.118033988749895,10,1.0
pg7_7,38,10,0.2,0.0,1.0,0.2,0.0,1.0,10,1.0
pg7_7,39,10,0.05,0.0,0.5,0.05,0.0,0.5,10,1.0
pg7_7,40,10,0.17071067811865476,0.0,0.7071067811865476,0.17071067811865476,0.0,0.7071067811865476,10,1.0
pg7_7,41,10,0.3118033988749895,0.25,1.118033988749895,0.3118033988749895,0.25,1.118033988749895,10,1.0
pg7_7,42,10,0.15,0.0,1.0,0.15,0.0,1.0,10,1.0
pg7_7,43,10,0.4618033988749895,0.25,1.5,0.4618033988749895,0.25,1.5,10,1.0
pg7_7,44,10,0.35,0.5,1.0,0.35,0.5,1.0,10,1.0
pg7_7,45,10,0.38251407699364426,0.25,1.118033988749895,0.38251407699364426,0.25,1.118033988749895,10,1.0
pg7_7,46,10,0.423606797749979,0.0,1.5,0.423606797749979,0.0,1.5,10,1.0
pg7_7,47,10,0.3325140769936442,0.0,1.118033988749895,0.3325140769936442,0.0,1.118033988749895,10,1.0
pg7_7,48,10,0.27071067811865474,0.0,1.5,0.27071067811865474,0.0,1.5,10,1.0
pg7_7,49,10,0.3325140769936442,0.25,1.118033988749895,0.3325140769936442,0.25,1.118033988749895,10,1.0
pg7_7,50,10,0.25,0.0,1.0,0.25,0.0,1.0,10,1.0
pg7_7,51,10,0.25,0.0,1.0,0.25,0.0,1.0,10,1.0
pg7_7,52,10,0.3414213562373095,0.25,1.0,0.3414213562373095,0.25,1.0,10,1.0
pg7_7,53,10,0.27071067811865474,0.0,1.0,0.27071067811865474,0.0,1.0,10,1.0
pg7_7,54,10,0.3325140769936442,0.0,1.118033988749895,0.3325140769936442,0.0,1.118033988749895,10,1.0
pg7_7,55,10,0.22071067811865475,0.0,0.7071067811865476,0.22071067811865475,0.0,0.7071067811865476,10,1.0
pg7_7,56,10,0.27071067811865474,0.25,0.7071067811865476,0.27071067811865474,0.25,0.7071067811865476,10,1.0
pg7_7,57,10,0.24142135623730948,0.0,0.7071067811865476,0.24142135623730948,0.0,0.7071067811865476,10,1.0
pg7_7,58,10,0.19142135623730952,0.0,0.7071067811865476,0.19142135623730952,0.0,0.7071067811865476,10,1.0
pg7_7,59,10,0.24142135623730948,0.0,0.7071067811865476,0.24142135623730948,0.0,0.7071067811865476,10,1.0
pg7_7,60,10,0.2825140769936442,0.0,1.118033988749895,0.2825140769936442,0.0,1.118033988749895,10,1.0
pg7_7,61,10,0.27071067811865474,0.0,1.0,0.27071067811865474,0.0,1.0,10,1.0
pg7_7,62,10,0.29142135623730947,0.25,0.7071067811865476,0.29142135623730947,0.25,0.7071067811865476,10,1.0
pg7_7,63,10,0.3414213562373095,0.25,1.0,0.3414213562373095,0.25,1.0,10,1.0
pg7_7,64,10,0.27071067811865474,0.25,0.7071067811865476,0.27071067811865474,0.25,0.7071067811865476,10,1.0
pg7_7,65,10,0.2618033988749895,0.0,1.118033988749895,0.2618033988749895,0.0,1.118033988749895,10,1.0
pg7_7,66,10,0.353224755112299,0.25,1.118033988749895,0.353224755112299,0.25,1.118033988749895,10,1.0
pg7_7,67,10,0.3207106781186547,0.0,1.5,0.3207106781186547,0.0,1.5,10,1.0
pg7_7,68,10,0.3207106781186547,0.0,1.0,0.3207106781186547,0.0,1.0,10,1.0
pg7_7,69,10,0.3207106781186547,0.0,1.0,0.3207106781186547,0.0,1.0,10,1.0
pg7_7,70,10,0.3788245611270737,0.0,1.5811388300841898,0.3788245611270737,0.0,1.5811388300841898,10,1.0
pg7_7,71,10,0.37360679774997896,0.25,1.118033988749895,0.37360679774997896,0.25,1.118033988749895,10,1.0
pg7_7,72,10,0.3914213562373095,0.25,1.4142135623730951,0.3914213562373095,0.25,1.4142135623730951,10,1.0
pg7_7,73,10,0.38251407699364426,0.25,1.118033988749895,0.38251407699364426,0.25,1.118033988749895,10,1.0
pg7_7,74,10,0.39431747586863375,0.0,1.118033988749895,0.39431747586863375,0.0,1.118033988749895,10,1.0
pg7_7,75,10,0.37882456112707374,0.0,1.5811388300841898,0.37882456112707374,0.0,1.5811388300841898,10,1.0
pg7_7,76,10,0.3788245611270737,0.0,1.5811388300841898,0.3788245611270737,0.0,1.5811388300841898,10,1.0
pg7_7,77,10,0.4,0.25,1.0,0.4,0.25,1.0,10,1.0
pg7_7,78,10,0.431720680758398,0.0,1.5811388300841898,0.431720680758398,0.0,1.5811388300841898,10,1.0
pg7_7,79,10,0.4,0.25,1.5,0.4,0.25,1.5,10,1.0
pg7_7,80,10,0.423606797749979,0.0,1.118033988749895,0.423606797749979,0.0,1.118033988749895,10,1.0
pg7_7,81,10,0.37360679774997896,0.0,1.5,0.37360679774997896,0.0,1.5,10,1.0
pg7_7,82,10,0.473606797749979,0.0,1.5,0.473606797749979,0.0,1.5,10,1.0
pg7_7,83,10,0.37360679774997896,0.0,1.118033988749895,0.37360679774997896,0.0,1.118033988749895,10,1.0
pg7_7,84,10,0.5199172818834085,0.25,1.5811388300841898,0.5199172818834085,0.25,1.5811388300841898,10,1.0
pg7_7,85,10,0.581720680758398,0.5,1.5811388300841898,0.581720680758398,0.5,1.5811388300841898,10,1.0
pg7_7,86,10,0.3118033988749895,0.0,1.118033988749895,0.3118033988749895,0.0,1.118033988749895,10,1.0
pg7_7,87,10,0.4618033988749895,0.25,1.5,0.4618033988749895,0.25,1.5,10,1.0
pg7_7,88,10,0.4854101966249685,0.0,1.5,0.4854101966249685,0.0,1.5,10,1.0
pg7_7,89,10,0.3414213562373095,0.0,1.4142135623730951,0.3414213562373095,0.0,1.4142135623730951,10,1.0
pg7_7,90,10,0.48172068075839797,0.0,1.5811388300841898,0.48172068075839797,0.0,1.5811388300841898,10,1.0
pg7_7,91,10,0.531720680758398,0.0,1.5811388300841898,0.531720680758398,0.0,1.5811388300841898,10,1.0
pg7_7,92,10,0.36180339887498947,0.0,1.118033988749895,0.36180339887498947,0.0,1.118033988749895,10,1.0
pg7_7,93,10,0.5935240796333875,0.5,1.5811388300841898,0.5935240796333875,0.5,1.5811388300841898,10,1.0
pg7_7,94,10,0.4325140769936443,0.25,1.5,0.4325140769936443,0.25,1.5,10,1.0
pg7_7,95,10,0.6740554083983195,0.0,3.0413812651491097,0.6740554083983195,0.0,3.0413812651491097,10,1.0
pg7_7,96,10,0.4886693582745273,0.0,2.0615528128088303,0.4886693582745273,0.0,2.0615528128088303,10,1.0
pg7_7,97,10,0.6679586801558726,0.25,2.0615528128088303,0.6679586801558726,0.25,2.0615528128088303,10,1.0
pg7_8,2,10,4.095208404559505,4.2121341295694865,6.18465843842649,4.095208404559505,4.2121341295694865,6.18465843842649,10,1.0
pg7_8,3,10,0.5653567894682633,0.0,3.5355339059327378,0.5653567894682633,0.0,3.5355339059327378,10,1.0
pg7_8,4,10,0.05,0.0,0.5,0.05,0.0,0.5,10,1.0
pg7_8,5,10,0.05,0.0,0.5,0.05,0.0,0.5,10,1.0
pg7_8,6,10,0.1,0.0,0.5,0.1,0.0,0.5,10,1.0
pg7_8,7,10,0.1,0.0,0.5,0.1,0.0,0.5,10,1.0
pg7_8,8,10,0.05,0.0,0.5,0.05,0.0,0.5,10,1.0
pg7_8,9,10,0.0,0.0,0.0,0.0,0.0,0.0,10,1.0
pg7_8,10,10,0.15,0.0,0.5,0.15,0.0,0.5,10,1.0
pg7_8,11,10,0.05,0.0,0.5,0.05,0.0,0.5,10,1.0
pg7_8,12,10,0.05,0.0,0.5,0.05,0.0,0.5,10,1.0
pg7_8,13,10,0.0,0.0,0.0,0.0,0.0,0.0,10,1.0
pg7_8,14,10,0.1118033988749895,0.0,1.118033988749895,0.1118033988749895,0.0,1.118033988749895,10,1.0
pg7_8,15,10,0.0,0.0,0.0,0.0,0.0,0.0,10,1.0
pg7_8,16,10,0.05,0.0,0.5,0.05,0.0,0.5,10,1.0
pg7_8,17,10,0.208113883008419,0.0,1.5811388300841898,0.208113883008419,0.0,1.5811388300841898,10,1.0
pg7_8,18,10,0.12071067811865474,0.0,0.7071067811865476,0.12071067811865474,0.0,0.7071067811865476,10,1.0
pg7_8,19,10,0.07071067811865475,0.0,0.7071067811865476,0.07071067811865475,0.0,0.7071067811865476,10,1.0
pg7_8,20,10,0.1,0.0,0.5,0.1,0.0,0.5,10,1.0
pg7_8,21,10,0.0,0.0,0.0,0.0,0.0,0.0,10,1.0
pg7_8,22,10,0.15,0.0,0.5,0.15,0.0,0.5,10,1.0
pg7_8,23,10,0.1,0.0,0.5,0.1,0.0,0.5,10,1.0
pg7_8,24,10,0.3207106781186547,0.0,2.0,0.3207106781186547,0.0,2.0,10,1.0
pg7_8,25,10,0.5322882462276066,0.0,3.2015621187164243,0.5322882462276066,0.0,3.2015621187164243,10,1.0
pg7_8,26,10,0.1,0.0,0.5,0.1,0.0,0.5,10,1.0
pg7_8,27,10,0.2549509756796392,0.0,2.5495097567963922,0.2549509756796392,0.0,2.5495097567963922,10,1.0
pg7_8,28,10,0.4354101966249685,0.0,3.3541019662496847,0.4354101966249685,0.0,3.3541019662496847,10,1.0
pg7_8,29,10,0.1,0.0,0.5,0.1,0.0,0.5,10,1.0
pg7_8,30,10,0.1,0.0,0.5,0.1,0.0,0.5,10,1.0
pg7_8,31,10,0.23027756377319947,0.0,1.8027756377319946,0.23027756377319947,0.0,1.8027756377319946,10,1.0
pg7_8,32,10,0.2,0.0,0.5,0.2,0.0,0.5,10,1.0
pg7_8,33,10,0.15,0.0,0.5,0.15,0.0,0.5,10,1.0
pg7_8,34,10,0.1,0.0,0.5,0.1,0.0,0.5,10,1.0
pg7_8,35,10,0.17071067811865476,0.0,0.7071067811865476,0.17071067811865476,0.0,0.7071067811865476,10,1.0
pg7_8,36,10,0.24142135623730948,0.0,1.4142135623730951,0.24142135623730948,0.0,1.4142135623730951,10,1.0
pg7_8,37,10,0.3325140769936442,0.25,1.118033988749895,0.3325140769936442,0.25,1.118033988749895,10,1.0
pg7_8,38,10,0.24142135623730948,0.0,1.4142135623730951,0.24142135623730948,0.0,1.4142135623730951,10,1.0
pg7_8,39,10,0.46055512754639893,0.0,3.605551275463989,0.46055512754639893,0.0,3.605551275463989,10,1.0
pg7_8,40,10,0.3906279600020632,0.0,1.5811388300841898,0.3906279600020632,0.0,1.5811388300841898,10,1.0
pg7_8,41,10,0.4699172818834085,0.5,1.5811388300841898,0.4699172818834085,0.5,1.5811388300841898,10,1.0
pg7_8,42,10,0.4239354332309538,0.25,1.4142135623730951,0.4239354332309538,0.25,1.4142135623730951,10,1.0
pg7_8,43,10,0.4699172818834085,0.5,1.5811388300841898,0.4699172818834085,0.5,1.5811388300841898,10,1.0
pg7_8,44,10,1.1765545794044863,0.25,7.566372975210778,1.1765545794044863,0.25,7.566372975210778,10,1.0
pg7_8,45,10,0.4995352392457285,0.25,1.5811388300841898,0.4995352392457285,0.25,1.5811388300841898,10,1.0
pg7_8,46,10,0.5024313588770527,0.25,1.5811388300841898,0.5024313588770527,0.25,1.5811388300841898,10,1.0
pg7_8,47,10,0.5319596107466319,0.0,3.2015621187164243,0.5319596107466319,0.0,3.2015621187164243,10,1.0
pg7_8,48,10,0.5949747468305833,0.5,2.1213203435596424,0.5949747468305833,0.5,2.1213203435596424,10,1.0
pg7_8,49,10,1.6986571139301532,0.5,11.543396380615196,1.6986571139301532,0.5,11.543396380615196,10,1.0
pg7_8,50,10,0.553224755112299,0.6035533905932737,1.118033988749895,0.553224755112299,0.6035533905932737,1.118033988749895,10,1.0
pg7_8,51,10,0.37071067811865477,0.5,0.7071067811865476,0.37071067811865477,0.5,0.7071067811865476,10,1.0
pg7_8,52,10,0.758113883008419,0.5,2.5,0.758113883008419,0.5,2.5,10,1.0
pg7_8,53,10,1.0740451483622357,0.5,5.5901699437494745,1.0740451483622357,0.5,5.5901699437494745,10,1.0
pg7_8,54,10,0.8631109554710875,0.9125703849682212,2.692582403567252,0.8631109554710875,0.9125703849682212,2.692582403567252,10,1.0
pg7_8,55,10,1.8631808282055704,0.6035533905932737,12.589678312014172,1.8631808282055704,0.6035533905932737,12.589678312014172,10,1.0
pg7_8,56,10,0.697213595499958,0.75,2.23606797749979,0.697213595499958,0.75,2.23606797749979,10,1.0
pg7_8,57,10,0.9163450313601175,1.266123775561495,1.8027756377319946,0.9163450313601175,1.266123775561495,1.8027756377319946,10,1.0
pg7_8,58,10,0.6820493162393728,0.6035533905932737,1.5811388300841898,0.6820493162393728,0.6035533905932737,1.5811388300841898,10,1.0
pg7_8,59,10,0.7416162018939174,0.75,1.8027756377319946,0.7416162018939174,0.75,1.8027756377319946,10,1.0
pg7_8,60,10,0.7631202762478184,0.6035533905932737,1.8027756377319946,0.7631202762478184,0.6035533905932737,1.8027756377319946,10,1.0
pg7_8,61,10,0.8527599943580275,1.0590169943749475,2.0,0.8527599943580275,1.0590169943749475,2.0,10,1.0
pg7_8,62,10,0.8755832815336874,1.0590169943749475,1.8027756377319946,0.8755832815336874,1.0590169943749475,1.8027756377319946,10,1.0
pg7_8,63,10,0.9153567894682633,1.0,2.1213203435596424,0.9153567894682633,1.0,2.1213203435596424,10,1.0
pg7_8,64,10,0.9171308773833665,1.118033988749895,2.23606797749979,0.9171308773833665,1.118033988749895,2.23606797749979,10,1.0
pg7_8,65,10,1.0778197947541321,1.0590169943749475,2.23606797749979,1.0778197947541321,1.0590169943749475,2.23606797749979,10,1.0
pg7_8,66,10,2.001513972095948,0.6035533905932737,12.010412149464313,2.001513972095948,0.6035533905932737,12.010412149464313,10,1.0
pg7_8,67,10,1.0764017635294625,1.0,2.692582403567252,1.0764017635294625,1.0,2.692582403567252,10,1.0
pg7_8,68,10,1.0566280384303999,0.8535533905932737,2.23606797749979,1.0566280384303999,0.8535533905932737,2.23606797749979,10,1.0
pg7_8,69,10,1.0745950396418333,0.6035533905932737,2.5,1.0745950396418333,0.6035533905932737,2.5,10,1.0
pg7_8,70,10,1.122383047297721,1.040569415042095,2.5,1.122383047297721,1.040569415042095,2.5,10,1.0
pg7_8,71,10,1.0256616537982939,0.6035533905932737,2.5495097567963922,1.0256616537982939,0.6035533905932737,2.5495097567963922,10,1.0
pg7_8,72,10,0.8768659593995378,0.8535533905932737,2.0615528128088303,0.8768659593995378,0.8535533905932737,2.0615528128088303,10,1.0
pg7_8,73,10,1.1172615382414053,0.5,2.5495097567963922,1.1172615382414053,0.5,2.5495097567963922,10,1.0
pg7_8,74,10,1.155423732829156,1.118033988749895,2.5495097567963922,1.155423732829156,1.118033988749895,2.5495097567963922,10,1.0
pg7_8,75,10,1.0297620790308621,0.75,2.5,1.0297620790308621,0.75,2.5,10,1.0
pg7_8,76,10,1.0741139614367554,0.8090169943749475,2.0615528128088303,1.0741139614367554,0.8090169943749475,2.0615528128088303,10,1.0
pg7_8,77,10,1.2081757307919383,0.9125703849682212,2.5495097567963922,1.2081757307919383,0.9125703849682212,2.5495097567963922,10,1.0
pg7_8,78,10,0.8241139614367556,0.5,2.0615528128088303,0.8241139614367556,0.5,2.0615528128088303,10,1.0
pg7_8,79,10,2.712822130714107,1.25,14.916433890176299,2.712822130714107,1.25,14.916433890176299,10,1.0
pg7_8,80,10,1.5412202935423966,1.290569415042095,5.024937810560445,1.5412202935423966,1.290569415042095,5.024937810560445,10,1.0
pg7_8,81,10,1.2076115867505597,1.0,3.1622776601683795,1.2076115867505597,1.0,3.1622776601683795,10,1.0
pg7_8,82,10,1.5664486890766771,1.75,4.0,1.5664486890766771,1.75,4.0,10,1.0
pg7_8,83,10,1.465687760398168,1.6513878188659974,3.0,1.465687760398168,1.6513878188659974,3.0,10,1.0
pg7_8,84,10,1.5849798424079569,1.540569415042095,4.0,1.5849798424079569,1.540569415042095,4.0,10,1.0
pg7_8,85,10,1.4890809717147384,1.6919572339080922,4.031128874149275,1.4890809717147384,1.6919572339080922,4.031128874149275,10,1.0
pg7_8,86,10,1.4411607036884893,1.540569415042095,4.527692569068709,1.4411607036884893,1.540569415042095,4.527692569068709,10,1.0
pg7_8,87,10,1.1365746312736946,0.6035533905932737,3.5355339059327378,1.1365746312736946,0.6035533905932737,3.5355339059327378,10,1.0
pg7_8,88,10,1.3838852519379952,1.3495864094170424,3.3541019662496847,1.3838852519379952,1.3495864094170424,3.3541019662496847,10,1.0
pg7_8,89,10,1.668455522237334,1.6919572339080922,5.385164807134504,1.668455522237334,1.6919572339080922,5.385164807134504,10,1.0
pg7_8,90,10,1.0475766375181927,0.7071067811865476,2.5,1.0475766375181927,0.7071067811865476,2.5,10,1.0
pg7_8,91,10,1.819452521129137,1.4976761962286425,8.0,1.819452521129137,1.4976761962286425,8.0,10,1.0
pg7_8,92,10,2.0279215611114627,1.5811388300841898,9.055385138137417,2.0279215611114627,1.5811388300841898,9.055385138137417,10,1.0
pg7_8,93,10,1.7228353783457344,1.7807764064044151,4.949747468305833,1.7228353783457344,1.7807764064044151,4.949747468305833,10,1.0
pg7_8,94,10,1.7901449042019706,1.6084946000525449,7.0710678118654755,1.7901449042019706,1.6084946000525449,7.0710678118654755,10,1.0
pg7_8,95,10,1.4981021835227164,1.266123775561495,4.6097722286464435,1.4981021835227164,1.266123775561495,4.6097722286464435,10,1.0
pg7_8,96,10,1.09110071715158,1.266123775561495,2.23606797749979,1.09110071715158,1.266123775561495,2.23606797749979,10,1.0
pg7_8,97,10,0.9290194067836817,1.0590169943749475,1.8027756377319946,0.9290194067836817,1.0590169943749475,1.8027756377319946,10,1.0
pg7_9,2,10,2.0272020222895426,2.1488103951543103,3.905124837953327,2.0272020222895426,2.1488103951543103,3.905124837953327,10,1.0
pg7_9,3,10,0.2,0.0,0.5,0.2,0.0,0.5,10,1.0
pg7_9,4,10,0.15,0.0,0.5,0.15,0.0,0.5,10,1.0
pg7_9,5,10,0.1,0.0,0.5,0.1,0.0,0.5,10,1.0
pg7_9,6,10,0.12071067811865474,0.0,0.7071067811865476,0.12071067811865474,0.0,0.7071067811865476,10,1.0
pg7_9,7,10,0.2,0.0,0.5,0.2,0.0,0.5,10,1.0
pg7_9,8,10,0.17071067811865476,0.0,0.7071067811865476,0.17071067811865476,0.0,0.7071067811865476,10,1.0
pg7_9,9,10,0.1,0.0,0.5,0.1,0.0,0.5,10,1.0
pg7_9,10,10,0.1,0.0,0.5,0.1,0.0,0.5,10,1.0
pg7_9,11,10,0.0,0.0,0.0,0.0,0.0,0.0,10,1.0
pg7_9,12,10,0.05,0.0,0.5,0.05,0.0,0.5,10,1.0
pg7_9,13,10,0.0,0.0,0.0,0.0,0.0,0.0,10,1.0
pg7_9,14,10,0.0,0.0,0.0,0.0,0.0,0.0,10,1.0
pg7_9,15,10,0.12071067811865474,0.0,0.7071067811865476,0.12071067811865474,0.0,0.7071067811865476,10,1.0
pg7_9,16,10,0.0,0.0,0.0,0.0,0.0,0.0,10,1.0
pg7_9,17,10,0.05,0.0,0.5,0.05,0.0,0.5,10,1.0
pg7_9,18,10,0.1118033988749895,0.0,1.118033988749895,0.1118033988749895,0.0,1.118033988749895,10,1.0
pg7_9,19,10,0.05,0.0,0.5,0.05,0.0,0.5,10,1.0
pg7_9,20,10,0.1,0.0,0.5,0.1,0.0,0.5,10,1.0
pg7_9,21,10,0.0,0.0,0.0,0.0,0.0,0.0,10,1.0
pg7_9,22,10,0.15,0.0,1.0,0.15,0.0,1.0,10,1.0
pg7_9,23,10,0.208113883008419,0.0,1.5811388300841898,0.208113883008419,0.0,1.5811388300841898,10,1.0
pg7_9,24,10,0.30495097567963925,0.0,2.5495097567963922,0.30495097567963925,0.0,2.5495097567963922,10,1.0
pg7_9,25,10,0.05,0.0,0.5,0.05,0.0,0.5,10,1.0
pg7_9,26,10,0.12071067811865474,0.0,0.7071067811865476,0.12071067811865474,0.0,0.7071067811865476,10,1.0
pg7_9,27,10,0.05,0.0,0.5,0.05,0.0,0.5,10,1.0
pg7_9,28,10,0.35495097567963924,0.0,2.5495097567963922,0.35495097567963924,0.0,2.5495097567963922,10,1.0
pg7_9,29,10,0.40311288741492746,0.0,4.031128874149275,0.40311288741492746,0.0,4.031128874149275,10,1.0
pg7_9,30,10,0.2118033988749895,0.0,1.118033988749895,0.2118033988749895,0.0,1.118033988749895,10,1.0
pg7_9,31,10,0.27071067811865474,0.25,0.7071067811865476,0.27071067811865474,0.25,0.7071067811865476,10,1.0
pg7_9,32,10,0.29142135623730947,0.0,1.0,0.29142135623730947,0.0,1.0,10,1.0
pg7_9,33,10,0.2825140769936442,0.0,1.118033988749895,0.2825140769936442,0.0,1.118033988749895,10,1.0
pg7_9,34,10,0.35,0.25,1.5,0.35,0.25,1.5,10,1.0
pg7_9,35,10,0.22071067811865475,0.0,1.0,0.22071067811865475,0.0,1.0,10,1.0
pg7_9,36,10,0.25,0.25,0.5,0.25,0.25,0.5,10,1.0
pg7_9,37,10,0.3414213562373095,0.25,1.4142135623730951,0.3414213562373095,0.25,1.4142135623730951,10,1.0
pg7_9,38,10,0.2,0.0,0.5,0.2,0.0,0.5,10,1.0
pg7_9,39,10,0.17071067811865476,0.0,0.7071067811865476,0.17071067811865476,0.0,0.7071067811865476,10,1.0
pg7_9,40,10,0.3,0.5,0.5,0.3,0.5,0.5,10,1.0
pg7_9,41,10,0.24142135623730948,0.0,0.7071067811865476,0.24142135623730948,0.0,0.7071067811865476,10,1.0
pg7_9,42,10,0.5179586801558725,0.5,2.0615528128088303,0.5179586801558725,0.5,2.0615528128088303,10,1.0
pg7_9,43,10,0.12071067811865474,0.0,0.7071067811865476,0.12071067811865474,0.0,0.7071067811865476,10,1.0
pg7_9,44,10,0.3414213562373095,0.5,0.7071067811865476,0.3414213562373095,0.5,0.7071067811865476,10,1.0
pg7_9,45,10,0.15,0.0,0.5,0.15,0.0,0.5,10,1.0
pg7_9,46,10,0.15,0.0,0.5,0.15,0.0,0.5,10,1.0
pg7_9,47,10,0.3802775637731995,0.25,1.8027756377319946,0.3802775637731995,0.25,1.8027756377319946,10,1.0
pg7_9,48,10,0.3,0.25,1.0,0.3,0.25,1.0,10,1.0
pg7_9,49,10,0.25,0.0,1.0,0.25,0.0,1.0,10,1.0
pg7_9,50,10,0.15,0.0,1.0,0.15,0.0,1.0,10,1.0
pg7_9,51,10,0.35,0.5,0.5,0.35,0.5,0.5,10,1.0
pg7_9,52,10,0.25,0.0,1.0,0.25,0.0,1.0,10,1.0
pg7_9,53,10,0.3199172818834085,0.0,1.5811388300841898,0.3199172818834085,0.0,1.5811388300841898,10,1.0
pg7_9,54,10,0.23251407699364424,0.0,1.118033988749895,0.23251407699364424,0.0,1.118033988749895,10,1.0
pg7_9,55,10,0.403224755112299,0.25,1.118033988749895,0.403224755112299,0.25,1.118033988749895,10,1.0
pg7_9,56,10,0.36180339887498947,0.25,1.118033988749895,0.36180339887498947,0.25,1.118033988749895,10,1.0
pg7_9,57,10,0.4650281539872885,0.5,1.118033988749895,0.4650281539872885,0.5,1.118033988749895,10,1.0
pg7_9,58,10,0.4239354332309537,0.5,1.118033988749895,0.4239354332309537,0.5,1.118033988749895,10,1.0
pg7_9,59,10,0.35,0.5,0.5,0.35,0.5,0.5,10,1.0
pg7_9,60,10,0.5121320343559643,0.5,1.0,0.5121320343559643,0.5,1.0,10,1.0
pg7_9,61,10,0.38251407699364426,0.5,1.118033988749895,0.38251407699364426,0.5,1.118033988749895,10,1.0
pg7_9,62,10,0.4325140769936443,0.5,1.118033988749895,0.4325140769936443,0.5,1.118033988749895,10,1.0
pg7_9,63,10,0.4121320343559642,0.5,0.7071067811865476,0.4121320343559642,0.5,0.7071067811865476,10,1.0
pg7_9,64,10,0.4118033988749895,0.5,1.118033988749895,0.4118033988749895,0.5,1.118033988749895,10,1.0
pg7_9,65,10,0.7427260035641823,0.25,5.220153254455275,0.7427260035641823,0.25,5.220153254455275,10,1.0
pg7_9,66,10,0.8450523271439117,0.5,4.743416490252569,0.8450523271439117,0.5,4.743416490252569,10,1.0
pg7_9,67,10,0.7121320343559644,0.5,4.0,0.7121320343559644,0.5,4.0,10,1.0
pg7_9,68,10,0.5816879009832991,0.0,4.6097722286464435,0.5816879009832991,0.0,4.6097722286464435,10,1.0
pg7_9,69,10,0.6239354332309537,0.7071067811865476,1.118033988749895,0.6239354332309537,0.7071067811865476,1.118033988749895,10,1.0
pg7_9,70,10,1.0192582403567252,0.5,4.5,1.0192582403567252,0.5,4.5,10,1.0
pg7_9,71,10,1.121488158872028,0.5,6.946221994724902,1.121488158872028,0.5,6.946221994724902,10,1.0
pg7_9,72,10,0.3975766375181925,0.0,2.0615528128088303,0.3975766375181925,0.0,2.0615528128088303,10,1.0
pg7_9,73,10,0.4121320343559642,0.5,0.7071067811865476,0.4121320343559642,0.5,0.7071067811865476,10,1.0
pg7_9,74,10,0.31213203435596426,0.25,0.7071067811865476,0.31213203435596426,0.25,0.7071067811865476,10,1.0
pg7_9,75,10,0.4621320343559643,0.5,0.7071067811865476,0.4621320343559643,0.5,0.7071067811865476,10,1.0
pg7_9,76,10,0.3414213562373095,0.5,0.7071067811865476,0.3414213562373095,0.5,0.7071067811865476,10,1.0
pg7_9,77,10,0.3414213562373095,0.5,0.7071067811865476,0.3414213562373095,0.5,0.7071067811865476,10,1.0
pg7_9,78,10,0.5828427124746189,0.6035533905932737,1.0,0.5828427124746189,0.6035533905932737,1.0,10,1.0
pg7_9,79,10,0.2,0.0,0.5,0.2,0.0,0.5,10,1.0
pg7_9,80,10,0.5239354332309538,0.5,1.4142135623730951,0.5239354332309538,0.5,1.4142135623730951,10,1.0
pg7_9,81,10,0.25,0.25,0.5,0.25,0.25,0.5,10,1.0
pg7_9,82,10,0.5621320343559643,0.5,1.0,0.5621320343559643,0.5,1.0,10,1.0
pg7_9,83,10,0.7061208747436233,0.5,2.23606797749979,0.7061208747436233,0.5,2.23606797749979,10,1.0
pg7_9,84,10,0.23251407699364424,0.0,1.118033988749895,0.23251407699364424,0.0,1.118033988749895,10,1.0
pg7_9,85,10,0.3207106781186547,0.5,0.7071067811865476,0.3207106781186547,0.5,0.7071067811865476,10,1.0
pg7_9,86,10,1.0140522748762293,0.5,6.519202405202649,1.0140522748762293,0.5,6.519202405202649,10,1.0
pg7_9,87,10,0.4618033988749895,0.5,1.118033988749895,0.4618033988749895,0.5,1.118033988749895,10,1.0
pg7_9,88,10,0.9621320343559644,0.5,6.5,0.9621320343559644,0.5,6.5,10,1.0
pg7_9,89,10,0.7816879009832991,0.5,4.6097722286464435,0.7816879009832991,0.5,4.6097722286464435,10,1.0
pg7_9,90,10,0.4207106781186548,0.5,1.0,0.4207106781186548,0.5,1.0,10,1.0
pg7_9,91,10,0.4325140769936443,0.5,1.118033988749895,0.4325140769936443,0.5,1.118033988749895,10,1.0
pg7_9,92,10,0.4207106781186548,0.5,0.7071067811865476,0.4207106781186548,0.5,0.7071067811865476,10,1.0
pg7_9,93,10,0.4207106781186548,0.5,0.7071067811865476,0.4207106781186548,0.5,0.7071067811865476,10,1.0
pg7_9,94,10,0.4443174758686338,0.5,1.118033988749895,0.4443174758686338,0.5,1.118033988749895,10,1.0
pg7_9,95,10,0.5325140769936443,0.5,1.118033988749895,0.5325140769936443,0.5,1.118033988749895,10,1.0
pg7_9,96,10,0.37393543323095374,0.25,1.118033988749895,0.37393543323095374,0.25,1.118033988749895,10,1.0
pg7_9,97,10,0.695305717760488,0.6035533905932737,1.8027756377319946,0.695305717760488,0.6035533905932737,1.8027756377319946,10,1.0
pg8_1,2,12,0.3236595389846821,0.0,1.8027756377319946,0.3236595389846821,0.0,1.8027756377319946,12,1.0
pg8_1,3,12,0.125,0.0,0.5,0.125,0.0,0.5,12,1.0
pg8_1,4,12,0.22559223176554563,0.0,1.0,0.22559223176554563,0.0,1.0,12,1.0
pg8_1,5,12,0.22559223176554563,0.0,1.0,0.22559223176554563,0.0,1.0,12,1.0
pg8_1,6,12,0.041666666666666664,0.0,0.5,0.041666666666666664,0.0,0.5,12,1.0
pg8_1,7,12,0.20833333333333334,0.0,1.0,0.20833333333333334,0.0,1.0,12,1.0
pg8_1,8,12,0.16666666666666666,0.0,0.5,0.16666666666666666,0.0,0.5,12,1.0
pg8_1,9,12,0.16666666666666666,0.0,0.5,0.16666666666666666,0.0,0.5,12,1.0
pg8_1,10,12,0.125,0.0,0.5,0.125,0.0,0.5,12,1.0
pg8_1,11,12,0.16666666666666666,0.0,0.5,0.16666666666666666,0.0,0.5,12,1.0
pg8_1,12,12,0.041666666666666664,0.0,0.5,0.041666666666666664,0.0,0.5,12,1.0
pg8_1,13,12,0.08333333333333333,0.0,0.5,0.08333333333333333,0.0,0.5,12,1.0
pg8_1,14,12,0.125,0.0,0.5,0.125,0.0,0.5,12,1.0
pg8_1,15,12,0.125,0.0,0.5,0.125,0.0,0.5,12,1.0
pg8_1,16,12,0.20833333333333334,0.0,0.5,0.20833333333333334,0.0,0.5,12,1.0
pg8_1,17,12,0.17650283239582457,0.0,1.118033988749895,0.17650283239582457,0.0,1.118033988749895,12,1.0
pg8_1,18,12,0.041666666666666664,0.0,0.5,0.041666666666666664,0.0,0.5,12,1.0
pg8_1,19,12,0.16666666666666666,0.0,0.5,0.16666666666666666,0.0,0.5,12,1.0
pg8_1,20,12,0.1595177968644246,0.0,0.7071067811865476,0.1595177968644246,0.0,0.7071067811865476,12,1.0
pg8_1,21,12,0.125,0.0,0.5,0.125,0.0,0.5,12,1.0
pg8_1,22,12,0.16666666666666666,0.0,0.5,0.16666666666666666,0.0,0.5,12,1.0
pg8_1,23,12,0.08333333333333333,0.0,0.5,0.08333333333333333,0.0,0.5,12,1.0
pg8_1,24,12,0.08333333333333333,0.0,0.5,0.08333333333333333,0.0,0.5,12,1.0
pg8_1,25,12,0.08333333333333333,0.0,0.5,0.08333333333333333,0.0,0.5,12,1.0
pg8_1,26,12,0.125,0.0,1.0,0.125,0.0,1.0,12,1.0
pg8_1,27,12,0.0,0.0,0.0,0.0,0.0,0.0,12,1.0
pg8_1,28,12,0.10059223176554562,0.0,0.7071067811865476,0.10059223176554562,0.0,0.7071067811865476,12,1.0
pg8_1,29,12,0.16666666666666666,0.0,1.0,0.16666666666666666,0.0,1.0,12,1.0
pg8_1,30,12,0.16666666666666666,0.0,0.5,0.16666666666666666,0.0,0.5,12,1.0
pg8_1,31,12,0.2770950641613702,0.0,1.118033988749895,0.2770950641613702,0.0,1.118033988749895,12,1.0
pg8_1,32,12,0.08333333333333333,0.0,0.5,0.08333333333333333,0.0,0.5,12,1.0
pg8_1,33,12,0.16666666666666666,0.0,0.5,0.16666666666666666,0.0,0.5,12,1.0
pg8_1,34,12,0.3015028323958246,0.25,1.118033988749895,0.3015028323958246,0.25,1.118033988749895,12,1.0
pg8_1,35,12,0.18392556509887895,0.0,0.7071067811865476,0.18392556509887895,0.0,0.7071067811865476,12,1.0
pg8_1,36,12,0.23542839749470354,0.0,1.118033988749895,0.23542839749470354,0.0,1.118033988749895,12,1.0
pg8_1,37,12,0.3431694990624912,0.25,1.118033988749895,0.3431694990624912,0.25,1.118033988749895,12,1.0
pg8_1,38,12,0.2672588984322123,0.0,1.0,0.2672588984322123,0.0,1.0,12,1.0
pg8_1,39,12,0.2601100286299702,0.0,1.4142135623730951,0.2601100286299702,0.0,1.4142135623730951,12,1.0
pg8_1,40,12,0.36042839749470357,0.0,2.0,0.36042839749470357,0.0,2.0,12,1.0
pg8_1,41,12,0.3930824333420908,0.0,1.8027756377319946,0.3930824333420908,0.0,1.8027756377319946,12,1.0
pg8_1,42,12,0.3431694990624912,0.0,1.5,0.3431694990624912,0.0,1.5,12,1.0
pg8_1,43,12,0.40236892706218247,0.25,2.1213203435596424,0.40236892706218247,0.25,2.1213203435596424,12,1.0
pg8_1,44,12,0.4659184374168943,0.25,1.8027756377319946,0.4659184374168943,0.25,1.8027756377319946,12,1.0
pg8_1,45,12,0.6038291997015277,0.5,2.23606797749979,0.6038291997015277,0.5,2.23606797749979,12,1.0
pg8_1,46,12,0.3573538009392281,0.0,1.5811388300841898,0.3573538009392281,0.0,1.5811388300841898,12,1.0
pg8_1,47,12,0.8272716696368185,0.5,5.220153254455275,0.8272716696368185,0.5,5.220153254455275,12,1.0
pg8_1,48,12,0.5026872959269159,0.5,1.118033988749895,0.5026872959269159,0.5,1.118033988749895,12,1.0
pg8_1,49,12,0.433925565098879,0.5,1.5,0.433925565098879,0.5,1.5,12,1.0
pg8_1,50,12,0.433925565098879,0.5,1.0,0.433925565098879,0.5,1.0,12,1.0
pg8_1,51,12,0.46102062926024917,0.25,1.5,0.46102062926024917,0.25,1.5,12,1.0
pg8_1,52,12,0.4265028323958246,0.25,1.118033988749895,0.4265028323958246,0.25,1.118033988749895,12,1.0
pg8_1,53,12,0.5624363959356733,0.5,1.8027756377319946,0.5624363959356733,0.5,1.8027756377319946,12,1.0
pg8_1,54,12,0.5223596273852317,0.25,3.3541019662496847,0.5223596273852317,0.25,3.3541019662496847,12,1.0
pg8_1,55,12,0.35327952769246146,0.25,1.118033988749895,0.35327952769246146,0.25,1.118033988749895,12,1.0
pg8_1,56,12,0.6276872959269159,0.5,3.0,0.6276872959269159,0.5,3.0,12,1.0
pg8_1,57,12,0.4857022603955159,0.5,1.0,0.4857022603955159,0.5,1.0,12,1.0
pg8_1,58,12,0.5008235349098785,0.5,1.8027756377319946,0.5008235349098785,0.5,1.8027756377319946,12,1.0
pg8_1,59,12,0.3817615691736825,0.5,1.5811388300841898,0.3817615691736825,0.5,1.5811388300841898,12,1.0
pg8_1,60,12,0.41935396259358254,0.5,1.118033988749895,0.41935396259358254,0.5,1.118033988749895,12,1.0
pg8_1,61,12,0.6344488651005984,0.6035533905932737,1.5811388300841898,0.6344488651005984,0.6035533905932737,1.5811388300841898,12,1.0
pg8_1,62,12,0.6220877748250312,0.5,1.8027756377319946,0.6220877748250312,0.5,1.8027756377319946,12,1.0
pg8_1,63,12,0.5667422620931973,0.5,2.0615528128088303,0.5667422620931973,0.5,2.0615528128088303,12,1.0
pg8_1,64,12,0.7992517707502277,0.6035533905932737,2.5,0.7992517707502277,0.6035533905932737,2.5,12,1.0
pg8_1,65,12,0.5939930339723698,0.6035533905932737,1.8027756377319946,0.5939930339723698,0.6035533905932737,1.8027756377319946,12,1.0
pg8_1,66,12,0.920277476809599,0.75,3.0413812651491097,0.920277476809599,0.75,3.0413812651491097,12,1.0
pg8_1,67,12,0.7736331669773352,0.8535533905932737,1.5811388300841898,0.7736331669773352,0.8535533905932737,1.5811388300841898,12,1.0
pg8_1,68,12,0.8982118344094934,0.75,2.0615528128088303,0.8982118344094934,0.75,2.0615528128088303,12,1.0
pg8_1,69,12,0.6642598973032675,0.6035533905932737,2.0615528128088303,0.6642598973032675,0.6035533905932737,2.0615528128088303,12,1.0
pg8_1,70,12,0.8413952211140808,0.8535533905932737,2.23606797749979,0.8413952211140808,0.8535533905932737,2.23606797749979,12,1.0
pg8_1,71,12,0.8491224350397722,0.6035533905932737,2.0615528128088303,0.8491224350397722,0.6035533905932737,2.0615528128088303,12,1.0
pg8_1,72,12,0.7232702280155107,0.6035533905932737,2.23606797749979,0.7232702280155107,0.6035533905932737,2.23606797749979,12,1.0
pg8_1,73,12,0.6555597136983643,0.25,2.5495097567963922,0.6555597136983643,0.25,2.5495097567963922,12,1.0
pg8_1,74,12,0.8062449328346676,0.7071067811865476,2.0615528128088303,0.8062449328346676,0.7071067811865476,2.0615528128088303,12,1.0
pg8_1,75,12,0.800454368237893,0.6035533905932737,2.23606797749979,0.800454368237893,0.6035533905932737,2.23606797749979,12,1.0
pg8_1,76,12,0.6399655667965605,0.5,2.0615528128088303,0.6399655667965605,0.5,2.0615528128088303,12,1.0
pg8_1,77,12,0.8617933663628755,0.8535533905932737,2.23606797749979,0.8617933663628755,0.8535533905932737,2.23606797749979,12,1.0
pg8_1,78,12,0.6256678271920763,0.5,2.1213203435596424,0.6256678271920763,0.5,2.1213203435596424,12,1.0
pg8_1,79,12,0.8150259707431896,1.0,2.5,0.8150259707431896,1.0,2.5,12,1.0
pg8_1,80,12,0.5982989001298938,0.5,2.0615528128088303,0.5982989001298938,0.5,2.0615528128088303,12,1.0
pg8_1,81,12,0.8191517838095556,0.5,2.5495097567963922,0.8191517838095556,0.5,2.5495097567963922,12,1.0
pg8_1,82,12,0.8451956314600352,1.0590169943749475,1.5811388300841898,0.8451956314600352,1.0590169943749475,1.5811388300841898,12,1.0
pg8_1,83,12,0.6318131089932818,0.5,2.5495097567963922,0.6318131089932818,0.5,2.5495097567963922,12,1.0
pg8_1,84,12,0.8581350658590517,1.0,2.0615528128088303,0.8581350658590517,1.0,2.0615528128088303,12,1.0
pg8_1,85,12,0.8648966350327342,0.75,2.0615528128088303,0.8648966350327342,0.75,2.0615528128088303,12,1.0
pg8_1,86,12,0.6196033996944895,0.25,2.0,0.6196033996944895,0.25,2.0,12,1.0
pg8_1,87,12,0.6785289647933684,0.6035533905932737,1.5811388300841898,0.6785289647933684,0.6035533905932737,1.5811388300841898,12,1.0
pg8_1,88,12,0.7797823600882859,1.0,1.5,0.7797823600882859,1.0,1.5,12,1.0
pg8_1,89,12,0.6155577985621061,0.5,2.0615528128088303,0.6155577985621061,0.5,2.0615528128088303,12,1.0
pg8_1,90,12,1.1247724524333724,1.118033988749895,5.1478150704935,1.1247724524333724,1.118033988749895,5.1478150704935,12,1.0
pg8_1,91,12,0.8690541984222535,0.75,2.692582403567252,0.8690541984222535,0.75,2.692582403567252,12,1.0
pg8_1,92,12,0.9180316355348387,0.8090169943749475,3.0,0.9180316355348387,0.8090169943749475,3.0,12,1.0
pg8_1,93,12,0.9048875588424156,1.0,2.9154759474226504,0.9048875588424156,1.0,2.9154759474226504,12,1.0
pg8_1,94,12,0.9153958794275222,1.118033988749895,2.5495097567963922,0.9153958794275222,1.118033988749895,2.5495097567963922,12,1.0
pg8_1,95,12,1.3731946034408606,1.118033988749895,6.670832032063167,1.3731946034408606,1.118033988749895,6.670832032063167,12,1.0
pg8_1,96,12,1.391371305358244,1.0,6.576473218982953,1.391371305358244,1.0,6.576473218982953,12,1.0
pg8_1,97,12,1.3051624367374537,1.25,4.123105625617661,1.3051624367374537,1.25,4.123105625617661,12,1.0
