group,track_id,total_frames,mean_movement,median_movement,max_movement,movement_std,jumps_gt_005,jumps_gt_010,jumps_gt_020,mean_center_x,mean_center_y,std_center_x,std_center_y,min_center_x,max_center_x,min_center_y,max_center_y,mean_width,mean_height,std_width,std_height,min_width,max_width,min_height,max_height,width_change,height_change,width_growth_ratio,height_growth_ratio,mean_area,max_area,area_change,area_growth_ratio,mean_iou,min_iou,mean_match_cost,max_match_cost,class_transition_count,zm_el_count_75pct,zm_el_fraction_75pct,observed_zm_el_75pct,early_width,middle_width,late_width,early_height,middle_height,late_height,width_growth_early_late,height_growth_early_late,germination_target,final_label
zm1_1,1,72,7.599300129925557e-05,0.0,0.0011331839442092,0.0002560552239673018,0,0,0,0.5889089209401709,0.2576455662393162,0.00016011723835846349,0.001051020047989943,0.5881410256410257,0.5889423076923077,0.25721153846153844,0.26121794871794873,0.10352118945868945,0.1203926282051282,0.0017239407871021415,0.0005299982594280001,0.09615384615384616,0.10416666666666667,0.1201923076923077,0.12179487179487179,0.008012820512820512,-0.0016025641025640969,1.0833333333333333,0.986842105263158,0.012462639653645262,0.012686965811965812,0.0008089866863905323,1.069078947368421,0.9980010811134363,0.9564777327935222,0.0007490170611418458,0.0157536268556005,0,0,0.0,0,0.10223023504273505,0.10416666666666667,0.10416666666666667,0.12079326923076923,0.1201923076923077,0.1201923076923077,0.001936431623931617,-0.0006009615384615363,0,NON-GERMINATED
zm1_1,2,72,3.338675213675e-05,0.0,0.000801282051282,0.00016011723835845413,0,0,0,0.3366608796296297,0.266025641025641,0.0002882797775772024,1.1102230246251565e-16,0.33653846153846156,0.3373397435897436,0.266025641025641,0.266025641025641,0.1403356481481481,0.11538461538461539,0.0016642848507772553,1.942890293094024e-16,0.1330128205128205,0.14102564102564102,0.11538461538461539,0.11538461538461539,0.008012820512820512,0.0,1.0602409638554218,1.0,0.016192574786324784,0.016272189349112426,0.000924556213017751,1.0602409638554215,0.9991942332225187,0.976470588235294,0.0003037197610073222,0.008235294117647,0,0,0.0,0,0.1389556623931624,0.14102564102564102,0.14102564102564102,0.11538461538461538,0.11538461538461538,0.11538461538461538,0.002069978632478625,0.0,0,NON-GERMINATED
zm1_1,3,72,0.00010477000492312778,0.0,0.0011331839442092,0.00027963773623685404,0,0,0,0.7003984152421653,0.364638977920228,0.0006564174725364401,0.0010458222098896188,0.6995192307692307,0.7019230769230769,0.36378205128205127,0.3685897435897436,0.14986200142450143,0.1200810185185185,0.0010681441907676092,0.0020916444197792276,0.14743589743589744,0.15064102564102563,0.11217948717948718,0.12179487179487179,0.0016025641025640969,0.008012820512820512,1.0108695652173914,1.0714285714285714,0.017997421230093503,0.01834730440499671,0.0013739932610124898,1.0830745341614905,0.9982399448791417,0.9763437849944008,0.0006841197955004459,0.0090162448156956,1,11,0.1527777777777778,1,0.14923878205128205,0.15064102564102563,0.14970619658119658,0.11885683760683761,0.12119391025641024,0.1201923076923077,0.00046741452991452825,0.0013354700854700807,1,GERMINATED
zm1_1,4,72,7.790242165241666e-05,0.0,0.000801282051282,0.00023738792075877135,0,0,0,0.4393028846153845,0.4310229700854701,0.0004170004005340788,0.0007872480049780776,0.4391025641025641,0.4407051282051282,0.42948717948717946,0.43189102564102566,0.12428774928774929,0.15397970085470084,0.0016222282014145852,0.0015744960099561482,0.11858974358974358,0.125,0.15224358974358973,0.15705128205128205,0.006410256410256415,0.004807692307692318,1.0540540540540542,1.0315789473684212,0.019139027001607127,0.019631410256410256,0.0015768819855358322,1.0873399715504979,0.9988440447148954,0.9866666666666668,0.0004552209238607042,0.0051874999999999,1,13,0.18055555555555555,1,0.12286324786324787,0.125,0.125,0.15224358974358973,0.15384615384615385,0.15584935897435898,0.002136752136752129,0.0036057692307692457,1,GERMINATED
zm1_1,5,72,0.0001780626780626667,0.0,0.000801282051282,0.00033312476734096325,0,0,0,0.31399127492877493,0.4584891381766383,0.0017428040959627299,0.0003171253305015794,0.3108974358974359,0.3173076923076923,0.4583333333333333,0.45913461538461536,0.1441417378917379,0.11680911680911682,0.0040231921394925235,0.0027570980354704447,0.1346153846153846,0.15064102564102563,0.10897435897435898,0.11858974358974358,0.016025641025641024,0.009615384615384609,1.119047619047619,1.088235294117647,0.01684647002155015,0.01786448060486522,0.003194855358316895,1.2177871148459383,0.9972804008610426,0.9855072463768116,0.0010676004393757486,0.0055932971014492,1,5,0.06944444444444445,1,0.13982371794871795,0.1440304487179487,0.14857104700854698,0.11351495726495726,0.11832264957264955,0.11858974358974357,0.008747329059829029,0.005074786324786307,1,GERMINATED
zm1_1,6,72,0.0001185261033194486,0.0,0.0017917211358171,0.00033285911024768524,0,0,0,0.5242832977207978,0.5741185897435899,0.0005608797706710328,0.0008858506384496229,0.5240384615384616,0.5264423076923077,0.5737179487179487,0.5777243589743589,0.14912749287749286,0.12860576923076922,0.0025742222747152676,0.0006939306120067708,0.14262820512820512,0.15064102564102563,0.1282051282051282,0.12980769230769232,0.008012820512820512,-0.0016025641025641246,1.0561797752808988,0.9876543209876542,0.019177157811472712,0.019346338757396452,0.0007987138395792182,1.0431405187959493,0.9980906770237277,0.9649003930071826,0.0007453050088529861,0.0134494811857672,0,0,0.0,0,0.14610042735042736,0.15064102564102563,0.15064102564102563,0.1294070512820513,0.1282051282051282,0.1282051282051282,0.0045405982905982745,-0.0012019230769231004,0,NON-GERMINATED
zm1_1,7,72,0.00010477000492312778,0.0,0.0011331839442092,0.00027963773623685393,0,0,0,0.7839431980056979,0.5993255876068376,0.0003848739419914201,0.0006465316750479776,0.7836538461538461,0.7844551282051282,0.5985576923076923,0.6001602564102564,0.11502849002849007,0.1499065170940171,0.0020204426135880015,0.002265384008238157,0.10897435897435898,0.11698717948717949,0.14423076923076922,0.15224358974358973,0.008012820512820512,0.008012820512820512,1.0735294117647058,1.0555555555555556,0.017247788769723865,0.01781054815910585,0.0020930925378040734,1.1331699346405226,0.9982768456807158,0.9746774964166268,0.0006712045149495125,0.0095994458179166,0,0,0.0,0,0.11304754273504274,0.11538461538461538,0.11665331196581197,0.14730235042735043,0.1503071581196581,0.15211004273504272,0.003605769230769232,0.004807692307692291,1,GERMINATED
zm1_1,8,72,0.00010016025641025001,0.0,0.000801282051282,0.0002649991297139848,0,0,0,0.2953058226495726,0.601273148148148,0.0010339117633014151,0.0007735998574155415,0.2948717948717949,0.2988782051282051,0.6009615384615384,0.6041666666666666,0.1312099358974359,0.10576923076923075,0.0005299982594280008,0.0004626204080045062,0.12980769230769232,0.13141025641025642,0.10416666666666667,0.10737179487179487,0.0016025641025640969,0.0,1.0123456790123457,1.0,0.013878009658758858,0.014109755095332018,0.0001695019723865869,1.0123456790123455,0.9983176474121142,0.9848484848484848,0.0006539275724267236,0.0058238636363636,0,0,0.0,0,0.1308092948717949,0.13141025641025642,0.13141025641025642,0.10576923076923077,0.10576923076923077,0.10576923076923077,0.0006009615384615086,0.0,0,NON-GERMINATED
zm1_1,9,72,8.903133903133334e-05,0.0,0.000801282051282,0.0002518186542686973,0,0,0,0.6235421118233619,0.7525151353276353,0.0003853563411053401,0.0006017853380785134,0.6233974358974359,0.625,0.7516025641025641,0.7532051282051282,0.1022747507122507,0.14213853276353272,0.0007707126822106833,0.0023534437122304636,0.09935897435897435,0.10256410256410256,0.1346153846153846,0.14423076923076922,0.0032051282051282076,0.009615384615384609,1.032258064516129,1.0714285714285714,0.014538717788918108,0.014792899408284021,0.0014176528599605508,1.1059907834101381,0.9986097835536584,0.984126984126984,0.0005444461265899667,0.0060763888888889,1,14,0.19444444444444445,1,0.10169604700854702,0.10256410256410257,0.10256410256410257,0.13955662393162394,0.14262820512820512,0.14423076923076922,0.0008680555555555525,0.0046741452991452825,1,GERMINATED
zm1_1,10,72,0.0007146261948702236,0.000801282051282,0.0028890635220064,0.0008640966657620147,0,0,0,0.5233373397435899,0.7985554665242165,0.00391850113324835,0.00553964150664851,0.5168269230769231,0.5376602564102564,0.7948717948717948,0.8173076923076923,0.14336271367521367,0.1395343660968661,0.012262895430625122,0.013350229991179699,0.1282051282051282,0.1907051282051282,0.1282051282051282,0.1858974358974359,0.0625,0.05769230769230771,1.4875,1.4500000000000002,0.020159855483873914,0.035451594345825115,0.01901503944773176,2.1568750000000003,0.9879079327855175,0.9316394434361768,0.004696730551734557,0.0253993339248101,1,25,0.3472222222222222,1,0.1344150641025641,0.14102564102564102,0.15464743589743588,0.13014155982905984,0.13394764957264957,0.15451388888888887,0.02023237179487178,0.02437232905982903,1,GERMINATED
zm1_10,1,72,0.00012965502069836666,0.0,0.0017917211358171,0.00036713131886078937,0,0,0,0.5589053596866097,0.20677528490028488,0.0006808678564789167,0.0005323299832221146,0.5576923076923077,0.5608974358974359,0.20592948717948717,0.2075320512820513,0.1255119301994302,0.13310185185185183,0.001977693476756535,0.0022646184725742297,0.11538461538461539,0.1266025641025641,0.1266025641025641,0.1362179487179487,0.011217948717948706,0.009615384615384609,1.097222222222222,1.0759493670886076,0.016709641409160637,0.01724554158448389,0.002637553418803418,1.1805555555555556,0.9977211571517915,0.9608108108108108,0.0008818707603269028,0.0148808349544973,0,0,0.0,0,0.1233974358974359,0.1265357905982906,0.1266025641025641,0.13040865384615385,0.13361378205128205,0.13528311965811965,0.0032051282051281937,0.004874465811965795,1,GERMINATED
zm1_10,2,72,0.00012241809116808334,0.0,0.000801282051282,0.0002882797775771854,0,0,0,0.2907986111111111,0.27630876068376076,0.0002214626596124054,0.000934829059829059,0.2900641025641026,0.29086538461538464,0.27323717948717946,0.27724358974358976,0.11044337606837609,0.13728632478632477,0.0004429253192248112,0.004050681326950617,0.10897435897435898,0.11057692307692307,0.125,0.14102564102564102,0.0016025641025640969,0.016025641025641024,1.0147058823529411,1.1282051282051282,0.015163649303272705,0.015594181459566075,0.001972386587771203,1.1447963800904977,0.9981333994554584,0.9855072463768116,0.0007328819498488236,0.0055932971014492,0,0,0.0,0,0.11017628205128205,0.11057692307692307,0.11057692307692307,0.13267895299145296,0.13822115384615385,0.14095886752136752,0.0004006410256410242,0.008279914529914556,0,NON-GERMINATED
zm1_10,3,72,0.00011128917378916805,0.0,0.0016025641025641,0.00030760939639166366,0,0,0,0.42522480413105407,0.3955551103988604,0.00037360688950308204,0.0012251416684459018,0.42467948717948717,0.4254807692307692,0.3926282051282051,0.39823717948717946,0.10685986467236466,0.12159455128205127,0.0007472137790061633,0.00199763291955817,0.10576923076923077,0.10737179487179487,0.11858974358974358,0.1266025641025641,0.0016025641025640969,0.0048076923076923045,1.0151515151515151,1.0394736842105263,0.012994330815344436,0.013593544543063772,0.0007113946416831014,1.0552232854864432,0.9981546554027712,0.9736842105263158,0.0007182085719930737,0.0102521929824561,1,6,0.08333333333333333,1,0.10583600427350426,0.10737179487179487,0.10737179487179487,0.12012553418803418,0.12086004273504274,0.12379807692307693,0.0015357905982906067,0.0036725427350427498,1,GERMINATED
zm1_10,4,72,0.00018919159544158472,0.0,0.0016025641025641,0.0003655641850439824,0,0,0,0.6908386752136753,0.4078525641025641,0.001133183944209207,0.0005821179144685706,0.6875,0.6931089743589743,0.40625,0.40865384615384615,0.12816061253561253,0.11391559829059829,0.0023735661479288277,0.003428284629538846,0.125,0.1330128205128205,0.10576923076923077,0.11858974358974358,0.008012820512820512,0.012820512820512817,1.064102564102564,1.121212121212121,0.01460417151773322,0.01577395627876397,0.002552802432610123,1.193084693084693,0.9968680456609906,0.975,0.0012191585556902652,0.0097916666666666,1,13,0.18055555555555555,1,0.1268028846153846,0.1266025641025641,0.13107638888888892,0.10950854700854701,0.11511752136752136,0.11712072649572648,0.004273504273504314,0.007612179487179474,1,GERMINATED
zm1_10,5,72,0.0002409441944875375,0.0,0.0017917211358171,0.00048602484788160905,0,0,0,0.8775819088319087,0.5343994836182335,0.0008779862412444786,0.0033100438706600258,0.875,0.8782051282051282,0.5240384615384616,0.5376602564102564,0.10857371794871798,0.12586805555555555,0.00174635374340572,0.002937275300203362,0.10256410256410256,0.11057692307692307,0.12179487179487179,0.12980769230769232,0.006410256410256415,0.008012820512820526,1.0625,1.0657894736842106,0.013667987012838776,0.014145710059171599,0.001653928336620647,1.132401315789474,0.995740510978217,0.9596742923613804,0.001647434884041032,0.015278616411798,0,0,0.0,0,0.1074385683760684,0.10930822649572651,0.10897435897435898,0.12252938034188036,0.12566773504273504,0.1294070512820513,0.001535790598290579,0.00687767094017093,0,NON-GERMINATED
zm1_10,6,72,7.790242165241805e-05,0.0,0.0016025641025641,0.0002723744268723287,0,0,0,0.22208867521367523,0.5587161680911682,0.0005972403786057225,0.0009924099363251358,0.22115384615384615,0.22275641025641027,0.5576923076923077,0.561698717948718,0.14236111111111105,0.10389957264957264,0.001194480757211422,0.0015343383137120816,0.14102564102564102,0.14423076923076922,0.10096153846153846,0.10576923076923077,0.0032051282051281937,0.0048076923076923045,1.0227272727272727,1.0476190476190477,0.01479275672985609,0.015255177514792898,0.0010170118343195249,1.0714285714285714,0.9986144694902302,0.96875,0.0005355722524934793,0.0119791666666666,1,11,0.1527777777777778,1,0.14102564102564102,0.1424278846153846,0.14362980769230768,0.10223023504273505,0.10416666666666667,0.10530181623931623,0.0026041666666666574,0.003071581196581172,1,GERMINATED
zm1_10,7,72,6.67735042735e-05,0.0,0.000801282051282,0.00022146265961239212,0,0,0,0.38806534900284906,0.5727163461538461,0.0008193181231884743,0.0004768582016922291,0.3870192307692308,0.3894230769230769,0.5713141025641025,0.5729166666666666,0.11925747863247861,0.1326121794871795,0.0010931293765855327,0.0009537164033844595,0.11698717948717949,0.1201923076923077,0.12980769230769232,0.1330128205128205,0.0032051282051282076,0.0032051282051281937,1.0273972602739727,1.0246913580246912,0.015815761058148876,0.01598711785009862,0.0008012820512820484,1.052765093860984,0.9989200440522805,0.9864864864864864,0.00042138735947966116,0.005250563063063,0,0,0.0,0,0.11852297008547008,0.11925747863247861,0.11999198717948718,0.13181089743589744,0.1330128205128205,0.1330128205128205,0.0014690170940171027,0.0012019230769230727,1,GERMINATED
zm1_10,8,72,7.790242165241666e-05,0.0,0.000801282051282,0.0002373879207587715,0,0,0,0.6207487535612537,0.5955528846153845,0.0010226500184882573,0.0003950373786791928,0.6193910256410257,0.6225961538461539,0.594551282051282,0.5961538461538461,0.11133368945868947,0.10723824786324787,0.0017303945624623225,0.001902751983009483,0.10897435897435898,0.11378205128205128,0.10096153846153846,0.10897435897435898,0.0032051282051282076,0.008012820512820512,1.028985507246377,1.0793650793650793,0.011940864642687558,0.012399326101249178,0.0012353098290598281,1.110651023694502,0.9981540593058005,0.9692307692307692,0.0006967158170438736,0.0107692307692307,0,0,0.0,0,0.10950854700854701,0.11117788461538462,0.11331463675213675,0.10563568376068376,0.10737179487179487,0.10870726495726496,0.003806089743589744,0.0030715811965811995,0,NON-GERMINATED
zm1_10,9,72,0.0001224180911680861,0.0,0.0024038461538461,0.0003929942036816463,0,0,0,0.4415731837606837,0.7394386574074073,0.0009607034301507813,0.0007474623669073614,0.4391025641025641,0.44310897435897434,0.7347756410256411,0.7395833333333334,0.13928952991452992,0.11999198717948717,0.0019214068603015686,0.000997141060568116,0.1362179487179487,0.14423076923076922,0.11378205128205128,0.1201923076923077,0.008012820512820512,0.006410256410256415,1.0588235294117647,1.0563380281690142,0.01671424278846154,0.01733542899408284,0.0018362713675213697,1.1184755592377797,0.9980843200211482,0.9594594594594594,0.0007500597518573901,0.0157516891891892,0,0,0.0,0,0.1373530982905983,0.1390892094017094,0.14142628205128205,0.11959134615384615,0.1201923076923077,0.1201923076923077,0.004073183760683746,0.0006009615384615502,1,GERMINATED
zm1_10,10,72,0.00012702783968096112,0.0,0.0011331839442092,0.00030145107214456045,0,0,0,0.6974269943019942,0.7811275819088319,0.0009954006310095192,0.0006631751653952785,0.6963141025641025,0.6987179487179487,0.7788461538461539,0.782051282051282,0.12580128205128205,0.10129540598290596,0.001133183944209207,0.003248652792513397,0.12179487179487179,0.1266025641025641,0.09294871794871795,0.10416666666666667,0.0048076923076923045,0.01121794871794872,1.0394736842105263,1.1206896551724137,0.012746248698772734,0.013187767094017094,0.0018670899079552931,1.1649274047186933,0.997549735596052,0.9723412543825476,0.0009401606371744002,0.0104171305298442,0,0,0.0,0,0.12446581196581197,0.12633547008547008,0.1266025641025641,0.09742254273504274,0.10229700854700856,0.10416666666666667,0.002136752136752129,0.006744123931623935,0,NON-GERMINATED
zm1_11,1,72,0.00014276650557275554,0.0,0.0011331839442092,0.0003232048101893223,0,0,0,0.6123686787749288,0.19135060541310545,0.001743763212870156,0.00034409777496751943,0.6065705128205128,0.6153846153846154,0.18990384615384615,0.19150641025641027,0.12858351139601135,0.10398860398860398,0.0034875264257402897,0.0006295466356717859,0.11698717948717949,0.1346153846153846,0.10256410256410256,0.10576923076923077,0.01762820512820512,-0.0016025641025640969,1.1506849315068493,0.9848484848484849,0.013371572578804152,0.014022435897435898,0.0016487919132149899,1.133250311332503,0.9974362851504609,0.9718566511439564,0.0009900984259609486,0.0105867416633512,1,14,0.19444444444444445,1,0.12486645299145299,0.12867254273504272,0.13221153846153846,0.10363247863247864,0.10416666666666667,0.10416666666666667,0.007345085470085472,0.0005341880341880323,1,GERMINATED
zm1_11,2,72,8.251217016529444e-05,0.0,0.0011331839442092,0.00025402943873107595,0,0,0,0.420105502136752,0.26120681980056987,0.00036420646750252704,0.000948964553361522,0.4198717948717949,0.4206730769230769,0.2604166666666667,0.26282051282051283,0.11789975071225071,0.13178863960113957,0.000993158454296787,0.001897929106723051,0.11538461538461539,0.11858974358974358,0.1266025641025641,0.1330128205128205,0.0032051282051281937,0.006410256410256415,1.0277777777777777,1.0506329113924051,0.01553957129127401,0.01577395627876397,0.0011659681130834956,1.0798171589310828,0.998607851256785,0.9746011071312276,0.0005408849707327513,0.0096261820678063,0,0,0.0,0,0.11665331196581197,0.11845619658119656,0.11858974358974357,0.12960737179487178,0.1327457264957265,0.1330128205128205,0.0019364316239316032,0.0034054487179487336,0,NON-GERMINATED
zm1_11,3,72,0.00010016025641025001,0.0,0.000801282051282,0.0002649991297139848,0,0,0,0.691829148860399,0.3265669515669516,0.0008410251793940967,0.0006389200540601537,0.6899038461538461,0.6923076923076923,0.3245192307692308,0.3269230769230769,0.12404291310541311,0.13368055555555555,0.0016820503587882036,0.0015049983533099104,0.1201923076923077,0.125,0.12980769230769232,0.1346153846153846,0.0048076923076923045,0.0032051282051281937,1.04,1.024390243902439,0.0165844767582548,0.016826923076923076,0.0010324211045364858,1.0653658536585364,0.9984486269024294,0.986842105263158,0.0006080847508164126,0.005126096491228,0,0,0.0,0,0.12212873931623931,0.125,0.125,0.13181089743589744,0.1346153846153846,0.1346153846153846,0.0028712606837606874,0.0028044871794871695,0,NON-GERMINATED
zm1_11,4,72,0.00015389542295167222,0.0,0.0011331839442092,0.00033177887965243306,0,0,0,0.3172965633903134,0.37851673789173784,0.0006609302782808576,0.0008608920764696248,0.31650641025641024,0.3189102564102564,0.37580128205128205,0.3798076923076923,0.10133992165242163,0.13430377492877488,0.0011792452082398138,0.002719102217606025,0.09775641025641026,0.10256410256410256,0.1266025641025641,0.1362179487179487,0.0048076923076923045,0.009615384615384609,1.0491803278688525,1.0759493670886076,0.013612913139655927,0.013971071663379355,0.0015948594674556216,1.1288649097323096,0.9971409634769581,0.9715725806451612,0.0011006948079831625,0.0106861663379295,1,5,0.06944444444444445,1,0.10042735042735045,0.10116185897435899,0.10243055555555557,0.1314770299145299,0.13521634615384615,0.1362179487179487,0.002003205128205121,0.004740918803418814,1,GERMINATED
zm1_11,5,72,0.00022988842425092918,0.0,0.0022663678884184,0.00045360331020320184,0,0,0,0.2327056623931624,0.47202190170940167,0.0008313234240109964,0.0010992306111881859,0.23157051282051283,0.23477564102564102,0.46955128205128205,0.4735576923076923,0.11618589743589745,0.1239761396011396,0.0028517837211622095,0.003536405030176131,0.11057692307692307,0.1201923076923077,0.11858974358974358,0.12980769230769232,0.009615384615384623,0.011217948717948734,1.0869565217391306,1.0945945945945947,0.014414052512510045,0.015601886094674559,0.002488597140039451,1.1897767332549944,0.9957873591678094,0.9483087597571552,0.0016238517670298528,0.0195650732124676,1,20,0.2777777777777778,1,0.11284722222222221,0.11631944444444443,0.11939102564102565,0.11979166666666667,0.12419871794871795,0.12793803418803418,0.006543803418803437,0.008146367521367506,1,GERMINATED
zm1_11,6,72,0.00012241809116808334,0.0,0.000801282051282,0.0002882797775771854,0,0,0,0.7967191951566952,0.4723446403133903,0.00036910443268739387,0.0005505159457813214,0.7964743589743589,0.7972756410256411,0.47115384615384615,0.4735576923076923,0.1272702991452991,0.11887909544159544,0.001826227875424323,0.0015419073862284528,0.1233974358974359,0.12980769230769232,0.11538461538461539,0.1233974358974359,0.006410256410256415,-0.0016025641025641107,1.051948051948052,0.9870129870129869,0.015130690586419752,0.01580991124260355,0.0005829840565417486,1.0382863889357397,0.9976314167232062,0.9733333333333334,0.000908575906137029,0.0093333333333333,1,2,0.027777777777777776,1,0.125,0.12793803418803418,0.12887286324786323,0.11812232905982904,0.11858974358974357,0.11992521367521368,0.003872863247863234,0.0018028846153846367,1,GERMINATED
zm1_11,7,72,0.00024357137550493608,0.0,0.0017917211358171,0.00043630291532440797,0,0,0,0.5402644230769229,0.5083133012820512,0.0008629038450400669,0.0012125413860399853,0.5384615384615384,0.5416666666666666,0.5040064102564102,0.5104166666666666,0.10919693732193732,0.14469818376068375,0.0030605939166914366,0.0034041391817657275,0.10096153846153846,0.11217948717948718,0.1362179487179487,0.14903846153846154,0.01121794871794872,0.011217948717948734,1.1111111111111112,1.0823529411764707,0.01581048195631529,0.016539283366206445,0.002786509697567394,1.2026143790849677,0.9958218819676232,0.961918447997126,0.00162066270541005,0.014493161939287,0,0,0.0,0,0.10563568376068376,0.11037660256410257,0.11157852564102562,0.1404246794871795,0.14603365384615385,0.14763621794871795,0.005942841880341859,0.007211538461538464,0,NON-GERMINATED
zm1_11,8,72,0.0001251184193278,0.0,0.0011331839442092,0.0003166569181969028,0,0,0,0.7315148682336182,0.5933938746438747,0.0011969149347566962,0.0009712172466734033,0.7283653846153846,0.7323717948717948,0.5921474358974359,0.5961538461538461,0.10405537749287747,0.13221153846153844,0.0023938298695134006,0.0037867112389844567,0.09775641025641026,0.10576923076923077,0.12179487179487179,0.1346153846153846,0.008012820512820512,0.012820512820512817,1.0819672131147542,1.1052631578947367,0.013766007092830008,0.014238165680473373,0.0023319362261669963,1.195858498705781,0.9975412591024033,0.971093422706326,0.0009418862867219514,0.0108538716165219,0,0,0.0,0,0.10096153846153848,0.10543536324786325,0.10576923076923077,0.12760416666666666,0.1344150641025641,0.1346153846153846,0.004807692307692291,0.0070112179487179516,0,NON-GERMINATED
zm1_11,9,72,0.00024473273665546525,0.0,0.0025338763302631,0.00045566208969688015,0,0,0,0.3486133368945869,0.6646745904558403,0.0009660387483282946,0.0011409718673584214,0.3453525641025641,0.3501602564102564,0.6618589743589743,0.6682692307692307,0.1321002492877493,0.13445957977207976,0.0015762256211142422,0.002376382200154797,0.1282051282051282,0.1346153846153846,0.1282051282051282,0.1362179487179487,0.0032051282051281937,0.006410256410256415,1.0246913580246912,1.05,0.017765247758236537,0.0183370315581854,0.0012635601577909265,1.075925925925926,0.9959851718180867,0.952101087275933,0.0015642661424957306,0.0184116390680944,1,6,0.08333333333333333,1,0.13187767094017094,0.13334668803418803,0.13107638888888892,0.1342815170940171,0.1360176282051282,0.13307959401709402,-0.0008012820512820207,-0.0012019230769230727,1,GERMINATED
zm1_11,10,72,0.0001558048433048347,0.0,0.0016025641025641,0.0003440977749674941,0,0,0,0.5812856125356125,0.7089009081196581,0.0013871471199148003,0.0008801700271410284,0.5761217948717948,0.5825320512820513,0.7067307692307693,0.7099358974358975,0.10576923076923075,0.1364627849002849,0.0009630211740021307,0.000987154418693769,0.10416666666666667,0.10737179487179487,0.1346153846153846,0.13782051282051283,0.0,0.0,1.0,1.0,0.014434312849276792,0.014798035831689678,0.0,1.0,0.9972646732620802,0.9701492537313432,0.001058637506420068,0.0114894278606965,0,0,0.0,0,0.10510149572649573,0.10576923076923077,0.10643696581196581,0.1359508547008547,0.1362179487179487,0.1372195512820513,0.0013354700854700807,0.0012686965811966044,0,NON-GERMINATED
zm1_12,1,72,0.0003168337501060861,0.0,0.0025338763302631,0.0005801457233696822,0,0,0,0.5232037927350428,0.2664707977207977,0.0012125413860399846,0.002381068219429537,0.5176282051282052,0.5248397435897436,0.2604166666666667,0.27003205128205127,0.1466568732193732,0.09878027065527065,0.0028139220563433193,0.004423657165765623,0.14102564102564102,0.15224358974358973,0.09134615384615384,0.11057692307692307,0.011217948717948706,0.019230769230769232,1.0795454545454544,1.2105263157894737,0.014498482472240485,0.016834627712031557,0.003952477810650886,1.3068181818181817,0.9933132172626833,0.9444231506324262,0.0025463158956298792,0.0209250364061227,1,22,0.3055555555555556,1,0.14356303418803418,0.1465678418803419,0.14983974358974358,0.09435096153846152,0.09882478632478632,0.1031650641025641,0.006276709401709407,0.008814102564102574,1,GERMINATED
zm1_12,2,72,7.138325278637777e-05,0.0,0.0011331839442092,0.0002394289945748464,0,0,0,0.3165064102564102,0.27913550569800566,0.00013354700854700807,0.00038487394199141964,0.3157051282051282,0.3173076923076923,0.27884615384615385,0.2796474358974359,0.1378650284900285,0.10710470085470086,0.0020160241941282564,0.0022976296119237797,0.13141025641025642,0.13942307692307693,0.09935897435897435,0.10897435897435898,0.008012820512820512,0.009615384615384623,1.0609756097560976,1.0967741935483872,0.014770249207849369,0.01519354043392505,0.002136752136752138,1.1636506687647523,0.9979175007995659,0.9692307692307692,0.0007752738344631014,0.0107692307692307,0,0,0.0,0,0.13555021367521367,0.13862179487179488,0.13942307692307693,0.10423344017094016,0.10810630341880341,0.10897435897435898,0.003872863247863262,0.004740918803418814,1,GERMINATED
zm1_12,3,72,0.0012856773616815292,0.000801282051282,0.0085177450422553,0.0019709744305496284,0,0,0,0.6757478632478633,0.36077724358974356,0.0038031599534984273,0.016046633108366577,0.6706730769230769,0.686698717948718,0.3060897435897436,0.375,0.1627047720797721,0.11093304843304844,0.012598720944313161,0.0054360176362086,0.14743589743589744,0.20032051282051283,0.10576923076923077,0.12179487179487179,0.05288461538461539,0.016025641025641024,1.358695652173913,1.1515151515151516,0.018104144694188765,0.02439801117685733,0.008803829717291257,1.5645586297760212,0.9768667648991589,0.847982374768089,0.008932322570387338,0.0587427031086348,1,36,0.5,1,0.15371260683760685,0.1577857905982906,0.1766159188034188,0.10596955128205128,0.10884081196581197,0.11798878205128205,0.02290331196581194,0.012019230769230768,1,GERMINATED
zm1_12,4,72,0.00017615325770950556,0.0,0.0011331839442092,0.0003472259487409868,0,0,0,0.30424234330484334,0.42994346509971515,0.0032565730042405437,0.0006654124790276513,0.2980769230769231,0.3092948717948718,0.42788461538461536,0.43028846153846156,0.1565616096866097,0.10347667378917379,0.006513146008481063,0.0013308249580552668,0.14423076923076922,0.16666666666666666,0.09935897435897435,0.10416666666666667,0.02243589743589744,0.004807692307692318,1.1555555555555557,1.0483870967741937,0.016207092316367154,0.017361111111111112,0.0030304898093359654,1.2114695340501793,0.9973557135260651,0.9737903225806452,0.001039999883388375,0.0099099566605101,1,17,0.2361111111111111,1,0.14897168803418803,0.15685096153846154,0.1638621794871795,0.10209668803418803,0.10416666666666667,0.10416666666666667,0.014890491452991456,0.002069978632478639,1,GERMINATED
zm1_12,5,72,0.00011128917378916668,0.0,0.000801282051282,0.00027710780800364903,0,0,0,0.7351095085470087,0.5196314102564101,0.0005465646882927665,0.0006263909935661605,0.7339743589743589,0.7363782051282052,0.5184294871794872,0.5208333333333334,0.10483440170940168,0.14765847578347577,0.0010931293765855266,0.00285560299857009,0.10256410256410256,0.10737179487179487,0.14262820512820512,0.15224358974358973,0.0032051282051281937,0.009615384615384609,1.0307692307692307,1.0674157303370786,0.015481857867174372,0.01634666748849441,0.0014895627876397102,1.1002592912705271,0.998253706830466,0.9846153846153848,0.0006835405722998389,0.0059054487179486,1,4,0.05555555555555555,1,0.10416666666666667,0.10409989316239317,0.1062366452991453,0.14423076923076925,0.14810363247863248,0.15064102564102563,0.002069978632478625,0.0064102564102563875,1,GERMINATED
zm1_12,6,72,2.2257834757833333e-05,0.0,0.000801282051282,0.00013167912622639004,0,0,0,0.5559450676638177,0.5448717948717948,0.000407841039035982,5.551115123125783e-16,0.5544871794871795,0.5560897435897436,0.5448717948717948,0.5448717948717948,0.153556801994302,0.10256410256410255,0.0008156820780719745,1.3877787807814457e-16,0.15064102564102563,0.15384615384615385,0.10256410256410256,0.10256410256410256,0.0032051282051282215,0.0,1.021276595744681,1.0,0.01574941558915918,0.015779092702169626,0.00032873109796187003,1.021276595744681,0.9997091252436646,0.9894736842105264,0.00011627375730994028,0.0042050438596491,0,0,0.0,0,0.1529780982905983,0.15384615384615385,0.15384615384615385,0.10256410256410257,0.10256410256410257,0.10256410256410257,0.0008680555555555525,0.0,0,NON-GERMINATED
zm1_12,7,72,0.0001761532577095069,0.0,0.0016025641025641,0.0003720223957921548,0,0,0,0.3761907941595441,0.6174879807692308,0.0012239279556059504,0.0007487867752405746,0.3717948717948718,0.37740384615384615,0.6145833333333334,0.6185897435897436,0.1342815170940171,0.12395388176638177,0.001729678665463218,0.0025361237577953793,0.1282051282051282,0.1362179487179487,0.11858974358974358,0.1266025641025641,0.004807692307692318,0.006410256410256401,1.0375,1.0533333333333332,0.016644330358773465,0.01704265285996055,0.0014304939184746866,1.0928333333333333,0.997065138827511,0.9746460322686862,0.0011417010278823444,0.0096104582696958,0,0,0.0,0,0.1345486111111111,0.13508279914529916,0.13321314102564105,0.12106036324786325,0.12419871794871795,0.1266025641025641,-0.001335470085470053,0.005542200854700849,0,NON-GERMINATED
zm1_12,8,72,0.0002252786757380514,0.0,0.0016025641025641,0.000404063312068728,0,0,0,0.7744057158119658,0.6453881766381767,0.00091494321621559,0.0019439641703078681,0.7724358974358975,0.7764423076923077,0.6418269230769231,0.6498397435897436,0.1588541666666667,0.11769943019943023,0.003346012237277661,0.00388792834061575,0.15224358974358973,0.16506410256410256,0.11057692307692307,0.1266025641025641,0.01282051282051283,0.016025641025641024,1.0842105263157895,1.144927536231884,0.01870977895116517,0.02089753862590401,0.004062910913872453,1.2413424866514111,0.9964545243815519,0.9754464285714286,0.001387347605686525,0.0093303195637359,1,28,0.3888888888888889,1,0.15531517094017094,0.15858707264957264,0.16266025641025642,0.11358173076923077,0.11745459401709402,0.12206196581196582,0.007345085470085472,0.008480235042735054,1,GERMINATED
zm1_12,9,72,0.00016693376068375136,0.0,0.0016025641025641,0.0003517512604451192,0,0,0,0.5444822827635326,0.763299056267806,0.0007786266537442908,0.0020846158554307342,0.5416666666666666,0.5448717948717948,0.7572115384615384,0.7644230769230769,0.13637375356125356,0.09880252849002849,0.0027389800883477525,0.0009313780249691773,0.1282051282051282,0.13782051282051283,0.09615384615384616,0.09935897435897435,0.009615384615384637,0.0016025641025640969,1.0750000000000002,1.0163934426229508,0.013476191536087371,0.01369370479947403,0.0011608316896778437,1.092622950819672,0.9969634149859665,0.967741935483871,0.001171311699356139,0.0123319892473118,0,0,0.0,0,0.13348023504273507,0.13782051282051283,0.13782051282051283,0.09768963675213675,0.09935897435897435,0.09935897435897435,0.004340277777777762,0.001669337606837601,1,GERMINATED
zm1_12,10,72,8.903133903133334e-05,0.0,0.000801282051282,0.0002518186542686973,0,0,0,0.29650774572649574,0.7623085826210826,0.0007837002266496715,0.00040738526570786724,0.29407051282051283,0.297275641025641,0.7612179487179487,0.7628205128205128,0.13054220085470086,0.13136574074074073,0.0009228281891750298,0.002033640274305631,0.1282051282051282,0.13141025641025642,0.125,0.1330128205128205,0.0016025641025640969,0.008012820512820512,1.0123456790123457,1.064102564102564,0.01715008971619549,0.01747924884944116,0.0012532873109796193,1.0772396327951883,0.9982934774378687,0.9753086419753086,0.0006551532671162833,0.0086419753086419,0,0,0.0,0,0.12987446581196582,0.13034188034188035,0.13141025641025642,0.12927350427350426,0.13181089743589744,0.1330128205128205,0.0015357905982905928,0.003739316239316254,1,GERMINATED
zm1_2,1,72,5.564458689458334e-05,0.0,0.000801282051282,0.00020369263285392145,0,0,0,0.46116007834757844,0.35117298789173784,0.0007063137309750231,0.0004427854848664229,0.4599358974358974,0.4623397435897436,0.35096153846153844,0.3525641025641026,0.10180733618233617,0.12778222934472933,0.0014126274619500028,0.0008855709697328032,0.09935897435897435,0.10416666666666667,0.125,0.1282051282051282,0.004807692307692318,0.0032051282051281937,1.0483870967741937,1.0256410256410255,0.013009989772810284,0.013354700854700854,0.00093482905982906,1.075268817204301,0.9989994325124205,0.984126984126984,0.00038636760213434443,0.0060763888888889,0,0,0.0,0,0.10036057692307694,0.10182959401709402,0.10323183760683761,0.12693643162393162,0.1282051282051282,0.1282051282051282,0.0028712606837606736,0.0012686965811965767,1,GERMINATED
zm1_2,2,72,7.790242165241666e-05,0.0,0.000801282051282,0.00023738792075877135,0,0,0,0.2908097400284901,0.358974358974359,0.0015420278681372703,3.885780586188048e-16,0.2876602564102564,0.2932692307692308,0.358974358974359,0.358974358974359,0.12649127492877493,0.11538461538461539,0.0030840557362745193,1.942890293094024e-16,0.1201923076923077,0.13141025641025642,0.11538461538461539,0.11538461538461539,0.01121794871794872,0.0,1.0933333333333333,1.0,0.014595147107166338,0.015162721893491125,0.0012943786982248517,1.0933333333333333,0.9987685493144995,0.986842105263158,0.00048164431399923616,0.005126096491228,1,5,0.06944444444444445,1,0.12279647435897438,0.12706997863247863,0.12960737179487178,0.11538461538461538,0.11538461538461538,0.11538461538461538,0.006810897435897398,0.0,1,GERMINATED
zm1_2,3,72,6.67735042735e-05,0.0,0.000801282051282,0.00022146265961239204,0,0,0,0.6192240918803419,0.3568264779202279,0.0005656074501234425,0.0007414732552134467,0.6185897435897436,0.6201923076923077,0.35657051282051283,0.359775641025641,0.1390892094017094,0.11647524928774929,0.001131214900246885,0.0014829465104268984,0.13782051282051283,0.14102564102564102,0.11057692307692307,0.11698717948717949,0.0032051282051281937,0.006410256410256415,1.0232558139534882,1.0579710144927537,0.016201099822393893,0.01649819197896121,0.001258423734385273,1.0825749915739804,0.9989053384779021,0.9857142857142858,0.00042653431051200836,0.0055208333333333,0,0,0.0,0,0.13782051282051283,0.13922275641025642,0.14022435897435898,0.11545138888888888,0.11698717948717947,0.11698717948717947,0.0024038461538461453,0.0015357905982905928,0,NON-GERMINATED
zm1_2,4,72,0.00017417069021403195,0.0,0.0017917211358171,0.0003729546940889369,0,0,0,0.7927350427350427,0.4489405270655272,0.0020341274321217617,0.002545190947101629,0.7876602564102564,0.7940705128205128,0.4463141025641026,0.453525641025641,0.11039886039886043,0.13933404558404558,0.0008256426723197747,0.00241699999296621,0.10737179487179487,0.11217948717948718,0.1346153846153846,0.14102564102564102,0.0032051282051282076,0.004807692307692318,1.0298507462686568,1.0357142857142858,0.015382981716615531,0.015594181459566075,0.0009630793885601584,1.066631130063966,0.9969743726234933,0.963212350139596,0.001172180530416446,0.0140402961894225,0,0,0.0,0,0.11017628205128205,0.11044337606837606,0.11057692307692307,0.1362847222222222,0.140758547008547,0.14095886752136752,0.0004006410256410242,0.00467414529914531,0,NON-GERMINATED
zm1_2,5,72,0.00010477000492312778,0.0,0.0011331839442092,0.000279637736236854,0,0,0,0.25190304487179493,0.5191417378917379,0.0007487867752405761,0.00041282133615988526,0.25,0.25240384615384615,0.5184294871794872,0.5200320512820513,0.13454861111111108,0.13568376068376067,0.0026229326043539438,0.0028766906021017637,0.1282051282051282,0.1362179487179487,0.12980769230769232,0.13782051282051283,0.008012820512820512,0.008012820512820512,1.0625,1.0617283950617284,0.018263338150157057,0.018773627547666007,0.0021316157133464825,1.1280864197530864,0.9983381389991823,0.9760487734068806,0.0006497518534862417,0.0091194988713277,0,0,0.0,0,0.13134348290598288,0.1360844017094017,0.1362179487179487,0.13187767094017097,0.1373530982905983,0.13782051282051283,0.004874465811965822,0.005942841880341859,0,NON-GERMINATED
zm1_2,6,72,0.00012702783968096112,0.0,0.0011331839442092,0.00030145107214456045,0,0,0,0.5228142806267807,0.5898660078347577,0.0009345640480420649,0.00028827977757720337,0.5200320512820513,0.5240384615384616,0.5897435897435898,0.5905448717948718,0.10167378917378916,0.1464788105413105,0.0019239835100582532,0.0019010588531503012,0.09455128205128205,0.10256410256410256,0.13942307692307693,0.14743589743589744,0.008012820512820512,0.008012820512820512,1.0847457627118644,1.0574712643678161,0.014896555286178682,0.015121630506245891,0.0019389998356344508,1.1470874732125462,0.9976761521914079,0.9721590909090908,0.0008959148287998709,0.0104808877455541,0,0,0.0,0,0.0999599358974359,0.10249732905982907,0.10256410256410257,0.14456463675213674,0.14743589743589744,0.14743589743589744,0.0026041666666666713,0.0028712606837607013,1,GERMINATED
zm1_2,7,72,0.00012965502069836525,0.0,0.0017917211358171,0.0003419804114223591,0,0,0,0.8375289351851851,0.6473691239316239,0.0007612537426398956,0.000922828189175026,0.8349358974358975,0.8381410256410257,0.6458333333333334,0.6514423076923077,0.11148949430199433,0.12678062678062677,0.0007935160020466523,0.002352180344306067,0.11057692307692307,0.11217948717948718,0.11698717948717949,0.1282051282051282,0.0,0.011217948717948706,1.0,1.095890410958904,0.014134830829041564,0.01438198553583169,0.001258423734385273,1.095890410958904,0.9976012999002203,0.9609332609875204,0.0009238207983767709,0.014837977392649,0,0,0.0,0,0.11111111111111112,0.11117788461538462,0.11217948717948718,0.12459935897435898,0.12753739316239315,0.1282051282051282,0.0010683760683760646,0.003605769230769218,0,NON-GERMINATED
zm1_2,8,72,8.903133903133334e-05,0.0,0.000801282051282,0.0002518186542686973,0,0,0,0.6618255876068376,0.690460292022792,0.00033883852714650656,0.000369104432687343,0.6602564102564102,0.6626602564102564,0.6899038461538461,0.6907051282051282,0.13655181623931623,0.11391559829059832,0.00223367103147406,0.002246608418971786,0.1282051282051282,0.13782051282051283,0.10576923076923077,0.11538461538461539,0.009615384615384637,0.009615384615384623,1.0750000000000002,1.090909090909091,0.015560045645682665,0.015902366863905327,0.002342209072978307,1.172727272727273,0.9978119450047491,0.9586056644880174,0.0008236896187081334,0.0150088507625272,0,0,0.0,0,0.1340144230769231,0.13782051282051283,0.13782051282051283,0.1113114316239316,0.11505074786324787,0.11538461538461538,0.00380608974358973,0.004073183760683774,1,GERMINATED
zm1_2,9,72,0.00016693376068375136,0.0,0.0016025641025641,0.00035175126044511944,0,0,0,0.3211805555555556,0.7306245548433049,0.0016839637036483153,0.000908967569454803,0.3157051282051282,0.32211538461538464,0.7291666666666666,0.7323717948717948,0.1455662393162393,0.11567396723646725,0.003367927407296604,0.00181793513890961,0.1346153846153846,0.14743589743589744,0.11217948717948718,0.11858974358974358,0.01282051282051283,0.0048076923076923045,1.0952380952380953,1.042857142857143,0.01684322408731463,0.017484385272846813,0.002147024983563445,1.1421768707482993,0.9974115647053383,0.972972972972973,0.001014459297576046,0.0105011261261261,1,2,0.027777777777777776,1,0.14189369658119658,0.14736912393162394,0.14743589743589744,0.11391559829059829,0.11611912393162394,0.11698717948717947,0.005542200854700863,0.0030715811965811857,1,GERMINATED
zm1_2,10,72,0.00018267242657554446,0.0,0.0011331839442092,0.00034384097232550753,0,0,0,0.513187767094017,0.7796808226495726,0.0009624422613114,0.001768867812359717,0.5104166666666666,0.5144230769230769,0.7764423076923077,0.782051282051282,0.1349047364672364,0.13143251424501423,0.003381945972597445,0.0027040292196003233,0.1266025641025641,0.13942307692307693,0.1233974358974359,0.1346153846153846,0.01282051282051283,0.011217948717948706,1.1012658227848102,1.0909090909090908,0.01773967265002922,0.018768491124260354,0.0031460593359631805,1.201380897583429,0.9971347891356304,0.9753086419753086,0.001121560879803461,0.0093785448723779,0,0,0.0,0,0.13094284188034186,0.1359508547008547,0.13782051282051283,0.1284722222222222,0.13207799145299146,0.13374732905982908,0.006877670940170971,0.005275106837606874,1,GERMINATED
zm1_3,1,72,0.0002049302613333778,0.0,0.0011331839442092,0.00035697930074786417,0,0,0,0.5197093126780626,0.277744391025641,0.0005921378914896281,0.001072021524973442,0.5176282051282052,0.5200320512820513,0.27564102564102566,0.2796474358974359,0.1464788105413105,0.12462161680911682,0.006076959575801525,0.00518253978735573,0.1346153846153846,0.15544871794871795,0.11698717948717949,0.1330128205128205,0.020833333333333343,0.016025641025641024,1.1547619047619049,1.136986301369863,0.018285203619238074,0.020676672419460883,0.004928398257725182,1.3129484670580562,0.9962461169566296,0.9755805243445692,0.001447063735046293,0.0092833860431367,1,13,0.18055555555555555,1,0.13948985042735043,0.14670138888888887,0.15324519230769232,0.1185897435897436,0.12473290598290598,0.13054220085470084,0.013755341880341887,0.011952457264957236,1,GERMINATED
zm1_3,2,72,0.00015580484330483335,0.0,0.000801282051282,0.00031712533050156033,0,0,0,0.3019386574074074,0.3822226673789173,0.0008790435892747342,0.00031299770990085677,0.29967948717948717,0.3036858974358974,0.3814102564102564,0.38301282051282054,0.12849448005698005,0.10685986467236466,0.004106012521058837,0.0013573629886475533,0.11858974358974358,0.1346153846153846,0.10256410256410256,0.10897435897435898,0.016025641025641024,0.006410256410256415,1.135135135135135,1.0625,0.013735402570037988,0.014669625246548324,0.0025065746219592386,1.2060810810810811,0.9974150260640471,0.9846153846153848,0.0010060140257316763,0.0059054487179486,0,0,0.0,0,0.12366452991452992,0.12913995726495725,0.13267895299145302,0.10563568376068376,0.10737179487179487,0.10757211538461538,0.0090144230769231,0.001936431623931617,1,GERMINATED
zm1_3,3,72,0.0001316375881938389,0.0,0.0011331839442092,0.0003140028153879424,0,0,0,0.7333845263532761,0.4214298433048433,0.0004995632052943364,0.0011556939980187962,0.7323717948717948,0.7347756410256411,0.41907051282051283,0.4230769230769231,0.1463897792022792,0.1064814814814815,0.00280333872270237,0.0031590446935915546,0.13942307692307693,0.14903846153846154,0.10096153846153846,0.11057692307692307,0.009615384615384609,0.008012820512820512,1.0689655172413792,1.078125,0.015595786591880342,0.01648021449704142,0.0021804117357001954,1.1524784482758619,0.9976149527003516,0.9734855136084284,0.0009203309872028847,0.010016639800786,0,0,0.0,0,0.14309561965811965,0.14703525641025642,0.14903846153846154,0.10283119658119659,0.10643696581196581,0.11017628205128205,0.005942841880341887,0.007345085470085458,1,GERMINATED
zm1_3,4,72,0.00014467592592591668,0.0,0.000801282051282,0.0003082127498247274,0,0,0,0.5515268874643875,0.4227987001424501,0.0011460083388404518,0.0005025294651386921,0.5488782051282052,0.5536858974358975,0.421474358974359,0.4230769230769231,0.14155982905982903,0.13392539173789172,0.004059477605120374,0.0013037468523510868,0.1330128205128205,0.14903846153846154,0.12980769230769232,0.1346153846153846,0.016025641025641024,0.004807692307692291,1.1204819277108433,1.037037037037037,0.0189626051254657,0.020062869822485205,0.002796782544378696,1.1619812583668003,0.9979269212336964,0.9878048780487804,0.0008196169200581084,0.0047891260162601,1,16,0.2222222222222222,1,0.13688568376068377,0.14182692307692307,0.14596688034188035,0.13254540598290598,0.1346153846153846,0.1346153846153846,0.009081196581196577,0.002069978632478625,1,GERMINATED
zm1_3,5,72,0.0001715435091966278,0.0,0.0011331839442092,0.000336528234160714,0,0,0,0.6387998575498575,0.5495459401709402,0.00033312476734098363,0.0013878612240135295,0.6386217948717948,0.6394230769230769,0.5464743589743589,0.5520833333333334,0.1203258547008547,0.13719729344729342,0.0035206801085641217,0.003477924676749395,0.10897435897435898,0.1233974358974359,0.1282051282051282,0.14262820512820512,0.014423076923076927,0.014423076923076927,1.1323529411764706,1.1125,0.01652002177843524,0.01759995479947403,0.003628883136094675,1.2597426470588236,0.9968185289678276,0.9733333333333334,0.0012250181422381167,0.0099958288229952,1,24,0.3333333333333333,1,0.1168536324786325,0.12079326923076923,0.12333066239316241,0.13341346153846154,0.13768696581196582,0.140491452991453,0.006477029914529919,0.007077991452991456,1,GERMINATED
zm1_3,6,72,0.000133547008547,0.0,0.000801282051282,0.0002986201893028375,0,0,0,0.19238559472934474,0.5683204237891738,0.00030335232305998437,0.0005505159457813211,0.19150641025641027,0.19310897435897437,0.5673076923076923,0.5689102564102564,0.13054220085470084,0.14064725783475782,0.0013862539724911044,0.004210379942439345,0.1266025641025641,0.13141025641025642,0.1362179487179487,0.15064102564102563,0.004807692307692318,0.014423076923076927,1.0379746835443038,1.1058823529411765,0.018363712424209217,0.01979577580539119,0.002550234220907298,1.1478778853313478,0.9980955107556169,0.9875,0.0007533767910896445,0.0048958333333333,0,0,0.0,0,0.12880608974358973,0.13141025641025642,0.13141025641025642,0.13708600427350429,0.1388888888888889,0.14596688034188035,0.002604166666666685,0.008880876068376065,1,GERMINATED
zm1_3,7,72,0.0001251184193278,0.0,0.0011331839442092,0.0003166569181969024,0,0,0,0.38242298789173795,0.6058471331908832,0.000990348594813981,0.0005996204501880406,0.38060897435897434,0.3838141025641026,0.6049679487179487,0.6073717948717948,0.14345174501424499,0.10267539173789172,0.0026708474283518705,0.0013173554804983706,0.13942307692307693,0.15224358974358973,0.10096153846153846,0.10576923076923077,0.012820512820512803,0.0048076923076923045,1.0919540229885056,1.0476190476190477,0.014732082728376795,0.016102687376725835,0.0020263190335305693,1.1439518336070058,0.9977318292444812,0.9741436100131752,0.0008751867369946417,0.0097863060591246,1,4,0.05555555555555555,1,0.140758547008547,0.14329594017094016,0.14630074786324787,0.10129540598290598,0.10256410256410257,0.10416666666666667,0.005542200854700863,0.0028712606837606874,1,GERMINATED
zm1_3,8,72,0.00016693376068375136,0.0,0.0016025641025641,0.0003517512604451198,0,0,0,0.5003004807692307,0.7009103454415954,0.001519372362844913,0.0009154845227064964,0.49759615384615385,0.5024038461538461,0.6995192307692307,0.7027243589743589,0.11500623219373221,0.10427795584045582,0.002730284316401352,0.002348702578504205,0.10737179487179487,0.11858974358974358,0.09935897435897435,0.10737179487179487,0.009615384615384623,0.008012820512820512,1.0895522388059702,1.0806451612903225,0.011998364049145298,0.012733193622616698,0.0018927720249835647,1.1774193548387097,0.9969924974559103,0.9726027397260274,0.0011611328348757738,0.010630707762557,0,0,0.0,0,0.11224626068376069,0.11551816239316239,0.11725427350427349,0.1015625,0.1046340811965812,0.1066372863247863,0.005008012820512803,0.005074786324786307,1,GERMINATED
zm1_3,9,72,7.790242165241666e-05,0.0,0.000801282051282,0.00023738792075877178,0,0,0,0.725471866096866,0.733952101139601,0.0010306122598638004,0.0001316791262263976,0.7219551282051282,0.7259615384615384,0.7331730769230769,0.7339743589743589,0.099002849002849,0.11062143874643876,0.0009712172466734035,0.002547525628173877,0.09455128205128205,0.09935897435897435,0.10576923076923077,0.11217948717948718,0.0048076923076923045,0.006410256410256415,1.0508474576271185,1.0606060606060606,0.010953494251771492,0.011146038790269559,0.001145422419460881,1.1145351823317926,0.998073474502368,0.9553868058851448,0.0007249204982452723,0.0161354512735326,0,0,0.0,0,0.09829059829059827,0.09935897435897435,0.09935897435897435,0.10750534188034187,0.11217948717948718,0.11217948717948718,0.0010683760683760785,0.00467414529914531,0,NON-GERMINATED
zm1_3,10,72,0.00010016025641025,0.0,0.000801282051282,0.0002649991297139847,0,0,0,0.38117654914529914,0.8386529558404558,0.0009670638593723477,0.0006164254996494912,0.3798076923076923,0.38301282051282054,0.8373397435897436,0.8397435897435898,0.11491720085470088,0.1479255698005698,0.0019341277187446889,0.0024572488283462588,0.11217948717948718,0.11858974358974358,0.14262820512820512,0.15064102564102563,0.006410256410256401,0.008012820512820512,1.0571428571428572,1.0561797752808988,0.017003558970706406,0.01786448060486522,0.0018645216962524629,1.1165329052969502,0.9984785248202286,0.9859154929577464,0.0005976204795866417,0.005450410798122,0,0,0.0,0,0.11278044871794872,0.11485042735042734,0.11712072649572648,0.14489850427350429,0.1486378205128205,0.1502403846153846,0.004340277777777762,0.005341880341880323,1,GERMINATED
zm1_4,1,72,7.138325278637777e-05,0.0,0.0011331839442092,0.00023942899457484666,0,0,0,0.5344217414529915,0.25563123219373224,0.00016011723835846354,0.00018754784929612536,0.5336538461538461,0.5344551282051282,0.2548076923076923,0.2564102564102564,0.11647524928774929,0.14124821937321932,0.0013037468523510924,0.003175000356309077,0.11217948717948718,0.11698717948717949,0.12980769230769232,0.14262820512820512,0.0048076923076923045,0.012820512820512803,1.042857142857143,1.0987654320987652,0.016455923494685512,0.016685671433267588,0.0021239110782380003,1.1458553791887125,0.9981363453880362,0.9502440560541648,0.0006986782284984681,0.0174145803810423,0,0,0.0,0,0.11545138888888888,0.11698717948717947,0.11698717948717947,0.13848824786324787,0.14262820512820512,0.14262820512820512,0.0015357905982905928,0.00413995726495725,0,NON-GERMINATED
zm1_4,2,72,8.251217016529583e-05,0.0,0.0016025641025641,0.0002869943540104615,0,0,0,0.429142183048433,0.3426371082621083,0.0011474663996590975,0.0006617730033528517,0.42628205128205127,0.43028846153846156,0.3421474358974359,0.34375,0.14598913817663817,0.10122863247863247,0.0013919602131191786,0.0005972403786057104,0.14262820512820512,0.14743589743589744,0.10096153846153846,0.10256410256410256,0.0032051282051282215,0.0,1.0222222222222224,1.0,0.014778239199813716,0.014957264957264958,0.00032359467455621467,1.0222222222222224,0.9986541913115735,0.9735576923076924,0.0005246659515566959,0.0099913772560436,0,0,0.0,0,0.14449786324786326,0.14603365384615385,0.14743589743589744,0.10149572649572651,0.1012286324786325,0.10096153846153848,0.0029380341880341776,-0.0005341880341880323,1,GERMINATED
zm1_4,3,72,6.677350427350138e-05,0.0,0.0016025641025641,0.00025861267001918366,0,0,0,0.6416043447293449,0.41843616452991456,0.0005542156160073686,0.0003762495883274782,0.6402243589743589,0.6418269230769231,0.4182692307692308,0.4198717948717949,0.10416666666666666,0.15582710113960113,1.1102230246251565e-16,0.0025963551969468636,0.10416666666666667,0.10416666666666667,0.14743589743589744,0.15705128205128205,0.0,0.009615384615384609,1.0,1.0652173913043477,0.016231989702041785,0.016359508547008548,0.001001602564102564,1.065217391304348,0.9987078003235577,0.9696969696969696,0.0004956726645326278,0.0116477272727272,0,0,0.0,0,0.10416666666666667,0.10416666666666667,0.10416666666666667,0.15337873931623933,0.15705128205128205,0.15705128205128205,0.0,0.003672542735042722,0,NON-GERMINATED
zm1_4,4,72,0.00012050867081492222,0.0,0.0011331839442092,0.0003041159009482068,0,0,0,0.24951032763532766,0.4647658475783476,0.0006617730033528516,0.0007432250648621765,0.24759615384615385,0.25080128205128205,0.46314102564102566,0.46634615384615385,0.13016381766381765,0.1371527777777778,0.001966766562889468,0.0009537164033844706,0.1233974358974359,0.1330128205128205,0.1346153846153846,0.13782051282051283,0.009615384615384609,0.0,1.077922077922078,1.0,0.017852887982595517,0.01833189513477975,0.001325197238658777,1.077922077922078,0.9979996222640628,0.9758461309080064,0.0007784628436077111,0.0091904237459337,0,0,0.0,0,0.1284054487179487,0.13034188034188035,0.13174412393162394,0.1360844017094017,0.13782051282051283,0.13755341880341881,0.0033386752136752296,0.0014690170940171166,1,GERMINATED
zm1_4,5,72,5.373516654142223e-05,0.0,0.0011331839442092,0.00022498209340373487,0,0,0,0.8107082443019945,0.4833511396011397,0.0005742995836645576,0.0005700787248426662,0.8084935897435898,0.8108974358974359,0.4831730769230769,0.4855769230769231,0.127826745014245,0.12651353276353275,0.0011485991673291162,0.0003670856148163855,0.1233974358974359,0.1282051282051282,0.125,0.1266025641025641,0.004807692307692291,0.0016025641025640969,1.0389610389610389,1.0128205128205128,0.01617213610152312,0.01623109796186719,0.0008064184746877021,1.052281052281052,0.9989517405063292,0.9746835443037974,0.00040181868103673197,0.0095973290574068,0,0,0.0,0,0.12706997863247863,0.1282051282051282,0.1282051282051282,0.12633547008547008,0.1266025641025641,0.1266025641025641,0.0011351495726495686,0.00026709401709401615,0,NON-GERMINATED
zm1_4,6,72,0.00018792678861035415,0.0,0.0017917211358171,0.0004331495882149367,0,0,0,0.48670094373219375,0.5668736645299144,0.0014048467533138852,0.0009149432162155906,0.484775641025641,0.49278846153846156,0.5657051282051282,0.5697115384615384,0.11077724358974361,0.15239939458689458,0.0007524991766549587,0.002591771704977865,0.10897435897435898,0.11378205128205128,0.14583333333333334,0.16025641025641027,0.0032051282051282076,0.014423076923076927,1.028985507246377,1.098901098901099,0.016883780430455114,0.01823430309007232,0.0021085018080210377,1.130753304666348,0.9967425496431501,0.96155545735749,0.0012622600374941249,0.0146202086631596,1,19,0.2638888888888889,1,0.11051014957264955,0.11057692307692307,0.11124465811965811,0.15017361111111108,0.15224358974358973,0.1547809829059829,0.0007345085470085583,0.004607371794871834,1,GERMINATED
zm1_4,7,72,8.251217016529445e-05,0.0,0.0011331839442092,0.0002540294387310759,0,0,0,0.6802773326210827,0.6326455662393162,0.0009583154632105694,0.00046141409458751365,0.6778846153846154,0.6810897435897436,0.6322115384615384,0.6338141025641025,0.14581107549857547,0.1038773148148148,0.0019166309264211478,0.0011117782891508347,0.14102564102564102,0.14743589743589744,0.10256410256410256,0.10737179487179487,0.006410256410256415,-0.0032051282051281937,1.0454545454545454,0.9701492537313434,0.015145600482138942,0.015357905982905984,0.00021572978303747818,1.0142469470827682,0.9985455635213754,0.9740697087051692,0.0005626856781260513,0.0098121715169267,1,1,0.013888888888888888,1,0.1436965811965812,0.14630074786324787,0.14743589743589744,0.10416666666666667,0.10329861111111112,0.10416666666666667,0.003739316239316226,0.0,1,GERMINATED
zm1_4,8,72,0.00019380134395446111,0.0,0.0011331839442092,0.0003506483573441047,0,0,0,0.3089387464387464,0.6682692307692307,0.0017355403035628555,0.0016518852666737357,0.30288461538461536,0.31009615384615385,0.6658653846153846,0.6714743589743589,0.10679309116809116,0.12468839031339031,0.0012894184791631261,0.003922181642165612,0.10576923076923077,0.11217948717948718,0.11538461538461539,0.12980769230769232,0.006410256410256415,0.012820512820512803,1.0606060606060606,1.111111111111111,0.013318460534005407,0.014561760355029587,0.0021778435239973703,1.1784511784511784,0.9957417077280515,0.9714285714285714,0.0016163731687523417,0.010324704836738,1,21,0.2916666666666667,1,0.10610309829059827,0.1063034188034188,0.10797275641025639,0.1202590811965812,0.1252003205128205,0.12860576923076922,0.001869658119658113,0.008346688034188018,1,GERMINATED
zm1_4,9,72,6.48640839203389e-05,0.0,0.0011331839442092,0.00024127673497182134,0,0,0,0.5396968482905983,0.7970085470085472,0.0008648393327316094,0.0006263909935662004,0.5368589743589743,0.5400641025641025,0.7948717948717948,0.7972756410256411,0.101829594017094,0.11324786324786326,0.0017296786654632235,0.0012527819871323254,0.09615384615384616,0.10256410256410256,0.10897435897435898,0.11378205128205128,0.006410256410256401,0.0048076923076923045,1.0666666666666667,1.0441176470588236,0.011534124114252317,0.011669953977646285,0.0011916502301117671,1.1137254901960782,0.9985218637616988,0.9693513898788312,0.0005595093379536181,0.0114635831061451,0,0,0.0,0,0.10036057692307693,0.10256410256410257,0.10256410256410257,0.11217948717948717,0.11378205128205128,0.11378205128205128,0.002203525641025647,0.0016025641025641107,0,NON-GERMINATED
zm1_4,10,72,4.260624916250556e-05,0.0,0.0011331839442092,0.0002068132400547352,0,0,0,0.3497039707977208,0.8522858796296294,0.0008321424253886241,0.0005199717942585296,0.34775641025641024,0.3501602564102564,0.8509615384615384,0.8525641025641025,0.12640224358974358,0.14046919515669512,0.0005299982594280014,0.001039943588517059,0.125,0.1266025641025641,0.13782051282051283,0.14102564102564102,0.0016025641025640969,0.0032051282051281937,1.0128205128205128,1.0232558139534882,0.017756080669241725,0.01785420775805391,0.0006266436554898079,1.0363744782349433,0.9991591217720638,0.9759930161501528,0.00032200144173332644,0.0091390139111825,0,0,0.0,0,0.12600160256410256,0.1266025641025641,0.1266025641025641,0.13935630341880342,0.14102564102564102,0.14102564102564102,0.0006009615384615363,0.001669337606837601,0,NON-GERMINATED
zm1_5,1,72,4.4515669515666665e-05,0.0,0.000801282051282,0.00018354280740818176,0,0,0,0.5882300569800569,0.2338296830484331,0.000251818654268712,0.0004078410390359829,0.5881410256410257,0.5889423076923077,0.23237179487179488,0.23397435897435898,0.09913639601139601,0.13748664529914528,0.000721922842780753,0.0009607034301507903,0.09455128205128205,0.09935897435897435,0.1330128205128205,0.13782051282051283,0.0048076923076923045,0.004807692307692318,1.0508474576271185,1.036144578313253,0.013630569595112864,0.01369370479947403,0.0011171720907297827,1.0888298958546048,0.998835792052703,0.9556986729117876,0.00043640796673908466,0.0160262978142076,0,0,0.0,0,0.09869123931623931,0.09935897435897435,0.09935897435897435,0.13681891025641027,0.13782051282051283,0.13782051282051283,0.0006677350427350404,0.0010016025641025605,0,NON-GERMINATED
zm1_5,2,72,0.0007503731203611111,0.0,0.0040064102564102,0.0010031963354811026,0,0,0,0.46683582621082625,0.3214365206552706,0.011199296691260794,0.00443259344636125,0.45753205128205127,0.5016025641025641,0.3189102564102564,0.3389423076923077,0.14258368945868946,0.1292957621082621,0.024239384987883483,0.01038864021190947,0.12179487179487179,0.21794871794871795,0.1201923076923077,0.16826923076923078,0.09615384615384616,0.04807692307692309,1.7894736842105263,1.4000000000000001,0.01867432336182336,0.03667406311637081,0.02203525641025641,2.5052631578947366,0.9871255342854172,0.9416745747864808,0.004993805528338722,0.0230180654913984,1,47,0.6527777777777778,1,0.12459935897435898,0.13348023504273504,0.16967147435897437,0.12359775641025643,0.12593482905982906,0.13835470085470084,0.04507211538461539,0.014756944444444406,1,GERMINATED
zm1_5,3,72,0.00015389542295167222,0.0,0.0011331839442092,0.0003317788796524331,0,0,0,0.6676237535612537,0.327724358974359,0.001974685194913568,0.00040064102564102427,0.6658653846153846,0.6730769230769231,0.3261217948717949,0.328525641025641,0.1391114672364672,0.12103810541310543,0.003949370389827118,0.002630194310313828,0.1282051282051282,0.14262820512820512,0.11378205128205128,0.1233974358974359,0.014423076923076927,0.009615384615384623,1.1125,1.0845070422535212,0.016847896805829498,0.01759995479947403,0.003012512327416174,1.2065140845070423,0.9974132070875485,0.9747425997425996,0.0010054095442765165,0.009576659653826,0,0,0.0,0,0.1344818376068376,0.14022435897435898,0.14262820512820512,0.11805555555555557,0.1216613247863248,0.1233974358974359,0.00814636752136752,0.005341880341880337,1,GERMINATED
zm1_5,4,72,9.364108754421112e-05,0.0,0.0011331839442092,0.00026737232922813,0,0,0,0.3667646011396011,0.3958889779202279,0.0006435555686788354,0.00048751771976961877,0.3661858974358974,0.36778846153846156,0.39503205128205127,0.3974358974358974,0.13937856125356124,0.12163906695156695,0.001361189890617938,0.0011064181376100935,0.1346153846153846,0.14102564102564102,0.11698717948717949,0.1233974358974359,0.004807692307692318,0.006410256410256415,1.0357142857142858,1.0547945205479452,0.016954869957173643,0.01720445019723866,0.0014561760355029582,1.0924657534246576,0.9984659856904786,0.9750588235294118,0.0005977717152362055,0.0094659813284418,1,6,0.08333333333333333,1,0.13848824786324787,0.14022435897435898,0.13942307692307693,0.12072649572649573,0.12179487179487179,0.12239583333333333,0.0009348290598290565,0.001669337606837601,1,GERMINATED
zm1_5,5,72,4.9125418028544446e-05,0.0,0.0011331839442092,0.00020536236761674193,0,0,0,0.7901753917378916,0.4567196403133903,0.00027710780800366524,9.37739246480626e-05,0.7900641025641025,0.7908653846153846,0.45592948717948717,0.4567307692307692,0.11801103988603989,0.13668536324786323,0.0013698969509819347,0.0021770620174814495,0.11378205128205128,0.11858974358974358,0.13141025641025642,0.13782051282051283,0.0048076923076923045,0.006410256410256415,1.0422535211267605,1.048780487804878,0.016133113551482947,0.016344099276791584,0.0013919707429322793,1.0930951563036755,0.9987757672578871,0.9744182208285196,0.0004604129814580876,0.0096901922737541,0,0,0.0,0,0.11685363247863247,0.11858974358974357,0.11858974358974357,0.1344150641025641,0.13782051282051283,0.13782051282051283,0.001736111111111105,0.0034054487179487336,0,NON-GERMINATED
zm1_5,6,72,0.00011128917378916668,0.0,0.000801282051282,0.00027710780800364914,0,0,0,0.5170383725071227,0.5173388532763534,0.00035315686548749973,0.0008686260817791923,0.5168269230769231,0.5176282051282052,0.5160256410256411,0.5200320512820513,0.11887909544159544,0.14084757834757833,0.001913526649701908,0.004125332207337283,0.11378205128205128,0.1201923076923077,0.12980769230769232,0.14583333333333334,0.006410256410256415,0.016025641025641024,1.0563380281690142,1.1234567901234567,0.016751196501296663,0.017528044871794872,0.0027582593688362904,1.1867501304121022,0.9976403007052773,0.976470588235294,0.0008982327161159778,0.008235294117647,1,3,0.041666666666666664,1,0.11678685897435896,0.11965811965811966,0.1201923076923077,0.1362847222222222,0.14189369658119658,0.14436431623931625,0.0034054487179487336,0.008079594017094044,1,GERMINATED
zm1_5,7,72,0.0001446759259259167,0.0,0.000801282051282,0.0003082127498247274,0,0,0,0.2693531873219373,0.5377826745014245,0.0017850381054035436,0.00047516697917132124,0.2668269230769231,0.27323717948717946,0.5368589743589743,0.5384615384615384,0.13063123219373216,0.11255787037037039,0.004571858952466235,0.0019351520152384395,0.11858974358974358,0.1362179487179487,0.10576923076923077,0.11378205128205128,0.01762820512820512,0.006410256410256415,1.1486486486486487,1.0606060606060606,0.014708861814230404,0.015316814595660748,0.002737713675213674,1.2182637182637182,0.9968954804434662,0.9578173374613004,0.0011806211966386166,0.0152847652218782,0,0,0.0,0,0.12540064102564102,0.13141025641025642,0.13508279914529916,0.11137820512820512,0.11378205128205128,0.1125133547008547,0.00968215811965814,0.0011351495726495825,0,NON-GERMINATED
zm1_5,8,72,3.799650064962778e-05,0.0,0.0011331839442092,0.00018500235923384797,0,0,0,0.795116631054131,0.6922965633903134,0.0005447488537446806,9.377392464806295e-05,0.7948717948717948,0.7972756410256411,0.6915064102564102,0.6923076923076923,0.14694622507122507,0.11478365384615384,0.0010894977074893577,0.0012930633500959617,0.14262820512820512,0.14743589743589744,0.11057692307692307,0.11538461538461539,0.004807692307692318,0.004807692307692318,1.0337078651685394,1.0434782608695654,0.016868335490631166,0.017011834319526627,0.0012404462524654852,1.0786516853932586,0.998960077094135,0.9722222222222222,0.0003886707424749847,0.0097222222222222,0,0,0.0,0,0.14596688034188035,0.14743589743589744,0.14743589743589744,0.11358173076923077,0.11538461538461538,0.11538461538461538,0.0014690170940170888,0.001802884615384609,0,NON-GERMINATED
zm1_5,9,72,0.00012050867081492222,0.0,0.0011331839442092,0.00030411590094820687,0,0,0,0.43466212606837606,0.7049390135327636,0.00106785427295135,0.0003402974726544828,0.43349358974358976,0.4391025641025641,0.7043269230769231,0.7051282051282052,0.12471064814814817,0.12479967948717949,0.003230914663995973,0.0009971410605681102,0.1201923076923077,0.13782051282051283,0.1233974358974359,0.1282051282051282,0.017628205128205135,0.004807692307692291,1.1466666666666667,1.0389610389610389,0.015566608853367667,0.01766929651545036,0.00283787393162393,1.1913419913419911,0.9975896704097882,0.9753010188329732,0.0009219459926038292,0.0093812129721953,1,19,0.2638888888888889,1,0.12172809829059829,0.12446581196581197,0.12793803418803418,0.12393162393162394,0.125,0.12546741452991453,0.006209935897435889,0.0015357905982905928,1,GERMINATED
zm1_5,10,72,0.00011128917378916668,0.0,0.000801282051282,0.0002771078080036491,0,0,0,0.6438078703703705,0.7678952991452992,0.0012017169681884825,0.00040064102564102443,0.6418269230769231,0.6458333333333334,0.7668269230769231,0.7684294871794872,0.14066951566951566,0.12793803418803418,0.0007177936029468051,0.002388961514422857,0.13782051282051283,0.14102564102564102,0.11858974358974358,0.12980769230769232,0.0016025641025640969,0.011217948717948734,1.0116279069767442,1.0945945945945947,0.01799806328301921,0.01830621301775148,0.001754088593030903,1.1073224387177878,0.9976550789903923,0.9624924379915304,0.0008930603163256778,0.0136484800362976,0,0,0.0,0,0.14029113247863248,0.14089209401709402,0.1408253205128205,0.12573450854700854,0.1282719017094017,0.12980769230769232,0.0005341880341880323,0.004073183760683774,1,GERMINATED
zm1_6,1,72,0.00010477000492312778,0.0,0.0011331839442092,0.0002796377362368541,0,0,0,0.5354456018518517,0.22696314102564102,0.0005084100685764052,0.0007035025208902709,0.5352564102564102,0.5376602564102564,0.22596153846153846,0.2283653846153846,0.09257033475783477,0.1239761396011396,0.0010168201371528144,0.00167452304788141,0.08814102564102565,0.09294871794871795,0.11698717948717949,0.125,0.0048076923076923045,0.008012820512820512,1.0545454545454545,1.0684931506849316,0.011478015822466943,0.011618589743589744,0.0013072197567389875,1.126774595267746,0.9980020227485065,0.9688706563706564,0.0007673925412227862,0.0116318398340062,0,0,0.0,0,0.0918135683760684,0.09294871794871795,0.09294871794871795,0.12313034188034189,0.12419871794871795,0.12459935897435898,0.0011351495726495547,0.0014690170940170888,0,NON-GERMINATED
zm1_6,2,72,7.790242165241666e-05,0.0,0.000801282051282,0.00023738792075877137,0,0,0,0.6522769764957267,0.3131788639601139,0.0008386656441693659,0.00028827977757720305,0.6506410256410257,0.6538461538461539,0.3125,0.31330128205128205,0.1373085826210826,0.10712695868945867,0.002695220685671968,0.000576559555154406,0.12980769230769232,0.14102564102564102,0.10576923076923077,0.10737179487179487,0.011217948717948706,0.0,1.0864197530864197,1.0,0.014709717884798015,0.015142176199868506,0.0012044912886259012,1.0864197530864195,0.9984524977608618,0.962234322852626,0.0005922623577724375,0.0137388203349142,1,17,0.2361111111111111,1,0.13428151709401712,0.13782051282051283,0.13982371794871795,0.1066372863247863,0.10737179487179487,0.10737179487179487,0.005542200854700835,0.0007345085470085583,1,GERMINATED
zm1_6,3,72,5.564458689458334e-05,0.0,0.000801282051282,0.00020369263285392145,0,0,0,0.3500267094017094,0.34595352564102566,0.00029862018930285576,0.0006776770542930139,0.34935897435897434,0.3501602564102564,0.3453525641025641,0.3469551282051282,0.09931445868945869,0.13501602564102563,0.0016458762061374787,0.0013553541085860284,0.09615384615384616,0.10096153846153846,0.1330128205128205,0.1362179487179487,0.0048076923076923045,0.0032051282051281937,1.05,1.0240963855421685,0.013411058833735117,0.013752773668639051,0.0009630793885601549,1.075301204819277,0.9989990977980396,0.9836065573770492,0.0003864847521676056,0.0062585382513661,0,0,0.0,0,0.09748931623931624,0.09949252136752136,0.10096153846153848,0.13334668803418803,0.13548344017094016,0.1362179487179487,0.0034722222222222376,0.0028712606837606736,0,NON-GERMINATED
zm1_6,4,72,0.00012702783968096112,0.0,0.0011331839442092,0.00030145107214456045,0,0,0,0.7808938746438747,0.40765224358974356,0.000497700315504759,0.0006643879788372171,0.7796474358974359,0.782051282051282,0.40625,0.40865384615384615,0.11876780626780627,0.12771545584045585,0.002008638563511124,0.0024426896222077914,0.11217948717948718,0.1201923076923077,0.1201923076923077,0.12980769230769232,0.008012820512820512,0.008012820512820498,1.0714285714285714,1.0666666666666667,0.015173101749123384,0.015601886094674559,0.0019261587771203133,1.1428571428571426,0.9978173124423366,0.9733044733044732,0.000846508740974793,0.0100800039071703,0,0,0.0,0,0.11658653846153845,0.11952457264957266,0.1201923076923077,0.12533386752136752,0.12900641025641024,0.12880608974358973,0.0036057692307692457,0.00347222222222221,1,GERMINATED
zm1_6,5,72,0.00015389542295167222,0.0,0.0011331839442092,0.0003317788796524331,0,0,0,0.22669604700854704,0.4961160078347579,0.0014305746050766856,0.00127856682811315,0.22275641025641027,0.22756410256410256,0.49198717948717946,0.49759615384615385,0.11516203703703705,0.12693643162393162,0.0007697478839828447,0.002281075167272797,0.11217948717948718,0.11698717948717949,0.12179487179487179,0.12980769230769232,0.0032051282051282076,0.008012820512820526,1.0285714285714287,1.0657894736842106,0.01461943810952224,0.014977810650887576,0.0013149243918474697,1.0962406015037596,0.9972539730567781,0.9731113956466068,0.0010611414550462694,0.0101475810874235,1,3,0.041666666666666664,1,0.11471688034188034,0.11538461538461538,0.11538461538461538,0.12413194444444446,0.12793803418803418,0.12873931623931623,0.0006677350427350404,0.004607371794871765,1,GERMINATED
zm1_6,6,72,0.00010477000492312778,0.0,0.0011331839442092,0.00027963773623685393,0,0,0,0.450954861111111,0.5042846331908831,0.00037624958832747663,0.001261009962380028,0.4495192307692308,0.4511217948717949,0.5024038461538461,0.5064102564102564,0.15137553418803418,0.0784588675213675,0.0020154097586520467,0.0004952055613712377,0.14423076923076922,0.15224358974358973,0.07692307692307693,0.08012820512820513,0.008012820512820512,-0.0016025641025641107,1.0555555555555556,0.9799999999999999,0.011876338323654029,0.011955025476660091,0.0003980728139381974,1.0344444444444443,0.9978475599124607,0.9694438338096284,0.000821454533838857,0.011431227730366,1,18,0.25,1,0.14963942307692304,0.15224358974358973,0.15224358974358973,0.07865918803418803,0.07832532051282051,0.07839209401709402,0.002604166666666685,-0.00026709401709401615,1,GERMINATED
zm1_6,7,72,4.4515669515666665e-05,0.0,0.000801282051282,0.00018354280740818176,0,0,0,0.668770032051282,0.5159366096866097,0.0006735523838752655,0.00025181865426874704,0.6666666666666666,0.6690705128205128,0.5152243589743589,0.5160256410256411,0.10356570512820512,0.10238603988603986,0.0013471047677505376,0.0005036373085374258,0.09935897435897435,0.10416666666666667,0.10096153846153846,0.10256410256410256,0.004807692307692318,0.0016025641025640969,1.0483870967741937,1.0158730158730158,0.010604288799400981,0.010683760683760684,0.0006523257725180812,1.0650281618023554,0.9991318384547552,0.984126984126984,0.00033279172602089025,0.0060763888888889,0,0,0.0,0,0.10236378205128205,0.10416666666666667,0.10416666666666667,0.10202991452991454,0.10256410256410257,0.10256410256410257,0.0018028846153846229,0.0005341880341880323,0,NON-GERMINATED
zm1_6,8,72,0.00018537275473526113,0.0,0.0011331839442092,0.00036751540780553295,0,0,0,0.5291911502849003,0.6887909544159544,0.0014434596248237507,0.0014479572620450978,0.5264423076923077,0.53125,0.686698717948718,0.6931089743589743,0.09857995014245012,0.11810007122507124,0.003080198053122338,0.0033106611980329493,0.09134615384615384,0.10416666666666667,0.11378205128205128,0.13141025641025642,0.01282051282051283,0.017628205128205135,1.1403508771929827,1.1549295774647887,0.011651013416337936,0.013688568376068378,0.0032950156147271564,1.3170249567580927,0.9957693902632969,0.9691091954022988,0.0016012056984240181,0.0115483511729313,1,40,0.5555555555555556,1,0.09608707264957266,0.09788995726495726,0.10176282051282053,0.11618589743589743,0.11698717948717947,0.12112713675213675,0.005675747863247871,0.0049412393162393264,1,GERMINATED
zm1_6,9,72,9.36410875442111e-05,0.0,0.0011331839442092,0.00026737232922812993,0,0,0,0.31717414529914534,0.7294226317663818,0.000353332172952,0.0008636929006349572,0.3157051282051282,0.3173076923076923,0.7267628205128205,0.7299679487179487,0.14035790598290596,0.11322560541310543,0.001766660864760012,0.0008513439947874487,0.1330128205128205,0.14102564102564102,0.11057692307692307,0.11378205128205128,0.008012820512820512,0.0032051282051282076,1.0602409638554218,1.028985507246377,0.01589302142687559,0.016046186719263642,0.0013380382971729127,1.0909725859961585,0.998409269326,0.9745831309697264,0.0006176224428036875,0.0096324737243317,1,2,0.027777777777777776,1,0.1390224358974359,0.14102564102564102,0.14102564102564102,0.11231303418803419,0.11358173076923077,0.11378205128205128,0.002003205128205121,0.0014690170940170888,1,GERMINATED
zm1_6,10,72,0.00016041459181771113,0.0,0.0011331839442092,0.00032867641369719995,0,0,0,0.6819577991452992,0.8152043269230768,0.0009419561952234132,0.0007837002266496694,0.6786858974358975,0.6826923076923077,0.8125,0.8157051282051282,0.14115918803418798,0.111667556980057,0.003396927708861353,0.0017882615436035072,0.1330128205128205,0.14903846153846154,0.10576923076923077,0.11378205128205128,0.016025641025641024,0.008012820512820512,1.1204819277108433,1.0757575757575757,0.015768534498502445,0.016957901873767257,0.0028892381656804734,1.2053669222343921,0.9971142625597196,0.9741795768782276,0.0011142775887796638,0.0097737176563563,1,19,0.2638888888888889,1,0.13842147435897437,0.14155982905982906,0.14349626068376067,0.10990918803418803,0.11217948717948718,0.11291399572649574,0.005074786324786307,0.0030048076923077094,1,GERMINATED
zm1_7,1,72,0.000133547008547,0.0,0.000801282051282,0.00029862018930283766,0,0,0,0.584168002136752,0.23835915242165243,0.0002476027806856184,0.0005661546181435692,0.5833333333333334,0.5849358974358975,0.23717948717948717,0.23958333333333334,0.11594106125356125,0.13270121082621078,0.0028537807992332254,0.0022764009393777744,0.10897435897435898,0.1201923076923077,0.1266025641025641,0.1346153846153846,0.01121794871794872,0.008012820512820512,1.1029411764705883,1.0632911392405062,0.015391257065435753,0.01617973372781065,0.0023833004602235378,1.172747580044676,0.997801512549121,0.9855072463768116,0.000856276163363204,0.0055932971014492,0,0,0.0,0,0.1125133547008547,0.11692040598290598,0.11838942307692309,0.13027510683760682,0.13321314102564105,0.1346153846153846,0.005876068376068383,0.00434027777777779,1,GERMINATED
zm1_7,2,72,0.00019380134395446111,0.0,0.0011331839442092,0.00035064835734410484,0,0,0,0.3621572293447293,0.27847889957264954,0.0018695256278519967,0.00042099092591207427,0.3581730769230769,0.36538461538461536,0.2780448717948718,0.2796474358974359,0.16439636752136752,0.11215722934472937,0.006205267177077424,0.0019166309264211437,0.15224358974358973,0.17467948717948717,0.10737179487179487,0.11378205128205128,0.02243589743589744,0.006410256410256415,1.1473684210526316,1.0597014925373134,0.018449069793721237,0.019875390368178827,0.003528722879684417,1.2158680282796543,0.997302475480221,0.9757575757575756,0.0010701044554930596,0.0092214180485844,1,24,0.3333333333333333,1,0.15705128205128205,0.16506410256410256,0.17107371794871792,0.11010950854700856,0.11258012820512821,0.11378205128205128,0.014022435897435875,0.003672542735042722,1,GERMINATED
zm1_7,3,72,0.00018267242657554584,0.0,0.0016025641025641,0.00036886504001003783,0,0,0,0.19618055555555555,0.3095174501424502,0.0006542440552305474,0.0019500708790784842,0.19471153846153846,0.19791666666666666,0.3036858974358974,0.31169871794871795,0.09989316239316239,0.15139779202279202,0.0014383453010508836,0.003182481223595999,0.09775641025641026,0.10256410256410256,0.14262820512820512,0.15544871794871795,0.0048076923076923045,0.01282051282051283,1.0491803278688525,1.0898876404494382,0.015127515991398202,0.01594345825115056,0.002000636916502303,1.1434886719469517,0.9969536922320494,0.9742268041237112,0.0011849447960568318,0.009757188120437,0,0,0.0,0,0.0984241452991453,0.09982638888888888,0.101428952991453,0.14770299145299146,0.15217681623931623,0.15431356837606838,0.0030048076923077094,0.006610576923076927,1,GERMINATED
zm1_7,4,72,0.0001578118310129375,0.0,0.0017917211358171,0.00047411251288939665,0,0,0,0.7039151531339033,0.3896233974358974,0.0008857807295485824,0.0016879306436651293,0.6995192307692307,0.7043269230769231,0.3886217948717949,0.39823717948717946,0.138599537037037,0.10563568376068375,0.001771561459097124,0.001551676020115148,0.12980769230769232,0.13942307692307693,0.10416666666666667,0.11057692307692307,0.009615384615384609,-0.006410256410256401,1.074074074074074,0.9420289855072465,0.014638771036507419,0.014798035831689678,0.0001695019723865869,1.0118089103596348,0.9966202176927861,0.9593355251773664,0.0012855014976832096,0.0153971849262029,0,0,0.0,0,0.13695245726495728,0.13942307692307693,0.13942307692307693,0.10723824786324786,0.10550213675213675,0.10416666666666667,0.0024706196581196493,-0.0030715811965811857,0,NON-GERMINATED
zm1_7,5,72,0.00010477000492312778,0.0,0.0011331839442092,0.00027963773623685404,0,0,0,0.39431980056980054,0.46508858618233617,0.0006481579317379355,0.0006094543077854802,0.3918269230769231,0.3958333333333333,0.46474358974358976,0.46634615384615385,0.12099358974358972,0.12804932336182334,0.001751452597302883,0.00047477584151757116,0.11378205128205128,0.12179487179487179,0.1266025641025641,0.1282051282051282,0.008012820512820512,0.0016025641025640969,1.0704225352112675,1.0126582278481011,0.015493664507085983,0.01561472715318869,0.0012096277120315566,1.083972187555714,0.9981772664276869,0.973972602739726,0.0007060572535095792,0.0098461586048318,0,0,0.0,0,0.11939102564102565,0.12179487179487179,0.12179487179487179,0.12773771367521367,0.1282051282051282,0.1282051282051282,0.0024038461538461453,0.00046741452991452825,0,NON-GERMINATED
zm1_7,6,72,0.00014928567443879583,0.0,0.0016025641025641,0.00034697581377119086,0,0,0,0.6319221866096866,0.5550213675213675,0.0009931584542967854,0.0016786598677853222,0.6282051282051282,0.6330128205128205,0.5520833333333334,0.5584935897435898,0.1072827635327635,0.14293981481481477,0.0005267165049055915,0.0038021177063005977,0.10576923076923077,0.10897435897435898,0.1330128205128205,0.14903846153846154,-0.0032051282051282076,0.016025641025641024,0.9705882352941176,1.1204819277108433,0.015334043015833878,0.015830456936226166,0.0012686965811965802,1.0875265768958184,0.997214950000572,0.9483407458091002,0.0010718031881850388,0.0191224056334815,1,14,0.19444444444444445,1,0.10743856837606837,0.10737179487179487,0.10703792735042734,0.13862179487179488,0.14322916666666666,0.14696848290598288,-0.0004006410256410242,0.008346688034188005,1,GERMINATED
zm1_7,7,72,8.903133903133333e-05,0.0,0.000801282051282,0.0002518186542686973,0,0,0,0.7632879273504272,0.5746416488603989,0.0010236184372833758,0.0003696074142052973,0.7596153846153846,0.7644230769230769,0.5745192307692307,0.5761217948717948,0.13875534188034186,0.10120637464387464,0.0020472368745667606,0.0007392148284105932,0.13141025641025642,0.14102564102564102,0.10096153846153846,0.10416666666666667,0.009615384615384609,-0.0032051282051282076,1.073170731707317,0.9692307692307692,0.014041626145993136,0.014238165680473373,0.0005495973044049949,1.0401500938086303,0.9985942628867117,0.984375,0.0005498783600212722,0.0059895833333333,0,0,0.0,0,0.13668536324786326,0.13942307692307693,0.14015758547008547,0.10169604700854702,0.10096153846153848,0.10096153846153848,0.00347222222222221,-0.0007345085470085444,0,NON-GERMINATED
zm1_7,8,72,0.00014467592592591668,0.0,0.000801282051282,0.0003082127498247272,0,0,0,0.2051170762108262,0.5864716880341881,0.0014720070555056222,0.0006369786334247752,0.20272435897435898,0.2091346153846154,0.5857371794871795,0.5881410256410257,0.14420851139601135,0.10795049857549859,0.00294401411101124,0.0023935194192966627,0.13942307692307693,0.15224358974358973,0.10256410256410256,0.11057692307692307,0.012820512820512803,0.008012820512820512,1.0919540229885056,1.078125,0.01557335040908759,0.016834627712031557,0.0025348249506903335,1.1772629310344827,0.9977479622191976,0.9846153846153848,0.000882252575132693,0.0059054487179486,1,3,0.041666666666666664,1,0.14142628205128205,0.1438301282051282,0.14736912393162394,0.10496794871794872,0.10884081196581197,0.11004273504273504,0.005942841880341887,0.005074786324786321,1,GERMINATED
zm1_7,9,72,6.67735042735e-05,0.0,0.000801282051282,0.0002214626596123921,0,0,0,0.3494034900284901,0.7131187678062676,0.0005488260330278633,0.0006673639757195912,0.34775641025641024,0.3501602564102564,0.7115384615384616,0.7139423076923077,0.10585826210826209,0.14098112535612534,0.0010976520660557275,0.0013347279514391813,0.10256410256410256,0.10737179487179487,0.13782051282051283,0.14262820512820512,0.0048076923076923045,0.004807692307692291,1.046875,1.0348837209302324,0.014925304989407556,0.015314246383957921,0.0011788091715976314,1.0833938953488371,0.9988950646116135,0.9846153846153848,0.0004301301637130972,0.0059054487179486,0,0,0.0,0,0.10496794871794872,0.10576923076923077,0.10683760683760683,0.13962339743589744,0.14102564102564102,0.1422943376068376,0.001869658119658113,0.0026709401709401615,1,GERMINATED
zm1_7,10,72,9.825083605708888e-05,0.0,0.0011331839442092,0.0002819943096471083,0,0,0,0.5427684294871794,0.757244925213675,0.0006735523838752649,0.001003270512908432,0.5408653846153846,0.5432692307692307,0.7548076923076923,0.7580128205128205,0.10797275641025642,0.14834846866096868,0.001347104767750535,0.003291075089214013,0.10416666666666667,0.10897435897435898,0.13942307692307693,0.15064102564102563,0.0048076923076923045,0.011217948717948706,1.0461538461538462,1.0804597701149425,0.016021860047300752,0.01641600920447074,0.0018927720249835613,1.1303271441202474,0.9983137938330198,0.9736570247933884,0.0006540352018801513,0.00995661088605,0,0,0.0,0,0.10643696581196581,0.10850694444444446,0.10897435897435898,0.14436431623931625,0.1500400641025641,0.15064102564102563,0.0025373931623931673,0.006276709401709379,0,NON-GERMINATED
zm1_8,1,72,0.000133547008547,0.0,0.000801282051282,0.00029862018930283766,0,0,0,0.5985465633903133,0.26446759259259256,0.0011756161864387162,0.00046047366598951937,0.594551282051282,0.5993589743589743,0.2636217948717949,0.265224358974359,0.1009392806267806,0.1258457977207977,0.0023512323728774364,0.0031145066149771737,0.09294871794871795,0.10256410256410256,0.1201923076923077,0.12980769230769232,0.009615384615384609,0.009615384615384623,1.103448275862069,1.08,0.01270886695065381,0.013313609467455622,0.0021418885601577915,1.1917241379310346,0.9975818661476682,0.9830508474576272,0.0009331524038716597,0.0064530367231638,0,0,0.0,0,0.0984241452991453,0.10182959401709402,0.10256410256410257,0.12212873931623931,0.12626869658119658,0.12913995726495725,0.004139957264957278,0.007011217948717938,1,GERMINATED
zm1_8,2,72,0.00016693376068375277,0.0,0.0016025641025641,0.0003762495883274656,0,0,0,0.41138043091168086,0.28157273860398857,0.0010821405838259157,0.0013129764473937022,0.41025641025641024,0.41346153846153844,0.28044871794871795,0.28525641025641024,0.0990696225071225,0.10761663105413104,0.0007229514676331757,0.0008301307068630495,0.09615384615384616,0.09935897435897435,0.10576923076923077,0.10897435897435898,0.0032051282051281937,0.0016025641025640969,1.0333333333333332,1.0151515151515151,0.010661752536251734,0.010827580539119,0.0004982330703484535,1.048989898989899,0.9967714258933142,0.9705882352941176,0.0012385078817844692,0.0113357843137254,0,0,0.0,0,0.09869123931623931,0.09915865384615385,0.09935897435897435,0.10763888888888888,0.1078392094017094,0.10737179487179487,0.0006677350427350404,-0.00026709401709401615,0,NON-GERMINATED
zm1_8,3,72,0.00021288495152790277,0.0,0.0022663678884184,0.0004807488445505567,0,0,0,0.831508190883191,0.39055822649572647,0.0012824840002571244,0.0012221557971236014,0.8261217948717948,0.8333333333333334,0.3870192307692308,0.3918269230769231,0.10238603988603986,0.13020833333333331,0.0018611596296622965,0.00274665649054529,0.09935897435897435,0.10416666666666667,0.1233974358974359,0.1330128205128205,0.0032051282051282076,0.008012820512820512,1.0317460317460319,1.064102564102564,0.01333579596299949,0.013855502136752138,0.0012353098290598299,1.097883597883598,0.9954914877902437,0.9441206030150754,0.0017163544919078988,0.0210309280721955,0,0,0.0,0,0.10016025641025643,0.10283119658119659,0.10416666666666667,0.12700320512820512,0.1308092948717949,0.1328125,0.004006410256410242,0.005809294871794879,1,GERMINATED
zm1_8,4,72,0.00022131354074710416,0.0,0.0017917211358171,0.00044800397941081746,0,0,0,0.647235576923077,0.42057291666666674,0.0008205265576552127,0.0005963064603195675,0.6434294871794872,0.6482371794871795,0.4198717948717949,0.4230769230769231,0.1326121794871795,0.1139823717948718,0.0017258076900801378,0.0017296786654632228,0.1266025641025641,0.1362179487179487,0.11217948717948718,0.1201923076923077,0.009615384615384609,0.006410256410256401,1.0759493670886076,1.0571428571428572,0.015117635510263714,0.016372349605522682,0.0019518408941485849,1.1374321880650993,0.9956381225572011,0.9598520866349708,0.0016705109064651417,0.0152163884160413,0,0,0.0,0,0.13087606837606838,0.13314636752136752,0.13381410256410256,0.1124465811965812,0.1141826923076923,0.11531784188034189,0.0029380341880341776,0.0028712606837606874,1,GERMINATED
zm1_8,5,72,0.00014928567443879445,0.0,0.0011331839442092,0.0003202458615662713,0,0,0,0.3344017094017093,0.4263043091168092,0.0014629341813706363,0.0008651972812311578,0.3293269230769231,0.33653846153846156,0.42467948717948717,0.4270833333333333,0.12410968660968662,0.13132122507122507,0.0024608751711334108,0.0020321781001626294,0.11698717948717949,0.1282051282051282,0.125,0.1330128205128205,0.011217948717948706,0.008012820512820512,1.095890410958904,1.064102564102564,0.01630282954151143,0.01705292570677186,0.002429528270874424,1.1661397962767825,0.997510865044138,0.9743333333333334,0.000968232922936925,0.0097199028970693,1,9,0.125,1,0.12139423076923077,0.12426549145299144,0.1266693376068376,0.12893963675213674,0.13201121794871795,0.1330128205128205,0.005275106837606833,0.004073183760683774,1,GERMINATED
zm1_8,6,72,8.903133903133334e-05,0.0,0.000801282051282,0.0002518186542686973,0,0,0,0.41988292378917375,0.607750178062678,0.0007728790747426817,0.000499191183493717,0.41907051282051283,0.421474358974359,0.6073717948717948,0.6089743589743589,0.11776620370370372,0.14227207977207973,0.0021029826092414244,0.0022698626752104536,0.11538461538461539,0.12179487179487179,0.13782051282051283,0.14423076923076922,0.006410256410256401,0.0064102564102563875,1.0555555555555556,1.0465116279069766,0.016758580109942287,0.017566568047337278,0.0016642011834319508,1.1046511627906976,0.9986262732343726,0.9863013698630136,0.0005386747383399194,0.0053153538812785,0,0,0.0,0,0.1157184829059829,0.11725427350427349,0.1203258547008547,0.13935630341880342,0.14322916666666666,0.14423076923076922,0.004607371794871806,0.004874465811965795,0,NON-GERMINATED
zm1_8,7,72,0.00010477000492312778,0.0,0.0011331839442092,0.0002796377362368538,0,0,0,0.2453926282051282,0.6117232015669516,0.000941956195223418,0.0007534038702373926,0.24358974358974358,0.2467948717948718,0.6113782051282052,0.6145833333333334,0.15794159544159544,0.10988693019943023,0.0012778401081203047,0.0015068077404747848,0.15384615384615385,0.15865384615384615,0.10416666666666667,0.11057692307692307,0.0032051282051281937,0.006410256410256401,1.0208333333333333,1.0615384615384615,0.017357472811198774,0.017543454142011833,0.0013406065088757378,1.083653846153846,0.9983326870389104,0.9755526277265408,0.00065166003958135,0.0092931498594467,0,0,0.0,0,0.15691773504273504,0.15838675213675213,0.15852029914529914,0.10850694444444446,0.11057692307692307,0.11057692307692307,0.0016025641025640969,0.0020699786324786112,1,GERMINATED
zm1_8,8,72,8.903133903133334e-05,0.0,0.000801282051282,0.0002518186542686973,0,0,0,0.6250333867521367,0.6343816773504274,0.0008801700271410272,0.0007606026809491496,0.6225961538461539,0.625801282051282,0.6322115384615384,0.6354166666666666,0.15391292735042736,0.11242432336182337,0.0017603400542820632,0.0005765595551544058,0.14903846153846154,0.15544871794871795,0.11217948717948718,0.11378205128205128,0.006410256410256415,0.0,1.043010752688172,1.0,0.01730357603504639,0.01768727399737015,0.0007293721236028942,1.0430107526881722,0.9986357140715554,0.9859154929577464,0.0005353704453259695,0.005450410798122,0,0,0.0,0,0.15204326923076925,0.15424679487179488,0.15544871794871795,0.11237980769230771,0.11217948717948718,0.11271367521367522,0.003405448717948706,0.0003338675213675063,0,NON-GERMINATED
zm1_8,9,72,0.0005709197280064139,0.0,0.0032051282051282,0.0008092989906240178,0,0,0,0.5398192663817664,0.7625422898860399,0.00952466298707518,0.00042567199739372357,0.530448717948718,0.5705128205128205,0.7620192307692307,0.7636217948717948,0.16617699430199429,0.10521278490028488,0.019049325974150356,0.0008513439947874469,0.14743589743589744,0.22756410256410256,0.10416666666666667,0.10737179487179487,0.08012820512820512,0.0032051282051281937,1.5434782608695652,1.0307692307692307,0.01748795223354518,0.024433966140696907,0.009076060157790923,1.5909698996655515,0.9931970366956284,0.9678683385579936,0.002752134979734203,0.0124107002429833,1,29,0.4027777777777778,1,0.1527777777777778,0.15852029914529914,0.18723290598290598,0.10543536324786325,0.10516826923076923,0.10503472222222221,0.034455128205128194,-0.0004006410256410381,1,GERMINATED
zm1_8,10,72,6.67735042735e-05,0.0,0.000801282051282,0.00022146265961239204,0,0,0,0.2883057336182336,0.7660033831908835,0.0003440977749675096,0.00013167912622641566,0.28685897435897434,0.28846153846153844,0.7652243589743589,0.7660256410256411,0.11689814814814817,0.10550213675213674,0.002875312546644431,0.000844625443421041,0.10897435897435898,0.11858974358974358,0.10256410256410256,0.10576923076923077,0.009615384615384609,0.0032051282051282076,1.088235294117647,1.03125,0.012334764112608664,0.012543145956607495,0.0013662886259040111,1.1222426470588236,0.9984122913694,0.972972972972973,0.0005991007984877848,0.0094594594594594,0,0,0.0,0,0.11351495726495726,0.11858974358974357,0.11858974358974357,0.10496794871794872,0.10576923076923077,0.10576923076923077,0.005074786324786307,0.0008012820512820484,0,NON-GERMINATED
zm1_9,1,72,0.0002317978446040889,0.0,0.0011331839442092,0.0003774289305912835,0,0,0,0.5892427884615384,0.21251780626780625,0.0008279645277535525,0.0012894184791631218,0.5873397435897436,0.5905448717948718,0.2107371794871795,0.21474358974358973,0.12328614672364673,0.13412571225071224,0.0034342764349139373,0.002442689622207787,0.11538461538461539,0.1266025641025641,0.1266025641025641,0.13782051282051283,0.011217948717948706,0.011217948717948734,1.097222222222222,1.0886075949367089,0.016542671978869897,0.017448430309007234,0.0028404421433267605,1.1944444444444446,0.9961915000923557,0.9757347400150717,0.0014836435666681763,0.0092294105584609,0,0,0.0,0,0.11892361111111112,0.12493322649572651,0.12600160256410256,0.13201121794871795,0.1344150641025641,0.1359508547008547,0.007077991452991442,0.003939636752136738,1,GERMINATED
zm1_9,2,72,8.251217016529444e-05,0.0,0.0011331839442092,0.0002540294387310762,0,0,0,0.3488025284900286,0.28674768518518523,0.0006354212261226918,0.00030760939639167575,0.3485576923076923,0.35096153846153844,0.28525641025641024,0.28685897435897434,0.15175391737891736,0.11124465811965815,0.001270842452245384,0.0024733252106640138,0.14743589743589744,0.15224358974358973,0.10096153846153846,0.11217948717948718,0.004807692307692291,0.01121794871794872,1.0326086956521738,1.1111111111111112,0.01688488618827161,0.01707860782380013,0.002193252794214331,1.1473429951690821,0.9981095605859842,0.9701492537313432,0.0007152867055128986,0.0104477611940298,0,0,0.0,0,0.15077457264957264,0.15224358974358973,0.15224358974358973,0.109375,0.11217948717948718,0.11217948717948718,0.0014690170940170888,0.0028044871794871834,0,NON-GERMINATED
zm1_9,3,72,4.9125418028544446e-05,0.0,0.0011331839442092,0.00020536236761674193,0,0,0,0.8024283297720797,0.37630208333333326,0.0006518734261755431,0.0006465316750479778,0.8020833333333334,0.8036858974358975,0.37419871794871795,0.3766025641025641,0.13303507834757833,0.11478365384615384,0.0001875478492961253,0.001293063350095963,0.1330128205128205,0.1346153846153846,0.11057692307692307,0.11538461538461539,0.0,0.004807692307692318,1.0,1.0434782608695654,0.015270265758547008,0.015532544378698224,0.0006394847140039454,1.0434782608695652,0.9990846765262356,0.9743716931216932,0.00035229473753609026,0.0097064769711433,0,0,0.0,0,0.13307959401709402,0.1330128205128205,0.1330128205128205,0.11358173076923077,0.11538461538461538,0.11538461538461538,-6.677350427350404e-05,0.001802884615384609,0,NON-GERMINATED
zm1_9,4,72,0.00044308444795795827,0.0,0.0040857528153788,0.0008339162707193635,0,0,0,0.20226807336182334,0.3853165064102564,0.0012227130379877042,0.0048186927139190665,0.20032051282051283,0.20512820512820512,0.3661858974358974,0.3894230769230769,0.10966435185185189,0.15088586182336183,0.0010625639478525645,0.012716199232276203,0.10897435897435898,0.11217948717948718,0.1362179487179487,0.1971153846153846,0.0032051282051282076,0.0608974358974359,1.0294117647058825,1.447058823529412,0.01655740352655417,0.022112302761341223,0.007268039119000659,1.4896193771626298,0.992208061863268,0.9374644684479818,0.0030151832390288447,0.0245431753732026,1,23,0.3194444444444444,1,0.10910790598290598,0.10930822649572651,0.11057692307692307,0.13982371794871795,0.148838141025641,0.1639957264957265,0.0014690170940170888,0.024172008547008544,1,GERMINATED
zm1_9,5,72,0.0001631149199774278,0.0,0.0011331839442092,0.0003535383325206918,0,0,0,0.38058671652421655,0.4502203525641025,0.0012091147485346451,0.0014441458836726827,0.37900641025641024,0.3838141025641026,0.44711538461538464,0.4519230769230769,0.15139779202279205,0.1034321581196581,0.004289934213803486,0.0012791963181535814,0.13782051282051283,0.15544871794871795,0.10096153846153846,0.10576923076923077,0.01762820512820512,0.0032051282051282076,1.127906976744186,1.03125,0.015662381748118924,0.016441691321499013,0.002306254109138723,1.1631540697674418,0.9970609424058586,0.9737954353338968,0.0011346948559347791,0.009908167196872,0,0,0.0,0,0.1469017094017094,0.15277777777777776,0.1545138888888889,0.10236378205128205,0.1030982905982906,0.10483440170940171,0.007612179487179488,0.0024706196581196632,0,NON-GERMINATED
zm1_9,6,72,0.000996329135513268,0.000801282051282,0.0035834422716342,0.0010244087336335503,0,0,0,0.5765001780626782,0.4531472578347578,0.004421136642975985,0.0038865901695950456,0.5649038461538461,0.5857371794871795,0.44150641025641024,0.4567307692307692,0.11720975783475783,0.16034544159544162,0.003083814772456908,0.01608537853084283,0.10737179487179487,0.1201923076923077,0.14583333333333334,0.20993589743589744,-0.008012820512820512,0.0641025641025641,0.9324324324324325,1.4395604395604396,0.018747909761030752,0.023214065581854043,0.005919727975016435,1.3422928422928422,0.9797910103316619,0.9210010379425672,0.007720760322001903,0.0297970875667773,1,26,0.3611111111111111,1,0.11865651709401707,0.1187900641025641,0.1141826923076923,0.15037393162393162,0.15224358974358973,0.17841880341880342,-0.00447382478632477,0.028044871794871806,1,GERMINATED
zm1_9,7,72,8.903133903133334e-05,0.0,0.000801282051282,0.0002518186542686973,0,0,0,0.8080818198005697,0.5637019230769229,0.0007065767084824573,0.00040064102564102395,0.8068910256410257,0.8092948717948718,0.563301282051282,0.5641025641025641,0.15057425213675213,0.11120014245014248,0.002425082772079978,0.0009464161158061509,0.14423076923076922,0.15384615384615385,0.10897435897435898,0.11217948717948718,0.009615384615384637,0.0032051282051282076,1.0666666666666669,1.0294117647058825,0.016745846060249106,0.01725838264299803,0.0015409270216962534,1.0980392156862746,0.9987087359358912,0.9855072463768116,0.0005098127928084209,0.0055932971014492,1,1,0.013888888888888888,1,0.14776976495726493,0.15104166666666666,0.15291132478632477,0.11030982905982906,0.1111111111111111,0.11217948717948718,0.0051415598290598385,0.001869658119658127,1,GERMINATED
zm1_9,8,72,0.00018919159544158334,0.0,0.000801282051282,0.0003402974726544624,0,0,0,0.6255675747863249,0.6048677884615384,0.00036420646750252666,0.0018356642352953018,0.625,0.625801282051282,0.6001602564102564,0.6081730769230769,0.14167111823361822,0.1109107905982906,0.002196995994667999,0.0034612901128991554,0.13782051282051283,0.14583333333333334,0.10096153846153846,0.11698717948717949,0.008012820512820512,0.016025641025641024,1.0581395348837208,1.1587301587301586,0.015719488788899845,0.017060630341880344,0.0031460593359631823,1.2260981912144702,0.9967915517365922,0.984375,0.0012459314292297542,0.0059895833333333,1,9,0.125,1,0.13922275641025642,0.14176014957264957,0.1440304487179487,0.10723824786324787,0.1111111111111111,0.11438301282051282,0.004807692307692291,0.007144764957264946,1,GERMINATED
zm1_9,9,72,0.0001604145918177111,0.0,0.0011331839442092,0.00032867641369719973,0,0,0,0.31525997150997154,0.652911324786325,0.0010248276738979076,0.0010170637160608815,0.3125,0.31650641025641024,0.6514423076923077,0.655448717948718,0.13261217948717946,0.1290954415954416,0.00413564705320567,0.0025603283198982214,0.1266025641025641,0.14102564102564102,0.125,0.1346153846153846,0.014423076923076927,0.009615384615384609,1.1139240506329113,1.0769230769230769,0.017129651031393817,0.01898422090729783,0.003158900394477318,1.1996105160662123,0.9974894311133617,0.9768668831168832,0.0009829685950048265,0.0088331604728269,1,9,0.125,1,0.1282719017094017,0.13201121794871795,0.1375534188034188,0.1266025641025641,0.12880608974358973,0.13187767094017097,0.009281517094017089,0.005275106837606874,1,GERMINATED
zm1_9,10,72,0.00022527867573805002,0.0,0.0011331839442092,0.0003813559448443062,0,0,0,0.5112179487179487,0.7045272435897435,0.0015049983533099098,0.0029704829620106083,0.5088141025641025,0.5152243589743589,0.6971153846153846,0.7083333333333334,0.10897435897435898,0.11814458689458689,0.0030099967066198317,0.004596983847373785,0.10096153846153846,0.11378205128205128,0.10897435897435898,0.125,0.012820512820512817,0.016025641025641024,1.126984126984127,1.1470588235294117,0.012888178064960919,0.01422275641025641,0.0032205374753451668,1.2927170868347337,0.9956826626921161,0.9703455964325528,0.0016574991969890652,0.0111156108123424,1,21,0.2916666666666667,1,0.10550213675213675,0.10944177350427349,0.11197916666666667,0.11284722222222222,0.11838942307692309,0.12319711538461538,0.006477029914529919,0.010349893162393153,1,GERMINATED
zm2_1,1,72,0.0002298884242509306,0.0,0.0016025641025641,0.00043349874225359554,0,0,0,0.3445957977207976,0.20848913817663817,0.0005648405244145951,0.0014668233965985955,0.34294871794871795,0.34615384615384615,0.20272435897435898,0.20993589743589744,0.1527332621082621,0.1119123931623932,0.0029336467931971866,0.0028392483474184416,0.14423076923076922,0.15705128205128205,0.10256410256410256,0.11538461538461539,0.01282051282051283,0.01121794871794872,1.088888888888889,1.109375,0.017099510213492583,0.017869617028270873,0.0030767176199868514,1.2079861111111112,0.9954514551175504,0.971830985915493,0.001741418184620495,0.0109008215962441,1,8,0.1111111111111111,1,0.14977297008547008,0.15384615384615385,0.1545806623931624,0.11057692307692309,0.11324786324786325,0.11191239316239315,0.004807692307692318,0.0013354700854700668,1,GERMINATED
zm2_1,2,72,0.00042497899524925417,0.0,0.0017917211358171,0.0005724375538997809,0,0,0,0.5333756232193733,0.2891849180911681,0.00577528623915861,0.0015236052862824321,0.5160256410256411,0.5424679487179487,0.2876602564102564,0.2948717948717949,0.1393117877492877,0.1103320868945869,0.012491683044070825,0.003133773504627704,0.125,0.1794871794871795,0.10576923076923077,0.12179487179487179,0.05288461538461539,0.016025641025641024,1.4177215189873418,1.1515151515151516,0.015407237049364454,0.021860618014464168,0.008469962195923735,1.6325278097429996,0.9925811081969099,0.9552282768777616,0.002872848477993518,0.0164066726565194,1,30,0.4166666666666667,1,0.12927350427350426,0.13521634615384615,0.1534455128205128,0.10763888888888888,0.11030982905982906,0.11304754273504274,0.024172008547008544,0.005408653846153855,1,GERMINATED
zm2_1,3,72,0.00012702783968096112,0.0,0.0011331839442092,0.00030145107214456045,0,0,0,0.731147613960114,0.3201121794871795,0.0009627639224484538,0.0009722368976069199,0.7299679487179487,0.7339743589743589,0.31650641025641024,0.32051282051282054,0.12037037037037036,0.10211894586894585,0.0015926410096152354,0.0010420851060113626,0.11538461538461539,0.12179487179487179,0.09775641025641026,0.10256410256410256,0.0048076923076923045,0.0048076923076923045,1.0416666666666667,1.0491803278688525,0.012293494377328514,0.012491781722550952,0.0010478303747534518,1.092896174863388,0.9976015364890327,0.971005291005291,0.0009220303246312277,0.0108847177118841,0,0,0.0,0,0.11885683760683761,0.12172809829059827,0.12052617521367522,0.1012286324786325,0.10256410256410257,0.10256410256410257,0.001669337606837601,0.0013354700854700807,0,NON-GERMINATED
zm2_1,4,72,0.0005659336478237875,0.000400641025641,0.0017917211358171,0.0006340572905352782,0,0,0,0.31798655626780625,0.3902354878917379,0.004539929960834728,0.005579473599026205,0.30448717948717946,0.32371794871794873,0.3854166666666667,0.40865384615384615,0.1467013888888889,0.13348023504273504,0.008946403711579938,0.015437104183016014,0.1346153846153846,0.17307692307692307,0.12179487179487179,0.1794871794871795,0.038461538461538464,0.056089743589743585,1.2857142857142858,1.4545454545454546,0.01971566186810578,0.03106508875739645,0.014453895463510846,1.8701298701298699,0.9903987944932062,0.9588647959183674,0.00372827879846326,0.0151338909923074,1,26,0.3611111111111111,1,0.13928952991452992,0.14463141025641027,0.1561832264957265,0.12373130341880341,0.12593482905982906,0.15077457264957264,0.016893696581196577,0.027043269230769232,1,GERMINATED
zm2_1,5,72,0.00045263748632651664,0.0,0.0022663678884184,0.0005823064592407935,0,0,0,0.487068198005698,0.46251780626780636,0.0022037504561709434,0.002231563009169212,0.4791666666666667,0.4911858974358974,0.4583333333333333,0.4703525641025641,0.13706374643874641,0.10519052706552706,0.012878730171465548,0.007897611733978887,0.125,0.1794871794871795,0.09935897435897435,0.12980769230769232,0.05448717948717949,0.027243589743589758,1.435897435897436,1.2656250000000002,0.014517423033548835,0.02329881656804734,0.010478303747534518,1.8173076923076925,0.989892488298968,0.9522879009933236,0.003831843461473485,0.0174358042160727,1,27,0.375,1,0.12907318376068375,0.13267895299145302,0.14943910256410256,0.10082799145299144,0.1012286324786325,0.11351495726495726,0.020365918803418814,0.012686965811965822,1,GERMINATED
zm2_1,6,72,0.00016693376068375,0.0,0.000801282051282,0.0003254138069180133,0,0,0,0.7065527065527066,0.4876580306267806,0.0013828547513362714,0.0012574691739664042,0.7043269230769231,0.7091346153846154,0.484775641025641,0.48878205128205127,0.11542913105413105,0.1336582977207977,0.0014864501297243585,0.002598643911294417,0.11378205128205128,0.11858974358974358,0.1233974358974359,0.1362179487179487,0.0048076923076923045,0.012820512820512803,1.0422535211267605,1.1038961038961037,0.015430208276261959,0.01615405161078238,0.0021136382314266913,1.1505396012438265,0.9965809965300126,0.9746835443037974,0.0013051581589399903,0.0088607594936708,1,4,0.05555555555555555,1,0.11424946581196582,0.11491720085470085,0.11712072649572648,0.1314102564102564,0.1344150641025641,0.13514957264957264,0.0028712606837606597,0.003739316239316254,1,GERMINATED
zm2_1,7,72,7.790242165241666e-05,0.0,0.000801282051282,0.00023738792075877132,0,0,0,0.28098290598290604,0.6132144764957265,0.0003777279814030687,0.0004516476114606247,0.28044871794871795,0.28125,0.6129807692307693,0.6145833333333334,0.1631499287749288,0.11651976495726496,0.0019743088373875197,0.0009032952229212507,0.15865384615384615,0.16666666666666666,0.11378205128205128,0.11698717948717949,0.008012820512820512,0.0032051282051282076,1.0505050505050506,1.028169014084507,0.019011472487033384,0.019497863247863248,0.001445903188691651,1.0800967420685732,0.9989358812059308,0.9861111111111112,0.00042307815199825417,0.0053819444444444,1,8,0.1111111111111111,1,0.16099091880341881,0.16319444444444445,0.1652644230769231,0.1155849358974359,0.11698717948717947,0.11698717948717947,0.004273504273504286,0.0014022435897435709,1,GERMINATED
zm2_1,8,72,0.0001780626780626667,0.0,0.000801282051282,0.00033312476734096336,0,0,0,0.8078592414529914,0.6470129985754985,0.000516146662451264,0.0018064533284315116,0.8068910256410257,0.8084935897435898,0.6426282051282052,0.6498397435897436,0.10441150284900284,0.12152777777777778,0.001703124371109443,0.0019260423480042701,0.09935897435897435,0.10576923076923077,0.11538461538461539,0.125,0.006410256410256415,0.009615384615384609,1.0645161290322582,1.0833333333333333,0.012691638530480678,0.013221153846153846,0.001756656804733728,1.153225806451613,0.9968917204696051,0.984126984126984,0.001203638576378928,0.0060763888888889,0,0,0.0,0,0.10276442307692309,0.10530181623931623,0.10516826923076923,0.11985844017094016,0.12212873931623931,0.12259615384615385,0.0024038461538461453,0.0027377136752136932,1,GERMINATED
zm2_1,9,72,0.00010016025641025001,0.0,0.000801282051282,0.00026499912971398475,0,0,0,0.39064725783475784,0.7256387998575499,0.0004217257683737612,0.000607010779170878,0.390224358974359,0.3918269230769231,0.7243589743589743,0.7267628205128205,0.13688568376068375,0.13526086182336183,0.002823500869640223,0.0012140215583417563,0.12980769230769232,0.13942307692307693,0.1330128205128205,0.13782051282051283,0.009615384615384609,0.004807692307692318,1.074074074074074,1.036144578313253,0.01851826883126963,0.01921535996055227,0.0019492726824457615,1.1128960285586793,0.9985231622621724,0.9878048780487804,0.0005819973749063097,0.0047891260162601,1,4,0.05555555555555555,1,0.13334668803418803,0.13788728632478633,0.13942307692307693,0.13394764957264957,0.13548344017094016,0.13635149572649571,0.006076388888888895,0.0024038461538461453,1,GERMINATED
zm2_1,10,72,0.00011128917378916668,0.0,0.000801282051282,0.00027710780800364914,0,0,0,0.6247217770655271,0.7708333333333334,0.0007918754552715523,0.0007554559628061383,0.6233974358974359,0.6266025641025641,0.7700320512820513,0.7716346153846154,0.13009704415954415,0.09472934472934473,0.002223890755080601,0.0005036373085374289,0.12179487179487179,0.13141025641025642,0.09455128205128205,0.09615384615384616,0.009615384615384623,0.0,1.0789473684210527,1.0,0.01232424157854847,0.01263560157790927,0.0009091469428007901,1.0789473684210527,0.9981495815020145,0.9833333333333332,0.0007199844372579223,0.0063541666666666,0,0,0.0,0,0.12860576923076922,0.1311431623931624,0.1305422008547009,0.09455128205128205,0.09508547008547008,0.09455128205128205,0.0019364316239316726,0.0,0,NON-GERMINATED
zm2_10,1,72,0.00022527867573805002,0.0,0.0011331839442092,0.0003813559448443065,0,0,0,0.6526553596866098,0.2041933760683761,0.0016572374256405109,0.0003533321729520007,0.6490384615384616,0.6578525641025641,0.20272435897435898,0.20432692307692307,0.14443108974358976,0.10465633903133902,0.005240337649100808,0.0033641007175764025,0.1346153846153846,0.15865384615384615,0.09455128205128205,0.10897435897435898,0.024038461538461536,0.014423076923076927,1.1785714285714286,1.152542372881356,0.015129763176638179,0.01728920118343195,0.004561143984220906,1.3583535108958837,0.9957895770566315,0.9582167832167832,0.0016200791694087014,0.0151449592074592,1,18,0.25,1,0.1391559829059829,0.14436431623931625,0.14977297008547008,0.10129540598290598,0.10523504273504274,0.10743856837606836,0.01061698717948717,0.006143162393162371,1,GERMINATED
zm2_10,2,72,0.00013815675705987777,0.0,0.0011331839442092,0.00031118954541523535,0,0,0,0.4721554487179487,0.2108150819088319,0.0014054196834835141,0.0011654585706182652,0.4703525641025641,0.4751602564102564,0.2091346153846154,0.21314102564102563,0.11979166666666667,0.13904469373219372,0.0028108393669670404,0.0030744024524246827,0.11378205128205128,0.1233974358974359,0.1330128205128205,0.14423076923076922,0.009615384615384623,0.011217948717948706,1.0845070422535212,1.0843373493975903,0.016664876052396083,0.017797707100591715,0.0026632355358316897,1.1759714916002038,0.9977648321911968,0.975627990430622,0.0008721106251700151,0.0092667729130182,1,22,0.3055555555555556,1,0.11645299145299144,0.1203258547008547,0.12259615384615385,0.13541666666666666,0.13948985042735043,0.1422275641025641,0.006143162393162413,0.0068108974358974395,1,GERMINATED
zm2_10,3,72,0.00018076300622238336,0.0,0.0011331839442092,0.0003575443567001512,0,0,0,0.197872150997151,0.29105457621082625,0.0005955790669631237,0.0008705488473381585,0.1955128205128205,0.1987179487179487,0.2900641025641026,0.2932692307692308,0.1387553418803419,0.11037660256410259,0.005886681848433281,0.0029493940738992753,0.1346153846153846,0.16025641025641027,0.10256410256410256,0.11858974358974358,0.02564102564102566,0.016025641025641024,1.1904761904761907,1.15625,0.015329120610070128,0.019004766600920448,0.005198060486522027,1.3764880952380953,0.9956063151618899,0.9667567567567568,0.0016552856473831042,0.0121559684684684,1,16,0.2222222222222222,1,0.13555021367521367,0.1362179487179487,0.14449786324786326,0.10757211538461538,0.11057692307692307,0.11298076923076923,0.008947649572649596,0.005408653846153855,1,GERMINATED
zm2_10,4,72,0.0002985713488775916,0.0,0.0016025641025641,0.0004429582435163254,0,0,0,0.7277866809116809,0.3919827279202279,0.0028399462086425432,0.0005447488537446747,0.719551282051282,0.7299679487179487,0.391025641025641,0.3926282051282051,0.1482371794871795,0.098869301994302,0.004837278385757164,0.001616721848053318,0.13782051282051283,0.16666666666666666,0.09615384615384616,0.10256410256410256,0.028846153846153827,0.006410256410256401,1.2093023255813953,1.0666666666666667,0.0146626696731865,0.017094017094017092,0.0038420447074293193,1.2899224806201548,0.9953269691625919,0.9696969696969696,0.0018296321698632694,0.0111268939393939,1,12,0.16666666666666666,1,0.14476495726495728,0.14743589743589744,0.15251068376068377,0.09715544871794872,0.09889155982905984,0.10056089743589745,0.007745726495726496,0.0034054487179487336,1,GERMINATED
zm2_10,5,72,0.00011589892230204445,0.0,0.0011331839442092,0.0002909619545824085,0,0,0,0.4119034900284901,0.4214187143874644,0.00026335825245279537,0.0004494484621240344,0.4110576923076923,0.4126602564102564,0.4198717948717949,0.422275641025641,0.11493945868945869,0.1214164886039886,0.0013935608834133321,0.002320692836920053,0.11057692307692307,0.11698717948717949,0.11378205128205128,0.125,0.006410256410256415,0.01121794871794872,1.0579710144927537,1.0985915492957747,0.01395851596172109,0.014623397435897436,0.0020417283037475354,1.1622780159216168,0.9979280291207273,0.9736564805057956,0.000800524107241789,0.0099568013867075,0,0,0.0,0,0.11364850427350427,0.11538461538461538,0.1157852564102564,0.11932425213675213,0.12179487179487179,0.12313034188034189,0.002136752136752129,0.003806089743589758,1,GERMINATED
zm2_10,6,72,0.0002842682043142805,0.0,0.0022663678884184,0.0005079890297645735,0,0,0,0.5462517806267806,0.5190527065527065,0.0011659366856934684,0.0011886600714760187,0.5400641025641025,0.5472756410256411,0.5168269230769231,0.5240384615384616,0.1362179487179487,0.11320334757834757,0.004315035903152648,0.004519381958613207,0.12980769230769232,0.15384615384615385,0.10416666666666667,0.1282051282051282,0.024038461538461536,0.024038461538461522,1.1851851851851851,1.2307692307692306,0.015438804651545037,0.01972386587771203,0.006202231262327414,1.4586894586894585,0.9944424351661634,0.9531772575250836,0.0021299220246470863,0.0178610989936926,1,30,0.4166666666666667,1,0.132411858974359,0.13541666666666666,0.1408253205128205,0.10924145299145299,0.11258012820512821,0.11778846153846152,0.008413461538461509,0.00854700854700853,1,GERMINATED
zm2_10,7,72,0.0005494772212677527,0.0,0.0017917211358171,0.0006344679040235944,0,0,0,0.8265001780626782,0.5651152955840456,0.0054948909816758115,0.0026067098568108025,0.8076923076923077,0.8309294871794872,0.5592948717948718,0.5689102564102564,0.14743589743589747,0.1112224002849003,0.014945336360617291,0.005379539545497822,0.1362179487179487,0.19230769230769232,0.10576923076923077,0.1282051282051282,0.05608974358974361,0.022435897435897426,1.4117647058823533,1.212121212121212,0.016466481698352693,0.024654832347140037,0.010247164694280077,1.7112299465240641,0.9902949470075484,0.9598853868194842,0.003753928741182069,0.0152047333514616,1,34,0.4722222222222222,1,0.13648504273504272,0.14115918803418803,0.16466346153846154,0.10884081196581197,0.10990918803418803,0.11491720085470085,0.028178418803418814,0.006076388888888881,1,GERMINATED
zm2_10,8,72,0.00014928567443879445,0.0,0.0011331839442092,0.0003202458615662713,0,0,0,0.3161057692307692,0.5671741452991453,0.001238464008479657,0.00029862018930285576,0.3141025641025641,0.31810897435897434,0.5665064102564102,0.5673076923076923,0.15473646723646725,0.09842414529914528,0.0034813416659574695,0.0019942821211362243,0.14583333333333334,0.15865384615384615,0.09134615384615384,0.09935897435897435,0.011217948717948706,0.008012820512820512,1.0769230769230769,1.087719298245614,0.01523595159662868,0.01576368343195266,0.00228314020381328,1.1713900134952766,0.9975400086689726,0.9727598566308244,0.000958032654244789,0.0102706197429474,1,5,0.06944444444444445,1,0.15070779914529914,0.15578258547008547,0.1577190170940171,0.09655448717948717,0.09935897435897435,0.09935897435897435,0.0070112179487179516,0.0028044871794871834,1,GERMINATED
zm2_10,9,72,0.00014467592592591668,0.0,0.000801282051282,0.00030821274982472736,0,0,0,0.6301749465811964,0.6808115206552707,0.0016623116031656729,0.0009737007751434275,0.6274038461538461,0.6330128205128205,0.6786858974358975,0.6818910256410257,0.14670138888888884,0.11140046296296299,0.0033246232063313575,0.0024332405035441284,0.14102564102564102,0.15224358974358973,0.10416666666666667,0.11378205128205128,0.011217948717948706,0.009615384615384609,1.0795454545454544,1.0923076923076922,0.016349949092336908,0.017322587935568703,0.0026324169953977627,1.1791958041958042,0.9977254348639237,0.9848484848484848,0.0008901371494785359,0.0058238636363636,1,16,0.2222222222222222,1,0.14282852564102563,0.1468349358974359,0.1504407051282051,0.10870726495726496,0.11184561965811966,0.11364850427350427,0.00761217948717946,0.0049412393162393126,1,GERMINATED
zm2_10,10,72,0.00011589892230204445,0.0,0.0011331839442092,0.0002909619545824083,0,0,0,0.3677662037037037,0.838897792022792,0.0008443321197645609,0.0008434515367475229,0.3661858974358974,0.3685897435897436,0.8373397435897436,0.8397435897435898,0.11351495726495726,0.14503205128205124,0.0021862587531710637,0.002864264234712504,0.10737179487179487,0.11538461538461539,0.13782051282051283,0.14903846153846154,0.006410256410256415,0.011217948717948706,1.0597014925373134,1.0813953488372092,0.016468015491452992,0.017011834319526627,0.002159866042077579,1.1459562651856994,0.9977378705480879,0.974308300395257,0.0008670796076655083,0.009728664425396,1,11,0.1527777777777778,1,0.1111111111111111,0.11511752136752136,0.11431623931623931,0.14182692307692307,0.1452323717948718,0.14803685897435895,0.0032051282051282076,0.006209935897435875,1,GERMINATED
zm2_11,1,72,0.0003319581010143389,0.0,0.0011331839442092,0.00040772941185873674,0,0,0,0.3268674323361824,0.16181445868945868,0.0027314408178268313,0.0037746557916132606,0.32371794871794873,0.33413461538461536,0.15544871794871795,0.16666666666666666,0.10926371082621084,0.11542913105413105,0.003536615157333262,0.005088629778765667,0.09775641025641026,0.11217948717948718,0.10576923076923077,0.125,0.014423076923076927,0.019230769230769232,1.1475409836065573,1.1818181818181819,0.01262800395162174,0.014022435897435898,0.003682815581854045,1.3561847988077498,0.9938760515162919,0.9716179821835508,0.002359154734957203,0.0106702757994931,0,0,0.0,0,0.10536858974358974,0.11077724358974357,0.11164529914529914,0.10917467948717947,0.11705395299145298,0.12005876068376069,0.006276709401709393,0.010884081196581213,1,GERMINATED
zm2_11,2,72,0.00013815675705987777,0.0,0.0011331839442092,0.0003111895454152352,0,0,0,0.6344707086894588,0.23884882478632477,0.0003853563411053398,0.0020807206798721858,0.6330128205128205,0.6346153846153846,0.23317307692307693,0.2403846153846154,0.12742610398860396,0.13154380341880337,0.00179158288039536,0.004161441359744362,0.12179487179487179,0.1282051282051282,0.1201923076923077,0.1346153846153846,0.006410256410256401,0.014423076923076913,1.0526315789473684,1.1199999999999999,0.016768603269504714,0.017258382642998026,0.002619575936883627,1.1789473684210525,0.9977301818376735,0.97515625,0.0008842382489031902,0.009431882063736,1,24,0.3333333333333333,1,0.12586805555555555,0.1282051282051282,0.1282051282051282,0.12640224358974358,0.13361378205128205,0.1346153846153846,0.0023370726495726413,0.008213141025641024,1,GERMINATED
zm2_11,3,72,0.00012702783968096112,0.0,0.0011331839442092,0.00030145107214456045,0,0,0,0.5128872863247863,0.2960848468660969,0.0006083355755304666,0.00048138196122422773,0.5112179487179487,0.5136217948717948,0.2948717948717949,0.296474358974359,0.12161680911680911,0.10677083333333334,0.0018991033660702961,0.0019524828415082053,0.11378205128205128,0.1233974358974359,0.10256410256410256,0.10897435897435898,0.009615384615384623,0.006410256410256415,1.0845070422535212,1.0625,0.012985841448882311,0.013447156476002631,0.001777202498356346,1.1522887323943662,0.997324261996343,0.9713097713097714,0.0010190763970725305,0.010778149605316,0,0,0.0,0,0.12152777777777779,0.1219951923076923,0.12132745726495726,0.1045673076923077,0.10683760683760683,0.10890758547008546,-0.000200320512820526,0.004340277777777762,1,GERMINATED
zm2_11,4,72,0.0001780626780626667,0.0,0.000801282051282,0.0003331247673409635,0,0,0,0.26741675569800566,0.31406917735042733,0.0021698535132694094,0.00031141089253100855,0.2604166666666667,0.2692307692307692,0.31330128205128205,0.31490384615384615,0.14732460826210825,0.10165153133903132,0.006863466000883056,0.0016427126500271584,0.14102564102564102,0.16826923076923078,0.09775641025641026,0.10256410256410256,0.027243589743589758,0.0048076923076923045,1.1931818181818183,1.0491803278688525,0.014981234933158012,0.01725838264299803,0.0034722222222222238,1.2518628912071537,0.9969011330640334,0.978021978021978,0.0012003441683290264,0.0076923076923077,1,27,0.375,1,0.14176014957264957,0.1453659188034188,0.15484775641025642,0.0998263888888889,0.10256410256410257,0.10256410256410257,0.013087606837606847,0.0027377136752136794,1,GERMINATED
zm2_11,5,72,0.0006049866462008403,0.0,0.0073874554946257,0.001160229414011163,0,0,0,0.7816840277777778,0.4437433226495726,0.003838024623299556,0.004061536477091822,0.7772435897435898,0.7900641025641025,0.4407051282051282,0.4583333333333333,0.1015625,0.15395744301994302,0.005035536899333031,0.014507720893740248,0.09455128205128205,0.11217948717948718,0.13782051282051283,0.1987179487179487,0.016025641025641024,0.060897435897435875,1.1666666666666667,1.441860465116279,0.01570468590200161,0.022292077580539117,0.009040105193951344,1.6821705426356586,0.9894278382528062,0.8611322670728612,0.004093497931548403,0.0534055525960052,1,18,0.25,1,0.09662126068376069,0.1013621794871795,0.10670405982905984,0.14309561965811968,0.149105235042735,0.16967147435897437,0.010082799145299151,0.02657585470085469,1,GERMINATED
zm2_11,6,72,0.00035190576353664863,0.0,0.0022663678884184,0.000535128782539613,0,0,0,0.4266938212250712,0.49128605769230776,0.003160279434264726,0.002433113249332545,0.41586538461538464,0.4286858974358974,0.48157051282051283,0.49278846153846156,0.15177617521367523,0.12217325498575499,0.008255916681083697,0.007114399264778141,0.14102564102564102,0.1778846153846154,0.11217948717948718,0.14583333333333334,0.03685897435897437,0.03365384615384616,1.2613636363636365,1.3,0.01860123633711374,0.025941506410256412,0.010121322320841553,1.6397727272727274,0.9932062132611961,0.9597548518896832,0.002606564104880143,0.0155589409660828,1,24,0.3333333333333333,1,0.14576655982905984,0.14950587606837606,0.16005608974358976,0.11651976495726496,0.12045940170940171,0.1295405982905983,0.01428952991452992,0.013020833333333343,1,GERMINATED
zm2_11,7,72,0.00032162009144197915,0.0,0.0016025641025641,0.0004568036535408726,0,0,0,0.6270922364672364,0.4955373041310541,0.0021012150500722766,0.002585527990448919,0.625801282051282,0.6346153846153846,0.4935897435897436,0.5024038461538461,0.13350249287749286,0.13575053418803418,0.010253206328029986,0.005624453990715667,0.1201923076923077,0.16346153846153846,0.1266025641025641,0.14903846153846154,0.04326923076923077,0.02243589743589744,1.3599999999999999,1.1772151898734178,0.01817940756492439,0.024362056213017753,0.009145401873767259,1.601012658227848,0.9932202599370024,0.9667915106117352,0.002581962081486483,0.0121438046192259,1,19,0.2638888888888889,1,0.12426549145299144,0.13080929487179485,0.14543269230769232,0.13034188034188032,0.1344818376068376,0.1424278846153846,0.021167200854700877,0.012086004273504286,1,GERMINATED
zm2_11,8,72,0.000133547008547,0.0,0.000801282051282,0.00029862018930283755,0,0,0,0.2564102564102564,0.549301103988604,0.0008446254434210488,0.0007897611733978866,0.25560897435897434,0.2588141025641026,0.5480769230769231,0.5504807692307693,0.08898682336182336,0.11547364672364674,0.0009983823669874345,0.0007963205048076174,0.08814102564102565,0.09134615384615384,0.11378205128205128,0.11698717948717949,0.0032051282051281937,0.0032051282051282076,1.0363636363636362,1.028169014084507,0.010275950067115933,0.01068632889546351,0.0006574621959237331,1.0655569782330345,0.9973720609234908,0.9821428571428572,0.0010065842323337458,0.0067708333333333,0,0,0.0,0,0.08827457264957266,0.08860844017094016,0.09007745726495726,0.11491720085470085,0.1157184829059829,0.1157852564102564,0.001802884615384609,0.0008680555555555525,1,GERMINATED
zm2_11,9,72,0.00022066892722517222,0.0,0.0011331839442092,0.0003722508041922094,0,0,0,0.726284277065527,0.7273192663817665,0.0006357135306200007,0.0026225548234785298,0.7243589743589743,0.7267628205128205,0.7219551282051282,0.7323717948717948,0.1226184116809117,0.12620192307692304,0.0016678530911088177,0.006414428396646808,0.1201923076923077,0.125,0.11378205128205128,0.13782051282051283,0.0032051282051282076,0.02403846153846155,1.0263157894736843,1.211267605633803,0.015483498669095624,0.017227564102564104,0.003369493754109141,1.2431430689399556,0.9962729853067837,0.9733138365929446,0.0014478899453221042,0.0100767267562053,1,26,0.3611111111111111,1,0.12086004273504274,0.12272970085470086,0.12426549145299144,0.11945779914529915,0.12580128205128205,0.13334668803418803,0.003405448717948706,0.013888888888888881,1,GERMINATED
zm2_11,10,72,0.00019841109246733892,0.0,0.0011331839442092,0.00036064341330255777,0,0,0,0.4892272079772079,0.7542735042735044,0.0006925012992389596,0.0011173344371448622,0.4863782051282051,0.49038461538461536,0.7524038461538461,0.7564102564102564,0.13750890313390313,0.10933048433048434,0.0023382382454894776,0.0032297644492907842,0.1330128205128205,0.14423076923076922,0.10416666666666667,0.11378205128205128,0.011217948717948706,0.009615384615384609,1.0843373493975903,1.0923076923076922,0.015040517819964936,0.016410872781065088,0.0025553706443129497,1.1844300278035216,0.9965602797894019,0.9747409326424872,0.001332869283813093,0.0095772431388655,0,0,0.0,0,0.13534989316239318,0.1372195512820513,0.13995726495726496,0.10556891025641024,0.109375,0.11304754273504274,0.0046073717948717785,0.007478632478632494,1,GERMINATED
zm2_12,1,72,0.0003162194351225445,0.0,0.0011331839442092,0.0003982586087991595,0,0,0,0.3873753561253561,0.24839743589743593,0.003227002261296199,0.0006542440552305472,0.3782051282051282,0.391025641025641,0.2467948717948718,0.24919871794871795,0.15353454415954418,0.10643696581196581,0.0069528573757188915,0.0018456563783500596,0.14583333333333334,0.17307692307692307,0.10256410256410256,0.10897435897435898,0.02724358974358973,0.006410256410256415,1.1868131868131868,1.0625,0.016351161858974356,0.01886094674556213,0.0039036817882971715,1.260989010989011,0.9956206133278778,0.97534165181224,0.001738327968072458,0.0093669914294519,1,34,0.4722222222222222,1,0.14963942307692304,0.1502403846153846,0.16072382478632477,0.10450053418803418,0.10643696581196581,0.10837339743589743,0.011084401709401726,0.003872863247863248,1,GERMINATED
zm2_12,2,72,7.790242165241666e-05,0.0,0.000801282051282,0.0002373879207587714,0,0,0,0.2147435897435897,0.26131810897435903,1.942890293094024e-16,0.0014927276246065753,0.21474358974358973,0.21474358974358973,0.2588141025641026,0.2644230769230769,0.108974358974359,0.12479967948717949,1.6653345369377348e-16,0.002985455249213158,0.10897435897435898,0.10897435897435898,0.11858974358974358,0.12980769230769232,0.0,0.011217948717948734,1.0,1.0945945945945947,0.013599965072320842,0.014145710059171599,0.0012224687705456958,1.0945945945945947,0.9987527408230813,0.9866666666666668,0.00048717728599562225,0.0051874999999999,0,0,0.0,0,0.10897435897435898,0.10897435897435898,0.10897435897435898,0.12139423076923077,0.1250667735042735,0.12793803418803418,0.0,0.006543803418803409,1,GERMINATED
zm2_12,3,72,5.564458689458334e-05,0.0,0.000801282051282,0.00020369263285392145,0,0,0,0.5894208511396012,0.3040865384615384,0.0006631751653952779,0.0004006410256410242,0.5873397435897436,0.5897435897435898,0.3036858974358974,0.30448717948717946,0.127559650997151,0.12713675213675213,0.0013263503307905545,0.000999374302022951,0.1233974358974359,0.1282051282051282,0.125,0.1282051282051282,0.004807692307692291,0.0032051282051281937,1.0389610389610389,1.0256410256410255,0.016218399581780993,0.016436554898093356,0.0010118754109138678,1.0656010656010653,0.99912309765949,0.9871794871794872,0.0003430848006599556,0.0050080128205128,0,0,0.0,0,0.12626869658119658,0.1282051282051282,0.1282051282051282,0.12620192307692307,0.12700320512820512,0.1282051282051282,0.001936431623931617,0.002003205128205121,1,GERMINATED
zm2_12,4,72,0.00014467592592591668,0.0,0.000801282051282,0.00030821274982472736,0,0,0,0.672019675925926,0.43491809116809116,0.00043941611071941067,0.0004856086233367022,0.6706730769230769,0.6722756410256411,0.43349358974358976,0.4358974358974359,0.10877403846153848,0.1426727207977208,0.0018684653551860595,0.0036910443268734407,0.10416666666666667,0.11057692307692307,0.1346153846153846,0.14903846153846154,0.006410256410256401,0.014423076923076927,1.0615384615384615,1.1071428571428572,0.015525517466122435,0.01648021449704142,0.0024577785996055205,1.175274725274725,0.9977710505985554,0.9848484848484848,0.0008741716423574279,0.0058238636363636,0,0,0.0,0,0.1066372863247863,0.10910790598290598,0.11057692307692307,0.13828792735042736,0.14289529914529914,0.1468349358974359,0.003939636752136766,0.008547008547008544,1,GERMINATED
zm2_12,5,72,0.00016502434033058888,0.0,0.0011331839442092,0.00033977256368529507,0,0,0,0.3154046474358974,0.5173165954415955,0.0015541882762162597,0.0005433829957146389,0.3108974358974359,0.31810897435897434,0.5160256410256411,0.5176282051282052,0.1394898504273504,0.10532407407407406,0.005175269668712241,0.0011710244335795842,0.1282051282051282,0.15224358974358973,0.10256410256410256,0.10737179487179487,0.024038461538461536,0.0048076923076923045,1.1875,1.046875,0.014696876826283876,0.01634666748849441,0.0031974235700197237,1.2431640625,0.9970018510252017,0.9727525486561632,0.001156617962394268,0.0102731775340788,1,11,0.1527777777777778,1,0.13394764957264957,0.13969017094017094,0.14483173076923075,0.10416666666666667,0.10576923076923077,0.10603632478632478,0.010884081196581186,0.001869658119658113,1,GERMINATED
zm2_12,6,72,4.4515669515666665e-05,0.0,0.000801282051282,0.00018354280740818176,0,0,0,0.18813434829059825,0.5624332264957265,0.00032541380691803265,0.0003202344767169276,0.1875,0.18830128205128205,0.561698717948718,0.563301282051282,0.12925124643874641,0.11115562678062679,0.0012853779129256577,0.002091289110852274,0.125,0.12980769230769232,0.10416666666666667,0.11217948717948718,0.004807692307692318,0.008012820512820512,1.0384615384615385,1.0769230769230769,0.014369501173387391,0.014561760355029587,0.0015409270216962534,1.1183431952662723,0.9984627670063494,0.9701492537313432,0.000566966732962907,0.0104477611940298,0,0,0.0,0,0.1281383547008547,0.12980769230769232,0.12980769230769232,0.10910790598290598,0.11217948717948718,0.11217948717948718,0.0016693376068376287,0.0030715811965811995,0,NON-GERMINATED
zm2_12,7,72,0.0003906978896252486,0.0,0.0025338763302631,0.0006255530877103242,0,0,0,0.49752938034188027,0.5780582264957265,0.004709780976117066,0.0010060442824065072,0.49278846153846156,0.5144230769230769,0.5769230769230769,0.5817307692307693,0.130252849002849,0.11596331908831908,0.011259912805113688,0.0026211376602591737,0.11858974358974358,0.16987179487179488,0.10737179487179487,0.11858974358974358,0.051282051282051294,0.01121794871794872,1.4324324324324325,1.1044776119402986,0.015119918365110674,0.020145052596975674,0.007411858974358976,1.582089552238806,0.9929654431539061,0.9580301455301456,0.002716048524389236,0.01633646867912,1,25,0.3472222222222222,1,0.12212873931623931,0.12720352564102563,0.14142628205128205,0.11338141025641026,0.11698717948717947,0.1175213675213675,0.019297542735042736,0.00413995726495725,1,GERMINATED
zm2_12,8,72,0.0003542159357721736,0.0,0.0016025641025641,0.00043201867083781254,0,0,0,0.7143429487179487,0.5953859508547007,0.0014258918605811002,0.0032941407452589688,0.7107371794871795,0.7163461538461539,0.5841346153846154,0.5977564102564102,0.1350605413105413,0.12315259971509973,0.002620003377771043,0.008436365354243913,0.1266025641025641,0.13782051282051283,0.11057692307692307,0.14903846153846154,0.008012820512820512,0.038461538461538464,1.0632911392405062,1.3478260869565217,0.016637731481481483,0.020062869822485205,0.006063547830374752,1.4331315354980736,0.9943915214156966,0.9744182208285196,0.002193207862758042,0.0096901922737541,1,23,0.3194444444444444,1,0.1328125,0.13688568376068375,0.13548344017094016,0.11685363247863247,0.12072649572649573,0.13187767094017094,0.0026709401709401615,0.015024038461538478,1,GERMINATED
zm2_12,9,72,0.0002985713488775889,0.0,0.0011331839442092,0.0004006774245142294,0,0,0,0.6077724358974357,0.7356770833333333,0.0010430354802225734,0.004467217302993833,0.6057692307692307,0.6089743589743589,0.7315705128205128,0.7483974358974359,0.1064814814814815,0.14389690170940173,0.0022488124893723445,0.009397525641933198,0.10096153846153846,0.10897435897435898,0.1346153846153846,0.16987179487179488,0.006410256410256401,0.03525641025641027,1.0634920634920635,1.261904761904762,0.015337074932427495,0.018239439513477975,0.004648463182117028,1.3420256991685564,0.9955355125518304,0.9744667097608274,0.0017566419836297596,0.0096732211474464,1,26,0.3611111111111111,1,0.10383279914529915,0.10697115384615384,0.10864049145299144,0.13541666666666666,0.14129273504273504,0.15498130341880342,0.004807692307692291,0.019564636752136766,1,GERMINATED
zm2_12,10,72,0.00010016025641025001,0.0,0.000801282051282,0.0002649991297139848,0,0,0,0.39418625356125353,0.848201566951567,0.0006662495346819663,0.00039816025240380754,0.3918269230769231,0.39503205128205127,0.8477564102564102,0.8485576923076923,0.09285968660968662,0.1383992165242165,0.0013324990693639384,0.0027408786109085026,0.08814102564102565,0.09455128205128205,0.13141025641025642,0.14102564102564102,0.0048076923076923045,0.009615384615384609,1.0545454545454545,1.073170731707317,0.012853150510902918,0.013108152531229454,0.001525517751479289,1.1317073170731706,0.9978305776647515,0.9596348884381338,0.0008244019840037027,0.0146486223799864,0,0,0.0,0,0.09268162393162394,0.09294871794871795,0.09294871794871795,0.13508279914529916,0.1390892094017094,0.14102564102564102,0.00026709401709401615,0.005942841880341859,0,NON-GERMINATED
zm2_2,1,72,8.903133903133333e-05,0.0,0.000801282051282,0.0002518186542686973,0,0,0,0.7040041844729347,0.2646233974358974,0.0003929942036816575,0.0007642576884521608,0.7035256410256411,0.7043269230769231,0.2636217948717949,0.2676282051282051,0.11442752849002852,0.13630698005698005,0.0007859884073633223,0.0019424344933468203,0.11378205128205128,0.11538461538461539,0.1330128205128205,0.13942307692307693,0.0016025641025641107,0.004807692307692318,1.0140845070422535,1.0357142857142858,0.01559856882122507,0.016087278106508878,0.0007704635108481302,1.0503018108651914,0.9986611833022138,0.9861111111111112,0.0005264562145954861,0.0053819444444444,0,0,0.0,0,0.11378205128205128,0.1141159188034188,0.11538461538461538,0.1344150641025641,0.1360844017094017,0.13842147435897437,0.0016025641025640969,0.00400641025641027,1,GERMINATED
zm2_2,2,72,0.00012241809116808334,0.0,0.000801282051282,0.00028827977757718543,0,0,0,0.577034366096866,0.27695423789173795,0.00027710780800366584,0.0016696343515927403,0.5769230769230769,0.5777243589743589,0.27323717948717946,0.2796474358974359,0.1013176638176638,0.1351940883190883,0.001714864697672562,0.003339268703185486,0.09775641025641026,0.10256410256410256,0.12980769230769232,0.14262820512820512,0.0048076923076923045,0.012820512820512803,1.0491803278688525,1.0987654320987652,0.013701908809080284,0.01462853385930309,0.001938999835634449,1.1528030763003438,0.9980380335845747,0.9838709677419356,0.0007662600046581125,0.0061659946236559,1,27,0.375,1,0.09902510683760683,0.10236378205128205,0.10256410256410257,0.13174412393162394,0.13474893162393162,0.1390892094017094,0.0035389957264957417,0.007345085470085472,1,GERMINATED
zm2_2,3,72,0.00010016025641025001,0.0,0.000801282051282,0.0002649991297139848,0,0,0,0.43928062678062674,0.3154602920227921,0.0010102213067939973,0.0006493034252944615,0.43830128205128205,0.4407051282051282,0.31490384615384615,0.31650641025641024,0.1476139601139601,0.11017628205128209,0.002484915551451717,0.0006939306120067593,0.13942307692307693,0.14903846153846154,0.10897435897435898,0.11057692307692307,0.009615384615384609,0.0016025641025640969,1.0689655172413792,1.0147058823529411,0.016264556053217912,0.01648021449704142,0.0012866740631163678,1.0846855983772818,0.9981779700228971,0.9782608695652174,0.0007028146586526501,0.0076086956521739,0,0,0.0,0,0.14509882478632477,0.14870459401709402,0.14903846153846154,0.10990918803418803,0.11004273504273504,0.11057692307692307,0.003939636752136766,0.0006677350427350404,0,NON-GERMINATED
zm2_2,4,72,0.00016041459181771248,0.0,0.0016025641025641,0.0003547717412826297,0,0,0,0.6912504451566951,0.4672475961538463,0.0005312819739262805,0.0008750896382265699,0.6907051282051282,0.6923076923076923,0.46314102564102566,0.46875,0.09791221509971508,0.1407808048433048,0.0018342130503993142,0.0034789928463944833,0.09134615384615384,0.09935897435897435,0.1346153846153846,0.15384615384615385,0.008012820512820512,0.019230769230769246,1.087719298245614,1.142857142857143,0.013788443275622763,0.015285996055226824,0.002989398422090731,1.243107769423559,0.9970034351966373,0.9726906158357772,0.00115306716585845,0.010294854021214,1,20,0.2777777777777778,1,0.09615384615384615,0.09822382478632478,0.09935897435897435,0.13802083333333334,0.13989049145299146,0.14443108974358973,0.0032051282051282076,0.0064102564102563875,1,GERMINATED
zm2_2,5,72,3.799650064962778e-05,0.0,0.0011331839442092,0.00018500235923384797,0,0,0,0.25490785256410253,0.5032719017094016,0.00026499912971400085,0.00022146265961240543,0.2548076923076923,0.25560897435897434,0.5032051282051282,0.5040064102564102,0.11838942307692307,0.12780448717948717,0.0005299982594280007,0.0011565510200112657,0.11698717948717949,0.11858974358974358,0.1233974358974359,0.1282051282051282,0.0016025641025640969,0.004807692307692291,1.0136986301369864,1.0389610389610389,0.01513126130013149,0.015203813280736356,0.0007678952991452964,1.053193381960505,0.9992871758991222,0.9741554054054054,0.00027418616072952224,0.0097821776718441,0,0,0.0,0,0.11798878205128205,0.11858974358974357,0.11858974358974357,0.12700320512820512,0.1282051282051282,0.1282051282051282,0.0006009615384615224,0.0012019230769230727,0,NON-GERMINATED
zm2_2,6,72,0.00010087801707449304,0.0,0.0017917211358171,0.000325192017688269,0,0,0,0.5778912927350426,0.6309539707977208,0.0004985705302840871,0.0013343103196538655,0.5777243589743589,0.5801282051282052,0.625,0.6314102564102564,0.10721599002849001,0.13098735754985752,0.0004747758415175712,0.0013876827324400245,0.10576923076923077,0.10737179487179487,0.125,0.13141025641025642,0.0016025641025640969,0.006410256410256415,1.0151515151515151,1.0512820512820513,0.014044301366516913,0.014109755095332018,0.0008886012491781722,1.0672105672105672,0.9980192411603633,0.9615107913669064,0.0007588363049712653,0.0146358417598638,0,0,0.0,0,0.10690438034188032,0.10737179487179487,0.10737179487179487,0.1301415598290598,0.13141025641025642,0.13141025641025642,0.00046741452991454213,0.0012686965811966044,0,NON-GERMINATED
zm2_2,7,72,0.0007732352905215333,0.0,0.0096487136048015,0.0016409230419916787,0,0,0,0.39804798789173795,0.6395788817663817,0.004995966736683584,0.004182045179072589,0.3926282051282051,0.41746794871794873,0.6370192307692307,0.657051282051282,0.1502181267806268,0.13141025641025642,0.005301618139017089,0.0089625863972022,0.13782051282051283,0.16666666666666666,0.125,0.17307692307692307,0.020833333333333315,0.04807692307692307,1.1511627906976742,1.3846153846153846,0.019755897184783402,0.027459319526627217,0.010231755424063113,1.5939177101967796,0.9868571276681514,0.8331894691411308,0.005102608254986047,0.0646553496437252,1,25,0.3472222222222222,1,0.1452323717948718,0.14983974358974358,0.15558226495726496,0.12860576923076922,0.12900641025641024,0.13661858974358976,0.010349893162393153,0.00801282051282054,1,GERMINATED
zm2_2,8,72,0.0005337385553759598,0.0,0.0017917211358171,0.0006477637628282475,0,0,0,0.6889467592592591,0.7115050747863249,0.002435682495129898,0.007131257075846115,0.6794871794871795,0.6907051282051282,0.7059294871794872,0.7315705128205128,0.12001424501424503,0.14260594729344728,0.010006425440332704,0.018932601119975277,0.11217948717948718,0.15064102564102563,0.12179487179487179,0.19391025641025642,0.03846153846153845,0.07211538461538462,1.3428571428571427,1.592105263157895,0.01730211358116006,0.029210839907955293,0.015547953648915187,2.13796992481203,0.9891946172313071,0.9522845575477156,0.00412881403003692,0.0167004048582995,1,29,0.4027777777777778,1,0.11331463675213675,0.11538461538461538,0.13134348290598288,0.12793803418803418,0.13514957264957264,0.16473023504273507,0.01802884615384613,0.03679220085470089,1,GERMINATED
zm2_2,9,72,0.00012702783968096112,0.0,0.0011331839442092,0.00030145107214456045,0,0,0,0.27891292735042733,0.7224559294871796,0.0020977935459942504,0.0004314519225200337,0.27564102564102566,0.2828525641025641,0.7219551282051282,0.7235576923076923,0.13394764957264957,0.10485665954415953,0.0012166711510609334,0.0009931584542967897,0.12980769230769232,0.1346153846153846,0.10256410256410256,0.10576923076923077,0.004807692307692291,0.0016025641025640969,1.037037037037037,1.0153846153846153,0.014045977838045145,0.014238165680473373,0.000716531065088755,1.0529914529914528,0.9978705969611666,0.9731240981240982,0.0008278591593843208,0.0101431352203016,0,0,0.0,0,0.13341346153846154,0.1340144230769231,0.1344150641025641,0.10383279914529915,0.10496794871794872,0.10576923076923077,0.0010016025641025605,0.001936431623931617,0,NON-GERMINATED
zm2_2,10,72,0.00011391635480657083,0.0,0.0017917211358171,0.00032085711275368103,0,0,0,0.4242232015669516,0.8421029202279203,0.0011318169160084443,0.00018354280740819315,0.4206730769230769,0.4254807692307692,0.8413461538461539,0.8421474358974359,0.11522881054131057,0.10087250712250712,0.0011064181376100946,0.0003670856148163883,0.11378205128205128,0.1201923076923077,0.09935897435897435,0.10096153846153846,0.006410256410256415,0.0016025641025641107,1.0563380281690142,1.0161290322580645,0.011623547818960477,0.012134800295857989,0.0008295323800131503,1.0733757383007725,0.9978751552931604,0.9570011025358324,0.0008177412780181,0.0162142328507398,1,3,0.041666666666666664,1,0.11431623931623931,0.11538461538461538,0.11598557692307691,0.10069444444444446,0.10096153846153848,0.10096153846153848,0.001669337606837601,0.00026709401709401615,1,GERMINATED
zm2_3,1,72,0.00031423686762707497,0.0,0.0024038461538461,0.0005165933241989483,0,0,0,0.6167312143874644,0.21186120014245013,0.0013409768203166861,0.000941101156780407,0.6137820512820513,0.6209935897435898,0.2107371794871795,0.21314102564102563,0.1415375712250712,0.11990295584045585,0.005696223053477893,0.001674966767285365,0.1282051282051282,0.16185897435897437,0.11858974358974358,0.125,0.03365384615384617,0.006410256410256415,1.2625000000000002,1.0540540540540542,0.01697837622817591,0.020232371794871796,0.00502855851413544,1.3307432432432433,0.9953876096870657,0.9676313785224676,0.0018185905734845415,0.0124936362554174,1,16,0.2222222222222222,1,0.13608440170940173,0.14169337606837606,0.1468349358974359,0.11872329059829058,0.1191239316239316,0.1218616452991453,0.010750534188034178,0.0031383547008547175,1,GERMINATED
zm2_3,2,72,0.00020954000984625557,0.0,0.0011331839442092,0.00036666199583834707,0,0,0,0.239349626068376,0.35555778133903143,0.0021551917859925916,0.0003531568654874994,0.23237179487179488,0.24118589743589744,0.35496794871794873,0.3557692307692308,0.13908920940170938,0.11536235754985756,0.00528777015143012,0.0011792452082398147,0.1282051282051282,0.15384615384615385,0.11057692307692307,0.11698717948717949,0.02564102564102566,0.006410256410256415,1.2000000000000002,1.0579710144927537,0.0160511091250274,0.01799802761341223,0.00382149901380671,1.2695652173913046,0.9967094118353352,0.9743716931216932,0.0012879068640327806,0.0097064769711433,1,23,0.3194444444444444,1,0.1345486111111111,0.13842147435897437,0.14429754273504272,0.11444978632478632,0.11538461538461538,0.11625267094017093,0.009748931623931617,0.001802884615384609,1,GERMINATED
zm2_3,3,72,0.00016963408884346668,0.0,0.0011331839442092,0.0003504569953403681,0,0,0,0.7794805021367524,0.37117165242165245,0.000596306460319567,0.0006838626912276162,0.7772435897435898,0.780448717948718,0.3701923076923077,0.37259615384615385,0.12880608974358973,0.14040242165242164,0.0026092980345325803,0.004914497656692511,0.11858974358974358,0.12980769230769232,0.1282051282051282,0.14743589743589744,0.011217948717948734,0.019230769230769246,1.0945945945945947,1.1500000000000001,0.018094727917945065,0.019138313609467456,0.0039345003287311,1.2587837837837839,0.9968353698921422,0.9646856158484064,0.0012178826954984529,0.012880867786391,1,4,0.05555555555555555,1,0.1268028846153846,0.12980769230769232,0.12980769230769232,0.13481570512820515,0.14115918803418803,0.1452323717948718,0.0030048076923077094,0.010416666666666657,1,GERMINATED
zm2_3,4,72,0.0003384772698803833,0.0,0.0016025641025641,0.00048292008227600693,0,0,0,0.5302595263532763,0.47899973290598297,0.0005084100685764052,0.0034385113115825918,0.5296474358974359,0.53125,0.4719551282051282,0.49038461538461536,0.11135594729344733,0.14452012108262105,0.0008855709697328093,0.008264073577455679,0.10897435897435898,0.11217948717948718,0.1266025641025641,0.16987179487179488,0.0032051282051282076,0.04326923076923078,1.0294117647058825,1.3417721518987342,0.016097622292534156,0.01905613083497699,0.005259697567389879,1.3812360387192855,0.9951511696675445,0.9733404902487028,0.0019171008417816612,0.0100673979766899,1,26,0.3611111111111111,1,0.11044337606837606,0.11144497863247864,0.11217948717948718,0.13815438034188035,0.14342948717948717,0.15197649572649571,0.0017361111111111188,0.013822115384615363,1,GERMINATED
zm2_3,5,72,0.00015580484330483333,0.0,0.000801282051282,0.00031712533050156033,0,0,0,0.12209535256410257,0.49245459401709407,0.0005887817871443772,0.0005128970184207372,0.12099358974358974,0.1233974358974359,0.49198717948717946,0.4935897435897436,0.12524483618233617,0.1314102564102564,0.003599925248234054,0.0024038461538461535,0.11698717948717949,0.13141025641025642,0.1233974358974359,0.1346153846153846,0.014423076923076927,0.011217948717948706,1.1232876712328768,1.0909090909090908,0.01646616067188984,0.01768984220907298,0.0032539242274819188,1.2254047322540473,0.99719692350641,0.9746835443037974,0.0010823499209047095,0.0088607594936708,1,12,0.16666666666666666,1,0.12126068376068377,0.12526709401709402,0.12920673076923075,0.12927350427350426,0.13154380341880342,0.13341346153846154,0.00794604700854698,0.004139957264957278,1,GERMINATED
zm2_3,6,72,0.000133547008547,0.0,0.000801282051282,0.0002986201893028375,0,0,0,0.34672142094017094,0.5252181267806268,0.0004516476114606251,0.001042797967870587,0.34615384615384615,0.34775641025641024,0.5224358974358975,0.5264423076923077,0.11313657407407408,0.15228810541310545,0.0007859884073633152,0.003861076802442314,0.11217948717948718,0.11378205128205128,0.14583333333333334,0.16025641025641027,0.0016025641025640969,0.014423076923076927,1.0142857142857142,1.098901098901099,0.017231523428939292,0.01823430309007232,0.0018747945430637736,1.1145996860282574,0.9981101190982103,0.9859154929577464,0.0007482638711819223,0.005450410798122,1,26,0.3611111111111111,1,0.11231303418803419,0.11331463675213675,0.11378205128205128,0.1482371794871795,0.1517761752136752,0.15685096153846154,0.0014690170940170888,0.008613782051282048,1,GERMINATED
zm2_3,7,72,0.0003634354327979319,0.0,0.0016025641025641,0.0004832475119128676,0,0,0,0.7352541844729346,0.5676972044159543,0.0010228316668544127,0.003676772660095235,0.7339743589743589,0.7371794871794872,0.5560897435897436,0.5721153846153846,0.11126691595441598,0.12693643162393162,0.0016642848507772564,0.00925987453953696,0.10737179487179487,0.11538461538461539,0.11858974358974358,0.15705128205128205,0.008012820512820526,0.038461538461538464,1.074626865671642,1.3243243243243243,0.014136079265285996,0.01812130177514793,0.005388108152531233,1.4231544977813637,0.9931798220502608,0.9714285714285714,0.002623295313727382,0.0110416666666666,1,15,0.20833333333333334,1,0.1109775641025641,0.11017628205128205,0.11264690170940171,0.1202590811965812,0.1232638888888889,0.13728632478632477,0.0016693376068376148,0.01702724358974357,1,GERMINATED
zm2_3,8,72,0.0001492856744387958,0.0,0.0016025641025641,0.00034697581377119086,0,0,0,0.5504918981481483,0.692897524928775,0.000660930278280858,0.0009347628139259983,0.5496794871794872,0.5520833333333334,0.6907051282051282,0.6947115384615384,0.1449207621082621,0.1109553062678063,0.002734635658799238,0.0018790411597884552,0.1362179487179487,0.14743589743589744,0.10737179487179487,0.11538461538461539,0.011217948717948734,0.008012820512820526,1.0823529411764707,1.074626865671642,0.016084210520308277,0.017011834319526627,0.0023858686719263663,1.1631255487269536,0.9975143391704508,0.9710144927536232,0.0009670169787273973,0.0111865942028985,1,8,0.1111111111111111,1,0.14196047008547008,0.14556623931623933,0.1472355769230769,0.10917467948717947,0.11057692307692307,0.11311431623931624,0.005275106837606819,0.003939636752136766,1,GERMINATED
zm2_3,9,72,0.00016693376068375,0.0,0.000801282051282,0.00032541380691801324,0,0,0,0.2997796474358975,0.7350316061253562,0.0006110778985618007,0.001162905303681414,0.2988782051282051,0.3004807692307692,0.7315705128205128,0.7363782051282052,0.10178507834757834,0.1575186965811966,0.002119876191842178,0.003221086296792826,0.09615384615384616,0.10416666666666667,0.14903846153846154,0.16506410256410256,0.008012820512820512,0.016025641025641024,1.0833333333333333,1.10752688172043,0.016039088467473886,0.017194177350427352,0.0028635560486522035,1.199820788530466,0.9974859110266246,0.9836065573770492,0.0009884380851257887,0.0062585382513661,1,25,0.3472222222222222,1,0.09955929487179489,0.10209668803418803,0.10369925213675213,0.1544471153846154,0.15758547008547008,0.16052350427350426,0.004139957264957236,0.006076388888888867,1,GERMINATED
zm2_3,10,72,8.712191867817223e-05,0.0,0.0011331839442092,0.00026956703618798416,0,0,0,0.7105368589743591,0.7741386217948718,0.0006369786334247744,0.0002649991297140006,0.7075320512820513,0.7107371794871795,0.7740384615384616,0.7748397435897436,0.10398860398860398,0.13891114672364668,0.0005700787248426701,0.0021001538005054068,0.10096153846153846,0.10416666666666667,0.1330128205128205,0.14102564102564102,0.0032051282051282076,0.008012820512820512,1.0317460317460319,1.0602409638554218,0.014445976810760467,0.01469017094017094,0.0012609919460880997,1.0938994071524193,0.9983393165642559,0.97265625,0.0006378684496512528,0.0103068820637359,1,7,0.09722222222222222,1,0.10363247863247864,0.10416666666666667,0.10416666666666667,0.13675213675213677,0.1389556623931624,0.14102564102564102,0.0005341880341880323,0.004273504273504258,1,GERMINATED
zm2_4,1,72,5.564458689458334e-05,0.0,0.000801282051282,0.00020369263285392145,0,0,0,0.6369747150997151,0.23076923076923078,0.00022698626752104542,3.885780586188048e-16,0.6362179487179487,0.6378205128205128,0.23076923076923078,0.23076923076923078,0.1482371794871795,0.10256410256410255,0.002068901360153536,1.3877787807814457e-16,0.14102564102564102,0.14903846153846154,0.10256410256410256,0.10256410256410256,0.008012820512820512,0.0,1.0568181818181819,1.0,0.015203813280736354,0.015285996055226824,0.0008218277449046681,1.0568181818181819,0.9992366898535313,0.9887640449438202,0.00030332753274547365,0.0044534176029962,0,0,0.0,0,0.1466346153846154,0.14903846153846154,0.14903846153846154,0.10256410256410257,0.10256410256410257,0.10256410256410257,0.0024038461538461453,0.0,0,NON-GERMINATED
zm2_4,2,72,0.00015850517146455,0.0,0.0011331839442092,0.00034286227344783706,0,0,0,0.2982549857549857,0.3114761396011396,0.0010190102512695472,0.0016148822246453867,0.296474358974359,0.29967948717948717,0.3092948717948718,0.3141025641025641,0.15527065527065528,0.1074608262108262,0.003200178197224263,0.0015317530746158526,0.14743589743589744,0.16025641025641027,0.10256410256410256,0.10897435897435898,0.01282051282051283,0.006410256410256415,1.0869565217391306,1.0625,0.01668934540278691,0.017463839579224195,0.0023422090729783036,1.1548913043478262,0.9971998459735651,0.9741407528641572,0.0010830822707041318,0.0097873060612809,1,18,0.25,1,0.1517094017094017,0.15518162393162394,0.15892094017094016,0.10616987179487179,0.10777243589743589,0.10844017094017094,0.007211538461538464,0.002270299145299151,1,GERMINATED
zm2_4,3,72,5.83449150543e-05,0.0,0.0011331839442092,0.00024293555340623978,0,0,0,0.4926549145299146,0.3221376424501424,0.0005341880341880442,0.00013167912622639763,0.4895833333333333,0.49278846153846156,0.32211538461538464,0.3229166666666667,0.11351495726495726,0.13759793447293445,0.0010683760683760674,0.0008574323488362843,0.10737179487179487,0.11378205128205128,0.1330128205128205,0.13782051282051283,0.006410256410256415,0.004807692307692318,1.0597014925373134,1.036144578313253,0.015620327281485137,0.015681500657462197,0.0013996753780407649,1.0980039561229997,0.9987172316461757,0.973564425770308,0.00048689311862381803,0.0099890205441281,1,14,0.19444444444444445,1,0.11298076923076923,0.11378205128205128,0.11378205128205128,0.1371527777777778,0.13782051282051283,0.13782051282051283,0.0008012820512820484,0.0006677350427350404,1,GERMINATED
zm2_4,4,72,4.9125418028544446e-05,0.0,0.0011331839442092,0.00020536236761674193,0,0,0,0.6409366096866098,0.4351851851851851,0.0002850393624213649,0.0002518186542687122,0.6394230769230769,0.6410256410256411,0.43509615384615385,0.4358974358974359,0.12161680911680911,0.12611289173789172,0.0005700787248426678,0.0013257899405124112,0.11858974358974358,0.12179487179487179,0.12179487179487179,0.1266025641025641,0.0032051282051282076,0.0048076923076923045,1.027027027027027,1.0394736842105263,0.015338145020637005,0.015419543063773833,0.0009759204470742942,1.0675675675675675,0.9991001626282272,0.9741902834008096,0.0003468746018390125,0.0097699703734525,0,0,0.0,0,0.12126068376068376,0.12179487179487179,0.12179487179487179,0.125133547008547,0.1266025641025641,0.1266025641025641,0.0005341880341880323,0.0014690170940170888,0,NON-GERMINATED
zm2_4,5,72,0.00014276650557275557,0.0,0.0011331839442092,0.00032320481018932227,0,0,0,0.34837962962962954,0.4980524394586894,0.0006295466356717815,0.0007293475061347439,0.3469551282051282,0.34935897435897434,0.49759615384615385,0.5,0.10830662393162394,0.1298744658119658,0.0028486550491054405,0.002663417558116869,0.10416666666666667,0.11378205128205128,0.12179487179487179,0.1346153846153846,0.009615384615384609,0.012820512820512817,1.0923076923076922,1.1052631578947367,0.01407305106974578,0.015316814595660748,0.002629848783694936,1.2072874493927124,0.9974063368901945,0.9725378787878788,0.001000580317054225,0.0103483119879784,1,19,0.2638888888888889,1,0.10556891025641024,0.10770566239316237,0.11164529914529914,0.12747061965811965,0.12980769230769232,0.13234508547008547,0.006076388888888895,0.004874465811965822,1,GERMINATED
zm2_4,6,72,0.0005237768774733332,0.000801282051282,0.0022663678884184,0.0005525295432006548,0,0,0,0.8446848290598291,0.5324296652421653,0.0059454672247735,0.0030540312400222556,0.8349358974358975,0.8509615384615384,0.5256410256410257,0.5352564102564102,0.15242165242165243,0.12504451566951566,0.023355925648356028,0.002016024194128249,0.12980769230769232,0.19391025641025642,0.11858974358974358,0.1266025641025641,0.0625,0.006410256410256415,1.475609756097561,1.0540540540540542,0.01907478603942947,0.024549535667324127,0.008654873438527286,1.5553724456163482,0.9910509089285434,0.9540636042402828,0.003472636845367446,0.017550877643373,1,46,0.6388888888888888,1,0.13221153846153846,0.14169337606837606,0.18336004273504272,0.12286324786324787,0.1266025641025641,0.12566773504273504,0.05114850427350426,0.0028044871794871695,1,GERMINATED
zm2_4,7,72,0.0003411775980400958,0.0,0.0016025641025641,0.00044238773457570173,0,0,0,0.0994702635327635,0.5547208867521367,0.005155512266123781,0.0024386045783019606,0.0921474358974359,0.10576923076923077,0.5512820512820513,0.5584935897435898,0.13434829059829057,0.11104433760683764,0.004050681326950614,0.0017399591641019492,0.12179487179487179,0.13782051282051283,0.10737179487179487,0.11538461538461539,0.016025641025641038,0.004807692307692318,1.1315789473684212,1.0447761194029852,0.01492220173359997,0.015532544378698224,0.0023833004602235395,1.1822466614296938,0.9934872194664486,0.960349962769918,0.0025012386254689915,0.0143983463638619,1,22,0.3055555555555556,1,0.13368055555555555,0.13254540598290598,0.13681891025641027,0.10984241452991454,0.11051014957264955,0.11278044871794872,0.0031383547008547175,0.0029380341880341776,1,GERMINATED
zm2_4,8,72,0.00017806267806266804,0.0,0.0016025641025641,0.00035889680147338656,0,0,0,0.5338652955840456,0.6191573183760685,0.0017966567783590903,0.0005576687062129409,0.5280448717948718,0.5376602564102564,0.6185897435897436,0.6201923076923077,0.14630074786324784,0.10463408119658119,0.004464846201496833,0.0011153374124258859,0.1330128205128205,0.15544871794871795,0.10256410256410256,0.10576923076923077,0.02243589743589744,0.0032051282051282076,1.1686746987951808,1.03125,0.015311749511469063,0.016441691321499013,0.0027993507560815246,1.2051957831325302,0.9974249968369513,0.976470588235294,0.0010169918478078056,0.0092769607843137,1,19,0.2638888888888889,1,0.14276175213675213,0.14509882478632477,0.15104166666666666,0.10349893162393163,0.1046340811965812,0.10576923076923077,0.008279914529914528,0.0022702991452991372,1,GERMINATED
zm2_4,9,72,0.00012050867081492222,0.0,0.0011331839442092,0.00030411590094820687,0,0,0,0.34805689102564097,0.7045272435897437,0.0007245771372265834,0.0003469653060033796,0.34615384615384615,0.34935897435897434,0.7043269230769231,0.7051282051282052,0.14260594729344725,0.10545762108262108,0.0036767221319563732,0.00180439531690805,0.1346153846153846,0.14903846153846154,0.10256410256410256,0.10737179487179487,0.014423076923076927,0.0048076923076923045,1.1071428571428572,1.046875,0.015044833842409962,0.01600252712031558,0.002195821005917158,1.1590401785714284,0.9979676713309219,0.9732979664014146,0.0007896456702070556,0.0100822813232408,1,16,0.2222222222222222,1,0.13835470085470086,0.14302884615384615,0.14643429487179485,0.10349893162393163,0.10550213675213675,0.10737179487179487,0.008079594017093988,0.003872863247863234,1,GERMINATED
zm2_4,10,72,0.00016693376068375,0.0,0.000801282051282,0.0003254138069180132,0,0,0,0.6928530092592594,0.854522792022792,0.0005478095830768751,0.0004604736659895193,0.6923076923076923,0.6939102564102564,0.8541666666666666,0.8557692307692307,0.14879362535612536,0.11008725071225073,0.003353702529690875,0.0028722095044406244,0.13782051282051283,0.15224358974358973,0.10576923076923077,0.11538461538461539,0.0144230769230769,0.009615384615384623,1.1046511627906974,1.090909090909091,0.01638797289338155,0.017566568047337278,0.0029893984220907277,1.20507399577167,0.9974255006559436,0.9850746268656716,0.0010095817148641918,0.0057447139303482,0,0,0.0,0,0.1452323717948718,0.1500400641025641,0.15110844017094016,0.10697115384615384,0.10990918803418803,0.11338141025641026,0.005876068376068355,0.006410256410256415,0,NON-GERMINATED
zm2_5,1,72,0.00018728217508842224,0.0,0.0011331839442092,0.0003541731473740292,0,0,0,0.48160389957264965,0.22715233262108261,0.0005414421320855628,0.0010343908143004997,0.4807692307692308,0.4831730769230769,0.22516025641025642,0.22916666666666666,0.11309205840455842,0.1438969017094017,0.00210015380050541,0.004102632788276082,0.10737179487179487,0.11698717948717949,0.1346153846153846,0.15224358974358973,0.008012820512820526,0.01762820512820512,1.074626865671642,1.130952380952381,0.01628142777732121,0.017566568047337278,0.0031126725838264303,1.2153518123667377,0.9969338276814828,0.9737024221453288,0.0011948937252885265,0.0099407218128709,1,13,0.18055555555555555,1,0.11071047008547008,0.11371527777777779,0.11485042735042734,0.13935630341880342,0.14429754273504272,0.14803685897435895,0.004139957264957264,0.008680555555555525,1,GERMINATED
zm2_5,2,72,0.0002049302613333778,0.0,0.0011331839442092,0.00035697930074786433,0,0,0,0.6755698005698005,0.24344506766381763,0.002303659015836137,0.0003359016264420071,0.6706730769230769,0.6786858974358975,0.2419871794871795,0.24358974358974358,0.14578881766381765,0.10507923789173787,0.00579028919138367,0.001576225621114243,0.1362179487179487,0.16025641025641027,0.09935897435897435,0.10576923076923077,0.024038461538461564,0.006410256410256415,1.1764705882352944,1.0645161290322582,0.015324305213127325,0.016950197238658777,0.0034157215647600287,1.2523719165085392,0.9968958837949542,0.9731889204545454,0.0012196453416327528,0.010120447404645,1,20,0.2777777777777778,1,0.1408253205128205,0.1440304487179487,0.15251068376068377,0.10369925213675213,0.10576923076923077,0.10576923076923077,0.011685363247863262,0.002069978632478639,1,GERMINATED
zm2_5,3,72,0.00014467592592591668,0.0,0.000801282051282,0.0003082127498247273,0,0,0,0.2898526531339032,0.2964187143874644,0.000905691508088326,0.0007232083952492833,0.28685897435897434,0.29086538461538464,0.2956730769230769,0.297275641025641,0.14233885327635326,0.09626513532763531,0.0038179161824396456,0.001446416790498572,0.13141025641025642,0.14903846153846154,0.09455128205128205,0.09775641025641026,0.01762820512820512,0.0032051282051282076,1.1341463414634145,1.033898305084746,0.013706046483490393,0.014569464990138066,0.0021444567718606165,1.1725919801570897,0.9974956879899091,0.9770114942528736,0.0009705485553836236,0.0080459770114942,1,9,0.125,1,0.13855502136752137,0.14289529914529914,0.14556623931623933,0.09455128205128205,0.09648771367521368,0.09775641025641026,0.0070112179487179516,0.0032051282051282076,1,GERMINATED
zm2_5,4,72,0.00010477000492312778,0.0,0.0011331839442092,0.0002796377362368538,0,0,0,0.8437054843304844,0.3857060185185185,0.001140157449685332,0.00038487394199142,0.8421474358974359,0.8461538461538461,0.3854166666666667,0.38621794871794873,0.1251780626780627,0.13817663817663817,0.0010867659914292798,0.0020204426135880054,0.12179487179487179,0.1266025641025641,0.1330128205128205,0.14102564102564102,0.0048076923076923045,0.008012820512820512,1.0394736842105263,1.0602409638554218,0.017298475281247713,0.01785420775805391,0.0016539283366206435,1.1020925808497146,0.9983084447710961,0.9759930161501528,0.0006601448333163473,0.0091390139111825,1,13,0.18055555555555555,1,0.12419871794871795,0.12540064102564102,0.12593482905982906,0.13601762820512822,0.1388888888888889,0.13962339743589744,0.001736111111111105,0.003605769230769218,1,GERMINATED
zm2_5,5,72,0.000133547008547,0.0,0.000801282051282,0.0002986201893028377,0,0,0,0.6183226495726496,0.38985710470085466,0.0007314670906853159,0.0007183972619975274,0.6169871794871795,0.6201923076923077,0.3886217948717949,0.391025641025641,0.14725783475783474,0.09679932336182334,0.002691633984656512,0.0018048071069518827,0.13942307692307693,0.15064102564102563,0.09134615384615384,0.09935897435897435,0.011217948717948706,0.008012820512820512,1.0804597701149425,1.087719298245614,0.014258961061344872,0.014967537804076263,0.002231775969756737,1.1752369429320426,0.9977730564141373,0.9827586206896552,0.0008662358106074847,0.006555316091954,1,6,0.08333333333333333,1,0.14436431623931625,0.14797008547008547,0.14943910256410256,0.09488514957264955,0.09702190170940173,0.0984909188034188,0.005074786324786307,0.0036057692307692457,1,GERMINATED
zm2_5,6,72,0.00010016025641025001,0.0,0.000801282051282,0.0002649991297139848,0,0,0,0.3627025462962963,0.47751958689458696,0.000381480068131289,0.0006795022045260727,0.36217948717948717,0.3629807692307692,0.47676282051282054,0.47836538461538464,0.13668536324786323,0.11298076923076923,0.0021933851102640036,0.001438345301050881,0.13141025641025642,0.14102564102564102,0.10897435897435898,0.11378205128205128,0.009615384615384609,0.0048076923076923045,1.073170731707317,1.0441176470588236,0.015445082502374165,0.016046186719263642,0.0017258382642998012,1.1205164992826397,0.9980403418085362,0.976470588235294,0.000750984533679007,0.008235294117647,0,0,0.0,0,0.1346821581196581,0.13641826923076925,0.1389556623931624,0.11204594017094016,0.11311431623931624,0.11378205128205128,0.004273504273504286,0.0017361111111111188,1,GERMINATED
zm2_5,7,72,0.0002540556793619223,0.0,0.0011331839442092,0.00038661783932739845,0,0,0,0.22448139245014243,0.5570468304843305,0.001514800601778977,0.0017648371781468035,0.22115384615384615,0.2283653846153846,0.5544871794871795,0.561698717948718,0.10890758547008549,0.14316239316239315,0.001915596726466486,0.006913557214500421,0.10416666666666667,0.11217948717948718,0.1346153846153846,0.16185897435897437,0.008012820512820512,0.027243589743589758,1.0769230769230769,1.2023809523809526,0.015602563817207241,0.01815725673898751,0.004134820841551612,1.294871794871795,0.9956284298627326,0.9754464285714286,0.0016951857396288053,0.0093303195637359,1,19,0.2638888888888889,1,0.10677083333333333,0.10910790598290598,0.11084401709401709,0.1362847222222222,0.14202724358974358,0.15117521367521367,0.00407318376068376,0.014890491452991456,1,GERMINATED
zm2_5,8,72,0.0002586654278748,0.0,0.0011331839442092,0.0003950028355221118,0,0,0,0.5245170049857549,0.5570579594017094,0.0005284771220879507,0.001673006118638823,0.5232371794871795,0.5256410256410257,0.5536858974358975,0.5608974358974359,0.11211271367521371,0.12466613247863248,0.004796085675175089,0.00622929158872845,0.10737179487179487,0.1266025641025641,0.11538461538461539,0.14262820512820512,0.019230769230769232,0.02724358974358973,1.1791044776119404,1.236111111111111,0.014005599842939587,0.01805709648257725,0.005668043228139382,1.4575041459369817,0.9948174212161887,0.962092731829574,0.0019820351024525777,0.0137883771929824,1,25,0.3472222222222222,1,0.10877403846153848,0.11057692307692307,0.11698717948717947,0.11932425213675213,0.1232638888888889,0.13141025641025642,0.008213141025640996,0.012086004273504286,1,GERMINATED
zm2_5,9,72,0.00023640759311696668,0.0,0.0011331839442092,0.0003862792902459983,0,0,0,0.6464454237891738,0.7217548076923076,0.0013454028027402127,0.0012999413951610386,0.6426282051282052,0.6482371794871795,0.7171474358974359,0.7227564102564102,0.12600160256410253,0.13835470085470084,0.004001399109663094,0.0040241771296258945,0.11698717948717949,0.1346153846153846,0.12980769230769232,0.15224358974358973,0.01762820512820512,0.02243589743589741,1.1506849315068493,1.1728395061728394,0.01744803794333041,0.020494329388560155,0.005308493589743585,1.3495687468290205,0.9958683627158824,0.9768292682926828,0.0015997379849672264,0.0088463256612969,1,18,0.25,1,0.12152777777777779,0.1265357905982906,0.1299412393162393,0.1346153846153846,0.13855502136752137,0.14189369658119658,0.008413461538461509,0.007278311965811968,1,GERMINATED
zm2_5,10,72,0.00018267242657554446,0.0,0.0011331839442092,0.00034384097232550753,0,0,0,0.41123575498575493,0.7322271189458688,0.0010949406941104698,0.0009089675694548032,0.4094551282051282,0.4126602564102564,0.7307692307692307,0.7331730769230769,0.15852029914529916,0.10396634615384613,0.0028108393669670413,0.0018102886901343442,0.15224358974358973,0.16346153846153846,0.09935897435897435,0.10576923076923077,0.011217948717948734,0.006410256410256415,1.0736842105263158,1.0645161290322582,0.01648538659005406,0.017289201183431954,0.002162434253780411,1.1429541595925299,0.9970359328927726,0.9738756613756614,0.001156160564803657,0.0098800880822544,1,3,0.041666666666666664,1,0.15564903846153846,0.15858707264957264,0.16132478632478633,0.10229700854700856,0.10416666666666667,0.10543536324786325,0.005675747863247871,0.0031383547008546897,1,GERMINATED
zm2_6,1,72,0.00022066892722517222,0.0,0.0011331839442092,0.00037225080419220965,0,0,0,0.606414707977208,0.17915331196581194,0.0025501495894989677,0.0011390706536613187,0.6033653846153846,0.6113782051282052,0.17708333333333334,0.18028846153846154,0.11814458689458689,0.1013176638176638,0.002842038764158183,0.000717793602946807,0.11057692307692307,0.12179487179487179,0.09935897435897435,0.10256410256410256,0.01121794871794872,0.0,1.1014492753623188,1.0,0.011970220729235152,0.012296597633136095,0.0011325813609467453,1.1014492753623188,0.995862708130705,0.9704585537918872,0.0015914869569495639,0.0110760757365754,1,6,0.08333333333333333,1,0.11531784188034189,0.11812232905982904,0.12099358974358974,0.10109508547008549,0.10189636752136753,0.10096153846153848,0.005675747863247857,-0.00013354700854700807,1,GERMINATED
zm2_6,2,72,0.00015389542295167225,0.0,0.0011331839442092,0.0003317788796524328,0,0,0,0.3884103454415954,0.22524928774928782,0.0005971366820377606,0.0011608266391030363,0.3870192307692308,0.3894230769230769,0.22115384615384615,0.22596153846153846,0.10334312678062678,0.14992877492877493,0.0021861454490973323,0.004145458236048011,0.09935897435897435,0.10737179487179487,0.14262820512820512,0.16185897435897437,0.008012820512820512,0.019230769230769246,1.0806451612903225,1.1348314606741574,0.015502653248045875,0.0173790885930309,0.0032076964168310327,1.2263501268575572,0.9971896363271578,0.9744816586921852,0.0010836593104133403,0.0096679890214712,1,23,0.3194444444444444,1,0.10076121794871795,0.10389957264957266,0.10536858974358974,0.1456330128205128,0.1502403846153846,0.15391292735042736,0.004607371794871792,0.008279914529914556,1,GERMINATED
zm2_6,3,72,0.00012702783968096112,0.0,0.0011331839442092,0.00030145107214456045,0,0,0,0.6958021723646721,0.3296941773504274,0.0005224668177664468,0.0013874595856824302,0.6955128205128205,0.6971153846153846,0.3261217948717949,0.33413461538461536,0.09588675213675214,0.13819889601139598,0.0005972403786057161,0.0037440165776061562,0.09455128205128205,0.09615384615384616,0.1266025641025641,0.14583333333333334,0.0,0.019230769230769246,1.0,1.1518987341772153,0.013250688280736358,0.0140224358974359,0.0018491124260355055,1.1518987341772153,0.9975916658007556,0.9723432468270504,0.0009254850655280847,0.0104164331742683,1,12,0.16666666666666666,1,0.09615384615384616,0.09615384615384616,0.0953525641025641,0.13428151709401712,0.13922275641025642,0.14109241452991453,-0.0008012820512820623,0.006810897435897412,1,GERMINATED
zm2_6,4,72,0.00013426476921124303,0.0,0.0017917211358171,0.00035306005110105463,0,0,0,0.49246572293447294,0.3994502314814815,0.0010738684461661422,0.0009347628139260142,0.4911858974358974,0.49599358974358976,0.39823717948717946,0.4014423076923077,0.0979122150997151,0.13708600427350426,0.0013128349450728816,0.0023730442900530046,0.09455128205128205,0.09935897435897435,0.12980769230769232,0.13942307692307693,0.0032051282051282076,0.009615384615384609,1.033898305084746,1.074074074074074,0.013424720293209878,0.01369370479947403,0.0013560157790927022,1.110483364720653,0.9973339820982208,0.9550721691400692,0.001020378365610011,0.0168893595392569,1,2,0.027777777777777776,1,0.09675480769230767,0.0985576923076923,0.0984241452991453,0.13514957264957264,0.1374198717948718,0.13868856837606838,0.0016693376068376287,0.0035389957264957417,1,GERMINATED
zm2_6,5,72,0.000133547008547,0.0,0.000801282051282,0.00029862018930283766,0,0,0,0.17264289529914528,0.4126379985754985,0.0003992474874165783,0.0009054863607019194,0.17227564102564102,0.17307692307692307,0.41025641025641024,0.41346153846153844,0.11927973646723647,0.12050391737891737,0.0027605996838207403,0.0010894977074893536,0.11057692307692307,0.1233974358974359,0.11858974358974358,0.12179487179487179,0.01282051282051283,0.0032051282051282076,1.1159420289855073,1.027027027027027,0.014376100050679377,0.015029174884944116,0.0019158859303090078,1.146102624363494,0.997748508476925,0.9857142857142858,0.0008748275886317306,0.0055208333333333,1,9,0.125,1,0.11631944444444443,0.11999198717948718,0.12152777777777779,0.11945779914529915,0.1202590811965812,0.12179487179487179,0.0052083333333333565,0.0023370726495726413,1,GERMINATED
zm2_6,6,72,0.00012241809116808334,0.0,0.000801282051282,0.00028827977757718543,0,0,0,0.7680956196581198,0.48641159188034183,0.0008629038450400672,0.0010636706945829288,0.7668269230769231,0.7692307692307693,0.4831730769230769,0.48717948717948717,0.10443376068376067,0.13592859686609685,0.0024038461538461535,0.003002003545413608,0.09775641025641026,0.10737179487179487,0.1266025641025641,0.13782051282051283,0.009615384615384609,0.011217948717948734,1.0983606557377048,1.0886075949367089,0.014201961029384905,0.014798035831689678,0.002421823635765945,1.1956837518157295,0.9975423404847804,0.9606551204819276,0.0009397525895861376,0.0142915411646586,1,1,0.013888888888888888,1,0.10176282051282053,0.1047676282051282,0.10677083333333333,0.1330128205128205,0.13695245726495728,0.13782051282051283,0.005008012820512803,0.004807692307692318,1,GERMINATED
zm2_6,7,72,0.00020954000984625972,0.0,0.0016025641025641,0.0004335267346631911,0,0,0,0.4396812678062678,0.593727742165242,0.0008147705314157344,0.0010597628077917882,0.4375,0.4407051282051282,0.5913461538461539,0.5953525641025641,0.10425569800569799,0.11311431623931625,0.0016440692051833523,0.003746463712367934,0.09775641025641026,0.10737179487179487,0.10737179487179487,0.12179487179487179,0.008012820512820512,0.014423076923076927,1.0819672131147542,1.1343283582089552,0.01179807920593177,0.013077333990795529,0.0023858686719263646,1.2273060924883779,0.9955451709339384,0.9682539682539684,0.0016953911795215984,0.0114894278606965,1,20,0.2777777777777778,1,0.10263087606837606,0.10430021367521368,0.10583600427350426,0.1090411324786325,0.11298076923076923,0.11732104700854701,0.0032051282051281937,0.008279914529914514,1,GERMINATED
zm2_6,8,72,0.0001780626780626667,0.0,0.000801282051282,0.00033312476734096336,0,0,0,0.28042646011396016,0.6338586182336182,0.001781600294774902,0.0001835428074081931,0.27564102564102566,0.28365384615384615,0.6338141025641025,0.6346153846153846,0.14725783475783474,0.10701566951566949,0.0051898474507797955,0.0009337685614050475,0.13782051282051283,0.16346153846153846,0.10416666666666667,0.10737179487179487,0.025641025641025633,0.0032051282051281937,1.1860465116279069,1.0307692307692307,0.01576175727317554,0.017551158777120313,0.0031948553583168934,1.222540250447227,0.9972264630521099,0.9801980198019802,0.0010864786725022582,0.0069306930693069,1,20,0.2777777777777778,1,0.14202724358974358,0.14730235042735043,0.15244391025641024,0.1063034188034188,0.10737179487179487,0.10737179487179487,0.010416666666666657,0.0010683760683760646,1,GERMINATED
zm2_6,9,72,0.0002298884242509278,0.0,0.0011331839442092,0.0003901942497676469,0,0,0,0.6714966168091168,0.6824140847578347,0.0011792452082398464,0.001356404576115712,0.6698717948717948,0.6754807692307693,0.6778846153846154,0.6834935897435898,0.11453881766381767,0.13739761396011396,0.0028263068339298408,0.0041806233997825695,0.10897435897435898,0.1233974358974359,0.13141025641025642,0.15064102564102563,0.014423076923076927,0.019230769230769218,1.1323529411764706,1.146341463414634,0.0157482741617357,0.01858871630506246,0.004268367850098619,1.2980631276901002,0.9953543357250029,0.9736336650951632,0.001775409972012136,0.0099647867804288,1,15,0.20833333333333334,1,0.11164529914529914,0.11485042735042734,0.11712072649572651,0.13354700854700854,0.13635149572649571,0.1422943376068376,0.005475427350427373,0.008747329059829057,1,GERMINATED
zm2_6,10,72,0.00018267242657554582,0.0,0.0016025641025641,0.00036886504001003794,0,0,0,0.5242165242165242,0.8216924857549857,0.0008037513392658356,0.0005501783784859434,0.5232371794871795,0.5272435897435898,0.8197115384615384,0.8221153846153846,0.09094551282051283,0.1258903133903134,0.0018456563783500618,0.003813826565278472,0.08814102564102565,0.09455128205128205,0.11698717948717949,0.1330128205128205,0.0048076923076923045,0.016025641025641024,1.0545454545454545,1.136986301369863,0.011455401291639272,0.01242500821827745,0.0020520011505588426,1.1990037359900374,0.9965586224622993,0.9661016949152542,0.0013232192154693598,0.0129060734463276,1,16,0.2222222222222222,1,0.08920940170940171,0.0905448717948718,0.09308226495726496,0.12159455128205128,0.12640224358974358,0.12967414529914528,0.003872863247863248,0.008079594017094002,1,GERMINATED
zm2_7,1,72,0.00011128917378916668,0.0,0.000801282051282,0.0002771078080036491,0,0,0,0.6001157407407407,0.20729834401709402,0.000515306129931899,0.0005414421320855755,0.5993589743589743,0.6009615384615384,0.20673076923076922,0.20833333333333334,0.14681267806267806,0.11727653133903135,0.0018802272152726948,0.0026214211541935152,0.14423076923076922,0.14903846153846154,0.10897435897435898,0.1201923076923077,0.004807692307692318,0.01121794871794872,1.0333333333333334,1.1029411764705883,0.017221928304660676,0.017913276627218935,0.0021958210059171597,1.1397058823529411,0.9981957138166343,0.9855072463768116,0.0007038381271409166,0.0055932971014492,1,14,0.19444444444444445,1,0.14469818376068377,0.14670138888888887,0.14903846153846154,0.11424946581196582,0.11805555555555554,0.11952457264957266,0.004340277777777762,0.005275106837606833,1,GERMINATED
zm2_7,2,72,0.00016693376068375,0.0,0.000801282051282,0.00032541380691801313,0,0,0,0.3440949964387464,0.30294025997151,0.0004965792271483935,0.0007592988828087447,0.34294871794871795,0.34455128205128205,0.3020833333333333,0.30448717948717946,0.13187767094017092,0.12996349715099714,0.0034250316782137124,0.0033270065558601535,0.12179487179487179,0.1346153846153846,0.12179487179487179,0.1330128205128205,0.012820512820512817,0.01121794871794872,1.1052631578947367,1.0921052631578947,0.01715030373383739,0.01790557199211045,0.0030715811965811943,1.2070637119113572,0.9974025797682593,0.987012987012987,0.0010176040255536042,0.0050662878787878,0,0,0.0,0,0.12773771367521367,0.13327991452991453,0.1346153846153846,0.12586805555555555,0.1310096153846154,0.1330128205128205,0.0068776709401709435,0.00714476495726496,0,NON-GERMINATED
zm2_7,3,72,0.0001224180911680847,0.0,0.0016025641025641,0.00031771061306133295,0,0,0,0.784866898148148,0.33539218304843293,0.0008857807295485584,0.000396758001023322,0.7828525641025641,0.7860576923076923,0.3349358974358974,0.33573717948717946,0.1184784544159544,0.08335559116809117,0.0016535339299642317,0.0015225074852797974,0.11378205128205128,0.1201923076923077,0.08012820512820513,0.08493589743589744,0.006410256410256415,0.0048076923076923045,1.0563380281690142,1.06,0.009878233949247571,0.010208641518737674,0.0010914899737015128,1.119718309859155,0.9976964728817125,0.9736842105263158,0.0008858062506599,0.0102521929824561,0,0,0.0,0,0.11651976495726495,0.11872329059829058,0.1201923076923077,0.08159722222222222,0.08353365384615385,0.08493589743589743,0.0036725427350427498,0.003338675213675202,0,NON-GERMINATED
zm2_7,4,72,0.000133547008547,0.0,0.000801282051282,0.0002986201893028375,0,0,0,0.5021923967236467,0.3647836538461538,0.00035315686548749914,0.0018102886901343361,0.5016025641025641,0.5024038461538461,0.359775641025641,0.36698717948717946,0.1161636396011396,0.13875534188034186,0.001602409526812352,0.003977369821537242,0.11217948717948718,0.11698717948717949,0.13141025641025642,0.14903846153846154,0.0048076923076923045,0.01762820512820512,1.042857142857143,1.1341463414634145,0.016122626687029733,0.017435589250493096,0.002694054076265613,1.182752613240418,0.9976855806217687,0.9722222222222222,0.0008968523379364512,0.0097222222222222,1,15,0.20833333333333334,1,0.11451655982905984,0.11698717948717947,0.11698717948717947,0.1344818376068376,0.13855502136752137,0.14322916666666666,0.0024706196581196355,0.008747329059829057,1,GERMINATED
zm2_7,5,72,0.00013163758819384166,0.0,0.0016025641025641,0.0003664251288534508,0,0,0,0.21728098290598286,0.4807692307692307,0.0012878807106026877,0.00018886399070153445,0.21634615384615385,0.21955128205128205,0.47996794871794873,0.48157051282051283,0.10830662393162396,0.1083956552706553,0.0018065904458425036,0.0014944275580123362,0.10096153846153846,0.10897435897435898,0.10256410256410256,0.10897435897435898,0.008012820512820512,0.006410256410256415,1.0793650793650793,1.0625,0.011742612967072102,0.011875410913872453,0.0015203813280736372,1.146825396825397,0.9973128483396769,0.9696969696969696,0.001026067513439036,0.0113426301697965,0,0,0.0,0,0.10697115384615385,0.10897435897435898,0.10897435897435898,0.10723824786324787,0.10897435897435898,0.10897435897435898,0.002003205128205121,0.001736111111111105,0,NON-GERMINATED
zm2_7,6,72,0.00012241809116808334,0.0,0.000801282051282,0.00028827977757718543,0,0,0,0.38490473646723644,0.5001558048433048,0.0007707126822106805,0.0004146175215944864,0.3838141025641026,0.38621794871794873,0.49919871794871795,0.500801282051282,0.1268696581196581,0.12384259259259262,0.0032162378682671746,0.0016512853446395467,0.12179487179487179,0.13141025641025642,0.11858974358974358,0.125,0.008012820512820526,0.006410256410256415,1.0657894736842106,1.0540540540540542,0.015716314193878297,0.016426282051282052,0.0017823389217620014,1.1233997155049789,0.9980555495771095,0.9866666666666668,0.000760129407270911,0.0051874999999999,1,12,0.16666666666666666,1,0.1230635683760684,0.12706997863247863,0.13047542735042736,0.12199519230769233,0.12453258547008546,0.125,0.007411858974358962,0.0030048076923076678,1,GERMINATED
zm2_7,7,72,0.00025405567936192223,0.0,0.0011331839442092,0.0003866178393273984,0,0,0,0.6494613603988605,0.5077791132478633,0.0008229381030687358,0.0012416101750659045,0.6482371794871795,0.6506410256410257,0.5056089743589743,0.5120192307692307,0.10461182336182334,0.14469818376068375,0.001443845685561507,0.005939089375149677,0.10096153846153846,0.10737179487179487,0.1362179487179487,0.15865384615384615,0.0032051282051282076,0.02243589743589744,1.0317460317460319,1.1647058823529413,0.015139286961702827,0.016526442307692308,0.0027736686390532565,1.2016806722689077,0.9959030015809367,0.9732979664014146,0.0015990856382574474,0.0100822813232408,1,31,0.4305555555555556,1,0.10376602564102565,0.10530181623931623,0.1047676282051282,0.1388221153846154,0.14329594017094016,0.15197649572649571,0.0010016025641025467,0.013154380341880323,1,GERMINATED
zm2_7,8,72,0.0001780626780626667,0.0,0.000801282051282,0.00033312476734096325,0,0,0,0.6838719729344729,0.7050836894586896,0.002320692836920043,0.00018354280740819274,0.6802884615384616,0.688301282051282,0.7043269230769231,0.7051282051282052,0.12388710826210828,0.1176994301994302,0.005128197399784457,0.002014549234149703,0.11057692307692307,0.1330128205128205,0.11217948717948718,0.11858974358974358,0.02243589743589744,0.006410256410256401,1.2028985507246377,1.0571428571428572,0.014588512560267367,0.01577395627876397,0.0033694937541091374,1.2716356107660454,0.9966874783101944,0.971830985915493,0.0012751233321726236,0.0098591549295774,1,27,0.375,1,0.11885683760683759,0.1232638888888889,0.12954059829059827,0.11591880341880341,0.11858974358974357,0.11858974358974357,0.010683760683760687,0.0026709401709401615,1,GERMINATED
zm2_7,9,72,0.00018919159544158334,0.0,0.000801282051282,0.00034029747265446243,0,0,0,0.28804976851851843,0.7243701032763533,0.0010930727245486757,0.00021086288418688094,0.2860576923076923,0.29246794871794873,0.7235576923076923,0.7251602564102564,0.14309561965811965,0.0954193376068376,0.004472828055826439,0.0014367945239950602,0.1330128205128205,0.15544871794871795,0.09134615384615384,0.09615384615384616,0.02243589743589744,0.004807692307692318,1.1686746987951808,1.0526315789473686,0.013658570236595077,0.01494699211045365,0.0027967825443787012,1.2301838934686116,0.9971408145590949,0.9827586206896552,0.00112368944135385,0.006555316091954,1,14,0.19444444444444445,1,0.1387553418803419,0.14262820512820512,0.14790331196581197,0.09395032051282053,0.09615384615384616,0.09615384615384616,0.00914797008547008,0.002203525641025633,1,GERMINATED
zm2_7,10,72,0.00018331704009748052,0.0,0.0017917211358171,0.00048364957891815734,0,0,0,0.5197538283475782,0.7651464565527067,0.0005691002348444419,0.002530917436034329,0.5176282051282052,0.5200320512820513,0.7540064102564102,0.7660256410256411,0.11643073361823363,0.10872952279202282,0.0011382004696888878,0.0006354212261226966,0.11217948717948718,0.11698717948717949,0.10576923076923077,0.10897435897435898,0.0048076923076923045,0.0016025641025641107,1.042857142857143,1.0149253731343284,0.012660070928300097,0.012748602892833662,0.0007036900065746227,1.0584221748400853,0.9963682954786088,0.9571162212554382,0.0013902526585502376,0.0161739412988777,0,0,0.0,0,0.11531784188034189,0.11698717948717947,0.11698717948717947,0.10823985042735045,0.10897435897435898,0.10897435897435898,0.001669337606837587,0.0007345085470085305,0,NON-GERMINATED
zm2_8,1,72,0.00027187448010413334,0.0,0.0017917211358171,0.0005233191522954778,0,0,0,0.4658230947293447,0.23853721509971507,0.0022826763314294537,0.0026930140503680106,0.4567307692307692,0.4671474358974359,0.23637820512820512,0.24919871794871795,0.12604611823361822,0.15945512820512822,0.004565352662858896,0.005697310098210883,0.1233974358974359,0.14423076923076922,0.15224358974358973,0.18108974358974358,0.020833333333333315,0.028846153846153855,1.1688311688311688,1.1894736842105265,0.020123793511213385,0.026118713017751476,0.007332244411571331,1.390293916609706,0.995474816970845,0.9680480860487188,0.0017605324722719975,0.0123477886212295,1,24,0.3333333333333333,1,0.1233974358974359,0.12486645299145299,0.1298744658119658,0.15531517094017094,0.15831997863247863,0.16473023504273504,0.0064770299145298915,0.009415064102564097,1,GERMINATED
zm2_8,2,72,0.00040661314834005693,0.0,0.0017917211358171,0.0005623214755609437,0,0,0,0.655048076923077,0.2782451923076923,0.005116785272614304,0.0006643879788372171,0.6474358974358975,0.6714743589743589,0.27724358974358976,0.28125,0.13933404558404558,0.10474537037037036,0.011384877039277623,0.0025381740189010737,0.11858974358974358,0.17307692307692307,0.10096153846153846,0.11378205128205128,0.05448717948717949,0.012820512820512817,1.4594594594594594,1.126984126984127,0.014621364268299365,0.019693047337278106,0.007720044378698224,1.6447876447876448,0.9931643174167211,0.9591346153846154,0.0026567874505686764,0.0148237179487179,1,27,0.375,1,0.1283386752136752,0.1387553418803419,0.15090811965811965,0.1031650641025641,0.10416666666666667,0.10690438034188032,0.022569444444444448,0.003739316239316226,1,GERMINATED
zm2_8,3,72,0.00018919159544158472,0.0,0.0016025641025641,0.00036556418504398217,0,0,0,0.22504896723646725,0.31037437678062685,0.000868626081779193,0.0005845595613723669,0.22355769230769232,0.22596153846153846,0.3092948717948718,0.3125,0.11213497150997151,0.14358529202279202,0.0008000445493060649,0.004944196116825012,0.11057692307692307,0.11378205128205128,0.1330128205128205,0.15384615384615385,0.0032051282051282076,0.020833333333333343,1.028985507246377,1.1566265060240966,0.016104221169826138,0.017504930966469427,0.0027967825443786978,1.1901519119958093,0.9972050818015591,0.971830985915493,0.0011011959064913682,0.0109008215962441,1,19,0.2638888888888889,1,0.11151175213675213,0.11217948717948718,0.11271367521367522,0.13802083333333334,0.1440304487179487,0.14870459401709402,0.0012019230769230865,0.010683760683760674,1,GERMINATED
zm2_8,4,72,0.00014467592592591668,0.0,0.000801282051282,0.0003082127498247274,0,0,0,0.7864026887464388,0.4496527777777778,0.001418533212346087,0.0005972403786057108,0.7836538461538461,0.7884615384615384,0.44871794871794873,0.4511217948717949,0.13650730056980054,0.12829415954415951,0.003586689677253454,0.0030557340280859212,0.1282051282051282,0.14102564102564102,0.1201923076923077,0.13141025641025642,0.01282051282051283,0.01121794871794872,1.1,1.0933333333333333,0.017523621840528893,0.018532215647600263,0.0031229454306377392,1.2026666666666668,0.9974546975290054,0.9759036144578314,0.0009848952166999333,0.008433734939759,0,0,0.0,0,0.13241185897435895,0.13708600427350429,0.14002403846153846,0.12479967948717947,0.12934027777777776,0.13074252136752137,0.007612179487179516,0.005942841880341901,1,GERMINATED
zm2_8,5,72,0.0004804920382588153,0.0,0.0028890635220064,0.000707357296092932,0,0,0,0.3777822293447293,0.47009659900284895,0.001528353311974967,0.002346882604420696,0.37259615384615385,0.3798076923076923,0.46794871794871795,0.47996794871794873,0.14610042735042736,0.11861200142450141,0.008930690970780178,0.0070337223058062935,0.12980769230769232,0.17467948717948717,0.11378205128205128,0.14583333333333334,0.04487179487179485,0.03205128205128206,1.3456790123456788,1.2816901408450705,0.017385188095825115,0.02547409188034188,0.010704306377383298,1.7247435228655883,0.991276200473628,0.9451397824306936,0.003365649659098371,0.0210789674385613,1,11,0.1527777777777778,1,0.1391559829059829,0.1440972222222222,0.15504807692307693,0.11631944444444443,0.11545138888888888,0.12406517094017093,0.015892094017094016,0.007745726495726496,1,GERMINATED
zm2_8,6,72,0.00011589892230204445,0.0,0.0011331839442092,0.0002909619545824084,0,0,0,0.563156606125356,0.47709668803418814,0.001396357641260795,0.0005128970184207216,0.5600961538461539,0.5649038461538461,0.47596153846153844,0.4775641025641026,0.12631321225071224,0.14302884615384612,0.0027927152825215997,0.0025722970465088426,0.1201923076923077,0.12980769230769232,0.13782051282051283,0.14583333333333334,0.009615384615384623,0.008012820512820512,1.08,1.0581395348837208,0.018073326153754836,0.018930288461538464,0.0023653229783037466,1.1427906976744184,0.9981595548107095,0.9754990925589836,0.0007194901157480555,0.0093118871680916,0,0,0.0,0,0.12286324786324787,0.12760416666666666,0.1284722222222222,0.13975694444444445,0.1440972222222222,0.1452323717948718,0.005608974358974339,0.005475427350427359,1,GERMINATED
zm2_8,7,72,0.00016041459181771113,0.0,0.0011331839442092,0.00032867641369719995,0,0,0,0.10225249287749286,0.5755097044159544,0.0004916916407223658,0.0010557231481022327,0.10096153846153846,0.10256410256410256,0.5721153846153846,0.5769230769230769,0.10162927350427349,0.14563301282051283,0.0017050140671479297,0.004297952735511245,0.09615384615384616,0.10256410256410256,0.1362179487179487,0.15705128205128205,0.006410256410256401,0.020833333333333343,1.0666666666666667,1.1529411764705884,0.01480595448444006,0.016107823800131493,0.0030099441157133474,1.2298039215686276,0.9971490788299293,0.9726906158357772,0.0011020918942061834,0.010294854021214,1,14,0.19444444444444445,1,0.0997596153846154,0.10256410256410257,0.10256410256410257,0.14115918803418803,0.14549946581196582,0.1502403846153846,0.0028044871794871695,0.009081196581196577,1,GERMINATED
zm2_8,8,72,6.67735042735e-05,0.0,0.000801282051282,0.00022146265961239223,0,0,0,0.7003205128205128,0.6552706552706553,1.2212453270876722e-15,0.00038293826865396175,0.7003205128205128,0.7003205128205128,0.6546474358974359,0.65625,0.1499287749287749,0.11195690883190884,0.0016222282014145824,0.0030136154809495747,0.14423076923076922,0.15064102564102563,0.10737179487179487,0.11698717948717949,0.006410256410256415,0.009615384615384623,1.0444444444444445,1.0895522388059702,0.01678782918766893,0.017623068704799474,0.0021367521367521396,1.1379767827529024,0.9982198319095912,0.9782608695652174,0.0006664616094208654,0.0076086956521739,0,0,0.0,0,0.1485042735042735,0.15064102564102563,0.15064102564102563,0.10890758547008546,0.1113114316239316,0.1156517094017094,0.002136752136752129,0.006744123931623935,0,NON-GERMINATED
zm2_8,9,72,0.0001316375881938389,0.0,0.0011331839442092,0.0003140028153879424,0,0,0,0.4884926994301993,0.6780849358974358,0.0005392646652237209,0.0016067320266447555,0.48717948717948717,0.48878205128205127,0.6754807692307693,0.6810897435897436,0.10754985754985756,0.14360754985754984,0.0029082056572402263,0.003677328423800462,0.09935897435897435,0.10897435897435898,0.1346153846153846,0.14903846153846154,0.009615384615384623,0.014423076923076927,1.0967741935483872,1.1071428571428572,0.01545432093058295,0.0162413708086785,0.0028661242603550303,1.2142857142857144,0.9973340628488351,0.9591248303934872,0.0010186424352337264,0.0148271426956128,1,16,0.2222222222222222,1,0.1047008547008547,0.10897435897435898,0.10897435897435898,0.13942307692307693,0.14429754273504272,0.14710202991452992,0.004273504273504272,0.007678952991452992,1,GERMINATED
zm2_9,1,72,8.251217016529444e-05,0.0,0.0011331839442092,0.000254029438731076,0,0,0,0.4880698005698005,0.23794738247863245,0.001284799651857354,0.00016011723835846384,0.48717948717948717,0.49278846153846156,0.23717948717948717,0.23798076923076922,0.13078703703703703,0.10730502136752135,0.001592641009615233,0.0003202344767169275,0.1233974358974359,0.13141025641025642,0.10576923076923077,0.10737179487179487,0.008012820512820512,0.0016025641025640969,1.0649350649350648,1.0151515151515151,0.014034527894203376,0.014109755095332018,0.001058103221564759,1.0810704447068082,0.9985882468070125,0.9726053277914226,0.0005477465281530375,0.010324704836738,0,0,0.0,0,0.12994123931623933,0.1310096153846154,0.13141025641025642,0.10717147435897434,0.10737179487179487,0.10737179487179487,0.0014690170940170888,0.000200320512820526,0,NON-GERMINATED
zm2_9,2,72,0.00019642852497186666,0.0,0.0017917211358171,0.00040806381208542713,0,0,0,0.6596331908831908,0.264690170940171,0.0010277240367356794,0.0009993743020229508,0.6578525641025641,0.6626602564102564,0.2620192307692308,0.266025641025641,0.12811609686609687,0.14124821937321932,0.0036317802803367506,0.003475359730107163,0.11378205128205128,0.12980769230769232,0.13141025641025642,0.14583333333333334,0.016025641025641038,0.014423076923076927,1.1408450704225352,1.1097560975609757,0.018107426298031266,0.018930288461538464,0.003978159927679159,1.266059773273789,0.9960925244332053,0.962092731829574,0.0014952949896099054,0.0140608375637035,0,0,0.0,0,0.12473290598290598,0.12980769230769232,0.12980769230769232,0.1375534188034188,0.14189369658119658,0.14429754273504272,0.0050747863247863345,0.006744123931623935,1,GERMINATED
zm2_9,3,72,0.00011589892230204445,0.0,0.0011331839442092,0.0002909619545824083,0,0,0,0.2942597044159544,0.3572605056980057,0.000542356344863389,0.0008686260817791926,0.2932692307692308,0.2948717948717949,0.35496794871794873,0.3581730769230769,0.1569845085470086,0.10296474358974356,0.003497172642941643,0.0011565510200112715,0.14903846153846154,0.16025641025641027,0.10096153846153846,0.10416666666666667,0.011217948717948734,0.0032051282051282076,1.0752688172043012,1.0317460317460319,0.016165394545803197,0.01669337606837607,0.0016462237015121665,1.109404335210787,0.9977111654753578,0.9745151466581184,0.0008764263831210944,0.0096562682333945,0,0,0.0,0,0.1527777777777778,0.1579193376068376,0.16025641025641027,0.10276442307692309,0.10196314102564104,0.10416666666666667,0.00747863247863248,0.0014022435897435848,0,NON-GERMINATED
zm2_9,4,72,0.0005521531292148375,0.000801282051282,0.0017917211358171,0.0005068759531597923,0,0,0,0.7397280092592593,0.40333422364672367,0.0025906962760294007,0.002984127421160955,0.7363782051282052,0.7459935897435898,0.3926282051282051,0.40625,0.13245637464387464,0.13764245014245013,0.01245689306516368,0.011505384600534263,0.11858974358974358,0.16506410256410256,0.125,0.17307692307692307,0.046474358974358976,0.04807692307692307,1.3918918918918919,1.3846153846153846,0.01837123871128278,0.02856878698224852,0.013745069033530573,1.9272349272349274,0.9888814884041639,0.9578947368421052,0.004250378592532212,0.0157785087719298,1,28,0.3888888888888889,1,0.12106036324786325,0.12867254273504272,0.14763621794871795,0.12940705128205127,0.13254540598290596,0.15097489316239315,0.026575854700854704,0.021567841880341887,1,GERMINATED
zm2_9,5,72,0.0005857105958488416,0.0,0.0022663678884184,0.0007036894642010277,0,0,0,0.4475939280626781,0.46525551994301995,0.007405130110278564,0.0045939114112217485,0.44150641025641024,0.46955128205128205,0.45032051282051283,0.46875,0.1464788105413105,0.11315883190883191,0.019331887306367975,0.013135366468807327,0.12980769230769232,0.1987179487179487,0.10096153846153846,0.15064102564102563,0.06891025641025639,0.04967948717948717,1.530864197530864,1.4920634920634919,0.016828207182774488,0.029935075608152527,0.016829491288625896,2.284146580442876,0.9886848538015298,0.9561181434599156,0.00434101305676628,0.0168317889165015,1,35,0.4861111111111111,1,0.13147702991452992,0.13868856837606838,0.16927083333333334,0.10349893162393163,0.1079059829059829,0.1280715811965812,0.03779380341880342,0.024572649572649582,1,GERMINATED
zm2_9,6,72,0.00019841109246733892,0.0,0.0011331839442092,0.00036064341330255777,0,0,0,0.24432425213675213,0.4875356125356125,0.0006369786334247747,0.001237663708552155,0.24358974358974358,0.24519230769230768,0.484775641025641,0.48878205128205127,0.12985220797720795,0.14009081196581194,0.003238036875697711,0.0021157825210676886,0.11858974358974358,0.1346153846153846,0.13141025641025642,0.14262820512820512,0.016025641025641024,0.011217948717948706,1.135135135135135,1.0853658536585364,0.018196350628241653,0.019199950690335303,0.0036160420775805373,1.2320369149637442,0.996192891038227,0.9619530754597336,0.0014614553467242931,0.0138372569224265,0,0,0.0,0,0.1265357905982906,0.12994123931623933,0.13307959401709402,0.13935630341880342,0.13948985042735043,0.14142628205128205,0.006543803418803423,0.002069978632478625,1,GERMINATED
zm2_9,7,72,0.00010016025641025001,0.0,0.000801282051282,0.00026499912971398475,0,0,0,0.6232861467236469,0.5662838319088319,0.0004490349225835107,0.0004668842807025227,0.6217948717948718,0.624198717948718,0.5649038461538461,0.5665064102564102,0.15362357549857547,0.1070156695156695,0.0023785701580114967,0.0009712172466734046,0.14743589743589744,0.15705128205128205,0.10416666666666667,0.10897435897435898,0.009615384615384609,0.0048076923076923045,1.0652173913043477,1.0461538461538462,0.01644201234796187,0.01711456278763971,0.0017566568047337264,1.1143812709030099,0.9985051375121878,0.9848484848484848,0.0005883060374009235,0.0058238636363636,0,0,0.0,0,0.15117521367521367,0.15384615384615385,0.15584935897435898,0.10616987179487179,0.10737179487179487,0.10750534188034187,0.00467414529914531,0.0013354700854700807,1,GERMINATED
zm2_9,8,72,0.00022066892722517222,0.0,0.0011331839442092,0.00037225080419220954,0,0,0,0.7445802172364672,0.6123575498575499,0.0005084100685764058,0.0005378848813031757,0.7435897435897436,0.7451923076923077,0.6105769230769231,0.6129807692307693,0.1370414886039886,0.11712072649572648,0.0030099144111841673,0.0033758612873302733,0.1282051282051282,0.14102564102564102,0.10576923076923077,0.1201923076923077,0.01282051282051283,0.014423076923076927,1.1,1.1363636363636365,0.016059990857166338,0.016950197238658777,0.003390039447731757,1.2500000000000002,0.9962911570006595,0.972913211719182,0.001441529852465528,0.0102169454620223,0,0,0.0,0,0.13354700854700854,0.1387553418803419,0.1388221153846154,0.11324786324786325,0.11832264957264955,0.11979166666666667,0.005275106837606847,0.006543803418803423,1,GERMINATED
zm2_9,9,72,0.0007562919711650722,0.0,0.0248913855240529,0.0029119040551617583,0,0,0,0.31203258547008544,0.6787637998575499,0.0036174973479117353,0.0042424244645872045,0.3004807692307692,0.31810897435897434,0.6594551282051282,0.6842948717948718,0.15193198005698008,0.10539084757834757,0.011570563652390668,0.0072189196139028685,0.1362179487179487,0.1907051282051282,0.09134615384615384,0.12179487179487179,0.051282051282051266,0.03044871794871795,1.3678160919540228,1.3333333333333335,0.016087028419259988,0.023226906640368177,0.01049114480604865,1.8237547892720305,0.9852974120855065,0.570737039350406,0.005637495551330071,0.1664214368179923,1,33,0.4583333333333333,1,0.1436298076923077,0.14877136752136752,0.16339476495726496,0.0985576923076923,0.10336538461538462,0.11424946581196582,0.01976495726495725,0.015691773504273518,1,GERMINATED
zm2_9,10,72,0.00011128917378916668,0.0,0.000801282051282,0.0002771078080036491,0,0,0,0.48172631766381774,0.756321225071225,0.0005109615510705558,0.0008292350431889728,0.4807692307692308,0.4831730769230769,0.7548076923076923,0.7572115384615384,0.1306980056980057,0.10844017094017094,0.0028628801977944327,0.0021862587531710593,0.1233974358974359,0.1330128205128205,0.10416666666666667,0.11057692307692307,0.009615384615384609,0.006410256410256401,1.077922077922078,1.0615384615384615,0.014178918463273432,0.01470814842209073,0.0018542488494411556,1.1442557442557442,0.9981410658518717,0.9848484848484848,0.000722964914807857,0.0058238636363636,0,0,0.0,0,0.12727029914529914,0.13181089743589744,0.1330128205128205,0.10576923076923077,0.10897435897435898,0.11057692307692307,0.005742521367521375,0.0048076923076923045,1,GERMINATED
zm3_1,1,72,8.251217016529444e-05,0.0,0.0011331839442092,0.0002540294387310762,0,0,0,0.2802817841880343,0.26135149572649574,0.0005496153055940917,0.0003777279814030692,0.2780448717948718,0.28125,0.26121794871794873,0.26282051282051283,0.1592548076923077,0.1022079772079772,0.0026767764760720447,0.0010420851060113608,0.14903846153846154,0.16025641025641027,0.09775641025641026,0.10256410256410256,0.011217948717948734,0.0048076923076923045,1.0752688172043012,1.0491803278688525,0.016279822645006936,0.01643655489809336,0.0018670899079552931,1.1281508901815618,0.9983397018892864,0.973404255319149,0.0006347372493571986,0.0100450802020338,0,0,0.0,0,0.15725160256410256,0.16025641025641027,0.16025641025641027,0.10149572649572651,0.10256410256410257,0.10256410256410257,0.0030048076923077094,0.0010683760683760646,1,GERMINATED
zm3_1,2,72,0.0001604145918177111,0.0,0.0011331839442092,0.00032867641369719995,0,0,0,0.6036769943019943,0.2657251602564103,0.0008914255873620331,0.00045164761146062455,0.6025641025641025,0.6073717948717948,0.2644230769230769,0.2668269230769231,0.11636396011396011,0.15409099002849,0.0017828511747240703,0.003478992846394488,0.10897435897435898,0.11858974358974358,0.14423076923076922,0.15705128205128205,0.008012820512820512,0.01282051282051283,1.0735294117647058,1.088888888888889,0.017935320444334865,0.018372986522024983,0.0026555309007232075,1.168954248366013,0.9970928387303137,0.9751990202082056,0.001121775929071686,0.0094169124908639,0,0,0.0,0,0.11511752136752136,0.11698717948717947,0.11698717948717947,0.1501068376068376,0.15511485042735043,0.15705128205128205,0.001869658119658113,0.0069444444444444475,1,GERMINATED
zm3_1,3,72,0.00022066892722517222,0.0,0.0011331839442092,0.0003722508041922095,0,0,0,0.40708466880341876,0.33015046296296297,0.0006601802862341451,0.000962763922448455,0.40625,0.40865384615384615,0.327724358974359,0.3317307692307692,0.13477118945868943,0.13038639601139598,0.007097667188505273,0.003635870277819229,0.11698717948717949,0.14743589743589744,0.11858974358974358,0.1346153846153846,0.03044871794871795,0.016025641025641024,1.2602739726027397,1.135135135135135,0.017595246411352176,0.019847140039447733,0.005973660420775807,1.4305812661977046,0.995085509500296,0.947719298245614,0.0018635064775927987,0.018298245614035,0,0,0.0,0,0.12720352564102563,0.13414797008547008,0.14296207264957264,0.12600160256410256,0.13174412393162394,0.13341346153846154,0.015758547008547008,0.007411858974358976,1,GERMINATED
zm3_1,4,72,0.00017417069021403195,0.0,0.0017917211358171,0.00037295469408893655,0,0,0,0.21160523504273498,0.46144943019943013,0.0009971410605681109,0.0011986210842090859,0.2107371794871795,0.21474358974358973,0.45913461538461536,0.46314102564102566,0.16484152421652423,0.10884081196581197,0.004697405157008409,0.001705014067147929,0.14743589743589744,0.16987179487179488,0.10576923076923077,0.11057692307692307,0.02243589743589744,0.0048076923076923045,1.1521739130434783,1.0454545454545454,0.017948054494028046,0.018783900394477318,0.0031897189349112433,1.2045454545454546,0.9962229125959987,0.960087994971716,0.0014351915400395822,0.0151338204981805,1,2,0.027777777777777776,1,0.16018963675213674,0.1657318376068376,0.16860309829059827,0.10690438034188032,0.10924145299145299,0.11037660256410257,0.008413461538461536,0.0034722222222222515,1,GERMINATED
zm3_1,5,72,0.00023370726495725141,0.0,0.0016025641025641,0.00038791900502876774,0,0,0,0.47845441595441596,0.5313279024216524,0.0012708424522453836,0.0004461294126786716,0.47676282051282054,0.4823717948717949,0.5296474358974359,0.532051282051282,0.14463141025641024,0.15360131766381768,0.00402196056260032,0.0032235461979078207,0.13942307692307693,0.15064102564102563,0.14262820512820512,0.15865384615384615,0.011217948717948706,0.016025641025641024,1.0804597701149425,1.1123595505617978,0.02222623148604719,0.023899778106508875,0.0040141148915187365,1.2018597442851606,0.9968690071920376,0.9787234042553192,0.0012477572050090362,0.0084884751773049,1,4,0.05555555555555555,1,0.13982371794871795,0.14489850427350429,0.14917200854700854,0.15017361111111108,0.1543803418803419,0.15625,0.009348290598290593,0.006076388888888923,1,GERMINATED
zm3_1,6,72,0.0003312974747518458,0.0,0.0040857528153788,0.0007047164691889169,0,0,0,0.7533052884615383,0.5394074964387463,0.00199846974131639,0.0010793902485504536,0.75,0.7580128205128205,0.5384615384615384,0.5440705128205128,0.13904469373219372,0.11358173076923078,0.002820252993289628,0.0013067832392348398,0.12980769230769232,0.14423076923076922,0.11217948717948718,0.11538461538461539,0.0144230769230769,0.0016025641025640969,1.111111111111111,1.0142857142857142,0.015794466302779604,0.016410872781065088,0.0018491124260355003,1.1269841269841268,0.9938695388409767,0.922144522144522,0.002361004764246885,0.0299051565794134,1,5,0.06944444444444445,1,0.13808760683760685,0.1372195512820513,0.14182692307692307,0.11485042735042734,0.11231303418803419,0.11358173076923077,0.003739316239316226,-0.0012686965811965767,1,GERMINATED
zm3_1,7,72,0.00023370726495725,0.0,0.000801282051282,0.0003642064675025043,0,0,0,0.28865073005698005,0.6936431623931623,0.0026892171654861116,0.001967270280803444,0.2844551282051282,0.29407051282051283,0.6899038461538461,0.6971153846153846,0.13134348290598286,0.12446581196581197,0.001449154274453172,0.00110125684444916,0.1266025641025641,0.1330128205128205,0.1201923076923077,0.125,0.006410256410256415,0.0048076923076923045,1.0506329113924051,1.04,0.016349021682555333,0.016626602564102564,0.0014099482248520704,1.0926582278481012,0.9963658765037356,0.986842105263158,0.0014238529459147623,0.005126096491228,0,0,0.0,0,0.1301415598290598,0.13194444444444445,0.13194444444444445,0.12379807692307693,0.12486645299145299,0.12473290598290598,0.0018028846153846367,0.0009348290598290565,1,GERMINATED
zm3_1,8,72,0.00012241809116808334,0.0,0.000801282051282,0.00028827977757718543,0,0,0,0.7520811075498575,0.7148660078347577,0.0013596877493945335,0.0005768816854831908,0.7483974358974359,0.7540064102564102,0.7131410256410257,0.7155448717948718,0.13877759971509968,0.10921919515669519,0.002719375498789075,0.001153763370966385,0.13141025641025642,0.14262820512820512,0.10576923076923077,0.11057692307692307,0.011217948717948706,0.0032051282051282076,1.0853658536585364,1.0303030303030303,0.015158441540653081,0.015542817225509533,0.0016436554898093363,1.1182557280118255,0.9980547753533059,0.9850746268656716,0.0007604003856021555,0.0057447139303482,0,0,0.0,0,0.13568376068376067,0.13928952991452992,0.14135950854700854,0.10897435897435898,0.1097088675213675,0.10897435897435898,0.005675747863247871,0.0,0,NON-GERMINATED
zm3_1,9,72,8.903133903133333e-05,0.0,0.000801282051282,0.0002518186542686973,0,0,0,0.5239494301994303,0.7522925569800568,0.00025181865426871213,0.0003609614213903747,0.5232371794871795,0.5240384615384616,0.750801282051282,0.7532051282051282,0.1404469373219373,0.14107015669515666,0.0011111096843259096,0.0034616479170611713,0.13782051282051283,0.14102564102564102,0.12980769230769232,0.14262820512820512,0.0032051282051281937,0.012820512820512803,1.0232558139534882,1.0987654320987652,0.019816464177441744,0.02011423405654175,0.0022240713346482546,1.1243181165661784,0.9983840417756886,0.9761904761904762,0.0006234557488793472,0.0083333333333333,1,1,0.013888888888888888,1,0.13928952991452992,0.14102564102564102,0.14102564102564102,0.13795405982905984,0.14262820512820512,0.14262820512820512,0.001736111111111105,0.0046741452991452825,1,GERMINATED
zm3_10,1,72,0.00018076300622238336,0.0,0.0011331839442092,0.0003575443567001512,0,0,0,0.5873286146723647,0.2440571581196581,0.001121262588947712,0.0005626435478883764,0.5857371794871795,0.5889423076923077,0.24278846153846154,0.24519230769230768,0.14207175925925924,0.11574074074074076,0.006332774487337757,0.003909276780644613,0.1346153846153846,0.15544871794871795,0.11057692307692307,0.125,0.020833333333333343,0.014423076923076927,1.1547619047619049,1.1304347826086958,0.016468051161059975,0.019431089743589744,0.004545734714003947,1.3053830227743273,0.996338624201962,0.9650411280846064,0.0013989774833578596,0.0127564385037211,1,6,0.08333333333333333,1,0.1362179487179487,0.13995726495726496,0.1500400641025641,0.11211271367521368,0.11451655982905984,0.12059294871794872,0.013822115384615391,0.00848023504273504,1,GERMINATED
zm3_10,2,72,0.0001780626780626667,0.0,0.000801282051282,0.0003331247673409635,0,0,0,0.37711449430199434,0.2897636217948718,0.0010541381976686768,0.0008386656441693793,0.3766025641025641,0.38060897435897434,0.28846153846153844,0.2916666666666667,0.12580128205128205,0.12920673076923073,0.002202513688898324,0.0036469582810954534,0.1233974358974359,0.1330128205128205,0.12179487179487179,0.13782051282051283,0.009615384615384609,0.016025641025641038,1.077922077922078,1.1315789473684212,0.01626098909251954,0.01833189513477975,0.003302720249835635,1.219753930280246,0.9972580575478138,0.987012987012987,0.0010754205990058654,0.0050662878787878,1,7,0.09722222222222222,1,0.1246661324786325,0.125,0.12773771367521367,0.12546741452991453,0.12900641025641024,0.13314636752136752,0.003071581196581172,0.007678952991452992,1,GERMINATED
zm3_10,3,72,0.0001780626780626667,0.0,0.000801282051282,0.0003331247673409634,0,0,0,0.7316595441595442,0.3341012286324786,0.0009112130293117277,0.0014595014018692787,0.7291666666666666,0.7323717948717948,0.33092948717948717,0.33573717948717946,0.12308582621082621,0.12528935185185186,0.002771078080036666,0.004301178994687686,0.11538461538461539,0.125,0.1201923076923077,0.1362179487179487,0.009615384615384609,0.01602564102564101,1.0833333333333333,1.1333333333333333,0.015429245196873402,0.017027243589743588,0.0031589003944773146,1.2277777777777776,0.9971681526744105,0.9863013698630136,0.001106887304697007,0.0053153538812785,1,15,0.20833333333333334,1,0.11985844017094016,0.12439903846153848,0.125,0.12126068376068376,0.12399839743589743,0.13060897435897434,0.0051415598290598385,0.009348290598290579,1,GERMINATED
zm3_10,4,72,0.00016963408884346665,0.0,0.0011331839442092,0.0003504569953403681,0,0,0,0.2574563746438746,0.43074474715099714,0.0004932006723237469,0.0004965792271483934,0.2564102564102564,0.2588141025641026,0.43028846153846156,0.43189102564102566,0.135906339031339,0.10133992165242163,0.004369570683768228,0.002895144595691834,0.1282051282051282,0.14903846153846154,0.09775641025641026,0.10737179487179487,0.020833333333333343,0.009615384615384609,1.1625,1.0983606557377048,0.013784234261998686,0.01600252712031558,0.0034696540105193935,1.2768442622950817,0.9966369709381778,0.97215821812596,0.0012873223293860278,0.0104811932196499,1,17,0.2361111111111111,1,0.13207799145299146,0.13575053418803418,0.13989049145299146,0.09809027777777779,0.10149572649572651,0.10443376068376069,0.0078125,0.006343482905982897,1,GERMINATED
zm3_10,5,72,0.00026057484822796114,0.0,0.0011331839442092,0.0003822543529813713,0,0,0,0.7261507300569799,0.5089365206552705,0.0015079169713248276,0.0013596877493945335,0.7227564102564102,0.7291666666666666,0.5056089743589743,0.5104166666666666,0.15177617521367523,0.11371527777777778,0.005786994233350362,0.002755570283381857,0.14102564102564102,0.16025641025641027,0.10416666666666667,0.11698717948717949,0.019230769230769246,0.012820512820512817,1.1363636363636365,1.123076923076923,0.017273042851468332,0.01874794543063774,0.004057774490466799,1.2762237762237763,0.9952547075261862,0.959682749504296,0.0018302260171829876,0.0146318710068296,1,6,0.08333333333333333,1,0.14469818376068377,0.1528445512820513,0.1577857905982906,0.1109107905982906,0.11431623931623931,0.11591880341880341,0.013087606837606819,0.005008012820512803,1,GERMINATED
zm3_10,6,72,0.00014928567443879445,0.0,0.0011331839442092,0.0003202458615662715,0,0,0,0.5024594907407407,0.5336538461538461,0.0005870965406477,0.0012527819871323218,0.5016025641025641,0.5040064102564102,0.53125,0.5352564102564102,0.11856748575498575,0.13986823361823358,0.0022425251778954314,0.0039001417581569636,0.11378205128205128,0.1233974358974359,0.1330128205128205,0.14583333333333334,0.009615384615384623,0.01282051282051283,1.0845070422535212,1.0963855421686748,0.01659203871493535,0.017995459401709404,0.0028609878369493785,1.1890378415068728,0.9976122347277442,0.9754545454545456,0.0009327535336747651,0.009327478654645,1,5,0.06944444444444445,1,0.1157852564102564,0.11939102564102565,0.12052617521367522,0.13528311965811965,0.14022435897435898,0.14409722222222224,0.004740918803418814,0.008814102564102588,1,GERMINATED
zm3_10,7,72,0.0001630417728351153,0.0,0.0017917211358171,0.0003659653149377151,0,0,0,0.26708288817663817,0.5820646367521367,0.0015275021889942714,0.0007758380100575719,0.26282051282051283,0.26842948717948717,0.5801282051282052,0.5833333333333334,0.12844996438746437,0.09415064102564102,0.0031451352263891633,0.001994282121136231,0.11698717948717949,0.13141025641025642,0.08974358974358974,0.09615384615384616,0.01282051282051283,0.006410256410256415,1.1095890410958904,1.0714285714285714,0.012098559975162541,0.012481508875739646,0.0019826594345825135,1.1888454011741685,0.9968092668040812,0.9535036018336608,0.0012227337709143835,0.0174383580964998,0,0,0.0,0,0.12560096153846154,0.12994123931623933,0.12980769230769232,0.09168002136752136,0.09461805555555554,0.09615384615384616,0.004206730769230782,0.004473824786324798,1,GERMINATED
zm3_10,8,72,0.00015389542295167225,0.0,0.0011331839442092,0.0003317788796524328,0,0,0,0.6656316773504274,0.6589988425925927,0.0011208206685092456,0.0008533057032010107,0.6634615384615384,0.6674679487179487,0.6586538461538461,0.6618589743589743,0.12230680199430201,0.12511128917378916,0.002083100278865588,0.0022871482126007115,0.11858974358974358,0.1282051282051282,0.1201923076923077,0.13141025641025642,0.009615384615384609,0.01121794871794872,1.0810810810810811,1.0933333333333333,0.015306470409635472,0.016847468770545694,0.002593893819855359,1.1819819819819821,0.9969826518039038,0.9615384615384616,0.0011561038935522432,0.0139823717948717,1,12,0.16666666666666666,1,0.12065972222222221,0.12219551282051283,0.12406517094017094,0.1234642094017094,0.125,0.1268696581196581,0.0034054487179487336,0.0034054487179487197,1,GERMINATED
zm3_10,9,72,0.00028744243149867225,0.0,0.0011331839442092,0.00039767662203622615,0,0,0,0.45271323005698005,0.7455039173789175,0.0010971441942143076,0.001923983510058247,0.45032051282051283,0.4543269230769231,0.7403846153846154,0.7483974358974359,0.12546741452991453,0.1402688746438746,0.003714791945967178,0.008017147256961928,0.11538461538461539,0.12980769230769232,0.125,0.15384615384615385,0.014423076923076927,0.028846153846153855,1.125,1.2307692307692308,0.01762706370078165,0.019970414201183433,0.0055473372781065095,1.3846153846153846,0.9955121206269258,0.9739993157714676,0.0017575953610500918,0.0098368090437222,0,0,0.0,0,0.12086004273504274,0.1268028846153846,0.12873931623931623,0.13120993589743588,0.14015758547008547,0.14943910256410256,0.00787927350427349,0.018229166666666685,1,GERMINATED
zm3_11,1,72,0.00011589892230204445,0.0,0.0011331839442092,0.00029096195458240824,0,0,0,0.37550080128205127,0.1884793447293447,0.0006465316750479777,0.00033312476734098363,0.37419871794871795,0.3766025641025641,0.18830128205128205,0.1891025641025641,0.127693198005698,0.09726673789173788,0.0022636338320168995,0.0034478815742042903,0.1233974358974359,0.13141025641025642,0.09134615384615384,0.10096153846153846,0.008012820512820512,0.009615384615384623,1.0649350649350648,1.105263157894737,0.012427540760373293,0.013267381656804734,0.0019955004930966476,1.1770334928229667,0.99775614326846,0.9706071658442396,0.0008606841555353346,0.0110240615182521,0,0,0.0,0,0.12533386752136752,0.12753739316239315,0.13020833333333334,0.09301549145299144,0.09782318376068377,0.10096153846153848,0.004874465811965822,0.007946047008547036,1,GERMINATED
zm3_11,2,72,0.00015389542295167225,0.0,0.0011331839442092,0.0003317788796524331,0,0,0,0.6356615028490028,0.2355435363247863,0.000902197658454022,0.0008279645277535527,0.6330128205128205,0.6362179487179487,0.23477564102564102,0.23717948717948717,0.10875178062678065,0.10151798433048431,0.004123170020433607,0.00347386263664531,0.09935897435897435,0.11217948717948718,0.09294871794871795,0.10416666666666667,0.01282051282051283,0.01121794871794872,1.1290322580645162,1.1206896551724137,0.01105433223071444,0.011685363247863248,0.002450073964497042,1.2652947719688543,0.9967646728586654,0.9674468657519504,0.0012323965243856486,0.0121301665505533,0,0,0.0,0,0.10369925213675213,0.11037660256410257,0.11217948717948718,0.09735576923076922,0.1030315170940171,0.10416666666666667,0.008480235042735054,0.006810897435897453,0,NON-GERMINATED
zm3_11,3,72,0.00028092326263263334,0.0,0.0011331839442092,0.0004023082992579831,0,0,0,0.4947360220797721,0.3438056445868946,0.002623192297145854,0.0012043422123862823,0.4895833333333333,0.49759615384615385,0.34134615384615385,0.3453525641025641,0.10605858262108263,0.12337517806267807,0.007451522850628124,0.005457437715649108,0.09134615384615384,0.11698717948717949,0.11057692307692307,0.13141025641025642,0.025641025641025647,0.020833333333333343,1.280701754385965,1.1884057971014494,0.013124382202407045,0.015373315253122946,0.005272538625904013,1.5219933892702775,0.9938287560177462,0.969007263922518,0.0023425355145000417,0.0115840271908546,1,13,0.18055555555555555,1,0.0968883547008547,0.10743856837606836,0.11384882478632478,0.11725427350427349,0.12359775641025643,0.12927350427350426,0.01696047008547008,0.012019230769230768,1,GERMINATED
zm3_11,4,72,9.825083605708889e-05,0.0,0.0011331839442092,0.0002819943096471083,0,0,0,0.2199407941595441,0.3751669337606837,0.0007553739861401916,0.0007664423266058322,0.21794871794871795,0.2219551282051282,0.37259615384615385,0.37580128205128205,0.14986200142450143,0.10779469373219373,0.001510747972280384,0.0009627639224484609,0.14583333333333334,0.15384615384615385,0.10576923076923077,0.10897435897435898,0.008012820512820512,0.0016025641025641107,1.054945054945055,1.0149253731343284,0.01615522870781284,0.01676528599605523,0.0011068992439184772,1.0706905035263246,0.9982364767892901,0.9745253934772028,0.0006810961671855583,0.009652681846715,0,0,0.0,0,0.14817040598290598,0.1503071581196581,0.15110844017094016,0.10697115384615384,0.10743856837606836,0.10897435897435898,0.0029380341880341776,0.002003205128205135,1,GERMINATED
zm3_11,5,72,0.00015580484330483335,0.0,0.000801282051282,0.0003171253305015603,0,0,0,0.7742499109686611,0.39515446937321935,0.0004995632052943236,0.0005284771220879509,0.7724358974358975,0.7748397435897436,0.3942307692307692,0.3958333333333333,0.10294248575498573,0.13766470797720798,0.002425899779690821,0.004025592630705523,0.09615384615384616,0.10576923076923077,0.1282051282051282,0.14262820512820512,0.009615384615384609,0.01282051282051283,1.0999999999999999,1.1,0.014180987300478485,0.01508567554240631,0.0025887573964497052,1.2100000000000002,0.9970607519450263,0.9759036144578314,0.001130009967388875,0.008433734939759,0,0,0.0,0,0.10022702991452992,0.10323183760683761,0.10536858974358974,0.13314636752136752,0.13788728632478633,0.14196047008547008,0.005141559829059825,0.00881410256410256,0,NON-GERMINATED
zm3_11,6,72,8.903133903133334e-05,0.0,0.000801282051282,0.0002518186542686973,0,0,0,0.36882345085470086,0.46875,0.0007367813999303497,0.0,0.36778846153846156,0.3701923076923077,0.46875,0.46875,0.14358529202279202,0.11030982905982908,0.002872468219323478,0.0008858506384496271,0.1362179487179487,0.14583333333333334,0.10737179487179487,0.11057692307692307,0.009615384615384637,0.0032051282051282076,1.0705882352941178,1.0298507462686568,0.015840694113430493,0.016125801282051284,0.0014998356344510227,1.1025460930640916,0.9983502027417411,0.9710144927536232,0.0006352994107609957,0.0101449275362318,0,0,0.0,0,0.14035790598290598,0.14483173076923075,0.14556623931623933,0.10977564102564102,0.11057692307692307,0.11057692307692307,0.005208333333333343,0.0008012820512820484,1,GERMINATED
zm3_11,7,72,0.00022066892722517222,0.0,0.0011331839442092,0.00037225080419220943,0,0,0,0.5321514423076922,0.5452501780626781,0.002165511173635345,0.0017816002947749383,0.5296474358974359,0.5384615384615384,0.5416666666666666,0.5480769230769231,0.1336582977207977,0.11787749287749288,0.005386166070178523,0.0022488124893723436,0.1282051282051282,0.14743589743589744,0.11217948717948718,0.12179487179487179,0.019230769230769246,0.008012820512820512,1.1500000000000001,1.0714285714285714,0.01576521722505296,0.017720660749506904,0.003338675213675214,1.2321428571428572,0.9963889961684305,0.9743076409743076,0.001407286143745747,0.0097288952227283,1,13,0.18055555555555555,1,0.1282051282051282,0.1326121794871795,0.14015758547008547,0.11511752136752136,0.11852297008547008,0.11999198717948718,0.011952457264957278,0.004874465811965822,1,GERMINATED
zm3_11,8,72,0.0002317978446040889,0.0,0.0011331839442092,0.0003774289305912835,0,0,0,0.766570957977208,0.6240317841880343,0.001373824170003585,0.001354942834381875,0.7636217948717948,0.7676282051282052,0.6225961538461539,0.6266025641025641,0.1153178418803419,0.1367298789173789,0.0047362141095901,0.005746100485260622,0.11217948717948718,0.13141025641025642,0.13141025641025642,0.15544871794871795,0.019230769230769232,0.02243589743589744,1.1714285714285715,1.1686746987951808,0.015794073937102786,0.020427555884286654,0.005506245890861275,1.3690189328743545,0.9949683579477822,0.9623970037453184,0.0019117433172688774,0.0136818820224719,1,25,0.3472222222222222,1,0.11217948717948718,0.11338141025641026,0.12039262820512821,0.1330128205128205,0.13381410256410256,0.1433627136752137,0.008213141025641024,0.010349893162393181,1,GERMINATED
zm3_11,9,72,0.0004415085689476014,0.0,0.0017917211358171,0.0005676966485805604,0,0,0,0.29486066595441596,0.6305199430199431,0.003158868262667926,0.0034323284412751368,0.29246794871794873,0.30689102564102566,0.6193910256410257,0.6338141025641025,0.13837695868945865,0.12526709401709402,0.01134806924850998,0.009329192946887277,0.1266025641025641,0.17467948717948717,0.11378205128205128,0.15224358974358973,0.04807692307692307,0.03846153846153845,1.379746835443038,1.3380281690140845,0.017439334559226385,0.026593832182774488,0.012188732741617355,1.8461401319308253,0.9912321409244788,0.9586552061799588,0.0033557312462483904,0.0155123445036811,1,27,0.375,1,0.12967414529914528,0.13541666666666666,0.1500400641025641,0.11838942307692309,0.12272970085470086,0.1346821581196581,0.020365918803418814,0.016292735042735026,1,GERMINATED
zm3_11,10,72,0.00013815675705987777,0.0,0.0011331839442092,0.00031118954541523524,0,0,0,0.5781695156695156,0.6995081018518519,0.0004199599862917459,0.000340297472654483,0.5769230769230769,0.5785256410256411,0.6987179487179487,0.7003205128205128,0.14868233618233617,0.1041889245014245,0.0031515081945206256,0.002540807637906362,0.14102564102564102,0.15224358974358973,0.09775641025641026,0.10737179487179487,0.011217948717948706,0.009615384615384609,1.0795454545454544,1.0983606557377048,0.015498479904028781,0.01634666748849441,0.002560507067718605,1.1857302533532041,0.9976522251012168,0.9735576923076924,0.0009115231066630181,0.0099913772560436,0,0,0.0,0,0.14509882478632477,0.14923878205128205,0.1517094017094017,0.1015625,0.10416666666666667,0.10683760683760683,0.006610576923076927,0.005275106837606833,1,GERMINATED
zm3_12,1,72,0.00022257834757833335,0.0,0.000801282051282,0.00035889680147338125,0,0,0,0.4220419337606838,0.21494391025641024,0.0019647188808499523,0.0004577760817575564,0.4166666666666667,0.42628205128205127,0.21394230769230768,0.21634615384615385,0.1308538105413105,0.10532407407407406,0.0077326357577790815,0.000894753883646801,0.11538461538461539,0.14903846153846154,0.10256410256410256,0.10576923076923077,0.033653846153846145,0.0016025641025641107,1.2916666666666665,1.015625,0.01378619609038279,0.01576368343195266,0.0036905202169625253,1.3118489583333335,0.9958360774128105,0.976470588235294,0.0016020488314421918,0.008235294117647,1,24,0.3333333333333333,1,0.1230635683760684,0.13007478632478633,0.13942307692307696,0.10450053418803418,0.10576923076923077,0.10570245726495726,0.01635950854700856,0.0012019230769230865,1,GERMINATED
zm3_12,2,72,0.00016693376068375,0.0,0.000801282051282,0.0003254138069180132,0,0,0,0.6541243767806267,0.29868901353276356,0.0009644990388917231,0.0003655641850439993,0.6522435897435898,0.657051282051282,0.297275641025641,0.2988782051282051,0.127559650997151,0.1467013888888889,0.002625952894787415,0.003970076521419539,0.12179487179487179,0.13141025641025642,0.13782051282051283,0.15064102564102563,0.009615384615384623,0.011217948717948706,1.0789473684210527,1.0804597701149425,0.01872140724304186,0.01979577580539119,0.002814760026298487,1.1657592256503326,0.9972261010402027,0.9777777777777776,0.0010793715803734693,0.0077777777777777,1,10,0.1388888888888889,1,0.12446581196581197,0.12773771367521367,0.13047542735042736,0.14189369658119658,0.14903846153846154,0.14917200854700854,0.006009615384615391,0.007278311965811968,1,GERMINATED
zm3_12,3,72,8.251217016529444e-05,0.0,0.0011331839442092,0.00025402943873107617,0,0,0,0.2684851317663818,0.34883591524216534,0.00020369263285393373,0.0006143122070865617,0.26842948717948717,0.2692307692307692,0.3485576923076923,0.35096153846153844,0.14443108974358976,0.10694889601139598,0.002888291767345385,0.0008855709697328019,0.1346153846153846,0.14583333333333334,0.10416666666666667,0.10737179487179487,0.011217948717948734,0.0016025641025640969,1.0833333333333335,1.0151515151515151,0.015449006159142378,0.015658386752136752,0.0014202210716633794,1.0997474747474747,0.9982729836319267,0.973568281938326,0.0006580886394330653,0.0099876708853218,0,0,0.0,0,0.14162660256410256,0.14583333333333334,0.14583333333333334,0.10610309829059827,0.10737179487179487,0.10737179487179487,0.004206730769230782,0.0012686965811965906,0,NON-GERMINATED
zm3_12,4,72,0.00023370726495725,0.0,0.000801282051282,0.0003642064675025043,0,0,0,0.4525017806267806,0.4522235576923076,0.0021871649744548078,0.002200235094897883,0.4495192307692308,0.45753205128205127,0.4495192307692308,0.4567307692307692,0.14391915954415951,0.09719996438746438,0.004623418952182915,0.0015837509105431076,0.1362179487179487,0.15544871794871795,0.09455128205128205,0.09935897435897435,0.019230769230769246,0.0048076923076923045,1.1411764705882355,1.0508474576271185,0.013994934630451459,0.015445225180802102,0.0025656434911242604,1.1992023928215354,0.9958198193597888,0.9791666666666666,0.0016149729462960971,0.0072916666666666,1,15,0.20833333333333334,1,0.1388221153846154,0.14409722222222224,0.14883814102564102,0.0953525641025641,0.09755608974358976,0.09869123931623931,0.010016025641025633,0.0033386752136752157,1,GERMINATED
zm3_12,5,72,0.00016693376068375136,0.0,0.0024038461538461,0.000399247487416562,0,0,0,0.6750356125356125,0.45546207264957267,0.0013999452629555223,0.00039503737867919335,0.6706730769230769,0.6762820512820513,0.4551282051282051,0.45592948717948717,0.13804309116809113,0.11120014245014248,0.0023935194192966636,0.0010534330098111873,0.13141025641025642,0.14583333333333334,0.10897435897435898,0.11217948717948718,0.014423076923076927,0.0032051282051282076,1.1097560975609757,1.0294117647058825,0.015351913488932722,0.016359508547008548,0.002039160092044707,1.1423959827833572,0.9975359809235059,0.967032967032967,0.000970913621217318,0.0131009615384615,1,14,0.19444444444444445,1,0.13615117521367523,0.13842147435897437,0.13955662393162394,0.11010950854700856,0.1113114316239316,0.11217948717948718,0.003405448717948706,0.002069978632478625,1,GERMINATED
zm3_12,6,72,0.00012702783968096112,0.0,0.0011331839442092,0.00030145107214456045,0,0,0,0.20126647079772084,0.4735465633903135,0.0005558891445754151,0.0008908001473874526,0.20032051282051283,0.20272435897435898,0.47115384615384615,0.47435897435897434,0.10142895299145298,0.13713051994301992,0.0036174973479117353,0.002310423287485166,0.09294871794871795,0.10416666666666667,0.13141025641025642,0.13942307692307693,0.01121794871794872,0.008012820512820512,1.1206896551724137,1.0609756097560976,0.01391696086958507,0.01452323717948718,0.0023088223208415515,1.1890243902439024,0.9976158814014021,0.9712068613436798,0.0009170096053019208,0.010814168093448,1,1,0.013888888888888888,1,0.0968883547008547,0.10323183760683761,0.10416666666666667,0.1343482905982906,0.13782051282051283,0.13922275641025642,0.007278311965811968,0.004874465811965822,1,GERMINATED
zm3_12,7,72,0.0002252786757380514,0.0,0.0016025641025641,0.000404063312068728,0,0,0,0.37394275284900286,0.6247106481481481,0.0010669260065384234,0.0007229514676331752,0.3717948717948718,0.3766025641025641,0.6217948717948718,0.625801282051282,0.14340722934472933,0.11409366096866098,0.0024623845711063334,0.002307526741932775,0.1346153846153846,0.14743589743589744,0.10576923076923077,0.11538461538461539,0.01282051282051283,0.009615384615384623,1.0952380952380953,1.090909090909091,0.01636689215565417,0.017011834319526627,0.0027736686390532547,1.1948051948051948,0.9962445485971525,0.9734855136084284,0.001460839130226368,0.010016639800786,1,4,0.05555555555555555,1,0.14142628205128205,0.14423076923076922,0.14456463675213674,0.11217948717948718,0.11471688034188034,0.11538461538461538,0.0031383547008546897,0.0032051282051281937,1,GERMINATED
zm3_12,8,72,0.00012241809116808334,0.0,0.000801282051282,0.0002882797775771854,0,0,0,0.7057848112535612,0.6407029024216524,0.0005717058199359545,0.0006895439848050528,0.7051282051282052,0.7067307692307693,0.6394230769230769,0.6418269230769231,0.10988693019943022,0.1446091524216524,0.002837066424692182,0.0019716723231856374,0.09935897435897435,0.11217948717948718,0.13942307692307693,0.14743589743589744,0.01282051282051283,0.008012820512820512,1.1290322580645162,1.0574712643678161,0.015895767986613338,0.016539283366206445,0.002686349441157136,1.1939191694475344,0.9975571462884001,0.9775280898876404,0.000934570558319211,0.0078651685393258,0,0,0.0,0,0.10697115384615385,0.11057692307692307,0.1121127136752137,0.14262820512820512,0.1449652777777778,0.14623397435897437,0.0051415598290598385,0.0036057692307692457,1,GERMINATED
zm3_12,9,72,8.903133903133334e-05,0.0,0.000801282051282,0.0002518186542686973,0,0,0,0.5500801282051282,0.6876112891737891,0.0005665919721046031,0.000277107808003665,0.5496794871794872,0.5512820512820513,0.6875,0.688301282051282,0.11084401709401712,0.13937856125356124,0.0020689013601535343,0.0022501338953169695,0.10576923076923077,0.11217948717948718,0.1346153846153846,0.14102564102564102,0.006410256410256415,0.006410256410256415,1.0606060606060606,1.0476190476190477,0.015453750216871207,0.01582018408941486,0.0015820184089414858,1.1111111111111112,0.9985463857570491,0.9850746268656716,0.0005666353554031999,0.0057447139303482,0,0,0.0,0,0.10837339743589743,0.11197916666666667,0.11217948717948718,0.13648504273504272,0.140625,0.14102564102564102,0.003806089743589758,0.004540598290598302,0,NON-GERMINATED
zm3_12,10,72,5.564458689458334e-05,0.0,0.000801282051282,0.00020369263285392145,0,0,0,0.23540998931623935,0.6931423611111112,0.00044166521619000144,0.00016011723835846357,0.23397435897435898,0.23557692307692307,0.6931089743589743,0.6939102564102564,0.10864049145299148,0.14176014957264954,0.0008833304323800064,0.0020850020026704085,0.10576923076923077,0.10897435897435898,0.1346153846153846,0.14262820512820512,0.0032051282051282076,0.008012820512820512,1.0303030303030303,1.0595238095238095,0.015402635670063551,0.015542817225509533,0.0013046515450361607,1.0916305916305917,0.9987918051203847,0.9775280898876404,0.0004590371893467736,0.0078651685393258,0,0,0.0,0,0.1079727564102564,0.10897435897435898,0.10897435897435898,0.14002403846153846,0.14262820512820512,0.14262820512820512,0.0010016025641025744,0.0026041666666666574,0,NON-GERMINATED
zm3_2,1,72,6.67735042735e-05,0.0,0.000801282051282,0.00022146265961239236,0,0,0,0.5950520833333333,0.25139111467236464,0.0004314519225200331,0.00042216605988226914,0.594551282051282,0.5961538461538461,0.25,0.2516025641025641,0.13521634615384615,0.13753116096866094,0.0015899947782840062,0.0006164254996495022,0.13141025641025642,0.13782051282051283,0.1362179487179487,0.13782051282051283,0.006410256410256415,0.0,1.048780487804878,1.0,0.018596171252922053,0.01899449375410914,0.0008834648257725168,1.0487804878048779,0.9990194252571052,0.9879518072289156,0.00038660393779098474,0.0047377008032128,0,0,0.0,0,0.13348023504273507,0.13581730769230768,0.13635149572649571,0.13782051282051283,0.13782051282051283,0.13695245726495728,0.002871260683760646,-0.0008680555555555525,0,NON-GERMINATED
zm3_2,2,72,0.0002521462590087612,0.0,0.0011331839442092,0.0003991958262758401,0,0,0,0.35080573361823364,0.298488693019943,0.003128077168377236,0.0006403722569807583,0.3469551282051282,0.3581730769230769,0.2980769230769231,0.30128205128205127,0.1554042022792023,0.10187410968660966,0.010191560915371592,0.0012478290856846315,0.14262820512820512,0.1778846153846154,0.09775641025641026,0.10416666666666667,0.03525641025641027,0.0048076923076923045,1.2471910112359552,1.0491803278688525,0.015835557690024836,0.018529647435897436,0.004301754602235372,1.308528274083625,0.9954427456449917,0.9629755434782608,0.001758934092608585,0.013479393115942,1,33,0.4583333333333333,1,0.1453659188034188,0.15324519230769232,0.16760149572649574,0.10096153846153848,0.10256410256410257,0.10209668803418803,0.022235576923076955,0.0011351495726495547,1,GERMINATED
zm3_2,3,72,0.0005381775893915888,0.0,0.0017917211358171,0.0006229666242802302,0,0,0,0.2689636752136752,0.4093549679487179,0.006350156745709792,0.0013216262962666538,0.24759615384615385,0.27403846153846156,0.40625,0.41185897435897434,0.1536680911680912,0.12137197293447294,0.016379104902715057,0.002085952214410593,0.13782051282051283,0.20352564102564102,0.11538461538461539,0.1266025641025641,0.0657051282051282,0.011217948717948706,1.4767441860465116,1.097222222222222,0.018667510466889473,0.025766868014464168,0.009864501150558841,1.6203165374677,0.9915537608114838,0.9661159339120694,0.0033059991490851748,0.012380256464109,1,31,0.4305555555555556,1,0.14182692307692307,0.14670138888888887,0.17247596153846154,0.1201923076923077,0.12192841880341881,0.12199519230769233,0.030649038461538464,0.0018028846153846367,1,GERMINATED
zm3_2,4,72,0.00011128917378916668,0.0,0.000801282051282,0.0002771078080036491,0,0,0,0.7490095263532763,0.43298165954415946,0.0009299807076240476,0.0009658464188811901,0.7475961538461539,0.750801282051282,0.43189102564102566,0.43509615384615385,0.14131499287749286,0.09610933048433047,0.002074520948273641,0.0010334924115245644,0.1362179487179487,0.14423076923076922,0.09455128205128205,0.09775641025641026,0.006410256410256415,0.0032051282051282076,1.0470588235294118,1.033898305084746,0.013583236026645481,0.01409948224852071,0.0010632396449704144,1.0825523429710868,0.9981342025539544,0.9833333333333332,0.000725367069078982,0.0063541666666666,0,0,0.0,0,0.1389556623931624,0.1421607905982906,0.14282852564102563,0.09508547008547008,0.09615384615384616,0.09708867521367522,0.003872863247863234,0.002003205128205135,1,GERMINATED
zm3_2,5,72,7.138325278637777e-05,0.0,0.0011331839442092,0.00023942899457484642,0,0,0,0.5164151531339033,0.4700186965811965,0.00040048642751617104,0.00041700040053407926,0.5160256410256411,0.5168269230769231,0.46875,0.4703525641025641,0.10334312678062677,0.13100961538461536,0.0008009728550323479,0.002898308548906345,0.10256410256410256,0.10416666666666667,0.1233974358974359,0.1330128205128205,0.0016025641025641107,0.009615384615384609,1.015625,1.077922077922078,0.013540503837479,0.013855502136752138,0.001199354865220251,1.0947646103896105,0.9987532362086663,0.9727525486561632,0.0004827664412778889,0.0102731775340788,1,5,0.06944444444444445,1,0.10256410256410257,0.10329861111111112,0.10416666666666667,0.12787126068376067,0.132144764957265,0.1330128205128205,0.0016025641025640969,0.0051415598290598385,1,GERMINATED
zm3_2,6,72,6.025433540746111e-05,0.0,0.0011331839442092,0.0002233244848648813,0,0,0,0.2361667556980057,0.5779914529914529,0.000534072095383804,0.0006939306120067967,0.23397435897435898,0.23637820512820512,0.5777243589743589,0.5801282051282052,0.1482594373219373,0.10430021367521367,0.001998624669858587,0.0004429253192248116,0.14102564102564102,0.14903846153846154,0.10416666666666667,0.10576923076923077,0.008012820512820512,-0.0016025641025640969,1.0568181818181819,0.9848484848484849,0.01546277462743809,0.015594181459566075,0.0006086661735700202,1.040805785123967,0.9986116514547102,0.9740697087051692,0.000525087308866282,0.0098121715169267,0,0,0.0,0,0.14670138888888887,0.14903846153846154,0.14903846153846154,0.1045673076923077,0.10416666666666667,0.10416666666666667,0.002337072649572669,-0.0004006410256410242,1,GERMINATED
zm3_2,7,72,0.0002724946734134334,0.0,0.0011331839442092,0.00041884830409976944,0,0,0,0.6838831018518519,0.6018184650997149,0.0017049777465909287,0.0007592988828087434,0.6778846153846154,0.6858974358974359,0.5993589743589743,0.6041666666666666,0.14091435185185183,0.11518429487179488,0.005112087307436799,0.003492069141290836,0.13141025641025642,0.15705128205128205,0.10897435897435898,0.125,0.025641025641025633,0.016025641025641024,1.1951219512195121,1.1470588235294117,0.01624711361540288,0.019631410256410256,0.005311061801446415,1.3708751793400284,0.9952550232349116,0.9736336650951632,0.001837863405499668,0.0099647867804288,1,21,0.2916666666666667,1,0.1362179487179487,0.13989049145299146,0.1466346153846154,0.11117788461538462,0.11611912393162394,0.11825587606837606,0.010416666666666685,0.007077991452991442,1,GERMINATED
zm3_2,8,72,0.00032813926030801947,0.0,0.0016025641025641,0.0004714535930967091,0,0,0,0.43291488603988604,0.6495949074074074,0.0014335151520748362,0.0006892745088676088,0.43189102564102566,0.4391025641025641,0.6482371794871795,0.6522435897435898,0.1381321225071225,0.12175035612535612,0.00811297313622486,0.0038886928030201114,0.1282051282051282,0.16666666666666666,0.11538461538461539,0.1346153846153846,0.038461538461538464,0.01762820512820512,1.3,1.1506849315068493,0.016846826717619987,0.022435897435897433,0.007437541091387244,1.4958904109589042,0.9937387803685055,0.9539455965526528,0.002404717390223335,0.0171607078732381,1,24,0.3333333333333333,1,0.13207799145299146,0.13575053418803418,0.1465678418803419,0.11785523504273503,0.1216613247863248,0.12573450854700854,0.014489850427350431,0.007879273504273518,1,GERMINATED
zm3_2,9,72,0.00012702783968096112,0.0,0.0011331839442092,0.00030145107214456045,0,0,0,0.6442975427350427,0.7530493233618233,0.0005934958879083572,0.0005918240651846638,0.6434294871794872,0.6450320512820513,0.7524038461538461,0.7548076923076923,0.09846866096866096,0.14124821937321932,0.0023420488671591698,0.0021082763953373606,0.09294871794871795,0.10096153846153846,0.1362179487179487,0.14743589743589744,0.008012820512820512,0.011217948717948734,1.0862068965517242,1.0823529411764707,0.013911931455000366,0.0148853550295858,0.00222407133464826,1.1756592292089252,0.9974602640602814,0.9720306513409962,0.0009714756746941445,0.0105258415943873,0,0,0.0,0,0.09555288461538462,0.09895833333333333,0.10089476495726497,0.1391559829059829,0.14262820512820512,0.14196047008547008,0.005341880341880351,0.0028044871794871695,1,GERMINATED
zm3_2,10,72,6.025433540746111e-05,0.0,0.0011331839442092,0.0002233244848648813,0,0,0,0.3916822471509971,0.8037526709401711,0.00042914929408517535,0.00022146265961240543,0.3894230769230769,0.3918269230769231,0.8036858974358975,0.8044871794871795,0.10721599002849001,0.1165420227920228,0.0004747758415175712,0.0012010984297749316,0.10576923076923077,0.10737179487179487,0.11217948717948718,0.11698717948717949,0.0016025641025640969,0.0048076923076923045,1.0151515151515151,1.042857142857143,0.012495562700891225,0.012561123438527284,0.0006959853714661405,1.0586580086580086,0.9988050871713485,0.9714045416316232,0.00045738480804287634,0.0107449799926678,0,0,0.0,0,0.10690438034188032,0.10737179487179487,0.10737179487179487,0.1156517094017094,0.11698717948717947,0.11698717948717947,0.00046741452991454213,0.0013354700854700807,0,NON-GERMINATED
zm3_3,1,72,5.564458689458334e-05,0.0,0.000801282051282,0.00020369263285392145,0,0,0,0.47571670227920215,0.2153556801994302,0.00036910443268734275,0.00038919400930480106,0.4751602564102564,0.47596153846153844,0.21394230769230768,0.2155448717948718,0.1528668091168091,0.09737802706552706,0.0016798399451667812,0.0007783880186095837,0.14903846153846154,0.15384615384615385,0.09455128205128205,0.09775641025641026,0.004807692307692318,0.0032051282051282076,1.032258064516129,1.033898305084746,0.014886995831507047,0.015039447731755425,0.0009476701183431958,1.067249863313286,0.9991022029219709,0.9833333333333332,0.0003503979587916778,0.0063541666666666,0,0,0.0,0,0.15090811965811965,0.15384615384615385,0.15384615384615385,0.09662126068376069,0.09775641025641026,0.09775641025641026,0.0029380341880342054,0.0011351495726495686,0,NON-GERMINATED
zm3_3,2,72,0.00014467592592591803,0.0,0.0016025641025641,0.0003359016264419932,0,0,0,0.2780448717948718,0.2827635327635327,0.002073207090846684,0.00025181865426871213,0.2764423076923077,0.28525641025641024,0.28205128205128205,0.2828525641025641,0.14258368945868943,0.10113960113960113,0.0047100439381214795,0.0005036373085374237,0.13782051282051283,0.16025641025641027,0.10096153846153846,0.10256410256410256,0.02243589743589744,-0.0016025641025640969,1.1627906976744187,0.984375,0.014420152015304258,0.016179733727810654,0.002044296515450364,1.144622093023256,0.9977025042861825,0.9789473684210528,0.0008981628516879973,0.0084100877192982,1,32,0.4444444444444444,1,0.1391559829059829,0.14102564102564102,0.14756944444444445,0.10149572649572651,0.10096153846153848,0.10096153846153848,0.008413461538461536,-0.0005341880341880323,1,GERMINATED
zm3_3,3,72,0.00018076300622238336,0.0,0.0011331839442092,0.0003575443567001512,0,0,0,0.6799991096866097,0.31008502492877493,0.0008988969242480681,0.0015429913847330994,0.6762820512820513,0.6802884615384616,0.30689102564102566,0.31169871794871795,0.10087250712250712,0.1457665598290598,0.00036708561481638906,0.0037719642741716364,0.09935897435897435,0.10096153846153846,0.13942307692307693,0.16025641025641027,-0.0016025641025641107,0.020833333333333343,0.9841269841269841,1.149425287356322,0.01470308333789904,0.01592291255752794,0.0018465442143326752,1.131180441525269,0.9960955249114877,0.9631881121242823,0.0014840622350238903,0.0134049940898345,1,8,0.1111111111111111,1,0.10096153846153848,0.10096153846153848,0.10069444444444446,0.1422275641025641,0.14630074786324787,0.14877136752136752,-0.00026709401709401615,0.006543803418803423,1,GERMINATED
zm3_3,4,72,0.00026079480947526255,0.0,0.0028890635220064,0.000537291482519346,0,0,0,0.6915620548433048,0.48681223290598286,0.0006852196527271234,0.0012235231171079486,0.6899038461538461,0.6939102564102564,0.483974358974359,0.4895833333333333,0.10734953703703703,0.1447426994301994,0.0013747704386291172,0.004909202485209283,0.10256410256410256,0.11057692307692307,0.13942307692307693,0.16826923076923078,0.006410256410256415,0.028846153846153855,1.0625,1.206896551724138,0.015542210842190811,0.018337031558185404,0.004037228796844181,1.2823275862068966,0.9951816154902257,0.9428571428571428,0.0018559512045799806,0.0218778912893041,1,23,0.3194444444444444,1,0.10616987179487179,0.10737179487179487,0.10850694444444446,0.14202724358974358,0.14316239316239315,0.14903846153846154,0.002337072649572669,0.0070112179487179516,1,GERMINATED
zm3_3,5,72,8.903133903133333e-05,0.0,0.000801282051282,0.0002518186542686973,0,0,0,0.38481570512820507,0.518184650997151,0.0004768582016922288,0.0008408042542523166,0.38461538461538464,0.38621794871794873,0.5168269230769231,0.5192307692307693,0.11204594017094019,0.1420495014245014,0.0004429253192248152,0.0030254284789078,0.11057692307692307,0.11217948717948718,0.1362179487179487,0.14583333333333334,0.0,0.009615384615384637,1.0,1.0705882352941178,0.015916670376305793,0.016359508547008548,0.0010786489151873788,1.0705882352941178,0.9986612041396989,0.9857142857142858,0.0005264489214757263,0.0055208333333333,1,5,0.06944444444444445,1,0.11177884615384615,0.11217948717948718,0.11217948717948718,0.13848824786324787,0.14256143162393162,0.14509882478632477,0.0004006410256410381,0.0066105769230769,1,GERMINATED
zm3_3,6,72,0.00011128917378916668,0.0,0.000801282051282,0.000277107808003649,0,0,0,0.20298032407407407,0.5335536858974358,0.0006786814943237743,0.0006533916196174163,0.20192307692307693,0.20352564102564102,0.5328525641025641,0.5344551282051282,0.1065037393162393,0.15222133190883191,0.0012221557971236062,0.0014988962034662733,0.10416666666666667,0.10897435897435898,0.14903846153846154,0.15544871794871795,0.0032051282051282076,0.006410256410256415,1.0303030303030303,1.043010752688172,0.01621347717601724,0.01693992439184747,0.001176240959894808,1.0746171391332684,0.9982933683882188,0.9848484848484848,0.0006696590270863625,0.0058238636363636,1,11,0.1527777777777778,1,0.10576923076923077,0.10570245726495726,0.10803952991452992,0.15104166666666666,0.15197649572649571,0.15364583333333334,0.002270299145299151,0.002604166666666685,1,GERMINATED
zm3_3,7,72,0.0005708257203003597,0.0,0.0033037705333474,0.0009274548125121124,0,0,0,0.6328904024216525,0.6688590633903133,0.008592439564464772,0.0018552609576892197,0.625801282051282,0.6594551282051282,0.6618589743589743,0.6706730769230769,0.13739761396011396,0.11237980769230768,0.020030258209557783,0.008874346934797947,0.125,0.1971153846153846,0.10416666666666667,0.13782051282051283,0.07051282051282051,0.03365384615384616,1.5569620253164558,1.323076923076923,0.015612051932664912,0.027166543392504933,0.013978776298487839,2.0599805258033106,0.9890396250507432,0.9390647142182332,0.004207167950435131,0.0218481833569516,1,32,0.4444444444444444,1,0.1268028846153846,0.1283386752136752,0.15705128205128205,0.10610309829059827,0.10890758547008546,0.12212873931623931,0.03024839743589744,0.016025641025641038,1,GERMINATED
zm3_3,8,72,0.0004541954015473598,0.0,0.0028890635220064,0.0006325265653996415,0,0,0,0.4264155982905983,0.7404068732193733,0.0049213476956966535,0.0030452590045111612,0.4094551282051282,0.43028846153846156,0.7379807692307693,0.7524038461538461,0.14022435897435898,0.13452635327635326,0.017575516961925323,0.00843733423304746,0.1233974358974359,0.19391025641025642,0.1266025641025641,0.16506410256410256,0.07051282051282051,0.038461538461538464,1.5714285714285714,1.3037974683544304,0.01901008137236102,0.03200762245233399,0.016385190664036816,2.0488245931283906,0.990186345515833,0.9531710914454278,0.003730006080464211,0.01774165715307,1,33,0.4583333333333333,1,0.12747061965811965,0.13374732905982908,0.15945512820512822,0.12853899572649571,0.132144764957265,0.14289529914529916,0.03198450854700857,0.014356303418803451,1,GERMINATED
zm3_3,9,72,0.00020032051282050002,0.0,0.000801282051282,0.0003469653060033587,0,0,0,0.22807603276353275,0.7858573717948718,0.002255741234820118,0.0005782755100056328,0.22355769230769232,0.23157051282051283,0.7852564102564102,0.7868589743589743,0.14552172364672364,0.09713319088319088,0.006175817200156402,0.0013502271089835358,0.13141025641025642,0.15865384615384615,0.09455128205128205,0.09935897435897435,0.02724358974358973,0.0048076923076923045,1.2073170731707317,1.0508474576271185,0.014142535464150048,0.01576368343195266,0.0033386752136752122,1.2687060768912772,0.9967160919088841,0.979591836734694,0.00127957616522395,0.0071428571428571,1,16,0.2222222222222222,1,0.13835470085470086,0.14623397435897437,0.15197649572649571,0.09581997863247864,0.09702190170940173,0.0985576923076923,0.013621794871794851,0.0027377136752136655,1,GERMINATED
zm3_3,10,72,0.00014467592592591668,0.0,0.000801282051282,0.0003082127498247274,0,0,0,0.7061743233618234,0.847088675213675,0.0019519753076182873,0.0006542440552305475,0.7035256410256411,0.7107371794871795,0.8453525641025641,0.8477564102564102,0.13893340455840453,0.12045940170940168,0.0039039506152365832,0.001308488110461099,0.12980769230769232,0.14423076923076922,0.11698717948717949,0.12179487179487179,0.0144230769230769,0.0032051282051282076,1.111111111111111,1.0273972602739727,0.016737963077105702,0.01733542899408284,0.00214959319526627,1.141552511415525,0.9978068294276226,0.9864864864864864,0.0008616490521839875,0.005250563063063,1,4,0.05555555555555555,1,0.1344818376068376,0.13955662393162394,0.14276175213675213,0.11992521367521368,0.12126068376068376,0.1201923076923077,0.008279914529914528,0.00026709401709401615,1,GERMINATED
zm3_4,1,72,0.00043164445839991526,0.0,0.0017917211358171,0.0005181414387741149,0,0,0,0.6508636039886041,0.22263399216524218,0.0024741262876763186,0.005886166358282316,0.6482371794871795,0.657051282051282,0.20993589743589744,0.22756410256410256,0.1299412393162393,0.12965188746438747,0.01208065383056098,0.020271291693183254,0.11538461538461539,0.16506410256410256,0.11538461538461539,0.1794871794871795,0.04967948717948717,0.0641025641025641,1.4305555555555554,1.5555555555555556,0.01708620545008766,0.02962689020381328,0.01631328073635766,2.2253086419753085,0.9890583619871615,0.9476037606053658,0.004110142202453391,0.0190244816476489,1,41,0.5694444444444444,1,0.12045940170940171,0.12600160256410256,0.14336271367521367,0.1157184829059829,0.12005876068376069,0.15317841880341881,0.022903311965811954,0.03745993589743592,1,GERMINATED
zm3_4,2,72,0.0007823502490396208,0.000801282051282,0.0025338763302631,0.0008412511790332549,0,0,0,0.2963519408831909,0.29270165598290604,0.009280949955600405,0.0018380915609643102,0.2900641025641026,0.3269230769230769,0.2900641025641026,0.296474358974359,0.1805332977207977,0.1265357905982906,0.026031953210128134,0.008490218902549217,0.15705128205128205,0.2564102564102564,0.11538461538461539,0.15064102564102563,0.09935897435897434,0.03525641025641024,1.6326530612244896,1.3055555555555554,0.023047524186847104,0.03862590401051939,0.020504602235371455,2.1315192743764166,0.9880641295876013,0.9575785370327906,0.004686082306215347,0.0164100120385232,1,27,0.375,1,0.16352831196581197,0.16780181623931623,0.210269764957265,0.11845619658119659,0.12526709401709402,0.1358840811965812,0.04674145299145302,0.017427884615384623,1,GERMINATED
zm3_4,3,72,0.0006058404588500543,0.0,0.0155580832042849,0.001854909130909466,0,0,0,0.4964276175213675,0.30305154914529914,0.00469686461846688,0.0006255006008011193,0.4911858974358974,0.5112179487179487,0.30128205128205127,0.30448717948717946,0.11371527777777778,0.1545806623931624,0.003637164484881497,0.0032044325723028433,0.10897435897435898,0.1266025641025641,0.14743589743589744,0.16185897435897437,0.01762820512820512,0.01282051282051283,1.1617647058823528,1.0869565217391306,0.017584902225326906,0.020288872452333993,0.0042221400394477325,1.2627877237851663,0.9892123406488457,0.7438256658595641,0.004169477071156554,0.0997737710319377,1,33,0.4583333333333333,1,0.11231303418803418,0.11258012820512821,0.11625267094017094,0.1512419871794872,0.15484775641025642,0.15765224358974358,0.003939636752136766,0.0064102564102563875,1,GERMINATED
zm3_4,4,72,0.0006798749284785195,0.0,0.0033037705333474,0.0008611732214406538,0,0,0,0.1777288105413105,0.4660122863247863,0.010537221939134736,0.0020977935459942513,0.16907051282051283,0.2091346153846154,0.46153846153846156,0.46955128205128205,0.16319444444444445,0.1216613247863248,0.0293195758548346,0.009005267984766674,0.1362179487179487,0.24519230769230768,0.11538461538461539,0.14743589743589744,0.10897435897435898,0.03044871794871795,1.8,1.2602739726027397,0.020115054457502377,0.036150147928994084,0.020214394312952008,2.268493150684932,0.9876626151906004,0.9486486486486486,0.0047600033868009095,0.0195354729729729,1,29,0.4027777777777778,1,0.1432959401709402,0.15064102564102563,0.19564636752136752,0.11685363247863247,0.11672008547008546,0.13141025641025642,0.05235042735042733,0.01455662393162395,1,GERMINATED
zm3_4,5,72,5.564458689458334e-05,0.0,0.000801282051282,0.00020369263285392145,0,0,0,0.37221777065527056,0.494991987179487,0.000731128370087998,0.0004170004005340797,0.3701923076923077,0.37259615384615385,0.4935897435897436,0.4951923076923077,0.12584579772079774,0.10857371794871797,0.0014622567401760007,0.0008340008010681642,0.12179487179487179,0.1266025641025641,0.10576923076923077,0.10897435897435898,0.0048076923076923045,0.0032051282051282076,1.0394736842105263,1.0303030303030303,0.013664669739389292,0.013796433267587112,0.000914283366206442,1.0709728867623605,0.9990542082063487,0.9850746268656716,0.0003671961092594472,0.0057447139303482,0,0,0.0,0,0.12433226495726496,0.1266025641025641,0.1266025641025641,0.10777243589743589,0.10897435897435898,0.10897435897435898,0.0022702991452991372,0.0012019230769230865,0,NON-GERMINATED
zm3_4,6,72,0.00027894069513715973,0.0,0.0017917211358171,0.00042520199814707703,0,0,0,0.6996082621082621,0.491642183048433,0.0034193134561381197,0.0018204881569058259,0.6963141025641025,0.7083333333333334,0.4863782051282051,0.4951923076923077,0.1290954415954416,0.12898415242165243,0.007909270767276643,0.003907185224406385,0.11538461538461539,0.15064102564102563,0.12179487179487179,0.14262820512820512,0.03525641025641024,0.02083333333333333,1.3055555555555554,1.1710526315789473,0.016680677688289867,0.02148565910585141,0.0074324046679815885,1.5288742690058477,0.9941774287044716,0.9554100790513834,0.0022192114052740626,0.0163430418957517,1,22,0.3055555555555556,1,0.12212873931623931,0.1264690170940171,0.13868856837606838,0.1252003205128205,0.1282719017094017,0.13348023504273507,0.01655982905982907,0.008279914529914556,1,GERMINATED
zm3_4,7,72,0.0005560695372761027,0.000801282051282,0.0017917211358171,0.000607049588093083,0,0,0,0.5041399572649572,0.591056801994302,0.009613529616888454,0.004315667314423742,0.49439102564102566,0.5256410256410257,0.5873397435897436,0.6009615384615384,0.16533119658119658,0.12695868945868943,0.019227059233776905,0.009933679382565154,0.14583333333333334,0.20833333333333334,0.11698717948717949,0.15064102564102563,0.0625,0.033653846153846145,1.4285714285714286,1.2876712328767121,0.02118032727007086,0.03138354700854701,0.014322916666666664,1.8395303326810173,0.9916176031521091,0.9690420560747663,0.00329528409599124,0.0119998991121129,1,37,0.5138888888888888,1,0.14857104700854698,0.15878739316239315,0.18863514957264957,0.11885683760683761,0.12333066239316241,0.13868856837606838,0.04006410256410259,0.019831730769230768,1,GERMINATED
zm3_4,8,72,0.0007274781415602972,0.0,0.0025338763302631,0.0009089667864850084,0,0,0,0.24019542378917377,0.6368856837606837,0.0033239339509686426,0.012228852247010032,0.22916666666666666,0.24278846153846154,0.6298076923076923,0.6706730769230769,0.1161636396011396,0.15616096866096868,0.00970765709323071,0.029186531609727485,0.10737179487179487,0.14423076923076922,0.1346153846153846,0.23237179487179488,0.03685897435897435,0.09775641025641027,1.3432835820895521,1.7261904761904763,0.01842160419634378,0.03351516272189349,0.01906126725838264,2.318763326226013,0.9885009495889943,0.9434246575342464,0.00449752843586619,0.0213638698630137,1,34,0.4722222222222222,1,0.10924145299145299,0.1121127136752137,0.12713675213675213,0.13541666666666666,0.14236111111111113,0.1907051282051282,0.017895299145299137,0.055288461538461536,1,GERMINATED
zm3_4,9,72,0.0002317978446040889,0.0,0.0011331839442092,0.0003774289305912834,0,0,0,0.6538127670940173,0.7280092592592593,0.0007606026809491498,0.001522019319558288,0.6514423076923077,0.655448717948718,0.7251602564102564,0.7323717948717948,0.12938479344729345,0.130119301994302,0.0029621323243205133,0.0022920166776809166,0.1201923076923077,0.13141025641025642,0.1266025641025641,0.1330128205128205,0.01121794871794872,0.0016025641025640969,1.0933333333333333,1.0121951219512195,0.016835840478669005,0.01747924884944116,0.0016847468770545687,1.1066666666666667,0.9962130704240728,0.9751070239416522,0.0014760939505671625,0.0094491111841577,0,0,0.0,0,0.12640224358974358,0.13034188034188035,0.13141025641025642,0.12920673076923075,0.1284054487179487,0.1327457264957265,0.0050080128205128305,0.0035389957264957417,0,NON-GERMINATED
zm3_4,10,72,0.00011589892230204445,0.0,0.0011331839442092,0.00029096195458240846,0,0,0,0.4185919693732194,0.7345975783475784,0.0009963333820787825,0.000447376941823438,0.4150641025641026,0.41907051282051283,0.7331730769230769,0.7347756410256411,0.15600516381766383,0.1006054131054131,0.004324611949903735,0.000894753883646804,0.14423076923076922,0.15865384615384615,0.09775641025641026,0.10096153846153846,0.014423076923076927,0.0032051282051282076,1.1,1.0327868852459017,0.01569833671195851,0.016017936390532544,0.0019184541420118346,1.1360655737704919,0.9982411993423033,0.9731767180925668,0.0006909145296901723,0.0101247182313376,1,51,0.7083333333333334,1,0.15077457264957264,0.15858707264957264,0.15865384615384615,0.09989316239316241,0.10096153846153848,0.10096153846153848,0.007879273504273504,0.0010683760683760646,1,GERMINATED
zm3_5,1,72,0.0001918919236013,0.0,0.0011331839442092,0.00036415398230583366,0,0,0,0.43708823005698005,0.2304910078347579,0.0009251738835521661,0.0006286607123619481,0.43349358974358976,0.43830128205128205,0.22916666666666666,0.23157051282051283,0.15845352564102566,0.1124243233618234,0.004289645498490662,0.0009120281894830787,0.14903846153846154,0.16826923076923078,0.11057692307692307,0.11538461538461539,0.019230769230769246,0.004807692307692318,1.1290322580645162,1.0434782608695654,0.017816933018755934,0.019415680473372783,0.0029354659763313647,1.1781206171107996,0.997082761471325,0.9753383458646616,0.00114576323537714,0.0093681485111044,1,18,0.25,1,0.15377938034188035,0.15872061965811965,0.16286057692307696,0.11184561965811966,0.11217948717948718,0.11324786324786325,0.009081196581196604,0.0014022435897435848,1,GERMINATED
zm3_5,2,72,0.00034117759804009446,0.0,0.0011331839442092,0.00042174886391212223,0,0,0,0.7197961182336182,0.30209446225071224,0.0009596715249870912,0.002449752543055552,0.7171474358974359,0.7219551282051282,0.29967948717948717,0.3092948717948718,0.12526709401709402,0.14937232905982908,0.0035634786496063883,0.01027162298553349,0.11698717948717949,0.12980769230769232,0.13942307692307693,0.1794871794871795,0.01282051282051283,0.04006410256410256,1.1095890410958904,1.2873563218390804,0.018737601244612462,0.02329881656804734,0.006988104043392507,1.428436466698158,0.9938022336558521,0.9696969696969696,0.0023909836591778488,0.0111268939393939,1,29,0.4027777777777778,1,0.12092681623931623,0.12640224358974358,0.1284722222222222,0.14109241452991453,0.14556623931623933,0.16145833333333334,0.007545405982905984,0.020365918803418814,1,GERMINATED
zm3_5,3,72,0.00034834138042807224,0.0,0.0024038461538461,0.0006569149038718311,0,0,0,0.5286347044159545,0.3610888532763532,0.0036743465256466952,0.0012968889896685506,0.5264423076923077,0.5448717948717948,0.3573717948717949,0.3629807692307692,0.1494613603988604,0.10803952991452993,0.007694871810611905,0.0025162184403601465,0.14262820512820512,0.18269230769230768,0.10416666666666667,0.11538461538461539,0.04006410256410256,0.008012820512820526,1.2808988764044944,1.074626865671642,0.01616436012720067,0.021079881656804734,0.005765635272846813,1.3764883447928895,0.9947823959890021,0.9665838166252416,0.0020525833011274526,0.0128602829194465,1,35,0.4861111111111111,1,0.14556623931623933,0.14743589743589744,0.15538194444444445,0.10590277777777778,0.10730502136752136,0.1109107905982906,0.009815705128205121,0.0050080128205128305,1,GERMINATED
zm3_5,4,72,0.00027504870728852637,0.0,0.0017917211358171,0.0004770113918769873,0,0,0,0.28615785256410253,0.45252403846153855,0.0022973870284239886,0.0015035163260146453,0.28365384615384615,0.2956730769230769,0.4479166666666667,0.453525641025641,0.1589877136752137,0.1039440883190883,0.006887388372050815,0.0025099101422739406,0.15064102564102563,0.1842948717948718,0.10256410256410256,0.11378205128205128,0.03365384615384617,0.01121794871794872,1.223404255319149,1.109375,0.016541994256337206,0.02096944855358317,0.0055190869493754145,1.3572140957446812,0.9953780363673176,0.959311224489796,0.0017964689311763637,0.0149776409923074,1,33,0.4583333333333333,1,0.1531784188034188,0.15731837606837606,0.16646634615384615,0.10256410256410257,0.1030982905982906,0.10616987179487179,0.013287927350427359,0.003605769230769218,1,GERMINATED
zm3_5,5,72,0.0005960658731191554,0.0,0.0025338763302631,0.0007965783506351389,0,0,0,0.5478877314814814,0.5242276531339032,0.006198786999921779,0.0036020404894340423,0.5272435897435898,0.5544871794871795,0.5208333333333334,0.5328525641025641,0.1611689814814815,0.10872952279202279,0.015617182437123643,0.005438887629587661,0.14743589743589744,0.21153846153846154,0.10416666666666667,0.1233974358974359,0.0641025641025641,0.017628205128205135,1.434782608695652,1.1666666666666667,0.017606981712049823,0.026103303747534518,0.010509122287968443,1.673913043478261,0.9909772883537293,0.9592171717171716,0.0035453918937221824,0.0159210095136609,1,13,0.18055555555555555,1,0.15177617521367523,0.15571581196581197,0.17601495726495728,0.10543536324786325,0.10637019230769229,0.11438301282051282,0.02423878205128205,0.008947649572649569,1,GERMINATED
zm3_5,6,72,0.000133547008547,0.0,0.000801282051282,0.0002986201893028376,0,0,0,0.7705328525641025,0.5404202279202279,0.0004895458833672258,0.0005648405244145955,0.7692307692307693,0.7708333333333334,0.5392628205128205,0.5416666666666666,0.11380430911680912,0.1347489316239316,0.002060142669781233,0.0034696530600338096,0.10897435897435898,0.11538461538461539,0.1266025641025641,0.13942307692307693,0.006410256410256415,0.01282051282051283,1.0588235294117647,1.1012658227848102,0.01534174765094236,0.016087278106508878,0.0022908448389217656,1.166046165301564,0.9978801043720539,0.9855072463768116,0.0008287690253366708,0.0055932971014492,1,19,0.2638888888888889,1,0.11124465811965811,0.11478365384615385,0.11538461538461538,0.13074252136752135,0.13528311965811965,0.13822115384615385,0.004139957264957264,0.007478632478632508,1,GERMINATED
zm3_5,7,72,0.00025405567936192223,0.0,0.0011331839442092,0.00038661783932739845,0,0,0,0.3204349180911681,0.6378984152421653,0.0012467864766021592,0.002047932478142913,0.3189102564102564,0.3229166666666667,0.6346153846153846,0.6418269230769231,0.11749910968660969,0.1352608618233618,0.004362933055766293,0.005065357033721673,0.10897435897435898,0.12179487179487179,0.1282051282051282,0.14903846153846154,0.01121794871794872,0.020833333333333343,1.1029411764705883,1.1625,0.015906005163817665,0.017913276627218935,0.0039422049638395806,1.2821691176470589,0.9958399590897018,0.9747791164658636,0.0016211505101895876,0.0095638788006837,1,28,0.3888888888888889,1,0.11197916666666667,0.1203258547008547,0.1201923076923077,0.13040865384615383,0.13428151709401712,0.14109241452991453,0.008213141025641024,0.010683760683760701,1,GERMINATED
zm3_5,8,72,0.00016693376068375,0.0,0.000801282051282,0.00032541380691801324,0,0,0,0.5472756410256411,0.7098802528490027,0.0008958605679086053,0.0007232083952492829,0.5440705128205128,0.5488782051282052,0.7091346153846154,0.7115384615384616,0.15041844729344728,0.10245281339031337,0.003296264342586072,0.0020222807725249047,0.14583333333333334,0.15865384615384615,0.09615384615384616,0.10416666666666667,0.012820512820512803,0.008012820512820512,1.0879120879120878,1.0833333333333333,0.01541558373739864,0.016526442307692308,0.0025040064102564083,1.1785714285714284,0.9974310813836733,0.9836065573770492,0.0010076284601587848,0.0062585382513661,1,7,0.09722222222222222,1,0.1468349358974359,0.1503071581196581,0.15411324786324787,0.10056089743589745,0.10263087606837606,0.10416666666666667,0.007278311965811968,0.003605769230769218,1,GERMINATED
zm3_6,1,72,0.00022718809609121113,0.0,0.0011331839442092,0.0003683083024571992,0,0,0,0.6094640313390313,0.17057291666666663,0.001728675911587254,0.00032541380691803286,0.6065705128205128,0.6137820512820513,0.16907051282051283,0.17067307692307693,0.16101317663817666,0.10717147435897434,0.005348368270426279,0.0006508276138360671,0.14743589743589744,0.16826923076923078,0.10416666666666667,0.10737179487179487,0.020833333333333343,0.0032051282051281937,1.141304347826087,1.0307692307692307,0.017258275634177075,0.01806736932938856,0.0027094633464825775,1.1764214046822743,0.9968989129443371,0.9748134328358208,0.0012330527319413139,0.0095518680711986,1,32,0.4444444444444444,1,0.1544471153846154,0.1623931623931624,0.16619925213675213,0.10677083333333333,0.10737179487179487,0.10737179487179487,0.011752136752136738,0.0006009615384615363,1,GERMINATED
zm3_6,2,72,0.0017226740227501642,0.0009672329977456001,0.0153084720949862,0.002162084065803514,0,0,0,0.3854166666666667,0.22084223646723647,0.0051289701842071435,0.013839076129557879,0.37900641025641024,0.3926282051282051,0.18509615384615385,0.23557692307692307,0.15714031339031342,0.15095263532763534,0.00497461361990705,0.05439718278341034,0.14903846153846154,0.16185897435897437,0.09455128205128205,0.24358974358974358,0.01282051282051283,0.14903846153846154,1.0860215053763442,2.576271186440678,0.023941975251570602,0.03942718606180145,0.02533540844838922,2.7978859121560054,0.9708646440394568,0.7236741943669119,0.011317112700977707,0.1066645388333218,1,47,0.6527777777777778,1,0.15090811965811965,0.15865384615384615,0.16185897435897437,0.10229700854700856,0.12860576923076925,0.2219551282051282,0.010950854700854717,0.11965811965811964,1,GERMINATED
zm3_6,3,72,0.0004540485874423722,0.0,0.0011331839442092,0.0004804087486630524,0,0,0,0.7209201388888888,0.39640090811965817,0.004992296385897838,0.0059401215503907395,0.7147435897435898,0.7315705128205128,0.38221153846153844,0.4014423076923077,0.1403801638176638,0.14776976495726496,0.014175270388850523,0.014019096824666224,0.125,0.17147435897435898,0.1362179487179487,0.1842948717948718,0.046474358974358976,0.0480769230769231,1.3717948717948718,1.3529411764705885,0.020939486083716853,0.03160184500328731,0.014574601413543723,1.855957767722474,0.9914921495247242,0.9683019713261648,0.0032728792481840244,0.0116151433691756,1,46,0.6388888888888888,1,0.12753739316239315,0.13521634615384615,0.15838675213675213,0.1373530982905983,0.14035790598290598,0.1655982905982906,0.030849358974358976,0.02824519230769229,1,GERMINATED
zm3_6,4,72,0.0008476503325254736,0.000801282051282,0.0068928888357713,0.0010491133732531425,0,0,0,0.2678952991452992,0.41133591524216523,0.009898707510794033,0.005363803375106919,0.2419871794871795,0.27564102564102566,0.40625,0.4270833333333333,0.1333244301994302,0.12172809829059829,0.02029675341720995,0.012264349715717918,0.11698717948717949,0.1858974358974359,0.10897435897435898,0.15544871794871795,0.06891025641025642,0.046474358974358976,1.589041095890411,1.4264705882352942,0.016475791465775443,0.02889751808021039,0.01614891518737673,2.266720386784851,0.9851536807572153,0.8477064220183487,0.0057471844511161885,0.0577831300368293,1,39,0.5416666666666666,1,0.11832264957264958,0.1233974358974359,0.15825320512820515,0.11164529914529914,0.117321047008547,0.1362179487179487,0.039930555555555566,0.02457264957264957,1,GERMINATED
zm3_6,5,72,0.0015686983347987667,0.0016025641025641,0.0040064102564102,0.0012131610380957164,0,0,0,0.4882589921652422,0.47488203347578345,0.007206788215476279,0.029453446746718022,0.4655448717948718,0.49439102564102566,0.44711538461538464,0.5344551282051282,0.09915865384615384,0.20813301282051283,0.003324623206331357,0.06660338237823347,0.09775641025641026,0.11378205128205128,0.13782051282051283,0.33814102564102566,0.016025641025641024,0.20032051282051283,1.1639344262295082,2.453488372093023,0.020757499748885966,0.0384743795200526,0.025001540927021698,2.855699580632863,0.9780667327299528,0.9493745885450956,0.008696297462135703,0.0195967852985207,1,48,0.6666666666666666,1,0.09829059829059829,0.09802350427350427,0.10116185897435898,0.14309561965811968,0.19010416666666666,0.29119925213675213,0.0028712606837606874,0.14810363247863245,1,GERMINATED
zm3_6,6,72,0.002008064257131889,0.0011331839442092,0.0392955122924334,0.004626988774609252,0,0,0,0.2903534544159544,0.5702568554131054,0.018219407567582713,0.010699462944193284,0.265224358974359,0.33413461538461536,0.5568910256410257,0.592948717948718,0.18198005698005698,0.18115651709401712,0.06889777478854262,0.03773636523182596,0.11378205128205128,0.2980769230769231,0.13942307692307693,0.2467948717948718,0.1794871794871795,0.10737179487179488,2.5135135135135136,1.7701149425287357,0.03555460817079407,0.0735638560157791,0.05702970907297831,4.4492078285181735,0.9707957907274471,0.5015845262812807,0.011526715012529222,0.1999874987916334,1,57,0.7916666666666666,1,0.117321047008547,0.15865384615384615,0.26996527777777773,0.14423076923076925,0.1706730769230769,0.22856570512820515,0.15264423076923073,0.0843349358974359,1,GERMINATED
zm3_6,7,72,0.001520742505904585,0.000801282051282,0.0159049945843583,0.002163003744689779,0,0,0,0.7457042378917379,0.5880742521367522,0.028159521437244726,0.009102529226664624,0.6915064102564102,0.7700320512820513,0.5785256410256411,0.6033653846153846,0.18193554131054132,0.17027243589743588,0.036426740152656574,0.04736967174604136,0.13942307692307693,0.2516025641025641,0.1233974358974359,0.2516025641025641,0.11217948717948717,0.1282051282051282,1.8045977011494252,2.038961038961039,0.032597490743023594,0.06330385026298488,0.04609940006574622,3.6795044036423348,0.9777110808857022,0.81344,0.008789604318842145,0.0756342464798329,1,44,0.6111111111111112,1,0.1452991452991453,0.1753472222222222,0.2251602564102564,0.13034188034188032,0.1468349358974359,0.23364049145299148,0.07986111111111108,0.10329861111111116,1,GERMINATED
zm3_6,8,72,0.00131093221535561,0.0011331839442092,0.0043150359031526,0.0011499090060104653,0,0,0,0.5674301103988604,0.6331908831908832,0.02376598741478548,0.01173332056339091,0.5208333333333334,0.5913461538461539,0.6209935897435898,0.655448717948718,0.1769275284900285,0.14391915954415951,0.049655543267662555,0.02731372801886347,0.12179487179487179,0.2724358974358974,0.11057692307692307,0.19230769230769232,0.1506410256410256,0.08173076923076925,2.2368421052631575,1.7391304347826089,0.02680535295218789,0.05239151873767258,0.03892381656804733,3.8901601830663615,0.9802317770066047,0.9256127450980391,0.007770983987669449,0.0288403125527354,1,51,0.7083333333333334,1,0.13067574786324784,0.15992254273504272,0.24018429487179485,0.11545138888888888,0.13828792735042736,0.1780181623931624,0.10950854700854701,0.06256677350427352,1,GERMINATED
zm3_6,9,72,2.6867583270711114e-05,0.0,0.0011331839442092,0.0001613392023253247,0,0,0,0.4166444088319088,0.7747840990028491,0.00013167912622639763,0.00020369263285393346,0.41586538461538464,0.4166666666666667,0.7740384615384616,0.7748397435897436,0.15028490028490027,0.11389334045584049,0.0012304375855667082,0.00040738526570787087,0.14423076923076922,0.15064102564102563,0.11378205128205128,0.11538461538461539,0.006410256410256415,-0.0016025641025641107,1.0444444444444445,0.986111111111111,0.017115989571919055,0.017140244904667982,0.0004982330703484569,1.0299382716049383,0.9992121672838018,0.9756534727408512,0.0002932053797953375,0.009257854104438,0,0,0.0,0,0.14957264957264957,0.15064102564102563,0.15064102564102563,0.1141159188034188,0.11378205128205128,0.11378205128205128,0.0010683760683760646,-0.0003338675213675202,0,NON-GERMINATED
zm3_7,1,72,0.0002828326829857972,0.0,0.0016025641025641,0.00043304471571981316,0,0,0,0.2822516025641025,0.20900106837606838,0.0007405539868061819,0.0020732070908466888,0.2796474358974359,0.2828525641025641,0.20673076923076922,0.21794871794871795,0.11293625356125357,0.1486823361823362,0.0033887507733561693,0.005754758764669628,0.10416666666666667,0.11698717948717949,0.14102564102564102,0.16987179487179488,0.012820512820512817,0.028846153846153855,1.123076923076923,1.2045454545454546,0.01680619903526554,0.019872822156476004,0.005182651216305064,1.3527972027972028,0.995833125658259,0.9737827715355806,0.0016422472635500916,0.0099125995262827,1,27,0.375,1,0.10890758547008546,0.11378205128205128,0.11611912393162394,0.14409722222222224,0.14730235042735043,0.1546474358974359,0.0072115384615384776,0.010550213675213665,1,GERMINATED
zm3_7,2,72,0.00017806267806266804,0.0,0.0016025641025641,0.00035889680147338667,0,0,0,0.4379006410256411,0.23771367521367517,0.002848655049105441,0.00037772798140306896,0.43669871794871795,0.44871794871794873,0.23717948717948717,0.23798076923076922,0.14182692307692304,0.10363247863247863,0.005697310098210881,0.0007554559628061442,0.13942307692307693,0.16346153846153846,0.10256410256410256,0.10416666666666667,0.024038461538461536,-0.0016025641025641107,1.1724137931034482,0.9846153846153846,0.014695307363576597,0.016765285996055226,0.0022420488165680458,1.1543766578249335,0.997590164798982,0.9801980198019802,0.0009591830610970237,0.0079723597359736,1,28,0.3888888888888889,1,0.13942307692307693,0.13942307692307693,0.1466346153846154,0.10416666666666667,0.10416666666666667,0.10256410256410257,0.007211538461538464,-0.0016025641025640969,1,GERMINATED
zm3_7,3,72,0.00028726583867565966,0.0,0.0025338763302631,0.0005403787664767133,0,0,0,0.6694266381766381,0.2861578525641025,0.0005323299832221045,0.002266121958420582,0.6682692307692307,0.6698717948717948,0.28205128205128205,0.2948717948717949,0.10790598290598291,0.1491497507122507,0.002864264234712502,0.0065551118323921315,0.10256410256410256,0.11538461538461539,0.13782051282051283,0.16987179487179488,0.01282051282051283,0.03205128205128205,1.125,1.2325581395348837,0.01611221116179049,0.019600591715976334,0.0054651545036160445,1.3866279069767444,0.9955084454548191,0.9566308743550412,0.0017587668859525068,0.0168262135904066,1,26,0.3611111111111111,1,0.1045673076923077,0.10850694444444446,0.11064369658119659,0.14202724358974358,0.14903846153846154,0.156383547008547,0.006076388888888895,0.014356303418803423,1,GERMINATED
zm3_7,4,72,0.000762738504465414,0.0,0.0040064102564102,0.0009757166976665582,0,0,0,0.29715322293447294,0.4220753205128205,0.012403821223192944,0.0006776770542930142,0.28846153846153844,0.327724358974359,0.4206730769230769,0.4230769230769231,0.1712295227920228,0.10523504273504272,0.030842894531906962,0.0008446254434210399,0.14423076923076922,0.2467948717948718,0.10256410256410256,0.10576923076923077,0.10256410256410259,-0.0032051282051282076,1.7111111111111112,0.9696969696969697,0.018008942513149242,0.025594797830374754,0.010057117028270876,1.6592592592592594,0.9904879077648832,0.9557522123893806,0.0038250123101933467,0.0180908923303834,1,29,0.4027777777777778,1,0.15070779914529916,0.15524839743589744,0.2077323717948718,0.10570245726495726,0.10503472222222221,0.10496794871794872,0.05702457264957264,-0.0007345085470085444,1,GERMINATED
zm3_7,5,72,0.000775028782994854,0.000801282051282,0.0025338763302631,0.0008427267897609441,0,0,0,0.5040397970085471,0.4766515313390313,0.013629280285260652,0.0015762256211142643,0.46794871794871795,0.5144230769230769,0.4751602564102564,0.47996794871794873,0.1665553774928775,0.10777243589743588,0.02897487108332613,0.0008340008010681648,0.14583333333333334,0.24358974358974358,0.10576923076923077,0.10897435897435898,0.09775641025641024,0.0,1.6703296703296702,1.0,0.01795005199201914,0.026154667981591058,0.010496281229454306,1.6703296703296704,0.9903114266404945,0.963718334048948,0.003894769384773517,0.0143456026975392,1,39,0.5416666666666666,1,0.14636752136752137,0.15251068376068377,0.20078792735042736,0.10757211538461538,0.10810630341880341,0.10763888888888888,0.054420405982905984,6.677350427350404e-05,1,GERMINATED
zm3_7,6,72,0.0002597970103073028,0.0,0.0028890635220064,0.000592978410647434,0,0,0,0.13629585113960113,0.48471999643874636,0.001110607966559134,0.0010372604741368178,0.1346153846153846,0.13782051282051283,0.48157051282051283,0.48878205128205127,0.12831641737891736,0.13739761396011396,0.0031299770990084676,0.006002150251563064,0.1233974358974359,0.13782051282051283,0.12980769230769232,0.16506410256410256,0.014423076923076927,0.03525641025641024,1.1168831168831168,1.2716049382716048,0.017644327790561767,0.02274921926364234,0.006731282873109794,1.4202340869007535,0.9951951194426578,0.9471764705882352,0.0018505762517695016,0.0203661265834218,1,12,0.16666666666666666,1,0.12486645299145299,0.1284054487179487,0.13167735042735043,0.1340144230769231,0.1362179487179487,0.14196047008547008,0.0068108974358974395,0.00794604700854698,1,GERMINATED
zm3_7,7,72,0.0003667803744795764,0.0,0.0022663678884184,0.000573739529477286,0,0,0,0.4383680555555556,0.6447315705128206,0.0015617007964111224,0.00401405409525989,0.43669871794871795,0.44551282051282054,0.6322115384615384,0.6490384615384616,0.15135327635327636,0.13067574786324787,0.004239051231167174,0.0077867755310804514,0.14262820512820512,0.16666666666666666,0.12179487179487179,0.15544871794871795,0.024038461538461536,0.03365384615384616,1.1685393258426966,1.2763157894736843,0.019808117489407553,0.025908119658119656,0.008536735700197237,1.491425192193968,0.9941573249473706,0.9593427427849168,0.0022833435118320014,0.015703179152751,1,18,0.25,1,0.14710202991452992,0.15150908119658116,0.15544871794871795,0.12413194444444446,0.12787126068376067,0.14002403846153846,0.008346688034188032,0.015892094017094002,1,GERMINATED
zm3_7,8,72,0.0003338675213675042,0.0,0.0024038461538461,0.000562643547888358,0,0,0,0.27589699074074076,0.6812678062678064,0.0014434596248237507,0.0023935194192966553,0.27403846153846156,0.2780448717948718,0.6794871794871795,0.6931089743589743,0.12012553418803419,0.1416043447293447,0.004432775061646033,0.006333595846187714,0.11538461538461539,0.1330128205128205,0.1346153846153846,0.16826923076923078,0.01762820512820512,0.03365384615384617,1.1527777777777777,1.2500000000000002,0.017034520189568265,0.02238196499013807,0.006849420611439845,1.4409722222222223,0.9946796052155891,0.9457538346427236,0.0020791520634326818,0.0205486578750467,1,18,0.25,1,0.11618589743589743,0.11852297008547008,0.12566773504273504,0.1362847222222222,0.14122596153846154,0.14730235042735043,0.009481837606837615,0.011017628205128221,1,GERMINATED
zm3_7,9,72,0.00040316476097770556,0.0,0.0025338763302631,0.0006029799984373185,0,0,0,0.7152110042735043,0.7275195868945868,0.0029281533051923893,0.0006389200540601528,0.7099358974358975,0.7235576923076923,0.7267628205128205,0.7299679487179487,0.14262820512820515,0.11204594017094019,0.00918663649675205,0.0024588611965173607,0.13141025641025642,0.17147435897435898,0.10737179487179487,0.11538461538461539,0.03685897435897437,0.0,1.273809523809524,1.0,0.01599728368808898,0.019510704306377382,0.004193889710716634,1.273809523809524,0.9932599003133412,0.9478021978021978,0.0026210919849660916,0.0194338495075119,1,41,0.5694444444444444,1,0.1330128205128205,0.14162660256410256,0.15324519230769232,0.10964209401709402,0.11224626068376069,0.11424946581196582,0.020232371794871806,0.004607371794871806,1,GERMINATED
zm3_7,10,72,0.0007049776073955166,0.0,0.0076016289907893,0.0014110144082129623,0,0,0,0.5697449252136751,0.7366007834757835,0.002933287917951735,0.004267704026153718,0.5512820512820513,0.5713141025641025,0.7323717948717948,0.7532051282051282,0.1057914886039886,0.16145833333333337,0.0035982734642990163,0.015146256214514797,0.10416666666666667,0.1282051282051282,0.14423076923076922,0.20512820512820512,0.024038461538461522,0.05769230769230771,1.2307692307692306,1.4000000000000001,0.01711870046204982,0.02588757396449704,0.010863535502958578,1.723076923076923,0.9882087562390698,0.8588794926004228,0.0045851707611326955,0.0543332364338651,1,18,0.25,1,0.10416666666666667,0.10570245726495726,0.10750534188034189,0.1513755341880342,0.15431356837606838,0.17868589743589744,0.0033386752136752157,0.027310363247863234,1,GERMINATED
zm3_8,1,72,0.00032345636465282775,0.0,0.0017917211358171,0.0004555052593252985,0,0,0,0.5387508903133903,0.25856926638176636,0.001488947667407808,0.0012430557341028515,0.5368589743589743,0.5416666666666666,0.25721153846153844,0.2636217948717949,0.13684116809116806,0.14151531339031337,0.006754656958116329,0.005438750997578154,0.1233974358974359,0.15384615384615385,0.1201923076923077,0.14903846153846154,0.03044871794871795,0.02884615384615384,1.2467532467532467,1.24,0.019395134779750165,0.02292899408284024,0.008097571499013809,1.5459740259740262,0.9940171854427727,0.9493670886075948,0.0023042317320538974,0.0177215189873417,1,20,0.2777777777777778,1,0.13014155982905984,0.13555021367521367,0.14483173076923075,0.1357505341880342,0.14289529914529914,0.14590010683760682,0.014690170940170916,0.010149572649572614,1,GERMINATED
zm3_8,2,72,7.790242165241666e-05,0.0,0.000801282051282,0.00023738792075877178,0,0,0,0.8129785434472934,0.3015714031339032,0.0009122318657106068,0.0009185234277939489,0.8125,0.8157051282051282,0.29967948717948717,0.3020833333333333,0.1368634259259259,0.09673254985754985,0.00182446373142123,0.0018370468555879032,0.13141025641025642,0.13782051282051283,0.09294871794871795,0.09775641025641026,0.006410256410256415,0.0048076923076923045,1.048780487804878,1.0517241379310345,0.013242377262309155,0.013472838593030901,0.001258423734385273,1.1030277544154752,0.9986478495921259,0.9830508474576272,0.0005238892168299972,0.0064530367231638,0,0,0.0,0,0.13494925213675213,0.13782051282051283,0.13782051282051283,0.09468482905982906,0.09775641025641026,0.09775641025641026,0.0028712606837607013,0.0030715811965811995,0,NON-GERMINATED
zm3_8,3,72,0.00014276650557275554,0.0,0.0011331839442092,0.00032320481018932227,0,0,0,0.27550747863247865,0.3225716702279202,0.0008012820512820508,0.0004592617138969749,0.27323717948717946,0.27724358974358976,0.3213141025641026,0.3229166666666667,0.13813212250712248,0.0996483262108262,0.0026927380938099386,0.001968654840499386,0.12980769230769232,0.14423076923076922,0.09294871794871795,0.10096153846153846,0.0144230769230769,0.008012820512820512,1.111111111111111,1.0862068965517242,0.013769039009423625,0.014561760355029586,0.002496301775147928,1.206896551724138,0.9974118131297409,0.9710624224886316,0.0009986636332129431,0.0108647216927149,1,4,0.05555555555555555,1,0.13534989316239318,0.13848824786324787,0.1405582264957265,0.09742254273504274,0.10056089743589745,0.10096153846153848,0.005208333333333315,0.0035389957264957417,1,GERMINATED
zm3_8,4,72,0.0001761532577095069,0.0,0.0016025641025641,0.00037202239579215503,0,0,0,0.5005564458689459,0.4150084579772079,0.0006212288878629285,0.0011743512892521193,0.5,0.5024038461538461,0.41346153846153844,0.4166666666666667,0.13319088319088315,0.10810630341880342,0.003706313799234092,0.0012791963181535805,0.12179487179487179,0.13782051282051283,0.10416666666666667,0.10897435897435898,0.016025641025641038,0.0048076923076923045,1.1315789473684212,1.0461538461538462,0.0144021031941705,0.015018902038132808,0.0023319362261669963,1.1838056680161944,0.9968665978225566,0.9735956051745526,0.001211190379616357,0.0099781077526425,0,0,0.0,0,0.12907318376068375,0.13327991452991453,0.1372195512820513,0.10737179487179487,0.10823985042735042,0.10870726495726496,0.008146367521367548,0.0013354700854700946,1,GERMINATED
zm3_8,5,72,0.00016041459181771113,0.0,0.0011331839442092,0.0003286764136971998,0,0,0,0.6758702813390314,0.49876469017094016,0.001481066162160251,0.0007893690182650139,0.6738782051282052,0.6794871794871795,0.49759615384615385,0.5,0.12226228632478635,0.12791577635327636,0.0042014279425051735,0.0010456445554261346,0.11378205128205128,0.13141025641025642,0.125,0.12980769230769232,0.017628205128205135,0.0032051282051281937,1.1549295774647887,1.0256410256410255,0.01564222842017313,0.016847468770545694,0.002624712360289284,1.1845431563741424,0.9969663951913432,0.9726027397260274,0.0011660311677113486,0.0095890410958904,1,7,0.09722222222222222,1,0.11805555555555557,0.12226228632478635,0.1264690170940171,0.12700320512820512,0.1282051282051282,0.12853899572649571,0.008413461538461522,0.0015357905982905928,1,GERMINATED
zm3_8,6,72,0.00019380134395446111,0.0,0.0011331839442092,0.00035064835734410484,0,0,0,0.32351762820512825,0.52076655982906,0.0017450767021062951,0.0006369786334247748,0.32051282051282054,0.3269230769230769,0.5192307692307693,0.5216346153846154,0.1325231481481481,0.10447827635327633,0.006065086398755315,0.0031335363640274277,0.11698717948717949,0.14102564102564102,0.09615384615384616,0.10737179487179487,0.024038461538461536,0.011217948717948706,1.2054794520547945,1.1166666666666665,0.013863991503214261,0.015142176199868506,0.0038934089414858625,1.346118721461187,0.9959090511631081,0.9682539682539684,0.0015578029664825655,0.0111264676585521,1,15,0.20833333333333334,1,0.12553418803418803,0.13361378205128205,0.13842147435897437,0.10076121794871795,0.10570245726495726,0.10697115384615384,0.012887286324786335,0.006209935897435889,1,GERMINATED
zm3_8,7,72,8.903133903133333e-05,0.0,0.000801282051282,0.0002518186542686973,0,0,0,0.17452368233618235,0.5691105769230769,0.00036910443268734335,0.0008205265576552127,0.17387820512820512,0.17548076923076922,0.5673076923076923,0.5697115384615384,0.14253917378917375,0.11899038461538461,0.0023420488671591676,0.0016410531153104335,0.1362179487179487,0.14423076923076922,0.11538461538461539,0.1201923076923077,0.008012820512820512,0.0048076923076923045,1.0588235294117647,1.0416666666666667,0.016964500751059246,0.01733542899408284,0.0016179733727810647,1.1029411764705883,0.9986475230643739,0.9863013698630136,0.0005312372978394445,0.0053153538812785,0,0,0.0,0,0.13969017094017094,0.14369658119658119,0.14423076923076922,0.11698717948717947,0.11979166666666667,0.1201923076923077,0.0045405982905982745,0.0032051282051282215,0,NON-GERMINATED
zm3_8,8,72,0.00014737625408563334,0.0,0.0011331839442092,0.00033472565769684606,0,0,0,0.5556891025641026,0.5947738603988603,0.0008446254434210391,0.0008677701517814207,0.5552884615384616,0.5576923076923077,0.592948717948718,0.5961538461538461,0.10995370370370373,0.1373308404558404,0.0017627305798809906,0.005613035826607354,0.10256410256410256,0.11057692307692307,0.1266025641025641,0.14903846153846154,0.008012820512820512,0.02243589743589744,1.078125,1.1772151898734178,0.015106114227207978,0.01648021449704142,0.003495336127547665,1.2691851265822784,0.9963239628428779,0.9705882352941176,0.0013824075701483985,0.0103483119879784,1,18,0.25,1,0.10870726495726496,0.11057692307692307,0.11057692307692307,0.13127670940170938,0.13708600427350429,0.1436298076923077,0.001869658119658113,0.01235309829059833,1,GERMINATED
zm3_8,9,72,0.00010016025641025001,0.0,0.000801282051282,0.00026499912971398475,0,0,0,0.26114004629629634,0.7264845975783475,0.0003814800681312883,0.0008874570232344888,0.2604166666666667,0.2620192307692308,0.7259615384615384,0.7291666666666666,0.14549946581196582,0.09190259971509972,0.0028005097456611644,0.0017749140464689856,0.13942307692307693,0.14743589743589744,0.08653846153846154,0.09294871794871795,0.008012820512820512,0.006410256410256415,1.0574712643678161,1.0740740740740742,0.0133764949845679,0.013703977646285339,0.001638519066403681,1.1358024691358024,0.9982445350175588,0.9818181818181818,0.0006795169105210416,0.0068844696969696,0,0,0.0,0,0.14189369658119658,0.14716880341880342,0.14743589743589744,0.08981036324786325,0.09294871794871795,0.09294871794871795,0.005542200854700863,0.0031383547008547036,0,NON-GERMINATED
zm3_8,10,72,0.00010747033308284445,0.0,0.0011331839442092,0.00030896431583305134,0,0,0,0.5638911146723645,0.7798811431623933,0.0004221660598822684,0.0005887817871443749,0.5625,0.5641025641025641,0.7780448717948718,0.78125,0.15582710113960113,0.10783920940170938,0.00296814715163654,0.0011775635742887552,0.14423076923076922,0.15705128205128205,0.10416666666666667,0.11057692307692307,0.01282051282051283,0.0032051282051281937,1.088888888888889,1.0307692307692307,0.01680544997351888,0.017189040927021695,0.0018388395792241947,1.1223931623931624,0.9976069621054202,0.974025974025974,0.0009074189796067612,0.009827478654645,0,0,0.0,0,0.15337873931623933,0.15705128205128205,0.15705128205128205,0.10857371794871795,0.10757211538461538,0.10737179487179487,0.003672542735042722,-0.0012019230769230865,0,NON-GERMINATED
zm3_9,1,72,0.00012050867081492222,0.0,0.0011331839442092,0.0003041159009482068,0,0,0,0.6688590633903133,0.22174367877492876,0.0008957914401976784,0.0004813819612242268,0.6674679487179487,0.6698717948717948,0.2203525641025641,0.2219551282051282,0.13112090455840456,0.09733351139601137,0.004267878148269097,0.0009627639224484572,0.11858974358974358,0.1346153846153846,0.09455128205128205,0.09775641025641026,0.016025641025641024,0.0032051282051282076,1.135135135135135,1.033898305084746,0.012766188009076631,0.013159516765285996,0.001946704470742933,1.1736142922583601,0.9977973683554779,0.9705627705627704,0.0008492517116124458,0.0110395998667663,0,0,0.0,0,0.12626869658119658,0.13247863247863248,0.1346153846153846,0.09648771367521368,0.09775641025641026,0.09775641025641026,0.008346688034188032,0.0012686965811965767,0,NON-GERMINATED
zm3_9,2,72,9.364108754421112e-05,0.0,0.0011331839442092,0.00026737232922813,0,0,0,0.45261306980056976,0.26540242165242167,0.00027710780800366567,0.0004856086233367008,0.4519230769230769,0.452724358974359,0.2644230769230769,0.2668269230769231,0.11970263532763531,0.14458689458689458,0.0012424577757258611,0.0026063534843847025,0.11538461538461539,0.1201923076923077,0.1362179487179487,0.14583333333333334,0.0048076923076923045,0.009615384615384637,1.0416666666666667,1.0705882352941178,0.017310495938801226,0.017528044871794872,0.0018105892504930964,1.1151960784313726,0.9984970847939548,0.9749645725082664,0.0005868870290195958,0.0094989691858427,0,0,0.0,0,0.1187232905982906,0.1201923076923077,0.1201923076923077,0.14209401709401712,0.14583333333333334,0.14583333333333334,0.0014690170940170888,0.003739316239316226,0,NON-GERMINATED
zm3_9,3,72,7.790242165241666e-05,0.0,0.000801282051282,0.00023738792075877175,0,0,0,0.25499688390313385,0.29690838675213677,0.00038919400930479065,0.0007779901307245591,0.2548076923076923,0.2564102564102564,0.296474358974359,0.2988782051282051,0.11469462250712252,0.13695245726495725,0.0015534310395667991,0.001555980261449127,0.10897435897435898,0.11538461538461539,0.1330128205128205,0.13782051282051283,0.006410256410256415,0.004807692307692318,1.0588235294117647,1.036144578313253,0.015709929334228212,0.015902366863905327,0.0014073800131492453,1.0970942593905033,0.9987215383527235,0.9855072463768116,0.000498098150620825,0.0055932971014492,0,0,0.0,0,0.11331463675213675,0.11538461538461538,0.11538461538461538,0.13521634615384615,0.13782051282051283,0.13782051282051283,0.002069978632478625,0.002604166666666685,0,NON-GERMINATED
zm3_9,4,72,0.00014276650557275554,0.0,0.0011331839442092,0.0003232048101893223,0,0,0,0.6892472400284899,0.4240340099715101,0.0006852196527271225,0.0007392148284105932,0.686698717948718,0.6907051282051282,0.421474358974359,0.4254807692307692,0.14563301282051283,0.10332086894586893,0.0029006152015188945,0.001193650968464382,0.1362179487179487,0.14743589743589744,0.10096153846153846,0.10416666666666667,0.011217948717948734,0.0016025641025641107,1.0823529411764707,1.015625,0.015048543481536272,0.015357905982905984,0.001386834319526629,1.099264705882353,0.9974052256410759,0.9731663685152058,0.0010009692542457319,0.0101283405834139,0,0,0.0,0,0.14256143162393164,0.1469017094017094,0.14743589743589744,0.10196314102564104,0.10383279914529915,0.10416666666666667,0.004874465811965795,0.002203525641025633,1,GERMINATED
zm3_9,5,72,6.025433540746111e-05,0.0,0.0011331839442092,0.0002233244848648813,0,0,0,0.3387419871794871,0.45252403846153855,0.0005782755100056323,0.0005465646882927645,0.33653846153846156,0.3389423076923077,0.45032051282051283,0.452724358974359,0.13902243589743588,0.10697115384615381,0.0011565510200112707,0.001093129376585529,0.1346153846153846,0.13942307692307693,0.10256410256410256,0.10737179487179487,0.004807692307692318,0.0048076923076923045,1.0357142857142858,1.046875,0.014872620979892615,0.014970106015779092,0.0011633999013806705,1.0842633928571428,0.9988864973750782,0.9733967582804792,0.00042889123673753055,0.0100477041655682,0,0,0.0,0,0.13822115384615385,0.13942307692307693,0.13942307692307693,0.10616987179487179,0.10737179487179487,0.10737179487179487,0.0012019230769230727,0.0012019230769230727,0,NON-GERMINATED
zm3_9,6,72,7.790242165241666e-05,0.0,0.000801282051282,0.00023738792075877175,0,0,0,0.4939236111111111,0.5560452279202279,0.00069071049898428,0.00018354280740819252,0.4935897435897436,0.49599358974358976,0.5552884615384616,0.5560897435897436,0.11151175213675216,0.1401353276353276,0.0013814209979685647,0.001749188274963363,0.10737179487179487,0.11217948717948718,0.1346153846153846,0.14102564102564102,0.004807692307692318,0.006410256410256415,1.0447761194029852,1.0476190476190477,0.01562906633519614,0.01582018408941486,0.0013662886259040111,1.0945273631840797,0.9987536826061371,0.9852941176470588,0.0004868476619261417,0.0056678921568627,0,0,0.0,0,0.11017628205128205,0.11217948717948718,0.11217948717948718,0.13835470085470086,0.14102564102564102,0.14102564102564102,0.002003205128205135,0.0026709401709401615,0,NON-GERMINATED
zm3_9,7,72,7.790242165241666e-05,0.0,0.000801282051282,0.0002373879207587713,0,0,0,0.7183827457264957,0.5725382834757835,0.000718397261997528,0.0004991911834937175,0.7163461538461539,0.71875,0.5721153846153846,0.5737179487179487,0.1511974715099715,0.10616987179487178,0.00222121593311825,0.0017258076900801389,0.14423076923076922,0.15224358974358973,0.10256410256410256,0.10897435897435898,0.008012820512820512,0.006410256410256415,1.0555555555555556,1.0625,0.016055746173935275,0.016590647600262985,0.001797748191978964,1.121527777777778,0.99842069216902,0.9696969696969696,0.0006033943149170638,0.0106060606060605,0,0,0.0,0,0.149105235042735,0.15224358974358973,0.15224358974358973,0.10443376068376069,0.10637019230769229,0.10770566239316237,0.0031383547008547175,0.003271901709401684,1,GERMINATED
zm3_9,8,72,0.0001780626780626667,0.0,0.000801282051282,0.0003331247673409633,0,0,0,0.23664529914529916,0.6122128739316239,0.0015516760201151536,0.0012909064455916897,0.23477564102564102,0.23958333333333334,0.6105769230769231,0.6137820512820513,0.15308938746438744,0.12065972222222222,0.004163345691778474,0.004318650918007511,0.14262820512820512,0.15865384615384615,0.11217948717948718,0.125,0.016025641025641024,0.012820512820512817,1.1123595505617978,1.1142857142857143,0.01848912676236394,0.019831730769230768,0.003831771860618012,1.2394863563402887,0.99674997818764,0.978021978021978,0.0012532483750667554,0.0076923076923077,1,1,0.013888888888888888,1,0.14830395299145296,0.15391292735042736,0.15705128205128205,0.11525106837606837,0.12192841880341881,0.12479967948717947,0.008747329059829084,0.009548611111111105,1,GERMINATED
zm3_9,9,72,6.025433540746111e-05,0.0,0.0011331839442092,0.0002233244848648813,0,0,0,0.3776486823361824,0.6465455840455839,0.000606704646119968,0.0002518186542687126,0.37740384615384615,0.3798076923076923,0.6458333333333334,0.6466346153846154,0.10047186609686608,0.12624643874643873,0.0012134092922399414,0.0010757697626063505,0.09615384615384616,0.10096153846153846,0.12179487179487179,0.1266025641025641,0.0048076923076923045,0.0048076923076923045,1.05,1.0394736842105263,0.012685432018865517,0.012781989644970414,0.0010709442800788949,1.0914473684210526,0.9987965507978137,0.9708324462422824,0.0004603725387800472,0.0109452133789371,0,0,0.0,0,0.09949252136752136,0.10096153846153848,0.10096153846153848,0.12553418803418803,0.1266025641025641,0.1266025641025641,0.0014690170940171166,0.0010683760683760646,0,NON-GERMINATED
zm3_9,10,72,0.00023370726495725,0.0,0.000801282051282,0.00036420646750250427,0,0,0,0.6225516381766382,0.7431891025641026,0.0012376637085521546,0.0017666608647600032,0.6209935897435898,0.625,0.7403846153846154,0.7467948717948718,0.15549323361823364,0.11240206552706554,0.002561489027923037,0.0027924491786969763,0.14583333333333334,0.15865384615384615,0.10416666666666667,0.11538461538461539,0.012820512820512803,0.008012820512820512,1.0879120879120878,1.0769230769230769,0.01748146036507415,0.01812130177514793,0.002606734878369491,1.1715976331360944,0.9956904749992513,0.9787234042553192,0.001660243472484236,0.0074468085106383,0,0,0.0,0,0.15337873931623933,0.15531517094017094,0.1577857905982906,0.1097088675213675,0.11471688034188034,0.11278044871794872,0.004407051282051266,0.0030715811965812134,1,GERMINATED
zm4_1,1,72,7.790242165241666e-05,0.0,0.000801282051282,0.00023738792075877173,0,0,0,0.6517205306267806,0.2845330306267806,0.0006286607123619378,0.0002723744268723373,0.6514423076923077,0.6538461538461539,0.2844551282051282,0.2860576923076923,0.15444711538461542,0.11950231481481481,0.0022732431264088156,0.0015986952250583622,0.14743589743589744,0.15544871794871795,0.11378205128205128,0.1201923076923077,0.008012820512820512,0.006410256410256415,1.0543478260869565,1.0563380281690142,0.018460305719921105,0.018683740138067062,0.0019081812952005256,1.1137477036129821,0.9985153134368948,0.9733333333333334,0.0005702768711609208,0.0093333333333333,0,0,0.0,0,0.15244391025641027,0.15544871794871795,0.15544871794871795,0.11812232905982907,0.1201923076923077,0.1201923076923077,0.0030048076923076816,0.002069978632478625,0,NON-GERMINATED
zm4_1,2,72,0.00010016025641025001,0.0,0.000801282051282,0.0002649991297139848,0,0,0,0.3898459757834758,0.29180021367521364,0.0009719820851539334,0.0002986201893028552,0.3894230769230769,0.39342948717948717,0.2916666666666667,0.29246794871794873,0.12513354700854698,0.1049679487179487,0.000442925319224812,0.0017102361745280038,0.125,0.1266025641025641,0.09935897435897435,0.10576923076923077,-0.0016025641025640969,0.006410256410256415,0.9873417721518988,1.0645161290322582,0.013134655049218348,0.013221153846153846,0.0006420529257067722,1.051041241322989,0.9982593710326437,0.984126984126984,0.0006743243052413599,0.0060763888888889,0,0,0.0,0,0.12540064102564102,0.125,0.125,0.10336538461538462,0.10576923076923077,0.10576923076923077,-0.0004006410256410242,0.0024038461538461453,1,GERMINATED
zm4_1,3,72,0.0002651845967408389,0.0,0.0011331839442092,0.00039065608058695163,0,0,0,0.5092036146723645,0.4413060897435897,0.0017154062852146694,0.0015212053618983007,0.5056089743589743,0.5120192307692307,0.43669871794871795,0.4439102564102564,0.1097533831908832,0.1536680911680912,0.003357245953999216,0.006374295697887732,0.10416666666666667,0.11538461538461539,0.14423076923076922,0.17147435897435898,0.009615384615384609,0.027243589743589758,1.0923076923076922,1.188888888888889,0.016884279804952884,0.019785502958579882,0.004486665844838922,1.2986324786324788,0.9957221523007647,0.97459510955859,0.001669616682613907,0.0096282812182294,1,21,0.2916666666666667,1,0.10590277777777778,0.10977564102564102,0.11358173076923077,0.14817040598290598,0.15264423076923075,0.16018963675213674,0.007678952991452992,0.012019230769230754,1,GERMINATED
zm4_1,4,72,0.00013815675705987777,0.0,0.0011331839442092,0.00031118954541523535,0,0,0,0.7457821403133903,0.47869925213675213,0.00044278548486640116,0.000664387978837217,0.7451923076923077,0.7467948717948718,0.4775641025641026,0.47996794871794873,0.11059918091168092,0.11645299145299146,0.0035180759247263427,0.0024038461538461514,0.10416666666666667,0.11698717948717949,0.11057692307692307,0.11858974358974358,0.012820512820512817,0.008012820512820512,1.123076923076923,1.0724637681159421,0.012886929628716487,0.013873479618671926,0.0023550501314924376,1.2044593088071347,0.9974374962483726,0.971609477124183,0.0009866782051584431,0.0106732525702719,0,0,0.0,0,0.10703792735042734,0.11010950854700856,0.11465010683760683,0.11358173076923077,0.1171875,0.11858974358974357,0.007612179487179488,0.005008012820512803,1,GERMINATED
zm4_1,5,72,0.00028362359079235004,0.0,0.0011331839442092,0.0004220927734253769,0,0,0,0.2534277065527066,0.5150462962962963,0.0034983765499267236,0.0019773176918192006,0.2467948717948718,0.2588141025641026,0.5120192307692307,0.5192307692307693,0.1080395299145299,0.14022435897435892,0.0007900747573583928,0.0062866465256088775,0.10737179487179487,0.10897435897435898,0.1282051282051282,0.15064102564102563,0.0016025641025641107,0.02243589743589744,1.0149253731343284,1.175,0.015149452799693184,0.01641600920447074,0.002650394477317554,1.1925373134328359,0.9947303854461688,0.9731299927378358,0.00202872042785591,0.0101410721054934,1,22,0.3055555555555556,1,0.10810630341880341,0.10803952991452992,0.1079727564102564,0.1327457264957265,0.140758547008547,0.14716880341880342,-0.00013354700854700807,0.014423076923076927,1,GERMINATED
zm4_1,6,72,7.138325278637777e-05,0.0,0.0011331839442092,0.00023942899457484625,0,0,0,0.42240918803418803,0.6321225071225071,0.0005506284222245791,0.0002518186542687127,0.421474358974359,0.4230769230769231,0.6314102564102564,0.6322115384615384,0.1637286324786325,0.11284722222222225,0.002962215947224736,0.0015969899496663207,0.15705128205128205,0.16666666666666666,0.10897435897435898,0.11378205128205128,0.009615384615384609,0.0048076923076923045,1.0612244897959184,1.0441176470588236,0.01848063739590182,0.018963675213675212,0.001849112426035502,1.1080432172869148,0.9985868386410064,0.9755526277265408,0.0005410055899588916,0.0092931498594467,1,17,0.2361111111111111,1,0.16025641025641024,0.16459668803418803,0.16633279914529916,0.1109775641025641,0.11378205128205128,0.11378205128205128,0.006076388888888923,0.0028044871794871834,1,GERMINATED
zm4_1,7,72,0.0001852996075929486,0.0,0.0017917211358171,0.00037948924931337593,0,0,0,0.6494613603988605,0.7193287037037037,0.0019026217957435452,0.0016148822246453867,0.6466346153846154,0.655448717948718,0.717948717948718,0.7235576923076923,0.09726673789173788,0.146011396011396,0.000986401344647448,0.0020086385635111267,0.09615384615384616,0.09935897435897435,0.13942307692307693,0.14743589743589744,0.0016025641025640969,0.008012820512820512,1.0166666666666666,1.0574712643678161,0.014202959778380455,0.014649079552925706,0.0010067389875082176,1.075095785440613,0.9964391012344677,0.9566405538349426,0.001366759312871675,0.0163404248960512,0,0,0.0,0,0.09662126068376069,0.09702190170940173,0.09815705128205128,0.14396367521367523,0.1466346153846154,0.14743589743589744,0.0015357905982905928,0.00347222222222221,1,GERMINATED
zm4_1,8,72,4.4515669515666665e-05,0.0,0.000801282051282,0.00018354280740818176,0,0,0,0.4352964743589743,0.7702435007122506,0.0003717791374752939,0.000353156865487499,0.43509615384615385,0.43669871794871795,0.7700320512820513,0.7708333333333334,0.10683760683760682,0.13579504985754987,0.0011331839442092098,0.0007063137309749989,0.10256410256410256,0.10737179487179487,0.1346153846153846,0.1362179487179487,0.0048076923076923045,0.0016025641025640969,1.046875,1.0119047619047619,0.014508648310230842,0.014625965647600261,0.0008192595332018396,1.0593377976190474,0.9992051915339888,0.9846153846153848,0.0003071181482891277,0.0059054487179486,0,0,0.0,0,0.10576923076923077,0.10737179487179487,0.10737179487179487,0.13494925213675213,0.1362179487179487,0.1362179487179487,0.0016025641025640969,0.0012686965811965767,0,NON-GERMINATED
zm4_10,1,72,0.00015580484330483333,0.0,0.000801282051282,0.00031712533050156033,0,0,0,0.4707309472934473,0.27496216168091164,0.0007897611733978863,0.0012287756139785558,0.46955128205128205,0.4719551282051282,0.27323717948717946,0.27724358974358976,0.09962606837606836,0.143585292022792,0.0022346688742897317,0.0031451352263891677,0.09455128205128205,0.10256410256410256,0.1346153846153846,0.14583333333333334,0.008012820512820512,0.011217948717948734,1.0847457627118644,1.0833333333333335,0.014310860339506173,0.014957264957264958,0.0022292077580539135,1.1751412429378532,0.9974687255742872,0.9833333333333332,0.0009872191971476041,0.0063541666666666,0,0,0.0,0,0.09715544871794872,0.09975961538461538,0.10196314102564104,0.14002403846153846,0.14543269230769232,0.1452991452991453,0.004807692307692318,0.005275106837606847,1,GERMINATED
zm4_10,2,72,0.00021144943019941803,0.0,0.0016025641025641,0.0003775640013730086,0,0,0,0.6406695156695158,0.3108751780626781,0.0007422245370608113,0.0012596833330511905,0.6386217948717948,0.6418269230769231,0.3060897435897436,0.31169871794871795,0.11979166666666667,0.13532763532763528,0.0026675994064420663,0.003960643949347437,0.11378205128205128,0.1233974358974359,0.12980769230769232,0.14743589743589744,0.009615384615384623,0.01762820512820512,1.0845070422535212,1.1358024691358024,0.01622032574055811,0.01819321170282709,0.0034234261998685074,1.2317857763867153,0.9967366489934526,0.9722222222222222,0.0012796149819211946,0.0107638888888888,1,25,0.3472222222222222,1,0.11665331196581197,0.1201923076923077,0.12252938034188036,0.1312767094017094,0.1356169871794872,0.1390892094017094,0.005876068376068397,0.0078125,1,GERMINATED
zm4_10,3,72,0.0001473031069433208,0.0,0.0017917211358171,0.0003478221134713375,0,0,0,0.30552216880341887,0.3170183404558404,0.00043145192252003325,0.0009841386649498797,0.30528846153846156,0.3076923076923077,0.31650641025641024,0.32051282051282054,0.10592503561253559,0.1403133903133903,0.0020015969724102595,0.004547575779601893,0.09935897435897435,0.10737179487179487,0.12179487179487179,0.14262820512820512,0.008012820512820512,0.02083333333333333,1.0806451612903225,1.1710526315789473,0.014870623481901527,0.015314246383957921,0.0032128328402366863,1.2654923599320882,0.9967802031922468,0.9319620253164556,0.0012226759022268042,0.0249779098775216,0,0,0.0,0,0.10336538461538462,0.10703792735042734,0.10737179487179487,0.1357505341880342,0.14256143162393162,0.14262820512820512,0.004006410256410242,0.006877670940170916,0,NON-GERMINATED
zm4_10,4,72,0.00016402654116263055,0.0,0.0050677526605262,0.0006403498882210033,0,0,0,0.7329282407407406,0.5111734330484331,0.0009313780249691837,0.00041995998629169265,0.7315705128205128,0.7371794871794872,0.5104166666666666,0.5120192307692307,0.11560719373219373,0.13336894586894588,0.0027667840515064675,0.0018547602079771724,0.10897435897435898,0.11858974358974358,0.1266025641025641,0.1346153846153846,0.006410256410256401,0.008012820512820512,1.0571428571428572,1.0632911392405062,0.01542296734604427,0.015964003944773174,0.00176179322813938,1.1240506329113922,0.996879487790573,0.895260989010989,0.0011987965250551706,0.0399526930754958,0,0,0.0,0,0.1125133547008547,0.11618589743589743,0.11812232905982904,0.1311431623931624,0.1343482905982906,0.1346153846153846,0.005608974358974339,0.00347222222222221,1,GERMINATED
zm4_10,5,72,0.00023655440722195414,0.0,0.0028890635220064,0.0004972259765794448,0,0,0,0.2480413105413105,0.5243055555555556,0.0008847314331531216,0.0016191714280157717,0.24759615384615385,0.25080128205128205,0.5184294871794872,0.5264423076923077,0.0984241452991453,0.13541666666666663,0.001746353743405719,0.007275554739250126,0.09134615384615384,0.10256410256410256,0.1266025641025641,0.16185897435897437,0.009615384615384623,0.03525641025641027,1.105263157894737,1.278481012658228,0.013339148906055956,0.01634153106508876,0.004776873767258386,1.4130579613590943,0.9942166650802208,0.9005468908243873,0.002177927586616965,0.0366864795007685,1,18,0.25,1,0.09748931623931623,0.09775641025641026,0.1000267094017094,0.13040865384615383,0.13314636752136752,0.14269497863247863,0.0025373931623931673,0.012286324786324798,1,GERMINATED
zm4_10,6,72,0.0001826724265755472,0.0,0.0032051282051282,0.00047458975463117903,0,0,0,0.5610309829059831,0.615429131054131,0.0009813660828458207,0.0004406826449702476,0.5592948717948718,0.5641025641025641,0.6129807692307693,0.6161858974358975,0.13603988603988604,0.10363247863247861,0.0027311007211855394,0.0025197599177501635,0.1282051282051282,0.13782051282051283,0.09935897435897435,0.10576923076923077,0.009615384615384637,0.0048076923076923045,1.0750000000000002,1.0476190476190477,0.014103548583716855,0.01457716962524655,0.0016333826429980308,1.1261904761904764,0.9967393847032824,0.9384615384615383,0.0012599524311252665,0.0236217948717948,0,0,0.0,0,0.1328125,0.1374866452991453,0.13782051282051283,0.10042735042735045,0.1047008547008547,0.10576923076923077,0.0050080128205128305,0.005341880341880323,1,GERMINATED
zm4_10,7,72,0.00017417069021403195,0.0,0.0017917211358171,0.0003729546940889368,0,0,0,0.35788372507122496,0.662025908119658,0.0006017853380785142,0.0010165155814395215,0.3573717948717949,0.359775641025641,0.6594551282051282,0.6642628205128205,0.11396011396011398,0.14291755698005698,0.0018991033660702952,0.0043342239905445916,0.10897435897435898,0.11538461538461539,0.1330128205128205,0.14903846153846154,0.004807692307692318,0.016025641025641024,1.0434782608695654,1.1204819277108433,0.01629462553190518,0.01719674556213018,0.002488597140039449,1.1691985332634889,0.9971182478512112,0.9622088006902502,0.0011218242007151665,0.0143915384966935,0,0,0.0,0,0.11184561965811964,0.11465010683760683,0.11538461538461538,0.13775373931623933,0.1440304487179487,0.14696848290598288,0.0035389957264957417,0.009214743589743557,1,GERMINATED
zm4_10,8,72,0.00030970026625650967,0.0,0.0016025641025641,0.00046496753240208395,0,0,0,0.4921541132478631,0.7537281873219375,0.0027236305875418185,0.0019589107598855446,0.49038461538461536,0.5024038461538461,0.75,0.7580128205128205,0.12248486467236469,0.10913016381766383,0.0019412864446213317,0.0026730723623816046,0.11698717948717949,0.1266025641025641,0.10256410256410256,0.11217948717948718,0.009615384615384609,-0.0016025641025640969,1.0821917808219177,0.9848484848484849,0.01336351124762583,0.013662886259040106,0.000814123109796186,1.0657949356579492,0.9944742819980191,0.9717628075837031,0.002135306473760046,0.0106195869094398,1,7,0.09722222222222222,1,0.12132745726495726,0.12179487179487179,0.12433226495726496,0.1097088675213675,0.1111111111111111,0.10657051282051282,0.0030048076923076955,-0.0031383547008546897,1,GERMINATED
zm4_11,1,72,0.00020954000984625557,0.0,0.0011331839442092,0.0003666619958383469,0,0,0,0.6317441239316239,0.16941550925925924,0.0005128970184207119,0.002289177998005973,0.6306089743589743,0.6322115384615384,0.16346153846153846,0.17387820512820512,0.13741987179487175,0.10178507834757831,0.003007032652029302,0.004298413777936396,0.1266025641025641,0.13942307692307693,0.09294871794871795,0.11057692307692307,0.01282051282051283,0.016025641025641024,1.1012658227848102,1.1694915254237288,0.013998537260756814,0.015416974852071006,0.003446540105193952,1.2879210469856255,0.9955879953309569,0.9591794012978856,0.0016804026405651846,0.0148080428790733,1,14,0.19444444444444445,1,0.1343482905982906,0.13848824786324787,0.13942307692307693,0.09682158119658119,0.10236378205128205,0.10616987179487179,0.0050747863247863345,0.009348290598290607,1,GERMINATED
zm4_11,2,72,0.00011128917378916805,0.0,0.0016025641025641,0.00030760939639166366,0,0,0,0.2656361289173789,0.30503249643874647,0.0006541493950180529,0.0004965792271484183,0.2644230769230769,0.2668269230769231,0.30448717948717946,0.3060897435897436,0.09613158831908832,0.13971242877492873,0.0021449671069017394,0.002648495288949579,0.09294871794871795,0.09935897435897435,0.1330128205128205,0.14262820512820512,0.0032051282051281937,0.009615384615384609,1.0333333333333332,1.072289156626506,0.013435635192946892,0.014171392176199867,0.0013816978961209703,1.108032128514056,0.9976565389947578,0.9666666666666668,0.0008925493147977612,0.0127083333333333,0,0,0.0,0,0.09354967948717947,0.0964877136752137,0.0983573717948718,0.13661858974358973,0.140625,0.14189369658119658,0.004807692307692332,0.005275106837606847,0,NON-GERMINATED
zm4_11,3,72,0.0003300486806611805,0.0,0.0024038461538461,0.0004977589157723677,0,0,0,0.7299679487179487,0.32688969017094016,0.0008340008010681594,0.0032063451994188055,0.7275641025641025,0.7307692307692307,0.31650641025641024,0.3293269230769231,0.11226851851851855,0.13864405270655267,0.0023113879960376016,0.00958935615110812,0.10737179487179487,0.11858974358974358,0.12179487179487179,0.16826923076923078,0.01121794871794872,0.04647435897435899,1.1044776119402986,1.3815789473684212,0.015585906110745855,0.01995500493096647,0.00687767094017094,1.525923016496465,0.9941847102827934,0.9620253164556962,0.0022498830434520903,0.0148536392405063,1,26,0.3611111111111111,1,0.10990918803418803,0.11217948717948718,0.11471688034188034,0.13134348290598288,0.1362179487179487,0.1483707264957265,0.0048076923076923045,0.017027243589743613,1,GERMINATED
zm4_11,4,72,7.401043380378194e-05,0.0,0.0017917211358171,0.0002893034274726871,0,0,0,0.5361244658119659,0.35757211538461536,0.0002586126700191906,0.000371779137475294,0.5360576923076923,0.5376602564102564,0.3573717948717949,0.358974358974359,0.11266915954415957,0.1022079772079772,0.0022128362752201836,0.000666249534681967,0.10416666666666667,0.11378205128205128,0.10096153846153846,0.10256410256410256,0.009615384615384609,0.0,1.0923076923076922,1.0,0.011516860024472202,0.011669953977646285,0.0009861932938856014,1.0923076923076922,0.9983675349634002,0.9554363042463836,0.0006194695447823514,0.0167619122520468,0,0,0.0,0,0.11044337606837606,0.11378205128205128,0.11378205128205128,0.10149572649572651,0.10256410256410257,0.10256410256410257,0.0033386752136752157,0.0010683760683760646,0,NON-GERMINATED
zm4_11,5,72,0.0001224180911680847,0.0,0.0024038461538461,0.00036960741420528215,0,0,0,0.38203347578347574,0.3603543447293447,0.0006967804417066717,0.0004473769418233998,0.3798076923076923,0.38301282051282054,0.359775641025641,0.3613782051282051,0.09788995726495726,0.13403668091168092,0.0005821179144685709,0.0019863169085935755,0.09615384615384616,0.09935897435897435,0.12980769230769232,0.1362179487179487,0.0016025641025640969,0.0064102564102563875,1.0163934426229508,1.0493827160493825,0.01312138595542041,0.013534475673898748,0.0008449416502301077,1.0665857113944541,0.9977554272304094,0.9516129032258064,0.0008651722286159931,0.0184979838709677,1,19,0.2638888888888889,1,0.09762286324786325,0.09775641025641026,0.09829059829059829,0.13181089743589744,0.1346153846153846,0.13568376068376067,0.0006677350427350404,0.003872863247863234,1,GERMINATED
zm4_11,6,72,0.00016041459181771248,0.0,0.0016025641025641,0.00035477174128263015,0,0,0,0.345363693019943,0.5278556801994303,0.0007374534925671853,0.000525657304069601,0.34455128205128205,0.3485576923076923,0.5256410256410257,0.5280448717948718,0.1278712606837607,0.11754362535612535,0.003021086011181523,0.00328384161720183,0.1201923076923077,0.1330128205128205,0.10897435897435898,0.1201923076923077,0.012820512820512817,0.01121794871794872,1.1066666666666667,1.1029411764705883,0.015039091035685586,0.01598711785009862,0.0028892381656804716,1.2205882352941175,0.996901192470439,0.9728725380899294,0.0011888521200278154,0.0102311812322607,1,11,0.1527777777777778,1,0.12413194444444446,0.1284722222222222,0.1310096153846154,0.11371527777777779,0.1187232905982906,0.1201923076923077,0.00687767094017093,0.006477029914529905,1,GERMINATED
zm4_11,7,72,5.564458689458334e-05,0.0,0.000801282051282,0.00020369263285392145,0,0,0,0.8279691951566952,0.5659833511396012,0.0003691044326873941,0.00046568901248458843,0.8277243589743589,0.8285256410256411,0.5649038461538461,0.5665064102564102,0.10145121082621082,0.13423700142450143,0.0007382088653746858,0.0020427551507427124,0.10096153846153846,0.10256410256410256,0.12980769230769232,0.1362179487179487,0.0016025641025640969,0.0064102564102563875,1.0158730158730158,1.0493827160493825,0.013619476347340929,0.013971071663379355,0.0008654873438527257,1.0660395845581028,0.9991175307984802,0.984375,0.0003450332020133736,0.0059895833333333,0,0,0.0,0,0.10096153846153848,0.10096153846153848,0.10243055555555557,0.13174412393162394,0.13474893162393162,0.1362179487179487,0.0014690170940170888,0.00447382478632477,0,NON-GERMINATED
zm4_11,8,72,0.00015389542295167225,0.0,0.0011331839442092,0.0003317788796524331,0,0,0,0.6808782941595442,0.620960202991453,0.0004995632052943234,0.0006735523838752653,0.6802884615384616,0.6826923076923077,0.6193910256410257,0.6217948717948718,0.10458956552706551,0.1352608618233618,0.0017513111629264822,0.003099438455011548,0.09935897435897435,0.10737179487179487,0.1266025641025641,0.13942307692307693,0.0048076923076923045,0.01282051282051283,1.0476190476190477,1.1012658227848102,0.014151809561965814,0.014798035831689678,0.0019646819526627224,1.1537070524412296,0.9971790695692692,0.9722222222222222,0.001087357675674379,0.0104587917859582,0,0,0.0,0,0.10276442307692309,0.10503472222222221,0.10596955128205128,0.13194444444444442,0.1362179487179487,0.13762019230769232,0.0032051282051281937,0.005675747863247899,1,GERMINATED
zm4_11,9,72,0.0001905616277779639,0.0,0.0033037705333474,0.000480841261120977,0,0,0,0.29825498575498577,0.6768496260683761,0.0015814031043742478,0.0007367813999303493,0.2948717948717949,0.3004807692307692,0.6730769230769231,0.6778846153846154,0.13176638176638175,0.10018251424501423,0.0031628062087485057,0.002119876191842176,0.125,0.1362179487179487,0.09615384615384616,0.10256410256410256,0.009615384615384609,0.0032051282051282076,1.0759493670886076,1.032258064516129,0.013206386628862591,0.013971071663379355,0.001391970742932281,1.1106574111882401,0.9965498961716999,0.92483922829582,0.0013314013979606777,0.0284537209431389,1,3,0.041666666666666664,1,0.12773771367521367,0.13368055555555555,0.13388087606837606,0.09768963675213675,0.10036057692307694,0.10249732905982907,0.006143162393162399,0.004807692307692318,1,GERMINATED
zm4_11,10,72,0.0002586654278748,0.0,0.0022663678884184,0.00043783198496023264,0,0,0,0.5008680555555556,0.7821180555555554,0.0012930633500959547,0.000740553986806182,0.49919871794871795,0.5048076923076923,0.780448717948718,0.7836538461538461,0.1404469373219373,0.1166755698005698,0.004234139912541731,0.0020626661036686404,0.1346153846153846,0.15064102564102563,0.11217948717948718,0.1201923076923077,0.016025641025641024,0.0016025641025640969,1.119047619047619,1.0138888888888888,0.01639139717565198,0.017623068704799474,0.00209052432610125,1.1345899470899472,0.9956638209702192,0.9496567505720824,0.0016857951885418973,0.0190932764272431,1,12,0.16666666666666666,1,0.13648504273504272,0.13935630341880342,0.14549946581196582,0.11424946581196582,0.11798878205128205,0.11778846153846152,0.0090144230769231,0.0035389957264957,1,GERMINATED
zm4_12,1,72,0.00018480180817600554,0.0,0.0028890635220064,0.0004446355103778559,0,0,0,0.3361712072649573,0.13079816595441596,0.000811648356112682,0.0012843657852008325,0.3333333333333333,0.3373397435897436,0.12580128205128205,0.13141025641025642,0.14100338319088315,0.0984909188034188,0.004425168790322963,0.0015328846532116662,0.125,0.14583333333333334,0.09455128205128205,0.09935897435897435,0.020833333333333343,0.0016025641025640969,1.1666666666666667,1.0163934426229508,0.013893276250547886,0.014489850427350428,0.002270299145299146,1.185792349726776,0.9958578126171075,0.9325227963525836,0.001569886759326743,0.0254949125658998,0,0,0.0,0,0.1356169871794872,0.14289529914529914,0.14449786324786326,0.0967548076923077,0.09935897435897435,0.09935897435897435,0.008880876068376065,0.0026041666666666574,1,GERMINATED
zm4_12,2,72,0.00014928567443879448,0.0,0.0011331839442092,0.0003202458615662715,0,0,0,0.542434561965812,0.2609731125356125,0.0007487867752405759,0.0013660944407102122,0.5408653846153846,0.5440705128205128,0.25801282051282054,0.2636217948717949,0.11362624643874646,0.12215099715099716,0.0017547024415511287,0.003927483084065665,0.10576923076923077,0.11698717948717949,0.11217948717948718,0.12980769230769232,0.01121794871794872,0.017628205128205135,1.1060606060606062,1.1571428571428573,0.01388582130268829,0.01518583579881657,0.0033206977317554263,1.27987012987013,0.9966380376660822,0.9172126265634306,0.0012737225052564056,0.0297121502665352,1,12,0.16666666666666666,1,0.11177884615384615,0.11378205128205128,0.11531784188034189,0.11798878205128205,0.12172809829059832,0.1267361111111111,0.0035389957264957417,0.008747329059829057,1,GERMINATED
zm4_12,3,72,0.00010016025641025001,0.0,0.000801282051282,0.0002649991297139848,0,0,0,0.5225471866096867,0.3983484686609687,0.0004490349225835098,0.00046847322782785853,0.5216346153846154,0.5232371794871795,0.3974358974358974,0.39903846153846156,0.15317841880341881,0.10412215099715098,0.0014568258700101166,0.0015336924124779402,0.14903846153846154,0.15705128205128205,0.09935897435897435,0.10576923076923077,0.008012820512820512,0.006410256410256415,1.053763440860215,1.0645161290322582,0.015951091547045073,0.0166111932938856,0.0018028846153846142,1.1217481789802288,0.9984148779622113,0.984126984126984,0.0006198968798927514,0.0060763888888889,1,14,0.19444444444444445,1,0.15150908119658116,0.15371260683760685,0.15431356837606838,0.10283119658119659,0.10416666666666667,0.10536858974358974,0.002804487179487225,0.0025373931623931534,1,GERMINATED
zm4_12,4,72,0.00012050867081492222,0.0,0.0011331839442092,0.0003041159009482068,0,0,0,0.32971643518518523,0.4598691239316239,0.0006118880784317676,0.0005782755100056326,0.328525641025641,0.33092948717948717,0.45913461538461536,0.46073717948717946,0.10463408119658119,0.14583333333333331,0.001739959164101945,0.0030570307538086553,0.10096153846153846,0.10737179487179487,0.13782051282051283,0.14903846153846154,0.0016025641025640969,0.011217948717948706,1.0151515151515151,1.0813953488372092,0.015263524202827089,0.01600252712031558,0.0014253574950690295,1.097780126849894,0.9974559902899832,0.9440669106116047,0.0009687340345355708,0.0203131508496742,1,20,0.2777777777777778,1,0.1029647435897436,0.1046340811965812,0.1063034188034188,0.14202724358974358,0.14670138888888887,0.14877136752136752,0.003338675213675202,0.006744123931623935,1,GERMINATED
zm4_12,5,72,0.00028496206458625555,0.0,0.0028890635220064,0.000480526464259953,0,0,0,0.7562321937321936,0.4689614494301994,0.0020307148732117176,0.0008012047634061735,0.7516025641025641,0.7604166666666666,0.4671474358974359,0.4703525641025641,0.09984864672364671,0.1385105056980057,0.004638823259765238,0.0034082116419739297,0.08814102564102565,0.11057692307692307,0.1266025641025641,0.14102564102564102,0.022435897435897426,0.014423076923076927,1.2545454545454544,1.1139240506329113,0.013840913267495801,0.015594181459566075,0.00443530161078238,1.3974683544303799,0.9945155786827417,0.9248616432524478,0.0021047728030215013,0.0281763161509474,1,24,0.3333333333333333,1,0.09635416666666667,0.09782318376068377,0.10536858974358974,0.1346821581196581,0.13982371794871795,0.14102564102564102,0.009014423076923073,0.006343482905982911,1,GERMINATED
zm4_12,6,72,0.0004356095933908625,0.0,0.0024038461538461,0.0005148123650303209,0,0,0,0.5714810363247862,0.5815415776353277,0.006018419328755562,0.0023188508792055373,0.5560897435897436,0.5761217948717948,0.5745192307692307,0.5833333333333334,0.14438657407407407,0.10169604700854701,0.016823021615231252,0.005671818649995172,0.12980769230769232,0.1891025641025641,0.09615384615384616,0.1201923076923077,0.051282051282051266,0.024038461538461536,1.3720930232558137,1.25,0.014777169111604212,0.022728673570019724,0.00947670118343195,1.7151162790697672,0.9909605271232684,0.9418604651162792,0.003446961742560103,0.0219113372093023,1,36,0.5,1,0.13187767094017097,0.1359508547008547,0.16533119658119658,0.09742254273504274,0.09942574786324787,0.10823985042735042,0.033453525641025605,0.010817307692307682,1,GERMINATED
zm4_12,7,72,0.0004377091962732958,0.0,0.0028890635220064,0.0006843233071409929,0,0,0,0.34614271723646717,0.6135372150997151,0.0030903743166623395,0.0026462496909009947,0.34375,0.3573717948717949,0.6049679487179487,0.6161858974358975,0.12617966524216526,0.12976317663817663,0.005678453072982582,0.007750202353212104,0.11698717948717949,0.14423076923076922,0.11538461538461539,0.15544871794871795,0.02724358974358973,0.04006410256410256,1.232876712328767,1.347222222222222,0.01641693661425232,0.02242048816568047,0.008921967455621299,1.6609589041095887,0.991743743098083,0.9394760614272808,0.003174200893248586,0.0230612697897558,1,28,0.3888888888888889,1,0.1218616452991453,0.125,0.1316773504273504,0.1234642094017094,0.12867254273504272,0.1371527777777778,0.009815705128205107,0.013688568376068397,1,GERMINATED
zm4_12,8,72,0.0003346584291740583,0.0,0.0016025641025641,0.000466848583999182,0,0,0,0.12866141381766383,0.6521879451566952,0.002265684683622927,0.0029571734465032714,0.12740384615384615,0.13381410256410256,0.6418269230769231,0.6546474358974359,0.10748308404558402,0.14349626068376067,0.0004073852657078708,0.011785287051815585,0.10737179487179487,0.10897435897435898,0.13141025641025642,0.1778846153846154,0.0,0.046474358974358976,1.0,1.353658536585366,0.015424358460716634,0.019099790433925047,0.004990035338593029,1.3536585365853657,0.9942107086739114,0.9662532448803,0.0022437799430941197,0.0123321976252283,1,30,0.4166666666666667,1,0.10737179487179487,0.10737179487179487,0.10770566239316237,0.13501602564102563,0.13848824786324787,0.15698450854700854,0.0003338675213675063,0.02196848290598291,1,GERMINATED
zm4_12,9,72,0.00012702783968096112,0.0,0.0011331839442092,0.00030145107214456045,0,0,0,0.47751958689458696,0.6648192663817665,0.00022698626752104588,0.0009313780249691775,0.47676282051282054,0.47836538461538464,0.6626602564102564,0.6658653846153846,0.11867877492877493,0.12428774928774929,0.00211812273030098,0.0038044623609724926,0.11538461538461539,0.12179487179487179,0.11698717948717949,0.12980769230769232,0.006410256410256401,0.01282051282051283,1.0555555555555556,1.1095890410958904,0.014757871854226022,0.01580991124260355,0.0023113905325443784,1.1712328767123288,0.9978216425474444,0.97350640113798,0.0008449932041870709,0.0100093291654429,1,6,0.08333333333333333,1,0.11651976495726495,0.11858974358974357,0.12092681623931623,0.11985844017094016,0.1246661324786325,0.1283386752136752,0.00440705128205128,0.00848023504273504,1,GERMINATED
zm4_12,10,72,0.00011770489697450416,0.0,0.0025338763302631,0.0003829605575707569,0,0,0,0.3981481481481481,0.7546296296296297,0.00025181865426871305,0.001119106578523548,0.3974358974358974,0.39823717948717946,0.750801282051282,0.7564102564102564,0.1260238603988604,0.10492343304843305,0.0011735600361880366,0.002949813970268753,0.12179487179487179,0.1266025641025641,0.09775641025641026,0.10897435897435898,0.0048076923076923045,0.01121794871794872,1.0394736842105263,1.1147540983606559,0.013225790895061727,0.013796433267587112,0.0018902038132807362,1.1587575496117342,0.9975453547667428,0.9402061855670104,0.0009356340146734499,0.0225748546662174,0,0,0.0,0,0.12486645299145299,0.1266025641025641,0.1266025641025641,0.101428952991453,0.10550213675213675,0.1078392094017094,0.001736111111111105,0.0064102564102563875,1,GERMINATED
zm4_2,1,72,0.0005453169515669375,0.0,0.0024038461538461,0.0007414732552134377,0,0,0,0.5254963497150997,0.29769853988603984,0.0005054783186064698,0.006654571485758286,0.5248397435897436,0.5272435897435898,0.2932692307692308,0.32051282051282054,0.1040108618233618,0.16061253561253563,0.0025078367743773394,0.017275062523313005,0.09775641025641026,0.10576923076923077,0.14583333333333334,0.21794871794871795,0.006410256410256415,0.07211538461538461,1.0645161290322582,1.4945054945054945,0.016725906749945212,0.023052268244575937,0.008562417817225509,1.5909252038284296,0.9927224038633169,0.9682539682539684,0.0029016146663575263,0.0121527777777777,1,25,0.3472222222222222,1,0.10082799145299147,0.10543536324786325,0.10576923076923077,0.14917200854700854,0.15484775641025642,0.17781784188034186,0.004941239316239299,0.028645833333333315,1,GERMINATED
zm4_2,2,72,0.0006175886795148,0.000801282051282,0.0022663678884184,0.000635071316134445,0,0,0,0.27292556980056987,0.3432714565527065,0.008290199399186888,0.0036759641265287826,0.2636217948717949,0.28926282051282054,0.33573717948717946,0.3485576923076923,0.11266915954415957,0.10966435185185186,0.003716725188503685,0.00806971604655647,0.10576923076923077,0.11858974358974358,0.09455128205128205,0.12179487179487179,0.01121794871794872,0.027243589743589744,1.1044776119402986,1.288135593220339,0.012384558883957921,0.014443622616699538,0.004291481755424063,1.4227169238553,0.9872691880498543,0.9386954389406572,0.0048572168242355844,0.0229297354982419,1,5,0.06944444444444445,1,0.10810630341880341,0.11358173076923077,0.11631944444444443,0.10016025641025643,0.11051014957264955,0.11832264957264958,0.008213141025641024,0.018162393162393153,1,GERMINATED
zm4_2,3,72,0.00010016025641025001,0.0,0.000801282051282,0.0002649991297139848,0,0,0,0.7265847578347577,0.4123152599715099,0.0006005492148874644,0.000439416110719363,0.7259615384615384,0.7283653846153846,0.4110576923076923,0.4126602564102564,0.11075498575498578,0.13824341168091164,0.0016368212527466403,0.0019259137351132032,0.10576923076923077,0.11217948717948718,0.13141025641025642,0.13942307692307693,0.006410256410256415,0.008012820512820512,1.0606060606060606,1.0609756097560976,0.015313961027102054,0.015640409270216964,0.0017412475345167672,1.125277161862528,0.998371534113824,0.9850746268656716,0.0006350672268282931,0.0057447139303482,0,0,0.0,0,0.10917467948717947,0.1109107905982906,0.11217948717948718,0.1362179487179487,0.1390892094017094,0.13942307692307693,0.0030048076923077094,0.0032051282051282215,0,NON-GERMINATED
zm4_2,4,72,0.00024101734162984445,0.0,0.0011331839442092,0.00039487755435820926,0,0,0,0.48368500712250717,0.5415219907407407,0.0016263457320273764,0.001357499849486653,0.4791666666666667,0.4863782051282051,0.5392628205128205,0.5448717948717948,0.12281873219373221,0.13646278490028488,0.004088419518778961,0.005211138586949057,0.11698717948717949,0.1346153846153846,0.12980769230769232,0.15064102564102563,0.01762820512820512,0.020833333333333315,1.1506849315068493,1.1604938271604937,0.016781051962342024,0.020278599605522682,0.005092763806706112,1.335362760020294,0.9956862352861204,0.964471879286694,0.0016664789219172319,0.0129556755829904,1,20,0.2777777777777778,1,0.11919070512820513,0.12166132478632478,0.12760416666666666,0.132144764957265,0.1343482905982906,0.14289529914529916,0.008413461538461522,0.010750534188034178,1,GERMINATED
zm4_2,5,72,0.0004547126689963222,0.0,0.0028890635220064,0.0006862644689510705,0,0,0,0.26868545227920226,0.5679642984330484,0.0020421184336475977,0.002318209855199375,0.2588141025641026,0.2708333333333333,0.5584935897435898,0.5713141025641025,0.10895210113960115,0.11580751424501427,0.005915351979367835,0.008805976957236287,0.09935897435897435,0.1330128205128205,0.10256410256410256,0.14262820512820512,0.03365384615384616,0.04006410256410256,1.338709677419355,1.390625,0.012666099091880342,0.018971379848783693,0.00878071581196581,1.8616431451612903,0.9911917907269022,0.940320232896652,0.0033784364804318305,0.0227658097754759,1,10,0.1388888888888889,1,0.10416666666666667,0.10837339743589743,0.11431623931623931,0.10810630341880341,0.11391559829059829,0.12540064102564102,0.010149572649572641,0.017294337606837615,1,GERMINATED
zm4_2,6,72,0.00017806267806266943,0.0,0.0016025641025641,0.00038293826865394884,0,0,0,0.6360955306267806,0.694767183048433,0.0007273068935850453,0.0017833721157530155,0.6346153846153846,0.6370192307692307,0.6923076923076923,0.6995192307692307,0.10205217236467234,0.15057425213675216,0.0019776934767565413,0.004978545786954777,0.09615384615384616,0.10416666666666667,0.14423076923076922,0.16506410256410256,0.008012820512820512,0.020833333333333343,1.0833333333333333,1.1444444444444446,0.015373885966834684,0.017194177350427352,0.00332583415516108,1.239814814814815,0.9964421951237225,0.9682539682539684,0.0013609724474378541,0.0111111111111111,1,9,0.125,1,0.10002670940170942,0.10202991452991454,0.10409989316239317,0.1467681623931624,0.14870459401709402,0.15625,0.004073183760683746,0.009481837606837601,1,GERMINATED
zm4_2,7,72,0.00016693376068375,0.0,0.000801282051282,0.00032541380691801335,0,0,0,0.46955128205128205,0.7592481303418803,0.0015285153769043216,0.000953131839184038,0.46634615384615385,0.47115384615384615,0.7572115384615384,0.7612179487179487,0.13310185185185183,0.0971554487179487,0.004396020974226681,0.002882110290452357,0.1282051282051282,0.14102564102564102,0.09455128205128205,0.10256410256410256,0.01282051282051283,0.008012820512820512,1.1,1.0847457627118644,0.012943751312641536,0.014464168310322156,0.0023422090729783053,1.193220338983051,0.9971004896043092,0.9833333333333332,0.0011233355829362236,0.0063541666666666,1,14,0.19444444444444445,1,0.1284054487179487,0.13247863247863248,0.13842147435897437,0.09461805555555554,0.09608707264957266,0.10076121794871795,0.010016025641025661,0.006143162393162413,1,GERMINATED
zm4_3,1,72,0.0001715435091966278,0.0,0.0011331839442092,0.00033652823416071393,0,0,0,0.35238603988603995,0.2875267094017094,0.0008677701517814362,0.0004996871510114754,0.34935897435897434,0.35336538461538464,0.2860576923076923,0.28846153846153844,0.12437678062678062,0.11805555555555555,0.0031439536294532717,0.002839248347418442,0.11698717948717949,0.13141025641025642,0.11057692307692307,0.12179487179487179,0.014423076923076927,0.01121794871794872,1.1232876712328768,1.1014492753623188,0.014691562054843307,0.01600509533201841,0.003069012984878371,1.2372443915028788,0.9970654724345391,0.9727699530516432,0.0011385879288891099,0.0102670859956608,1,22,0.3055555555555556,1,0.12106036324786325,0.125,0.12706997863247863,0.11491720085470085,0.1186565170940171,0.12059294871794872,0.006009615384615377,0.005675747863247871,1,GERMINATED
zm4_3,2,72,3.338675213675e-05,0.0,0.000801282051282,0.00016011723835845416,0,0,0,0.523982816951567,0.30693554131054124,0.00020369263285393397,0.00018354280740819277,0.5232371794871795,0.5240384615384616,0.30689102564102566,0.3076923076923077,0.128093839031339,0.1006054131054131,0.0004073852657078666,0.0009337685614050503,0.1266025641025641,0.1282051282051282,0.09775641025641026,0.10096153846153846,0.0016025641025640969,0.0032051282051282076,1.0126582278481011,1.0327868852459017,0.012887250655179337,0.01294378698224852,0.000567574786324786,1.045860136957875,0.9993819159981795,0.9838709677419356,0.00023803078952608475,0.0061659946236559,0,0,0.0,0,0.12787126068376067,0.1282051282051282,0.1282051282051282,0.09989316239316241,0.10096153846153848,0.10096153846153848,0.0003338675213675202,0.0010683760683760646,0,NON-GERMINATED
zm4_3,3,72,0.0001715435091966278,0.0,0.0011331839442092,0.00033652823416071393,0,0,0,0.6267249821937321,0.39773637820512825,0.0004935772093468796,0.0011366215632044208,0.625,0.6274038461538461,0.3958333333333333,0.39903846153846156,0.10579148860398858,0.14371883903133897,0.001568664231334366,0.00241607745428943,0.09935897435897435,0.10737179487179487,0.13942307692307693,0.15064102564102563,0.008012820512820512,0.011217948717948706,1.0806451612903225,1.0804597701149425,0.01520702354536489,0.016174597304404993,0.002321663379355684,1.1675936225435668,0.997131706001078,0.9731889204545454,0.0011154061806005612,0.010120447404645,1,10,0.1388888888888889,1,0.1046340811965812,0.10570245726495726,0.10703792735042734,0.14155982905982906,0.14336271367521367,0.14623397435897437,0.0024038461538461453,0.00467414529914531,1,GERMINATED
zm4_3,4,72,0.00010016025641025138,0.0,0.0016025641025641,0.0002967479439541676,0,0,0,0.2408075142450142,0.4328926282051283,0.0005661546181435575,0.0007524991766549543,0.23958333333333334,0.24118589743589744,0.4310897435897436,0.43349358974358976,0.1065705128205128,0.10527955840455838,0.0011642358289371431,0.0027581759392200254,0.10416666666666667,0.10737179487179487,0.09935897435897435,0.10737179487179487,0.0032051282051281937,0.008012820512820512,1.0307692307692307,1.0806451612903225,0.01122269277567755,0.011528702333990793,0.0011788091715976314,1.1138957816377169,0.9980925078037173,0.9696969696969696,0.0007327264353655777,0.0116477272727272,0,0,0.0,0,0.10510149572649573,0.10723824786324786,0.10737179487179487,0.10169604700854702,0.10677083333333333,0.10737179487179487,0.0022702991452991372,0.005675747863247843,0,NON-GERMINATED
zm4_3,5,72,6.67735042735e-05,0.0,0.000801282051282,0.00022146265961239212,0,0,0,0.4791666666666667,0.4440771901709402,2.7755575615628914e-16,0.001468637650101699,0.4791666666666667,0.4791666666666667,0.44310897435897434,0.4479166666666667,0.09615384615384616,0.1278712606837607,1.1102230246251565e-16,0.0029372753002033696,0.09615384615384616,0.09615384615384616,0.1201923076923077,0.12980769230769232,0.0,0.009615384615384623,1.0,1.08,0.012295313527284683,0.012481508875739646,0.000924556213017751,1.0799999999999998,0.9989379260082666,0.986842105263158,0.0004151286748845125,0.005126096491228,0,0,0.0,0,0.09615384615384616,0.09615384615384616,0.09615384615384616,0.12419871794871795,0.1296073717948718,0.12980769230769232,0.0,0.005608974358974367,1,GERMINATED
zm4_3,6,72,7.790242165241666e-05,0.0,0.000801282051282,0.00023738792075877178,0,0,0,0.2174701745014245,0.6007723468660967,0.0005612109011361691,0.00036556418504399935,0.2171474358974359,0.21875,0.5993589743589743,0.6009615384615384,0.1195468304843305,0.12048165954415951,0.0011224218022723473,0.0024672084455942605,0.11698717948717949,0.1201923076923077,0.11378205128205128,0.12179487179487179,0.0032051282051282076,0.008012820512820512,1.0273972602739727,1.0704225352112675,0.014405812833296807,0.014638806706114399,0.0013277654503616038,1.0997491800115762,0.998688345729772,0.9861111111111112,0.0005097155686538431,0.0053819444444444,0,0,0.0,0,0.11825587606837606,0.1201923076923077,0.1201923076923077,0.11785523504273505,0.12179487179487179,0.12179487179487179,0.001936431623931631,0.003939636752136738,0,NON-GERMINATED
zm4_3,7,72,7.790242165241666e-05,0.0,0.000801282051282,0.00023738792075877146,0,0,0,0.7370904558404558,0.6044337606837606,0.0005433829957146391,0.0009537164033844586,0.7363782051282052,0.7379807692307693,0.6025641025641025,0.6057692307692307,0.09277065527065527,0.13510505698005698,0.0010867659914292841,0.0019922938034722436,0.09134615384615384,0.09455128205128205,0.12980769230769232,0.13782051282051283,0.0032051282051282076,0.008012820512820512,1.0350877192982457,1.0617283950617284,0.012535726678354885,0.013031106180144643,0.0011736727481919795,1.0989820229586311,0.9986981774814043,0.9827586206896552,0.0005062744555825167,0.006555316091954,1,12,0.16666666666666666,1,0.09154647435897435,0.09294871794871795,0.09381677350427349,0.1328792735042735,0.13528311965811965,0.1371527777777778,0.0022702991452991372,0.004273504273504286,1,GERMINATED
zm4_3,8,72,5.564458689458334e-05,0.0,0.000801282051282,0.00020369263285392145,0,0,0,0.5911569622507122,0.6632946047008547,0.0003655641850439982,0.00032541380691803313,0.5897435897435898,0.5913461538461539,0.6626602564102564,0.6634615384615384,0.13103187321937323,0.11126691595441596,0.0007311283700879977,0.0016855809913777818,0.1282051282051282,0.13141025641025642,0.10737179487179487,0.11217948717948718,0.0032051282051282215,0.004807692307692318,1.0250000000000001,1.0447761194029852,0.014580629577123968,0.014741535174227483,0.0009759204470742959,1.0708955223880599,0.9990552062329804,0.9852941176470588,0.00036684679993832775,0.0056678921568627,0,0,0.0,0,0.13027510683760685,0.13141025641025642,0.13141025641025642,0.10944177350427349,0.11217948717948718,0.11217948717948718,0.0011351495726495686,0.0027377136752136932,1,GERMINATED
zm4_3,9,72,0.00013163758819383892,0.0,0.0011331839442092,0.00031400281538794246,0,0,0,0.3180867165242165,0.6879451566951567,0.0003770716334156289,0.0006389200540601527,0.3173076923076923,0.3189102564102564,0.686698717948718,0.6891025641025641,0.11062143874643876,0.1441417378917379,0.0020684223923591455,0.0034193134561380906,0.10576923076923077,0.11378205128205128,0.13782051282051283,0.15064102564102563,0.008012820512820512,0.012820512820512803,1.0757575757575757,1.0930232558139534,0.015951733599970777,0.017140244904667982,0.002563075279421432,1.175828047921071,0.9977690783848454,0.9740975935828876,0.0008663869976300987,0.0098024118097252,0,0,0.0,0,0.10864049145299144,0.11057692307692307,0.11264690170940171,0.140491452991453,0.14396367521367523,0.14797008547008547,0.00400641025641027,0.00747863247863248,1,GERMINATED
zm4_3,10,72,0.00029666192852442785,0.0,0.0011331839442092,0.0004130331110165821,0,0,0,0.4814480947293447,0.7715233262108262,0.0011305030137572492,0.002158780497100907,0.4807692307692308,0.484775641025641,0.7684294871794872,0.7780448717948718,0.1126914173789174,0.13853276353276353,0.0015986952250583643,0.007396570187166531,0.11057692307692307,0.11698717948717949,0.1282051282051282,0.15865384615384615,0.006410256410256415,0.03044871794871795,1.0579710144927537,1.2375,0.01562278848436701,0.01856046597633136,0.004383937376725841,1.3092391304347828,0.9952486955108952,0.9747119078104992,0.0018557868247275195,0.0095874018300612,1,14,0.19444444444444445,1,0.11151175213675213,0.11217948717948718,0.11438301282051282,0.13361378205128205,0.13514957264957264,0.1468349358974359,0.0028712606837606874,0.013221153846153855,1,GERMINATED
zm4_4,1,72,0.00018267242657554446,0.0,0.0011331839442092,0.00034384097232550753,0,0,0,0.41745681980056987,0.27263621794871795,0.001422717942363657,0.0025852645142369186,0.41426282051282054,0.41907051282051283,0.2676282051282051,0.2764423076923077,0.11375979344729346,0.13100961538461536,0.0028454358847273234,0.0051705290284738085,0.10737179487179487,0.11698717948717949,0.1233974358974359,0.14102564102564102,0.009615384615384623,0.01762820512820512,1.0895522388059702,1.1428571428571428,0.014917457675871139,0.01649819197896121,0.003248787804076265,1.2452025586353943,0.9969764091262792,0.973236889692586,0.0011769938830763597,0.0101036581713309,1,29,0.4027777777777778,1,0.11037660256410257,0.11424946581196582,0.11665331196581197,0.12526709401709402,0.13067574786324784,0.13708600427350429,0.006276709401709393,0.01181891025641027,1,GERMINATED
zm4_4,2,72,0.0018480194490304931,0.0009672329977456001,0.0222202317690096,0.0032148806522520994,0,0,0,0.22312366452991453,0.44482282763532766,0.01209536185355635,0.016658245917654642,0.20833333333333334,0.23798076923076922,0.4126602564102564,0.47596153846153844,0.1346821581196581,0.1725872507122507,0.00832047164856099,0.04535618096572552,0.1233974358974359,0.15705128205128205,0.1346153846153846,0.27724358974358976,0.033653846153846145,0.14262820512820515,1.2727272727272727,2.0595238095238098,0.02360204389701585,0.043541461209730445,0.02693026791584484,2.621212121212121,0.9735446130250713,0.6679283090281644,0.010460598083094788,0.1306682424899987,1,55,0.7638888888888888,1,0.12740384615384615,0.132678952991453,0.14396367521367523,0.13648504273504272,0.15017361111111113,0.2311030982905983,0.016559829059829084,0.09461805555555558,1,GERMINATED
zm4_4,3,72,0.00021875950687201112,0.0,0.0011331839442092,0.0003851325960802326,0,0,0,0.46633502492877493,0.43965900997151,0.0009583154632105691,0.0012502089271709013,0.46474358974358976,0.46794871794871795,0.4375,0.4423076923076923,0.11491720085470088,0.14378561253561253,0.003361964710249493,0.0021404585612840696,0.10897435897435898,0.12179487179487179,0.13782051282051283,0.14583333333333334,0.012820512820512817,0.0064102564102563875,1.1176470588235294,1.0465116279069766,0.016525193871447876,0.017566568047337278,0.0025476660092044693,1.1696306429548562,0.9962445085933881,0.9755504935459376,0.0014566156717809432,0.0092938968226577,1,4,0.05555555555555555,1,0.11104433760683759,0.11518429487179487,0.11852297008547008,0.14276175213675216,0.1451655982905983,0.14342948717948717,0.007478632478632494,0.0006677350427350126,1,GERMINATED
zm4_4,4,72,0.0005597546337633334,0.0,0.0050677526605262,0.0008225000570081294,0,0,0,0.6863759793447293,0.5033275462962963,0.0055219059376063395,0.0064775939845775204,0.6810897435897436,0.7027243589743589,0.484775641025641,0.5080128205128205,0.15404647435897437,0.13018607549857547,0.011739799942255437,0.013730017388834467,0.14102564102564102,0.1875,0.11378205128205128,0.16826923076923078,0.046474358974358976,0.0544871794871795,1.3295454545454546,1.4788732394366197,0.020212860519851703,0.03155048076923077,0.015504294049967126,1.9662291933418694,0.9901431648328677,0.9131818181818182,0.003813732820442478,0.0336804028657056,1,48,0.6666666666666666,1,0.1433627136752137,0.15177617521367523,0.1670005341880342,0.11965811965811966,0.125,0.14590010683760682,0.023637820512820512,0.026241987179487156,1,GERMINATED
zm4_4,5,72,0.0004982716683888029,0.0,0.0017917211358171,0.000662091594054345,0,0,0,0.34041132478632474,0.5850137998575499,0.0074043356173232435,0.00040418046201332806,0.31650641025641024,0.3453525641025641,0.5841346153846154,0.5857371794871795,0.14164886039886038,0.1163417022792023,0.015609710074033561,0.002732460853769319,0.1266025641025641,0.1907051282051282,0.11217948717948718,0.125,0.0641025641025641,0.01121794871794872,1.5063291139240507,1.0985915492957747,0.016520628161753963,0.023838141025641024,0.009433041584483891,1.6548404350151542,0.9926868559898347,0.9675080906148869,0.0028834769880105612,0.0125367870230707,1,33,0.4583333333333333,1,0.13154380341880342,0.13521634615384615,0.15818643162393162,0.11424946581196582,0.11538461538461538,0.11939102564102565,0.026642628205128194,0.005141559829059825,1,GERMINATED
zm4_4,6,72,7.790242165241666e-05,0.0,0.000801282051282,0.00023738792075877124,0,0,0,0.27873486467236464,0.6834713319088319,0.0004684732278278377,0.0006400820799745526,0.2764423076923077,0.2796474358974359,0.6826923076923077,0.6842948717948718,0.1023415242165242,0.12010327635327636,0.0009369464556556806,0.001435587205893618,0.09775641025641026,0.10416666666666667,0.11698717948717949,0.12179487179487179,0.006410256410256415,0.0048076923076923045,1.0655737704918034,1.0410958904109588,0.012292281610691066,0.012686965811965812,0.0012507190992767907,1.1093644733887267,0.9985692165958417,0.9838709677419356,0.000551410765529411,0.0061659946236559,1,24,0.3333333333333333,1,0.10176282051282053,0.10256410256410257,0.10269764957264958,0.11838942307692306,0.12012553418803418,0.12179487179487179,0.0009348290598290565,0.0034054487179487336,1,GERMINATED
zm4_4,7,72,0.0001918919236013,0.0,0.0011331839442092,0.0003641539823058337,0,0,0,0.6082398504273504,0.7059183582621084,0.0017141423147694539,0.0011526356784956576,0.6025641025641025,0.6097756410256411,0.7043269230769231,0.7075320512820513,0.10955306267806268,0.1370414886039886,0.005730430744557471,0.003367853858113728,0.10096153846153846,0.125,0.1330128205128205,0.14262820512820512,0.024038461538461536,0.006410256410256415,1.2380952380952381,1.0481927710843373,0.015030887026079335,0.017427884615384616,0.003998705621301776,1.29776247848537,0.9957914848390271,0.9701492537313432,0.0015977100566813692,0.0104477611940298,1,16,0.2222222222222222,1,0.10349893162393163,0.10897435897435898,0.11618589743589743,0.13361378205128205,0.1362847222222222,0.14122596153846154,0.012686965811965795,0.007612179487179488,1,GERMINATED
zm4_4,8,72,0.0006506281243312889,0.0,0.0025338763302631,0.0008784161188089379,0,0,0,0.46974047364672367,0.7830083689458688,0.009319144367954856,0.0012066538611493725,0.4407051282051282,0.47435897435897434,0.78125,0.7844551282051282,0.16651086182336183,0.10959757834757836,0.02748235165939867,0.002352180344306073,0.14423076923076922,0.2403846153846154,0.10416666666666667,0.11698717948717949,0.09615384615384617,0.012820512820512817,1.666666666666667,1.123076923076923,0.018289269954434216,0.028121918145956607,0.013097879684418147,1.871794871794872,0.9905989920665621,0.9607914987174788,0.0037132610575185926,0.0153699950635534,1,37,0.5138888888888888,1,0.1450320512820513,0.156116452991453,0.1983840811965812,0.10697115384615384,0.11037660256410257,0.11144497863247864,0.05335202991452992,0.004473824786324798,1,GERMINATED
zm4_5,1,72,9.36410875442111e-05,0.0,0.0011331839442092,0.00026737232922813,0,0,0,0.5525284900284901,0.23449741809116809,0.0008328119183524591,0.0005199717942585304,0.5512820512820513,0.5536858974358975,0.23317307692307693,0.23477564102564102,0.1334579772079772,0.11936876780626779,0.002407141352314059,0.0016891042441154014,0.1282051282051282,0.1362179487179487,0.11378205128205128,0.1201923076923077,0.008012820512820512,0.006410256410256415,1.0625,1.0563380281690142,0.01593421982294178,0.016372349605522682,0.0017849071334648265,1.1223591549295775,0.9984093329382056,0.9744561634805536,0.0006176001785317874,0.0096769123455421,0,0,0.0,0,0.13074252136752137,0.13394764957264957,0.13568376068376067,0.11772168803418803,0.1201923076923077,0.1201923076923077,0.004941239316239299,0.0024706196581196632,0,NON-GERMINATED
zm4_5,2,72,0.00010016025641025001,0.0,0.000801282051282,0.00026499912971398475,0,0,0,0.3211026531339032,0.3223602207977208,0.0008756555814632386,0.00036910443268734237,0.32051282051282054,0.32371794871794873,0.32211538461538464,0.3229166666666667,0.1198139245014245,0.1300747863247863,0.0029920855505320976,0.001888639907015356,0.11217948717948718,0.12179487179487179,0.1266025641025641,0.13141025641025642,0.009615384615384609,0.004807692307692318,1.0857142857142856,1.0379746835443038,0.015590293472404851,0.01600509533201841,0.001802884615384616,1.1269439421338157,0.9983511448803419,0.9859154929577464,0.0006422034585469931,0.005450410798122,0,0,0.0,0,0.11605235042735045,0.12159455128205128,0.12179487179487179,0.12767094017094016,0.1311431623931624,0.13141025641025642,0.005742521367521347,0.003739316239316254,1,GERMINATED
zm4_5,3,72,0.00011589892230204445,0.0,0.0011331839442092,0.0002909619545824082,0,0,0,0.6919849537037037,0.3732638888888889,0.0013331959953008239,0.00032712202761527395,0.6899038461538461,0.6955128205128205,0.37259615384615385,0.37419871794871795,0.11549590455840456,0.13906695156695154,0.001587500178154542,0.0019485459961039232,0.11217948717948718,0.11698717948717949,0.1362179487179487,0.14262820512820512,0.0048076923076923045,0.006410256410256415,1.042857142857143,1.0470588235294118,0.016063522148257722,0.016685671433267588,0.0014048118014464185,1.0919327731092439,0.9980165814652197,0.9752193319993844,0.0007695307866694306,0.0094098033639514,1,14,0.19444444444444445,1,0.11378205128205128,0.11658653846153845,0.11611912393162394,0.1372195512820513,0.13868856837606838,0.14129273504273504,0.002337072649572655,0.004073183760683746,1,GERMINATED
zm4_5,4,72,0.00015580484330483333,0.0,0.000801282051282,0.0003171253305015603,0,0,0,0.47695201210826216,0.45624109686609693,0.0004905568207027719,0.0006617730033528512,0.47676282051282054,0.4791666666666667,0.4551282051282051,0.45753205128205127,0.11665331196581197,0.1426727207977208,0.000841981851824152,0.006607391111719365,0.11378205128205128,0.11698717948717949,0.1330128205128205,0.15384615384615385,0.0016025641025640969,0.020833333333333343,1.0138888888888888,1.1566265060240966,0.016646327856764554,0.01799802761341223,0.0026503944773175556,1.172690763052209,0.9974159110313237,0.978494623655914,0.001005704287184832,0.0075268817204301,1,24,0.3333333333333333,1,0.11598557692307691,0.11698717948717947,0.11698717948717947,0.13514957264957264,0.1424946581196581,0.15037393162393162,0.0010016025641025605,0.015224358974358976,1,GERMINATED
zm4_5,5,72,0.000133547008547,0.0,0.000801282051282,0.0002986201893028377,0,0,0,0.30378605769230765,0.5433137464387463,0.0002649991297140011,0.001443845685561503,0.3036858974358974,0.30448717948717946,0.5400641025641025,0.5464743589743589,0.1002270299145299,0.13145477207977205,0.0014367945239950612,0.002985870074382837,0.09615384615384616,0.10096153846153846,0.1233974358974359,0.13782051282051283,0.0048076923076923045,0.014423076923076927,1.05,1.1168831168831168,0.01317860000502228,0.013914571005917161,0.002049432938856016,1.1727272727272726,0.9978019361122062,0.9836065573770492,0.0008561279162833805,0.0062585382513661,1,12,0.16666666666666666,1,0.09875801282051282,0.10096153846153848,0.10096153846153848,0.12860576923076922,0.13141025641025642,0.1343482905982906,0.002203525641025661,0.005742521367521375,1,GERMINATED
zm4_5,6,72,6.025433540746111e-05,0.0,0.0011331839442092,0.0002233244848648813,0,0,0,0.7520365918803419,0.6258569266381766,0.0006801398500087907,0.0002036926328539337,0.7516025641025641,0.7540064102564102,0.625801282051282,0.6266025641025641,0.14892717236467234,0.11349269943019946,0.002741149721076912,0.0008156820780719698,0.14102564102564102,0.15064102564102563,0.11057692307692307,0.11378205128205128,0.009615384615384609,0.0032051282051282076,1.0681818181818181,1.028985507246377,0.016903862419186937,0.017140244904667982,0.001546063445101907,1.0991436100131753,0.9986987327424727,0.9747619047619048,0.0004946088581494041,0.0095699028970693,0,0,0.0,0,0.14556623931623933,0.15057425213675213,0.15064102564102563,0.11291399572649573,0.11378205128205128,0.11378205128205128,0.005074786324786307,0.0008680555555555525,0,NON-GERMINATED
zm4_5,7,72,0.00012702783968096112,0.0,0.0011331839442092,0.00030145107214456045,0,0,0,0.3225827991452992,0.7000868055555556,0.0006508276138360665,0.001637993666137297,0.3213141025641026,0.32371794871794873,0.6979166666666666,0.7035256410256411,0.12838319088319086,0.0931045227920228,0.0026109113779585478,0.0038995701087231036,0.1233974358974359,0.13141025641025642,0.08333333333333333,0.09775641025641026,0.008012820512820512,0.014423076923076927,1.0649350649350648,1.1730769230769231,0.011962908459803492,0.012846194937541092,0.0025630752794214336,1.2492507492507492,0.9969482319873654,0.9512820512820512,0.0011506869002147696,0.0175721153846154,0,0,0.0,0,0.1250667735042735,0.12927350427350426,0.1308092948717949,0.08847489316239317,0.0940838675213675,0.09675480769230771,0.005742521367521403,0.008279914529914542,0,NON-GERMINATED
zm4_5,8,72,0.00015389542295167222,0.0,0.0011331839442092,0.0003317788796524331,0,0,0,0.5477764423076924,0.7318264779202277,0.0005887817871444089,0.0022219685522511462,0.5456730769230769,0.5480769230769231,0.7259615384615384,0.7331730769230769,0.11380430911680912,0.12577902421652423,0.0025825803171916246,0.001387682732440019,0.10576923076923077,0.11538461538461539,0.12179487179487179,0.1266025641025641,0.009615384615384623,0.0048076923076923045,1.090909090909091,1.0394736842105263,0.01431756622561911,0.014607988165680473,0.001725838264299803,1.1339712918660287,0.9972049668947793,0.972498090145149,0.0010782936117457915,0.0103622380129338,0,0,0.0,0,0.11064369658119659,0.11538461538461538,0.11538461538461538,0.12413194444444446,0.1266025641025641,0.1266025641025641,0.004740918803418787,0.0024706196581196355,0,NON-GERMINATED
zm4_6,1,72,0.00040705674882634304,0.0,0.0025338763302631,0.0005459026415242205,0,0,0,0.3907251602564103,0.3062232905982907,0.0011675820279143728,0.004148564254008834,0.3894230769230769,0.39342948717948717,0.29246794871794873,0.31009615384615385,0.11220174501424503,0.1425836894586895,0.001953497513704285,0.013322536646829173,0.10897435897435898,0.11698717948717949,0.1282051282051282,0.18108974358974358,0.008012820512820512,0.05288461538461539,1.0735294117647058,1.4125,0.016021610360051865,0.021185178336620644,0.007214106673241289,1.516360294117647,0.9932162235595138,0.9559240362811792,0.0026389086409072874,0.0170736069162583,1,29,0.4027777777777778,1,0.11024305555555554,0.11204594017094018,0.11431623931623931,0.132411858974359,0.13735309829059827,0.15798611111111113,0.004073183760683774,0.02557425213675213,1,GERMINATED
zm4_6,2,72,0.0003680451813108069,0.0,0.0016025641025641,0.00045100333796891864,0,0,0,0.6681356837606837,0.36450543091168086,0.002190333796321696,0.0011344401552572756,0.6658653846153846,0.6730769230769231,0.3629807692307692,0.36698717948717946,0.10514601139601139,0.12034811253561256,0.0035889680147340414,0.008013531495443416,0.09935897435897435,0.11538461538461539,0.10897435897435898,0.14262820512820512,0.014423076923076927,0.033653846153846145,1.1428571428571428,1.3088235294117647,0.012681472692490321,0.016457100591715977,0.005454881656804734,1.495798319327731,0.9920085204056327,0.96,0.0030362472258806126,0.0145208333333333,1,24,0.3333333333333333,1,0.10149572649572651,0.1046340811965812,0.10930822649572651,0.11338141025641026,0.11745459401709402,0.13020833333333334,0.0078125,0.016826923076923087,1,GERMINATED
zm4_6,3,72,0.0005810378153769167,0.0,0.0025338763302631,0.0008020656139955055,0,0,0,0.4811810007122506,0.4421630163817663,0.0019762839148042832,0.003269383485202717,0.4775641025641026,0.4855769230769231,0.4286858974358974,0.4479166666666667,0.1096198361823362,0.15057425213675216,0.006210494312627337,0.011753464559313311,0.09775641025641026,0.1266025641025641,0.13942307692307693,0.1971153846153846,0.02884615384615384,0.05769230769230768,1.2950819672131146,1.4137931034482758,0.016568496774326105,0.024955313116370805,0.011325813609467451,1.8309779536461273,0.9896215531030434,0.9013247282608696,0.00401013099392972,0.0361833647233666,1,30,0.4166666666666667,1,0.10436698717948718,0.1078392094017094,0.11665331196581197,0.14610042735042736,0.14590010683760682,0.15972222222222224,0.012286324786324784,0.013621794871794879,1,GERMINATED
zm4_6,4,72,0.00010937975343600556,0.0,0.0011331839442092,0.0002934748519779355,0,0,0,0.28875089031339024,0.48378516737891747,0.0004871364990260028,0.0007374534925671856,0.28846153846153844,0.2900641025641026,0.4823717948717949,0.4855769230769231,0.10510149572649571,0.14327368233618232,0.0013016552276721369,0.003374907270665349,0.09775641025641026,0.10576923076923077,0.1362179487179487,0.14743589743589744,0.008012820512820512,0.009615384615384609,1.0819672131147542,1.069767441860465,0.015061776905727227,0.015594181459566075,0.0021213428665351735,1.157453297750667,0.9976874801603748,0.9425558989274676,0.0008804787836022681,0.0208420049391222,1,2,0.027777777777777776,1,0.10376602564102565,0.10576923076923077,0.10576923076923077,0.1390224358974359,0.14469818376068377,0.14610042735042736,0.002003205128205121,0.007077991452991456,1,GERMINATED
zm4_6,5,72,6.677350427350138e-05,0.0,0.0016025641025641,0.0002586126700191837,0,0,0,0.8162615740740742,0.5908898682336182,0.0005447488537446746,0.0005312819739262804,0.8157051282051282,0.8181089743589743,0.5905448717948718,0.5921474358974359,0.11912393162393162,0.1259125712250712,0.0011331839442092117,0.0010625639478525617,0.11698717948717949,0.1201923076923077,0.1233974358974359,0.1266025641025641,0.0032051282051282076,0.0032051282051281937,1.0273972602739727,1.025974025974026,0.015000175494466361,0.015216654339250494,0.0007807363576594339,1.054082903397972,0.9988978803535766,0.972972972972973,0.0004291446540259792,0.0105011261261261,0,0,0.0,0,0.11792200854700853,0.11925747863247864,0.1201923076923077,0.12453258547008546,0.1266025641025641,0.1266025641025641,0.002270299145299165,0.002069978632478639,1,GERMINATED
zm4_6,6,72,0.00010477000492312778,0.0,0.0011331839442092,0.00027963773623685393,0,0,0,0.6734775641025643,0.6136707621082621,0.0005506284222245782,0.0005224668177664468,0.6730769230769231,0.6754807692307693,0.6129807692307693,0.6145833333333334,0.10447827635327633,0.1268696581196581,0.0018627560499383609,0.0020860709604451485,0.10096153846153846,0.10737179487179487,0.1233974358974359,0.12980769230769232,0.006410256410256401,0.006410256410256415,1.0634920634920635,1.051948051948052,0.013258820951128644,0.013937684911242604,0.001479289940828403,1.1187384044526902,0.9980211575071449,0.972913211719182,0.0007606953756992945,0.0102169454620223,0,0,0.0,0,0.10223023504273505,0.10510149572649573,0.10610309829059827,0.12426549145299144,0.12780448717948717,0.12853899572649571,0.0038728632478632202,0.004273504273504272,1,GERMINATED
zm4_6,7,72,0.00010016025641025001,0.0,0.000801282051282,0.00026499912971398475,0,0,0,0.47750845797720803,0.6652978098290597,0.0006310204105384096,0.0004516476114606243,0.47596153846153844,0.47836538461538464,0.6650641025641025,0.6666666666666666,0.14278400997150997,0.10209668803418802,0.0033054945461763498,0.0009032952229212513,0.1362179487179487,0.14743589743589744,0.09935897435897435,0.10256410256410256,0.011217948717948734,0.0032051282051282076,1.0823529411764707,1.032258064516129,0.014580308550661114,0.015121630506245891,0.001587154832347143,1.1172675521821633,0.9984695909102688,0.984126984126984,0.0006007473480726139,0.0060763888888889,0,0,0.0,0,0.13855502136752137,0.1439636752136752,0.14583333333333334,0.10116185897435899,0.10256410256410257,0.10256410256410257,0.007278311965811968,0.0014022435897435848,1,GERMINATED
zm4_6,8,72,0.0002390347741343722,0.0,0.0017917211358171,0.0004388047693912161,0,0,0,0.26285389957264954,0.6664440883190883,0.001029590274112529,0.0007697478839828397,0.26121794871794873,0.2668269230769231,0.6650641025641025,0.6682692307692307,0.09194711538461539,0.1334134615384615,0.0028195502578415325,0.0042210151253416405,0.08814102564102565,0.09775641025641026,0.1233974358974359,0.14262820512820512,0.009615384615384609,0.019230769230769218,1.109090909090909,1.1558441558441557,0.012278049437504567,0.013942821334648256,0.003066444773175539,1.2819362455726089,0.9946585767103807,0.9521410579345088,0.0020248707545540293,0.017915248461203,1,26,0.3611111111111111,1,0.08847489316239317,0.09268162393162394,0.09468482905982906,0.1283386752136752,0.1346153846153846,0.13728632478632477,0.006209935897435889,0.008947649572649569,1,GERMINATED
zm4_7,1,72,0.00014928567443879721,0.0,0.0024038461538461,0.00041700914356611443,0,0,0,0.5786591880341881,0.20578481125356127,0.0009993743020229884,0.0005558891445754152,0.5753205128205128,0.5793269230769231,0.20432692307692307,0.20673076923076922,0.12197293447293449,0.13370281339031337,0.002211492583399971,0.002167026266949006,0.11378205128205128,0.1233974358974359,0.12980769230769232,0.1362179487179487,0.009615384615384623,0.0064102564102563875,1.0845070422535212,1.0493827160493825,0.016312281987362117,0.016808945595003285,0.0020391600920447034,1.1380629455746825,0.9975089725813872,0.958904109589041,0.0009688952848997125,0.0159460616438356,0,0,0.0,0,0.11959134615384615,0.12293002136752136,0.1233974358974359,0.13107638888888892,0.13414797008547008,0.1358840811965812,0.003806089743589758,0.004807692307692291,1,GERMINATED
zm4_7,2,72,0.00017615325770950556,0.0,0.0011331839442092,0.00034722594874098703,0,0,0,0.22240028490028488,0.2519253027065527,0.0011786148766803606,0.0004751669791713214,0.22115384615384615,0.22516025641025642,0.2516025641025641,0.2532051282051282,0.1034989316239316,0.14532140313390307,0.0019763152493254225,0.003850476752951575,0.09775641025641026,0.10576923076923077,0.13942307692307693,0.15705128205128205,0.006410256410256415,0.01762820512820512,1.0655737704918034,1.1264367816091954,0.015044619824768062,0.016359508547008548,0.0027300090401051937,1.2003014885999623,0.9966553735897303,0.96484375,0.0012851188611055571,0.0128255208333333,1,19,0.2638888888888889,1,0.1013621794871795,0.10389957264957266,0.10523504273504274,0.14282852564102563,0.14423076923076922,0.14890491452991453,0.003872863247863234,0.006076388888888895,1,GERMINATED
zm4_7,3,72,0.00010614003725950833,0.0,0.0033037705333474,0.00044026643370448723,0,0,0,0.42771768162393164,0.32503116096866097,0.0004209909259120748,0.00048713649902597933,0.42628205128205127,0.42948717948717946,0.32371794871794873,0.32532051282051283,0.12457710113960113,0.1080840455840456,0.000800972855032342,0.001622228201414586,0.12179487179487179,0.125,0.10256410256410256,0.10897435897435898,0.0032051282051282076,0.0048076923076923045,1.0263157894736843,1.0461538461538462,0.013465954358883049,0.013621794871794872,0.00093482905982906,1.0736842105263158,0.9978988307195843,0.9344909234411996,0.0008044002723641528,0.0250756276422559,0,0,0.0,0,0.12373130341880341,0.125,0.125,0.1063034188034188,0.10897435897435898,0.10897435897435898,0.0012686965811965906,0.0026709401709401753,0,NON-GERMINATED
zm4_7,4,72,0.00014730310694332222,0.0,0.0017917211358171,0.0003725788857564594,0,0,0,0.593071136039886,0.38529424857549854,0.00056121090113617,0.00056121090113617,0.5913461538461539,0.59375,0.38301282051282054,0.38621794871794873,0.09021100427350427,0.1414930555555555,0.0015899947782840077,0.003947551082761071,0.08333333333333333,0.09455128205128205,0.1330128205128205,0.15384615384615385,0.01121794871794872,0.020833333333333343,1.1346153846153846,1.1566265060240966,0.012769683630561033,0.014546351084812623,0.003461949375410915,1.3123262279888788,0.9962686887838836,0.9625706214689266,0.0014017059451539,0.0142649012241568,1,24,0.3333333333333333,1,0.08887553418803418,0.08994391025641024,0.0918135683760684,0.13701923076923075,0.1420940170940171,0.1453659188034188,0.0029380341880342192,0.008346688034188032,1,GERMINATED
zm4_7,5,72,0.00011128917378916668,0.0,0.000801282051282,0.00027710780800364914,0,0,0,0.21340811965811962,0.42368901353276356,0.0006263909935661646,0.0007728790747426809,0.21314102564102563,0.2155448717948718,0.4230769230769231,0.42628205128205127,0.1469017094017094,0.08874198717948717,0.0012527819871323304,0.002177062017481451,0.14262820512820512,0.14743589743589744,0.08333333333333333,0.09134615384615384,0.004807692307692318,0.008012820512820512,1.0337078651685394,1.0961538461538463,0.01303831144075535,0.013467702169625246,0.0015820184089414858,1.1331028522039759,0.9977642223876464,0.981132075471698,0.0008548601272866959,0.0071246069182389,0,0,0.0,0,0.14583333333333334,0.14743589743589744,0.14743589743589744,0.086071047008547,0.08934294871794872,0.09081196581196581,0.0016025641025640969,0.004740918803418814,0,NON-GERMINATED
zm4_7,6,72,0.00014467592592591803,0.0,0.0024038461538461,0.00038535634110532503,0,0,0,0.4301103988603988,0.5170383725071227,0.0014272809421190893,0.00035315686548749946,0.4270833333333333,0.4326923076923077,0.5168269230769231,0.5176282051282052,0.1325231481481481,0.09390580484330485,0.003122132433244118,0.0016820503587882023,0.12179487179487179,0.13782051282051283,0.09134615384615384,0.09615384615384616,0.016025641025641038,0.004807692307692318,1.1315789473684212,1.0526315789473686,0.012449406229454306,0.013251972386587773,0.0021264792899408306,1.1911357340720223,0.9975941909644139,0.9620253164556962,0.0009360725143069681,0.0148536392405063,0,0,0.0,0,0.12893963675213674,0.1328792735042735,0.13575053418803418,0.09174679487179488,0.09455128205128205,0.09541933760683759,0.0068108974358974395,0.003672542735042708,1,GERMINATED
zm4_7,7,72,8.903133903133333e-05,0.0,0.000801282051282,0.0002518186542686973,0,0,0,0.7421318554131056,0.5326077279202279,0.0008991035751395477,0.0005765595551544062,0.7403846153846154,0.7427884615384616,0.53125,0.5336538461538461,0.09964832621082621,0.13906695156695154,0.0017982071502791036,0.0020380205025391017,0.09615384615384616,0.10096153846153846,0.1330128205128205,0.14102564102564102,0.0048076923076923045,0.008012820512820512,1.05,1.0602409638554218,0.013861137934655564,0.014238165680473373,0.001448471400394476,1.1132530120481927,0.9985201284061793,0.9836065573770492,0.0005758254282076083,0.0062585382513661,0,0,0.0,0,0.09735576923076923,0.10062767094017096,0.10096153846153848,0.13668536324786326,0.13948985042735043,0.14102564102564102,0.0036057692307692457,0.004340277777777762,1,GERMINATED
zm4_7,8,72,0.00024575723969792913,0.0,0.0048740084377389,0.0006420480290992098,0,0,0,0.2063189992877493,0.5843683226495728,0.0005971366820377628,0.0006325886525606424,0.20512820512820512,0.20993589743589744,0.5825320512820513,0.5857371794871795,0.11095530626780628,0.13606214387464383,0.0030276382848030674,0.004299796608602322,0.10256410256410256,0.11538461538461539,0.125,0.14423076923076922,0.01282051282051283,0.0144230769230769,1.125,1.111111111111111,0.015108682438910805,0.016642011834319525,0.0033284023668639032,1.2499999999999998,0.9951640465951876,0.8799126637554585,0.0018523258974880103,0.0451986731701198,1,10,0.1388888888888889,1,0.10750534188034187,0.1109775641025641,0.11438301282051282,0.13107638888888887,0.13701923076923075,0.14009081196581197,0.0068776709401709435,0.0090144230769231,1,GERMINATED
zm4_7,9,72,7.138325278637777e-05,0.0,0.0011331839442092,0.00023942899457484636,0,0,0,0.4008190883190883,0.6974158653846154,0.0003331247673409838,0.0003879190050287861,0.40064102564102566,0.4014423076923077,0.6971153846153846,0.6979166666666666,0.10078347578347577,0.13735309829059827,0.001762730579880995,0.0030269836956846,0.09775641025641026,0.10256410256410256,0.13141025641025642,0.14102564102564102,0.0048076923076923045,0.009615384615384609,1.0491803278688525,1.073170731707317,0.013847726162429689,0.014464168310322156,0.0016179733727810647,1.1259496201519392,0.9983678427994265,0.9726836471022516,0.0006176541345118319,0.0102972930779478,0,0,0.0,0,0.09882478632478632,0.10096153846153848,0.10256410256410257,0.1340144230769231,0.1372863247863248,0.140758547008547,0.003739316239316254,0.006744123931623908,1,GERMINATED
zm4_7,10,72,8.903133903133333e-05,0.0,0.000801282051282,0.0002518186542686973,0,0,0,0.5610532407407408,0.7118166844729346,0.0008083609240266555,0.0005691002348444416,0.5592948717948718,0.561698717948718,0.7107371794871795,0.7131410256410257,0.10608084045584043,0.08745103276353278,0.001616721848053314,0.0027346356587992344,0.10256410256410256,0.10737179487179487,0.08173076923076923,0.08974358974358974,0.0048076923076923045,0.008012820512820512,1.046875,1.0980392156862746,0.009281124728340273,0.009635930309007232,0.0012532873109796193,1.1495098039215688,0.998081698930736,0.9807692307692308,0.0007292757446127709,0.0072516025641025,0,0,0.0,0,0.10409989316239317,0.10677083333333333,0.10737179487179487,0.08393429487179487,0.08867521367521368,0.08974358974358974,0.0032719017094016978,0.005809294871794879,0,NON-GERMINATED
zm4_8,1,72,0.0001316375881938389,0.0,0.0011331839442092,0.0003140028153879424,0,0,0,0.4683271011396012,0.22153222934472935,0.001179245208239811,0.00042172576837376145,0.46634615384615385,0.4703525641025641,0.2203525641025641,0.2219551282051282,0.11262464387464388,0.13710826210826207,0.002222219368651833,0.002656060165629685,0.10897435897435898,0.11698717948717949,0.12980769230769232,0.13942307692307693,0.008012820512820512,0.009615384615384609,1.0735294117647058,1.074074074074074,0.015446009912155747,0.01631071252465483,0.0021650024654832328,1.1530501089324616,0.997331555672074,0.9722222222222222,0.001019519947100068,0.0097222222222222,0,0,0.0,0,0.11010950854700856,0.11271367521367522,0.11505074786324787,0.13421474358974358,0.13862179487179488,0.13848824786324787,0.0049412393162393126,0.004273504273504286,1,GERMINATED
zm4_8,2,72,8.903133903133334e-05,0.0,0.000801282051282,0.0002518186542686973,0,0,0,0.6745793269230771,0.2872707443019943,0.0002649991297140001,0.0007190865375333886,0.6738782051282052,0.6746794871794872,0.28525641025641024,0.2876602564102564,0.10779469373219373,0.1258235398860399,0.002281943734716852,0.0014381730750667788,0.10096153846153846,0.10897435897435898,0.12179487179487179,0.1266025641025641,0.008012820512820512,0.0048076923076923045,1.0793650793650793,1.0394736842105263,0.013566292963328222,0.013796433267587112,0.0014998356344510175,1.121971595655806,0.998413081393347,0.984375,0.0006132918826989681,0.0059895833333333,0,0,0.0,0,0.10543536324786325,0.10897435897435898,0.10897435897435898,0.12426549145299144,0.1266025641025641,0.1266025641025641,0.003538995726495728,0.002337072649572655,0,NON-GERMINATED
zm4_8,3,72,0.00013624733670671667,0.0,0.0011331839442092,0.00032600657613505264,0,0,0,0.2952056623931624,0.32083555911680917,0.0008629038450400663,0.0007023572527372587,0.29246794871794873,0.2956730769230769,0.31971153846153844,0.3229166666666667,0.11792200854700857,0.1186565170940171,0.002873589047990118,0.0036567258467128895,0.11057692307692307,0.1201923076923077,0.11057692307692307,0.1233974358974359,0.009615384615384623,0.01282051282051283,1.0869565217391306,1.1159420289855073,0.014001925873420263,0.01483142258382643,0.002604166666666668,1.212980466288595,0.9973450176955639,0.9716326530612244,0.0010178045754119529,0.0106651409923074,0,0,0.0,0,0.11451655982905984,0.11905715811965811,0.1201923076923077,0.11438301282051282,0.11899038461538462,0.12259615384615385,0.005675747863247857,0.008213141025641038,1,GERMINATED
zm4_8,4,72,0.00011589892230204445,0.0,0.0011331839442092,0.0002909619545824085,0,0,0,0.4442552528490028,0.4084646545584046,0.0005946425395028813,0.000432598640615579,0.44310897435897434,0.44551282051282054,0.40705128205128205,0.40865384615384615,0.14389690170940173,0.1081508190883191,0.002762034973283444,0.001869525627852004,0.1362179487179487,0.14743589743589744,0.10256410256410256,0.10897435897435898,0.011217948717948734,0.006410256410256415,1.0823529411764707,1.0625,0.015567072558258458,0.01606673241288626,0.0020956607495069054,1.1500000000000001,0.9980737965513542,0.9736570247933884,0.0007495055065223541,0.00995661088605,1,15,0.20833333333333334,1,0.1408253205128205,0.14463141025641027,0.14623397435897437,0.10650373931623931,0.10897435897435898,0.10897435897435898,0.005408653846153855,0.0024706196581196632,1,GERMINATED
zm4_8,5,72,7.138325278637777e-05,0.0,0.0011331839442092,0.00023942899457484663,0,0,0,0.7449252136752135,0.4373108084045585,0.0005172253400383813,0.0011370573425986189,0.7435897435897436,0.7451923076923077,0.43669871794871795,0.4407051282051282,0.12126068376068375,0.1285835113960114,0.0010344506800767659,0.0022741146851972473,0.11858974358974358,0.12179487179487179,0.12179487179487179,0.12980769230769232,0.0032051282051282076,0.008012820512820526,1.027027027027027,1.0657894736842106,0.015594395477207982,0.01580991124260355,0.0013662886259040129,1.0945945945945947,0.9987551149921221,0.974017094017094,0.00048210886706840414,0.009830586657753,0,0,0.0,0,0.1201923076923077,0.12179487179487179,0.12179487179487179,0.12613514957264957,0.12980769230769232,0.12980769230769232,0.0016025641025640969,0.0036725427350427498,0,NON-GERMINATED
zm4_8,6,72,8.251217016529444e-05,0.0,0.0011331839442092,0.00025402943873107617,0,0,0,0.2092013888888889,0.448283920940171,0.00022146265961240546,0.0008225617651412172,0.2091346153846154,0.20993589743589744,0.4463141025641026,0.44871794871794873,0.11324786324786326,0.13031962250712248,0.001280937906867713,0.002231895987163527,0.10897435897435898,0.11378205128205128,0.1233974358974359,0.13141025641025642,0.0048076923076923045,0.008012820512820512,1.0441176470588236,1.0649350649350648,0.014761153458068523,0.014952128533859304,0.0015049720578566728,1.1119174942704355,0.9985388340950726,0.9733928571428572,0.0005650409773319861,0.0100490695637359,0,0,0.0,0,0.11217948717948717,0.11378205128205128,0.11378205128205128,0.1281383547008547,0.13141025641025642,0.13141025641025642,0.0016025641025641107,0.0032719017094017255,0,NON-GERMINATED
zm4_8,7,72,0.0001270278396809625,0.0,0.0016025641025641,0.00032970828377364337,0,0,0,0.4561743233618233,0.5577145655270654,0.0011992409003760804,0.00018754784929612552,0.4511217948717949,0.45753205128205127,0.5568910256410257,0.5584935897435898,0.13029736467236466,0.12094907407407406,0.0023984818007521717,0.0016886642395290829,0.1201923076923077,0.1330128205128205,0.11538461538461539,0.12179487179487179,0.012820512820512817,0.006410256410256401,1.1066666666666667,1.0555555555555556,0.015763148387847908,0.016200279421433268,0.0023319362261669946,1.1681481481481482,0.9978600822921544,0.9739993157714676,0.0008315392935385777,0.0101325757575757,0,0,0.0,0,0.12767094017094016,0.13141025641025642,0.13181089743589744,0.11925747863247864,0.12179487179487179,0.12179487179487179,0.004139957264957278,0.0025373931623931534,1,GERMINATED
zm4_8,8,72,6.67735042735e-05,0.0,0.000801282051282,0.0002214626596123921,0,0,0,0.6801215277777778,0.6454104344729346,0.00032541380691803265,0.0007551280027460534,0.6794871794871795,0.6802884615384616,0.6434294871794872,0.6458333333333334,0.12617966524216526,0.1343482905982906,0.0008855709697328038,0.0005972403786057114,0.12179487179487179,0.1266025641025641,0.1330128205128205,0.1346153846153846,0.0048076923076923045,0.0016025641025640969,1.0394736842105263,1.0120481927710843,0.016952301745470813,0.01704265285996055,0.0008423734385272809,1.0519974635383638,0.998969721675418,0.987012987012987,0.0004040001913815139,0.0050662878787878,0,0,0.0,0,0.12533386752136752,0.1266025641025641,0.1266025641025641,0.13381410256410256,0.1346153846153846,0.1346153846153846,0.0012686965811965767,0.0008012820512820484,0,NON-GERMINATED
zm4_8,9,72,0.00011128917378916668,0.0,0.000801282051282,0.0002771078080036491,0,0,0,0.26945334757834755,0.6517761752136751,0.0007697478839828395,0.0005299982594280002,0.2676282051282051,0.27003205128205127,0.6514423076923077,0.6530448717948718,0.14200498575498574,0.1187232905982906,0.0017423776523131096,0.0021325747092242682,0.1362179487179487,0.14423076923076922,0.11378205128205128,0.1201923076923077,0.006410256410256415,0.006410256410256415,1.0470588235294118,1.0563380281690142,0.01686245000547885,0.01733542899408284,0.001643655489809338,1.1060480530240266,0.9983003008421518,0.9861111111111112,0.0006672326682098139,0.0053819444444444,0,0,0.0,0,0.14029113247863248,0.14309561965811965,0.14262820512820512,0.11605235042735042,0.11992521367521368,0.1201923076923077,0.0023370726495726413,0.004139957264957278,0,NON-GERMINATED
zm4_8,10,72,0.00011128917378916668,0.0,0.000801282051282,0.0002771078080036491,0,0,0,0.47404736467236475,0.7625200320512819,0.001073003097684643,0.0005887817871443764,0.4719551282051282,0.4751602564102564,0.7604166666666666,0.7628205128205128,0.15037393162393164,0.10196314102564101,0.003216237868267172,0.0011775635742887563,0.14423076923076922,0.15544871794871795,0.09775641025641026,0.10256410256410256,0.011217948717948734,0.0048076923076923045,1.077777777777778,1.0491803278688525,0.015335469800113228,0.01594345825115056,0.00184397600262985,1.1307832422586521,0.9983037656779372,0.9838709677419356,0.0006660199756849389,0.0061659946236559,1,16,0.2222222222222222,1,0.1466346153846154,0.15064102564102563,0.15384615384615385,0.10076121794871795,0.10256410256410257,0.10256410256410257,0.007211538461538464,0.0018028846153846229,1,GERMINATED
zm4_9,1,72,0.0016660464030547708,0.0011331839442092,0.0248913855240529,0.003006633781527424,0,0,0,0.5151798433048432,0.2021011396011396,0.012321757199414675,0.0166051204534547,0.5016025641025641,0.5368589743589743,0.17708333333333334,0.22275641025641027,0.10786146723646722,0.2037037037037037,0.0020277852517682294,0.05982760245308152,0.10576923076923077,0.11217948717948718,0.1330128205128205,0.2900641025641026,0.004807692307692318,0.15705128205128208,1.0447761194029852,2.180722891566265,0.022036754533749727,0.032539242274819205,0.018257416995397773,2.2783672001438595,0.9691168626935731,0.6097794822627037,0.011892028219234959,0.1527565817986881,1,61,0.8472222222222222,1,0.1062366452991453,0.10817307692307693,0.10917467948717947,0.1360844017094017,0.20052083333333334,0.27450587606837606,0.0029380341880341776,0.13842147435897437,1,GERMINATED
zm4_9,2,72,0.0011296408665125584,0.000801282051282,0.0120192307692307,0.001486813907441777,0,0,0,0.7119724893162392,0.3350694444444444,0.017704393711565784,0.00829605368082123,0.6971153846153846,0.75,0.32371794871794873,0.34615384615384615,0.17715010683760685,0.10501246438746441,0.044726037608528724,0.009644913341688566,0.13141025641025642,0.2724358974358974,0.08974358974358974,0.1233974358974359,0.141025641025641,0.03365384615384616,2.0731707317073167,1.375,0.01899763267952371,0.03361789119000657,0.021824663050624582,2.8506097560975605,0.9805156635943812,0.7345360824742269,0.007553784305199711,0.1007248711340206,0,72,1.0,1,0.1346821581196581,0.16299412393162394,0.23377403846153846,0.0940838675213675,0.10530181623931623,0.1156517094017094,0.09909188034188035,0.021567841880341887,1,GERMINATED
zm4_9,3,72,0.00014928567443879445,0.0,0.0011331839442092,0.00032024586156627154,0,0,0,0.31337918447293445,0.35351006054131057,0.0010358266379843176,0.0021712229741657047,0.31169871794871795,0.31490384615384615,0.3485576923076923,0.3557692307692308,0.11518429487179488,0.1341034544159544,0.0007984949748331608,0.0033660881956088058,0.11378205128205128,0.11698717948717949,0.13141025641025642,0.14262820512820512,0.0016025641025641107,0.011217948717948706,1.0140845070422535,1.0853658536585364,0.015447258348400173,0.016457100591715977,0.0015049720578566728,1.1006526966678116,0.9975826129056026,0.9742302543507364,0.0009431211714243181,0.0097559805409782,1,35,0.4861111111111111,1,0.11444978632478632,0.1156517094017094,0.11545138888888888,0.13207799145299146,0.132144764957265,0.13808760683760682,0.0010016025641025605,0.006009615384615363,1,GERMINATED
zm4_9,4,72,0.0001872821750884236,0.0,0.0024038461538461,0.0004230165821766202,0,0,0,0.5436030982905983,0.46974047364672367,0.0011153374124258817,0.0013520146098001575,0.5416666666666666,0.5464743589743589,0.4671474358974359,0.4719551282051282,0.12887286324786323,0.11255787037037039,0.0022306748248517743,0.0027040292196003272,0.125,0.1346153846153846,0.10737179487179487,0.11698717948717949,0.009615384615384609,0.009615384615384623,1.0769230769230769,1.0895522388059702,0.014510182103331144,0.0157482741617357,0.0023267998027613427,1.1733639494833525,0.9967637409879546,0.9629629629629628,0.001254424068023357,0.0145254629629629,1,36,0.5,1,0.12727029914529914,0.12920673076923075,0.1301415598290598,0.10944177350427349,0.11271367521367522,0.11551816239316239,0.0028712606837606736,0.006076388888888895,1,GERMINATED
zm4_9,5,72,0.0008694910768840111,0.000801282051282,0.0032051282051282,0.0008717474198566258,0,0,0,0.2631877670940171,0.5297809829059829,0.0015854313662638515,0.018330999225084153,0.25961538461538464,0.266025641025641,0.4951923076923077,0.5480769230769231,0.10961983618233621,0.17766203703703706,0.0020456633337087716,0.04208346212984783,0.10576923076923077,0.11538461538461539,0.1346153846153846,0.2532051282051282,0.009615384615384623,0.11858974358974358,1.090909090909091,1.880952380952381,0.019538883295894514,0.029215976331360947,0.014977810650887574,2.051948051948052,0.9887130568380356,0.9537037037037036,0.0045155993066621075,0.0177662037037036,1,54,0.75,1,0.10823985042735045,0.10910790598290598,0.11151175213675213,0.13775373931623933,0.16339476495726493,0.23183760683760682,0.003271901709401684,0.09408386752136749,1,GERMINATED
zm4_9,6,72,0.0011772247529902749,0.000801282051282,0.0482102851169593,0.005608648010991362,0,0,0,0.7660701566951567,0.5447048611111112,0.02079086699941229,0.010599071304599068,0.7419871794871795,0.7900641025641025,0.5288461538461539,0.5576923076923077,0.16301638176638178,0.14238336894586898,0.01649123818281881,0.02080019369052124,0.1362179487179487,0.18269230769230768,0.12179487179487179,0.17307692307692307,0.04326923076923078,0.05128205128205128,1.3176470588235296,1.4210526315789473,0.02353444999178172,0.03106508875739645,0.014474441157133467,1.8724458204334369,0.9828618001925966,0.4808103256688605,0.006763566022034865,0.2130530713419224,1,65,0.9027777777777778,1,0.14489850427350429,0.16312767094017097,0.18102297008547005,0.12393162393162394,0.13421474358974358,0.16900373931623927,0.03612446581196577,0.045072115384615336,1,GERMINATED
zm4_9,7,72,0.0009146560341833863,0.000801282051282,0.0033995518326276,0.00100464247398706,0,0,0,0.4141849180911681,0.6652755519943021,0.011423664287974679,0.013661665150685648,0.40544871794871795,0.4407051282051282,0.6322115384615384,0.6746794871794872,0.13739761396011396,0.16272702991452992,0.02420996667790163,0.027586994687779125,0.11538461538461539,0.19230769230769232,0.13782051282051283,0.22916666666666666,0.07692307692307693,0.09134615384615383,1.6666666666666667,1.6627906976744184,0.02302055796396742,0.044070512820512824,0.028168145956607497,2.7713178294573644,0.9855324179746943,0.9509870660313138,0.005658180131076216,0.0193642355802481,1,41,0.5694444444444444,1,0.11845619658119659,0.12593482905982906,0.16780181623931625,0.14436431623931625,0.1468349358974359,0.1969818376068376,0.04934561965811966,0.05261752136752135,1,GERMINATED
zm4_9,8,72,0.0013719412103154875,0.000801282051282,0.044331974979561,0.005158379192505717,0,0,0,0.6469796118233619,0.7325832443019943,0.014729470056942393,0.010289182167444023,0.6378205128205128,0.688301282051282,0.719551282051282,0.7580128205128205,0.10085024928774929,0.1618367165242165,0.004590027499609308,0.030108845312960278,0.09775641025641026,0.11378205128205128,0.1346153846153846,0.22435897435897437,0.014423076923076927,0.08974358974358976,1.1451612903225807,1.6666666666666667,0.016416151882898678,0.02552802432610125,0.01215277777777778,1.9086021505376347,0.9800823711702016,0.4018720994257846,0.007862931877134438,0.23816054893769,1,39,0.5416666666666666,1,0.09922542735042734,0.09915865384615385,0.10416666666666667,0.13928952991452992,0.14483173076923075,0.20138888888888887,0.0049412393162393264,0.06209935897435895,1,GERMINATED
zm5_1,1,72,0.0002770312747840014,0.0,0.0017917211358171,0.0004758627240634257,0,0,0,0.5191194800569802,0.22342414529914534,0.0026952206856719852,0.00113318394420921,0.5128205128205128,0.5232371794871795,0.22115384615384615,0.22596153846153846,0.1577635327635328,0.11289173789173794,0.0035119449649779256,0.0018865402511055126,0.14583333333333334,0.16666666666666666,0.10897435897435898,0.11538461538461539,0.020833333333333315,0.0048076923076923045,1.1428571428571428,1.0441176470588236,0.017812938022773762,0.018963675213675212,0.0030715811965811926,1.1932773109243695,0.9950735354108543,0.9625744258576694,0.0019043329348105446,0.0142635696880968,1,16,0.2222222222222222,1,0.15431356837606838,0.15731837606837606,0.16165865384615385,0.11104433760683759,0.11471688034188034,0.11291399572649574,0.007345085470085472,0.0018696581196581546,1,GERMINATED
zm5_1,2,72,0.00017986865273512639,0.0,0.0025338763302631,0.00041562905086093725,0,0,0,0.3526086182336183,0.3312967414529914,0.0006795022045260719,0.0013350526858394854,0.35176282051282054,0.35657051282051283,0.327724358974359,0.33413461538461536,0.12704772079772078,0.12106036324786323,0.0021237287111603546,0.00407646638076848,0.11698717948717949,0.1282051282051282,0.11057692307692307,0.12980769230769232,0.011217948717948706,0.019230769230769246,1.095890410958904,1.173913043478261,0.015386691355741836,0.016642011834319525,0.003705929487179486,1.2864800476474092,0.9965420277208232,0.9468045112781956,0.0013272049219897125,0.0202654406673025,0,0,0.0,0,0.12473290598290598,0.1282051282051282,0.1282051282051282,0.11705395299145298,0.12059294871794872,0.12553418803418803,0.00347222222222221,0.008480235042735054,1,GERMINATED
zm5_1,3,72,0.00018076300622238336,0.0,0.0022663678884184,0.0004043606978822668,0,0,0,0.7253383190883191,0.34462918447293445,0.001127046732654213,0.0013564045761157119,0.7219551282051282,0.7275641025641025,0.3405448717948718,0.34615384615384615,0.14547720797720798,0.13472667378917377,0.0037127242631754018,0.002818144261240818,0.12980769230769232,0.15064102564102563,0.1266025641025641,0.13782051282051283,0.020833333333333315,0.011217948717948734,1.1604938271604937,1.0886075949367089,0.01960961612654321,0.020761423405654175,0.004327436719263642,1.2633223941240819,0.9964646721730175,0.929664508534432,0.0013548606934883861,0.0260905611404207,1,69,0.9583333333333334,1,0.14189369658119658,0.14643429487179485,0.14810363247863248,0.1316773504273504,0.13534989316239318,0.1371527777777778,0.006209935897435903,0.0054754273504273865,1,GERMINATED
zm5_1,4,72,0.0006260904158763193,0.0,0.0064102564102564,0.0009632166161072166,0,0,0,0.4920205662393162,0.4281405804843305,0.003424217957530792,0.005247269792127445,0.4879807692307692,0.5,0.40865384615384615,0.4310897435897436,0.13454861111111108,0.15124198717948717,0.011517413323812897,0.013350526858394903,0.11858974358974358,0.16666666666666666,0.13141025641025642,0.1987179487179487,0.04807692307692307,0.06730769230769229,1.4054054054054055,1.5121951219512193,0.020494543406202062,0.03311965811965811,0.01753574950690335,2.12524719841793,0.9880437812403439,0.8781297134238311,0.004591635336199284,0.0468212669683257,1,30,0.4166666666666667,1,0.1246661324786325,0.1310096153846154,0.14797008547008547,0.14155982905982908,0.1486378205128205,0.16352831196581197,0.023303952991452978,0.021968482905982883,1,GERMINATED
zm5_1,5,72,0.0002530673163705236,0.0,0.0048740084377389,0.000659796507384613,0,0,0,0.12027021011396014,0.48705706908831914,0.0022982494312053336,0.0006215278670514223,0.11778846153846154,0.12980769230769232,0.4855769230769231,0.48878205128205127,0.16459668803418803,0.11567396723646725,0.005878723540560623,0.0017170300228724065,0.15064102564102563,0.17147435897435898,0.11057692307692307,0.11858974358974358,0.020833333333333343,0.0048076923076923045,1.1382978723404256,1.042857142857143,0.019045822318558694,0.02006030161078238,0.003161468606180145,1.187082066869301,0.9956465277630188,0.9251510240165022,0.0016882090385842959,0.0293652470787545,0,0,0.0,0,0.15765224358974358,0.16606570512820515,0.1700721153846154,0.11478365384615385,0.11618589743589743,0.11605235042735042,0.012419871794871806,0.0012686965811965628,1,GERMINATED
zm5_1,6,72,0.000265212694698675,0.0,0.0046722370952286,0.0006271898575063769,0,0,0,0.3408230947293448,0.5864271723646725,0.0017110687850319692,0.0005867800180940182,0.33974358974358976,0.34615384615384615,0.5857371794871795,0.5897435897435898,0.153556801994302,0.1026086182336182,0.006021927019005623,0.0025614890279230438,0.14423076923076922,0.16987179487179488,0.09775641025641026,0.10576923076923077,0.02564102564102566,0.006410256410256415,1.177777777777778,1.0645161290322582,0.015769105212214186,0.017967209072978305,0.0036365877712031588,1.2537634408602152,0.9954520437886738,0.9024098444710306,0.0017641729255182333,0.0371935085470378,1,14,0.19444444444444445,1,0.14890491452991453,0.15110844017094016,0.16065705128205127,0.0998263888888889,0.10229700854700856,0.10570245726495726,0.011752136752136738,0.005876068376068369,1,GERMINATED
zm5_1,7,72,0.00042631694922280137,0.0,0.0048076923076923,0.0007765212247240541,0,0,0,0.6973713497150997,0.5914574430199431,0.004072256245298714,0.0013173554804983651,0.6923076923076923,0.7123397435897436,0.5865384615384616,0.5921474358974359,0.15885416666666666,0.11961360398860399,0.014462438129568605,0.0022235565783016707,0.13782051282051283,0.20993589743589744,0.11698717948717949,0.1233974358974359,0.07211538461538461,0.0048076923076923045,1.5232558139534882,1.0410958904109588,0.019022779752447223,0.025569115713346482,0.009445882642998026,1.5858553679515768,0.9913244220899884,0.9325842696629212,0.003313558285498836,0.0267205056179775,1,22,0.3055555555555556,1,0.14897168803418803,0.15544871794871795,0.17214209401709404,0.11712072649572648,0.11959134615384615,0.12212873931623931,0.02317040598290601,0.0050080128205128305,1,GERMINATED
zm5_1,8,72,0.00023732865047872912,0.0,0.0048740084377389,0.000652084968345386,0,0,0,0.47962295227920226,0.6702167913105412,0.001399547092474327,0.0016182150021712294,0.4775641025641026,0.484775641025641,0.6674679487179487,0.6722756410256411,0.11785523504273504,0.14754718660968658,0.001687930643665131,0.002022280772524906,0.11378205128205128,0.1201923076923077,0.14262820512820512,0.14903846153846154,0.0048076923076923045,0.004807692307692318,1.0422535211267605,1.0333333333333334,0.017392357686828838,0.017913276627218935,0.0012635601577909265,1.0769953051643193,0.9959290267667534,0.9091182214210606,0.001579104254447415,0.0349767279871591,0,0,0.0,0,0.11605235042735042,0.11872329059829058,0.1187900641025641,0.1453659188034188,0.1485042735042735,0.14877136752136752,0.0027377136752136794,0.0034054487179487336,0,NON-GERMINATED
zm5_1,9,72,0.0002475365104958861,0.0,0.0040064102564102,0.0005754053812681138,0,0,0,0.31428062678062674,0.7404959045584047,0.002026318852696052,0.0014464167904985655,0.3125,0.32371794871794873,0.7387820512820513,0.7427884615384616,0.11324786324786323,0.11053240740740743,0.003227309287819062,0.0026437211131234424,0.10576923076923077,0.11858974358974358,0.10416666666666667,0.11378205128205128,0.012820512820512817,0.009615384615384609,1.121212121212121,1.0923076923076922,0.01252559650997151,0.013493384286653516,0.00247575608152531,1.2247086247086245,0.9952039991111216,0.927536231884058,0.0018394990429297846,0.0279664855072463,1,17,0.2361111111111111,1,0.10964209401709402,0.11338141025641026,0.11672008547008546,0.10737179487179487,0.1113114316239316,0.11291399572649574,0.007077991452991442,0.005542200854700877,1,GERMINATED
zm5_1,10,72,0.00022066892722517637,0.0,0.0022663678884184,0.0004772260247314943,0,0,0,0.5768340455840456,0.73828125,0.0019878128171088266,0.0007606026809491516,0.5753205128205128,0.5849358974358975,0.7371794871794872,0.7411858974358975,0.10906339031339032,0.13419248575498574,0.003270008488640843,0.00346186258180741,0.10256410256410256,0.11217948717948718,0.1266025641025641,0.13782051282051283,0.009615384615384623,0.011217948717948734,1.09375,1.0886075949367089,0.01464615464515304,0.015460634451019068,0.002475756081525315,1.1906645569620256,0.9955536630926258,0.9453636013851482,0.00169965272027735,0.0205958786426701,0,0,0.0,0,0.10510149572649573,0.11004273504273504,0.11204594017094018,0.1300080128205128,0.1362179487179487,0.13635149572649571,0.0069444444444444475,0.006343482905982911,0,NON-GERMINATED
zm5_10,1,72,0.00022438432225079582,0.0,0.0040064102564102,0.0006072639936523628,0,0,0,0.33513621794871795,0.28182870370370366,0.0018004098240802402,0.00042697930228923685,0.33253205128205127,0.34375,0.28044871794871795,0.28205128205128205,0.10950854700854704,0.13684116809116806,0.0016892508868420794,0.0025556802162406233,0.10416666666666667,0.11057692307692307,0.1266025641025641,0.14102564102564102,0.0032051282051282076,0.014423076923076927,1.0298507462686568,1.1139240506329113,0.014988868229052522,0.015594181459566075,0.002000636916502303,1.1471755148309088,0.9953084076755514,0.9056063048540212,0.001787907123020024,0.0356419599677592,0,0,0.0,0,0.1079059829059829,0.11030982905982906,0.11030982905982906,0.1343482905982906,0.13782051282051283,0.13835470085470086,0.002403846153846159,0.00400641025641027,1,GERMINATED
zm5_10,2,72,0.00017942505224884028,0.0,0.0035834422716342,0.0005290706112920459,0,0,0,0.5204883368945867,0.29174456908831914,0.0009797872567600988,0.0016364807173397582,0.5200320512820513,0.5248397435897436,0.28365384615384615,0.29246794871794873,0.11255787037037039,0.13819889601139598,0.002677516683891532,0.002484018236038871,0.10416666666666667,0.11378205128205128,0.13141025641025642,0.13942307692307693,0.009615384615384609,0.008012820512820512,1.0923076923076922,1.0609756097560976,0.015561900465245812,0.015863843688362918,0.00217527531229454,1.1589118198874293,0.9965877975456452,0.924187725631769,0.0013108971429858724,0.0288635335054431,0,0,0.0,0,0.11010950854700856,0.11378205128205128,0.11378205128205128,0.1357505341880342,0.13942307692307693,0.13942307692307693,0.003672542735042722,0.003672542735042722,0,NON-GERMINATED
zm5_10,3,72,0.00014737625408563334,0.0,0.0022663678884184,0.00038433172247980695,0,0,0,0.767795138888889,0.39597800925925924,0.0005331436773060647,0.000918725664065409,0.7668269230769231,0.7700320512820513,0.39342948717948717,0.3974358974358974,0.1087295227920228,0.13018607549857547,0.0009503339583426468,0.003578392585497516,0.10737179487179487,0.11057692307692307,0.1233974358974359,0.1346153846153846,0.0032051282051282076,0.011217948717948706,1.0298507462686568,1.0909090909090908,0.01415748102947622,0.014885355029585797,0.0016359508547008524,1.123473541383989,0.9972382574211799,0.946058091286307,0.0010624044677426388,0.0203528071772645,0,0,0.0,0,0.10817307692307691,0.10850694444444446,0.10950854700854701,0.12573450854700854,0.1309428418803419,0.13388087606837606,0.0013354700854700946,0.00814636752136752,0,NON-GERMINATED
zm5_10,4,72,0.00024101734162984445,0.0,0.0022663678884184,0.0004767258089335402,0,0,0,0.27127849002848997,0.4350071225071226,0.0013077306643134198,0.0019424344933468129,0.2692307692307692,0.27323717948717946,0.4270833333333333,0.43669871794871795,0.14725783475783474,0.12335292022792024,0.004159774354068256,0.0034409777496750994,0.1362179487179487,0.15224358974358973,0.11378205128205128,0.1266025641025641,0.016025641025641024,0.012820512820512817,1.1176470588235294,1.1126760563380282,0.018178301807107895,0.019274428829717288,0.003775271203155817,1.2435791217895609,0.9956014631739996,0.9499192245557352,0.0016961491611595571,0.0190014105329646,1,4,0.05555555555555555,1,0.14256143162393164,0.14790331196581197,0.15130876068376067,0.11979166666666667,0.12439903846153848,0.12586805555555555,0.008747329059829029,0.006076388888888881,1,GERMINATED
zm5_10,5,72,0.0004407984664335667,0.0,0.0033037705333474,0.0005837300889498695,0,0,0,0.5154135505698005,0.4944577991452991,0.001542991384733138,0.002436089255736478,0.5136217948717948,0.5216346153846154,0.48717948717948717,0.49919871794871795,0.13210024928774927,0.1476584757834758,0.00476166827503099,0.007556002201368923,0.1233974358974359,0.14102564102564102,0.1346153846153846,0.16185897435897437,0.014423076923076927,0.027243589743589758,1.1153846153846154,1.2023809523809526,0.019541094811527503,0.022826265614727153,0.005739953155818545,1.3411172161172165,0.9931148700930064,0.941544885177453,0.0026963144706295752,0.0226067410345672,1,39,0.5416666666666666,1,0.12727029914529914,0.1311431623931624,0.13788728632478633,0.13955662393162394,0.1469017094017094,0.15651709401709402,0.010616987179487197,0.01696047008547008,1,GERMINATED
zm5_10,6,72,0.00029276994067579444,0.0,0.0022663678884184,0.0005031371862443788,0,0,0,0.2550302706552707,0.6049568198005698,0.0014824453174275922,0.0011370573425986204,0.25240384615384615,0.2604166666666667,0.6001602564102564,0.6065705128205128,0.12166132478632481,0.153423254985755,0.0026407211449365918,0.0033466044256345437,0.11378205128205128,0.1233974358974359,0.14262820512820512,0.15865384615384615,0.009615384615384623,0.016025641025641024,1.0845070422535212,1.1123595505617978,0.01867418068339543,0.019577477810650886,0.003348948060486523,1.2063617661022314,0.9950764976001546,0.9517426273458444,0.0019135263013850946,0.0183632195564264,0,0,0.0,0,0.11852297008547008,0.1230635683760684,0.1233974358974359,0.14957264957264957,0.15491452991452992,0.15578258547008547,0.004874465811965822,0.006209935897435903,1,GERMINATED
zm5_10,7,72,0.00037647377053000975,0.0,0.0016025641025641,0.00047316061933122734,0,0,0,0.747039707977208,0.6082843660968662,0.002964138622901929,0.0024086844247726085,0.7411858974358975,0.750801282051282,0.6033653846153846,0.6121794871794872,0.11271367521367523,0.11373753561253563,0.0026709401709401727,0.004563887469433699,0.10737179487179487,0.11698717948717949,0.10416666666666667,0.1201923076923077,0.008012820512820512,0.016025641025641024,1.0735294117647058,1.1538461538461537,0.01283146338985682,0.014060959072978304,0.0027094633464825758,1.2386877828054297,0.9926927303591673,0.9569418189455996,0.0028022523251359727,0.0155911967023734,0,0,0.0,0,0.10997596153846152,0.1124465811965812,0.1157184829059829,0.10857371794871795,0.1140491452991453,0.1185897435897436,0.005742521367521375,0.010016025641025647,1,GERMINATED
zm5_10,8,72,0.0001565957511113889,0.0,0.005665919721046,0.0006955355276703751,0,0,0,0.45525062321937326,0.6754139957264956,0.0005612109011361707,0.0008313234240110095,0.4543269230769231,0.4567307692307692,0.6690705128205128,0.6762820512820513,0.1360176282051282,0.10933048433048434,0.0017501792764531483,0.001911583916807684,0.13141025641025642,0.13782051282051283,0.10096153846153846,0.11057692307692307,0.004807692307692291,0.009615384615384609,1.0365853658536583,1.0952380952380951,0.014873833746530056,0.015239768244575937,0.001795179980276132,1.135307781649245,0.9971599410695041,0.8865650478553704,0.0010958078638958974,0.0433850810693002,0,0,0.0,0,0.13388087606837606,0.13708600427350429,0.13708600427350426,0.10703792735042734,0.11037660256410257,0.11057692307692307,0.0032051282051281937,0.003538995726495728,0,NON-GERMINATED
zm5_10,9,72,0.00041278081207377494,0.0,0.0028890635220064,0.0005578097305208714,0,0,0,0.6782629985754985,0.7746728098290598,0.002610057379193103,0.002123932816315287,0.6746794871794872,0.6842948717948718,0.7676282051282052,0.7780448717948718,0.13372507122507118,0.11255787037037039,0.007990035664595645,0.005860830667584946,0.125,0.15384615384615385,0.10737179487179487,0.1346153846153846,0.027243589743589758,0.027243589743589744,1.2151898734177216,1.2537313432835822,0.015090419600135142,0.020710059171597635,0.007116514628533863,1.5235216323446064,0.9923471252417776,0.934706639691006,0.0029468136932258183,0.024730567397452,1,31,0.4305555555555556,1,0.12720352564102563,0.13047542735042736,0.14349626068376067,0.10844017094017093,0.11177884615384615,0.11745459401709402,0.01629273504273504,0.009014423076923087,1,GERMINATED
zm5_10,10,72,0.0003078175497778499,0.0,0.0048740084377389,0.0007027068174423374,0,0,0,0.49658342236467234,0.8222044159544161,0.0018310705075628973,0.0013391745865821987,0.4935897435897436,0.500801282051282,0.8149038461538461,0.8229166666666666,0.12297453703703705,0.1309650997150997,0.005267870425714543,0.0031401695314366767,0.11378205128205128,0.1330128205128205,0.1233974358974359,0.1330128205128205,0.019230769230769232,0.009615384615384609,1.1690140845070423,1.077922077922078,0.016119131065545328,0.017692410420775805,0.003651997041420118,1.2601060910920066,0.9947042260067251,0.9133790737564322,0.00205360230500184,0.033485429669779,1,16,0.2222222222222222,1,0.11672008547008546,0.12333066239316241,0.12887286324786323,0.1268696581196581,0.1330128205128205,0.1330128205128205,0.012152777777777776,0.006143162393162399,1,GERMINATED
zm5_11,1,72,0.00019380134395446111,0.0,0.0011331839442092,0.0003506483573441047,0,0,0,0.3283475783475784,0.24519230769230768,0.0008256426723197712,0.001361917605126281,0.3261217948717949,0.3293269230769231,0.2419871794871795,0.24759615384615385,0.1426282051282051,0.12041488603988605,0.0025618758137354266,0.0023785701580114936,0.13942307692307693,0.14903846153846154,0.11538461538461539,0.125,0.009615384615384609,0.009615384615384609,1.0689655172413792,1.0833333333333333,0.017179410133136095,0.018629807692307692,0.002542529585798814,1.1580459770114941,0.9968749512766403,0.975877192982456,0.0012197379267463028,0.0091795520198763,1,20,0.2777777777777778,1,0.1406917735042735,0.14162660256410256,0.14556623931623933,0.11758814102564101,0.12126068376068377,0.12239583333333333,0.004874465811965822,0.004807692307692318,1,GERMINATED
zm5_11,2,72,7.790242165241805e-05,0.0,0.0016025641025641,0.0002723744268723287,0,0,0,0.7007545405982906,0.24597133190883191,0.0014002548728305761,0.0001875478492961254,0.6979166666666666,0.7019230769230769,0.24439102564102563,0.24599358974358973,0.10984241452991454,0.15224358974358973,0.002800509745661161,1.6653345369377348e-16,0.10416666666666667,0.11217948717948718,0.15224358974358973,0.15224358974358973,0.008012820512820512,0.0,1.0769230769230769,1.0,0.016722803494137628,0.01707860782380013,0.0012199005588428673,1.0769230769230769,0.9986889642794302,0.9791666666666666,0.0005094990762734764,0.0083333333333333,1,13,0.18055555555555555,1,0.1063034188034188,0.11104433760683759,0.11217948717948718,0.15224358974358973,0.15224358974358973,0.15224358974358973,0.005876068376068383,0.0,1,GERMINATED
zm5_11,3,72,9.825083605708889e-05,0.0,0.0011331839442092,0.0002819943096471083,0,0,0,0.4921875,0.28175080128205127,0.0006083355755304908,0.001012119817790068,0.4911858974358974,0.49278846153846156,0.2780448717948718,0.2828525641025641,0.15077457264957264,0.11491720085470088,0.0015744960099561376,0.001634246561234032,0.14583333333333334,0.15224358974358973,0.11057692307692307,0.11698717948717949,0.0064102564102563875,0.006410256410256415,1.0439560439560438,1.0579710144927537,0.017328865786397838,0.01781054815910585,0.0016847468770545652,1.1044752349100173,0.9982360118521891,0.975,0.0006812588951709222,0.0094865695637359,0,0,0.0,0,0.14903846153846154,0.15104166666666666,0.15224358974358973,0.11318108974358974,0.11498397435897435,0.11658653846153845,0.0032051282051281937,0.003405448717948706,0,NON-GERMINATED
zm5_11,4,72,0.00017154350919662778,0.0,0.0011331839442092,0.0003365282341607139,0,0,0,0.23830350783475782,0.3993945868945869,0.0010486605881769849,0.0006248071958519643,0.23557692307692307,0.24118589743589744,0.3974358974358974,0.3998397435897436,0.11927973646723647,0.14841524216524216,0.002100153800505408,0.0018027472161072484,0.11538461538461539,0.125,0.14262820512820512,0.15064102564102563,0.008012820512820512,0.008012820512820512,1.0684931506849316,1.0561797752808988,0.017705215809682952,0.018830128205128204,0.0021444567718606165,1.1285208557795905,0.9972765020827192,0.9753424657534246,0.0010647275520260721,0.0093667065500373,0,0,0.0,0,0.117321047008547,0.1189236111111111,0.12159455128205128,0.1467681623931624,0.14903846153846154,0.14943910256410256,0.004273504273504286,0.0026709401709401615,1,GERMINATED
zm5_11,5,72,0.00041627624585210136,0.0,0.0025338763302631,0.000586449817463562,0,0,0,0.7957509793447293,0.47247818732193736,0.0008671276498328031,0.005113577078083961,0.7948717948717948,0.7980769230769231,0.4551282051282051,0.4775641025641026,0.10378828347578345,0.15431356837606838,0.0022425251778954306,0.014720339796525166,0.09935897435897435,0.10897435897435898,0.14102564102564102,0.20192307692307693,0.009615384615384623,0.0608974358974359,1.0967741935483872,1.4318181818181819,0.01604433189970049,0.022004437869822487,0.007992274819197898,1.5703812316715544,0.9931863473214185,0.9618347338935574,0.0026553579973074,0.0150048627519259,1,28,0.3888888888888889,1,0.1015625,0.10336538461538462,0.10643696581196581,0.14429754273504272,0.14790331196581197,0.17073985042735043,0.0048744658119658085,0.02644230769230771,1,GERMINATED
zm5_11,6,72,0.00024044639507059165,0.0,0.0028890635220064,0.0005384832394687012,0,0,0,0.5463185541310541,0.5117187499999999,0.0017849340266062304,0.0018573959729835839,0.5424679487179487,0.5528846153846154,0.5056089743589743,0.5136217948717948,0.09561965811965811,0.13098735754985752,0.0016464780990835947,0.0022504641255702462,0.09294871794871795,0.09935897435897435,0.1266025641025641,0.1362179487179487,0.0048076923076923045,0.009615384615384609,1.0517241379310345,1.0759493670886076,0.012527986373639421,0.01337524654832347,0.001548631656804732,1.1316019205587078,0.9950008838958477,0.926829268292683,0.0019059807932491053,0.0274876473868651,1,3,0.041666666666666664,1,0.09381677350427349,0.09581997863247864,0.09722222222222222,0.12873931623931623,0.13141025641025642,0.1328125,0.0034054487179487336,0.004073183760683774,1,GERMINATED
zm5_11,7,72,0.00023831701347013054,0.0,0.0032051282051282,0.0004963835819728421,0,0,0,0.28275240384615385,0.6191684472934473,0.0014379577635789229,0.0010785293304474428,0.28125,0.28525641025641024,0.6161858974358975,0.6209935897435898,0.11131143162393164,0.13265669515669512,0.0015328846532116761,0.00390927678064461,0.10737179487179487,0.11378205128205128,0.1233974358974359,0.1362179487179487,0.004807692307692318,0.011217948717948706,1.0447761194029852,1.0909090909090908,0.014771854340163636,0.01549915762656147,0.0018516806377383288,1.1397557666214382,0.9960581035884236,0.9493670886075948,0.0015345698028072638,0.0198048523206751,0,0,0.0,0,0.10950854700854701,0.11211271367521368,0.11231303418803419,0.12773771367521367,0.13501602564102563,0.13521634615384615,0.0028044871794871834,0.00747863247863248,0,NON-GERMINATED
zm5_11,8,72,0.0007734839376599014,0.000801282051282,0.0025338763302631,0.0008494104170419258,0,0,0,0.36312544515669515,0.7058627136752137,0.0031042897685777974,0.00874885809041202,0.3573717948717949,0.3701923076923077,0.6770833333333334,0.7115384615384616,0.10997596153846154,0.1675124643874644,0.004359752495434142,0.024309917047601527,0.10576923076923077,0.12179487179487179,0.14903846153846154,0.2387820512820513,0.016025641025641024,0.08974358974358976,1.1515151515151516,1.6021505376344087,0.018523298245854334,0.02908242932281394,0.013318745890861277,1.8449006190941677,0.9880168238298069,0.9498094027954256,0.004696876219046494,0.0190398481490729,1,32,0.4444444444444444,1,0.10590277777777778,0.10897435897435898,0.11505074786324787,0.15117521367521367,0.1560496794871795,0.1953125,0.009147970085470095,0.044137286324786335,1,GERMINATED
zm5_11,9,72,0.0003050905177436278,0.0,0.0011331839442092,0.00039573605454755044,0,0,0,0.5343327101139601,0.7353988603988603,0.0008722544140618825,0.004164059591762335,0.532051282051282,0.5352564102564102,0.7259615384615384,0.7451923076923077,0.1137152777777778,0.15059650997150997,0.0013990602857743726,0.007759401712997549,0.11057692307692307,0.11538461538461539,0.1346153846153846,0.16987179487179488,0.0032051282051282076,0.03525641025641027,1.0285714285714287,1.261904761904762,0.01713457343715757,0.019600591715976334,0.004499506903353061,1.2979591836734696,0.9956896830179025,0.9746712128592304,0.001706919780267454,0.0096016450630053,1,23,0.3194444444444444,1,0.11204594017094018,0.11378205128205128,0.11531784188034189,0.14282852564102566,0.14963942307692304,0.15932158119658119,0.0032719017094017117,0.016493055555555525,1,GERMINATED
zm5_11,10,72,0.0001224180911680861,0.0,0.0032051282051282,0.000436020700324059,0,0,0,0.7684072293447293,0.7509237001424501,0.0008229381030687368,0.0007149409164151073,0.7668269230769231,0.7692307692307693,0.7483974358974359,0.7516025641025641,0.09317129629629631,0.13588408119658119,0.0008980698451670228,0.0019615959964701408,0.09134615384615384,0.09455128205128205,0.13141025641025642,0.13782051282051283,0.0016025641025641107,0.006410256410256415,1.0175438596491229,1.048780487804878,0.012661069677295637,0.012879581689677842,0.0008064184746877055,1.0671801454856653,0.9979707736173739,0.9523809523809524,0.0007898009931784013,0.01875,0,0,0.0,0,0.09248130341880341,0.0940838675213675,0.09294871794871795,0.13361378205128205,0.1362179487179487,0.13782051282051283,0.00046741452991454213,0.004206730769230782,1,GERMINATED
zm5_12,1,72,0.00011391635480657222,0.0,0.0017917211358171,0.0003475400556719826,0,0,0,0.27511796652421655,0.21334134615384615,0.0010358266379843226,0.0008419818518241483,0.2724358974358974,0.2764423076923077,0.2091346153846154,0.21394230769230768,0.14554398148148148,0.09731125356125356,0.0009750354395392481,0.0007177936029468066,0.14262820512820512,0.14743589743589744,0.09615384615384616,0.09775641025641026,0.0016025641025641246,0.0,1.0111111111111113,1.0,0.014163116827379653,0.014412804076265615,0.00015666091387245458,1.0111111111111113,0.997892730266738,0.9571607815020612,0.0008115900372660206,0.0161583452125596,0,0,0.0,0,0.14449786324786326,0.14610042735042736,0.14603365384615385,0.09708867521367522,0.09708867521367522,0.09775641025641026,0.0015357905982905928,0.0006677350427350404,1,GERMINATED
zm5_12,2,72,6.025433540746111e-05,0.0,0.0011331839442092,0.0002233244848648813,0,0,0,0.7422654024216525,0.3247418091168091,0.0005691002348444419,0.0011111096843259111,0.7411858974358975,0.7427884615384616,0.3229166666666667,0.3261217948717949,0.10953080484330487,0.15909900284900289,0.0011382004696888896,0.0022222193686518344,0.10737179487179487,0.11057692307692307,0.15544871794871795,0.16185897435897437,0.0032051282051282076,0.006410256410256415,1.0298507462686568,1.041237113402062,0.01742859800752429,0.01789786735700197,0.0012070595003287297,1.0723188182797352,0.9990381297529889,0.9752400960384152,0.00037581990446870414,0.0094025359502906,0,0,0.0,0,0.10830662393162394,0.1097088675213675,0.11057692307692307,0.1564503205128205,0.15932158119658119,0.16152510683760687,0.0022702991452991372,0.005074786324786362,0,NON-GERMINATED
zm5_12,3,72,0.00019650167211417778,0.0,0.0045327357768368,0.0005947711910282111,0,0,0,0.536513977920228,0.37890624999999994,0.0005142234264666969,0.0008333322632444336,0.5336538461538461,0.5368589743589743,0.375,0.3798076923076923,0.15293358262108264,0.1085959757834758,0.0028244657342846773,0.002177972065391398,0.14423076923076922,0.15544871794871795,0.10576923076923077,0.11378205128205128,0.011217948717948734,0.008012820512820512,1.077777777777778,1.0757575757575757,0.01661247739973702,0.01768727399737015,0.002432096482577254,1.1594276094276097,0.9965890610723382,0.9014084507042254,0.001321554711555804,0.037453320508465,1,1,0.013888888888888888,1,0.1501068376068376,0.15384615384615385,0.15484775641025642,0.1063034188034188,0.10850694444444446,0.1109775641025641,0.004740918803418814,0.004674145299145296,1,GERMINATED
zm5_12,4,72,0.00016304177283511668,0.0,0.0017917211358171,0.00038957080900565066,0,0,0,0.3365941061253561,0.3871972934472935,0.001028627477619925,0.0009079450700841853,0.3349358974358974,0.33814102564102566,0.38221153846153844,0.38782051282051283,0.14420851139601137,0.11427172364672367,0.0022897460154779636,0.00201011786055478,0.13782051282051283,0.14743589743589744,0.11057692307692307,0.11698717948717949,0.009615384615384609,0.006410256410256415,1.069767441860465,1.0579710144927537,0.016483246413635036,0.01724810979618672,0.0020083415516107817,1.1317829457364341,0.9971120988549814,0.9604204302841188,0.0011167425530992875,0.0150174681388395,0,0,0.0,0,0.14162660256410256,0.14436431623931625,0.1466346153846154,0.11197916666666667,0.11458333333333333,0.11625267094017093,0.0050080128205128305,0.004273504273504258,1,GERMINATED
zm5_12,5,72,0.00013815675705987915,0.0,0.0016025641025641,0.0003386351084391539,0,0,0,0.0740963319088319,0.44446670227920226,0.0007783880186095833,0.0010399435885170769,0.07131410256410256,0.07451923076923077,0.4407051282051282,0.4463141025641026,0.13915598290598286,0.14690170940170938,0.00059724037860571,0.002950149844334204,0.13782051282051283,0.13942307692307693,0.14102564102564102,0.15224358974358973,0.0,0.011217948717948706,1.0,1.0795454545454544,0.02044303649371758,0.021226269723865876,0.0015640409270216947,1.0795454545454544,0.9979972991110666,0.9775223499361432,0.0007907472032156235,0.0088194444444444,1,6,0.08333333333333333,1,0.13862179487179488,0.13942307692307693,0.13942307692307693,0.1438969017094017,0.14623397435897437,0.15057425213675213,0.0008012820512820484,0.006677350427350431,1,GERMINATED
zm5_12,6,72,0.00011128917378916668,0.0,0.000801282051282,0.0002771078080036491,0,0,0,0.7681290064102565,0.5652488425925924,0.000673552383875265,0.0009040490255371355,0.7660256410256411,0.7684294871794872,0.563301282051282,0.5665064102564102,0.10677083333333331,0.13815438034188032,0.001347104767750533,0.0028258685856702476,0.10256410256410256,0.10737179487179487,0.1330128205128205,0.14423076923076922,0.0048076923076923045,0.011217948717948706,1.046875,1.0843373493975903,0.014753484492567026,0.015486316568047335,0.0018439760026298466,1.1351656626506021,0.9982505023077943,0.9846153846153848,0.0006846621552349402,0.0059054487179486,1,22,0.3055555555555556,1,0.10556891025641024,0.10737179487179487,0.10737179487179487,0.13521634615384615,0.13795405982905984,0.14129273504273504,0.0018028846153846229,0.006076388888888895,1,GERMINATED
zm5_12,7,72,0.00012241809116808334,0.0,0.000801282051282,0.00028827977757718543,0,0,0,0.37918447293447294,0.5963652955840456,0.0003331247673409838,0.0009154845227064974,0.37900641025641024,0.3798076923076923,0.592948717948718,0.5969551282051282,0.10323183760683759,0.12382033475783476,0.001806590445842504,0.0026708474283518697,0.10096153846153846,0.10576923076923077,0.11538461538461539,0.1266025641025641,0.0048076923076923045,0.009615384615384609,1.0476190476190477,1.0833333333333333,0.012785770623310688,0.013390655818540433,0.0015717455621301769,1.1349206349206349,0.9979029377255482,0.984375,0.0008135435553174013,0.0059895833333333,0,0,0.0,0,0.10096153846153848,0.10376602564102565,0.10496794871794872,0.12106036324786325,0.12419871794871795,0.12620192307692307,0.004006410256410242,0.005141559829059825,1,GERMINATED
zm5_12,8,72,0.00044270022863652364,0.0,0.0017917211358171,0.0005745808999391267,0,0,0,0.19503427706552706,0.6916956018518517,0.0013596877493945326,0.00649935444622431,0.19310897435897437,0.19791666666666666,0.6722756410256411,0.6963141025641025,0.11278044871794875,0.16949341168091164,0.003265080977136125,0.01582290984640465,0.11057692307692307,0.1266025641025641,0.15705128205128205,0.21634615384615385,0.016025641025641024,0.059294871794871806,1.144927536231884,1.3775510204081634,0.019158324258985317,0.027389977810650886,0.01002373027613412,1.577196095829636,0.9929445711510589,0.9652509652509652,0.002757155245743146,0.0128462742050861,1,30,0.4166666666666667,1,0.11151175213675213,0.11204594017094018,0.11478365384615385,0.15872061965811965,0.16172542735042736,0.18803418803418803,0.0032719017094017255,0.029313568376068383,1,GERMINATED
zm5_12,9,72,0.0001362473367067167,0.0,0.0011331839442092,0.00032600657613505264,0,0,0,0.5958422364672364,0.7551193019943021,0.0011684833287399089,0.0013054556889792667,0.5921474358974359,0.5977564102564102,0.75,0.7556089743589743,0.11151175213675216,0.13586182336182334,0.0022937451972913528,0.0011710244335795823,0.10416666666666667,0.11378205128205128,0.13141025641025642,0.13782051282051283,0.008012820512820512,0.004807692307692291,1.0769230769230769,1.0365853658536583,0.015152199359430928,0.01549915762656147,0.0015922912557527914,1.116322701688555,0.997442853006266,0.97320625786729,0.0009835622166662155,0.0101143793101844,0,0,0.0,0,0.10897435897435898,0.11191239316239317,0.11364850427350427,0.13514957264957264,0.1362179487179487,0.1362179487179487,0.004674145299145296,0.0010683760683760646,0,NON-GERMINATED
zm5_12,10,72,0.00019841109246733892,0.0,0.0011331839442092,0.00036064341330255777,0,0,0,0.36334802350427353,0.8493589743589745,0.0008750896382265698,0.0012947862867030743,0.36217948717948717,0.3661858974358974,0.8453525641025641,0.8509615384615384,0.11487268518518522,0.14423076923076922,0.0022318959871635287,0.0025895725734061624,0.11217948717948718,0.12179487179487179,0.1362179487179487,0.14743589743589744,0.009615384615384609,0.011217948717948734,1.0857142857142856,1.0823529411764707,0.016570886637994012,0.017956936226166995,0.0026760765943458255,1.1751260504201682,0.9967033875236508,0.974451359318703,0.0012827815768259097,0.0096785938021899,1,13,0.18055555555555555,1,0.11364850427350427,0.11378205128205128,0.1171875,0.14122596153846154,0.14543269230769232,0.14603365384615385,0.003538995726495728,0.004807692307692318,1,GERMINATED
zm5_2,1,72,0.0002150613795443389,0.0,0.0050677526605262,0.0006797356122392953,0,0,0,0.5307603276353277,0.2128071581196581,0.0008504706719436758,0.00179047645269657,0.5296474358974359,0.5352564102564102,0.2107371794871795,0.21634615384615385,0.12637998575498577,0.10082799145299143,0.001674523047881409,0.0040660623257581015,0.11858974358974358,0.1282051282051282,0.09294871794871795,0.10576923076923077,0.008012820512820512,0.012820512820512817,1.0675675675675675,1.1379310344827587,0.012747104769340344,0.013390655818540433,0.0023678911900065734,1.2148182665424043,0.9950957911144103,0.8929503916449086,0.0018562630066601654,0.040761402153624,0,0,0.0,0,0.125,0.12727029914529914,0.1268696581196581,0.09602029914529914,0.1012286324786325,0.10523504273504274,0.001869658119658113,0.009214743589743599,1,GERMINATED
zm5_2,2,72,5.564458689458334e-05,0.0,0.000801282051282,0.00020369263285392145,0,0,0,0.34432870370370366,0.32870370370370366,0.0006152187927833516,0.0003588968014734029,0.34375,0.3453525641025641,0.328525641025641,0.3301282051282051,0.1190349002849003,0.11885683760683759,0.0012304375855667084,0.0006542440552305526,0.11698717948717949,0.1201923076923077,0.11698717948717949,0.1201923076923077,0.0032051282051282076,0.0016025641025641107,1.0273972602739727,1.0135135135135136,0.014148492288516326,0.014446190828402367,0.0005727112097304414,1.0412810070344318,0.9990665665665664,0.9864864864864864,0.00036287068318317773,0.005250563063063,0,0,0.0,0,0.11765491452991451,0.11925747863247864,0.1201923076923077,0.11852297008547008,0.11858974358974357,0.11945779914529915,0.002537393162393181,0.0009348290598290704,0,NON-GERMINATED
zm5_2,3,72,0.00010087801707449306,0.0,0.0022663678884184,0.0003760577819323466,0,0,0,0.7101473468660969,0.3558026175213676,0.00046248652856081053,0.0006735523838752655,0.7099358974358975,0.7123397435897436,0.35496794871794873,0.3581730769230769,0.1112224002849003,0.11469462250712252,0.0018822023135608276,0.0021505031103626815,0.10737179487179487,0.11217948717948718,0.11057692307692307,0.11698717948717949,0.004807692307692318,0.006410256410256415,1.0447761194029852,1.0579710144927537,0.012760088506282416,0.013123561801446417,0.0012507190992767925,1.1053428509625784,0.9978391782090602,0.9432534678436316,0.0008218583379273193,0.0213344253822008,1,3,0.041666666666666664,1,0.10930822649572651,0.11217948717948718,0.11217948717948718,0.11211271367521365,0.11518429487179487,0.11678685897435896,0.0028712606837606736,0.00467414529914531,1,GERMINATED
zm5_2,4,72,0.00015850517146455002,0.0,0.0011331839442092,0.0003428622734478373,0,0,0,0.5257189280626781,0.4741141381766383,0.0007334116982992953,0.0004146175215944866,0.5248397435897436,0.5288461538461539,0.47275641025641024,0.4751602564102564,0.13615117521367517,0.12606837606837606,0.003265080977136122,0.0034100281342958525,0.125,0.13782051282051283,0.11538461538461539,0.1282051282051282,0.01282051282051283,0.012820512820512803,1.1025641025641026,1.111111111111111,0.017175094110691062,0.01766929651545036,0.0032462195923734366,1.225071225071225,0.9972053481612981,0.9738165423963931,0.0010811565049975583,0.0099007797249983,0,0,0.0,0,0.13281249999999997,0.13782051282051283,0.13782051282051283,0.12212873931623931,0.12787126068376067,0.1282051282051282,0.005008012820512858,0.006076388888888881,0,NON-GERMINATED
zm5_2,5,72,0.00037719153119425,0.0,0.0017917211358171,0.0004725886375891079,0,0,0,0.22001869658119658,0.5304932336182336,0.0038352645514888877,0.002961881441442257,0.20993589743589744,0.22516025641025642,0.5248397435897436,0.5344551282051282,0.13639601139601137,0.12575676638176636,0.005963770741101913,0.0025334852697884934,0.1266025641025641,0.15384615384615385,0.1201923076923077,0.13141025641025642,0.024038461538461536,0.009615384615384623,1.1851851851851851,1.0789473684210527,0.017165320638377526,0.020216962524654835,0.004407051282051284,1.2787524366471736,0.993215551020172,0.9624756335282652,0.0026197316382160375,0.0142981470033883,1,30,0.4166666666666667,1,0.13147702991452992,0.13488247863247863,0.14282852564102566,0.1234642094017094,0.12613514957264957,0.12767094017094016,0.011351495726495742,0.004206730769230768,1,GERMINATED
zm5_2,6,72,0.00027894069513715973,0.0,0.0017917211358171,0.0004252019981470774,0,0,0,0.8175636574074074,0.5380608974358974,0.0011474663996590812,0.0006939306120067592,0.8165064102564102,0.8221153846153846,0.5368589743589743,0.5392628205128205,0.12568999287749286,0.1490829772079772,0.004263697254905557,0.004188969442613856,0.11858974358974358,0.13782051282051283,0.13782051282051283,0.15384615384615385,0.019230769230769246,0.011217948717948706,1.1621621621621623,1.0804597701149425,0.01874962190216597,0.020761423405654175,0.004227276462853386,1.2556694625660143,0.9956043668861536,0.9626380275298744,0.0017197830416853612,0.014241309102825,1,21,0.2916666666666667,1,0.12126068376068376,0.12540064102564102,0.13040865384615383,0.14409722222222224,0.1517094017094017,0.15144230769230768,0.009147970085470067,0.007345085470085444,1,GERMINATED
zm5_2,7,72,8.251217016529445e-05,0.0,0.0011331839442092,0.00025402943873107595,0,0,0,0.6397569444444444,0.6288394764957265,0.0008095857140079173,0.00042099092591207406,0.6386217948717948,0.6410256410256411,0.6282051282051282,0.6298076923076923,0.14142628205128205,0.10881855413105414,0.0020817918360202816,0.0020716532759686404,0.1346153846153846,0.14423076923076922,0.10416666666666667,0.11057692307692307,0.009615384615384609,0.006410256410256401,1.0714285714285714,1.0615384615384615,0.015393646929103659,0.01594859467455621,0.0019261587771203115,1.137362637362637,0.9982281464765056,0.9744341312489824,0.0006737816438305015,0.0096846236265921,1,1,0.013888888888888888,1,0.13922275641025642,0.14155982905982906,0.14349626068376067,0.10637019230769229,0.10950854700854701,0.11057692307692307,0.004273504273504258,0.004206730769230782,1,GERMINATED
zm5_2,8,72,0.00022527867573805555,0.0,0.0056089743589743,0.0007333471439154147,0,0,0,0.32221554487179493,0.702690972222222,0.0020206571516258004,0.0017073007045333647,0.3213141025641026,0.33253205128205127,0.7019230769230769,0.7083333333333334,0.11264690170940171,0.12702546296296294,0.002365516771356614,0.0025196616105922173,0.10416666666666667,0.11378205128205128,0.11858974358974358,0.1282051282051282,0.009615384615384609,0.009615384615384609,1.0923076923076922,1.0810810810810811,0.01431489100509533,0.014587442472057855,0.0022343441814595653,1.1808731808731807,0.995758745103906,0.8985507246376812,0.0016308703528626267,0.0391530797101449,0,0,0.0,0,0.11037660256410257,0.11378205128205128,0.11378205128205128,0.1246661324786325,0.1282051282051282,0.1282051282051282,0.003405448717948706,0.0035389957264957,0,NON-GERMINATED
zm5_2,9,72,0.00017615325770950694,0.0,0.0016025641025641,0.00037202239579215525,0,0,0,0.7372462606837608,0.7572115384615385,0.0008095857140078857,0.0016191714280157721,0.7355769230769231,0.7387820512820513,0.7540064102564102,0.7596153846153846,0.1386663105413105,0.10906339031339032,0.004264917105508554,0.001707917209156952,0.1282051282051282,0.14743589743589744,0.10256410256410256,0.11057692307692307,0.019230769230769246,0.008012820512820512,1.1500000000000001,1.078125,0.015128158044323912,0.01630300788954635,0.0031537639710716645,1.2398437500000001,0.9962650187452132,0.9346476816356336,0.0014217430566865084,0.0233941447608616,0,0,0.0,0,0.1346153846153846,0.1375534188034188,0.14383012820512822,0.10710470085470085,0.10997596153846152,0.11010950854700856,0.009214743589743613,0.0030048076923077094,1,GERMINATED
zm5_2,10,72,0.00017417069021403192,0.0,0.0017917211358171,0.00037295469408893687,0,0,0,0.5294471153846154,0.794838408119658,0.0011073132980620297,0.0009577983632332623,0.5288461538461539,0.5344551282051282,0.7940705128205128,0.7980769230769231,0.1434740028490028,0.1346821581196581,0.0030567066239499435,0.0019155967264664821,0.1362179487179487,0.14743589743589744,0.1282051282051282,0.1362179487179487,0.008012820512820512,0.0064102564102563875,1.0574712643678161,1.0493827160493825,0.019328325605869674,0.020083415516107823,0.001985227646285337,1.1096920675464736,0.9972678467455643,0.9649496239534554,0.0010694645876915944,0.0134322503545717,0,0,0.0,0,0.13995726495726496,0.14369658119658119,0.1467681623931624,0.1328792735042735,0.13494925213675213,0.1362179487179487,0.0068108974358974395,0.003338675213675202,1,GERMINATED
zm5_3,1,72,0.00017615325770950558,0.0,0.0011331839442092,0.0003472259487409869,0,0,0,0.5815749643874644,0.17057291666666666,0.0010484834146468871,0.001223523117107948,0.5801282051282052,0.5849358974358975,0.16826923076923078,0.17387820512820512,0.12767094017094016,0.09742254273504272,0.0021533808088404246,0.002312138046632048,0.12179487179487179,0.12980769230769232,0.09294871794871795,0.10256410256410256,0.006410256410256401,0.008012820512820512,1.0526315789473684,1.0862068965517242,0.012441095211027103,0.013149243918474687,0.0016231097961867183,1.1433756805807622,0.9962333466208138,0.9720703125,0.0014328283002264207,0.0105119601887359,0,0,0.0,0,0.12526709401709402,0.12913995726495728,0.12860576923076922,0.09508547008547008,0.09702190170940173,0.10016025641025643,0.003338675213675202,0.005074786324786348,1,GERMINATED
zm5_3,2,72,0.00017615325770950558,0.0,0.0011331839442092,0.0003472259487409868,0,0,0,0.3233506944444444,0.2525707799145299,0.0012805027317551434,0.0008225617651412176,0.32051282051282054,0.32532051282051283,0.25080128205128205,0.2548076923076923,0.14055822649572647,0.11959134615384616,0.0030968799747075936,0.0008629038450400738,0.1282051282051282,0.14423076923076922,0.11858974358974358,0.12179487179487179,0.016025641025641024,-0.0016025641025640969,1.125,0.986842105263158,0.016808517559719478,0.01733542899408284,0.001720701840894151,1.1101973684210529,0.9968378463956555,0.9640198511166254,0.001221253379031729,0.0131138854425144,0,0,0.0,0,0.13822115384615385,0.14035790598290598,0.14309561965811965,0.1191239316239316,0.12012553418803418,0.11952457264957266,0.004874465811965795,0.000400641025641052,1,GERMINATED
zm5_3,3,72,0.00011391635480657222,0.0,0.0017917211358171,0.0003475400556719826,0,0,0,0.4807024572649572,0.34671029202279197,0.0013862539724910942,0.0003925211914295837,0.4791666666666667,0.4855769230769231,0.34615384615384615,0.34775641025641024,0.10247507122507121,0.10786146723646721,0.00036708561481638537,0.0007850423828591745,0.10096153846153846,0.10256410256410256,0.10576923076923077,0.10897435897435898,0.0,0.0016025641025640969,1.0,1.0151515151515151,0.01105308379447001,0.011176857330703484,0.00016436554898093328,1.0151515151515151,0.9976708739910344,0.954983922829582,0.0008892397337622695,0.0169202457479274,0,0,0.0,0,0.10243055555555557,0.10256410256410257,0.10243055555555557,0.10830662393162394,0.10790598290598291,0.10737179487179487,0.0,-0.0009348290598290704,0,NON-GERMINATED
zm5_3,4,72,0.000570098521661468,0.0,0.0025338763302631,0.0007761426783625646,0,0,0,0.21844951923076927,0.44970842236467234,0.00923450043159268,0.0008705488473381581,0.1891025641025641,0.2267628205128205,0.44871794871794873,0.4519230769230769,0.15008457977207973,0.10383279914529912,0.019680243572855107,0.0022495834038358735,0.1330128205128205,0.21474358974358973,0.09935897435897435,0.10897435897435898,0.08173076923076922,0.008012820512820512,1.614457831325301,1.0793650793650793,0.015622110761834321,0.02340154503616042,0.009972366042077581,1.7425894052400077,0.9919353942636664,0.9591516103692066,0.0031931760467967,0.0159439559854487,1,29,0.4027777777777778,1,0.1374198717948718,0.1423611111111111,0.1704727564102564,0.1015625,0.10369925213675213,0.1062366452991453,0.03305288461538458,0.004674145299145296,1,GERMINATED
zm5_3,5,72,0.00020954000984625557,0.0,0.0011331839442092,0.00036666199583834685,0,0,0,0.7030470975783477,0.4615050747863248,0.0011993958043702807,0.0010032705129084509,0.7011217948717948,0.7051282051282052,0.46073717948717946,0.46474358974358976,0.10815081908831908,0.1336582977207977,0.001252584247096824,0.004065270285140213,0.10416666666666667,0.10897435897435898,0.1282051282051282,0.14262820512820512,0.0048076923076923045,0.014423076923076927,1.0461538461538462,1.1125,0.01445585729189495,0.015542817225509533,0.0021881163708086793,1.163846153846154,0.9964132305929354,0.9730925175082934,0.001391570298872646,0.0101541884358332,1,12,0.16666666666666666,1,0.10770566239316239,0.10877403846153848,0.1079727564102564,0.12920673076923075,0.13327991452991453,0.13848824786324787,0.00026709401709401615,0.009281517094017117,1,GERMINATED
zm5_3,6,72,0.0001492856744387958,0.0,0.0016025641025641,0.0003469758137711907,0,0,0,0.39410835113960113,0.5817307692307693,0.0007974861368120807,0.0008123347396231564,0.3926282051282051,0.39663461538461536,0.5801282051282052,0.5841346153846154,0.15502581908831906,0.1269141737891738,0.0031489133570587677,0.002612049608650392,0.14583333333333334,0.15705128205128205,0.12179487179487179,0.13141025641025642,0.011217948717948706,0.008012820512820512,1.0769230769230769,1.0649350649350648,0.01968141904540142,0.020638149243918474,0.00264268984220907,1.1468531468531467,0.9973969784178505,0.9743589743589745,0.0010080932421375542,0.0100160256410256,0,0,0.0,0,0.1513755341880342,0.15665064102564102,0.15705128205128205,0.12393162393162394,0.12706997863247863,0.12974091880341881,0.005675747863247843,0.005809294871794879,1,GERMINATED
zm5_3,7,72,0.00014276650557275554,0.0,0.0011331839442092,0.00032320481018932227,0,0,0,0.592147435897436,0.616530893874644,0.00018886399070153445,0.000952091727741564,0.5913461538461539,0.592948717948718,0.6153846153846154,0.6193910256410257,0.1448539886039886,0.11936876780626779,0.0023972421684181427,0.001962605957147927,0.1362179487179487,0.14743589743589744,0.11378205128205128,0.12179487179487179,0.011217948717948734,0.008012820512820512,1.0823529411764707,1.0704225352112675,0.017295193677405216,0.017956936226166995,0.002457778599605524,1.1585749792874898,0.9975972858670603,0.9747765006385696,0.0009337481751511402,0.0095647943402366,0,0,0.0,0,0.14282852564102566,0.14583333333333334,0.14590010683760682,0.11712072649572648,0.1201923076923077,0.12079326923076923,0.003071581196581158,0.0036725427350427498,1,GERMINATED
zm5_3,8,72,0.00016041459181771113,0.0,0.0011331839442092,0.00032867641369719995,0,0,0,0.24208733974358973,0.6286057692307693,0.0009051443450671677,0.0005821179144685701,0.24118589743589744,0.24358974358974358,0.6274038461538461,0.6290064102564102,0.1496839387464387,0.12540064102564102,0.0025290816728351143,0.0014070050417805424,0.14102564102564102,0.15384615384615385,0.12179487179487179,0.1266025641025641,0.008012820512820512,0.0032051282051281937,1.0568181818181819,1.025974025974026,0.018770559961465413,0.01907154010519395,0.0014664488823142655,1.0842680047225501,0.9976486438355955,0.976536312849162,0.0009272441422230626,0.0089488600665292,0,0,0.0,0,0.14950587606837606,0.15050747863247863,0.14903846153846154,0.12366452991452992,0.12593482905982906,0.1266025641025641,-0.00046741452991452825,0.0029380341880341776,0,NON-GERMINATED
zm5_3,9,72,0.00016693376068375,0.0,0.000801282051282,0.00032541380691801335,0,0,0,0.6995860042735043,0.7795806623931624,0.000636978633424774,0.0005934958879083573,0.6979166666666666,0.7011217948717948,0.7788461538461539,0.78125,0.1178774928774929,0.1353276353276353,0.004716980832959258,0.0013850025984779254,0.10737179487179487,0.12980769230769232,0.1330128205128205,0.13782051282051283,0.022435897435897453,0.004807692307692318,1.2089552238805972,1.036144578313253,0.01595769042433706,0.017890162721893494,0.003608337442472062,1.2526524006473658,0.996566914568533,0.9714285714285714,0.001310086845457961,0.01,1,19,0.2638888888888889,1,0.11291399572649574,0.11838942307692307,0.12232905982905984,0.13388087606837606,0.13541666666666666,0.13668536324786326,0.009415064102564097,0.0028044871794871973,1,GERMINATED
zm5_3,10,72,0.00015580484330483333,0.0,0.000801282051282,0.00031712533050156033,0,0,0,0.4881143162393161,0.7994346509971512,0.0010430354802225717,0.0012286244141731244,0.484775641025641,0.48878205128205127,0.7980769230769231,0.8012820512820513,0.14770299145299143,0.10136217948717947,0.003916367066937811,0.0011252870957767572,0.1362179487179487,0.15224358974358973,0.09935897435897435,0.10256410256410256,0.016025641025641024,0.0032051282051282076,1.1176470588235294,1.032258064516129,0.014975313778398716,0.01561472715318869,0.002080251479289941,1.1537001897533208,0.9975922672736873,0.984126984126984,0.0009439796023575637,0.0060763888888889,0,0,0.0,0,0.1435630341880342,0.14817040598290598,0.15137553418803418,0.10022702991452992,0.10129540598290598,0.10256410256410257,0.007812499999999972,0.002337072649572655,1,GERMINATED
zm5_4,1,72,0.00018267242657554446,0.0,0.0011331839442092,0.00034384097232550753,0,0,0,0.4763287927350428,0.17211983618233623,0.0009898482291916344,0.0009409037298721587,0.47435897435897434,0.4775641025641026,0.17147435897435898,0.17467948717948717,0.1403356481481481,0.13016381766381768,0.003737659783529191,0.002791384509720595,0.12980769230769232,0.14743589743589744,0.11858974358974358,0.13141025641025642,0.01762820512820512,0.01282051282051283,1.1358024691358024,1.1081081081081081,0.018273825014610275,0.019374589086127547,0.0039807281393819845,1.2585919252585918,0.996501230770138,0.9514285714285714,0.0013433063077257933,0.0177365695637359,1,39,0.5416666666666666,1,0.13615117521367523,0.1405582264957265,0.14429754273504272,0.12780448717948717,0.1312767094017094,0.13141025641025642,0.008146367521367492,0.0036057692307692457,1,GERMINATED
zm5_4,2,72,0.00016693376068375277,0.0,0.0040064102564102,0.0005331436773060531,0,0,0,0.16252670940170943,0.3540776353276354,0.000844625443421038,0.001206037854713682,0.16105769230769232,0.16666666666666666,0.35096153846153844,0.3557692307692308,0.11729878917378918,0.14716880341880342,0.001502362627375906,0.002519759917750161,0.11217948717948718,0.1201923076923077,0.14102564102564102,0.15064102564102563,0.008012820512820512,0.009615384615384609,1.0714285714285714,1.0681818181818181,0.017266229956534443,0.018105892504930967,0.0022857084155161085,1.1444805194805194,0.9971744227829293,0.9165894346617238,0.0010974589704191057,0.0317978645350633,0,0,0.0,0,0.1157184829059829,0.1175213675213675,0.11865651709401707,0.14423076923076925,0.14763621794871795,0.14963942307692304,0.0029380341880341776,0.005408653846153799,1,GERMINATED
zm5_4,3,72,0.00010016025641025,0.0,0.000801282051282,0.0002649991297139848,0,0,0,0.6061030982905983,0.38201121794871795,0.0007035025208902717,0.0009131139377121769,0.6041666666666666,0.6065705128205128,0.38060897435897434,0.3838141025641026,0.12887286324786323,0.13652955840455838,0.0014070050417805534,0.0020277852517682324,0.125,0.12980769230769232,0.12980769230769232,0.13942307692307693,0.004807692307692318,0.009615384615384609,1.0384615384615385,1.074074074074074,0.0175973865877712,0.018098187869822487,0.0018722263313609468,1.1153846153846154,0.9984925159830532,0.9873417721518988,0.0005927235725980569,0.0049512130801687,1,9,0.125,1,0.12720352564102563,0.1296073717948718,0.12980769230769232,0.1344150641025641,0.13668536324786326,0.13848824786324787,0.002604166666666685,0.004073183760683774,1,GERMINATED
zm5_4,4,72,9.364108754421112e-05,0.0,0.0011331839442092,0.00026737232922813,0,0,0,0.3160723824786324,0.40189859330484323,0.0007058752174100521,0.0005638529443061499,0.3141025641025641,0.31650641025641024,0.4014423076923077,0.4030448717948718,0.1596109330484331,0.10881855413105414,0.00274548384284978,0.0023613244476871744,0.15384615384615385,0.16185897435897437,0.10416666666666667,0.11057692307692307,0.008012820512820512,0.006410256410256401,1.0520833333333333,1.0615384615384615,0.017374843909799837,0.01789786735700197,0.0018722263313609433,1.1168269230769228,0.9984771195578467,0.9757497488879324,0.0005938748616573583,0.0092241574529596,0,0,0.0,0,0.156116452991453,0.16085737179487178,0.16185897435897437,0.10583600427350426,0.11004273504273504,0.11057692307692307,0.005742521367521375,0.004740918803418814,1,GERMINATED
zm5_4,5,72,0.00010286058456996668,0.0,0.0011331839442092,0.0002958227836849608,0,0,0,0.7345864494301995,0.43443954772079774,0.0003655641850440444,0.00044944846212403405,0.7331730769230769,0.7347756410256411,0.43349358974358976,0.4358974358974359,0.1352608618233618,0.1398014601139601,0.002010487514745021,0.002498336608814164,0.1282051282051282,0.1362179487179487,0.13141025641025642,0.14102564102564102,0.008012820512820512,0.009615384615384609,1.0625,1.073170731707317,0.01891459383446563,0.019210223537146614,0.00236275476660092,1.1402439024390243,0.9981938741962542,0.9757548713372006,0.0006990034112814944,0.0092223645957157,0,0,0.0,0,0.13334668803418803,0.1362179487179487,0.1362179487179487,0.1373530982905983,0.14102564102564102,0.14102564102564102,0.0028712606837606736,0.003672542735042722,1,GERMINATED
zm5_4,6,72,8.903133903133471e-05,0.0,0.0024038461538461,0.0003419313456137963,0,0,0,0.18492922008547005,0.4872351317663818,0.0004614140945875165,0.0008159098056120415,0.18189102564102563,0.18509615384615385,0.4863782051282051,0.4895833333333333,0.1543135683760684,0.09648771367521368,0.003085340558800193,0.00084198185182415,0.13942307692307693,0.15544871794871795,0.09455128205128205,0.09775641025641026,0.016025641025641024,0.0032051282051282076,1.1149425287356323,1.033898305084746,0.014890741140240341,0.015196108645627877,0.002013477975016437,1.1527371907266706,0.9975972620044788,0.9631147540983608,0.0008988286688027541,0.013430669398907,0,0,0.0,0,0.15204326923076925,0.15544871794871795,0.15544871794871795,0.09595352564102565,0.09615384615384616,0.09735576923076923,0.003405448717948706,0.0014022435897435848,1,GERMINATED
zm5_4,7,72,0.00045595800779553615,0.0,0.0033995518326276,0.0006854376906893683,0,0,0,0.7366230413105413,0.5925480769230769,0.0015610662166220756,0.0033386752136752014,0.7299679487179487,0.7379807692307693,0.5817307692307693,0.5977564102564102,0.13550569800569798,0.12250712250712252,0.005746488448399187,0.010477744209348128,0.1233974358974359,0.15224358974358973,0.10897435897435898,0.15384615384615385,0.028846153846153827,0.04487179487179488,1.2337662337662336,1.411764705882353,0.016657813470213313,0.023422090729783036,0.009974934253780404,1.741787624140565,0.990569550795226,0.9369504858861638,0.0035970299267379133,0.0242770386310506,1,31,0.4305555555555556,1,0.13087606837606836,0.13428151709401712,0.14135950854700854,0.11204594017094016,0.12219551282051282,0.13327991452991453,0.01048344017094019,0.021233974358974367,1,GERMINATED
zm5_4,8,72,0.00010477000492312778,0.0,0.0011331839442092,0.000279637736236854,0,0,0,0.4880809294871795,0.6403245192307693,0.0004416652161900015,0.0005496153055941323,0.48717948717948717,0.48878205128205127,0.6394230769230769,0.6418269230769231,0.1377537393162393,0.106948896011396,0.0027555702833818624,0.0011640230470969435,0.1282051282051282,0.13942307692307693,0.10416666666666667,0.10897435897435898,0.011217948717948734,0.0048076923076923045,1.0875000000000001,1.0461538461538462,0.014734936296935496,0.01519354043392505,0.0018388395792241965,1.1376923076923078,0.9978111868741674,0.9608277900960828,0.0008341850972414125,0.0142311067997043,0,0,0.0,0,0.13488247863247863,0.1389556623931624,0.13942307692307693,0.10556891025641024,0.10737179487179487,0.1079059829059829,0.004540598290598302,0.002337072649572655,1,GERMINATED
zm5_4,9,72,0.00011589892230204445,0.0,0.0011331839442092,0.00029096195458240846,0,0,0,0.27456152065527073,0.6772168803418803,0.0005199717942585303,0.00044292531922481167,0.27403846153846156,0.27564102564102566,0.6762820512820513,0.6786858974358975,0.1491497507122507,0.1190349002849003,0.0024381220408496353,0.0024657019985979797,0.14423076923076922,0.15224358974358973,0.11057692307692307,0.1201923076923077,0.008012820512820512,0.009615384615384623,1.0555555555555556,1.0869565217391306,0.017758648880944555,0.018298508382642995,0.0023499137080867857,1.1473429951690821,0.9981051987439129,0.9750812567713976,0.0007385147391268888,0.0094581296937468,1,18,0.25,1,0.14603365384615385,0.1500400641025641,0.15137553418803418,0.11672008547008546,0.1201923076923077,0.1201923076923077,0.005341880341880323,0.0034722222222222376,1,GERMINATED
zm5_4,10,72,0.00016041459181771113,0.0,0.0011331839442092,0.0003286764136972,0,0,0,0.4542267628205128,0.7910211894586894,0.0008116483561126596,0.00047477584151757153,0.4519230769230769,0.4551282051282051,0.7900641025641025,0.7916666666666666,0.16232638888888892,0.11253561253561256,0.00391124055705328,0.0025649680005142323,0.14903846153846154,0.16506410256410256,0.10416666666666667,0.11538461538461539,0.016025641025641024,0.01121794871794872,1.10752688172043,1.1076923076923078,0.01827703527923881,0.01904585798816568,0.0035210182445759367,1.2267990074441688,0.9971821019324167,0.9754510499852116,0.0010905338083356765,0.0093287020689119,1,3,0.041666666666666664,1,0.1580528846153846,0.1638621794871795,0.16506410256410256,0.10997596153846152,0.11338141025641026,0.11424946581196582,0.0070112179487179516,0.0042735042735043,1,GERMINATED
zm5_5,1,72,0.00048649813748795134,0.0,0.0024038461538461,0.000643653547860508,0,0,0,0.40163149928774927,0.25318287037037035,0.004478293500183818,0.0011942733640755222,0.38782051282051283,0.4110576923076923,0.2516025641025641,0.25560897435897434,0.16023415242165243,0.1063034188034188,0.012138807644842885,0.0025618758137354275,0.14583333333333334,0.20192307692307693,0.10256410256410256,0.11057692307692307,0.056089743589743585,0.006410256410256415,1.3846153846153846,1.0625,0.017052997045985827,0.022004437869822487,0.007047172912557529,1.4711538461538463,0.9926351687510928,0.9522865286900484,0.0028939147264846836,0.0178643336967642,1,26,0.3611111111111111,1,0.15271100427350429,0.15691773504273504,0.17107371794871795,0.10329861111111112,0.10657051282051282,0.1090411324786325,0.018362713675213665,0.005742521367521375,1,GERMINATED
zm5_5,2,72,0.0001780626780626667,0.0,0.000801282051282,0.00033312476734096325,0,0,0,0.5912348646723646,0.2679954594017094,0.001871114910338937,0.0006931269862455474,0.5881410256410257,0.5961538461538461,0.2676282051282051,0.27003205128205127,0.14129273504273498,0.12925124643874641,0.001361917605126272,0.0024935729532042836,0.13782051282051283,0.14423076923076922,0.1233974358974359,0.13141025641025642,0.0064102564102563875,0.0032051282051282215,1.0465116279069766,1.0250000000000001,0.0182639088638688,0.018953402366863905,0.0012841058514135445,1.0726744186046513,0.9970359418663413,0.9625,0.0011531610875212847,0.0136458333333333,1,6,0.08333333333333333,1,0.14089209401709402,0.14089209401709402,0.1420940170940171,0.12640224358974358,0.1299412393162393,0.13141025641025642,0.0012019230769230727,0.0050080128205128305,1,GERMINATED
zm5_5,3,72,0.0001837744065612222,0.0,0.0040857528153788,0.0005523479282465851,0,0,0,0.2447137642450143,0.3098847044159544,0.0016062309046396906,0.0003775640013730252,0.24278846153846154,0.25240384615384615,0.30849358974358976,0.31009615384615385,0.17964298433048434,0.10846242877492879,0.003954071612483927,0.003418661406231103,0.16987179487179488,0.1842948717948718,0.10096153846153846,0.11057692307692307,0.01282051282051283,0.009615384615384609,1.074766355140187,1.0952380952380951,0.01949693583808167,0.020378759861932938,0.0030664447731755425,1.1771250556297286,0.9970061877982054,0.9396242650222286,0.0011672876348928958,0.0237872465722162,1,13,0.18055555555555555,1,0.1748130341880342,0.18088942307692304,0.18322649572649574,0.10423344017094016,0.11057692307692307,0.11057692307692307,0.008413461538461536,0.006343482905982911,1,GERMINATED
zm5_5,4,72,0.0001896315179361833,0.0,0.0057781270440128,0.000725145638750339,0,0,0,0.7404959045584045,0.36151175213675213,0.0009281810657938476,0.0004996871510114746,0.7387820512820513,0.7459935897435898,0.359775641025641,0.3629807692307692,0.14547720797720798,0.10621438746438744,0.004008388242339901,0.0021404585612840605,0.1330128205128205,0.14743589743589744,0.10096153846153846,0.10737179487179487,0.014423076923076927,0.006410256410256401,1.108433734939759,1.0634920634920635,0.015459921058879396,0.015830456936226166,0.0024012779421433254,1.1788104800152992,0.9956982661192169,0.87486554320545,0.0016288673449326486,0.0475528424567008,0,0,0.0,0,0.1417601495726496,0.14743589743589744,0.1472355769230769,0.10389957264957266,0.10737179487179487,0.10737179487179487,0.005475427350427303,0.00347222222222221,0,NON-GERMINATED
zm5_5,5,72,0.00037299877433648196,0.0,0.0058334213856414,0.0007923184110527814,0,0,0,0.4718660968660968,0.4642539173789173,0.001891261198918088,0.0009112130293117273,0.46634615384615385,0.4807692307692308,0.4623397435897436,0.4655448717948718,0.17806267806267806,0.11578525641025644,0.006512689612847788,0.0019214068603015683,0.15865384615384615,0.19230769230769232,0.11057692307692307,0.11698717948717949,0.03205128205128205,0.006410256410256415,1.2,1.0579710144927537,0.02062751970103733,0.022497534516765286,0.004776873767258383,1.2695652173913043,0.9945147499530855,0.9062890462307372,0.0021622867197388282,0.0365905577199089,1,22,0.3055555555555556,1,0.17094017094017092,0.1794871794871795,0.18376068376068377,0.11371527777777779,0.11678685897435896,0.11685363247863247,0.012820512820512858,0.003138354700854676,1,GERMINATED
zm5_5,6,72,0.00018140761974431388,0.0,0.0017917211358171,0.00041495965545462087,0,0,0,0.17530270655270655,0.5205551103988605,0.0013167912622639854,0.0007454713426377367,0.17467948717948717,0.18189102564102563,0.5184294871794872,0.5224358974358975,0.1350160256410256,0.13054220085470084,0.0021821761002094294,0.002249583403835871,0.1266025641025641,0.13782051282051283,0.12179487179487179,0.1346153846153846,0.011217948717948734,0.012820512820512817,1.0886075949367089,1.1052631578947367,0.01762984593012638,0.01855276134122288,0.0031332182774490482,1.2031978680879414,0.9967858247072184,0.962493911349245,0.0012428763053073761,0.0142917497660453,1,28,0.3888888888888889,1,0.13321314102564102,0.13501602564102563,0.13681891025641024,0.1283386752136752,0.1311431623931624,0.132144764957265,0.003605769230769218,0.0038060897435897856,1,GERMINATED
zm5_5,7,72,0.00022527867573805002,0.0,0.0011331839442092,0.00038135594484430647,0,0,0,0.7310585826210827,0.5292356659544161,0.0011589045625841254,0.0005340720953838049,0.7283653846153846,0.7355769230769231,0.5272435897435898,0.5296474358974359,0.14828169515669515,0.11963586182336182,0.003045014970559593,0.0017948980712899347,0.14423076923076922,0.15865384615384615,0.11698717948717949,0.1233974358974359,0.014423076923076927,0.004807692307692318,1.1,1.0405405405405406,0.017744452377365036,0.019577477810650886,0.0024731878698224866,1.1445945945945948,0.99647863937209,0.9756459756459755,0.001378907358998243,0.0092604780876445,1,10,0.1388888888888889,1,0.1456330128205128,0.14783653846153846,0.15137553418803418,0.11765491452991451,0.11979166666666667,0.12146100427350427,0.005742521367521375,0.003806089743589758,1,GERMINATED
zm5_5,8,72,0.00018792678861035276,0.0,0.0035834422716342,0.0005088789440900295,0,0,0,0.3154936787749288,0.6413483796296298,0.0010170028268031287,0.00041506535343152726,0.3141025641025641,0.3213141025641026,0.6402243589743589,0.6418269230769231,0.1195468304843305,0.14710202991452992,0.00232325313134979,0.0022653840082381646,0.11538461538461539,0.1233974358974359,0.13942307692307693,0.14903846153846154,0.006410256410256415,0.008012820512820512,1.0547945205479452,1.0574712643678161,0.017586971062531962,0.01819321170282709,0.0018824991781722575,1.1154148952920802,0.9964044780152818,0.925712553062462,0.0013805851072480528,0.0283298439047005,0,0,0.0,0,0.11685363247863247,0.11972489316239317,0.12206196581196582,0.14576655982905984,0.14810363247863248,0.14743589743589744,0.0052083333333333565,0.001669337606837601,0,NON-GERMINATED
zm5_5,9,72,0.0002225783475783375,0.0,0.0040064102564102,0.0005700787248426528,0,0,0,0.5201655982905984,0.7008547008547007,0.0020076517599322712,0.0009057598802250596,0.5176282051282052,0.5272435897435898,0.6995192307692307,0.7027243589743589,0.11680911680911682,0.14476495726495722,0.003763614919488648,0.004103176147365709,0.10897435897435898,0.12179487179487179,0.1362179487179487,0.15224358974358973,0.012820512820512817,0.016025641025641024,1.1176470588235294,1.1176470588235294,0.01692462213045146,0.01854248849441157,0.0036982248520710057,1.2491349480968859,0.9961878159358627,0.9087963712943464,0.0014789403483739484,0.0345254367136454,0,0,0.0,0,0.11311431623931624,0.1156517094017094,0.12166132478632478,0.140625,0.1437633547008547,0.14990651709401706,0.008547008547008544,0.009281517094017061,1,GERMINATED
zm5_5,10,72,0.00012241809116808752,0.0,0.0048076923076923,0.0005921378914896248,0,0,0,0.7505675747863249,0.702023237179487,0.0007606026809491515,0.0003992474874165781,0.75,0.7556089743589743,0.7011217948717948,0.7027243589743589,0.11727653133903132,0.12199519230769232,0.0014708707440844687,0.0007984949748331615,0.11378205128205128,0.11858974358974358,0.1201923076923077,0.1233974358974359,0.0048076923076923045,0.0032051282051282076,1.0422535211267605,1.0266666666666666,0.01430797110134049,0.014633670282708745,0.0009579429651545047,1.0700469483568076,0.9979399024813288,0.918918918918919,0.0008006058907941665,0.0315033783783783,1,7,0.09722222222222222,1,0.1157852564102564,0.11745459401709402,0.11858974358974357,0.12146100427350426,0.12179487179487179,0.12272970085470086,0.0028044871794871695,0.0012686965811966044,1,GERMINATED
zm5_6,1,72,0.00012702783968096112,0.0,0.0011331839442092,0.00030145107214456045,0,0,0,0.44099448005698005,0.14407496438746437,0.0005555548421629559,0.0006628949702562106,0.43990384615384615,0.4423076923076923,0.14262820512820512,0.1450320512820513,0.15558226495726496,0.11832264957264958,0.002848655049105438,0.0014871165499011816,0.14423076923076922,0.15865384615384615,0.11378205128205128,0.12179487179487179,0.014423076923076927,0.008012820512820512,1.1,1.0704225352112675,0.018412722464204837,0.019323224852071004,0.0029123520710059164,1.1774647887323944,0.9973833794568312,0.9655371304974766,0.0009983852859017333,0.0125828376592165,1,6,0.08333333333333333,1,0.1529780982905983,0.1561832264957265,0.15758547008547008,0.11705395299145298,0.11858974358974357,0.11932425213675213,0.0046073717948717785,0.002270299145299151,1,GERMINATED
zm5_6,2,72,0.00020705964293383887,0.0,0.0028890635220064,0.00045476758146778773,0,0,0,0.5777354878917378,0.2887063746438746,0.0011052421392573227,0.0003925211914296089,0.5761217948717948,0.5825320512820513,0.2876602564102564,0.28926282051282054,0.13695245726495725,0.11262464387464391,0.002961463256081289,0.002494466831574415,0.12980769230769232,0.14262820512820512,0.10737179487179487,0.11538461538461539,0.012820512820512803,0.006410256410256415,1.0987654320987652,1.0597014925373134,0.015430600641938784,0.016272189349112426,0.0022908448389217587,1.1643633683434675,0.9961439722030742,0.9360042545647936,0.00148419849683105,0.0242764021916264,0,0,0.0,0,0.13368055555555555,0.13688568376068377,0.14029113247863248,0.10997596153846152,0.11271367521367522,0.11518429487179487,0.006610576923076927,0.005208333333333343,1,GERMINATED
zm5_6,3,72,0.00023392722620454998,0.0,0.0028890635220064,0.00047086888510919464,0,0,0,0.3350471866096865,0.31827590811965817,0.0007707126822106862,0.0015281507066433981,0.33413461538461536,0.33814102564102566,0.31490384615384615,0.31971153846153844,0.15389066951566951,0.10254184472934472,0.004548229370394495,0.0023813802928557472,0.14583333333333334,0.16185897435897437,0.09455128205128205,0.10576923076923077,0.014423076923076927,0.009615384615384623,1.0978260869565217,1.1016949152542375,0.015789757914657754,0.017119699211045364,0.0029200567061144003,1.2094694178334562,0.9955394935553706,0.9366731345916388,0.0017132299526532167,0.0240422941822306,0,0,0.0,0,0.14870459401709402,0.15404647435897437,0.15892094017094016,0.09969284188034187,0.10329861111111112,0.1046340811965812,0.010216346153846145,0.0049412393162393264,1,GERMINATED
zm5_6,4,72,0.00012241809116808334,0.0,0.000801282051282,0.00028827977757718543,0,0,0,0.7637442129629629,0.35677083333333326,0.00028827977757720305,0.0004768582016922292,0.7636217948717948,0.7644230769230769,0.3557692307692308,0.3573717948717949,0.1559161324786325,0.1164084757834758,0.0022416413370185,0.0025381740189010737,0.15224358974358973,0.16025641025641027,0.10897435897435898,0.11858974358974358,0.00801282051282054,0.009615384615384609,1.0526315789473686,1.088235294117647,0.01815497388414055,0.019004766600920448,0.002414119000657463,1.1455108359133128,0.9981250688299806,0.9855072463768116,0.0007357976687660099,0.0055932971014492,1,7,0.09722222222222222,1,0.15364583333333334,0.15564903846153846,0.15845352564102563,0.11364850427350427,0.11698717948717947,0.11858974358974357,0.004807692307692291,0.004941239316239299,1,GERMINATED
zm5_6,5,72,0.00030908007294720556,0.0,0.0035834422716342,0.0005918949195619854,0,0,0,0.40371260683760685,0.4810363247863248,0.0032438455666375754,0.0019352800141812757,0.39903846153846156,0.41346153846153844,0.47836538461538464,0.484775641025641,0.10559116809116807,0.14774750712250712,0.0020438462042822276,0.004553454719407824,0.09935897435897435,0.10737179487179487,0.1362179487179487,0.15544871794871795,0.0,0.019230769230769246,1.0,1.1411764705882355,0.015606630152403387,0.016518737672583828,0.0020340236686390532,1.1411764705882352,0.9941537396143789,0.9190791768399024,0.0022470931823830014,0.0306515255825964,1,14,0.19444444444444445,1,0.10389957264957266,0.10650373931623931,0.10637019230769229,0.1424946581196581,0.14810363247863248,0.15264423076923075,0.0024706196581196355,0.010149572649572641,1,GERMINATED
zm5_6,6,72,0.00014467592592591668,0.0,0.000801282051282,0.00030821274982472725,0,0,0,0.5754874465811964,0.511707621082621,0.00048035171507539187,0.000958896867367252,0.5753205128205128,0.5777243589743589,0.5088141025641025,0.5128205128205128,0.11184561965811968,0.14009081196581194,0.0009607034301507889,0.004753598218631857,0.10737179487179487,0.11217948717948718,0.1266025641025641,0.14903846153846154,0.004807692307692318,0.02243589743589744,1.0447761194029852,1.1772151898734178,0.015671976872397544,0.01671905818540434,0.003125513642340568,1.2299263177781978,0.9971472802965275,0.9753086419753086,0.0010924912480672403,0.0086419753086419,1,5,0.06944444444444445,1,0.11117788461538462,0.11217948717948718,0.11217948717948718,0.13501602564102566,0.140491452991453,0.14476495726495728,0.0010016025641025605,0.009748931623931617,1,GERMINATED
zm5_6,7,72,0.0005422556080378958,0.0,0.0033037705333474,0.0009349537337579346,0,0,0,0.8005586716524217,0.5286569622507122,0.006783556708942003,0.0016918516801542162,0.7748397435897436,0.8052884615384616,0.5240384615384616,0.5296474358974359,0.1566283831908832,0.10663728632478633,0.019508823929313957,0.002900615201518892,0.13942307692307693,0.22275641025641027,0.10096153846153846,0.11538461538461539,0.08333333333333334,0.014423076923076927,1.5977011494252875,1.1428571428571428,0.01675251627675506,0.025702662721893494,0.011626294378698228,1.8259441707717572,0.9909690443578033,0.9525810324129652,0.0035133006199934416,0.018744089502138,1,33,0.4583333333333333,1,0.1440304487179487,0.14877136752136752,0.17708333333333334,0.10389957264957266,0.10610309829059827,0.10990918803418803,0.03305288461538464,0.006009615384615377,1,GERMINATED
zm5_6,8,72,0.00023045989063054582,0.0,0.0017917211358171,0.0004533132354591345,0,0,0,0.2918447293447294,0.5576700498575498,0.001940903610807653,0.0006673639757195913,0.28926282051282054,0.29967948717948717,0.5560897435897436,0.5584935897435898,0.15268874643874641,0.12072649572649571,0.0037223192593245865,0.003260297974287848,0.14102564102564102,0.15865384615384615,0.10737179487179487,0.1233974358974359,0.01762820512820512,0.016025641025641038,1.125,1.1492537313432838,0.018444718101669224,0.019577477810650886,0.00443530161078238,1.2929104477611941,0.9955875375460835,0.9601042175541444,0.0016941607877806152,0.0144843571893828,1,23,0.3194444444444444,1,0.14877136752136752,0.15271100427350426,0.15658386752136752,0.11758814102564104,0.12152777777777778,0.1230635683760684,0.0078125,0.005475427350427359,1,GERMINATED
zm5_6,9,72,0.00022718809609121386,0.0,0.0032051282051282,0.0004926051426954815,0,0,0,0.6507968304843303,0.7068865740740741,0.0005765595551544057,0.0009780792620512713,0.6498397435897436,0.6538461538461539,0.7051282051282052,0.7083333333333334,0.11280270655270656,0.13109864672364668,0.002833659270448641,0.004819836342715078,0.10576923076923077,0.11698717948717949,0.11858974358974358,0.13782051282051283,0.0048076923076923045,0.01282051282051283,1.042857142857143,1.1025641025641026,0.014801495783567098,0.016123233070348457,0.002100797172912559,1.14981684981685,0.9950809024060226,0.8945054945054945,0.0018693564203513778,0.0390064102564102,1,9,0.125,1,0.1097088675213675,0.11271367521367522,0.11598557692307691,0.12553418803418803,0.13161057692307696,0.13615117521367523,0.006276709401709407,0.010616987179487197,1,GERMINATED
zm5_6,10,72,0.00012241809116808334,0.0,0.000801282051282,0.00028827977757718543,0,0,0,0.4028445512820513,0.7161792200854702,0.0019387327912604073,0.00032541380691803297,0.3998397435897436,0.40705128205128205,0.7155448717948718,0.7163461538461539,0.1536235754985755,0.11505074786324787,0.00495605565928682,0.0006508276138360716,0.14423076923076922,0.16185897435897437,0.11378205128205128,0.11538461538461539,0.01762820512820515,0.0,1.1222222222222225,1.0,0.017676252088812187,0.01867603550295858,0.0020340236686390567,1.1222222222222225,0.9980224637342189,0.9797979797979798,0.0007717094522826862,0.007070707070707,0,0,0.0,0,0.14783653846153846,0.15377938034188035,0.15925480769230768,0.11438301282051282,0.11538461538461538,0.11538461538461538,0.011418269230769218,0.0010016025641025605,1,GERMINATED
zm5_7,1,72,0.00020169054515688193,0.0,0.0033037705333474,0.0005035823483899147,0,0,0,0.22325721153846156,0.21038105413105412,0.0006866641226363218,0.0010420851060113589,0.21955128205128205,0.22516025641025642,0.2091346153846154,0.21233974358974358,0.12747061965811965,0.11453881766381767,0.0019062636783680833,0.003114506614977174,0.12179487179487179,0.1330128205128205,0.10737179487179487,0.11858974358974358,0.01121794871794872,0.009615384615384609,1.0921052631578947,1.088235294117647,0.014605241605942725,0.01577395627876397,0.0025014381985535815,1.1884674922600618,0.9965015848139048,0.9359284783013596,0.0013555441694852678,0.0245724834412,0,0,0.0,0,0.12580128205128205,0.12713675213675213,0.12947382478632477,0.11077724358974357,0.11531784188034189,0.1175213675213675,0.003672542735042722,0.006744123931623935,1,GERMINATED
zm5_7,2,72,0.00010016025641025001,0.0,0.000801282051282,0.0002649991297139848,0,0,0,0.5334980413105411,0.23650062321937318,0.0003440977749675094,0.0007149409164151071,0.5328525641025641,0.5344551282051282,0.23557692307692307,0.23798076923076922,0.1002938034188034,0.138599537037037,0.0016839637036483032,0.0025617791227571596,0.09615384615384616,0.10256410256410256,0.12980769230769232,0.14102564102564102,0.006410256410256401,0.011217948717948706,1.0666666666666667,1.0864197530864197,0.013904262489498867,0.014464168310322156,0.00198265943458251,1.1588477366255143,0.9979683017976141,0.9767441860465116,0.0007761985375017265,0.0081395348837209,0,0,0.0,0,0.09875801282051282,0.0999599358974359,0.10216346153846155,0.1357505341880342,0.13935630341880342,0.1406917735042735,0.0034054487179487336,0.004941239316239299,1,GERMINATED
zm5_7,3,72,0.00024292676198300555,0.0,0.0011331839442092,0.000382213066847223,0,0,0,0.6795984686609687,0.3589632300569801,0.0010020970605849706,0.0007252605395357493,0.6770833333333334,0.6810897435897436,0.3581730769230769,0.359775641025641,0.15286680911680914,0.1063701923076923,0.007830709910005706,0.002857250653757298,0.13942307692307693,0.16826923076923078,0.10256410256410256,0.11378205128205128,0.028846153846153855,0.01121794871794872,1.206896551724138,1.109375,0.016281534786142155,0.019146018244575937,0.004846215483234714,1.3389008620689655,0.9955582687799025,0.971830985915493,0.0017125083223231096,0.0098591549295774,1,13,0.18055555555555555,1,0.1452323717948718,0.15084134615384615,0.1625267094017094,0.10409989316239317,0.10510149572649573,0.10990918803418803,0.0172943376068376,0.005809294871794865,1,GERMINATED
zm5_7,4,72,0.00013163758819384027,0.0,0.0016025641025641,0.00034122217331734325,0,0,0,0.37193954772079774,0.4371661324786324,0.0005870965406477002,0.0009419561952234122,0.37099358974358976,0.37259615384615385,0.43509615384615385,0.43830128205128205,0.12693643162393162,0.11436075498575499,0.002532996359293624,0.001587032004093298,0.1201923076923077,0.12980769230769232,0.10897435897435898,0.11538461538461539,0.009615384615384623,0.0048076923076923045,1.08,1.0441176470588236,0.014519099505077068,0.014792899408284023,0.0016719058185404347,1.1276470588235294,0.9975814085610691,0.9725400457665904,0.0009320714359518709,0.010630707762557,0,0,0.0,0,0.12413194444444446,0.12753739316239315,0.12913995726495725,0.11331463675213675,0.11538461538461538,0.11438301282051282,0.005008012820512789,0.0010683760683760646,0,NON-GERMINATED
zm5_7,5,72,0.00010937975343600556,0.0,0.0011331839442092,0.0002934748519779355,0,0,0,0.5525062321937322,0.5059873575498575,0.0009440576059672552,0.0005337241278615452,0.5496794871794872,0.5536858974358975,0.5048076923076923,0.5064102564102564,0.11658653846153848,0.1463230056980057,0.0025020024032044804,0.001525920272525167,0.11217948717948718,0.11858974358974358,0.14262820512820512,0.14743589743589744,0.006410256410256401,0.004807692307692318,1.0571428571428572,1.0337078651685394,0.017062841857513333,0.017484385272846813,0.0014844263642340566,1.092776886035313,0.9979995918635447,0.9750812567713976,0.0007712396874927194,0.0094581296937468,0,0,0.0,0,0.11338141025641026,0.11778846153846152,0.11858974358974357,0.14456463675213674,0.14696848290598288,0.14743589743589744,0.005208333333333315,0.0028712606837607013,0,NON-GERMINATED
zm5_7,6,72,0.00011589892230204445,0.0,0.0011331839442092,0.00029096195458240824,0,0,0,0.19110576923076927,0.5222689636752137,0.0005341880341880447,0.0003762495883274777,0.18990384615384615,0.19230769230769232,0.5208333333333334,0.5232371794871795,0.09873575498575497,0.13900017806267806,0.0020263188526960527,0.0015572533074885834,0.09134615384615384,0.10096153846153846,0.1346153846153846,0.14262820512820512,0.009615384615384623,0.008012820512820512,1.105263157894737,1.0595238095238095,0.013726948873182848,0.014399963017751479,0.002103365384615386,1.1710526315789476,0.9973799832935418,0.9547357926221336,0.0009923401467566333,0.0163633059155865,1,11,0.1527777777777778,1,0.09628739316239317,0.09922542735042734,0.10069444444444446,0.13762019230769232,0.13848824786324787,0.14089209401709402,0.004407051282051294,0.0032719017094016978,1,GERMINATED
zm5_7,7,72,0.0009006994425717861,0.000801282051282,0.0040064102564102,0.0011253866539780444,0,0,0,0.32966079059829057,0.6510416666666666,0.008725383510531502,0.011167756301896106,0.3245192307692308,0.3573717948717949,0.6394230769230769,0.6858974358974359,0.11293625356125357,0.1399127492877493,0.01589371495320709,0.025036611427045993,0.10096153846153846,0.16346153846153846,0.11217948717948718,0.21474358974358973,0.0625,0.10256410256410255,1.619047619047619,1.9142857142857141,0.016191397689294326,0.03510231755424063,0.02377650394477317,3.0993197278911557,0.9835427044725198,0.9308193163320672,0.006345508072289757,0.0267155013413816,1,32,0.4444444444444444,1,0.1030315170940171,0.10637019230769229,0.1294070512820513,0.11932425213675213,0.13294604700854698,0.1674679487179487,0.02637553418803419,0.04814369658119658,1,GERMINATED
zm5_7,8,72,0.00018919159544158334,0.0,0.000801282051282,0.0003402974726544624,0,0,0,0.8451299857549857,0.7045383725071225,0.00046688428070252295,0.0016301109985164975,0.84375,0.8453525641025641,0.7011217948717948,0.7067307692307693,0.10051638176638175,0.13432603276353272,0.0009337685614050523,0.005884114470417725,0.09775641025641026,0.10096153846153846,0.12179487179487179,0.14583333333333334,0.0032051282051282076,0.02403846153846155,1.0327868852459017,1.1973684210526316,0.013505868649097814,0.014723557692307694,0.0028173282380013175,1.236626402070751,0.9970687758794621,0.9838709677419356,0.0011489029792252363,0.0061659946236559,1,18,0.25,1,0.0996260683760684,0.10096153846153848,0.10096153846153848,0.12780448717948717,0.13421474358974358,0.14095886752136752,0.0013354700854700807,0.01315438034188035,1,GERMINATED
zm5_7,9,72,0.00011128917378916668,0.0,0.000801282051282,0.0002771078080036491,0,0,0,0.49877581908831914,0.7294782763532763,0.0004000222746530306,0.0003906234146809157,0.4983974358974359,0.49919871794871795,0.7291666666666666,0.7299679487179487,0.10105056980056977,0.14783653846153844,0.0014844490741215347,0.003977369821537239,0.09294871794871795,0.10256410256410256,0.1362179487179487,0.15224358974358973,0.009615384615384609,0.016025641025641024,1.103448275862069,1.1176470588235294,0.014943924524253046,0.01561472715318869,0.002953443458251149,1.2332657200811359,0.9971526930302702,0.913978494623656,0.0010688954023683917,0.0301075268817204,1,8,0.1111111111111111,1,0.09969284188034187,0.10096153846153848,0.10249732905982907,0.14309561965811968,0.14930555555555555,0.15110844017094016,0.0028044871794871973,0.008012820512820484,1,GERMINATED
zm5_7,10,72,8.903133903133334e-05,0.0,0.000801282051282,0.0002518186542686973,0,0,0,0.620949074074074,0.7412192841880343,0.00029528354614987405,0.0003388385271465071,0.6201923076923077,0.6217948717948718,0.7403846153846154,0.7419871794871795,0.10024928774928772,0.11340366809116811,0.002168054783099343,0.0013218605565617227,0.09134615384615384,0.10256410256410256,0.10737179487179487,0.11538461538461539,0.01121794871794872,0.008012820512820526,1.1228070175438596,1.074626865671642,0.011371399367192638,0.011834319526627219,0.002026319033530573,1.206598586017282,0.9974332903320384,0.9518943170488534,0.0009562187541569125,0.0173578223662346,0,0,0.0,0,0.09835737179487179,0.10096153846153848,0.101428952991453,0.11231303418803418,0.11378205128205128,0.1141159188034188,0.0030715811965812134,0.0018028846153846229,0,NON-GERMINATED
zm5_8,1,72,0.0001251184193278,0.0,0.0011331839442092,0.00031665691819690285,0,0,0,0.42128516737891736,0.21422053062678065,0.00043259864061557986,0.000695980106559592,0.4198717948717949,0.421474358974359,0.21394230769230768,0.2171474358974359,0.15248842592592593,0.10681534900284897,0.0033643216064494163,0.001391960213119169,0.13942307692307693,0.15384615384615385,0.10096153846153846,0.10737179487179487,0.014423076923076927,0.006410256410256401,1.103448275862069,1.0634920634920635,0.016292735042735044,0.016518737672583828,0.0024423693293885614,1.1735084838533116,0.9977989120222025,0.9731889204545454,0.0008517077647922485,0.010120447404645,0,0,0.0,0,0.14977297008547008,0.15384615384615385,0.15384615384615385,0.10570245726495726,0.10737179487179487,0.10737179487179487,0.004073183760683774,0.001669337606837601,0,NON-GERMINATED
zm5_8,2,72,0.00020032051282050002,0.0,0.000801282051282,0.00034696530600335874,0,0,0,0.6337918447293447,0.2837540064102564,0.003287460342704656,0.0011560690233160212,0.6274038461538461,0.6386217948717948,0.28205128205128205,0.28525641025641024,0.14258368945868946,0.1155849358974359,0.0065749206854093314,0.0023121380466320472,0.12980769230769232,0.15224358974358973,0.11217948717948718,0.11858974358974358,0.02243589743589741,0.006410256410256401,1.1728395061728394,1.0571428571428572,0.016495231401581562,0.018054528270874424,0.0034927679158448365,1.239858906525573,0.9970318463539923,0.9859154929577464,0.001169062109436018,0.005450410798122,3,27,0.375,1,0.1346821581196581,0.1434294871794872,0.14963942307692304,0.11291399572649574,0.1156517094017094,0.11818910256410255,0.014957264957264932,0.005275106837606805,1,GERMINATED
zm5_8,3,72,7.138325278637777e-05,0.0,0.0011331839442092,0.00023942899457484604,0,0,0,0.23991720085470084,0.34238114316239326,0.0007642576884521645,0.0003879190050287867,0.23798076923076922,0.2403846153846154,0.3421474358974359,0.34375,0.14178240740740738,0.10690438034188032,0.0028388993524755156,0.0007758380100575744,0.1362179487179487,0.14743589743589744,0.10416666666666667,0.10737179487179487,0.011217948717948734,0.0032051282051281937,1.0823529411764707,1.0307692307692307,0.015158976584757832,0.015830456936226166,0.0016410872781065077,1.115656108597285,0.9984934183831178,0.9738805970149254,0.0005737026802199306,0.0098783606085121,1,9,0.125,1,0.13848824786324787,0.1423611111111111,0.14449786324786326,0.10596955128205128,0.10737179487179487,0.10737179487179487,0.006009615384615391,0.0014022435897435848,1,GERMINATED
zm5_8,4,72,0.0001780626780626667,0.0,0.000801282051282,0.00033312476734096325,0,0,0,0.7298344017094016,0.46599002849002846,0.0014750749221670969,0.0005955790669631231,0.7259615384615384,0.7323717948717948,0.4655448717948718,0.4671474358974359,0.13693019943019938,0.11863425925925924,0.0050950512563477535,0.0020160241941282494,0.125,0.14423076923076922,0.11378205128205128,0.1201923076923077,0.019230769230769218,0.006410256410256415,1.1538461538461537,1.0563380281690142,0.0162540691887647,0.01733542899408284,0.0031126725838264303,1.2188515709642471,0.9972682789218913,0.9861111111111112,0.001071843118078754,0.0053819444444444,0,0,0.0,0,0.13120993589743588,0.1372195512820513,0.1423611111111111,0.11618589743589743,0.11952457264957266,0.1201923076923077,0.01115117521367523,0.00400641025641027,1,GERMINATED
zm5_8,5,72,0.00013815675705987777,0.0,0.0011331839442092,0.00031118954541523546,0,0,0,0.4662793803418804,0.5087028133903133,0.0007160660586781232,0.0010709234084507974,0.46474358974358976,0.4671474358974359,0.5056089743589743,0.5096153846153846,0.12620192307692304,0.15251068376068377,0.0035709780868378566,0.0024769280169593265,0.12179487179487179,0.1330128205128205,0.14583333333333334,0.15544871794871795,0.01121794871794872,0.009615384615384609,1.0921052631578947,1.065934065934066,0.019254489519413397,0.020676672419460883,0.0029149202827087467,1.164112203585888,0.9979037583368601,0.9765128488532744,0.0008234864741879152,0.0089570724650899,1,11,0.1527777777777778,1,0.12259615384615385,0.12553418803418803,0.13047542735042736,0.14970619658119658,0.15324519230769232,0.1545806623931624,0.007879273504273504,0.004874465811965822,1,GERMINATED
zm5_8,6,72,0.0001316375881938389,0.0,0.0011331839442092,0.0003140028153879424,0,0,0,0.1626491274928775,0.518184650997151,0.001838361065978186,0.0003925211914295836,0.15865384615384615,0.1642628205128205,0.5168269230769231,0.5184294871794872,0.1244880698005698,0.13430377492877488,0.00234109679323359,0.0029578644213639994,0.11858974358974358,0.1266025641025641,0.1266025641025641,0.1362179487179487,0.008012820512820512,0.009615384615384609,1.0675675675675675,1.0759493670886076,0.016725728401910292,0.01724554158448389,0.0022317759697567403,1.1486486486486487,0.9977355361029018,0.9746588693957114,0.0008781267963103501,0.0096059652752369,0,0,0.0,0,0.1217948717948718,0.1250667735042735,0.1266025641025641,0.13060897435897434,0.1360844017094017,0.1362179487179487,0.004807692307692291,0.005608974358974367,1,GERMINATED
zm5_8,7,72,8.903133903133333e-05,0.0,0.000801282051282,0.0002518186542686973,0,0,0,0.33199786324786323,0.518051103988604,0.0007787061825380977,0.000731128370087998,0.3301282051282051,0.33253205128205127,0.5168269230769231,0.5192307692307693,0.11168981481481483,0.1465900997150997,0.0029092275743401886,0.0014622567401760018,0.10576923076923077,0.11378205128205128,0.14423076923076922,0.14903846153846154,0.008012820512820512,0.004807692307692318,1.0757575757575757,1.0333333333333334,0.01637570254857915,0.016957901873767257,0.0017027243589743599,1.1116161616161617,0.9985402014608769,0.9850746268656716,0.0005687998590634875,0.0057447139303482,1,1,0.013888888888888888,1,0.1078392094017094,0.11344818376068377,0.11378205128205128,0.1452323717948718,0.14630074786324787,0.1482371794871795,0.005942841880341887,0.0030048076923076816,1,GERMINATED
zm5_8,8,72,0.00011589892230204445,0.0,0.0011331839442092,0.0002909619545824082,0,0,0,0.5968660968660969,0.6716969373219374,0.0008399199725833844,0.001445902935266395,0.594551282051282,0.5977564102564102,0.6682692307692307,0.6738782051282052,0.11680911680911682,0.15749643874643876,0.0016798399451667743,0.0028918058705327166,0.11217948717948718,0.11858974358974358,0.15064102564102563,0.16185897435897437,0.006410256410256401,0.011217948717948734,1.0571428571428572,1.074468085106383,0.018401557877218935,0.019194814266929653,0.0022959812623274192,1.1358662613981765,0.9982429340682523,0.9766216216216216,0.0006903073756080306,0.0089190019961684,1,16,0.2222222222222222,1,0.11511752136752136,0.11698717948717947,0.11832264957264955,0.1544471153846154,0.15738514957264957,0.1606570512820513,0.0032051282051281937,0.006209935897435903,1,GERMINATED
zm5_8,9,72,0.00010016025641025001,0.0,0.000801282051282,0.00026499912971398475,0,0,0,0.8063123219373218,0.684684383903134,0.0007219228427807515,0.0005171055980897836,0.8044871794871795,0.8068910256410257,0.6834935897435898,0.6858974358974359,0.09784544159544158,0.10423344017094016,0.002615461328626847,0.0020417848359269046,0.09294871794871795,0.10256410256410256,0.09935897435897435,0.10737179487179487,0.009615384615384609,0.008012820512820512,1.103448275862069,1.0806451612903225,0.010203790452187885,0.01101249178172255,0.0017772024983563443,1.1924360400444938,0.997578852701905,0.9672131147540984,0.000912505720999861,0.0114754098360655,0,0,0.0,0,0.09508547008547008,0.09788995726495726,0.10056089743589745,0.10202991452991454,0.1045673076923077,0.10610309829059827,0.005475427350427373,0.004073183760683732,0,NON-GERMINATED
zm5_8,10,72,0.00016963408884346665,0.0,0.0011331839442092,0.000350456995340368,0,0,0,0.35507923789173795,0.7149995548433049,0.0011511841649737998,0.0011552116437425785,0.35096153846153844,0.3557692307692308,0.7123397435897436,0.7171474358974359,0.11792200854700854,0.1378872863247863,0.002182176100209425,0.0034664389295986663,0.11217948717948718,0.125,0.1282051282051282,0.14583333333333334,0.012820512820512817,0.01762820512820515,1.1142857142857143,1.1375000000000002,0.01626712426492074,0.018229166666666668,0.003847181130834978,1.2675,0.9963560312224627,0.9636517328825022,0.0013856512298862792,0.0132427268244575,1,15,0.20833333333333334,1,0.1157184829059829,0.11858974358974357,0.11945779914529915,0.13401442307692307,0.1388221153846154,0.1408253205128205,0.003739316239316254,0.0068108974358974395,1,GERMINATED
zm5_8,11,72,0.00026129260889220835,0.0,0.0017917211358171,0.00048468322840781146,0,0,0,0.47947827635327633,0.7913773148148149,0.001277840108120308,0.000837261523940704,0.47596153846153844,0.4807692307692308,0.7884615384615384,0.7924679487179487,0.15504807692307696,0.11168981481481483,0.004723488029868434,0.0021139084883518094,0.13942307692307693,0.16025641025641027,0.10576923076923077,0.11378205128205128,0.020833333333333343,0.008012820512820512,1.149425287356322,1.0757575757575757,0.0173267612795858,0.01823430309007232,0.0034876314924391846,1.2365029606408917,0.995814945741746,0.9600775820268304,0.0016346091861688806,0.0151374650288904,0,0,0.0,0,0.15037393162393162,0.15511485042735043,0.1596554487179487,0.10924145299145299,0.11204594017094016,0.11378205128205128,0.009281517094017089,0.004540598290598288,1,GERMINATED
zm5_9,1,72,0.00017223637053364447,0.0,0.0064601424265212,0.0007882290023324919,0,0,0,0.5311498397435899,0.2369012642450142,0.0009624422613113999,0.0009171065251996573,0.530448717948718,0.5376602564102564,0.23477564102564102,0.2387820512820513,0.15115295584045585,0.1308538105413105,0.0019228244449515145,0.0018342130503993157,0.14583333333333334,0.15544871794871795,0.1266025641025641,0.1346153846153846,0.009615384615384609,0.008012820512820512,1.065934065934066,1.0632911392405062,0.019782078676309447,0.020925788954635108,0.002462915023011176,1.1333982473222979,0.9971258329414265,0.9048183254344392,0.001117912111347557,0.0375126786751851,1,17,0.2361111111111111,1,0.14930555555555555,0.15130876068376067,0.15284455128205127,0.12893963675213674,0.1308092948717949,0.1328125,0.003538995726495714,0.003872863247863262,1,GERMINATED
zm5_9,2,72,0.00021855721154571942,0.0,0.0062582128813354,0.0007823812845920885,0,0,0,0.7920005341880343,0.29020877849002846,0.0007524991766549651,0.0008480643969472187,0.7916666666666666,0.7972756410256411,0.2860576923076923,0.2916666666666667,0.13181089743589744,0.1182113603988604,0.002064586649805059,0.00428594822476921,0.1233974358974359,0.13782051282051283,0.10416666666666667,0.125,0.014423076923076927,0.017628205128205135,1.1168831168831168,1.164179104477612,0.015588295974413765,0.017227564102564104,0.003978159927679159,1.300251986819151,0.9945531902265851,0.8594507269789984,0.002048445608199939,0.0532600839302186,0,0,0.0,0,0.13047542735042736,0.13141025641025642,0.13354700854700854,0.11364850427350427,0.11912393162393163,0.1218616452991453,0.0030715811965811857,0.008213141025641024,1,GERMINATED
zm5_9,3,72,0.0006972430258469528,0.0,0.0071668845432685,0.0013829798380895473,0,0,0,0.2732928240740741,0.2898526531339032,0.005540714565033776,0.005784286256567661,0.25560897435897434,0.28205128205128205,0.27403846153846156,0.2932692307692308,0.15818643162393164,0.12555644586894588,0.005579884245744305,0.009352714620998672,0.14423076923076922,0.16826923076923078,0.11538461538461539,0.15705128205128205,0.024038461538461564,0.04166666666666666,1.166666666666667,1.361111111111111,0.019903926053765796,0.02642689842209073,0.009784886587771206,1.5879629629629632,0.9872666626891559,0.8729211087420042,0.004909876025595919,0.0485454503131665,1,11,0.1527777777777778,1,0.1519097222222222,0.15838675213675213,0.1642628205128205,0.1186565170940171,0.12293002136752136,0.13508279914529916,0.012353098290598302,0.016426282051282062,1,GERMINATED
zm5_9,4,72,0.0002980319608608084,0.0,0.0033037705333474,0.0005345164390684198,0,0,0,0.43094506766381774,0.4187477742165242,0.0027991605553486084,0.0007514285890489108,0.42467948717948717,0.4407051282051282,0.41746794871794873,0.4198717948717949,0.1605902777777778,0.1239093660968661,0.005453805416728838,0.003019773850411145,0.14423076923076922,0.17307692307692307,0.11378205128205128,0.12980769230769232,0.028846153846153855,0.016025641025641038,1.2000000000000002,1.1408450704225352,0.01991434157900504,0.02246671597633136,0.006055843195266274,1.3690140845070424,0.9950364613847766,0.9438386855862584,0.0019309592898877738,0.0218039108914854,1,13,0.18055555555555555,1,0.15538194444444445,0.1605902777777778,0.16579861111111113,0.12166132478632478,0.1234642094017094,0.1266025641025641,0.010416666666666685,0.0049412393162393126,1,GERMINATED
zm5_9,5,72,0.0001495760606849875,0.0,0.0083656302154731,0.000988117400724124,0,0,0,0.1083622685185185,0.42753961894586895,0.001047242360653467,0.0006786814943237737,0.10817307692307693,0.11698717948717949,0.4238782051282051,0.42788461538461536,0.12324163105413105,0.15320067663817663,0.00047477584151757636,0.001153763370966392,0.12179487179487179,0.1233974358974359,0.14903846153846154,0.15384615384615385,0.0016025641025641107,0.004807692307692318,1.0131578947368423,1.032258064516129,0.01888113574311491,0.018984220907297834,0.0008321005917159806,1.045840407470289,0.9974526505262524,0.8505208333333333,0.0009887967552568667,0.0577553679733909,0,0,0.0,0,0.12293002136752136,0.1233974358974359,0.1233974358974359,0.1519097222222222,0.15384615384615385,0.15384615384615385,0.00046741452991454213,0.0019364316239316448,0,NON-GERMINATED
zm5_9,6,72,0.0002246321133440333,0.0,0.0086300718063052,0.0010359213452967426,0,0,0,0.636462784900285,0.4701856303418804,0.0011614666244346384,0.0018977659576819266,0.6362179487179487,0.6458333333333334,0.4623397435897436,0.4719551282051282,0.1375534188034188,0.15515936609686612,0.0007554559628061464,0.0036262514662921707,0.1346153846153846,0.13782051282051283,0.14262820512820512,0.15865384615384615,0.0032051282051282215,0.016025641025641024,1.023809523809524,1.1123595505617978,0.02134497817590766,0.02186575443786982,0.0026658037475345182,1.1388443017656502,0.9964450514902161,0.8511263467189031,0.0013902428520979613,0.0577153253224823,1,1,0.013888888888888888,1,0.13701923076923075,0.13782051282051283,0.13782051282051283,0.15117521367521367,0.156116452991453,0.15818643162393162,0.0008012820512820762,0.0070112179487179516,1,GERMINATED
zm5_9,7,72,0.00020381174878677223,0.0,0.0067991036652552,0.0008358260081909567,0,0,0,0.31169871794871795,0.5390068554131053,0.0011252870957767544,0.0006518734261755436,0.31009615384615385,0.31810897435897434,0.5368589743589743,0.5416666666666666,0.1570957977207977,0.12226228632478635,0.00128016415994911,0.0017603400542820606,0.15224358974358973,0.15865384615384615,0.11538461538461539,0.1233974358974359,0.006410256410256415,0.008012820512820512,1.0421052631578949,1.0694444444444444,0.019208582735225365,0.019577477810650886,0.0020109097633136085,1.1144736842105263,0.9963631348336237,0.8657937806873978,0.0014053804449430515,0.0513915941418267,0,0,0.0,0,0.15625,0.1577857905982906,0.15725160256410256,0.12065972222222221,0.12272970085470086,0.1233974358974359,0.0010016025641025605,0.0027377136752136932,1,GERMINATED
zm5_9,8,72,0.0006199434801786917,0.0,0.0033995518326276,0.0008598038737821152,0,0,0,0.7541844729344729,0.6074274394586894,0.002082743512337882,0.0030812232212811498,0.75,0.7620192307692307,0.5993589743589743,0.6121794871794872,0.11315883190883194,0.1371750356125356,0.00596974879424509,0.009830582880819205,0.10737179487179487,0.14102564102564102,0.12179487179487179,0.15705128205128205,0.03205128205128205,0.035256410256410256,1.2941176470588236,1.2894736842105263,0.015568320994502886,0.022148257725180802,0.008875739644970414,1.6687306501547987,0.9877193362256593,0.9212121212121211,0.004701195583135389,0.0297854662669655,1,33,0.4583333333333333,1,0.10897435897435898,0.11197916666666667,0.11852297008547008,0.12740384615384615,0.13474893162393162,0.14937232905982906,0.009548611111111105,0.02196848290598291,1,GERMINATED
zm5_9,9,72,0.00019481221300831665,0.0,0.0067991036652552,0.0008795065437745076,0,0,0,0.4793447293447293,0.7014111467236466,0.000570078724842665,0.0014089402793890991,0.47836538461538464,0.4831730769230769,0.6923076923076923,0.7019230769230769,0.11489494301994302,0.11449430199430201,0.0014293620332979273,0.0020841702120227307,0.10737179487179487,0.11538461538461539,0.10576923076923077,0.11538461538461539,0.008012820512820526,0.009615384615384623,1.074626865671642,1.090909090909091,0.013157590606508875,0.013313609467455623,0.0019569773175542437,1.1723202170963367,0.9955885513481343,0.8379052369077307,0.0016706349666084153,0.0611525844647101,0,0,0.0,0,0.11391559829059829,0.11538461538461538,0.11538461538461538,0.11271367521367522,0.11538461538461538,0.11538461538461538,0.0014690170940170888,0.0026709401709401615,0,NON-GERMINATED
zm5_9,10,72,0.00014702526877367775,0.0,0.0057781270440128,0.0007039835733920294,0,0,0,0.2831196581196581,0.7585581374643874,0.0007066643459040009,0.0008427904956888865,0.2828525641025641,0.2876602564102564,0.7524038461538461,0.7588141025641025,0.15121972934472933,0.10058315527065526,0.0020912891108522667,0.0009054863607019256,0.14583333333333334,0.15224358974358973,0.09775641025641026,0.10096153846153846,0.0064102564102563875,0.0032051282051282076,1.0439560439560438,1.0327868852459017,0.015211945951128644,0.015370747041420118,0.0011146038790269541,1.078184110970996,0.9971421479700173,0.869023569023569,0.0010958146351968611,0.0495975334203591,0,0,0.0,0,0.14917200854700854,0.15224358974358973,0.15224358974358973,0.0998263888888889,0.10096153846153848,0.10096153846153848,0.0030715811965811857,0.0011351495726495825,0,NON-GERMINATED
zm6_1,1,72,0.0001237881235044639,0.0,0.0033037705333474,0.00044575121130680624,0,0,0,0.5057759081196581,0.3036858974358974,0.000730704748538969,0.00032712202761527747,0.5048076923076923,0.5088141025641025,0.30288461538461536,0.30528846153846156,0.10085024928774927,0.14512108262108261,0.0017580871785494768,0.001484449074121539,0.09455128205128205,0.10416666666666667,0.13942307692307693,0.14583333333333334,0.009615384615384623,0.006410256410256415,1.1016949152542375,1.0459770114942528,0.014637522600262985,0.015190972222222224,0.0020083415516107834,1.1523475550360414,0.9976204885289598,0.9250229147571036,0.0009132912951419695,0.0283894306816896,0,0,0.0,0,0.0988247863247863,0.10102831196581197,0.10269764957264958,0.1436965811965812,0.14583333333333334,0.14583333333333334,0.0038728632478632757,0.002136752136752129,0,NON-GERMINATED
zm6_1,2,72,0.0007882181905723681,0.000400641025641,0.0040857528153788,0.0011025864336693906,0,0,0,0.307380698005698,0.34183582621082625,0.007441044164825219,0.004665658419154257,0.3036858974358974,0.33814102564102566,0.3317307692307692,0.34615384615384615,0.17454594017094016,0.11262464387464388,0.02471124919459993,0.004283693633803207,0.15224358974358973,0.2564102564102564,0.10416666666666667,0.12179487179487179,0.10416666666666666,0.01762820512820512,1.6842105263157894,1.169230769230769,0.01974387652722989,0.03122945430637738,0.015370747041420114,1.9692307692307691,0.9872497332870128,0.9299697275479314,0.004974935173417533,0.0268398328347862,1,32,0.4444444444444444,1,0.15865384615384615,0.16486378205128205,0.2001201923076923,0.10864049145299144,0.11157852564102562,0.11765491452991454,0.041466346153846145,0.0090144230769231,1,GERMINATED
zm6_1,3,72,0.00015389542295167222,0.0,0.0011331839442092,0.0003317788796524331,0,0,0,0.6912059294871794,0.3635817307692307,0.0005887817871443754,0.0012861485232544207,0.6907051282051282,0.6939102564102564,0.36217948717948717,0.36778846153846156,0.12119391025641026,0.14293981481481477,0.0014243275245527215,0.0010562509364053308,0.11538461538461539,0.1233974358974359,0.13942307692307693,0.14583333333333334,0.008012820512820512,0.006410256410256415,1.0694444444444444,1.0459770114942528,0.017324585433559792,0.017995459401709404,0.0019081812952005256,1.1186143039591314,0.9974743770394426,0.975093399750934,0.0009840000611135917,0.009453879650909,1,1,0.013888888888888888,1,0.12059294871794872,0.12059294871794872,0.12239583333333333,0.14262820512820512,0.14262820512820512,0.14356303418803418,0.001802884615384609,0.0009348290598290565,1,GERMINATED
zm6_1,4,72,0.00014467592592591668,0.0,0.000801282051282,0.00030821274982472736,0,0,0,0.7957621082621081,0.4498419693732194,0.0016056524925989856,0.0005768816854831898,0.7932692307692307,0.7996794871794872,0.44871794871794873,0.45032051282051283,0.1232638888888889,0.11211271367521371,0.0022466084189717867,0.002225672183827321,0.11858974358974358,0.1266025641025641,0.10737179487179487,0.11538461538461539,0.006410256410256415,0.008012820512820526,1.0540540540540542,1.074626865671642,0.013823613508108703,0.014607988165680473,0.0016898833004602258,1.1327148043565956,0.9975591719106451,0.9852941176470588,0.0009483291831260738,0.0056678921568627,1,9,0.125,1,0.12052617521367522,0.12413194444444446,0.125133547008547,0.10977564102564102,0.11184561965811966,0.11471688034188034,0.004607371794871792,0.0049412393162393126,1,GERMINATED
zm6_1,5,72,0.00011128917378916668,0.0,0.000801282051282,0.0002771078080036491,0,0,0,0.23092503561253558,0.5472422542735043,0.0012430557341028558,0.0003114108925310356,0.22916666666666666,0.23397435897435898,0.5464743589743589,0.5480769230769231,0.16844729344729348,0.10409989316239315,0.004151190607861384,0.000622821785062022,0.15705128205128205,0.17307692307692307,0.10256410256410256,0.10576923076923077,0.016025641025641024,0.0032051282051282076,1.1020408163265305,1.03125,0.017537176291182704,0.01830621301775148,0.0021983892176199865,1.1364795918367347,0.9982343056899583,0.9801980198019802,0.0006903309714775055,0.0069306930693069,1,2,0.027777777777777776,1,0.16352831196581194,0.16960470085470084,0.17220886752136752,0.10369925213675213,0.10416666666666667,0.10443376068376069,0.00868055555555558,0.0007345085470085583,1,GERMINATED
zm6_1,6,72,0.00014809401474987638,0.0,0.0017917211358171,0.0003840557198739204,0,0,0,0.47485977564102577,0.5568131232193732,0.0013970670374537824,0.0003814800681312897,0.47435897435897434,0.4807692307692308,0.5552884615384616,0.5576923076923077,0.12132745726495726,0.15760772792022795,0.0016122724983506462,0.0029399726780778277,0.11538461538461539,0.1233974358974359,0.14583333333333334,0.15865384615384615,0.008012820512820512,0.012820512820512803,1.0694444444444444,1.0879120879120878,0.019126720987197747,0.019577477810650886,0.0027505547337278065,1.163461538461538,0.9971764339742665,0.9621742367833208,0.0010845092185941209,0.0144036358641188,1,1,0.013888888888888888,1,0.1201923076923077,0.12179487179487179,0.1219951923076923,0.15551549145299146,0.15865384615384615,0.15865384615384615,0.001802884615384609,0.0031383547008546897,1,GERMINATED
zm6_1,7,72,5.83449150543e-05,0.0,0.0011331839442092,0.00024293555340623978,0,0,0,0.6741007834757836,0.5680867165242165,0.0006706961882709816,0.00013167912622639785,0.6738782051282052,0.6770833333333334,0.5673076923076923,0.5681089743589743,0.1489049145299145,0.10701566951566949,0.0005172253400383831,0.001042085106011361,0.14583333333333334,0.14903846153846154,0.10256410256410256,0.10737179487179487,0.0032051282051281937,0.0048076923076923045,1.021978021978022,1.046875,0.01593557526800716,0.01600252712031558,0.0010452621630506215,1.0698832417582416,0.9987786145791829,0.9739130434782608,0.0004654090920713027,0.0098670043463446,0,0,0.0,0,0.1486378205128205,0.14903846153846154,0.14903846153846154,0.1063034188034188,0.10737179487179487,0.10737179487179487,0.0004006410256410242,0.0010683760683760646,0,NON-GERMINATED
zm6_1,8,72,0.00021224033800597224,0.0,0.005665919721046,0.0007126239872264935,0,0,0,0.2810496794871795,0.6921852742165242,0.001162319390059371,0.0008722544140618828,0.2796474358974359,0.28685897435897434,0.6899038461538461,0.6931089743589743,0.11979166666666667,0.13192218660968658,0.0029951471009623154,0.0024160774542894264,0.11378205128205128,0.1233974358974359,0.125,0.1346153846153846,0.008012820512820512,0.008012820512820512,1.0694444444444444,1.064102564102564,0.01580905517203594,0.016611193293885603,0.001990364069690994,1.1379985754985755,0.9960971108934251,0.8957946292855936,0.001503967407005047,0.0401547275687221,0,0,0.0,0,0.11625267094017093,0.12012553418803418,0.12299679487179488,0.12927350427350426,0.13321314102564105,0.13327991452991453,0.006744123931623949,0.00400641025641027,1,GERMINATED
zm6_1,9,72,0.00013617418956440416,0.0,0.0017917211358171,0.00033943720521677526,0,0,0,0.6612802706552707,0.711226851851852,0.0009557919584038375,0.0008292350431889737,0.6602564102564102,0.6650641025641025,0.7107371794871795,0.7139423076923077,0.14859330484330485,0.09784544159544158,0.0017148646976725584,0.0011296810488291926,0.14423076923076922,0.15064102564102563,0.09455128205128205,0.09935897435897435,0.006410256410256415,0.0048076923076923045,1.0444444444444445,1.0508474576271185,0.01454085796533713,0.014967537804076263,0.0013303336620644306,1.0975517890772128,0.9976608908622779,0.9568704330778828,0.0009072014214196292,0.0162599671610221,1,20,0.2777777777777778,1,0.14670138888888887,0.14870459401709402,0.15037393162393162,0.0968883547008547,0.09775641025641026,0.09889155982905984,0.0036725427350427498,0.002003205128205135,1,GERMINATED
zm6_1,10,72,0.00015389542295167222,0.0,0.0011331839442092,0.00033177887965243295,0,0,0,0.4608150819088319,0.8463096509971508,0.0011806622238436058,0.0008193181231884748,0.4567307692307692,0.46314102564102566,0.8453525641025641,0.8477564102564102,0.1487491096866097,0.11489494301994302,0.0026349929946056175,0.0020277852517682285,0.14102564102564102,0.15705128205128205,0.10897435897435898,0.11698717948717949,0.016025641025641024,0.008012820512820512,1.1136363636363635,1.0735294117647058,0.017095372539082474,0.018372986522024983,0.003004807692307692,1.1955213903743316,0.9975390369198506,0.9745571658615136,0.0009613691029708555,0.0096415615122062,1,13,0.18055555555555555,1,0.14616720085470084,0.14870459401709402,0.15137553418803418,0.11264690170940171,0.11511752136752136,0.11692040598290598,0.005208333333333343,0.004273504273504272,1,GERMINATED
zm6_10,1,72,0.00021605917871229445,0.0,0.0011331839442092,0.00036285874140317385,0,0,0,0.5415108618233617,0.17838541666666666,0.002860023506381705,0.0005414421320855636,0.5344551282051282,0.5440705128205128,0.1778846153846154,0.1794871794871795,0.10665954415954414,0.15306712962962965,0.0011608266391030335,0.0032272325339267275,0.10256410256410256,0.10737179487179487,0.14423076923076922,0.15705128205128205,0.0032051282051281937,0.01282051282051283,1.0307692307692307,1.088888888888889,0.01632933205950033,0.016862878040762655,0.0018388395792241947,1.1223931623931624,0.9963160749656654,0.9741436100131752,0.0014298122281800763,0.0097863060591246,0,0,0.0,0,0.10563568376068376,0.10697115384615384,0.10737179487179487,0.14983974358974358,0.15384615384615385,0.15551549145299146,0.001736111111111105,0.005675747863247871,0,NON-GERMINATED
zm6_10,2,72,0.00025665256184093755,0.0,0.0025338763302631,0.00048715615757372803,0,0,0,0.6838051994301994,0.24320023148148145,0.0015023626273759035,0.0015226295022555795,0.6802884615384616,0.686698717948718,0.2387820512820513,0.24519230769230768,0.10403311965811965,0.1523993945868946,0.0024443115942472103,0.006026861070839681,0.09775641025641026,0.10737179487179487,0.13942307692307693,0.16826923076923078,0.009615384615384609,0.028846153846153855,1.0983606557377048,1.206896551724138,0.01586798136277303,0.01806736932938856,0.004437869822485207,1.325607687959299,0.994864398064759,0.9417283059714956,0.001964284842530953,0.0220421125246475,1,6,0.08333333333333333,1,0.1012286324786325,0.10436698717948718,0.10650373931623931,0.14636752136752137,0.15204326923076922,0.15878739316239315,0.005275106837606819,0.012419871794871779,1,GERMINATED
zm6_10,3,72,0.00016693376068375,0.0,0.000801282051282,0.0003254138069180132,0,0,0,0.3856948896011396,0.25665509259259256,0.0012610099623800279,0.000635421226122692,0.38461538461538464,0.390224358974359,0.2548076923076923,0.25721153846153844,0.1432736823361823,0.12482193732193735,0.001992666764157576,0.002610911377958544,0.13782051282051283,0.14583333333333334,0.1201923076923077,0.12980769230769232,0.006410256410256415,0.008012820512820526,1.0459770114942528,1.0657894736842106,0.017888272232723355,0.018930288461538464,0.0019492726824457615,1.1147912885662432,0.9974994067481112,0.986842105263158,0.000983714582605517,0.005126096491228,1,11,0.1527777777777778,1,0.14122596153846154,0.14322916666666666,0.1453659188034188,0.1218616452991453,0.12493322649572651,0.12767094017094016,0.00413995726495725,0.005809294871794865,1,GERMINATED
zm6_10,4,72,0.00014928567443879445,0.0,0.0011331839442092,0.00032024586156627143,0,0,0,0.2962406517094018,0.40320067663817666,0.0003642064675025264,0.0010399435885170612,0.2956730769230769,0.296474358974359,0.4014423076923077,0.4046474358974359,0.10409989316239315,0.12437678062678062,0.0022574975299648734,0.0016584700863779497,0.09775641025641026,0.11057692307692307,0.1201923076923077,0.1266025641025641,0.012820512820512817,0.006410256410256401,1.1311475409836065,1.0533333333333332,0.012950671216396375,0.013999321992110453,0.002249753451676528,1.1914754098360656,0.9972313471341785,0.9711779448621554,0.00106606419142275,0.0108242888619816,1,10,0.1388888888888889,1,0.10169604700854702,0.10430021367521368,0.1063034188034188,0.12279647435897438,0.12439903846153848,0.12593482905982906,0.0046073717948717785,0.003138354700854676,1,GERMINATED
zm6_10,5,72,0.00041979778035675693,0.0,0.0017917211358171,0.0005018018607100059,0,0,0,0.5746639066951567,0.43369391025641035,0.0038249653521327974,0.0018102886901343394,0.5705128205128205,0.5841346153846154,0.4286858974358974,0.4358974358974359,0.1378872863247863,0.13951210826210822,0.014493234864107894,0.0026154613286268496,0.12179487179487179,0.18108974358974358,0.1346153846153846,0.14423076923076922,0.05929487179487179,0.004807692307692318,1.486842105263158,1.0357142857142858,0.01925894822028636,0.025248089250493096,0.00885262573964497,1.5399436090225562,0.9915636219898829,0.9488092588470954,0.003225600860772842,0.0190813781417977,1,32,0.4444444444444444,1,0.12413194444444446,0.1345486111111111,0.15498130341880342,0.1362847222222222,0.14109241452991453,0.14115918803418803,0.030849358974358962,0.004874465811965822,1,GERMINATED
zm6_10,6,72,9.364108754421112e-05,0.0,0.0011331839442092,0.00026737232922812993,0,0,0,0.8018162393162392,0.4686275819088319,0.0007191726505254381,0.001243205178758534,0.8012820512820513,0.8028846153846154,0.4655448717948718,0.46955128205128205,0.11155626780626782,0.13695245726495725,0.001181134184599503,0.0012510012016022486,0.10897435897435898,0.11217948717948718,0.1330128205128205,0.13782051282051283,0.0032051282051282076,0.004807692307692318,1.0294117647058825,1.036144578313253,0.015279147490685954,0.015460634451019068,0.0009656476002629869,1.0666194188518783,0.9983925420522102,0.974252491694352,0.0006234769886301777,0.0097481974707127,0,0,0.0,0,0.11051014957264955,0.11197916666666667,0.11217948717948718,0.13575053418803418,0.1372863247863248,0.13782051282051283,0.0016693376068376287,0.002069978632478653,0,NON-GERMINATED
zm6_10,7,72,0.00018728217508842224,0.0,0.0022663678884184,0.000401382891145767,0,0,0,0.23586627492877493,0.5581263354700856,0.0006017853380785125,0.0019624481850541607,0.23557692307692307,0.23798076923076922,0.5536858974358975,0.5608974358974359,0.11177884615384616,0.14585559116809116,0.0006939306120067649,0.006604803852490147,0.11057692307692307,0.11217948717948718,0.1362179487179487,0.15705128205128205,0.0016025641025641107,0.020833333333333343,1.0144927536231885,1.1529411764705884,0.016306967215921543,0.01761793228139382,0.002555370644312955,1.1696504688832057,0.9971295564029978,0.9491525423728814,0.0011263886727582598,0.0192697492969634,1,17,0.2361111111111111,1,0.1109775641025641,0.11217948717948718,0.11217948717948718,0.13822115384615385,0.14583333333333334,0.15351228632478633,0.0012019230769230865,0.01529113247863248,1,GERMINATED
zm6_10,8,72,0.0004228988603988458,0.0,0.0024038461538461,0.00062599541980168,0,0,0,0.7228120548433048,0.6010283119658119,0.00596841047976168,0.0006083355755304667,0.7019230769230769,0.7307692307692307,0.6001602564102564,0.6017628205128205,0.15729611823361822,0.109107905982906,0.012982691841671902,0.001216671151060938,0.14102564102564102,0.20512820512820512,0.10737179487179487,0.11057692307692307,0.0641025641025641,0.0032051282051282076,1.4545454545454546,1.0298507462686568,0.017172347550953322,0.022682445759368834,0.0075402695595003285,1.497964721845319,0.9944365991810338,0.9652173913043478,0.0022220745458973916,0.0132155797101449,1,28,0.3888888888888889,1,0.14943910256410256,0.1528445512820513,0.1696047008547009,0.10777243589743589,0.10897435897435898,0.11057692307692307,0.02016559829059833,0.0028044871794871834,1,GERMINATED
zm6_10,9,72,7.138325278637777e-05,0.0,0.0011331839442092,0.00023942899457484628,0,0,0,0.4743255876068377,0.6200587606837605,0.0005887817871443757,0.0008123347396231567,0.4735576923076923,0.4751602564102564,0.6185897435897436,0.6209935897435898,0.11513977920227919,0.11511752136752136,0.0017031243711094464,0.0016246694792463178,0.11057692307692307,0.11698717948717949,0.11217948717948718,0.11698717948717949,0.006410256410256415,0.0048076923076923045,1.0579710144927537,1.042857142857143,0.013257215818814377,0.01368600016436555,0.0012815376397107177,1.103312629399586,0.9986466373061896,0.9727903921936574,0.0005200760571447499,0.0102599322959559,0,0,0.0,0,0.11324786324786325,0.11538461538461538,0.11678685897435896,0.11318108974358976,0.11538461538461538,0.11678685897435896,0.003538995726495714,0.003605769230769204,1,GERMINATED
zm6_10,10,72,0.0001964285249718653,0.0,0.0017917211358171,0.00038559210474520093,0,0,0,0.5588942307692308,0.7982661146723647,0.0007671691568560371,0.0006742875026576323,0.5576923076923077,0.5600961538461539,0.7972756410256411,0.7996794871794872,0.1492610398860399,0.13517183048433046,0.0039912958807749605,0.002188863128110923,0.14423076923076922,0.15544871794871795,0.12980769230769232,0.13782051282051283,0.009615384615384609,0.008012820512820512,1.065934065934066,1.0617283950617284,0.020182041979417777,0.021424022024983565,0.002493733563445101,1.1317324650657983,0.9970392732487576,0.9662495259764884,0.0011639329041665026,0.0129772846465102,0,0,0.0,0,0.1453659188034188,0.1483707264957265,0.15404647435897437,0.13254540598290598,0.1360176282051282,0.13695245726495728,0.00868055555555558,0.004407051282051294,1,GERMINATED
zm6_11,1,72,0.0005120484948212153,0.0,0.0033037705333474,0.0007763982923128096,0,0,0,0.5030381944444444,0.1356281160968661,0.002285712743958691,0.0026908746468185807,0.49278846153846156,0.5064102564102564,0.125,0.13782051282051283,0.15783030626780625,0.12680288461538464,0.01094757434567384,0.006331522688012463,0.14262820512820512,0.1971153846153846,0.1201923076923077,0.14743589743589744,0.05448717948717949,0.027243589743589744,1.3820224719101124,1.2266666666666666,0.020081703374972608,0.02906188362919132,0.011919070512820512,1.6952808988764045,0.9918981056910664,0.9542636355467696,0.003168494529760518,0.0179391933507471,1,26,0.3611111111111111,1,0.14877136752136752,0.15578258547008547,0.1689369658119658,0.1217948717948718,0.12553418803418803,0.13307959401709402,0.020165598290598274,0.01128472222222221,1,GERMINATED
zm6_11,2,72,0.00016693376068375136,0.0,0.0016025641025641,0.00035175126044511976,0,0,0,0.3093505163817664,0.3439391915954416,0.0004688696232403138,0.0013716588189446519,0.30849358974358976,0.3108974358974359,0.3421474358974359,0.3469551282051282,0.14558849715099711,0.143718839031339,0.0015264071906695164,0.0035717410348407625,0.14423076923076922,0.14743589743589744,0.1346153846153846,0.14903846153846154,0.0032051282051282215,0.014423076923076927,1.0222222222222224,1.1071428571428572,0.02092753676537731,0.02197361932938856,0.0025579388560157817,1.131746031746032,0.9976802298221601,0.978021978021978,0.0009204265066884305,0.0087339743589743,1,1,0.013888888888888888,1,0.14423076923076922,0.14509882478632477,0.14743589743589744,0.13948985042735043,0.1450320512820513,0.1466346153846154,0.0032051282051282215,0.00714476495726496,1,GERMINATED
zm6_11,3,72,0.0002067362360058375,0.0,0.0025338763302631,0.00043487075564612615,0,0,0,0.7791800213675214,0.3608996616809117,0.0011233042094858877,0.0019611855513799025,0.7772435897435898,0.780448717948718,0.358974358974359,0.3661858974358974,0.10643696581196584,0.1557380698005698,0.002246608418971786,0.005270126996582442,0.10256410256410256,0.10897435897435898,0.14903846153846154,0.16826923076923078,0.006410256410256415,0.019230769230769246,1.0625,1.1290322580645162,0.016586367247424943,0.018337031558185404,0.00305103550295858,1.1995967741935485,0.9967943144615877,0.9546875,0.001256368491848118,0.017506394614671,1,11,0.1527777777777778,1,0.10396634615384615,0.10637019230769229,0.10897435897435898,0.15064102564102563,0.1545806623931624,0.16199252136752137,0.0050080128205128305,0.011351495726495742,1,GERMINATED
zm6_11,4,72,0.00034452253972174174,0.0,0.0017917211358171,0.0004878527333742733,0,0,0,0.5674746260683761,0.39696848290598286,0.0020599923679089603,0.0026297233797429585,0.5592948717948718,0.5689102564102564,0.3942307692307692,0.40544871794871795,0.14723557692307696,0.13630698005698003,0.006131175014624597,0.006871581555006221,0.13782051282051283,0.16987179487179488,0.125,0.15705128205128205,0.03205128205128205,0.03205128205128205,1.2325581395348837,1.2564102564102564,0.020109953703703703,0.026678583168967786,0.009451019066403683,1.5485986881335718,0.9939857456225651,0.9686108395785816,0.002328928682921269,0.0120751367916563,1,25,0.3472222222222222,1,0.14256143162393164,0.14590010683760682,0.15324519230769232,0.12967414529914528,0.13568376068376067,0.1435630341880342,0.010683760683760674,0.013888888888888923,1,GERMINATED
zm6_11,5,72,0.0,0.0,0.0,0.0,0,0,0,0.1546474358974359,0.5048076923076924,1.6653345369377348e-16,5.551115123125783e-16,0.1546474358974359,0.1546474358974359,0.5048076923076923,0.5048076923076923,0.1330128205128205,0.108974358974359,5.551115123125783e-17,1.6653345369377348e-16,0.1330128205128205,0.1330128205128205,0.10897435897435898,0.10897435897435898,0.0,0.0,1.0,1.0,0.01449498685075608,0.014494986850756082,0.0,1.0,1.0,1.0,0.0,0.0,0,0,0.0,0,0.1330128205128205,0.1330128205128205,0.1330128205128205,0.10897435897435898,0.10897435897435898,0.10897435897435898,0.0,0.0,0,NON-GERMINATED
zm6_11,6,72,0.00011589892230204445,0.0,0.0011331839442092,0.0002909619545824083,0,0,0,0.33013933404558404,0.5252403846153846,0.00031299770990084544,0.0009993743020229498,0.3293269230769231,0.33092948717948717,0.5224358974358975,0.5264423076923077,0.13610665954415951,0.12989672364672364,0.001737679865053588,0.004179734542131587,0.1330128205128205,0.13942307692307693,0.12179487179487179,0.1362179487179487,0.006410256410256415,0.014423076923076913,1.0481927710843373,1.1184210526315788,0.017686310917981594,0.01899192554240631,0.0027916461209730424,1.172320862396956,0.9978094749354024,0.9752628324056896,0.0008420180721054847,0.0093945782217446,0,0,0.0,0,0.13454861111111113,0.1356169871794872,0.13815438034188035,0.125,0.1299412393162393,0.13474893162393162,0.003605769230769218,0.009748931623931617,1,GERMINATED
zm6_11,7,72,0.00014467592592591668,0.0,0.000801282051282,0.00030821274982472736,0,0,0,0.639679042022792,0.584479611823362,0.001539133699314693,0.00170410582098696,0.6378205128205128,0.6418269230769231,0.5801282051282052,0.5857371794871795,0.15814191595441598,0.10944177350427352,0.0007472137790061634,0.001293063350095958,0.15705128205128205,0.15865384615384615,0.10576923076923077,0.11057692307692307,0.0016025641025640969,0.0032051282051282076,1.010204081632653,1.0303030303030303,0.01730785638788443,0.017543454142011833,0.0006780078895463511,1.0408163265306123,0.9976733460390145,0.9850746268656716,0.0009083682381967653,0.0057447139303482,1,6,0.08333333333333333,1,0.15751869658119658,0.15845352564102563,0.15845352564102563,0.10810630341880341,0.11037660256410257,0.10984241452991454,0.0009348290598290565,0.0017361111111111327,1,GERMINATED
zm6_11,8,72,0.0002049302613333778,0.0,0.0011331839442092,0.00035697930074786433,0,0,0,0.4500979344729345,0.625400641025641,0.0014703654349104067,0.0007554559628061374,0.44711538461538464,0.4519230769230769,0.624198717948718,0.6266025641025641,0.14240562678062674,0.11124465811965815,0.001986316908593577,0.0031234015928222497,0.13782051282051283,0.14583333333333334,0.10256410256410256,0.11538461538461539,0.008012820512820512,0.01282051282051283,1.0581395348837208,1.125,0.015847614017185332,0.01682692307692308,0.00269148586456279,1.1904069767441863,0.9965893030519,0.974960876369327,0.0013269486017017222,0.0095002628344715,1,2,0.027777777777777776,1,0.14015758547008547,0.14349626068376067,0.1435630341880342,0.10770566239316239,0.11278044871794872,0.11324786324786325,0.0034054487179487336,0.005542200854700863,1,GERMINATED
zm6_11,9,72,0.00010937975343600556,0.0,0.0011331839442092,0.0002934748519779355,0,0,0,0.69407719017094,0.7327167913105412,0.000420990925912074,0.000691696012876615,0.6931089743589743,0.6947115384615384,0.7307692307692307,0.7339743589743589,0.12560096153846154,0.1517761752136752,0.0011468725986456742,0.00263649666431619,0.1233974358974359,0.1282051282051282,0.14423076923076922,0.15384615384615385,0.0016025641025640969,0.009615384615384637,1.0126582278481011,1.0666666666666669,0.01906358578283658,0.01972386587771203,0.0014638806706114421,1.0801687763713081,0.9982346050999745,0.9767441860465116,0.0006889850547423417,0.0088761044474569,0,0,0.0,0,0.125133547008547,0.125,0.1266693376068376,0.14890491452991453,0.15257745726495725,0.15384615384615385,0.0015357905982905928,0.0049412393162393264,0,NON-GERMINATED
zm6_11,10,72,0.00011589892230204582,0.0,0.0016025641025641,0.0003201463142162844,0,0,0,0.4527021011396012,0.8054442663817665,0.0011792452082398115,0.0014728902472013554,0.4519230769230769,0.4551282051282051,0.8004807692307693,0.8060897435897436,0.14369658119658116,0.10505698005698004,0.001068376068376064,0.0015082865336625204,0.14102564102564102,0.14423076923076922,0.10096153846153846,0.10576923076923077,0.0032051282051281937,0.0048076923076923045,1.0227272727272727,1.0476190476190477,0.01509787454799474,0.015255177514792898,0.0010170118343195249,1.0714285714285714,0.9978808152843537,0.96875,0.0008170489499724847,0.0119791666666666,0,0,0.0,0,0.14262820512820512,0.14423076923076922,0.14423076923076922,0.10363247863247864,0.10576923076923077,0.10576923076923077,0.0016025641025640969,0.002136752136752129,0,NON-GERMINATED
zm6_12,1,72,4.912541802854444e-05,0.0,0.0011331839442092,0.0002053623676167419,0,0,0,0.2898192663817664,0.2515914351851852,0.000649303425294476,9.377392464806295e-05,0.28685897435897434,0.2900641025641026,0.25080128205128205,0.2516025641025641,0.16622150997150997,0.1057914886039886,0.0011401574496853312,0.00018754784929612582,0.16185897435897437,0.16666666666666666,0.10576923076923077,0.10737179487179487,0.0032051282051281937,-0.0016025641025640969,1.0196078431372548,0.9850746268656717,0.017584759546898966,0.017628205128205128,7.704635108481475e-05,1.0043898156277438,0.9992540137282854,0.9754170324846356,0.00029302671681867776,0.0093406081941135,0,0,0.0,0,0.16533119658119658,0.16666666666666666,0.16666666666666666,0.10583600427350426,0.10576923076923077,0.10576923076923077,0.0013354700854700807,-6.677350427349016e-05,0,NON-GERMINATED
zm6_12,2,72,0.00020493026133337915,0.0,0.0016025641025641,0.0003811417382736907,0,0,0,0.4903067129629629,0.2550413995726496,0.0026072799513752504,0.0005576687062129412,0.4855769230769231,0.4951923076923077,0.25400641025641024,0.2564102564102564,0.11959134615384616,0.15404647435897437,0.001049427994491303,0.0034818396967103934,0.11698717948717949,0.12179487179487179,0.14903846153846154,0.16025641025641027,-0.0032051282051282076,0.011217948717948734,0.9736842105263158,1.0752688172043012,0.018419927724815547,0.019004766600920448,0.0008526462853385951,1.0469722693831354,0.9967841477674182,0.9736842105263158,0.0012587529512703207,0.0102521929824561,1,1,0.013888888888888888,1,0.12052617521367522,0.11965811965811966,0.11858974358974357,0.15037393162393162,0.15364583333333334,0.1581196581196581,-0.0019364316239316448,0.007745726495726496,1,GERMINATED
zm6_12,3,72,6.67735042735e-05,0.0,0.000801282051282,0.00022146265961239212,0,0,0,0.6794649216524218,0.3466991631054131,0.0001316791262263978,0.00047828456523647236,0.6786858974358975,0.6794871794871795,0.3453525641025641,0.3469551282051282,0.13630698005698005,0.11968037749287748,0.002342048867159173,0.0009565691304729506,0.13141025641025642,0.13782051282051283,0.11698717948717949,0.1201923076923077,0.006410256410256415,0.0032051282051282076,1.048780487804878,1.0273972602739727,0.016315242564741768,0.016564965483234717,0.0011916502301117706,1.0775141997995323,0.9989695498002528,0.9864864864864864,0.00040406034768925275,0.005250563063063,0,0,0.0,0,0.13327991452991453,0.13782051282051283,0.13782051282051283,0.11865651709401709,0.1201923076923077,0.1201923076923077,0.004540598290598302,0.0015357905982906067,1,GERMINATED
zm6_12,4,72,0.0001702787023653972,0.0,0.0017917211358171,0.00040888629462375596,0,0,0,0.2645232371794872,0.4176126246438747,0.0020513163941380287,0.001054314420934404,0.25801282051282054,0.266025641025641,0.41426282051282054,0.41907051282051283,0.14883814102564102,0.10921919515669516,0.0016666645264888688,0.0011842757829792583,0.14423076923076922,0.15064102564102563,0.10737179487179487,0.11057692307692307,0.006410256410256415,0.0032051282051282076,1.0444444444444445,1.0298507462686568,0.01625777882789101,0.01665742110453649,0.0011711045364891544,1.0756218905472639,0.9968831778205676,0.9601918465227818,0.001201568919338864,0.0150974724553075,0,0,0.0,0,0.1469017094017094,0.14897168803418803,0.15064102564102563,0.10797275641025639,0.10910790598290598,0.11057692307692307,0.003739316239316226,0.002604166666666685,0,NON-GERMINATED
zm6_12,5,72,0.00010016025641025001,0.0,0.000801282051282,0.00026499912971398465,0,0,0,0.5090700676638176,0.45092147435897434,0.0010585349781354284,0.0008629038450400667,0.5072115384615384,0.5104166666666666,0.45032051282051283,0.453525641025641,0.15645032051282054,0.119747150997151,0.0026229326043539503,0.001629541062831478,0.15224358974358973,0.16025641025641027,0.11858974358974358,0.1233974358974359,0.00801282051282054,0.0032051282051282076,1.0526315789473686,1.027027027027027,0.018737922271075316,0.019775230111768575,0.0014638806706114421,1.0810810810810811,0.9985625515167355,0.9866666666666668,0.0005682111358092472,0.0051874999999999,0,0,0.0,0,0.15337873931623933,0.15658386752136752,0.1593883547008547,0.11858974358974357,0.11885683760683759,0.1217948717948718,0.006009615384615363,0.0032051282051282354,1,GERMINATED
zm6_12,6,72,0.0002566828603793277,0.0,0.0017917211358171,0.0004389972207421817,0,0,0,0.7763532763532763,0.511318108974359,0.0019378382175639995,0.00048035171507539084,0.7692307692307693,0.7780448717948718,0.5104166666666666,0.5120192307692307,0.11551816239316241,0.11335915242165243,0.0020120885648129486,0.00299804028470044,0.11217948717948718,0.12179487179487179,0.10737179487179487,0.12179487179487179,0.009615384615384609,0.014423076923076927,1.0857142857142856,1.1343283582089552,0.01310051923533494,0.014833990795529257,0.0027890779092702173,1.2315565031982942,0.9951847762080893,0.9573382322923044,0.0018521721864152836,0.0160962374359745,0,0,0.0,0,0.11351495726495726,0.11531784188034189,0.11772168803418803,0.11124465811965811,0.11224626068376069,0.11658653846153848,0.004206730769230768,0.0053418803418803645,0,NON-GERMINATED
zm6_12,7,72,6.677350427350138e-05,0.0,0.0016025641025641,0.0002586126700191837,0,0,0,0.5105836004273505,0.5917022792022792,0.000989848229191609,0.0005955790669631241,0.5080128205128205,0.5112179487179487,0.5905448717948718,0.5921474358974359,0.13477118945868946,0.11738782051282051,0.0004747758415175711,0.0006939306120067597,0.1346153846153846,0.1362179487179487,0.11698717948717949,0.11858974358974358,0.0,0.0,1.0,1.0,0.015820683463912626,0.01615405161078238,0.0,1.0,0.9989710298533827,0.976470588235294,0.00040354232909379584,0.0092769607843137,1,15,0.20833333333333334,1,0.13494925213675213,0.13474893162393162,0.1346153846153846,0.11785523504273503,0.117321047008547,0.11698717948717947,-0.0003338675213675202,-0.0008680555555555525,1,GERMINATED
zm6_12,8,72,6.67735042735e-05,0.0,0.000801282051282,0.00022146265961239215,0,0,0,0.29398148148148145,0.598869301994302,0.00025181865426871316,0.0007136404710595325,0.2932692307692308,0.29407051282051283,0.5977564102564102,0.6001602564102564,0.11075498575498578,0.15749643874643876,0.0005036373085374299,0.0026063534843847,0.11057692307692307,0.11217948717948718,0.15224358974358973,0.16025641025641027,-0.0016025641025641107,0.00801282051282054,0.9857142857142857,1.0526315789473686,0.017442651832675873,0.017720660749506904,0.0006420529257067722,1.037593984962406,0.99909282290227,0.9857142857142858,0.0003609147619832722,0.0055208333333333,0,0,0.0,0,0.1111111111111111,0.11057692307692307,0.11057692307692307,0.1543803418803419,0.1579193376068376,0.16018963675213677,-0.0005341880341880323,0.005809294871794879,0,NON-GERMINATED
zm6_12,9,72,0.0001519128554561986,0.0,0.0017917211358171,0.0003584945104571281,0,0,0,0.669437767094017,0.6953124999999999,0.001033911763301413,0.0011926129206391344,0.6658653846153846,0.6706730769230769,0.6939102564102564,0.6995192307692307,0.15386841168091164,0.11026531339031341,0.0005661546181435621,0.0018627560499383624,0.15224358974358973,0.15544871794871795,0.10897435897435898,0.11698717948717949,0.0,-0.008012820512820512,1.0,0.9315068493150686,0.016966105883373512,0.01781054815910585,-0.0012199005588428638,0.9315068493150687,0.9973756407819039,0.9657275631716526,0.0010172690823801915,0.0131599716282027,0,0,0.0,0,0.15404647435897437,0.15384615384615385,0.15371260683760685,0.11151175213675213,0.11030982905982906,0.10897435897435898,-0.0003338675213675202,-0.0025373931623931534,0,NON-GERMINATED
zm6_12,10,72,4.4515669515666665e-05,0.0,0.000801282051282,0.00018354280740818176,0,0,0,0.38666310541310545,0.7327835648148145,0.0005153061299318991,0.0005971366820377603,0.3854166666666667,0.3870192307692308,0.7315705128205128,0.7331730769230769,0.11627492877492879,0.11620815527065528,0.0010306122598638025,0.0011942733640755271,0.11378205128205128,0.11698717948717949,0.11378205128205128,0.11698717948717949,0.0032051282051282076,0.0032051282051282076,1.028169014084507,1.028169014084507,0.013513216588136463,0.01368600016436555,0.0007396449704142015,1.0571315215235073,0.9992336800270591,0.9861111111111112,0.000297147175714525,0.0053819444444444,1,7,0.09722222222222222,1,0.11498397435897435,0.11685363247863247,0.11698717948717947,0.11465010683760683,0.11698717948717947,0.11698717948717947,0.002003205128205121,0.0023370726495726413,1,GERMINATED
zm6_2,1,72,0.00016502434033058888,0.0,0.0011331839442092,0.00033977256368529496,0,0,0,0.5226028311965814,0.24752938034188038,0.000742808342056855,0.0012074747142110816,0.5216346153846154,0.5256410256410257,0.24599358974358973,0.25080128205128205,0.1171875,0.13332443019943016,0.001666664526488869,0.0035296743562936196,0.11378205128205128,0.11858974358974358,0.1266025641025641,0.13942307692307693,0.0032051282051281937,0.01282051282051283,1.0277777777777777,1.1012658227848102,0.01562895932637519,0.01653414694280079,0.001926158777120315,1.131856540084388,0.9971786923263947,0.9739368998628258,0.0010947235069767415,0.0098586546117469,0,0,0.0,0,0.11511752136752136,0.11785523504273503,0.11858974358974357,0.12940705128205127,0.13321314102564105,0.1373530982905983,0.00347222222222221,0.007946047008547036,1,GERMINATED
zm6_2,2,72,0.0001852996075929486,0.0,0.0017917211358171,0.00037948924931337615,0,0,0,0.3267895299145299,0.32780226139601143,0.0009904111227424719,0.0006564174725364394,0.3261217948717949,0.3293269230769231,0.3261217948717949,0.3301282051282051,0.145744301994302,0.10610309829059829,0.0017286759115872163,0.0024177172796783744,0.13942307692307693,0.15064102564102563,0.09935897435897435,0.11057692307692307,0.011217948717948706,0.01121794871794872,1.0804597701149425,1.1129032258064517,0.015467376006738988,0.01665742110453649,0.00280448717948718,1.2024471635150167,0.9967204072265964,0.9574237777376872,0.0012683022156266778,0.0160662965300906,1,8,0.1111111111111111,1,0.14449786324786326,0.14583333333333334,0.1469017094017094,0.10349893162393163,0.10670405982905982,0.10810630341880341,0.0024038461538461453,0.0046073717948717785,1,GERMINATED
zm6_2,3,72,0.00014467592592591668,0.0,0.000801282051282,0.0003082127498247275,0,0,0,0.7350427350427352,0.39927216880341887,0.0006809588025631798,0.0013249956485700174,0.7339743589743589,0.7355769230769231,0.39823717948717946,0.40384615384615385,0.10545762108262108,0.1390892094017094,0.0006881955499350179,0.003367265406817038,0.10256410256410256,0.10576923076923077,0.1282051282051282,0.14262820512820512,0.0032051282051282076,0.014423076923076927,1.03125,1.1125,0.014670017612225148,0.01508567554240631,0.001936431623931624,1.147265625,0.9976830642551242,0.9846153846153848,0.0009049668625583292,0.0059054487179486,0,0,0.0,0,0.10496794871794872,0.10563568376068376,0.10576923076923077,0.1357505341880342,0.1404246794871795,0.14109241452991453,0.0008012820512820484,0.005341880341880323,1,GERMINATED
zm6_2,4,72,8.903133903133334e-05,0.0,0.000801282051282,0.0002518186542686973,0,0,0,0.4993322649572651,0.4208733974358974,0.0005821179144685707,0.0008205265576552127,0.4983974358974359,0.500801282051282,0.4198717948717949,0.4230769230769231,0.10746082621082621,0.1518429487179487,0.001600089098612129,0.0016410531153104343,0.10416666666666667,0.11057692307692307,0.14743589743589744,0.15384615384615385,0.006410256410256401,0.006410256410256415,1.0615384615384615,1.0434782608695652,0.01631945157836584,0.017011834319526627,0.0016539283366206435,1.1076923076923075,0.9985887570449654,0.9848484848484848,0.0005518054046325014,0.0058238636363636,0,0,0.0,0,0.10590277777777778,0.10737179487179487,0.10910790598290598,0.1500400641025641,0.1519097222222222,0.15357905982905984,0.0032051282051282076,0.0035389957264957417,1,GERMINATED
zm6_2,5,72,0.0002030208409802167,0.0,0.0011331839442092,0.0003703114541115579,0,0,0,0.2647792022792023,0.4768518518518518,0.0007301112654405568,0.002079887177034147,0.2644230769230769,0.2676282051282051,0.4719551282051282,0.47836538461538464,0.13831018518518517,0.12482193732193732,0.004047500195143267,0.0027570980354704447,0.125,0.14102564102564102,0.11698717948717949,0.1266025641025641,0.016025641025641024,0.009615384615384609,1.1282051282051282,1.0821917808219177,0.017274933340638468,0.01785420775805391,0.0032308103221564757,1.2209343168247278,0.9965343270621465,0.9739993157714676,0.0013449490748858404,0.0098368090437222,0,0,0.0,0,0.13374732905982903,0.14015758547008547,0.14102564102564102,0.12152777777777778,0.12633547008547008,0.1266025641025641,0.0072783119658119955,0.005074786324786321,0,NON-GERMINATED
zm6_2,6,72,0.00017154350919662778,0.0,0.0011331839442092,0.000336528234160714,0,0,0,0.5814636752136751,0.5947404736467237,0.0017309670668824338,0.0004325986406155792,0.5785256410256411,0.5841346153846154,0.59375,0.5953525641025641,0.1386663105413105,0.0984909188034188,0.0026971500106305413,0.0020330311628790503,0.12980769230769232,0.14262820512820512,0.09455128205128205,0.10096153846153846,0.012820512820512803,0.006410256410256415,1.0987654320987652,1.0677966101694916,0.013661923179651545,0.014399963017751479,0.002126479289940827,1.1732580037664782,0.9971600329963456,0.971764705882353,0.0011054917322568625,0.0106189225049124,0,0,0.0,0,0.13615117521367523,0.1390224358974359,0.1408253205128205,0.09588675213675213,0.09935897435897435,0.10022702991452992,0.0046741452991452825,0.00434027777777779,1,GERMINATED
zm6_2,7,72,0.00011128917378916668,0.0,0.000801282051282,0.00027710780800364914,0,0,0,0.2802706552706553,0.6220730947293448,0.000521042553005679,0.0005025294651386924,0.2796474358974359,0.28205128205128205,0.6217948717948718,0.6233974358974359,0.15527065527065526,0.10717147435897438,0.0025416849044907768,0.0022810751672728,0.14743589743589744,0.15705128205128205,0.10256410256410256,0.10897435897435898,0.009615384615384609,0.006410256410256415,1.0652173913043477,1.0625,0.01664589982148075,0.01711456278763971,0.001992932281393819,1.1317934782608694,0.9982914622985126,0.9846153846153848,0.0006703261584835431,0.0059054487179486,0,0,0.0,0,0.15244391025641027,0.1563167735042735,0.15705128205128205,0.10430021367521368,0.10823985042735045,0.10897435897435898,0.0046073717948717785,0.004674145299145296,1,GERMINATED
zm6_2,8,72,0.00011589892230204582,0.0,0.0016025641025641,0.0003201463142162844,0,0,0,0.8089721331908832,0.6487824964387465,0.0005921378914896268,0.0007651484791728562,0.8084935897435898,0.8108974358974359,0.6474358974358975,0.6498397435897436,0.13294604700854698,0.12947382478632477,0.002076430529576146,0.000997141060568118,0.125,0.1346153846153846,0.1266025641025641,0.13141025641025642,0.009615384615384609,0.004807692307692318,1.0769230769230769,1.0379746835443038,0.01721475871365695,0.01768984220907298,0.0018645216962524663,1.1178188899707888,0.9977851718560254,0.9753086419753086,0.0008505241498873999,0.0095782520325203,0,0,0.0,0,0.1312099358974359,0.1330128205128205,0.1346153846153846,0.12880608974358973,0.12980769230769232,0.12980769230769232,0.003405448717948706,0.0010016025641025883,1,GERMINATED
zm6_2,9,72,0.000133547008547,0.0,0.000801282051282,0.00029862018930283744,0,0,0,0.41520877849002846,0.7592815170940169,0.00101992141080714,0.0006083355755304668,0.41426282051282054,0.41746794871794873,0.7580128205128205,0.7604166666666666,0.14990651709401712,0.12860576923076922,0.0021357085459027055,0.001619171428015781,0.14583333333333334,0.15544871794871795,0.125,0.13141025641025642,0.009615384615384609,0.006410256410256415,1.065934065934066,1.0512820512820513,0.019281955116790855,0.020427555884286654,0.0021983892176199865,1.1205973513665821,0.99812568095396,0.9873417721518988,0.0007428172216695473,0.0049512130801687,1,9,0.125,1,0.14797008547008547,0.14963942307692304,0.15211004273504272,0.12713675213675213,0.1283386752136752,0.13034188034188035,0.00413995726495725,0.0032051282051282215,1,GERMINATED
zm6_2,10,72,6.67735042735e-05,0.0,0.000801282051282,0.00022146265961239217,0,0,0,0.6132256054131054,0.8253984152421652,0.00036910443268734264,0.0006426889564628233,0.6129807692307693,0.6137820512820513,0.8245192307692307,0.8269230769230769,0.14494301994301992,0.10770566239316241,0.0018483386299881356,0.002085002002670404,0.13782051282051283,0.14583333333333334,0.10416666666666667,0.11057692307692307,0.008012820512820512,0.0048076923076923045,1.0581395348837208,1.0454545454545454,0.015613229029695376,0.016125801282051284,0.0015486316568047338,1.1062367864693445,0.9981893674256668,0.9772727272727272,0.0006771241787944097,0.0079545454545454,1,7,0.09722222222222222,1,0.14316239316239318,0.14583333333333334,0.14583333333333334,0.10543536324786325,0.10763888888888888,0.11004273504273504,0.0026709401709401615,0.004607371794871792,1,GERMINATED
zm6_3,1,72,0.00014928567443879445,0.0,0.0011331839442092,0.00032024586156627154,0,0,0,0.5236044337606838,0.28859508547008544,0.0013549428343818744,0.0008446254434210615,0.5200320512820513,0.5256410256410257,0.2876602564102564,0.2900641025641026,0.11576299857549859,0.13581730769230768,0.003265687841316289,0.001786737200889378,0.10897435897435898,0.1233974358974359,0.13141025641025642,0.13942307692307693,0.014423076923076927,0.008012820512820512,1.1323529411764706,1.0609756097560976,0.01572762145929213,0.01720445019723866,0.002884101742274818,1.2013988522238161,0.9967672111470378,0.9622448979591836,0.0012285117869219404,0.013735119047619,1,11,0.1527777777777778,1,0.11338141025641026,0.11444978632478632,0.11945779914529915,0.1344150641025641,0.1356169871794872,0.1374198717948718,0.006076388888888895,0.0030048076923077094,1,GERMINATED
zm6_3,2,72,0.00014467592592591668,0.0,0.000801282051282,0.00030821274982472736,0,0,0,0.3614783653846154,0.323951655982906,0.0003517512604451357,0.0013777851416909234,0.3605769230769231,0.36217948717948717,0.32211538461538464,0.327724358974359,0.14674590455840456,0.10766114672364671,0.002641752768259056,0.0011741930812954064,0.14102564102564102,0.15064102564102563,0.10576923076923077,0.10897435897435898,0.009615384615384609,0.0016025641025641107,1.0681818181818181,1.0149253731343284,0.015798247281119875,0.01641600920447074,0.0012738330046022355,1.0841248303934872,0.9976531001881743,0.9850746268656716,0.0009154542859907835,0.0057447139303482,0,0,0.0,0,0.1437633547008547,0.14716880341880342,0.14930555555555555,0.10830662393162394,0.10643696581196581,0.10823985042735042,0.005542200854700863,-6.677350427351791e-05,1,GERMINATED
zm6_3,3,72,0.00015389542295167225,0.0,0.0011331839442092,0.00033177887965243316,0,0,0,0.608273237179487,0.37947382478632474,0.0017203088979685444,0.0004952055613712364,0.6065705128205128,0.6145833333333334,0.37900641025641024,0.38060897435897434,0.1538684116809117,0.10510149572649571,0.004235719171710726,0.0009904111227424723,0.13942307692307693,0.15865384615384615,0.10416666666666667,0.10737179487179487,0.019230769230769218,-0.0016025641025640969,1.1379310344827585,0.9850746268656717,0.016168854497680615,0.016780695266272187,0.0018105892504930946,1.120946989191971,0.9975956428574287,0.9744094488188976,0.000941557024818525,0.0096932624771217,1,11,0.1527777777777778,1,0.14983974358974358,0.15498130341880342,0.15678418803418803,0.10610309829059827,0.1046340811965812,0.1045673076923077,0.0069444444444444475,-0.001535790598290579,1,GERMINATED
zm6_3,4,72,0.0005171418236059459,0.0,0.0284201087355259,0.0033293267723134346,0,0,0,0.3683337784900285,0.4693287037037038,0.009944389827550217,0.003997992898738921,0.3629807692307692,0.3942307692307692,0.4599358974358974,0.47115384615384615,0.09942574786324784,0.13207799145299143,0.0017804876637250754,0.003469653060033805,0.09455128205128205,0.10096153846153846,0.125,0.1346153846153846,0.0048076923076923045,0.009615384615384609,1.05,1.0769230769230769,0.013137793974632916,0.013590976331360947,0.0015717455621301769,1.1307692307692307,0.990751569455301,0.5011702293649555,0.0035730928759885087,0.1930634904003574,0,0,0.0,0,0.09735576923076923,0.0999599358974359,0.10096153846153848,0.12787126068376067,0.13374732905982908,0.1346153846153846,0.0036057692307692457,0.006744123931623935,0,NON-GERMINATED
zm6_3,5,72,8.251217016529445e-05,0.0,0.0011331839442092,0.00025402943873107606,0,0,0,0.7670161146723649,0.520054309116809,0.0005896226041199103,0.00013167912622639736,0.7652243589743589,0.7676282051282052,0.5200320512820513,0.5208333333333334,0.15199875356125356,0.11685363247863248,0.0024575512279570878,0.0005821179144685727,0.14423076923076922,0.15384615384615385,0.11378205128205128,0.11698717948717949,0.009615384615384637,0.0032051282051282076,1.0666666666666669,1.028169014084507,0.017762608207319747,0.01799802761341223,0.001587154832347143,1.0967136150234744,0.9987273449225119,0.9755807027992852,0.0004990621877282499,0.0092833235839861,1,9,0.125,1,0.14957264957264957,0.15257745726495725,0.15384615384615385,0.11658653846153845,0.11698717948717947,0.11698717948717947,0.004273504273504286,0.0004006410256410242,1,GERMINATED
zm6_3,6,72,0.0005082436643307764,0.0,0.0028890635220064,0.0008500603329879668,0,0,0,0.19360977564102566,0.5454616274928775,0.0029875080706928776,0.004670314852099005,0.18028846153846154,0.1955128205128205,0.5424679487179487,0.5641025641025641,0.13445957977207978,0.15462517806267806,0.006416706391676904,0.018768924933514636,0.1266025641025641,0.16185897435897437,0.13942307692307693,0.21474358974358973,0.03525641025641027,0.0737179487179487,1.278481012658228,1.5227272727272727,0.020902247014025863,0.0347581771860618,0.016903969428007887,1.946777905638665,0.9905789499927573,0.9453634085213032,0.003627725884349935,0.0207698266322148,1,35,0.4861111111111111,1,0.13020833333333334,0.1330128205128205,0.14015758547008547,0.14155982905982906,0.14710202991452992,0.17521367521367523,0.00994925213675213,0.03365384615384617,1,GERMINATED
zm6_3,7,72,0.0007202430182747153,0.0,0.0043150359031526,0.001167399572989958,0,0,0,0.563713051994302,0.5848357371794872,0.008199822273164854,0.00443114025610948,0.5584935897435898,0.5953525641025641,0.5681089743589743,0.5889423076923077,0.13321314102564102,0.12444355413105414,0.019446457634757434,0.006909220549525818,0.11858974358974358,0.20673076923076922,0.11698717948717949,0.14903846153846154,0.08814102564102563,0.03205128205128205,1.7432432432432432,1.273972602739726,0.016708071946453358,0.030810835798816567,0.016937356180144643,2.220844131803036,0.98720711236656,0.9102405498281788,0.004945668633582478,0.0336255162513454,1,24,0.3333333333333333,1,0.12252938034188036,0.12706997863247863,0.1500400641025641,0.11932425213675213,0.12279647435897438,0.1312099358974359,0.027510683760683732,0.011885683760683774,1,GERMINATED
zm6_3,8,72,0.00011398950194888333,0.0,0.0011331839442092,0.0003066190052762001,0,0,0,0.39370771011396005,0.6463341346153846,0.0006698646891298137,0.001104793810615269,0.3918269230769231,0.3942307692307692,0.6458333333333334,0.6498397435897436,0.1430065883190883,0.11745459401709403,0.0018790411597884521,0.0026499912971400122,0.1362179487179487,0.14423076923076922,0.10737179487179487,0.11858974358974358,0.008012820512820512,0.01121794871794872,1.0588235294117647,1.1044776119402986,0.016801347968715755,0.0171042899408284,0.0024783242932281385,1.1694468832309042,0.9978470281487508,0.9740478597910348,0.0008276333242039709,0.0098198186368738,0,0,0.0,0,0.14122596153846154,0.14356303418803418,0.14423076923076922,0.11518429487179487,0.11858974358974357,0.11858974358974357,0.0030048076923076816,0.003405448717948706,1,GERMINATED
zm6_3,9,72,0.00011589892230204445,0.0,0.0011331839442092,0.0002909619545824085,0,0,0,0.25310496794871795,0.744313123219373,0.0002649991297140009,0.0006830472203551057,0.25240384615384615,0.2532051282051282,0.7427884615384616,0.7459935897435898,0.13713051994301992,0.13588408119658119,0.0015068077404747902,0.001279196318153585,0.13141025641025642,0.13782051282051283,0.1330128205128205,0.13782051282051283,0.006410256410256415,0.0016025641025641246,1.048780487804878,1.0117647058823531,0.01863448041082256,0.01899449375410914,0.001094058185404343,1.0611190817790532,0.9981985865857195,0.976470588235294,0.0007058289944945889,0.008971863681383,0,0,0.0,0,0.13575053418803418,0.13782051282051283,0.13782051282051283,0.13474893162393162,0.1356169871794872,0.1372863247863248,0.002069978632478653,0.002537393162393181,1,GERMINATED
zm6_3,10,72,0.00027631351411975695,0.0,0.0016025641025641,0.0004163389133875599,0,0,0,0.6020633012820512,0.7557536502849003,0.0028965773539989174,0.0007824349176885675,0.5953525641025641,0.6057692307692307,0.7540064102564102,0.7588141025641025,0.13592859686609685,0.10387731481481481,0.008120389032101619,0.000671803252884021,0.12179487179487179,0.15705128205128205,0.10096153846153846,0.10416666666666667,0.035256410256410256,0.0032051282051282076,1.2894736842105263,1.0317460317460319,0.0141218470920995,0.016359508547008548,0.004062910913872453,1.3304093567251463,0.9952129692721474,0.9692307692307692,0.0018550645389262474,0.0118108974358974,1,24,0.3333333333333333,1,0.1284722222222222,0.1344150641025641,0.14489850427350429,0.10343215811965811,0.10416666666666667,0.10403311965811966,0.016426282051282076,0.0006009615384615502,1,GERMINATED
zm6_4,1,72,0.00012050867081492222,0.0,0.0011331839442092,0.00030411590094820687,0,0,0,0.43707710113960113,0.2774550391737892,0.000755128002746051,0.001689214227353868,0.4342948717948718,0.4375,0.2764423076923077,0.28205128205128205,0.1401353276353276,0.10748308404558402,0.0016656238367049212,0.0004871364990259825,0.1330128205128205,0.14102564102564102,0.10576923076923077,0.10897435897435898,0.008012820512820512,0.0016025641025640969,1.0602409638554218,1.0151515151515151,0.015062240610618012,0.015368178829717291,0.0010735124917817217,1.076305220883534,0.9977642897786101,0.9733475479744136,0.0008608292135161222,0.0100649277726911,0,0,0.0,0,0.13835470085470086,0.14102564102564102,0.14102564102564102,0.10770566239316239,0.10737179487179487,0.10737179487179487,0.0026709401709401615,-0.0003338675213675202,1,GERMINATED
zm6_4,2,72,9.364108754421249e-05,0.0,0.0016025641025641,0.0002988691451601052,0,0,0,0.6540464743589745,0.290676193019943,0.0005934958879083571,0.000389194009304791,0.6514423076923077,0.6546474358974359,0.2900641025641026,0.2916666666666667,0.13020833333333331,0.12057069088319088,0.0016410531153104343,0.0007783880186095839,0.1233974358974359,0.1330128205128205,0.11858974358974358,0.12179487179487179,0.009615384615384609,0.0016025641025641107,1.077922077922078,1.0135135135135136,0.015699371130561034,0.01598711785009862,0.0013534475673898736,1.0924885924885923,0.9984181648737087,0.9746588693957114,0.0006145090011056736,0.0099024261603375,0,0,0.0,0,0.12860576923076922,0.13027510683760687,0.13174412393162394,0.12079326923076923,0.12072649572649573,0.1201923076923077,0.0031383547008547175,-0.0006009615384615363,1,GERMINATED
zm6_4,3,72,7.790242165241666e-05,0.0,0.000801282051282,0.0002373879207587716,0,0,0,0.29897836538461536,0.37947382478632485,0.000581159695029686,0.0003950373786791933,0.2980769230769231,0.29967948717948717,0.37900641025641024,0.3798076923076923,0.1171875,0.13216702279202275,0.0011623193900593713,0.0024034339363769707,0.11538461538461539,0.11858974358974358,0.1266025641025641,0.1346153846153846,0.0032051282051281937,0.008012820512820512,1.0277777777777777,1.0632911392405062,0.015490739599313318,0.015964003944773174,0.0013560157790927004,1.0928270042194093,0.998774918065418,0.9863013698630136,0.00047941525117780416,0.0053153538812785,0,0,0.0,0,0.11598557692307691,0.11698717948717947,0.11858974358974357,0.12934027777777776,0.13254540598290598,0.1346153846153846,0.0026041666666666574,0.005275106837606847,1,GERMINATED
zm6_4,4,72,0.00011589892230204582,0.0,0.0016025641025641,0.0003201463142162844,0,0,0,0.7728699252136754,0.4707977207977208,0.0012664981796468066,0.0006389200540601524,0.7668269230769231,0.7732371794871795,0.46955128205128205,0.47115384615384615,0.10089476495726496,0.1375089031339031,0.0003202344767169305,0.00102192310214112,0.09935897435897435,0.10096153846153846,0.1330128205128205,0.13782051282051283,0.0,0.004807692307692318,1.0,1.036144578313253,0.01387408600199065,0.013914571005917161,0.00048539201183432114,1.0361445783132532,0.9974493774843682,0.9465648854961832,0.0009680521799674334,0.0197439567430025,0,0,0.0,0,0.10076121794871795,0.10096153846153848,0.10096153846153848,0.13688568376068377,0.13782051282051283,0.13782051282051283,0.000200320512820526,0.0009348290598290565,0,NON-GERMINATED
zm6_4,5,72,2.2257834757833333e-05,0.0,0.000801282051282,0.00013167912622639007,0,0,0,0.47193287037037035,0.4830951745014246,0.0001316791262263976,0.0002373879207587857,0.47115384615384615,0.4719551282051282,0.4823717948717949,0.4831730769230769,0.15219907407407407,0.12965188746438744,0.00026335825245279494,0.00047477584151758037,0.15064102564102563,0.15224358974358973,0.1282051282051282,0.12980769230769232,0.0016025641025640969,0.0016025641025641246,1.0106382978723405,1.0125000000000002,0.019732961627492877,0.019762389053254437,0.00044943704799474404,1.0232712765957448,0.9996823334055303,0.9876543209876544,0.00012565090065699166,0.0048418209876543,0,0,0.0,0,0.15211004273504272,0.15224358974358973,0.15224358974358973,0.12934027777777776,0.12980769230769232,0.12980769230769232,0.00013354700854700807,0.000467414529914556,1,GERMINATED
zm6_4,6,72,0.00016693376068375,0.0,0.000801282051282,0.00032541380691801313,0,0,0,0.21049234330484326,0.5134326032763532,0.0016820503587881962,0.0014037884217530745,0.20833333333333334,0.21394230769230768,0.5120192307692307,0.5176282051282052,0.13087606837606836,0.11447204415954418,0.0025338763302631255,0.002065905989594512,0.125,0.1346153846153846,0.10897435897435898,0.11698717948717949,0.009615384615384609,0.008012820512820512,1.0769230769230769,1.0735294117647058,0.014986157338921764,0.0157482741617357,0.002126479289940829,1.156108597285068,0.9972588157769352,0.9855072463768116,0.0010679214225171067,0.0055932971014492,0,0,0.0,0,0.12807158119658119,0.13074252136752137,0.13381410256410256,0.11211271367521368,0.11518429487179487,0.11611912393162394,0.005742521367521375,0.004006410256410256,1,GERMINATED
zm6_4,7,72,0.00012241809116808334,0.0,0.000801282051282,0.00028827977757718543,0,0,0,0.725082353988604,0.6221287393162394,0.0012031075169272444,0.0004952055613712364,0.7227564102564102,0.7259615384615384,0.6217948717948718,0.6233974358974359,0.13388087606837606,0.13247863247863245,0.001436794523995056,0.003205128205128207,0.12980769230769232,0.1362179487179487,0.12179487179487179,0.1346153846153846,0.004807692307692291,0.012820512820512817,1.037037037037037,1.1052631578947367,0.01774067139902476,0.018121301775147928,0.0023113905325443766,1.1461988304093567,0.997792076423329,0.9743589743589745,0.0008523450110940889,0.0089743589743589,0,0,0.0,0,0.13234508547008547,0.1346821581196581,0.1346153846153846,0.12867254273504272,0.13414797008547008,0.1346153846153846,0.0022702991452991372,0.005942841880341887,1,GERMINATED
zm6_4,8,72,0.00020954000984625557,0.0,0.0011331839442092,0.000366661995838347,0,0,0,0.5272881054131054,0.6319221866096866,0.0014683424592655432,0.001218908615570959,0.5232371794871795,0.5288461538461539,0.6306089743589743,0.6338141025641025,0.1493945868945869,0.12882834757834757,0.004742120365237098,0.0012109571321879916,0.1346153846153846,0.15865384615384615,0.125,0.12980769230769232,0.024038461538461536,0.004807692307692318,1.1785714285714286,1.0384615384615385,0.01925085121950106,0.020594489644970414,0.0037675665680473383,1.223901098901099,0.9965331541707138,0.9657967032967032,0.0013495970466502528,0.0124919871794871,1,15,0.20833333333333334,1,0.14543269230769232,0.14903846153846154,0.15371260683760685,0.12787126068376067,0.12880608974358973,0.12980769230769232,0.008279914529914528,0.0019364316239316448,1,GERMINATED
zm6_4,9,72,9.364108754421112e-05,0.0,0.0011331839442092,0.00026737232922812993,0,0,0,0.33910924145299154,0.7084112357549858,0.0008852212595861921,0.000584559561372367,0.33653846153846156,0.33974358974358976,0.7075320512820513,0.7091346153846154,0.117321047008547,0.12422097578347577,0.0017704425191723875,0.0020514673316603432,0.11217948717948718,0.11858974358974358,0.11858974358974358,0.1266025641025641,0.006410256410256401,0.008012820512820512,1.0571428571428572,1.0675675675675675,0.014577098286032581,0.015013765614727151,0.0017104289940828386,1.1285714285714286,0.9983338247636119,0.973492261163494,0.0006440280396396084,0.010014278156513,0,0,0.0,0,0.11538461538461538,0.11798878205128205,0.11858974358974357,0.1218616452991453,0.12473290598290598,0.12606837606837606,0.0032051282051281937,0.004206730769230768,1,GERMINATED
zm6_4,10,72,0.00010286058456996668,0.0,0.0011331839442092,0.0002958227836849608,0,0,0,0.5380052528490027,0.7740384615384617,0.0010242836940851647,0.0013016552276721334,0.5344551282051282,0.5384615384615384,0.7732371794871795,0.7780448717948718,0.11126691595441598,0.14102564102564102,0.0020485673881703442,0.002603310455344271,0.10416666666666667,0.11217948717948718,0.1330128205128205,0.14262820512820512,0.008012820512820512,0.009615384615384609,1.0769230769230769,1.072289156626506,0.015696624570823287,0.015999958908612756,0.0021444567718606183,1.154772937905468,0.9980216766253773,0.9734855136084284,0.0007592725610883792,0.010016639800786,0,0,0.0,0,0.10944177350427349,0.11217948717948718,0.11217948717948718,0.13828792735042736,0.1421607905982906,0.14262820512820512,0.0027377136752136932,0.004340277777777762,1,GERMINATED
zm6_5,1,72,0.00017806267806266804,0.0,0.0016025641025641,0.0003588968014733863,0,0,0,0.45025373931623935,0.1846287393162393,0.0008933686004446847,0.001449154274453178,0.44871794871794873,0.453525641025641,0.18189102564102563,0.18669871794871795,0.11409366096866098,0.15611645299145302,0.0019561585241025512,0.0018456563783500611,0.10897435897435898,0.11698717948717949,0.15064102564102563,0.15865384615384615,0.008012820512820512,0.008012820512820512,1.0735294117647058,1.053191489361702,0.017815113868799762,0.01856046597633136,0.00214445677186062,1.1306320400500627,0.9972281870678673,0.971830985915493,0.0010858752669871085,0.0109008215962441,0,0,0.0,0,0.11204594017094016,0.11431623931623931,0.11591880341880341,0.15418002136752137,0.1564503205128205,0.1577190170940171,0.003872863247863248,0.003538995726495714,1,GERMINATED
zm6_5,2,72,6.67735042735e-05,0.0,0.000801282051282,0.00022146265961239204,0,0,0,0.645054309116809,0.27313701923076916,0.0001316791262263974,0.0002649991297140011,0.6450320512820513,0.6458333333333334,0.2724358974358974,0.27323717948717946,0.10692663817663815,0.12920673076923073,0.0010757697626063495,0.0013990602857743724,0.10416666666666667,0.10737179487179487,0.1233974358974359,0.12980769230769232,0.0032051282051281937,0.006410256410256415,1.0307692307692307,1.051948051948052,0.013817014630816714,0.013937684911242604,0.0010837853385930307,1.0843156843156843,0.9988833151671277,0.9848484848484848,0.000434242469283068,0.0058238636363636,0,0,0.0,0,0.10603632478632478,0.10737179487179487,0.10737179487179487,0.12800480769230768,0.12980769230769232,0.12980769230769232,0.0013354700854700807,0.0018028846153846367,0,NON-GERMINATED
zm6_5,3,72,0.00020954000984625557,0.0,0.0011331839442092,0.0003666619958383469,0,0,0,0.26963141025641024,0.33134125712250717,0.0018359678265047375,0.0008654119792652911,0.2668269230769231,0.27323717948717946,0.3301282051282051,0.33253205128205127,0.14859330484330485,0.107082443019943,0.003918390506528738,0.001968654840499387,0.1362179487179487,0.15224358974358973,0.10256410256410256,0.10897435897435898,0.016025641025641024,0.006410256410256415,1.1176470588235294,1.0625,0.01591888189193878,0.016590647600262985,0.0026195759368836304,1.1875,0.9963424872261489,0.973552290406223,0.001416330477247964,0.0099932679215579,0,0,0.0,0,0.14483173076923075,0.1500400641025641,0.15090811965811965,0.10503472222222221,0.1077724358974359,0.10844017094017094,0.006076388888888895,0.0034054487179487336,1,GERMINATED
zm6_5,4,72,0.000133547008547,0.0,0.000801282051282,0.00029862018930283766,0,0,0,0.8251090633903133,0.3589409722222222,0.0009993123349292983,0.0005576687062129411,0.8237179487179487,0.8285256410256411,0.3581730769230769,0.359775641025641,0.12862802706552706,0.14977297008547008,0.0019986246698585953,0.0024615796729656474,0.12179487179487179,0.13141025641025642,0.14262820512820512,0.15224358974358973,0.009615384615384623,0.009615384615384609,1.0789473684210527,1.0674157303370786,0.019269613432774488,0.02000636916502301,0.0026349852071005896,1.1516853932584268,0.9980500896698534,0.987012987012987,0.0007692741711068944,0.0050662878787878,1,9,0.125,1,0.1266025641025641,0.12907318376068375,0.13020833333333334,0.14703525641025642,0.15057425213675213,0.1517094017094017,0.0036057692307692457,0.0046741452991452825,1,GERMINATED
zm6_5,5,72,0.00014276650557275554,0.0,0.0011331839442092,0.00032320481018932227,0,0,0,0.4856659544159544,0.37899528133903126,0.0011057462916999816,0.00036556418504399887,0.484775641025641,0.4895833333333333,0.3782051282051282,0.3798076923076923,0.11275819088319089,0.14937232905982906,0.0009369464556556777,0.002997379231765949,0.11057692307692307,0.11378205128205128,0.13942307692307693,0.15224358974358973,0.0,0.012820512820512803,1.0,1.0919540229885056,0.01684415149709621,0.017322587935568703,0.001458744247205785,1.0919540229885056,0.9976142603227091,0.9748679366095726,0.0009278071156741333,0.0095327917503855,0,0,0.0,0,0.11211271367521368,0.11237980769230771,0.11378205128205128,0.14643429487179485,0.14950587606837606,0.15217681623931623,0.001669337606837601,0.005742521367521375,1,GERMINATED
zm6_5,6,72,0.00013815675705987777,0.0,0.0011331839442092,0.0003111895454152352,0,0,0,0.5421118233618232,0.5509593126780626,0.0010072746170748498,0.000996333382078784,0.5416666666666666,0.5456730769230769,0.5496794871794872,0.5528846153846154,0.11854522792022792,0.15671741452991453,0.0003750956985922523,0.0017296786654632237,0.11698717948717949,0.1201923076923077,0.15064102564102563,0.15865384615384615,-0.0016025641025641107,0.006410256410256415,0.9866666666666666,1.0425531914893618,0.018578015422967345,0.01881471893491124,0.0005187787639710714,1.0286524822695036,0.9979308997618372,0.9765549579368364,0.0008139869754459541,0.0089423342858432,0,0,0.0,0,0.11845619658119656,0.11858974358974357,0.11858974358974357,0.15524839743589744,0.15745192307692307,0.15745192307692307,0.00013354700854700807,0.002203525641025633,1,GERMINATED
zm6_5,7,72,8.903133903133334e-05,0.0,0.000801282051282,0.0002518186542686973,0,0,0,0.26327679843304846,0.5598401887464388,0.0011159479935817596,0.00037360688950308156,0.26282051282051283,0.2676282051282051,0.5592948717948718,0.5600961538461539,0.12088230056980057,0.1477252492877493,0.002231895987163528,0.0018374513281308221,0.11217948717948718,0.12179487179487179,0.14262820512820512,0.14903846153846154,0.009615384615384609,0.006410256410256415,1.0857142857142856,1.0449438202247192,0.017861056322594788,0.018152120315581853,0.002152161406969097,1.1345104333868377,0.9982642225802074,0.9646244166792112,0.0006653924672977125,0.0129022874956094,0,0,0.0,0,0.11905715811965811,0.12179487179487179,0.12179487179487179,0.14583333333333334,0.14830395299145296,0.14903846153846154,0.0027377136752136794,0.0032051282051281937,1,GERMINATED
zm6_5,8,72,0.0002030208409802167,0.0,0.0011331839442092,0.0003703114541115579,0,0,0,0.7494101673789175,0.5833222044159544,0.0012311922855531637,0.0019190526486435842,0.7483974358974359,0.7540064102564102,0.5817307692307693,0.5873397435897436,0.13579504985754984,0.14919426638176636,0.0024623845711063313,0.002376382200154797,0.1266025641025641,0.13782051282051283,0.14102564102564102,0.15064102564102563,0.009615384615384609,0.009615384615384609,1.0759493670886076,1.0681818181818181,0.020264831137226973,0.020761423405654175,0.0026658037475345148,1.1493095512082854,0.9968743637382579,0.9764044943820224,0.0012259362382468818,0.0089949965300281,0,0,0.0,0,0.13428151709401712,0.13688568376068375,0.1362179487179487,0.1468349358974359,0.1501068376068376,0.15064102564102563,0.0019364316239315893,0.00380608974358973,1,GERMINATED
zm6_5,9,72,7.138325278637777e-05,0.0,0.0011331839442092,0.0002394289945748467,0,0,0,0.46085959757834755,0.6777733262108261,0.00031771061306136477,0.00027710780800366535,0.46073717948717946,0.4623397435897436,0.6770833333333334,0.6778846153846154,0.1387775997150997,0.10194088319088318,0.0015724494712589124,0.0014520571964298482,0.1330128205128205,0.13942307692307693,0.09775641025641026,0.10256410256410256,0.006410256410256415,0.0048076923076923045,1.0481927710843373,1.0491803278688525,0.014149348359083939,0.014299802761341223,0.0012969469099276803,1.0997432352360261,0.9986911929747708,0.9726836471022516,0.0005044815731413069,0.0102972930779478,0,0,0.0,0,0.1374866452991453,0.13942307692307693,0.13942307692307693,0.10069444444444446,0.10256410256410257,0.10256410256410257,0.001936431623931617,0.001869658119658113,0,NON-GERMINATED
zm6_5,10,72,7.599300129925556e-05,0.0,0.0011331839442092,0.0002560552239673018,0,0,0,0.4899172008547009,0.8150819088319087,0.0004952055613712359,0.0004269793022892363,0.4895833333333333,0.4911858974358974,0.8149038461538461,0.8165064102564102,0.1545584045584046,0.1132033475783476,0.0015317530746158528,0.0014944275580123338,0.14903846153846154,0.15544871794871795,0.10737179487179487,0.11378205128205128,0.006410256410256415,0.006410256410256415,1.043010752688172,1.0597014925373134,0.01749861744603331,0.01768727399737015,0.0016847468770545722,1.1052800513561227,0.9986229109010437,0.9748122653316644,0.0005313766354792043,0.0095522766976533,0,0,0.0,0,0.1528445512820513,0.15538194444444445,0.15544871794871795,0.11204594017094016,0.11378205128205128,0.11378205128205128,0.0026041666666666574,0.0017361111111111188,1,GERMINATED
zm6_6,1,72,0.0006308539251169139,0.0,0.0147313912747197,0.0019199461775787558,0,0,0,0.5990584935897436,0.26973157051282054,0.0034137852021925525,0.004053844686532274,0.5745192307692307,0.6009615384615384,0.266025641025641,0.28846153846153844,0.14176014957264954,0.11042111823361823,0.0054929071362389975,0.003816358749795408,0.1330128205128205,0.16025641025641027,0.10737179487179487,0.13141025641025642,0.016025641025641024,0.02243589743589744,1.1204819277108433,1.2058823529411764,0.015668659598948063,0.019775230111768575,0.0050901955950032884,1.351169383416017,0.9892699305394067,0.7742532993748553,0.004165579362533648,0.0885867495473684,1,18,0.25,1,0.13795405982905984,0.13942307692307693,0.14790331196581197,0.10977564102564102,0.10790598290598291,0.11358173076923077,0.00994925213675213,0.003806089743589744,1,GERMINATED
zm6_6,2,72,0.00019380134395446111,0.0,0.0011331839442092,0.00035064835734410494,0,0,0,0.38039752492877493,0.26622596153846156,0.000855045665660041,0.0007642576884521605,0.3782051282051282,0.38301282051282054,0.2644230769230769,0.2676282051282051,0.1513310185185185,0.1206374643874644,0.002587180092829781,0.0012010984297749323,0.14102564102564102,0.15384615384615385,0.11698717948717949,0.12179487179487179,0.011217948717948706,0.0048076923076923045,1.0795454545454544,1.0410958904109588,0.01825848708360727,0.018737672583826432,0.0020442965154503605,1.1239103362391032,0.9967077458278363,0.9755255255255256,0.0012782598338276804,0.009302635629802,0,0,0.0,0,0.14957264957264957,0.15217681623931623,0.15224358974358973,0.1203926282051282,0.12012553418803418,0.12139423076923077,0.0026709401709401615,0.0010016025641025744,0,NON-GERMINATED
zm6_6,3,72,0.0001538954229516736,0.0,0.0016025641025641,0.0003576479113252025,0,0,0,0.7561097756410257,0.38227831196581197,0.0011977424622497338,0.000997141060568129,0.7556089743589743,0.7604166666666666,0.37900641025641024,0.3838141025641026,0.11643073361823363,0.1378205128205128,0.0013660944407102183,0.002476928016959325,0.11057692307692307,0.11698717948717949,0.12980769230769232,0.14102564102564102,0.006410256410256415,0.011217948717948706,1.0579710144927537,1.0864197530864197,0.016049539662320107,0.01649819197896121,0.0021444567718606165,1.1494006083378063,0.997379522825925,0.9726027397260274,0.0010171990358447945,0.010630707762557,0,0,0.0,0,0.11531784188034189,0.11698717948717947,0.11698717948717947,0.13534989316239318,0.13828792735042736,0.13982371794871795,0.001669337606837587,0.00447382478632477,0,NON-GERMINATED
zm6_6,4,72,0.00023831701347013054,0.0,0.0016025641025641,0.00041839866931524846,0,0,0,0.21578970797720798,0.42936476139601143,0.001048483414646896,0.0013197507169547234,0.21394230769230768,0.21955128205128205,0.4270833333333333,0.4310897435897436,0.10323183760683759,0.14060274216524216,0.0019763152493254194,0.0038520203911733167,0.09935897435897435,0.10737179487179487,0.13141025641025642,0.14583333333333334,0.008012820512820512,0.014423076923076927,1.0806451612903225,1.1097560975609757,0.014521810395207831,0.015658386752136752,0.0026015984549638393,1.1992525570416994,0.9958733059151079,0.9682539682539684,0.0015992489884677666,0.0121527777777777,0,0,0.0,0,0.10109508547008549,0.10329861111111112,0.10530181623931623,0.13628472222222224,0.14122596153846154,0.14429754273504272,0.00420673076923074,0.008012820512820484,1,GERMINATED
zm6_6,5,72,0.0002744040937665972,0.0,0.0016025641025641,0.00044848840280197096,0,0,0,0.49165331196581186,0.44199608262108264,0.0007284129350050665,0.0011760901721530328,0.4895833333333333,0.49278846153846156,0.4391025641025641,0.4439102564102564,0.12798254985754987,0.1226406695156695,0.004963247617429165,0.004571696408076697,0.1233974358974359,0.14262820512820512,0.11698717948717949,0.14102564102564102,0.019230769230769218,0.024038461538461536,1.1558441558441557,1.2054794520547945,0.01571663522034115,0.02011423405654175,0.005678316074950689,1.3933463796477494,0.9943815416127018,0.952020202020202,0.0021448230965026957,0.0175294988566652,1,29,0.4027777777777778,1,0.12413194444444446,0.1265357905982906,0.13327991452991453,0.11892361111111112,0.12126068376068377,0.12773771367521367,0.009147970085470067,0.008814102564102547,1,GERMINATED
zm6_6,6,72,0.00012050867081492222,0.0,0.0011331839442092,0.0003041159009482068,0,0,0,0.3625133547008547,0.5545094373219375,0.0007984949748331556,0.0009054863607019205,0.36217948717948717,0.36538461538461536,0.5536858974358975,0.5568910256410257,0.16862535612535615,0.10287571225071224,0.0030479420884301453,0.00127084245224539,0.15705128205128205,0.16987179487179488,0.10096153846153846,0.10416666666666667,0.01282051282051283,0.0032051282051282076,1.0816326530612246,1.0317460317460319,0.017348983444736652,0.017694978632478636,0.0018388395792241982,1.1159701976028509,0.9980570613747671,0.97453125,0.0007583591548612708,0.009650632063736,0,0,0.0,0,0.16613247863247863,0.16987179487179485,0.16987179487179485,0.101428952991453,0.1030315170940171,0.10416666666666667,0.003739316239316226,0.0027377136752136655,0,NON-GERMINATED
zm6_6,7,72,0.00010477000492312778,0.0,0.0011331839442092,0.0002796377362368539,0,0,0,0.7235910790598291,0.5603632478632479,0.00016011723835846349,0.0009904111227424732,0.7235576923076923,0.7243589743589743,0.5584935897435898,0.561698717948718,0.1294293091168091,0.11707621082621082,0.0009811136414055502,0.001978820403391459,0.1266025641025641,0.12980769230769232,0.11057692307692307,0.11858974358974358,0.0032051282051282215,0.006410256410256415,1.0253164556962027,1.0579710144927537,0.015154767571133761,0.015393860946745563,0.001186513806706117,1.084755090809026,0.9981293610325531,0.9739368998628258,0.0007228241418064722,0.0098586546117469,0,0,0.0,0,0.12867254273504272,0.12980769230769232,0.12980769230769232,0.11531784188034189,0.11778846153846152,0.11812232905982904,0.0011351495726495964,0.0028044871794871556,0,NON-GERMINATED
zm6_6,8,72,4.4515669515666665e-05,0.0,0.000801282051282,0.00018354280740818176,0,0,0,0.48338452635327633,0.6299523682336184,0.00048138196122422784,0.00036147573381658794,0.4831730769230769,0.484775641025641,0.6298076923076923,0.6314102564102564,0.10374376780626779,0.12150551994301992,0.0009627639224484588,0.0007229514676331774,0.10096153846153846,0.10416666666666667,0.11858974358974358,0.12179487179487179,0.0032051282051282076,0.0032051282051282076,1.0317460317460319,1.027027027027027,0.012606067143326757,0.012686965811965812,0.0007139628533859299,1.0596310596310596,0.9992013771742391,0.984375,0.000308453174201525,0.0059895833333333,0,0,0.0,0,0.10289797008547008,0.10416666666666667,0.10416666666666667,0.12092681623931623,0.12179487179487179,0.12179487179487179,0.0012686965811965906,0.0008680555555555663,0,NON-GERMINATED
zm6_6,9,72,0.00012241809116808334,0.0,0.000801282051282,0.00028827977757718543,0,0,0,0.6620481659544158,0.7546073717948719,0.0007374534925671853,0.0005626435478883765,0.6610576923076923,0.6634615384615384,0.7540064102564102,0.7556089743589743,0.13748664529914528,0.12508903133903135,0.002787743822802899,0.0015548654911478781,0.12980769230769232,0.14262820512820512,0.12179487179487179,0.1266025641025641,0.012820512820512803,0.0048076923076923045,1.0987654320987652,1.0394736842105263,0.01720209600317773,0.01805709648257725,0.0022471852399736994,1.1421377517868745,0.9981652737856227,0.987012987012987,0.0007217259342913236,0.0050662878787878,1,5,0.06944444444444445,1,0.1343482905982906,0.13802083333333334,0.14009081196581197,0.12333066239316241,0.12533386752136752,0.1266025641025641,0.005742521367521375,0.003271901709401684,1,GERMINATED
zm6_6,10,72,6.025433540746111e-05,0.0,0.0011331839442092,0.00022332448486488132,0,0,0,0.3147702991452992,0.7693977029914529,0.00029862018930285576,0.00037624958832747766,0.3141025641025641,0.31490384615384615,0.7692307692307693,0.7708333333333334,0.10069444444444443,0.14968393874643873,0.0005972403786057153,0.0020802444334297103,0.09935897435897435,0.10096153846153846,0.14262820512820512,0.15064102564102563,0.0016025641025641107,0.008012820512820512,1.0161290322580645,1.0561797752808988,0.015073512206424864,0.015208949704142011,0.0010375575279421446,1.07321493294672,0.9990269026160432,0.9735449735449736,0.0003797494023996833,0.0099958288229952,0,0,0.0,0,0.10016025641025643,0.10096153846153848,0.10096153846153848,0.14776976495726493,0.15064102564102563,0.15064102564102563,0.0008012820512820484,0.0028712606837607013,0,NON-GERMINATED
zm6_7,1,72,0.00019380134395446111,0.0,0.0011331839442092,0.0003506483573441047,0,0,0,0.4893830128205129,0.23658965455840456,0.0005299982594280014,0.0006938413662200092,0.48878205128205127,0.4911858974358974,0.23557692307692307,0.23798076923076922,0.11694266381766383,0.1659766737891738,0.004306531549483476,0.0034394656908288655,0.10576923076923077,0.1233974358974359,0.16025641025641027,0.17147435897435898,0.017628205128205135,0.011217948717948706,1.1666666666666667,1.0699999999999998,0.019423706134944114,0.021159496219592375,0.0042092989809335984,1.2483333333333335,0.9969407970589939,0.9757497488879324,0.0011966919029226097,0.0092241574529596,1,1,0.013888888888888888,1,0.11237980769230771,0.11698717948717947,0.1214610042735043,0.16212606837606838,0.1658653846153846,0.16993856837606836,0.00908119658119659,0.007812499999999972,1,GERMINATED
zm6_7,2,72,0.00012241809116808334,0.0,0.000801282051282,0.00028827977757718543,0,0,0,0.30722489316239315,0.30548878205128216,0.0006508276138360667,0.0003469653060033798,0.3060897435897436,0.30849358974358976,0.30528846153846156,0.3060897435897436,0.1465900997150997,0.13897792022792022,0.0027495408772582374,0.0016075026785316794,0.14262820512820512,0.15224358974358973,0.1330128205128205,0.14102564102564102,0.009615384615384609,0.008012820512820512,1.0674157303370786,1.0602409638554218,0.02037612031101614,0.021470249835634447,0.0024988699868507547,1.1317178827670231,0.9982910798173273,0.988095238095238,0.0006776938231946709,0.0046874999999999,1,4,0.05555555555555555,1,0.14362980769230768,0.14630074786324787,0.14983974358974358,0.1374198717948718,0.13942307692307693,0.14009081196581197,0.006209935897435903,0.0026709401709401615,1,GERMINATED
zm6_7,3,72,0.0009654475307458958,0.000801282051282,0.0040064102564102,0.001296421913164575,0,0,0,0.735042735042735,0.30682425213675213,0.009624654245046617,0.008894421262172984,0.7011217948717948,0.7403846153846154,0.2764423076923077,0.31330128205128205,0.15170940170940173,0.15313390313390313,0.02463354123967699,0.01371024807305906,0.13141025641025642,0.23237179487179488,0.1362179487179487,0.1971153846153846,0.10096153846153846,0.0608974358974359,1.7682926829268293,1.447058823529412,0.02356740870863467,0.045804055719921105,0.027903620151216307,2.558823529411765,0.9855095142053547,0.9315726290516206,0.005699210923110722,0.0265537464985994,1,29,0.4027777777777778,1,0.13494925213675213,0.14276175213675216,0.17741720085470084,0.14409722222222224,0.1482371794871795,0.1670673076923077,0.042467948717948706,0.022970085470085472,1,GERMINATED
zm6_7,4,72,0.0007840074121291097,0.000801282051282,0.005665919721046,0.0010728363917299722,0,0,0,0.5609864672364673,0.4529580662393163,0.003931265451239375,0.0047091892579193585,0.5544871794871795,0.5793269230769231,0.44471153846153844,0.46875,0.14627849002849003,0.1291622150997151,0.011563111178813546,0.011471555021909236,0.1282051282051282,0.19391025641025642,0.11858974358974358,0.17467948717948717,0.06570512820512822,0.056089743589743585,1.5125000000000002,1.472972972972973,0.019019819175067572,0.033872144148586456,0.0186683308678501,2.2278716216216217,0.9867019007365462,0.9116809116809116,0.005163939560092718,0.0345945287303608,1,20,0.2777777777777778,1,0.13782051282051283,0.14449786324786326,0.15651709401709402,0.12293002136752136,0.12553418803418803,0.1390224358974359,0.018696581196581186,0.016092414529914542,1,GERMINATED
zm6_7,5,72,0.00015389542295167222,0.0,0.0011331839442092,0.0003317788796524331,0,0,0,0.3841368411680912,0.5204104344729343,0.0014547414987658234,0.0004620846574970318,0.3814102564102564,0.3870192307692308,0.5200320512820513,0.5216346153846154,0.158141915954416,0.11039886039886043,0.004769153381408909,0.001181134184599502,0.14583333333333334,0.16506410256410256,0.10737179487179487,0.11217948717948718,0.019230769230769218,0.004807692307692318,1.1318681318681318,1.0447761194029852,0.01746383957922419,0.018516806377383302,0.00285841962524655,1.1825487944890931,0.99768875151962,0.9746995572422518,0.0009089689930516028,0.0095917245289478,0,0,0.0,0,0.15251068376068377,0.15925480769230768,0.16266025641025642,0.10917467948717947,0.11057692307692307,0.11144497863247864,0.010149572649572641,0.002270299145299165,1,GERMINATED
zm6_7,6,72,0.00011589892230204445,0.0,0.0011331839442092,0.00029096195458240814,0,0,0,0.7753850605413104,0.5415998931623931,0.000547809583076875,0.0012438525647834595,0.7748397435897436,0.7764423076923077,0.5384615384615384,0.5424679487179487,0.1203926282051282,0.11182336182336182,0.002402918565097034,0.0030362166853596766,0.11378205128205128,0.1233974358974359,0.10737179487179487,0.11858974358974358,0.009615384615384623,0.01121794871794872,1.0845070422535212,1.1044776119402986,0.013468736588227774,0.014633670282708745,0.0024166872123602915,1.1978137481606057,0.9975158592996832,0.9710144927536232,0.0009447835446072404,0.0101449275362318,1,7,0.09722222222222222,1,0.11772168803418803,0.12106036324786325,0.12239583333333333,0.10910790598290598,0.1111111111111111,0.11525106837606837,0.004674145299145296,0.006143162393162385,1,GERMINATED
zm6_7,7,72,0.00018728217508842224,0.0,0.0011331839442092,0.00035417314737402916,0,0,0,0.2422320156695156,0.589443108974359,0.0008301307068630454,0.001128748764982433,0.24118589743589744,0.24358974358974358,0.5873397435897436,0.592948717948718,0.11916844729344728,0.16486378205128205,0.0025240816421536376,0.0026024539623270664,0.11217948717948718,0.1233974358974359,0.16025641025641027,0.17147435897435898,0.01121794871794872,0.011217948717948706,1.1,1.0699999999999998,0.01965202728924684,0.021159496219592375,0.003182014299802763,1.177,0.9971084292800038,0.9761539534235114,0.0011337831658061208,0.0090826858655069,0,0,0.0,0,0.1169871794871795,0.11919070512820511,0.12132745726495726,0.16232638888888892,0.16466346153846154,0.16760149572649571,0.004340277777777762,0.005275106837606791,1,GERMINATED
zm6_7,8,72,0.00019380134395446111,0.0,0.0011331839442092,0.00035064835734410484,0,0,0,0.5797053062678064,0.6098312856125356,0.0007188281366611062,0.0006586777402492241,0.5785256410256411,0.5809294871794872,0.6089743589743589,0.6113782051282052,0.14850427350427353,0.11117788461538464,0.0035333217295200193,0.002967479439541797,0.14102564102564102,0.15384615384615385,0.10096153846153846,0.11378205128205128,0.01282051282051283,0.012820512820512817,1.090909090909091,1.126984126984127,0.016519023029439698,0.017504930966469427,0.0032667652859960546,1.2294372294372293,0.9967554563973421,0.9746774964166268,0.0012615611345006945,0.0095994458179166,0,0,0.0,0,0.14456463675213674,0.1485042735042735,0.15244391025641024,0.10870726495726495,0.11164529914529914,0.11318108974358976,0.007879273504273504,0.004473824786324812,1,GERMINATED
zm6_7,9,72,0.0005919571614965013,0.0,0.0043150359031526,0.00102450904977143,0,0,0,0.7518919159544158,0.762787126068376,0.003960081033593824,0.0010885310087407262,0.749198717948718,0.7724358974358975,0.7580128205128205,0.7660256410256411,0.15531517094017094,0.11776620370370369,0.012244884358621895,0.003303695555859682,0.14583333333333334,0.20833333333333334,0.10897435897435898,0.1233974358974359,0.0625,0.006410256410256415,1.4285714285714286,1.0588235294117647,0.018295226778800498,0.02403846153846154,0.00814636752136752,1.5126050420168065,0.9902534756326418,0.9356879283078544,0.0037960556835480957,0.0253139984293001,1,12,0.16666666666666666,1,0.14877136752136752,0.1502403846153846,0.16693376068376067,0.11438301282051282,0.11885683760683759,0.12005876068376069,0.018162393162393153,0.005675747863247871,1,GERMINATED
zm6_7,10,72,0.00011128917378916668,0.0,0.000801282051282,0.00027710780800364914,0,0,0,0.4202390491452991,0.7690304487179487,0.0005656074501234425,0.0007160660586781227,0.4198717948717949,0.421474358974359,0.7676282051282052,0.7700320512820513,0.14086983618233614,0.14414173789173787,0.0018342130503993142,0.0017895077672936096,0.1346153846153846,0.14423076923076922,0.14102564102564102,0.14743589743589744,0.009615384615384609,0.006410256410256415,1.0714285714285714,1.0454545454545454,0.02030784868324932,0.02126479289940828,0.0022805719921104514,1.12012987012987,0.9984332887411489,0.9882352941176472,0.00062068690356085,0.0046384803921568,0,0,0.0,0,0.13935630341880342,0.14102564102564102,0.1422275641025641,0.1422275641025641,0.1439636752136752,0.14623397435897437,0.0028712606837606736,0.00400641025641027,0,NON-GERMINATED
zm6_8,1,72,0.00012241809116808334,0.0,0.000801282051282,0.00028827977757718543,0,0,0,0.5121639066951568,0.22916666666666666,0.0008891301565782494,1.942890293094024e-16,0.5104166666666666,0.5136217948717948,0.22916666666666666,0.22916666666666666,0.16664440883190887,0.09935897435897435,0.004227289638483555,6.938893903907228e-17,0.15384615384615385,0.17147435897435898,0.09935897435897435,0.09935897435897435,0.01762820512820512,0.0,1.1145833333333333,1.0,0.01655761754419607,0.017037516436554895,0.001751520381328071,1.1145833333333333,0.9985007365220587,0.9896907216494846,0.0006043139765386529,0.0041290807560137,1,24,0.3333333333333333,1,0.16219284188034186,0.16766826923076925,0.1700721153846154,0.09935897435897435,0.09935897435897435,0.09935897435897435,0.007879273504273532,0.0,1,GERMINATED
zm6_8,2,72,0.000133547008547,0.0,0.000801282051282,0.00029862018930283766,0,0,0,0.25651041666666663,0.30803730413105407,0.0006668998516105186,0.001200634316846538,0.25560897435897434,0.25801282051282054,0.30689102564102566,0.3108974358974359,0.143585292022792,0.12092681623931623,0.0026123340888322463,0.0008833304323800031,0.1362179487179487,0.14903846153846154,0.11858974358974358,0.12179487179487179,0.01282051282051283,0.0,1.0941176470588236,1.0,0.01736407168849076,0.018152120315581853,0.0015614727153188714,1.0941176470588236,0.9976533389518956,0.9770114942528736,0.000908136922392082,0.0080459770114942,0,0,0.0,0,0.140625,0.1439636752136752,0.14616720085470084,0.12045940170940171,0.12052617521367522,0.12179487179487179,0.005542200854700835,0.0013354700854700807,1,GERMINATED
zm6_8,3,72,0.0002724215262711222,0.0,0.0017917211358171,0.00044969541486192634,0,0,0,0.6617922008547009,0.3400329415954417,0.0019202462399236593,0.000684948475490966,0.65625,0.6650641025641025,0.3389423076923077,0.34134615384615385,0.1555377492877493,0.11133368945868947,0.004873195222009978,0.0026838925026678867,0.14903846153846154,0.17147435897435898,0.10256410256410256,0.11378205128205128,0.020833333333333343,0.009615384615384623,1.1382978723404256,1.09375,0.01731898530526335,0.019235905654174885,0.0037855440499671295,1.2450132978723407,0.9950271211511983,0.9672897196261684,0.001917581589156814,0.0126132168691222,1,18,0.25,1,0.15050747863247863,0.15498130341880342,0.1611244658119658,0.10984241452991454,0.11284722222222222,0.11131143162393163,0.01061698717948717,0.0014690170940170888,1,GERMINATED
zm6_8,4,72,8.903133903133333e-05,0.0,0.000801282051282,0.0002518186542686973,0,0,0,0.4366208155270656,0.3987713675213675,0.0008773512207755595,0.00048151058700109025,0.43509615384615385,0.4375,0.39823717948717946,0.3998397435897436,0.1456330128205128,0.10630341880341879,0.0033672654068170366,0.0009630211740021305,0.1362179487179487,0.14903846153846154,0.10416666666666667,0.10737179487179487,0.01282051282051283,0.0032051282051281937,1.0941176470588236,1.0307692307692307,0.015483819695558478,0.01600252712031558,0.0018131574621959214,1.1277828054298642,0.9983418422091341,0.9770114942528736,0.000638225597173418,0.0080459770114942,1,10,0.1388888888888889,1,0.14162660256410256,0.14696848290598288,0.14830395299145296,0.10543536324786325,0.10610309829059827,0.10737179487179487,0.006677350427350404,0.001936431623931617,1,GERMINATED
zm6_8,5,72,0.00016693376068375,0.0,0.000801282051282,0.00032541380691801335,0,0,0,0.18980368589743588,0.4882589921652421,0.0013216262962666638,0.000381480068131289,0.18830128205128205,0.19391025641025642,0.4879807692307692,0.48878205128205127,0.14478721509971507,0.11990295584045585,0.0034738626366453067,0.0024672084455942614,0.13782051282051283,0.15384615384615385,0.11538461538461539,0.1233974358974359,0.016025641025641024,0.008012820512820512,1.1162790697674418,1.0694444444444444,0.017367852666831034,0.018984220907297834,0.003081854043392507,1.1937984496124032,0.9975543349330679,0.9863013698630136,0.0009644897178706361,0.0053153538812785,1,12,0.16666666666666666,1,0.14189369658119658,0.14423076923076922,0.1482371794871795,0.11698717948717947,0.12005876068376069,0.12266292735042734,0.006343482905982911,0.005675747863247871,1,GERMINATED
zm6_8,6,72,0.00021414975835913334,0.0,0.0011331839442092,0.00037603898422794115,0,0,0,0.7349982193732194,0.5297142094017094,0.002782852494317663,0.0008205265576552125,0.7291666666666666,0.7387820512820513,0.5264423076923077,0.530448717948718,0.15162037037037038,0.10777243589743588,0.008160828360420933,0.0017666608647600116,0.14102564102564102,0.16987179487179488,0.10096153846153846,0.11057692307692307,0.027243589743589758,0.006410256410256401,1.1910112359550562,1.0634920634920635,0.016346988514957264,0.01860669378698225,0.003839476495726496,1.2666309969680756,0.9952303666464092,0.9657833430401864,0.001808569016690161,0.012496663269268,1,30,0.4166666666666667,1,0.14336271367521367,0.1501736111111111,0.1613247863247863,0.10677083333333333,0.10810630341880341,0.10844017094017093,0.01796207264957264,0.001669337606837601,1,GERMINATED
zm6_8,7,72,0.00011128917378916668,0.0,0.000801282051282,0.0002771078080036491,0,0,0,0.5053418803418803,0.5537637998575499,0.0008012820512820488,0.0005691002348444423,0.5040064102564102,0.5064102564102564,0.5528846153846154,0.5544871794871795,0.1583422364672365,0.10668180199430198,0.002338238245489479,0.001127705888612303,0.15544871794871795,0.16185897435897437,0.10416666666666667,0.10897435897435898,0.006410256410256415,0.0,1.041237113402062,1.0,0.01689280484102199,0.0173790885930309,0.0006780078895463511,1.041237113402062,0.998197616345691,0.9848484848484848,0.0007031722419710805,0.0058238636363636,1,3,0.041666666666666664,1,0.15578258547008547,0.1581196581196581,0.16112446581196582,0.10563568376068376,0.1077724358974359,0.1066372863247863,0.005341880341880351,0.0010016025641025467,1,GERMINATED
zm6_8,8,72,0.00011128917378916668,0.0,0.000801282051282,0.00027710780800364914,0,0,0,0.6878449964387463,0.6534009971509972,0.0013931608882542911,0.0008328119183524607,0.6842948717948718,0.6891025641025641,0.6506410256410257,0.6538461538461539,0.1481258903133903,0.1080840455840456,0.0027863217765085914,0.0016656238367049269,0.14102564102564102,0.15064102564102563,0.10256410256410256,0.10897435897435898,0.009615384615384609,0.006410256410256415,1.0681818181818181,1.0625,0.01601444076904814,0.01641600920447074,0.0019518408941485849,1.1349431818181817,0.9982532775772017,0.9846153846153848,0.0006836908109423556,0.0059054487179486,0,0,0.0,0,0.1449652777777778,0.14903846153846154,0.15037393162393162,0.1063034188034188,0.10897435897435898,0.10897435897435898,0.005408653846153827,0.0026709401709401753,1,GERMINATED
zm6_8,9,72,0.00010016025641025001,0.0,0.000801282051282,0.0002649991297139848,0,0,0,0.31453659188034194,0.7135082799145298,0.0010077048793260227,0.0006801398500087902,0.31169871794871795,0.3157051282051282,0.7131410256410257,0.7163461538461539,0.12907318376068375,0.12413194444444445,0.002015409758652057,0.0018684653551860608,0.1233974358974359,0.13141025641025642,0.11538461538461539,0.125,0.008012820512820512,0.009615384615384609,1.0649350649350648,1.0833333333333333,0.016025177320750237,0.016426282051282052,0.0021881163708086775,1.1536796536796536,0.9980346058522456,0.9608547008547008,0.0007529921183807153,0.014221688034188,0,0,0.0,0,0.12693643162393162,0.12927350427350426,0.1310096153846154,0.12239583333333333,0.125,0.125,0.004073183760683774,0.0026041666666666713,1,GERMINATED
zm6_8,10,72,0.00012702783968096112,0.0,0.0011331839442092,0.00030145107214456045,0,0,0,0.520477207977208,0.770855591168091,0.0010420851060113597,0.0005816922340354314,0.5184294871794872,0.5216346153846154,0.7692307692307693,0.7716346153846154,0.12428774928774929,0.14155982905982903,0.002084170212022722,0.00314899201991228,0.1201923076923077,0.1266025641025641,0.13141025641025642,0.14423076923076922,0.006410256410256401,0.012820512820512803,1.0533333333333332,1.097560975609756,0.017599812121046096,0.01825998520710059,0.002465483234713999,1.1560975609756095,0.9976893694255445,0.9753671970624236,0.0008912887968520459,0.0093580505918877,1,3,0.041666666666666664,1,0.1217948717948718,0.12473290598290598,0.12633547008547008,0.13868856837606838,0.14176014957264957,0.14423076923076922,0.0045405982905982745,0.005542200854700835,1,GERMINATED
zm6_9,1,72,0.00010016025641025,0.0,0.000801282051282,0.0002649991297139848,0,0,0,0.49069622507122507,0.2065972222222222,0.0005752692300267107,0.0004006410256410276,0.49038461538461536,0.49198717948717946,0.20592948717948717,0.2075320512820513,0.11209045584045585,0.1375089031339031,0.0005267165049055938,0.0019743088373875245,0.11057692307692307,0.11378205128205128,0.12980769230769232,0.13942307692307693,0.0016025641025641107,0.009615384615384609,1.0144927536231885,1.074074074074074,0.01541419262272628,0.015681500657462197,0.0012866740631163713,1.0896403650026838,0.9984237545731952,0.9857142857142858,0.0006167900660483485,0.0055208333333333,1,3,0.041666666666666664,1,0.11191239316239317,0.11217948717948718,0.11217948717948718,0.13595085470085472,0.13782051282051283,0.1387553418803419,0.00026709401709401615,0.0028044871794871695,1,GERMINATED
zm6_9,2,72,0.00018076300622238336,0.0,0.0011331839442092,0.0003575443567001512,0,0,0,0.6994635861823363,0.25786814458689455,0.001415386545358906,0.000698112294674263,0.6979166666666666,0.7043269230769231,0.2564102564102564,0.2588141025641026,0.1499955484330484,0.15783030626780628,0.001352976132071677,0.002775633206544618,0.14583333333333334,0.15224358974358973,0.14743589743589744,0.16025641025641027,0.0064102564102563875,0.01282051282051283,1.0439560439560438,1.0869565217391306,0.023677164089323542,0.02439801117685733,0.002896942800788952,1.1347348303870042,0.9973847819249811,0.9787185354691076,0.001032822280301168,0.0081850821495483,0,0,0.0,0,0.14857104700854698,0.1504407051282051,0.15097489316239313,0.15491452991452992,0.15912126068376067,0.1594551282051282,0.0024038461538461453,0.0045405982905982745,0,NON-GERMINATED
zm6_9,3,72,0.0001631149199774278,0.0,0.0011331839442092,0.00035353833252069184,0,0,0,0.27389378561253563,0.3546563390313391,0.00159322414541667,0.0009305798148311433,0.2724358974358974,0.2796474358974359,0.3525641025641026,0.3557692307692308,0.12248486467236469,0.15108618233618232,0.0019041834554831389,0.0027913845097206,0.11698717948717949,0.125,0.14423076923076922,0.15384615384615385,0.008012820512820512,0.009615384615384637,1.0684931506849316,1.0666666666666669,0.018510492856947183,0.019230769230769232,0.0023576183431952696,1.1397260273972605,0.9971067673919313,0.9759671746776084,0.0011186561108093651,0.009148058426573,1,7,0.09722222222222222,1,0.1203926282051282,0.12272970085470086,0.12433226495726496,0.14790331196581197,0.1518429487179487,0.15351228632478633,0.003939636752136766,0.005608974358974367,1,GERMINATED
zm6_9,4,72,0.00014928567443879445,0.0,0.0011331839442092,0.0003202458615662713,0,0,0,0.4304442663817663,0.40780804843304846,0.0013397293782596506,0.0011710244335795819,0.4286858974358974,0.43349358974358976,0.40384615384615385,0.40865384615384615,0.16310541310541313,0.12362001424501425,0.0015624936587236645,0.0014703654349104123,0.15865384615384615,0.16506410256410256,0.11858974358974358,0.125,0.006410256410256415,0.0032051282051282076,1.0404040404040404,1.027027027027027,0.02016467088081671,0.02063301282051282,0.0012892422748191981,1.0685230685230684,0.9977408726015408,0.977366255144033,0.0008877302778459584,0.0086583802633244,0,0,0.0,0,0.16165865384615385,0.16372863247863248,0.16392895299145302,0.12226228632478635,0.12486645299145299,0.12373130341880341,0.002270299145299165,0.001469017094017061,1,GERMINATED
zm6_9,5,72,0.00014467592592591668,0.0,0.000801282051282,0.0003082127498247273,0,0,0,0.8377737713675214,0.40702902421652415,0.0007183972619975273,0.0010847126897267781,0.8365384615384616,0.8389423076923077,0.40384615384615385,0.4078525641025641,0.14612268518518517,0.14173789173789167,0.0031864482908333146,0.002960877697349696,0.14102564102564102,0.15064102564102563,0.1346153846153846,0.14583333333333334,0.009615384615384609,0.011217948717948734,1.0681818181818181,1.0833333333333335,0.020719939652732118,0.021968482905982908,0.0029842619986850775,1.1571969696969697,0.9979835665601295,0.9882352941176472,0.0007997910558065138,0.0046384803921568,0,0,0.0,0,0.14256143162393162,0.14603365384615385,0.14977297008547008,0.13862179487179488,0.14182692307692307,0.14476495726495728,0.007211538461538464,0.006143162393162399,1,GERMINATED
zm6_9,6,72,0.0002448361823361667,0.0,0.000801282051282,0.0003691044326873204,0,0,0,0.2665820868945869,0.5222021901709402,0.0034635794208178346,0.0009943424553843071,0.25961538461538464,0.2748397435897436,0.5208333333333334,0.5232371794871795,0.14436431623931623,0.10530181623931623,0.0052458652087078944,0.0019886849107686186,0.13942307692307693,0.15705128205128205,0.10256410256410256,0.10737179487179487,0.01762820512820512,0.0048076923076923045,1.1264367816091954,1.046875,0.015210091131565486,0.016862878040762655,0.002563075279421432,1.1792385057471264,0.996461288863881,0.9846153846153848,0.0013976924161601693,0.0059054487179486,1,23,0.3194444444444444,1,0.13989049145299146,0.1423611111111111,0.15084134615384615,0.10289797008547008,0.10563568376068376,0.10737179487179487,0.01095085470085469,0.004473824786324784,1,GERMINATED
zm6_9,7,72,0.00013624733670671667,0.0,0.0011331839442092,0.00032600657613505264,0,0,0,0.6227742165242165,0.5594284188034188,0.0009833832814447319,0.0010344506800767654,0.6209935897435898,0.6266025641025641,0.5552884615384616,0.5600961538461539,0.11062143874643876,0.16421830484330485,0.0009241693149940674,0.0023126736481233136,0.10737179487179487,0.11378205128205128,0.15544871794871795,0.16666666666666666,0.0048076923076923045,0.011217948717948706,1.0441176470588236,1.0721649484536082,0.018167779273047698,0.018963675213675212,0.0020237508218277425,1.119466343238326,0.9976386080956109,0.97534165181224,0.0009150479353955821,0.0093669914294519,0,0,0.0,0,0.10997596153846152,0.11057692307692307,0.1113114316239316,0.16179220085470084,0.16506410256410256,0.16579861111111113,0.0013354700854700807,0.004006410256410298,1,GERMINATED
zm6_9,8,72,0.00025405567936192364,0.0,0.0016025641025641,0.0004090331981368284,0,0,0,0.8004251246438747,0.6426170762108262,0.0009283811982716374,0.0028501980874560194,0.7980769230769231,0.8020833333333334,0.6362179487179487,0.6482371794871795,0.11936876780626782,0.13810986467236466,0.0023738792075878685,0.005153782292904984,0.11378205128205128,0.125,0.1282051282051282,0.14903846153846154,0.01121794871794872,0.020833333333333343,1.0985915492957747,1.1625,0.016497621265249465,0.018629807692307692,0.004042365220249837,1.277112676056338,0.9959181735265576,0.9739368998628258,0.0015937754572900402,0.0098586546117469,1,7,0.09722222222222222,1,0.11725427350427349,0.1189236111111111,0.12192841880341881,0.1326121794871795,0.13782051282051283,0.14389690170940173,0.004674145299145324,0.011284722222222238,1,GERMINATED
zm6_9,9,72,0.0002305330377728583,0.0,0.0017917211358171,0.00044333031407875327,0,0,0,0.36467236467236464,0.6876001602564101,0.0014293620332979332,0.0013810174866417174,0.36378205128205127,0.3701923076923077,0.6826923076923077,0.6891025641025641,0.1209045584045584,0.09123486467236468,0.0018483386299881326,0.001143411639871914,0.11538461538461539,0.1233974358974359,0.08974358974358974,0.09294871794871795,0.006410256410256401,0.0032051282051282076,1.0555555555555556,1.0357142857142858,0.011031396673423918,0.0113206771860618,0.0009656476002629834,1.0932539682539681,0.9950048113447837,0.9561299502015652,0.0018981625038780388,0.0165191361677333,0,0,0.0,0,0.11905715811965811,0.1218616452991453,0.12179487179487179,0.0906116452991453,0.0906784188034188,0.09241452991452992,0.0027377136752136794,0.0018028846153846229,0,NON-GERMINATED
zm6_9,10,72,0.0001473762540856361,0.0,0.0016025641025641,0.0003843317224798118,0,0,0,0.5142895299145298,0.7387152777777777,0.0011869917758167367,0.0011623193900593717,0.5128205128205128,0.5200320512820513,0.7347756410256411,0.7395833333333334,0.13194444444444445,0.12486645299145299,0.0014629341813706337,0.002324638780118746,0.1266025641025641,0.1346153846153846,0.11698717948717949,0.1266025641025641,0.008012820512820512,0.009615384615384609,1.0632911392405062,1.0821917808219177,0.01647800298140843,0.01704265285996055,0.002231775969756737,1.1506849315068493,0.9973881685735763,0.9741554054054054,0.0010099355644039416,0.0097821776718441,0,0,0.0,0,0.13080929487179485,0.13147702991452992,0.13354700854700854,0.12206196581196582,0.12593482905982906,0.1266025641025641,0.0027377136752136932,0.0045405982905982745,1,GERMINATED
zm7_1,1,72,0.000455311839490893,0.0,0.0043150359031526,0.0008795483618718164,0,0,0,0.5860042735042738,0.27225783475783477,0.0008551180872639996,0.0033975110226303756,0.5841346153846154,0.5913461538461539,0.25721153846153844,0.27564102564102566,0.11026531339031341,0.1502849002849003,0.0015945062934982473,0.008358046639781494,0.10416666666666667,0.11378205128205128,0.13782051282051283,0.1842948717948718,0.008012820512820512,0.046474358974358976,1.0757575757575757,1.3372093023255813,0.016580945467163415,0.02096944855358317,0.006392278928336621,1.4385130373502466,0.9919876793216811,0.905938081542886,0.0031002649330806927,0.035726444797039,1,14,0.19444444444444445,1,0.1090411324786325,0.11057692307692307,0.11117788461538462,0.14429754273504272,0.14937232905982903,0.15718482905982903,0.002136752136752129,0.012887286324786307,1,GERMINATED
zm7_1,2,72,0.0003587525371427402,0.0,0.0017917211358171,0.0004680547886570367,0,0,0,0.39576655982905984,0.29255698005698005,0.0027781308844437337,0.000738208865374686,0.390224358974359,0.40224358974358976,0.29086538461538464,0.29407051282051283,0.11329237891737892,0.15914351851851852,0.0033534809413549157,0.0077945653449964444,0.10897435897435898,0.1201923076923077,0.14903846153846154,0.17467948717948717,0.01121794871794872,0.02243589743589744,1.1029411764705883,1.1473684210526316,0.018054849297337278,0.02099513067061144,0.0044044830703484535,1.2654798761609907,0.9945897008412934,0.9609398840402807,0.002126793854690096,0.0148356593241828,1,19,0.2638888888888889,1,0.11030982905982906,0.11197916666666667,0.11758814102564102,0.15084134615384615,0.1579193376068376,0.1686698717948718,0.007278311965811968,0.01782852564102566,1,GERMINATED
zm7_1,3,72,0.00010937975343600556,0.0,0.0022663678884184,0.00034899440644110623,0,0,0,0.8546340811965814,0.4278846153846155,0.0006776770542930151,0.001034450680076774,0.8541666666666666,0.8573717948717948,0.4270833333333333,0.4310897435897436,0.1209045584045584,0.11209045584045585,0.0012207362180201291,0.0023267689361417326,0.11858974358974358,0.12179487179487179,0.10256410256410256,0.11378205128205128,0.0032051282051282076,0.01121794871794872,1.027027027027027,1.109375,0.01355477168027248,0.013858070348454963,0.0016950197238658777,1.1393581081081081,0.9978504781710327,0.9442198868229588,0.0008234294798719403,0.0209961787394364,0,0,0.0,0,0.11939102564102565,0.12152777777777778,0.12179487179487179,0.109508547008547,0.11298076923076923,0.11378205128205128,0.0024038461538461453,0.004273504273504286,1,GERMINATED
zm7_1,4,72,0.00026972119811140695,0.0,0.0032051282051282,0.0005244322104719473,0,0,0,0.6692374465811965,0.4619613603988605,0.001976033220747552,0.0004809958775145701,0.6658653846153846,0.6746794871794872,0.46073717948717946,0.4623397435897436,0.11184561965811965,0.13563924501424499,0.0036810313708167,0.004927182850481521,0.10576923076923077,0.11698717948717949,0.1266025641025641,0.14262820512820512,0.01121794871794872,0.016025641025641024,1.1060606060606062,1.1265822784810127,0.01518833267130543,0.016685671433267588,0.0032950156147271547,1.2460682777138474,0.9953724524361038,0.9411764705882352,0.0017949604261360097,0.0226715686274509,1,15,0.20833333333333334,1,0.10723824786324786,0.11271367521367522,0.1155849358974359,0.12947382478632477,0.13661858974358973,0.1408253205128205,0.008346688034188046,0.011351495726495742,1,GERMINATED
zm7_1,5,72,0.0001780626780626667,0.0,0.000801282051282,0.0003331247673409633,0,0,0,0.5198428596866097,0.49332264957264965,0.0014413988878860151,0.0003777279814030685,0.5184294871794872,0.5248397435897436,0.49278846153846156,0.4935897435897436,0.12542289886039887,0.12126068376068375,0.004396866108259663,0.0007554559628061372,0.1201923076923077,0.1330128205128205,0.1201923076923077,0.12179487179487179,0.012820512820512817,0.0,1.1066666666666667,1.0,0.01521105421095405,0.016200279421433268,0.0015614727153188696,1.1066666666666667,0.9967761012813094,0.974025974025974,0.001244105292282375,0.009090909090909,1,2,0.027777777777777776,1,0.12112713675213675,0.12433226495726496,0.13080929487179485,0.12059294871794872,0.12139423076923077,0.12179487179487179,0.0096821581196581,0.0012019230769230727,1,GERMINATED
zm7_1,6,72,0.0001558048433048347,0.0,0.0016025641025641,0.0003440977749674942,0,0,0,0.2988003027065527,0.5263087606837605,0.0006286607123619374,0.000626390993566161,0.2980769230769231,0.3020833333333333,0.5256410256410257,0.5272435897435898,0.1210158475783476,0.15509259259259256,0.0030569497245659456,0.002522903724235175,0.11378205128205128,0.125,0.14743589743589744,0.15705128205128205,0.009615384615384623,0.009615384615384609,1.0845070422535212,1.0652173913043477,0.018775660715264084,0.019631410256410256,0.0026041666666666644,1.1552357624004896,0.9972675589392185,0.9722222222222222,0.0010576275194216513,0.0107638888888888,0,0,0.0,0,0.11725427350427349,0.12226228632478635,0.12353098290598291,0.15244391025641027,0.15578258547008547,0.15705128205128205,0.006276709401709421,0.0046073717948717785,1,GERMINATED
zm7_1,7,72,0.00019642852497186528,0.0,0.0017917211358171,0.00038559210474520104,0,0,0,0.8275685541310539,0.607605502136752,0.0009409037298721911,0.0012839800028732232,0.8261217948717948,0.8309294871794872,0.6049679487179487,0.6105769230769231,0.1385772792022792,0.10792824074074076,0.0030096675113756017,0.0027777742108147886,0.13141025641025642,0.14262820512820512,0.10256410256410256,0.11378205128205128,0.009615384615384609,0.01121794871794872,1.072289156626506,1.109375,0.014963863834556945,0.016228529750164363,0.002586189184746875,1.18957078313253,0.9964448562456245,0.9577308120133482,0.0013719788552631418,0.0159588345336092,1,14,0.19444444444444445,1,0.13494925213675213,0.13922275641025642,0.14155982905982906,0.10510149572649573,0.1080395299145299,0.11064369658119659,0.006610576923076927,0.005542200854700863,1,GERMINATED
zm7_1,8,72,0.0004689231983853014,0.000400641025641,0.0017917211358171,0.0005027258960409903,0,0,0,0.6502626424501425,0.679965722934473,0.005616873860599217,0.0013264903913690056,0.6450320512820513,0.6650641025641025,0.6778846153846154,0.6842948717948718,0.15638354700854704,0.10467859686609687,0.016235164329507782,0.003078267398629309,0.14262820512820512,0.1987179487179487,0.09935897435897435,0.11217948717948718,0.056089743589743585,0.01282051282051283,1.3932584269662922,1.1290322580645162,0.01641329831433998,0.022292077580539117,0.00812068540433925,1.5730337078651686,0.9917661555376469,0.9624272358440642,0.0031866456407740195,0.0143150861928586,1,34,0.4722222222222222,1,0.14342948717948717,0.14930555555555555,0.1764155982905983,0.10116185897435899,0.10523504273504274,0.10763888888888888,0.03298611111111113,0.0064770299145298915,1,GERMINATED
zm7_1,9,72,0.0002061381607950417,0.0,0.0058334213856414,0.000738955732026776,0,0,0,0.42663817663817655,0.7021345263532761,0.0011936509684643808,0.0005820115235484743,0.4254807692307692,0.43349358974358976,0.7003205128205128,0.7035256410256411,0.11137820512820516,0.1497284544159544,0.0022025136888983235,0.0029960566883308606,0.10576923076923077,0.11378205128205128,0.14102564102564102,0.15384615384615385,0.006410256410256415,0.01282051282051283,1.0597014925373134,1.090909090909091,0.016682639516673974,0.017504930966469427,0.0023627547666009215,1.1560379918588874,0.9961416466082841,0.8807649043869517,0.0014844134916173653,0.0455240073652338,1,13,0.18055555555555555,1,0.10890758547008546,0.11157852564102562,0.11364850427350427,0.14636752136752137,0.15064102564102563,0.15217681623931623,0.004740918803418814,0.005809294871794851,1,GERMINATED
zm7_1,10,72,0.00019189192360130137,0.0,0.0016025641025641,0.00038786972854433206,0,0,0,0.6537459935897435,0.8274683938746438,0.0014564432499457238,0.0007767155197834139,0.6514423076923077,0.6594551282051282,0.8253205128205128,0.8293269230769231,0.11536235754985756,0.13018607549857547,0.0024983366088141626,0.0019166309264211433,0.11057692307692307,0.1201923076923077,0.1233974358974359,0.1346153846153846,0.009615384615384623,0.011217948717948706,1.0869565217391306,1.0909090909090908,0.015022219311582295,0.01617973372781065,0.0025348249506903352,1.1857707509881423,0.9964737779068853,0.971830985915493,0.0013589074829309735,0.0109008215962441,1,5,0.06944444444444445,1,0.11231303418803419,0.1157852564102564,0.11798878205128205,0.12873931623931623,0.12980769230769232,0.13201121794871795,0.005675747863247857,0.0032719017094017255,1,GERMINATED
zm7_10,1,72,0.000133547008547,0.0,0.000801282051282,0.00029862018930283755,0,0,0,0.6382545405982906,0.21205039173789172,0.000611077898561801,0.002495955917468592,0.6378205128205128,0.6394230769230769,0.20833333333333334,0.21634615384615385,0.10810630341880342,0.14204950142450143,0.0012221557971236073,0.004991911834937189,0.10576923076923077,0.10897435897435898,0.1346153846153846,0.15064102564102563,0.0032051282051282076,0.016025641025641024,1.0303030303030303,1.119047619047619,0.015361294595569433,0.01641600920447074,0.0021778435239973686,1.1529581529581527,0.9980350224166439,0.9850746268656716,0.0007745477097302,0.0057447139303482,1,5,0.06944444444444445,1,0.10657051282051282,0.10877403846153848,0.10897435897435898,0.13661858974358973,0.14149305555555555,0.14803685897435895,0.002403846153846159,0.011418269230769218,1,GERMINATED
zm7_10,2,72,6.67735042735e-05,0.0,0.000801282051282,0.00022146265961239207,0,0,0,0.42787348646723644,0.21932870370370366,9.377392464806262e-05,0.0007580745355202248,0.4270833333333333,0.42788461538461536,0.2171474358974359,0.2203525641025641,0.11157852564102565,0.14058048433048428,0.0012366626053320069,0.001516149071040452,0.10897435897435898,0.11217948717948718,0.1362179487179487,0.14262820512820512,0.0032051282051282076,0.006410256410256415,1.0294117647058825,1.0470588235294118,0.015687314803400538,0.015999958908612756,0.0011556952662721918,1.077854671280277,0.9989652747336248,0.9855072463768116,0.00040555662100915144,0.0055932971014492,0,0,0.0,0,0.11037660256410257,0.11217948717948718,0.11217948717948718,0.1388888888888889,0.14102564102564102,0.14182692307692307,0.001802884615384609,0.0029380341880341776,1,GERMINATED
zm7_10,3,72,0.00016041459181771113,0.0,0.0011331839442092,0.00032867641369719995,0,0,0,0.24618278133903132,0.35318732193732194,0.0011526356784956674,0.0005036373085374252,0.24278846153846154,0.24759615384615385,0.3525641025641026,0.3541666666666667,0.13575053418803418,0.10594729344729344,0.004028053186927262,0.0024992287834077974,0.1233974358974359,0.13942307692307693,0.09775641025641026,0.10897435897435898,0.016025641025641024,0.01121794871794872,1.12987012987013,1.1147540983606559,0.014392151373822045,0.01519354043392505,0.0031306500657462197,1.2595273578880135,0.9968221724602222,0.9712572373862696,0.001216509123603715,0.0107965364785415,0,0,0.0,0,0.13154380341880342,0.13701923076923075,0.13868856837606838,0.10323183760683761,0.10670405982905982,0.1079059829059829,0.00714476495726496,0.0046741452991452825,1,GERMINATED
zm7_10,4,72,0.0002049302613333778,0.0,0.0011331839442092,0.0003569793007478643,0,0,0,0.7569778311965814,0.40935496794871795,0.0015075883954160792,0.0011247917019179341,0.7540064102564102,0.7596153846153846,0.40544871794871795,0.41025641025641024,0.14380787037037038,0.09590900997150996,0.00560893019642995,0.0028724682193234747,0.1346153846153846,0.15384615384615385,0.08653846153846154,0.09775641025641026,0.019230769230769246,0.01121794871794872,1.142857142857143,1.1296296296296298,0.013804708616407334,0.015039447731755425,0.003390039447731757,1.2910052910052912,0.9964801419951205,0.9718992248062016,0.0013651549715744987,0.0105718408815654,1,21,0.2916666666666667,1,0.13741987179487178,0.1437633547008547,0.1502403846153846,0.09308226495726496,0.0968883547008547,0.09775641025641026,0.01282051282051283,0.004674145299145296,1,GERMINATED
zm7_10,5,72,8.251217016529444e-05,0.0,0.0011331839442092,0.00025402943873107606,0,0,0,0.4193821225071225,0.44170673076923084,0.0004916916407223659,0.000608335575530466,0.41907051282051283,0.4206730769230769,0.43990384615384615,0.4423076923076923,0.14227207977207973,0.10447827635327633,0.0016295410628314718,0.001454102828620111,0.1362179487179487,0.14423076923076922,0.09935897435897435,0.10576923076923077,0.006410256410256415,0.006410256410256415,1.0470588235294118,1.0645161290322582,0.014866022102600625,0.01508567554240631,0.0015511998685075624,1.1146110056925997,0.9981990457499388,0.9726836471022516,0.0006839668981288834,0.0102972930779478,0,0,0.0,0,0.14155982905982906,0.14262820512820512,0.14262820512820512,0.1030315170940171,0.1046340811965812,0.10576923076923077,0.0010683760683760646,0.0027377136752136655,0,NON-GERMINATED
zm7_10,6,72,8.712191867817223e-05,0.0,0.0011331839442092,0.00026956703618798416,0,0,0,0.5661502849002849,0.49245459401709407,0.00102482767389791,0.0007984949748331757,0.5657051282051282,0.5697115384615384,0.4895833333333333,0.49278846153846156,0.10305377492877492,0.13234508547008547,0.0010894977074893551,0.0015969899496663213,0.10256410256410256,0.10737179487179487,0.1266025641025641,0.1330128205128205,-0.0048076923076923045,0.006410256410256415,0.9552238805970149,1.0506329113924051,0.013637025793976918,0.013899161735700197,4.8796022353716356e-05,1.003589646703193,0.9982736150538128,0.9728381374722838,0.0006608639783063376,0.0102432214484366,0,0,0.0,0,0.10403311965811966,0.10256410256410257,0.10256410256410257,0.1310096153846154,0.1330128205128205,0.1330128205128205,-0.0014690170940170888,0.002003205128205121,0,NON-GERMINATED
zm7_10,7,72,0.00011589892230204445,0.0,0.0011331839442092,0.0002909619545824085,0,0,0,0.2527154558404559,0.5766003383190882,0.0007619855221075323,0.0007747996718015228,0.25240384615384615,0.25560897435897434,0.5737179487179487,0.5769230769230769,0.10096153846153845,0.15271100427350429,0.00037772798140307053,0.0027164590821057723,0.09935897435897435,0.10256410256410256,0.14262820512820512,0.15384615384615385,0.0,0.011217948717948734,1.0,1.0786516853932586,0.015417652574603695,0.015532544378698226,0.001132581360946747,1.0786516853932586,0.9980838002181956,0.9738219895287958,0.0007460042231278679,0.0098988732286574,0,0,0.0,0,0.10096153846153848,0.10096153846153848,0.10096153846153848,0.15044070512820515,0.15384615384615385,0.15384615384615385,0.0,0.003405448717948706,1,GERMINATED
zm7_10,8,72,9.825083605708889e-05,0.0,0.0011331839442092,0.0002819943096471081,0,0,0,0.7199407941595442,0.5891426282051282,0.0008550456656600358,0.0012999413951610373,0.719551282051282,0.7227564102564102,0.5849358974358975,0.5897435897435898,0.10574697293447291,0.10532407407407406,0.00032636392224481646,0.0010757697626063534,0.10416666666666667,0.10737179487179487,0.10096153846153846,0.10576923076923077,0.0,0.0032051282051282076,1.0,1.03125,0.011137870450270291,0.01135663214990138,0.00033900394477317554,1.03125,0.9978919437087579,0.9694602272727272,0.0008016827453717791,0.0114254900182814,0,0,0.0,0,0.10570245726495726,0.10576923076923077,0.10576923076923077,0.10443376068376069,0.10576923076923077,0.10576923076923077,6.677350427350404e-05,0.0013354700854700807,0,NON-GERMINATED
zm7_10,9,72,0.0001560248045521347,0.0,0.0028890635220064,0.0004555312346684607,0,0,0,0.3982037927350428,0.6706508190883189,0.0008492319272153561,0.0006400820799745526,0.39663461538461536,0.40064102564102566,0.6690705128205128,0.6714743589743589,0.11362624643874646,0.12357549857549859,0.0019289980777834534,0.0017009413438873577,0.10897435897435898,0.1201923076923077,0.12179487179487179,0.12980769230769232,0.01121794871794872,0.008012820512820526,1.1029411764705883,1.0657894736842106,0.014044444044944846,0.015601886094674559,0.0023293680144641712,1.1755030959752324,0.9966497089202809,0.9328011880452942,0.001274018000860557,0.0253974754734511,1,17,0.2361111111111111,1,0.11164529914529914,0.11351495726495726,0.1157184829059829,0.1219284188034188,0.1233974358974359,0.12540064102564102,0.00407318376068376,0.0034722222222222238,1,GERMINATED
zm7_10,10,72,0.00013354700854700138,0.0,0.0016025641025641,0.0003271220276152602,0,0,0,0.5815972222222222,0.7790576032763534,0.0013553541085860276,0.0012455938547493446,0.5809294871794872,0.5857371794871795,0.7748397435897436,0.7796474358974359,0.1193019943019943,0.1161636396011396,0.0017079172091569522,0.001624517006862781,0.11378205128205128,0.1201923076923077,0.11057692307692307,0.11698717948717949,0.006410256410256415,0.006410256410256415,1.0563380281690142,1.0579710144927537,0.013861244943476514,0.014060959072978304,0.001479289940828403,1.1175750153092467,0.9977001646203042,0.972972972972973,0.0008917479384490846,0.0105011261261261,0,0,0.0,0,0.1175213675213675,0.1201923076923077,0.1201923076923077,0.11451655982905984,0.11698717948717947,0.11698717948717947,0.002670940170940189,0.0024706196581196355,0,NON-GERMINATED
zm7_11,1,72,0.00014928567443879445,0.0,0.0011331839442092,0.0003202458615662715,0,0,0,0.34923655626780625,0.2136974715099715,0.000851562185554723,0.00039252119142958416,0.34775641025641024,0.35176282051282054,0.21314102564102563,0.21474358974358973,0.09283742877492879,0.13065349002849003,0.0017580871785494744,0.002102629216278411,0.08974358974358974,0.09615384615384616,0.1282051282051282,0.1346153846153846,0.004807692307692318,0.004807692307692291,1.0526315789473686,1.037037037037037,0.012132446101797062,0.012943786982248521,0.0010863535502958575,1.0916179337231968,0.9970087805169339,0.97140522875817,0.0011439625074583125,0.0107447394983765,1,12,0.16666666666666666,1,0.09074519230769229,0.09328258547008546,0.09448450854700856,0.1284054487179487,0.13047542735042736,0.13307959401709402,0.0037393162393162677,0.00467414529914531,1,GERMINATED
zm7_11,2,72,0.00011589892230204582,0.0,0.0016025641025641,0.0003201463142162844,0,0,0,0.5208667200854702,0.24736244658119658,0.0009484423551910888,0.0010467691911452287,0.5200320512820513,0.5240384615384616,0.24519230769230768,0.2483974358974359,0.09884704415954415,0.14216079059829057,0.0012189086155709624,0.002093538382290443,0.09615384615384616,0.10096153846153846,0.13782051282051283,0.14423076923076922,0.0048076923076923045,0.0064102564102563875,1.05,1.0465116279069766,0.0140543958652933,0.014561760355029586,0.0013097879684418126,1.0988372093023253,0.9977992088118669,0.967741935483871,0.0008456112153428792,0.0123319892473118,0,0,0.0,0,0.09742254273504274,0.09922542735042734,0.09989316239316239,0.13969017094017094,0.14256143162393162,0.14423076923076922,0.0024706196581196493,0.0045405982905982745,1,GERMINATED
zm7_11,3,72,0.00014276650557275554,0.0,0.0011331839442092,0.0003232048101893222,0,0,0,0.713085381054131,0.30152688746438744,0.00048751771976961893,0.001809741278966655,0.7123397435897436,0.7139423076923077,0.2980769230769231,0.30448717948717946,0.11798878205128206,0.11467236467236466,0.0011468725986456755,0.005233195160144442,0.11538461538461539,0.1201923076923077,0.10576923076923077,0.1233974358974359,0.0016025641025640969,0.017628205128205135,1.0138888888888888,1.1666666666666667,0.013531443757305136,0.01443591798159106,0.0022317759697567403,1.1828703703703705,0.9969462513260533,0.971580453894909,0.0011616102645036152,0.0106834107005178,1,14,0.19444444444444445,1,0.1175213675213675,0.11858974358974357,0.11785523504273503,0.10850694444444443,0.11505074786324787,0.12045940170940171,0.0003338675213675202,0.011952457264957278,1,GERMINATED
zm7_11,4,72,0.00031891976328226115,0.0,0.0011331839442092,0.0004180067448160472,0,0,0,0.2239694622507123,0.38959001068376065,0.0026974943877373894,0.0011789826110449727,0.2219551282051282,0.23317307692307693,0.3886217948717949,0.39342948717948717,0.14443108974358973,0.11037660256410259,0.010378716413407289,0.002168854402899536,0.13141025641025642,0.17467948717948717,0.10737179487179487,0.11698717948717949,0.043269230769230754,0.009615384615384623,1.3292682926829267,1.0895522388059702,0.015963183543812553,0.020435260519395135,0.006325505424063117,1.4483072442664726,0.9941191585645479,0.964741641337386,0.002265592348541682,0.0128612588652482,1,27,0.375,1,0.1362179487179487,0.14135950854700854,0.15571581196581194,0.10884081196581197,0.10964209401709402,0.11264690170940173,0.019497863247863234,0.003806089743589758,1,GERMINATED
zm7_11,5,72,0.00010477000492312778,0.0,0.0011331839442092,0.0002796377362368537,0,0,0,0.44101673789173784,0.4418514066951567,0.0004128213361598856,0.000821356325013576,0.43990384615384615,0.44150641025641024,0.4407051282051282,0.44310897435897434,0.10959757834757838,0.14407496438746434,0.0008256426723197719,0.0024356824951299078,0.10737179487179487,0.11057692307692307,0.14102564102564102,0.15064102564102563,0.0,0.009615384615384609,1.0,1.0681818181818181,0.015791291707758056,0.01665742110453649,0.0010632396449704144,1.0681818181818181,0.9982800744535901,0.9746774964166268,0.0006700744444434805,0.0095994458179166,1,8,0.1111111111111111,1,0.109375,0.10897435897435898,0.11044337606837606,0.14169337606837606,0.14369658119658119,0.1468349358974359,0.0010683760683760646,0.0051415598290598385,1,GERMINATED
zm7_11,6,72,0.00020493026133337915,0.0,0.0016025641025641,0.00038114173827369054,0,0,0,0.5799946581196582,0.4439325142450142,0.0003271220276152739,0.0013150971551569085,0.5793269230769231,0.5809294871794872,0.43830128205128205,0.44471153846153844,0.09962606837606837,0.13523860398860396,0.0024769280169593213,0.004804393719099727,0.09615384615384616,0.10416666666666667,0.1266025641025641,0.15224358974358973,0.008012820512820512,0.025641025641025633,1.0833333333333333,1.2025316455696202,0.013482790413379353,0.015858707264957264,0.00368538379355687,1.3027426160337552,0.9963559768778703,0.9741407528641572,0.001408612762612114,0.0097873060612809,1,25,0.3472222222222222,1,0.0968215811965812,0.09935897435897435,0.10269764957264958,0.13107638888888887,0.13508279914529916,0.13955662393162394,0.005876068376068383,0.008480235042735068,1,GERMINATED
zm7_11,7,72,0.00012241809116808334,0.0,0.000801282051282,0.00028827977757718543,0,0,0,0.7917223112535612,0.5169270833333335,0.0008790435892747344,0.00026499912971400053,0.7884615384615384,0.7924679487179487,0.5168269230769231,0.5176282051282052,0.11246883903133906,0.11077724358974358,0.0033180601678938215,0.0023275140301727303,0.10737179487179487,0.12179487179487179,0.10737179487179487,0.11378205128205128,0.014423076923076927,0.006410256410256415,1.1343283582089552,1.0597014925373134,0.01246560023102491,0.013858070348454963,0.0023293680144641695,1.2020494542214304,0.9974650437987775,0.9710144927536232,0.0009668064296870569,0.0101449275362318,1,12,0.16666666666666666,1,0.10930822649572651,0.11204594017094018,0.11605235042735045,0.10817307692307691,0.11077724358974357,0.11338141025641026,0.006744123931623935,0.005208333333333343,1,GERMINATED
zm7_11,8,72,0.00015389542295167222,0.0,0.0011331839442092,0.0003317788796524331,0,0,0,0.24301103988603984,0.5653601317663819,0.000629546635671781,0.0009331715014134371,0.2419871794871795,0.24439102564102563,0.563301282051282,0.5665064102564102,0.1006054131054131,0.1393117877492877,0.0027913845097205987,0.0035265149307938514,0.09455128205128205,0.10576923076923077,0.12980769230769232,0.14262820512820512,0.01121794871794872,0.012820512820512803,1.1186440677966103,1.0987654320987652,0.014024540404247936,0.01508567554240631,0.0028121918145956586,1.2291274325172628,0.997160180238651,0.971341463414634,0.001093968941390736,0.010767057368614,0,0,0.0,0,0.09748931623931623,0.10076121794871795,0.10356570512820513,0.13528311965811965,0.1405582264957265,0.1420940170940171,0.006076388888888909,0.0068108974358974395,0,NON-GERMINATED
zm7_11,9,72,8.712191867817223e-05,0.0,0.0011331839442092,0.0002695670361879842,0,0,0,0.6466902599715101,0.7084112357549857,0.0008480643969472154,0.00081408620160597,0.6450320512820513,0.6474358974358975,0.7067307692307693,0.7091346153846154,0.1373085826210826,0.11838942307692306,0.0017273858012699244,0.0022176444852317887,0.13141025641025642,0.13942307692307693,0.11378205128205128,0.1201923076923077,0.008012820512820512,0.006410256410256415,1.0609756097560976,1.0563380281690142,0.016258741907279568,0.016757581360946745,0.001805452827087441,1.1207488835451733,0.9981139364434407,0.9745098039215686,0.0007167514919366153,0.0096581381911869,0,0,0.0,0,0.1358840811965812,0.13815438034188035,0.13788728632478633,0.1155849358974359,0.11939102564102565,0.1201923076923077,0.002003205128205121,0.004607371794871792,0,NON-GERMINATED
zm7_11,10,72,0.00010937975343600556,0.0,0.0011331839442092,0.0002934748519779355,0,0,0,0.4579215633903135,0.7153000356125357,0.0006262921235484087,0.0009217538835847842,0.4567307692307692,0.45913461538461536,0.7123397435897436,0.7163461538461539,0.11389334045584049,0.13390313390313388,0.0024527083601692764,0.002696047708284668,0.10576923076923077,0.11698717948717949,0.1266025641025641,0.1362179487179487,0.01121794871794872,0.009615384615384609,1.1060606060606062,1.0759493670886076,0.015256960995142085,0.015935753616042075,0.0025450977975016425,1.1900652090525508,0.9976071781476041,0.9710144927536232,0.0009085844880719764,0.0101449275362318,1,3,0.041666666666666664,1,0.11137820512820512,0.11458333333333333,0.1157184829059829,0.13080929487179485,0.1346821581196581,0.1362179487179487,0.004340277777777776,0.005408653846153855,1,GERMINATED
zm7_12,1,72,0.00044904280467954714,0.0,0.0025338763302631,0.0006500605216288785,0,0,0,0.2682848112535613,0.16091301638176636,0.0008688399325267878,0.005694689967846121,0.266025641025641,0.2708333333333333,0.15224358974358973,0.17868589743589744,0.11300302706552706,0.11785523504273504,0.001907302939003206,0.013120101546958746,0.10737179487179487,0.11858974358974358,0.10576923076923077,0.15865384615384615,0.01121794871794872,0.05288461538461538,1.1044776119402986,1.5,0.013333584447366499,0.01881471893491124,0.00745808678500986,1.6567164179104477,0.9910978753740838,0.9515915119363396,0.003407621442112311,0.0176795403860171,1,29,0.4027777777777778,1,0.1111111111111111,0.11378205128205128,0.1141159188034188,0.10850694444444443,0.11391559829059829,0.1311431623931624,0.0030048076923076955,0.022636217948717965,1,GERMINATED
zm7_12,2,72,0.00012702783968096112,0.0,0.0011331839442092,0.00030145107214456045,0,0,0,0.45471643518518523,0.1933760683760684,0.0011092689431043963,0.0004626204080045059,0.453525641025641,0.4583333333333333,0.19230769230769232,0.19471153846153846,0.11749910968660969,0.11676460113960115,0.0024744266246941662,0.0010449336355328942,0.11378205128205128,0.125,0.11378205128205128,0.11858974358974358,0.01121794871794872,0.0048076923076923045,1.0985915492957747,1.0422535211267605,0.013721883788991161,0.014823717948717948,0.0018773627547666004,1.1450109105336241,0.9977540218505163,0.9727903921936574,0.0008686604481118916,0.0102599322959559,1,6,0.08333333333333333,1,0.11551816239316239,0.11698717948717947,0.11999198717948718,0.1157852564102564,0.11698717948717947,0.1175213675213675,0.004473824786324798,0.001736111111111105,1,GERMINATED
zm7_12,3,72,0.0001715435091966278,0.0,0.0011331839442092,0.00033652823416071393,0,0,0,0.6457554309116811,0.26161858974358976,0.0006959801065595844,0.002444311594247211,0.6434294871794872,0.6466346153846154,0.2564102564102564,0.266025641025641,0.0959980413105413,0.12900641025641024,0.001391960213119174,0.004888623188494423,0.09134615384615384,0.09775641025641026,0.11858974358974358,0.13782051282051283,0.006410256410256415,0.019230769230769246,1.0701754385964912,1.1621621621621623,0.012390337360289284,0.013472838593030901,0.0026401216305062484,1.2437174016121386,0.9969944606758969,0.9718969555035128,0.0011634420444138764,0.0105726351375064,1,1,0.013888888888888888,1,0.09468482905982906,0.09615384615384616,0.09715544871794872,0.12353098290598291,0.12900641025641024,0.1344818376068376,0.0024706196581196632,0.01095085470085469,1,GERMINATED
zm7_12,4,72,0.000133547008547,0.0,0.000801282051282,0.0002986201893028375,0,0,0,0.521289618945869,0.43842370014245,0.0007414732552134467,0.0005921378914896271,0.5192307692307693,0.5224358974358975,0.43669871794871795,0.4391025641025641,0.11923522079772081,0.10681534900284902,0.0034480970959881252,0.0023001078868991045,0.11217948717948718,0.125,0.10096153846153846,0.11057692307692307,0.012820512820512817,0.009615384615384609,1.1142857142857143,1.0952380952380951,0.012743323791000072,0.013822115384615384,0.002496301775147928,1.220408163265306,0.9972558448006384,0.9726027397260274,0.0010472598753320764,0.0095890410958904,0,0,0.0,0,0.11545138888888888,0.1201923076923077,0.12206196581196582,0.10396634615384615,0.10743856837606836,0.1090411324786325,0.006610576923076941,0.005074786324786348,1,GERMINATED
zm7_12,5,72,0.00014467592592591668,0.0,0.000801282051282,0.0003082127498247272,0,0,0,0.2530604522792023,0.43983707264957267,0.0012762398675225718,0.0006369786334247745,0.2516025641025641,0.2564102564102564,0.4391025641025641,0.4407051282051282,0.14265046296296294,0.10051638176638175,0.00373447732881354,0.0017761696352617516,0.1362179487179487,0.15064102564102563,0.09615384615384616,0.10256410256410256,0.014423076923076927,0.006410256410256401,1.1058823529411765,1.0666666666666667,0.014344675126926727,0.015450361604207756,0.002352481919789611,1.1796078431372548,0.9977207928418603,0.9836065573770492,0.0008917618572007068,0.0062585382513661,1,5,0.06944444444444445,1,0.13862179487179488,0.1424278846153846,0.1469017094017094,0.0985576923076923,0.10069444444444446,0.10229700854700856,0.008279914529914528,0.003739316239316254,1,GERMINATED
zm7_12,6,72,0.00014928567443879448,0.0,0.0011331839442092,0.0003202458615662714,0,0,0,0.6900373931623931,0.5257745726495726,0.0010931293765855242,0.0005506284222245784,0.686698717948718,0.6907051282051282,0.5240384615384616,0.5264423076923077,0.10345441595441593,0.13216702279202275,0.0034504669471289388,0.002949813970268752,0.09455128205128205,0.10576923076923077,0.1266025641025641,0.13782051282051283,0.01121794871794872,0.011217948717948734,1.1186440677966103,1.0886075949367089,0.013682789899737015,0.01457716962524655,0.0026067348783694964,1.2177644282342848,0.9972858050111869,0.9726078799249532,0.001047003934469828,0.0103238115900023,0,0,0.0,0,0.09915865384615384,0.10543536324786325,0.10576923076923077,0.1284054487179487,0.13321314102564105,0.13488247863247863,0.006610576923076927,0.006477029914529919,1,GERMINATED
zm7_12,7,72,0.0002448361823361667,0.0,0.000801282051282,0.0003691044326873204,0,0,0,0.8310296474358974,0.5806067485754985,0.0006255006008011193,0.0030879687629319,0.8301282051282052,0.8317307692307693,0.5721153846153846,0.5841346153846154,0.10116185897435896,0.14518785612535615,0.001251001201602244,0.007529302753568949,0.09935897435897435,0.10256410256410256,0.13141025641025642,0.16346153846153846,0.0032051282051282076,0.03205128205128205,1.032258064516129,1.2439024390243902,0.01469537870279056,0.016765285996055226,0.003708497698882313,1.2840283241542092,0.9965477727045666,0.984126984126984,0.001367423071920132,0.0060763888888889,1,31,0.4305555555555556,1,0.09975961538461538,0.10116185897435899,0.10256410256410257,0.13788728632478633,0.1440304487179487,0.15364583333333334,0.0028044871794871973,0.015758547008547008,1,GERMINATED
zm7_12,8,72,0.00014928567443879445,0.0,0.0011331839442092,0.0003202458615662714,0,0,0,0.3006810897435897,0.6229077635327636,0.0006369786334247746,0.0006342506610031581,0.29967948717948717,0.3020833333333333,0.6209935897435898,0.6233974358974359,0.0997150997150997,0.14707977207977208,0.0020898672710657957,0.004357990829957407,0.09455128205128205,0.10256410256410256,0.1346153846153846,0.15064102564102563,0.006410256410256415,0.016025641025641024,1.0677966101694916,1.119047619047619,0.01467461899152604,0.015450361604207756,0.002480892504930967,1.1949152542372883,0.9971134045420066,0.9718992248062016,0.0011073440986829391,0.0105718408815654,0,0,0.0,0,0.09715544871794872,0.10049412393162394,0.10149572649572651,0.1420272435897436,0.14857104700854698,0.15064102564102563,0.00434027777777779,0.00861378205128202,1,GERMINATED
zm7_12,9,72,0.0001780626780626667,0.0,0.000801282051282,0.00033312476734096336,0,0,0,0.5857816951566952,0.7110710470085471,0.0004604736659895198,0.001386253972491094,0.5849358974358975,0.5873397435897436,0.7067307692307693,0.7123397435897436,0.09406160968660969,0.10986467236467237,0.0008711888261565578,0.004023192139492523,0.09134615384615384,0.09455128205128205,0.10256410256410256,0.12179487179487179,0.0032051282051282076,0.019230769230769232,1.0350877192982457,1.1875,0.01033641005095332,0.01151586127547666,0.002147024983563445,1.2291666666666667,0.9966764456658677,0.9827586206896552,0.0012789847576870446,0.006555316091954,1,15,0.20833333333333334,1,0.09308226495726496,0.09455128205128205,0.09455128205128205,0.10576923076923077,0.11017628205128205,0.11364850427350427,0.0014690170940170888,0.007879273504273504,1,GERMINATED
zm7_12,10,72,0.00011589892230204445,0.0,0.0011331839442092,0.0002909619545824085,0,0,0,0.38647391381766383,0.7880386396011395,0.0007293475061347437,0.00083370373933084,0.38461538461538464,0.3870192307692308,0.7852564102564102,0.7884615384615384,0.12186164529914532,0.11133368945868947,0.0026364966643161935,0.0016674074786616898,0.11217948717948718,0.1233974358974359,0.10576923076923077,0.11217948717948718,0.01121794871794872,0.006410256410256415,1.1,1.0606060606060606,0.013571500725947844,0.013842661078238002,0.001977523011176858,1.1666666666666667,0.9978768582335289,0.9713930348258708,0.0008184339177611889,0.0107490073746812,0,0,0.0,0,0.11932425213675213,0.12286324786324787,0.1233974358974359,0.10964209401709402,0.11217948717948718,0.11217948717948718,0.004073183760683774,0.0025373931623931673,0,NON-GERMINATED
zm7_2,1,72,0.00013617418956440695,0.0,0.0024038461538461,0.0004319222502404754,0,0,0,0.5185185185185186,0.2899305555555556,0.0007260285982149243,0.0011410261412015882,0.5176282051282052,0.5232371794871795,0.28926282051282054,0.2932692307692308,0.10087250712250712,0.14814814814814814,0.00036708561481638835,0.0013850025984779206,0.09935897435897435,0.10096153846153846,0.14423076923076922,0.14903846153846154,0.0,0.004807692307692318,1.0,1.0333333333333334,0.014944281220322887,0.015047152366863905,0.0004853920118343194,1.0333333333333332,0.9975126324144747,0.953125,0.0009590918781507136,0.01796875,0,0,0.0,0,0.10069444444444446,0.10096153846153848,0.10096153846153848,0.14636752136752137,0.14903846153846154,0.14903846153846154,0.00026709401709401615,0.0026709401709401615,0,NON-GERMINATED
zm7_2,2,72,9.364108754421112e-05,0.0,0.0011331839442092,0.00026737232922813,0,0,0,0.6842948717948718,0.3852942485754986,0.00023131020400225308,0.0003696074142052958,0.6834935897435898,0.6850961538461539,0.3838141025641026,0.3854166666666667,0.09602029914529914,0.13210024928774924,0.0004429253192248151,0.0020831002788655848,0.09455128205128205,0.09615384615384616,0.125,0.1330128205128205,0.0016025641025641107,0.006410256410256415,1.016949152542373,1.0506329113924051,0.012685039653188691,0.012789694280078897,0.0008192595332018431,1.0684402488736324,0.9982750766810179,0.970886075949367,0.0006645898685474985,0.0109264429814575,0,0,0.0,0,0.09575320512820512,0.09615384615384616,0.09615384615384616,0.13027510683760682,0.1330128205128205,0.1330128205128205,0.0004006410256410381,0.0027377136752136932,0,NON-GERMINATED
zm7_2,3,72,8.251217016529444e-05,0.0,0.0011331839442092,0.0002540294387310762,0,0,0,0.39913862179487186,0.47128739316239315,0.00032541380691803275,0.0003777279814030692,0.39903846153846156,0.40064102564102566,0.47115384615384615,0.47275641025641024,0.127559650997151,0.11792200854700854,0.0016171814269268741,0.0017050140671479312,0.12179487179487179,0.1282051282051282,0.11217948717948718,0.11858974358974358,0.006410256410256401,0.006410256410256401,1.0526315789473684,1.0571428571428572,0.01504479817280298,0.015203813280736356,0.00154092702169625,1.1127819548872178,0.9985280225789117,0.9741554054054054,0.0005688250079883097,0.0097821776718441,0,0,0.0,0,0.12626869658119658,0.1282051282051282,0.1282051282051282,0.11658653846153845,0.11858974358974357,0.11858974358974357,0.001936431623931617,0.002003205128205121,0,NON-GERMINATED
zm7_2,4,72,0.00023449817276380695,0.0,0.0016025641025641,0.00042055089152744925,0,0,0,0.6845285790598291,0.5755987357549858,0.0010885310087407221,0.0015177411719051223,0.6810897435897436,0.686698717948718,0.5737179487179487,0.5809294871794872,0.12252938034188035,0.10703792735042736,0.0011926129206391415,0.00444482885700925,0.11858974358974358,0.1233974358974359,0.09615384615384616,0.11217948717948718,0.004807692307692318,0.014423076923076927,1.0405405405405406,1.1475409836065573,0.013118853413324567,0.013842661078238002,0.0022497534516765297,1.194062915374391,0.9952257600771822,0.9682539682539684,0.0018234077852826614,0.0121527777777777,1,14,0.19444444444444445,1,0.1216613247863248,0.12319711538461538,0.12272970085470086,0.10149572649572651,0.10830662393162394,0.1113114316239316,0.0010683760683760646,0.009815705128205093,1,GERMINATED
zm7_2,5,72,9.825083605708889e-05,0.0,0.0011331839442092,0.00028199430964710807,0,0,0,0.4170784366096865,0.6673232727920229,0.0010081963827715775,0.0003614757338165876,0.4166666666666667,0.4206730769230769,0.6658653846153846,0.6674679487179487,0.10886306980056983,0.14184918091168086,0.00040738526570787033,0.001962605957147921,0.10737179487179487,0.10897435897435898,0.1346153846153846,0.14262820512820512,0.0016025641025641107,0.008012820512820512,1.0149253731343284,1.0595238095238095,0.015442656969099276,0.015542817225509533,0.001088921761998686,1.0753375977256574,0.998185033001342,0.9737024221453288,0.0006991014929674278,0.0099407218128709,0,0,0.0,0,0.10864049145299144,0.10897435897435898,0.10897435897435898,0.14029113247863248,0.14262820512820512,0.14262820512820512,0.00033386752136753406,0.0023370726495726413,0,NON-GERMINATED
zm7_2,6,72,9.083731370379306e-05,0.0,0.0025338763302631,0.0003542733529747642,0,0,0,0.5677305911680912,0.7497774216524218,0.000611584386753653,0.0003829382686539612,0.5665064102564102,0.5689102564102564,0.7483974358974359,0.75,0.12896189458689455,0.09512998575498575,0.0012801641599491194,0.001737252163558395,0.125,0.12980769230769232,0.08974358974358974,0.09615384615384616,0.004807692307692318,0.006410256410256415,1.0384615384615385,1.0714285714285714,0.012270273463182121,0.012481508875739646,0.0012635601577909283,1.1126373626373627,0.9981960913130707,0.945821452072823,0.000690412294332707,0.0206095113891829,0,0,0.0,0,0.12733707264957264,0.12974091880341881,0.12980769230769232,0.09308226495726496,0.09615384615384616,0.09615384615384616,0.002470619658119677,0.0030715811965811995,0,NON-GERMINATED
zm7_3,1,72,6.67735042735e-05,0.0,0.000801282051282,0.0002214626596123921,0,0,0,0.4835292022792024,0.31587206196581197,0.00046047366598951986,0.00035175126044513554,0.4831730769230769,0.484775641025641,0.31490384615384615,0.31650641025641024,0.09437321937321937,0.1445646367521367,0.0011505384600534276,0.0007035025208902825,0.09134615384615384,0.09615384615384616,0.14262820512820512,0.14583333333333334,0.004807692307692318,0.0016025641025641246,1.0526315789473686,1.0111111111111113,0.013643517662447951,0.0140224358974359,0.0008475098619329432,1.0643274853801172,0.9988323828926302,0.9827586206896552,0.0004520687653571653,0.006555316091954,1,11,0.1527777777777778,1,0.09321581196581197,0.09455128205128205,0.0953525641025641,0.14416399572649571,0.14423076923076922,0.1452991452991453,0.002136752136752129,0.0011351495726495964,1,GERMINATED
zm7_3,2,72,4.4515669515666665e-05,0.0,0.000801282051282,0.00018354280740818176,0,0,0,0.7316484152421653,0.32870370370370366,0.0002373879207587861,0.0005210425530056785,0.7315705128205128,0.7323717948717948,0.328525641025641,0.33092948717948717,0.11042111823361826,0.12143874643874643,0.0004747758415175711,0.0010420851060113639,0.10897435897435898,0.11057692307692307,0.11698717948717949,0.12179487179487179,0.0016025641025640969,0.0048076923076923045,1.0147058823529411,1.0410958904109588,0.013409846067097667,0.013467702169625246,0.0007190992767915835,1.056406124093473,0.999243090344349,0.9855072463768116,0.00029385356466305693,0.0055932971014492,0,0,0.0,0,0.11010950854700856,0.11057692307692307,0.11057692307692307,0.12072649572649573,0.12179487179487179,0.12179487179487179,0.0004674145299145144,0.0010683760683760646,0,NON-GERMINATED
zm7_3,3,72,9.825083605708889e-05,0.0,0.0011331839442092,0.00028199430964710807,0,0,0,0.2844996438746439,0.327991452991453,0.00018354280740819312,0.0008232390495417929,0.2844551282051282,0.28525641025641024,0.327724358974359,0.3317307692307692,0.1359508547008547,0.10982015669515671,0.0009630211740021315,0.0023885467281510564,0.13141025641025642,0.1362179487179487,0.09935897435897435,0.11057692307692307,0.004807692307692291,0.01121794871794872,1.0365853658536583,1.1129032258064517,0.014932367571590326,0.015062561637080866,0.002005773339907953,1.1536191974822971,0.9980344850934786,0.9728937728937728,0.0007517932607196097,0.0102237490509154,0,0,0.0,0,0.13541666666666666,0.1362179487179487,0.1362179487179487,0.10830662393162394,0.11057692307692307,0.11057692307692307,0.0008012820512820484,0.0022702991452991372,0,NON-GERMINATED
zm7_3,4,72,0.0002782229344729167,0.0,0.000801282051282,0.00038148006813126583,0,0,0,0.38082042378917375,0.47542735042735046,0.0004427854848664019,0.0021616471763139366,0.3798076923076923,0.3814102564102564,0.47275641025641024,0.4791666666666667,0.14834846866096868,0.09624287749287748,0.008649997119746337,0.0013590044090521483,0.1330128205128205,0.16346153846153846,0.09294871794871795,0.09775641025641026,0.03044871794871795,0.0032051282051282076,1.2289156626506024,1.0344827586206897,0.014283501750949668,0.015717455621301776,0.0033540844838921766,1.271292064810968,0.994869472744255,0.9666666666666668,0.001976529446918186,0.0116666666666666,1,15,0.20833333333333334,1,0.13835470085470084,0.1484375,0.15825320512820512,0.09541933760683759,0.09655448717948718,0.09675480769230771,0.019898504273504286,0.0013354700854701224,1,GERMINATED
zm7_3,5,72,6.67735042735e-05,0.0,0.000801282051282,0.00022146265961239215,0,0,0,0.6103543447293449,0.501201923076923,0.00035889680147340326,0.0009813660828458205,0.6097756410256411,0.6105769230769231,0.5,0.5032051282051282,0.10194088319088318,0.1391114672364672,0.0009464161158061461,0.0012424577757258564,0.09935897435897435,0.10256410256410256,0.13782051282051283,0.14102564102564102,0.0032051282051282076,0.0032051282051281937,1.032258064516129,1.0232558139534882,0.014181879040653081,0.014464168310322156,0.0007704635108481267,1.0562640660165041,0.9989257720714259,0.984126984126984,0.00041938255277874166,0.0060763888888889,0,0,0.0,0,0.10069444444444446,0.10256410256410257,0.10256410256410257,0.13795405982905984,0.1388888888888889,0.140491452991453,0.001869658119658113,0.0025373931623931534,0,NON-GERMINATED
zm7_3,6,72,6.48640839203389e-05,0.0,0.0011331839442092,0.00024127673497182132,0,0,0,0.770877849002849,0.5706352386039885,0.00018354280740819342,0.00031771061306134623,0.7708333333333334,0.7716346153846154,0.5705128205128205,0.5721153846153846,0.11151175213675216,0.12444355413105414,0.00176666086476001,0.0014668233965985942,0.10416666666666667,0.11217948717948718,0.11858974358974358,0.125,0.008012820512820512,0.006410256410256415,1.0769230769230769,1.0540540540540542,0.013879436443038207,0.014022435897435898,0.0016693376068376078,1.1351351351351353,0.9982603134106406,0.9714285714285714,0.0006510519608240333,0.0106355594627258,0,0,0.0,0,0.11017628205128205,0.11217948717948718,0.11217948717948718,0.12333066239316241,0.125,0.125,0.002003205128205135,0.001669337606837587,0,NON-GERMINATED
zm7_3,7,72,6.025433540746111e-05,0.0,0.0011331839442092,0.0002233244848648813,0,0,0,0.2986556267806268,0.6670895655270654,0.001001355224287922,0.0005968254842321876,0.2980769230769231,0.30128205128205127,0.6658653846153846,0.6674679487179487,0.10817307692307693,0.10661502849002848,0.0012527819871323274,0.0011936509684643767,0.10576923076923077,0.10897435897435898,0.10416666666666667,0.10737179487179487,0.0032051282051282076,0.0032051282051281937,1.0303030303030303,1.0307692307692307,0.011534266792680256,0.01170077251808021,0.0006831443129520047,1.062004662004662,0.9987591750102724,0.9705882352941176,0.00047345406441948613,0.0110306872107948,1,7,0.09722222222222222,1,0.10657051282051282,0.10897435897435898,0.10897435897435898,0.10510149572649573,0.10737179487179487,0.10737179487179487,0.002403846153846159,0.0022702991452991372,1,GERMINATED
zm7_3,8,72,0.00011589892230204582,0.0,0.0016025641025641,0.0003201463142162844,0,0,0,0.5777132300569802,0.7177483974358975,0.0006873852193146038,0.0016342465612340239,0.5769230769230769,0.5785256410256411,0.7147435897435898,0.7203525641025641,0.09403935185185185,0.15424679487179485,0.0012760942915975935,0.003268493122468061,0.09294871794871795,0.09615384615384616,0.14903846153846154,0.16025641025641027,0.0032051282051282076,0.011217948717948734,1.0344827586206897,1.0752688172043012,0.014509005006300677,0.015409270216962527,0.0015563362919132177,1.1123470522803116,0.9980620133170129,0.9661016949152542,0.0007536296385418542,0.0129060734463276,1,15,0.20833333333333334,1,0.09294871794871795,0.09361645299145299,0.09555288461538462,0.15050747863247863,0.15424679487179488,0.1579861111111111,0.0026041666666666713,0.00747863247863248,1,GERMINATED
zm7_4,1,72,0.00011589892230204445,0.0,0.0011331839442092,0.00029096195458240803,0,0,0,0.48822560541310533,0.30701344373219375,0.0005281254682026635,0.000545089783487287,0.48717948717948717,0.48878205128205127,0.30528846153846156,0.30849358974358976,0.10162927350427349,0.14238336894586892,0.0012166711510609373,0.0016171814269268774,0.09935897435897435,0.10416666666666667,0.13782051282051283,0.14583333333333334,0.004807692307692318,0.006410256410256415,1.0483870967741937,1.0459770114942528,0.014471944284644604,0.015190972222222224,0.0013380382971729145,1.0965888023730073,0.998102601422687,0.9729437229437228,0.0007394238015559097,0.0102062665334329,1,16,0.2222222222222222,1,0.10042735042735045,0.10162927350427352,0.10283119658119659,0.14089209401709402,0.14262820512820512,0.14362980769230768,0.0024038461538461453,0.0027377136752136655,1,GERMINATED
zm7_4,2,72,0.000153895422951675,0.0,0.0016025641025641,0.0003817680342395578,0,0,0,0.31056356837606847,0.30838230056980065,0.0005626435478883775,0.0012041879446869593,0.30849358974358976,0.3108974358974359,0.30689102564102566,0.31330128205128205,0.1051014957264957,0.12580128205128205,0.001125287095776757,0.0014383453010508806,0.10096153846153846,0.10576923076923077,0.1233974358974359,0.12980769230769232,0.0048076923076923045,0.0032051282051282215,1.0476190476190477,1.0253164556962027,0.013222580630433195,0.01372965976331361,0.0009476701183431958,1.0741410488245933,0.9972503401884547,0.9719921104536487,0.0010624129589594513,0.0105393309049588,1,2,0.027777777777777776,1,0.10376602564102565,0.10576923076923077,0.10576923076923077,0.1246661324786325,0.12540064102564102,0.12733707264957264,0.002003205128205121,0.0026709401709401476,1,GERMINATED
zm7_4,3,72,8.903133903133471e-05,0.0,0.0016025641025641,0.00028503936242132283,0,0,0,0.6944667022792023,0.40824207621082614,0.0008083609240266561,0.0006938413662200084,0.6923076923076923,0.6955128205128205,0.4078525641025641,0.4110576923076923,0.1258457977207977,0.10997596153846156,0.002234225443612815,0.0008629038450400677,0.11858974358974358,0.1282051282051282,0.10737179487179487,0.11057692307692307,0.009615384615384609,0.0032051282051282076,1.0810810810810811,1.0298507462686568,0.01384159099002849,0.01417652859960552,0.0014433349769888224,1.1133521581282775,0.9981184688444655,0.9710144927536232,0.000716406274807418,0.0111865942028985,0,0,0.0,0,0.1233974358974359,0.1266025641025641,0.12753739316239315,0.10884081196581197,0.11051014957264955,0.11057692307692307,0.00413995726495725,0.001736111111111105,1,GERMINATED
zm7_4,4,72,0.00019253653712323054,0.0,0.0017917211358171,0.0004206510712869238,0,0,0,0.18201344373219372,0.4372217770655271,0.0006215278670514227,0.0010184631642696676,0.18108974358974358,0.18349358974358973,0.4358974358974359,0.4423076923076923,0.14407496438746437,0.11847845441595443,0.0037312921597528635,0.0020398428216142892,0.1330128205128205,0.14743589743589744,0.11217948717948718,0.1201923076923077,0.014423076923076927,0.008012820512820512,1.108433734939759,1.0714285714285714,0.01707703836109285,0.017720660749506904,0.0027993507560815246,1.1876075731497417,0.9964816798499236,0.9608070117413594,0.0013565608016568264,0.0148821646288053,0,0,0.0,0,0.13989049145299146,0.1453659188034188,0.14696848290598288,0.11638621794871795,0.11885683760683759,0.1201923076923077,0.007077991452991428,0.003806089743589744,1,GERMINATED
zm7_4,5,72,0.00029276994067579444,0.0,0.0017917211358171,0.0004663447450097427,0,0,0,0.4868567485754986,0.5204994658119658,0.0008410251793940975,0.002813217739441883,0.483974358974359,0.4879807692307692,0.5184294871794872,0.53125,0.13815438034188032,0.11988069800569802,0.003044608203840277,0.005477960176695507,0.13141025641025642,0.14743589743589744,0.11378205128205128,0.14262820512820512,0.016025641025641024,0.02884615384615384,1.121951219512195,1.2535211267605633,0.016575844713364745,0.02102851742274819,0.006076388888888886,1.406389556853315,0.9945898332510867,0.9543927648578812,0.002083858823558857,0.0166991018634775,1,21,0.2916666666666667,1,0.13494925213675213,0.13835470085470086,0.14115918803418803,0.11651976495726495,0.11858974358974357,0.12453258547008546,0.006209935897435903,0.008012820512820512,1,GERMINATED
zm7_4,6,72,0.00013163758819384027,0.0,0.0016025641025641,0.0003412221733173434,0,0,0,0.31993411680911676,0.5241720085470087,0.00038293826865398636,0.0008123347396231564,0.3189102564102564,0.32051282051282054,0.5232371794871795,0.5280448717948718,0.10977564102564104,0.13804309116809113,0.001811519760450125,0.0015414253644213667,0.10256410256410256,0.11217948717948718,0.1330128205128205,0.14102564102564102,0.009615384615384623,0.008012820512820512,1.09375,1.0602409638554218,0.015156016007378188,0.01582018408941486,0.0021778435239973703,1.1596385542168675,0.997635114070975,0.9728937728937728,0.0009132745074847791,0.0102237490509154,0,0,0.0,0,0.10790598290598291,0.11057692307692307,0.11084401709401709,0.13688568376068377,0.13782051282051283,0.13942307692307693,0.0029380341880341776,0.0025373931623931534,1,GERMINATED
zm7_4,7,72,0.00048776294431918744,0.0,0.0040064102564102,0.0008671325757616224,0,0,0,0.7459268162393162,0.550758992165242,0.004614140945875142,0.0009363514220352822,0.7403846153846154,0.7660256410256411,0.5496794871794872,0.5536858974358975,0.16141381766381768,0.11309205840455842,0.012700937600783413,0.0023410967932335934,0.15384615384615385,0.21474358974358973,0.10897435897435898,0.11698717948717949,0.060897435897435875,0.004807692307692318,1.3958333333333333,1.0434782608695654,0.018268581582383665,0.024778106508875738,0.0077662721893491105,1.4565217391304346,0.9930924754671244,0.9565217391304348,0.002734679500313914,0.0178215579710144,1,9,0.125,1,0.15484775641025642,0.15698450854700854,0.17240918803418803,0.11030982905982906,0.11324786324786325,0.1157184829059829,0.017561431623931617,0.005408653846153841,1,GERMINATED
zm7_4,8,72,0.00017417069021403195,0.0,0.0017917211358171,0.00037295469408893655,0,0,0,0.612624643874644,0.6896812678062676,0.0007774327455739371,0.0007925789625518507,0.6105769230769231,0.6137820512820513,0.688301282051282,0.6915064102564102,0.09891381766381765,0.12455484330484332,0.0009337685614050468,0.0031059051891938077,0.09615384615384616,0.09935897435897435,0.11858974358974358,0.12980769230769232,0.0032051282051281937,0.011217948717948734,1.0333333333333332,1.0945945945945947,0.01232185171488056,0.012897559171597633,0.0014946992110453639,1.131081081081081,0.9966074690212022,0.9558762886597938,0.0013005967912183445,0.0166079177073533,1,14,0.19444444444444445,1,0.09829059829059829,0.09935897435897435,0.09909188034188034,0.12106036324786325,0.12473290598290598,0.12787126068376067,0.0008012820512820484,0.006810897435897426,1,GERMINATED
zm7_4,9,72,0.00011128917378916668,0.0,0.000801282051282,0.0002771078080036491,0,0,0,0.28117209757834755,0.7053173967236468,0.0013629630140247749,0.000365564185043999,0.2780448717948718,0.28205128205128205,0.7051282051282052,0.7067307692307693,0.11482816951566956,0.13027510683760682,0.0016281724032119502,0.002380548006139948,0.10897435897435898,0.11698717948717949,0.12179487179487179,0.13141025641025642,0.006410256410256415,0.009615384615384623,1.0588235294117647,1.0789473684210527,0.014962829415954417,0.015373315253122946,0.001890203813280738,1.1424148606811146,0.9974118359214003,0.9600694444444444,0.0009781953904728778,0.0144965277777777,0,0,0.0,0,0.11371527777777779,0.11538461538461538,0.11538461538461538,0.12800480769230768,0.13141025641025642,0.13141025641025642,0.001669337606837587,0.0034054487179487336,0,NON-GERMINATED
zm7_4,10,72,0.00014467592592591803,0.0,0.0016025641025641,0.00033590162644199316,0,0,0,0.4652777777777778,0.8020388176638176,0.0013878612240135185,0.00032407896586896776,0.4639423076923077,0.46794871794871795,0.8004807692307693,0.8028846153846154,0.14583333333333331,0.0965099715099715,0.003943595902840114,0.0017355403035628494,0.13141025641025642,0.14903846153846154,0.09134615384615384,0.09775641025641026,0.01762820512820512,0.006410256410256415,1.1341463414634145,1.0701754385964912,0.014080648696033312,0.014569464990138066,0.0025656434911242587,1.2137355584082155,0.9968825060200648,0.944006309148265,0.0011851622448291485,0.0206394584647739,1,22,0.3055555555555556,1,0.14129273504273507,0.14716880341880342,0.14903846153846154,0.09421741452991454,0.09755608974358976,0.09775641025641026,0.007745726495726468,0.003538995726495714,1,GERMINATED
zm7_5,1,72,0.00012603004051300277,0.0,0.0050677526605262,0.0006208055311085832,0,0,0,0.404780982905983,0.1850182514245014,0.0005972403786057104,0.00033144748512810496,0.4046474358974359,0.4094551282051282,0.18269230769230768,0.18509615384615385,0.12887286324786323,0.10027154558404557,0.0018648824844776932,0.001506807740474786,0.1233974358974359,0.12980769230769232,0.09615384615384616,0.10096153846153846,0.006410256410256415,0.0048076923076923045,1.051948051948052,1.05,0.01292491776015414,0.013105584319526629,0.0012404462524654835,1.1045454545454545,0.9971848555270613,0.8957734919983587,0.0010672200918619833,0.0397733170299165,0,0,0.0,0,0.12700320512820512,0.12980769230769232,0.12980769230769232,0.09889155982905984,0.10096153846153848,0.10096153846153848,0.0028044871794871973,0.002069978632478639,0,NON-GERMINATED
zm7_5,2,72,0.00011128917378916668,0.0,0.000801282051282,0.0002771078080036491,0,0,0,0.7517138532763532,0.27853454415954415,0.0010625639478525609,0.0005267165049055906,0.750801282051282,0.7548076923076923,0.2780448717948718,0.2796474358974359,0.12157229344729344,0.11311431623931625,0.002125127895705131,0.002572297046508847,0.11538461538461539,0.1233974358974359,0.10897435897435898,0.11698717948717949,0.008012820512820512,0.008012820512820512,1.0694444444444444,1.0735294117647058,0.013756197950909488,0.01443591798159106,0.0018619534845496395,1.1480800653594772,0.9980952655738233,0.9855072463768116,0.0007389950121247861,0.0055932971014492,1,12,0.16666666666666666,1,0.11932425213675213,0.1219951923076923,0.1233974358974359,0.10997596153846152,0.11351495726495726,0.11585202991452992,0.004073183760683774,0.005876068376068397,1,GERMINATED
zm7_5,3,72,0.00011128917378916668,0.0,0.000801282051282,0.0002771078080036491,0,0,0,0.5445379273504272,0.33996616809116814,0.0006508276138360662,0.0005855122167897907,0.5432692307692307,0.5456730769230769,0.3389423076923077,0.3405448717948718,0.13390313390313388,0.09250356125356125,0.0036513704868963467,0.0011710244335795866,0.1266025641025641,0.13942307692307693,0.09134615384615384,0.09455128205128205,0.01282051282051283,0.0032051282051282076,1.1012658227848102,1.0350877192982457,0.012390194681861347,0.01318263067061144,0.0016179733727810664,1.1399067288474352,0.9981934562052115,0.9827586206896552,0.0007046282911390167,0.006555316091954,0,0,0.0,0,0.1297409188034188,0.13388087606837606,0.13808760683760685,0.09134615384615384,0.09241452991452992,0.09375,0.00834668803418806,0.002403846153846159,1,GERMINATED
zm7_5,4,72,0.00011398950194888333,0.0,0.0011331839442092,0.0003066190052762001,0,0,0,0.38036413817663817,0.4467481303418804,0.0006212288878629313,0.0004985705302840585,0.3798076923076923,0.38301282051282054,0.44471153846153844,0.44711538461538464,0.11271367521367523,0.13739761396011396,0.0015801495147167762,0.0021861454490973323,0.10576923076923077,0.11538461538461539,0.12980769230769232,0.13942307692307693,0.009615384615384623,0.009615384615384609,1.090909090909091,1.074074074074074,0.01548952683267587,0.016087278106508878,0.002357618343195268,1.171717171717172,0.9978209889220996,0.9730615216599928,0.0008367470535319278,0.0101650369827385,0,0,0.0,0,0.11131143162393163,0.11298076923076923,0.11384882478632478,0.13508279914529916,0.13782051282051283,0.13928952991452992,0.0025373931623931534,0.004206730769230754,1,GERMINATED
zm7_5,5,72,0.00010016025641025416,0.0,0.0048076923076923,0.0005811596950296839,0,0,0,0.22201077279202275,0.4641537571225071,0.0005717058199359585,0.00035315686548749914,0.22115384615384615,0.2267628205128205,0.4639423076923077,0.46474358974358976,0.12284099002849001,0.11976940883190884,0.0011992409003760858,0.0007063137309750052,0.1201923076923077,0.1233974358974359,0.11858974358974358,0.1201923076923077,0.0032051282051282076,0.0016025641025641107,1.0266666666666666,1.0135135135135136,0.014713249175889401,0.01483142258382643,0.000577847633136095,1.0405405405405406,0.9983833150280519,0.9230769230769232,0.0006309439068485083,0.0300480769230769,0,0,0.0,0,0.12172809829059832,0.1233974358974359,0.1233974358974359,0.1189236111111111,0.1201923076923077,0.1201923076923077,0.001669337606837587,0.0012686965811965906,0,NON-GERMINATED
zm7_5,6,72,0.0001270278396809625,0.0,0.0016025641025641,0.00032970828377364354,0,0,0,0.7700431801994302,0.49389022435897445,0.0010557231481022322,0.00038791900502878584,0.7684294871794872,0.7732371794871795,0.4935897435897436,0.49439102564102566,0.12186164529914532,0.13494925213675213,0.0019524828415082081,0.0012510012016022387,0.11698717948717949,0.1233974358974359,0.13141025641025642,0.1362179487179487,0.006410256410256415,0.0032051282051281937,1.0547945205479452,1.024390243902439,0.016445864665516105,0.016808945595003285,0.0012378780407626567,1.0805212161710658,0.9978659640055627,0.9733333333333334,0.0008294806938456917,0.0103749999999999,0,0,0.0,0,0.11952457264957266,0.12266292735042734,0.1233974358974359,0.13474893162393162,0.13548344017094016,0.1346153846153846,0.003872863247863248,-0.00013354700854700807,0,NON-GERMINATED
zm7_5,7,72,9.364108754421249e-05,0.0,0.0024038461538461,0.00035354260409806225,0,0,0,0.5546875000000001,0.5601295405982906,0.0006369786334247737,0.00016011723835846357,0.5536858974358975,0.5584935897435898,0.5600961538461539,0.5608974358974359,0.10790598290598291,0.12555644586894588,0.0021533808088404277,0.0020369263285393356,0.10096153846153846,0.10897435897435898,0.1201923076923077,0.1266025641025641,0.008012820512820512,0.006410256410256401,1.0793650793650793,1.0533333333333332,0.013552560164639495,0.013796433267587112,0.001661632971729124,1.1369312169312167,0.9978113521127463,0.953846153846154,0.0008268934674425305,0.0177163461538461,0,0,0.0,0,0.10576923076923077,0.10897435897435898,0.10897435897435898,0.1234642094017094,0.1266025641025641,0.1266025641025641,0.0032051282051282076,0.0031383547008547036,0,NON-GERMINATED
zm7_5,8,72,0.00012767245320289167,0.0,0.0035834422716342,0.00047378221983647683,0,0,0,0.33480235042735035,0.6491497507122508,0.00040064102564102774,0.00030760939639167575,0.3333333333333333,0.33653846153846156,0.6482371794871795,0.6498397435897436,0.10817307692307693,0.14053596866096862,0.0016680016021363223,0.001213409292239942,0.10256410256410256,0.10897435897435898,0.1362179487179487,0.14102564102564102,0.0,0.0016025641025640969,1.0,1.011494252873563,0.015203991628771273,0.015368178829717291,0.00017463839579224053,1.011494252873563,0.9975678756617737,0.9195402298850576,0.0009342306129610471,0.0304901570167921,0,0,0.0,0,0.10657051282051282,0.10897435897435898,0.10897435897435898,0.13955662393162394,0.14102564102564102,0.14102564102564102,0.002403846153846159,0.0014690170940170888,0,NON-GERMINATED
zm7_5,9,72,7.138325278637777e-05,0.0,0.0011331839442092,0.00023942899457484663,0,0,0,0.7992232015669517,0.7283542556980058,0.0006916960128766159,0.00016318196112240804,0.7988782051282052,0.8012820512820513,0.7275641025641025,0.7291666666666666,0.09809027777777778,0.11887909544159544,0.0006508276138360658,0.002580277354423557,0.09775641025641026,0.09935897435897435,0.11057692307692307,0.1201923076923077,-0.0016025641025640969,0.009615384615384623,0.9838709677419355,1.0869565217391306,0.011659645461227991,0.011782955292570675,0.0007627588757396463,1.0694249649368865,0.9981864227425634,0.9709614970961498,0.0006811511544139444,0.0109000455800835,0,0,0.0,0,0.09875801282051282,0.09775641025641026,0.09775641025641026,0.11625267094017096,0.1201923076923077,0.1201923076923077,-0.0010016025641025605,0.003939636752136738,0,NON-GERMINATED
zm7_5,10,72,0.00011128917378916944,0.0,0.0032051282051282,0.00042871617441813276,0,0,0,0.5184740028490028,0.7978877314814817,0.00037509569859225136,0.00043259864061560003,0.5184294871794872,0.5216346153846154,0.7964743589743589,0.7980769230769231,0.09775641025641026,0.1395343660968661,1.249000902703301e-16,0.0029661435644239374,0.09775641025641026,0.09775641025641026,0.13141025641025642,0.14102564102564102,0.0,0.009615384615384609,1.0,1.073170731707317,0.013640378737033386,0.013786160420775805,0.0009399654832347136,1.0731707317073171,0.9981431177741081,0.9365079365079364,0.0007222467420250722,0.0243055555555555,0,0,0.0,0,0.09775641025641026,0.09775641025641026,0.09775641025641026,0.13655181623931625,0.14102564102564102,0.14102564102564102,0.0,0.00447382478632477,0,NON-GERMINATED
zm7_6,1,72,0.00012702783968096112,0.0,0.0011331839442092,0.00030145107214456045,0,0,0,0.5681201032763534,0.2117165242165242,0.0009007550755212869,0.0006967804417066633,0.5673076923076923,0.5705128205128205,0.2107371794871795,0.21314102564102563,0.10414440883190881,0.1351940883190883,0.0018015101510425783,0.002074162706058001,0.09935897435897435,0.10576923076923077,0.12980769230769232,0.13942307692307693,0.006410256410256415,0.009615384615384609,1.0645161290322582,1.074074074074074,0.014082681863631383,0.014746671597633137,0.0018491124260355037,1.1433691756272402,0.9978277093448712,0.9721254355400696,0.0008428698250876987,0.0104926671247115,1,9,0.125,1,0.10202991452991454,0.1046340811965812,0.10576923076923077,0.13341346153846154,0.13521634615384615,0.13695245726495728,0.003739316239316226,0.0035389957264957417,1,GERMINATED
zm7_6,2,72,6.48640839203389e-05,0.0,0.0011331839442092,0.000241276734971822,0,0,0,0.4242788461538462,0.2884392806267806,0.000611989275501579,0.000480995877514573,0.4230769230769231,0.4254807692307692,0.28685897435897434,0.28926282051282054,0.13221153846153846,0.12954059829059827,0.0012239785510031582,0.0018886399070153553,0.12980769230769232,0.1346153846153846,0.125,0.13141025641025642,0.004807692307692291,0.006410256410256415,1.037037037037037,1.0512820512820513,0.017128901969647163,0.01768984220907298,0.0014638806706114386,1.090218423551757,0.9988118621764763,0.9754573170731708,0.00045800989278153614,0.0093265085881262,0,0,0.0,0,0.13087606837606838,0.13247863247863248,0.13327991452991453,0.12747061965811965,0.1297409188034188,0.13141025641025642,0.0024038461538461453,0.003939636752136766,1,GERMINATED
zm7_6,3,72,0.0001780626780626667,0.0,0.000801282051282,0.0003331247673409633,0,0,0,0.7001424501424501,0.3327212428774929,0.0010102213067940122,0.0005256573040696003,0.6987179487179487,0.7035256410256411,0.3317307692307692,0.3333333333333333,0.09775641025641024,0.13548344017094013,0.0026033104553442755,0.003681031370816701,0.09294871794871795,0.10256410256410256,0.125,0.14423076923076922,0.009615384615384609,0.019230769230769218,1.103448275862069,1.1538461538461537,0.013252971135583316,0.014792899408284021,0.003174309664694277,1.2732095490716178,0.9962013736804758,0.975,0.0014452599525742221,0.00875,0,0,0.0,0,0.09501869658119659,0.09735576923076923,0.10089476495726497,0.13120993589743588,0.13641826923076925,0.1388221153846154,0.005876068376068383,0.007612179487179516,1,GERMINATED
zm7_6,4,72,0.00018728217508842224,0.0,0.0011331839442092,0.00035417314737402916,0,0,0,0.27340411324786323,0.4369212962962964,0.0023012652958454625,0.0007580745355202257,0.2692307692307692,0.2780448717948718,0.4358974358974359,0.43830128205128205,0.1452323717948718,0.10639245014245015,0.0030853405588001934,0.0023823162678525025,0.1346153846153846,0.14743589743589744,0.09935897435897435,0.10897435897435898,0.01282051282051283,0.009615384615384623,1.0952380952380953,1.0967741935483872,0.01545799490010227,0.01606673241288626,0.00269148586456279,1.2012288786482337,0.9965735228530228,0.9726836471022516,0.0013210004152495155,0.0102972930779478,0,0,0.0,0,0.1421607905982906,0.14670138888888887,0.1468349358974359,0.10376602564102565,0.10677083333333333,0.10864049145299144,0.00467414529914531,0.004874465811965795,1,GERMINATED
zm7_6,5,72,6.67735042735e-05,0.0,0.000801282051282,0.00022146265961239207,0,0,0,0.7014334045584044,0.48389645655270663,0.001030612259863821,0.00023738792075878552,0.7003205128205128,0.7043269230769231,0.4831730769230769,0.483974358974359,0.11315883190883191,0.08638265669515671,0.0020612245197276077,0.00047477584151757246,0.10737179487179487,0.11538461538461539,0.08493589743589744,0.08653846153846154,0.008012820512820526,0.0016025641025640969,1.074626865671642,1.0188679245283019,0.009775683829169405,0.009985207100591717,0.0008654873438527291,1.09490284426922,0.9987503296567846,0.9814814814814816,0.00048078739790314445,0.0070023148148148,0,0,0.0,0,0.1109107905982906,0.11344818376068377,0.11511752136752136,0.086071047008547,0.08653846153846152,0.08653846153846152,0.004206730769230754,0.00046741452991452825,1,GERMINATED
zm7_6,6,72,0.00012050867081492222,0.0,0.0011331839442092,0.00030411590094820687,0,0,0,0.41590990028490027,0.510628116096866,0.0005804133195515153,0.0009536514695015992,0.4150641025641026,0.4182692307692308,0.5096153846153846,0.5128205128205128,0.11315883190883191,0.12235131766381767,0.0022907194320278892,0.0023001078868991084,0.10416666666666667,0.11538461538461539,0.11858974358974358,0.125,0.009615384615384609,0.006410256410256415,1.0923076923076922,1.0540540540540542,0.013847583484001755,0.01422275641025641,0.00186965811965812,1.1513513513513514,0.9973105287324339,0.971830985915493,0.001019645579677857,0.0101995325266989,1,3,0.041666666666666664,1,0.11191239316239317,0.11378205128205128,0.11378205128205128,0.11945779914529915,0.12286324786324787,0.12473290598290598,0.001869658119658113,0.005275106837606833,1,GERMINATED
zm7_6,7,72,7.790242165241666e-05,0.0,0.000801282051282,0.0002373879207587713,0,0,0,0.5596064814814815,0.6141826923076923,0.0003906234146809159,0.0005172253400383817,0.5592948717948718,0.5600961538461539,0.6129807692307693,0.6153846153846154,0.10287571225071222,0.1394230769230769,0.0009495516830351487,0.002505563974264653,0.10096153846153846,0.10416666666666667,0.13141025641025642,0.14262820512820512,0.0032051282051282076,0.011217948717948706,1.0317460317460319,1.0853658536585364,0.014345103162210533,0.0148571047008547,0.0015897230440499663,1.1198219125048392,0.9984401531779095,0.976470588235294,0.000596582961805807,0.008235294117647,0,0,0.0,0,0.10209668803418803,0.10256410256410257,0.10396634615384615,0.13695245726495728,0.14009081196581197,0.14122596153846154,0.001869658119658113,0.004273504273504258,1,GERMINATED
zm7_6,8,72,0.00012702783968096112,0.0,0.0011331839442092,0.00030145107214456045,0,0,0,0.27335959757834755,0.6236200142450143,0.0007862247356294718,0.0004269793022892364,0.2724358974358974,0.27564102564102566,0.6225961538461539,0.624198717948718,0.12008101851851853,0.1258903133903134,0.002223890755080595,0.0018093306119036257,0.11217948717948718,0.1233974358974359,0.1201923076923077,0.1282051282051282,0.01121794871794872,0.008012820512820498,1.1,1.0666666666666667,0.015120703096464313,0.01582018408941486,0.002337072649572648,1.1733333333333331,0.9977971929643026,0.9729429206819866,0.0008535505582867334,0.0102065473250406,1,22,0.3055555555555556,1,0.11792200854700856,0.1201923076923077,0.12212873931623931,0.12413194444444446,0.12593482905982906,0.12760416666666666,0.004206730769230754,0.003472222222222196,1,GERMINATED
zm7_6,9,72,0.00017615325770950558,0.0,0.0011331839442092,0.00034722594874098676,0,0,0,0.7491875890313391,0.6313100961538461,0.000920341954417525,0.0006533916196174161,0.7475961538461539,0.7516025641025641,0.6306089743589743,0.6330128205128205,0.12760416666666666,0.13316862535612534,0.0035377356247194504,0.0049621994394165635,0.11858974358974358,0.13141025641025642,0.11858974358974358,0.13942307692307693,0.01282051282051283,0.020833333333333343,1.1081081081081081,1.1756756756756757,0.01700994383035649,0.018321622287968443,0.004258095003287313,1.3027757487216949,0.9963586521302786,0.9736842105263158,0.0013889713719136847,0.0096002059273723,0,0,0.0,0,0.12353098290598291,0.12867254273504272,0.13060897435897437,0.12780448717948717,0.13428151709401712,0.1374198717948718,0.007077991452991456,0.009615384615384637,1,GERMINATED
zm7_6,10,72,0.00015109164911125415,0.0,0.0025338763302631,0.00040550801500501064,0,0,0,0.43950320512820507,0.760516826923077,0.0007900747573583874,0.0008225617651412177,0.4391025641025641,0.4423076923076923,0.7580128205128205,0.7628205128205128,0.09922542735042733,0.11816684472934474,0.0008340008010681618,0.0027884545739962456,0.09615384615384616,0.10096153846153846,0.11378205128205128,0.125,0.0048076923076923045,0.009615384615384609,1.05,1.0833333333333333,0.011726989679213238,0.012620192307692308,0.001525517751479289,1.1375,0.9970301281183418,0.943608177937542,0.0011376647305026638,0.0213841573365312,1,10,0.1388888888888889,1,0.0985576923076923,0.09935897435897435,0.09975961538461538,0.11538461538461538,0.11812232905982904,0.12099358974358974,0.0012019230769230727,0.005608974358974367,1,GERMINATED
zm7_7,1,72,7.138325278637777e-05,0.0,0.0011331839442092,0.00023942899457484658,0,0,0,0.5236266915954416,0.23906027421652423,0.0007313824252425085,0.0005025294651386934,0.5208333333333334,0.5240384615384616,0.2387820512820513,0.2403846153846154,0.09857995014245013,0.09234775641025642,0.0013352845906312851,0.0011153374124258887,0.09455128205128205,0.09935897435897435,0.08814102564102565,0.09294871794871795,0.0032051282051281937,0.0048076923076923045,1.0333333333333332,1.0545454545454545,0.009104988209054714,0.009235289283366206,0.000760190664036816,1.0896969696969694,0.9983623187120693,0.966061327776124,0.0006195875650869653,0.0126151048420926,0,0,0.0,0,0.09702190170940171,0.09935897435897435,0.09935897435897435,0.09114583333333333,0.09294871794871795,0.09294871794871795,0.0023370726495726413,0.0018028846153846229,0,NON-GERMINATED
zm7_7,2,72,7.790242165241666e-05,0.0,0.000801282051282,0.00023738792075877165,0,0,0,0.7796029202279203,0.3608106303418804,0.0005323299832221049,0.0004895458833672249,0.7780448717948718,0.780448717948718,0.359775641025641,0.3613782051282051,0.10087250712250712,0.11838942307692307,0.0010646599664442143,0.0018102886901343416,0.09775641025641026,0.10256410256410256,0.11538461538461539,0.1201923076923077,0.0032051282051282076,0.0048076923076923045,1.0327868852459017,1.0416666666666667,0.011943397184783404,0.012163050624589085,0.0008552144970414201,1.0758196721311475,0.9985583677067373,0.9838709677419356,0.0005552078767160111,0.0061659946236559,1,7,0.09722222222222222,1,0.09982638888888888,0.10182959401709402,0.10096153846153848,0.11618589743589743,0.1187900641025641,0.1201923076923077,0.0011351495726495964,0.00400641025641027,1,GERMINATED
zm7_7,3,72,0.0005017629043550624,0.0,0.0017917211358171,0.0005647545480582611,0,0,0,0.26896367521367526,0.3636373753561253,0.0052509624068743325,0.00328842089729391,0.25400641025641024,0.27724358974358976,0.3605769230769231,0.375,0.12290776353276353,0.13815438034188032,0.012506843520558196,0.009382330805025063,0.10256410256410256,0.15544871794871795,0.1266025641025641,0.16987179487179488,0.05288461538461539,0.04326923076923078,1.515625,1.3417721518987342,0.017087774912794944,0.026406352728468113,0.01342147435897436,2.033623417721519,0.9902598753811641,0.9571629213483146,0.0037351895044233194,0.0160346441947565,1,31,0.4305555555555556,1,0.11037660256410257,0.12132745726495726,0.13701923076923075,0.13207799145299146,0.13541666666666666,0.1469684829059829,0.02664262820512818,0.014890491452991456,1,GERMINATED
zm7_7,4,72,0.00022718809609121113,0.0,0.0011331839442092,0.0003683083024571993,0,0,0,0.5858595975783476,0.4269497863247864,0.0006895439848050047,0.0005506284222245786,0.5841346153846154,0.5873397435897436,0.4254807692307692,0.42788461538461536,0.11643073361823363,0.1436965811965812,0.0043163560213776205,0.005765767399819149,0.11057692307692307,0.1266025641025641,0.1346153846153846,0.15544871794871795,0.016025641025641024,0.020833333333333343,1.144927536231884,1.1547619047619049,0.01675487047081599,0.01968020627876397,0.004794851249178172,1.3221187025534853,0.9961490441473302,0.9766233766233766,0.001495506810893707,0.0089183877455541,1,13,0.18055555555555555,1,0.1125133547008547,0.11491720085470085,0.1218616452991453,0.13775373931623933,0.14262820512820515,0.15070779914529914,0.009348290598290593,0.01295405982905981,1,GERMINATED
zm7_7,5,72,8.903133903133334e-05,0.0,0.000801282051282,0.0002518186542686973,0,0,0,0.4377114494301994,0.46278490028490027,0.00035315686548749935,0.0006389200540601554,0.4375,0.43830128205128205,0.46073717948717946,0.46314102564102566,0.09973735754985753,0.1428952991452991,0.000731128370088004,0.0026575519153488715,0.09775641025641026,0.10096153846153846,0.1346153846153846,0.14423076923076922,0.0032051282051282076,0.009615384615384609,1.0327868852459017,1.0714285714285714,0.014252718880122726,0.014561760355029586,0.00140224358974359,1.1065573770491803,0.9986027831056296,0.9838709677419356,0.0005468962834000027,0.0061659946236559,1,7,0.09722222222222222,1,0.09929220085470085,0.09935897435897435,0.10056089743589745,0.14022435897435898,0.14423076923076922,0.14423076923076922,0.0012686965811966044,0.004006410256410242,1,GERMINATED
zm7_7,6,72,0.00025866542787480415,0.0,0.0016025641025641,0.0004577462731099806,0,0,0,0.7357327279202279,0.5390625,0.0037835045735738434,0.0020977935459942504,0.7251602564102564,0.7379807692307693,0.5376602564102564,0.5432692307692307,0.10719373219373217,0.1251780626780627,0.0005036373085374255,0.0028336592704486315,0.10576923076923077,0.10737179487179487,0.11538461538461539,0.1282051282051282,0.0,0.011217948717948706,1.0,1.097222222222222,0.01341858512080868,0.013765614727153187,0.001204491288625903,1.097222222222222,0.9947474855228025,0.944731610337972,0.0020065125951377666,0.0203856030483764,0,0,0.0,0,0.10683760683760683,0.10737179487179487,0.10737179487179487,0.12226228632478635,0.1266693376068376,0.1266025641025641,0.0005341880341880323,0.0043402777777777485,0,NON-GERMINATED
zm7_7,7,72,0.00014928567443879448,0.0,0.0011331839442092,0.00032024586156627127,0,0,0,0.2663595085470085,0.5489338497150997,0.0009228281891750259,0.0011119453775403087,0.266025641025641,0.27003205128205127,0.5464743589743589,0.5504807692307693,0.099136396011396,0.11562945156695159,0.0006152187927833519,0.003958579533574507,0.09615384615384616,0.09935897435897435,0.10576923076923077,0.1201923076923077,0.0016025641025640969,0.014423076923076927,1.0163934426229508,1.1363636363636365,0.011464782398275987,0.011942184418145957,0.0016025641025641038,1.1549925484351715,0.9971130847210676,0.9689258624908246,0.0011074560360115847,0.0116125176919473,1,4,0.05555555555555555,1,0.09869123931623931,0.09935897435897435,0.09935897435897435,0.1109775641025641,0.11638621794871795,0.11952457264957266,0.0006677350427350404,0.008547008547008558,1,GERMINATED
zm7_7,8,72,0.0002160591787122986,0.0,0.0016025641025641,0.0004303148576197024,0,0,0,0.2722467058404558,0.6955016915954414,0.0015602329389665373,0.0015716222290422849,0.26842948717948717,0.27564102564102566,0.6931089743589743,0.6987179487179487,0.14202724358974356,0.10200765669515668,0.002729558418265181,0.002300107886899108,0.13782051282051283,0.15224358974358973,0.09775641025641026,0.10576923076923077,0.0144230769230769,0.008012820512820512,1.1046511627906974,1.0819672131147542,0.014493203370406894,0.016102687376725835,0.002629848783694934,1.1951963400686234,0.9961928934221468,0.973905723905724,0.0014729257684115778,0.0098695661967326,1,6,0.08333333333333333,1,0.13982371794871795,0.14142628205128205,0.14483173076923075,0.09949252136752136,0.10196314102564104,0.1045673076923077,0.005008012820512803,0.0050747863247863345,1,GERMINATED
zm7_7,9,72,0.00021414975835913334,0.0,0.0011331839442092,0.0003760389842279411,0,0,0,0.6398459757834757,0.7102920227920229,0.000718828136661133,0.00103349241152456,0.6386217948717948,0.6418269230769231,0.7075320512820513,0.7131410256410257,0.12704772079772078,0.12931801994301992,0.0027004542179670764,0.0033957607807235677,0.1233974358974359,0.1330128205128205,0.1233974358974359,0.13782051282051283,0.009615384615384609,0.014423076923076927,1.077922077922078,1.1168831168831168,0.01643826703922858,0.01833189513477975,0.003104967948717948,1.2039129701467364,0.9963790735797617,0.9745233399079553,0.0014065215900168418,0.0096534005959516,1,20,0.2777777777777778,1,0.12459935897435898,0.12620192307692307,0.13034188034188032,0.1265357905982906,0.1282051282051282,0.13321314102564105,0.005742521367521347,0.006677350427350459,1,GERMINATED
zm7_7,10,72,8.903133903133333e-05,0.0,0.000801282051282,0.0002518186542686973,0,0,0,0.43371616809116814,0.7496661324786325,0.0004473769418233997,0.0007284129350050526,0.4326923076923077,0.4342948717948718,0.7483974358974359,0.750801282051282,0.125,0.12112713675213677,0.0022346688742897283,0.0014568258700101133,0.1201923076923077,0.1282051282051282,0.11858974358974358,0.1233974358974359,0.008012820512820498,0.004807692307692318,1.0666666666666667,1.0405405405405406,0.015143817001789758,0.01582018408941486,0.0015666091387245232,1.10990990990991,0.9985610848687547,0.9866666666666668,0.0005614906663061986,0.0051874999999999,1,18,0.25,1,0.12232905982905984,0.12580128205128205,0.1268696581196581,0.11945779914529915,0.12146100427350426,0.12246260683760685,0.0045405982905982745,0.0030048076923076955,1,GERMINATED
zm7_8,1,72,8.903133903133333e-05,0.0,0.000801282051282,0.0002518186542686973,0,0,0,0.36243545227920226,0.28234063390313385,0.00041863076197035153,0.0005555548421629556,0.36217948717948717,0.36378205128205127,0.28125,0.2828525641025641,0.111667556980057,0.11529558404558404,0.0008372615239407079,0.002326768936141736,0.10897435897435898,0.11217948717948718,0.10737179487179487,0.11698717948717949,0.0032051282051282076,0.009615384615384623,1.0294117647058825,1.0895522388059702,0.012876407094656294,0.013123561801446417,0.0014227892833662062,1.1215978928884986,0.9984175716077934,0.9852941176470588,0.0006117203076426751,0.0056678921568627,0,0,0.0,0,0.11064369658119659,0.11217948717948718,0.11217948717948718,0.11284722222222222,0.11605235042735042,0.11698717948717947,0.0015357905982905928,0.00413995726495725,0,NON-GERMINATED
zm7_8,2,72,0.00010477000492312778,0.0,0.0011331839442092,0.00027963773623685404,0,0,0,0.5672297898860398,0.35260861823361833,0.0016635032779300702,0.0001835428074081928,0.5657051282051282,0.5721153846153846,0.3525641025641026,0.35336538461538464,0.11874554843304844,0.11471688034188035,0.003327006555860149,0.0014568258700101149,0.10897435897435898,0.12179487179487179,0.10897435897435898,0.11538461538461539,0.012820512820512817,0.006410256410256415,1.1176470588235294,1.0588235294117647,0.01362646759030974,0.014053254437869823,0.0021778435239973703,1.1833910034602075,0.9976832716401398,0.9714285714285714,0.0008789554291510624,0.0104587917859582,1,8,0.1111111111111111,1,0.11498397435897435,0.11972489316239317,0.12152777777777778,0.11338141025641026,0.11538461538461538,0.11538461538461538,0.006543803418803423,0.002003205128205121,1,GERMINATED
zm7_8,3,72,7.790242165241666e-05,0.0,0.000801282051282,0.00023738792075877165,0,0,0,0.7184606481481483,0.4293425035612535,0.0005867800180940176,0.00038535634110534037,0.717948717948718,0.7203525641025641,0.42788461538461536,0.42948717948717946,0.12976317663817663,0.0958644943019943,0.0021694253794535662,0.0007707126822106836,0.1233974358974359,0.13141025641025642,0.09294871794871795,0.09615384615384616,0.008012820512820512,0.0032051282051282076,1.0649350649350648,1.0344827586206897,0.012441095211027105,0.01263560157790927,0.0011659681130834973,1.1016569637259293,0.9986647866549829,0.9830508474576272,0.0005179612448299944,0.0064530367231638,1,5,0.06944444444444445,1,0.12747061965811965,0.13040865384615385,0.13141025641025642,0.0952857905982906,0.09615384615384616,0.09615384615384616,0.003939636752136766,0.0008680555555555525,1,GERMINATED
zm7_8,4,72,0.00013815675705987777,0.0,0.0011331839442092,0.0003111895454152354,0,0,0,0.25515268874643876,0.4421964031339031,0.0018351243935793274,0.0006164254996494916,0.2516025641025641,0.2588141025641026,0.44150641025641024,0.44310897435897434,0.10797275641025642,0.11066595441595445,0.00255403198436235,0.0012496143917039026,0.10256410256410256,0.11378205128205128,0.10737179487179487,0.11217948717948718,0.01121794871794872,0.0032051282051282076,1.109375,1.0298507462686568,0.011950352758145226,0.0125816691321499,0.00156917735042735,1.142490671641791,0.9973613063071652,0.9701357466063348,0.0010133446845810958,0.0111890582515187,1,14,0.19444444444444445,1,0.10556891025641024,0.10797275641025643,0.11037660256410257,0.10950854700854701,0.11184561965811966,0.11064369658119659,0.004807692307692332,0.0011351495726495825,1,GERMINATED
zm7_8,5,72,0.0002317978446040889,0.0,0.0011331839442092,0.0003774289305912837,0,0,0,0.4347177706552707,0.49019542378917375,0.0007432250648621771,0.0013186240888341913,0.43349358974358976,0.4358974358974359,0.4855769230769231,0.49198717948717946,0.11026531339031338,0.13931178774928774,0.0036194825579333213,0.006277143493404972,0.10416666666666667,0.1201923076923077,0.13141025641025642,0.16025641025641027,0.016025641025641024,0.028846153846153855,1.1538461538461537,1.2195121951219512,0.015382946047008548,0.019261587771203157,0.005573019395134779,1.4071294559099436,0.9953032690003124,0.963298969072165,0.0017945244488833138,0.0133661941580756,1,25,0.3472222222222222,1,0.10670405982905982,0.10997596153846152,0.1141159188034188,0.13381410256410256,0.13848824786324787,0.1456330128205128,0.007411858974358976,0.011818910256410242,1,GERMINATED
zm7_8,6,72,2.2257834757833333e-05,0.0,0.000801282051282,0.00013167912622638996,0,0,0,0.7949942129629629,0.5435474537037037,0.0002882797775772025,0.0003814800681312885,0.7948717948717948,0.7956730769230769,0.5432692307692307,0.5440705128205128,0.09270388176638177,0.10788372507122508,0.0005765595551544112,0.0017682025150880642,0.09134615384615384,0.09294871794871795,0.10416666666666667,0.10897435897435898,0.0016025641025641107,0.0048076923076923045,1.0175438596491229,1.0461538461538462,0.010002150163908976,0.010129026955950034,0.0006138025969756756,1.0645074224021593,0.9991416943342786,0.9701492537313432,0.0003148745755950903,0.0104477611940298,0,0,0.0,0,0.0922142094017094,0.09294871794871795,0.09294871794871795,0.10576923076923077,0.10890758547008546,0.10897435897435898,0.0007345085470085583,0.0032051282051282076,0,NON-GERMINATED
zm7_8,7,72,0.00014928567443879445,0.0,0.0011331839442092,0.0003202458615662716,0,0,0,0.31546029202279197,0.5827768874643875,0.0010653577229143766,0.0012066538611493723,0.3141025641025641,0.31650641025641024,0.5785256410256411,0.5841346153846154,0.10171830484330482,0.1379540598290598,0.0008000445493060612,0.004631983225433928,0.10096153846153846,0.10256410256410256,0.1330128205128205,0.15064102564102563,0.0016025641025640969,0.01762820512820512,1.0158730158730158,1.1325301204819276,0.01403516994712908,0.015450361604207756,0.0020211826101249157,1.1505067890610057,0.997632705467047,0.9729287790697676,0.0009255887749187985,0.0102114968893173,1,21,0.2916666666666667,1,0.10096153846153848,0.10162927350427352,0.10256410256410257,0.13388087606837606,0.13688568376068377,0.14309561965811968,0.0016025641025640969,0.009214743589743613,1,GERMINATED
zm7_8,8,72,0.0002586654278748,0.0,0.0011331839442092,0.00039500283552211193,0,0,0,0.6876780626780625,0.614383012820513,0.002275094789740136,0.001040895918010139,0.6818910256410257,0.6907051282051282,0.6129807692307693,0.6169871794871795,0.11992521367521368,0.11907941595441596,0.004556282614645293,0.0033957607807235633,0.11057692307692307,0.1330128205128205,0.11378205128205128,0.1282051282051282,0.02243589743589744,0.014423076923076913,1.2028985507246377,1.1267605633802815,0.014295522408503174,0.01705292570677186,0.004471256574621959,1.355378648703817,0.9954252768121408,0.9746835443037974,0.0017692856438693903,0.0095973290574068,1,14,0.19444444444444445,1,0.11471688034188034,0.12065972222222221,0.12439903846153848,0.1155849358974359,0.1187900641025641,0.12286324786324787,0.00968215811965814,0.007278311965811968,1,GERMINATED
zm7_8,9,72,0.00018537275473526113,0.0,0.0011331839442092,0.00036751540780553295,0,0,0,0.510639245014245,0.6559161324786325,0.0013167912622639763,0.0011312149002468857,0.5088141025641025,0.5128205128205128,0.6538461538461539,0.6578525641025641,0.13394764957264954,0.11916844729344728,0.0031348009065986946,0.003919149027040415,0.125,0.13782051282051283,0.11057692307692307,0.125,0.01282051282051283,0.014423076923076927,1.1025641025641026,1.1304347826086958,0.015974098443549564,0.017227564102564104,0.0034054487179487197,1.246376811594203,0.9966432676837675,0.9733928571428572,0.0012953486012592236,0.0100490695637359,3,22,0.3055555555555556,1,0.13040865384615383,0.13494925213675213,0.13648504273504272,0.11465010683760683,0.11972489316239317,0.12313034188034189,0.006076388888888895,0.008480235042735054,1,GERMINATED
zm7_8,10,72,0.00013624733670671667,0.0,0.0011331839442092,0.00032600657613505264,0,0,0,0.32926014957264954,0.7141426282051282,0.0009881576246627045,0.0007160660586781229,0.327724358974359,0.33253205128205127,0.7123397435897436,0.7147435897435898,0.09606481481481481,0.11689814814814817,0.002118122730300984,0.002489695771743151,0.09134615384615384,0.09775641025641026,0.10897435897435898,0.11858974358974358,0.006410256410256415,0.009615384615384609,1.0701754385964912,1.088235294117647,0.011234642094017092,0.011592907626561472,0.0016385190664036826,1.1646026831785348,0.9969633425100768,0.9685157421289357,0.0011513908903324984,0.0117560598186085,0,0,0.0,0,0.0934161324786325,0.09702190170940173,0.09775641025641026,0.11424946581196582,0.11785523504273503,0.11858974358974357,0.004340277777777762,0.0043402777777777485,0,NON-GERMINATED
zm7_9,1,72,0.0002317978446040889,0.0,0.0011331839442092,0.0003774289305912836,0,0,0,0.5743968126780628,0.22046385327635326,0.0013264903913690152,0.001037081353028997,0.5729166666666666,0.5785256410256411,0.2171474358974359,0.2219551282051282,0.12114939458689457,0.1221064814814815,0.0017031243711094434,0.0046079631486665934,0.11698717948717949,0.1233974358974359,0.11538461538461539,0.1330128205128205,0.0,0.016025641025641024,1.0,1.136986301369863,0.014797964492475712,0.016200279421433268,0.0019518408941485866,1.1369863013698631,0.9956347380675462,0.973153119792631,0.001678510275351418,0.0101329776363151,1,6,0.08333333333333333,1,0.11919070512820511,0.12166132478632478,0.12259615384615385,0.1173878205128205,0.12172809829059829,0.12720352564102563,0.0034054487179487475,0.009815705128205135,1,GERMINATED
zm7_9,2,72,0.00014467592592591668,0.0,0.000801282051282,0.0003082127498247274,0,0,0,0.7645009793447293,0.2328503383190883,0.0010007984862051612,0.0004560140947415376,0.7628205128205128,0.7668269230769231,0.23157051282051283,0.23317307692307693,0.12991898148148145,0.13241185897435895,0.003392476643329399,0.0022095876212305447,0.1233974358974359,0.1346153846153846,0.125,0.1346153846153846,0.011217948717948706,0.009615384615384609,1.0909090909090908,1.0769230769230769,0.017208623541255755,0.018121301775147928,0.00269662228796844,1.1748251748251748,0.9977760488917286,0.9871794871794872,0.0008724222397468195,0.0050080128205128,0,0,0.0,0,0.12566773504273504,0.13087606837606836,0.13321314102564105,0.13027510683760682,0.1330128205128205,0.13394764957264957,0.007545405982906012,0.0036725427350427498,1,GERMINATED
zm7_9,3,72,0.00011398950194888333,0.0,0.0011331839442092,0.0003066190052762001,0,0,0,0.37700320512820507,0.3280137108262108,0.0007066643459040013,0.0007105096910395436,0.3766025641025641,0.3798076923076923,0.3261217948717949,0.3293269230769231,0.1420940170940171,0.10082799145299143,0.002218649536035806,0.0008757262986514434,0.1346153846153846,0.14423076923076922,0.09775641025641026,0.10256410256410256,0.009615384615384609,0.0032051282051282076,1.0714285714285714,1.0327868852459017,0.014327696394002483,0.014561760355029586,0.00140224358974359,1.1065573770491803,0.99773547375634,0.9722960151802656,0.0008666773615477945,0.010432964250643,1,6,0.08333333333333333,1,0.13982371794871795,0.1422275641025641,0.14423076923076922,0.10089476495726497,0.10096153846153848,0.10062767094017096,0.004407051282051266,-0.00026709401709401615,1,GERMINATED
zm7_9,4,72,0.00018529960759294998,0.0,0.0017917211358171,0.0004023019933287512,0,0,0,0.6771055911680911,0.4073962784900284,0.0018455221634367121,0.0006239145428423134,0.6746794871794872,0.6842948717948718,0.4046474358974359,0.4078525641025641,0.15086360398860396,0.09363871082621082,0.0013167912622639773,0.00124782908568463,0.14743589743589744,0.15224358974358973,0.08814102564102565,0.09455128205128205,0.0032051282051281937,0.006410256410256401,1.0217391304347825,1.0727272727272725,0.014127946594893711,0.014394826594345824,0.0012481508875739622,1.0960474308300394,0.9969797380174934,0.9620253164556962,0.001177536438812729,0.0144557579787874,0,0,0.0,0,0.14937232905982903,0.1515758547008547,0.1516426282051282,0.09241452991452992,0.09395032051282053,0.09455128205128205,0.002270299145299165,0.002136752136752129,0,NON-GERMINATED
zm7_9,5,72,8.903133903133471e-05,0.0,0.0016025641025641,0.00028503936242132283,0,0,0,0.5157474180911681,0.4956708511396012,0.0005199717942585803,0.0013465070251840027,0.5152243589743589,0.5168269230769231,0.49198717948717946,0.4967948717948718,0.10841791310541311,0.10467859686609685,0.0010399435885170675,0.0008372615239407044,0.10737179487179487,0.11057692307692307,0.10256410256410256,0.10576923076923077,0.0032051282051282076,0.0032051282051282076,1.0298507462686568,1.03125,0.01134960523732559,0.011695636094674555,0.0006831443129520047,1.0620335820895521,0.9983285996233566,0.9696969696969696,0.0006428605021955347,0.0116477272727272,0,0,0.0,0,0.10737179487179487,0.10844017094017094,0.10944177350427349,0.10409989316239317,0.10416666666666667,0.10576923076923077,0.002069978632478625,0.001669337606837601,1,GERMINATED
zm7_9,6,72,0.00024292676198300555,0.0,0.0011331839442092,0.00038221306684722297,0,0,0,0.2522146545584045,0.49376780626780625,0.0009395205798942235,0.0021501575277303054,0.25080128205128205,0.25400641025641024,0.48878205128205127,0.49599358974358976,0.1444756054131054,0.1264690170940171,0.0023232531313497947,0.006083355755304686,0.1330128205128205,0.14583333333333334,0.11698717948717949,0.14102564102564102,0.01282051282051283,0.024038461538461536,1.0963855421686748,1.2054794520547945,0.0182779270194134,0.020566239316239316,0.005005444608809993,1.3216702426142928,0.9955020958130734,0.963275039745628,0.0017321688607132904,0.0133745694223635,1,26,0.3611111111111111,1,0.1424946581196581,0.14569978632478633,0.1452323717948718,0.1218616452991453,0.12353098290598291,0.13401442307692307,0.0027377136752136932,0.012152777777777776,1,GERMINATED
zm7_9,7,72,0.00018919159544158334,0.0,0.000801282051282,0.00034029747265446243,0,0,0,0.8048989494301995,0.600471866096866,0.0012018715530530708,0.0006881955499350178,0.8036858974358975,0.8084935897435898,0.5985576923076923,0.6009615384615384,0.13499376780626776,0.09860220797720798,0.0048261535355968764,0.0009241693149940627,0.1233974358974359,0.14583333333333334,0.09615384615384616,0.09935897435897435,0.02243589743589744,0.0016025641025640969,1.1818181818181819,1.0163934426229508,0.013313823485097524,0.014489850427350428,0.002426960059171597,1.2011922503725783,0.9970142362074361,0.9836065573770492,0.0011679918644343402,0.0062585382513661,1,15,0.20833333333333334,1,0.1300747863247863,0.13508279914529916,0.13982371794871795,0.09755608974358976,0.09889155982905984,0.09935897435897435,0.009748931623931645,0.001802884615384595,1,GERMINATED
zm7_9,8,72,0.0001558048433048361,0.0,0.0016025641025641,0.0003691044326873316,0,0,0,0.4121928418803419,0.6200921474358974,0.0014491542744531777,0.0006395981590767879,0.4110576923076923,0.41907051282051283,0.6185897435897436,0.6209935897435898,0.13746438746438744,0.10325409544159542,0.0018928322316122959,0.0020134423050934967,0.12980769230769232,0.13942307692307693,0.09935897435897435,0.10576923076923077,0.009615384615384609,0.006410256410256415,1.074074074074074,1.0645161290322582,0.014196253892267518,0.014746671597633137,0.0018491124260355037,1.1433691756272402,0.9974862674383886,0.975609756097561,0.000981079544712114,0.0095782520325203,0,0,0.0,0,0.13608440170940173,0.13782051282051283,0.13848824786324787,0.10096153846153848,0.10329861111111112,0.10550213675213675,0.0024038461538461453,0.0045405982905982745,1,GERMINATED
zm7_9,9,72,0.00017417069021403192,0.0,0.0017917211358171,0.0003729546940889363,0,0,0,0.5591168091168092,0.7217325498575499,0.0012963158634758708,0.0008980698451670205,0.5568910256410257,0.5608974358974359,0.717948717948718,0.7227564102564102,0.12246260683760683,0.1333244301994302,0.001551676020115151,0.0030991986872061002,0.1201923076923077,0.1266025641025641,0.1282051282051282,0.14423076923076922,0.0048076923076923045,0.016025641025641024,1.0394736842105263,1.125,0.01633036647810286,0.01825998520710059,0.0026452580539119003,1.169407894736842,0.9971256770292231,0.9647435897435898,0.0011192239884110665,0.0135043623280247,1,19,0.2638888888888889,1,0.12112713675213675,0.12212873931623931,0.12413194444444446,0.13034188034188032,0.13327991452991453,0.13635149572649571,0.0030048076923077094,0.006009615384615391,1,GERMINATED
zm7_9,10,72,0.00010016025641025001,0.0,0.000801282051282,0.0002649991297139848,0,0,0,0.3913706374643875,0.7553196225071226,0.0009040490255371358,0.0007935160020466432,0.391025641025641,0.39503205128205127,0.7524038461538461,0.7556089743589743,0.08905359686609687,0.1420495014245014,0.0018080980510742774,0.00158703200409329,0.08173076923076923,0.08974358974358974,0.1362179487179487,0.14262820512820512,0.008012820512820512,0.006410256410256415,1.0980392156862746,1.0470588235294118,0.0126528299980824,0.012799967126890204,0.001666769395134781,1.1497116493656288,0.9980780843807406,0.9807692307692308,0.0007377746334074376,0.0072516025641025,1,16,0.2222222222222222,1,0.08767361111111112,0.08974358974358974,0.08974358974358974,0.14089209401709402,0.14262820512820512,0.14262820512820512,0.002069978632478625,0.001736111111111105,1,GERMINATED
