group,track_id,mean_movement,median_movement,max_movement,movement_std,std_center_x,std_center_y,range_center_x,range_center_y,max_center_x,max_center_y,mean_width,std_width,min_width,max_width,width_change,mean_height,std_height,min_height,max_height,height_change,mean_area,std_area,min_area,max_area,area_change,mean_iou,std_iou,min_iou,class_transition_count,pg_el_count,observed_pg_el,first_pg_el_frame,last_pg_el_frame,longest_pg_el_run,early_mean_width,early_mean_height,early_mean_area,early_pg_el_count,middle_mean_width,middle_mean_height,middle_mean_area,middle_pg_el_count,late_mean_width,late_mean_height,late_mean_area,late_pg_el_count,germination_target,final_label
pg1_10,0,0.1216965953788382,0.0,2.1213203435596424,0.3397032116517779,0.4110158140051458,0.9546803669499248,2.0,3.5,263.0,230.0,41.34020618556701,2.662789011227186,38.0,45.0,7.0,37.1958762886598,0.4898805925986276,36.0,38.0,1.0,1537.5154639175255,98.29202371411276,1368.0,1710.0,297.0,0.9929870065472898,0.0234172778942198,0.820572764465225,1,43,1,55,97,43,38.96875,37.125,1446.75,0,40.65625,37.46875,1523.40625,10,44.30303030303031,37.0,1639.2121212121212,33,1,GERMINATED
pg1_10,1,0.015625,0.0,0.5,0.086996318169219,0.0,0.38903014977553,0.0,1.5,330.5,269.0,41.0,0.0,41.0,41.0,0.0,31.082474226804123,0.2750858569922956,31.0,32.0,-1.0,1274.381443298969,11.27852013668412,1271.0,1312.0,-41.0,0.9990234375,0.0054372698855761,0.96875,0,0,0,0,0,0,41.0,31.25,1281.25,0,41.0,31.0,1271.0,0,41.0,31.0,1271.0,0,0,NON-GERMINATED
pg1_10,2,0.0723247370696493,0.0,2.23606797749979,0.2794681837725708,0.8430632594740272,0.4812898494943278,5.0,2.0,276.5,332.0,37.27835051546392,1.1098645597803525,36.0,41.0,4.0,36.50515463917526,1.741688429178465,31.0,38.0,-6.0,1359.0824742268042,35.313228765392786,1209.0,1406.0,-94.0,0.9947544106548464,0.0257033371057433,0.7633378932968536,1,52,1,46,97,52,36.75,37.3125,1371.1875,0,37.0,37.0,1369.0,19,38.06060606060606,35.24242424242424,1337.7272727272727,33,1,GERMINATED
pg1_10,3,0.609044876483964,0.5,3.1622776601683795,0.7404965710669876,11.508463571022135,2.836841047224645,44.0,10.0,198.5,209.5,60.95876288659794,28.45322351450636,38.0,141.0,102.0,45.54639175257732,10.57620419753577,38.0,88.0,49.0,3062.9278350515465,2443.0514646052275,1444.0,12408.0,10887.0,0.9753259754455031,0.0287440489353642,0.8513289036544851,1,82,1,16,97,82,39.65625,39.4375,1563.6875,17,47.0625,40.9375,1931.3125,32,95.0909090909091,55.93939393939394,5614.060606060606,33,1,GERMINATED
pg1_10,4,0.9256328316522624,0.8535533905932737,2.692582403567252,0.7637460491773956,11.83416920810238,10.911461668756903,32.5,36.5,384.5,138.0,59.83505154639175,30.249028411549084,34.0,112.0,66.0,62.30927835051546,36.84080011464829,36.0,151.0,115.0,4774.742268041237,5075.120091572564,1224.0,16240.0,13991.0,0.9616970731835132,0.0319973868917045,0.8704819277108434,1,73,1,25,97,73,34.84375,36.1875,1261.09375,8,43.8125,43.125,1941.59375,32,99.6060606060606,106.24242424242424,10929.212121212122,33,1,GERMINATED
pg1_10,5,0.4938977377153647,0.25,1.8027756377319943,0.5735692559284462,4.116165776980037,8.728248703668793,18.0,31.5,461.0,195.5,45.81443298969072,10.20847626069127,37.0,82.0,45.0,63.608247422680414,24.412079442392216,43.0,132.0,89.0,3153.01030927835,2134.839444431821,1591.0,10824.0,9233.0,0.9760964392231476,0.0255685243482119,0.9131884251233496,1,77,1,21,97,77,37.5625,44.40625,1668.84375,12,43.6875,53.21875,2339.84375,32,55.87878787878788,92.3030303030303,5380.727272727273,33,1,GERMINATED
pg1_10,6,1.0495111792467835,0.5,11.672617529928752,1.7365810619248458,8.789002925852937,4.996991336265186,32.5,23.0,461.5,296.0,50.08247422680412,19.55361126405633,37.0,108.0,64.0,81.11340206185567,52.71746835603237,39.0,216.0,175.0,4972.2474226804125,5550.396042395697,1521.0,23328.0,21524.0,0.9558599642421348,0.0587892436767162,0.6050903119868637,1,87,1,11,97,87,40.90625,41.84375,1710.75,22,39.25,53.125,2078.59375,32,69.48484848484848,146.33333333333334,10940.878787878788,33,1,GERMINATED
pg1_10,7,0.0281990289706932,0.0,1.0,0.1415561658792839,0.3205837485663136,0.3192548982928251,2.0,1.0,463.5,384.0,35.04123711340206,0.1988381600204732,35.0,36.0,0.0,35.98969072164948,0.1010098863003372,35.0,36.0,0.0,1261.1237113402062,8.050430906004074,1225.0,1296.0,0.0,0.9982719264403292,0.0087465659958005,0.9444444444444444,0,0,0,0,0,0,35.125,35.96875,1263.40625,0,35.0,36.0,1260.0,0,35.0,36.0,1260.0,0,0,NON-GERMINATED
pg1_10,8,1.4471862609157222,1.4142135623730951,5.830951894845301,1.325599647788415,29.218099032707983,12.027881927877132,95.5,33.0,412.0,453.5,100.75257731958764,81.98126903591373,30.0,276.0,246.0,64.78350515463917,29.193003964946744,33.0,112.0,75.0,8862.690721649484,9806.514934576851,990.0,29808.0,28818.0,0.9552256062371052,0.0614160652523618,0.6575963718820862,1,73,1,25,97,73,31.6875,36.59375,1163.71875,8,62.53125,54.0625,3678.8125,32,204.7878787878788,102.51515151515152,21355.15151515152,33,1,GERMINATED
pg1_10,9,0.7046255354505861,0.25,2.23606797749979,0.8170467274219847,17.543640074011005,1.4485728387659114,56.0,8.5,207.5,405.0,66.38144329896907,36.28536477542923,41.0,157.0,116.0,39.824742268041234,6.1894661250349925,34.0,56.0,21.0,2858.103092783505,2099.926996691488,1435.0,8792.0,7357.0,0.9756498731440316,0.0322765252456734,0.8439108061749572,1,46,1,52,97,46,42.71875,36.25,1548.5625,0,45.71875,35.28125,1612.78125,13,109.36363636363636,47.696969696969695,5335.545454545455,33,1,GERMINATED
pg1_11,0,0.015625,0.0,1.5,0.15229366163764,0.1515148294505059,0.0,1.5,0.0,222.5,253.5,34.96907216494845,0.3030296589010116,32.0,35.0,3.0,39.0,0.0,39.0,39.0,0.0,1363.7938144329896,11.818156697139456,1248.0,1365.0,117.0,0.9991071428571427,0.0087024949507222,0.9142857142857144,0,0,0,0,0,0,34.90625,39.0,1361.34375,0,35.0,39.0,1365.0,0,35.0,39.0,1365.0,0,0,NON-GERMINATED
pg1_11,1,0.1937160693059267,0.0,1.118033988749895,0.3086852514984501,1.566331920437831,1.6815504336724971,7.0,6.5,185.5,200.0,37.2680412371134,3.362974456366832,34.0,46.0,11.0,37.37113402061856,3.899033947570412,34.0,46.0,12.0,1405.59793814433,285.50507460396346,1190.0,2116.0,926.0,0.9888498184057144,0.018937111730449,0.9181890389197775,1,50,1,48,97,50,35.1875,34.46875,1212.84375,0,35.21875,35.25,1241.8125,17,41.27272727272727,42.24242424242424,1751.3333333333333,33,1,GERMINATED
pg1_11,2,0.0860064222706556,0.0,2.549509756796392,0.3025908601751464,0.4313296602365367,0.9409158110601762,1.0,5.5,446.5,182.0,32.96907216494845,0.1731222229252234,32.0,33.0,1.0,37.03092783505155,0.5459052492731433,34.0,38.0,-1.0,1220.9072164948454,20.859412804807747,1088.0,1254.0,4.0,0.9948769486547896,0.0186094562161857,0.8427773343974462,1,4,1,94,97,4,32.9375,37.34375,1230.03125,0,33.0,37.0,1221.0,0,32.96969696969697,36.75757575757576,1211.969696969697,4,1,GERMINATED
pg1_11,3,0.2859462981210276,0.0,2.23606797749979,0.3939719295299438,2.052193857318487,1.6984360088570836,10.0,7.0,470.5,293.5,35.4639175257732,2.6008002561864387,34.0,46.0,11.0,40.96907216494845,4.284841678672278,35.0,53.0,16.0,1462.0,262.37908358928814,1190.0,2392.0,1127.0,0.9834460844860828,0.0245294540136631,0.8435321456235476,1,76,1,22,97,76,34.0,36.09375,1227.1875,11,34.4375,41.0,1411.90625,32,37.87878787878788,45.66666666666666,1738.2727272727273,33,1,GERMINATED
pg1_11,4,0.4076826533871545,0.0,3.605551275463989,0.5686635098725278,4.81097692681314,1.879161163581206,16.0,6.0,335.0,213.0,42.29896907216495,13.554141109093894,34.0,94.0,60.0,48.64948453608248,6.553571839692329,40.0,62.0,22.0,2133.577319587629,1014.9864133472,1360.0,5828.0,4468.0,0.9776344150631416,0.0325087274778948,0.7761194029850746,1,77,1,21,97,77,34.0,41.84375,1422.6875,12,35.40625,47.53125,1683.09375,32,57.03030303030303,56.333333333333336,3259.757575757576,33,1,GERMINATED
pg1_11,5,0.3180503620307927,0.0,1.8027756377319943,0.4087458059463709,1.7118214451919158,3.7336884412239377,10.0,12.5,188.5,360.5,41.68041237113402,6.045440288643855,37.0,69.0,30.0,50.402061855670105,14.43910768712172,35.0,84.0,49.0,2172.721649484536,988.199933256424,1365.0,5796.0,4431.0,0.9832360162940608,0.022901102221335,0.8780487804878049,1,75,1,23,97,75,38.5625,37.34375,1439.59375,10,39.0625,44.5,1739.78125,32,47.24242424242424,68.78787878787878,3303.454545454545,33,1,GERMINATED
pg1_11,6,0.4563205502110595,0.5,2.9154759474226504,0.515489950230273,5.773490419585007,5.348787039817692,18.0,15.0,421.0,330.5,55.329896907216494,16.032648165723177,41.0,91.0,49.0,41.608247422680414,7.361864259960312,34.0,55.0,21.0,2409.278350515464,1130.529743014565,1428.0,5005.0,3577.0,0.9767619787480842,0.0284841032834687,0.8516129032258064,1,68,1,30,97,68,41.96875,34.09375,1430.84375,3,47.625,40.40625,1932.0,32,75.75757575757575,50.06060606060606,3820.878787878788,33,1,GERMINATED
pg1_11,7,0.9013793268720984,0.5,7.5,1.37216172847358,11.872225106646551,3.440589402454819,48.0,16.0,319.5,355.5,75.65979381443299,41.046839374523096,43.0,185.0,138.0,41.07216494845361,15.377884389690571,31.0,96.0,61.0,3666.061855670103,3789.151350228276,1462.0,17760.0,16115.0,0.962265046338968,0.0513625942433049,0.7006020799124247,1,83,1,15,97,83,44.71875,34.625,1549.21875,18,55.0,33.25,1826.40625,32,125.6969696969697,54.90909090909091,7502.666666666667,33,1,GERMINATED
pg1_11,8,0.3274142275231662,0.0,1.8027756377319943,0.4473159848273645,2.231417043375981,3.7980912133207134,12.0,14.0,309.0,409.0,40.597938144329895,3.770913624466117,38.0,52.0,14.0,40.31958762886598,11.683582976559729,32.0,74.0,42.0,1680.2371134020618,695.4402858620681,1216.0,3848.0,2632.0,0.9800958326355002,0.0281575838517714,0.8718703976435935,1,58,1,40,97,58,38.0,32.0,1216.0,0,39.4375,35.5625,1404.59375,25,44.24242424242424,53.0,2397.696969696969,33,1,GERMINATED
pg1_11,9,0.4754241898267428,0.5,1.5811388300841898,0.4738065776885316,1.9496805170071527,9.35802276516434,7.0,33.0,395.5,459.5,38.597938144329895,5.502876087400777,33.0,50.0,17.0,53.628865979381445,24.65360833364229,35.0,115.0,80.0,2200.6494845360826,1396.9556815117585,1155.0,5750.0,4595.0,0.9782371897931682,0.0254699202874659,0.8671171171171171,1,74,1,24,97,74,34.0625,35.3125,1203.71875,9,36.6875,40.71875,1493.5625,32,44.84848484848485,83.9090909090909,3853.030303030303,33,1,GERMINATED
pg1_12,0,0.1073205795597082,0.0,2.5,0.3445150599557321,1.5608601502200672,1.159759449662706,4.0,4.5,332.0,401.5,40.98969072164948,1.7140706078446122,37.0,43.0,5.0,40.90721649484536,2.201604261502053,35.0,44.0,9.0,1680.40206185567,155.20180808502894,1295.0,1848.0,553.0,0.9936001903314798,0.0246542049644786,0.8013318534961155,1,69,1,29,97,69,38.8125,38.125,1481.71875,4,42.125,42.09375,1773.1875,32,42.0,42.45454545454545,1783.090909090909,33,1,GERMINATED
pg1_12,1,0.8041226866890065,0.5,5.656854249492381,1.1566164899187863,7.53259470534588,3.310691158740104,29.0,15.5,230.5,437.5,55.58762886597938,22.822828405777823,35.0,95.0,56.0,51.09278350515464,13.297610415693605,39.0,82.0,42.0,3119.701030927835,2050.788061576352,1365.0,7695.0,6174.0,0.963457770007567,0.0569719012229565,0.7470564352415753,1,82,1,16,97,82,36.875,39.46875,1454.53125,17,43.21875,45.90625,2025.96875,32,85.72727272727273,67.39393939393939,5795.0,33,1,GERMINATED
pg1_12,2,0.8414186744570299,0.5,4.716990566028302,0.9439136335535724,4.881761711384348,8.644927716020502,15.0,33.0,133.0,369.5,46.134020618556704,7.055930993507652,41.0,64.0,22.0,75.87628865979381,45.36774314625664,37.0,187.0,150.0,3805.185567010309,3040.0868589391957,1554.0,11968.0,10414.0,0.9699708506526732,0.0368598553032741,0.7362244897959184,1,77,1,21,97,77,41.4375,41.84375,1734.5625,12,43.46875,52.15625,2267.5625,32,53.27272727272727,131.87878787878788,7304.090909090909,33,1,GERMINATED
pg1_12,3,0.5013251172939167,0.25,5.220153254455275,0.7847678808222471,3.718921237765998,1.99451900684292,13.5,12.5,238.5,320.0,54.74226804123711,20.892102957577286,39.0,115.0,73.0,41.381443298969074,4.3064164521277,37.0,54.0,14.0,2353.381443298969,1240.196313386765,1554.0,6095.0,4457.0,0.9732063255479224,0.0340242813376349,0.841025641025641,1,62,1,36,97,62,42.8125,38.90625,1665.75,0,42.71875,39.09375,1669.78125,29,77.96969696969697,46.0,3683.060606060606,33,1,GERMINATED
pg1_12,4,1.3035599630047874,1.118033988749895,6.519202405202649,1.3554297311864936,10.011416057812353,9.753304717756924,53.0,51.5,452.0,343.0,59.51546391752577,31.543167411529726,39.0,158.0,119.0,84.54639175257732,53.39659447393196,41.0,220.0,177.0,6659.731958762886,8203.138692133683,1599.0,34760.0,33083.0,0.9564348965803924,0.0395834734801865,0.7745327102803738,1,72,1,26,97,72,39.15625,42.0,1644.5625,7,44.5,59.625,2691.28125,32,93.8181818181818,149.96969696969697,15371.121212121212,33,1,GERMINATED
pg1_12,5,0.5329630651786114,0.5,4.0,0.7376146494989232,4.003538927643753,5.220415380160643,11.0,23.0,364.5,271.5,48.79381443298969,12.173097043713566,40.0,101.0,60.0,64.28865979381443,32.84325748340705,39.0,147.0,108.0,3495.8041237113403,2953.8606282485666,1560.0,14847.0,13248.0,0.9731209783122527,0.0325557488470185,0.84,1,84,1,14,97,84,40.9375,39.53125,1618.59375,19,44.90625,47.59375,2151.09375,32,60.18181818181818,104.48484848484848,6620.090909090909,33,1,GERMINATED
pg1_12,6,1.1798874427084545,0.6035533905932737,4.924428900898052,1.303461336546749,8.132942580750688,20.337456249177635,32.5,73.0,399.5,274.5,57.0,25.883163337001463,33.0,113.0,77.0,72.35051546391753,42.75488547164008,38.0,189.0,148.0,5200.938144329897,5521.484267082339,1254.0,21357.0,19881.0,0.9587156201482192,0.0486358262351466,0.7464702271332105,1,69,1,29,97,69,36.46875,42.21875,1541.0625,4,43.40625,50.40625,2252.6875,32,90.0909090909091,122.84848484848484,11608.818181818182,33,1,GERMINATED
pg1_12,7,0.4804381811388922,0.0,2.549509756796392,0.6381222354982518,5.818156115883963,5.7529329602219565,24.0,24.0,329.0,210.5,45.55670103092783,7.290679082769799,36.0,60.0,22.0,51.0,14.628738838327791,41.0,91.0,49.0,2416.5670103092784,1114.7229132590169,1512.0,5278.0,3766.0,0.978150723798628,0.0294564162990157,0.880690737833595,1,71,1,27,97,71,37.71875,41.25,1556.5625,6,44.5625,44.03125,1963.625,32,54.121212121212125,67.21212121212122,3689.727272727273,33,1,GERMINATED
pg1_12,8,0.1279199130095653,0.0,3.1622776601683795,0.391033667590092,1.5653647083697062,1.1109891762429476,7.0,4.0,239.5,250.5,43.628865979381445,3.5531881651099835,37.0,48.0,11.0,46.77319587628866,3.944211874652266,39.0,51.0,12.0,2054.061855670103,327.66826367415706,1443.0,2448.0,1005.0,0.992377323255209,0.0280137761333298,0.8100303951367781,1,66,1,32,97,66,39.15625,41.5,1626.34375,1,44.375,48.5,2153.59375,32,47.24242424242424,50.21212121212121,2372.3030303030305,33,1,GERMINATED
pg1_12,9,1.1176025970489636,0.7071067811865476,8.246211251235321,1.3543624951994002,8.589704703256608,8.816422275071893,33.0,35.0,237.0,142.5,70.91752577319588,35.360491116817535,42.0,140.0,98.0,79.83505154639175,33.569340581238684,43.0,129.0,84.0,6782.505154639175,5756.625153437552,1806.0,17780.0,15974.0,0.9644451181460694,0.0445217750315234,0.6701244813278008,1,80,1,18,97,80,42.09375,46.03125,1938.0625,15,52.03125,70.96875,3899.28125,32,117.1818181818182,121.21212121212122,14276.0,33,1,GERMINATED
pg1_3,0,0.0,0.0,0.0,0.0,0.0,0.0,0.0,0.0,307.0,131.0,38.0,0.0,38.0,38.0,0.0,36.0,0.0,36.0,36.0,0.0,1368.0,0.0,1368.0,1368.0,0.0,1.0,0.0,1.0,0,0,0,0,0,0,38.0,36.0,1368.0,0,38.0,36.0,1368.0,0,38.0,36.0,1368.0,0,0,NON-GERMINATED
pg1_3,1,0.015625,0.0,1.5,0.15229366163764,0.0,0.1515148294505059,0.0,1.5,177.5,213.0,35.0,0.0,35.0,35.0,0.0,37.01030927835052,0.1010098863003372,37.0,38.0,-1.0,1295.360824742268,3.5353460205118044,1295.0,1330.0,-35.0,0.999198717948718,0.0078099313660328,0.9230769230769232,0,0,0,0,0,0,35.0,37.03125,1296.09375,0,35.0,37.0,1295.0,0,35.0,37.0,1295.0,0,0,NON-GERMINATED
pg1_3,2,0.0481387535787462,0.0,2.1213203435596424,0.2399551911028767,0.4224917859226014,0.5513777562797557,1.5,3.0,210.0,392.0,33.69072164948454,0.4621961189991731,33.0,34.0,1.0,33.8041237113402,0.3968737434004156,33.0,34.0,0.0,1138.979381443299,25.117858017155147,1089.0,1156.0,34.0,0.9967946399871424,0.0174251941713021,0.839344262295082,0,0,0,0,0,0,33.875,33.875,1147.5,0,33.1875,33.53125,1112.90625,0,34.0,34.0,1156.0,0,0,NON-GERMINATED
pg1_3,3,0.1457365081761934,0.0,3.1622776601683795,0.394771077357427,0.6269194142478669,1.7454829120440123,3.0,7.0,215.5,295.0,44.05154639175258,3.695556356481427,37.0,50.0,13.0,35.608247422680414,2.7075941351387374,32.0,39.0,7.0,1578.360824742268,246.61431909527263,1184.0,1950.0,766.0,0.9913164583652924,0.0274690745706832,0.789551140544518,1,69,1,29,97,69,39.5,32.25,1274.875,4,44.59375,36.125,1612.65625,32,47.93939393939394,38.36363636363637,1839.3939393939395,33,1,GERMINATED
pg1_3,4,0.9682532946249396,0.5,3.2015621187164243,1.0631057759138005,2.6407151596419567,19.31295339887558,11.0,71.0,386.5,243.5,52.30927835051546,20.05475022770707,33.0,101.0,68.0,83.18556701030928,59.85848085136424,37.0,233.0,196.0,5492.628865979382,5784.439317062199,1221.0,23533.0,22312.0,0.9643141045523376,0.0320386929392894,0.8303378864126527,1,67,1,31,97,67,33.0625,37.96875,1255.34375,2,45.625,52.40625,2531.1875,32,77.45454545454545,156.87878787878788,12473.212121212122,33,1,GERMINATED
pg1_3,5,0.3625973447994617,0.0,8.246211251235321,0.9235248591913378,6.243215043900641,4.109434047153598,17.5,14.5,358.0,258.5,49.65979381443299,13.319148759167296,37.0,74.0,37.0,49.381443298969074,19.530279583183145,33.0,84.0,49.0,2706.505154639175,1808.8692892643,1295.0,6216.0,4921.0,0.9773816966235768,0.0494982100287501,0.5831240582621798,1,64,1,34,97,64,37.0,35.0,1295.0,0,44.59375,37.21875,1684.65625,31,66.84848484848484,75.12121212121212,5066.121212121212,33,1,GERMINATED
pg1_3,6,1.2505494832755062,1.0,6.020797289396148,1.0624661515609322,10.161604707144113,24.73565096224232,34.0,88.0,328.0,312.0,51.50515463917526,17.721280649622496,39.0,104.0,62.0,87.3298969072165,56.05919582077365,38.0,226.0,186.0,5398.8247422680415,5745.265959785166,1596.0,23504.0,21824.0,0.9583338175443852,0.0374252758890653,0.7247292418772563,1,71,1,27,97,71,43.15625,39.625,1709.3125,6,40.875,63.75,2596.1875,32,69.9090909090909,156.45454545454547,11694.242424242424,33,1,GERMINATED
pg1_3,7,1.063673350566731,0.5,8.5,1.249522843579691,17.19286606201847,14.59958163909366,52.0,64.0,414.0,382.5,72.41237113402062,36.23342211112384,40.0,154.0,114.0,67.52577319587628,46.64586760484099,33.0,195.0,162.0,6556.041237113402,7772.749553868662,1320.0,30030.0,28710.0,0.9642441416635992,0.0473943665512126,0.6190975865687304,1,80,1,18,97,80,43.0,34.90625,1502.625,15,54.65625,42.03125,2384.0625,32,118.15151515151516,123.87878787878788,15501.878787878788,33,1,GERMINATED
pg1_3,8,1.116644172676749,0.7071067811865476,4.924428900898052,1.1077292651909092,19.53189847207037,7.362914456898624,71.0,38.0,349.0,448.5,80.97938144329896,55.32918906421804,35.0,204.0,168.0,47.70103092783505,12.12917157356178,36.0,99.0,58.0,4424.051546391753,4396.102599975109,1260.0,20196.0,18720.0,0.963425755870946,0.0380120170372661,0.7674418604651163,1,77,1,21,97,77,35.875,40.03125,1436.59375,12,53.9375,44.15625,2414.53125,32,150.93939393939394,58.57575757575758,9269.60606060606,33,1,GERMINATED
pg1_3,9,1.017710007026562,1.0,5.70087712549569,1.0436792330970253,15.029165325935546,8.977007983454087,51.5,24.5,293.5,561.0,64.14432989690722,43.950297535021775,34.0,172.0,138.0,63.98969072164948,28.629339303876925,35.0,111.0,76.0,5103.123711340206,5289.975059395403,1190.0,19092.0,17902.0,0.962285819819742,0.047195960888534,0.66,1,86,1,12,97,86,35.3125,35.65625,1259.5625,21,38.75,56.625,2245.53125,32,116.72727272727272,98.6060606060606,11601.212121212122,33,1,GERMINATED
pg1_4,0,0.8982689960433682,0.5,7.106335201775948,1.1424062225906797,15.646290575007628,5.635866648454189,48.0,25.5,327.0,436.5,72.10309278350516,48.52345262192516,34.0,171.0,132.0,54.75257731958763,20.074619010306776,39.0,110.0,71.0,4883.6082474226805,5160.499793098645,1428.0,18810.0,17289.0,0.965944216302768,0.0472285947382315,0.647736976942784,1,70,1,28,97,70,37.40625,39.46875,1474.78125,5,43.21875,45.75,2032.875,32,133.75757575757575,78.3030303030303,10953.484848484848,33,1,GERMINATED
pg1_4,1,0.0810449130095653,0.0,3.1622776601683795,0.3589545775469909,1.1239950459982606,0.6044789779080021,3.5,4.0,203.0,416.5,45.78350515463917,3.120358174404241,42.0,49.0,7.0,35.04123711340206,1.7463807981739958,33.0,37.0,-1.0,1600.1958762886595,73.62381942767378,1485.0,1764.0,210.0,0.9946016616905786,0.0254904754943111,0.8133022170361727,1,60,1,38,97,60,42.0,37.0,1554.0,0,46.25,33.625,1552.5,27,49.0,34.51515151515152,1691.2424242424242,33,1,GERMINATED
pg1_4,2,1.0637543366102054,0.5,8.0,1.5782339955394178,7.657368738228426,10.138644580685725,37.5,24.5,440.0,419.0,65.77319587628865,45.843414608668176,34.0,187.0,152.0,61.24742268041237,25.04389174980559,37.0,96.0,59.0,5015.6082474226805,5175.001484250399,1258.0,17952.0,16657.0,0.9609906217171736,0.05504380126907,0.693732755222704,3,62,1,35,97,61,35.28125,38.03125,1342.15625,0,39.1875,51.53125,2085.625,29,121.12121212121212,93.1818181818182,11418.939393939394,33,1,GERMINATED
pg1_4,3,1.043341878039013,1.0,3.8078865529319534,0.9986867504528264,14.993956695252429,4.735248053814185,55.0,21.0,314.5,359.5,55.90721649484536,26.793245215152933,36.0,147.0,111.0,87.1340206185567,49.71581690815244,36.0,156.0,120.0,5909.79381443299,5764.127362068547,1296.0,22932.0,21636.0,0.9637213749071964,0.0353953550951455,0.84,1,69,1,29,97,69,36.3125,37.59375,1366.5,4,46.6875,71.84375,3429.375,32,83.84848484848484,150.0,12720.666666666666,33,1,GERMINATED
pg1_4,4,1.0561116861170987,1.0,3.3541019662496847,1.0404541186970069,17.541984618613018,8.604326534675165,47.5,35.0,180.0,351.5,95.03092783505154,68.99013131402745,38.0,233.0,195.0,53.50515463917526,25.603690017297502,36.0,124.0,85.0,6751.546391752578,8171.888440307876,1368.0,28304.0,26825.0,0.9656340761101756,0.034276388469683,0.8560975609756097,1,67,1,31,97,67,39.0625,36.3125,1418.90625,2,60.96875,41.09375,2558.0625,32,182.33333333333331,82.21212121212122,15989.0,33,1,GERMINATED
pg1_4,5,0.0364583333333333,0.0,1.0,0.1486885669127103,0.0,0.6076355475584072,0.0,3.5,268.0,244.0,44.0,0.0,44.0,44.0,0.0,35.95876288659794,0.1988381600204732,35.0,36.0,-1.0,1582.1855670103091,8.748879040900825,1540.0,1584.0,-44.0,0.9979901776776776,0.0081599149922651,0.945945945945946,0,0,0,0,0,0,44.0,35.9375,1581.25,0,44.0,35.96875,1582.625,0,44.0,35.96969696969697,1582.6666666666667,0,0,NON-GERMINATED
pg1_4,6,0.0677083333333333,0.0,0.5,0.1710840386005921,0.447831064514917,0.7638263924381633,1.0,2.5,219.0,205.0,35.98969072164948,0.1010098863003372,35.0,36.0,0.0,41.8041237113402,1.6846130532958243,41.0,46.0,5.0,1504.5257731958764,60.988268735644894,1435.0,1656.0,180.0,0.995808891189326,0.0134399169083721,0.8913043478260869,1,13,1,85,97,13,35.96875,41.25,1483.71875,0,36.0,41.15625,1481.625,0,36.0,42.96969696969697,1546.909090909091,13,1,GERMINATED
pg1_4,7,0.0563980579413864,0.0,1.4142135623730951,0.2211393054022132,0.5072542103151564,0.6742141932677301,2.0,2.0,155.0,199.5,42.05154639175258,0.2211093875208991,42.0,43.0,0.0,39.01030927835052,0.1010098863003372,39.0,40.0,0.0,1640.4432989690722,9.51934446344444,1638.0,1680.0,0.0,0.9969828835810524,0.0125545741471903,0.9068684516880092,0,0,0,0,0,0,42.0,39.0,1638.0,0,42.15625,39.0,1644.09375,0,42.0,39.03030303030303,1639.2727272727273,0,0,NON-GERMINATED
pg1_4,8,1.0815757318172607,1.0590169943749477,9.12414379544733,1.289777992399192,18.0002597966632,13.551549332778794,55.5,56.5,374.5,220.5,86.12371134020619,57.24810494895506,39.0,224.0,185.0,64.37113402061856,41.81927725655226,32.0,181.0,147.0,7914.701030927835,10016.077207268208,1248.0,40544.0,39218.0,0.957868604574342,0.0562243645919338,0.5421686746987951,1,72,1,26,97,72,39.1875,33.5625,1314.9375,7,59.125,42.78125,2729.3125,32,157.8181818181818,115.1818181818182,19342.727272727272,33,1,GERMINATED
pg1_4,9,0.2160913113081404,0.0,3.2015621187164243,0.4761743852593589,2.242653124890268,2.183657500793961,8.5,8.5,286.5,155.5,41.58762886597938,5.265629806995683,37.0,57.0,20.0,45.44329896907217,6.844320502242836,39.0,66.0,27.0,1925.7113402061852,577.7172454104132,1443.0,3762.0,2319.0,0.9886047392461562,0.0269589534164626,0.8,1,62,1,36,97,62,37.0,39.0,1443.0,0,41.0625,45.0625,1853.28125,29,46.54545454545455,52.06060606060606,2464.030303030303,33,1,GERMINATED
pg1_5,0,0.0500289128930416,0.0,1.8027756377319943,0.2502024670969636,0.850249880433619,0.7964543064212949,2.0,2.0,343.0,151.0,42.90721649484536,1.7115886045040511,40.0,44.0,3.0,38.4639175257732,1.5929086128425902,36.0,40.0,4.0,1652.9278350515465,129.56423773339887,1440.0,1760.0,284.0,0.99725495916687,0.0145322057794331,0.8812729498164015,1,72,1,26,97,72,40.6875,36.4375,1483.5625,7,44.0,38.90625,1711.875,32,44.0,40.0,1760.0,33,1,GERMINATED
pg1_5,1,0.0104166666666666,0.0,0.5,0.0714130687541775,0.0,0.4130149613197964,0.0,1.0,273.5,185.0,39.0,0.0,39.0,39.0,0.0,38.09278350515464,0.2901288098859853,38.0,39.0,0.0,1485.618556701031,11.315023585553428,1482.0,1521.0,0.0,0.999465811965812,0.0036622086540603,0.9743589743589745,0,0,0,0,0,0,39.0,38.28125,1492.96875,0,39.0,38.0,1482.0,0,39.0,38.0,1482.0,0,0,NON-GERMINATED
pg1_5,2,0.0364583333333333,0.0,3.5,0.3553518771544935,0.3535346020511803,0.0,3.5,0.0,300.0,235.5,38.98969072164948,0.1010098863003372,38.0,39.0,1.0,37.0,0.0,37.0,37.0,0.0,1442.618556701031,3.737365793112478,1406.0,1443.0,37.0,0.998263888888889,0.0169215179597377,0.8333333333333334,0,0,0,0,0,0,38.96875,37.0,1441.84375,0,39.0,37.0,1443.0,0,39.0,37.0,1443.0,0,0,NON-GERMINATED
pg1_5,3,0.0316810548453032,0.0,3.0413812651491097,0.308788726203784,0.3030296589010118,0.0505049431501686,3.0,0.5,457.0,297.0,36.0,0.0,36.0,36.0,0.0,42.01030927835052,0.1010098863003372,42.0,43.0,-1.0,1512.3711340206185,3.63635590681214,1512.0,1548.0,-36.0,0.9982078853046596,0.0174673733777938,0.8279569892473119,0,0,0,0,0,0,36.0,42.03125,1513.125,0,36.0,42.0,1512.0,0,36.0,42.0,1512.0,0,0,NON-GERMINATED
pg1_5,4,0.022062854049478,0.0,1.118033988749895,0.1332005898555187,0.3765357189226738,0.2750858569922956,1.5,1.0,219.5,389.0,36.71134020618557,0.453139401563627,36.0,37.0,-1.0,36.0,0.0,36.0,36.0,0.0,1321.6082474226805,16.313018456290575,1296.0,1332.0,-36.0,0.9986145685158844,0.0088443384682421,0.9210526315789472,0,0,0,0,0,0,36.46875,36.0,1312.875,0,37.0,36.0,1332.0,0,36.66666666666666,36.0,1320.0,0,0,NON-GERMINATED
pg1_5,5,1.4958160917839376,1.266123775561495,4.527692569068709,1.20741323479587,27.08272047890745,13.130190494956269,98.5,46.0,380.0,492.0,97.9381443298969,64.22139773045582,40.0,263.0,223.0,84.0,53.82579767031197,33.0,180.0,146.0,11608.19587628866,13581.332316739585,1320.0,47077.0,45757.0,0.9541460359651388,0.0469937056472799,0.7549019607843137,1,74,1,24,97,74,44.65625,35.59375,1598.8125,9,70.53125,61.375,4720.9375,32,176.1818181818182,152.87878787878788,27992.81818181818,33,1,GERMINATED
pg1_5,6,1.0524377657036257,0.5,3.5,1.0785212481236026,2.511065954249621,21.48095301265309,9.5,80.0,478.0,411.0,48.824742268041234,9.482496418962471,40.0,70.0,30.0,82.52577319587628,61.97906077795655,39.0,254.0,212.0,4593.474226804124,4526.49779754629,1600.0,17780.0,16100.0,0.9667677411626852,0.0368220765972885,0.8519003931847968,1,72,1,26,97,72,40.78125,41.6875,1700.25,7,45.3125,46.40625,2124.875,32,60.03030303030303,157.15151515151516,9792.818181818182,33,1,GERMINATED
pg1_5,7,1.1230991139437967,0.7071067811865476,6.800735254367722,1.3526988628634211,10.7026894211688,17.661767693203217,43.5,70.5,360.0,437.5,86.47422680412372,54.86498757418588,41.0,202.0,159.0,66.62886597938144,35.77170441645641,41.0,177.0,132.0,7629.639175257732,8922.109974416293,1681.0,35754.0,33819.0,0.96054814001859,0.0365125634481931,0.8334159643034209,1,71,1,27,97,71,43.71875,43.3125,1893.9375,6,55.75,47.09375,2666.3125,32,157.72727272727272,108.1818181818182,18004.454545454544,33,1,GERMINATED
pg1_5,8,0.9958957230205258,1.118033988749895,4.031128874149275,0.884097963389479,15.322312130253016,11.82547926410168,58.5,32.5,196.0,326.0,66.52577319587628,33.192376712505066,43.0,161.0,118.0,72.23711340206185,32.62336560534688,37.0,116.0,79.0,5615.6082474226805,5045.2881101648845,1591.0,18676.0,17085.0,0.9661310886752906,0.0387591666026769,0.7767780634104542,1,72,1,26,97,72,45.0,38.65625,1740.0,7,50.3125,65.96875,3331.78125,32,103.12121212121212,110.87878787878788,11588.39393939394,33,1,GERMINATED
pg1_5,9,0.7332977715429853,0.5,4.609772228646444,0.8330937591792565,17.52290455601106,8.131034430225712,57.0,31.5,430.5,210.5,57.350515463917525,30.008260456257467,33.0,133.0,100.0,52.98969072164948,17.865762248756393,36.0,103.0,67.0,3568.907216494845,3268.6113545766666,1188.0,13699.0,12511.0,0.9714011976989806,0.0306753099734235,0.8567119155354449,1,73,1,25,97,73,34.71875,38.46875,1336.125,8,41.90625,45.90625,1963.34375,32,94.27272727272728,73.93939393939394,7290.939393939394,33,1,GERMINATED
pg1_6,0,1.1454495152321924,1.0,8.48528137423857,1.230230157892282,17.495604719591665,20.392035324778195,52.5,65.5,506.0,411.0,80.5979381443299,43.2777316596471,40.0,161.0,121.0,82.89690721649484,66.03692883391939,35.0,245.0,210.0,9443.556701030928,11732.4746829017,1400.0,39445.0,38045.0,0.9547491265111504,0.0514990640163613,0.5589123867069486,1,85,1,13,97,85,42.125,35.75,1507.0,20,62.5,47.125,3156.0,32,135.45454545454547,163.3030303030303,23236.636363636364,33,1,GERMINATED
pg1_6,1,0.0337090414322894,0.0,2.23606797749979,0.247716976660293,0.2020197726006744,0.1010098863003372,2.0,1.0,382.0,441.0,38.0,0.0,38.0,38.0,0.0,40.0,0.0,40.0,40.0,0.0,1520.0,0.0,1520.0,1520.0,0.0,0.9980146898045996,0.0151764040949542,0.8581907090464548,0,0,0,0,0,0,38.0,40.0,1520.0,0,38.0,40.0,1520.0,0,38.0,40.0,1520.0,0,0,NON-GERMINATED
pg1_6,2,0.0052083333333333,0.0,0.5,0.0507645538792133,0.0,0.1520400124098209,0.0,0.5,275.0,398.5,36.0,0.0,36.0,36.0,0.0,42.103092783505154,0.3040800248196418,42.0,43.0,-1.0,1515.7113402061857,10.9468808935071,1512.0,1548.0,-36.0,0.9997577519379846,0.0023611420408936,0.9767441860465116,0,0,0,0,0,0,36.0,42.3125,1523.25,0,36.0,42.0,1512.0,0,36.0,42.0,1512.0,0,0,NON-GERMINATED
pg1_6,3,0.0,0.0,0.0,0.0,0.0,0.0,0.0,0.0,330.0,293.5,36.0,0.0,36.0,36.0,0.0,33.0,0.0,33.0,33.0,0.0,1188.0,0.0,1188.0,1188.0,0.0,1.0,0.0,1.0,0,0,0,0,0,0,36.0,33.0,1188.0,0,36.0,33.0,1188.0,0,36.0,33.0,1188.0,0,0,NON-GERMINATED
pg1_6,4,0.1396487458335482,0.0,1.5811388300841898,0.2772226441937666,1.9817291704054305,2.1466086226930345,5.0,7.0,227.5,298.0,48.20618556701031,1.323367652977179,46.0,50.0,2.0,38.4639175257732,1.937486179106558,35.0,40.0,3.0,1856.5876288659797,139.62259532506033,1610.0,2000.0,221.0,0.9928655064479978,0.0155918217628054,0.9014557670772676,1,83,1,15,97,83,46.46875,36.09375,1678.1875,18,49.125,39.5,1940.59375,32,49.0,39.75757575757576,1948.121212121212,33,1,GERMINATED
pg1_6,5,0.9174475099433436,0.7071067811865476,2.692582403567252,0.8474584944598124,3.1496321695872025,18.59233548772984,10.0,69.0,181.0,457.5,42.175257731958766,6.594296675530639,34.0,54.0,16.0,75.68041237113403,49.94771418600925,36.0,207.0,171.0,3415.01030927835,2554.6688953447906,1224.0,10350.0,9126.0,0.9710070821168484,0.0270495544269644,0.825,1,87,1,11,97,87,34.53125,37.5625,1297.6875,22,42.9375,51.03125,2245.84375,32,48.84848484848485,136.54545454545453,6601.909090909091,33,1,GERMINATED
pg1_6,6,1.2818800552675986,1.4142135623730951,4.47213595499958,1.1399525679783664,17.136859776929242,13.79202483267103,51.5,62.0,497.0,317.5,94.17525773195877,60.04843582935472,36.0,190.0,149.0,72.35051546391753,39.2961374343595,36.0,193.0,157.0,8990.103092783505,9546.598946917662,1296.0,35705.0,34409.0,0.9591091735223164,0.0326307279535729,0.8487874465049928,1,87,1,11,97,87,37.3125,39.78125,1485.625,22,72.3125,57.78125,4559.1875,32,170.5151515151515,118.06060606060606,20563.81818181818,33,1,GERMINATED
pg1_6,7,0.7149411978920255,0.5,14.705441169852742,1.560183189102073,5.975816569742129,5.205527160571681,30.5,24.5,409.0,183.5,54.43298969072165,24.07244530621084,35.0,111.0,74.0,55.7319587628866,14.334383336850737,39.0,102.0,63.0,3362.742268041237,2494.8898836446438,1365.0,11118.0,9753.0,0.9702965668344284,0.0559794918673038,0.4890167364016736,1,84,1,14,97,84,36.1875,42.90625,1555.84375,19,41.71875,52.3125,2212.90625,32,84.45454545454545,71.48484848484848,6229.878787878788,33,1,GERMINATED
pg1_6,8,0.8043634268918826,0.5,3.2015621187164243,0.9249884562227866,8.784627366479643,13.794536757010908,37.0,49.0,350.0,233.0,50.68041237113402,19.05096062829583,39.0,114.0,75.0,64.77319587628865,42.43041730252941,36.0,168.0,132.0,4061.40206185567,4584.585820728478,1404.0,19152.0,17748.0,0.9674848110518652,0.0346266089513134,0.8800773694390716,1,67,1,31,97,67,39.96875,36.0,1438.875,2,40.53125,39.8125,1617.03125,32,70.9090909090909,116.87878787878788,8974.757575757576,33,1,GERMINATED
pg1_6,9,1.3713978769236432,1.118033988749895,10.700467279516348,1.5290578351289803,18.75236478515721,26.992456916044983,62.5,88.0,266.0,299.0,92.74226804123712,63.5456290888625,40.0,230.0,189.0,80.52577319587628,54.058977488319,34.0,212.0,173.0,10876.247422680412,13541.43429187064,1360.0,48760.0,47161.0,0.9582391219497476,0.0492872487077508,0.6788712686567164,1,85,1,13,97,85,41.59375,36.46875,1516.46875,20,60.375,56.34375,3751.5,32,173.72727272727272,146.6969696969697,26861.242424242424,33,1,GERMINATED
pg1_7,0,1.1442495165034396,1.118033988749895,3.5355339059327378,1.1101169806143456,25.71608311151532,7.923158300419219,86.5,22.0,395.5,515.5,77.35051546391753,56.76394260573052,33.0,221.0,188.0,56.06185567010309,21.155689168291214,37.0,95.0,58.0,5470.8247422680415,5767.291692304984,1221.0,20995.0,19774.0,0.9639085280066352,0.0409241653426034,0.7445121951219512,1,69,1,29,97,69,33.21875,37.125,1234.09375,4,50.1875,46.3125,2414.71875,32,146.4848484848485,83.87878787878788,12542.666666666666,33,1,GERMINATED
pg1_7,1,0.1651811283443691,0.0,2.5,0.3903878774230586,1.0627060952454968,1.833197256115071,3.5,7.5,464.5,398.5,41.68041237113402,2.3487061222100025,39.0,49.0,10.0,48.52577319587629,2.8104839936311325,45.0,58.0,13.0,2028.9690721649488,236.70345332644573,1755.0,2842.0,1087.0,0.9920622367866462,0.0217502990936559,0.849478390461997,1,73,1,25,97,73,39.5,45.75,1808.25,8,41.53125,48.65625,2020.96875,32,43.93939393939394,51.09090909090909,2250.757575757576,33,1,GERMINATED
pg1_7,2,0.046875,0.0,2.0,0.2402052616166709,0.746088393099491,0.2020197726006744,2.0,2.0,390.5,365.0,39.36082474226804,0.7206178192701564,39.0,42.0,3.0,42.0,0.0,42.0,42.0,0.0,1653.1546391752577,30.26594840934657,1638.0,1764.0,126.0,0.997769699389364,0.0112146263839577,0.9090909090909092,1,23,1,75,97,23,39.0,42.0,1638.0,0,39.0,42.0,1638.0,0,40.06060606060606,42.0,1682.5454545454545,23,1,GERMINATED
pg1_7,3,0.7870910210076468,0.5,2.549509756796392,0.7757846939169442,9.153768417769117,7.454706111842645,29.0,21.5,253.5,382.0,87.05154639175258,55.26475566993992,41.0,221.0,180.0,54.96907216494845,25.571590876671404,34.0,119.0,85.0,6186.876288659794,6695.50526300768,1394.0,26299.0,24905.0,0.966898093616422,0.0308433295872678,0.8314321926489227,1,74,1,24,97,74,42.03125,34.21875,1438.625,9,61.71875,41.90625,2711.375,32,155.27272727272728,87.75757575757575,14161.424242424242,33,1,GERMINATED
pg1_7,4,0.6991083549603939,0.5,4.123105625617661,0.7557402605114439,12.042658085906371,2.769504690986018,44.5,9.0,197.5,355.0,61.09278350515464,33.497217140676405,36.0,153.0,114.0,46.0,7.495703236542204,37.0,67.0,29.0,3029.5257731958764,2238.214932571778,1443.0,10251.0,8769.0,0.9724873238026884,0.0342866208835351,0.7902230659705742,1,72,1,26,97,72,38.5,38.0,1461.3125,7,41.3125,45.71875,1900.15625,32,102.1818181818182,54.03030303030303,5645.363636363636,33,1,GERMINATED
pg1_7,5,1.184648030666189,0.8535533905932737,4.609772228646444,1.102905576241859,25.3534615494844,12.305031732201751,82.0,44.0,401.0,309.0,93.18556701030928,57.14465816362246,44.0,224.0,178.0,73.20618556701031,42.34783265777513,35.0,172.0,136.0,9207.701030927836,10471.55757294019,1540.0,38528.0,36872.0,0.9563606851929514,0.0356510857992975,0.840452907874421,1,70,1,28,97,70,45.75,35.96875,1645.65625,5,66.6875,58.34375,4162.53125,32,164.87878787878788,123.72727272727272,21432.878787878788,33,1,GERMINATED
pg1_7,6,0.7857884197743368,0.0,11.704699910719626,1.6329086704452327,7.907576034514645,3.803844316842977,30.5,19.5,406.0,259.5,48.01030927835052,13.054599730790333,40.0,93.0,53.0,40.02061855670103,13.463949100861289,32.0,72.0,40.0,2088.6907216494847,1441.7748609639875,1280.0,6696.0,5416.0,0.964344502952836,0.0730143976909689,0.4570416297608503,1,50,1,48,97,50,40.0,32.0,1280.0,0,42.34375,33.34375,1414.90625,17,61.27272727272727,54.27272727272727,3526.242424242424,33,1,GERMINATED
pg1_7,7,0.9051807807501792,0.5,2.9154759474226504,0.9700847493014014,9.23933952372856,9.841814010016575,35.5,49.0,230.0,293.5,70.25773195876289,37.492893718571146,41.0,158.0,117.0,55.23711340206186,28.91001795328576,35.0,149.0,113.0,4918.237113402062,5566.410025558953,1476.0,23542.0,22066.0,0.9615580147409172,0.0337423081594735,0.8726084927671488,1,78,1,20,97,78,41.84375,37.03125,1549.75,13,50.25,40.28125,2047.03125,32,117.21212121212122,87.39393939393939,10968.848484848484,33,1,GERMINATED
pg1_7,8,0.925865832161442,0.5,4.031128874149275,0.9068957827865342,10.860583765717722,17.80846746479254,43.0,56.0,376.0,182.0,49.27835051546392,21.721167531435444,36.0,122.0,86.0,76.84536082474227,42.881361198915634,41.0,166.0,115.0,4660.587628865979,4868.988363676807,1476.0,19154.0,17642.0,0.9711826568479532,0.0260092509420442,0.9140782122905028,1,75,1,23,97,75,36.0,41.90625,1508.625,10,37.65625,55.1875,2096.125,32,73.42424242424242,131.72727272727272,10203.787878787878,33,1,GERMINATED
pg1_7,9,0.9038567811721724,1.118033988749895,4.47213595499958,0.8264641063767255,18.41182131687371,5.00910001952775,57.5,22.0,254.0,178.5,79.22680412371135,40.000130194282754,45.0,166.0,120.0,45.44329896907217,13.239248952570655,35.0,81.0,42.0,4112.525773195876,3439.110206466541,1645.0,13446.0,11652.0,0.9669710897466,0.0404822403300217,0.7416267942583732,1,72,1,26,97,72,46.34375,37.40625,1732.625,7,59.65625,37.34375,2257.03125,32,130.0909090909091,61.09090909090909,8219.575757575758,33,1,GERMINATED
pg1_9,0,0.7727716562851276,0.5,3.2015621187164243,0.8775029727826229,18.68423955469617,6.494620352836161,53.5,24.5,501.0,258.5,74.81443298969072,37.78488485687856,47.0,156.0,107.0,65.6082474226804,35.00855762863919,39.0,140.0,100.0,6229.587628865979,6611.150296455314,1833.0,21840.0,19880.0,0.9723724993943064,0.030098457090682,0.9067028985507246,1,85,1,13,97,85,47.75,39.8125,1901.1875,20,53.625,46.5,2526.59375,32,121.6060606060606,109.15151515151516,14017.60606060606,33,1,GERMINATED
pg1_9,1,0.4910817013892311,0.5,1.8027756377319943,0.5361759001428463,6.30746722876622,3.8637313051319935,19.5,11.0,236.0,184.0,51.350515463917525,10.948841898098388,39.0,86.0,44.0,53.81443298969072,12.429869160973162,40.0,77.0,37.0,2888.1237113402062,1293.30045510304,1640.0,6622.0,4942.0,0.9777164836712074,0.0278942926212194,0.8313953488372093,1,57,1,41,97,57,42.875,41.3125,1772.46875,0,46.96875,50.8125,2419.65625,24,63.81818181818182,68.84848484848484,4424.242424242424,33,1,GERMINATED
pg1_9,2,0.2365780238261366,0.0,2.5,0.443435457884444,2.2822888944025075,1.11583354205275,9.0,4.5,390.0,205.5,39.30927835051546,2.1267119228831537,36.0,42.0,5.0,39.350515463917525,1.872432879687848,36.0,42.0,6.0,1549.8865979381444,144.78586223405574,1296.0,1722.0,426.0,0.984837020494039,0.0307625515735221,0.8121951219512196,1,34,1,64,97,34,36.875,37.53125,1386.28125,0,39.9375,41.0,1637.96875,1,41.06060606060606,39.51515151515152,1623.121212121212,33,1,GERMINATED
pg1_9,3,0.1166580501961883,0.0,4.5,0.5370979730531078,2.521140291333124,0.703112434347633,7.5,1.5,204.5,355.5,43.39175257731959,1.53687795081107,42.0,46.0,-3.0,40.43298969072165,1.406224868695266,39.0,42.0,3.0,1752.494845360825,25.523841173989776,1638.0,1800.0,9.0,0.9945761308527205,0.023661936243358,0.8125,3,52,1,45,97,51,45.09375,39.03125,1760.0625,0,43.125,40.21875,1733.0625,19,42.0,42.0,1764.0,33,1,GERMINATED
pg1_9,4,0.5951901334640978,0.0,9.192388155425116,1.1636503075925873,9.848275058518029,2.315953625313105,31.0,11.5,382.5,528.5,50.77319587628866,7.5784626390806835,43.0,73.0,27.0,54.68041237113402,26.09283442015016,38.0,124.0,85.0,2948.4845360824743,2007.5052174812583,1634.0,9052.0,7258.0,0.9709391882058992,0.0576428715091203,0.5637377963737796,1,56,1,42,97,56,50.09375,40.84375,2046.53125,0,45.28125,39.34375,1785.3125,23,56.75757575757576,82.96969696969697,4951.030303030303,33,1,GERMINATED
pg1_9,5,0.756590219410222,0.5,2.23606797749979,0.7019084032546261,3.557858768692417,2.632320350221016,16.0,10.0,508.5,379.5,90.43298969072166,47.25188202579105,48.0,183.0,134.0,51.7319587628866,14.63403423594868,37.0,78.0,35.0,5338.886597938144,4106.839841287378,1813.0,13359.0,11497.0,0.9697654741309644,0.0287371436801562,0.8539325842696629,1,68,1,30,97,68,50.28125,39.53125,1988.125,3,68.46875,44.0,3137.59375,32,150.66666666666666,71.06060606060606,10722.69696969697,33,1,GERMINATED
pg1_9,6,1.0445523381627064,0.5,7.3824115301167,1.246893638676594,18.703250075768857,11.857727297985807,71.0,36.5,459.5,403.5,75.68041237113403,35.05505137115154,51.0,187.0,136.0,73.11340206185567,46.91995295535995,37.0,175.0,138.0,7113.639175257732,8136.944734485637,1887.0,32725.0,30838.0,0.968244726307204,0.034525136195503,0.8078495502861816,1,71,1,27,97,71,52.0625,37.75,1965.34375,6,58.53125,47.03125,2834.28125,32,115.21212121212122,132.6969696969697,16255.60606060606,33,1,GERMINATED
pg1_9,7,0.8730350555829397,0.7071067811865476,2.9154759474226504,0.8265121243655736,9.001239862164699,10.779843063495363,30.5,44.5,309.5,275.5,61.90721649484536,20.03815045595272,43.0,109.0,57.0,52.50515463917526,25.153599775720327,36.0,135.0,96.0,3724.360824742268,3316.761459789612,1548.0,14715.0,12687.0,0.9653719731268842,0.0310566282961237,0.7987616099071208,1,75,1,23,97,75,47.3125,37.6875,1785.15625,10,50.875,40.09375,2054.875,32,86.75757575757575,78.9090909090909,7223.69696969697,33,1,GERMINATED
pg1_9,8,0.820718068923144,0.6035533905932737,6.800735254367722,1.0274183753514108,12.203083246743978,5.788909946766465,44.5,28.5,318.0,358.0,66.88659793814433,20.751289259989324,50.0,125.0,75.0,56.48453608247423,16.170555781089178,44.0,112.0,67.0,4100.587628865979,2776.502482645318,2200.0,14000.0,11675.0,0.970200523799218,0.0330396524390849,0.8440714285714286,1,65,1,33,97,65,51.125,45.03125,2302.5625,0,56.75,50.65625,2874.4375,32,92.0,73.24242424242425,7033.121212121212,33,1,GERMINATED
pg1_9,9,0.5896953681785598,0.5,5.0,0.8454344284146187,4.182055049904219,3.615787409207764,20.5,20.0,377.5,324.0,62.98969072164948,27.497514356403848,45.0,134.0,89.0,57.50515463917526,26.929891303060312,39.0,134.0,95.0,4359.257731958763,4329.914847090965,1755.0,17956.0,16201.0,0.9696238929788852,0.0397043525729159,0.7667469879518072,1,57,1,41,97,57,45.0,39.0,1755.0,0,47.65625,42.625,2039.375,24,95.3030303030303,89.87878787878788,9134.181818181818,33,1,GERMINATED
pg2_10,0,0.0705032867564873,0.0,3.3541019662496847,0.3647603595374173,0.4822825418851986,0.7389674613384505,4.0,2.0,177.0,232.5,48.43298969072165,0.6076355475584072,48.0,50.0,-2.0,42.43298969072165,1.8771947511950744,41.0,47.0,-5.0,2056.226804123711,116.59636120603167,1968.0,2350.0,-332.0,0.9964560515086756,0.0182083631033706,0.834319526627219,0,0,0,0,0,0,49.1875,44.78125,2203.0625,0,48.125,41.5625,2000.375,0,48.0,41.0,1968.0,0,0,NON-GERMINATED
pg2_10,1,0.1979166666666666,0.0,7.5,0.7855437562959529,1.4941342069496586,1.6288659793814433,4.5,6.0,227.0,392.0,42.48453608247423,0.5940148573562034,42.0,44.0,-2.0,40.56701030927835,0.8956621290298338,39.0,43.0,-2.0,1723.8762886597938,58.79218296660306,1638.0,1849.0,-168.0,0.9904560945018616,0.0391968259021503,0.624,0,0,0,0,0,0,43.15625,41.625,1796.40625,0,42.3125,40.09375,1696.59375,0,42.0,40.0,1680.0,0,0,NON-GERMINATED
pg2_10,2,0.0812216325514169,0.0,5.5901699437494745,0.5761464337061798,0.5854998509476039,0.4760721603719099,5.5,1.5,242.5,225.5,40.06185567010309,0.2408932256814004,40.0,41.0,-1.0,44.577319587628864,0.9826856902921628,44.0,47.0,-3.0,1785.9484536082475,45.083741356747176,1760.0,1927.0,-167.0,0.9960346798423602,0.0276694976905986,0.7328174783796085,0,0,0,0,0,0,40.1875,45.75,1838.65625,0,40.0,44.0,1760.0,0,40.0,44.0,1760.0,0,0,NON-GERMINATED
pg2_10,3,0.2369544140314312,0.0,4.301162633521313,0.5011429659664871,1.2997256837552575,2.1766863926212987,5.0,6.0,225.5,306.5,51.50515463917526,1.669148257022658,49.0,55.0,6.0,39.90721649484536,1.6059327779052894,37.0,43.0,0.0,2054.639175257732,89.71572349715946,1850.0,2279.0,240.0,0.9872204167071228,0.0284460527286851,0.7727674624226348,1,77,1,21,97,77,50.15625,41.40625,2077.03125,12,50.875,39.5,2009.40625,32,53.42424242424242,38.84848484848485,2076.787878787879,33,1,GERMINATED
pg2_10,4,0.5386154919100824,0.0,6.800735254367722,0.9690510918115344,6.897342534764734,4.5237237921433,31.5,13.0,325.0,252.0,42.63917525773196,6.690793131001888,38.0,69.0,27.0,54.381443298969074,10.996197373627608,44.0,86.0,41.0,2374.237113402062,925.3602672416866,1760.0,5934.0,3962.0,0.9756289252398987,0.04403635178694,0.7077464788732394,1,80,1,18,97,80,41.4375,46.21875,1919.1875,15,40.28125,49.1875,1981.5625,32,46.09090909090909,67.33333333333333,3196.2727272727275,33,1,GERMINATED
pg2_10,5,1.0829894547456054,1.118033988749895,3.3541019662496847,0.7210008143151782,23.82873672278505,5.22954847736161,77.0,16.0,311.0,181.0,93.20618556701032,56.23440230833679,42.0,214.0,172.0,58.91752577319588,10.559278035978044,46.0,86.0,36.0,6071.855670103093,4696.976094550315,1978.0,18404.0,16304.0,0.9664618773110204,0.0299474446947649,0.8293501048218029,1,79,1,19,97,79,43.3125,49.0,2123.21875,14,70.375,55.78125,4036.71875,32,163.72727272727272,71.57575757575758,11874.30303030303,33,1,GERMINATED
pg2_10,6,1.1969335524673126,1.4142135623730951,3.5,1.127153525912943,21.42321248954748,11.168374834782687,61.5,55.5,514.5,260.0,84.55670103092784,54.58634870922823,40.0,187.0,147.0,63.134020618556704,30.455520673676386,42.0,166.0,121.0,6848.927835051546,7891.712557986701,1722.0,31042.0,29242.0,0.9640253256693728,0.0378519809287682,0.8301734570391287,1,79,1,19,97,79,40.4375,44.78125,1810.71875,14,56.96875,47.46875,2749.25,32,154.0909090909091,96.12121212121212,15709.90909090909,33,1,GERMINATED
pg2_10,7,0.5527023710609422,0.5,2.692582403567252,0.6647675701754305,11.82217590500662,4.093224936593344,33.5,12.0,384.0,331.5,56.64948453608248,28.494905038205676,37.0,137.0,94.0,47.79381443298969,10.648980537170155,40.0,76.0,35.0,3003.5670103092784,2376.113563824345,1480.0,10412.0,8649.0,0.9712968594441466,0.0351206340957076,0.8435072142064373,1,47,1,51,97,47,42.03125,41.0,1723.28125,0,38.625,40.96875,1582.90625,14,88.3030303030303,61.0,5622.666666666667,33,1,GERMINATED
pg2_10,8,0.981369234823122,0.5,9.5,1.2376211421955212,6.540382012950936,6.024152507527197,30.0,26.5,422.5,400.0,57.74226804123711,18.31189031243776,42.0,115.0,71.0,48.70103092783505,14.494339420127003,31.0,80.0,45.0,3038.3505154639174,1882.6713366052484,1302.0,9200.0,7660.0,0.9566629368731266,0.062596869041837,0.5386533665835411,1,80,1,18,97,80,43.75,33.65625,1473.5625,15,52.4375,47.3125,2538.9375,32,76.45454545454545,64.63636363636364,5040.0,33,1,GERMINATED
pg2_10,9,0.364053703845153,0.0,4.609772228646444,0.5820816672798519,1.3485663120087954,2.2972579272869957,5.0,9.0,319.5,425.5,50.11340206185567,1.854925394669436,46.0,53.0,-4.0,42.329896907216494,2.7572646294461034,39.0,48.0,7.0,2118.041237113402,104.63839723442412,1886.0,2352.0,179.0,0.9805484163908692,0.0302181092135598,0.7621776504297995,1,82,1,16,97,82,51.21875,40.3125,2065.46875,17,51.09375,40.65625,2077.4375,32,48.09090909090909,45.90909090909091,2208.3939393939395,33,1,GERMINATED
pg2_11,0,0.1122083528401954,0.0,4.272001872658765,0.4597473424460696,0.5506061935351169,0.9360745265115168,2.0,4.0,176.5,272.5,45.90721649484536,1.8671466418029303,44.0,48.0,-3.0,39.123711340206185,1.6883941736892152,38.0,43.0,-5.0,1797.9690721649486,135.54315732296214,1672.0,2064.0,-349.0,0.9946533122969304,0.0230725148320417,0.7830641641204714,0,0,0,0,0,0,47.71875,41.25,1967.96875,0,46.0625,38.15625,1757.875,0,44.0,38.0,1672.0,0,0,NON-GERMINATED
pg2_11,1,0.1860486945403039,0.0,4.242640687119285,0.4860238847970148,1.5436573763113806,0.9054281811972698,5.5,5.0,128.5,375.5,39.70103092783505,1.9327078832379367,37.0,42.0,-5.0,40.845360824742265,2.5295784506211194,37.0,46.0,5.0,1619.6907216494844,98.21104572063714,1406.0,1748.0,-20.0,0.9902328390844484,0.0274518602260357,0.7553516819571865,1,78,1,20,97,78,42.0,40.21875,1689.1875,13,38.875,38.5625,1498.09375,32,38.27272727272727,43.66666666666666,1670.2121212121212,33,1,GERMINATED
pg2_11,2,0.299368274294891,0.0,1.5,0.3665200808673819,4.684384526370815,2.093075496363804,14.5,7.0,208.5,174.5,39.876288659793815,5.31726953408597,33.0,50.0,11.0,48.18556701030928,4.96447149813743,42.0,56.0,13.0,1941.1546391752577,446.3959072209698,1551.0,2800.0,1123.0,0.985223776949415,0.0202665123050857,0.9086236436322102,1,83,1,15,97,83,37.875,43.4375,1644.8125,18,35.1875,46.5625,1635.28125,32,46.36363636363637,54.36363636363637,2525.121212121212,33,1,GERMINATED
pg2_11,3,0.092925100275853,0.0,1.8027756377319943,0.263609418911242,0.6995511975467982,0.98711003740914,3.5,3.5,321.0,449.0,45.41237113402062,1.5778922213698687,40.0,48.0,-2.0,38.09278350515464,1.4928176791668413,35.0,40.0,-2.0,1731.5257731958764,115.08652887960784,1400.0,1872.0,-170.0,0.9933636646062252,0.024330108117573,0.7977207977207977,3,31,1,66,97,30,46.71875,39.0,1822.03125,0,45.40625,39.09375,1775.0625,0,44.15151515151515,36.24242424242424,1601.5454545454545,31,1,GERMINATED
pg2_11,4,0.7329199144478739,0.5,6.708203932499369,0.9238254158691032,2.363839069649093,10.333363617722643,7.5,41.0,223.5,444.0,44.58762886597938,3.171238586347279,37.0,49.0,-2.0,60.876288659793815,25.09004720402456,45.0,134.0,88.0,2754.680412371134,1267.0880533637549,1776.0,6164.0,3956.0,0.9731704079474944,0.0426088386795379,0.6919540229885057,1,78,1,20,97,78,44.84375,45.625,2047.125,13,41.5625,47.59375,1978.5,32,47.27272727272727,88.54545454545455,4193.454545454545,33,1,GERMINATED
pg2_11,5,0.41258078387329,0.0,3.1622776601683795,0.5899205568931872,1.722914529983366,2.8134037618094467,7.5,13.5,406.0,350.5,41.54639175257732,2.168284126380924,38.0,47.0,2.0,44.52577319587629,17.219081230506657,32.0,100.0,63.0,1877.701030927835,835.54201391028,1216.0,4500.0,2909.0,0.9761185380763012,0.0377425408390798,0.7619047619047619,1,59,1,39,97,59,42.03125,37.96875,1595.84375,0,39.6875,34.84375,1384.75,26,42.87878787878788,60.27272727272727,2629.030303030303,33,1,GERMINATED
pg2_11,6,0.9160112892793978,1.0,5.852349955359813,0.9693137527374864,4.085850681209246,9.128724815105356,12.5,42.0,289.0,329.0,50.01030927835052,11.531664023985387,39.0,68.0,24.0,50.27835051546392,24.28980621452124,33.0,118.0,81.0,2758.701030927835,2001.5919909527915,1287.0,7906.0,6315.0,0.9581689390285998,0.0554339686349435,0.6631644004944376,1,77,1,21,97,77,41.90625,35.40625,1485.125,12,42.1875,36.25,1538.15625,32,65.45454545454545,78.3030303030303,5177.242424242424,33,1,GERMINATED
pg2_11,7,0.9545108137414716,1.0,4.527692569068709,0.8796618326288387,7.817652275976977,8.827722543289818,35.5,37.0,360.0,276.0,60.75257731958763,28.97636111844795,36.0,134.0,93.0,69.88659793814433,35.83808844332153,35.0,146.0,104.0,5180.082474226804,5041.235519216327,1295.0,19564.0,17842.0,0.9615013754085672,0.0381165422899038,0.8220042046250876,1,79,1,19,97,79,39.625,37.28125,1478.75,14,47.5625,56.6875,2798.78125,32,94.03030303030305,114.3030303030303,11078.39393939394,33,1,GERMINATED
pg2_11,8,1.0560550053983029,1.118033988749895,5.0,0.8580852670761749,23.911228285759428,3.889556969237143,74.5,14.5,387.5,129.0,87.0721649484536,50.97366359061393,40.0,195.0,155.0,65.3298969072165,35.1326563066989,31.0,135.0,98.0,7469.01030927835,7772.660186920372,1302.0,26325.0,24845.0,0.9558879895221124,0.0488665037767566,0.7021276595744681,3,79,1,18,97,77,42.03125,34.5625,1451.46875,14,65.375,51.03125,3598.5625,32,151.78787878787878,109.03030303030305,17057.363636363636,33,1,GERMINATED
pg2_11,9,0.8472158247639049,0.7071067811865476,2.692582403567252,0.7151167827259285,11.069644935823725,2.714386200120618,49.0,8.5,455.5,215.5,53.98969072164948,26.827626492168772,36.0,137.0,98.0,50.95876288659794,13.329231132862157,34.0,68.0,30.0,2993.113402061856,2204.6427154085286,1326.0,9316.0,7834.0,0.9630245866198036,0.0334939102738674,0.835633626097867,1,73,1,25,97,73,38.5625,36.4375,1404.1875,8,39.4375,50.09375,1964.0625,32,83.06060606060606,65.87878787878788,5531.757575757576,33,1,GERMINATED
pg2_12,0,0.1222849409615576,0.0,1.118033988749895,0.2614951749982429,0.4866154111837504,2.0748431172262336,2.5,5.5,268.5,496.5,44.77319587628866,3.726486846798797,41.0,49.0,-7.0,41.75257731958763,1.958491571008771,39.0,45.0,-3.0,1876.3917525773195,242.2226783589048,1599.0,2205.0,-424.0,0.9933036963629236,0.0143336005188838,0.9354988399071926,0,0,0,0,0,0,48.96875,44.15625,2162.3125,0,44.46875,41.15625,1834.25,0,41.0,40.0,1640.0,0,0,NON-GERMINATED
pg2_12,1,0.1399624296867392,0.0,5.315072906367325,0.5716333483473925,0.8407278122739604,1.3472258668839896,3.5,5.0,157.0,409.0,40.618556701030926,1.7612278927168858,39.0,44.0,-5.0,35.45360824742268,1.643610675529788,34.0,39.0,-4.0,1442.8865979381444,129.589667741426,1326.0,1677.0,-346.0,0.9921364173100828,0.032466550555433,0.6988694758478932,0,0,0,0,0,0,42.71875,37.5625,1604.96875,0,40.1875,34.84375,1401.34375,0,39.0,34.0,1326.0,0,0,NON-GERMINATED
pg2_12,2,0.1548894212641138,0.0,3.1622776601683795,0.3845572352465468,1.7743043766025943,1.843588966786468,4.0,5.5,116.5,369.5,36.70103092783505,2.686986387089502,33.0,40.0,-6.0,37.02061855670103,3.308780513023944,33.0,43.0,-10.0,1366.8453608247423,213.94576536990672,1089.0,1677.0,-588.0,0.9911564731202512,0.0213210550782522,0.8287895310796074,0,0,0,0,0,0,39.0,40.84375,1592.90625,0,37.96875,37.15625,1412.625,0,33.24242424242424,33.18181818181818,1103.2424242424242,0,0,NON-GERMINATED
pg2_12,3,1.0250558064258677,0.7071067811865476,6.324555320336759,1.2263556147026091,10.834261891634744,9.419473726278502,31.5,38.0,266.0,429.0,70.0721649484536,22.99719723966398,50.0,122.0,70.0,77.0721649484536,40.69834906924952,37.0,154.0,111.0,6324.113402061856,5343.35400842064,1924.0,18788.0,16552.0,0.9582663853873884,0.0544927634413074,0.7276595744680852,1,68,1,30,97,68,51.03125,42.03125,2144.9375,3,59.90625,58.90625,3689.0,32,98.3939393939394,128.66666666666666,12931.90909090909,33,1,GERMINATED
pg2_12,4,0.2342503844577085,0.0,2.549509756796392,0.5565160291624573,1.372141324434341,1.962354276775183,4.5,5.5,385.5,394.0,42.09278350515464,3.324642370432392,39.0,48.0,-9.0,35.16494845360825,3.905271120308572,31.0,42.0,-11.0,1492.8865979381444,283.38280096406777,1209.0,2016.0,-807.0,0.9853437669124652,0.0372096997327094,0.822742474916388,0,0,0,0,0,0,46.03125,39.78125,1831.34375,0,41.34375,34.84375,1447.1875,0,39.0,31.0,1209.0,0,0,NON-GERMINATED
pg2_12,5,0.1751308250004298,0.0,3.1622776601683795,0.4627319535123281,2.5479460175780546,1.3243912246987644,6.5,4.5,176.0,255.0,41.94845360824742,1.2299621486139576,38.0,44.0,-1.0,33.422680412371136,1.9309473746954184,29.0,36.0,-5.0,1403.041237113402,105.56904395592731,1102.0,1548.0,-246.0,0.9894127756682416,0.0311282651800684,0.8105263157894737,0,0,0,0,0,0,42.84375,35.8125,1534.3125,0,41.5625,33.15625,1378.28125,0,41.45454545454545,31.363636363636363,1299.7575757575758,0,0,NON-GERMINATED
pg2_12,6,1.2344601493786524,1.0,12.776932339180638,1.5527407938639883,18.23330748839065,3.3881079029568784,79.0,13.5,465.5,267.5,76.9381443298969,55.67909053073411,37.0,241.0,203.0,68.45360824742268,22.511861990504464,42.0,105.0,62.0,6323.474226804124,6426.647960010962,1591.0,25305.0,23671.0,0.9610252652631948,0.0516342734341508,0.5667072181670721,1,73,1,25,97,73,38.59375,43.6875,1688.90625,8,49.5625,65.5625,3329.53125,32,140.66666666666666,95.27272727272728,13720.818181818182,33,1,GERMINATED
pg2_12,7,0.9625320607959754,1.0,3.3541019662496847,0.9259515098570332,22.874300123103183,4.795571122538738,70.5,16.0,402.5,247.5,77.35051546391753,46.59101307907242,42.0,187.0,141.0,44.103092783505154,5.851221629574591,36.0,59.0,16.0,3675.030927835051,2791.266927561593,1584.0,11033.0,9055.0,0.9672779011823924,0.0367725753039171,0.8004158004158004,1,70,1,28,97,70,45.8125,40.15625,1841.53125,5,49.875,40.5,2031.8125,32,134.57575757575756,51.42424242424242,7046.393939393939,33,1,GERMINATED
pg2_12,8,1.2771750479164816,0.5,9.340770846134705,1.4848438965020982,15.233314956981456,14.982855898624456,64.5,49.5,339.0,170.0,67.38144329896907,35.40383906580331,46.0,182.0,135.0,84.48453608247422,62.7585971277607,32.0,206.0,168.0,7587.463917525773,9755.881438417066,1568.0,37492.0,35706.0,0.9541894274020016,0.0549266596813661,0.5362848014605203,1,75,1,23,97,75,47.8125,35.5,1696.75,10,51.59375,49.5625,2576.65625,32,101.66666666666669,165.84848484848484,18158.636363636364,33,1,GERMINATED
pg2_12,9,0.2676321963767851,0.0,3.2015621187164243,0.5484239608148711,4.241256408798933,1.118663589362967,13.5,3.5,203.0,154.0,51.402061855670105,3.372599700296778,46.0,60.0,14.0,35.03092783505155,2.3395021421539104,31.0,40.0,3.0,1804.5773195876288,211.2720352712605,1564.0,2240.0,656.0,0.9853774439281014,0.0305319818870991,0.8027366020524516,1,67,1,31,97,67,47.625,34.0625,1622.1875,2,52.09375,33.0,1718.375,32,54.39393939393939,37.93939393939394,2065.030303030303,33,1,GERMINATED
pg2_2,0,0.131437854049478,0.0,4.0,0.4546233868337631,1.6927477173910777,0.4920993395819638,7.0,2.0,214.5,226.0,38.8041237113402,0.8076844241567379,35.0,40.0,4.0,39.896907216494846,0.3040800248196418,39.0,40.0,0.0,1548.1546391752577,33.943962372870324,1400.0,1600.0,160.0,0.9931243692004684,0.0236885722984778,0.7948717948717948,0,0,0,0,0,0,38.34375,39.71875,1522.8125,0,39.03125,40.0,1561.25,0,39.03030303030303,39.96969696969697,1560.030303030303,0,0,NON-GERMINATED
pg2_2,1,0.1698205795597082,0.0,5.0,0.5657908660373887,1.0525313761593895,1.2551519930537955,7.5,3.5,193.5,466.5,34.329896907216494,1.2820863271233418,32.0,38.0,5.0,40.97938144329897,2.177577304335412,37.0,44.0,7.0,1407.6288659793815,104.19325023032614,1221.0,1672.0,451.0,0.9907234504356248,0.0308457684776173,0.7368421052631579,3,56,1,41,97,54,33.84375,38.96875,1319.46875,0,34.5,40.15625,1385.0,23,34.63636363636363,43.72727272727273,1515.060606060606,33,1,GERMINATED
pg2_2,2,0.4437909162479234,0.0,13.038404810405298,1.370609519881269,6.884626083522331,3.657709585119685,19.5,11.0,314.5,514.5,40.07216494845361,8.721637298619354,31.0,60.0,28.0,47.94845360824742,9.064910407800843,38.0,65.0,27.0,1989.556701030928,840.6879236252433,1209.0,3900.0,2684.0,0.9791179404930692,0.0526610737090703,0.5348703170028818,1,69,1,29,97,69,35.28125,39.8125,1405.21875,4,35.625,44.21875,1576.625,32,49.03030303030303,59.45454545454545,2956.6060606060605,33,1,GERMINATED
pg2_2,3,0.9002795797192918,0.5,4.123105625617661,0.970618794896906,11.02549967609917,6.340734199788618,44.0,31.5,404.0,459.0,61.8041237113402,29.169126163451228,39.0,148.0,108.0,74.77319587628865,40.73386219058577,39.0,170.0,129.0,5786.577319587629,6148.171981837242,1599.0,25160.0,23520.0,0.9618660218766754,0.0348948717866287,0.782608695652174,1,74,1,24,97,74,39.875,41.4375,1651.53125,9,48.8125,55.625,2787.3125,32,95.66666666666669,125.66666666666669,12704.69696969697,33,1,GERMINATED
pg2_2,4,0.7177795195175856,0.5,8.381527307120106,1.0485112754255137,9.82026271457064,3.83820261855161,42.5,16.5,449.0,337.0,66.77319587628865,21.44833406389111,50.0,133.0,81.0,45.845360824742265,10.1842208718543,37.0,74.0,35.0,3278.577319587629,1948.2461519951603,1850.0,9842.0,7814.0,0.9709793053691754,0.0388336201694908,0.6992525570416994,1,79,1,19,97,79,51.71875,38.90625,2012.59375,14,54.9375,39.90625,2205.03125,32,92.84848484848484,58.333333333333336,5547.212121212121,33,1,GERMINATED
pg2_2,5,1.263730121171017,1.118033988749895,8.514693182963201,1.2987841804979583,7.345782227015018,24.62143065474565,27.5,81.0,344.5,360.5,61.02061855670103,21.20541624132625,36.0,98.0,62.0,75.42268041237114,49.39360847077123,38.0,193.0,155.0,5525.443298969072,5319.663695612145,1368.0,18914.0,17546.0,0.9559926559455856,0.0585355123457111,0.5773517610343291,1,79,1,19,97,79,38.90625,39.75,1547.4375,14,58.21875,47.1875,2817.0,32,85.18181818181819,137.3939393939394,12009.272727272728,33,1,GERMINATED
pg2_2,6,0.8762524700849325,0.6035533905932737,3.5355339059327378,0.8987226724654208,18.70941173215136,6.362633203792496,68.0,22.5,414.0,270.5,77.96907216494846,44.158676771283226,42.0,190.0,148.0,45.2680412371134,10.963402534447056,36.0,79.0,43.0,3997.226804123711,3484.198730543468,1512.0,15010.0,13498.0,0.9693164418549142,0.0337169181868898,0.7881773399014779,1,70,1,28,97,70,44.6875,38.96875,1741.5625,5,54.3125,39.25,2162.21875,32,133.1818181818182,57.21212121212121,7963.939393939394,33,1,GERMINATED
pg2_2,7,0.5681022789525808,0.5,3.8078865529319534,0.7254089425849515,6.27832512310136,9.291522723207915,24.0,29.0,288.5,202.5,59.72164948453608,29.628887501875404,37.0,121.0,84.0,59.96907216494845,19.093612905322487,44.0,107.0,62.0,4138.680412371134,3475.6839378758355,1628.0,12947.0,11282.0,0.9726736585808324,0.039111187150586,0.7951754385964912,1,61,1,37,97,61,37.25,44.5625,1660.25,0,42.71875,50.84375,2191.0625,28,98.0,83.75757575757575,8430.60606060606,33,1,GERMINATED
pg2_2,8,1.0643758701229096,0.7071067811865476,3.0,0.9409214493074146,8.812723654117798,24.03799535180777,24.0,81.0,253.5,347.0,67.0618556701031,25.770923611174343,40.0,107.0,67.0,81.34020618556701,51.94403939648385,39.0,202.0,162.0,6715.628865979382,6391.5460713232105,1600.0,21614.0,20014.0,0.9672605866582864,0.0342449204753921,0.7987987987987988,1,62,1,36,97,62,41.65625,41.03125,1709.46875,0,58.90625,54.40625,3411.875,29,99.6060606060606,146.54545454545453,14773.727272727272,33,1,GERMINATED
pg2_2,9,1.264834722905068,1.0,13.536986370680884,1.5841616469709334,2.317478995749071,25.137978257968086,10.0,89.5,159.5,356.0,52.04123711340206,7.3889266909888995,42.0,71.0,29.0,88.94845360824742,64.33231557705334,36.0,231.0,195.0,5050.690721649485,4372.442591232646,1512.0,16401.0,14889.0,0.9640256164239368,0.0567077820141717,0.4827586206896552,1,81,1,17,97,81,44.21875,37.5625,1666.71875,16,52.0,56.0,2911.3125,32,59.66666666666666,170.72727272727272,10406.666666666666,33,1,GERMINATED
pg2_3,0,0.4375858266574801,0.5,2.8284271247461903,0.5012254758507623,4.038435279517939,4.475628076450485,13.5,14.0,208.0,431.0,41.65979381443299,10.19286853783823,31.0,61.0,30.0,60.39175257731959,26.559622366054867,35.0,119.0,84.0,2781.1546391752577,1920.5248602851573,1085.0,7259.0,6174.0,0.9720769099417148,0.0338636876238172,0.7889530090684254,1,60,1,38,97,60,33.6875,38.03125,1282.625,0,35.46875,47.78125,1715.1875,27,55.39393939393939,94.3030303030303,5267.939393939394,33,1,GERMINATED
pg2_3,1,0.4034241793643796,0.5,3.1622776601683795,0.5039003851663973,3.5217919283584997,2.9587000244767943,15.5,9.5,285.0,457.0,43.28865979381443,6.611390924489696,35.0,64.0,29.0,43.76288659793814,3.3329755006856714,37.0,50.0,13.0,1912.0618556701031,426.2306818050766,1295.0,3200.0,1905.0,0.9806845379055468,0.0279164526194707,0.8048780487804879,1,59,1,39,97,59,38.0625,40.53125,1543.625,0,40.46875,43.21875,1751.59375,26,51.09090909090909,47.42424242424242,2424.939393939394,33,1,GERMINATED
pg2_3,2,0.3978346255625518,0.5,3.0,0.4793208153594391,2.752615930846225,3.244475835267872,15.5,10.5,372.0,416.0,60.5360824742268,18.792443017072024,44.0,107.0,63.0,41.01030927835052,8.490740675814715,32.0,58.0,18.0,2630.144329896907,1391.588367784974,1440.0,5778.0,4194.0,0.978872542203994,0.0264463579980725,0.8712871287128713,1,70,1,28,97,70,44.6875,35.03125,1564.03125,5,52.75,35.53125,1884.6875,32,83.45454545454545,52.121212121212125,4386.818181818182,33,1,GERMINATED
pg2_3,3,0.445281502012936,0.5,4.0,0.5348825889530372,6.072729394590673,1.130594637455799,18.5,4.0,323.5,367.5,49.402061855670105,9.676903945764645,38.0,65.0,26.0,48.72164948453608,4.574114230158772,43.0,59.0,14.0,2448.020618556701,709.5040808987559,1710.0,3776.0,2066.0,0.9803624936381524,0.0255772396406813,0.8095238095238095,1,70,1,28,97,70,39.1875,44.6875,1750.1875,5,47.65625,47.09375,2251.5,32,61.0,54.21212121212121,3315.2727272727275,33,1,GERMINATED
pg2_3,4,0.4611478751712161,0.5,3.0413812651491097,0.6277845733676528,1.7230378993243989,8.860931192873942,7.5,23.5,404.5,360.0,48.0,11.533903408432533,35.0,66.0,30.0,44.09278350515464,4.839874059507424,38.0,55.0,15.0,2169.4845360824743,763.3010527855622,1330.0,3575.0,2145.0,0.9749031658661548,0.0352627339439872,0.8221771467207573,1,79,1,19,97,79,37.21875,39.9375,1487.53125,14,43.6875,41.78125,1829.5625,32,62.63636363636363,50.36363636363637,3160.3939393939395,33,1,GERMINATED
pg2_3,5,0.1627907959132128,0.0,1.8027756377319943,0.3054354652502052,0.8169737219034617,1.5672307224258133,3.5,4.0,200.5,264.5,38.71134020618557,2.5442831120696536,34.0,45.0,9.0,42.2680412371134,3.297970209606833,37.0,48.0,11.0,1643.2061855670104,230.5074607171639,1326.0,2160.0,828.0,0.9902760303123496,0.020623203676097,0.8786127167630058,1,65,1,33,97,65,37.90625,38.9375,1476.09375,0,36.5,41.34375,1510.96875,32,41.63636363636363,46.39393939393939,1933.4848484848485,33,1,GERMINATED
pg2_3,6,0.1639858404908258,0.0,2.5,0.3908914735812453,1.0111242242340055,1.0336047719170542,5.0,3.0,285.0,178.0,41.54639175257732,1.3997099740583303,36.0,44.0,4.0,44.2680412371134,1.4252181161884914,39.0,48.0,7.0,1840.659793814433,114.1161360508407,1548.0,2112.0,468.0,0.9906147156058116,0.0263054662209757,0.8217391304347826,1,41,1,57,97,41,41.03125,43.40625,1781.53125,0,40.59375,43.9375,1783.8125,8,42.96969696969697,45.42424242424242,1953.121212121212,33,1,GERMINATED
pg2_3,7,0.09370158742143,0.0,2.5,0.3409105638062629,0.2784459553828763,0.5158761238431671,1.5,4.5,416.5,206.0,38.175257731958766,1.450277678910274,35.0,40.0,5.0,35.597938144329895,2.054212638259288,33.0,39.0,5.0,1361.8659793814434,130.55122065201664,1155.0,1560.0,365.0,0.9939427450200476,0.0231968870447531,0.8227936066712995,1,39,1,59,97,39,37.03125,33.9375,1256.8125,0,37.4375,34.5625,1295.09375,6,40.0,38.21212121212121,1528.4848484848485,33,1,GERMINATED
pg2_3,8,1.138233285444571,1.118033988749895,6.020797289396148,1.0746840564739906,23.189768955438318,9.468795768993608,68.5,32.5,359.0,272.5,100.94845360824742,65.37400270418995,41.0,227.0,186.0,54.95876288659794,20.627235286944117,33.0,105.0,71.0,6873.422680412371,6782.294315507549,1353.0,23730.0,22255.0,0.9623016208139648,0.0320990110827027,0.8636363636363636,1,79,1,19,97,79,42.8125,37.125,1590.125,14,73.6875,46.4375,3543.71875,32,183.75757575757572,80.51515151515152,15225.424242424242,33,1,GERMINATED
pg2_3,9,0.4340965302515203,0.0,2.549509756796392,0.5628219396549181,4.765000423507781,1.522391068978017,13.0,5.5,278.0,271.5,42.43298969072165,6.235758564616046,37.0,56.0,19.0,49.144329896907216,3.6126629830794297,46.0,58.0,11.0,2107.639175257732,478.2655559105776,1702.0,3192.0,1490.0,0.9781355127402848,0.0302549103210584,0.8572949946751863,1,68,1,30,97,68,37.15625,46.09375,1712.75,3,39.8125,47.625,1898.1875,32,50.09090909090909,53.57575757575758,2693.6666666666665,33,1,GERMINATED
pg2_5,0,0.081795312034998,0.0,5.852349955359813,0.60041404624567,0.5537339794637436,0.3657978350352613,5.5,2.0,270.0,154.0,37.7319587628866,0.583545224663295,35.0,38.0,2.0,36.876288659793815,0.3292519468592023,36.0,37.0,1.0,1391.5567010309278,31.476048518737496,1260.0,1406.0,110.0,0.9948188705769914,0.034773480108456,0.6640625,0,0,0,0,0,0,37.1875,36.625,1362.21875,0,38.0,37.0,1406.0,0,38.0,37.0,1406.0,0,0,NON-GERMINATED
pg2_5,1,0.4241722327023856,0.0,4.123105625617661,0.7446159526925765,4.944080971868566,2.375187033598479,17.5,8.0,312.0,412.5,39.78350515463917,3.1269589460006397,34.0,49.0,14.0,40.4639175257732,4.40726171074653,34.0,52.0,16.0,1621.7113402061857,306.5015416372957,1156.0,2548.0,1288.0,0.9730316926922944,0.0475284266522528,0.7560975609756098,1,64,1,34,97,64,37.3125,37.65625,1405.6875,0,38.5625,38.3125,1479.1875,31,43.36363636363637,45.27272727272727,1969.3939393939395,33,1,GERMINATED
pg2_5,2,0.5198391454214816,0.5,4.301162633521313,0.6085986057225762,9.618808076183967,1.5660265495838466,29.0,7.5,456.0,417.0,57.67010309278351,19.524091197870742,36.0,94.0,58.0,49.577319587628864,5.999716576718981,42.0,61.0,18.0,2972.969072164949,1371.576506231253,1548.0,5734.0,4186.0,0.9779785497807522,0.0317114364909561,0.7454545454545455,1,72,1,26,97,72,39.4375,43.65625,1721.25,7,50.53125,48.03125,2449.40625,32,82.27272727272727,56.81818181818182,4694.454545454545,33,1,GERMINATED
pg2_5,3,0.430415627590891,0.25,6.020797289396148,0.765229194985968,1.814901532755908,3.214635664110407,10.5,11.0,440.0,338.5,48.55670103092783,6.905800747354639,42.0,65.0,23.0,39.95876288659794,4.646065902078622,32.0,55.0,17.0,1969.40206185567,526.7498606225272,1344.0,3575.0,1979.0,0.9773150707387668,0.0401697140241795,0.7326732673267327,1,69,1,29,97,69,42.09375,37.34375,1571.65625,4,46.5625,37.59375,1752.71875,32,56.75757575757576,44.78787878787879,2565.212121212121,33,1,GERMINATED
pg2_5,4,0.4679863641536774,0.5,4.123105625617661,0.5422265175178682,4.372051790444291,2.464165539862035,15.5,9.0,507.0,265.0,56.4639175257732,20.812893434277708,38.0,99.0,61.0,46.7319587628866,8.225576737110494,38.0,64.0,26.0,2804.3505154639174,1574.320216849211,1444.0,6336.0,4892.0,0.9742819279220392,0.032967157277076,0.7717791411042945,1,73,1,25,97,73,39.5,39.6875,1568.59375,8,45.78125,43.15625,1981.0625,32,83.27272727272727,57.03030303030303,4801.0,33,1,GERMINATED
pg2_5,5,1.220016172278163,1.118033988749895,5.220153254455275,1.127819669116657,26.08620954468031,9.828803479047563,78.0,40.0,389.0,546.5,105.16494845360825,76.10921079123987,41.0,256.0,215.0,67.65979381443299,39.67779679771011,39.0,161.0,117.0,9989.23711340206,12346.369371402974,1681.0,41216.0,39412.0,0.9527454007587663,0.0513028972413833,0.7367920038077106,1,61,1,37,97,61,41.0625,42.875,1760.4375,0,68.9375,42.1875,2953.1875,28,202.45454545454547,116.3939393939394,24791.515151515152,33,1,GERMINATED
pg2_5,6,0.3766821863978058,0.0,6.800735254367722,0.8362155008034127,4.317292651176405,2.338002504835181,17.0,13.5,280.5,311.0,39.7319587628866,1.869535825943185,36.0,44.0,-3.0,35.51546391752577,3.201524772238184,32.0,42.0,6.0,1405.6701030927834,67.02157240792407,1280.0,1554.0,126.0,0.9775495258296466,0.0496758105161082,0.6547978273989137,0,0,0,0,0,0,41.0625,33.5,1375.46875,0,40.5,33.84375,1370.625,0,37.696969696969695,39.09090909090909,1468.939393939394,0,0,NON-GERMINATED
pg2_5,7,0.8053215458557498,0.6035533905932737,7.158910531638177,0.9681914623567518,10.371838532362355,5.750831128387747,34.5,16.5,247.0,321.5,68.51546391752578,30.530739419919858,39.0,122.0,83.0,53.58762886597938,21.085859128868,36.0,109.0,68.0,4277.19587628866,3613.606444945557,1512.0,13298.0,11699.0,0.9597804540746228,0.0496086978565456,0.6530612244897959,1,67,1,31,97,67,42.5,39.875,1694.65625,2,53.03125,41.09375,2229.0625,32,108.75757575757576,79.0,8767.545454545454,33,1,GERMINATED
pg2_5,8,0.4733851010391094,0.5,4.031128874149275,0.603695463607984,4.4432929892083095,5.21563906431292,15.5,15.5,349.5,217.0,54.01030927835052,10.921929935345416,43.0,73.0,30.0,63.07216494845361,27.253770162979347,37.0,123.0,86.0,3695.40206185567,2340.760439746966,1591.0,8979.0,7388.0,0.9773438800976196,0.0308010652040095,0.7724839400428265,1,74,1,24,97,74,43.4375,39.90625,1733.53125,9,50.15625,51.15625,2612.125,32,68.0,97.0909090909091,6648.272727272727,33,1,GERMINATED
pg2_5,9,0.6354753732863745,0.5,6.082762530298219,0.8243205585692233,2.4123711340206184,3.0913656543828125,14.0,10.0,302.0,229.0,57.67010309278351,17.81735609847565,43.0,98.0,54.0,37.69072164948454,3.374741913743429,33.0,47.0,6.0,2225.226804123711,904.1999653980688,1419.0,4559.0,2640.0,0.9669245354625544,0.0433584891588339,0.7254901960784313,1,77,1,21,97,77,44.625,36.6875,1636.8125,12,47.59375,34.9375,1665.84375,32,80.0909090909091,41.333333333333336,3338.242424242424,33,1,GERMINATED
pg2_6,0,0.0674180828645789,0.0,4.47213595499958,0.4628226464887652,0.5204398999368465,0.5111156806697129,4.0,2.0,465.5,253.5,30.690721649484537,0.4621961189991731,30.0,31.0,0.0,39.01030927835052,0.1010098863003372,39.0,40.0,0.0,1197.2474226804125,17.81695643639488,1170.0,1209.0,0.0,0.9957239665029894,0.0304791330012639,0.7040169133192389,0,0,0,0,0,0,30.6875,39.0,1196.8125,0,30.375,39.03125,1185.5625,0,31.0,39.0,1209.0,0,0,NON-GERMINATED
pg2_6,1,0.2673045599543224,0.0,4.47213595499958,0.5533104362781284,0.7330469622528322,0.9391916664290216,4.0,4.0,333.5,189.0,41.4639175257732,3.230211303516065,33.0,45.0,12.0,36.154639175257735,2.6177042203559635,32.0,42.0,9.0,1505.0309278350514,206.72749399977687,1056.0,1890.0,789.0,0.9829932099409602,0.0370240329592669,0.7004830917874396,1,73,1,25,97,73,37.4375,33.90625,1269.375,8,42.78125,35.25,1509.59375,32,44.09090909090909,39.21212121212121,1729.121212121212,33,1,GERMINATED
pg2_6,2,0.1435791458721668,0.0,3.1622776601683795,0.3922552683359215,0.8638597033032497,1.2870092522548238,5.0,4.5,197.5,181.5,48.90721649484536,2.2933452549244784,43.0,51.0,8.0,39.52577319587629,1.7056170604233858,35.0,41.0,5.0,1936.8041237113405,166.67467164678027,1505.0,2091.0,535.0,0.992534427350923,0.0216816831622456,0.8242424242424242,1,69,1,29,97,69,46.09375,37.5,1731.28125,4,50.0,40.5,2025.0,32,50.57575757575758,40.54545454545455,2050.575757575757,33,1,GERMINATED
pg2_6,3,0.1462034781867993,0.0,5.0,0.5791332975226131,1.076344944611944,1.0914697413099148,6.0,4.5,423.5,370.0,40.20618556701031,1.6680017326123715,39.0,43.0,4.0,41.381443298969074,0.4857409892531855,41.0,42.0,-1.0,1663.3298969072166,59.70282447677695,1599.0,1763.0,125.0,0.9919380845661762,0.0336229444897298,0.7142857142857143,1,57,1,41,97,57,39.0,41.34375,1612.40625,0,39.125,41.8125,1635.8125,24,42.42424242424242,41.0,1739.3939393939395,33,1,GERMINATED
pg2_6,4,0.1497701758494019,0.0,2.549509756796392,0.379783571383368,1.7064736418592268,0.9102573218409944,6.5,4.0,316.5,323.5,43.98969072164948,2.258979084074274,39.0,49.0,10.0,42.50515463917526,2.315896260964778,37.0,50.0,12.0,1874.6701030927836,197.7285300112296,1443.0,2450.0,958.0,0.992208658424839,0.0236641469672852,0.8178016726403823,1,17,1,81,97,17,41.375,40.34375,1669.8125,0,44.4375,42.3125,1880.625,0,46.09090909090909,44.78787878787879,2067.5454545454545,17,1,GERMINATED
pg2_6,5,0.868342268561852,0.7071067811865476,5.70087712549569,1.0734205627939388,7.5642674598583906,16.096940361444275,29.5,53.5,365.5,492.0,47.79381443298969,8.707075146973834,39.0,72.0,31.0,81.47422680412372,45.70435986861764,39.0,176.0,137.0,4271.80412371134,3240.872046444644,1560.0,12672.0,11073.0,0.96643368547887,0.0471639164677061,0.7323943661971831,1,66,1,32,97,66,41.4375,40.90625,1695.21875,1,43.90625,62.875,2806.28125,32,57.72727272727273,138.84848484848484,8191.424242424242,33,1,GERMINATED
pg2_6,6,1.2187121338258666,1.0590169943749477,4.527692569068709,1.063921160079826,25.36978510721836,13.114216566807272,88.5,35.0,280.5,415.5,85.94845360824742,56.28688868479815,43.0,228.0,183.0,69.25773195876289,35.04085343265741,38.0,127.0,86.0,7850.453608247422,8568.517205048294,1710.0,28500.0,26745.0,0.962605072091845,0.0385211408081828,0.7567567567567568,3,70,1,27,97,69,44.5625,39.0,1738.0,5,55.59375,52.3125,3064.6875,32,155.5151515151515,115.03030303030305,18418.424242424244,33,1,GERMINATED
pg2_6,7,0.1047942446242656,0.0,4.272001872658765,0.4781228917621105,0.7997502001327619,1.038349573789932,6.0,3.0,100.5,255.5,52.577319587628864,1.1826499298721638,51.0,55.0,4.0,42.44329896907217,3.958467557712562,37.0,47.0,8.0,2235.814432989691,254.579472528572,1924.0,2585.0,596.0,0.99399910956475,0.0238940081010038,0.7947897623400365,1,64,1,34,97,64,51.25,37.96875,1945.84375,0,52.625,42.53125,2239.53125,31,53.81818181818182,46.696969696969695,2513.3939393939395,33,1,GERMINATED
pg2_6,8,0.8088526668560219,1.0,3.0,0.6140092534481066,2.15493511507809,16.063129391154284,7.5,56.0,386.5,168.5,39.91752577319588,4.23940791210424,34.0,50.0,16.0,71.68041237113403,40.65990359868913,39.0,167.0,128.0,3008.0,2095.802658530892,1326.0,8350.0,7024.0,0.9721281301553294,0.0248242354929009,0.8378378378378378,1,48,1,50,97,48,36.65625,40.0625,1469.21875,0,39.28125,51.1875,2000.0,15,43.696969696969695,122.21212121212122,5477.606060606061,33,1,GERMINATED
pg2_6,9,1.2478147818526155,0.7071067811865476,6.670832032063167,1.329841758828261,11.347497655883036,24.39219592454662,39.5,89.5,141.0,385.0,64.25773195876289,32.56532795085458,39.0,132.0,91.0,82.30927835051547,51.93142997325272,43.0,229.0,186.0,6944.123711340206,8084.486262529326,1763.0,30228.0,28465.0,0.9608314216556588,0.0481401778452146,0.69221260815822,1,76,1,22,97,76,42.15625,46.78125,1973.5,11,43.75,54.78125,2441.625,32,105.57575757575758,143.45454545454547,16130.181818181818,33,1,GERMINATED
pg2_7,0,0.0734323932999624,0.0,2.549509756796392,0.3015988234076956,1.2746246001027757,0.3900532868534559,3.5,1.0,271.5,232.0,43.329896907216494,0.6692302007058756,39.0,44.0,4.0,38.7319587628866,0.7801065737069118,38.0,40.0,-1.0,1678.5567010309278,53.48705770272022,1521.0,1760.0,113.0,0.9964002669716696,0.015507207121213,0.8642045454545455,0,0,0,0,0,0,43.78125,39.625,1734.96875,0,43.21875,38.59375,1668.09375,0,43.0,38.0,1634.0,0,0,NON-GERMINATED
pg2_7,1,0.1617081853231202,0.0,4.609772228646444,0.5772568430079486,1.0762708850291949,0.3280392283855117,5.5,3.0,138.0,299.0,40.350515463917525,1.316362037073185,37.0,41.0,-1.0,37.381443298969074,0.6802561520133453,37.0,39.0,1.0,1507.6907216494844,34.56425685670881,1369.0,1558.0,1.0,0.991114832621222,0.0325045423438951,0.7263039820527202,3,17,1,80,97,16,40.90625,37.3125,1526.28125,0,41.0,37.0,1517.0,0,39.18181818181818,37.81818181818182,1480.6363636363635,17,1,GERMINATED
pg2_7,2,0.0608766344050115,0.0,3.0413812651491097,0.3629196909099659,0.3821392369659926,0.6891041223533363,3.0,2.5,186.0,198.5,39.75257731958763,0.6585038937184047,38.0,40.0,2.0,37.65979381443299,0.918162642400508,35.0,38.0,2.0,1497.6701030927834,59.7111123763951,1330.0,1520.0,152.0,0.9963654225126348,0.0214685895351145,0.8316361167684997,0,0,0,0,0,0,39.25,36.96875,1452.3125,0,40.0,38.0,1520.0,0,40.0,38.0,1520.0,0,0,NON-GERMINATED
pg2_7,3,0.6570621562487414,0.5,9.513148795220223,1.087590297933504,2.861377303375287,5.03927079903354,16.0,21.0,112.5,400.5,63.97938144329897,22.867606125842425,41.0,127.0,86.0,47.402061855670105,10.681576579465132,37.0,73.0,28.0,3268.041237113402,1969.4256576423272,1599.0,8509.0,6910.0,0.9710169369274598,0.0373122473205555,0.717999019127023,1,75,1,23,97,75,44.1875,39.15625,1729.59375,10,54.53125,41.875,2309.84375,32,92.33333333333331,60.75757575757576,5689.030303030303,33,1,GERMINATED
pg2_7,4,0.8563650985646438,0.5,2.692582403567252,0.8483889544073331,10.28106965449191,22.200229652421555,30.0,57.5,296.5,138.5,68.6082474226804,21.975880265038715,45.0,107.0,61.0,72.97938144329896,50.65569637143605,32.0,161.0,127.0,6088.484536082474,5878.948393082198,1440.0,17227.0,15663.0,0.9712737767158768,0.0274435010807578,0.9083870967741936,1,84,1,14,97,84,47.0,32.5625,1529.875,19,62.34375,44.90625,2910.96875,32,95.63636363636364,139.3939393939394,13590.181818181818,33,1,GERMINATED
pg2_7,5,0.5998042390103685,0.5,2.8284271247461903,0.6225999583990718,3.1992748806456235,4.806589783406253,17.0,22.5,384.5,224.0,42.98969072164948,5.674131652282989,35.0,65.0,28.0,64.4639175257732,34.73554341601077,34.0,149.0,113.0,2935.8762886597938,2058.901069396362,1190.0,9685.0,8353.0,0.9679684734137908,0.0322860548934857,0.7628205128205128,1,66,1,32,97,66,38.28125,39.0,1493.96875,1,42.46875,45.375,1936.9375,32,48.06060606060606,107.66666666666669,5302.757575757576,33,1,GERMINATED
pg2_7,6,0.7752484966143482,0.5,5.522680508593631,0.9778964337617044,12.429163727201995,9.60379692069067,47.5,30.5,421.5,294.5,63.1958762886598,24.36265486491917,42.0,129.0,87.0,46.865979381443296,19.40380920514521,32.0,99.0,65.0,3422.1237113402062,3053.745613726739,1344.0,12771.0,11343.0,0.9663406880201336,0.0511318646294878,0.6841186736474695,1,70,1,28,97,70,46.40625,36.25,1684.53125,5,49.625,36.15625,1804.0,32,92.63636363636364,67.54545454545455,6676.151515151515,33,1,GERMINATED
pg2_7,7,0.7129472653464748,0.5,3.2015621187164243,0.8114017891905649,13.514152586049743,9.56213493353828,46.0,36.0,428.5,390.5,65.62886597938144,33.39742554052057,39.0,159.0,120.0,51.31958762886598,20.22581100370972,35.0,111.0,76.0,4036.7113402061855,4007.957561350013,1365.0,17649.0,16284.0,0.9695925702894268,0.0315179593000463,0.8154981549815498,1,70,1,28,97,70,41.5625,35.5625,1477.09375,5,48.28125,43.625,2134.0,32,105.78787878787878,74.06060606060606,8363.818181818182,33,1,GERMINATED
pg2_7,8,1.3469899088842594,1.0,8.54400374531753,1.4880403283168462,21.96720228899368,11.573015604856124,85.5,37.5,412.5,438.0,88.30927835051547,67.7301134239983,35.0,255.0,220.0,60.23711340206186,27.494994182025465,39.0,122.0,83.0,7164.690721649485,8741.00949885001,1365.0,31110.0,29745.0,0.9617146197512548,0.0494509944976214,0.6206896551724138,1,70,1,28,97,70,36.21875,40.625,1471.03125,5,54.0625,45.84375,2561.96875,32,172.03030303030303,93.21212121212122,17149.060606060608,33,1,GERMINATED
pg2_7,9,0.6834945005050533,0.5,2.5,0.587652335806936,4.336078062265209,6.886601796406105,16.5,24.5,264.0,435.0,75.15463917525773,27.718518952336588,45.0,123.0,76.0,51.04123711340206,16.902947663252817,35.0,95.0,56.0,4291.01030927835,2942.5449308373886,1575.0,11590.0,9796.0,0.9716268983695036,0.0262194557755957,0.8779264214046822,1,80,1,18,97,80,47.28125,37.125,1752.59375,15,68.0,43.59375,3084.375,32,109.12121212121212,71.75757575757575,7922.575757575758,33,1,GERMINATED
pg2_9,0,0.0823784053457915,0.0,5.408326913195984,0.5576039200597658,0.94982531914569,0.4545444883515174,5.5,4.5,357.5,223.0,41.58762886597938,0.5515223041276395,39.0,42.0,3.0,37.98969072164948,0.1010098863003372,37.0,38.0,1.0,1579.9278350515465,23.10453493339037,1443.0,1596.0,153.0,0.9954886191367932,0.0321948573078693,0.6859550561797753,0,0,0,0,0,0,41.25,37.96875,1566.28125,0,41.5,38.0,1577.0,0,42.0,38.0,1596.0,0,0,NON-GERMINATED
pg2_9,1,0.1691713696210662,0.0,7.826237921249264,0.8101091784653881,1.2074405313873935,0.788171130867934,10.0,3.5,87.0,437.0,39.8041237113402,0.3968737434004156,39.0,40.0,0.0,34.5360824742268,0.4986963555648588,34.0,35.0,-1.0,1374.618556701031,20.493621486409577,1326.0,1400.0,-40.0,0.9907550064214972,0.0428386635127606,0.5889464594127807,0,0,0,0,0,0,39.84375,34.34375,1368.375,0,39.78125,34.84375,1386.09375,0,39.78787878787879,34.42424242424242,1369.5454545454545,0,0,NON-GERMINATED
pg2_9,2,0.2409036755265055,0.0,8.06225774829855,0.892262341346135,1.0141154896652549,1.5791378240684215,9.0,6.0,353.5,491.5,46.55670103092783,0.4967745898208972,46.0,47.0,0.0,39.01030927835052,0.1010098863003372,39.0,40.0,0.0,1816.19587628866,20.363014367451235,1794.0,1880.0,0.0,0.9886919651498908,0.0386809011280967,0.6785714285714286,0,0,0,0,0,0,46.59375,39.0,1817.15625,0,46.5625,39.03125,1817.40625,0,46.51515151515152,39.0,1814.090909090909,0,0,NON-GERMINATED
pg2_9,3,0.1221542919118422,0.0,6.726812023536855,0.6946036008406878,0.4545444883515176,1.039960429931422,4.5,5.0,411.5,431.0,44.01030927835052,0.1010098863003372,44.0,45.0,-1.0,45.876288659793815,0.3292519468592023,45.0,46.0,0.0,2019.0309278350517,15.382714631962736,1980.0,2070.0,-46.0,0.9942802641059256,0.0340973374322172,0.6682966585167074,0,0,0,0,0,0,44.03125,45.875,2019.9375,0,44.0,45.84375,2017.125,0,44.0,45.90909090909091,2020.0,0,0,NON-GERMINATED
pg2_9,4,0.1876323838494842,0.0,7.810249675906654,0.8283406637354143,0.7054514959638366,1.6401961419275584,5.5,6.0,503.5,338.5,40.95876288659794,1.8772513673865188,38.0,43.0,-4.0,45.7319587628866,1.7321428473599758,41.0,48.0,-3.0,1876.2577319587629,154.93518953317457,1558.0,2064.0,-305.0,0.9895909963655772,0.0444160697777123,0.6272141706924316,1,46,1,52,97,46,42.8125,47.34375,2026.875,0,41.125,45.90625,1890.90625,13,39.0,44.0,1716.0,33,1,GERMINATED
pg2_9,5,0.3420059532510164,0.0,6.946221994724902,0.7466666556151615,1.3651719068348018,1.5185465526917847,6.0,4.5,369.5,328.0,49.36082474226804,3.389448658174089,47.0,56.0,9.0,35.649484536082475,2.030901669201898,33.0,38.0,2.0,1761.298969072165,174.92043345525502,1551.0,2072.0,427.0,0.9817341354467496,0.0415058980493288,0.6479012345679013,3,59,1,36,97,58,47.1875,37.53125,1771.03125,0,47.375,33.5,1586.90625,26,53.39393939393939,35.90909090909091,1920.969696969697,33,1,GERMINATED
pg2_9,6,0.2365095136051872,0.0,4.031128874149275,0.6322914016819337,1.8896375715946552,1.7310380468771978,5.5,5.0,286.5,104.0,40.56701030927835,2.1245119099604555,37.0,43.0,2.0,43.83505154639175,2.023982052256994,40.0,46.0,3.0,1781.8144329896909,167.87644756593735,1554.0,1978.0,201.0,0.9875709908738228,0.0365502650999583,0.7621440536013401,3,67,1,30,97,66,38.03125,41.90625,1593.625,2,41.46875,43.71875,1815.25,32,42.15151515151515,45.81818181818182,1931.878787878788,33,1,GERMINATED
pg2_9,7,0.1522739212107391,0.0,6.082762530298219,0.6436712304578367,0.9566821452099676,0.8444173764835147,8.0,3.5,213.0,162.5,41.65979381443299,2.5601489886499675,37.0,45.0,-7.0,38.67010309278351,2.555453636507802,34.0,42.0,-7.0,1617.505154639175,202.1534644009496,1258.0,1890.0,-546.0,0.9915953671892456,0.0306708651373906,0.7279693486590039,0,0,0,0,0,0,44.3125,41.28125,1829.4375,0,42.25,39.3125,1661.625,0,38.51515151515152,35.51515151515152,1369.2121212121212,0,0,NON-GERMINATED
pg2_9,8,0.5470628560156588,0.5,4.609772228646444,0.6167736469467471,2.2469852028573576,9.91084714147834,11.0,27.0,239.5,272.0,51.21649484536083,10.001264666550217,42.0,72.0,29.0,63.48453608247423,29.89090590317757,35.0,112.0,70.0,3535.3505154639174,2344.7130527677205,1505.0,7840.0,6113.0,0.9735063744225126,0.0322664225062558,0.7292225201072386,1,81,1,17,97,81,42.6875,36.78125,1569.90625,16,47.4375,50.21875,2420.34375,32,63.15151515151515,102.24242424242424,6522.454545454545,33,1,GERMINATED
pg2_9,9,0.4486941663400581,0.5,6.082762530298219,0.8457778737700976,2.4613064714048085,8.29414600197083,8.5,24.0,214.5,326.0,39.20618556701031,3.1977380676143627,34.0,45.0,2.0,60.88659793814433,20.531030720511662,39.0,92.0,42.0,2440.7938144329896,994.7971034714268,1326.0,4140.0,1814.0,0.9784151391966984,0.0441851693952939,0.703579418344519,1,77,1,21,97,77,37.875,42.1875,1603.03125,12,36.84375,52.4375,1945.375,32,42.78787878787879,87.21212121212122,3733.5757575757575,33,1,GERMINATED
pg3_1,0,0.145241403736316,0.0,3.5,0.4205016067833405,0.5293992608852688,0.9320066587455312,2.5,6.5,359.0,246.5,39.4639175257732,1.300767859429897,38.0,43.0,-5.0,35.83505154639175,1.0422063468948546,34.0,37.0,-3.0,1415.1443298969073,80.93206896797807,1292.0,1591.0,-299.0,0.9919778824943192,0.0224628257404091,0.825,0,0,0,0,0,0,40.96875,36.71875,1504.3125,0,39.15625,36.25,1419.46875,0,38.30303030303031,34.57575757575758,1324.4848484848485,0,0,NON-GERMINATED
pg3_1,1,0.3083996148968337,0.0,4.123105625617661,0.652474528901181,1.6313924032386171,1.9250351794525409,7.0,11.0,290.0,463.0,38.76288659793814,6.690157712958146,35.0,68.0,30.0,37.48453608247423,2.9008118382382206,34.0,48.0,14.0,1470.2680412371135,401.17388356537634,1225.0,3264.0,1972.0,0.9779072468738064,0.043510962681816,0.7530529172320217,3,62,1,31,97,61,35.1875,34.9375,1229.1875,1,37.03125,37.09375,1374.28125,28,43.90909090909091,40.333333333333336,1797.121212121212,33,1,GERMINATED
pg3_1,2,1.0896622966100613,0.5,10.04987562112089,1.4948281103011432,4.796562786050773,8.147454705249281,30.0,27.5,186.0,405.0,81.08247422680412,58.191590794882266,35.0,218.0,183.0,53.78350515463917,24.989163343759778,36.0,137.0,101.0,5774.835051546392,7027.262331071697,1260.0,29866.0,28606.0,0.9590764538038048,0.0585021036664301,0.5625,1,78,1,20,97,78,40.34375,36.46875,1472.40625,13,47.46875,40.71875,1986.5,32,153.1818181818182,83.24242424242425,13620.424242424242,33,1,GERMINATED
pg3_1,3,0.7528143031133222,0.5,20.554804791094465,2.1282915194339966,8.762358989574356,8.325458779927358,27.0,31.5,429.5,464.5,56.02061855670103,21.474501485491515,39.0,99.0,58.0,44.5360824742268,12.007782575686091,37.0,84.0,45.0,2724.8762886597938,1938.0646487239917,1480.0,8316.0,6717.0,0.9689023255676176,0.0745422877533791,0.3183856502242152,1,64,1,34,97,64,41.0,39.0,1599.0,0,43.0625,38.25,1649.0,31,83.15151515151516,56.0,4859.909090909091,33,1,GERMINATED
pg3_1,4,1.0493053268010526,1.118033988749895,3.5,0.9216719397270752,11.469735877934417,22.680033970601578,33.0,73.0,492.5,397.0,63.96907216494845,29.815049686339883,35.0,119.0,81.0,79.18556701030928,56.09625929732505,29.0,192.0,162.0,6726.443298969072,7221.183533758735,1015.0,22272.0,21222.0,0.9632192504573296,0.0422241608673107,0.7878787878787878,1,83,1,15,97,83,36.4375,31.03125,1133.25,18,53.4375,53.09375,3059.25,32,100.87878787878788,151.1818181818182,15706.212121212122,33,1,GERMINATED
pg3_1,5,0.9714560646670386,0.5,12.5,1.689126435297734,10.330174698406934,10.251233500794406,43.0,32.0,473.0,204.5,71.77319587628865,52.59679445264312,34.0,188.0,154.0,49.90721649484536,13.730906123550207,35.0,79.0,32.0,4182.721649484536,3926.05671832574,1190.0,12596.0,11406.0,0.962617976825002,0.0659102099597019,0.6236959761549925,1,73,1,25,97,73,34.5,36.96875,1276.9375,8,42.4375,44.46875,1936.46875,32,136.36363636363637,67.72727272727273,9178.636363636364,33,1,GERMINATED
pg3_1,6,0.3370776848275256,0.0,4.924428900898052,0.6482536548743725,4.074761015104537,5.159399863432936,12.0,19.5,243.0,129.0,49.98969072164948,13.549827742931264,39.0,80.0,40.0,44.95876288659794,11.205592791537477,35.0,67.0,31.0,2398.2474226804125,1320.3356495383327,1400.0,5360.0,3920.0,0.9804398136908582,0.039701396244736,0.7087845968712395,1,78,1,20,97,78,39.65625,35.78125,1418.59375,13,42.6875,39.46875,1690.8125,32,67.0909090909091,59.18181818181818,4034.212121212121,33,1,GERMINATED
pg3_1,7,1.264942518221449,1.0590169943749477,6.576473218982953,1.2743150155785312,4.247059838370337,24.72396659906213,13.0,83.5,298.0,405.5,72.23711340206185,28.41437606081267,40.0,114.0,73.0,79.95876288659794,59.06207070876956,37.0,235.0,193.0,7167.81443298969,7457.733810912728,1680.0,26555.0,24875.0,0.9623527552906368,0.0520233744944651,0.6705179282868526,1,78,1,20,97,78,42.875,40.65625,1743.625,13,67.0,44.9375,3180.875,32,105.78787878787878,152.03030303030303,16293.757575757576,33,1,GERMINATED
pg3_1,8,0.7535423723644955,0.5,4.0,0.8035642847451315,5.976519044694257,6.0898435176536285,18.5,19.0,380.0,342.5,47.23711340206186,7.089666061488978,39.0,62.0,23.0,70.62886597938144,26.476723715633646,39.0,112.0,73.0,3511.8453608247423,1722.121853156057,1521.0,6944.0,5423.0,0.9661605974607532,0.0457305373969779,0.7299270072992701,1,81,1,17,97,81,39.40625,39.84375,1570.40625,16,46.3125,75.15625,3545.46875,32,55.72727272727273,96.0909090909091,5361.848484848485,33,1,GERMINATED
pg3_1,9,0.8806318180099586,0.5,5.408326913195984,1.039835772822713,6.609541986839917,9.026519424897264,26.5,36.0,361.5,360.0,54.47422680412371,27.846076472595417,36.0,134.0,97.0,53.63917525773196,20.896497791217477,34.0,110.0,76.0,3492.463917525773,3427.697162283582,1258.0,14740.0,13482.0,0.960441915799628,0.0534010871268824,0.7028846153846153,1,62,1,36,97,62,36.6875,39.03125,1432.15625,0,39.78125,42.09375,1684.875,29,85.96969696969697,79.0,7243.151515151515,33,1,GERMINATED
pg3_10,0,0.0187789128930416,0.0,1.8027756377319943,0.1830342019875581,0.1515148294505059,0.1010098863003372,1.5,1.0,381.0,404.0,29.989690721649485,0.1010098863003372,29.0,30.0,1.0,36.0,0.0,36.0,36.0,0.0,1079.6288659793815,3.63635590681214,1044.0,1080.0,36.0,0.9985067016317016,0.0145548720912429,0.8566433566433567,0,0,0,0,0,0,29.96875,36.0,1078.875,0,30.0,36.0,1080.0,0,30.0,36.0,1080.0,0,0,NON-GERMINATED
pg3_10,1,0.0812789128930416,0.0,1.8027756377319943,0.2418634015009133,0.8279897404613649,0.4869429145822492,2.5,3.0,133.5,313.5,32.05154639175258,0.8294966057687193,30.0,33.0,-3.0,34.75257731958763,0.9635729027256018,33.0,37.0,4.0,1113.2061855670104,17.38641378833407,1080.0,1155.0,21.0,0.9948670684908484,0.0167326731227194,0.8626790227464195,0,0,0,0,0,0,32.90625,33.78125,1111.59375,0,32.125,34.59375,1111.375,0,31.151515151515152,35.84848484848485,1116.5454545454545,0,0,NON-GERMINATED
pg3_10,2,0.0408759998051212,0.0,2.1213203435596424,0.2811731127021187,0.678300377302927,0.6797091023454405,1.5,1.5,256.5,160.0,37.72164948453608,0.470627307650034,37.0,39.0,-1.0,29.11340206185567,1.3612932651747682,27.0,30.0,2.0,1098.8041237113405,63.761255594238165,999.0,1140.0,48.0,0.99671860804543,0.0225386197912161,0.8329048843187661,0,0,0,0,0,0,37.15625,27.3125,1015.125,0,38.0,30.0,1140.0,0,38.0,30.0,1140.0,0,0,NON-GERMINATED
pg3_10,3,0.1867910076653832,0.0,2.692582403567252,0.3839281001984843,0.7990854587660248,2.6834340620545976,4.5,7.5,445.0,333.0,36.824742268041234,3.697338996524896,31.0,42.0,11.0,36.05154639175258,2.752210485614455,32.0,40.0,7.0,1336.9278350515465,229.56158338323087,1023.0,1680.0,657.0,0.9874873507344744,0.026628924527731,0.8062554300608167,1,81,1,17,97,81,32.25,32.875,1059.75,16,37.3125,35.90625,1340.40625,32,40.78787878787879,39.27272727272727,1602.3333333333333,33,1,GERMINATED
pg3_10,4,0.6051522130298425,0.5,2.1213203435596424,0.6002943436890642,8.105407449893656,10.29359632000776,27.0,32.5,387.0,125.0,44.81443298969072,14.994383757464933,31.0,78.0,45.0,60.51546391752577,39.25205711388103,29.0,143.0,114.0,3294.113402061856,3190.5233577609683,928.0,11154.0,10197.0,0.969893304508202,0.0347315527876995,0.8274547187797903,1,81,1,17,97,81,31.84375,30.1875,961.09375,16,37.9375,39.5625,1549.875,32,64.06060606060606,110.24242424242424,7247.818181818182,33,1,GERMINATED
pg3_10,5,0.8549997484196309,0.7071067811865476,2.9154759474226504,0.7539592806438784,6.869925493676027,4.2025643902937135,31.5,15.5,473.5,210.0,88.22680412371135,56.57319046577713,34.0,212.0,177.0,49.02061855670103,18.53777385262864,31.0,88.0,56.0,5337.164948453608,5124.35415026402,1054.0,18656.0,17536.0,0.9611227305697256,0.039887313576679,0.7907348242811502,1,84,1,14,97,84,35.5,32.40625,1152.15625,19,70.28125,40.6875,2974.0625,32,156.75757575757575,73.21212121212122,11686.848484848484,33,1,GERMINATED
pg3_10,6,0.57439177552602,0.0,3.2015621187164243,0.7058321955026323,13.357700172380229,0.8739811948315135,49.0,4.0,384.5,270.5,51.154639175257735,28.58820325022178,33.0,131.0,98.0,33.30927835051546,4.548390051055605,29.0,47.0,18.0,1830.340206185567,1356.6071602908985,957.0,6157.0,5200.0,0.9744399004329648,0.036569574025772,0.7638062871707731,1,42,1,56,97,42,33.75,30.125,1016.59375,0,34.5625,30.84375,1066.6875,9,84.12121212121212,38.78787878787879,3359.939393939394,33,1,GERMINATED
pg3_10,7,1.186864280798169,1.0590169943749477,6.5,1.0862296468206487,25.18818639294111,3.992054229464478,87.5,15.0,296.0,269.0,94.5979381443299,65.14783502250773,39.0,248.0,209.0,53.2680412371134,21.29494178549883,27.0,76.0,47.0,6128.020618556701,5593.143128995587,1053.0,18352.0,17299.0,0.9588872098305448,0.0517566061992555,0.6384872080088988,1,80,1,18,97,80,41.40625,28.6875,1189.9375,15,63.1875,56.09375,3824.5625,32,176.63636363636363,74.36363636363636,13150.121212121212,33,1,GERMINATED
pg3_10,8,0.7534349392781737,0.5,3.5355339059327378,0.7534935029192763,7.3343360924993295,12.572248428392696,26.0,30.5,306.0,394.0,54.608247422680414,23.589075184552986,36.0,106.0,70.0,60.72164948453608,29.665746941701933,28.0,100.0,72.0,3876.979381443299,3317.5578988084008,1008.0,10600.0,9592.0,0.9677993527786022,0.0396040303127396,0.773109243697479,1,82,1,16,97,82,38.25,30.125,1156.5,17,41.9375,54.125,2288.625,32,82.75757575757575,96.78787878787878,8055.242424242424,33,1,GERMINATED
pg3_10,9,1.2587483648347295,1.5,13.209844813622906,1.5022311364631036,23.538619016084983,7.281697340962036,85.5,23.5,271.5,376.0,105.09278350515464,75.03498599440086,36.0,255.0,218.0,59.29896907216495,23.255268751626662,34.0,97.0,63.0,7941.948453608247,7822.9832530003805,1224.0,24735.0,23477.0,0.9613259404247914,0.0544136156063409,0.5391282182003568,1,80,1,18,97,80,37.28125,34.6875,1294.34375,15,75.28125,54.71875,4430.4375,32,199.75757575757572,87.60606060606061,17793.21212121212,33,1,GERMINATED
pg3_11,0,0.0729166666666666,0.0,2.5,0.2973771338254208,1.2380795196648309,0.3366733153156274,6.0,1.0,452.5,383.5,31.02061855670103,0.3793478245974041,30.0,32.0,0.0,33.855670103092784,0.673346630631255,33.0,35.0,-2.0,1050.319587628866,28.34381926543421,990.0,1120.0,-62.0,0.995564498480844,0.0177764199756589,0.8529411764705882,0,0,0,0,0,0,31.25,34.5,1078.125,0,31.0,34.0,1054.0,0,30.818181818181817,33.09090909090909,1019.7878787878788,0,0,NON-GERMINATED
pg3_11,1,0.0265573932999624,0.0,2.549509756796392,0.2588494508289413,0.252524715750843,0.0505049431501686,2.5,0.5,340.5,172.5,34.98969072164948,0.1010098863003372,34.0,35.0,1.0,28.010309278350515,0.1010098863003372,28.0,29.0,-1.0,980.0618556701032,0.6060593178020237,980.0,986.0,-6.0,0.9983060747663552,0.0165103408878189,0.8373831775700935,0,0,0,0,0,0,34.96875,28.03125,980.1875,0,35.0,28.0,980.0,0,35.0,28.0,980.0,0,0,NON-GERMINATED
pg3_11,2,0.8044017818982899,0.5,6.576473218982953,0.9954690385000377,14.206352025718171,5.774300336180081,44.5,26.0,416.0,236.5,61.7319587628866,40.65583876960547,31.0,165.0,133.0,46.52577319587629,17.405469446993074,29.0,93.0,64.0,3571.680412371134,3737.053973789834,928.0,15345.0,14417.0,0.9622276646361688,0.0531861595880389,0.660377358490566,1,75,1,23,97,75,31.78125,32.21875,1024.09375,10,39.0625,38.75,1576.40625,32,112.75757575757576,67.93939393939394,7976.878787878788,33,1,GERMINATED
pg3_11,3,0.8353368140625671,0.5,5.5901699437494745,1.2237340017633735,4.79717208651442,8.979227572154471,23.0,39.5,272.0,243.0,52.597938144329895,28.40453709722293,36.0,140.0,102.0,41.98969072164948,6.3675965223432,36.0,62.0,5.0,2359.9896907216494,1704.9936813671673,1296.0,6834.0,4780.0,0.9608219911978844,0.0568783487189896,0.6618798955613577,1,60,1,38,97,60,36.25,37.0625,1344.0,0,37.625,40.09375,1510.59375,27,82.96969696969697,48.60606060606061,4168.848484848485,33,1,GERMINATED
pg3_11,4,0.5372091633574988,0.25,4.242640687119285,0.7415847769954578,5.768752892722489,2.0865785826900662,24.5,7.5,349.0,285.0,47.381443298969074,17.939441830074312,36.0,101.0,63.0,31.54639175257732,5.867999217416622,27.0,46.0,15.0,1581.494845360825,927.6737131204412,972.0,4444.0,3342.0,0.9701045087775412,0.0464865137562222,0.7263969171483622,1,71,1,27,97,71,38.3125,28.125,1077.53125,6,37.09375,27.46875,1019.15625,32,66.15151515151516,38.81818181818182,2615.4848484848485,33,1,GERMINATED
pg3_11,5,0.9892203831760042,1.0,6.020797289396148,0.9273536004005084,7.228943607301331,14.16643586782334,31.0,36.5,368.0,393.0,48.97938144329897,25.13057831860813,33.0,132.0,98.0,68.91752577319588,40.023876920847,32.0,130.0,98.0,4171.845360824742,4433.81521812286,1088.0,17160.0,16072.0,0.9559139128428242,0.0512389304300383,0.6335616438356164,1,81,1,17,97,81,34.125,32.90625,1122.75,16,37.3125,51.5625,1962.21875,32,74.6969696969697,120.66666666666669,9271.212121212122,33,1,GERMINATED
pg3_11,6,0.9886150915251634,1.118033988749895,4.031128874149275,0.9542856145525962,14.009063234000656,14.77702269123884,50.0,55.0,299.5,369.5,56.09278350515464,25.11954201853949,36.0,123.0,86.0,67.81443298969072,48.17800539727587,26.0,161.0,135.0,4949.783505154639,5601.418705098827,936.0,19803.0,18841.0,0.9612834256052526,0.0491844863676636,0.7293729372937293,1,78,1,20,97,78,38.03125,27.21875,1038.6875,13,43.78125,44.78125,2000.59375,32,85.54545454545455,129.5151515151515,11602.181818181818,33,1,GERMINATED
pg3_11,7,1.27066486000667,1.4142135623730951,3.3541019662496847,1.0129342592410575,31.1415144255094,9.775672290541712,101.0,33.0,238.5,312.5,89.78350515463917,71.71337950539652,27.0,253.0,224.0,59.67010309278351,26.57171647606186,35.0,133.0,98.0,7245.494845360825,8677.34493114669,999.0,33649.0,32634.0,0.9567817885832444,0.0401445905104113,0.7523404255319149,1,80,1,18,97,80,28.1875,37.5625,1058.1875,15,59.53125,48.96875,3097.375,32,178.84848484848484,91.48484848484848,17267.727272727272,33,1,GERMINATED
pg3_11,8,1.209130228509881,1.118033988749895,9.17877987534291,1.1564961120428852,11.656669164847456,21.917821568932407,37.0,75.5,277.5,468.5,59.96907216494845,31.633680865787717,32.0,131.0,97.0,80.62886597938144,52.41730248443662,27.0,195.0,168.0,6443.958762886598,7256.030875082821,864.0,25414.0,24291.0,0.9521621330230507,0.0562158174256249,0.5281090289608177,1,87,1,11,97,87,35.40625,29.21875,1037.53125,22,44.125,66.0625,3008.6875,32,99.15151515151516,144.6060606060606,15017.727272727272,33,1,GERMINATED
pg3_11,9,0.7347898331344811,0.5,9.486832980505138,1.149810013780045,5.93854702242827,7.445940074593058,19.5,28.5,334.0,469.5,71.14432989690722,34.61272922713495,36.0,136.0,98.0,50.7319587628866,30.226129020182047,29.0,138.0,109.0,4523.969072164949,4807.409267476906,1044.0,18492.0,17448.0,0.9621392771861992,0.0609252871464173,0.5325891249549874,1,77,1,21,97,77,36.71875,29.75,1093.46875,12,62.375,37.09375,2383.625,32,113.03030303030305,84.3030303030303,9926.0,33,1,GERMINATED
pg3_12,0,0.1832651697766586,0.0,4.47213595499958,0.4976583944300875,1.1974749357304415,0.6008637987999095,6.5,3.0,407.0,227.0,33.670103092783506,1.1551913260067168,31.0,36.0,3.0,33.422680412371136,2.148291344763894,28.0,36.0,7.0,1127.618556701031,108.27670198030286,868.0,1296.0,322.0,0.9879814714726248,0.0346626552855136,0.6860254083484574,0,0,0,0,0,0,32.34375,30.84375,997.84375,0,33.90625,33.625,1140.5625,0,34.72727272727273,35.72727272727273,1240.909090909091,0,0,NON-GERMINATED
pg3_12,1,0.0535422390066693,0.0,3.640054944640259,0.3781091931909168,0.3535346020511803,0.588035670365924,3.5,2.5,410.5,333.5,27.010309278350515,0.1010098863003372,27.0,28.0,-1.0,30.350515463917525,0.4771314006353044,30.0,31.0,-1.0,819.7835051546392,13.673834448999049,810.0,868.0,-58.0,0.996189482015174,0.0277841272227405,0.7309644670050761,0,0,0,0,0,0,27.03125,30.65625,828.6875,0,27.0,30.40625,820.96875,0,27.0,30.0,810.0,0,0,NON-GERMINATED
pg3_12,2,0.0677083333333333,0.0,5.0,0.5134634828922978,0.4673413177997171,0.2308679966655535,5.0,1.0,354.0,297.5,36.94845360824742,0.2211093875208991,36.0,37.0,1.0,28.84536082474227,0.461735993331107,27.0,29.0,2.0,1065.8762886597938,22.31926620563303,972.0,1073.0,101.0,0.9964465988501416,0.0253046585516477,0.7560975609756098,0,0,0,0,0,0,36.84375,28.53125,1051.40625,0,37.0,29.0,1073.0,0,37.0,29.0,1073.0,0,0,NON-GERMINATED
pg3_12,3,0.0815724155713052,0.0,2.9154759474226504,0.4252598511708603,0.5781014587690342,0.9525349211789924,4.0,2.5,175.0,404.5,35.4639175257732,2.53251782000876,30.0,37.0,7.0,29.31958762886598,2.0586573131638084,24.0,31.0,7.0,1044.8556701030927,140.27204714453256,720.0,1147.0,427.0,0.9931938231872592,0.0377714544914442,0.7209302325581395,1,74,1,24,97,74,32.375,26.8125,871.84375,9,36.96875,30.09375,1112.53125,32,37.0,31.0,1147.0,33,1,GERMINATED
pg3_12,4,0.3938243311392215,0.5,5.0,0.5982668547864558,4.02627806805555,1.9295295491408124,11.5,7.0,151.0,237.0,47.30927835051546,7.894093870478299,36.0,59.0,23.0,55.381443298969074,21.64971526632081,29.0,84.0,54.0,2784.958762886598,1438.9083341810865,1044.0,4956.0,3876.0,0.977659982321697,0.0334331760223075,0.7560975609756098,1,80,1,18,97,80,37.375,30.90625,1156.78125,15,49.3125,54.5,2742.65625,32,55.0,79.96969696969697,4404.818181818182,33,1,GERMINATED
pg3_12,5,0.7872472257232039,0.5,2.549509756796392,0.8675469087746507,21.97220802264951,2.269505150799105,62.5,8.0,274.0,130.0,68.76288659793815,43.44371241467035,36.0,157.0,119.0,48.72164948453608,12.586805616585815,38.0,72.0,34.0,3873.103092783505,3400.1905540432385,1368.0,11160.0,9792.0,0.9724891788545408,0.0347964164051932,0.851150202976996,1,67,1,31,97,67,36.1875,38.0625,1377.5625,2,44.40625,42.46875,1929.03125,32,123.96969696969695,65.12121212121212,8178.181818181818,33,1,GERMINATED
pg3_12,6,0.7634212350771995,0.5,3.0,0.6618318148642726,2.010071357848073,16.81596572179404,8.5,47.0,280.0,300.5,39.22680412371134,10.872745795178922,29.0,78.0,47.0,85.71134020618557,50.85697729359228,39.0,190.0,151.0,3867.0721649484535,3482.6673544868904,1131.0,14820.0,13611.0,0.9704379763642172,0.0261542599057465,0.8235294117647058,1,83,1,15,97,83,31.21875,40.0625,1251.4375,18,35.46875,64.90625,2346.5625,32,50.63636363636363,150.15151515151516,7877.878787878788,33,1,GERMINATED
pg3_12,7,0.8432036112373084,0.5,3.3541019662496847,0.8212334239806784,1.7076876933281802,18.36524081949833,7.0,66.0,237.5,356.5,37.41237113402062,2.82387675806395,35.0,51.0,16.0,60.81443298969072,41.1099430862509,26.0,169.0,142.0,2378.938144329897,1844.483694497368,910.0,8619.0,7674.0,0.9696320893202588,0.0359080821678256,0.7582938388625592,1,82,1,16,97,82,35.53125,27.03125,961.0625,17,36.25,43.3125,1569.75,32,40.36363636363637,110.54545454545456,4538.515151515152,33,1,GERMINATED
pg3_12,8,0.6323029314560804,0.5,3.1622776601683795,0.6403817894079912,9.7652785582613,2.027339967551646,32.5,8.5,304.0,401.5,58.91752577319588,38.39637818591393,27.0,157.0,127.0,51.329896907216494,17.404064965086732,33.0,81.0,48.0,3626.278350515464,3366.8637636431567,891.0,12717.0,11727.0,0.965927708268408,0.0351211907895125,0.8181818181818182,1,83,1,15,97,83,29.1875,33.28125,971.34375,18,39.4375,47.625,1971.8125,32,106.63636363636364,72.42424242424242,7805.090909090909,33,1,GERMINATED
pg3_12,9,0.5658574301500444,0.0,4.272001872658765,0.8149726184013716,10.162846649144576,2.9920982130340747,41.0,10.0,397.0,415.0,51.20618556701031,28.611128302981843,30.0,118.0,88.0,36.91752577319588,5.3200071759752845,31.0,53.0,14.0,2029.19587628866,1473.7656560848336,930.0,6148.0,4468.0,0.9709346379491562,0.0466291031236283,0.7027027027027027,1,76,1,22,97,76,30.3125,31.53125,956.1875,11,34.875,36.40625,1272.59375,32,87.3030303030303,42.63636363636363,3803.363636363637,33,1,GERMINATED
pg3_3,0,0.0850237256267539,0.0,3.1622776601683795,0.3580330051087652,0.2398984799633009,0.7994178985435905,1.0,6.0,222.5,411.0,36.72164948453608,0.448186909675962,36.0,37.0,-1.0,36.74226804123711,0.437385637847349,36.0,37.0,1.0,1349.1649484536083,18.45176515589977,1332.0,1369.0,0.0,0.9951669818085094,0.0215164583916274,0.8048780487804879,0,0,0,0,0,0,37.0,36.5625,1352.8125,0,37.0,36.65625,1356.28125,0,36.18181818181818,37.0,1338.7272727272727,0,0,NON-GERMINATED
pg3_3,1,0.0699686517294614,0.0,4.716990566028302,0.4977032795168502,0.252524715750843,0.77271462686365,2.5,6.0,421.5,263.5,36.98969072164948,0.1010098863003372,36.0,37.0,1.0,39.0,0.0,39.0,39.0,0.0,1442.59793814433,3.939385565713154,1404.0,1443.0,39.0,0.996022555823778,0.0293882131368524,0.7181653590826795,0,0,0,0,0,0,36.96875,39.0,1441.78125,0,37.0,39.0,1443.0,0,37.0,39.0,1443.0,0,0,NON-GERMINATED
pg3_3,2,0.0901575582613729,0.0,5.852349955359813,0.6226595763510591,0.4361689855939419,0.6006868920394728,2.0,5.5,293.5,331.5,36.52577319587629,0.8506247977210832,35.0,37.0,2.0,38.64948453608248,0.5380613752865933,37.0,39.0,0.0,1411.9896907216496,47.44665911030079,1330.0,1443.0,78.0,0.9948097233106218,0.0350398985900622,0.678082191780822,1,65,1,33,97,65,35.5625,37.9375,1349.0,0,37.0,39.0,1443.0,32,37.0,39.0,1443.0,33,1,GERMINATED
pg3_3,3,0.1106045207161447,0.0,5.0,0.5383771664274827,0.5114794456249864,1.869493188715836,3.0,8.0,166.0,312.0,44.7319587628866,2.41778404089418,40.0,46.0,6.0,35.55670103092783,0.811884306482358,34.0,36.0,2.0,1592.4329896907216,118.86932157925033,1360.0,1656.0,296.0,0.992139638991994,0.0364243876778363,0.6894409937888198,1,77,1,21,97,77,42.1875,34.6875,1465.875,12,45.96875,35.96875,1653.4375,32,46.0,36.0,1656.0,33,1,GERMINATED
pg3_3,4,0.1421250088765966,0.0,5.522680508593631,0.5868422404574849,0.4596597280331536,0.6076355475584073,2.0,5.5,323.0,244.0,37.402061855670105,0.5109076986954172,36.0,38.0,2.0,33.55670103092783,0.5171107712983279,32.0,34.0,2.0,1255.2061855670104,30.92656354774616,1152.0,1292.0,140.0,0.991610043163552,0.0331367145478801,0.6937901498929336,0,0,0,0,0,0,37.3125,33.8125,1261.75,0,37.4375,33.21875,1243.71875,0,37.45454545454545,33.63636363636363,1260.0,0,0,NON-GERMINATED
pg3_3,5,0.1434284938963869,0.0,5.1478150704935,0.5522219666691532,0.7347124042307973,1.090763548393308,5.0,5.5,233.0,178.5,35.25773195876289,0.7219439752582101,33.0,37.0,3.0,44.47422680412371,2.769840456550784,40.0,49.0,8.0,1568.8969072164948,115.02653073939004,1320.0,1813.0,419.0,0.9914386302040524,0.0325959141255863,0.6983729662077597,1,34,1,64,97,34,34.96875,41.75,1460.21875,0,35.40625,43.9375,1556.4375,1,35.39393939393939,47.63636363636363,1686.3636363636365,33,1,GERMINATED
pg3_3,6,0.9026707158113756,0.5,10.5,1.3483315908249645,10.13885685483735,8.176414681333796,25.5,37.5,130.5,421.5,70.22680412371135,30.749572171909108,43.0,120.0,77.0,57.350515463917525,28.965689350127874,39.0,127.0,88.0,4793.721649484536,4477.129158271021,1677.0,15240.0,13563.0,0.9666084102360544,0.0524643919559749,0.6111111111111112,1,61,1,37,97,61,43.125,39.96875,1723.65625,0,55.59375,40.96875,2292.875,28,110.6969696969697,90.0909090909091,10195.818181818182,33,1,GERMINATED
pg3_3,7,0.0445000195068621,0.0,4.272001872658765,0.4337325384733724,0.1515148294505059,0.4040395452013489,1.5,4.0,453.5,421.0,37.01030927835052,0.1010098863003372,37.0,38.0,-1.0,44.0,0.0,44.0,44.0,0.0,1628.4536082474226,4.444434997214838,1628.0,1672.0,-44.0,0.9976478494623656,0.0229259275583544,0.7741935483870968,0,0,0,0,0,0,37.03125,44.0,1629.375,0,37.0,44.0,1628.0,0,37.0,44.0,1628.0,0,0,NON-GERMINATED
pg3_3,8,0.0698079387366294,0.0,3.2015621187164243,0.3465932077945889,0.4977364001885901,0.6132937615561175,3.0,5.0,382.0,443.5,35.95876288659794,0.1988381600204732,35.0,36.0,0.0,40.37113402061856,0.4831082273756693,40.0,41.0,0.0,1451.6701030927834,17.099298622792503,1435.0,1476.0,0.0,0.9960214554937008,0.0216003275453869,0.7955665024630542,0,0,0,0,0,0,35.875,40.84375,1465.25,0,36.0,40.15625,1445.625,0,36.0,40.121212121212125,1444.3636363636365,0,0,NON-GERMINATED
pg3_3,9,0.0844767940484004,0.0,4.609772228646444,0.4821275812486124,0.370489130434359,0.532002715358378,3.5,4.5,287.5,462.5,36.04123711340206,1.0641053138834362,34.0,37.0,3.0,40.55670103092783,1.2760204904549115,37.0,42.0,5.0,1462.8556701030927,85.05668088219345,1258.0,1554.0,296.0,0.9950242544564192,0.0305640119785418,0.7045454545454546,0,0,0,0,0,0,34.84375,39.25,1367.84375,0,36.25,40.375,1463.875,0,37.0,42.0,1554.0,0,0,NON-GERMINATED
pg3_7,0,0.0337090414322894,0.0,2.23606797749979,0.2369712370571222,0.2563882498030079,0.3341383272297289,1.0,2.5,250.5,446.5,38.43298969072165,0.4954892717813574,38.0,39.0,-1.0,34.36082474226804,0.4802397813959635,34.0,35.0,-1.0,1320.7938144329896,34.30996913955647,1292.0,1365.0,-73.0,0.9978685525179428,0.0156989153779413,0.8495934959349594,0,0,0,0,0,0,39.0,35.0,1365.0,0,38.3125,34.09375,1306.28125,0,38.0,34.0,1292.0,0,0,NON-GERMINATED
pg3_7,1,0.095849605403296,0.0,3.2015621187164243,0.3800772112049942,0.3316640812813486,1.2972087565139256,3.0,7.5,169.0,367.0,35.88659793814433,0.3480812993017346,34.0,36.0,2.0,31.587628865979383,0.6697064646973904,31.0,34.0,-3.0,1133.4226804123712,18.81096140828664,1116.0,1190.0,-40.0,0.9938754048947528,0.0256344739447905,0.7745839636913767,0,0,0,0,0,0,35.65625,31.84375,1135.0625,0,36.0,31.5625,1136.25,0,36.0,31.363636363636363,1129.090909090909,0,0,NON-GERMINATED
pg3_7,2,0.0429490169335173,0.0,4.123105625617661,0.4186152353627111,0.1010098863003372,0.4040395452013489,1.0,4.0,252.5,144.0,33.0,0.0,33.0,33.0,0.0,28.0,0.0,28.0,28.0,0.0,924.0,0.0,924.0,924.0,0.0,0.9969907407407408,0.0293306311302121,0.7111111111111111,0,0,0,0,0,0,33.0,28.0,924.0,0,33.0,28.0,924.0,0,33.0,28.0,924.0,0,0,NON-GERMINATED
pg3_7,3,0.0803853183961281,0.0,4.716990566028302,0.4908503172247995,0.6230933293303742,0.6269194142478669,4.0,4.0,320.0,277.0,31.443298969072163,0.7175139233527964,31.0,33.0,-1.0,37.11340206185567,1.073353821428484,34.0,38.0,4.0,1166.4742268041236,26.50232154137785,1088.0,1221.0,90.0,0.9948953143164972,0.0327620113094259,0.6829268292682927,1,84,1,14,97,84,32.34375,35.90625,1161.46875,19,31.0,37.40625,1159.59375,32,31.0,38.0,1178.0,33,1,GERMINATED
pg3_7,4,0.1731519034230124,0.0,5.0,0.6301601000335716,1.353934446134598,1.6568296513431868,8.0,5.0,312.0,506.0,32.55670103092783,0.9840906856727196,31.0,35.0,2.0,37.30927835051546,2.586088176482312,34.0,42.0,8.0,1216.381443298969,113.38070558043324,1088.0,1470.0,340.0,0.9894037919596954,0.0414957519726512,0.666156202143951,1,63,1,35,97,63,32.0,34.0,1088.0,0,32.0,38.03125,1217.3125,30,33.63636363636363,39.81818181818182,1339.969696969697,33,1,GERMINATED
pg3_7,5,1.1668103249313615,1.0590169943749477,3.2015621187164243,1.0398374868059448,10.356297415739274,19.4214464335393,40.5,71.0,191.5,321.5,77.69072164948453,48.09920179047968,33.0,171.0,136.0,77.61855670103093,54.89285595621975,31.0,207.0,176.0,8624.865979381444,10224.71153287427,1056.0,35397.0,34312.0,0.9557565767909724,0.0448368494719017,0.7692926045016077,1,70,1,28,97,70,34.90625,31.46875,1098.375,5,57.25,55.09375,3524.53125,32,139.0,144.21212121212122,20869.060606060608,33,1,GERMINATED
pg3_7,6,0.8514910194397597,0.6035533905932737,6.576473218982953,0.8978936706611975,7.202320394626366,13.07097176576697,31.5,48.5,261.0,254.5,59.03092783505155,30.347966051599222,29.0,128.0,95.0,69.95876288659794,34.17568844871713,37.0,152.0,115.0,5147.670103092783,5054.794263450018,1110.0,19456.0,18235.0,0.9642438933814405,0.0411125263858022,0.69826224328594,1,90,1,8,97,90,30.125,40.21875,1212.15625,25,50.78125,56.09375,2960.6875,32,95.06060606060606,112.24242424242424,11084.636363636364,33,1,GERMINATED
pg3_7,7,0.7515507359614665,0.5,7.516648189186454,1.0334331092411246,5.999552716526836,3.9742903173284767,29.0,22.5,351.5,389.0,46.98969072164948,24.005796054999795,31.0,119.0,87.0,59.855670103092784,27.036817086321555,37.0,131.0,94.0,3447.3711340206187,3631.906004164243,1184.0,15589.0,14405.0,0.961917777573748,0.0490423221484382,0.604364857302742,3,80,1,17,97,74,33.0625,39.09375,1292.40625,15,32.53125,46.3125,1517.59375,32,74.51515151515152,93.12121212121212,7408.333333333333,33,1,GERMINATED
pg3_7,8,0.8965015279355072,0.5,8.06225774829855,1.1663393633112538,10.322602214762382,3.780688015500548,43.0,20.0,480.5,349.0,77.04123711340206,55.68373830726178,31.0,205.0,168.0,71.75257731958763,36.76675743277221,37.0,170.0,133.0,7559.577319587629,8878.310511746633,1147.0,34000.0,32816.0,0.9558540548300162,0.0478921286011482,0.5971351835273053,1,82,1,16,97,82,32.0625,39.34375,1263.59375,17,50.6875,56.75,3040.875,32,146.21212121212122,117.72727272727272,18046.545454545456,33,1,GERMINATED
pg3_7,9,0.6860873475186864,0.5,5.0,0.7203245691409579,6.235234444761938,2.466558132960905,19.0,11.5,391.0,199.5,46.876288659793815,12.629745393323676,34.0,76.0,42.0,85.96907216494846,46.7856382951597,38.0,173.0,134.0,4602.422680412371,3675.668461079462,1292.0,13148.0,11822.0,0.964223434032652,0.0349533385585798,0.7858117326057299,1,84,1,14,97,84,35.5,40.71875,1448.1875,19,42.15625,70.71875,3025.21875,32,62.48484848484848,144.63636363636363,9190.484848484848,33,1,GERMINATED
pg3_9,0,0.015625,0.0,0.5,0.086996318169219,0.3239640487107353,0.1900937001503688,1.0,0.5,343.5,219.5,32.69072164948454,0.6479280974214707,31.0,33.0,2.0,34.8041237113402,0.4683635749113628,32.0,35.0,3.0,1138.0309278350514,35.97606696102956,992.0,1155.0,163.0,0.9984484584553518,0.0078662459921049,0.9411764705882352,0,0,0,0,0,0,32.0625,34.40625,1103.5625,0,33.0,35.0,1155.0,0,33.0,35.0,1155.0,0,0,NON-GERMINATED
pg3_9,1,0.0368284781867993,0.0,3.5355339059327378,0.3589596029190162,0.0505049431501686,0.3535346020511802,0.5,3.5,365.0,126.5,35.98969072164948,0.1010098863003372,35.0,36.0,1.0,27.989690721649485,0.1010098863003372,27.0,28.0,1.0,1007.3505154639176,6.3636228369212455,945.0,1008.0,63.0,0.9974449685534592,0.0249033660539537,0.7547169811320755,0,0,0,0,0,0,35.96875,27.96875,1006.03125,0,36.0,28.0,1008.0,0,36.0,28.0,1008.0,0,0,NON-GERMINATED
pg3_9,2,0.1438948202825718,0.0,5.0,0.5930346651159438,1.0222833449322963,0.8333953284056965,3.0,5.0,485.5,259.5,37.577319587628864,1.3147462735612254,34.0,39.0,2.0,39.350515463917525,0.8128001379145163,37.0,40.0,3.0,1478.979381443299,66.72438763130035,1292.0,1560.0,191.0,0.9919573844742288,0.0311744149174625,0.7619047619047619,3,53,1,44,97,52,38.0625,38.59375,1469.25,0,36.96875,39.4375,1458.90625,20,37.696969696969695,40.0,1507.878787878788,33,1,GERMINATED
pg3_9,3,0.1664580317673815,0.0,2.9154759474226504,0.406201990385895,0.6528305236695902,0.5829985779628327,2.5,4.0,401.5,247.5,35.371134020618555,2.796609094124068,30.0,38.0,6.0,38.71134020618557,2.544283112069654,33.0,42.0,8.0,1376.0824742268042,193.76980019095635,1050.0,1596.0,502.0,0.988143004314092,0.0296630906704912,0.7896466721446179,1,80,1,18,97,80,31.84375,35.5625,1132.5,15,36.1875,39.5,1432.0625,32,38.0,41.0,1558.0,33,1,GERMINATED
pg3_9,4,1.729618679535383,1.9013878188659972,11.5974135047432,1.768674896658214,36.06482852770709,8.116725370278882,116.5,29.0,387.5,326.0,123.96907216494846,92.7107744723494,36.0,326.0,290.0,59.75257731958763,35.23061898371899,34.0,174.0,140.0,10417.639175257733,13635.56696652807,1224.0,56724.0,55500.0,0.9517233302373336,0.0488334630223778,0.6993103448275862,1,88,1,10,97,88,38.78125,35.34375,1371.9375,23,89.59375,44.0,4014.75,32,239.9090909090909,98.6969696969697,25398.090909090908,33,1,GERMINATED
pg3_9,5,1.081912820674052,0.7071067811865476,6.576473218982953,1.1290602944312216,13.792169319246645,6.030412349103765,47.5,20.5,222.5,209.5,82.22680412371135,62.04778756194911,33.0,227.0,193.0,70.57731958762886,39.89388890791211,35.0,165.0,130.0,8269.659793814433,10251.765435980422,1155.0,37455.0,36265.0,0.9565787777312122,0.0449933290471186,0.7109760729206228,1,68,1,30,97,68,33.90625,37.09375,1257.78125,3,51.46875,52.8125,2952.75,32,158.9090909090909,120.27272727272728,20224.848484848484,33,1,GERMINATED
pg3_9,6,1.2118722887406057,1.0,4.123105625617661,1.042138693160659,12.017954736584334,26.21419106839228,36.0,77.5,216.5,261.0,69.02061855670104,41.95505188888259,27.0,131.0,104.0,79.01030927835052,61.05287464129926,31.0,229.0,197.0,7821.20618556701,9222.291319080216,837.0,29999.0,29135.0,0.9531148957216836,0.0441209062952814,0.7421203438395415,1,81,1,17,97,81,28.65625,32.46875,932.8125,16,53.9375,46.96875,2750.09375,32,122.78787878787878,155.21212121212122,19418.303030303032,33,1,GERMINATED
pg3_9,7,0.535643881283584,0.25,10.012492197250394,1.169072908666004,7.03012284898074,2.8472464990247945,28.5,10.5,272.5,359.0,52.422680412371136,19.54789784967076,38.0,109.0,69.0,33.94845360824742,7.26007459849297,28.0,48.0,20.0,1904.1237113402065,1175.0028844687731,1064.0,5232.0,4112.0,0.9746556038398596,0.0513524522596659,0.5579078455790785,1,69,1,29,97,69,39.6875,28.09375,1114.96875,4,43.8125,30.0625,1322.21875,32,73.12121212121212,43.39393939393939,3233.6363636363635,33,1,GERMINATED
pg3_9,8,1.0661599842292853,0.7071067811865476,3.5355339059327378,1.0783237244421904,11.073472728924934,2.1822942818161937,52.0,8.5,354.0,386.0,86.05154639175258,62.09692641994891,41.0,248.0,206.0,35.68041237113402,7.730707802583094,28.0,53.0,25.0,3543.8453608247423,3452.35036729486,1176.0,13144.0,11968.0,0.9560015718304214,0.0487167520066119,0.7548387096774194,1,73,1,25,97,73,41.59375,29.84375,1241.28125,8,51.71875,31.875,1673.53125,32,162.45454545454547,45.03030303030303,7590.272727272727,33,1,GERMINATED
pg3_9,9,1.368136039142108,1.4571067811865477,9.962429422585638,1.4408748887627998,32.29175703700455,4.354129539062615,96.5,16.0,386.5,451.5,100.6082474226804,76.41619042313052,39.0,256.0,215.0,47.175257731958766,17.168065721090343,32.0,89.0,55.0,6039.19587628866,6478.465846519458,1287.0,22695.0,21335.0,0.9617824943725478,0.0531220588458177,0.5589394482264421,1,68,1,30,97,68,39.3125,33.5625,1319.0,3,61.40625,37.84375,2406.21875,32,198.0606060606061,69.42424242424242,14139.242424242424,33,1,GERMINATED
pg4_10,0,0.3590518031120391,0.0,4.301162633521313,0.658469287576872,3.290751685778741,2.509319434813475,11.5,9.5,261.0,141.5,48.83505154639175,6.271651835834024,41.0,62.0,21.0,39.72164948453608,7.19928729009937,32.0,61.0,29.0,1982.7113402061852,640.1316223989494,1312.0,3782.0,2470.0,0.9817083752653236,0.0326060440070509,0.7963800904977375,1,65,1,33,97,65,42.1875,33.9375,1432.21875,0,48.125,37.21875,1794.21875,32,55.96969696969697,47.75757575757576,2699.3030303030305,33,1,GERMINATED
pg4_10,1,0.2151413322362774,0.0,1.118033988749895,0.3028779300261626,1.1352149287357385,1.8688392960852496,5.0,6.0,211.5,239.0,47.64948453608248,4.615172729370572,45.0,61.0,16.0,35.77319587628866,3.127876505851739,32.0,42.0,7.0,1717.3917525773195,324.18693082471265,1440.0,2562.0,987.0,0.9880976030633464,0.0178359038991223,0.9142857142857144,3,59,1,37,97,58,45.0,35.0,1575.0,0,45.25,32.90625,1489.15625,26,52.54545454545455,39.30303030303031,2076.787878787879,33,1,GERMINATED
pg4_10,2,0.4795607993636861,0.5,2.549509756796392,0.5171240402911044,3.255414809496584,5.5927573755862605,15.0,17.5,128.0,355.0,43.618556701030926,8.101728591128609,37.0,61.0,22.0,52.896907216494846,12.084312516291162,42.0,83.0,39.0,2400.865979381443,1054.7375755004152,1554.0,4980.0,3286.0,0.9758311495031572,0.0263511118985978,0.901413189771198,1,48,1,50,97,48,37.96875,43.46875,1650.625,0,39.34375,47.03125,1856.375,15,53.24242424242424,67.72727272727273,3656.363636363637,33,1,GERMINATED
pg4_10,3,0.2842850700132251,0.0,2.5,0.4840311618421301,1.9624219756790644,1.7273041282568775,10.0,9.0,511.5,331.5,38.72164948453608,3.0754842650821312,34.0,49.0,15.0,41.78350515463917,5.274382367953189,34.0,55.0,18.0,1631.6701030927834,343.02200709808346,1224.0,2695.0,1437.0,0.983004515314217,0.0275371927702776,0.8705547652916074,3,71,1,25,97,70,37.5625,36.75,1380.75,6,36.90625,40.5,1494.90625,32,41.60606060606061,47.90909090909091,2007.6060606060605,33,1,GERMINATED
pg4_10,4,0.2467614770897434,0.0,1.118033988749895,0.3171231728490073,1.728319076952178,1.2037600072099168,7.5,4.0,427.5,177.0,46.44329896907217,4.513368623688731,43.0,61.0,14.0,33.44329896907217,2.758189575674552,30.0,40.0,10.0,1564.1958762886595,283.3252343802141,1333.0,2440.0,1030.0,0.9867985565783698,0.0184556714350248,0.9263377345378736,1,63,1,35,97,63,43.53125,31.0,1349.25,0,44.34375,32.375,1437.46875,30,51.30303030303031,36.84848484848485,1895.5151515151515,33,1,GERMINATED
pg4_10,5,0.368564095423769,0.0,3.8078865529319534,0.5837148341137639,1.7725214493017196,2.523984218115856,6.0,11.0,348.0,200.0,47.36082474226804,3.156356920647892,44.0,56.0,12.0,41.134020618556704,11.777690658048728,32.0,70.0,37.0,1982.958762886598,721.8637092930672,1440.0,3920.0,2468.0,0.9807765264635274,0.034112267907773,0.7580547112462006,1,57,1,41,97,57,44.96875,32.03125,1440.375,0,46.375,34.78125,1615.5625,24,50.63636363636363,56.121212121212125,2865.3636363636365,33,1,GERMINATED
pg4_10,6,0.3255585443474026,0.0,1.8027756377319943,0.3929736643454202,5.620343988876484,1.4011708812463044,20.0,5.5,379.5,295.5,52.45360824742268,13.09286468032308,41.0,87.0,46.0,33.78350515463917,5.087333784358815,28.0,43.0,12.0,1834.4845360824745,752.4556515123174,1230.0,3741.0,2470.0,0.9841454169536044,0.0235642384264869,0.8379562043795621,1,66,1,32,97,66,41.15625,29.96875,1233.09375,1,47.0625,30.9375,1461.34375,32,68.63636363636364,40.24242424242424,2779.4848484848485,33,1,GERMINATED
pg4_10,7,0.2825682828639111,0.0,2.5,0.4487818685278413,0.8468367804255288,2.5102722324157383,4.0,8.0,406.0,395.5,39.25773195876289,3.832251499708739,33.0,50.0,14.0,41.79381443298969,7.816105688289619,33.0,56.0,22.0,1668.041237113402,475.896114400572,1089.0,2750.0,1562.0,0.9843568355461284,0.0264422436725532,0.8547008547008547,1,78,1,20,97,78,35.3125,34.5,1218.03125,13,38.6875,39.125,1515.84375,32,43.63636363636363,51.45454545454545,2252.0,33,1,GERMINATED
pg4_10,8,0.5645865168401086,0.5,3.3541019662496847,0.5557393558755943,10.602803347943308,4.488261280132583,38.5,16.0,287.0,359.0,60.608247422680414,25.51391643750561,37.0,122.0,85.0,46.23711340206186,11.56315976852784,33.0,72.0,36.0,3093.701030927835,2088.864418793625,1332.0,8784.0,7452.0,0.9772140188821088,0.026503192435283,0.7980392156862746,1,67,1,31,97,67,37.34375,35.84375,1337.71875,2,50.9375,41.78125,2178.84375,32,92.54545454545456,60.63636363636363,5683.606060606061,33,1,GERMINATED
pg4_10,9,0.4583103041275749,0.5,1.5811388300841898,0.5034812129535285,5.789309251097787,4.056291652014506,26.0,11.5,334.5,426.5,54.58762886597938,25.57856406717445,34.0,127.0,89.0,47.144329896907216,9.836802022786568,37.0,66.0,27.0,2803.701030927835,1946.253250412496,1258.0,8382.0,6900.0,0.9772950305579348,0.0218066803688219,0.871191135734072,1,76,1,22,97,76,36.96875,37.875,1400.625,11,41.0625,43.46875,1800.09375,32,84.78787878787878,59.696969696969695,5137.454545454545,33,1,GERMINATED
pg4_10,10,0.4438413807811778,0.5,3.640054944640259,0.5009206477805883,2.836766116961035,4.867431637209272,8.0,15.0,159.5,407.0,48.90721649484536,14.977015018021357,33.0,80.0,47.0,61.0,25.091995684334883,35.0,118.0,83.0,3356.020618556701,2402.084803173429,1155.0,9440.0,8285.0,0.9705171244607574,0.0339992297616747,0.769811320754717,1,69,1,29,97,69,35.9375,37.21875,1338.84375,4,42.375,53.25,2329.28125,32,67.81818181818181,91.57575757575758,6307.69696969697,33,1,GERMINATED
pg4_11,0,0.2212775071574925,0.0,2.5,0.3859442077461877,2.263279913215527,0.6280203880625993,8.0,4.0,139.5,393.5,41.05154639175258,3.411234120846772,37.0,50.0,10.0,35.78350515463917,3.815937290445508,31.0,45.0,14.0,1477.360824742268,266.50007971090315,1221.0,2250.0,1010.0,0.9872899967400182,0.0252323125457076,0.8216136195410807,1,69,1,29,97,69,39.8125,31.375,1248.6875,4,38.53125,35.84375,1380.84375,32,44.696969696969695,40.0,1792.6969696969695,33,1,GERMINATED
pg4_11,1,0.207439724608053,0.0,4.5,0.5165893862516616,2.614474454124994,1.6860319671463997,10.0,5.5,258.5,403.0,42.54639175257732,7.005183086353564,39.0,67.0,28.0,36.48453608247423,4.926497683340142,30.0,51.0,17.0,1584.979381443299,529.9558234726807,1170.0,3417.0,2091.0,0.9876362889478516,0.0248947678976119,0.8363636363636363,1,53,1,45,97,53,39.0,34.0,1326.0,0,39.5,33.59375,1327.0625,20,48.93939393939394,41.696969696969695,2086.212121212121,33,1,GERMINATED
pg4_11,2,0.1990291246452119,0.0,2.692582403567252,0.3672418470294845,0.8268336884448572,2.7768917234464423,3.5,9.0,328.0,413.0,35.04123711340206,1.0246198769450272,33.0,38.0,5.0,32.123711340206185,0.7496766582555812,30.0,34.0,4.0,1126.1134020618556,53.89200278997464,990.0,1292.0,302.0,0.9875493463362272,0.0240166318090371,0.8190552441953562,1,16,1,82,97,16,34.5625,32.125,1110.46875,0,34.71875,32.09375,1114.3125,0,35.81818181818182,32.15151515151515,1152.7272727272727,16,1,GERMINATED
pg4_11,3,0.6937324026940761,0.5,3.905124837953327,0.7674945299168616,13.204012472405989,3.7055366995761374,48.5,11.5,439.0,321.0,68.41237113402062,43.86806662750771,36.0,181.0,145.0,43.30927835051546,10.919915434080496,31.0,65.0,34.0,3426.938144329897,3090.5383403684345,1116.0,11765.0,10649.0,0.9717230417773752,0.036106321504462,0.7299771167048055,1,72,1,26,97,72,36.40625,33.0,1201.71875,7,44.75,39.375,1799.4375,32,122.3939393939394,57.121212121212125,7162.909090909091,33,1,GERMINATED
pg4_11,4,0.7345887488446655,0.5,2.549509756796392,0.7338285699472521,10.932708988945269,4.801744909044824,47.0,14.0,326.0,265.0,57.103092783505154,36.97267994884383,30.0,164.0,134.0,45.350515463917525,5.161397631213161,38.0,54.0,16.0,2746.309278350516,2094.654514045904,1140.0,8856.0,7716.0,0.9704213702217068,0.0307749768743746,0.8527017024426351,1,77,1,21,97,77,32.625,39.25,1280.65625,12,37.25,45.125,1685.71875,32,100.0909090909091,51.48484848484848,5196.0,33,1,GERMINATED
pg4_11,5,0.9271511989711962,0.5,6.264982043070834,1.1132605209831197,4.389319785018112,16.47048620165757,23.5,63.5,220.0,333.0,49.67010309278351,16.162015829081316,34.0,96.0,61.0,70.74226804123711,37.60792808238448,41.0,182.0,141.0,4095.1237113402062,3711.143920840359,1394.0,17472.0,16037.0,0.9672811311579622,0.0320097206715849,0.8604938271604938,3,84,1,13,97,83,35.21875,44.0625,1552.75,19,43.65625,51.96875,2296.84375,32,69.51515151515152,114.8181818181818,8304.242424242424,33,1,GERMINATED
pg4_11,6,0.3901023690860237,0.5,2.1213203435596424,0.4608725148745638,5.102837648521628,1.510282889182213,22.0,5.0,137.0,255.0,51.47422680412371,14.56594869946926,40.0,98.0,56.0,37.329896907216494,9.209723290205597,30.0,67.0,34.0,2052.463917525773,1261.0827131964015,1280.0,6566.0,5180.0,0.9784379002740616,0.0262828349388395,0.8506224066390041,1,67,1,31,97,67,42.0625,32.84375,1381.34375,2,44.65625,32.0625,1432.0,32,67.21212121212122,46.78787878787879,3304.909090909091,33,1,GERMINATED
pg4_11,7,0.3745221976502957,0.5,2.0,0.4243178330770376,1.3875078453989664,5.842728365944307,7.0,16.0,159.5,169.5,42.30927835051546,8.978049778751368,35.0,73.0,38.0,61.29896907216495,24.25600784265541,36.0,98.0,61.0,2781.237113402062,1674.7834189763958,1260.0,7154.0,5859.0,0.9788361037736304,0.0268371483461456,0.8070652173913043,3,72,1,24,97,71,35.125,36.90625,1296.84375,7,39.4375,53.78125,2135.625,32,52.06060606060606,92.24242424242424,4846.69696969697,33,1,GERMINATED
pg4_11,8,0.2823122652577582,0.0,1.8027756377319943,0.3798132675649528,3.763507927801837,2.1617059665288507,10.5,7.5,210.0,169.0,42.381443298969074,11.481444733770225,35.0,78.0,43.0,46.48453608247423,7.512345031850176,39.0,64.0,25.0,2050.711340206185,955.8382509799176,1365.0,4992.0,3627.0,0.9828914253672396,0.0234648116252265,0.8771215207060421,1,65,1,33,97,65,35.0,39.96875,1398.90625,0,36.875,43.875,1621.25,32,54.87878787878788,55.333333333333336,3099.212121212121,33,1,GERMINATED
pg4_11,9,0.100187854049478,0.0,1.118033988749895,0.2173799911850839,0.2537841984554881,1.498289668632127,1.0,5.0,307.5,134.0,33.824742268041234,2.398497421726329,29.0,39.0,10.0,41.824742268041234,3.855670103092784,38.0,50.0,12.0,1423.59793814433,234.7297046020228,1102.0,1950.0,848.0,0.993674633688398,0.0162425208233879,0.8773448773448773,1,70,1,28,97,70,31.6875,38.03125,1205.09375,5,33.15625,41.09375,1364.25,32,36.54545454545455,46.21212121212121,1693.030303030303,33,1,GERMINATED
pg4_12,0,0.207439724608053,0.0,1.0,0.2625793733734654,1.451870717047523,0.4799077036003042,6.0,3.0,240.0,444.0,41.44329896907217,2.411181308481399,39.0,47.0,5.0,31.711340206185568,0.6414989355094451,30.0,33.0,0.0,1313.0515463917525,58.15148563118424,1248.0,1440.0,160.0,0.9893513419328088,0.0140696853534416,0.9454545454545454,1,32,1,66,97,32,39.78125,32.0625,1275.5,0,39.90625,32.0,1277.0,0,44.54545454545455,31.09090909090909,1384.4242424242425,32,1,GERMINATED
pg4_12,1,0.1930388493573925,0.0,5.1478150704935,0.6783301821179027,4.29189880660516,0.7762824988460495,9.5,5.0,311.0,398.0,49.71134020618557,6.974118224404508,39.0,58.0,19.0,45.49484536082474,6.533219965714962,36.0,53.0,16.0,2305.113402061856,624.4798227289994,1404.0,3021.0,1612.0,0.9880806849955466,0.0473404196228355,0.6530278232405892,1,29,1,69,97,29,41.90625,37.9375,1590.0,0,50.21875,46.59375,2366.03125,0,56.78787878787879,51.75757575757576,2939.4848484848485,29,1,GERMINATED
pg4_12,2,0.0531828257860832,0.0,3.605551275463989,0.3747008856515738,0.2633410262772123,0.2551416220776201,3.0,2.0,210.0,272.0,36.96907216494845,0.1731222229252234,36.0,37.0,1.0,35.824742268041234,0.4976296241710173,34.0,36.0,2.0,1324.4639175257732,22.707944863213047,1224.0,1332.0,108.0,0.9966171297529056,0.0248922170849718,0.7586206896551724,0,0,0,0,0,0,36.90625,35.46875,1309.15625,0,37.0,36.0,1332.0,0,37.0,36.0,1332.0,0,0,NON-GERMINATED
pg4_12,3,0.2098410091396121,0.0,3.2015621187164243,0.4392560956320765,1.8772089054030163,0.9239897408147084,9.5,2.5,171.5,217.0,46.577319587628864,6.46136025311576,41.0,69.0,28.0,34.98969072164948,1.4105262990917171,32.0,38.0,3.0,1634.7628865979382,277.90159102225107,1394.0,2553.0,1159.0,0.989956123786448,0.0250451715179181,0.7939024390243903,1,55,1,43,97,55,41.96875,34.78125,1459.75,0,44.625,33.78125,1505.8125,22,52.93939393939394,36.36363636363637,1929.5151515151515,33,1,GERMINATED
pg4_12,4,0.3718301860908767,0.5,2.0,0.4618493398410612,5.098743330240024,2.6970636639259435,15.5,8.5,294.0,196.0,43.29896907216495,11.05670944175779,33.0,72.0,37.0,51.16494845360825,13.486671857090917,39.0,81.0,42.0,2360.5876288659792,1301.2115270767742,1287.0,5832.0,4467.0,0.9796889086689612,0.0294787247173347,0.8281853281853282,1,53,1,45,97,53,36.5,40.8125,1489.96875,0,36.21875,43.8125,1598.21875,20,56.75757575757576,68.33333333333333,3944.090909090909,33,1,GERMINATED
pg4_12,5,0.8781407964722546,0.7071067811865476,3.8078865529319534,0.8506823192224822,14.420434524442664,7.896994696831813,45.5,33.5,193.0,404.0,76.90721649484536,48.93696397170101,39.0,194.0,155.0,52.95876288659794,22.39565381518826,33.0,118.0,85.0,5132.164948453608,5787.5380654808605,1287.0,22892.0,21605.0,0.9616011774833472,0.0394387874406431,0.7719298245614035,1,70,1,28,97,70,40.53125,36.0625,1461.53125,5,51.0625,44.875,2321.28125,32,137.24242424242425,77.18181818181819,11417.272727272728,33,1,GERMINATED
pg4_12,6,1.297097312217371,1.118033988749895,2.9154759474226504,0.982840812460732,10.616619781306424,26.39001786341441,43.0,83.0,327.5,195.0,59.55670103092783,32.40878367387298,33.0,159.0,126.0,83.64948453608247,56.88458948039313,37.0,214.0,177.0,6746.329896907217,8352.114579735106,1221.0,34026.0,32805.0,0.956365147053798,0.0294780459638425,0.8133802816901409,1,80,1,18,97,80,35.28125,38.6875,1366.5625,15,47.0,53.75,2600.25,32,95.27272727272728,156.24242424242425,15983.515151515152,33,1,GERMINATED
pg4_12,7,0.1019608917840702,0.0,2.5,0.3346637265673268,0.6963915618060434,0.2589661172593911,4.0,1.0,386.5,211.5,40.51546391752577,0.898032236716807,37.0,43.0,6.0,34.91752577319588,1.181211182466186,32.0,36.0,-1.0,1414.381443298969,48.54022527844135,1312.0,1505.0,173.0,0.9939049198533028,0.0210051895703227,0.8545816733067729,1,51,1,47,97,51,39.90625,36.0,1436.625,0,40.15625,34.34375,1378.875,18,41.45454545454545,34.42424242424242,1427.2424242424242,33,1,GERMINATED
pg4_12,8,0.3573774264653968,0.5,2.23606797749979,0.4049049786303406,4.004839510483475,3.684727032821937,14.0,9.5,339.0,303.5,55.7319587628866,13.463593876850778,41.0,90.0,49.0,38.94845360824742,7.566027071714035,31.0,53.0,21.0,2268.7319587628867,1013.9989478782634,1312.0,4770.0,3458.0,0.98204672995954,0.0252704047176477,0.857516339869281,1,77,1,21,97,77,45.6875,32.8125,1497.75,12,47.90625,34.875,1681.84375,32,73.06060606060606,48.84848484848485,3585.454545454545,33,1,GERMINATED
pg4_12,9,1.1279214772458397,1.118033988749895,8.06225774829855,1.067357238463719,21.23200694287764,7.218063158008694,66.5,32.0,433.0,366.0,82.71134020618557,60.25768698242481,34.0,231.0,194.0,49.02061855670103,18.077712758710923,30.0,98.0,68.0,5072.360824742268,5531.729205576329,1085.0,22638.0,21528.0,0.9541135213745994,0.0553465733271092,0.554140127388535,3,86,1,11,97,85,36.84375,31.0,1142.34375,21,50.90625,46.71875,2469.4375,32,158.03030303030303,68.72727272727273,11407.333333333334,33,1,GERMINATED
pg4_2,0,0.4248527896716004,0.5,2.0,0.4668378809696776,4.443029867230844,3.4696810176325226,14.0,13.5,436.0,500.0,57.04123711340206,22.78764248481931,38.0,96.0,58.0,44.95876288659794,12.390483150238918,32.0,72.0,39.0,2841.216494845361,1929.688742738484,1216.0,6912.0,5658.0,0.9795156580184676,0.0244435473295291,0.8733905579399142,1,68,1,30,97,68,38.25,33.21875,1270.8125,3,44.65625,40.53125,1829.5,32,87.27272727272727,60.63636363636363,5345.090909090909,33,1,GERMINATED
pg4_2,1,0.0441941738241592,0.0,4.242640687119285,0.4307515235028193,0.3030296589010118,0.3030296589010118,3.0,3.0,436.5,390.5,35.0,0.0,35.0,35.0,0.0,39.0,0.0,39.0,39.0,0.0,1365.0,0.0,1365.0,1365.0,0.0,0.997187896070976,0.0274089986724269,0.7300380228136882,0,0,0,0,0,0,35.0,39.0,1365.0,0,35.0,39.0,1365.0,0,35.0,39.0,1365.0,0,0,NON-GERMINATED
pg4_2,2,0.0527245084667586,0.0,2.0615528128088303,0.2389894548725362,0.5971822452767321,0.2183280266448182,2.0,2.0,235.5,397.0,36.83505154639175,0.44676182845403,36.0,39.0,-2.0,34.70103092783505,0.7754606007872777,32.0,35.0,3.0,1278.3711340206185,37.73546544462178,1152.0,1295.0,47.0,0.9963418178491708,0.0195160680088312,0.8181818181818182,0,0,0,0,0,0,36.5,34.09375,1244.59375,0,37.0,35.0,1295.0,0,37.0,35.0,1295.0,0,0,NON-GERMINATED
pg4_2,3,0.5328994792222723,0.5,3.605551275463989,0.4972606409566626,4.777257740457242,5.282486700935721,19.0,17.5,324.0,518.5,47.97938144329897,17.028768490951382,32.0,98.0,66.0,67.3298969072165,29.03631627593228,35.0,111.0,76.0,3671.0,2802.9582495024088,1120.0,10878.0,9758.0,0.9705165382389608,0.0317205785481133,0.7459080280592362,1,75,1,23,97,75,34.875,38.5625,1346.03125,10,40.90625,58.75,2480.71875,32,67.54545454545455,103.54545454545456,7079.727272727273,33,1,GERMINATED
pg4_2,4,1.200929930137465,1.4142135623730951,3.0413812651491097,0.9370591245487254,27.431052516284023,5.788969614681219,93.0,24.0,366.5,441.5,86.22680412371135,63.653622139167055,33.0,229.0,196.0,52.34020618556701,14.768932701903813,33.0,91.0,57.0,5392.845360824742,5307.699667425793,1089.0,20839.0,19717.0,0.9621751078455296,0.0363113394843468,0.8179705654531371,1,83,1,15,97,83,33.875,36.875,1250.8125,18,55.53125,50.8125,2949.3125,32,166.75757575757575,68.81818181818181,11778.848484848484,33,1,GERMINATED
pg4_2,5,0.4893337854782555,0.5,2.23606797749979,0.4975254898557331,6.483175573927657,3.426334839528175,26.0,14.0,344.5,346.5,65.94845360824742,34.86006521929081,39.0,145.0,106.0,40.55670103092783,6.9637782613681845,33.0,55.0,21.0,2908.443298969072,2072.4364712090364,1326.0,7975.0,6649.0,0.9727208801223078,0.0270407379438493,0.8467966573816156,1,74,1,24,97,74,39.40625,34.0,1339.71875,9,46.8125,38.125,1797.125,32,110.24242424242424,49.27272727272727,5507.272727272727,33,1,GERMINATED
pg4_2,6,0.5588575295335246,0.5,2.692582403567252,0.5996276025031584,4.317212643358107,3.286679751662505,19.5,17.5,197.0,309.0,47.55670103092783,10.188905500708604,38.0,78.0,40.0,47.67010309278351,19.21432114602996,31.0,100.0,68.0,2455.0309278350514,1619.2509752021003,1178.0,7800.0,6584.0,0.9717257256940822,0.0350730766731561,0.8122634367903103,1,72,1,26,97,72,38.40625,31.875,1225.4375,7,44.59375,39.875,1791.65625,32,59.30303030303031,70.54545454545455,4290.636363636364,33,1,GERMINATED
pg4_2,7,0.7360495560280255,0.7071067811865476,3.1622776601683795,0.6311380338227235,3.3354140245024286,17.581909791554956,11.0,61.5,415.5,284.0,41.96907216494845,8.31152920321063,33.0,65.0,28.0,73.90721649484536,38.15677980162135,36.0,165.0,129.0,3412.1649484536083,2520.7659925679045,1332.0,10725.0,9393.0,0.9749204400966706,0.0250518623680502,0.808454425363276,1,74,1,24,97,74,35.8125,39.28125,1405.21875,9,37.53125,60.65625,2313.09375,32,52.24242424242424,120.33333333333331,6424.060606060606,33,1,GERMINATED
pg4_2,8,0.4661657177526896,0.5,3.0413812651491097,0.5509290852055763,2.201749080068992,8.385975366420478,10.0,30.0,314.5,238.5,39.45360824742268,11.264414013299794,31.0,79.0,48.0,56.09278350515464,20.822312811232088,35.0,101.0,66.0,2428.59793814433,1672.4265761997608,1085.0,7979.0,6894.0,0.9769561053233587,0.027954685650323,0.8210272873194222,1,76,1,22,97,76,31.625,37.0,1170.125,11,34.4375,48.25,1683.90625,32,51.90909090909091,82.21212121212122,4371.060606060606,33,1,GERMINATED
pg4_2,9,0.3988673735902119,0.5,1.5811388300841898,0.3982626666141074,4.123711340206185,2.754410756626272,14.5,9.0,386.5,172.5,48.422680412371136,14.464913148823891,37.0,82.0,45.0,44.865979381443296,14.770846785559096,31.0,67.0,35.0,2368.7525773195875,1488.7327346696125,1147.0,5412.0,4265.0,0.9767862691169098,0.0267276619658009,0.8858739026336792,1,75,1,23,97,75,38.03125,31.96875,1216.03125,10,40.34375,37.5,1529.28125,32,66.33333333333333,64.51515151515152,4300.575757575758,33,1,GERMINATED
pg4_3,0,0.1094779418637348,0.0,1.8027756377319943,0.2621902876003368,0.7700278741609304,0.2774900790452529,3.0,1.5,444.0,359.5,35.44329896907217,2.596464972595714,30.0,39.0,9.0,38.11340206185567,1.2258074440517384,35.0,39.0,4.0,1352.6082474226805,126.63516528444694,1050.0,1521.0,471.0,0.9929381457990022,0.0197544515168879,0.8581375108790252,1,54,1,44,97,54,32.46875,37.46875,1218.0,0,35.5,37.84375,1342.8125,21,38.27272727272727,39.0,1492.6363636363635,33,1,GERMINATED
pg4_3,1,0.0833333333333333,0.0,2.5,0.3118047822311617,1.281340036147575,1.150212427297431,3.5,3.0,190.5,211.0,32.16494845360825,2.2090741278865247,30.0,36.0,6.0,34.47422680412371,1.4293880422628469,32.0,36.0,4.0,1111.4329896907216,117.75047067706352,960.0,1296.0,336.0,0.9946000402652606,0.0218673163673912,0.812807881773399,1,41,1,57,97,41,30.65625,32.875,1007.65625,0,30.84375,34.5,1065.375,8,34.90909090909091,36.0,1256.7272727272727,33,1,GERMINATED
pg4_3,2,0.4009096028543146,0.0,9.055385138137416,1.001665608044519,5.27876327316566,4.646517671832523,19.5,16.5,179.5,444.0,44.43298969072165,12.923970549838376,36.0,77.0,39.0,34.47422680412371,5.653377393077513,30.0,50.0,20.0,1603.278350515464,800.7598291399797,1080.0,3850.0,2710.0,0.9794281640758976,0.0507382197234847,0.5871559633027523,1,51,1,47,97,51,36.34375,30.96875,1125.46875,0,36.84375,31.40625,1157.84375,18,59.63636363636363,40.84848484848485,2498.5454545454545,33,1,GERMINATED
pg4_3,3,0.4831636209703691,0.5,1.8027756377319943,0.4517221661273681,8.172709265945354,4.443520218377516,30.5,15.0,288.5,452.0,51.865979381443296,21.244588815454144,36.0,107.0,70.0,48.74226804123711,17.884093232039405,30.0,82.0,52.0,2886.2061855670104,2262.862583297884,1110.0,8774.0,7664.0,0.9748438337176752,0.0264243459218292,0.8700906344410876,1,74,1,24,97,74,37.0625,32.09375,1189.59375,9,39.5625,41.78125,1685.9375,32,78.15151515151516,71.63636363636364,5695.30303030303,33,1,GERMINATED
pg4_3,4,0.5262507009724979,0.5,2.0615528128088303,0.4438676976975098,3.082000101453389,4.48191059535543,11.5,19.0,363.0,425.5,43.78350515463917,7.659273476519673,34.0,61.0,27.0,79.96907216494846,47.547578690668445,34.0,173.0,137.0,3859.7113402061855,2935.944179638617,1190.0,10553.0,9329.0,0.9734881625553568,0.0219041029912615,0.868421052631579,1,86,1,12,97,86,36.53125,34.78125,1271.53125,21,41.1875,63.40625,2642.875,32,53.333333333333336,139.84848484848484,7549.424242424242,33,1,GERMINATED
pg4_3,5,0.5483019544757263,0.5,2.0615528128088303,0.5941471198713598,4.244080859304222,4.5746892693314525,18.5,24.0,237.5,382.0,52.55670103092783,19.18277205609185,36.0,91.0,50.0,45.27835051546392,24.589723051580464,29.0,114.0,85.0,2830.1237113402062,2653.884623140751,1044.0,10146.0,9015.0,0.9676025412711872,0.0369455874953689,0.8601553829078802,1,67,1,31,97,67,36.09375,29.0,1046.71875,2,43.53125,31.4375,1384.375,32,77.27272727272727,74.48484848484848,5961.424242424242,33,1,GERMINATED
pg4_3,6,0.3661176555519458,0.0,1.5811388300841898,0.474692387018316,2.1248245505959256,5.0931226148629785,8.5,23.0,326.0,300.5,40.577319587628864,14.234295054620285,29.0,83.0,54.0,46.51546391752577,16.4787356899557,34.0,97.0,62.0,2116.1237113402062,1726.2328465087228,1015.0,8051.0,7036.0,0.9762367584294416,0.0310314743536384,0.8855098389982111,3,66,1,31,97,65,31.84375,34.03125,1083.59375,1,34.75,39.78125,1385.46875,32,54.696969696969695,65.15151515151516,3825.878787878788,33,1,GERMINATED
pg4_3,7,0.5043584680315414,0.5,2.0615528128088303,0.5527371609166604,2.922557680290018,8.296365731136511,10.0,31.0,367.5,199.0,38.47422680412371,8.40482529977238,31.0,59.0,28.0,55.29896907216495,24.19728405499714,34.0,113.0,79.0,2329.618556701031,1610.2915241177109,1054.0,6667.0,5613.0,0.9750819972188336,0.0291112195492263,0.8654822335025381,1,78,1,20,97,78,32.34375,35.71875,1155.8125,13,33.5625,43.625,1471.3125,32,49.18181818181818,85.60606060606061,4300.151515151515,33,1,GERMINATED
pg4_3,8,1.4383595535143552,1.6919572339080922,3.605551275463989,1.148539345493796,20.64354413733017,27.88558128375286,65.5,97.0,316.0,289.5,74.3298969072165,43.47121850297852,36.0,174.0,137.0,88.11340206185567,66.38048345162406,32.0,233.0,200.0,9426.329896907217,11671.23886985214,1152.0,40542.0,39321.0,0.9562588423990012,0.036040910171404,0.8367952522255193,1,82,1,16,97,82,38.09375,32.0625,1221.3125,17,54.875,58.625,3482.375,32,128.33333333333334,171.06060606060606,23146.545454545456,33,1,GERMINATED
pg4_3,9,0.8773110262956759,0.5,2.9154759474226504,0.9566719377473978,12.499988309060322,11.618561274800369,45.0,47.5,146.5,348.5,58.25773195876289,31.2542874091528,35.0,143.0,103.0,61.381443298969074,43.99893234388107,30.0,168.0,138.0,4917.268041237114,6288.478811541425,1050.0,23184.0,22134.0,0.96449729171473,0.036789348427445,0.8372703412073491,1,71,1,27,97,71,36.15625,30.1875,1091.9375,6,43.71875,35.40625,1569.625,32,93.78787878787878,116.8181818181818,11872.878787878788,33,1,GERMINATED
pg4_4,0,0.6753359667897286,0.5,3.0413812651491097,0.6492499508100477,6.389603063905736,3.809281838091117,29.5,15.5,458.0,298.0,56.50515463917526,26.178264262961505,37.0,128.0,90.0,40.855670103092784,14.115860561663348,27.0,67.0,39.0,2657.680412371134,2205.8102775030256,1026.0,8576.0,7512.0,0.9670409164827602,0.0308974134701116,0.8665105386416861,1,49,1,49,97,49,39.28125,29.03125,1140.96875,0,41.0625,33.65625,1394.125,16,88.18181818181819,59.30303030303031,5353.69696969697,33,1,GERMINATED
pg4_4,1,0.6455197151595341,0.5,3.5,0.7162344569624907,7.033670898229599,5.174595390318161,29.0,26.5,384.0,397.5,50.824742268041234,16.008380736337877,38.0,98.0,58.0,46.64948453608248,21.9056275955028,28.0,105.0,77.0,2714.4123711340208,2326.5603288912725,1120.0,10290.0,9170.0,0.968360384807672,0.0399981161020999,0.796923076923077,1,69,1,29,97,69,38.34375,31.78125,1218.15625,4,44.3125,33.5625,1495.75,32,69.24242424242425,73.75757575757575,5347.060606060606,33,1,GERMINATED
pg4_4,2,0.2600760390432988,0.0,1.8027756377319943,0.3750917051187374,4.37761506497965,2.711869338043653,14.5,10.0,312.5,136.5,47.94845360824742,12.892394572570998,39.0,83.0,42.0,43.23711340206186,6.80474848740427,37.0,59.0,22.0,2159.5670103092784,1004.7620214440944,1480.0,4897.0,3380.0,0.9852000607390816,0.0222413929896872,0.8813559322033898,1,61,1,37,97,61,39.46875,38.15625,1505.4375,0,41.40625,40.0,1657.21875,28,62.51515151515152,51.30303030303031,3281.0,33,1,GERMINATED
pg4_4,3,0.5690389785827809,0.5,3.1622776601683795,0.6095138561619954,2.6851464933843388,3.122052228578528,11.5,13.0,356.0,282.0,59.16494845360825,25.535372843067247,39.0,117.0,75.0,45.45360824742268,14.211234570278489,32.0,80.0,48.0,3045.3505154639174,2408.177464781443,1287.0,9360.0,8016.0,0.9654408795538866,0.0315119813512835,0.7976653696498055,1,58,1,40,97,58,41.71875,33.25,1387.15625,0,43.71875,39.78125,1748.125,25,91.06060606060606,62.78787878787879,5911.212121212121,33,1,GERMINATED
pg4_4,4,0.6554979116915031,0.5,2.549509756796392,0.7126166485341741,5.274337029227939,7.671970036616821,16.5,35.0,230.0,378.5,43.71134020618557,11.206550701095251,33.0,71.0,38.0,57.597938144329895,30.26128818737002,35.0,143.0,106.0,2849.020618556701,2385.4987547373034,1190.0,10153.0,8932.0,0.9685692825692894,0.0318115644263119,0.8480725623582767,3,78,1,18,97,77,34.59375,36.875,1276.8125,13,38.125,41.875,1607.46875,32,57.96969696969697,92.93939393939394,5577.515151515152,33,1,GERMINATED
pg4_4,5,0.9961863048231914,0.5,3.1622776601683795,1.0979660799630298,7.299576973927976,17.56844713643876,30.5,67.5,195.5,311.5,54.824742268041234,24.241061827853613,31.0,115.0,84.0,59.76288659793814,39.67594851590349,33.0,180.0,146.0,4174.845360824742,4883.510640099295,1054.0,20700.0,19646.0,0.963698574236716,0.0353435640013619,0.8365079365079365,1,78,1,20,97,78,34.875,35.09375,1224.125,13,43.59375,40.96875,1814.9375,32,85.06060606060606,101.9090909090909,9324.545454545454,33,1,GERMINATED
pg4_4,6,0.7343288683313544,0.5,4.924428900898052,0.7602293161508522,7.520793437902252,3.9199531275326938,30.5,17.0,119.5,273.5,90.10309278350516,58.85671655145397,36.0,191.0,152.0,48.72164948453608,13.400063292696528,34.0,81.0,47.0,5163.123711340206,4623.367437152526,1224.0,15471.0,14145.0,0.9650671993455324,0.0398242705893987,0.7020872865275142,1,80,1,18,97,80,39.1875,36.34375,1425.75,15,61.75,43.9375,2800.09375,32,166.96969696969697,65.36363636363636,11078.666666666666,33,1,GERMINATED
pg4_4,7,0.447886389136108,0.0,2.0615528128088303,0.5566097817082318,3.603878061410749,4.891787882939956,15.5,20.5,201.5,277.5,43.36082474226804,5.984835763294981,38.0,57.0,17.0,44.58762886597938,17.53861870057375,34.0,101.0,67.0,2025.5463917525772,1130.03040758849,1292.0,5555.0,4263.0,0.976621596043271,0.0284630642361725,0.9046283309957924,1,59,1,39,97,59,38.0,34.0,1292.0,0,41.15625,34.34375,1414.46875,26,50.696969696969695,64.78787878787878,3329.4242424242425,33,1,GERMINATED
pg4_4,8,0.5736031614434137,0.5,3.2015621187164243,0.6744135080562873,3.7841862922372713,4.530391228208104,13.0,22.5,283.5,267.0,44.39175257731959,10.77373352380106,36.0,73.0,36.0,49.39175257731959,24.80004851218689,29.0,110.0,81.0,2452.7938144329896,1993.4665550094192,1073.0,8030.0,6957.0,0.9687777145775396,0.0393010608159297,0.8007380073800738,1,48,1,50,97,48,37.78125,31.21875,1179.71875,0,38.90625,35.9375,1408.71875,15,56.121212121212125,80.06060606060606,4699.727272727273,33,1,GERMINATED
pg4_4,9,0.8761984090992194,0.7071067811865476,6.082762530298219,0.9117207254556244,4.802226296689131,18.002036941465118,20.0,63.0,287.5,357.0,51.597938144329895,16.135802411410825,36.0,97.0,61.0,72.48453608247422,53.87903851958654,27.0,196.0,167.0,4592.360824742268,4894.906075540389,1008.0,19012.0,17968.0,0.9640730500620348,0.047481681861169,0.6200846944948578,1,67,1,31,97,67,38.03125,29.65625,1127.53125,2,45.96875,45.53125,2165.90625,32,70.21212121212122,140.15151515151516,10305.121212121212,33,1,GERMINATED
pg4_5,0,0.0364583333333333,0.0,1.0,0.1486885669127103,0.5463431217416952,0.2937692133768042,2.5,1.0,395.5,438.5,31.927835051546392,0.2587608329486832,31.0,32.0,1.0,36.72164948453608,0.5875384267536087,35.0,37.0,2.0,1172.5257731958764,24.969297759202902,1085.0,1184.0,99.0,0.99780151244995,0.0090565361223777,0.9375,1,9,1,89,97,9,31.78125,36.15625,1149.21875,0,32.0,37.0,1184.0,0,32.0,37.0,1184.0,9,1,GERMINATED
pg4_5,1,1.0957727643941937,1.0,5.024937810560445,0.9600405627603664,24.43646501883289,2.2175614791490967,85.0,7.0,309.5,453.5,82.10309278350516,57.47926287399468,36.0,221.0,185.0,46.97938144329897,8.908445409687799,33.0,59.0,26.0,4305.01030927835,3700.0321076758055,1188.0,13039.0,11851.0,0.968235932661242,0.0365893569974549,0.7357926221335992,1,84,1,14,97,84,40.09375,37.125,1493.84375,19,50.25,45.84375,2348.0625,32,153.72727272727272,57.63636363636363,8928.636363636364,33,1,GERMINATED
pg4_5,2,0.5202478723317506,0.5,3.640054944640259,0.5591739306044406,3.016851385796692,6.446481688162022,12.0,23.5,245.0,392.0,55.350515463917525,15.3971755591152,40.0,86.0,45.0,54.175257731958766,19.210719896823043,34.0,92.0,57.0,3284.309278350516,2033.96502905002,1360.0,7912.0,6477.0,0.9765784753085374,0.0319887425995692,0.7995049504950495,1,69,1,29,97,69,40.75,34.28125,1397.71875,4,49.625,50.65625,2556.25,32,75.06060606060606,76.87878787878788,5819.727272727273,33,1,GERMINATED
pg4_5,3,0.812024958073005,0.7071067811865476,4.47213595499958,0.7599964698162756,1.5781784603239457,13.574192001358456,7.5,52.0,176.5,338.0,51.55670103092783,14.737545202690276,38.0,85.0,42.0,65.62886597938144,35.92125396395375,37.0,160.0,123.0,3896.762886597938,3401.6912948453623,1520.0,13600.0,12009.0,0.9676637033494244,0.0343406151549354,0.7512383048981838,1,59,1,39,97,59,43.125,37.6875,1625.15625,0,40.84375,48.1875,1989.0625,26,70.12121212121212,109.63636363636364,7949.424242424242,33,1,GERMINATED
pg4_5,4,0.5503140142933565,0.5,1.5,0.4469436791576743,8.707462688552063,5.400020272120599,31.0,21.5,410.5,352.5,54.92783505154639,24.398431343306257,33.0,109.0,76.0,45.422680412371136,12.011021615086284,34.0,79.0,45.0,2777.40206185567,2056.885402737777,1122.0,8611.0,7489.0,0.973439478667648,0.0215326428163313,0.9166666666666666,1,74,1,24,97,74,34.53125,34.90625,1205.46875,9,43.5,41.84375,1841.90625,32,85.78787878787878,59.09090909090909,5208.848484848485,33,1,GERMINATED
pg4_5,5,0.6198235197905534,0.5,1.5811388300841898,0.5012339483525794,10.51443293915009,9.752757130924495,32.0,33.0,492.5,253.5,64.82474226804123,24.930836414268526,36.0,111.0,75.0,60.30927835051546,34.07855111167396,33.0,144.0,111.0,4697.092783505154,4313.704421579212,1188.0,15984.0,14796.0,0.9707519693594054,0.0218232421460329,0.9202978488692776,1,86,1,12,97,86,38.28125,33.59375,1287.875,21,61.1875,43.75,2765.5625,32,94.0909090909091,102.27272727272728,9876.0,33,1,GERMINATED
pg4_5,6,0.5656272185352739,0.5,3.0413812651491097,0.6062720920940116,4.190464860698774,7.772508788578507,15.5,19.5,409.5,172.0,50.329896907216494,6.932251905709805,42.0,62.0,16.0,43.23711340206186,12.8004294353513,31.0,70.0,36.0,2251.319587628866,944.73097186657,1302.0,4130.0,2668.0,0.966177433986042,0.03836447154462,0.831858407079646,1,79,1,19,97,79,44.25,33.09375,1465.03125,14,48.0625,36.46875,1777.375,32,58.42424242424242,59.63636363636363,3473.3636363636365,33,1,GERMINATED
pg4_5,7,0.7119479392784073,0.5,2.5,0.6462269712909668,16.01530216024942,2.5241947518959367,50.5,9.0,317.5,149.0,74.3298969072165,44.65300849921099,35.0,175.0,139.0,44.51546391752577,9.491301934594985,32.0,61.0,28.0,3702.7938144329896,2974.342120582469,1120.0,10675.0,9487.0,0.9720267978874144,0.0297800916865654,0.7855297157622739,1,80,1,18,97,80,39.71875,33.9375,1352.90625,15,50.875,43.5,2248.875,32,130.63636363636363,55.75757575757576,7391.333333333333,33,1,GERMINATED
pg4_5,8,0.9858131526131948,1.0,2.5,0.7819883384476823,17.83413083851964,4.4286300787642014,66.0,16.5,350.5,242.0,75.08247422680412,46.188245504069336,38.0,189.0,150.0,58.01030927835052,21.467546758348348,34.0,92.0,58.0,5197.742268041237,4793.599792933423,1326.0,17388.0,16062.0,0.9690140063770922,0.0236609717390366,0.8765264586160109,1,85,1,13,97,85,40.28125,35.34375,1423.5,20,51.84375,55.34375,2964.90625,32,131.36363636363637,82.57575757575758,11022.787878787878,33,1,GERMINATED
pg4_5,9,0.5302367835680112,0.5,6.324555320336759,0.90288599502823,3.423945549314105,1.6397749016656642,13.0,11.0,225.5,214.5,48.350515463917525,12.048904845740946,39.0,78.0,32.0,47.78350515463917,6.71546423405258,41.0,77.0,33.0,2383.6288659793813,989.788619728513,1638.0,5775.0,3883.0,0.9757986854578152,0.041202890559591,0.6968609865470852,1,71,1,27,97,71,42.6875,43.5,1857.5625,6,40.125,44.0,1766.34375,32,61.81818181818182,55.60606060606061,3492.333333333333,33,1,GERMINATED
pg4_6,0,0.0416666666666666,0.0,0.5,0.1381926995981416,0.2126561994302708,1.1719296339161696,0.5,3.0,504.0,313.0,33.76288659793814,0.4253123988605417,33.0,34.0,0.0,38.154639175257735,0.3615603694175295,38.0,39.0,0.0,1288.1958762886595,19.337821056189096,1254.0,1326.0,0.0,0.9977846907993968,0.0073624525152402,0.9705882352941176,0,0,0,0,0,0,33.28125,38.15625,1269.84375,0,34.0,38.3125,1302.625,0,34.0,38.0,1292.0,0,0,NON-GERMINATED
pg4_6,1,0.1586262115572915,0.0,2.692582403567252,0.3511057177076177,1.342464394082113,1.570786957364594,5.0,5.5,220.0,445.5,38.93814432989691,2.019566315544062,37.0,46.0,8.0,36.23711340206186,2.2001555515593663,32.0,43.0,7.0,1414.8247422680413,161.06789311325795,1248.0,1978.0,610.0,0.9907160995375937,0.0221814657201327,0.8233657858136301,1,55,1,43,97,55,38.0,36.0,1368.0,0,38.03125,34.46875,1310.75,22,40.72727272727273,38.18181818181818,1561.1515151515152,33,1,GERMINATED
pg4_6,2,0.951685209378422,0.7071067811865476,2.5,0.8247622458929295,11.520931059669897,22.399186649217825,34.0,72.0,188.5,346.5,58.896907216494846,30.238735496963308,33.0,121.0,87.0,84.30927835051547,50.20152394794123,39.0,197.0,158.0,6475.319587628866,6887.121791283122,1287.0,23837.0,22511.0,0.9659374244625524,0.0287606823131327,0.8611111111111112,1,74,1,24,97,74,34.78125,40.375,1404.8125,9,43.15625,62.6875,2826.09375,32,97.54545454545456,147.87878787878788,14930.818181818182,33,1,GERMINATED
pg4_6,3,0.8867974653270085,0.8535533905932737,3.605551275463989,0.7071411378380743,4.265282489055853,16.885304508449817,17.5,56.5,215.5,257.5,48.855670103092784,17.890842955667683,33.0,93.0,58.0,81.25773195876289,47.66621020026648,36.0,184.0,148.0,4782.525773195876,4606.331161000005,1260.0,17112.0,15852.0,0.9644228337165736,0.0287389159066372,0.8461538461538461,1,75,1,23,97,75,36.0,39.25,1413.4375,10,39.6875,61.3125,2464.3125,32,70.21212121212122,141.33333333333334,10297.484848484848,33,1,GERMINATED
pg4_6,4,0.4915138213958552,0.25,4.609772228646444,0.7451772697666262,3.071455671254677,7.829532103648186,12.5,21.5,226.0,202.0,42.09278350515464,9.962902812849508,32.0,63.0,31.0,44.381443298969074,5.174169187692597,35.0,53.0,17.0,1915.020618556701,672.280025409476,1120.0,3276.0,2156.0,0.9743517706411094,0.0432439360279064,0.728171334431631,1,76,1,22,97,76,33.65625,39.0,1314.21875,11,37.75,43.09375,1630.5625,32,54.48484848484848,50.84848484848485,2773.454545454545,33,1,GERMINATED
pg4_6,5,0.2312051860908767,0.0,1.8027756377319943,0.344120853661447,3.5093592126073268,1.258006561200788,10.0,5.5,295.0,415.5,40.77319587628866,5.423327153624491,35.0,56.0,19.0,46.43298969072165,7.273603194626679,38.0,63.0,25.0,1926.1237113402065,567.1991460619828,1400.0,3528.0,2122.0,0.9841295767918768,0.0254343466401307,0.8348623853211009,1,71,1,27,97,71,38.96875,39.9375,1556.4375,6,36.8125,43.6875,1611.96875,32,46.36363636363637,55.39393939393939,2589.242424242424,33,1,GERMINATED
pg4_6,6,0.4984120967421943,0.5,3.2015621187164243,0.6324736214428627,5.182368713024391,4.693745485080318,15.0,13.5,389.0,439.5,52.56701030927835,10.688569109962774,39.0,77.0,31.0,45.79381443298969,16.30124790892542,33.0,97.0,60.0,2577.19587628866,1580.251478350315,1365.0,7469.0,5767.0,0.972695795954486,0.0361533177878357,0.80343716433942,1,79,1,19,97,79,45.0625,35.28125,1590.71875,14,46.5,37.125,1728.875,32,65.72727272727273,64.39393939393939,4356.393939393939,33,1,GERMINATED
pg4_6,7,0.5503529810617263,0.5,1.5811388300841898,0.5043840430695027,10.44661359352036,5.98020346287048,33.0,18.5,452.5,359.5,71.5360824742268,38.87305850375677,39.0,155.0,115.0,39.5360824742268,6.097256194929,33.0,52.0,19.0,3058.474226804124,2127.504167162665,1287.0,8060.0,6740.0,0.9728797455010106,0.0258579270638436,0.8741721854304636,1,65,1,33,97,65,39.78125,33.6875,1340.09375,0,51.875,37.25,1961.0625,32,121.3939393939394,47.42424242424242,5788.939393939394,33,1,GERMINATED
pg4_6,8,0.7666329975217886,0.5,2.23606797749979,0.794370094547093,5.626240843995898,14.119086457768988,16.5,54.0,360.5,299.0,51.49484536082474,10.69552725799912,39.0,67.0,25.0,56.8041237113402,38.33617956196699,31.0,166.0,131.0,3270.6082474226805,2878.556495192417,1209.0,11122.0,9652.0,0.9709511682785744,0.0326311764783866,0.8224489795918367,1,69,1,29,97,69,41.75,34.75,1451.90625,4,47.09375,33.28125,1578.09375,32,65.21212121212122,101.0,6675.424242424242,33,1,GERMINATED
pg4_6,9,1.218651872536224,1.118033988749895,7.211102550927978,1.0797820521895247,10.982386694846666,24.02753097301861,33.0,79.5,423.0,241.5,67.69072164948453,26.30172305309476,40.0,114.0,65.0,86.61855670103093,63.349373799616096,32.0,222.0,185.0,7492.711340206186,7703.774764880898,1408.0,23532.0,22015.0,0.9566793671074736,0.0499997863736095,0.6357615894039735,1,81,1,17,97,81,42.25,34.53125,1455.09375,16,59.21875,55.1875,3523.1875,32,100.57575757575758,167.6060606060606,17196.60606060606,33,1,GERMINATED
pg4_7,0,0.8052556893010031,0.7071067811865476,2.23606797749979,0.5973036147401921,14.38179432746042,4.6363794553774325,42.5,19.0,413.5,421.5,75.0618556701031,47.90149136412148,30.0,167.0,134.0,64.9381443298969,23.850831290701787,33.0,127.0,94.0,5948.432989690722,5519.969368858716,1089.0,21209.0,20120.0,0.9658558968882348,0.0267048199517939,0.8365384615384616,1,82,1,16,97,82,31.6875,38.875,1229.625,17,55.78125,63.59375,3726.125,32,135.8181818181818,91.51515151515152,12679.212121212122,33,1,GERMINATED
pg4_7,1,0.4310346261149256,0.5,2.0,0.4722957947691604,5.962872695368145,4.10991894490138,23.0,13.5,266.5,486.5,47.96907216494845,16.17459737273389,35.0,89.0,54.0,41.23711340206186,8.457014651884643,32.0,61.0,27.0,2111.865979381443,1193.2298162590507,1152.0,5429.0,4239.0,0.9797361786107482,0.0253180872208755,0.8676236044657097,1,66,1,32,97,66,35.03125,33.9375,1188.8125,1,40.4375,38.09375,1562.75,32,67.81818181818181,51.36363636363637,3539.4242424242425,33,1,GERMINATED
pg4_7,2,0.1198409122030746,0.0,2.0615528128088303,0.3165777773244172,0.6436491248984728,0.627046548344739,3.0,3.0,179.0,440.0,32.79381443298969,1.4497646046389234,31.0,36.0,4.0,31.11340206185567,1.9838330526065708,28.0,36.0,8.0,1023.1030927835052,113.19679829868804,868.0,1296.0,400.0,0.9918407959695092,0.0232922506546503,0.8413361169102297,1,32,1,66,97,32,31.96875,29.875,955.125,0,32.0,29.96875,959.0,0,34.36363636363637,33.42424242424242,1151.1818181818182,32,1,GERMINATED
pg4_7,3,0.0416666666666666,0.0,1.0,0.1559023911155808,0.657696408566457,0.5964253882111639,2.0,2.0,339.0,300.5,35.98969072164948,0.1010098863003372,35.0,36.0,0.0,32.95876288659794,0.1988381600204732,32.0,33.0,0.0,1186.1752577319587,7.832012432830226,1152.0,1188.0,0.0,0.997595606970607,0.0088877016255768,0.945945945945946,0,0,0,0,0,0,36.0,32.9375,1185.75,0,35.96875,32.9375,1184.71875,0,36.0,33.0,1188.0,0,0,NON-GERMINATED
pg4_7,4,0.0242202163535046,0.0,1.118033988749895,0.1422909500042879,0.2694254504200408,0.1226327551893847,2.0,1.0,210.0,206.5,29.989690721649485,0.1010098863003372,29.0,30.0,0.0,27.02061855670103,0.1421035953823734,27.0,28.0,0.0,810.3298969072165,3.0349226776764784,810.0,840.0,0.0,0.9979482784080936,0.0123106066137343,0.903114186851211,0,0,0,0,0,0,29.96875,27.0625,811.0,0,30.0,27.0,810.0,0,30.0,27.0,810.0,0,0,NON-GERMINATED
pg4_7,5,0.0208333333333333,0.0,2.0,0.2030582155168534,0.2020197726006744,0.0,2.0,0.0,188.5,330.0,33.0,0.0,33.0,33.0,0.0,36.0,0.0,36.0,36.0,0.0,1188.0,0.0,1188.0,1188.0,0.0,0.9988095238095238,0.011603326600963,0.8857142857142857,0,0,0,0,0,0,33.0,36.0,1188.0,0,33.0,36.0,1188.0,0,33.0,36.0,1188.0,0,0,NON-GERMINATED
pg4_7,6,0.5822953264686838,0.5,1.8027756377319943,0.4781636603779738,6.201165898214912,10.006473088291504,25.0,30.5,125.5,413.0,45.27835051546392,9.821858925026277,39.0,77.0,38.0,59.95876288659794,31.84463492846609,29.0,119.0,88.0,2976.9896907216494,2264.9132183135976,1131.0,9086.0,7916.0,0.9731884811432986,0.0247797478778426,0.8601455133387227,1,68,1,30,97,68,39.1875,29.21875,1145.34375,3,40.96875,49.40625,2035.03125,32,55.36363636363637,100.0,5666.545454545455,33,1,GERMINATED
pg4_7,7,0.2032391272473131,0.0,1.118033988749895,0.315148944398915,1.5781784603239457,1.218677057220196,6.5,4.5,260.5,331.5,39.63917525773196,4.25279911948919,34.0,53.0,15.0,37.608247422680414,4.510141381263807,34.0,52.0,17.0,1509.3298969072166,373.0831067873383,1156.0,2756.0,1426.0,0.988047699991178,0.0211935318819059,0.869172932330827,1,56,1,42,97,56,38.0,35.0625,1332.375,0,36.96875,35.1875,1301.28125,23,43.81818181818182,42.42424242424242,1882.6666666666667,33,1,GERMINATED
pg4_7,8,0.4221912301619763,0.5,2.23606797749979,0.4882839663976114,1.2207247794404652,4.827522548999753,6.5,13.5,315.0,159.0,55.78350515463917,14.842282040424216,41.0,84.0,43.0,40.01030927835052,6.579403735339117,33.0,54.0,21.0,2328.4329896907216,1024.8678557737471,1353.0,4536.0,3183.0,0.977045385762807,0.0290805015668147,0.853448275862069,1,63,1,35,97,63,43.6875,34.40625,1503.15625,0,48.0625,36.875,1787.21875,30,75.0,48.48484848484848,3653.515151515152,33,1,GERMINATED
pg4_7,9,0.4999146217756336,0.5,1.8027756377319943,0.5204985151451046,1.3351610033543926,8.897865820225963,6.0,35.0,387.5,181.0,41.93814432989691,10.274394589724226,32.0,67.0,32.0,60.65979381443299,25.713683868746173,38.0,130.0,92.0,2798.494845360825,1969.6381536107076,1216.0,8710.0,7380.0,0.9776757386710134,0.0221010774858914,0.9142857142857144,1,75,1,23,97,75,34.3125,38.375,1316.375,10,36.5,51.5625,1902.96875,32,54.60606060606061,91.0909090909091,5104.090909090909,33,1,GERMINATED
pg4_9,0,0.0745505650988789,0.0,4.242640687119285,0.4588987323765136,0.3108208954985842,0.5272870867028628,3.0,3.0,246.0,258.0,40.25773195876289,0.437385637847349,40.0,41.0,1.0,36.01030927835052,0.1010098863003372,36.0,37.0,0.0,1449.6907216494844,16.018906886230955,1440.0,1480.0,36.0,0.9954013680677845,0.0287829976423708,0.7359855334538878,0,0,0,0,0,0,40.0,36.0,1440.0,0,40.0,36.03125,1441.25,0,40.75757575757576,36.0,1467.2727272727273,0,0,NON-GERMINATED
pg4_9,1,0.0537737256267539,0.0,3.1622776601683795,0.3342031115437915,0.3676815360850929,0.3346151003529377,3.0,1.0,190.0,307.0,38.09278350515464,0.2901288098859853,38.0,39.0,0.0,33.896907216494846,0.3040800248196418,33.0,34.0,0.0,1291.1752577319587,9.806383686968836,1254.0,1326.0,0.0,0.9968557493963474,0.020119724941231,0.8082575227431771,0,0,0,0,0,0,38.28125,33.6875,1289.5,0,38.0,34.0,1292.0,0,38.0,34.0,1292.0,0,0,NON-GERMINATED
pg4_9,2,0.342723611954865,0.0,3.605551275463989,0.5926976681315788,2.8852353190357065,5.422337412224527,16.0,15.0,182.0,382.0,51.4639175257732,7.971679065743842,45.0,74.0,28.0,39.18556701030928,8.696876909412275,31.0,58.0,24.0,2083.453608247423,827.5465168427253,1457.0,4292.0,2728.0,0.981776923339056,0.035095373184476,0.7853881278538812,1,63,1,35,97,63,45.21875,34.0,1537.4375,0,47.5,32.6875,1553.28125,30,61.36363636363637,50.51515151515152,3127.030303030303,33,1,GERMINATED
pg4_9,3,0.3307702184191036,0.5,2.0615528128088303,0.3679439213706963,2.4005791627684423,1.243283581994337,7.5,5.5,239.5,417.0,44.45360824742268,9.952485695374447,35.0,69.0,34.0,43.896907216494846,8.374586662928289,36.0,63.0,26.0,2032.7731958762888,897.2918649068043,1295.0,4347.0,3052.0,0.9805596856807344,0.0280955532270669,0.8299457994579946,1,59,1,39,97,59,37.78125,38.09375,1439.53125,0,38.625,38.5,1488.5625,26,56.57575757575758,54.75757575757576,3135.757575757576,33,1,GERMINATED
pg4_9,4,0.3527820407245517,0.0,4.527692569068709,0.5911879270380561,1.9634777763479652,1.8496609462005924,9.0,7.0,393.0,440.5,51.90721649484536,5.369026240163385,47.0,63.0,14.0,39.67010309278351,4.661139300321408,35.0,54.0,18.0,2082.2680412371133,475.3320166915328,1680.0,3402.0,1620.0,0.98249932128013,0.0286458506195538,0.8103534096565456,3,68,1,29,97,67,48.0625,37.875,1820.3125,3,48.875,35.96875,1758.3125,32,58.57575757575758,45.0,2650.4242424242425,33,1,GERMINATED
pg4_9,5,0.4440317031474928,0.0,3.0,0.6044301833958466,2.673613502629199,3.936571985999562,9.0,13.0,323.5,357.0,55.29896907216495,8.580924599273956,47.0,72.0,22.0,41.07216494845361,7.834956591936823,36.0,65.0,28.0,2328.309278350516,831.004067388966,1739.0,4485.0,2746.0,0.9780881257266202,0.0307426577455221,0.8723404255319149,1,61,1,37,97,61,47.96875,37.0,1774.84375,0,51.09375,36.84375,1883.34375,28,66.48484848484848,49.121212121212125,3296.4848484848485,33,1,GERMINATED
pg4_9,6,0.7342514652438071,0.5,3.640054944640259,0.7288259639909396,5.14305915755789,9.182798360906128,26.5,34.5,313.5,219.5,53.71134020618557,22.22562780201131,36.0,121.0,84.0,62.103092783505154,25.02637146661908,36.0,127.0,91.0,3858.19587628866,3385.4004822989564,1296.0,15367.0,14035.0,0.9691450374773456,0.0331341585305646,0.7841140529531568,1,71,1,27,97,71,38.8125,37.40625,1451.96875,6,42.59375,56.59375,2434.46875,32,78.93939393939394,91.3939393939394,7572.090909090909,33,1,GERMINATED
pg4_9,7,0.3523669345743068,0.0,3.0413812651491097,0.4982302447182824,2.973150120470948,3.720999743379829,10.5,16.5,423.0,325.5,44.72164948453608,5.577462505553063,37.0,68.0,28.0,42.01030927835052,8.764378284195098,34.0,70.0,29.0,1918.298969072165,650.6378339981968,1360.0,4284.0,2924.0,0.979312342286086,0.0323915625106802,0.8366688185926404,1,54,1,44,97,54,40.90625,35.9375,1470.125,0,41.71875,38.5625,1613.90625,21,51.333333333333336,51.24242424242424,2648.060606060606,33,1,GERMINATED
pg4_9,8,0.2402551573150623,0.0,1.118033988749895,0.3220804134324967,1.1373194754902272,3.4611857170887843,5.5,12.0,440.0,207.5,40.69072164948454,3.5936967290316737,36.0,50.0,14.0,45.103092783505154,8.693503364235188,35.0,69.0,34.0,1864.9278350515465,544.0103138694559,1260.0,3450.0,2190.0,0.9887538345266518,0.0160156382827821,0.9203798392987582,1,61,1,37,97,61,37.28125,38.1875,1424.03125,0,39.84375,42.125,1681.875,28,44.81818181818182,54.696969696969695,2469.969696969697,33,1,GERMINATED
pg4_9,9,0.8048676929510542,0.5,4.123105625617661,0.9805931862111052,9.207420750423656,1.187828412502898,48.5,6.0,512.5,324.5,55.98969072164948,30.96139759670839,35.0,152.0,117.0,46.63917525773196,8.78985540738224,37.0,69.0,31.0,2866.814432989691,2267.790901695372,1295.0,10488.0,9158.0,0.9704298723448536,0.0397896586936266,0.7820773930753564,1,69,1,29,97,69,35.71875,38.03125,1358.5625,4,40.1875,44.15625,1783.71875,32,90.96969696969695,57.39393939393939,5379.636363636364,33,1,GERMINATED
pg5_1,0,0.0729166666666666,0.0,6.0,0.6122838337368998,0.6060593178020237,0.353083377103994,6.0,1.0,473.0,406.5,42.0,0.0,42.0,42.0,0.0,31.09278350515464,0.2901288098859853,31.0,32.0,0.0,1305.8969072164948,12.185410015211383,1302.0,1344.0,0.0,0.9967447916666666,0.0257058424770828,0.75,0,0,0,0,0,0,42.0,31.28125,1313.8125,0,42.0,31.0,1302.0,0,42.0,31.0,1302.0,0,0,NON-GERMINATED
pg5_1,1,0.5745685157130639,0.5,7.071067811865476,0.8988280447808802,2.5017158528745336,3.345809542127036,11.0,10.0,287.0,479.5,55.50515463917526,9.063491636570854,46.0,70.0,24.0,53.70103092783505,21.525896630368536,30.0,92.0,59.0,3167.9484536082477,1724.702271459634,1380.0,6440.0,4922.0,0.973658895756305,0.0395756392128321,0.697986577181208,1,78,1,20,97,78,46.375,32.21875,1493.84375,13,53.53125,47.5,2603.15625,32,66.27272727272727,80.54545454545455,5339.0,33,1,GERMINATED
pg5_1,2,0.4184995639126021,0.0,7.5,0.8923072798490598,5.101316987703656,1.5486581330191338,25.0,5.5,190.0,349.5,42.07216494845361,6.138013081718603,36.0,58.0,20.0,47.94845360824742,4.582285779989861,43.0,57.0,13.0,2039.9484536082475,493.15994292088686,1584.0,3306.0,1614.0,0.979217109712176,0.0415062434943362,0.6739130434782609,1,61,1,37,97,61,38.96875,43.0,1675.65625,0,38.40625,47.5625,1829.4375,28,48.63636363636363,53.121212121212125,2597.333333333333,33,1,GERMINATED
pg5_1,3,0.2169143699708695,0.0,6.5,0.7032885771621827,1.3605123040266904,0.9800594506098734,7.5,4.0,175.0,250.0,48.402061855670105,5.723274590425571,42.0,63.0,21.0,39.81443298969072,2.425508329790016,36.0,45.0,7.0,1933.298969072165,317.4294357805655,1596.0,2835.0,1239.0,0.9882940228534616,0.0335119746906581,0.7346938775510204,1,53,1,45,97,53,43.6875,40.15625,1754.875,0,46.34375,38.46875,1778.875,20,54.96969696969697,40.78787878787879,2256.060606060606,33,1,GERMINATED
pg5_1,4,0.3545482401796412,0.0,7.0,0.8112642677033088,2.51386843097564,1.942717788889996,9.0,8.0,256.5,351.5,46.75257731958763,6.91335317485736,38.0,64.0,26.0,42.47422680412371,4.655321272989165,36.0,55.0,19.0,2016.618556701031,543.8182391033074,1368.0,3520.0,2152.0,0.9824331741616898,0.0379901169286491,0.6888888888888889,1,67,1,31,97,67,41.03125,38.5625,1583.0625,2,44.625,40.46875,1807.0625,32,54.36363636363637,48.21212121212121,2640.242424242424,33,1,GERMINATED
pg5_1,5,0.3191204470219943,0.0,7.071067811865476,0.7669852064799875,1.094726923914085,3.414924139185956,8.0,12.0,266.0,181.0,43.855670103092784,2.628117944918977,40.0,49.0,9.0,46.4639175257732,7.974265122293131,37.0,69.0,28.0,2057.855670103093,488.5863046658442,1517.0,3381.0,1741.0,0.9837272977494556,0.0368836423463835,0.673469387755102,1,72,1,26,97,72,41.21875,39.71875,1637.0,7,43.34375,43.625,1891.875,32,46.90909090909091,55.75757575757576,2626.909090909091,33,1,GERMINATED
pg5_1,6,0.3875911435237985,0.0,6.576473218982953,0.7693897617345283,2.510684999084833,1.2619710546262233,12.0,6.0,315.5,248.0,47.45360824742268,8.325864084510773,40.0,68.0,27.0,39.91752577319588,4.845382759327408,34.0,50.0,14.0,1932.958762886598,587.1574354205212,1428.0,3400.0,1924.0,0.980643072299904,0.0373678012190675,0.6894553881807648,1,60,1,38,97,60,40.03125,36.0,1441.125,0,44.3125,37.53125,1669.625,27,57.696969696969695,46.03030303030303,2665.242424242424,33,1,GERMINATED
pg5_1,7,1.0217566846431894,1.0,7.648529270389178,0.998839298412725,12.193355352915024,18.30324039012843,44.0,54.0,439.0,221.5,75.20618556701031,29.97006690336825,50.0,152.0,99.0,80.42268041237114,49.4918164747469,36.0,198.0,161.0,7483.0,7721.33968264869,1850.0,30096.0,28135.0,0.9646239974654724,0.0349354720140089,0.6991799741044454,1,82,1,16,97,82,53.15625,37.40625,1987.78125,17,60.5625,59.375,3644.1875,32,110.78787878787878,142.54545454545453,16534.18181818182,33,1,GERMINATED
pg5_1,8,0.5733525909395625,0.5,3.5355339059327378,0.6974030205910765,5.356248046369135,6.0269834665113375,27.0,20.5,357.5,357.5,53.47422680412371,19.62645636253834,37.0,111.0,74.0,49.55670103092783,15.286925261875387,35.0,84.0,49.0,2941.8865979381444,2115.948769069218,1295.0,9324.0,8029.0,0.9749939187456096,0.03410858783798,0.8078750848608283,1,68,1,30,97,68,39.0,36.03125,1405.40625,3,44.125,43.1875,1921.0,32,76.57575757575758,68.84848484848484,5421.757575757576,33,1,GERMINATED
pg5_1,9,0.9386718508518316,0.5,9.340770846134705,1.2774646726041905,14.67315643689004,3.9315403147451184,55.5,14.0,397.0,350.0,66.6082474226804,31.64120916695551,39.0,149.0,107.0,53.876288659793815,17.531860677157844,36.0,88.0,52.0,4096.711340206186,3250.9409802212203,1404.0,13112.0,11600.0,0.9664880284173464,0.0551867179251873,0.5866666666666667,1,76,1,22,97,76,41.71875,36.15625,1508.21875,11,51.65625,50.65625,2679.6875,32,105.24242424242424,74.18181818181819,7980.848484848485,33,1,GERMINATED
pg5_10,0,0.1375740289706932,0.0,5.0,0.5345660731404217,1.4549419924894578,1.283867377364688,7.5,8.0,283.5,112.0,37.55670103092783,0.4967745898208972,37.0,38.0,1.0,45.876288659793815,0.3292519468592023,45.0,46.0,0.0,1722.9690721649486,26.382379940105302,1665.0,1748.0,46.0,0.992838427066831,0.0294197421817402,0.7226720647773279,0,0,0,0,0,0,37.5,45.875,1720.375,0,37.59375,45.875,1724.5625,0,37.57575757575758,45.87878787878788,1723.939393939394,0,0,NON-GERMINATED
pg5_10,1,0.100187854049478,0.0,5.0,0.530687347284281,0.8241621671205419,0.6469020823717079,6.0,3.0,230.0,355.5,39.83505154639175,0.3711340206185567,39.0,40.0,0.0,32.92783505154639,0.2587608329486832,32.0,33.0,0.0,1311.6701030927834,15.023501623133658,1280.0,1320.0,0.0,0.9939001861135554,0.0328065599592455,0.6923076923076923,0,0,0,0,0,0,39.84375,32.96875,1313.59375,0,39.65625,33.0,1308.65625,0,40.0,32.81818181818182,1312.7272727272727,0,0,NON-GERMINATED
pg5_10,2,0.3868538441055365,0.0,5.408326913195984,0.8173447477252805,3.6225489769560486,1.6371802681818417,16.0,8.5,248.0,230.5,50.50515463917526,10.54213315073564,44.0,82.0,38.0,36.64948453608248,4.58379313757846,34.0,52.0,18.0,1898.639175257732,713.1520736244014,1496.0,4264.0,2768.0,0.9784270159724762,0.0454369063277484,0.6942889137737962,1,50,1,48,97,50,44.96875,34.0,1528.9375,0,45.25,34.4375,1558.625,17,60.96969696969697,41.36363636363637,2586.848484848485,33,1,GERMINATED
pg5_10,3,0.6065467813523999,0.5,3.5355339059327378,0.6160331446962716,9.863927007546389,8.25372825963313,34.0,30.0,157.5,273.5,60.29896907216495,17.791556521936755,43.0,101.0,58.0,70.83505154639175,40.29803413188105,37.0,179.0,141.0,4983.835051546392,4529.292331516966,1634.0,18079.0,16445.0,0.9711261286012528,0.031380774175009,0.7877813504823151,1,76,1,22,97,76,45.6875,37.75,1724.1875,11,52.96875,53.84375,2892.5,32,81.57575757575758,119.3939393939394,10172.666666666666,33,1,GERMINATED
pg5_10,4,0.7192933634049711,0.6035533905932737,3.0,0.5980109174267342,11.830670639297422,5.589592419477329,44.0,20.0,415.0,192.0,72.15463917525773,35.223100493496595,44.0,160.0,114.0,65.76288659793815,31.67579751748302,41.0,132.0,90.0,5852.865979381443,5734.897870056328,1845.0,21120.0,19188.0,0.9674801895836048,0.027617254661942,0.8775510204081632,1,68,1,30,97,68,44.8125,42.0,1882.125,3,54.09375,47.46875,2638.78125,32,116.1818181818182,106.54545454545456,12819.969696969696,33,1,GERMINATED
pg5_10,5,0.7486356369957804,0.5,3.605551275463989,0.7176806506749749,4.092257620269221,17.31351912585085,15.0,56.5,421.0,307.0,43.7319587628866,6.746538576276437,37.0,56.0,16.0,88.23711340206185,62.00611429709375,35.0,251.0,211.0,4261.659793814433,3667.967216704159,1400.0,14056.0,12456.0,0.9677179977259844,0.0330259838490304,0.7808219178082192,1,69,1,29,97,69,37.75,39.53125,1491.53125,4,41.03125,58.34375,2428.71875,32,52.15151515151515,164.45454545454547,8725.242424242424,33,1,GERMINATED
pg5_10,6,0.3363831869728015,0.0,4.716990566028302,0.58529951152268,4.75467337547271,4.751626802995951,13.5,14.5,327.5,322.5,45.69072164948454,6.805638694194914,38.0,58.0,17.0,48.39175257731959,18.64953867538716,34.0,100.0,62.0,2330.1237113402062,1297.198116622002,1330.0,5800.0,4242.0,0.977439053008862,0.0372393979771343,0.7275280898876404,1,67,1,31,97,67,40.8125,36.90625,1506.59375,2,41.34375,37.375,1549.3125,32,54.63636363636363,70.21212121212122,3885.848484848485,33,1,GERMINATED
pg5_10,7,0.4809839070153416,0.5,5.1478150704935,0.6417816200694157,4.696591999053052,3.960011078996538,24.0,14.5,227.0,422.5,50.03092783505155,19.96876613085061,33.0,110.0,70.0,45.92783505154639,8.809843864748434,35.0,65.0,23.0,2464.020618556701,1534.7131904347673,1155.0,7150.0,5470.0,0.972698133408192,0.0373592471815802,0.7189216175736396,1,65,1,33,97,65,38.4375,40.09375,1543.46875,0,37.96875,40.34375,1555.5,32,72.96969696969697,57.0,4237.666666666667,33,1,GERMINATED
pg5_10,8,0.952521189065656,0.5,6.324555320336759,1.0353115719664374,2.0088813326665957,13.695947099289649,11.0,59.5,331.5,479.5,49.03092783505155,7.180232900118691,41.0,63.0,16.0,62.81443298969072,42.44325013957412,31.0,175.0,138.0,3366.7525773195875,2803.768818620136,1271.0,11025.0,9286.0,0.9673613389323809,0.0459660663511458,0.6686274509803921,1,74,1,24,97,74,43.0625,33.5625,1446.46875,9,45.34375,39.0625,1795.375,32,58.39393939393939,114.21212121212122,6752.606060606061,33,1,GERMINATED
pg5_10,9,0.3066613531043469,0.0,7.106335201775948,0.7903852317143907,1.5289566955589236,2.9871834491844877,5.5,16.0,407.0,412.5,42.577319587628864,3.674473246620771,39.0,53.0,13.0,41.22680412371134,6.715891531637871,35.0,60.0,25.0,1778.6494845360826,457.0773816423349,1400.0,3180.0,1780.0,0.9835655020939852,0.0443139726049043,0.6022857142857143,1,58,1,40,97,58,39.03125,35.96875,1403.875,0,41.90625,38.09375,1599.0,25,46.66666666666666,49.36363636363637,2316.2727272727275,33,1,GERMINATED
pg5_12,0,0.1186356810730848,0.0,3.8078865529319534,0.4407481236598274,0.2675451396363088,1.3604146523607217,1.5,4.0,201.0,430.0,35.618556701030926,0.5065203503727113,34.0,36.0,2.0,39.98969072164948,1.9130309807247976,35.0,44.0,6.0,1425.1958762886595,85.61368991300853,1190.0,1584.0,286.0,0.9934706337908024,0.0269929249527735,0.7610062893081762,1,59,1,39,97,59,34.96875,37.90625,1325.625,0,35.875,41.34375,1483.625,26,36.0,40.696969696969695,1465.090909090909,33,1,GERMINATED
pg5_12,1,0.1569560568443305,0.0,3.5355339059327378,0.425551363394063,0.8674815150639088,0.5088232032681678,4.0,4.0,364.5,455.5,38.44329896907217,3.0391570730617405,33.0,45.0,7.0,33.54639175257732,1.3623858586954054,31.0,35.0,4.0,1291.618556701031,134.92177522121744,1054.0,1530.0,381.0,0.9892597176467052,0.0311582097274094,0.7423616845582164,1,64,1,34,97,64,34.90625,33.28125,1162.625,0,39.28125,32.34375,1271.90625,31,41.06060606060606,34.96969696969697,1435.8181818181818,33,1,GERMINATED
pg5_12,2,0.4939359974542134,0.0,3.1622776601683795,0.8233481829814839,10.863489806545395,4.154261833417948,26.5,13.0,200.0,252.0,43.81443298969072,1.6642381428224395,41.0,48.0,2.0,44.24742268041237,10.461545615079675,32.0,60.0,22.0,1942.5773195876288,474.3846113499034,1312.0,2700.0,1010.0,0.974439745558506,0.0442909102851035,0.7923497267759563,1,66,1,32,97,66,42.3125,33.46875,1416.65625,1,45.5,42.0625,1914.03125,32,43.63636363636363,56.81818181818182,2480.242424242424,33,1,GERMINATED
pg5_12,3,0.0618254249618112,0.0,2.23606797749979,0.3041903737710286,0.7260908981303595,0.679161612041262,3.0,2.0,134.5,326.0,36.855670103092784,0.4538424887227864,35.0,37.0,1.0,35.154639175257735,0.8038593274069249,32.0,36.0,2.0,1295.8762886597938,40.481447381513455,1120.0,1332.0,108.0,0.9948320297137926,0.0268175619201502,0.7976539589442815,1,32,1,66,97,32,36.96875,34.96875,1292.78125,0,37.0,35.0,1295.0,0,36.60606060606061,35.484848484848484,1299.7272727272727,32,1,GERMINATED
pg5_12,4,0.015625,0.0,1.5,0.15229366163764,0.0,0.1515148294505059,0.0,1.5,296.5,322.5,39.0,0.0,39.0,39.0,0.0,31.010309278350515,0.1010098863003372,31.0,32.0,-1.0,1209.40206185567,3.939385565713154,1209.0,1248.0,-39.0,0.9990530303030304,0.0092299188871297,0.9090909090909092,0,0,0,0,0,0,39.0,31.03125,1210.21875,0,39.0,31.0,1209.0,0,39.0,31.0,1209.0,0,0,NON-GERMINATED
pg5_12,5,0.0423078418000919,0.0,2.0615528128088303,0.2299946662908042,0.0505049431501686,0.6279780786080384,0.5,2.0,276.0,233.0,35.01030927835052,0.1010098863003372,35.0,36.0,-1.0,35.96907216494845,0.1731222229252234,35.0,36.0,0.0,1259.2886597938143,7.123301045967117,1225.0,1296.0,-36.0,0.9975004744861992,0.01410055158751,0.8711566617862372,0,0,0,0,0,0,35.03125,35.9375,1258.9375,0,35.0,35.96875,1258.90625,0,35.0,36.0,1260.0,0,0,NON-GERMINATED
pg5_12,6,0.3390476506879893,0.0,4.272001872658765,0.6309259258393877,6.59432890973713,4.937229538838938,18.0,16.5,330.5,160.0,42.02061855670103,2.270289419958896,37.0,51.0,4.0,37.597938144329895,5.3778081493317735,31.0,48.0,13.0,1581.6288659793815,251.09908175355176,1147.0,2091.0,657.0,0.9792901782113826,0.0402678113926709,0.7239692522711391,1,39,1,59,97,39,40.46875,33.3125,1348.53125,0,43.34375,34.40625,1493.75,6,42.24242424242424,44.84848484848485,1892.878787878788,33,1,GERMINATED
pg5_12,7,0.1032246453628164,0.0,2.8284271247461903,0.3568830423584933,0.6880236582871582,0.2982572400307099,3.5,2.5,432.0,219.0,39.22680412371134,1.720136380586739,32.0,41.0,5.0,40.381443298969074,2.027864139540536,39.0,44.0,-2.0,1583.5463917525774,96.66660961684548,1312.0,1716.0,131.0,0.9923483788497288,0.0288767842412465,0.8106666666666666,1,45,1,53,97,45,39.96875,39.0625,1560.78125,0,39.90625,40.9375,1631.8125,12,37.84848484848485,41.121212121212125,1558.8181818181818,33,1,GERMINATED
pg5_12,8,0.1160187377769477,0.0,3.605551275463989,0.4264412649880916,1.3654054425450406,0.3939844184334302,4.5,3.5,403.5,307.0,42.24742268041237,2.6164859090128725,39.0,47.0,4.0,34.43298969072165,0.972903153600332,31.0,36.0,3.0,1452.6701030927834,61.54886109467199,1240.0,1551.0,256.0,0.993247365160455,0.027694357783024,0.76,1,49,1,49,97,49,39.59375,34.875,1380.78125,0,42.78125,34.5,1472.0625,16,44.30303030303031,33.93939393939394,1503.5757575757575,33,1,GERMINATED
pg5_12,9,0.113991403736316,0.0,2.23606797749979,0.3019480527191571,0.6941750874033988,1.215227366959086,2.0,3.0,379.0,393.5,36.90721649484536,1.4789413476642717,34.0,39.0,3.0,41.94845360824742,2.429929929924452,39.0,45.0,-1.0,1547.6907216494844,101.46893901098652,1360.0,1710.0,81.0,0.9938596864744768,0.017798640164019,0.8580645161290322,3,69,1,28,97,68,35.6875,40.15625,1432.8125,4,36.3125,44.53125,1617.625,32,38.66666666666666,41.18181818181818,1591.2727272727273,33,1,GERMINATED
pg5_2,0,0.4794293472797637,0.0,3.5355339059327378,0.8064464237010621,3.58668076108281,6.198804563869043,10.0,16.5,401.0,401.0,48.95876288659794,6.545506880694614,41.0,58.0,16.0,48.21649484536083,13.800662470371032,36.0,72.0,36.0,2447.783505154639,1023.9015761615296,1476.0,4104.0,2628.0,0.9780586463622768,0.0387715804613009,0.8093841642228738,1,61,1,37,97,61,42.0,36.3125,1525.15625,0,47.53125,41.75,2003.09375,28,57.09090909090909,66.03030303030303,3773.6666666666665,33,1,GERMINATED
pg5_2,1,1.128360209623562,1.3090169943749477,5.024937810560445,0.9466118902018952,24.1841915218676,2.6116883704066485,84.5,9.5,308.0,403.0,86.43298969072166,57.38725517055336,36.0,225.0,187.0,46.628865979381445,7.343304107065334,36.0,62.0,24.0,4430.731958762886,3582.310857923007,1296.0,13950.0,12506.0,0.968176893985047,0.0360776888351787,0.75,1,68,1,30,97,68,37.875,38.71875,1466.78125,3,61.28125,45.90625,2882.96875,32,157.9090909090909,55.0,8805.727272727272,33,1,GERMINATED
pg5_2,2,0.678531531416002,0.5,2.692582403567252,0.5778112098320598,6.80442048712351,2.82772248536626,25.5,11.0,186.0,393.5,47.25773195876289,14.51432165140069,36.0,95.0,56.0,54.11340206185567,15.435182925094532,39.0,83.0,43.0,2751.19587628866,1709.083860448296,1476.0,7885.0,6325.0,0.9685696408770036,0.0308930353804707,0.8363970588235294,1,71,1,27,97,71,39.15625,39.625,1551.3125,6,39.125,48.8125,1921.34375,32,63.0,73.3030303030303,4719.424242424242,33,1,GERMINATED
pg5_2,3,0.8117051275097058,0.7071067811865476,3.0413812651491097,0.7107723165504213,11.969169840744438,5.72966374732895,44.0,24.0,288.5,285.0,62.25773195876289,30.831527026300765,40.0,147.0,107.0,49.98969072164948,21.754722130054738,28.0,96.0,68.0,3723.59793814433,3524.282003822903,1120.0,14112.0,12992.0,0.9668649325240696,0.0293622269884191,0.8327974276527331,1,73,1,25,97,73,40.8125,29.625,1210.75,8,47.4375,41.875,2004.5625,32,97.42424242424242,77.60606060606061,7827.242424242424,33,1,GERMINATED
pg5_2,4,0.9934469025884348,0.5,6.020797289396148,1.0716715534174226,6.919315453649621,9.195700035294871,33.0,28.5,116.0,290.0,48.7319587628866,14.525140284587936,37.0,100.0,62.0,68.82474226804123,25.687258789307045,37.0,105.0,44.0,3613.350515463917,2176.1298335339834,1406.0,8200.0,6756.0,0.95900812749748,0.0461184494517352,0.7106842737094838,1,69,1,29,97,69,38.875,41.8125,1626.90625,4,41.96875,65.8125,2836.25,32,64.84848484848484,97.93939393939394,6293.151515151515,33,1,GERMINATED
pg5_2,5,1.321895309336263,1.5,4.716990566028302,1.0849294713581394,26.333756548926058,5.798760591899629,79.0,21.0,207.0,194.0,97.63917525773196,64.74393424870173,41.0,220.0,178.0,61.55670103092783,21.88628958026074,39.0,128.0,89.0,7355.536082474226,7095.933271315767,1638.0,28160.0,26522.0,0.95994573914897,0.0394650266908623,0.7353556485355649,1,81,1,17,97,81,42.0,40.75,1711.4375,16,67.375,55.1875,3908.59375,32,180.93939393939397,87.9090909090909,16171.09090909091,33,1,GERMINATED
pg5_2,6,0.4502812004469843,0.5,4.0,0.5932405418748982,2.026592788218496,2.3072639409915667,9.5,12.0,281.5,212.0,42.56701030927835,5.267889924592738,33.0,57.0,24.0,51.39175257731959,12.770420639909451,35.0,88.0,53.0,2253.01030927835,886.5602763518445,1155.0,5016.0,3861.0,0.9764026489045984,0.0340896791329208,0.7837837837837838,1,71,1,27,97,71,37.3125,40.65625,1521.875,6,42.03125,47.90625,2013.5625,32,48.18181818181818,65.18181818181819,3194.181818181818,33,1,GERMINATED
pg5_2,7,0.4608818340019893,0.5,3.5355339059327378,0.57380711197547,6.821066066920733,6.0370222093275885,25.0,18.0,283.0,116.5,58.381443298969074,28.660631894591933,36.0,117.0,80.0,51.23711340206186,16.35544185479226,35.0,84.0,48.0,3451.907216494845,2876.00050572266,1260.0,9828.0,8368.0,0.9743740308620396,0.0322296890281028,0.808454425363276,1,74,1,24,97,74,37.90625,37.0625,1405.0625,9,41.09375,44.0,1824.0,32,95.0,72.0,7015.30303030303,33,1,GERMINATED
pg5_2,8,0.8344479754879024,0.5,4.0,0.8964912582976706,15.7325870353259,15.663999421695536,45.5,39.5,391.5,234.5,69.79381443298969,40.63514758765765,34.0,139.0,102.0,64.94845360824742,29.988785235096035,39.0,115.0,76.0,5746.5360824742265,5624.601971827124,1326.0,15870.0,14466.0,0.9683494933332744,0.0355413045197236,0.8,1,72,1,26,97,72,35.875,39.375,1412.09375,7,49.5625,49.78125,2592.5625,32,122.3030303030303,104.45454545454544,13008.030303030304,33,1,GERMINATED
pg5_2,9,1.1316224107167772,0.5,9.17877987534291,1.3580981995288666,2.7051593537801506,16.947458081480264,13.5,67.5,458.0,277.5,49.48453608247423,8.559209668281603,41.0,69.0,27.0,63.75257731958763,45.96906869692466,33.0,188.0,155.0,3538.463917525773,3337.144544759124,1386.0,12972.0,11586.0,0.9586449397067608,0.0576207159300655,0.5731017770597738,1,66,1,32,97,66,43.25,33.625,1454.65625,1,45.59375,37.28125,1700.875,32,59.30303030303031,118.63636363636364,7341.030303030303,33,1,GERMINATED
pg5_3,0,0.0260416666666666,0.0,2.5,0.2538227693960667,0.252524715750843,0.0,2.5,0.0,285.5,133.0,35.98969072164948,0.1010098863003372,35.0,36.0,1.0,40.0,0.0,40.0,40.0,0.0,1439.5876288659797,4.040395452013492,1400.0,1440.0,40.0,0.9986293859649122,0.0133590931261087,0.868421052631579,0,0,0,0,0,0,35.96875,40.0,1438.75,0,36.0,40.0,1440.0,0,36.0,40.0,1440.0,0,0,NON-GERMINATED
pg5_3,1,0.2295482401796412,0.0,4.47213595499958,0.5272919230341921,1.9408157724194488,1.6295020290194124,6.0,6.5,397.0,465.5,48.103092783505154,5.097977233961442,43.0,58.0,14.0,37.103092783505154,2.505600062221342,33.0,42.0,9.0,1795.9175257731958,310.9779277513396,1452.0,2436.0,984.0,0.9877681875182504,0.0302460442317034,0.7451923076923077,3,64,1,33,97,63,44.625,34.40625,1535.65625,0,44.90625,37.03125,1662.84375,31,54.57575757575758,39.78787878787879,2177.333333333333,33,1,GERMINATED
pg5_3,2,0.9029799609982506,0.5,4.0,1.0011670806458486,12.880033379521311,11.355783584141736,51.5,44.5,342.0,481.5,59.628865979381445,37.294680416566,33.0,166.0,133.0,56.75257731958763,22.98723578034865,37.0,126.0,89.0,4236.422680412371,4806.149840075608,1221.0,20916.0,19695.0,0.963950149465794,0.0343258039610476,0.7837837837837838,1,65,1,33,97,65,35.375,40.15625,1421.71875,0,38.375,46.0625,1783.0,32,103.75757575757576,83.21212121212122,9344.90909090909,33,1,GERMINATED
pg5_3,3,0.5770157697151851,0.5,3.1622776601683795,0.6294596636534062,2.757399536762005,8.946208564400639,10.5,37.0,205.5,461.5,45.44329896907217,10.301605392019514,35.0,65.0,30.0,68.45360824742268,34.33011980980853,39.0,155.0,116.0,3457.443298969072,2527.609970765024,1365.0,10075.0,8710.0,0.9765441714568022,0.0262079636709903,0.8031704095112285,1,67,1,31,97,67,35.0625,39.0625,1369.6875,2,42.59375,53.75,2330.28125,32,58.27272727272727,111.21212121212122,6574.939393939394,33,1,GERMINATED
pg5_3,4,0.1831608596621448,0.0,5.852349955359813,0.7656655706994345,1.67386936918861,0.3713487351407809,10.5,2.5,120.5,381.5,39.41237113402062,6.096733242761533,36.0,56.0,19.0,36.123711340206185,4.097416163345455,32.0,47.0,15.0,1447.020618556701,425.5552099179108,1152.0,2632.0,1448.0,0.9892442145789891,0.0478394981673824,0.6122540250447227,1,13,1,85,97,13,37.0625,33.0,1223.1875,0,37.0,35.03125,1296.15625,0,44.03030303030303,40.21212121212121,1810.3636363636365,13,1,GERMINATED
pg5_3,5,0.2730705900220715,0.0,2.5,0.4219438582698703,2.883881269493095,2.5851941558550093,11.5,10.0,362.0,386.0,44.02061855670103,8.02185080508464,36.0,63.0,27.0,43.76288659793814,11.2614415548968,36.0,74.0,38.0,2012.1546391752577,952.3261303571126,1296.0,4662.0,3366.0,0.985080892252431,0.025465447854492,0.8537549407114624,1,61,1,37,97,61,36.96875,36.0,1330.875,0,40.84375,39.15625,1602.6875,28,53.93939393939394,55.75757575757576,3069.848484848485,33,1,GERMINATED
pg5_3,6,0.4288052492500828,0.0,11.543396380615196,1.263873434413262,5.149177518891178,1.6388023955100222,17.5,6.0,301.5,350.0,40.98969072164948,5.619360578073697,36.0,56.0,19.0,45.91752577319588,5.780646885451851,36.0,57.0,21.0,1910.8247422680413,512.8614895164749,1332.0,3192.0,1860.0,0.9795991596831234,0.0523773178104309,0.5668257756563246,1,81,1,17,97,81,37.34375,39.5,1475.53125,16,38.15625,45.40625,1732.5625,32,47.27272727272727,52.63636363636363,2505.787878787879,33,1,GERMINATED
pg5_3,7,0.3248380645111735,0.0,1.5811388300841898,0.3835158386707143,1.4602465952827852,1.3382817269382474,7.0,7.0,351.0,269.0,48.47422680412371,7.342985689428914,42.0,63.0,20.0,41.93814432989691,11.81368630806466,33.0,80.0,47.0,2112.783505154639,966.5924548373728,1386.0,5040.0,3621.0,0.9823975909698748,0.0219373449259688,0.8995983935742972,1,52,1,46,97,52,42.75,33.4375,1429.46875,0,44.40625,37.21875,1655.6875,19,57.96969696969697,54.75757575757576,3218.6363636363635,33,1,GERMINATED
pg5_3,8,0.3781341752755607,0.5,4.301162633521313,0.5684719683695977,4.047721234084893,2.2178490229154986,14.0,8.0,265.5,249.5,42.876288659793815,9.4096438049074,34.0,67.0,32.0,46.96907216494845,7.039584114132515,38.0,59.0,21.0,2070.309278350516,783.6308219893116,1330.0,3953.0,2623.0,0.9759792707211766,0.0378154318042707,0.7324535092981403,1,73,1,25,97,73,37.34375,40.875,1526.8125,8,37.96875,43.53125,1653.0,32,53.0,56.21212121212121,3002.0,33,1,GERMINATED
pg5_3,9,0.5449367818719912,0.5,3.8078865529319534,0.6101759886265037,6.982997129500877,4.4390991226035625,27.0,13.0,192.5,305.5,61.845360824742265,24.373951029476764,43.0,123.0,79.0,46.88659793814433,11.339081481246454,36.0,78.0,42.0,3166.40206185567,2112.2826157158856,1548.0,9594.0,8010.0,0.9752023520056284,0.026053917412935,0.8825800590506473,1,72,1,26,97,72,43.78125,36.4375,1596.21875,7,48.65625,42.75,2088.0,32,92.15151515151516,61.03030303030303,5734.727272727273,33,1,GERMINATED
pg5_6,0,0.5946937946262184,0.5,4.47213595499958,0.714788516951974,1.6636952290859164,5.607603055765816,6.5,31.0,346.5,433.5,46.1958762886598,5.214253216257551,39.0,59.0,19.0,45.23711340206186,21.001606809355536,31.0,117.0,85.0,2178.01030927835,1289.4768418497924,1248.0,6903.0,5623.0,0.971616702563912,0.0353446428835273,0.7297297297297297,1,74,1,24,97,74,40.0,31.9375,1277.34375,9,46.6875,33.9375,1589.5,32,51.72727272727273,69.0909090909091,3622.060606060606,33,1,GERMINATED
pg5_6,1,0.3527741725733469,0.0,3.3541019662496847,0.5308487384982566,8.032459523350292,0.851155647851176,29.0,4.0,300.5,489.5,50.92783505154639,14.764995817763213,37.0,85.0,48.0,31.53608247422681,1.5929086128425902,30.0,35.0,4.0,1624.8144329896909,553.6538858878343,1110.0,2975.0,1828.0,0.9821663756482932,0.034307554293763,0.7757671125098348,3,61,1,35,97,60,39.8125,30.03125,1195.53125,0,42.25,31.5625,1333.46875,28,70.12121212121212,32.96969696969697,2323.6060606060605,33,1,GERMINATED
pg5_6,2,0.09375,0.0,3.0,0.3484526809099527,1.1844459065026862,0.4108865027500955,6.0,1.5,262.5,384.0,37.123711340206185,0.3292519468592023,37.0,38.0,0.0,35.670103092783506,0.9494615889858352,32.0,36.0,4.0,1324.2164948453608,37.444729524422925,1184.0,1368.0,148.0,0.9950207000806848,0.0178442490073421,0.85,0,0,0,0,0,0,37.375,35.0,1308.40625,0,37.0,36.0,1332.0,0,37.0,36.0,1332.0,0,0,NON-GERMINATED
pg5_6,3,1.0843771153552746,0.7071067811865476,4.123105625617661,0.94849728783329,7.646788643238601,22.623209259390585,24.0,78.0,202.5,404.5,56.597938144329895,15.512322865941284,39.0,79.0,40.0,70.62886597938144,52.18332466354364,30.0,205.0,175.0,4714.340206185567,4554.997418462264,1170.0,16195.0,15025.0,0.9657983391982368,0.0335334401761933,0.7660377358490567,1,71,1,27,97,71,40.15625,32.40625,1304.28125,6,53.4375,42.84375,2351.03125,32,75.60606060606061,134.63636363636363,10312.757575757576,33,1,GERMINATED
pg5_6,4,0.4034027864358507,0.25,5.385164807134504,0.6760605435628216,1.534386388052705,2.279259976154306,6.5,8.5,242.5,320.5,46.123711340206185,6.104346485887601,40.0,59.0,18.0,36.597938144329895,5.416012520760995,30.0,50.0,20.0,1718.659793814433,496.9335844481985,1230.0,2950.0,1720.0,0.9768224835218372,0.0404040742264172,0.6942148760330579,1,67,1,31,97,67,40.9375,32.9375,1348.09375,2,43.28125,33.5625,1453.0625,32,53.90909090909091,43.09090909090909,2335.5454545454545,33,1,GERMINATED
pg5_6,5,0.7302911273295569,0.5,4.0,0.6519265316560282,13.380694703696586,3.985392874100498,48.5,17.5,240.5,274.5,71.28865979381443,33.55836852714756,37.0,150.0,113.0,50.31958762886598,20.503229009840133,31.0,96.0,65.0,4263.298969072165,3751.810114787476,1147.0,14400.0,13253.0,0.9690110145934026,0.0269142783892274,0.8048780487804879,1,66,1,32,97,66,41.125,32.78125,1351.46875,1,59.875,40.53125,2488.90625,32,111.6060606060606,76.81818181818181,8807.515151515152,33,1,GERMINATED
pg5_6,6,0.5450321465578366,0.5,2.23606797749979,0.5276938435796747,7.182730289502276,3.0200819339669103,25.5,12.0,183.5,185.5,59.5360824742268,17.623240194761863,40.0,101.0,61.0,42.855670103092784,13.72933475440032,31.0,77.0,46.0,2790.5670103092784,1813.6967767758035,1240.0,7777.0,6537.0,0.9749426719696788,0.0269840261137492,0.8539944903581267,3,68,1,29,97,67,43.96875,32.875,1445.625,3,52.46875,35.15625,1866.03125,32,81.48484848484848,60.0,4991.272727272727,33,1,GERMINATED
pg5_6,7,1.0147338184582646,1.0,12.041594578792296,1.3497695276146626,13.23265854638951,12.7453412702035,46.0,40.5,380.5,144.0,65.89690721649484,28.36161357284364,40.0,139.0,99.0,73.87628865979381,41.54571639982163,32.0,136.0,98.0,5941.505154639175,5495.526330756253,1312.0,18209.0,16889.0,0.964584867024976,0.0589818886357162,0.4684385382059801,1,79,1,19,97,79,42.03125,32.90625,1384.25,14,55.34375,60.78125,3486.40625,32,99.27272727272728,126.3030303030303,12741.363636363636,33,1,GERMINATED
pg5_6,8,0.4414497864661399,0.0,4.47213595499958,0.7037231363936148,1.8976914559941664,2.549593129281696,11.0,9.5,490.5,267.5,52.25773195876289,22.695327804073237,36.0,121.0,85.0,37.30927835051546,3.896498096671722,32.0,46.0,14.0,2027.5979381443296,1138.2364606741958,1152.0,5566.0,4414.0,0.9710171878760466,0.0424646311030828,0.7142857142857143,1,59,1,39,97,59,39.03125,34.28125,1339.34375,0,40.09375,35.25,1413.75,26,76.87878787878788,42.24242424242424,3290.242424242424,33,1,GERMINATED
pg5_6,9,0.9048852016612736,0.7071067811865476,4.0,0.8517356427599876,16.944435084338046,5.796496609228833,49.0,29.5,524.0,331.0,83.41237113402062,45.43279903768138,42.0,159.0,116.0,63.08247422680412,35.36165728934852,34.0,157.0,121.0,6792.340206185567,7126.274453407663,1512.0,24806.0,23294.0,0.964428342777048,0.0344800637376677,0.8260869565217391,1,59,1,39,97,59,43.59375,38.28125,1669.4375,0,62.5625,42.34375,2769.3125,26,142.24242424242425,107.24242424242424,15661.121212121212,33,1,GERMINATED
pg5_7,0,0.7613671405709003,0.6035533905932737,4.5,0.8107399360618408,6.986184991956835,12.480764240766062,19.0,49.5,147.0,347.0,55.90721649484536,12.534556336838468,42.0,74.0,32.0,67.82474226804123,43.06097578135977,36.0,175.0,139.0,4252.082474226804,3543.62200885642,1512.0,12950.0,11438.0,0.9744887888509434,0.0314832636551523,0.7813440320962889,1,55,1,43,97,55,43.4375,37.25,1618.53125,0,52.8125,43.65625,2349.46875,22,71.0,120.9090909090909,8650.787878787878,33,1,GERMINATED
pg5_7,1,1.0424810355021956,1.118033988749895,7.905694150420948,1.1083038650500758,16.86887625413027,10.387824490776932,60.5,32.5,215.5,229.5,79.55670103092784,39.08963241465286,43.0,180.0,137.0,62.78350515463917,30.21920833943776,35.0,124.0,88.0,6157.453608247422,6052.575396330076,1505.0,22320.0,20772.0,0.9612533655485876,0.047072783365516,0.6509635974304069,1,60,1,38,97,60,49.125,38.625,1901.25,0,60.875,46.6875,2904.875,27,127.1818181818182,101.8181818181818,13438.69696969697,33,1,GERMINATED
pg5_7,2,0.4576945404557626,0.0,2.9154759474226504,0.5786074152396612,4.641654549415096,3.927232954366423,15.5,19.5,406.5,145.0,52.103092783505154,9.919765270005623,41.0,77.0,36.0,49.16494845360825,23.73117502982758,34.0,121.0,87.0,2785.979381443299,2088.671851360969,1394.0,9317.0,7923.0,0.9772424171700406,0.0317986992844406,0.8157303370786517,1,67,1,31,97,67,43.90625,34.96875,1535.4375,2,48.28125,39.03125,1885.875,32,63.75757575757576,72.75757575757575,4871.454545454545,33,1,GERMINATED
pg5_7,3,0.6995519141427856,0.5,3.2015621187164243,0.8070019327233143,3.5176173227471894,10.841795599956006,16.5,42.5,512.5,287.0,47.47422680412371,13.135371922263516,38.0,89.0,51.0,60.83505154639175,31.76254696880898,36.0,149.0,113.0,3293.092783505155,2978.091584595172,1368.0,13261.0,11893.0,0.9705380970915308,0.0351363048720192,0.7906976744186046,1,71,1,27,97,71,39.53125,38.65625,1528.8125,6,40.84375,44.21875,1808.125,32,61.60606060606061,98.45454545454544,6443.878787878788,33,1,GERMINATED
pg5_7,4,0.0168545207161447,0.0,1.118033988749895,0.1238584883301465,0.1010098863003372,0.2493481777824293,1.0,0.5,385.5,411.5,39.0,0.0,39.0,39.0,0.0,36.5360824742268,0.4986963555648588,36.0,37.0,0.0,1424.9072164948454,19.44915786702949,1404.0,1443.0,0.0,0.9989366902399356,0.0080716382310018,0.924949290060852,0,0,0,0,0,0,39.0,36.96875,1441.78125,0,39.0,36.65625,1429.59375,0,39.0,36.0,1404.0,0,0,NON-GERMINATED
pg5_7,5,0.5647099395086492,0.0,2.549509756796392,0.7629838470680781,8.4296838982177,4.539016155360622,37.0,17.0,409.5,287.5,58.329896907216494,22.773524893433738,43.0,137.0,94.0,50.865979381443296,15.659145653499523,35.0,85.0,50.0,3291.536082474227,2540.264208443298,1505.0,11645.0,10140.0,0.9788693878029968,0.0269834601022285,0.8609839816933639,1,58,1,40,97,58,45.90625,39.25,1802.21875,0,47.5,42.28125,2009.78125,25,80.87878787878788,70.45454545454545,5978.636363636364,33,1,GERMINATED
pg5_7,6,0.6189612648296,0.5,2.0,0.5815850060887131,5.791181483406347,5.692131530116672,30.5,15.0,312.0,287.5,60.05154639175258,24.820332176690343,43.0,131.0,88.0,58.123711340206185,17.348613380496836,40.0,85.0,45.0,3859.5154639175257,2774.234383520852,1720.0,11135.0,9415.0,0.9770196412747352,0.0235320004056233,0.8762446657183499,1,60,1,38,97,60,44.9375,42.3125,1902.21875,0,45.96875,50.28125,2329.40625,27,88.36363636363636,81.06060606060606,7241.242424242424,33,1,GERMINATED
pg5_7,7,0.6803249622307698,0.5,3.0413812651491097,0.6755951295702443,10.59888328650868,1.9631665095404165,42.5,6.5,418.0,387.0,66.63917525773196,32.242376407969715,39.0,159.0,120.0,48.70103092783505,13.321686024104332,35.0,72.0,37.0,3633.0515463917527,2747.1884873397084,1365.0,11448.0,10083.0,0.9742725104778556,0.0315623655086082,0.780739934711643,1,70,1,28,97,70,41.75,36.84375,1536.75,5,52.40625,42.96875,2295.875,32,104.57575757575758,65.75757575757575,6962.484848484848,33,1,GERMINATED
pg5_7,8,0.4044230475739183,0.5,1.5811388300841898,0.4569877809355055,1.6548077763604918,5.058468852476001,9.0,14.0,291.5,438.0,57.123711340206185,17.428651450430497,41.0,96.0,55.0,47.56701030927835,10.918543024753756,34.0,68.0,34.0,2891.144329896907,1562.3055985602152,1394.0,6528.0,5134.0,0.9818718180871836,0.0217811806823694,0.8856382978723404,1,69,1,29,97,69,44.5625,36.6875,1635.6875,4,46.6875,44.75,2102.65625,32,79.42424242424242,60.84848484848485,4873.151515151515,33,1,GERMINATED
pg5_7,9,0.3661677677018373,0.0,2.549509756796392,0.529134827710531,4.046066701764575,2.2600491803940854,13.0,9.0,242.5,447.0,44.69072164948454,3.275528838209743,41.0,53.0,11.0,49.2680412371134,6.494272597883391,42.0,64.0,18.0,2220.226804123711,453.782192749778,1722.0,3339.0,1416.0,0.980681914686795,0.0282611551625039,0.880718954248366,1,57,1,41,97,57,41.6875,43.3125,1805.9375,0,44.3125,47.34375,2100.3125,24,47.96969696969697,56.90909090909091,2738.242424242424,33,1,GERMINATED
pg5_8,0,0.0052083333333333,0.0,0.5,0.0507645538792133,0.0,0.2461306471404808,0.0,0.5,304.5,228.5,43.0,0.0,43.0,43.0,0.0,34.23711340206186,1.4767838828428852,33.0,36.0,3.0,1472.1958762886595,63.50170696224406,1419.0,1548.0,129.0,0.9991319444444444,0.0084607589798688,0.9166666666666666,1,42,1,56,97,42,43.0,33.0,1419.0,0,43.0,33.65625,1447.21875,9,43.0,36.0,1548.0,33,1,GERMINATED
pg5_8,1,0.3122525401936413,0.0,8.631338250816034,0.9581875344329096,1.1197793688218158,5.397086912003653,4.0,14.5,313.5,136.5,50.154639175257735,3.3899189729256625,45.0,55.0,8.0,34.70103092783505,4.552477400666537,31.0,44.0,12.0,1749.505154639175,319.35541147663224,1440.0,2420.0,892.0,0.9831399931206658,0.0490001582994753,0.5782626940830885,1,79,1,19,97,79,45.96875,32.0,1471.0,14,50.75,32.15625,1632.6875,32,53.63636363636363,39.78787878787879,2132.848484848485,33,1,GERMINATED
pg5_8,2,0.5951593626322013,0.5,4.0,0.5612986427959411,5.416983797818726,5.3294482253467,17.5,17.5,300.5,171.0,72.28865979381443,24.152419256376916,47.0,109.0,58.0,46.41237113402062,12.923049476798628,33.0,71.0,35.0,3657.721649484536,2140.4250745682684,1551.0,7739.0,5589.0,0.971631211744428,0.0312812428086684,0.7968503937007874,1,70,1,28,97,70,47.34375,34.21875,1620.6875,5,67.75,41.75,2920.0,32,100.87878787878788,62.75757575757576,6348.393939393939,33,1,GERMINATED
pg5_8,3,0.2912119117959857,0.0,1.8027756377319943,0.3765077986285636,0.9310368581340732,2.2236757330023704,3.5,9.0,407.5,242.0,40.95876288659794,2.332723401852528,38.0,45.0,6.0,43.11340206185567,4.617037673615343,37.0,52.0,7.0,1772.1546391752577,267.3843266696482,1406.0,2340.0,530.0,0.9849206657822456,0.020646944146566,0.8863636363636364,3,55,1,42,97,54,40.03125,38.5625,1544.25,0,39.21875,42.03125,1645.84375,22,43.54545454545455,48.57575757575758,2115.6363636363635,33,1,GERMINATED
pg5_8,4,0.1070567629442593,0.0,3.0413812651491097,0.4037548961617224,0.8311605926080978,1.1099363778553246,3.0,4.0,185.5,205.0,39.350515463917525,0.9952592483420346,38.0,41.0,1.0,40.02061855670103,2.172837858574737,35.0,42.0,6.0,1574.701030927835,93.40380849963324,1365.0,1722.0,276.0,0.9941845135467172,0.0228001162667159,0.8349900596421471,1,72,1,26,97,72,39.53125,37.28125,1472.90625,7,38.34375,40.78125,1563.78125,32,40.15151515151515,41.93939393939394,1684.0,33,1,GERMINATED
pg5_8,5,0.2082829561787199,0.0,4.949747468305833,0.5735974577164606,1.7081077408688203,0.7191044961877611,6.0,4.5,449.5,288.5,45.63917525773196,4.255222544994451,39.0,51.0,11.0,36.58762886597938,1.9727660068871933,34.0,40.0,6.0,1676.4845360824745,233.9948503002851,1326.0,2040.0,674.0,0.9882218058674974,0.0346379594535151,0.7033090297251823,1,35,1,63,97,35,40.75,35.1875,1435.53125,0,45.46875,35.90625,1633.625,2,50.54545454545455,38.60606060606061,1951.6969696969695,33,1,GERMINATED
pg5_8,6,0.3287044149552179,0.0,3.0413812651491097,0.4521652436764107,4.171017319789662,4.1012403216071815,11.5,14.5,211.5,339.5,54.845360824742265,6.927221376845562,48.0,67.0,19.0,38.90721649484536,7.194044607806471,33.0,57.0,23.0,2179.5876288659792,692.7198858552613,1632.0,3819.0,2187.0,0.9833095225870468,0.0225203974535486,0.8605442176870748,1,62,1,36,97,62,48.125,33.9375,1633.125,0,52.84375,35.15625,1865.28125,29,63.30303030303031,47.36363636363637,3014.2727272727275,33,1,GERMINATED
pg5_8,7,0.2701261448707974,0.0,2.0615528128088303,0.4176454228057268,2.9047752417384167,2.7258831488967106,10.5,8.5,315.0,359.5,49.1958762886598,6.033649927582228,41.0,59.0,16.0,37.71134020618557,3.011862330634111,33.0,44.0,7.0,1872.340206185567,379.16913742446815,1353.0,2596.0,950.0,0.9867064518980196,0.0219924092823971,0.8900059136605559,1,58,1,40,97,58,43.71875,34.9375,1529.03125,0,46.78125,36.84375,1725.875,25,56.84848484848485,41.24242424242424,2347.2727272727275,33,1,GERMINATED
pg5_8,8,0.1744025071574925,0.0,1.5,0.2855922480808038,1.1029241609243905,0.8220962709253455,5.0,3.5,400.5,427.5,45.79381443298969,5.488391017918174,40.0,55.0,8.0,37.75257731958763,3.8717345478441754,34.0,47.0,7.0,1748.2886597938143,390.2386781879443,1400.0,2585.0,637.0,0.9904919303214876,0.0161550944816729,0.9264305177111716,3,68,1,29,97,67,40.21875,34.9375,1405.03125,3,44.3125,35.4375,1572.0,32,52.63636363636363,42.72727272727273,2252.090909090909,33,1,GERMINATED
pg5_8,9,0.3905209265180598,0.5,2.0615528128088303,0.4159498038042686,7.011450028471545,3.50882161128178,24.5,10.0,231.5,476.5,65.27835051546391,24.369045037548915,43.0,113.0,61.0,38.96907216494845,6.845050297266763,33.0,50.0,16.0,2704.5876288659792,1493.148508730898,1419.0,5650.0,3741.0,0.9813815406436124,0.0216276104957538,0.8854712041884817,1,76,1,22,97,76,43.34375,33.59375,1455.875,11,55.625,34.96875,1968.53125,32,95.9090909090909,48.06060606060606,4629.212121212121,33,1,GERMINATED
pg6_1,0,0.0677083333333333,0.0,5.0,0.5134634828922978,0.1585418195796876,0.5264802199919052,0.5,5.0,365.0,332.5,35.28865979381443,1.4139129217314386,32.0,36.0,-3.0,36.865979381443296,0.3406744668424393,36.0,37.0,0.0,1301.3505154639174,61.73355471771257,1152.0,1332.0,-111.0,0.9955149955149954,0.0278890128315488,0.7619047619047619,1,20,1,78,97,20,36.0,37.0,1332.0,0,36.0,37.0,1332.0,0,33.90909090909091,36.60606060606061,1241.909090909091,20,1,GERMINATED
pg6_1,1,0.944028909941121,0.8535533905932737,7.211102550927978,0.9931835600039126,11.858919321672891,14.80389397633536,41.5,57.0,230.5,466.0,61.70103092783505,26.12742957615187,39.0,124.0,85.0,82.4020618556701,53.54729286404999,34.0,198.0,164.0,6474.639175257732,6758.338803675753,1326.0,24552.0,23226.0,0.9649854198817408,0.0451546182532177,0.6423611111111112,1,74,1,24,97,74,40.0,35.3125,1413.78125,9,50.03125,59.15625,3074.96875,32,94.06060606060606,150.6060606060606,14678.787878787878,33,1,GERMINATED
pg6_1,2,0.8316021459469286,0.5,4.743416490252569,0.7945782135970819,11.077179267339586,6.739670517010577,39.0,20.5,211.0,383.5,87.55670103092784,50.91026450938722,41.0,185.0,138.0,76.49484536082474,42.847878536506094,30.0,146.0,112.0,8827.721649484536,8860.158675061257,1260.0,26864.0,25300.0,0.9617466351422218,0.0387227816372006,0.7183179723502304,1,84,1,14,97,84,43.09375,32.4375,1399.1875,19,65.53125,65.3125,4642.71875,32,152.03030303030303,130.06060606060606,20089.33333333333,33,1,GERMINATED
pg6_1,3,1.206904822380798,0.8535533905932737,6.082762530298219,1.148661140798556,34.43001870014937,6.475868200886705,88.5,20.5,446.0,459.0,126.74226804123712,89.9245134005178,40.0,278.0,238.0,46.597938144329895,11.785592981870629,34.0,78.0,44.0,6918.742268041237,6164.468775497991,1360.0,21684.0,20324.0,0.96444520992759,0.0468010010114457,0.636094674556213,1,90,1,8,97,90,42.0,34.875,1464.65625,25,93.75,44.5,4440.84375,32,240.9090909090909,60.0,14610.363636363636,33,1,GERMINATED
pg6_1,4,0.9971913072307136,0.7071067811865476,7.905694150420948,1.1560011520107438,7.681830630832128,19.062664114484967,28.0,64.5,421.0,495.5,51.58762886597938,12.621167440993712,38.0,84.0,46.0,85.48453608247422,57.79792622863879,36.0,207.0,171.0,5125.948453608247,4564.037745651839,1368.0,17388.0,16020.0,0.9681875022719222,0.0509649617291511,0.6492932862190812,1,77,1,21,97,77,39.8125,36.0,1433.25,12,46.90625,60.125,2940.03125,32,67.54545454545455,158.06060606060606,10826.424242424242,33,1,GERMINATED
pg6_1,5,0.5924665645923657,0.5,2.5,0.5823122328328565,4.742419316278386,7.854418549001939,13.0,33.5,356.5,225.0,48.20618556701031,8.383757177970574,37.0,62.0,19.0,62.41237113402062,34.79772257547294,36.0,156.0,120.0,3217.5257731958764,2213.228276517115,1332.0,8736.0,7404.0,0.9751607331658162,0.0259432262950163,0.8631062001227747,1,67,1,31,97,67,38.25,37.625,1439.03125,2,48.3125,44.09375,2150.46875,32,57.75757575757576,104.21212121212122,5976.848484848485,33,1,GERMINATED
pg6_1,6,0.8647428262591607,0.5,4.47213595499958,0.896829514326247,16.241228409997287,4.643428748804342,51.0,18.5,190.5,257.0,67.90721649484536,42.950242723226346,35.0,159.0,123.0,55.329896907216494,15.37954301298777,40.0,97.0,57.0,4358.381443298969,3911.9130855019807,1440.0,15423.0,13983.0,0.968108878833223,0.0375322627793021,0.7391304347826086,1,76,1,22,97,76,36.21875,40.40625,1463.53125,11,44.15625,51.25,2334.0,32,121.66666666666669,73.75757575757575,9128.545454545454,33,1,GERMINATED
pg6_1,7,1.322879604318014,0.8090169943749475,6.020797289396148,1.3491856997757627,24.705159027200207,8.619987056367908,76.5,41.0,307.5,290.0,80.78350515463917,51.20772871840145,35.0,192.0,157.0,63.04123711340206,28.0558785305154,38.0,148.0,110.0,6457.505154639175,6984.332045819563,1330.0,28416.0,27086.0,0.9601560991445632,0.038038532944722,0.8095238095238095,1,78,1,20,97,78,37.125,39.5625,1469.75,13,56.6875,54.125,3148.5,32,146.4848484848485,94.45454545454544,14502.848484848484,33,1,GERMINATED
pg6_1,8,1.4873697589558574,1.118033988749895,4.031128874149275,1.2442459028705946,14.112347750036545,25.30625152497075,55.5,90.0,496.5,273.5,71.0721649484536,45.60526453212345,35.0,196.0,160.0,93.41237113402062,61.29945974052966,37.0,245.0,208.0,9391.19587628866,12042.652262617794,1330.0,48020.0,46688.0,0.9455378182992707,0.0491475466426898,0.7601173020527859,1,78,1,20,97,78,37.5625,39.875,1499.5625,13,48.90625,69.4375,3558.4375,32,125.06060606060606,168.57575757575756,22699.696969696968,33,1,GERMINATED
pg6_1,9,0.7240981317716338,0.5,5.5901699437494745,0.8111556954318304,11.432106535382136,10.481289221428089,33.5,43.0,536.5,318.5,69.84536082474227,35.694390158501534,35.0,135.0,84.0,61.1958762886598,22.24124485467768,39.0,111.0,72.0,5046.340206185567,4205.84374727923,1443.0,13530.0,11988.0,0.9682768352134188,0.0403068853745249,0.6858789625360231,1,80,1,18,97,80,37.5625,40.59375,1524.125,15,55.40625,54.21875,3167.59375,32,115.15151515151516,87.93939393939394,10283.636363636364,33,1,GERMINATED
pg6_10,0,0.755500110581595,0.5,2.549509756796392,0.8193943390768558,8.742918425525163,9.009167990188573,41.0,29.5,220.5,382.0,51.154639175257735,28.183251663964214,32.0,137.0,104.0,51.71134020618557,21.46248645912144,33.0,102.0,69.0,3228.896907216495,3384.6201373134863,1088.0,13974.0,12885.0,0.9676716444348806,0.0323850828697023,0.8340353833192923,1,79,1,19,97,79,33.34375,34.3125,1144.875,14,37.0,41.90625,1562.40625,32,82.15151515151516,78.0909090909091,6865.757575757576,33,1,GERMINATED
pg6_10,1,0.4249013030183601,0.5,2.549509756796392,0.4695748602299386,1.6888976834815728,2.972184794552748,6.5,13.0,248.0,263.5,41.43298969072165,7.073847895695814,33.0,59.0,22.0,45.34020618556701,11.593534100833024,33.0,86.0,48.0,1955.8144329896909,908.295552629049,1122.0,5074.0,3668.0,0.9768671031252124,0.0276665967879108,0.7980085348506402,1,72,1,26,97,72,36.34375,37.28125,1356.625,7,38.0,41.0625,1565.625,32,49.696969696969695,57.30303030303031,2915.212121212121,33,1,GERMINATED
pg6_10,2,0.4382553023807385,0.5,2.5,0.5406545014472436,3.2176098384655143,2.6201391435728048,18.0,8.5,346.5,215.0,46.90721649484536,11.318338804039524,38.0,91.0,50.0,43.11340206185567,11.769150911099882,31.0,62.0,28.0,2133.6288659793813,1109.989712217465,1178.0,5642.0,4248.0,0.9779912409863936,0.0285124096515248,0.8013605442176871,1,83,1,15,97,83,39.84375,33.09375,1321.5625,18,41.625,37.125,1557.4375,32,58.87878787878788,58.63636363636363,3479.818181818182,33,1,GERMINATED
pg6_10,3,0.8099935905945985,0.7071067811865476,3.640054944640259,0.7655702993165748,11.361816335568566,8.840183643384442,42.5,31.5,405.0,166.0,56.95876288659794,31.927081070558977,34.0,145.0,110.0,61.2680412371134,24.146253455910347,37.0,110.0,73.0,4188.061855670103,4011.763768251609,1258.0,15950.0,14655.0,0.9701671663206304,0.0333668776606096,0.7419146183699871,1,66,1,32,97,66,34.03125,37.0,1259.15625,1,41.84375,55.75,2395.78125,32,93.84848484848484,90.15151515151516,8766.181818181818,33,1,GERMINATED
pg6_10,4,0.617782717588479,0.5,1.5,0.463355889695664,2.706121746915603,14.751197641653029,9.0,46.5,426.5,251.0,38.1958762886598,5.029068441248076,32.0,52.0,15.0,65.1340206185567,33.33232506357612,32.0,140.0,108.0,2639.659793814433,1718.4030340268068,1184.0,7280.0,6096.0,0.9740945511655532,0.0219182996910685,0.9203007518796992,1,78,1,20,97,78,35.46875,35.125,1243.75,13,34.71875,52.5625,1853.28125,32,44.21212121212121,106.42424242424242,4755.818181818182,33,1,GERMINATED
pg6_10,5,0.4515846337321702,0.5,3.3541019662496847,0.5465121089634231,2.8538086158127545,4.481033114636763,8.5,18.0,340.0,287.0,45.865979381443296,6.45943546411285,41.0,62.0,14.0,47.95876288659794,25.909007121384292,29.0,126.0,95.0,2361.7525773195875,1706.1852852025804,1189.0,7812.0,6324.0,0.9711653271286992,0.0401291323461903,0.750817527795945,1,82,1,16,97,82,41.25,29.125,1201.8125,17,42.09375,36.125,1525.46875,32,54.0,77.6969696969697,4297.484848484848,33,1,GERMINATED
pg6_10,6,0.4775734708481309,0.5,2.1213203435596424,0.4127482040446322,4.335912610464623,3.47409678853666,12.5,15.5,430.0,381.5,38.41237113402062,10.291376208973738,29.0,62.0,28.0,42.16494845360825,9.791307329674986,31.0,70.0,39.0,1717.5154639175255,918.6528809840248,928.0,4340.0,3286.0,0.971093887737502,0.0280359342524105,0.8285714285714286,1,74,1,24,97,74,31.28125,34.0,1063.96875,9,32.625,38.34375,1261.03125,32,50.93939393939394,53.78787878787879,2793.909090909091,33,1,GERMINATED
pg6_10,7,0.226229822884673,0.0,1.4142135623730951,0.3511399064535903,1.1884769308828538,1.9911057411608737,4.5,6.0,351.5,369.5,51.55670103092783,11.937093769988744,38.0,71.0,33.0,37.76288659793814,7.46921268001554,30.0,51.0,18.0,2030.309278350516,875.5546855791964,1216.0,3621.0,2367.0,0.983517752871899,0.0318377652018884,0.8177299088649544,1,62,1,36,97,62,38.6875,32.21875,1246.3125,0,49.65625,33.46875,1678.28125,29,65.87878787878788,47.30303030303031,3131.909090909091,33,1,GERMINATED
pg6_10,8,0.3912781719091874,0.0,1.8027756377319943,0.4900311815120248,2.3453438313647426,5.61152970203037,12.5,22.0,466.5,438.0,41.1958762886598,10.794843342486226,35.0,80.0,45.0,51.25773195876289,15.707558329365575,38.0,94.0,56.0,2274.546391752577,1471.4319277326076,1330.0,7520.0,6190.0,0.980364282306456,0.0240012552663255,0.914576055890759,1,74,1,24,97,74,35.0625,38.625,1354.28125,9,35.8125,44.6875,1602.3125,32,52.36363636363637,69.87878787878788,3818.787878787879,33,1,GERMINATED
pg6_10,9,0.3726523347585638,0.5,1.5811388300841898,0.4103923781768588,3.1411679217170603,3.959219260635729,11.0,20.5,359.5,471.5,47.88659793814433,6.539138769643564,40.0,63.0,20.0,38.79381443298969,14.520471254408411,27.0,83.0,52.0,1948.5463917525772,1063.3452661597266,1080.0,5229.0,3896.0,0.978015994354982,0.027994699618379,0.8102025506376594,1,70,1,28,97,70,42.53125,29.8125,1269.1875,5,44.75,30.75,1377.40625,32,56.121212121212125,55.30303030303031,3161.151515151515,33,1,GERMINATED
pg6_11,0,0.5589794479537072,0.0,5.522680508593631,0.8447388018979802,3.830822965284184,5.127231257899752,13.0,25.0,293.0,405.5,38.608247422680414,7.231883445243441,31.0,51.0,19.0,48.05154639175258,14.850020746294382,38.0,99.0,61.0,1945.4123711340203,991.4532887456074,1178.0,5049.0,3833.0,0.973976835631236,0.0429263027527041,0.7415313225058004,1,70,1,28,97,70,31.65625,38.15625,1208.40625,5,36.125,41.875,1515.75,32,47.75757575757576,63.63636363636363,3076.7272727272725,33,1,GERMINATED
pg6_11,1,0.1483608404908258,0.0,2.0,0.3209190879471891,1.6489528782361935,1.070801075428834,8.0,3.5,227.5,346.0,39.08247422680412,4.537745711941444,35.0,53.0,16.0,31.88659793814433,2.720204239829705,28.0,40.0,12.0,1258.0309278350514,267.2125858820619,980.0,2120.0,1084.0,0.9898357796011132,0.0214093295809484,0.8912198912198912,1,37,1,61,97,37,36.0,29.46875,1061.3125,0,37.25,31.25,1164.5,4,43.84848484848485,34.84848484848485,1539.4848484848485,33,1,GERMINATED
pg6_11,2,0.2459710535041281,0.0,3.605551275463989,0.5122644897948089,0.9968331191345672,2.436252835311646,4.5,13.0,182.0,293.0,39.381443298969074,1.575870232301199,37.0,43.0,6.0,37.72164948453608,1.3140185317875763,35.0,40.0,4.0,1487.4226804123712,109.52058932273373,1295.0,1720.0,388.0,0.9856738459216198,0.0320960457334673,0.76657824933687,1,73,1,25,97,73,37.75,36.15625,1365.0,8,39.65625,38.25,1517.0,32,40.696969696969695,38.72727272727273,1577.4545454545455,33,1,GERMINATED
pg6_11,3,0.6878103556376426,0.0,4.47213595499958,0.9846955103030344,4.531951023885778,3.925195963800445,27.0,20.5,216.5,182.0,51.83505154639175,31.584179914533664,32.0,147.0,112.0,42.43298969072165,11.85384118569014,36.0,92.0,56.0,2556.505154639175,2704.099896448619,1184.0,13524.0,12264.0,0.9679527289061484,0.0452786759826938,0.7597765363128491,1,48,1,50,97,48,35.0,36.0,1260.0,0,34.5625,37.4375,1293.8125,15,84.9090909090909,53.51515151515152,5038.151515151515,33,1,GERMINATED
pg6_11,4,0.1531163835295217,0.0,4.0,0.4787061100106277,0.7216126647455262,0.7466935654528586,6.0,3.5,239.5,120.5,36.47422680412371,2.051365064773275,32.0,39.0,6.0,40.865979381443296,1.281340036147575,39.0,43.0,3.0,1493.0309278350514,127.63175554246077,1248.0,1638.0,351.0,0.9915217973564244,0.0267194762498389,0.7837837837837838,1,45,1,53,97,45,33.84375,39.34375,1331.90625,0,37.25,41.15625,1533.78125,12,38.27272727272727,42.06060606060606,1609.7575757575758,33,1,GERMINATED
pg6_11,5,0.0517930828645789,0.0,4.47213595499958,0.4563496209786779,0.2020197726006744,0.4486017056089603,2.0,4.0,317.0,311.5,32.865979381443296,0.9909785435627148,32.0,34.0,-2.0,33.29896907216495,1.486467815344072,32.0,35.0,-3.0,1095.8762886597938,82.25121911570531,1024.0,1190.0,-166.0,0.995575016750216,0.0321093382589073,0.7146974063400576,1,57,1,41,97,57,34.0,35.0,1190.0,0,32.625,32.9375,1075.875,24,32.0,32.0,1024.0,33,1,GERMINATED
pg6_11,6,1.0703576198783444,0.7071067811865476,2.9154759474226504,0.918650041583681,12.317950544724416,15.97368205642618,48.5,59.0,358.5,302.0,65.15463917525773,32.31875399704252,37.0,143.0,101.0,65.74226804123711,39.65112766054575,34.0,184.0,149.0,5545.432989690722,6350.859897792259,1332.0,26312.0,24842.0,0.96020448672777,0.0302514268889258,0.8375499334221038,1,80,1,18,97,80,40.5625,34.78125,1409.625,15,48.78125,49.5625,2487.75,32,104.87878787878788,111.45454545454544,12520.939393939394,33,1,GERMINATED
pg6_11,7,0.1205705990665704,0.0,4.272001872658765,0.4879209949442584,1.7241170045017336,0.4935550187045701,5.0,2.5,354.5,161.5,34.824742268041234,0.9417061646737516,33.0,36.0,1.0,36.39175257731959,1.135706338467663,33.0,39.0,2.0,1268.2371134020618,70.55593280173697,1089.0,1404.0,109.0,0.9926925401818018,0.0311809946124197,0.7284768211920529,1,71,1,27,97,71,34.8125,35.78125,1246.09375,6,33.90625,35.78125,1213.65625,32,35.72727272727273,37.57575757575758,1342.6363636363635,33,1,GERMINATED
pg6_11,8,0.176559869461519,0.0,2.8284271247461903,0.38873934604359,1.6020565484395102,1.0490418931637089,7.5,3.0,434.5,252.0,39.123711340206185,1.2456748426386155,37.0,43.0,3.0,33.54639175257732,3.0427219859269625,30.0,39.0,9.0,1312.9278350515465,134.13435697111785,1110.0,1677.0,477.0,0.989406346353658,0.0257471600460992,0.7964071856287425,1,69,1,29,97,69,39.6875,30.0625,1192.96875,4,38.15625,33.46875,1277.21875,32,39.51515151515152,37.0,1463.878787878788,33,1,GERMINATED
pg6_11,9,0.5766197798488143,0.5,2.8284271247461903,0.5085818152671586,2.3473708391560875,6.421186799901268,8.0,26.5,417.5,380.0,52.30927835051546,14.685262143437892,37.0,77.0,38.0,71.5360824742268,54.37158556278964,33.0,227.0,193.0,4473.865979381443,4570.353174173484,1221.0,17479.0,16153.0,0.9629330940324742,0.0289664434514152,0.8044692737430168,1,66,1,32,97,66,37.59375,33.65625,1265.34375,1,47.8125,42.78125,2090.09375,32,70.93939393939394,136.15151515151516,9896.69696969697,33,1,GERMINATED
pg6_12,0,0.7681656017326772,0.5,2.5,0.662244246217366,12.37597413907964,1.817593311456036,48.0,7.5,376.0,80.5,74.70103092783505,52.5977077914672,31.0,206.0,175.0,57.11340206185567,18.037690373021302,35.0,79.0,40.0,5064.237113402062,4647.314807838897,1120.0,16068.0,14890.0,0.9674193389225664,0.0265715507289074,0.8398133748055988,1,79,1,19,97,79,32.75,37.21875,1218.90625,14,50.0625,55.75,2945.125,32,139.27272727272728,77.72727272727273,10847.939393939394,33,1,GERMINATED
pg6_12,1,0.813646958012218,0.7071067811865476,3.1622776601683795,0.7513595196159186,8.08659885814617,11.528036773095996,28.5,45.5,263.0,170.5,60.28865979381443,33.66143094485726,32.0,145.0,109.0,73.9381443298969,39.99892123106912,35.0,163.0,126.0,5773.670103092783,6214.305613847942,1184.0,23635.0,22303.0,0.961490081234592,0.0338372515503767,0.7983811626195733,1,76,1,22,97,76,34.90625,35.84375,1249.625,11,42.75,61.90625,2779.34375,32,101.9090909090909,122.54545454545456,13064.212121212122,33,1,GERMINATED
pg6_12,2,0.4821050212913018,0.5,4.949747468305833,0.6160794714258706,2.150133403509079,2.915485060947844,11.0,11.5,357.5,178.5,50.51546391752577,16.351873944163447,38.0,107.0,64.0,41.43298969072165,15.576156253680464,29.0,76.0,45.0,2329.092783505155,1777.126442730814,1140.0,8132.0,6799.0,0.969370233020337,0.0396286167585969,0.6808228268082283,1,61,1,37,97,61,40.09375,30.03125,1204.15625,0,43.34375,32.21875,1403.90625,28,67.57575757575758,61.42424242424242,4317.090909090909,33,1,GERMINATED
pg6_12,3,0.8497735417028368,1.0,2.0615528128088303,0.613875607232565,3.046352503802846,13.30236910105535,12.0,52.0,170.5,280.5,43.134020618556704,3.2031841953383817,37.0,49.0,12.0,62.865979381443296,40.97261566400283,30.0,159.0,128.0,2820.453608247423,2045.706456860715,1140.0,7791.0,6644.0,0.964588644621978,0.0321765912013811,0.8723747980613893,1,82,1,16,97,82,39.65625,31.15625,1235.65625,17,43.4375,41.0625,1788.46875,32,46.21212121212121,114.75757575757576,5357.939393939394,33,1,GERMINATED
pg6_12,4,0.6880830915144364,0.5,12.349089035228468,1.4032996802198985,7.00326738496087,5.830523542757966,34.5,17.0,465.0,249.5,53.7319587628866,21.42429272680105,39.0,122.0,83.0,34.20618556701031,6.169325756957708,30.0,49.0,17.0,1963.298969072165,1252.788305933398,1209.0,5978.0,4730.0,0.9735035971977096,0.0629210571329829,0.4617834394904458,3,66,1,31,97,65,39.71875,31.25,1241.15625,1,43.5,30.625,1332.09375,32,77.24242424242425,40.54545454545455,3275.6363636363635,33,1,GERMINATED
pg6_12,5,0.7541895128386958,0.7071067811865476,4.0,0.7007810014958052,9.725660857532525,5.10985181874414,28.5,22.5,359.5,286.5,83.05154639175258,52.70700400140904,32.0,185.0,153.0,45.20618556701031,13.222082547518747,35.0,93.0,58.0,4362.670103092783,4062.4787357962746,1120.0,17205.0,16085.0,0.9646428122136796,0.0358050242115264,0.7777777777777778,1,84,1,14,97,84,32.8125,35.375,1161.09375,19,65.25,41.25,2750.875,32,149.03030303030303,58.57575757575758,9030.181818181818,33,1,GERMINATED
pg6_12,6,0.0729166666666666,0.0,3.0,0.3305548260963007,0.681270935981723,0.5741814563152298,5.0,2.0,170.5,358.0,30.5979381443299,0.6526677027358522,29.0,31.0,2.0,33.865979381443296,0.3406744668424392,33.0,34.0,0.0,1036.3092783505156,27.549528341704075,957.0,1054.0,68.0,0.9954436966318786,0.0206653451951698,0.8125,0,0,0,0,0,0,29.78125,33.59375,1000.375,0,31.0,34.0,1054.0,0,31.0,34.0,1054.0,0,0,NON-GERMINATED
pg6_12,7,0.8334750789159194,0.7071067811865476,3.3541019662496847,0.755608557935987,12.569257598680837,4.123756443052314,49.5,13.0,291.0,382.5,76.30927835051547,56.72366745896008,31.0,221.0,188.0,48.16494845360825,12.420203371984964,32.0,77.0,42.0,4347.298969072165,4317.2033214645935,1024.0,17017.0,15862.0,0.9616922215038044,0.0395770909173012,0.7692307692307693,3,77,1,20,97,76,32.71875,35.03125,1146.0625,12,48.0625,45.84375,2242.625,32,145.96969696969697,63.15151515151515,9492.424242424242,33,1,GERMINATED
pg6_12,8,0.766134741364211,0.5,3.640054944640259,0.7915675743368095,6.506110342004358,6.602579714005424,19.5,31.5,400.0,374.5,60.79381443298969,34.676691760164815,30.0,138.0,108.0,46.06185567010309,21.53817729271841,30.0,124.0,94.0,3455.773195876289,3852.0245567329,900.0,17112.0,16212.0,0.9626846748675256,0.0388205478557026,0.7478510028653295,1,59,1,39,97,59,32.21875,30.875,997.46875,0,43.84375,39.9375,1770.5,26,104.93939393939394,66.72727272727273,7473.787878787879,33,1,GERMINATED
pg6_12,9,1.1289757417139334,1.0,3.640054944640259,1.0302190420592476,24.33265208058812,4.45676315325708,86.5,11.5,324.0,461.0,75.5360824742268,54.10281579951728,34.0,216.0,179.0,37.350515463917525,10.281643373310828,26.0,70.0,42.0,3336.3711340206187,3406.0843023376083,952.0,15120.0,14084.0,0.9598055066385176,0.0437271430449222,0.7686832740213523,1,73,1,25,97,73,34.96875,27.65625,966.375,8,48.09375,35.71875,1773.875,32,141.4848484848485,48.333333333333336,7149.69696969697,33,1,GERMINATED
pg6_2,0,0.0520833333333333,0.0,5.0,0.5076455387921335,0.0,0.5050494315016865,0.0,5.0,327.0,258.5,36.0,0.0,36.0,36.0,0.0,33.0,0.0,33.0,33.0,0.0,1188.0,0.0,1188.0,1188.0,0.0,0.9972587719298244,0.0267181862522175,0.7368421052631579,0,0,0,0,0,0,36.0,33.0,1188.0,0,36.0,33.0,1188.0,0,36.0,33.0,1188.0,0,0,NON-GERMINATED
pg6_2,1,0.3559035069626137,0.0,7.0,0.7575312053407742,4.125463545261288,1.3950324087292876,11.0,7.5,175.5,371.5,39.45360824742268,7.075470358568646,32.0,52.0,18.0,46.5360824742268,7.935385783916858,37.0,66.0,27.0,1890.8041237113405,679.0384140960264,1184.0,3366.0,2079.0,0.9819894192837924,0.0353211132092225,0.6956521739130435,1,70,1,28,97,70,33.03125,38.875,1284.1875,5,36.53125,44.3125,1623.3125,32,48.51515151515152,56.121212121212125,2738.4242424242425,33,1,GERMINATED
pg6_2,2,0.642657747980289,0.5,6.18465843842649,1.0185832574189684,2.89476936194186,5.831507794252411,15.0,31.0,241.5,215.5,56.381443298969074,16.217874381782586,42.0,99.0,50.0,48.21649484536083,20.9762884317909,33.0,123.0,89.0,3042.7525773195875,2461.2637858055973,1386.0,12177.0,10511.0,0.969791939747448,0.0464427816393328,0.6131386861313869,1,70,1,28,97,70,42.5625,34.0,1447.25,5,49.78125,39.5625,1979.65625,32,76.18181818181819,70.39393939393939,5620.787878787879,33,1,GERMINATED
pg6_2,3,0.581225825702791,0.5,5.385164807134504,0.750478651397077,1.2933522812003757,10.124981548382474,6.0,43.0,404.0,187.5,36.07216494845361,9.210311817012844,30.0,62.0,32.0,55.350515463917525,27.71877968376273,35.0,131.0,96.0,2248.9484536082477,1888.7417366750892,1050.0,8122.0,7072.0,0.9727016045816448,0.0406683763451583,0.6666666666666666,1,56,1,42,97,56,30.28125,35.90625,1087.46875,0,31.3125,41.03125,1283.96875,23,46.30303030303031,88.0909090909091,4310.969696969697,33,1,GERMINATED
pg6_2,4,0.5381009093685943,0.5,3.0,0.5858838718864787,2.789045650459015,8.209723761917788,8.0,31.5,428.0,332.0,34.55670103092783,3.586828918992743,31.0,42.0,8.0,50.24742268041237,18.689007148663208,36.0,100.0,63.0,1797.505154639175,897.345950638921,1209.0,4200.0,2942.0,0.9745871464649308,0.031213793148771,0.8490007401924501,1,72,1,26,97,72,33.46875,37.5625,1255.46875,7,31.5,40.46875,1275.125,32,38.57575757575758,72.03030303030303,2829.6666666666665,33,1,GERMINATED
pg6_2,5,0.7237584893623673,0.5,2.0,0.6309109676300645,11.42253619321663,6.658054095963495,39.0,26.0,365.5,335.0,61.69072164948454,27.05525496329145,41.0,141.0,100.0,43.64948453608248,14.05735030766614,32.0,84.0,50.0,3062.3711340206187,2573.4966958795258,1353.0,11844.0,10450.0,0.9675897214332996,0.0277678344622591,0.8805369127516779,1,77,1,21,97,77,41.96875,33.28125,1395.6875,12,49.9375,36.53125,1845.53125,32,92.21212121212122,60.60606060606061,5858.515151515152,33,1,GERMINATED
pg6_2,6,0.4959064966335464,0.5,3.605551275463989,0.6282529320239123,3.612876265111211,2.586755921264148,13.0,14.5,293.5,355.5,45.72164948453608,6.185687284054051,39.0,69.0,28.0,46.52577319587629,15.499978572319844,33.0,91.0,56.0,2218.958762886598,1142.2484240378826,1287.0,6279.0,4844.0,0.9741625058602807,0.0335194530352938,0.7694204685573366,1,74,1,24,97,74,40.9375,35.0625,1435.71875,9,43.90625,39.25,1724.65625,32,52.121212121212125,64.6969696969697,3457.787878787879,33,1,GERMINATED
pg6_2,7,0.8343687183561895,0.7071067811865476,4.123105625617661,0.7424450654169527,6.9231198669153615,13.101006022645707,27.0,45.0,157.5,456.5,55.29896907216495,17.757336191780272,39.0,99.0,60.0,72.56701030927834,49.79129788095503,29.0,181.0,149.0,4884.81443298969,4855.518623132395,1160.0,17919.0,16671.0,0.9649302507094482,0.0338423514978944,0.7430167597765364,1,79,1,19,97,79,39.40625,32.09375,1264.75,14,49.0,47.96875,2450.65625,32,76.81818181818181,135.66666666666666,10755.575757575758,33,1,GERMINATED
pg6_2,8,0.1480936375010947,0.0,3.0,0.3971848115571571,0.8815789369323233,0.8890519860763046,3.5,3.0,286.5,428.5,38.01030927835052,2.630098760878718,35.0,44.0,8.0,38.83505154639175,1.2897727153017249,38.0,42.0,3.0,1478.8041237113405,148.0064528528665,1330.0,1848.0,444.0,0.9919069900688524,0.0216279511664473,0.8571428571428571,1,63,1,35,97,63,35.59375,38.40625,1367.09375,0,37.3125,38.09375,1421.4375,30,41.03030303030303,39.96969696969697,1642.7575757575758,33,1,GERMINATED
pg6_2,9,0.5596041756021778,0.5,5.0990195135927845,0.6765179228830086,5.698770081715484,4.133249278890087,27.0,12.0,405.0,414.0,54.71134020618557,18.545546475640343,39.0,112.0,69.0,53.04123711340206,13.83847730567397,38.0,74.0,35.0,3125.463917525773,1886.2658418201931,1482.0,8288.0,6611.0,0.97661001632915,0.0315674322238069,0.7414330218068536,1,72,1,26,97,72,42.1875,39.125,1650.375,7,45.09375,49.25,2251.09375,32,76.18181818181819,70.21212121212122,5403.727272727273,33,1,GERMINATED
pg6_3,0,0.0792684607150671,0.0,4.609772228646444,0.4803078989591264,0.6343348479552644,0.5952659807526618,3.0,5.5,388.0,264.0,32.175257731958766,0.3801874003007376,32.0,33.0,0.0,37.5360824742268,0.4986963555648588,37.0,38.0,-1.0,1207.721649484536,20.806790261607897,1184.0,1254.0,-32.0,0.9955112051022784,0.0268511028128889,0.7429193899782135,0,0,0,0,0,0,32.25,37.875,1221.5,0,32.1875,37.75,1214.9375,0,32.09090909090909,37.0,1187.3636363636365,0,0,NON-GERMINATED
pg6_3,1,0.0666992108065921,0.0,6.4031242374328485,0.6501034906929134,0.4040395452013489,0.505049431501686,4.0,5.0,467.0,363.5,34.0,0.0,34.0,34.0,0.0,33.0,0.0,33.0,33.0,0.0,1122.0,0.0,1122.0,1122.0,0.0,0.995815527065527,0.0407851971337269,0.5982905982905983,0,0,0,0,0,0,34.0,33.0,1122.0,0,34.0,33.0,1122.0,0,34.0,33.0,1122.0,0,0,NON-GERMINATED
pg6_3,2,0.3787344430794399,0.0,6.082762530298219,0.7721033317883297,2.3938512832703567,2.2958348567452047,8.5,12.5,341.0,157.0,40.98969072164948,4.838622206041769,34.0,55.0,17.0,32.07216494845361,4.079739790268144,28.0,48.0,17.0,1332.1134020618556,346.22166418094025,952.0,2640.0,1462.0,0.9779192873695086,0.0459937290577129,0.6464011180992313,1,58,1,40,97,58,38.0,31.0,1178.0,0,37.84375,29.375,1112.46875,25,46.93939393939394,35.72727272727273,1694.5454545454545,33,1,GERMINATED
pg6_3,3,1.2872406608330929,1.0590169943749477,14.317821063276352,1.715217133319078,25.76586287433117,4.574695077439194,86.5,21.5,348.0,239.0,86.24742268041237,61.40133833254392,40.0,241.0,200.0,45.36082474226804,14.245408424312386,33.0,68.0,34.0,4723.79381443299,4643.2398459228725,1320.0,16388.0,14994.0,0.9564581343871744,0.0701434846881706,0.4435695538057743,1,73,1,25,97,73,40.6875,33.15625,1348.96875,8,53.6875,38.8125,2186.75,32,162.0,63.54545454545455,10456.515151515152,33,1,GERMINATED
pg6_3,4,0.3088445847318765,0.0,3.0413812651491097,0.4904615402677307,2.599083367283616,3.831287644150768,12.0,16.0,216.5,209.0,49.24742268041237,10.301667293575678,43.0,87.0,43.0,38.68041237113402,6.486379689737149,33.0,60.0,26.0,1970.9278350515465,859.2272270953191,1452.0,5220.0,3724.0,0.9821356436571416,0.0286909832150457,0.8203076923076923,1,64,1,34,97,64,43.1875,33.9375,1465.625,0,45.53125,36.90625,1681.0,31,58.72727272727273,45.0,2742.060606060606,33,1,GERMINATED
pg6_3,5,0.2361105663328266,0.0,5.220153254455275,0.5764309445192244,1.274207620047093,3.082620759886399,5.0,10.0,188.0,267.0,37.422680412371136,2.8819919069060544,34.0,45.0,11.0,42.64948453608248,8.48411643561425,36.0,64.0,28.0,1619.8453608247423,463.6759075267402,1224.0,2880.0,1656.0,0.987295683036858,0.0333190487406844,0.7002053388090349,1,64,1,34,97,64,34.96875,36.0,1258.875,0,36.3125,38.625,1404.78125,31,40.87878787878788,53.0,2178.4242424242425,33,1,GERMINATED
pg6_3,6,0.2299791332872988,0.0,4.924428900898052,0.551253509363665,1.248997897816964,3.946515095725149,6.0,12.0,181.5,361.5,37.4639175257732,1.8503934141183156,36.0,43.0,6.0,41.08247422680412,7.673317140589029,35.0,61.0,23.0,1550.2474226804125,373.1999279269727,1260.0,2623.0,1217.0,0.9869684474427686,0.0322569265907213,0.7129629629629629,1,40,1,58,97,40,37.0,37.03125,1370.15625,0,36.84375,35.875,1321.875,7,38.51515151515152,50.06060606060606,1946.3333333333333,33,1,GERMINATED
pg6_3,7,1.4861576574037212,1.540569415042095,10.51189802081432,1.5603091309118688,33.27474223210816,5.613641091916478,106.0,28.5,265.5,354.0,105.28865979381445,73.42026445215562,39.0,269.0,228.0,45.81443298969072,21.96310397049346,30.0,147.0,117.0,6319.979381443299,7726.480551383992,1170.0,39249.0,38079.0,0.9556328967001088,0.066850526362018,0.4670433145009416,1,82,1,16,97,82,43.84375,31.90625,1401.0,17,71.84375,35.4375,2658.78125,32,197.3030303030303,69.36363636363636,14640.151515151516,33,1,GERMINATED
pg6_3,8,0.8322965964502451,0.7071067811865476,4.609772228646444,0.793850768220328,7.692963521671951,19.163039284242373,22.5,57.0,234.5,480.0,56.28865979381443,13.848189254430626,41.0,86.0,41.0,86.54639175257732,57.69936672070362,33.0,192.0,157.0,5661.742268041237,4986.149902590175,1353.0,16512.0,14937.0,0.9676372889233844,0.0380490879593359,0.7449481157837248,1,78,1,20,97,78,44.03125,34.65625,1527.5625,13,50.375,62.46875,3247.15625,32,73.9090909090909,160.21212121212122,12012.060606060606,33,1,GERMINATED
pg6_3,9,0.2570964631640764,0.0,4.527692569068709,0.5367197362638991,2.1262746016405,0.9950456504753528,7.5,5.5,331.5,419.5,37.96907216494845,1.7787613450452735,35.0,44.0,9.0,46.08247422680412,6.50403538985056,37.0,61.0,23.0,1759.4845360824745,329.57026419144336,1295.0,2684.0,1345.0,0.9852973354293356,0.0302686411389572,0.7659151193633952,1,67,1,31,97,67,36.34375,40.09375,1458.34375,2,38.09375,44.65625,1701.3125,32,39.42424242424242,53.27272727272727,2107.909090909091,33,1,GERMINATED
pg6_4,0,0.0741191009831513,0.0,5.408326913195984,0.5564265679639282,0.654253478390913,0.4337254426384049,4.5,4.5,385.0,450.5,33.41237113402062,1.022958891249973,31.0,34.0,3.0,32.90721649484536,0.2901288098859853,32.0,33.0,0.0,1099.7319587628865,40.96856110795242,992.0,1122.0,99.0,0.9949641638466185,0.0374829966683668,0.6368805848903331,0,0,0,0,0,0,32.21875,32.71875,1054.5,0,34.0,33.0,1122.0,0,34.0,33.0,1122.0,0,0,NON-GERMINATED
pg6_4,1,0.6775658787528173,0.0,8.06225774829855,1.258002840464436,11.306169633537968,5.717593993220811,49.5,16.5,366.0,448.5,56.20618556701031,26.54423972860569,39.0,134.0,95.0,37.54639175257732,6.474407378137115,32.0,55.0,23.0,2275.773195876289,1590.3518478960186,1248.0,7370.0,6122.0,0.9717217248783792,0.0627961910674734,0.5850746268656717,1,56,1,42,97,56,39.0,32.0,1248.0,0,42.75,35.15625,1509.375,23,85.93939393939394,45.24242424242424,4015.5757575757575,33,1,GERMINATED
pg6_4,2,0.8263758020632563,0.7071067811865476,8.276472678623424,1.0467802382055382,9.076802938164745,12.014111605537702,26.5,45.5,213.0,457.0,50.175257731958766,11.616740772294422,37.0,72.0,35.0,83.08247422680412,43.74072393045954,37.0,188.0,150.0,4666.041237113402,3434.527770830916,1369.0,13536.0,12130.0,0.965073270895362,0.0569003656255573,0.5491205491205491,1,85,1,13,97,85,39.125,40.5,1585.34375,20,45.875,70.3125,3302.65625,32,65.06060606060606,136.75757575757575,8975.454545454546,33,1,GERMINATED
pg6_4,3,0.4995173868504316,0.5,5.830951894845301,0.71840613877814,3.681235288750574,2.198971730439522,20.5,10.5,149.0,394.5,57.58762886597938,30.860428262129695,33.0,139.0,99.0,57.97938144329897,24.538620677862617,37.0,108.0,71.0,4068.4123711340208,4065.1481446802736,1386.0,15012.0,13532.0,0.9685914782460282,0.0419405323355066,0.672316384180791,1,59,1,39,97,59,40.0,38.15625,1526.25,0,37.5625,45.40625,1721.5625,26,94.06060606060606,89.39393939393939,8809.272727272728,33,1,GERMINATED
pg6_4,4,1.2240005130249965,1.4142135623730951,6.519202405202649,1.1407462078750086,29.87578795479483,12.806978780912344,98.0,32.0,291.0,366.5,76.0721649484536,57.907720301966044,31.0,228.0,193.0,68.51546391752578,28.326197630593857,40.0,113.0,70.0,6698.731958762886,7190.812042117434,1271.0,25764.0,24259.0,0.9632353941219324,0.046059284140347,0.6250709018718095,1,73,1,25,97,73,33.34375,40.46875,1348.78125,8,45.15625,60.0625,2899.5625,32,147.4848484848485,103.9090909090909,15570.60606060606,33,1,GERMINATED
pg6_4,5,0.3218133931703991,0.0,5.830951894845301,0.6479765736322218,2.5170478366296973,3.8345596070693606,13.5,17.0,467.5,372.5,39.44329896907217,6.164362279480283,34.0,55.0,19.0,46.7319587628866,10.640823415853289,35.0,71.0,36.0,1902.40206185567,761.447856616764,1258.0,3905.0,2645.0,0.9820805378338768,0.0400621374340208,0.6479057591623036,1,76,1,22,97,76,35.1875,36.875,1297.375,11,36.875,42.875,1579.90625,32,46.06060606060606,60.03030303030303,2801.818181818182,33,1,GERMINATED
pg6_4,6,0.1586240007352364,0.0,6.020797289396148,0.6339729960527349,0.551088546841406,2.3152422069359297,5.0,10.5,405.0,306.0,32.30927835051546,1.991532719290729,29.0,35.0,5.0,37.64948453608248,4.456065568733662,32.0,45.0,13.0,1224.8041237113405,217.2983430215293,960.0,1575.0,615.0,0.9903441142671264,0.0421934942807029,0.5957446808510638,1,59,1,39,97,59,30.0,32.96875,989.0625,0,32.34375,36.75,1190.53125,26,34.51515151515152,43.06060606060606,1486.6363636363635,33,1,GERMINATED
pg6_4,7,0.511803338218577,0.5,6.363961030678928,0.8075393755033379,4.226037144393857,2.1738159095148752,13.5,11.5,339.5,215.0,43.350515463917525,8.68704597521701,35.0,64.0,26.0,44.75257731958763,9.930719731638366,34.0,74.0,39.0,2024.2474226804125,899.6561316841354,1190.0,4736.0,3406.0,0.971704908601618,0.0486074761379963,0.6153846153846154,1,65,1,33,97,65,36.0625,35.09375,1265.71875,0,39.25,42.375,1667.25,32,54.39393939393939,56.42424242424242,3105.969696969697,33,1,GERMINATED
pg6_4,8,0.5145520620904798,0.5,7.211102550927978,0.8374855274760087,8.018395393266072,3.866494811001145,30.5,14.5,216.0,242.5,62.58762886597938,30.729532649422936,37.0,145.0,108.0,38.896907216494846,8.120845692696488,31.0,55.0,19.0,2677.896907216495,1956.9686925443343,1178.0,7830.0,6535.0,0.9721027184326032,0.0469206993018307,0.5971049457177322,1,74,1,24,97,74,39.4375,33.125,1307.25,9,47.53125,34.03125,1637.53125,32,99.63636363636364,49.21212121212121,5015.848484848485,33,1,GERMINATED
pg6_4,9,1.0174511296829845,0.5,6.324555320336759,1.2400442997625063,14.331814008081771,19.464437624101336,60.0,65.0,270.0,198.5,62.24742268041237,29.53349694518128,41.0,160.0,116.0,67.15463917525773,40.47662943013467,36.0,161.0,124.0,5351.041237113402,6165.595339884602,1512.0,25760.0,24132.0,0.9676054732998364,0.0381146848295993,0.7252747252747253,1,73,1,25,97,73,42.375,36.90625,1564.53125,8,47.4375,46.03125,2213.53125,32,95.87878787878788,116.96969696969695,12065.242424242424,33,1,GERMINATED
pg6_5,0,0.0375578257860832,0.0,3.605551275463989,0.3660684039751163,0.2020197726006744,0.3030296589010118,2.0,3.0,382.5,429.5,35.0,0.0,35.0,35.0,0.0,37.0,0.0,37.0,37.0,0.0,1295.0,0.0,1295.0,1295.0,0.0,0.9975448455949136,0.0239298850711278,0.7643051771117166,0,0,0,0,0,0,35.0,37.0,1295.0,0,35.0,37.0,1295.0,0,35.0,37.0,1295.0,0,0,NON-GERMINATED
pg6_5,1,0.0104166666666666,0.0,1.0,0.1015291077584267,0.0,0.1010098863003372,0.0,1.0,299.5,173.5,37.0,0.0,37.0,37.0,0.0,31.0,0.0,31.0,31.0,0.0,1147.0,0.0,1147.0,1147.0,0.0,0.9993489583333334,0.0063455692349016,0.9375,0,0,0,0,0,0,37.0,31.0,1147.0,0,37.0,31.0,1147.0,0,37.0,31.0,1147.0,0,0,NON-GERMINATED
pg6_5,2,1.0535939150488671,1.0,4.716990566028302,1.0087338741405816,9.804264636319546,20.767256320038392,27.0,76.0,168.5,342.5,57.123711340206185,24.819038972214543,34.0,96.0,59.0,70.14432989690722,50.90844616102856,33.0,203.0,170.0,5175.20618556701,5619.686880770127,1122.0,19285.0,18097.0,0.965895447169174,0.0401473489160185,0.6919275123558485,1,76,1,22,97,76,35.3125,33.21875,1172.75,11,45.8125,43.28125,2087.09375,32,89.24242424242425,132.0,12050.90909090909,33,1,GERMINATED
pg6_5,3,1.3705780336658178,1.540569415042095,3.5,1.055321445642388,29.673979565223902,10.160307696210117,81.0,44.5,238.5,428.5,103.50515463917526,67.81739029952378,39.0,217.0,176.0,65.01030927835052,40.04520508649957,28.0,171.0,141.0,9304.40206185567,10527.66253773597,1092.0,37107.0,35877.0,0.954286669990028,0.0435292514002394,0.8110065170166546,1,76,1,22,97,76,41.125,30.21875,1242.21875,11,76.84375,52.125,4451.375,32,189.84848484848484,111.24242424242424,21828.242424242424,33,1,GERMINATED
pg6_5,4,0.7949637206715527,0.8535533905932737,2.23606797749979,0.6441332803201847,13.834978566956105,2.677278104073459,48.5,10.0,336.5,476.0,79.75257731958763,50.48364661780734,34.0,187.0,153.0,44.67010309278351,8.395779068969055,36.0,69.0,33.0,3973.247422680413,3271.2088689894463,1224.0,12903.0,11679.0,0.9664023444031384,0.0306488990664747,0.8657282079047104,1,76,1,22,97,76,36.46875,36.8125,1344.5625,11,56.625,42.5625,2456.71875,32,144.15151515151516,54.333333333333336,7992.848484848485,33,1,GERMINATED
pg6_5,5,1.0469964925336517,1.118033988749895,4.5,0.8149938719333406,6.749015350768597,28.47622177742288,25.5,78.5,280.5,362.5,57.43298969072165,20.959414495882346,36.0,98.0,61.0,108.85567010309278,68.17366993182664,37.0,224.0,187.0,7649.051546391753,6892.991736526106,1368.0,21952.0,20583.0,0.9638971886382678,0.0378047377167618,0.7968843618933493,1,81,1,17,97,81,38.90625,38.6875,1505.6875,16,48.0625,92.46875,4713.34375,32,84.48484848484848,192.7878787878788,16453.0,33,1,GERMINATED
pg6_5,6,0.6192741293414413,0.5,3.0,0.5442306980761007,1.8608461603130988,13.742246773017008,7.5,43.5,248.5,319.0,43.43298969072165,10.556580218380866,35.0,72.0,36.0,61.52577319587629,30.01308744892136,35.0,128.0,93.0,2982.639175257732,2289.6268600943035,1225.0,9216.0,7956.0,0.9720021164731292,0.0267318361350516,0.8421052631578947,1,71,1,27,97,71,35.6875,35.96875,1283.40625,6,38.84375,49.0,1944.90625,32,55.39393939393939,98.45454545454544,5636.666666666667,33,1,GERMINATED
pg6_5,7,0.4257664515435138,0.5,3.0,0.5163715671943134,2.141056184623796,4.93929027015365,10.0,16.5,426.5,353.0,42.628865979381445,8.210277175060343,33.0,58.0,25.0,51.103092783505154,10.65725108759142,40.0,77.0,29.0,2225.783505154639,841.9173041008332,1452.0,4466.0,2857.0,0.975132659466962,0.0287318139248251,0.88,1,69,1,29,97,69,33.125,46.59375,1543.03125,4,44.96875,42.71875,1916.875,32,49.57575757575758,63.60606060606061,3187.3939393939395,33,1,GERMINATED
pg6_5,8,0.9081183535879166,0.5,3.3541019662496847,0.8528800555823222,0.9608667748869926,12.941515969273173,5.0,55.5,446.5,271.0,51.34020618556701,12.14931723331966,39.0,87.0,46.0,58.8041237113402,41.07489743736252,28.0,171.0,138.0,3509.061855670103,3494.4607914495195,1131.0,14877.0,13524.0,0.9613979723577394,0.0413723184836151,0.7784431137724551,1,72,1,26,97,72,40.9375,29.875,1222.8125,7,46.8125,37.21875,1758.03125,32,65.81818181818181,107.78787878787878,7424.0,33,1,GERMINATED
pg6_5,9,0.2691680635839056,0.0,4.5,0.6418127090876984,1.2053922847363965,1.9727794753949808,3.5,11.5,381.5,237.5,37.70103092783505,2.6248807472317286,35.0,46.0,10.0,34.98969072164948,5.6303574173062,29.0,47.0,18.0,1332.3917525773195,312.0252288471794,1044.0,2162.0,1118.0,0.9832669460830502,0.0407627952817141,0.7352941176470589,1,57,1,41,97,57,36.0,29.96875,1078.875,0,36.3125,33.28125,1209.46875,24,40.696969696969695,41.51515151515152,1697.4242424242425,33,1,GERMINATED
pg6_5,10,1.2796789623208715,1.266123775561495,6.670832032063167,1.1794352829751666,22.28013942068031,14.17193400583811,76.0,41.0,443.0,178.0,83.36082474226804,56.33774907159338,40.0,222.0,181.0,77.9278350515464,46.628438608488445,30.0,142.0,106.0,8770.061855670103,9462.50248369351,1200.0,30636.0,29324.0,0.959190498062456,0.0470217891656661,0.6786537574919318,1,70,1,28,97,70,40.8125,30.875,1262.0625,5,52.3125,65.96875,3681.96875,32,154.72727272727272,135.15151515151516,20984.454545454544,33,1,GERMINATED
pg6_6,0,0.046875,0.0,3.0,0.3152225156536252,0.4503160756255991,0.3754049784749099,1.0,3.5,403.5,301.5,35.16494845360825,0.3711340206185566,35.0,36.0,0.0,39.90721649484536,0.2901288098859853,39.0,40.0,1.0,1403.3505154639174,19.140307356823676,1365.0,1440.0,35.0,0.9976727843915344,0.0151576588255787,0.8571428571428571,0,0,0,0,0,0,35.0,39.71875,1390.15625,0,35.5,40.0,1420.0,0,35.0,40.0,1400.0,0,0,NON-GERMINATED
pg6_6,1,0.8792471127857663,0.5,6.264982043070834,1.0195217087722528,11.373605922499078,9.498409843925677,35.0,33.5,409.5,485.5,94.14432989690722,57.02431922709685,38.0,193.0,155.0,46.865979381443296,17.395122474316818,32.0,98.0,65.0,5270.309278350515,5125.197861628539,1216.0,18914.0,17660.0,0.9545170058413532,0.0485601959893593,0.6558791801510249,1,87,1,11,97,87,39.0,36.125,1410.625,22,74.875,38.40625,2933.53125,32,166.3030303030303,65.48484848484848,11279.0,33,1,GERMINATED
pg6_6,2,1.1597241594317906,0.7071067811865476,5.408326913195984,1.1010592811910236,7.399886249495562,32.33865663465977,27.0,84.5,336.0,506.5,81.48453608247422,41.770386936019406,36.0,167.0,127.0,119.3917525773196,68.18267710902245,43.0,214.0,165.0,12497.876288659794,11321.161528563644,1677.0,34903.0,33143.0,0.9624817223342056,0.0395946084102013,0.7409470752089137,1,87,1,11,97,87,38.09375,46.6875,1774.375,22,74.40625,105.1875,8542.90625,32,130.42424242424244,203.66666666666663,26731.545454545456,33,1,GERMINATED
pg6_6,3,1.0009594741743442,1.118033988749895,3.5,0.760795174621453,14.675959303766533,7.795777857742589,46.0,25.5,171.0,371.5,79.6082474226804,52.70391067104278,35.0,180.0,144.0,92.71134020618555,52.134631180309896,36.0,174.0,137.0,9992.164948453608,10576.157343683904,1296.0,31320.0,29988.0,0.9588129132547992,0.0320645902707415,0.825,1,75,1,23,97,75,35.65625,38.03125,1355.78125,10,53.1875,82.3125,4730.9375,32,147.84848484848484,155.8181818181818,23468.636363636364,33,1,GERMINATED
pg6_6,4,0.9639964242650944,1.5,2.5,0.8480261753059938,3.570353299102537,25.44564121451728,13.0,80.5,131.0,300.0,39.92783505154639,2.9190007564389187,36.0,52.0,16.0,82.57731958762886,55.802825751816144,36.0,205.0,169.0,3406.546391752577,2532.782716516543,1296.0,10660.0,9364.0,0.9718502611282488,0.033563936386985,0.8492569002123143,1,76,1,22,97,76,37.1875,37.1875,1383.5625,11,40.6875,54.78125,2225.34375,32,41.84848484848485,153.54545454545453,6513.636363636364,33,1,GERMINATED
pg6_6,5,0.6370879586197092,0.5,2.0,0.6617166561163257,2.82371679783275,12.961950825385136,8.5,45.5,262.5,281.0,42.175257731958766,4.683839972964184,37.0,60.0,21.0,58.95876288659794,33.72444967210059,33.0,143.0,109.0,2629.3505154639174,1874.0414624314224,1287.0,8580.0,7254.0,0.9744138029790604,0.0301617263849951,0.8467105263157895,1,67,1,31,97,67,39.09375,33.71875,1318.5625,2,40.1875,41.0625,1660.25,32,47.09090909090909,100.78787878787878,4840.151515151515,33,1,GERMINATED
pg6_6,6,1.0299707959509112,0.7071067811865476,2.549509756796392,0.8579249148312725,22.607221407606865,7.549837954592804,69.5,23.0,221.0,190.0,88.56701030927834,51.8828790496868,38.0,183.0,145.0,81.89690721649484,44.163352941234095,34.0,161.0,125.0,9475.072164948451,9113.05634026102,1360.0,29463.0,28095.0,0.9623010016257392,0.0298834103739218,0.851150202976996,1,76,1,22,97,76,39.9375,35.84375,1431.6875,11,68.0625,72.75,5391.5,32,155.6060606060606,135.42424242424244,21234.545454545456,33,1,GERMINATED
pg6_6,7,0.8547643192355304,0.7071067811865476,2.5,0.7729831554191982,13.902825378770832,11.706236636639748,52.0,40.0,440.5,189.5,65.37113402061856,42.17374949108364,32.0,167.0,134.0,72.96907216494846,33.144312260501,44.0,147.0,102.0,6155.412371134021,6572.025755501949,1408.0,24549.0,23064.0,0.9669479748353212,0.0296872987315821,0.8671875,1,76,1,22,97,76,33.375,44.25,1476.5625,11,42.75,58.3125,2639.96875,32,118.33333333333331,115.03030303030305,14101.39393939394,33,1,GERMINATED
pg6_6,8,1.1570399353197272,1.4142135623730951,2.23606797749979,0.7687301789804544,25.96795792864644,14.806715162438412,84.0,39.0,520.0,334.0,92.11340206185568,64.11923112269969,32.0,224.0,191.0,69.54639175257732,30.175439121176154,38.0,115.0,76.0,8306.752577319588,8246.394299879874,1216.0,25536.0,24282.0,0.96348561498386,0.0308152845737514,0.8495575221238938,1,83,1,15,97,83,32.90625,38.8125,1277.53125,18,67.65625,61.375,4498.875,32,173.24242424242425,107.27272727272728,18815.454545454544,33,1,GERMINATED
pg6_6,9,1.0472206786844356,1.0,3.1622776601683795,0.7870671403819648,7.041863491180413,20.598033600389737,29.5,57.0,488.5,422.5,57.608247422680414,23.43693300940282,32.0,113.0,79.0,97.57731958762886,62.509023686984,36.0,201.0,160.0,6987.979381443299,6416.379116655049,1152.0,22148.0,20924.0,0.9547542708694912,0.0366395468197089,0.8452468680913781,1,90,1,8,97,90,33.09375,36.3125,1201.625,25,55.28125,77.8125,4640.3125,32,83.63636363636364,176.15151515151516,14875.515151515152,33,1,GERMINATED
pg6_7,0,0.0505635621484342,0.0,3.3541019662496847,0.3499190280377183,0.5214599712800196,0.3030296589010118,3.0,3.0,244.5,252.0,32.96907216494845,0.1731222229252233,32.0,33.0,0.0,36.0,0.0,36.0,36.0,0.0,1186.8865979381444,6.232400025308039,1152.0,1188.0,0.0,0.9967276696348448,0.0231751789673853,0.7767653758542141,0,0,0,0,0,0,32.90625,36.0,1184.625,0,33.0,36.0,1188.0,0,33.0,36.0,1188.0,0,0,NON-GERMINATED
pg6_7,1,0.1247097495312456,0.0,3.3541019662496847,0.3920692690140192,0.6161033822477969,1.16101882613286,2.0,5.0,314.0,275.0,38.2680412371134,0.4429391970915636,38.0,39.0,-1.0,39.78350515463917,0.4591970608519605,38.0,40.0,0.0,1522.3505154639174,18.9600998502707,1482.0,1560.0,-40.0,0.9932093750536848,0.0229242816515912,0.8001168907071888,1,34,1,64,97,34,38.28125,39.71875,1520.5,0,38.0,40.0,1520.0,1,38.51515151515152,39.63636363636363,1526.4242424242425,33,1,GERMINATED
pg6_7,2,0.3842699018806197,0.5,3.8078865529319534,0.4740595699297634,2.69244918276358,2.50270339538244,11.0,8.0,311.5,193.5,46.39175257731959,12.2865752746654,32.0,73.0,40.0,43.72164948453608,8.421550984856706,35.0,63.0,27.0,2129.9896907216494,1005.1760628961932,1120.0,4599.0,3411.0,0.9794322139901,0.0295979092750688,0.7537993920972644,1,86,1,12,97,86,34.96875,35.71875,1249.71875,21,42.375,40.9375,1741.40625,32,61.36363636363637,54.18181818181818,3360.3939393939395,33,1,GERMINATED
pg6_7,3,0.2394300143149851,0.0,2.5,0.3784099649566054,1.7730460257947525,1.0452611839700268,7.5,4.0,395.5,255.0,44.01030927835052,6.2135449738020165,35.0,53.0,15.0,47.34020618556701,7.618326517455109,36.0,58.0,22.0,2127.082474226804,624.4444569342737,1365.0,3074.0,1706.0,0.9868106534445252,0.0225787098075454,0.8333333333333334,1,84,1,14,97,84,36.5,40.0,1459.78125,19,44.625,44.59375,2001.125,32,50.696969696969695,57.121212121212125,2896.3030303030305,33,1,GERMINATED
pg6_7,4,0.9700879280719622,0.5,3.2015621187164243,1.0736290848375185,18.076726507781032,26.16315097040455,47.0,66.5,204.5,406.0,70.0,36.015174350614416,36.0,131.0,92.0,100.84536082474229,66.93116023525079,38.0,208.0,166.0,9463.350515463915,9676.770554889905,1368.0,27248.0,25610.0,0.9660388420486322,0.0419308676243857,0.8444444444444444,1,80,1,18,97,80,38.0625,40.15625,1529.46875,15,53.6875,72.96875,4392.40625,32,116.78787878787878,186.72727272727272,22074.090909090908,33,1,GERMINATED
pg6_7,5,1.2236696897626833,1.5,3.605551275463989,0.8385423803776599,3.122979738081575,23.93148588324324,9.5,87.5,269.0,440.5,52.381443298969074,11.36593145839302,38.0,72.0,34.0,84.26804123711341,62.591214340816975,28.0,225.0,197.0,5098.474226804124,4680.421522766837,1064.0,16200.0,15136.0,0.9610969573090108,0.0402362307529472,0.7381703470031545,1,84,1,14,97,84,40.625,30.59375,1243.9375,19,49.4375,56.5,2856.84375,32,66.63636363636364,163.24242424242425,11009.90909090909,33,1,GERMINATED
pg6_7,6,0.8368939315622814,0.8535533905932737,2.549509756796392,0.688540277675093,9.970689854782012,14.18814784123106,43.0,41.5,385.5,379.0,74.55670103092784,44.64336781816232,32.0,171.0,137.0,62.21649484536083,26.4295315942453,38.0,114.0,74.0,5807.81443298969,5626.108880996049,1248.0,19494.0,18134.0,0.9645352323869884,0.032932613447968,0.8672689367616401,1,84,1,14,97,84,33.0625,39.90625,1319.46875,19,58.84375,49.5,3079.78125,32,130.03030303030303,96.1818181818182,12805.515151515152,33,1,GERMINATED
pg6_7,7,0.7186772338371824,0.0,4.0,0.926554387806855,1.989076343370348,11.137492299529306,10.0,42.5,450.0,359.0,50.37113402061856,20.46939862715308,31.0,85.0,47.0,56.83505154639175,24.38086135178729,41.0,134.0,89.0,3259.7938144329896,2774.878531522417,1302.0,11390.0,9680.0,0.972994200931225,0.0397688569708292,0.7926960257787325,1,78,1,20,97,78,34.59375,43.1875,1496.5,13,38.6875,45.09375,1758.40625,32,77.0,81.45454545454545,6425.545454545455,33,1,GERMINATED
pg6_7,8,1.0191949616060862,1.118033988749895,3.2015621187164243,0.8766603087304883,16.30371221503395,15.53907167215442,53.5,55.5,414.5,450.0,61.0,32.997969322087734,35.0,133.0,97.0,73.05154639175258,45.5623219120914,27.0,176.0,149.0,5919.422680412371,6605.270664651072,972.0,23408.0,22436.0,0.9564313990602096,0.0431487937236849,0.7793696275071633,1,70,1,28,97,70,36.125,30.53125,1103.875,5,42.21875,59.0625,2607.8125,32,103.33333333333331,127.84848484848484,13800.30303030303,33,1,GERMINATED
pg6_7,9,0.1269013446978737,0.0,3.3541019662496847,0.43545977469858,0.7089830960627412,1.083283938691502,4.0,3.0,417.0,470.5,46.896907216494846,3.8489107739762423,42.0,54.0,12.0,35.43298969072165,3.397716687808942,31.0,41.0,9.0,1674.5773195876288,298.5290686791215,1302.0,2214.0,870.0,0.990010703384257,0.0341844538110467,0.7926829268292683,1,80,1,18,97,80,42.59375,31.3125,1333.96875,15,47.25,36.0625,1705.28125,32,50.72727272727273,38.81818181818182,1975.090909090909,33,1,GERMINATED
pg6_8,0,0.0441941738241592,0.0,4.242640687119285,0.4307515235028193,0.3030296589010118,0.3030296589010118,3.0,3.0,151.5,254.0,35.0,0.0,35.0,35.0,0.0,34.0,0.0,34.0,34.0,0.0,1190.0,0.0,1190.0,1190.0,0.0,0.997028097982709,0.0289665177754589,0.7146974063400576,0,0,0,0,0,0,35.0,34.0,1190.0,0,35.0,34.0,1190.0,0,35.0,34.0,1190.0,0,0,NON-GERMINATED
pg6_8,1,0.1951411662781199,0.0,3.905124837953327,0.5598950126797123,2.0976531633490203,1.830600997112184,9.5,6.5,177.5,359.0,34.51546391752577,1.9850648646176003,31.0,41.0,7.0,36.876288659793815,5.181763684861332,32.0,50.0,18.0,1281.6907216494844,258.9492789894769,1023.0,2050.0,962.0,0.9880144680213296,0.0357739182071647,0.7265625,1,60,1,38,97,60,34.0,32.96875,1120.9375,0,32.96875,34.40625,1134.8125,27,36.51515151515152,43.06060606060606,1580.0,33,1,GERMINATED
pg6_8,2,0.2309379831011455,0.0,3.605551275463989,0.4908548474798924,1.275520645626519,2.532643716747891,6.5,8.0,241.5,470.0,43.93814432989691,4.766321785256654,39.0,58.0,16.0,38.896907216494846,2.50148218364684,36.0,43.0,5.0,1718.40206185567,283.03763400613354,1404.0,2436.0,882.0,0.9870330986987104,0.030902106048217,0.7780320366132724,1,67,1,31,97,67,40.21875,36.40625,1464.9375,2,42.21875,39.03125,1652.78125,32,49.21212121212121,41.18181818181818,2027.8181818181815,33,1,GERMINATED
pg6_8,3,0.3253798602295076,0.0,3.605551275463989,0.5008979735338919,2.405090785317708,3.511417994065454,12.0,12.5,323.0,398.5,40.23711340206186,6.850048078507305,33.0,60.0,24.0,40.21649484536083,9.754963636474638,33.0,66.0,33.0,1684.2371134020618,768.689348769225,1122.0,3960.0,2772.0,0.980397750698951,0.034291217761028,0.7560975609756098,1,60,1,38,97,60,36.0,33.0,1188.0,0,36.59375,35.9375,1317.3125,27,47.87878787878788,51.36363636363637,2521.242424242424,33,1,GERMINATED
pg6_8,4,0.3139121136886609,0.0,2.5,0.408759323905299,1.7328023227975706,2.551978511779213,7.0,9.5,243.0,267.0,54.09278350515464,19.200022806164935,38.0,108.0,70.0,38.16494845360825,7.6180474977355805,31.0,60.0,28.0,2207.494845360825,1320.3151148687002,1178.0,6480.0,5264.0,0.9775177380309784,0.0288834938753354,0.821917808219178,1,81,1,17,97,81,39.03125,31.6875,1237.46875,16,45.8125,34.9375,1607.9375,32,76.72727272727273,47.57575757575758,3729.515151515152,33,1,GERMINATED
pg6_8,5,0.5538891337494908,0.5,3.905124837953327,0.681204933076363,2.9164600435949493,11.088241127228796,12.0,44.5,332.0,286.5,45.31958762886598,14.855001165390885,35.0,92.0,57.0,57.65979381443299,25.55079299430645,35.0,132.0,97.0,2990.0,2585.2796255469234,1225.0,12144.0,10919.0,0.97272280127271,0.035641449550156,0.7389783065080476,3,74,1,23,97,73,35.0,37.03125,1296.09375,9,37.96875,47.4375,1811.1875,32,62.45454545454545,87.57575757575758,5775.666666666667,33,1,GERMINATED
pg6_8,6,1.2642072765270889,1.118033988749895,4.242640687119285,1.015868247022858,4.195382326100121,29.31755216447256,21.5,100.5,422.5,326.0,45.88659793814433,12.572163891741964,34.0,83.0,49.0,99.10309278350516,69.85751102139835,39.0,269.0,229.0,5399.18556701031,5399.2844759433465,1326.0,22327.0,20967.0,0.9639530404077598,0.0344730487085643,0.7291799109980928,1,66,1,32,97,66,34.34375,39.65625,1362.03125,1,43.28125,70.15625,3130.65625,32,59.60606060606061,184.8181818181818,11513.787878787878,33,1,GERMINATED
pg6_8,7,0.3567398353462693,0.25,4.47213595499958,0.545175069627898,1.8495316570443403,3.7983150691096887,9.0,12.0,489.5,224.5,46.52577319587629,5.025897434361832,41.0,58.0,17.0,36.577319587628864,6.674825842813006,30.0,51.0,18.0,1731.6288659793815,520.7045647032852,1302.0,2958.0,1605.0,0.9806902410981068,0.0319152070965871,0.7357280307889673,1,68,1,30,97,68,41.5625,32.78125,1362.28125,3,45.96875,32.09375,1475.1875,32,51.87878787878788,44.60606060606061,2338.454545454545,33,1,GERMINATED
pg6_8,8,0.1325967340493793,0.0,5.315072906367325,0.5733866695225001,0.7143221526317528,0.5795703547910468,4.5,5.0,274.5,181.0,36.144329896907216,0.9843066608065988,34.0,37.0,3.0,35.23711340206186,1.397886444927902,32.0,40.0,8.0,1274.0618556701031,69.31413839992169,1088.0,1480.0,392.0,0.9918340075215696,0.0377326879624802,0.6492537313432836,1,29,1,69,97,29,35.59375,34.21875,1218.6875,0,37.0,35.0,1295.0,0,35.84848484848485,36.45454545454545,1307.4545454545455,29,1,GERMINATED
pg6_8,9,0.1331210095883847,0.0,4.031128874149275,0.5283500703190728,1.047876149909905,0.5742277295519019,6.0,2.5,339.5,148.0,34.75257731958763,0.5378638128142509,33.0,36.0,1.0,39.402061855670105,1.090349360587073,39.0,44.0,5.0,1369.4432989690722,47.71002813867428,1320.0,1584.0,219.0,0.9920818816930124,0.0327331868179139,0.7428756476683938,1,14,1,84,97,14,34.40625,39.0,1341.84375,0,35.0,39.0,1365.0,0,34.84848484848485,40.18181818181818,1400.5151515151515,14,1,GERMINATED
pg7_10,0,0.8278346034164487,0.7071067811865476,4.272001872658765,0.7668946273030807,10.815263400153938,3.349936508266465,44.0,11.5,299.5,440.0,66.50515463917526,39.122362553662455,34.0,165.0,130.0,47.50515463917526,7.970465729501564,40.0,71.0,29.0,3464.979381443299,2758.0517775818307,1360.0,11715.0,10245.0,0.9632880223460164,0.0397213992868218,0.754601226993865,1,82,1,16,97,82,35.59375,42.125,1501.125,17,48.40625,42.9375,2089.875,32,114.03030303030305,57.15151515151515,6702.757575757576,33,1,GERMINATED
pg7_10,1,1.2044914024678668,0.7071067811865476,6.363961030678928,1.2394271370466512,18.275358661067877,13.102425623999435,66.5,42.5,409.5,413.5,78.89690721649484,47.4937835402779,47.0,196.0,146.0,63.06185567010309,33.54910677840251,33.0,127.0,91.0,6464.319587628866,7288.547273049136,1617.0,24892.0,23092.0,0.95907439688457,0.0332995793829557,0.868421052631579,1,75,1,23,97,75,48.53125,35.1875,1707.71875,10,52.3125,47.9375,2552.6875,32,134.12121212121212,104.75757575757576,14869.878787878788,33,1,GERMINATED
pg7_10,2,0.7115262311982168,0.5,2.549509756796392,0.6704174736561753,13.776685233037846,2.3297258399018057,51.0,11.0,424.0,200.5,67.37113402061856,31.966580354156424,40.0,154.0,114.0,51.77319587628866,21.60779983010105,36.0,119.0,83.0,4170.072164948454,4112.725010915607,1440.0,18326.0,16886.0,0.9698261269975792,0.0262041437810791,0.900990099009901,1,71,1,27,97,71,42.34375,37.9375,1607.75,6,52.71875,40.21875,2132.1875,32,105.84848484848484,76.39393939393939,8630.878787878788,33,1,GERMINATED
pg7_10,3,0.131437854049478,0.0,2.5,0.3512108918055761,1.7206151593920491,1.0479775703659988,6.0,6.0,284.0,188.0,41.01030927835052,1.264053742176253,38.0,43.0,4.0,35.628865979381445,2.05250456824267,32.0,39.0,-4.0,1458.8556701030927,48.64514675588384,1344.0,1560.0,-16.0,0.9917332633758752,0.0267839173902597,0.7881773399014779,1,57,1,41,97,57,39.46875,37.8125,1492.59375,0,41.5,35.03125,1451.9375,24,42.03030303030303,34.09090909090909,1432.8484848484848,33,1,GERMINATED
pg7_10,4,0.3650144499494141,0.0,4.0,0.5769837819743809,1.805183782816548,3.885285129261088,10.5,15.5,214.0,295.5,33.371134020618555,3.1041029968459752,31.0,46.0,12.0,39.52577319587629,2.355483987323894,37.0,44.0,-1.0,1316.659793814433,117.92692885177284,1178.0,1748.0,422.0,0.978315559237123,0.0325000519139925,0.8095238095238095,1,83,1,15,97,83,32.59375,37.8125,1231.75,18,32.0625,41.96875,1345.46875,32,35.39393939393939,38.81818181818182,1371.060606060606,33,1,GERMINATED
pg7_10,5,0.1336294492161061,0.0,1.0,0.2558837697774781,0.6638086611136184,0.986194425664651,3.0,2.5,327.0,260.5,39.55670103092783,2.095498721068313,38.0,44.0,6.0,32.97938144329897,1.0151367938219522,32.0,36.0,4.0,1306.5154639175255,110.0267177863933,1216.0,1584.0,368.0,0.991134721419648,0.0203519081807468,0.8602941176470589,1,44,1,54,97,44,38.1875,32.09375,1225.59375,0,38.84375,32.84375,1275.90625,11,41.57575757575758,33.96969696969697,1414.6666666666667,33,1,GERMINATED
pg7_10,6,0.03125,0.0,1.5,0.2142392062625326,0.0,0.3373828489062592,0.0,3.0,384.0,293.0,36.0,0.0,36.0,36.0,0.0,30.010309278350515,0.1010098863003372,30.0,31.0,0.0,1080.3711340206185,3.63635590681214,1080.0,1116.0,0.0,0.998046875,0.0133899503914082,0.90625,0,0,0,0,0,0,36.0,30.03125,1081.125,0,36.0,30.0,1080.0,0,36.0,30.0,1080.0,0,0,NON-GERMINATED
pg7_10,7,0.0187789128930416,0.0,1.8027756377319943,0.1830342019875581,0.1515148294505059,0.1010098863003372,1.5,1.0,276.0,324.5,39.98969072164948,0.1010098863003372,39.0,40.0,1.0,27.02061855670103,0.2020197726006744,27.0,29.0,-2.0,1080.5257731958764,5.151504201317202,1080.0,1131.0,-51.0,0.9986023206751056,0.0136228929397382,0.8658227848101265,0,0,0,0,0,0,39.96875,27.0625,1081.59375,0,40.0,27.0,1080.0,0,40.0,27.0,1080.0,0,0,NON-GERMINATED
pg7_10,8,0.8048316672045646,0.7071067811865476,5.220153254455275,0.7810624094556855,5.011677298282407,8.1269650452059,26.0,23.0,216.5,167.0,79.5360824742268,47.56635340664207,39.0,201.0,162.0,47.5360824742268,18.70391207531283,29.0,81.0,47.0,4645.474226804124,4408.517414701624,1160.0,16281.0,14955.0,0.9598157806358194,0.0476506619144853,0.6559633027522935,1,79,1,19,97,79,40.28125,32.09375,1290.65625,14,57.75,37.875,2320.75,32,138.72727272727272,71.87878787878788,10152.90909090909,33,1,GERMINATED
pg7_10,9,1.049949028213117,0.7071067811865476,4.031128874149275,0.9624203195525668,14.167673697533672,8.330180790303999,48.0,33.5,170.5,200.0,67.61855670103093,38.2035900776891,34.0,147.0,108.0,70.08247422680412,32.24860585273745,36.0,158.0,119.0,5919.453608247422,5777.835627335517,1224.0,23226.0,21705.0,0.9595143959800776,0.0386784770707846,0.7458064516129033,1,85,1,13,97,85,36.5625,39.03125,1427.4375,20,48.5625,62.09375,3243.40625,32,116.21212121212122,107.93939393939394,12870.30303030303,33,1,GERMINATED
pg7_11,0,0.118306128344369,0.0,1.118033988749895,0.2633191852666626,0.9100237728129448,0.6196296536170778,4.0,2.5,351.5,445.0,34.41237113402062,1.3451139323958838,31.0,36.0,4.0,28.53608247422681,0.850249880433619,26.0,30.0,2.0,981.979381443299,48.05837931409881,837.0,1080.0,182.0,0.9907645275773138,0.0233019296040456,0.8491834774255523,1,52,1,46,97,52,32.9375,28.875,951.5,0,35.0,28.0,980.0,19,35.27272727272727,28.727272727272727,1013.4545454545456,33,1,GERMINATED
pg7_11,1,0.3084365773655964,0.0,2.8284271247461903,0.4880575899177573,2.269528565743065,1.843992466236865,10.5,8.5,403.5,387.0,33.175257731958766,2.5118700031959618,29.0,39.0,9.0,41.24742268041237,2.843081411800368,32.0,45.0,9.0,1372.5360824742268,173.70237977440658,928.0,1710.0,630.0,0.981273277768684,0.0322940758209272,0.8228571428571428,1,80,1,18,97,80,30.96875,37.90625,1174.84375,15,32.28125,42.59375,1375.03125,32,36.18181818181818,43.18181818181818,1561.8181818181818,33,1,GERMINATED
pg7_11,2,0.078125,0.0,1.0,0.2082682189909604,0.2791131210449666,0.7176250079500334,1.0,3.0,350.5,312.0,33.2680412371134,0.7109665834872851,31.0,34.0,-1.0,36.144329896907216,1.1486405296809623,34.0,40.0,4.0,1202.659793814433,50.261355407312365,1054.0,1320.0,96.0,0.9950812441208065,0.0150817250034678,0.8872053872053872,3,39,1,58,97,38,34.0,36.03125,1225.0625,0,32.9375,35.6875,1175.9375,6,32.878787878787875,36.696969696969695,1206.8484848484848,33,1,GERMINATED
pg7_11,3,0.7269473949566049,0.5,6.670832032063167,0.8494395122466377,6.209742276384916,5.401201041039523,24.0,19.0,451.0,264.0,48.75257731958763,19.259503439571517,35.0,102.0,63.0,38.51546391752577,4.608627950801002,33.0,54.0,21.0,1949.0721649484533,1066.9037700683386,1190.0,5508.0,4221.0,0.9589878922068064,0.0486661433215837,0.6550951847704367,1,46,1,52,97,46,37.875,34.59375,1309.46875,0,36.1875,38.5625,1396.9375,13,71.48484848484848,42.27272727272727,3104.696969696969,33,1,GERMINATED
pg7_11,4,1.1275913331987442,0.5,6.103277807866851,1.2826552350346312,13.08492742631535,15.725563143095997,53.5,61.0,266.0,432.0,53.18556701030928,26.60762230799071,37.0,145.0,108.0,66.08247422680412,42.828276164690855,34.0,174.0,138.0,4591.01030927835,5770.425461801148,1292.0,25230.0,23898.0,0.9596034961458588,0.0494711016097921,0.6927985414767548,3,70,1,27,97,69,37.40625,35.75,1336.90625,5,41.59375,41.65625,1728.34375,32,79.72727272727273,119.1818181818182,10522.424242424242,33,1,GERMINATED
pg7_11,5,0.92393568352898,1.0,5.5901699437494745,0.9426188798776716,7.711123129421592,17.036956634933162,26.5,58.0,162.5,429.0,53.71134020618557,20.255562434651218,37.0,96.0,51.0,67.24742268041237,38.69149215941887,34.0,158.0,124.0,4375.268041237114,4106.020546986779,1258.0,13904.0,12646.0,0.964806213263096,0.0438046323186219,0.6874298540965208,1,82,1,16,97,82,37.3125,34.625,1292.15625,17,43.4375,50.46875,2263.53125,32,79.57575757575758,115.15151515151516,9412.69696969697,33,1,GERMINATED
pg7_11,6,0.4201599396956326,0.5,2.8284271247461903,0.5453658940640638,3.532707054175257,3.3871196384556645,14.0,10.0,273.5,295.0,60.74226804123711,22.351585358803195,39.0,107.0,68.0,56.95876288659794,30.3052911326471,30.0,128.0,98.0,4128.742268041237,3689.9054307954034,1170.0,13696.0,12526.0,0.9677177771489056,0.0333531206378331,0.7944785276073619,1,82,1,16,97,82,39.90625,31.6875,1266.8125,17,51.875,42.90625,2267.53125,32,89.54545454545455,95.0909090909091,8708.757575757576,33,1,GERMINATED
pg7_11,7,0.5537109543812512,0.5,3.640054944640259,0.6540483002028245,4.357417449792576,6.333220525068732,13.0,23.0,183.0,249.5,44.58762886597938,3.844268936491563,38.0,50.0,12.0,55.81443298969072,25.167615378771128,29.0,97.0,68.0,2577.309278350516,1334.2214793254132,1102.0,4850.0,3748.0,0.9734203629138242,0.04000981185391,0.7821229050279329,1,83,1,15,97,83,39.75,29.625,1178.15625,18,45.46875,50.28125,2301.25,32,48.42424242424242,86.57575757575758,4201.757575757576,33,1,GERMINATED
pg7_11,8,1.0871434028151852,0.7071067811865476,3.905124837953327,1.0779003765262447,13.670814461128822,20.7042933930608,40.0,55.0,377.5,172.5,65.42268041237114,29.707104586588077,42.0,133.0,87.0,96.05154639175258,65.39970224939638,34.0,206.0,171.0,8032.237113402062,8688.535222038407,1512.0,27398.0,25788.0,0.9665607557452344,0.037867747959095,0.770375883885374,1,79,1,19,97,79,45.28125,35.59375,1610.71875,14,50.90625,69.625,3659.71875,32,99.03030303030305,180.3030303030303,18499.18181818182,33,1,GERMINATED
pg7_11,9,0.3792783892130032,0.0,2.692582403567252,0.5248035221007219,2.075828939984036,1.1736967387000423,9.0,7.0,266.0,169.5,37.63917525773196,2.420639631795011,34.0,44.0,6.0,41.37113402061856,3.053879019298685,35.0,52.0,13.0,1561.6907216494844,203.8677234797083,1225.0,2288.0,806.0,0.9764870948129912,0.0341291554630657,0.835633626097867,1,76,1,22,97,76,36.875,38.5625,1421.3125,11,35.84375,41.71875,1495.3125,32,40.121212121212125,43.75757575757576,1762.1818181818182,33,1,GERMINATED
pg7_12,0,0.4982616252878582,0.5,4.0,0.6666660979072172,6.734302807832289,2.1648134469441347,20.0,8.0,269.0,179.5,38.88659793814433,5.899285801015036,33.0,56.0,22.0,42.37113402061856,4.823310211297798,35.0,55.0,20.0,1673.6288659793815,456.2611912388262,1190.0,3080.0,1890.0,0.970541057769099,0.0386627100116807,0.7894736842105263,1,67,1,31,97,67,34.125,37.4375,1277.8125,2,36.21875,42.125,1527.21875,32,46.09090909090909,47.39393939393939,2199.4242424242425,33,1,GERMINATED
pg7_12,1,0.0429490169335173,0.0,4.123105625617661,0.4186152353627111,0.4040395452013489,0.1010098863003372,4.0,1.0,393.5,207.0,39.0,0.0,39.0,39.0,0.0,38.0,0.0,38.0,38.0,0.0,1482.0,0.0,1482.0,1482.0,0.0,0.9976657679249052,0.0227512799890063,0.7759137207908927,0,0,0,0,0,0,39.0,38.0,1482.0,0,39.0,38.0,1482.0,0,39.0,38.0,1482.0,0,0,NON-GERMINATED
pg7_12,2,0.0485653922934206,0.0,3.1622776601683795,0.3539005076826718,0.2153874475853214,0.1010098863003372,3.0,1.0,267.0,254.5,36.97938144329897,0.1421035953823734,36.0,37.0,1.0,36.91752577319588,0.5684143815294939,33.0,37.0,4.0,1365.2680412371135,25.720750764209587,1188.0,1369.0,181.0,0.996081490727532,0.0269189067682136,0.8,0,0,0,0,0,0,36.9375,36.75,1357.6875,0,37.0,37.0,1369.0,0,37.0,37.0,1369.0,0,0,NON-GERMINATED
pg7_12,3,0.2327628197885898,0.0,3.0413812651491097,0.4305865802105283,0.9682767079643664,1.2872156856914316,4.5,4.5,179.5,275.5,40.18556701030928,2.037432672505807,39.0,48.0,8.0,34.5360824742268,1.71146440985131,31.0,41.0,8.0,1390.298969072165,135.619401110977,1209.0,1968.0,640.0,0.985486075446836,0.0259346200636252,0.8336842105263158,1,47,1,51,97,47,39.28125,33.84375,1329.75,0,39.8125,35.1875,1400.8125,14,41.42424242424242,34.57575757575758,1438.8181818181818,33,1,GERMINATED
pg7_12,4,0.1841747612511042,0.0,5.852349955359813,0.661387801508892,0.8570353039223061,1.1400029646828111,5.5,3.0,182.0,356.5,40.0,0.9305801316615884,38.0,41.0,1.0,31.288659793814432,2.288288258131171,29.0,35.0,6.0,1250.7113402061857,84.79605110953491,1131.0,1400.0,269.0,0.98917190353682,0.0385452246150954,0.6708949964763918,3,54,1,42,97,53,40.6875,29.34375,1193.6875,0,39.5625,30.1875,1193.34375,21,39.75757575757576,34.24242424242424,1361.6363636363635,33,1,GERMINATED
pg7_12,5,0.7608337572877554,0.5,2.549509756796392,0.6202206546367699,8.472919230898885,7.6026402101892305,27.5,24.0,385.5,314.5,55.06185567010309,22.753186899471064,37.0,115.0,77.0,40.855670103092784,13.522024562257757,29.0,71.0,35.0,2545.907216494845,2010.0879658777324,1102.0,7526.0,6335.0,0.9553823540074706,0.0340595179616,0.8533772652388797,1,71,1,27,97,71,37.5,30.4375,1141.34375,6,44.78125,34.4375,1565.4375,32,82.06060606060606,57.18181818181818,4858.666666666667,33,1,GERMINATED
pg7_12,6,0.8549675254152671,0.8535533905932737,3.5355339059327378,0.740051595376044,3.356544931652446,7.519503814276829,17.0,34.5,441.5,316.0,60.83505154639175,18.181037143003728,43.0,109.0,63.0,72.89690721649484,49.71184690185483,27.0,193.0,160.0,5327.494845360825,5187.966636070797,1161.0,21037.0,19519.0,0.9640299346533244,0.0334538503882558,0.8339350180505415,1,78,1,20,97,78,44.625,30.46875,1360.65625,13,54.375,52.3125,2993.03125,32,82.81818181818181,134.0,11437.848484848484,33,1,GERMINATED
pg7_12,7,1.2679818129964424,0.5,38.56488039654732,3.956012464832519,10.253625557376743,10.647984944468,42.5,30.5,327.0,396.5,61.34020618556701,41.20401506758105,36.0,186.0,149.0,68.8659793814433,40.68197728217256,32.0,154.0,122.0,5549.144329896907,7032.92643257222,1152.0,28644.0,27460.0,0.9609052197078056,0.0651645315764833,0.4273954560421468,1,71,1,27,97,71,37.75,33.65625,1273.90625,6,44.0,50.78125,2262.90625,32,101.03030303030305,120.54545454545456,12881.484848484848,33,1,GERMINATED
pg7_12,8,0.7576094665372488,0.7071067811865476,2.549509756796392,0.6684767980614426,6.10705325662238,4.707983419197482,26.0,22.5,389.0,407.5,62.329896907216494,36.99170195316017,34.0,158.0,121.0,55.402061855670105,25.257298544566677,33.0,128.0,95.0,4371.18556701031,4849.54980869443,1221.0,20224.0,19003.0,0.9580953520528048,0.0356275085322852,0.8590455049944506,1,74,1,24,97,74,35.15625,35.75,1256.4375,9,42.15625,45.375,1964.1875,32,108.24242424242424,84.18181818181819,9725.60606060606,33,1,GERMINATED
pg7_12,9,0.4467466885282331,0.5,4.123105625617661,0.6110106897229578,3.011968191401329,5.381843213011089,14.0,20.5,292.0,464.0,36.21649484536083,6.910662319435988,31.0,54.0,23.0,45.79381443298969,12.957454682222645,34.0,81.0,47.0,1746.2886597938143,888.9622463515591,1054.0,4374.0,3320.0,0.974459552412625,0.0381282350705245,0.7321281840591619,1,48,1,50,97,48,31.0,35.34375,1095.65625,0,32.53125,40.59375,1325.78125,15,44.84848484848485,60.96969696969697,2784.969696969697,33,1,GERMINATED
pg7_2,0,0.2034125582543983,0.0,2.692582403567252,0.479016350950293,2.4821287049333645,1.0305411645990932,7.0,5.5,329.5,295.5,36.597938144329895,2.409858591113505,33.0,41.0,8.0,38.09278350515464,0.8259012475204014,36.0,40.0,0.0,1393.9278350515465,94.19132179504948,1254.0,1599.0,312.0,0.9878046677758568,0.0307195093604285,0.8238482384823849,1,54,1,44,97,54,33.6875,38.125,1284.25,0,36.84375,37.90625,1395.71875,21,39.18181818181818,38.24242424242424,1498.5454545454545,33,1,GERMINATED
pg7_2,1,0.0989583333333333,0.0,3.5,0.3860847250676404,1.2556811063794304,0.8719723898470308,3.0,6.5,360.5,429.0,32.96907216494845,0.1731222229252234,32.0,33.0,0.0,33.34020618556701,0.4737783626010745,33.0,34.0,-1.0,1099.1958762886595,16.666306015157677,1056.0,1122.0,-33.0,0.9942971045912224,0.0212549732067418,0.8108108108108109,1,39,1,59,97,39,32.96875,33.90625,1117.84375,0,32.9375,33.125,1091.0625,6,33.0,33.0,1089.0,33,1,GERMINATED
pg7_2,2,0.0560954667409844,0.0,5.385164807134504,0.5467509780004463,0.2020197726006744,0.505049431501686,2.0,5.0,346.5,480.0,30.97938144329897,0.2020197726006744,29.0,31.0,2.0,32.02061855670103,0.2020197726006744,32.0,34.0,-2.0,991.9381443298968,0.6060593178020237,986.0,992.0,6.0,0.9964230876605248,0.0348634289622738,0.6566164154103853,0,0,0,0,0,0,30.9375,32.0625,991.8125,0,31.0,32.0,992.0,0,31.0,32.0,992.0,0,0,NON-GERMINATED
pg7_2,3,0.3201531950496544,0.0,3.0,0.4349351657042284,1.886175379414335,6.633141427975778,5.5,16.5,449.0,337.5,50.03092783505155,17.04599817488836,36.0,87.0,51.0,38.04123711340206,4.538307795292004,34.0,49.0,15.0,1979.701030927835,942.7544001865502,1224.0,4263.0,3039.0,0.9801028113579948,0.02667082121228,0.8378378378378378,1,63,1,35,97,63,36.0,34.0,1224.0,0,41.9375,36.25,1526.625,30,71.48484848484848,43.696969696969695,3151.848484848485,33,1,GERMINATED
pg7_2,4,0.5332914175727806,0.5,4.031128874149275,0.5813743176960499,2.921975769163512,7.599871762235415,10.0,27.5,198.5,375.0,44.608247422680414,12.632437954767482,32.0,73.0,40.0,58.37113402061856,23.30183815926536,39.0,110.0,71.0,2895.546391752577,2027.5504596444712,1248.0,8030.0,6743.0,0.9755783848334164,0.0288401326806815,0.7915194346289752,1,72,1,26,97,72,32.84375,39.0,1280.90625,7,40.3125,47.5,1946.6875,32,60.18181818181818,87.6969696969697,5381.363636363636,33,1,GERMINATED
pg7_2,5,1.112278916184238,0.5,7.5,1.274682226783869,23.10226471417919,4.49351512520716,82.5,22.0,267.5,313.0,91.2680412371134,64.65076927870385,42.0,255.0,213.0,49.91752577319588,17.1582507597929,37.0,106.0,68.0,5628.5360824742265,6292.729453953731,1596.0,27030.0,25434.0,0.9630035347165996,0.0457020171641291,0.6620013995801259,1,80,1,18,97,80,43.8125,37.625,1647.3125,15,55.8125,42.71875,2448.25,32,171.66666666666666,68.81818181818181,12573.030303030304,33,1,GERMINATED
pg7_2,6,1.2603043971510048,1.0590169943749477,3.1622776601683795,1.169342547412224,8.455823823317335,29.278127267916112,30.5,99.5,199.5,306.5,56.44329896907217,15.85889393847675,41.0,96.0,55.0,89.28865979381443,71.92349296628946,33.0,265.0,232.0,6171.474226804124,6722.561507223858,1353.0,25440.0,24087.0,0.9625362177460804,0.0373294307868709,0.796812749003984,1,74,1,24,97,74,43.03125,33.65625,1450.4375,9,49.75,52.09375,2642.59375,32,75.93939393939394,179.3030303030303,14171.39393939394,33,1,GERMINATED
pg7_2,7,0.9190369757894244,0.7071067811865476,3.1622776601683795,0.7614789582112534,22.16107973909362,3.3631877721363184,58.0,14.0,334.5,177.0,90.62886597938144,58.15768107297748,37.0,199.0,162.0,46.44329896907217,16.073265933735957,33.0,94.0,61.0,5046.18556701031,4983.035998202232,1221.0,18706.0,17485.0,0.9641974911189362,0.0307861569822627,0.7929515418502202,1,75,1,23,97,75,38.1875,34.71875,1327.15625,10,66.3125,40.28125,2719.46875,32,165.06060606060606,63.78787878787879,10908.727272727272,33,1,GERMINATED
pg7_2,8,0.6911396332283379,0.5,5.024937810560445,0.9417586424951628,5.1082032101449935,9.000625856535283,22.5,42.0,388.5,229.0,47.577319587628864,14.798881994235478,37.0,95.0,58.0,59.1958762886598,23.532666120683864,38.0,128.0,90.0,3150.1546391752577,2579.1969913941475,1406.0,12160.0,10754.0,0.9719544361098018,0.0381792064383896,0.7495395948434622,1,77,1,21,97,77,38.5,39.96875,1540.8125,12,41.65625,50.03125,2087.46875,32,62.121212121212125,86.72727272727273,5741.212121212121,33,1,GERMINATED
pg7_2,9,1.1084399154312243,1.118033988749895,3.605551275463989,0.937086862148944,11.380409055802607,14.70162373553549,38.5,44.5,467.0,186.0,56.8041237113402,22.1706777538976,42.0,129.0,87.0,82.47422680412372,47.86947304017913,34.0,165.0,128.0,5622.6082474226805,5421.460300018275,1428.0,21027.0,19557.0,0.9562592962002704,0.0460318910425036,0.7710843373493976,1,70,1,28,97,70,42.0,34.90625,1466.0625,5,46.75,68.09375,3264.84375,32,80.9090909090909,142.54545454545453,11939.515151515152,33,1,GERMINATED
pg7_3,0,0.0368284781867993,0.0,3.5355339059327378,0.3589596029190162,0.0505049431501686,0.3535346020511803,0.5,3.5,294.0,403.0,32.01030927835052,0.1010098863003372,32.0,33.0,-1.0,32.98969072164948,0.1010098863003372,32.0,33.0,1.0,1056.0,0.0,1056.0,1056.0,0.0,0.9977477477477475,0.0219522395153355,0.7837837837837838,0,0,0,0,0,0,32.03125,32.96875,1056.0,0,32.0,33.0,1056.0,0,32.0,33.0,1056.0,0,0,NON-GERMINATED
pg7_3,1,0.0964833908849621,0.0,5.656854249492381,0.6778207397854831,0.7592557789493596,1.0527585493789475,4.0,4.0,380.0,445.5,28.24742268041237,0.6585038937184047,28.0,30.0,2.0,33.0,0.0,33.0,33.0,0.0,932.1649484536084,21.730628492707357,924.0,990.0,66.0,0.9931027324879228,0.0482004379228974,0.6041666666666666,1,12,1,86,97,12,28.0,33.0,924.0,0,28.0,33.0,924.0,0,28.727272727272727,33.0,948.0,12,1,GERMINATED
pg7_3,2,0.2369481686796026,0.0,1.118033988749895,0.3624300834083486,1.374231057757858,2.98212694105582,5.5,13.5,261.0,488.0,35.103092783505154,3.3720639342927994,32.0,46.0,13.0,42.175257731958766,10.717564646125702,33.0,76.0,43.0,1515.360824742268,581.8269871717723,1089.0,3496.0,2407.0,0.9851385966072764,0.0214967122392928,0.9209302325581395,1,61,1,37,97,61,33.90625,35.25,1195.40625,0,33.125,37.375,1237.84375,28,38.18181818181818,53.54545454545455,2094.7272727272725,33,1,GERMINATED
pg7_3,3,0.5471365990149527,0.5,4.0,0.6333738038091599,3.502310853673829,3.9054752260663226,16.5,19.0,452.5,446.5,51.30927835051546,21.20317075332569,33.0,102.0,65.0,51.55670103092783,23.318047111101865,33.0,111.0,78.0,3136.773195876289,2890.687281403709,1089.0,11322.0,10101.0,0.968039341133426,0.0364744207614154,0.7837837837837838,1,55,1,43,97,55,35.03125,35.125,1231.625,0,40.40625,38.71875,1571.3125,22,77.66666666666667,79.93939393939394,6502.212121212121,33,1,GERMINATED
pg7_3,4,0.482895592612664,0.5,4.716990566028302,0.6603655654019198,2.9994331132659937,7.882021446906168,9.0,32.0,183.5,392.5,37.75257731958763,5.458429455467052,31.0,49.0,18.0,45.23711340206186,18.75934032420946,31.0,103.0,69.0,1805.5360824742268,1074.3124107607389,1023.0,5047.0,3993.0,0.976745264824307,0.0361118987737408,0.6839622641509434,1,63,1,35,97,63,33.84375,33.125,1120.46875,0,34.46875,35.25,1219.28125,30,44.72727272727273,66.66666666666667,3038.333333333333,33,1,GERMINATED
pg7_3,5,0.5000050307243041,0.5,3.1622776601683795,0.6434729747630337,4.5959151390734885,5.198386523392974,19.5,15.0,440.5,370.5,52.70103092783505,19.50953504571737,36.0,102.0,66.0,41.29896907216495,5.763670344876109,37.0,62.0,21.0,2277.020618556701,1262.2116082118607,1332.0,6324.0,4848.0,0.9728847048173292,0.0364623592540104,0.8252148997134671,1,77,1,21,97,77,38.09375,38.25,1460.25,12,43.375,39.25,1701.1875,32,75.9090909090909,46.24242424242424,3627.4242424242425,33,1,GERMINATED
pg7_3,6,0.4021827091148197,0.0,4.272001872658765,0.6289202931657802,4.11276898727526,2.8324730542290006,18.0,11.0,245.5,270.5,45.25773195876289,6.712472389339001,40.0,69.0,26.0,42.48453608247423,13.759430432096686,32.0,71.0,38.0,2005.7525773195875,1012.6826782478578,1320.0,4899.0,3480.0,0.9767307465746012,0.0372640336777996,0.7357673267326733,1,68,1,30,97,68,40.59375,33.0,1339.59375,3,43.21875,34.6875,1499.59375,32,51.75757575757576,59.24242424242424,3142.5454545454545,33,1,GERMINATED
pg7_3,7,0.7986286150039829,0.5,5.385164807134504,0.9299443542295888,5.432637559746079,12.929172968799543,18.5,53.5,355.5,301.5,47.44329896907217,16.917610584231145,34.0,79.0,44.0,69.36082474226804,34.97014501855503,44.0,166.0,121.0,3861.608247422681,3460.913193824674,1530.0,12948.0,11418.0,0.9692037318975564,0.0364471829814818,0.7191011235955056,1,66,1,32,97,66,34.5,44.875,1548.125,1,38.28125,51.03125,1980.375,32,68.87878787878788,110.87878787878788,7929.212121212121,33,1,GERMINATED
pg7_3,8,0.8873795182478915,0.6035533905932737,7.433034373659253,1.0589673069839345,7.634485252850454,10.819534829908058,31.5,46.5,479.0,266.5,53.70103092783505,17.172361484000614,35.0,96.0,61.0,57.11340206185567,36.17109294332471,31.0,160.0,126.0,3673.9278350515465,3715.4252666845546,1190.0,15360.0,14170.0,0.9633857133073293,0.0497131310297517,0.5667299177735611,1,67,1,31,97,67,39.09375,32.9375,1287.21875,2,46.625,38.15625,1803.125,32,74.72727272727273,98.93939393939394,7802.424242424242,33,1,GERMINATED
pg7_3,9,0.3943086032400007,0.5,3.0,0.4486552782975511,3.204826177822493,2.5088429003188257,14.0,10.0,309.0,155.0,56.29896907216495,16.546195843012743,42.0,100.0,58.0,64.5979381443299,33.93950342382705,35.0,132.0,97.0,4183.546391752578,3494.720716598548,1470.0,13200.0,11730.0,0.9756549418080273,0.0250087550187173,0.8421052631578947,1,76,1,22,97,76,42.8125,35.21875,1508.1875,11,49.28125,48.71875,2436.53125,32,76.18181818181819,108.48484848484848,8471.90909090909,33,1,GERMINATED
pg7_5,0,0.3955269385725671,0.5,2.8284271247461903,0.4236696128629156,1.5574006757106558,2.09128482217534,8.0,8.0,331.5,483.0,41.824742268041234,3.989704041108325,36.0,50.0,7.0,53.08247422680412,13.879949272830434,34.0,76.0,42.0,2271.5154639175257,803.2624215050174,1326.0,3648.0,2170.0,0.9776695348143308,0.0289651412044595,0.8065395095367848,1,68,1,30,97,68,38.125,37.78125,1439.0625,3,40.46875,51.1875,2077.5625,32,46.72727272727273,69.75757575757575,3266.818181818182,33,1,GERMINATED
pg7_5,1,0.1738448104230767,0.0,2.1213203435596424,0.3899610859504204,1.7087609429169022,1.0476225558136207,5.5,3.0,221.5,414.5,36.422680412371136,1.2338444783816231,33.0,38.0,4.0,44.94845360824742,4.704398323702405,37.0,53.0,16.0,1638.2474226804125,187.5812967908276,1221.0,1961.0,740.0,0.9897086313909396,0.0256585212530238,0.8479657387580299,1,24,1,74,97,24,35.59375,40.1875,1431.9375,0,37.28125,43.78125,1630.5,0,36.39393939393939,50.696969696969695,1845.8181818181815,24,1,GERMINATED
pg7_5,2,0.0683495084667586,0.0,2.0615528128088303,0.2510710617050197,0.5978048198321239,0.4423389268644316,2.0,2.5,326.0,362.5,37.2680412371134,1.446755801375949,35.0,40.0,5.0,37.402061855670105,0.5860895011773977,36.0,38.0,1.0,1393.40206185567,44.46512818619475,1260.0,1480.0,220.0,0.995682851811956,0.0164923451155619,0.8711566617862372,1,44,1,54,97,44,35.96875,37.5625,1351.125,0,36.8125,37.65625,1385.6875,11,38.96969696969697,37.0,1441.878787878788,33,1,GERMINATED
pg7_5,3,0.2498469242575819,0.0,2.23606797749979,0.3751020053785718,1.227323809186659,2.0173416517241347,4.0,6.5,417.5,392.0,38.876288659793815,4.089861066777392,32.0,47.0,14.0,35.41237113402062,4.832775935598798,30.0,50.0,20.0,1393.8453608247423,336.97218644458025,990.0,2350.0,1360.0,0.9835337758566548,0.0265007213896585,0.8300536672629696,1,80,1,18,97,80,34.59375,32.34375,1121.0625,15,38.53125,32.34375,1247.0625,32,43.36363636363637,41.36363636363637,1800.6969696969695,33,1,GERMINATED
pg7_5,4,0.3074400267765814,0.0,1.4142135623730951,0.3561387322410771,1.913669773308701,2.26869718724424,8.0,8.5,211.5,337.0,40.77319587628866,3.291680091930542,37.0,49.0,12.0,44.144329896907216,6.748790942838362,37.0,68.0,31.0,1821.1030927835047,450.0058300776077,1369.0,3332.0,1963.0,0.9815572531114096,0.0232633779947259,0.8821014050091631,1,58,1,40,97,58,38.34375,39.6875,1523.0,0,39.21875,41.8125,1640.34375,25,44.63636363636363,50.72727272727273,2285.454545454545,33,1,GERMINATED
pg7_5,5,0.6177735998968293,0.0,2.549509756796392,0.7542390951176196,12.875149553833728,4.134656865454169,39.0,15.5,539.0,323.0,54.93814432989691,26.738834044158036,37.0,118.0,76.0,42.4639175257732,18.008624426234135,29.0,79.0,49.0,2805.2680412371133,2695.2081782359937,1110.0,9322.0,7964.0,0.9691717862560404,0.0422907375344355,0.8131868131868132,1,63,1,35,97,63,37.09375,30.0,1112.8125,0,40.3125,31.0625,1256.0,30,86.42424242424242,65.60606060606061,5948.757575757576,33,1,GERMINATED
pg7_5,6,0.9094859375612692,1.0,2.23606797749979,0.7523725779459043,22.628139151843293,2.198730055980293,69.0,8.5,503.5,263.5,82.73195876288659,52.42796048382146,37.0,187.0,149.0,50.49484536082474,8.036160173671966,41.0,64.0,20.0,4585.40206185567,3591.2225028742496,1554.0,11904.0,10147.0,0.9734402593679526,0.0242746883642129,0.8841099163679809,1,79,1,19,97,79,37.75,42.15625,1591.34375,14,59.65625,48.6875,2940.09375,32,148.72727272727272,60.333333333333336,9084.181818181818,33,1,GERMINATED
pg7_5,7,0.4607189501319862,0.5,3.5355339059327378,0.5436456097397278,2.275059432032362,5.046941936879308,10.5,21.0,276.5,241.0,50.97938144329897,18.012584021248653,37.0,90.0,53.0,47.175257731958766,10.104618020783631,38.0,70.0,32.0,2585.257731958763,1526.9797578870905,1406.0,6300.0,4894.0,0.9748426710273168,0.0336911264048654,0.773955773955774,1,62,1,36,97,62,37.4375,38.75,1450.65625,0,40.4375,42.5,1733.90625,29,74.33333333333333,59.87878787878788,4511.030303030303,33,1,GERMINATED
pg7_5,8,1.112407352067,1.118033988749895,5.0990195135927845,0.9225462317596622,11.536863244355946,17.014451229557814,45.0,60.5,359.0,192.5,66.02061855670104,24.7873343869231,42.0,136.0,94.0,82.30927835051547,51.33021473596274,31.0,189.0,158.0,6678.494845360825,6501.775765561555,1302.0,25704.0,24402.0,0.9576360898953564,0.0423298284029788,0.750465549348231,1,77,1,21,97,77,44.125,32.1875,1422.0,12,57.84375,68.0625,4103.09375,32,95.1818181818182,144.72727272727272,14273.060606060606,33,1,GERMINATED
pg7_5,9,0.6026758628688772,0.5,2.0615528128088303,0.6585262366187504,7.360398786370136,2.2197291195607045,31.5,10.0,430.0,114.0,53.381443298969074,16.55695779801155,42.0,111.0,69.0,45.618556701030926,17.004210090547755,30.0,75.0,45.0,2674.896907216495,1901.1042232666764,1260.0,8325.0,7065.0,0.9760112949627532,0.0257292861885454,0.8662873399715505,1,67,1,31,97,67,42.75,30.96875,1324.59375,2,46.46875,37.53125,1752.09375,32,70.39393939393939,67.66666666666667,4879.121212121212,33,1,GERMINATED
pg7_6,0,0.3848167917444834,0.0,5.408326913195984,0.8293693608950616,3.737827873401982,4.081875411669854,13.0,13.5,306.5,373.0,48.48453608247423,17.246612338540995,32.0,98.0,66.0,44.47422680412371,4.61081825934669,38.0,55.0,15.0,2220.1546391752577,1037.4958784189023,1280.0,5390.0,4110.0,0.974801962307184,0.0510292769698409,0.7080745341614907,1,68,1,30,97,68,36.0,39.03125,1408.65625,3,41.96875,45.875,1925.3125,32,66.9090909090909,48.39393939393939,3292.969696969697,33,1,GERMINATED
pg7_6,1,1.067639611039126,1.118033988749895,2.8284271247461903,0.8201497795770134,23.052216070164768,9.355174506199749,70.5,36.5,337.5,461.0,85.44329896907216,50.88008321010608,38.0,189.0,151.0,60.29896907216495,35.431992343239955,33.0,148.0,111.0,6899.680412371134,7864.933910296237,1287.0,27528.0,26113.0,0.9605156120741848,0.0306174961146406,0.8408279800142755,1,83,1,15,97,83,39.21875,33.84375,1327.28125,18,65.59375,42.84375,2976.8125,32,149.5151515151515,102.87878787878788,16107.212121212122,33,1,GERMINATED
pg7_6,2,0.5148343978891411,0.0,2.0615528128088303,0.6064305753753892,6.089573002410313,6.097055735232996,28.0,17.0,417.0,378.5,60.422680412371136,21.363730248600717,44.0,124.0,80.0,42.07216494845361,3.990316688154097,37.0,56.0,19.0,2619.0,1255.6005258092125,1628.0,6944.0,5316.0,0.9761795051261486,0.0319723251222082,0.8244575936883629,1,74,1,24,97,74,45.71875,38.40625,1758.125,9,50.40625,42.15625,2125.6875,32,84.39393939393939,45.54545454545455,3932.151515151515,33,1,GERMINATED
pg7_6,3,0.8047613497758878,1.0,1.8027756377319943,0.6001430412050875,12.664743902782782,9.833962744200882,39.5,36.0,201.0,345.5,72.05154639175258,33.97615025673842,37.0,143.0,105.0,60.28865979381443,28.819008175585537,32.0,123.0,90.0,5320.762886597938,4832.800161126619,1184.0,17589.0,16335.0,0.9658624518082708,0.0283718810504549,0.8839285714285714,1,83,1,15,97,83,38.625,33.28125,1286.15625,18,62.78125,50.9375,3356.125,32,113.45454545454544,95.54545454545456,11138.212121212122,33,1,GERMINATED
pg7_6,4,1.3883566373526646,1.5811388300841898,5.024937810560445,1.0292934538728344,22.361873944575944,26.97064649082525,75.5,67.0,322.5,287.5,70.14432989690722,41.42313455180997,37.0,178.0,139.0,95.45360824742268,62.66553675897007,32.0,189.0,154.0,8988.556701030928,10055.576317224552,1221.0,33642.0,32277.0,0.9587964431462463,0.0273466091454878,0.8937784522003035,1,85,1,13,97,85,40.09375,34.34375,1380.65625,20,50.0625,74.0,3901.53125,32,118.75757575757576,175.5151515151515,21298.78787878788,33,1,GERMINATED
pg7_6,5,0.0737618628133769,0.0,1.5811388300841898,0.2219159471383265,0.5035214499587923,0.6894895920497305,1.5,2.0,260.5,236.5,41.95876288659794,1.667874292360621,38.0,44.0,5.0,37.64948453608248,2.6633876463848645,33.0,41.0,8.0,1583.639175257732,167.11741570000308,1254.0,1763.0,509.0,0.9955827922044744,0.0161598138494454,0.8601398601398601,1,63,1,35,97,63,39.96875,34.5625,1382.46875,0,42.875,37.8125,1622.6875,30,43.0,40.48484848484848,1740.8484848484848,33,1,GERMINATED
pg7_6,6,0.7535278082984478,0.5,5.385164807134504,0.9113908832772784,11.1566493986806,4.594839693840777,51.5,15.0,339.5,159.5,61.96907216494845,39.2681643852965,36.0,173.0,137.0,51.81443298969072,13.473402509906814,41.0,89.0,48.0,3715.9484536082473,3678.96805166585,1476.0,15397.0,13921.0,0.9687412412478033,0.0373931244659483,0.7345360824742269,1,64,1,34,97,64,36.0,42.90625,1544.625,0,39.375,47.125,1855.875,31,109.06060606060606,65.0,7625.181818181818,33,1,GERMINATED
pg7_6,7,0.3832787573972473,0.0,3.905124837953327,0.5627069048756099,2.235806544980761,1.6354753029221427,12.5,7.0,385.0,105.0,50.97938144329897,16.213764917910456,39.0,95.0,55.0,45.0,4.563413444784643,38.0,52.0,13.0,2354.278350515464,997.6024117881464,1520.0,4845.0,3325.0,0.9821360470616254,0.0325485554423988,0.7436708860759493,1,71,1,27,97,71,41.0,39.8125,1632.0,6,42.5,44.75,1904.15625,32,68.87878787878788,50.27272727272727,3491.151515151515,33,1,GERMINATED
pg7_6,8,1.1782041579153366,1.5,2.8284271247461903,0.9518958953605934,29.617261284785695,5.126723377772489,93.0,24.0,426.5,247.5,109.35051546391752,74.9300761654977,42.0,267.0,225.0,47.896907216494846,18.215482559286755,34.0,105.0,70.0,6470.639175257732,7046.994754928591,1428.0,28035.0,26565.0,0.9648023496467006,0.0293392271920925,0.8578461538461538,1,82,1,16,97,82,43.34375,35.96875,1562.3125,17,77.8125,39.875,3124.1875,32,203.93939393939397,67.24242424242425,14475.272727272728,33,1,GERMINATED
pg7_6,9,0.8503769115941252,1.0,2.0615528128088303,0.629802171236575,5.737157399262571,16.282779833922447,23.5,54.0,510.0,334.5,58.597938144329895,23.85811141488013,33.0,99.0,65.0,72.0618556701031,36.38505823186037,41.0,159.0,115.0,5039.40206185567,4344.230705887422,1353.0,15741.0,14245.0,0.9697374122275774,0.0250259385668253,0.8931245745405038,1,85,1,13,97,85,34.125,42.09375,1436.6875,20,53.1875,53.75,2960.25,32,87.57575757575758,118.87878787878788,10549.09090909091,33,1,GERMINATED
pg7_7,0,0.0232923747656228,0.0,2.23606797749979,0.2270259866427434,0.2020197726006744,0.1010098863003372,2.0,1.0,263.0,420.5,36.0,0.0,36.0,36.0,0.0,30.97938144329897,0.2020197726006744,29.0,31.0,2.0,1115.2577319587629,7.2727118136242845,1044.0,1116.0,72.0,0.998331913685406,0.0162584942577378,0.8398637137989778,0,0,0,0,0,0,36.0,30.9375,1113.75,0,36.0,31.0,1116.0,0,36.0,31.0,1116.0,0,0,NON-GERMINATED
pg7_7,1,0.0557718954817675,0.0,3.3541019662496847,0.352836594390431,0.1515148294505059,0.5263792746894739,1.5,4.0,181.5,236.5,34.98969072164948,0.1010098863003372,34.0,35.0,1.0,32.54639175257732,1.035659245762834,29.0,33.0,4.0,1138.8247422680413,37.37274223343768,986.0,1155.0,169.0,0.9960782472898596,0.0259692090703964,0.7506561679790026,0,0,0,0,0,0,34.96875,31.625,1105.96875,0,35.0,33.0,1155.0,0,35.0,33.0,1155.0,0,0,NON-GERMINATED
pg7_7,2,0.0406783837286804,0.0,3.905124837953327,0.3964838404826721,0.3030296589010118,0.252524715750843,3.0,2.5,489.5,287.5,39.0,0.0,39.0,39.0,0.0,31.989690721649485,0.1010098863003372,31.0,32.0,1.0,1247.59793814433,3.939385565713154,1209.0,1248.0,39.0,0.9972797239915074,0.0265139708158948,0.7388535031847133,0,0,0,0,0,0,39.0,31.96875,1246.78125,0,39.0,32.0,1248.0,0,39.0,32.0,1248.0,0,0,NON-GERMINATED
pg7_7,3,0.0685535294800436,0.0,2.5,0.3153840203030195,0.7095824689657837,0.5611221921927124,3.5,2.0,441.5,400.0,39.28865979381443,0.9411416941053364,38.0,41.0,3.0,31.8659793814433,1.1180696359865432,30.0,33.0,1.0,1251.7319587628865,46.90778746678665,1140.0,1312.0,131.0,0.9954630518815628,0.0226552083239847,0.8131868131868132,1,76,1,22,97,76,38.625,31.03125,1197.9375,11,38.8125,32.71875,1269.78125,32,40.39393939393939,31.848484848484848,1286.3939393939395,33,1,GERMINATED
pg7_7,4,0.5577749620116679,0.5,2.9154759474226504,0.5116676249476306,8.280969145860038,3.61562574047207,32.5,15.0,385.0,381.5,53.23711340206186,19.56420737531305,36.0,108.0,69.0,35.02061855670103,6.818681708068232,30.0,57.0,27.0,1994.8762886597935,1267.5227910900132,1116.0,6156.0,4986.0,0.9725217930635196,0.0278677694772411,0.7985837922895358,1,66,1,32,97,66,39.78125,31.5,1253.84375,1,43.5625,31.375,1367.125,32,75.66666666666667,41.96969696969697,3322.181818181818,33,1,GERMINATED
pg7_7,5,0.5101691422297362,0.5,2.692582403567252,0.4361745976669304,2.512737241133685,6.496935517054512,8.0,20.5,193.0,349.0,50.68041237113402,9.03321065155191,39.0,64.0,24.0,57.422680412371136,23.208083843824493,37.0,113.0,75.0,3092.103092783505,1763.3763098075335,1480.0,7232.0,5712.0,0.9754999382265264,0.0246389664043843,0.8348623853211009,1,64,1,34,97,64,41.28125,39.21875,1620.5,0,48.6875,45.8125,2253.1875,31,61.72727272727273,86.33333333333333,5332.606060606061,33,1,GERMINATED
pg7_7,6,0.1970230579413864,0.0,1.5,0.2979699335605721,0.8175264232131684,2.41014524147923,2.5,10.0,324.0,283.0,42.422680412371136,2.246807822825332,40.0,47.0,7.0,38.23711340206186,3.024890543734263,33.0,42.0,8.0,1627.4742268041236,203.64275839587955,1320.0,1974.0,614.0,0.9889011589254556,0.0214639673181898,0.8411214953271028,1,51,1,47,97,51,40.40625,34.625,1399.625,0,41.5,38.625,1602.34375,18,45.27272727272727,41.36363636363637,1872.7878787878788,33,1,GERMINATED
pg7_7,7,0.1438284976936615,0.0,4.272001872658765,0.5078968365569112,0.4972557275509338,1.0964488229079568,1.5,7.0,254.0,177.0,37.618556701030926,1.2878760503293,35.0,39.0,3.0,37.103092783505154,2.726292509445992,33.0,42.0,8.0,1398.639175257732,142.91899411089597,1155.0,1596.0,406.0,0.9911121228111396,0.0328289610285125,0.7317073170731707,1,72,1,26,97,72,36.03125,33.90625,1221.9375,7,38.25,37.09375,1419.59375,32,38.54545454545455,40.21212121212121,1549.6666666666667,33,1,GERMINATED
pg7_7,8,0.6499335293657823,0.5,3.905124837953327,0.6688632700879938,9.448381898592338,3.32536156623294,38.5,10.0,349.5,145.0,69.88659793814433,33.343224875932535,41.0,153.0,112.0,48.08247422680412,19.0028050577742,30.0,82.0,52.0,3974.8453608247423,3423.0527833397523,1230.0,12546.0,11316.0,0.9705089490019017,0.035814456697238,0.732776617954071,1,73,1,25,97,73,41.96875,30.9375,1298.4375,8,55.9375,39.53125,2271.96875,32,110.48484848484848,73.0,8221.424242424242,33,1,GERMINATED
pg7_7,9,0.675847489248207,0.7071067811865476,3.0413812651491097,0.6446906270531845,4.922251290196705,7.277178580337745,16.5,30.5,383.0,159.5,50.16494845360825,20.32908657760641,33.0,98.0,62.0,84.4639175257732,44.4622072474229,39.0,168.0,129.0,5011.670103092783,4429.829920920377,1320.0,16464.0,15060.0,0.969246198972668,0.0308446150191164,0.812375249500998,1,70,1,28,97,70,35.59375,39.21875,1395.5,5,39.71875,73.84375,3004.34375,32,74.42424242424242,138.63636363636363,10464.757575757576,33,1,GERMINATED
pg7_8,0,1.3126595565719896,0.5,14.9164338901763,2.2385932834126496,13.636889959794136,6.814046965687121,69.0,21.5,449.0,183.5,54.48453608247423,17.828572805750188,37.0,92.0,47.0,72.05154639175258,46.54614629292176,36.0,195.0,159.0,4572.216494845361,4066.768957938684,1332.0,16544.0,15048.0,0.9470703311738496,0.0654952593704763,0.6643090315560392,1,67,1,31,97,67,37.3125,37.0,1380.71875,2,50.125,48.71875,2570.8125,32,75.36363636363636,128.66666666666666,9607.757575757576,33,1,GERMINATED
pg7_8,1,0.1014173747656228,0.0,2.23606797749979,0.2843595425319548,0.7872266474479381,0.5527734688022479,4.0,2.5,497.0,399.0,39.30927835051546,1.416841446813153,38.0,42.0,2.0,31.195876288659797,1.3820586412263005,30.0,33.0,3.0,1227.6288659793815,90.49819951363034,1140.0,1353.0,180.0,0.9932587985913104,0.0202780104678536,0.8446601941747572,0,0,0,0,0,0,38.0,30.0,1140.0,0,39.625,30.59375,1213.25,0,40.27272727272727,32.93939393939394,1326.5454545454545,0,0,NON-GERMINATED
pg7_8,2,0.5644681356003852,0.25,3.5355339059327378,0.742406486069789,6.751955586392781,2.191843254420868,29.0,9.5,379.5,338.0,48.37113402061856,19.715146507362828,35.0,101.0,65.0,41.608247422680414,3.9678000371311946,35.0,48.0,13.0,2068.721649484536,1023.8488405493198,1260.0,4848.0,3588.0,0.9742705957861368,0.0420130543946975,0.7610062893081762,1,74,1,24,97,74,35.59375,37.1875,1325.21875,9,38.4375,41.4375,1593.5625,32,70.39393939393939,46.06060606060606,3250.454545454545,33,1,GERMINATED
pg7_8,3,1.3137699258205793,1.118033988749895,11.543396380615196,1.4739220067593093,26.518990963251262,5.467164955986575,85.5,21.5,417.0,497.5,80.9381443298969,56.60239593358631,37.0,214.0,175.0,54.8041237113402,23.50636640030781,33.0,97.0,62.0,5683.639175257732,6047.084687708695,1258.0,20758.0,19393.0,0.9567051536141864,0.061698107937198,0.4969046636401155,1,79,1,19,97,79,38.8125,34.65625,1344.96875,14,51.5625,43.09375,2329.53125,32,150.27272727272728,85.6969696969697,13143.30303030303,33,1,GERMINATED
pg7_8,4,1.3148590827791409,1.118033988749895,7.566372975210778,1.1716262597062244,27.32330844142697,4.841394516136636,88.5,13.5,351.5,388.0,104.6701030927835,69.36749909660291,35.0,249.0,214.0,42.381443298969074,5.350485668232394,35.0,60.0,23.0,4761.041237113402,3636.883201448723,1295.0,14940.0,13645.0,0.9604983521247896,0.0556839878033725,0.6018835616438356,1,84,1,14,97,84,41.625,36.34375,1514.34375,19,78.875,42.71875,3423.71875,32,190.8181818181818,47.90909090909091,9206.151515151516,33,1,GERMINATED
pg7_8,5,0.5829228441582365,0.5,3.8078865529319534,0.626076505781686,2.050445231079926,6.358890414167727,9.0,27.0,135.0,387.5,41.896907216494846,8.765542350746554,33.0,66.0,33.0,71.03092783505154,32.693974225926006,37.0,141.0,104.0,3258.701030927835,2254.4563436586777,1221.0,9306.0,8085.0,0.9718185962405674,0.033927250651361,0.7545887151597552,1,73,1,25,97,73,34.28125,42.5,1458.53125,8,38.5625,57.03125,2220.875,32,52.51515151515152,112.27272727272728,6010.69696969697,33,1,GERMINATED
pg7_8,6,1.1331783713569017,0.8535533905932737,12.010412149464312,1.5569971457977223,11.703501260643815,17.402083231530334,31.5,66.5,202.0,297.0,57.97938144329897,17.08799505135461,42.0,102.0,60.0,92.47422680412372,63.75033337830844,35.0,241.0,206.0,6444.927835051546,6323.158347664368,1470.0,24582.0,23112.0,0.9609436390362004,0.0482715857035556,0.6609263657957245,1,81,1,17,97,81,42.84375,37.96875,1628.625,16,51.21875,65.71875,3470.0625,32,79.21212121212122,171.27272727272728,14000.0,33,1,GERMINATED
pg7_8,7,1.3169966304377725,1.266123775561495,12.589678312014172,1.6645504524492152,20.511250409148527,3.439222230142277,70.5,16.5,328.5,204.5,95.30927835051548,64.60416520112997,41.0,227.0,183.0,47.58762886597938,9.9106862842664,36.0,77.0,41.0,5161.072164948454,4544.7630272846645,1584.0,17479.0,15895.0,0.9565440566484456,0.0659208606609061,0.5361772330897949,1,71,1,27,97,71,41.71875,38.9375,1624.40625,6,63.09375,43.625,2822.09375,32,178.5151515151515,59.81818181818182,10858.666666666666,33,1,GERMINATED
pg7_8,8,0.0585740169335173,0.0,4.123105625617661,0.4259869926108136,0.4040395452013489,0.5263287947780954,4.0,1.5,136.5,166.0,39.0,0.0,39.0,39.0,0.0,32.70103092783505,1.066499703516213,31.0,34.0,3.0,1275.340206185567,41.59348843713231,1209.0,1326.0,117.0,0.9966310319233356,0.024088843897153,0.7675438596491229,1,43,1,55,97,43,39.0,31.5,1228.5,0,39.0,32.6875,1274.8125,10,39.0,33.878787878787875,1321.2727272727273,33,1,GERMINATED
pg7_8,9,0.0708454440991803,0.0,4.301162633521313,0.4480067965076607,0.325028510730607,0.3842194877027674,3.5,2.5,201.5,134.0,39.68041237113402,1.089276613762663,34.0,40.0,6.0,38.74226804123711,0.8999238285688741,34.0,39.0,5.0,1538.278350515464,74.12551938491444,1156.0,1560.0,404.0,0.994581614111532,0.0311198456720209,0.7141828653707704,0,0,0,0,0,0,39.03125,38.21875,1494.15625,0,40.0,39.0,1560.0,0,40.0,39.0,1560.0,0,0,NON-GERMINATED
pg7_9,0,0.2664968490359232,0.0,6.519202405202649,0.7301685395308339,2.602495593434971,0.8626285194618889,10.0,5.5,347.5,496.5,31.7319587628866,2.161115900742908,28.0,37.0,8.0,39.577319587628864,6.406882657947554,33.0,59.0,26.0,1268.8247422680413,307.5320454447781,957.0,2183.0,1226.0,0.983243980388882,0.0430902573908119,0.6289156626506024,1,58,1,40,97,58,30.46875,34.84375,1062.3125,0,30.78125,37.9375,1168.25,25,33.878787878787875,45.75757575757576,1566.6060606060605,33,1,GERMINATED
pg7_9,1,0.3338034257181441,0.5,2.23606797749979,0.3826065511446863,1.959942672372894,1.9998405718155008,7.0,7.5,382.0,417.5,45.597938144329895,12.112581678734262,28.0,71.0,43.0,44.92783505154639,7.682148838503177,36.0,67.0,30.0,2123.6701030927834,951.037141096682,1036.0,4757.0,3721.0,0.9772726091143298,0.0331035549548844,0.7899686520376176,1,45,1,53,97,45,32.78125,41.5,1361.375,0,43.34375,39.59375,1713.375,12,60.21212121212121,53.42424242424242,3260.7272727272725,33,1,GERMINATED
pg7_9,2,0.3041845458202714,0.25,2.549509756796392,0.3834776335295822,2.411038049147994,3.6712684932973474,9.5,12.0,439.0,355.5,48.45360824742268,4.641854896208816,43.0,61.0,16.0,37.41237113402062,10.295382387334373,29.0,63.0,32.0,1855.958762886598,710.5995133706421,1247.0,3843.0,2448.0,0.9825191741080184,0.0227822043405203,0.865979381443299,1,75,1,23,97,75,43.8125,30.125,1319.84375,10,47.8125,31.75,1519.9375,32,53.57575757575758,49.96969696969697,2701.6666666666665,33,1,GERMINATED
pg7_9,3,0.1636156956373598,0.0,1.5,0.2782023918081394,2.511129441158278,0.3920237802439493,8.5,1.5,236.5,466.5,38.34020618556701,3.418827790726253,32.0,43.0,10.0,37.93814432989691,0.7840475604878986,36.0,39.0,2.0,1453.618556701031,121.96555566655246,1184.0,1634.0,446.0,0.9910421290772156,0.0154718859784625,0.9166666666666666,1,65,1,33,97,65,34.5625,38.4375,1329.375,0,38.1875,37.625,1435.59375,32,42.15151515151515,37.75757575757576,1591.5757575757575,33,1,GERMINATED
pg7_9,4,0.7390551192367457,0.5,6.5,1.2709271670962474,11.025126135927174,3.718542553255793,31.0,16.5,444.5,258.0,40.43298969072165,3.663436549253881,36.0,49.0,9.0,34.72164948453608,9.340900272337644,26.0,54.0,21.0,1433.8865979381444,519.8165789966363,962.0,2646.0,1188.0,0.9557252812287952,0.0698043652210691,0.7064935064935065,1,74,1,24,97,74,37.21875,26.71875,994.25,9,39.78125,30.15625,1201.75,32,44.18181818181818,46.90909090909091,2085.3030303030305,33,1,GERMINATED
pg7_9,5,0.4516005131825976,0.5,1.8027756377319943,0.3773740096507458,1.3476596862051304,3.747036239806213,6.5,16.0,386.0,180.5,48.98969072164948,13.287847983328913,34.0,74.0,40.0,47.83505154639175,12.973152620503187,32.0,70.0,35.0,2507.381443298969,1326.6152142448684,1088.0,5037.0,3870.0,0.9741994328875851,0.0271232427285848,0.872954014029618,1,65,1,33,97,65,36.5,34.21875,1251.28125,0,44.8125,44.84375,2038.28125,32,65.15151515151516,63.93939393939394,4180.30303030303,33,1,GERMINATED
pg7_9,6,0.3646677768733486,0.0,4.031128874149275,0.7051423585656893,1.4519988165595958,4.325335103070362,6.5,14.5,340.0,240.0,39.876288659793815,11.08473244794157,30.0,60.0,25.0,40.618556701030926,3.756625210003584,35.0,47.0,11.0,1639.505154639175,558.708823039785,1050.0,2820.0,1560.0,0.9746212016766403,0.052458415856808,0.7191780821917808,1,65,1,33,97,65,34.34375,36.25,1244.15625,0,31.96875,41.25,1320.0625,32,52.90909090909091,44.24242424242424,2332.6363636363635,33,1,GERMINATED
pg7_9,7,0.4757873465913352,0.5,6.946221994724902,0.8869313581991054,1.8598892471000448,3.545245259415791,11.5,12.5,281.0,304.0,47.83505154639175,12.67815753986321,38.0,80.0,41.0,35.71134020618557,5.454514375251638,31.0,53.0,22.0,1775.4742268041236,787.6547086492861,1178.0,4240.0,3031.0,0.9729022997488538,0.0472660306525983,0.6566811194324005,1,77,1,21,97,77,38.15625,31.09375,1186.5,12,41.25,33.5,1383.28125,32,63.60606060606061,42.333333333333336,2726.909090909091,33,1,GERMINATED
pg7_9,8,0.1446872910161981,0.0,2.5,0.3783227297141873,1.226869096434217,1.7275194702329726,6.5,5.0,187.0,321.0,37.52577319587629,1.9482626863315025,35.0,43.0,7.0,34.71134020618557,3.455038940465945,32.0,42.0,10.0,1308.3505154639174,199.23508578297847,1152.0,1806.0,654.0,0.9915834775313868,0.0220038697922337,0.8697042366107114,1,53,1,45,97,53,36.96875,32.0,1183.0,0,36.0625,32.90625,1186.40625,20,39.48484848484848,39.09090909090909,1548.1515151515152,33,1,GERMINATED
pg7_9,9,0.3335309389796561,0.25,2.0615528128088303,0.3962149409222419,2.521983270639916,2.6967976584827738,10.0,10.0,225.5,188.5,44.02061855670103,13.58742549477827,33.0,70.0,33.0,40.7319587628866,6.249973961046832,34.0,54.0,18.0,1872.8247422680413,883.6872961211814,1122.0,3780.0,2448.0,0.9796734912171424,0.0246250246231418,0.8737517831669044,1,73,1,25,97,73,34.1875,34.8125,1190.4375,8,35.78125,38.5,1381.0625,32,61.54545454545455,48.63636363636363,3011.3939393939395,33,1,GERMINATED
pg8_1,0,0.7300891724674674,0.7071067811865476,3.3541019662496847,0.6909315935115684,6.275827705684226,5.55981302601623,19.5,20.0,276.0,179.0,62.49484536082474,26.43339176560244,42.0,117.0,75.0,46.43298969072165,21.60369728594099,32.0,105.0,73.0,3450.9896907216494,3175.5617848466204,1344.0,12285.0,10941.0,0.96338042794353,0.0376888080444534,0.7884393063583816,1,69,1,29,97,69,42.03125,32.09375,1348.9375,4,47.34375,34.40625,1645.8125,32,97.03030303030305,72.0,7239.818181818182,33,1,GERMINATED
pg8_1,1,0.127493274294891,0.0,1.118033988749895,0.2434467053441081,1.7865863379377245,0.7269320644867708,6.5,3.0,350.0,213.5,42.63917525773196,3.2655198572902444,39.0,51.0,11.0,37.2680412371134,1.7849049985838474,33.0,41.0,8.0,1593.8041237113405,190.93279646645348,1320.0,2091.0,771.0,0.992894106610382,0.0140968649144942,0.9276967930029154,1,61,1,37,97,61,39.5625,35.21875,1393.53125,0,41.71875,37.75,1575.09375,28,46.51515151515152,38.78787878787879,1806.1515151515152,33,1,GERMINATED
pg8_1,2,0.5635877058383513,0.5,5.1478150704935,0.8401228468669709,6.8707608501847535,2.630613932732915,24.0,12.0,218.0,214.0,60.154639175257735,18.483394724452232,42.0,99.0,51.0,51.77319587628866,26.06751944851573,33.0,125.0,92.0,3572.5154639175257,2975.8007814700877,1386.0,11625.0,10239.0,0.9706154472648012,0.0317433560214651,0.8503092033466715,1,63,1,35,97,63,43.96875,33.5,1473.21875,0,51.8125,37.46875,1966.90625,30,83.93939393939394,83.36363636363636,7165.151515151515,33,1,GERMINATED
pg8_1,3,0.5983961642423444,0.5,2.23606797749979,0.5436615343698527,9.59318650582432,2.4980808873783924,36.5,8.0,210.5,237.5,67.6082474226804,32.54578272552578,35.0,133.0,98.0,39.51546391752577,1.9954246741336423,36.0,45.0,9.0,2714.835051546392,1395.9428745025643,1260.0,5985.0,4725.0,0.9751016026695644,0.0329044607956605,0.8213879408418657,1,82,1,16,97,82,35.78125,37.4375,1339.90625,17,58.375,40.21875,2354.375,32,107.42424242424242,40.84848484848485,4397.636363636364,33,1,GERMINATED
pg8_1,4,0.4259793685240103,0.5,2.0,0.4516173648771182,2.173852577864964,3.253667698357974,6.5,19.5,312.0,333.5,38.876288659793815,3.026541464487667,36.0,46.0,7.0,59.83505154639175,27.482958323172184,36.0,131.0,95.0,2401.1546391752577,1340.313552638223,1404.0,6026.0,4622.0,0.97915806650544,0.0211047711894568,0.9240180296200902,1,59,1,39,97,59,37.84375,37.9375,1434.75,0,36.625,46.75,1713.5625,26,42.06060606060606,93.75757575757576,4005.030303030303,33,1,GERMINATED
pg8_1,5,0.1127961158827728,0.0,0.7071067811865476,0.2231076785809042,0.396471845835658,1.4421755568971026,2.0,4.5,384.5,357.0,38.11340206185567,2.543948909636573,33.0,42.0,9.0,35.52577319587629,3.621507299981269,30.0,41.0,11.0,1363.0618556701031,228.56936570057388,990.0,1722.0,732.0,0.9930846775395268,0.014501445980409,0.9392789373814042,1,71,1,27,97,71,35.4375,31.84375,1129.15625,6,37.90625,34.875,1325.5625,32,40.90909090909091,39.72727272727273,1626.2424242424242,33,1,GERMINATED
pg8_1,6,0.0520833333333333,0.0,0.5,0.1527383156105748,0.728976063078915,0.6292461247507765,2.0,3.0,432.0,367.5,38.47422680412371,1.45795212615783,36.0,40.0,4.0,30.288659793814432,0.6880236582871581,29.0,31.0,2.0,1166.2371134020618,68.6456271567973,1044.0,1240.0,196.0,0.9968447023612028,0.009323924612459,0.9666666666666668,3,58,1,38,97,56,36.6875,29.59375,1085.9375,0,38.6875,30.25,1170.46875,25,40.0,31.0,1240.0,33,1,GERMINATED
pg8_1,7,0.779705943919487,0.5,5.220153254455275,0.7664014228957445,14.838939404436154,5.481371655123956,52.0,17.0,286.0,363.0,70.84536082474227,38.386622510405935,38.0,162.0,123.0,39.23711340206186,3.326783517869601,37.0,50.0,12.0,2879.2474226804125,1865.3657723232764,1406.0,8100.0,6618.0,0.97091313340484,0.0371411069460004,0.6927803379416283,1,72,1,26,97,72,38.875,37.9375,1474.875,7,54.03125,37.84375,2037.84375,32,118.15151515151516,41.84848484848485,5056.969696969697,33,1,GERMINATED
pg8_1,8,1.092250922725645,0.7071067811865476,6.670832032063167,1.1590712899292737,5.703817294141197,20.499894366563957,22.5,78.0,181.5,394.5,53.39175257731959,20.043538538258616,36.0,99.0,63.0,90.90721649484536,59.37875674048686,40.0,241.0,201.0,6040.216494845361,6161.632152943043,1440.0,23859.0,22419.0,0.9639662672873583,0.0263315826734623,0.8853754940711462,1,79,1,19,97,79,38.03125,43.125,1640.5625,14,42.34375,61.75,2720.25,32,79.0,165.5151515151515,13525.90909090909,33,1,GERMINATED
pg8_1,9,0.0990612751970681,0.0,1.8027756377319943,0.2563351265231982,0.975793754310416,0.5690217368961061,4.0,2.0,292.0,391.5,41.2680412371134,1.020566488310481,37.0,43.0,5.0,32.76288659793814,1.9091380679242933,29.0,35.0,6.0,1352.7835051546392,96.05531340365673,1073.0,1470.0,397.0,0.9941601960088564,0.0170358620621579,0.8649544324772163,1,62,1,36,97,62,40.78125,30.53125,1244.875,0,41.09375,32.75,1345.65625,29,41.90909090909091,34.93939393939394,1464.3333333333333,33,1,GERMINATED
pg8_1,10,0.3308698195444707,0.0,1.8027756377319943,0.4175875108061496,5.434578886883081,2.105857794257089,16.5,7.5,242.5,393.5,50.845360824742265,22.31930430048021,35.0,111.0,75.0,41.90721649484536,7.376589431000098,34.0,64.0,30.0,2293.01030927835,1516.096360773764,1224.0,7104.0,5880.0,0.9792768773614052,0.0243787581011459,0.8882415254237288,1,71,1,27,97,71,35.5625,36.3125,1291.15625,6,38.15625,38.1875,1462.78125,32,77.96969696969697,50.93939393939394,4069.5757575757575,33,1,GERMINATED
pg8_1,11,0.8615296131338065,0.7071067811865476,3.0413812651491097,0.7125775225850965,7.953168938432526,14.402475106425282,22.0,57.5,327.5,457.0,54.597938144329895,15.336540688331043,38.0,81.0,43.0,77.83505154639175,49.439472608447865,31.0,191.0,157.0,4993.8247422680415,4375.624479756168,1209.0,15471.0,14179.0,0.9688783342489452,0.0263133350196894,0.890400604686319,3,90,1,4,97,86,39.90625,32.28125,1288.78125,25,48.78125,60.4375,3039.78125,32,74.48484848484848,138.87878787878788,10481.424242424242,33,1,GERMINATED
