group,track_id,total_frames,mean_match_cost,max_match_cost,mean_movement,median_movement,max_movement,mean_center_x,mean_center_y,mean_width,mean_height,max_width,min_width,max_height,min_height,duration_hours,width_change,height_change,width_growth_ratio,height_growth_ratio,class_transition_count,movement_std,jumps_gt_010,jumps_gt_020,jumps_gt_030,rotation_0_count,rotation_90_count,rotation_180_count,rotation_270_count
zm1_1,1,72,0.0007490170611418458,0.0157536268556005,7.599300129925557e-05,0.0,0.0011331839442092,0.5889089209401709,0.2576455662393162,0.10352118945868945,0.1203926282051282,0.10416666666666667,0.09615384615384616,0.12179487179487179,0.1201923076923077,,0.008012820512820512,-0.0016025641025640969,1.0833333333333333,0.986842105263158,0,0.0002560552239673018,0,0,0,,,,
zm1_1,2,72,0.0003037197610073222,0.008235294117647,3.338675213675e-05,0.0,0.000801282051282,0.3366608796296297,0.266025641025641,0.1403356481481481,0.11538461538461539,0.14102564102564102,0.1330128205128205,0.11538461538461539,0.11538461538461539,,0.008012820512820512,0.0,1.0602409638554218,1.0,0,0.00016011723835845413,0,0,0,,,,
zm1_1,3,72,0.0006841197955004459,0.0090162448156956,0.00010477000492312778,0.0,0.0011331839442092,0.7003984152421653,0.364638977920228,0.14986200142450143,0.1200810185185185,0.15064102564102563,0.14743589743589744,0.12179487179487179,0.11217948717948718,,0.0016025641025640969,0.008012820512820512,1.0108695652173914,1.0714285714285714,1,0.00027963773623685404,0,0,0,,,,
zm1_1,4,72,0.0004552209238607042,0.0051874999999999,7.790242165241666e-05,0.0,0.000801282051282,0.4393028846153845,0.4310229700854701,0.12428774928774929,0.15397970085470084,0.125,0.11858974358974358,0.15705128205128205,0.15224358974358973,,0.006410256410256415,0.004807692307692318,1.0540540540540542,1.0315789473684212,1,0.00023738792075877135,0,0,0,,,,
zm1_1,5,72,0.0010676004393757486,0.0055932971014492,0.0001780626780626667,0.0,0.000801282051282,0.31399127492877493,0.4584891381766383,0.1441417378917379,0.11680911680911682,0.15064102564102563,0.1346153846153846,0.11858974358974358,0.10897435897435898,,0.016025641025641024,0.009615384615384609,1.119047619047619,1.088235294117647,1,0.00033312476734096325,0,0,0,,,,
zm1_1,6,72,0.0007453050088529861,0.0134494811857672,0.0001185261033194486,0.0,0.0017917211358171,0.5242832977207978,0.5741185897435899,0.14912749287749286,0.12860576923076922,0.15064102564102563,0.14262820512820512,0.12980769230769232,0.1282051282051282,,0.008012820512820512,-0.0016025641025641246,1.0561797752808988,0.9876543209876542,0,0.00033285911024768524,0,0,0,,,,
zm1_1,7,72,0.0006712045149495125,0.0095994458179166,0.00010477000492312778,0.0,0.0011331839442092,0.7839431980056979,0.5993255876068376,0.11502849002849007,0.1499065170940171,0.11698717948717949,0.10897435897435898,0.15224358974358973,0.14423076923076922,,0.008012820512820512,0.008012820512820512,1.0735294117647058,1.0555555555555556,0,0.00027963773623685393,0,0,0,,,,
zm1_1,8,72,0.0006539275724267236,0.0058238636363636,0.00010016025641025001,0.0,0.000801282051282,0.2953058226495726,0.601273148148148,0.1312099358974359,0.10576923076923075,0.13141025641025642,0.12980769230769232,0.10737179487179487,0.10416666666666667,,0.0016025641025640969,0.0,1.0123456790123457,1.0,0,0.0002649991297139848,0,0,0,,,,
zm1_1,9,72,0.0005444461265899667,0.0060763888888889,8.903133903133334e-05,0.0,0.000801282051282,0.6235421118233619,0.7525151353276353,0.1022747507122507,0.14213853276353272,0.10256410256410256,0.09935897435897435,0.14423076923076922,0.1346153846153846,,0.0032051282051282076,0.009615384615384609,1.032258064516129,1.0714285714285714,1,0.0002518186542686973,0,0,0,,,,
zm1_1,10,72,0.004696730551734557,0.0253993339248101,0.0007146261948702236,0.000801282051282,0.0028890635220064,0.5233373397435899,0.7985554665242165,0.14336271367521367,0.1395343660968661,0.1907051282051282,0.1282051282051282,0.1858974358974359,0.1282051282051282,,0.0625,0.05769230769230771,1.4875,1.4500000000000002,1,0.0008640966657620147,0,0,0,,,,
zm1_10,1,72,0.0008818707603269028,0.0148808349544973,0.00012965502069836666,0.0,0.0017917211358171,0.5589053596866097,0.20677528490028488,0.1255119301994302,0.13310185185185183,0.1266025641025641,0.11538461538461539,0.1362179487179487,0.1266025641025641,,0.011217948717948706,0.009615384615384609,1.097222222222222,1.0759493670886076,0,0.00036713131886078937,0,0,0,,,,
zm1_10,2,72,0.0007328819498488236,0.0055932971014492,0.00012241809116808334,0.0,0.000801282051282,0.2907986111111111,0.27630876068376076,0.11044337606837609,0.13728632478632477,0.11057692307692307,0.10897435897435898,0.14102564102564102,0.125,,0.0016025641025640969,0.016025641025641024,1.0147058823529411,1.1282051282051282,0,0.0002882797775771854,0,0,0,,,,
zm1_10,3,72,0.0007182085719930737,0.0102521929824561,0.00011128917378916805,0.0,0.0016025641025641,0.42522480413105407,0.3955551103988604,0.10685986467236466,0.12159455128205127,0.10737179487179487,0.10576923076923077,0.1266025641025641,0.11858974358974358,,0.0016025641025640969,0.0048076923076923045,1.0151515151515151,1.0394736842105263,1,0.00030760939639166366,0,0,0,,,,
zm1_10,4,72,0.0012191585556902652,0.0097916666666666,0.00018919159544158472,0.0,0.0016025641025641,0.6908386752136753,0.4078525641025641,0.12816061253561253,0.11391559829059829,0.1330128205128205,0.125,0.11858974358974358,0.10576923076923077,,0.008012820512820512,0.012820512820512817,1.064102564102564,1.121212121212121,1,0.0003655641850439824,0,0,0,,,,
zm1_10,5,72,0.001647434884041032,0.015278616411798,0.0002409441944875375,0.0,0.0017917211358171,0.8775819088319087,0.5343994836182335,0.10857371794871798,0.12586805555555555,0.11057692307692307,0.10256410256410256,0.12980769230769232,0.12179487179487179,,0.006410256410256415,0.008012820512820526,1.0625,1.0657894736842106,0,0.00048602484788160905,0,0,0,,,,
zm1_10,6,72,0.0005355722524934793,0.0119791666666666,7.790242165241805e-05,0.0,0.0016025641025641,0.22208867521367523,0.5587161680911682,0.14236111111111105,0.10389957264957264,0.14423076923076922,0.14102564102564102,0.10576923076923077,0.10096153846153846,,0.0032051282051281937,0.0048076923076923045,1.0227272727272727,1.0476190476190477,1,0.0002723744268723287,0,0,0,,,,
zm1_10,7,72,0.00042138735947966116,0.005250563063063,6.67735042735e-05,0.0,0.000801282051282,0.38806534900284906,0.5727163461538461,0.11925747863247861,0.1326121794871795,0.1201923076923077,0.11698717948717949,0.1330128205128205,0.12980769230769232,,0.0032051282051282076,0.0032051282051281937,1.0273972602739727,1.0246913580246912,0,0.00022146265961239212,0,0,0,,,,
zm1_10,8,72,0.0006967158170438736,0.0107692307692307,7.790242165241666e-05,0.0,0.000801282051282,0.6207487535612537,0.5955528846153845,0.11133368945868947,0.10723824786324787,0.11378205128205128,0.10897435897435898,0.10897435897435898,0.10096153846153846,,0.0032051282051282076,0.008012820512820512,1.028985507246377,1.0793650793650793,0,0.0002373879207587715,0,0,0,,,,
zm1_10,9,72,0.0007500597518573901,0.0157516891891892,0.0001224180911680861,0.0,0.0024038461538461,0.4415731837606837,0.7394386574074073,0.13928952991452992,0.11999198717948717,0.14423076923076922,0.1362179487179487,0.1201923076923077,0.11378205128205128,,0.008012820512820512,0.006410256410256415,1.0588235294117647,1.0563380281690142,0,0.0003929942036816463,0,0,0,,,,
zm1_10,10,72,0.0009401606371744002,0.0104171305298442,0.00012702783968096112,0.0,0.0011331839442092,0.6974269943019942,0.7811275819088319,0.12580128205128205,0.10129540598290596,0.1266025641025641,0.12179487179487179,0.10416666666666667,0.09294871794871795,,0.0048076923076923045,0.01121794871794872,1.0394736842105263,1.1206896551724137,0,0.00030145107214456045,0,0,0,,,,
zm1_11,1,72,0.0009900984259609486,0.0105867416633512,0.00014276650557275554,0.0,0.0011331839442092,0.6123686787749288,0.19135060541310545,0.12858351139601135,0.10398860398860398,0.1346153846153846,0.11698717948717949,0.10576923076923077,0.10256410256410256,,0.01762820512820512,-0.0016025641025640969,1.1506849315068493,0.9848484848484849,1,0.0003232048101893223,0,0,0,,,,
zm1_11,2,72,0.0005408849707327513,0.0096261820678063,8.251217016529444e-05,0.0,0.0011331839442092,0.420105502136752,0.26120681980056987,0.11789975071225071,0.13178863960113957,0.11858974358974358,0.11538461538461539,0.1330128205128205,0.1266025641025641,,0.0032051282051281937,0.006410256410256415,1.0277777777777777,1.0506329113924051,0,0.00025402943873107595,0,0,0,,,,
zm1_11,3,72,0.0006080847508164126,0.005126096491228,0.00010016025641025001,0.0,0.000801282051282,0.691829148860399,0.3265669515669516,0.12404291310541311,0.13368055555555555,0.125,0.1201923076923077,0.1346153846153846,0.12980769230769232,,0.0048076923076923045,0.0032051282051281937,1.04,1.024390243902439,0,0.0002649991297139848,0,0,0,,,,
zm1_11,4,72,0.0011006948079831625,0.0106861663379295,0.00015389542295167222,0.0,0.0011331839442092,0.3172965633903134,0.37851673789173784,0.10133992165242163,0.13430377492877488,0.10256410256410256,0.09775641025641026,0.1362179487179487,0.1266025641025641,,0.0048076923076923045,0.009615384615384609,1.0491803278688525,1.0759493670886076,1,0.00033177887965243306,0,0,0,,,,
zm1_11,5,72,0.0016238517670298528,0.0195650732124676,0.00022988842425092918,0.0,0.0022663678884184,0.2327056623931624,0.47202190170940167,0.11618589743589745,0.1239761396011396,0.1201923076923077,0.11057692307692307,0.12980769230769232,0.11858974358974358,,0.009615384615384623,0.011217948717948734,1.0869565217391306,1.0945945945945947,1,0.00045360331020320184,0,0,0,,,,
zm1_11,6,72,0.000908575906137029,0.0093333333333333,0.00012241809116808334,0.0,0.000801282051282,0.7967191951566952,0.4723446403133903,0.1272702991452991,0.11887909544159544,0.12980769230769232,0.1233974358974359,0.1233974358974359,0.11538461538461539,,0.006410256410256415,-0.0016025641025641107,1.051948051948052,0.9870129870129869,1,0.0002882797775771854,0,0,0,,,,
zm1_11,7,72,0.00162066270541005,0.014493161939287,0.00024357137550493608,0.0,0.0017917211358171,0.5402644230769229,0.5083133012820512,0.10919693732193732,0.14469818376068375,0.11217948717948718,0.10096153846153846,0.14903846153846154,0.1362179487179487,,0.01121794871794872,0.011217948717948734,1.1111111111111112,1.0823529411764707,0,0.00043630291532440797,0,0,0,,,,
zm1_11,8,72,0.0009418862867219514,0.0108538716165219,0.0001251184193278,0.0,0.0011331839442092,0.7315148682336182,0.5933938746438747,0.10405537749287747,0.13221153846153844,0.10576923076923077,0.09775641025641026,0.1346153846153846,0.12179487179487179,,0.008012820512820512,0.012820512820512817,1.0819672131147542,1.1052631578947367,0,0.0003166569181969028,0,0,0,,,,
zm1_11,9,72,0.0015642661424957306,0.0184116390680944,0.00024473273665546525,0.0,0.0025338763302631,0.3486133368945869,0.6646745904558403,0.1321002492877493,0.13445957977207976,0.1346153846153846,0.1282051282051282,0.1362179487179487,0.1282051282051282,,0.0032051282051281937,0.006410256410256415,1.0246913580246912,1.05,1,0.00045566208969688015,0,0,0,,,,
zm1_11,10,72,0.001058637506420068,0.0114894278606965,0.0001558048433048347,0.0,0.0016025641025641,0.5812856125356125,0.7089009081196581,0.10576923076923075,0.1364627849002849,0.10737179487179487,0.10416666666666667,0.13782051282051283,0.1346153846153846,,0.0,0.0,1.0,1.0,0,0.0003440977749674941,0,0,0,,,,
zm1_12,1,72,0.0025463158956298792,0.0209250364061227,0.0003168337501060861,0.0,0.0025338763302631,0.5232037927350428,0.2664707977207977,0.1466568732193732,0.09878027065527065,0.15224358974358973,0.14102564102564102,0.11057692307692307,0.09134615384615384,,0.011217948717948706,0.019230769230769232,1.0795454545454544,1.2105263157894737,1,0.0005801457233696822,0,0,0,,,,
zm1_12,2,72,0.0007752738344631014,0.0107692307692307,7.138325278637777e-05,0.0,0.0011331839442092,0.3165064102564102,0.27913550569800566,0.1378650284900285,0.10710470085470086,0.13942307692307693,0.13141025641025642,0.10897435897435898,0.09935897435897435,,0.008012820512820512,0.009615384615384623,1.0609756097560976,1.0967741935483872,0,0.0002394289945748464,0,0,0,,,,
zm1_12,3,72,0.008932322570387338,0.0587427031086348,0.0012856773616815292,0.000801282051282,0.0085177450422553,0.6757478632478633,0.36077724358974356,0.1627047720797721,0.11093304843304844,0.20032051282051283,0.14743589743589744,0.12179487179487179,0.10576923076923077,,0.05288461538461539,0.016025641025641024,1.358695652173913,1.1515151515151516,1,0.0019709744305496284,0,0,0,,,,
zm1_12,4,72,0.001039999883388375,0.0099099566605101,0.00017615325770950556,0.0,0.0011331839442092,0.30424234330484334,0.42994346509971515,0.1565616096866097,0.10347667378917379,0.16666666666666666,0.14423076923076922,0.10416666666666667,0.09935897435897435,,0.02243589743589744,0.004807692307692318,1.1555555555555557,1.0483870967741937,1,0.0003472259487409868,0,0,0,,,,
zm1_12,5,72,0.0006835405722998389,0.0059054487179486,0.00011128917378916668,0.0,0.000801282051282,0.7351095085470087,0.5196314102564101,0.10483440170940168,0.14765847578347577,0.10737179487179487,0.10256410256410256,0.15224358974358973,0.14262820512820512,,0.0032051282051281937,0.009615384615384609,1.0307692307692307,1.0674157303370786,1,0.00027710780800364903,0,0,0,,,,
zm1_12,6,72,0.00011627375730994028,0.0042050438596491,2.2257834757833333e-05,0.0,0.000801282051282,0.5559450676638177,0.5448717948717948,0.153556801994302,0.10256410256410255,0.15384615384615385,0.15064102564102563,0.10256410256410256,0.10256410256410256,,0.0032051282051282215,0.0,1.021276595744681,1.0,0,0.00013167912622639004,0,0,0,,,,
zm1_12,7,72,0.0011417010278823444,0.0096104582696958,0.0001761532577095069,0.0,0.0016025641025641,0.3761907941595441,0.6174879807692308,0.1342815170940171,0.12395388176638177,0.1362179487179487,0.1282051282051282,0.1266025641025641,0.11858974358974358,,0.004807692307692318,0.006410256410256401,1.0375,1.0533333333333332,0,0.0003720223957921548,0,0,0,,,,
zm1_12,8,72,0.001387347605686525,0.0093303195637359,0.0002252786757380514,0.0,0.0016025641025641,0.7744057158119658,0.6453881766381767,0.1588541666666667,0.11769943019943023,0.16506410256410256,0.15224358974358973,0.1266025641025641,0.11057692307692307,,0.01282051282051283,0.016025641025641024,1.0842105263157895,1.144927536231884,1,0.000404063312068728,0,0,0,,,,
zm1_12,9,72,0.001171311699356139,0.0123319892473118,0.00016693376068375136,0.0,0.0016025641025641,0.5444822827635326,0.763299056267806,0.13637375356125356,0.09880252849002849,0.13782051282051283,0.1282051282051282,0.09935897435897435,0.09615384615384616,,0.009615384615384637,0.0016025641025640969,1.0750000000000002,1.0163934426229508,0,0.0003517512604451192,0,0,0,,,,
zm1_12,10,72,0.0006551532671162833,0.0086419753086419,8.903133903133334e-05,0.0,0.000801282051282,0.29650774572649574,0.7623085826210826,0.13054220085470086,0.13136574074074073,0.13141025641025642,0.1282051282051282,0.1330128205128205,0.125,,0.0016025641025640969,0.008012820512820512,1.0123456790123457,1.064102564102564,0,0.0002518186542686973,0,0,0,,,,
zm1_2,1,72,0.00038636760213434443,0.0060763888888889,5.564458689458334e-05,0.0,0.000801282051282,0.46116007834757844,0.35117298789173784,0.10180733618233617,0.12778222934472933,0.10416666666666667,0.09935897435897435,0.1282051282051282,0.125,,0.004807692307692318,0.0032051282051281937,1.0483870967741937,1.0256410256410255,0,0.00020369263285392145,0,0,0,,,,
zm1_2,2,72,0.00048164431399923616,0.005126096491228,7.790242165241666e-05,0.0,0.000801282051282,0.2908097400284901,0.358974358974359,0.12649127492877493,0.11538461538461539,0.13141025641025642,0.1201923076923077,0.11538461538461539,0.11538461538461539,,0.01121794871794872,0.0,1.0933333333333333,1.0,1,0.00023738792075877135,0,0,0,,,,
zm1_2,3,72,0.00042653431051200836,0.0055208333333333,6.67735042735e-05,0.0,0.000801282051282,0.6192240918803419,0.3568264779202279,0.1390892094017094,0.11647524928774929,0.14102564102564102,0.13782051282051283,0.11698717948717949,0.11057692307692307,,0.0032051282051281937,0.006410256410256415,1.0232558139534882,1.0579710144927537,0,0.00022146265961239204,0,0,0,,,,
zm1_2,4,72,0.001172180530416446,0.0140402961894225,0.00017417069021403195,0.0,0.0017917211358171,0.7927350427350427,0.4489405270655272,0.11039886039886043,0.13933404558404558,0.11217948717948718,0.10737179487179487,0.14102564102564102,0.1346153846153846,,0.0032051282051282076,0.004807692307692318,1.0298507462686568,1.0357142857142858,0,0.0003729546940889369,0,0,0,,,,
zm1_2,5,72,0.0006497518534862417,0.0091194988713277,0.00010477000492312778,0.0,0.0011331839442092,0.25190304487179493,0.5191417378917379,0.13454861111111108,0.13568376068376067,0.1362179487179487,0.1282051282051282,0.13782051282051283,0.12980769230769232,,0.008012820512820512,0.008012820512820512,1.0625,1.0617283950617284,0,0.000279637736236854,0,0,0,,,,
zm1_2,6,72,0.0008959148287998709,0.0104808877455541,0.00012702783968096112,0.0,0.0011331839442092,0.5228142806267807,0.5898660078347577,0.10167378917378916,0.1464788105413105,0.10256410256410256,0.09455128205128205,0.14743589743589744,0.13942307692307693,,0.008012820512820512,0.008012820512820512,1.0847457627118644,1.0574712643678161,0,0.00030145107214456045,0,0,0,,,,
zm1_2,7,72,0.0009238207983767709,0.014837977392649,0.00012965502069836525,0.0,0.0017917211358171,0.8375289351851851,0.6473691239316239,0.11148949430199433,0.12678062678062677,0.11217948717948718,0.11057692307692307,0.1282051282051282,0.11698717948717949,,0.0,0.011217948717948706,1.0,1.095890410958904,0,0.0003419804114223591,0,0,0,,,,
zm1_2,8,72,0.0008236896187081334,0.0150088507625272,8.903133903133334e-05,0.0,0.000801282051282,0.6618255876068376,0.690460292022792,0.13655181623931623,0.11391559829059832,0.13782051282051283,0.1282051282051282,0.11538461538461539,0.10576923076923077,,0.009615384615384637,0.009615384615384623,1.0750000000000002,1.090909090909091,0,0.0002518186542686973,0,0,0,,,,
zm1_2,9,72,0.001014459297576046,0.0105011261261261,0.00016693376068375136,0.0,0.0016025641025641,0.3211805555555556,0.7306245548433049,0.1455662393162393,0.11567396723646725,0.14743589743589744,0.1346153846153846,0.11858974358974358,0.11217948717948718,,0.01282051282051283,0.0048076923076923045,1.0952380952380953,1.042857142857143,1,0.00035175126044511944,0,0,0,,,,
zm1_2,10,72,0.001121560879803461,0.0093785448723779,0.00018267242657554446,0.0,0.0011331839442092,0.513187767094017,0.7796808226495726,0.1349047364672364,0.13143251424501423,0.13942307692307693,0.1266025641025641,0.1346153846153846,0.1233974358974359,,0.01282051282051283,0.011217948717948706,1.1012658227848102,1.0909090909090908,0,0.00034384097232550753,0,0,0,,,,
zm1_3,1,72,0.001447063735046293,0.0092833860431367,0.0002049302613333778,0.0,0.0011331839442092,0.5197093126780626,0.277744391025641,0.1464788105413105,0.12462161680911682,0.15544871794871795,0.1346153846153846,0.1330128205128205,0.11698717948717949,,0.020833333333333343,0.016025641025641024,1.1547619047619049,1.136986301369863,1,0.00035697930074786417,0,0,0,,,,
zm1_3,2,72,0.0010060140257316763,0.0059054487179486,0.00015580484330483335,0.0,0.000801282051282,0.3019386574074074,0.3822226673789173,0.12849448005698005,0.10685986467236466,0.1346153846153846,0.11858974358974358,0.10897435897435898,0.10256410256410256,,0.016025641025641024,0.006410256410256415,1.135135135135135,1.0625,0,0.00031712533050156033,0,0,0,,,,
zm1_3,3,72,0.0009203309872028847,0.010016639800786,0.0001316375881938389,0.0,0.0011331839442092,0.7333845263532761,0.4214298433048433,0.1463897792022792,0.1064814814814815,0.14903846153846154,0.13942307692307693,0.11057692307692307,0.10096153846153846,,0.009615384615384609,0.008012820512820512,1.0689655172413792,1.078125,0,0.0003140028153879424,0,0,0,,,,
zm1_3,4,72,0.0008196169200581084,0.0047891260162601,0.00014467592592591668,0.0,0.000801282051282,0.5515268874643875,0.4227987001424501,0.14155982905982903,0.13392539173789172,0.14903846153846154,0.1330128205128205,0.1346153846153846,0.12980769230769232,,0.016025641025641024,0.004807692307692291,1.1204819277108433,1.037037037037037,1,0.0003082127498247274,0,0,0,,,,
zm1_3,5,72,0.0012250181422381167,0.0099958288229952,0.0001715435091966278,0.0,0.0011331839442092,0.6387998575498575,0.5495459401709402,0.1203258547008547,0.13719729344729342,0.1233974358974359,0.10897435897435898,0.14262820512820512,0.1282051282051282,,0.014423076923076927,0.014423076923076927,1.1323529411764706,1.1125,1,0.000336528234160714,0,0,0,,,,
zm1_3,6,72,0.0007533767910896445,0.0048958333333333,0.000133547008547,0.0,0.000801282051282,0.19238559472934474,0.5683204237891738,0.13054220085470084,0.14064725783475782,0.13141025641025642,0.1266025641025641,0.15064102564102563,0.1362179487179487,,0.004807692307692318,0.014423076923076927,1.0379746835443038,1.1058823529411765,0,0.0002986201893028375,0,0,0,,,,
zm1_3,7,72,0.0008751867369946417,0.0097863060591246,0.0001251184193278,0.0,0.0011331839442092,0.38242298789173795,0.6058471331908832,0.14345174501424499,0.10267539173789172,0.15224358974358973,0.13942307692307693,0.10576923076923077,0.10096153846153846,,0.012820512820512803,0.0048076923076923045,1.0919540229885056,1.0476190476190477,1,0.0003166569181969024,0,0,0,,,,
zm1_3,8,72,0.0011611328348757738,0.010630707762557,0.00016693376068375136,0.0,0.0016025641025641,0.5003004807692307,0.7009103454415954,0.11500623219373221,0.10427795584045582,0.11858974358974358,0.10737179487179487,0.10737179487179487,0.09935897435897435,,0.009615384615384623,0.008012820512820512,1.0895522388059702,1.0806451612903225,0,0.0003517512604451198,0,0,0,,,,
zm1_3,9,72,0.0007249204982452723,0.0161354512735326,7.790242165241666e-05,0.0,0.000801282051282,0.725471866096866,0.733952101139601,0.099002849002849,0.11062143874643876,0.09935897435897435,0.09455128205128205,0.11217948717948718,0.10576923076923077,,0.0048076923076923045,0.006410256410256415,1.0508474576271185,1.0606060606060606,0,0.00023738792075877178,0,0,0,,,,
zm1_3,10,72,0.0005976204795866417,0.005450410798122,0.00010016025641025,0.0,0.000801282051282,0.38117654914529914,0.8386529558404558,0.11491720085470088,0.1479255698005698,0.11858974358974358,0.11217948717948718,0.15064102564102563,0.14262820512820512,,0.006410256410256401,0.008012820512820512,1.0571428571428572,1.0561797752808988,0,0.0002649991297139847,0,0,0,,,,
zm1_4,1,72,0.0006986782284984681,0.0174145803810423,7.138325278637777e-05,0.0,0.0011331839442092,0.5344217414529915,0.25563123219373224,0.11647524928774929,0.14124821937321932,0.11698717948717949,0.11217948717948718,0.14262820512820512,0.12980769230769232,,0.0048076923076923045,0.012820512820512803,1.042857142857143,1.0987654320987652,0,0.00023942899457484666,0,0,0,,,,
zm1_4,2,72,0.0005246659515566959,0.0099913772560436,8.251217016529583e-05,0.0,0.0016025641025641,0.429142183048433,0.3426371082621083,0.14598913817663817,0.10122863247863247,0.14743589743589744,0.14262820512820512,0.10256410256410256,0.10096153846153846,,0.0032051282051282215,0.0,1.0222222222222224,1.0,0,0.0002869943540104615,0,0,0,,,,
zm1_4,3,72,0.0004956726645326278,0.0116477272727272,6.677350427350138e-05,0.0,0.0016025641025641,0.6416043447293449,0.41843616452991456,0.10416666666666666,0.15582710113960113,0.10416666666666667,0.10416666666666667,0.15705128205128205,0.14743589743589744,,0.0,0.009615384615384609,1.0,1.0652173913043477,0,0.00025861267001918366,0,0,0,,,,
zm1_4,4,72,0.0007784628436077111,0.0091904237459337,0.00012050867081492222,0.0,0.0011331839442092,0.24951032763532766,0.4647658475783476,0.13016381766381765,0.1371527777777778,0.1330128205128205,0.1233974358974359,0.13782051282051283,0.1346153846153846,,0.009615384615384609,0.0,1.077922077922078,1.0,0,0.0003041159009482068,0,0,0,,,,
zm1_4,5,72,0.00040181868103673197,0.0095973290574068,5.373516654142223e-05,0.0,0.0011331839442092,0.8107082443019945,0.4833511396011397,0.127826745014245,0.12651353276353275,0.1282051282051282,0.1233974358974359,0.1266025641025641,0.125,,0.004807692307692291,0.0016025641025640969,1.0389610389610389,1.0128205128205128,0,0.00022498209340373487,0,0,0,,,,
zm1_4,6,72,0.0012622600374941249,0.0146202086631596,0.00018792678861035415,0.0,0.0017917211358171,0.48670094373219375,0.5668736645299144,0.11077724358974361,0.15239939458689458,0.11378205128205128,0.10897435897435898,0.16025641025641027,0.14583333333333334,,0.0032051282051282076,0.014423076923076927,1.028985507246377,1.098901098901099,1,0.0004331495882149367,0,0,0,,,,
zm1_4,7,72,0.0005626856781260513,0.0098121715169267,8.251217016529445e-05,0.0,0.0011331839442092,0.6802773326210827,0.6326455662393162,0.14581107549857547,0.1038773148148148,0.14743589743589744,0.14102564102564102,0.10737179487179487,0.10256410256410256,,0.006410256410256415,-0.0032051282051281937,1.0454545454545454,0.9701492537313434,1,0.0002540294387310759,0,0,0,,,,
zm1_4,8,72,0.0016163731687523417,0.010324704836738,0.00019380134395446111,0.0,0.0011331839442092,0.3089387464387464,0.6682692307692307,0.10679309116809116,0.12468839031339031,0.11217948717948718,0.10576923076923077,0.12980769230769232,0.11538461538461539,,0.006410256410256415,0.012820512820512803,1.0606060606060606,1.111111111111111,1,0.0003506483573441047,0,0,0,,,,
zm1_4,9,72,0.0005595093379536181,0.0114635831061451,6.48640839203389e-05,0.0,0.0011331839442092,0.5396968482905983,0.7970085470085472,0.101829594017094,0.11324786324786326,0.10256410256410256,0.09615384615384616,0.11378205128205128,0.10897435897435898,,0.006410256410256401,0.0048076923076923045,1.0666666666666667,1.0441176470588236,0,0.00024127673497182134,0,0,0,,,,
zm1_4,10,72,0.00032200144173332644,0.0091390139111825,4.260624916250556e-05,0.0,0.0011331839442092,0.3497039707977208,0.8522858796296294,0.12640224358974358,0.14046919515669512,0.1266025641025641,0.125,0.14102564102564102,0.13782051282051283,,0.0016025641025640969,0.0032051282051281937,1.0128205128205128,1.0232558139534882,0,0.0002068132400547352,0,0,0,,,,
zm1_5,1,72,0.00043640796673908466,0.0160262978142076,4.4515669515666665e-05,0.0,0.000801282051282,0.5882300569800569,0.2338296830484331,0.09913639601139601,0.13748664529914528,0.09935897435897435,0.09455128205128205,0.13782051282051283,0.1330128205128205,,0.0048076923076923045,0.004807692307692318,1.0508474576271185,1.036144578313253,0,0.00018354280740818176,0,0,0,,,,
zm1_5,2,72,0.004993805528338722,0.0230180654913984,0.0007503731203611111,0.0,0.0040064102564102,0.46683582621082625,0.3214365206552706,0.14258368945868946,0.1292957621082621,0.21794871794871795,0.12179487179487179,0.16826923076923078,0.1201923076923077,,0.09615384615384616,0.04807692307692309,1.7894736842105263,1.4000000000000001,1,0.0010031963354811026,0,0,0,,,,
zm1_5,3,72,0.0010054095442765165,0.009576659653826,0.00015389542295167222,0.0,0.0011331839442092,0.6676237535612537,0.327724358974359,0.1391114672364672,0.12103810541310543,0.14262820512820512,0.1282051282051282,0.1233974358974359,0.11378205128205128,,0.014423076923076927,0.009615384615384623,1.1125,1.0845070422535212,0,0.0003317788796524331,0,0,0,,,,
zm1_5,4,72,0.0005977717152362055,0.0094659813284418,9.364108754421112e-05,0.0,0.0011331839442092,0.3667646011396011,0.3958889779202279,0.13937856125356124,0.12163906695156695,0.14102564102564102,0.1346153846153846,0.1233974358974359,0.11698717948717949,,0.004807692307692318,0.006410256410256415,1.0357142857142858,1.0547945205479452,1,0.00026737232922813,0,0,0,,,,
zm1_5,5,72,0.0004604129814580876,0.0096901922737541,4.9125418028544446e-05,0.0,0.0011331839442092,0.7901753917378916,0.4567196403133903,0.11801103988603989,0.13668536324786323,0.11858974358974358,0.11378205128205128,0.13782051282051283,0.13141025641025642,,0.0048076923076923045,0.006410256410256415,1.0422535211267605,1.048780487804878,0,0.00020536236761674193,0,0,0,,,,
zm1_5,6,72,0.0008982327161159778,0.008235294117647,0.00011128917378916668,0.0,0.000801282051282,0.5170383725071227,0.5173388532763534,0.11887909544159544,0.14084757834757833,0.1201923076923077,0.11378205128205128,0.14583333333333334,0.12980769230769232,,0.006410256410256415,0.016025641025641024,1.0563380281690142,1.1234567901234567,1,0.00027710780800364914,0,0,0,,,,
zm1_5,7,72,0.0011806211966386166,0.0152847652218782,0.0001446759259259167,0.0,0.000801282051282,0.2693531873219373,0.5377826745014245,0.13063123219373216,0.11255787037037039,0.1362179487179487,0.11858974358974358,0.11378205128205128,0.10576923076923077,,0.01762820512820512,0.006410256410256415,1.1486486486486487,1.0606060606060606,0,0.0003082127498247274,0,0,0,,,,
zm1_5,8,72,0.0003886707424749847,0.0097222222222222,3.799650064962778e-05,0.0,0.0011331839442092,0.795116631054131,0.6922965633903134,0.14694622507122507,0.11478365384615384,0.14743589743589744,0.14262820512820512,0.11538461538461539,0.11057692307692307,,0.004807692307692318,0.004807692307692318,1.0337078651685394,1.0434782608695654,0,0.00018500235923384797,0,0,0,,,,
zm1_5,9,72,0.0009219459926038292,0.0093812129721953,0.00012050867081492222,0.0,0.0011331839442092,0.43466212606837606,0.7049390135327636,0.12471064814814817,0.12479967948717949,0.13782051282051283,0.1201923076923077,0.1282051282051282,0.1233974358974359,,0.017628205128205135,0.004807692307692291,1.1466666666666667,1.0389610389610389,1,0.00030411590094820687,0,0,0,,,,
zm1_5,10,72,0.0008930603163256778,0.0136484800362976,0.00011128917378916668,0.0,0.000801282051282,0.6438078703703705,0.7678952991452992,0.14066951566951566,0.12793803418803418,0.14102564102564102,0.13782051282051283,0.12980769230769232,0.11858974358974358,,0.0016025641025640969,0.011217948717948734,1.0116279069767442,1.0945945945945947,0,0.0002771078080036491,0,0,0,,,,
zm1_6,1,72,0.0007673925412227862,0.0116318398340062,0.00010477000492312778,0.0,0.0011331839442092,0.5354456018518517,0.22696314102564102,0.09257033475783477,0.1239761396011396,0.09294871794871795,0.08814102564102565,0.125,0.11698717948717949,,0.0048076923076923045,0.008012820512820512,1.0545454545454545,1.0684931506849316,0,0.0002796377362368541,0,0,0,,,,
zm1_6,2,72,0.0005922623577724375,0.0137388203349142,7.790242165241666e-05,0.0,0.000801282051282,0.6522769764957267,0.3131788639601139,0.1373085826210826,0.10712695868945867,0.14102564102564102,0.12980769230769232,0.10737179487179487,0.10576923076923077,,0.011217948717948706,0.0,1.0864197530864197,1.0,1,0.00023738792075877137,0,0,0,,,,
zm1_6,3,72,0.0003864847521676056,0.0062585382513661,5.564458689458334e-05,0.0,0.000801282051282,0.3500267094017094,0.34595352564102566,0.09931445868945869,0.13501602564102563,0.10096153846153846,0.09615384615384616,0.1362179487179487,0.1330128205128205,,0.0048076923076923045,0.0032051282051281937,1.05,1.0240963855421685,0,0.00020369263285392145,0,0,0,,,,
zm1_6,4,72,0.000846508740974793,0.0100800039071703,0.00012702783968096112,0.0,0.0011331839442092,0.7808938746438747,0.40765224358974356,0.11876780626780627,0.12771545584045585,0.1201923076923077,0.11217948717948718,0.12980769230769232,0.1201923076923077,,0.008012820512820512,0.008012820512820498,1.0714285714285714,1.0666666666666667,0,0.00030145107214456045,0,0,0,,,,
zm1_6,5,72,0.0010611414550462694,0.0101475810874235,0.00015389542295167222,0.0,0.0011331839442092,0.22669604700854704,0.4961160078347579,0.11516203703703705,0.12693643162393162,0.11698717948717949,0.11217948717948718,0.12980769230769232,0.12179487179487179,,0.0032051282051282076,0.008012820512820526,1.0285714285714287,1.0657894736842106,1,0.0003317788796524331,0,0,0,,,,
zm1_6,6,72,0.000821454533838857,0.011431227730366,0.00010477000492312778,0.0,0.0011331839442092,0.450954861111111,0.5042846331908831,0.15137553418803418,0.0784588675213675,0.15224358974358973,0.14423076923076922,0.08012820512820513,0.07692307692307693,,0.008012820512820512,-0.0016025641025641107,1.0555555555555556,0.9799999999999999,1,0.00027963773623685393,0,0,0,,,,
zm1_6,7,72,0.00033279172602089025,0.0060763888888889,4.4515669515666665e-05,0.0,0.000801282051282,0.668770032051282,0.5159366096866097,0.10356570512820512,0.10238603988603986,0.10416666666666667,0.09935897435897435,0.10256410256410256,0.10096153846153846,,0.004807692307692318,0.0016025641025640969,1.0483870967741937,1.0158730158730158,0,0.00018354280740818176,0,0,0,,,,
zm1_6,8,72,0.0016012056984240181,0.0115483511729313,0.00018537275473526113,0.0,0.0011331839442092,0.5291911502849003,0.6887909544159544,0.09857995014245012,0.11810007122507124,0.10416666666666667,0.09134615384615384,0.13141025641025642,0.11378205128205128,,0.01282051282051283,0.017628205128205135,1.1403508771929827,1.1549295774647887,1,0.00036751540780553295,0,0,0,,,,
zm1_6,9,72,0.0006176224428036875,0.0096324737243317,9.36410875442111e-05,0.0,0.0011331839442092,0.31717414529914534,0.7294226317663818,0.14035790598290596,0.11322560541310543,0.14102564102564102,0.1330128205128205,0.11378205128205128,0.11057692307692307,,0.008012820512820512,0.0032051282051282076,1.0602409638554218,1.028985507246377,1,0.00026737232922812993,0,0,0,,,,
zm1_6,10,72,0.0011142775887796638,0.0097737176563563,0.00016041459181771113,0.0,0.0011331839442092,0.6819577991452992,0.8152043269230768,0.14115918803418798,0.111667556980057,0.14903846153846154,0.1330128205128205,0.11378205128205128,0.10576923076923077,,0.016025641025641024,0.008012820512820512,1.1204819277108433,1.0757575757575757,1,0.00032867641369719995,0,0,0,,,,
zm1_7,1,72,0.000856276163363204,0.0055932971014492,0.000133547008547,0.0,0.000801282051282,0.584168002136752,0.23835915242165243,0.11594106125356125,0.13270121082621078,0.1201923076923077,0.10897435897435898,0.1346153846153846,0.1266025641025641,,0.01121794871794872,0.008012820512820512,1.1029411764705883,1.0632911392405062,0,0.00029862018930283766,0,0,0,,,,
zm1_7,2,72,0.0010701044554930596,0.0092214180485844,0.00019380134395446111,0.0,0.0011331839442092,0.3621572293447293,0.27847889957264954,0.16439636752136752,0.11215722934472937,0.17467948717948717,0.15224358974358973,0.11378205128205128,0.10737179487179487,,0.02243589743589744,0.006410256410256415,1.1473684210526316,1.0597014925373134,1,0.00035064835734410484,0,0,0,,,,
zm1_7,3,72,0.0011849447960568318,0.009757188120437,0.00018267242657554584,0.0,0.0016025641025641,0.19618055555555555,0.3095174501424502,0.09989316239316239,0.15139779202279202,0.10256410256410256,0.09775641025641026,0.15544871794871795,0.14262820512820512,,0.0048076923076923045,0.01282051282051283,1.0491803278688525,1.0898876404494382,0,0.00036886504001003783,0,0,0,,,,
zm1_7,4,72,0.0012855014976832096,0.0153971849262029,0.0001578118310129375,0.0,0.0017917211358171,0.7039151531339033,0.3896233974358974,0.138599537037037,0.10563568376068375,0.13942307692307693,0.12980769230769232,0.11057692307692307,0.10416666666666667,,0.009615384615384609,-0.006410256410256401,1.074074074074074,0.9420289855072465,0,0.00047411251288939665,0,0,0,,,,
zm1_7,5,72,0.0007060572535095792,0.0098461586048318,0.00010477000492312778,0.0,0.0011331839442092,0.39431980056980054,0.46508858618233617,0.12099358974358972,0.12804932336182334,0.12179487179487179,0.11378205128205128,0.1282051282051282,0.1266025641025641,,0.008012820512820512,0.0016025641025640969,1.0704225352112675,1.0126582278481011,0,0.00027963773623685404,0,0,0,,,,
zm1_7,6,72,0.0010718031881850388,0.0191224056334815,0.00014928567443879583,0.0,0.0016025641025641,0.6319221866096866,0.5550213675213675,0.1072827635327635,0.14293981481481477,0.10897435897435898,0.10576923076923077,0.14903846153846154,0.1330128205128205,,-0.0032051282051282076,0.016025641025641024,0.9705882352941176,1.1204819277108433,1,0.00034697581377119086,0,0,0,,,,
zm1_7,7,72,0.0005498783600212722,0.0059895833333333,8.903133903133333e-05,0.0,0.000801282051282,0.7632879273504272,0.5746416488603989,0.13875534188034186,0.10120637464387464,0.14102564102564102,0.13141025641025642,0.10416666666666667,0.10096153846153846,,0.009615384615384609,-0.0032051282051282076,1.073170731707317,0.9692307692307692,0,0.0002518186542686973,0,0,0,,,,
zm1_7,8,72,0.000882252575132693,0.0059054487179486,0.00014467592592591668,0.0,0.000801282051282,0.2051170762108262,0.5864716880341881,0.14420851139601135,0.10795049857549859,0.15224358974358973,0.13942307692307693,0.11057692307692307,0.10256410256410256,,0.012820512820512803,0.008012820512820512,1.0919540229885056,1.078125,1,0.0003082127498247272,0,0,0,,,,
zm1_7,9,72,0.0004301301637130972,0.0059054487179486,6.67735042735e-05,0.0,0.000801282051282,0.3494034900284901,0.7131187678062676,0.10585826210826209,0.14098112535612534,0.10737179487179487,0.10256410256410256,0.14262820512820512,0.13782051282051283,,0.0048076923076923045,0.004807692307692291,1.046875,1.0348837209302324,0,0.0002214626596123921,0,0,0,,,,
zm1_7,10,72,0.0006540352018801513,0.00995661088605,9.825083605708888e-05,0.0,0.0011331839442092,0.5427684294871794,0.757244925213675,0.10797275641025642,0.14834846866096868,0.10897435897435898,0.10416666666666667,0.15064102564102563,0.13942307692307693,,0.0048076923076923045,0.011217948717948706,1.0461538461538462,1.0804597701149425,0,0.0002819943096471083,0,0,0,,,,
zm1_8,1,72,0.0009331524038716597,0.0064530367231638,0.000133547008547,0.0,0.000801282051282,0.5985465633903133,0.26446759259259256,0.1009392806267806,0.1258457977207977,0.10256410256410256,0.09294871794871795,0.12980769230769232,0.1201923076923077,,0.009615384615384609,0.009615384615384623,1.103448275862069,1.08,0,0.00029862018930283766,0,0,0,,,,
zm1_8,2,72,0.0012385078817844692,0.0113357843137254,0.00016693376068375277,0.0,0.0016025641025641,0.41138043091168086,0.28157273860398857,0.0990696225071225,0.10761663105413104,0.09935897435897435,0.09615384615384616,0.10897435897435898,0.10576923076923077,,0.0032051282051281937,0.0016025641025640969,1.0333333333333332,1.0151515151515151,0,0.0003762495883274656,0,0,0,,,,
zm1_8,3,72,0.0017163544919078988,0.0210309280721955,0.00021288495152790277,0.0,0.0022663678884184,0.831508190883191,0.39055822649572647,0.10238603988603986,0.13020833333333331,0.10416666666666667,0.09935897435897435,0.1330128205128205,0.1233974358974359,,0.0032051282051282076,0.008012820512820512,1.0317460317460319,1.064102564102564,0,0.0004807488445505567,0,0,0,,,,
zm1_8,4,72,0.0016705109064651417,0.0152163884160413,0.00022131354074710416,0.0,0.0017917211358171,0.647235576923077,0.42057291666666674,0.1326121794871795,0.1139823717948718,0.1362179487179487,0.1266025641025641,0.1201923076923077,0.11217948717948718,,0.009615384615384609,0.006410256410256401,1.0759493670886076,1.0571428571428572,0,0.00044800397941081746,0,0,0,,,,
zm1_8,5,72,0.000968232922936925,0.0097199028970693,0.00014928567443879445,0.0,0.0011331839442092,0.3344017094017093,0.4263043091168092,0.12410968660968662,0.13132122507122507,0.1282051282051282,0.11698717948717949,0.1330128205128205,0.125,,0.011217948717948706,0.008012820512820512,1.095890410958904,1.064102564102564,1,0.0003202458615662713,0,0,0,,,,
zm1_8,6,72,0.0005386747383399194,0.0053153538812785,8.903133903133334e-05,0.0,0.000801282051282,0.41988292378917375,0.607750178062678,0.11776620370370372,0.14227207977207973,0.12179487179487179,0.11538461538461539,0.14423076923076922,0.13782051282051283,,0.006410256410256401,0.0064102564102563875,1.0555555555555556,1.0465116279069766,0,0.0002518186542686973,0,0,0,,,,
zm1_8,7,72,0.00065166003958135,0.0092931498594467,0.00010477000492312778,0.0,0.0011331839442092,0.2453926282051282,0.6117232015669516,0.15794159544159544,0.10988693019943023,0.15865384615384615,0.15384615384615385,0.11057692307692307,0.10416666666666667,,0.0032051282051281937,0.006410256410256401,1.0208333333333333,1.0615384615384615,0,0.0002796377362368538,0,0,0,,,,
zm1_8,8,72,0.0005353704453259695,0.005450410798122,8.903133903133334e-05,0.0,0.000801282051282,0.6250333867521367,0.6343816773504274,0.15391292735042736,0.11242432336182337,0.15544871794871795,0.14903846153846154,0.11378205128205128,0.11217948717948718,,0.006410256410256415,0.0,1.043010752688172,1.0,0,0.0002518186542686973,0,0,0,,,,
zm1_8,9,72,0.002752134979734203,0.0124107002429833,0.0005709197280064139,0.0,0.0032051282051282,0.5398192663817664,0.7625422898860399,0.16617699430199429,0.10521278490028488,0.22756410256410256,0.14743589743589744,0.10737179487179487,0.10416666666666667,,0.08012820512820512,0.0032051282051281937,1.5434782608695652,1.0307692307692307,1,0.0008092989906240178,0,0,0,,,,
zm1_8,10,72,0.0005991007984877848,0.0094594594594594,6.67735042735e-05,0.0,0.000801282051282,0.2883057336182336,0.7660033831908835,0.11689814814814817,0.10550213675213674,0.11858974358974358,0.10897435897435898,0.10576923076923077,0.10256410256410256,,0.009615384615384609,0.0032051282051282076,1.088235294117647,1.03125,0,0.00022146265961239204,0,0,0,,,,
zm1_9,1,72,0.0014836435666681763,0.0092294105584609,0.0002317978446040889,0.0,0.0011331839442092,0.5892427884615384,0.21251780626780625,0.12328614672364673,0.13412571225071224,0.1266025641025641,0.11538461538461539,0.13782051282051283,0.1266025641025641,,0.011217948717948706,0.011217948717948734,1.097222222222222,1.0886075949367089,0,0.0003774289305912835,0,0,0,,,,
zm1_9,2,72,0.0007152867055128986,0.0104477611940298,8.251217016529444e-05,0.0,0.0011331839442092,0.3488025284900286,0.28674768518518523,0.15175391737891736,0.11124465811965815,0.15224358974358973,0.14743589743589744,0.11217948717948718,0.10096153846153846,,0.004807692307692291,0.01121794871794872,1.0326086956521738,1.1111111111111112,0,0.0002540294387310762,0,0,0,,,,
zm1_9,3,72,0.00035229473753609026,0.0097064769711433,4.9125418028544446e-05,0.0,0.0011331839442092,0.8024283297720797,0.37630208333333326,0.13303507834757833,0.11478365384615384,0.1346153846153846,0.1330128205128205,0.11538461538461539,0.11057692307692307,,0.0,0.004807692307692318,1.0,1.0434782608695654,0,0.00020536236761674193,0,0,0,,,,
zm1_9,4,72,0.0030151832390288447,0.0245431753732026,0.00044308444795795827,0.0,0.0040857528153788,0.20226807336182334,0.3853165064102564,0.10966435185185189,0.15088586182336183,0.11217948717948718,0.10897435897435898,0.1971153846153846,0.1362179487179487,,0.0032051282051282076,0.0608974358974359,1.0294117647058825,1.447058823529412,1,0.0008339162707193635,0,0,0,,,,
zm1_9,5,72,0.0011346948559347791,0.009908167196872,0.0001631149199774278,0.0,0.0011331839442092,0.38058671652421655,0.4502203525641025,0.15139779202279205,0.1034321581196581,0.15544871794871795,0.13782051282051283,0.10576923076923077,0.10096153846153846,,0.01762820512820512,0.0032051282051282076,1.127906976744186,1.03125,0,0.0003535383325206918,0,0,0,,,,
zm1_9,6,72,0.007720760322001903,0.0297970875667773,0.000996329135513268,0.000801282051282,0.0035834422716342,0.5765001780626782,0.4531472578347578,0.11720975783475783,0.16034544159544162,0.1201923076923077,0.10737179487179487,0.20993589743589744,0.14583333333333334,,-0.008012820512820512,0.0641025641025641,0.9324324324324325,1.4395604395604396,1,0.0010244087336335503,0,0,0,,,,
zm1_9,7,72,0.0005098127928084209,0.0055932971014492,8.903133903133334e-05,0.0,0.000801282051282,0.8080818198005697,0.5637019230769229,0.15057425213675213,0.11120014245014248,0.15384615384615385,0.14423076923076922,0.11217948717948718,0.10897435897435898,,0.009615384615384637,0.0032051282051282076,1.0666666666666669,1.0294117647058825,1,0.0002518186542686973,0,0,0,,,,
zm1_9,8,72,0.0012459314292297542,0.0059895833333333,0.00018919159544158334,0.0,0.000801282051282,0.6255675747863249,0.6048677884615384,0.14167111823361822,0.1109107905982906,0.14583333333333334,0.13782051282051283,0.11698717948717949,0.10096153846153846,,0.008012820512820512,0.016025641025641024,1.0581395348837208,1.1587301587301586,1,0.0003402974726544624,0,0,0,,,,
zm1_9,9,72,0.0009829685950048265,0.0088331604728269,0.0001604145918177111,0.0,0.0011331839442092,0.31525997150997154,0.652911324786325,0.13261217948717946,0.1290954415954416,0.14102564102564102,0.1266025641025641,0.1346153846153846,0.125,,0.014423076923076927,0.009615384615384609,1.1139240506329113,1.0769230769230769,1,0.00032867641369719973,0,0,0,,,,
zm1_9,10,72,0.0016574991969890652,0.0111156108123424,0.00022527867573805002,0.0,0.0011331839442092,0.5112179487179487,0.7045272435897435,0.10897435897435898,0.11814458689458689,0.11378205128205128,0.10096153846153846,0.125,0.10897435897435898,,0.012820512820512817,0.016025641025641024,1.126984126984127,1.1470588235294117,1,0.0003813559448443062,0,0,0,,,,
zm2_1,1,72,0.001741418184620495,0.0109008215962441,0.0002298884242509306,0.0,0.0016025641025641,0.3445957977207976,0.20848913817663817,0.1527332621082621,0.1119123931623932,0.15705128205128205,0.14423076923076922,0.11538461538461539,0.10256410256410256,,0.01282051282051283,0.01121794871794872,1.088888888888889,1.109375,1,0.00043349874225359554,0,0,0,,,,
zm2_1,2,72,0.002872848477993518,0.0164066726565194,0.00042497899524925417,0.0,0.0017917211358171,0.5333756232193733,0.2891849180911681,0.1393117877492877,0.1103320868945869,0.1794871794871795,0.125,0.12179487179487179,0.10576923076923077,,0.05288461538461539,0.016025641025641024,1.4177215189873418,1.1515151515151516,1,0.0005724375538997809,0,0,0,,,,
zm2_1,3,72,0.0009220303246312277,0.0108847177118841,0.00012702783968096112,0.0,0.0011331839442092,0.731147613960114,0.3201121794871795,0.12037037037037036,0.10211894586894585,0.12179487179487179,0.11538461538461539,0.10256410256410256,0.09775641025641026,,0.0048076923076923045,0.0048076923076923045,1.0416666666666667,1.0491803278688525,0,0.00030145107214456045,0,0,0,,,,
zm2_1,4,72,0.00372827879846326,0.0151338909923074,0.0005659336478237875,0.000400641025641,0.0017917211358171,0.31798655626780625,0.3902354878917379,0.1467013888888889,0.13348023504273504,0.17307692307692307,0.1346153846153846,0.1794871794871795,0.12179487179487179,,0.038461538461538464,0.056089743589743585,1.2857142857142858,1.4545454545454546,1,0.0006340572905352782,0,0,0,,,,
zm2_1,5,72,0.003831843461473485,0.0174358042160727,0.00045263748632651664,0.0,0.0022663678884184,0.487068198005698,0.46251780626780636,0.13706374643874641,0.10519052706552706,0.1794871794871795,0.125,0.12980769230769232,0.09935897435897435,,0.05448717948717949,0.027243589743589758,1.435897435897436,1.2656250000000002,1,0.0005823064592407935,0,0,0,,,,
zm2_1,6,72,0.0013051581589399903,0.0088607594936708,0.00016693376068375,0.0,0.000801282051282,0.7065527065527066,0.4876580306267806,0.11542913105413105,0.1336582977207977,0.11858974358974358,0.11378205128205128,0.1362179487179487,0.1233974358974359,,0.0048076923076923045,0.012820512820512803,1.0422535211267605,1.1038961038961037,1,0.0003254138069180133,0,0,0,,,,
zm2_1,7,72,0.00042307815199825417,0.0053819444444444,7.790242165241666e-05,0.0,0.000801282051282,0.28098290598290604,0.6132144764957265,0.1631499287749288,0.11651976495726496,0.16666666666666666,0.15865384615384615,0.11698717948717949,0.11378205128205128,,0.008012820512820512,0.0032051282051282076,1.0505050505050506,1.028169014084507,1,0.00023738792075877132,0,0,0,,,,
zm2_1,8,72,0.001203638576378928,0.0060763888888889,0.0001780626780626667,0.0,0.000801282051282,0.8078592414529914,0.6470129985754985,0.10441150284900284,0.12152777777777778,0.10576923076923077,0.09935897435897435,0.125,0.11538461538461539,,0.006410256410256415,0.009615384615384609,1.0645161290322582,1.0833333333333333,0,0.00033312476734096336,0,0,0,,,,
zm2_1,9,72,0.0005819973749063097,0.0047891260162601,0.00010016025641025001,0.0,0.000801282051282,0.39064725783475784,0.7256387998575499,0.13688568376068375,0.13526086182336183,0.13942307692307693,0.12980769230769232,0.13782051282051283,0.1330128205128205,,0.009615384615384609,0.004807692307692318,1.074074074074074,1.036144578313253,1,0.00026499912971398475,0,0,0,,,,
zm2_1,10,72,0.0007199844372579223,0.0063541666666666,0.00011128917378916668,0.0,0.000801282051282,0.6247217770655271,0.7708333333333334,0.13009704415954415,0.09472934472934473,0.13141025641025642,0.12179487179487179,0.09615384615384616,0.09455128205128205,,0.009615384615384623,0.0,1.0789473684210527,1.0,0,0.00027710780800364914,0,0,0,,,,
zm2_10,1,72,0.0016200791694087014,0.0151449592074592,0.00022527867573805002,0.0,0.0011331839442092,0.6526553596866098,0.2041933760683761,0.14443108974358976,0.10465633903133902,0.15865384615384615,0.1346153846153846,0.10897435897435898,0.09455128205128205,,0.024038461538461536,0.014423076923076927,1.1785714285714286,1.152542372881356,1,0.0003813559448443065,0,0,0,,,,
zm2_10,2,72,0.0008721106251700151,0.0092667729130182,0.00013815675705987777,0.0,0.0011331839442092,0.4721554487179487,0.2108150819088319,0.11979166666666667,0.13904469373219372,0.1233974358974359,0.11378205128205128,0.14423076923076922,0.1330128205128205,,0.009615384615384623,0.011217948717948706,1.0845070422535212,1.0843373493975903,1,0.00031118954541523535,0,0,0,,,,
zm2_10,3,72,0.0016552856473831042,0.0121559684684684,0.00018076300622238336,0.0,0.0011331839442092,0.197872150997151,0.29105457621082625,0.1387553418803419,0.11037660256410259,0.16025641025641027,0.1346153846153846,0.11858974358974358,0.10256410256410256,,0.02564102564102566,0.016025641025641024,1.1904761904761907,1.15625,1,0.0003575443567001512,0,0,0,,,,
zm2_10,4,72,0.0018296321698632694,0.0111268939393939,0.0002985713488775916,0.0,0.0016025641025641,0.7277866809116809,0.3919827279202279,0.1482371794871795,0.098869301994302,0.16666666666666666,0.13782051282051283,0.10256410256410256,0.09615384615384616,,0.028846153846153827,0.006410256410256401,1.2093023255813953,1.0666666666666667,1,0.0004429582435163254,0,0,0,,,,
zm2_10,5,72,0.000800524107241789,0.0099568013867075,0.00011589892230204445,0.0,0.0011331839442092,0.4119034900284901,0.4214187143874644,0.11493945868945869,0.1214164886039886,0.11698717948717949,0.11057692307692307,0.125,0.11378205128205128,,0.006410256410256415,0.01121794871794872,1.0579710144927537,1.0985915492957747,0,0.0002909619545824085,0,0,0,,,,
zm2_10,6,72,0.0021299220246470863,0.0178610989936926,0.0002842682043142805,0.0,0.0022663678884184,0.5462517806267806,0.5190527065527065,0.1362179487179487,0.11320334757834757,0.15384615384615385,0.12980769230769232,0.1282051282051282,0.10416666666666667,,0.024038461538461536,0.024038461538461522,1.1851851851851851,1.2307692307692306,1,0.0005079890297645735,0,0,0,,,,
zm2_10,7,72,0.003753928741182069,0.0152047333514616,0.0005494772212677527,0.0,0.0017917211358171,0.8265001780626782,0.5651152955840456,0.14743589743589747,0.1112224002849003,0.19230769230769232,0.1362179487179487,0.1282051282051282,0.10576923076923077,,0.05608974358974361,0.022435897435897426,1.4117647058823533,1.212121212121212,1,0.0006344679040235944,0,0,0,,,,
zm2_10,8,72,0.000958032654244789,0.0102706197429474,0.00014928567443879445,0.0,0.0011331839442092,0.3161057692307692,0.5671741452991453,0.15473646723646725,0.09842414529914528,0.15865384615384615,0.14583333333333334,0.09935897435897435,0.09134615384615384,,0.011217948717948706,0.008012820512820512,1.0769230769230769,1.087719298245614,1,0.0003202458615662713,0,0,0,,,,
zm2_10,9,72,0.0008901371494785359,0.0058238636363636,0.00014467592592591668,0.0,0.000801282051282,0.6301749465811964,0.6808115206552707,0.14670138888888884,0.11140046296296299,0.15224358974358973,0.14102564102564102,0.11378205128205128,0.10416666666666667,,0.011217948717948706,0.009615384615384609,1.0795454545454544,1.0923076923076922,1,0.00030821274982472736,0,0,0,,,,
zm2_10,10,72,0.0008670796076655083,0.009728664425396,0.00011589892230204445,0.0,0.0011331839442092,0.3677662037037037,0.838897792022792,0.11351495726495726,0.14503205128205124,0.11538461538461539,0.10737179487179487,0.14903846153846154,0.13782051282051283,,0.006410256410256415,0.011217948717948706,1.0597014925373134,1.0813953488372092,1,0.0002909619545824083,0,0,0,,,,
zm2_11,1,72,0.002359154734957203,0.0106702757994931,0.0003319581010143389,0.0,0.0011331839442092,0.3268674323361824,0.16181445868945868,0.10926371082621084,0.11542913105413105,0.11217948717948718,0.09775641025641026,0.125,0.10576923076923077,,0.014423076923076927,0.019230769230769232,1.1475409836065573,1.1818181818181819,0,0.00040772941185873674,0,0,0,,,,
zm2_11,2,72,0.0008842382489031902,0.009431882063736,0.00013815675705987777,0.0,0.0011331839442092,0.6344707086894588,0.23884882478632477,0.12742610398860396,0.13154380341880337,0.1282051282051282,0.12179487179487179,0.1346153846153846,0.1201923076923077,,0.006410256410256401,0.014423076923076913,1.0526315789473684,1.1199999999999999,1,0.0003111895454152352,0,0,0,,,,
zm2_11,3,72,0.0010190763970725305,0.010778149605316,0.00012702783968096112,0.0,0.0011331839442092,0.5128872863247863,0.2960848468660969,0.12161680911680911,0.10677083333333334,0.1233974358974359,0.11378205128205128,0.10897435897435898,0.10256410256410256,,0.009615384615384623,0.006410256410256415,1.0845070422535212,1.0625,0,0.00030145107214456045,0,0,0,,,,
zm2_11,4,72,0.0012003441683290264,0.0076923076923077,0.0001780626780626667,0.0,0.000801282051282,0.26741675569800566,0.31406917735042733,0.14732460826210825,0.10165153133903132,0.16826923076923078,0.14102564102564102,0.10256410256410256,0.09775641025641026,,0.027243589743589758,0.0048076923076923045,1.1931818181818183,1.0491803278688525,1,0.0003331247673409635,0,0,0,,,,
zm2_11,5,72,0.004093497931548403,0.0534055525960052,0.0006049866462008403,0.0,0.0073874554946257,0.7816840277777778,0.4437433226495726,0.1015625,0.15395744301994302,0.11217948717948718,0.09455128205128205,0.1987179487179487,0.13782051282051283,,0.016025641025641024,0.060897435897435875,1.1666666666666667,1.441860465116279,1,0.001160229414011163,0,0,0,,,,
zm2_11,6,72,0.002606564104880143,0.0155589409660828,0.00035190576353664863,0.0,0.0022663678884184,0.4266938212250712,0.49128605769230776,0.15177617521367523,0.12217325498575499,0.1778846153846154,0.14102564102564102,0.14583333333333334,0.11217948717948718,,0.03685897435897437,0.03365384615384616,1.2613636363636365,1.3,1,0.000535128782539613,0,0,0,,,,
zm2_11,7,72,0.002581962081486483,0.0121438046192259,0.00032162009144197915,0.0,0.0016025641025641,0.6270922364672364,0.4955373041310541,0.13350249287749286,0.13575053418803418,0.16346153846153846,0.1201923076923077,0.14903846153846154,0.1266025641025641,,0.04326923076923077,0.02243589743589744,1.3599999999999999,1.1772151898734178,1,0.0004568036535408726,0,0,0,,,,
zm2_11,8,72,0.0010065842323337458,0.0067708333333333,0.000133547008547,0.0,0.000801282051282,0.2564102564102564,0.549301103988604,0.08898682336182336,0.11547364672364674,0.09134615384615384,0.08814102564102565,0.11698717948717949,0.11378205128205128,,0.0032051282051281937,0.0032051282051282076,1.0363636363636362,1.028169014084507,0,0.00029862018930283755,0,0,0,,,,
zm2_11,9,72,0.0014478899453221042,0.0100767267562053,0.00022066892722517222,0.0,0.0011331839442092,0.726284277065527,0.7273192663817665,0.1226184116809117,0.12620192307692304,0.125,0.1201923076923077,0.13782051282051283,0.11378205128205128,,0.0032051282051282076,0.02403846153846155,1.0263157894736843,1.211267605633803,1,0.0003722508041922094,0,0,0,,,,
zm2_11,10,72,0.001332869283813093,0.0095772431388655,0.00019841109246733892,0.0,0.0011331839442092,0.4892272079772079,0.7542735042735044,0.13750890313390313,0.10933048433048434,0.14423076923076922,0.1330128205128205,0.11378205128205128,0.10416666666666667,,0.011217948717948706,0.009615384615384609,1.0843373493975903,1.0923076923076922,0,0.00036064341330255777,0,0,0,,,,
zm2_12,1,72,0.001738327968072458,0.0093669914294519,0.0003162194351225445,0.0,0.0011331839442092,0.3873753561253561,0.24839743589743593,0.15353454415954418,0.10643696581196581,0.17307692307692307,0.14583333333333334,0.10897435897435898,0.10256410256410256,,0.02724358974358973,0.006410256410256415,1.1868131868131868,1.0625,1,0.0003982586087991595,0,0,0,,,,
zm2_12,2,72,0.00048717728599562225,0.0051874999999999,7.790242165241666e-05,0.0,0.000801282051282,0.2147435897435897,0.26131810897435903,0.108974358974359,0.12479967948717949,0.10897435897435898,0.10897435897435898,0.12980769230769232,0.11858974358974358,,0.0,0.011217948717948734,1.0,1.0945945945945947,0,0.0002373879207587714,0,0,0,,,,
zm2_12,3,72,0.0003430848006599556,0.0050080128205128,5.564458689458334e-05,0.0,0.000801282051282,0.5894208511396012,0.3040865384615384,0.127559650997151,0.12713675213675213,0.1282051282051282,0.1233974358974359,0.1282051282051282,0.125,,0.004807692307692291,0.0032051282051281937,1.0389610389610389,1.0256410256410255,0,0.00020369263285392145,0,0,0,,,,
zm2_12,4,72,0.0008741716423574279,0.0058238636363636,0.00014467592592591668,0.0,0.000801282051282,0.672019675925926,0.43491809116809116,0.10877403846153848,0.1426727207977208,0.11057692307692307,0.10416666666666667,0.14903846153846154,0.1346153846153846,,0.006410256410256401,0.014423076923076927,1.0615384615384615,1.1071428571428572,0,0.00030821274982472736,0,0,0,,,,
zm2_12,5,72,0.001156617962394268,0.0102731775340788,0.00016502434033058888,0.0,0.0011331839442092,0.3154046474358974,0.5173165954415955,0.1394898504273504,0.10532407407407406,0.15224358974358973,0.1282051282051282,0.10737179487179487,0.10256410256410256,,0.024038461538461536,0.0048076923076923045,1.1875,1.046875,1,0.00033977256368529507,0,0,0,,,,
zm2_12,6,72,0.000566966732962907,0.0104477611940298,4.4515669515666665e-05,0.0,0.000801282051282,0.18813434829059825,0.5624332264957265,0.12925124643874641,0.11115562678062679,0.12980769230769232,0.125,0.11217948717948718,0.10416666666666667,,0.004807692307692318,0.008012820512820512,1.0384615384615385,1.0769230769230769,0,0.00018354280740818176,0,0,0,,,,
zm2_12,7,72,0.002716048524389236,0.01633646867912,0.0003906978896252486,0.0,0.0025338763302631,0.49752938034188027,0.5780582264957265,0.130252849002849,0.11596331908831908,0.16987179487179488,0.11858974358974358,0.11858974358974358,0.10737179487179487,,0.051282051282051294,0.01121794871794872,1.4324324324324325,1.1044776119402986,1,0.0006255530877103242,0,0,0,,,,
zm2_12,8,72,0.002193207862758042,0.0096901922737541,0.0003542159357721736,0.0,0.0016025641025641,0.7143429487179487,0.5953859508547007,0.1350605413105413,0.12315259971509973,0.13782051282051283,0.1266025641025641,0.14903846153846154,0.11057692307692307,,0.008012820512820512,0.038461538461538464,1.0632911392405062,1.3478260869565217,1,0.00043201867083781254,0,0,0,,,,
zm2_12,9,72,0.0017566419836297596,0.0096732211474464,0.0002985713488775889,0.0,0.0011331839442092,0.6077724358974357,0.7356770833333333,0.1064814814814815,0.14389690170940173,0.10897435897435898,0.10096153846153846,0.16987179487179488,0.1346153846153846,,0.006410256410256401,0.03525641025641027,1.0634920634920635,1.261904761904762,1,0.0004006774245142294,0,0,0,,,,
zm2_12,10,72,0.0008244019840037027,0.0146486223799864,0.00010016025641025001,0.0,0.000801282051282,0.39418625356125353,0.848201566951567,0.09285968660968662,0.1383992165242165,0.09455128205128205,0.08814102564102565,0.14102564102564102,0.13141025641025642,,0.0048076923076923045,0.009615384615384609,1.0545454545454545,1.073170731707317,0,0.0002649991297139848,0,0,0,,,,
zm2_2,1,72,0.0005264562145954861,0.0053819444444444,8.903133903133333e-05,0.0,0.000801282051282,0.7040041844729347,0.2646233974358974,0.11442752849002852,0.13630698005698005,0.11538461538461539,0.11378205128205128,0.13942307692307693,0.1330128205128205,,0.0016025641025641107,0.004807692307692318,1.0140845070422535,1.0357142857142858,0,0.0002518186542686973,0,0,0,,,,
zm2_2,2,72,0.0007662600046581125,0.0061659946236559,0.00012241809116808334,0.0,0.000801282051282,0.577034366096866,0.27695423789173795,0.1013176638176638,0.1351940883190883,0.10256410256410256,0.09775641025641026,0.14262820512820512,0.12980769230769232,,0.0048076923076923045,0.012820512820512803,1.0491803278688525,1.0987654320987652,1,0.00028827977757718543,0,0,0,,,,
zm2_2,3,72,0.0007028146586526501,0.0076086956521739,0.00010016025641025001,0.0,0.000801282051282,0.43928062678062674,0.3154602920227921,0.1476139601139601,0.11017628205128209,0.14903846153846154,0.13942307692307693,0.11057692307692307,0.10897435897435898,,0.009615384615384609,0.0016025641025640969,1.0689655172413792,1.0147058823529411,0,0.0002649991297139848,0,0,0,,,,
zm2_2,4,72,0.00115306716585845,0.010294854021214,0.00016041459181771248,0.0,0.0016025641025641,0.6912504451566951,0.4672475961538463,0.09791221509971508,0.1407808048433048,0.09935897435897435,0.09134615384615384,0.15384615384615385,0.1346153846153846,,0.008012820512820512,0.019230769230769246,1.087719298245614,1.142857142857143,1,0.0003547717412826297,0,0,0,,,,
zm2_2,5,72,0.00027418616072952224,0.0097821776718441,3.799650064962778e-05,0.0,0.0011331839442092,0.25490785256410253,0.5032719017094016,0.11838942307692307,0.12780448717948717,0.11858974358974358,0.11698717948717949,0.1282051282051282,0.1233974358974359,,0.0016025641025640969,0.004807692307692291,1.0136986301369864,1.0389610389610389,0,0.00018500235923384797,0,0,0,,,,
zm2_2,6,72,0.0007588363049712653,0.0146358417598638,0.00010087801707449304,0.0,0.0017917211358171,0.5778912927350426,0.6309539707977208,0.10721599002849001,0.13098735754985752,0.10737179487179487,0.10576923076923077,0.13141025641025642,0.125,,0.0016025641025640969,0.006410256410256415,1.0151515151515151,1.0512820512820513,0,0.000325192017688269,0,0,0,,,,
zm2_2,7,72,0.005102608254986047,0.0646553496437252,0.0007732352905215333,0.0,0.0096487136048015,0.39804798789173795,0.6395788817663817,0.1502181267806268,0.13141025641025642,0.16666666666666666,0.13782051282051283,0.17307692307692307,0.125,,0.020833333333333315,0.04807692307692307,1.1511627906976742,1.3846153846153846,1,0.0016409230419916787,0,0,0,,,,
zm2_2,8,72,0.00412881403003692,0.0167004048582995,0.0005337385553759598,0.0,0.0017917211358171,0.6889467592592591,0.7115050747863249,0.12001424501424503,0.14260594729344728,0.15064102564102563,0.11217948717948718,0.19391025641025642,0.12179487179487179,,0.03846153846153845,0.07211538461538462,1.3428571428571427,1.592105263157895,1,0.0006477637628282475,0,0,0,,,,
zm2_2,9,72,0.0008278591593843208,0.0101431352203016,0.00012702783968096112,0.0,0.0011331839442092,0.27891292735042733,0.7224559294871796,0.13394764957264957,0.10485665954415953,0.1346153846153846,0.12980769230769232,0.10576923076923077,0.10256410256410256,,0.004807692307692291,0.0016025641025640969,1.037037037037037,1.0153846153846153,0,0.00030145107214456045,0,0,0,,,,
zm2_2,10,72,0.0008177412780181,0.0162142328507398,0.00011391635480657083,0.0,0.0017917211358171,0.4242232015669516,0.8421029202279203,0.11522881054131057,0.10087250712250712,0.1201923076923077,0.11378205128205128,0.10096153846153846,0.09935897435897435,,0.006410256410256415,0.0016025641025641107,1.0563380281690142,1.0161290322580645,1,0.00032085711275368103,0,0,0,,,,
zm2_3,1,72,0.0018185905734845415,0.0124936362554174,0.00031423686762707497,0.0,0.0024038461538461,0.6167312143874644,0.21186120014245013,0.1415375712250712,0.11990295584045585,0.16185897435897437,0.1282051282051282,0.125,0.11858974358974358,,0.03365384615384617,0.006410256410256415,1.2625000000000002,1.0540540540540542,1,0.0005165933241989483,0,0,0,,,,
zm2_3,2,72,0.0012879068640327806,0.0097064769711433,0.00020954000984625557,0.0,0.0011331839442092,0.239349626068376,0.35555778133903143,0.13908920940170938,0.11536235754985756,0.15384615384615385,0.1282051282051282,0.11698717948717949,0.11057692307692307,,0.02564102564102566,0.006410256410256415,1.2000000000000002,1.0579710144927537,1,0.00036666199583834707,0,0,0,,,,
zm2_3,3,72,0.0012178826954984529,0.012880867786391,0.00016963408884346668,0.0,0.0011331839442092,0.7794805021367524,0.37117165242165245,0.12880608974358973,0.14040242165242164,0.12980769230769232,0.11858974358974358,0.14743589743589744,0.1282051282051282,,0.011217948717948734,0.019230769230769246,1.0945945945945947,1.1500000000000001,1,0.0003504569953403681,0,0,0,,,,
zm2_3,4,72,0.0019171008417816612,0.0100673979766899,0.0003384772698803833,0.0,0.0016025641025641,0.5302595263532763,0.47899973290598297,0.11135594729344733,0.14452012108262105,0.11217948717948718,0.10897435897435898,0.16987179487179488,0.1266025641025641,,0.0032051282051282076,0.04326923076923078,1.0294117647058825,1.3417721518987342,1,0.00048292008227600693,0,0,0,,,,
zm2_3,5,72,0.0010823499209047095,0.0088607594936708,0.00015580484330483333,0.0,0.000801282051282,0.12209535256410257,0.49245459401709407,0.12524483618233617,0.1314102564102564,0.13141025641025642,0.11698717948717949,0.1346153846153846,0.1233974358974359,,0.014423076923076927,0.011217948717948706,1.1232876712328768,1.0909090909090908,1,0.00031712533050156033,0,0,0,,,,
zm2_3,6,72,0.0007482638711819223,0.005450410798122,0.000133547008547,0.0,0.000801282051282,0.34672142094017094,0.5252181267806268,0.11313657407407408,0.15228810541310545,0.11378205128205128,0.11217948717948718,0.16025641025641027,0.14583333333333334,,0.0016025641025640969,0.014423076923076927,1.0142857142857142,1.098901098901099,1,0.0002986201893028375,0,0,0,,,,
zm2_3,7,72,0.002623295313727382,0.0110416666666666,0.0003634354327979319,0.0,0.0016025641025641,0.7352541844729346,0.5676972044159543,0.11126691595441598,0.12693643162393162,0.11538461538461539,0.10737179487179487,0.15705128205128205,0.11858974358974358,,0.008012820512820526,0.038461538461538464,1.074626865671642,1.3243243243243243,1,0.0004832475119128676,0,0,0,,,,
zm2_3,8,72,0.0009670169787273973,0.0111865942028985,0.0001492856744387958,0.0,0.0016025641025641,0.5504918981481483,0.692897524928775,0.1449207621082621,0.1109553062678063,0.14743589743589744,0.1362179487179487,0.11538461538461539,0.10737179487179487,,0.011217948717948734,0.008012820512820526,1.0823529411764707,1.074626865671642,1,0.00034697581377119086,0,0,0,,,,
zm2_3,9,72,0.0009884380851257887,0.0062585382513661,0.00016693376068375,0.0,0.000801282051282,0.2997796474358975,0.7350316061253562,0.10178507834757834,0.1575186965811966,0.10416666666666667,0.09615384615384616,0.16506410256410256,0.14903846153846154,,0.008012820512820512,0.016025641025641024,1.0833333333333333,1.10752688172043,1,0.00032541380691801324,0,0,0,,,,
zm2_3,10,72,0.0006378684496512528,0.0103068820637359,8.712191867817223e-05,0.0,0.0011331839442092,0.7105368589743591,0.7741386217948718,0.10398860398860398,0.13891114672364668,0.10416666666666667,0.10096153846153846,0.14102564102564102,0.1330128205128205,,0.0032051282051282076,0.008012820512820512,1.0317460317460319,1.0602409638554218,1,0.00026956703618798416,0,0,0,,,,
zm2_4,1,72,0.00030332753274547365,0.0044534176029962,5.564458689458334e-05,0.0,0.000801282051282,0.6369747150997151,0.23076923076923078,0.1482371794871795,0.10256410256410255,0.14903846153846154,0.14102564102564102,0.10256410256410256,0.10256410256410256,,0.008012820512820512,0.0,1.0568181818181819,1.0,0,0.00020369263285392145,0,0,0,,,,
zm2_4,2,72,0.0010830822707041318,0.0097873060612809,0.00015850517146455,0.0,0.0011331839442092,0.2982549857549857,0.3114761396011396,0.15527065527065528,0.1074608262108262,0.16025641025641027,0.14743589743589744,0.10897435897435898,0.10256410256410256,,0.01282051282051283,0.006410256410256415,1.0869565217391306,1.0625,1,0.00034286227344783706,0,0,0,,,,
zm2_4,3,72,0.00048689311862381803,0.0099890205441281,5.83449150543e-05,0.0,0.0011331839442092,0.4926549145299146,0.3221376424501424,0.11351495726495726,0.13759793447293445,0.11378205128205128,0.10737179487179487,0.13782051282051283,0.1330128205128205,,0.006410256410256415,0.004807692307692318,1.0597014925373134,1.036144578313253,1,0.00024293555340623978,0,0,0,,,,
zm2_4,4,72,0.0003468746018390125,0.0097699703734525,4.9125418028544446e-05,0.0,0.0011331839442092,0.6409366096866098,0.4351851851851851,0.12161680911680911,0.12611289173789172,0.12179487179487179,0.11858974358974358,0.1266025641025641,0.12179487179487179,,0.0032051282051282076,0.0048076923076923045,1.027027027027027,1.0394736842105263,0,0.00020536236761674193,0,0,0,,,,
zm2_4,5,72,0.001000580317054225,0.0103483119879784,0.00014276650557275557,0.0,0.0011331839442092,0.34837962962962954,0.4980524394586894,0.10830662393162394,0.1298744658119658,0.11378205128205128,0.10416666666666667,0.1346153846153846,0.12179487179487179,,0.009615384615384609,0.012820512820512817,1.0923076923076922,1.1052631578947367,1,0.00032320481018932227,0,0,0,,,,
zm2_4,6,72,0.003472636845367446,0.017550877643373,0.0005237768774733332,0.000801282051282,0.0022663678884184,0.8446848290598291,0.5324296652421653,0.15242165242165243,0.12504451566951566,0.19391025641025642,0.12980769230769232,0.1266025641025641,0.11858974358974358,,0.0625,0.006410256410256415,1.475609756097561,1.0540540540540542,1,0.0005525295432006548,0,0,0,,,,
zm2_4,7,72,0.0025012386254689915,0.0143983463638619,0.0003411775980400958,0.0,0.0016025641025641,0.0994702635327635,0.5547208867521367,0.13434829059829057,0.11104433760683764,0.13782051282051283,0.12179487179487179,0.11538461538461539,0.10737179487179487,,0.016025641025641038,0.004807692307692318,1.1315789473684212,1.0447761194029852,1,0.00044238773457570173,0,0,0,,,,
zm2_4,8,72,0.0010169918478078056,0.0092769607843137,0.00017806267806266804,0.0,0.0016025641025641,0.5338652955840456,0.6191573183760685,0.14630074786324784,0.10463408119658119,0.15544871794871795,0.1330128205128205,0.10576923076923077,0.10256410256410256,,0.02243589743589744,0.0032051282051282076,1.1686746987951808,1.03125,1,0.00035889680147338656,0,0,0,,,,
zm2_4,9,72,0.0007896456702070556,0.0100822813232408,0.00012050867081492222,0.0,0.0011331839442092,0.34805689102564097,0.7045272435897437,0.14260594729344725,0.10545762108262108,0.14903846153846154,0.1346153846153846,0.10737179487179487,0.10256410256410256,,0.014423076923076927,0.0048076923076923045,1.1071428571428572,1.046875,1,0.00030411590094820687,0,0,0,,,,
zm2_4,10,72,0.0010095817148641918,0.0057447139303482,0.00016693376068375,0.0,0.000801282051282,0.6928530092592594,0.854522792022792,0.14879362535612536,0.11008725071225073,0.15224358974358973,0.13782051282051283,0.11538461538461539,0.10576923076923077,,0.0144230769230769,0.009615384615384623,1.1046511627906974,1.090909090909091,0,0.0003254138069180132,0,0,0,,,,
zm2_5,1,72,0.0011948937252885265,0.0099407218128709,0.00018728217508842224,0.0,0.0011331839442092,0.48160389957264965,0.22715233262108261,0.11309205840455842,0.1438969017094017,0.11698717948717949,0.10737179487179487,0.15224358974358973,0.1346153846153846,,0.008012820512820526,0.01762820512820512,1.074626865671642,1.130952380952381,1,0.0003541731473740292,0,0,0,,,,
zm2_5,2,72,0.0012196453416327528,0.010120447404645,0.0002049302613333778,0.0,0.0011331839442092,0.6755698005698005,0.24344506766381763,0.14578881766381765,0.10507923789173787,0.16025641025641027,0.1362179487179487,0.10576923076923077,0.09935897435897435,,0.024038461538461564,0.006410256410256415,1.1764705882352944,1.0645161290322582,1,0.00035697930074786433,0,0,0,,,,
zm2_5,3,72,0.0009705485553836236,0.0080459770114942,0.00014467592592591668,0.0,0.000801282051282,0.2898526531339032,0.2964187143874644,0.14233885327635326,0.09626513532763531,0.14903846153846154,0.13141025641025642,0.09775641025641026,0.09455128205128205,,0.01762820512820512,0.0032051282051282076,1.1341463414634145,1.033898305084746,1,0.0003082127498247273,0,0,0,,,,
zm2_5,4,72,0.0006601448333163473,0.0091390139111825,0.00010477000492312778,0.0,0.0011331839442092,0.8437054843304844,0.3857060185185185,0.1251780626780627,0.13817663817663817,0.1266025641025641,0.12179487179487179,0.14102564102564102,0.1330128205128205,,0.0048076923076923045,0.008012820512820512,1.0394736842105263,1.0602409638554218,1,0.0002796377362368538,0,0,0,,,,
zm2_5,5,72,0.0008662358106074847,0.006555316091954,0.000133547008547,0.0,0.000801282051282,0.6183226495726496,0.38985710470085466,0.14725783475783474,0.09679932336182334,0.15064102564102563,0.13942307692307693,0.09935897435897435,0.09134615384615384,,0.011217948717948706,0.008012820512820512,1.0804597701149425,1.087719298245614,1,0.0002986201893028377,0,0,0,,,,
zm2_5,6,72,0.000750984533679007,0.008235294117647,0.00010016025641025001,0.0,0.000801282051282,0.3627025462962963,0.47751958689458696,0.13668536324786323,0.11298076923076923,0.14102564102564102,0.13141025641025642,0.11378205128205128,0.10897435897435898,,0.009615384615384609,0.0048076923076923045,1.073170731707317,1.0441176470588236,0,0.0002649991297139848,0,0,0,,,,
zm2_5,7,72,0.0016951857396288053,0.0093303195637359,0.0002540556793619223,0.0,0.0011331839442092,0.22448139245014243,0.5570468304843305,0.10890758547008549,0.14316239316239315,0.11217948717948718,0.10416666666666667,0.16185897435897437,0.1346153846153846,,0.008012820512820512,0.027243589743589758,1.0769230769230769,1.2023809523809526,1,0.00038661783932739845,0,0,0,,,,
zm2_5,8,72,0.0019820351024525777,0.0137883771929824,0.0002586654278748,0.0,0.0011331839442092,0.5245170049857549,0.5570579594017094,0.11211271367521371,0.12466613247863248,0.1266025641025641,0.10737179487179487,0.14262820512820512,0.11538461538461539,,0.019230769230769232,0.02724358974358973,1.1791044776119404,1.236111111111111,1,0.0003950028355221118,0,0,0,,,,
zm2_5,9,72,0.0015997379849672264,0.0088463256612969,0.00023640759311696668,0.0,0.0011331839442092,0.6464454237891738,0.7217548076923076,0.12600160256410253,0.13835470085470084,0.1346153846153846,0.11698717948717949,0.15224358974358973,0.12980769230769232,,0.01762820512820512,0.02243589743589741,1.1506849315068493,1.1728395061728394,1,0.0003862792902459983,0,0,0,,,,
zm2_5,10,72,0.001156160564803657,0.0098800880822544,0.00018267242657554446,0.0,0.0011331839442092,0.41123575498575493,0.7322271189458688,0.15852029914529916,0.10396634615384613,0.16346153846153846,0.15224358974358973,0.10576923076923077,0.09935897435897435,,0.011217948717948734,0.006410256410256415,1.0736842105263158,1.0645161290322582,1,0.00034384097232550753,0,0,0,,,,
zm2_6,1,72,0.0015914869569495639,0.0110760757365754,0.00022066892722517222,0.0,0.0011331839442092,0.606414707977208,0.17915331196581194,0.11814458689458689,0.1013176638176638,0.12179487179487179,0.11057692307692307,0.10256410256410256,0.09935897435897435,,0.01121794871794872,0.0,1.1014492753623188,1.0,1,0.00037225080419220965,0,0,0,,,,
zm2_6,2,72,0.0010836593104133403,0.0096679890214712,0.00015389542295167225,0.0,0.0011331839442092,0.3884103454415954,0.22524928774928782,0.10334312678062678,0.14992877492877493,0.10737179487179487,0.09935897435897435,0.16185897435897437,0.14262820512820512,,0.008012820512820512,0.019230769230769246,1.0806451612903225,1.1348314606741574,1,0.0003317788796524328,0,0,0,,,,
zm2_6,3,72,0.0009254850655280847,0.0104164331742683,0.00012702783968096112,0.0,0.0011331839442092,0.6958021723646721,0.3296941773504274,0.09588675213675214,0.13819889601139598,0.09615384615384616,0.09455128205128205,0.14583333333333334,0.1266025641025641,,0.0,0.019230769230769246,1.0,1.1518987341772153,1,0.00030145107214456045,0,0,0,,,,
zm2_6,4,72,0.001020378365610011,0.0168893595392569,0.00013426476921124303,0.0,0.0017917211358171,0.49246572293447294,0.3994502314814815,0.0979122150997151,0.13708600427350426,0.09935897435897435,0.09455128205128205,0.13942307692307693,0.12980769230769232,,0.0032051282051282076,0.009615384615384609,1.033898305084746,1.074074074074074,1,0.00035306005110105463,0,0,0,,,,
zm2_6,5,72,0.0008748275886317306,0.0055208333333333,0.000133547008547,0.0,0.000801282051282,0.17264289529914528,0.4126379985754985,0.11927973646723647,0.12050391737891737,0.1233974358974359,0.11057692307692307,0.12179487179487179,0.11858974358974358,,0.01282051282051283,0.0032051282051282076,1.1159420289855073,1.027027027027027,1,0.00029862018930283766,0,0,0,,,,
zm2_6,6,72,0.0009397525895861376,0.0142915411646586,0.00012241809116808334,0.0,0.000801282051282,0.7680956196581198,0.48641159188034183,0.10443376068376067,0.13592859686609685,0.10737179487179487,0.09775641025641026,0.13782051282051283,0.1266025641025641,,0.009615384615384609,0.011217948717948734,1.0983606557377048,1.0886075949367089,1,0.00028827977757718543,0,0,0,,,,
zm2_6,7,72,0.0016953911795215984,0.0114894278606965,0.00020954000984625972,0.0,0.0016025641025641,0.4396812678062678,0.593727742165242,0.10425569800569799,0.11311431623931625,0.10737179487179487,0.09775641025641026,0.12179487179487179,0.10737179487179487,,0.008012820512820512,0.014423076923076927,1.0819672131147542,1.1343283582089552,1,0.0004335267346631911,0,0,0,,,,
zm2_6,8,72,0.0010864786725022582,0.0069306930693069,0.0001780626780626667,0.0,0.000801282051282,0.28042646011396016,0.6338586182336182,0.14725783475783474,0.10701566951566949,0.16346153846153846,0.13782051282051283,0.10737179487179487,0.10416666666666667,,0.025641025641025633,0.0032051282051281937,1.1860465116279069,1.0307692307692307,1,0.00033312476734096336,0,0,0,,,,
zm2_6,9,72,0.001775409972012136,0.0099647867804288,0.0002298884242509278,0.0,0.0011331839442092,0.6714966168091168,0.6824140847578347,0.11453881766381767,0.13739761396011396,0.1233974358974359,0.10897435897435898,0.15064102564102563,0.13141025641025642,,0.014423076923076927,0.019230769230769218,1.1323529411764706,1.146341463414634,1,0.0003901942497676469,0,0,0,,,,
zm2_6,10,72,0.0013232192154693598,0.0129060734463276,0.00018267242657554582,0.0,0.0016025641025641,0.5242165242165242,0.8216924857549857,0.09094551282051283,0.1258903133903134,0.09455128205128205,0.08814102564102565,0.1330128205128205,0.11698717948717949,,0.0048076923076923045,0.016025641025641024,1.0545454545454545,1.136986301369863,1,0.00036886504001003794,0,0,0,,,,
zm2_7,1,72,0.0007038381271409166,0.0055932971014492,0.00011128917378916668,0.0,0.000801282051282,0.6001157407407407,0.20729834401709402,0.14681267806267806,0.11727653133903135,0.14903846153846154,0.14423076923076922,0.1201923076923077,0.10897435897435898,,0.004807692307692318,0.01121794871794872,1.0333333333333334,1.1029411764705883,1,0.0002771078080036491,0,0,0,,,,
zm2_7,2,72,0.0010176040255536042,0.0050662878787878,0.00016693376068375,0.0,0.000801282051282,0.3440949964387464,0.30294025997151,0.13187767094017092,0.12996349715099714,0.1346153846153846,0.12179487179487179,0.1330128205128205,0.12179487179487179,,0.012820512820512817,0.01121794871794872,1.1052631578947367,1.0921052631578947,0,0.00032541380691801313,0,0,0,,,,
zm2_7,3,72,0.0008858062506599,0.0102521929824561,0.0001224180911680847,0.0,0.0016025641025641,0.784866898148148,0.33539218304843293,0.1184784544159544,0.08335559116809117,0.1201923076923077,0.11378205128205128,0.08493589743589744,0.08012820512820513,,0.006410256410256415,0.0048076923076923045,1.0563380281690142,1.06,0,0.00031771061306133295,0,0,0,,,,
zm2_7,4,72,0.0008968523379364512,0.0097222222222222,0.000133547008547,0.0,0.000801282051282,0.5021923967236467,0.3647836538461538,0.1161636396011396,0.13875534188034186,0.11698717948717949,0.11217948717948718,0.14903846153846154,0.13141025641025642,,0.0048076923076923045,0.01762820512820512,1.042857142857143,1.1341463414634145,1,0.0002986201893028375,0,0,0,,,,
zm2_7,5,72,0.001026067513439036,0.0113426301697965,0.00013163758819384166,0.0,0.0016025641025641,0.21728098290598286,0.4807692307692307,0.10830662393162396,0.1083956552706553,0.10897435897435898,0.10096153846153846,0.10897435897435898,0.10256410256410256,,0.008012820512820512,0.006410256410256415,1.0793650793650793,1.0625,0,0.0003664251288534508,0,0,0,,,,
zm2_7,6,72,0.000760129407270911,0.0051874999999999,0.00012241809116808334,0.0,0.000801282051282,0.38490473646723644,0.5001558048433048,0.1268696581196581,0.12384259259259262,0.13141025641025642,0.12179487179487179,0.125,0.11858974358974358,,0.008012820512820526,0.006410256410256415,1.0657894736842106,1.0540540540540542,1,0.00028827977757718543,0,0,0,,,,
zm2_7,7,72,0.0015990856382574474,0.0100822813232408,0.00025405567936192223,0.0,0.0011331839442092,0.6494613603988605,0.5077791132478633,0.10461182336182334,0.14469818376068375,0.10737179487179487,0.10096153846153846,0.15865384615384615,0.1362179487179487,,0.0032051282051282076,0.02243589743589744,1.0317460317460319,1.1647058823529413,1,0.0003866178393273984,0,0,0,,,,
zm2_7,8,72,0.0012751233321726236,0.0098591549295774,0.0001780626780626667,0.0,0.000801282051282,0.6838719729344729,0.7050836894586896,0.12388710826210828,0.1176994301994302,0.1330128205128205,0.11057692307692307,0.11858974358974358,0.11217948717948718,,0.02243589743589744,0.006410256410256401,1.2028985507246377,1.0571428571428572,1,0.00033312476734096325,0,0,0,,,,
zm2_7,9,72,0.00112368944135385,0.006555316091954,0.00018919159544158334,0.0,0.000801282051282,0.28804976851851843,0.7243701032763533,0.14309561965811965,0.0954193376068376,0.15544871794871795,0.1330128205128205,0.09615384615384616,0.09134615384615384,,0.02243589743589744,0.004807692307692318,1.1686746987951808,1.0526315789473686,1,0.00034029747265446243,0,0,0,,,,
zm2_7,10,72,0.0013902526585502376,0.0161739412988777,0.00018331704009748052,0.0,0.0017917211358171,0.5197538283475782,0.7651464565527067,0.11643073361823363,0.10872952279202282,0.11698717948717949,0.11217948717948718,0.10897435897435898,0.10576923076923077,,0.0048076923076923045,0.0016025641025641107,1.042857142857143,1.0149253731343284,0,0.00048364957891815734,0,0,0,,,,
zm2_8,1,72,0.0017605324722719975,0.0123477886212295,0.00027187448010413334,0.0,0.0017917211358171,0.4658230947293447,0.23853721509971507,0.12604611823361822,0.15945512820512822,0.14423076923076922,0.1233974358974359,0.18108974358974358,0.15224358974358973,,0.020833333333333315,0.028846153846153855,1.1688311688311688,1.1894736842105265,1,0.0005233191522954778,0,0,0,,,,
zm2_8,2,72,0.0026567874505686764,0.0148237179487179,0.00040661314834005693,0.0,0.0017917211358171,0.655048076923077,0.2782451923076923,0.13933404558404558,0.10474537037037036,0.17307692307692307,0.11858974358974358,0.11378205128205128,0.10096153846153846,,0.05448717948717949,0.012820512820512817,1.4594594594594594,1.126984126984127,1,0.0005623214755609437,0,0,0,,,,
zm2_8,3,72,0.0011011959064913682,0.0109008215962441,0.00018919159544158472,0.0,0.0016025641025641,0.22504896723646725,0.31037437678062685,0.11213497150997151,0.14358529202279202,0.11378205128205128,0.11057692307692307,0.15384615384615385,0.1330128205128205,,0.0032051282051282076,0.020833333333333343,1.028985507246377,1.1566265060240966,1,0.00036556418504398217,0,0,0,,,,
zm2_8,4,72,0.0009848952166999333,0.008433734939759,0.00014467592592591668,0.0,0.000801282051282,0.7864026887464388,0.4496527777777778,0.13650730056980054,0.12829415954415951,0.14102564102564102,0.1282051282051282,0.13141025641025642,0.1201923076923077,,0.01282051282051283,0.01121794871794872,1.1,1.0933333333333333,0,0.0003082127498247274,0,0,0,,,,
zm2_8,5,72,0.003365649659098371,0.0210789674385613,0.0004804920382588153,0.0,0.0028890635220064,0.3777822293447293,0.47009659900284895,0.14610042735042736,0.11861200142450141,0.17467948717948717,0.12980769230769232,0.14583333333333334,0.11378205128205128,,0.04487179487179485,0.03205128205128206,1.3456790123456788,1.2816901408450705,1,0.000707357296092932,0,0,0,,,,
zm2_8,6,72,0.0007194901157480555,0.0093118871680916,0.00011589892230204445,0.0,0.0011331839442092,0.563156606125356,0.47709668803418814,0.12631321225071224,0.14302884615384612,0.12980769230769232,0.1201923076923077,0.14583333333333334,0.13782051282051283,,0.009615384615384623,0.008012820512820512,1.08,1.0581395348837208,0,0.0002909619545824084,0,0,0,,,,
zm2_8,7,72,0.0011020918942061834,0.010294854021214,0.00016041459181771113,0.0,0.0011331839442092,0.10225249287749286,0.5755097044159544,0.10162927350427349,0.14563301282051283,0.10256410256410256,0.09615384615384616,0.15705128205128205,0.1362179487179487,,0.006410256410256401,0.020833333333333343,1.0666666666666667,1.1529411764705884,1,0.00032867641369719995,0,0,0,,,,
zm2_8,8,72,0.0006664616094208654,0.0076086956521739,6.67735042735e-05,0.0,0.000801282051282,0.7003205128205128,0.6552706552706553,0.1499287749287749,0.11195690883190884,0.15064102564102563,0.14423076923076922,0.11698717948717949,0.10737179487179487,,0.006410256410256415,0.009615384615384623,1.0444444444444445,1.0895522388059702,0,0.00022146265961239223,0,0,0,,,,
zm2_8,9,72,0.0010186424352337264,0.0148271426956128,0.0001316375881938389,0.0,0.0011331839442092,0.4884926994301993,0.6780849358974358,0.10754985754985756,0.14360754985754984,0.10897435897435898,0.09935897435897435,0.14903846153846154,0.1346153846153846,,0.009615384615384623,0.014423076923076927,1.0967741935483872,1.1071428571428572,1,0.0003140028153879424,0,0,0,,,,
zm2_9,1,72,0.0005477465281530375,0.010324704836738,8.251217016529444e-05,0.0,0.0011331839442092,0.4880698005698005,0.23794738247863245,0.13078703703703703,0.10730502136752135,0.13141025641025642,0.1233974358974359,0.10737179487179487,0.10576923076923077,,0.008012820512820512,0.0016025641025640969,1.0649350649350648,1.0151515151515151,0,0.000254029438731076,0,0,0,,,,
zm2_9,2,72,0.0014952949896099054,0.0140608375637035,0.00019642852497186666,0.0,0.0017917211358171,0.6596331908831908,0.264690170940171,0.12811609686609687,0.14124821937321932,0.12980769230769232,0.11378205128205128,0.14583333333333334,0.13141025641025642,,0.016025641025641038,0.014423076923076927,1.1408450704225352,1.1097560975609757,0,0.00040806381208542713,0,0,0,,,,
zm2_9,3,72,0.0008764263831210944,0.0096562682333945,0.00011589892230204445,0.0,0.0011331839442092,0.2942597044159544,0.3572605056980057,0.1569845085470086,0.10296474358974356,0.16025641025641027,0.14903846153846154,0.10416666666666667,0.10096153846153846,,0.011217948717948734,0.0032051282051282076,1.0752688172043012,1.0317460317460319,0,0.0002909619545824083,0,0,0,,,,
zm2_9,4,72,0.004250378592532212,0.0157785087719298,0.0005521531292148375,0.000801282051282,0.0017917211358171,0.7397280092592593,0.40333422364672367,0.13245637464387464,0.13764245014245013,0.16506410256410256,0.11858974358974358,0.17307692307692307,0.125,,0.046474358974358976,0.04807692307692307,1.3918918918918919,1.3846153846153846,1,0.0005068759531597923,0,0,0,,,,
zm2_9,5,72,0.00434101305676628,0.0168317889165015,0.0005857105958488416,0.0,0.0022663678884184,0.4475939280626781,0.46525551994301995,0.1464788105413105,0.11315883190883191,0.1987179487179487,0.12980769230769232,0.15064102564102563,0.10096153846153846,,0.06891025641025639,0.04967948717948717,1.530864197530864,1.4920634920634919,1,0.0007036894642010277,0,0,0,,,,
zm2_9,6,72,0.0014614553467242931,0.0138372569224265,0.00019841109246733892,0.0,0.0011331839442092,0.24432425213675213,0.4875356125356125,0.12985220797720795,0.14009081196581194,0.1346153846153846,0.11858974358974358,0.14262820512820512,0.13141025641025642,,0.016025641025641024,0.011217948717948706,1.135135135135135,1.0853658536585364,0,0.00036064341330255777,0,0,0,,,,
zm2_9,7,72,0.0005883060374009235,0.0058238636363636,0.00010016025641025001,0.0,0.000801282051282,0.6232861467236469,0.5662838319088319,0.15362357549857547,0.1070156695156695,0.15705128205128205,0.14743589743589744,0.10897435897435898,0.10416666666666667,,0.009615384615384609,0.0048076923076923045,1.0652173913043477,1.0461538461538462,0,0.00026499912971398475,0,0,0,,,,
zm2_9,8,72,0.001441529852465528,0.0102169454620223,0.00022066892722517222,0.0,0.0011331839442092,0.7445802172364672,0.6123575498575499,0.1370414886039886,0.11712072649572648,0.14102564102564102,0.1282051282051282,0.1201923076923077,0.10576923076923077,,0.01282051282051283,0.014423076923076927,1.1,1.1363636363636365,0,0.00037225080419220954,0,0,0,,,,
zm2_9,9,72,0.005637495551330071,0.1664214368179923,0.0007562919711650722,0.0,0.0248913855240529,0.31203258547008544,0.6787637998575499,0.15193198005698008,0.10539084757834757,0.1907051282051282,0.1362179487179487,0.12179487179487179,0.09134615384615384,,0.051282051282051266,0.03044871794871795,1.3678160919540228,1.3333333333333335,1,0.0029119040551617583,0,0,0,,,,
zm2_9,10,72,0.000722964914807857,0.0058238636363636,0.00011128917378916668,0.0,0.000801282051282,0.48172631766381774,0.756321225071225,0.1306980056980057,0.10844017094017094,0.1330128205128205,0.1233974358974359,0.11057692307692307,0.10416666666666667,,0.009615384615384609,0.006410256410256401,1.077922077922078,1.0615384615384615,0,0.0002771078080036491,0,0,0,,,,
zm3_1,1,72,0.0006347372493571986,0.0100450802020338,8.251217016529444e-05,0.0,0.0011331839442092,0.2802817841880343,0.26135149572649574,0.1592548076923077,0.1022079772079772,0.16025641025641027,0.14903846153846154,0.10256410256410256,0.09775641025641026,,0.011217948717948734,0.0048076923076923045,1.0752688172043012,1.0491803278688525,0,0.0002540294387310762,0,0,0,,,,
zm3_1,2,72,0.001121775929071686,0.0094169124908639,0.0001604145918177111,0.0,0.0011331839442092,0.6036769943019943,0.2657251602564103,0.11636396011396011,0.15409099002849,0.11858974358974358,0.10897435897435898,0.15705128205128205,0.14423076923076922,,0.008012820512820512,0.01282051282051283,1.0735294117647058,1.088888888888889,0,0.00032867641369719995,0,0,0,,,,
zm3_1,3,72,0.0018635064775927987,0.018298245614035,0.00022066892722517222,0.0,0.0011331839442092,0.40708466880341876,0.33015046296296297,0.13477118945868943,0.13038639601139598,0.14743589743589744,0.11698717948717949,0.1346153846153846,0.11858974358974358,,0.03044871794871795,0.016025641025641024,1.2602739726027397,1.135135135135135,0,0.0003722508041922095,0,0,0,,,,
zm3_1,4,72,0.0014351915400395822,0.0151338204981805,0.00017417069021403195,0.0,0.0017917211358171,0.21160523504273498,0.46144943019943013,0.16484152421652423,0.10884081196581197,0.16987179487179488,0.14743589743589744,0.11057692307692307,0.10576923076923077,,0.02243589743589744,0.0048076923076923045,1.1521739130434783,1.0454545454545454,1,0.00037295469408893655,0,0,0,,,,
zm3_1,5,72,0.0012477572050090362,0.0084884751773049,0.00023370726495725141,0.0,0.0016025641025641,0.47845441595441596,0.5313279024216524,0.14463141025641024,0.15360131766381768,0.15064102564102563,0.13942307692307693,0.15865384615384615,0.14262820512820512,,0.011217948717948706,0.016025641025641024,1.0804597701149425,1.1123595505617978,1,0.00038791900502876774,0,0,0,,,,
zm3_1,6,72,0.002361004764246885,0.0299051565794134,0.0003312974747518458,0.0,0.0040857528153788,0.7533052884615383,0.5394074964387463,0.13904469373219372,0.11358173076923078,0.14423076923076922,0.12980769230769232,0.11538461538461539,0.11217948717948718,,0.0144230769230769,0.0016025641025640969,1.111111111111111,1.0142857142857142,1,0.0007047164691889169,0,0,0,,,,
zm3_1,7,72,0.0014238529459147623,0.005126096491228,0.00023370726495725,0.0,0.000801282051282,0.28865073005698005,0.6936431623931623,0.13134348290598286,0.12446581196581197,0.1330128205128205,0.1266025641025641,0.125,0.1201923076923077,,0.006410256410256415,0.0048076923076923045,1.0506329113924051,1.04,0,0.0003642064675025043,0,0,0,,,,
zm3_1,8,72,0.0007604003856021555,0.0057447139303482,0.00012241809116808334,0.0,0.000801282051282,0.7520811075498575,0.7148660078347577,0.13877759971509968,0.10921919515669519,0.14262820512820512,0.13141025641025642,0.11057692307692307,0.10576923076923077,,0.011217948717948706,0.0032051282051282076,1.0853658536585364,1.0303030303030303,0,0.00028827977757718543,0,0,0,,,,
zm3_1,9,72,0.0006234557488793472,0.0083333333333333,8.903133903133333e-05,0.0,0.000801282051282,0.5239494301994303,0.7522925569800568,0.1404469373219373,0.14107015669515666,0.14102564102564102,0.13782051282051283,0.14262820512820512,0.12980769230769232,,0.0032051282051281937,0.012820512820512803,1.0232558139534882,1.0987654320987652,1,0.0002518186542686973,0,0,0,,,,
zm3_10,1,72,0.0013989774833578596,0.0127564385037211,0.00018076300622238336,0.0,0.0011331839442092,0.5873286146723647,0.2440571581196581,0.14207175925925924,0.11574074074074076,0.15544871794871795,0.1346153846153846,0.125,0.11057692307692307,,0.020833333333333343,0.014423076923076927,1.1547619047619049,1.1304347826086958,1,0.0003575443567001512,0,0,0,,,,
zm3_10,2,72,0.0010754205990058654,0.0050662878787878,0.0001780626780626667,0.0,0.000801282051282,0.37711449430199434,0.2897636217948718,0.12580128205128205,0.12920673076923073,0.1330128205128205,0.1233974358974359,0.13782051282051283,0.12179487179487179,,0.009615384615384609,0.016025641025641038,1.077922077922078,1.1315789473684212,1,0.0003331247673409635,0,0,0,,,,
zm3_10,3,72,0.001106887304697007,0.0053153538812785,0.0001780626780626667,0.0,0.000801282051282,0.7316595441595442,0.3341012286324786,0.12308582621082621,0.12528935185185186,0.125,0.11538461538461539,0.1362179487179487,0.1201923076923077,,0.009615384615384609,0.01602564102564101,1.0833333333333333,1.1333333333333333,1,0.0003331247673409634,0,0,0,,,,
zm3_10,4,72,0.0012873223293860278,0.0104811932196499,0.00016963408884346665,0.0,0.0011331839442092,0.2574563746438746,0.43074474715099714,0.135906339031339,0.10133992165242163,0.14903846153846154,0.1282051282051282,0.10737179487179487,0.09775641025641026,,0.020833333333333343,0.009615384615384609,1.1625,1.0983606557377048,1,0.0003504569953403681,0,0,0,,,,
zm3_10,5,72,0.0018302260171829876,0.0146318710068296,0.00026057484822796114,0.0,0.0011331839442092,0.7261507300569799,0.5089365206552705,0.15177617521367523,0.11371527777777778,0.16025641025641027,0.14102564102564102,0.11698717948717949,0.10416666666666667,,0.019230769230769246,0.012820512820512817,1.1363636363636365,1.123076923076923,1,0.0003822543529813713,0,0,0,,,,
zm3_10,6,72,0.0009327535336747651,0.009327478654645,0.00014928567443879445,0.0,0.0011331839442092,0.5024594907407407,0.5336538461538461,0.11856748575498575,0.13986823361823358,0.1233974358974359,0.11378205128205128,0.14583333333333334,0.1330128205128205,,0.009615384615384623,0.01282051282051283,1.0845070422535212,1.0963855421686748,1,0.0003202458615662715,0,0,0,,,,
zm3_10,7,72,0.0012227337709143835,0.0174383580964998,0.0001630417728351153,0.0,0.0017917211358171,0.26708288817663817,0.5820646367521367,0.12844996438746437,0.09415064102564102,0.13141025641025642,0.11698717948717949,0.09615384615384616,0.08974358974358974,,0.01282051282051283,0.006410256410256415,1.1095890410958904,1.0714285714285714,0,0.0003659653149377151,0,0,0,,,,
zm3_10,8,72,0.0011561038935522432,0.0139823717948717,0.00015389542295167225,0.0,0.0011331839442092,0.6656316773504274,0.6589988425925927,0.12230680199430201,0.12511128917378916,0.1282051282051282,0.11858974358974358,0.13141025641025642,0.1201923076923077,,0.009615384615384609,0.01121794871794872,1.0810810810810811,1.0933333333333333,1,0.0003317788796524328,0,0,0,,,,
zm3_10,9,72,0.0017575953610500918,0.0098368090437222,0.00028744243149867225,0.0,0.0011331839442092,0.45271323005698005,0.7455039173789175,0.12546741452991453,0.1402688746438746,0.12980769230769232,0.11538461538461539,0.15384615384615385,0.125,,0.014423076923076927,0.028846153846153855,1.125,1.2307692307692308,0,0.00039767662203622615,0,0,0,,,,
zm3_11,1,72,0.0008606841555353346,0.0110240615182521,0.00011589892230204445,0.0,0.0011331839442092,0.37550080128205127,0.1884793447293447,0.127693198005698,0.09726673789173788,0.13141025641025642,0.1233974358974359,0.10096153846153846,0.09134615384615384,,0.008012820512820512,0.009615384615384623,1.0649350649350648,1.105263157894737,0,0.00029096195458240824,0,0,0,,,,
zm3_11,2,72,0.0012323965243856486,0.0121301665505533,0.00015389542295167225,0.0,0.0011331839442092,0.6356615028490028,0.2355435363247863,0.10875178062678065,0.10151798433048431,0.11217948717948718,0.09935897435897435,0.10416666666666667,0.09294871794871795,,0.01282051282051283,0.01121794871794872,1.1290322580645162,1.1206896551724137,0,0.0003317788796524331,0,0,0,,,,
zm3_11,3,72,0.0023425355145000417,0.0115840271908546,0.00028092326263263334,0.0,0.0011331839442092,0.4947360220797721,0.3438056445868946,0.10605858262108263,0.12337517806267807,0.11698717948717949,0.09134615384615384,0.13141025641025642,0.11057692307692307,,0.025641025641025647,0.020833333333333343,1.280701754385965,1.1884057971014494,1,0.0004023082992579831,0,0,0,,,,
zm3_11,4,72,0.0006810961671855583,0.009652681846715,9.825083605708889e-05,0.0,0.0011331839442092,0.2199407941595441,0.3751669337606837,0.14986200142450143,0.10779469373219373,0.15384615384615385,0.14583333333333334,0.10897435897435898,0.10576923076923077,,0.008012820512820512,0.0016025641025641107,1.054945054945055,1.0149253731343284,0,0.0002819943096471083,0,0,0,,,,
zm3_11,5,72,0.001130009967388875,0.008433734939759,0.00015580484330483335,0.0,0.000801282051282,0.7742499109686611,0.39515446937321935,0.10294248575498573,0.13766470797720798,0.10576923076923077,0.09615384615384616,0.14262820512820512,0.1282051282051282,,0.009615384615384609,0.01282051282051283,1.0999999999999999,1.1,0,0.0003171253305015603,0,0,0,,,,
zm3_11,6,72,0.0006352994107609957,0.0101449275362318,8.903133903133334e-05,0.0,0.000801282051282,0.36882345085470086,0.46875,0.14358529202279202,0.11030982905982908,0.14583333333333334,0.1362179487179487,0.11057692307692307,0.10737179487179487,,0.009615384615384637,0.0032051282051282076,1.0705882352941178,1.0298507462686568,0,0.0002518186542686973,0,0,0,,,,
zm3_11,7,72,0.001407286143745747,0.0097288952227283,0.00022066892722517222,0.0,0.0011331839442092,0.5321514423076922,0.5452501780626781,0.1336582977207977,0.11787749287749288,0.14743589743589744,0.1282051282051282,0.12179487179487179,0.11217948717948718,,0.019230769230769246,0.008012820512820512,1.1500000000000001,1.0714285714285714,1,0.00037225080419220943,0,0,0,,,,
zm3_11,8,72,0.0019117433172688774,0.0136818820224719,0.0002317978446040889,0.0,0.0011331839442092,0.766570957977208,0.6240317841880343,0.1153178418803419,0.1367298789173789,0.13141025641025642,0.11217948717948718,0.15544871794871795,0.13141025641025642,,0.019230769230769232,0.02243589743589744,1.1714285714285715,1.1686746987951808,1,0.0003774289305912835,0,0,0,,,,
zm3_11,9,72,0.0033557312462483904,0.0155123445036811,0.0004415085689476014,0.0,0.0017917211358171,0.29486066595441596,0.6305199430199431,0.13837695868945865,0.12526709401709402,0.17467948717948717,0.1266025641025641,0.15224358974358973,0.11378205128205128,,0.04807692307692307,0.03846153846153845,1.379746835443038,1.3380281690140845,1,0.0005676966485805604,0,0,0,,,,
zm3_11,10,72,0.0009115231066630181,0.0099913772560436,0.00013815675705987777,0.0,0.0011331839442092,0.5781695156695156,0.6995081018518519,0.14868233618233617,0.1041889245014245,0.15224358974358973,0.14102564102564102,0.10737179487179487,0.09775641025641026,,0.011217948717948706,0.009615384615384609,1.0795454545454544,1.0983606557377048,0,0.00031118954541523524,0,0,0,,,,
zm3_12,1,72,0.0016020488314421918,0.008235294117647,0.00022257834757833335,0.0,0.000801282051282,0.4220419337606838,0.21494391025641024,0.1308538105413105,0.10532407407407406,0.14903846153846154,0.11538461538461539,0.10576923076923077,0.10256410256410256,,0.033653846153846145,0.0016025641025641107,1.2916666666666665,1.015625,1,0.00035889680147338125,0,0,0,,,,
zm3_12,2,72,0.0010793715803734693,0.0077777777777777,0.00016693376068375,0.0,0.000801282051282,0.6541243767806267,0.29868901353276356,0.127559650997151,0.1467013888888889,0.13141025641025642,0.12179487179487179,0.15064102564102563,0.13782051282051283,,0.009615384615384623,0.011217948717948706,1.0789473684210527,1.0804597701149425,1,0.0003254138069180132,0,0,0,,,,
zm3_12,3,72,0.0006580886394330653,0.0099876708853218,8.251217016529444e-05,0.0,0.0011331839442092,0.2684851317663818,0.34883591524216534,0.14443108974358976,0.10694889601139598,0.14583333333333334,0.1346153846153846,0.10737179487179487,0.10416666666666667,,0.011217948717948734,0.0016025641025640969,1.0833333333333335,1.0151515151515151,0,0.00025402943873107617,0,0,0,,,,
zm3_12,4,72,0.0016149729462960971,0.0072916666666666,0.00023370726495725,0.0,0.000801282051282,0.4525017806267806,0.4522235576923076,0.14391915954415951,0.09719996438746438,0.15544871794871795,0.1362179487179487,0.09935897435897435,0.09455128205128205,,0.019230769230769246,0.0048076923076923045,1.1411764705882355,1.0508474576271185,1,0.0003642064675025043,0,0,0,,,,
zm3_12,5,72,0.000970913621217318,0.0131009615384615,0.00016693376068375136,0.0,0.0024038461538461,0.6750356125356125,0.45546207264957267,0.13804309116809113,0.11120014245014248,0.14583333333333334,0.13141025641025642,0.11217948717948718,0.10897435897435898,,0.014423076923076927,0.0032051282051282076,1.1097560975609757,1.0294117647058825,1,0.000399247487416562,0,0,0,,,,
zm3_12,6,72,0.0009170096053019208,0.010814168093448,0.00012702783968096112,0.0,0.0011331839442092,0.20126647079772084,0.4735465633903135,0.10142895299145298,0.13713051994301992,0.10416666666666667,0.09294871794871795,0.13942307692307693,0.13141025641025642,,0.01121794871794872,0.008012820512820512,1.1206896551724137,1.0609756097560976,1,0.00030145107214456045,0,0,0,,,,
zm3_12,7,72,0.001460839130226368,0.010016639800786,0.0002252786757380514,0.0,0.0016025641025641,0.37394275284900286,0.6247106481481481,0.14340722934472933,0.11409366096866098,0.14743589743589744,0.1346153846153846,0.11538461538461539,0.10576923076923077,,0.01282051282051283,0.009615384615384623,1.0952380952380953,1.090909090909091,1,0.000404063312068728,0,0,0,,,,
zm3_12,8,72,0.000934570558319211,0.0078651685393258,0.00012241809116808334,0.0,0.000801282051282,0.7057848112535612,0.6407029024216524,0.10988693019943022,0.1446091524216524,0.11217948717948718,0.09935897435897435,0.14743589743589744,0.13942307692307693,,0.01282051282051283,0.008012820512820512,1.1290322580645162,1.0574712643678161,0,0.0002882797775771854,0,0,0,,,,
zm3_12,9,72,0.0005666353554031999,0.0057447139303482,8.903133903133334e-05,0.0,0.000801282051282,0.5500801282051282,0.6876112891737891,0.11084401709401712,0.13937856125356124,0.11217948717948718,0.10576923076923077,0.14102564102564102,0.1346153846153846,,0.006410256410256415,0.006410256410256415,1.0606060606060606,1.0476190476190477,0,0.0002518186542686973,0,0,0,,,,
zm3_12,10,72,0.0004590371893467736,0.0078651685393258,5.564458689458334e-05,0.0,0.000801282051282,0.23540998931623935,0.6931423611111112,0.10864049145299148,0.14176014957264954,0.10897435897435898,0.10576923076923077,0.14262820512820512,0.1346153846153846,,0.0032051282051282076,0.008012820512820512,1.0303030303030303,1.0595238095238095,0,0.00020369263285392145,0,0,0,,,,
zm3_2,1,72,0.00038660393779098474,0.0047377008032128,6.67735042735e-05,0.0,0.000801282051282,0.5950520833333333,0.25139111467236464,0.13521634615384615,0.13753116096866094,0.13782051282051283,0.13141025641025642,0.13782051282051283,0.1362179487179487,,0.006410256410256415,0.0,1.048780487804878,1.0,0,0.00022146265961239236,0,0,0,,,,
zm3_2,2,72,0.001758934092608585,0.013479393115942,0.0002521462590087612,0.0,0.0011331839442092,0.35080573361823364,0.298488693019943,0.1554042022792023,0.10187410968660966,0.1778846153846154,0.14262820512820512,0.10416666666666667,0.09775641025641026,,0.03525641025641027,0.0048076923076923045,1.2471910112359552,1.0491803278688525,1,0.0003991958262758401,0,0,0,,,,
zm3_2,3,72,0.0033059991490851748,0.012380256464109,0.0005381775893915888,0.0,0.0017917211358171,0.2689636752136752,0.4093549679487179,0.1536680911680912,0.12137197293447294,0.20352564102564102,0.13782051282051283,0.1266025641025641,0.11538461538461539,,0.0657051282051282,0.011217948717948706,1.4767441860465116,1.097222222222222,1,0.0006229666242802302,0,0,0,,,,
zm3_2,4,72,0.000725367069078982,0.0063541666666666,0.00011128917378916668,0.0,0.000801282051282,0.7490095263532763,0.43298165954415946,0.14131499287749286,0.09610933048433047,0.14423076923076922,0.1362179487179487,0.09775641025641026,0.09455128205128205,,0.006410256410256415,0.0032051282051282076,1.0470588235294118,1.033898305084746,0,0.0002771078080036491,0,0,0,,,,
zm3_2,5,72,0.0004827664412778889,0.0102731775340788,7.138325278637777e-05,0.0,0.0011331839442092,0.5164151531339033,0.4700186965811965,0.10334312678062677,0.13100961538461536,0.10416666666666667,0.10256410256410256,0.1330128205128205,0.1233974358974359,,0.0016025641025641107,0.009615384615384609,1.015625,1.077922077922078,1,0.00023942899457484642,0,0,0,,,,
zm3_2,6,72,0.000525087308866282,0.0098121715169267,6.025433540746111e-05,0.0,0.0011331839442092,0.2361667556980057,0.5779914529914529,0.1482594373219373,0.10430021367521367,0.14903846153846154,0.14102564102564102,0.10576923076923077,0.10416666666666667,,0.008012820512820512,-0.0016025641025640969,1.0568181818181819,0.9848484848484849,0,0.0002233244848648813,0,0,0,,,,
zm3_2,7,72,0.001837863405499668,0.0099647867804288,0.0002724946734134334,0.0,0.0011331839442092,0.6838831018518519,0.6018184650997149,0.14091435185185183,0.11518429487179488,0.15705128205128205,0.13141025641025642,0.125,0.10897435897435898,,0.025641025641025633,0.016025641025641024,1.1951219512195121,1.1470588235294117,1,0.00041884830409976944,0,0,0,,,,
zm3_2,8,72,0.002404717390223335,0.0171607078732381,0.00032813926030801947,0.0,0.0016025641025641,0.43291488603988604,0.6495949074074074,0.1381321225071225,0.12175035612535612,0.16666666666666666,0.1282051282051282,0.1346153846153846,0.11538461538461539,,0.038461538461538464,0.01762820512820512,1.3,1.1506849315068493,1,0.0004714535930967091,0,0,0,,,,
zm3_2,9,72,0.0009714756746941445,0.0105258415943873,0.00012702783968096112,0.0,0.0011331839442092,0.6442975427350427,0.7530493233618233,0.09846866096866096,0.14124821937321932,0.10096153846153846,0.09294871794871795,0.14743589743589744,0.1362179487179487,,0.008012820512820512,0.011217948717948734,1.0862068965517242,1.0823529411764707,0,0.00030145107214456045,0,0,0,,,,
zm3_2,10,72,0.00045738480804287634,0.0107449799926678,6.025433540746111e-05,0.0,0.0011331839442092,0.3916822471509971,0.8037526709401711,0.10721599002849001,0.1165420227920228,0.10737179487179487,0.10576923076923077,0.11698717948717949,0.11217948717948718,,0.0016025641025640969,0.0048076923076923045,1.0151515151515151,1.042857142857143,0,0.0002233244848648813,0,0,0,,,,
zm3_3,1,72,0.0003503979587916778,0.0063541666666666,5.564458689458334e-05,0.0,0.000801282051282,0.47571670227920215,0.2153556801994302,0.1528668091168091,0.09737802706552706,0.15384615384615385,0.14903846153846154,0.09775641025641026,0.09455128205128205,,0.004807692307692318,0.0032051282051282076,1.032258064516129,1.033898305084746,0,0.00020369263285392145,0,0,0,,,,
zm3_3,2,72,0.0008981628516879973,0.0084100877192982,0.00014467592592591803,0.0,0.0016025641025641,0.2780448717948718,0.2827635327635327,0.14258368945868943,0.10113960113960113,0.16025641025641027,0.13782051282051283,0.10256410256410256,0.10096153846153846,,0.02243589743589744,-0.0016025641025640969,1.1627906976744187,0.984375,1,0.0003359016264419932,0,0,0,,,,
zm3_3,3,72,0.0014840622350238903,0.0134049940898345,0.00018076300622238336,0.0,0.0011331839442092,0.6799991096866097,0.31008502492877493,0.10087250712250712,0.1457665598290598,0.10096153846153846,0.09935897435897435,0.16025641025641027,0.13942307692307693,,-0.0016025641025641107,0.020833333333333343,0.9841269841269841,1.149425287356322,1,0.0003575443567001512,0,0,0,,,,
zm3_3,4,72,0.0018559512045799806,0.0218778912893041,0.00026079480947526255,0.0,0.0028890635220064,0.6915620548433048,0.48681223290598286,0.10734953703703703,0.1447426994301994,0.11057692307692307,0.10256410256410256,0.16826923076923078,0.13942307692307693,,0.006410256410256415,0.028846153846153855,1.0625,1.206896551724138,1,0.000537291482519346,0,0,0,,,,
zm3_3,5,72,0.0005264489214757263,0.0055208333333333,8.903133903133333e-05,0.0,0.000801282051282,0.38481570512820507,0.518184650997151,0.11204594017094019,0.1420495014245014,0.11217948717948718,0.11057692307692307,0.14583333333333334,0.1362179487179487,,0.0,0.009615384615384637,1.0,1.0705882352941178,1,0.0002518186542686973,0,0,0,,,,
zm3_3,6,72,0.0006696590270863625,0.0058238636363636,0.00011128917378916668,0.0,0.000801282051282,0.20298032407407407,0.5335536858974358,0.1065037393162393,0.15222133190883191,0.10897435897435898,0.10416666666666667,0.15544871794871795,0.14903846153846154,,0.0032051282051282076,0.006410256410256415,1.0303030303030303,1.043010752688172,1,0.000277107808003649,0,0,0,,,,
zm3_3,7,72,0.004207167950435131,0.0218481833569516,0.0005708257203003597,0.0,0.0033037705333474,0.6328904024216525,0.6688590633903133,0.13739761396011396,0.11237980769230768,0.1971153846153846,0.125,0.13782051282051283,0.10416666666666667,,0.07051282051282051,0.03365384615384616,1.5569620253164558,1.323076923076923,1,0.0009274548125121124,0,0,0,,,,
zm3_3,8,72,0.003730006080464211,0.01774165715307,0.0004541954015473598,0.0,0.0028890635220064,0.4264155982905983,0.7404068732193733,0.14022435897435898,0.13452635327635326,0.19391025641025642,0.1233974358974359,0.16506410256410256,0.1266025641025641,,0.07051282051282051,0.038461538461538464,1.5714285714285714,1.3037974683544304,1,0.0006325265653996415,0,0,0,,,,
zm3_3,9,72,0.00127957616522395,0.0071428571428571,0.00020032051282050002,0.0,0.000801282051282,0.22807603276353275,0.7858573717948718,0.14552172364672364,0.09713319088319088,0.15865384615384615,0.13141025641025642,0.09935897435897435,0.09455128205128205,,0.02724358974358973,0.0048076923076923045,1.2073170731707317,1.0508474576271185,1,0.0003469653060033587,0,0,0,,,,
zm3_3,10,72,0.0008616490521839875,0.005250563063063,0.00014467592592591668,0.0,0.000801282051282,0.7061743233618234,0.847088675213675,0.13893340455840453,0.12045940170940168,0.14423076923076922,0.12980769230769232,0.12179487179487179,0.11698717948717949,,0.0144230769230769,0.0032051282051282076,1.111111111111111,1.0273972602739727,1,0.0003082127498247274,0,0,0,,,,
zm3_4,1,72,0.004110142202453391,0.0190244816476489,0.00043164445839991526,0.0,0.0017917211358171,0.6508636039886041,0.22263399216524218,0.1299412393162393,0.12965188746438747,0.16506410256410256,0.11538461538461539,0.1794871794871795,0.11538461538461539,,0.04967948717948717,0.0641025641025641,1.4305555555555554,1.5555555555555556,1,0.0005181414387741149,0,0,0,,,,
zm3_4,2,72,0.004686082306215347,0.0164100120385232,0.0007823502490396208,0.000801282051282,0.0025338763302631,0.2963519408831909,0.29270165598290604,0.1805332977207977,0.1265357905982906,0.2564102564102564,0.15705128205128205,0.15064102564102563,0.11538461538461539,,0.09935897435897434,0.03525641025641024,1.6326530612244896,1.3055555555555554,1,0.0008412511790332549,0,0,0,,,,
zm3_4,3,72,0.004169477071156554,0.0997737710319377,0.0006058404588500543,0.0,0.0155580832042849,0.4964276175213675,0.30305154914529914,0.11371527777777778,0.1545806623931624,0.1266025641025641,0.10897435897435898,0.16185897435897437,0.14743589743589744,,0.01762820512820512,0.01282051282051283,1.1617647058823528,1.0869565217391306,1,0.001854909130909466,0,0,0,,,,
zm3_4,4,72,0.0047600033868009095,0.0195354729729729,0.0006798749284785195,0.0,0.0033037705333474,0.1777288105413105,0.4660122863247863,0.16319444444444445,0.1216613247863248,0.24519230769230768,0.1362179487179487,0.14743589743589744,0.11538461538461539,,0.10897435897435898,0.03044871794871795,1.8,1.2602739726027397,1,0.0008611732214406538,0,0,0,,,,
zm3_4,5,72,0.0003671961092594472,0.0057447139303482,5.564458689458334e-05,0.0,0.000801282051282,0.37221777065527056,0.494991987179487,0.12584579772079774,0.10857371794871797,0.1266025641025641,0.12179487179487179,0.10897435897435898,0.10576923076923077,,0.0048076923076923045,0.0032051282051282076,1.0394736842105263,1.0303030303030303,0,0.00020369263285392145,0,0,0,,,,
zm3_4,6,72,0.0022192114052740626,0.0163430418957517,0.00027894069513715973,0.0,0.0017917211358171,0.6996082621082621,0.491642183048433,0.1290954415954416,0.12898415242165243,0.15064102564102563,0.11538461538461539,0.14262820512820512,0.12179487179487179,,0.03525641025641024,0.02083333333333333,1.3055555555555554,1.1710526315789473,1,0.00042520199814707703,0,0,0,,,,
zm3_4,7,72,0.00329528409599124,0.0119998991121129,0.0005560695372761027,0.000801282051282,0.0017917211358171,0.5041399572649572,0.591056801994302,0.16533119658119658,0.12695868945868943,0.20833333333333334,0.14583333333333334,0.15064102564102563,0.11698717948717949,,0.0625,0.033653846153846145,1.4285714285714286,1.2876712328767121,1,0.000607049588093083,0,0,0,,,,
zm3_4,8,72,0.00449752843586619,0.0213638698630137,0.0007274781415602972,0.0,0.0025338763302631,0.24019542378917377,0.6368856837606837,0.1161636396011396,0.15616096866096868,0.14423076923076922,0.10737179487179487,0.23237179487179488,0.1346153846153846,,0.03685897435897435,0.09775641025641027,1.3432835820895521,1.7261904761904763,1,0.0009089667864850084,0,0,0,,,,
zm3_4,9,72,0.0014760939505671625,0.0094491111841577,0.0002317978446040889,0.0,0.0011331839442092,0.6538127670940173,0.7280092592592593,0.12938479344729345,0.130119301994302,0.13141025641025642,0.1201923076923077,0.1330128205128205,0.1266025641025641,,0.01121794871794872,0.0016025641025640969,1.0933333333333333,1.0121951219512195,0,0.0003774289305912834,0,0,0,,,,
zm3_4,10,72,0.0006909145296901723,0.0101247182313376,0.00011589892230204445,0.0,0.0011331839442092,0.4185919693732194,0.7345975783475784,0.15600516381766383,0.1006054131054131,0.15865384615384615,0.14423076923076922,0.10096153846153846,0.09775641025641026,,0.014423076923076927,0.0032051282051282076,1.1,1.0327868852459017,1,0.00029096195458240846,0,0,0,,,,
zm3_5,1,72,0.00114576323537714,0.0093681485111044,0.0001918919236013,0.0,0.0011331839442092,0.43708823005698005,0.2304910078347579,0.15845352564102566,0.1124243233618234,0.16826923076923078,0.14903846153846154,0.11538461538461539,0.11057692307692307,,0.019230769230769246,0.004807692307692318,1.1290322580645162,1.0434782608695654,1,0.00036415398230583366,0,0,0,,,,
zm3_5,2,72,0.0023909836591778488,0.0111268939393939,0.00034117759804009446,0.0,0.0011331839442092,0.7197961182336182,0.30209446225071224,0.12526709401709402,0.14937232905982908,0.12980769230769232,0.11698717948717949,0.1794871794871795,0.13942307692307693,,0.01282051282051283,0.04006410256410256,1.1095890410958904,1.2873563218390804,1,0.00042174886391212223,0,0,0,,,,
zm3_5,3,72,0.0020525833011274526,0.0128602829194465,0.00034834138042807224,0.0,0.0024038461538461,0.5286347044159545,0.3610888532763532,0.1494613603988604,0.10803952991452993,0.18269230769230768,0.14262820512820512,0.11538461538461539,0.10416666666666667,,0.04006410256410256,0.008012820512820526,1.2808988764044944,1.074626865671642,1,0.0006569149038718311,0,0,0,,,,
zm3_5,4,72,0.0017964689311763637,0.0149776409923074,0.00027504870728852637,0.0,0.0017917211358171,0.28615785256410253,0.45252403846153855,0.1589877136752137,0.1039440883190883,0.1842948717948718,0.15064102564102563,0.11378205128205128,0.10256410256410256,,0.03365384615384617,0.01121794871794872,1.223404255319149,1.109375,1,0.0004770113918769873,0,0,0,,,,
zm3_5,5,72,0.0035453918937221824,0.0159210095136609,0.0005960658731191554,0.0,0.0025338763302631,0.5478877314814814,0.5242276531339032,0.1611689814814815,0.10872952279202279,0.21153846153846154,0.14743589743589744,0.1233974358974359,0.10416666666666667,,0.0641025641025641,0.017628205128205135,1.434782608695652,1.1666666666666667,1,0.0007965783506351389,0,0,0,,,,
zm3_5,6,72,0.0008287690253366708,0.0055932971014492,0.000133547008547,0.0,0.000801282051282,0.7705328525641025,0.5404202279202279,0.11380430911680912,0.1347489316239316,0.11538461538461539,0.10897435897435898,0.13942307692307693,0.1266025641025641,,0.006410256410256415,0.01282051282051283,1.0588235294117647,1.1012658227848102,1,0.0002986201893028376,0,0,0,,,,
zm3_5,7,72,0.0016211505101895876,0.0095638788006837,0.00025405567936192223,0.0,0.0011331839442092,0.3204349180911681,0.6378984152421653,0.11749910968660969,0.1352608618233618,0.12179487179487179,0.10897435897435898,0.14903846153846154,0.1282051282051282,,0.01121794871794872,0.020833333333333343,1.1029411764705883,1.1625,1,0.00038661783932739845,0,0,0,,,,
zm3_5,8,72,0.0010076284601587848,0.0062585382513661,0.00016693376068375,0.0,0.000801282051282,0.5472756410256411,0.7098802528490027,0.15041844729344728,0.10245281339031337,0.15865384615384615,0.14583333333333334,0.10416666666666667,0.09615384615384616,,0.012820512820512803,0.008012820512820512,1.0879120879120878,1.0833333333333333,1,0.00032541380691801324,0,0,0,,,,
zm3_6,1,72,0.0012330527319413139,0.0095518680711986,0.00022718809609121113,0.0,0.0011331839442092,0.6094640313390313,0.17057291666666663,0.16101317663817666,0.10717147435897434,0.16826923076923078,0.14743589743589744,0.10737179487179487,0.10416666666666667,,0.020833333333333343,0.0032051282051281937,1.141304347826087,1.0307692307692307,1,0.0003683083024571992,0,0,0,,,,
zm3_6,2,72,0.011317112700977707,0.1066645388333218,0.0017226740227501642,0.0009672329977456001,0.0153084720949862,0.3854166666666667,0.22084223646723647,0.15714031339031342,0.15095263532763534,0.16185897435897437,0.14903846153846154,0.24358974358974358,0.09455128205128205,,0.01282051282051283,0.14903846153846154,1.0860215053763442,2.576271186440678,1,0.002162084065803514,0,0,0,,,,
zm3_6,3,72,0.0032728792481840244,0.0116151433691756,0.0004540485874423722,0.0,0.0011331839442092,0.7209201388888888,0.39640090811965817,0.1403801638176638,0.14776976495726496,0.17147435897435898,0.125,0.1842948717948718,0.1362179487179487,,0.046474358974358976,0.0480769230769231,1.3717948717948718,1.3529411764705885,1,0.0004804087486630524,0,0,0,,,,
zm3_6,4,72,0.0057471844511161885,0.0577831300368293,0.0008476503325254736,0.000801282051282,0.0068928888357713,0.2678952991452992,0.41133591524216523,0.1333244301994302,0.12172809829059829,0.1858974358974359,0.11698717948717949,0.15544871794871795,0.10897435897435898,,0.06891025641025642,0.046474358974358976,1.589041095890411,1.4264705882352942,1,0.0010491133732531425,0,0,0,,,,
zm3_6,5,72,0.008696297462135703,0.0195967852985207,0.0015686983347987667,0.0016025641025641,0.0040064102564102,0.4882589921652422,0.47488203347578345,0.09915865384615384,0.20813301282051283,0.11378205128205128,0.09775641025641026,0.33814102564102566,0.13782051282051283,,0.016025641025641024,0.20032051282051283,1.1639344262295082,2.453488372093023,1,0.0012131610380957164,0,0,0,,,,
zm3_6,6,72,0.011526715012529222,0.1999874987916334,0.002008064257131889,0.0011331839442092,0.0392955122924334,0.2903534544159544,0.5702568554131054,0.18198005698005698,0.18115651709401712,0.2980769230769231,0.11378205128205128,0.2467948717948718,0.13942307692307693,,0.1794871794871795,0.10737179487179488,2.5135135135135136,1.7701149425287357,1,0.004626988774609252,0,0,0,,,,
zm3_6,7,72,0.008789604318842145,0.0756342464798329,0.001520742505904585,0.000801282051282,0.0159049945843583,0.7457042378917379,0.5880742521367522,0.18193554131054132,0.17027243589743588,0.2516025641025641,0.13942307692307693,0.2516025641025641,0.1233974358974359,,0.11217948717948717,0.1282051282051282,1.8045977011494252,2.038961038961039,1,0.002163003744689779,0,0,0,,,,
zm3_6,8,72,0.007770983987669449,0.0288403125527354,0.00131093221535561,0.0011331839442092,0.0043150359031526,0.5674301103988604,0.6331908831908832,0.1769275284900285,0.14391915954415951,0.2724358974358974,0.12179487179487179,0.19230769230769232,0.11057692307692307,,0.1506410256410256,0.08173076923076925,2.2368421052631575,1.7391304347826089,1,0.0011499090060104653,0,0,0,,,,
zm3_6,9,72,0.0002932053797953375,0.009257854104438,2.6867583270711114e-05,0.0,0.0011331839442092,0.4166444088319088,0.7747840990028491,0.15028490028490027,0.11389334045584049,0.15064102564102563,0.14423076923076922,0.11538461538461539,0.11378205128205128,,0.006410256410256415,-0.0016025641025641107,1.0444444444444445,0.986111111111111,0,0.0001613392023253247,0,0,0,,,,
zm3_7,1,72,0.0016422472635500916,0.0099125995262827,0.0002828326829857972,0.0,0.0016025641025641,0.2822516025641025,0.20900106837606838,0.11293625356125357,0.1486823361823362,0.11698717948717949,0.10416666666666667,0.16987179487179488,0.14102564102564102,,0.012820512820512817,0.028846153846153855,1.123076923076923,1.2045454545454546,1,0.00043304471571981316,0,0,0,,,,
zm3_7,2,72,0.0009591830610970237,0.0079723597359736,0.00017806267806266804,0.0,0.0016025641025641,0.4379006410256411,0.23771367521367517,0.14182692307692304,0.10363247863247863,0.16346153846153846,0.13942307692307693,0.10416666666666667,0.10256410256410256,,0.024038461538461536,-0.0016025641025641107,1.1724137931034482,0.9846153846153846,1,0.00035889680147338667,0,0,0,,,,
zm3_7,3,72,0.0017587668859525068,0.0168262135904066,0.00028726583867565966,0.0,0.0025338763302631,0.6694266381766381,0.2861578525641025,0.10790598290598291,0.1491497507122507,0.11538461538461539,0.10256410256410256,0.16987179487179488,0.13782051282051283,,0.01282051282051283,0.03205128205128205,1.125,1.2325581395348837,1,0.0005403787664767133,0,0,0,,,,
zm3_7,4,72,0.0038250123101933467,0.0180908923303834,0.000762738504465414,0.0,0.0040064102564102,0.29715322293447294,0.4220753205128205,0.1712295227920228,0.10523504273504272,0.2467948717948718,0.14423076923076922,0.10576923076923077,0.10256410256410256,,0.10256410256410259,-0.0032051282051282076,1.7111111111111112,0.9696969696969697,1,0.0009757166976665582,0,0,0,,,,
zm3_7,5,72,0.003894769384773517,0.0143456026975392,0.000775028782994854,0.000801282051282,0.0025338763302631,0.5040397970085471,0.4766515313390313,0.1665553774928775,0.10777243589743588,0.24358974358974358,0.14583333333333334,0.10897435897435898,0.10576923076923077,,0.09775641025641024,0.0,1.6703296703296702,1.0,1,0.0008427267897609441,0,0,0,,,,
zm3_7,6,72,0.0018505762517695016,0.0203661265834218,0.0002597970103073028,0.0,0.0028890635220064,0.13629585113960113,0.48471999643874636,0.12831641737891736,0.13739761396011396,0.13782051282051283,0.1233974358974359,0.16506410256410256,0.12980769230769232,,0.014423076923076927,0.03525641025641024,1.1168831168831168,1.2716049382716048,1,0.000592978410647434,0,0,0,,,,
zm3_7,7,72,0.0022833435118320014,0.015703179152751,0.0003667803744795764,0.0,0.0022663678884184,0.4383680555555556,0.6447315705128206,0.15135327635327636,0.13067574786324787,0.16666666666666666,0.14262820512820512,0.15544871794871795,0.12179487179487179,,0.024038461538461536,0.03365384615384616,1.1685393258426966,1.2763157894736843,1,0.000573739529477286,0,0,0,,,,
zm3_7,8,72,0.0020791520634326818,0.0205486578750467,0.0003338675213675042,0.0,0.0024038461538461,0.27589699074074076,0.6812678062678064,0.12012553418803419,0.1416043447293447,0.1330128205128205,0.11538461538461539,0.16826923076923078,0.1346153846153846,,0.01762820512820512,0.03365384615384617,1.1527777777777777,1.2500000000000002,1,0.000562643547888358,0,0,0,,,,
zm3_7,9,72,0.0026210919849660916,0.0194338495075119,0.00040316476097770556,0.0,0.0025338763302631,0.7152110042735043,0.7275195868945868,0.14262820512820515,0.11204594017094019,0.17147435897435898,0.13141025641025642,0.11538461538461539,0.10737179487179487,,0.03685897435897437,0.0,1.273809523809524,1.0,1,0.0006029799984373185,0,0,0,,,,
zm3_7,10,72,0.0045851707611326955,0.0543332364338651,0.0007049776073955166,0.0,0.0076016289907893,0.5697449252136751,0.7366007834757835,0.1057914886039886,0.16145833333333337,0.1282051282051282,0.10416666666666667,0.20512820512820512,0.14423076923076922,,0.024038461538461522,0.05769230769230771,1.2307692307692306,1.4000000000000001,1,0.0014110144082129623,0,0,0,,,,
zm3_8,1,72,0.0023042317320538974,0.0177215189873417,0.00032345636465282775,0.0,0.0017917211358171,0.5387508903133903,0.25856926638176636,0.13684116809116806,0.14151531339031337,0.15384615384615385,0.1233974358974359,0.14903846153846154,0.1201923076923077,,0.03044871794871795,0.02884615384615384,1.2467532467532467,1.24,1,0.0004555052593252985,0,0,0,,,,
zm3_8,2,72,0.0005238892168299972,0.0064530367231638,7.790242165241666e-05,0.0,0.000801282051282,0.8129785434472934,0.3015714031339032,0.1368634259259259,0.09673254985754985,0.13782051282051283,0.13141025641025642,0.09775641025641026,0.09294871794871795,,0.006410256410256415,0.0048076923076923045,1.048780487804878,1.0517241379310345,0,0.00023738792075877178,0,0,0,,,,
zm3_8,3,72,0.0009986636332129431,0.0108647216927149,0.00014276650557275554,0.0,0.0011331839442092,0.27550747863247865,0.3225716702279202,0.13813212250712248,0.0996483262108262,0.14423076923076922,0.12980769230769232,0.10096153846153846,0.09294871794871795,,0.0144230769230769,0.008012820512820512,1.111111111111111,1.0862068965517242,1,0.00032320481018932227,0,0,0,,,,
zm3_8,4,72,0.001211190379616357,0.0099781077526425,0.0001761532577095069,0.0,0.0016025641025641,0.5005564458689459,0.4150084579772079,0.13319088319088315,0.10810630341880342,0.13782051282051283,0.12179487179487179,0.10897435897435898,0.10416666666666667,,0.016025641025641038,0.0048076923076923045,1.1315789473684212,1.0461538461538462,0,0.00037202239579215503,0,0,0,,,,
zm3_8,5,72,0.0011660311677113486,0.0095890410958904,0.00016041459181771113,0.0,0.0011331839442092,0.6758702813390314,0.49876469017094016,0.12226228632478635,0.12791577635327636,0.13141025641025642,0.11378205128205128,0.12980769230769232,0.125,,0.017628205128205135,0.0032051282051281937,1.1549295774647887,1.0256410256410255,1,0.0003286764136971998,0,0,0,,,,
zm3_8,6,72,0.0015578029664825655,0.0111264676585521,0.00019380134395446111,0.0,0.0011331839442092,0.32351762820512825,0.52076655982906,0.1325231481481481,0.10447827635327633,0.14102564102564102,0.11698717948717949,0.10737179487179487,0.09615384615384616,,0.024038461538461536,0.011217948717948706,1.2054794520547945,1.1166666666666665,1,0.00035064835734410484,0,0,0,,,,
zm3_8,7,72,0.0005312372978394445,0.0053153538812785,8.903133903133333e-05,0.0,0.000801282051282,0.17452368233618235,0.5691105769230769,0.14253917378917375,0.11899038461538461,0.14423076923076922,0.1362179487179487,0.1201923076923077,0.11538461538461539,,0.008012820512820512,0.0048076923076923045,1.0588235294117647,1.0416666666666667,0,0.0002518186542686973,0,0,0,,,,
zm3_8,8,72,0.0013824075701483985,0.0103483119879784,0.00014737625408563334,0.0,0.0011331839442092,0.5556891025641026,0.5947738603988603,0.10995370370370373,0.1373308404558404,0.11057692307692307,0.10256410256410256,0.14903846153846154,0.1266025641025641,,0.008012820512820512,0.02243589743589744,1.078125,1.1772151898734178,1,0.00033472565769684606,0,0,0,,,,
zm3_8,9,72,0.0006795169105210416,0.0068844696969696,0.00010016025641025001,0.0,0.000801282051282,0.26114004629629634,0.7264845975783475,0.14549946581196582,0.09190259971509972,0.14743589743589744,0.13942307692307693,0.09294871794871795,0.08653846153846154,,0.008012820512820512,0.006410256410256415,1.0574712643678161,1.0740740740740742,0,0.00026499912971398475,0,0,0,,,,
zm3_8,10,72,0.0009074189796067612,0.009827478654645,0.00010747033308284445,0.0,0.0011331839442092,0.5638911146723645,0.7798811431623933,0.15582710113960113,0.10783920940170938,0.15705128205128205,0.14423076923076922,0.11057692307692307,0.10416666666666667,,0.01282051282051283,0.0032051282051281937,1.088888888888889,1.0307692307692307,0,0.00030896431583305134,0,0,0,,,,
zm3_9,1,72,0.0008492517116124458,0.0110395998667663,0.00012050867081492222,0.0,0.0011331839442092,0.6688590633903133,0.22174367877492876,0.13112090455840456,0.09733351139601137,0.1346153846153846,0.11858974358974358,0.09775641025641026,0.09455128205128205,,0.016025641025641024,0.0032051282051282076,1.135135135135135,1.033898305084746,0,0.0003041159009482068,0,0,0,,,,
zm3_9,2,72,0.0005868870290195958,0.0094989691858427,9.364108754421112e-05,0.0,0.0011331839442092,0.45261306980056976,0.26540242165242167,0.11970263532763531,0.14458689458689458,0.1201923076923077,0.11538461538461539,0.14583333333333334,0.1362179487179487,,0.0048076923076923045,0.009615384615384637,1.0416666666666667,1.0705882352941178,0,0.00026737232922813,0,0,0,,,,
zm3_9,3,72,0.000498098150620825,0.0055932971014492,7.790242165241666e-05,0.0,0.000801282051282,0.25499688390313385,0.29690838675213677,0.11469462250712252,0.13695245726495725,0.11538461538461539,0.10897435897435898,0.13782051282051283,0.1330128205128205,,0.006410256410256415,0.004807692307692318,1.0588235294117647,1.036144578313253,0,0.00023738792075877175,0,0,0,,,,
zm3_9,4,72,0.0010009692542457319,0.0101283405834139,0.00014276650557275554,0.0,0.0011331839442092,0.6892472400284899,0.4240340099715101,0.14563301282051283,0.10332086894586893,0.14743589743589744,0.1362179487179487,0.10416666666666667,0.10096153846153846,,0.011217948717948734,0.0016025641025641107,1.0823529411764707,1.015625,0,0.0003232048101893223,0,0,0,,,,
zm3_9,5,72,0.00042889123673753055,0.0100477041655682,6.025433540746111e-05,0.0,0.0011331839442092,0.3387419871794871,0.45252403846153855,0.13902243589743588,0.10697115384615381,0.13942307692307693,0.1346153846153846,0.10737179487179487,0.10256410256410256,,0.004807692307692318,0.0048076923076923045,1.0357142857142858,1.046875,0,0.0002233244848648813,0,0,0,,,,
zm3_9,6,72,0.0004868476619261417,0.0056678921568627,7.790242165241666e-05,0.0,0.000801282051282,0.4939236111111111,0.5560452279202279,0.11151175213675216,0.1401353276353276,0.11217948717948718,0.10737179487179487,0.14102564102564102,0.1346153846153846,,0.004807692307692318,0.006410256410256415,1.0447761194029852,1.0476190476190477,0,0.00023738792075877175,0,0,0,,,,
zm3_9,7,72,0.0006033943149170638,0.0106060606060605,7.790242165241666e-05,0.0,0.000801282051282,0.7183827457264957,0.5725382834757835,0.1511974715099715,0.10616987179487178,0.15224358974358973,0.14423076923076922,0.10897435897435898,0.10256410256410256,,0.008012820512820512,0.006410256410256415,1.0555555555555556,1.0625,0,0.0002373879207587713,0,0,0,,,,
zm3_9,8,72,0.0012532483750667554,0.0076923076923077,0.0001780626780626667,0.0,0.000801282051282,0.23664529914529916,0.6122128739316239,0.15308938746438744,0.12065972222222222,0.15865384615384615,0.14262820512820512,0.125,0.11217948717948718,,0.016025641025641024,0.012820512820512817,1.1123595505617978,1.1142857142857143,1,0.0003331247673409633,0,0,0,,,,
zm3_9,9,72,0.0004603725387800472,0.0109452133789371,6.025433540746111e-05,0.0,0.0011331839442092,0.3776486823361824,0.6465455840455839,0.10047186609686608,0.12624643874643873,0.10096153846153846,0.09615384615384616,0.1266025641025641,0.12179487179487179,,0.0048076923076923045,0.0048076923076923045,1.05,1.0394736842105263,0,0.0002233244848648813,0,0,0,,,,
zm3_9,10,72,0.001660243472484236,0.0074468085106383,0.00023370726495725,0.0,0.000801282051282,0.6225516381766382,0.7431891025641026,0.15549323361823364,0.11240206552706554,0.15865384615384615,0.14583333333333334,0.11538461538461539,0.10416666666666667,,0.012820512820512803,0.008012820512820512,1.0879120879120878,1.0769230769230769,0,0.00036420646750250427,0,0,0,,,,
zm4_1,1,72,0.0005702768711609208,0.0093333333333333,7.790242165241666e-05,0.0,0.000801282051282,0.6517205306267806,0.2845330306267806,0.15444711538461542,0.11950231481481481,0.15544871794871795,0.14743589743589744,0.1201923076923077,0.11378205128205128,,0.008012820512820512,0.006410256410256415,1.0543478260869565,1.0563380281690142,0,0.00023738792075877173,0,0,0,,,,
zm4_1,2,72,0.0006743243052413599,0.0060763888888889,0.00010016025641025001,0.0,0.000801282051282,0.3898459757834758,0.29180021367521364,0.12513354700854698,0.1049679487179487,0.1266025641025641,0.125,0.10576923076923077,0.09935897435897435,,-0.0016025641025640969,0.006410256410256415,0.9873417721518988,1.0645161290322582,0,0.0002649991297139848,0,0,0,,,,
zm4_1,3,72,0.001669616682613907,0.0096282812182294,0.0002651845967408389,0.0,0.0011331839442092,0.5092036146723645,0.4413060897435897,0.1097533831908832,0.1536680911680912,0.11538461538461539,0.10416666666666667,0.17147435897435898,0.14423076923076922,,0.009615384615384609,0.027243589743589758,1.0923076923076922,1.188888888888889,1,0.00039065608058695163,0,0,0,,,,
zm4_1,4,72,0.0009866782051584431,0.0106732525702719,0.00013815675705987777,0.0,0.0011331839442092,0.7457821403133903,0.47869925213675213,0.11059918091168092,0.11645299145299146,0.11698717948717949,0.10416666666666667,0.11858974358974358,0.11057692307692307,,0.012820512820512817,0.008012820512820512,1.123076923076923,1.0724637681159421,0,0.00031118954541523535,0,0,0,,,,
zm4_1,5,72,0.00202872042785591,0.0101410721054934,0.00028362359079235004,0.0,0.0011331839442092,0.2534277065527066,0.5150462962962963,0.1080395299145299,0.14022435897435892,0.10897435897435898,0.10737179487179487,0.15064102564102563,0.1282051282051282,,0.0016025641025641107,0.02243589743589744,1.0149253731343284,1.175,1,0.0004220927734253769,0,0,0,,,,
zm4_1,6,72,0.0005410055899588916,0.0092931498594467,7.138325278637777e-05,0.0,0.0011331839442092,0.42240918803418803,0.6321225071225071,0.1637286324786325,0.11284722222222225,0.16666666666666666,0.15705128205128205,0.11378205128205128,0.10897435897435898,,0.009615384615384609,0.0048076923076923045,1.0612244897959184,1.0441176470588236,1,0.00023942899457484625,0,0,0,,,,
zm4_1,7,72,0.001366759312871675,0.0163404248960512,0.0001852996075929486,0.0,0.0017917211358171,0.6494613603988605,0.7193287037037037,0.09726673789173788,0.146011396011396,0.09935897435897435,0.09615384615384616,0.14743589743589744,0.13942307692307693,,0.0016025641025640969,0.008012820512820512,1.0166666666666666,1.0574712643678161,0,0.00037948924931337593,0,0,0,,,,
zm4_1,8,72,0.0003071181482891277,0.0059054487179486,4.4515669515666665e-05,0.0,0.000801282051282,0.4352964743589743,0.7702435007122506,0.10683760683760682,0.13579504985754987,0.10737179487179487,0.10256410256410256,0.1362179487179487,0.1346153846153846,,0.0048076923076923045,0.0016025641025640969,1.046875,1.0119047619047619,0,0.00018354280740818176,0,0,0,,,,
zm4_10,1,72,0.0009872191971476041,0.0063541666666666,0.00015580484330483333,0.0,0.000801282051282,0.4707309472934473,0.27496216168091164,0.09962606837606836,0.143585292022792,0.10256410256410256,0.09455128205128205,0.14583333333333334,0.1346153846153846,,0.008012820512820512,0.011217948717948734,1.0847457627118644,1.0833333333333335,0,0.00031712533050156033,0,0,0,,,,
zm4_10,2,72,0.0012796149819211946,0.0107638888888888,0.00021144943019941803,0.0,0.0016025641025641,0.6406695156695158,0.3108751780626781,0.11979166666666667,0.13532763532763528,0.1233974358974359,0.11378205128205128,0.14743589743589744,0.12980769230769232,,0.009615384615384623,0.01762820512820512,1.0845070422535212,1.1358024691358024,1,0.0003775640013730086,0,0,0,,,,
zm4_10,3,72,0.0012226759022268042,0.0249779098775216,0.0001473031069433208,0.0,0.0017917211358171,0.30552216880341887,0.3170183404558404,0.10592503561253559,0.1403133903133903,0.10737179487179487,0.09935897435897435,0.14262820512820512,0.12179487179487179,,0.008012820512820512,0.02083333333333333,1.0806451612903225,1.1710526315789473,0,0.0003478221134713375,0,0,0,,,,
zm4_10,4,72,0.0011987965250551706,0.0399526930754958,0.00016402654116263055,0.0,0.0050677526605262,0.7329282407407406,0.5111734330484331,0.11560719373219373,0.13336894586894588,0.11858974358974358,0.10897435897435898,0.1346153846153846,0.1266025641025641,,0.006410256410256401,0.008012820512820512,1.0571428571428572,1.0632911392405062,0,0.0006403498882210033,0,0,0,,,,
zm4_10,5,72,0.002177927586616965,0.0366864795007685,0.00023655440722195414,0.0,0.0028890635220064,0.2480413105413105,0.5243055555555556,0.0984241452991453,0.13541666666666663,0.10256410256410256,0.09134615384615384,0.16185897435897437,0.1266025641025641,,0.009615384615384623,0.03525641025641027,1.105263157894737,1.278481012658228,1,0.0004972259765794448,0,0,0,,,,
zm4_10,6,72,0.0012599524311252665,0.0236217948717948,0.0001826724265755472,0.0,0.0032051282051282,0.5610309829059831,0.615429131054131,0.13603988603988604,0.10363247863247861,0.13782051282051283,0.1282051282051282,0.10576923076923077,0.09935897435897435,,0.009615384615384637,0.0048076923076923045,1.0750000000000002,1.0476190476190477,0,0.00047458975463117903,0,0,0,,,,
zm4_10,7,72,0.0011218242007151665,0.0143915384966935,0.00017417069021403195,0.0,0.0017917211358171,0.35788372507122496,0.662025908119658,0.11396011396011398,0.14291755698005698,0.11538461538461539,0.10897435897435898,0.14903846153846154,0.1330128205128205,,0.004807692307692318,0.016025641025641024,1.0434782608695654,1.1204819277108433,0,0.0003729546940889368,0,0,0,,,,
zm4_10,8,72,0.002135306473760046,0.0106195869094398,0.00030970026625650967,0.0,0.0016025641025641,0.4921541132478631,0.7537281873219375,0.12248486467236469,0.10913016381766383,0.1266025641025641,0.11698717948717949,0.11217948717948718,0.10256410256410256,,0.009615384615384609,-0.0016025641025640969,1.0821917808219177,0.9848484848484849,1,0.00046496753240208395,0,0,0,,,,
zm4_11,1,72,0.0016804026405651846,0.0148080428790733,0.00020954000984625557,0.0,0.0011331839442092,0.6317441239316239,0.16941550925925924,0.13741987179487175,0.10178507834757831,0.13942307692307693,0.1266025641025641,0.11057692307692307,0.09294871794871795,,0.01282051282051283,0.016025641025641024,1.1012658227848102,1.1694915254237288,1,0.0003666619958383469,0,0,0,,,,
zm4_11,2,72,0.0008925493147977612,0.0127083333333333,0.00011128917378916805,0.0,0.0016025641025641,0.2656361289173789,0.30503249643874647,0.09613158831908832,0.13971242877492873,0.09935897435897435,0.09294871794871795,0.14262820512820512,0.1330128205128205,,0.0032051282051281937,0.009615384615384609,1.0333333333333332,1.072289156626506,0,0.00030760939639166366,0,0,0,,,,
zm4_11,3,72,0.0022498830434520903,0.0148536392405063,0.0003300486806611805,0.0,0.0024038461538461,0.7299679487179487,0.32688969017094016,0.11226851851851855,0.13864405270655267,0.11858974358974358,0.10737179487179487,0.16826923076923078,0.12179487179487179,,0.01121794871794872,0.04647435897435899,1.1044776119402986,1.3815789473684212,1,0.0004977589157723677,0,0,0,,,,
zm4_11,4,72,0.0006194695447823514,0.0167619122520468,7.401043380378194e-05,0.0,0.0017917211358171,0.5361244658119659,0.35757211538461536,0.11266915954415957,0.1022079772079772,0.11378205128205128,0.10416666666666667,0.10256410256410256,0.10096153846153846,,0.009615384615384609,0.0,1.0923076923076922,1.0,0,0.0002893034274726871,0,0,0,,,,
zm4_11,5,72,0.0008651722286159931,0.0184979838709677,0.0001224180911680847,0.0,0.0024038461538461,0.38203347578347574,0.3603543447293447,0.09788995726495726,0.13403668091168092,0.09935897435897435,0.09615384615384616,0.1362179487179487,0.12980769230769232,,0.0016025641025640969,0.0064102564102563875,1.0163934426229508,1.0493827160493825,1,0.00036960741420528215,0,0,0,,,,
zm4_11,6,72,0.0011888521200278154,0.0102311812322607,0.00016041459181771248,0.0,0.0016025641025641,0.345363693019943,0.5278556801994303,0.1278712606837607,0.11754362535612535,0.1330128205128205,0.1201923076923077,0.1201923076923077,0.10897435897435898,,0.012820512820512817,0.01121794871794872,1.1066666666666667,1.1029411764705883,1,0.00035477174128263015,0,0,0,,,,
zm4_11,7,72,0.0003450332020133736,0.0059895833333333,5.564458689458334e-05,0.0,0.000801282051282,0.8279691951566952,0.5659833511396012,0.10145121082621082,0.13423700142450143,0.10256410256410256,0.10096153846153846,0.1362179487179487,0.12980769230769232,,0.0016025641025640969,0.0064102564102563875,1.0158730158730158,1.0493827160493825,0,0.00020369263285392145,0,0,0,,,,
zm4_11,8,72,0.001087357675674379,0.0104587917859582,0.00015389542295167225,0.0,0.0011331839442092,0.6808782941595442,0.620960202991453,0.10458956552706551,0.1352608618233618,0.10737179487179487,0.09935897435897435,0.13942307692307693,0.1266025641025641,,0.0048076923076923045,0.01282051282051283,1.0476190476190477,1.1012658227848102,0,0.0003317788796524331,0,0,0,,,,
zm4_11,9,72,0.0013314013979606777,0.0284537209431389,0.0001905616277779639,0.0,0.0033037705333474,0.29825498575498577,0.6768496260683761,0.13176638176638175,0.10018251424501423,0.1362179487179487,0.125,0.10256410256410256,0.09615384615384616,,0.009615384615384609,0.0032051282051282076,1.0759493670886076,1.032258064516129,1,0.000480841261120977,0,0,0,,,,
zm4_11,10,72,0.0016857951885418973,0.0190932764272431,0.0002586654278748,0.0,0.0022663678884184,0.5008680555555556,0.7821180555555554,0.1404469373219373,0.1166755698005698,0.15064102564102563,0.1346153846153846,0.1201923076923077,0.11217948717948718,,0.016025641025641024,0.0016025641025640969,1.119047619047619,1.0138888888888888,1,0.00043783198496023264,0,0,0,,,,
zm4_12,1,72,0.001569886759326743,0.0254949125658998,0.00018480180817600554,0.0,0.0028890635220064,0.3361712072649573,0.13079816595441596,0.14100338319088315,0.0984909188034188,0.14583333333333334,0.125,0.09935897435897435,0.09455128205128205,,0.020833333333333343,0.0016025641025640969,1.1666666666666667,1.0163934426229508,0,0.0004446355103778559,0,0,0,,,,
zm4_12,2,72,0.0012737225052564056,0.0297121502665352,0.00014928567443879448,0.0,0.0011331839442092,0.542434561965812,0.2609731125356125,0.11362624643874646,0.12215099715099716,0.11698717948717949,0.10576923076923077,0.12980769230769232,0.11217948717948718,,0.01121794871794872,0.017628205128205135,1.1060606060606062,1.1571428571428573,1,0.0003202458615662715,0,0,0,,,,
zm4_12,3,72,0.0006198968798927514,0.0060763888888889,0.00010016025641025001,0.0,0.000801282051282,0.5225471866096867,0.3983484686609687,0.15317841880341881,0.10412215099715098,0.15705128205128205,0.14903846153846154,0.10576923076923077,0.09935897435897435,,0.008012820512820512,0.006410256410256415,1.053763440860215,1.0645161290322582,1,0.0002649991297139848,0,0,0,,,,
zm4_12,4,72,0.0009687340345355708,0.0203131508496742,0.00012050867081492222,0.0,0.0011331839442092,0.32971643518518523,0.4598691239316239,0.10463408119658119,0.14583333333333331,0.10737179487179487,0.10096153846153846,0.14903846153846154,0.13782051282051283,,0.0016025641025640969,0.011217948717948706,1.0151515151515151,1.0813953488372092,1,0.0003041159009482068,0,0,0,,,,
zm4_12,5,72,0.0021047728030215013,0.0281763161509474,0.00028496206458625555,0.0,0.0028890635220064,0.7562321937321936,0.4689614494301994,0.09984864672364671,0.1385105056980057,0.11057692307692307,0.08814102564102565,0.14102564102564102,0.1266025641025641,,0.022435897435897426,0.014423076923076927,1.2545454545454544,1.1139240506329113,1,0.000480526464259953,0,0,0,,,,
zm4_12,6,72,0.003446961742560103,0.0219113372093023,0.0004356095933908625,0.0,0.0024038461538461,0.5714810363247862,0.5815415776353277,0.14438657407407407,0.10169604700854701,0.1891025641025641,0.12980769230769232,0.1201923076923077,0.09615384615384616,,0.051282051282051266,0.024038461538461536,1.3720930232558137,1.25,1,0.0005148123650303209,0,0,0,,,,
zm4_12,7,72,0.003174200893248586,0.0230612697897558,0.0004377091962732958,0.0,0.0028890635220064,0.34614271723646717,0.6135372150997151,0.12617966524216526,0.12976317663817663,0.14423076923076922,0.11698717948717949,0.15544871794871795,0.11538461538461539,,0.02724358974358973,0.04006410256410256,1.232876712328767,1.347222222222222,1,0.0006843233071409929,0,0,0,,,,
zm4_12,8,72,0.0022437799430941197,0.0123321976252283,0.0003346584291740583,0.0,0.0016025641025641,0.12866141381766383,0.6521879451566952,0.10748308404558402,0.14349626068376067,0.10897435897435898,0.10737179487179487,0.1778846153846154,0.13141025641025642,,0.0,0.046474358974358976,1.0,1.353658536585366,1,0.000466848583999182,0,0,0,,,,
zm4_12,9,72,0.0008449932041870709,0.0100093291654429,0.00012702783968096112,0.0,0.0011331839442092,0.47751958689458696,0.6648192663817665,0.11867877492877493,0.12428774928774929,0.12179487179487179,0.11538461538461539,0.12980769230769232,0.11698717948717949,,0.006410256410256401,0.01282051282051283,1.0555555555555556,1.1095890410958904,1,0.00030145107214456045,0,0,0,,,,
zm4_12,10,72,0.0009356340146734499,0.0225748546662174,0.00011770489697450416,0.0,0.0025338763302631,0.3981481481481481,0.7546296296296297,0.1260238603988604,0.10492343304843305,0.1266025641025641,0.12179487179487179,0.10897435897435898,0.09775641025641026,,0.0048076923076923045,0.01121794871794872,1.0394736842105263,1.1147540983606559,0,0.0003829605575707569,0,0,0,,,,
zm4_2,1,72,0.0029016146663575263,0.0121527777777777,0.0005453169515669375,0.0,0.0024038461538461,0.5254963497150997,0.29769853988603984,0.1040108618233618,0.16061253561253563,0.10576923076923077,0.09775641025641026,0.21794871794871795,0.14583333333333334,,0.006410256410256415,0.07211538461538461,1.0645161290322582,1.4945054945054945,1,0.0007414732552134377,0,0,0,,,,
zm4_2,2,72,0.0048572168242355844,0.0229297354982419,0.0006175886795148,0.000801282051282,0.0022663678884184,0.27292556980056987,0.3432714565527065,0.11266915954415957,0.10966435185185186,0.11858974358974358,0.10576923076923077,0.12179487179487179,0.09455128205128205,,0.01121794871794872,0.027243589743589744,1.1044776119402986,1.288135593220339,1,0.000635071316134445,0,0,0,,,,
zm4_2,3,72,0.0006350672268282931,0.0057447139303482,0.00010016025641025001,0.0,0.000801282051282,0.7265847578347577,0.4123152599715099,0.11075498575498578,0.13824341168091164,0.11217948717948718,0.10576923076923077,0.13942307692307693,0.13141025641025642,,0.006410256410256415,0.008012820512820512,1.0606060606060606,1.0609756097560976,0,0.0002649991297139848,0,0,0,,,,
zm4_2,4,72,0.0016664789219172319,0.0129556755829904,0.00024101734162984445,0.0,0.0011331839442092,0.48368500712250717,0.5415219907407407,0.12281873219373221,0.13646278490028488,0.1346153846153846,0.11698717948717949,0.15064102564102563,0.12980769230769232,,0.01762820512820512,0.020833333333333315,1.1506849315068493,1.1604938271604937,1,0.00039487755435820926,0,0,0,,,,
zm4_2,5,72,0.0033784364804318305,0.0227658097754759,0.0004547126689963222,0.0,0.0028890635220064,0.26868545227920226,0.5679642984330484,0.10895210113960115,0.11580751424501427,0.1330128205128205,0.09935897435897435,0.14262820512820512,0.10256410256410256,,0.03365384615384616,0.04006410256410256,1.338709677419355,1.390625,1,0.0006862644689510705,0,0,0,,,,
zm4_2,6,72,0.0013609724474378541,0.0111111111111111,0.00017806267806266943,0.0,0.0016025641025641,0.6360955306267806,0.694767183048433,0.10205217236467234,0.15057425213675216,0.10416666666666667,0.09615384615384616,0.16506410256410256,0.14423076923076922,,0.008012820512820512,0.020833333333333343,1.0833333333333333,1.1444444444444446,1,0.00038293826865394884,0,0,0,,,,
zm4_2,7,72,0.0011233355829362236,0.0063541666666666,0.00016693376068375,0.0,0.000801282051282,0.46955128205128205,0.7592481303418803,0.13310185185185183,0.0971554487179487,0.14102564102564102,0.1282051282051282,0.10256410256410256,0.09455128205128205,,0.01282051282051283,0.008012820512820512,1.1,1.0847457627118644,1,0.00032541380691801335,0,0,0,,,,
zm4_3,1,72,0.0011385879288891099,0.0102670859956608,0.0001715435091966278,0.0,0.0011331839442092,0.35238603988603995,0.2875267094017094,0.12437678062678062,0.11805555555555555,0.13141025641025642,0.11698717948717949,0.12179487179487179,0.11057692307692307,,0.014423076923076927,0.01121794871794872,1.1232876712328768,1.1014492753623188,1,0.00033652823416071393,0,0,0,,,,
zm4_3,2,72,0.00023803078952608475,0.0061659946236559,3.338675213675e-05,0.0,0.000801282051282,0.523982816951567,0.30693554131054124,0.128093839031339,0.1006054131054131,0.1282051282051282,0.1266025641025641,0.10096153846153846,0.09775641025641026,,0.0016025641025640969,0.0032051282051282076,1.0126582278481011,1.0327868852459017,0,0.00016011723835845416,0,0,0,,,,
zm4_3,3,72,0.0011154061806005612,0.010120447404645,0.0001715435091966278,0.0,0.0011331839442092,0.6267249821937321,0.39773637820512825,0.10579148860398858,0.14371883903133897,0.10737179487179487,0.09935897435897435,0.15064102564102563,0.13942307692307693,,0.008012820512820512,0.011217948717948706,1.0806451612903225,1.0804597701149425,1,0.00033652823416071393,0,0,0,,,,
zm4_3,4,72,0.0007327264353655777,0.0116477272727272,0.00010016025641025138,0.0,0.0016025641025641,0.2408075142450142,0.4328926282051283,0.1065705128205128,0.10527955840455838,0.10737179487179487,0.10416666666666667,0.10737179487179487,0.09935897435897435,,0.0032051282051281937,0.008012820512820512,1.0307692307692307,1.0806451612903225,0,0.0002967479439541676,0,0,0,,,,
zm4_3,5,72,0.0004151286748845125,0.005126096491228,6.67735042735e-05,0.0,0.000801282051282,0.4791666666666667,0.4440771901709402,0.09615384615384616,0.1278712606837607,0.09615384615384616,0.09615384615384616,0.12980769230769232,0.1201923076923077,,0.0,0.009615384615384623,1.0,1.08,0,0.00022146265961239212,0,0,0,,,,
zm4_3,6,72,0.0005097155686538431,0.0053819444444444,7.790242165241666e-05,0.0,0.000801282051282,0.2174701745014245,0.6007723468660967,0.1195468304843305,0.12048165954415951,0.1201923076923077,0.11698717948717949,0.12179487179487179,0.11378205128205128,,0.0032051282051282076,0.008012820512820512,1.0273972602739727,1.0704225352112675,0,0.00023738792075877178,0,0,0,,,,
zm4_3,7,72,0.0005062744555825167,0.006555316091954,7.790242165241666e-05,0.0,0.000801282051282,0.7370904558404558,0.6044337606837606,0.09277065527065527,0.13510505698005698,0.09455128205128205,0.09134615384615384,0.13782051282051283,0.12980769230769232,,0.0032051282051282076,0.008012820512820512,1.0350877192982457,1.0617283950617284,1,0.00023738792075877146,0,0,0,,,,
zm4_3,8,72,0.00036684679993832775,0.0056678921568627,5.564458689458334e-05,0.0,0.000801282051282,0.5911569622507122,0.6632946047008547,0.13103187321937323,0.11126691595441596,0.13141025641025642,0.1282051282051282,0.11217948717948718,0.10737179487179487,,0.0032051282051282215,0.004807692307692318,1.0250000000000001,1.0447761194029852,0,0.00020369263285392145,0,0,0,,,,
zm4_3,9,72,0.0008663869976300987,0.0098024118097252,0.00013163758819383892,0.0,0.0011331839442092,0.3180867165242165,0.6879451566951567,0.11062143874643876,0.1441417378917379,0.11378205128205128,0.10576923076923077,0.15064102564102563,0.13782051282051283,,0.008012820512820512,0.012820512820512803,1.0757575757575757,1.0930232558139534,0,0.00031400281538794246,0,0,0,,,,
zm4_3,10,72,0.0018557868247275195,0.0095874018300612,0.00029666192852442785,0.0,0.0011331839442092,0.4814480947293447,0.7715233262108262,0.1126914173789174,0.13853276353276353,0.11698717948717949,0.11057692307692307,0.15865384615384615,0.1282051282051282,,0.006410256410256415,0.03044871794871795,1.0579710144927537,1.2375,1,0.0004130331110165821,0,0,0,,,,
zm4_4,1,72,0.0011769938830763597,0.0101036581713309,0.00018267242657554446,0.0,0.0011331839442092,0.41745681980056987,0.27263621794871795,0.11375979344729346,0.13100961538461536,0.11698717948717949,0.10737179487179487,0.14102564102564102,0.1233974358974359,,0.009615384615384623,0.01762820512820512,1.0895522388059702,1.1428571428571428,1,0.00034384097232550753,0,0,0,,,,
zm4_4,2,72,0.010460598083094788,0.1306682424899987,0.0018480194490304931,0.0009672329977456001,0.0222202317690096,0.22312366452991453,0.44482282763532766,0.1346821581196581,0.1725872507122507,0.15705128205128205,0.1233974358974359,0.27724358974358976,0.1346153846153846,,0.033653846153846145,0.14262820512820515,1.2727272727272727,2.0595238095238098,1,0.0032148806522520994,0,0,0,,,,
zm4_4,3,72,0.0014566156717809432,0.0092938968226577,0.00021875950687201112,0.0,0.0011331839442092,0.46633502492877493,0.43965900997151,0.11491720085470088,0.14378561253561253,0.12179487179487179,0.10897435897435898,0.14583333333333334,0.13782051282051283,,0.012820512820512817,0.0064102564102563875,1.1176470588235294,1.0465116279069766,1,0.0003851325960802326,0,0,0,,,,
zm4_4,4,72,0.003813732820442478,0.0336804028657056,0.0005597546337633334,0.0,0.0050677526605262,0.6863759793447293,0.5033275462962963,0.15404647435897437,0.13018607549857547,0.1875,0.14102564102564102,0.16826923076923078,0.11378205128205128,,0.046474358974358976,0.0544871794871795,1.3295454545454546,1.4788732394366197,1,0.0008225000570081294,0,0,0,,,,
zm4_4,5,72,0.0028834769880105612,0.0125367870230707,0.0004982716683888029,0.0,0.0017917211358171,0.34041132478632474,0.5850137998575499,0.14164886039886038,0.1163417022792023,0.1907051282051282,0.1266025641025641,0.125,0.11217948717948718,,0.0641025641025641,0.01121794871794872,1.5063291139240507,1.0985915492957747,1,0.000662091594054345,0,0,0,,,,
zm4_4,6,72,0.000551410765529411,0.0061659946236559,7.790242165241666e-05,0.0,0.000801282051282,0.27873486467236464,0.6834713319088319,0.1023415242165242,0.12010327635327636,0.10416666666666667,0.09775641025641026,0.12179487179487179,0.11698717948717949,,0.006410256410256415,0.0048076923076923045,1.0655737704918034,1.0410958904109588,1,0.00023738792075877124,0,0,0,,,,
zm4_4,7,72,0.0015977100566813692,0.0104477611940298,0.0001918919236013,0.0,0.0011331839442092,0.6082398504273504,0.7059183582621084,0.10955306267806268,0.1370414886039886,0.125,0.10096153846153846,0.14262820512820512,0.1330128205128205,,0.024038461538461536,0.006410256410256415,1.2380952380952381,1.0481927710843373,1,0.0003641539823058337,0,0,0,,,,
zm4_4,8,72,0.0037132610575185926,0.0153699950635534,0.0006506281243312889,0.0,0.0025338763302631,0.46974047364672367,0.7830083689458688,0.16651086182336183,0.10959757834757836,0.2403846153846154,0.14423076923076922,0.11698717948717949,0.10416666666666667,,0.09615384615384617,0.012820512820512817,1.666666666666667,1.123076923076923,1,0.0008784161188089379,0,0,0,,,,
zm4_5,1,72,0.0006176001785317874,0.0096769123455421,9.36410875442111e-05,0.0,0.0011331839442092,0.5525284900284901,0.23449741809116809,0.1334579772079772,0.11936876780626779,0.1362179487179487,0.1282051282051282,0.1201923076923077,0.11378205128205128,,0.008012820512820512,0.006410256410256415,1.0625,1.0563380281690142,0,0.00026737232922813,0,0,0,,,,
zm4_5,2,72,0.0006422034585469931,0.005450410798122,0.00010016025641025001,0.0,0.000801282051282,0.3211026531339032,0.3223602207977208,0.1198139245014245,0.1300747863247863,0.12179487179487179,0.11217948717948718,0.13141025641025642,0.1266025641025641,,0.009615384615384609,0.004807692307692318,1.0857142857142856,1.0379746835443038,0,0.00026499912971398475,0,0,0,,,,
zm4_5,3,72,0.0007695307866694306,0.0094098033639514,0.00011589892230204445,0.0,0.0011331839442092,0.6919849537037037,0.3732638888888889,0.11549590455840456,0.13906695156695154,0.11698717948717949,0.11217948717948718,0.14262820512820512,0.1362179487179487,,0.0048076923076923045,0.006410256410256415,1.042857142857143,1.0470588235294118,1,0.0002909619545824082,0,0,0,,,,
zm4_5,4,72,0.001005704287184832,0.0075268817204301,0.00015580484330483333,0.0,0.000801282051282,0.47695201210826216,0.45624109686609693,0.11665331196581197,0.1426727207977208,0.11698717948717949,0.11378205128205128,0.15384615384615385,0.1330128205128205,,0.0016025641025640969,0.020833333333333343,1.0138888888888888,1.1566265060240966,1,0.0003171253305015603,0,0,0,,,,
zm4_5,5,72,0.0008561279162833805,0.0062585382513661,0.000133547008547,0.0,0.000801282051282,0.30378605769230765,0.5433137464387463,0.1002270299145299,0.13145477207977205,0.10096153846153846,0.09615384615384616,0.13782051282051283,0.1233974358974359,,0.0048076923076923045,0.014423076923076927,1.05,1.1168831168831168,1,0.0002986201893028377,0,0,0,,,,
zm4_5,6,72,0.0004946088581494041,0.0095699028970693,6.025433540746111e-05,0.0,0.0011331839442092,0.7520365918803419,0.6258569266381766,0.14892717236467234,0.11349269943019946,0.15064102564102563,0.14102564102564102,0.11378205128205128,0.11057692307692307,,0.009615384615384609,0.0032051282051282076,1.0681818181818181,1.028985507246377,0,0.0002233244848648813,0,0,0,,,,
zm4_5,7,72,0.0011506869002147696,0.0175721153846154,0.00012702783968096112,0.0,0.0011331839442092,0.3225827991452992,0.7000868055555556,0.12838319088319086,0.0931045227920228,0.13141025641025642,0.1233974358974359,0.09775641025641026,0.08333333333333333,,0.008012820512820512,0.014423076923076927,1.0649350649350648,1.1730769230769231,0,0.00030145107214456045,0,0,0,,,,
zm4_5,8,72,0.0010782936117457915,0.0103622380129338,0.00015389542295167222,0.0,0.0011331839442092,0.5477764423076924,0.7318264779202277,0.11380430911680912,0.12577902421652423,0.11538461538461539,0.10576923076923077,0.1266025641025641,0.12179487179487179,,0.009615384615384623,0.0048076923076923045,1.090909090909091,1.0394736842105263,0,0.0003317788796524331,0,0,0,,,,
zm4_6,1,72,0.0026389086409072874,0.0170736069162583,0.00040705674882634304,0.0,0.0025338763302631,0.3907251602564103,0.3062232905982907,0.11220174501424503,0.1425836894586895,0.11698717948717949,0.10897435897435898,0.18108974358974358,0.1282051282051282,,0.008012820512820512,0.05288461538461539,1.0735294117647058,1.4125,1,0.0005459026415242205,0,0,0,,,,
zm4_6,2,72,0.0030362472258806126,0.0145208333333333,0.0003680451813108069,0.0,0.0016025641025641,0.6681356837606837,0.36450543091168086,0.10514601139601139,0.12034811253561256,0.11538461538461539,0.09935897435897435,0.14262820512820512,0.10897435897435898,,0.014423076923076927,0.033653846153846145,1.1428571428571428,1.3088235294117647,1,0.00045100333796891864,0,0,0,,,,
zm4_6,3,72,0.00401013099392972,0.0361833647233666,0.0005810378153769167,0.0,0.0025338763302631,0.4811810007122506,0.4421630163817663,0.1096198361823362,0.15057425213675216,0.1266025641025641,0.09775641025641026,0.1971153846153846,0.13942307692307693,,0.02884615384615384,0.05769230769230768,1.2950819672131146,1.4137931034482758,1,0.0008020656139955055,0,0,0,,,,
zm4_6,4,72,0.0008804787836022681,0.0208420049391222,0.00010937975343600556,0.0,0.0011331839442092,0.28875089031339024,0.48378516737891747,0.10510149572649571,0.14327368233618232,0.10576923076923077,0.09775641025641026,0.14743589743589744,0.1362179487179487,,0.008012820512820512,0.009615384615384609,1.0819672131147542,1.069767441860465,1,0.0002934748519779355,0,0,0,,,,
zm4_6,5,72,0.0004291446540259792,0.0105011261261261,6.677350427350138e-05,0.0,0.0016025641025641,0.8162615740740742,0.5908898682336182,0.11912393162393162,0.1259125712250712,0.1201923076923077,0.11698717948717949,0.1266025641025641,0.1233974358974359,,0.0032051282051282076,0.0032051282051281937,1.0273972602739727,1.025974025974026,0,0.0002586126700191837,0,0,0,,,,
zm4_6,6,72,0.0007606953756992945,0.0102169454620223,0.00010477000492312778,0.0,0.0011331839442092,0.6734775641025643,0.6136707621082621,0.10447827635327633,0.1268696581196581,0.10737179487179487,0.10096153846153846,0.12980769230769232,0.1233974358974359,,0.006410256410256401,0.006410256410256415,1.0634920634920635,1.051948051948052,0,0.00027963773623685393,0,0,0,,,,
zm4_6,7,72,0.0006007473480726139,0.0060763888888889,0.00010016025641025001,0.0,0.000801282051282,0.47750845797720803,0.6652978098290597,0.14278400997150997,0.10209668803418802,0.14743589743589744,0.1362179487179487,0.10256410256410256,0.09935897435897435,,0.011217948717948734,0.0032051282051282076,1.0823529411764707,1.032258064516129,0,0.00026499912971398475,0,0,0,,,,
zm4_6,8,72,0.0020248707545540293,0.017915248461203,0.0002390347741343722,0.0,0.0017917211358171,0.26285389957264954,0.6664440883190883,0.09194711538461539,0.1334134615384615,0.09775641025641026,0.08814102564102565,0.14262820512820512,0.1233974358974359,,0.009615384615384609,0.019230769230769218,1.109090909090909,1.1558441558441557,1,0.0004388047693912161,0,0,0,,,,
zm4_7,1,72,0.0009688952848997125,0.0159460616438356,0.00014928567443879721,0.0,0.0024038461538461,0.5786591880341881,0.20578481125356127,0.12197293447293449,0.13370281339031337,0.1233974358974359,0.11378205128205128,0.1362179487179487,0.12980769230769232,,0.009615384615384623,0.0064102564102563875,1.0845070422535212,1.0493827160493825,0,0.00041700914356611443,0,0,0,,,,
zm4_7,2,72,0.0012851188611055571,0.0128255208333333,0.00017615325770950556,0.0,0.0011331839442092,0.22240028490028488,0.2519253027065527,0.1034989316239316,0.14532140313390307,0.10576923076923077,0.09775641025641026,0.15705128205128205,0.13942307692307693,,0.006410256410256415,0.01762820512820512,1.0655737704918034,1.1264367816091954,1,0.00034722594874098703,0,0,0,,,,
zm4_7,3,72,0.0008044002723641528,0.0250756276422559,0.00010614003725950833,0.0,0.0033037705333474,0.42771768162393164,0.32503116096866097,0.12457710113960113,0.1080840455840456,0.125,0.12179487179487179,0.10897435897435898,0.10256410256410256,,0.0032051282051282076,0.0048076923076923045,1.0263157894736843,1.0461538461538462,0,0.00044026643370448723,0,0,0,,,,
zm4_7,4,72,0.0014017059451539,0.0142649012241568,0.00014730310694332222,0.0,0.0017917211358171,0.593071136039886,0.38529424857549854,0.09021100427350427,0.1414930555555555,0.09455128205128205,0.08333333333333333,0.15384615384615385,0.1330128205128205,,0.01121794871794872,0.020833333333333343,1.1346153846153846,1.1566265060240966,1,0.0003725788857564594,0,0,0,,,,
zm4_7,5,72,0.0008548601272866959,0.0071246069182389,0.00011128917378916668,0.0,0.000801282051282,0.21340811965811962,0.42368901353276356,0.1469017094017094,0.08874198717948717,0.14743589743589744,0.14262820512820512,0.09134615384615384,0.08333333333333333,,0.004807692307692318,0.008012820512820512,1.0337078651685394,1.0961538461538463,0,0.00027710780800364914,0,0,0,,,,
zm4_7,6,72,0.0009360725143069681,0.0148536392405063,0.00014467592592591803,0.0,0.0024038461538461,0.4301103988603988,0.5170383725071227,0.1325231481481481,0.09390580484330485,0.13782051282051283,0.12179487179487179,0.09615384615384616,0.09134615384615384,,0.016025641025641038,0.004807692307692318,1.1315789473684212,1.0526315789473686,0,0.00038535634110532503,0,0,0,,,,
zm4_7,7,72,0.0005758254282076083,0.0062585382513661,8.903133903133333e-05,0.0,0.000801282051282,0.7421318554131056,0.5326077279202279,0.09964832621082621,0.13906695156695154,0.10096153846153846,0.09615384615384616,0.14102564102564102,0.1330128205128205,,0.0048076923076923045,0.008012820512820512,1.05,1.0602409638554218,0,0.0002518186542686973,0,0,0,,,,
zm4_7,8,72,0.0018523258974880103,0.0451986731701198,0.00024575723969792913,0.0,0.0048740084377389,0.2063189992877493,0.5843683226495728,0.11095530626780628,0.13606214387464383,0.11538461538461539,0.10256410256410256,0.14423076923076922,0.125,,0.01282051282051283,0.0144230769230769,1.125,1.111111111111111,1,0.0006420480290992098,0,0,0,,,,
zm4_7,9,72,0.0006176541345118319,0.0102972930779478,7.138325278637777e-05,0.0,0.0011331839442092,0.4008190883190883,0.6974158653846154,0.10078347578347577,0.13735309829059827,0.10256410256410256,0.09775641025641026,0.14102564102564102,0.13141025641025642,,0.0048076923076923045,0.009615384615384609,1.0491803278688525,1.073170731707317,0,0.00023942899457484636,0,0,0,,,,
zm4_7,10,72,0.0007292757446127709,0.0072516025641025,8.903133903133333e-05,0.0,0.000801282051282,0.5610532407407408,0.7118166844729346,0.10608084045584043,0.08745103276353278,0.10737179487179487,0.10256410256410256,0.08974358974358974,0.08173076923076923,,0.0048076923076923045,0.008012820512820512,1.046875,1.0980392156862746,0,0.0002518186542686973,0,0,0,,,,
zm4_8,1,72,0.001019519947100068,0.0097222222222222,0.0001316375881938389,0.0,0.0011331839442092,0.4683271011396012,0.22153222934472935,0.11262464387464388,0.13710826210826207,0.11698717948717949,0.10897435897435898,0.13942307692307693,0.12980769230769232,,0.008012820512820512,0.009615384615384609,1.0735294117647058,1.074074074074074,0,0.0003140028153879424,0,0,0,,,,
zm4_8,2,72,0.0006132918826989681,0.0059895833333333,8.903133903133334e-05,0.0,0.000801282051282,0.6745793269230771,0.2872707443019943,0.10779469373219373,0.1258235398860399,0.10897435897435898,0.10096153846153846,0.1266025641025641,0.12179487179487179,,0.008012820512820512,0.0048076923076923045,1.0793650793650793,1.0394736842105263,0,0.0002518186542686973,0,0,0,,,,
zm4_8,3,72,0.0010178045754119529,0.0106651409923074,0.00013624733670671667,0.0,0.0011331839442092,0.2952056623931624,0.32083555911680917,0.11792200854700857,0.1186565170940171,0.1201923076923077,0.11057692307692307,0.1233974358974359,0.11057692307692307,,0.009615384615384623,0.01282051282051283,1.0869565217391306,1.1159420289855073,0,0.00032600657613505264,0,0,0,,,,
zm4_8,4,72,0.0007495055065223541,0.00995661088605,0.00011589892230204445,0.0,0.0011331839442092,0.4442552528490028,0.4084646545584046,0.14389690170940173,0.1081508190883191,0.14743589743589744,0.1362179487179487,0.10897435897435898,0.10256410256410256,,0.011217948717948734,0.006410256410256415,1.0823529411764707,1.0625,1,0.0002909619545824085,0,0,0,,,,
zm4_8,5,72,0.00048210886706840414,0.009830586657753,7.138325278637777e-05,0.0,0.0011331839442092,0.7449252136752135,0.4373108084045585,0.12126068376068375,0.1285835113960114,0.12179487179487179,0.11858974358974358,0.12980769230769232,0.12179487179487179,,0.0032051282051282076,0.008012820512820526,1.027027027027027,1.0657894736842106,0,0.00023942899457484663,0,0,0,,,,
zm4_8,6,72,0.0005650409773319861,0.0100490695637359,8.251217016529444e-05,0.0,0.0011331839442092,0.2092013888888889,0.448283920940171,0.11324786324786326,0.13031962250712248,0.11378205128205128,0.10897435897435898,0.13141025641025642,0.1233974358974359,,0.0048076923076923045,0.008012820512820512,1.0441176470588236,1.0649350649350648,0,0.00025402943873107617,0,0,0,,,,
zm4_8,7,72,0.0008315392935385777,0.0101325757575757,0.0001270278396809625,0.0,0.0016025641025641,0.4561743233618233,0.5577145655270654,0.13029736467236466,0.12094907407407406,0.1330128205128205,0.1201923076923077,0.12179487179487179,0.11538461538461539,,0.012820512820512817,0.006410256410256401,1.1066666666666667,1.0555555555555556,0,0.00032970828377364337,0,0,0,,,,
zm4_8,8,72,0.0004040001913815139,0.0050662878787878,6.67735042735e-05,0.0,0.000801282051282,0.6801215277777778,0.6454104344729346,0.12617966524216526,0.1343482905982906,0.1266025641025641,0.12179487179487179,0.1346153846153846,0.1330128205128205,,0.0048076923076923045,0.0016025641025640969,1.0394736842105263,1.0120481927710843,0,0.0002214626596123921,0,0,0,,,,
zm4_8,9,72,0.0006672326682098139,0.0053819444444444,0.00011128917378916668,0.0,0.000801282051282,0.26945334757834755,0.6517761752136751,0.14200498575498574,0.1187232905982906,0.14423076923076922,0.1362179487179487,0.1201923076923077,0.11378205128205128,,0.006410256410256415,0.006410256410256415,1.0470588235294118,1.0563380281690142,0,0.0002771078080036491,0,0,0,,,,
zm4_8,10,72,0.0006660199756849389,0.0061659946236559,0.00011128917378916668,0.0,0.000801282051282,0.47404736467236475,0.7625200320512819,0.15037393162393164,0.10196314102564101,0.15544871794871795,0.14423076923076922,0.10256410256410256,0.09775641025641026,,0.011217948717948734,0.0048076923076923045,1.077777777777778,1.0491803278688525,1,0.0002771078080036491,0,0,0,,,,
zm4_9,1,72,0.011892028219234959,0.1527565817986881,0.0016660464030547708,0.0011331839442092,0.0248913855240529,0.5151798433048432,0.2021011396011396,0.10786146723646722,0.2037037037037037,0.11217948717948718,0.10576923076923077,0.2900641025641026,0.1330128205128205,,0.004807692307692318,0.15705128205128208,1.0447761194029852,2.180722891566265,1,0.003006633781527424,0,0,0,,,,
zm4_9,2,72,0.007553784305199711,0.1007248711340206,0.0011296408665125584,0.000801282051282,0.0120192307692307,0.7119724893162392,0.3350694444444444,0.17715010683760685,0.10501246438746441,0.2724358974358974,0.13141025641025642,0.1233974358974359,0.08974358974358974,,0.141025641025641,0.03365384615384616,2.0731707317073167,1.375,0,0.001486813907441777,0,0,0,,,,
zm4_9,3,72,0.0009431211714243181,0.0097559805409782,0.00014928567443879445,0.0,0.0011331839442092,0.31337918447293445,0.35351006054131057,0.11518429487179488,0.1341034544159544,0.11698717948717949,0.11378205128205128,0.14262820512820512,0.13141025641025642,,0.0016025641025641107,0.011217948717948706,1.0140845070422535,1.0853658536585364,1,0.00032024586156627154,0,0,0,,,,
zm4_9,4,72,0.001254424068023357,0.0145254629629629,0.0001872821750884236,0.0,0.0024038461538461,0.5436030982905983,0.46974047364672367,0.12887286324786323,0.11255787037037039,0.1346153846153846,0.125,0.11698717948717949,0.10737179487179487,,0.009615384615384609,0.009615384615384623,1.0769230769230769,1.0895522388059702,1,0.0004230165821766202,0,0,0,,,,
zm4_9,5,72,0.0045155993066621075,0.0177662037037036,0.0008694910768840111,0.000801282051282,0.0032051282051282,0.2631877670940171,0.5297809829059829,0.10961983618233621,0.17766203703703706,0.11538461538461539,0.10576923076923077,0.2532051282051282,0.1346153846153846,,0.009615384615384623,0.11858974358974358,1.090909090909091,1.880952380952381,1,0.0008717474198566258,0,0,0,,,,
zm4_9,6,72,0.006763566022034865,0.2130530713419224,0.0011772247529902749,0.000801282051282,0.0482102851169593,0.7660701566951567,0.5447048611111112,0.16301638176638178,0.14238336894586898,0.18269230769230768,0.1362179487179487,0.17307692307692307,0.12179487179487179,,0.04326923076923078,0.05128205128205128,1.3176470588235296,1.4210526315789473,1,0.005608648010991362,0,0,0,,,,
zm4_9,7,72,0.005658180131076216,0.0193642355802481,0.0009146560341833863,0.000801282051282,0.0033995518326276,0.4141849180911681,0.6652755519943021,0.13739761396011396,0.16272702991452992,0.19230769230769232,0.11538461538461539,0.22916666666666666,0.13782051282051283,,0.07692307692307693,0.09134615384615383,1.6666666666666667,1.6627906976744184,1,0.00100464247398706,0,0,0,,,,
zm4_9,8,72,0.007862931877134438,0.23816054893769,0.0013719412103154875,0.000801282051282,0.044331974979561,0.6469796118233619,0.7325832443019943,0.10085024928774929,0.1618367165242165,0.11378205128205128,0.09775641025641026,0.22435897435897437,0.1346153846153846,,0.014423076923076927,0.08974358974358976,1.1451612903225807,1.6666666666666667,1,0.005158379192505717,0,0,0,,,,
zm5_1,1,72,0.0019043329348105446,0.0142635696880968,0.0002770312747840014,0.0,0.0017917211358171,0.5191194800569802,0.22342414529914534,0.1577635327635328,0.11289173789173794,0.16666666666666666,0.14583333333333334,0.11538461538461539,0.10897435897435898,,0.020833333333333315,0.0048076923076923045,1.1428571428571428,1.0441176470588236,1,0.0004758627240634257,0,0,0,,,,
zm5_1,2,72,0.0013272049219897125,0.0202654406673025,0.00017986865273512639,0.0,0.0025338763302631,0.3526086182336183,0.3312967414529914,0.12704772079772078,0.12106036324786323,0.1282051282051282,0.11698717948717949,0.12980769230769232,0.11057692307692307,,0.011217948717948706,0.019230769230769246,1.095890410958904,1.173913043478261,0,0.00041562905086093725,0,0,0,,,,
zm5_1,3,72,0.0013548606934883861,0.0260905611404207,0.00018076300622238336,0.0,0.0022663678884184,0.7253383190883191,0.34462918447293445,0.14547720797720798,0.13472667378917377,0.15064102564102563,0.12980769230769232,0.13782051282051283,0.1266025641025641,,0.020833333333333315,0.011217948717948734,1.1604938271604937,1.0886075949367089,1,0.0004043606978822668,0,0,0,,,,
zm5_1,4,72,0.004591635336199284,0.0468212669683257,0.0006260904158763193,0.0,0.0064102564102564,0.4920205662393162,0.4281405804843305,0.13454861111111108,0.15124198717948717,0.16666666666666666,0.11858974358974358,0.1987179487179487,0.13141025641025642,,0.04807692307692307,0.06730769230769229,1.4054054054054055,1.5121951219512193,1,0.0009632166161072166,0,0,0,,,,
zm5_1,5,72,0.0016882090385842959,0.0293652470787545,0.0002530673163705236,0.0,0.0048740084377389,0.12027021011396014,0.48705706908831914,0.16459668803418803,0.11567396723646725,0.17147435897435898,0.15064102564102563,0.11858974358974358,0.11057692307692307,,0.020833333333333343,0.0048076923076923045,1.1382978723404256,1.042857142857143,0,0.000659796507384613,0,0,0,,,,
zm5_1,6,72,0.0017641729255182333,0.0371935085470378,0.000265212694698675,0.0,0.0046722370952286,0.3408230947293448,0.5864271723646725,0.153556801994302,0.1026086182336182,0.16987179487179488,0.14423076923076922,0.10576923076923077,0.09775641025641026,,0.02564102564102566,0.006410256410256415,1.177777777777778,1.0645161290322582,1,0.0006271898575063769,0,0,0,,,,
zm5_1,7,72,0.003313558285498836,0.0267205056179775,0.00042631694922280137,0.0,0.0048076923076923,0.6973713497150997,0.5914574430199431,0.15885416666666666,0.11961360398860399,0.20993589743589744,0.13782051282051283,0.1233974358974359,0.11698717948717949,,0.07211538461538461,0.0048076923076923045,1.5232558139534882,1.0410958904109588,1,0.0007765212247240541,0,0,0,,,,
zm5_1,8,72,0.001579104254447415,0.0349767279871591,0.00023732865047872912,0.0,0.0048740084377389,0.47962295227920226,0.6702167913105412,0.11785523504273504,0.14754718660968658,0.1201923076923077,0.11378205128205128,0.14903846153846154,0.14262820512820512,,0.0048076923076923045,0.004807692307692318,1.0422535211267605,1.0333333333333334,0,0.000652084968345386,0,0,0,,,,
zm5_1,9,72,0.0018394990429297846,0.0279664855072463,0.0002475365104958861,0.0,0.0040064102564102,0.31428062678062674,0.7404959045584047,0.11324786324786323,0.11053240740740743,0.11858974358974358,0.10576923076923077,0.11378205128205128,0.10416666666666667,,0.012820512820512817,0.009615384615384609,1.121212121212121,1.0923076923076922,1,0.0005754053812681138,0,0,0,,,,
zm5_1,10,72,0.00169965272027735,0.0205958786426701,0.00022066892722517637,0.0,0.0022663678884184,0.5768340455840456,0.73828125,0.10906339031339032,0.13419248575498574,0.11217948717948718,0.10256410256410256,0.13782051282051283,0.1266025641025641,,0.009615384615384623,0.011217948717948734,1.09375,1.0886075949367089,0,0.0004772260247314943,0,0,0,,,,
zm5_10,1,72,0.001787907123020024,0.0356419599677592,0.00022438432225079582,0.0,0.0040064102564102,0.33513621794871795,0.28182870370370366,0.10950854700854704,0.13684116809116806,0.11057692307692307,0.10416666666666667,0.14102564102564102,0.1266025641025641,,0.0032051282051282076,0.014423076923076927,1.0298507462686568,1.1139240506329113,0,0.0006072639936523628,0,0,0,,,,
zm5_10,2,72,0.0013108971429858724,0.0288635335054431,0.00017942505224884028,0.0,0.0035834422716342,0.5204883368945867,0.29174456908831914,0.11255787037037039,0.13819889601139598,0.11378205128205128,0.10416666666666667,0.13942307692307693,0.13141025641025642,,0.009615384615384609,0.008012820512820512,1.0923076923076922,1.0609756097560976,0,0.0005290706112920459,0,0,0,,,,
zm5_10,3,72,0.0010624044677426388,0.0203528071772645,0.00014737625408563334,0.0,0.0022663678884184,0.767795138888889,0.39597800925925924,0.1087295227920228,0.13018607549857547,0.11057692307692307,0.10737179487179487,0.1346153846153846,0.1233974358974359,,0.0032051282051282076,0.011217948717948706,1.0298507462686568,1.0909090909090908,0,0.00038433172247980695,0,0,0,,,,
zm5_10,4,72,0.0016961491611595571,0.0190014105329646,0.00024101734162984445,0.0,0.0022663678884184,0.27127849002848997,0.4350071225071226,0.14725783475783474,0.12335292022792024,0.15224358974358973,0.1362179487179487,0.1266025641025641,0.11378205128205128,,0.016025641025641024,0.012820512820512817,1.1176470588235294,1.1126760563380282,1,0.0004767258089335402,0,0,0,,,,
zm5_10,5,72,0.0026963144706295752,0.0226067410345672,0.0004407984664335667,0.0,0.0033037705333474,0.5154135505698005,0.4944577991452991,0.13210024928774927,0.1476584757834758,0.14102564102564102,0.1233974358974359,0.16185897435897437,0.1346153846153846,,0.014423076923076927,0.027243589743589758,1.1153846153846154,1.2023809523809526,1,0.0005837300889498695,0,0,0,,,,
zm5_10,6,72,0.0019135263013850946,0.0183632195564264,0.00029276994067579444,0.0,0.0022663678884184,0.2550302706552707,0.6049568198005698,0.12166132478632481,0.153423254985755,0.1233974358974359,0.11378205128205128,0.15865384615384615,0.14262820512820512,,0.009615384615384623,0.016025641025641024,1.0845070422535212,1.1123595505617978,0,0.0005031371862443788,0,0,0,,,,
zm5_10,7,72,0.0028022523251359727,0.0155911967023734,0.00037647377053000975,0.0,0.0016025641025641,0.747039707977208,0.6082843660968662,0.11271367521367523,0.11373753561253563,0.11698717948717949,0.10737179487179487,0.1201923076923077,0.10416666666666667,,0.008012820512820512,0.016025641025641024,1.0735294117647058,1.1538461538461537,0,0.00047316061933122734,0,0,0,,,,
zm5_10,8,72,0.0010958078638958974,0.0433850810693002,0.0001565957511113889,0.0,0.005665919721046,0.45525062321937326,0.6754139957264956,0.1360176282051282,0.10933048433048434,0.13782051282051283,0.13141025641025642,0.11057692307692307,0.10096153846153846,,0.004807692307692291,0.009615384615384609,1.0365853658536583,1.0952380952380951,0,0.0006955355276703751,0,0,0,,,,
zm5_10,9,72,0.0029468136932258183,0.024730567397452,0.00041278081207377494,0.0,0.0028890635220064,0.6782629985754985,0.7746728098290598,0.13372507122507118,0.11255787037037039,0.15384615384615385,0.125,0.1346153846153846,0.10737179487179487,,0.027243589743589758,0.027243589743589744,1.2151898734177216,1.2537313432835822,1,0.0005578097305208714,0,0,0,,,,
zm5_10,10,72,0.00205360230500184,0.033485429669779,0.0003078175497778499,0.0,0.0048740084377389,0.49658342236467234,0.8222044159544161,0.12297453703703705,0.1309650997150997,0.1330128205128205,0.11378205128205128,0.1330128205128205,0.1233974358974359,,0.019230769230769232,0.009615384615384609,1.1690140845070423,1.077922077922078,1,0.0007027068174423374,0,0,0,,,,
zm5_11,1,72,0.0012197379267463028,0.0091795520198763,0.00019380134395446111,0.0,0.0011331839442092,0.3283475783475784,0.24519230769230768,0.1426282051282051,0.12041488603988605,0.14903846153846154,0.13942307692307693,0.125,0.11538461538461539,,0.009615384615384609,0.009615384615384609,1.0689655172413792,1.0833333333333333,1,0.0003506483573441047,0,0,0,,,,
zm5_11,2,72,0.0005094990762734764,0.0083333333333333,7.790242165241805e-05,0.0,0.0016025641025641,0.7007545405982906,0.24597133190883191,0.10984241452991454,0.15224358974358973,0.11217948717948718,0.10416666666666667,0.15224358974358973,0.15224358974358973,,0.008012820512820512,0.0,1.0769230769230769,1.0,1,0.0002723744268723287,0,0,0,,,,
zm5_11,3,72,0.0006812588951709222,0.0094865695637359,9.825083605708889e-05,0.0,0.0011331839442092,0.4921875,0.28175080128205127,0.15077457264957264,0.11491720085470088,0.15224358974358973,0.14583333333333334,0.11698717948717949,0.11057692307692307,,0.0064102564102563875,0.006410256410256415,1.0439560439560438,1.0579710144927537,0,0.0002819943096471083,0,0,0,,,,
zm5_11,4,72,0.0010647275520260721,0.0093667065500373,0.00017154350919662778,0.0,0.0011331839442092,0.23830350783475782,0.3993945868945869,0.11927973646723647,0.14841524216524216,0.125,0.11538461538461539,0.15064102564102563,0.14262820512820512,,0.008012820512820512,0.008012820512820512,1.0684931506849316,1.0561797752808988,0,0.0003365282341607139,0,0,0,,,,
zm5_11,5,72,0.0026553579973074,0.0150048627519259,0.00041627624585210136,0.0,0.0025338763302631,0.7957509793447293,0.47247818732193736,0.10378828347578345,0.15431356837606838,0.10897435897435898,0.09935897435897435,0.20192307692307693,0.14102564102564102,,0.009615384615384623,0.0608974358974359,1.0967741935483872,1.4318181818181819,1,0.000586449817463562,0,0,0,,,,
zm5_11,6,72,0.0019059807932491053,0.0274876473868651,0.00024044639507059165,0.0,0.0028890635220064,0.5463185541310541,0.5117187499999999,0.09561965811965811,0.13098735754985752,0.09935897435897435,0.09294871794871795,0.1362179487179487,0.1266025641025641,,0.0048076923076923045,0.009615384615384609,1.0517241379310345,1.0759493670886076,1,0.0005384832394687012,0,0,0,,,,
zm5_11,7,72,0.0015345698028072638,0.0198048523206751,0.00023831701347013054,0.0,0.0032051282051282,0.28275240384615385,0.6191684472934473,0.11131143162393164,0.13265669515669512,0.11378205128205128,0.10737179487179487,0.1362179487179487,0.1233974358974359,,0.004807692307692318,0.011217948717948706,1.0447761194029852,1.0909090909090908,0,0.0004963835819728421,0,0,0,,,,
zm5_11,8,72,0.004696876219046494,0.0190398481490729,0.0007734839376599014,0.000801282051282,0.0025338763302631,0.36312544515669515,0.7058627136752137,0.10997596153846154,0.1675124643874644,0.12179487179487179,0.10576923076923077,0.2387820512820513,0.14903846153846154,,0.016025641025641024,0.08974358974358976,1.1515151515151516,1.6021505376344087,1,0.0008494104170419258,0,0,0,,,,
zm5_11,9,72,0.001706919780267454,0.0096016450630053,0.0003050905177436278,0.0,0.0011331839442092,0.5343327101139601,0.7353988603988603,0.1137152777777778,0.15059650997150997,0.11538461538461539,0.11057692307692307,0.16987179487179488,0.1346153846153846,,0.0032051282051282076,0.03525641025641027,1.0285714285714287,1.261904761904762,1,0.00039573605454755044,0,0,0,,,,
zm5_11,10,72,0.0007898009931784013,0.01875,0.0001224180911680861,0.0,0.0032051282051282,0.7684072293447293,0.7509237001424501,0.09317129629629631,0.13588408119658119,0.09455128205128205,0.09134615384615384,0.13782051282051283,0.13141025641025642,,0.0016025641025641107,0.006410256410256415,1.0175438596491229,1.048780487804878,0,0.000436020700324059,0,0,0,,,,
zm5_12,1,72,0.0008115900372660206,0.0161583452125596,0.00011391635480657222,0.0,0.0017917211358171,0.27511796652421655,0.21334134615384615,0.14554398148148148,0.09731125356125356,0.14743589743589744,0.14262820512820512,0.09775641025641026,0.09615384615384616,,0.0016025641025641246,0.0,1.0111111111111113,1.0,0,0.0003475400556719826,0,0,0,,,,
zm5_12,2,72,0.00037581990446870414,0.0094025359502906,6.025433540746111e-05,0.0,0.0011331839442092,0.7422654024216525,0.3247418091168091,0.10953080484330487,0.15909900284900289,0.11057692307692307,0.10737179487179487,0.16185897435897437,0.15544871794871795,,0.0032051282051282076,0.006410256410256415,1.0298507462686568,1.041237113402062,0,0.0002233244848648813,0,0,0,,,,
zm5_12,3,72,0.001321554711555804,0.037453320508465,0.00019650167211417778,0.0,0.0045327357768368,0.536513977920228,0.37890624999999994,0.15293358262108264,0.1085959757834758,0.15544871794871795,0.14423076923076922,0.11378205128205128,0.10576923076923077,,0.011217948717948734,0.008012820512820512,1.077777777777778,1.0757575757575757,1,0.0005947711910282111,0,0,0,,,,
zm5_12,4,72,0.0011167425530992875,0.0150174681388395,0.00016304177283511668,0.0,0.0017917211358171,0.3365941061253561,0.3871972934472935,0.14420851139601137,0.11427172364672367,0.14743589743589744,0.13782051282051283,0.11698717948717949,0.11057692307692307,,0.009615384615384609,0.006410256410256415,1.069767441860465,1.0579710144927537,0,0.00038957080900565066,0,0,0,,,,
zm5_12,5,72,0.0007907472032156235,0.0088194444444444,0.00013815675705987915,0.0,0.0016025641025641,0.0740963319088319,0.44446670227920226,0.13915598290598286,0.14690170940170938,0.13942307692307693,0.13782051282051283,0.15224358974358973,0.14102564102564102,,0.0,0.011217948717948706,1.0,1.0795454545454544,1,0.0003386351084391539,0,0,0,,,,
zm5_12,6,72,0.0006846621552349402,0.0059054487179486,0.00011128917378916668,0.0,0.000801282051282,0.7681290064102565,0.5652488425925924,0.10677083333333331,0.13815438034188032,0.10737179487179487,0.10256410256410256,0.14423076923076922,0.1330128205128205,,0.0048076923076923045,0.011217948717948706,1.046875,1.0843373493975903,1,0.0002771078080036491,0,0,0,,,,
zm5_12,7,72,0.0008135435553174013,0.0059895833333333,0.00012241809116808334,0.0,0.000801282051282,0.37918447293447294,0.5963652955840456,0.10323183760683759,0.12382033475783476,0.10576923076923077,0.10096153846153846,0.1266025641025641,0.11538461538461539,,0.0048076923076923045,0.009615384615384609,1.0476190476190477,1.0833333333333333,0,0.00028827977757718543,0,0,0,,,,
zm5_12,8,72,0.002757155245743146,0.0128462742050861,0.00044270022863652364,0.0,0.0017917211358171,0.19503427706552706,0.6916956018518517,0.11278044871794875,0.16949341168091164,0.1266025641025641,0.11057692307692307,0.21634615384615385,0.15705128205128205,,0.016025641025641024,0.059294871794871806,1.144927536231884,1.3775510204081634,1,0.0005745808999391267,0,0,0,,,,
zm5_12,9,72,0.0009835622166662155,0.0101143793101844,0.0001362473367067167,0.0,0.0011331839442092,0.5958422364672364,0.7551193019943021,0.11151175213675216,0.13586182336182334,0.11378205128205128,0.10416666666666667,0.13782051282051283,0.13141025641025642,,0.008012820512820512,0.004807692307692291,1.0769230769230769,1.0365853658536583,0,0.00032600657613505264,0,0,0,,,,
zm5_12,10,72,0.0012827815768259097,0.0096785938021899,0.00019841109246733892,0.0,0.0011331839442092,0.36334802350427353,0.8493589743589745,0.11487268518518522,0.14423076923076922,0.12179487179487179,0.11217948717948718,0.14743589743589744,0.1362179487179487,,0.009615384615384609,0.011217948717948734,1.0857142857142856,1.0823529411764707,1,0.00036064341330255777,0,0,0,,,,
zm5_2,1,72,0.0018562630066601654,0.040761402153624,0.0002150613795443389,0.0,0.0050677526605262,0.5307603276353277,0.2128071581196581,0.12637998575498577,0.10082799145299143,0.1282051282051282,0.11858974358974358,0.10576923076923077,0.09294871794871795,,0.008012820512820512,0.012820512820512817,1.0675675675675675,1.1379310344827587,0,0.0006797356122392953,0,0,0,,,,
zm5_2,2,72,0.00036287068318317773,0.005250563063063,5.564458689458334e-05,0.0,0.000801282051282,0.34432870370370366,0.32870370370370366,0.1190349002849003,0.11885683760683759,0.1201923076923077,0.11698717948717949,0.1201923076923077,0.11698717948717949,,0.0032051282051282076,0.0016025641025641107,1.0273972602739727,1.0135135135135136,0,0.00020369263285392145,0,0,0,,,,
zm5_2,3,72,0.0008218583379273193,0.0213344253822008,0.00010087801707449306,0.0,0.0022663678884184,0.7101473468660969,0.3558026175213676,0.1112224002849003,0.11469462250712252,0.11217948717948718,0.10737179487179487,0.11698717948717949,0.11057692307692307,,0.004807692307692318,0.006410256410256415,1.0447761194029852,1.0579710144927537,1,0.0003760577819323466,0,0,0,,,,
zm5_2,4,72,0.0010811565049975583,0.0099007797249983,0.00015850517146455002,0.0,0.0011331839442092,0.5257189280626781,0.4741141381766383,0.13615117521367517,0.12606837606837606,0.13782051282051283,0.125,0.1282051282051282,0.11538461538461539,,0.01282051282051283,0.012820512820512803,1.1025641025641026,1.111111111111111,0,0.0003428622734478373,0,0,0,,,,
zm5_2,5,72,0.0026197316382160375,0.0142981470033883,0.00037719153119425,0.0,0.0017917211358171,0.22001869658119658,0.5304932336182336,0.13639601139601137,0.12575676638176636,0.15384615384615385,0.1266025641025641,0.13141025641025642,0.1201923076923077,,0.024038461538461536,0.009615384615384623,1.1851851851851851,1.0789473684210527,1,0.0004725886375891079,0,0,0,,,,
zm5_2,6,72,0.0017197830416853612,0.014241309102825,0.00027894069513715973,0.0,0.0017917211358171,0.8175636574074074,0.5380608974358974,0.12568999287749286,0.1490829772079772,0.13782051282051283,0.11858974358974358,0.15384615384615385,0.13782051282051283,,0.019230769230769246,0.011217948717948706,1.1621621621621623,1.0804597701149425,1,0.0004252019981470774,0,0,0,,,,
zm5_2,7,72,0.0006737816438305015,0.0096846236265921,8.251217016529445e-05,0.0,0.0011331839442092,0.6397569444444444,0.6288394764957265,0.14142628205128205,0.10881855413105414,0.14423076923076922,0.1346153846153846,0.11057692307692307,0.10416666666666667,,0.009615384615384609,0.006410256410256401,1.0714285714285714,1.0615384615384615,1,0.00025402943873107595,0,0,0,,,,
zm5_2,8,72,0.0016308703528626267,0.0391530797101449,0.00022527867573805555,0.0,0.0056089743589743,0.32221554487179493,0.702690972222222,0.11264690170940171,0.12702546296296294,0.11378205128205128,0.10416666666666667,0.1282051282051282,0.11858974358974358,,0.009615384615384609,0.009615384615384609,1.0923076923076922,1.0810810810810811,0,0.0007333471439154147,0,0,0,,,,
zm5_2,9,72,0.0014217430566865084,0.0233941447608616,0.00017615325770950694,0.0,0.0016025641025641,0.7372462606837608,0.7572115384615385,0.1386663105413105,0.10906339031339032,0.14743589743589744,0.1282051282051282,0.11057692307692307,0.10256410256410256,,0.019230769230769246,0.008012820512820512,1.1500000000000001,1.078125,0,0.00037202239579215525,0,0,0,,,,
zm5_2,10,72,0.0010694645876915944,0.0134322503545717,0.00017417069021403192,0.0,0.0017917211358171,0.5294471153846154,0.794838408119658,0.1434740028490028,0.1346821581196581,0.14743589743589744,0.1362179487179487,0.1362179487179487,0.1282051282051282,,0.008012820512820512,0.0064102564102563875,1.0574712643678161,1.0493827160493825,0,0.00037295469408893687,0,0,0,,,,
zm5_3,1,72,0.0014328283002264207,0.0105119601887359,0.00017615325770950558,0.0,0.0011331839442092,0.5815749643874644,0.17057291666666666,0.12767094017094016,0.09742254273504272,0.12980769230769232,0.12179487179487179,0.10256410256410256,0.09294871794871795,,0.006410256410256401,0.008012820512820512,1.0526315789473684,1.0862068965517242,0,0.0003472259487409869,0,0,0,,,,
zm5_3,2,72,0.001221253379031729,0.0131138854425144,0.00017615325770950558,0.0,0.0011331839442092,0.3233506944444444,0.2525707799145299,0.14055822649572647,0.11959134615384616,0.14423076923076922,0.1282051282051282,0.12179487179487179,0.11858974358974358,,0.016025641025641024,-0.0016025641025640969,1.125,0.986842105263158,0,0.0003472259487409868,0,0,0,,,,
zm5_3,3,72,0.0008892397337622695,0.0169202457479274,0.00011391635480657222,0.0,0.0017917211358171,0.4807024572649572,0.34671029202279197,0.10247507122507121,0.10786146723646721,0.10256410256410256,0.10096153846153846,0.10897435897435898,0.10576923076923077,,0.0,0.0016025641025640969,1.0,1.0151515151515151,0,0.0003475400556719826,0,0,0,,,,
zm5_3,4,72,0.0031931760467967,0.0159439559854487,0.000570098521661468,0.0,0.0025338763302631,0.21844951923076927,0.44970842236467234,0.15008457977207973,0.10383279914529912,0.21474358974358973,0.1330128205128205,0.10897435897435898,0.09935897435897435,,0.08173076923076922,0.008012820512820512,1.614457831325301,1.0793650793650793,1,0.0007761426783625646,0,0,0,,,,
zm5_3,5,72,0.001391570298872646,0.0101541884358332,0.00020954000984625557,0.0,0.0011331839442092,0.7030470975783477,0.4615050747863248,0.10815081908831908,0.1336582977207977,0.10897435897435898,0.10416666666666667,0.14262820512820512,0.1282051282051282,,0.0048076923076923045,0.014423076923076927,1.0461538461538462,1.1125,1,0.00036666199583834685,0,0,0,,,,
zm5_3,6,72,0.0010080932421375542,0.0100160256410256,0.0001492856744387958,0.0,0.0016025641025641,0.39410835113960113,0.5817307692307693,0.15502581908831906,0.1269141737891738,0.15705128205128205,0.14583333333333334,0.13141025641025642,0.12179487179487179,,0.011217948717948706,0.008012820512820512,1.0769230769230769,1.0649350649350648,0,0.0003469758137711907,0,0,0,,,,
zm5_3,7,72,0.0009337481751511402,0.0095647943402366,0.00014276650557275554,0.0,0.0011331839442092,0.592147435897436,0.616530893874644,0.1448539886039886,0.11936876780626779,0.14743589743589744,0.1362179487179487,0.12179487179487179,0.11378205128205128,,0.011217948717948734,0.008012820512820512,1.0823529411764707,1.0704225352112675,0,0.00032320481018932227,0,0,0,,,,
zm5_3,8,72,0.0009272441422230626,0.0089488600665292,0.00016041459181771113,0.0,0.0011331839442092,0.24208733974358973,0.6286057692307693,0.1496839387464387,0.12540064102564102,0.15384615384615385,0.14102564102564102,0.1266025641025641,0.12179487179487179,,0.008012820512820512,0.0032051282051281937,1.0568181818181819,1.025974025974026,0,0.00032867641369719995,0,0,0,,,,
zm5_3,9,72,0.001310086845457961,0.01,0.00016693376068375,0.0,0.000801282051282,0.6995860042735043,0.7795806623931624,0.1178774928774929,0.1353276353276353,0.12980769230769232,0.10737179487179487,0.13782051282051283,0.1330128205128205,,0.022435897435897453,0.004807692307692318,1.2089552238805972,1.036144578313253,1,0.00032541380691801335,0,0,0,,,,
zm5_3,10,72,0.0009439796023575637,0.0060763888888889,0.00015580484330483333,0.0,0.000801282051282,0.4881143162393161,0.7994346509971512,0.14770299145299143,0.10136217948717947,0.15224358974358973,0.1362179487179487,0.10256410256410256,0.09935897435897435,,0.016025641025641024,0.0032051282051282076,1.1176470588235294,1.032258064516129,0,0.00031712533050156033,0,0,0,,,,
zm5_4,1,72,0.0013433063077257933,0.0177365695637359,0.00018267242657554446,0.0,0.0011331839442092,0.4763287927350428,0.17211983618233623,0.1403356481481481,0.13016381766381768,0.14743589743589744,0.12980769230769232,0.13141025641025642,0.11858974358974358,,0.01762820512820512,0.01282051282051283,1.1358024691358024,1.1081081081081081,1,0.00034384097232550753,0,0,0,,,,
zm5_4,2,72,0.0010974589704191057,0.0317978645350633,0.00016693376068375277,0.0,0.0040064102564102,0.16252670940170943,0.3540776353276354,0.11729878917378918,0.14716880341880342,0.1201923076923077,0.11217948717948718,0.15064102564102563,0.14102564102564102,,0.008012820512820512,0.009615384615384609,1.0714285714285714,1.0681818181818181,0,0.0005331436773060531,0,0,0,,,,
zm5_4,3,72,0.0005927235725980569,0.0049512130801687,0.00010016025641025,0.0,0.000801282051282,0.6061030982905983,0.38201121794871795,0.12887286324786323,0.13652955840455838,0.12980769230769232,0.125,0.13942307692307693,0.12980769230769232,,0.004807692307692318,0.009615384615384609,1.0384615384615385,1.074074074074074,1,0.0002649991297139848,0,0,0,,,,
zm5_4,4,72,0.0005938748616573583,0.0092241574529596,9.364108754421112e-05,0.0,0.0011331839442092,0.3160723824786324,0.40189859330484323,0.1596109330484331,0.10881855413105414,0.16185897435897437,0.15384615384615385,0.11057692307692307,0.10416666666666667,,0.008012820512820512,0.006410256410256401,1.0520833333333333,1.0615384615384615,0,0.00026737232922813,0,0,0,,,,
zm5_4,5,72,0.0006990034112814944,0.0092223645957157,0.00010286058456996668,0.0,0.0011331839442092,0.7345864494301995,0.43443954772079774,0.1352608618233618,0.1398014601139601,0.1362179487179487,0.1282051282051282,0.14102564102564102,0.13141025641025642,,0.008012820512820512,0.009615384615384609,1.0625,1.073170731707317,0,0.0002958227836849608,0,0,0,,,,
zm5_4,6,72,0.0008988286688027541,0.013430669398907,8.903133903133471e-05,0.0,0.0024038461538461,0.18492922008547005,0.4872351317663818,0.1543135683760684,0.09648771367521368,0.15544871794871795,0.13942307692307693,0.09775641025641026,0.09455128205128205,,0.016025641025641024,0.0032051282051282076,1.1149425287356323,1.033898305084746,0,0.0003419313456137963,0,0,0,,,,
zm5_4,7,72,0.0035970299267379133,0.0242770386310506,0.00045595800779553615,0.0,0.0033995518326276,0.7366230413105413,0.5925480769230769,0.13550569800569798,0.12250712250712252,0.15224358974358973,0.1233974358974359,0.15384615384615385,0.10897435897435898,,0.028846153846153827,0.04487179487179488,1.2337662337662336,1.411764705882353,1,0.0006854376906893683,0,0,0,,,,
zm5_4,8,72,0.0008341850972414125,0.0142311067997043,0.00010477000492312778,0.0,0.0011331839442092,0.4880809294871795,0.6403245192307693,0.1377537393162393,0.106948896011396,0.13942307692307693,0.1282051282051282,0.10897435897435898,0.10416666666666667,,0.011217948717948734,0.0048076923076923045,1.0875000000000001,1.0461538461538462,0,0.000279637736236854,0,0,0,,,,
zm5_4,9,72,0.0007385147391268888,0.0094581296937468,0.00011589892230204445,0.0,0.0011331839442092,0.27456152065527073,0.6772168803418803,0.1491497507122507,0.1190349002849003,0.15224358974358973,0.14423076923076922,0.1201923076923077,0.11057692307692307,,0.008012820512820512,0.009615384615384623,1.0555555555555556,1.0869565217391306,1,0.00029096195458240846,0,0,0,,,,
zm5_4,10,72,0.0010905338083356765,0.0093287020689119,0.00016041459181771113,0.0,0.0011331839442092,0.4542267628205128,0.7910211894586894,0.16232638888888892,0.11253561253561256,0.16506410256410256,0.14903846153846154,0.11538461538461539,0.10416666666666667,,0.016025641025641024,0.01121794871794872,1.10752688172043,1.1076923076923078,1,0.0003286764136972,0,0,0,,,,
zm5_5,1,72,0.0028939147264846836,0.0178643336967642,0.00048649813748795134,0.0,0.0024038461538461,0.40163149928774927,0.25318287037037035,0.16023415242165243,0.1063034188034188,0.20192307692307693,0.14583333333333334,0.11057692307692307,0.10256410256410256,,0.056089743589743585,0.006410256410256415,1.3846153846153846,1.0625,1,0.000643653547860508,0,0,0,,,,
zm5_5,2,72,0.0011531610875212847,0.0136458333333333,0.0001780626780626667,0.0,0.000801282051282,0.5912348646723646,0.2679954594017094,0.14129273504273498,0.12925124643874641,0.14423076923076922,0.13782051282051283,0.13141025641025642,0.1233974358974359,,0.0064102564102563875,0.0032051282051282215,1.0465116279069766,1.0250000000000001,1,0.00033312476734096325,0,0,0,,,,
zm5_5,3,72,0.0011672876348928958,0.0237872465722162,0.0001837744065612222,0.0,0.0040857528153788,0.2447137642450143,0.3098847044159544,0.17964298433048434,0.10846242877492879,0.1842948717948718,0.16987179487179488,0.11057692307692307,0.10096153846153846,,0.01282051282051283,0.009615384615384609,1.074766355140187,1.0952380952380951,1,0.0005523479282465851,0,0,0,,,,
zm5_5,4,72,0.0016288673449326486,0.0475528424567008,0.0001896315179361833,0.0,0.0057781270440128,0.7404959045584045,0.36151175213675213,0.14547720797720798,0.10621438746438744,0.14743589743589744,0.1330128205128205,0.10737179487179487,0.10096153846153846,,0.014423076923076927,0.006410256410256401,1.108433734939759,1.0634920634920635,0,0.000725145638750339,0,0,0,,,,
zm5_5,5,72,0.0021622867197388282,0.0365905577199089,0.00037299877433648196,0.0,0.0058334213856414,0.4718660968660968,0.4642539173789173,0.17806267806267806,0.11578525641025644,0.19230769230769232,0.15865384615384615,0.11698717948717949,0.11057692307692307,,0.03205128205128205,0.006410256410256415,1.2,1.0579710144927537,1,0.0007923184110527814,0,0,0,,,,
zm5_5,6,72,0.0012428763053073761,0.0142917497660453,0.00018140761974431388,0.0,0.0017917211358171,0.17530270655270655,0.5205551103988605,0.1350160256410256,0.13054220085470084,0.13782051282051283,0.1266025641025641,0.1346153846153846,0.12179487179487179,,0.011217948717948734,0.012820512820512817,1.0886075949367089,1.1052631578947367,1,0.00041495965545462087,0,0,0,,,,
zm5_5,7,72,0.001378907358998243,0.0092604780876445,0.00022527867573805002,0.0,0.0011331839442092,0.7310585826210827,0.5292356659544161,0.14828169515669515,0.11963586182336182,0.15865384615384615,0.14423076923076922,0.1233974358974359,0.11698717948717949,,0.014423076923076927,0.004807692307692318,1.1,1.0405405405405406,1,0.00038135594484430647,0,0,0,,,,
zm5_5,8,72,0.0013805851072480528,0.0283298439047005,0.00018792678861035276,0.0,0.0035834422716342,0.3154936787749288,0.6413483796296298,0.1195468304843305,0.14710202991452992,0.1233974358974359,0.11538461538461539,0.14903846153846154,0.13942307692307693,,0.006410256410256415,0.008012820512820512,1.0547945205479452,1.0574712643678161,0,0.0005088789440900295,0,0,0,,,,
zm5_5,9,72,0.0014789403483739484,0.0345254367136454,0.0002225783475783375,0.0,0.0040064102564102,0.5201655982905984,0.7008547008547007,0.11680911680911682,0.14476495726495722,0.12179487179487179,0.10897435897435898,0.15224358974358973,0.1362179487179487,,0.012820512820512817,0.016025641025641024,1.1176470588235294,1.1176470588235294,0,0.0005700787248426528,0,0,0,,,,
zm5_5,10,72,0.0008006058907941665,0.0315033783783783,0.00012241809116808752,0.0,0.0048076923076923,0.7505675747863249,0.702023237179487,0.11727653133903132,0.12199519230769232,0.11858974358974358,0.11378205128205128,0.1233974358974359,0.1201923076923077,,0.0048076923076923045,0.0032051282051282076,1.0422535211267605,1.0266666666666666,1,0.0005921378914896248,0,0,0,,,,
zm5_6,1,72,0.0009983852859017333,0.0125828376592165,0.00012702783968096112,0.0,0.0011331839442092,0.44099448005698005,0.14407496438746437,0.15558226495726496,0.11832264957264958,0.15865384615384615,0.14423076923076922,0.12179487179487179,0.11378205128205128,,0.014423076923076927,0.008012820512820512,1.1,1.0704225352112675,1,0.00030145107214456045,0,0,0,,,,
zm5_6,2,72,0.00148419849683105,0.0242764021916264,0.00020705964293383887,0.0,0.0028890635220064,0.5777354878917378,0.2887063746438746,0.13695245726495725,0.11262464387464391,0.14262820512820512,0.12980769230769232,0.11538461538461539,0.10737179487179487,,0.012820512820512803,0.006410256410256415,1.0987654320987652,1.0597014925373134,0,0.00045476758146778773,0,0,0,,,,
zm5_6,3,72,0.0017132299526532167,0.0240422941822306,0.00023392722620454998,0.0,0.0028890635220064,0.3350471866096865,0.31827590811965817,0.15389066951566951,0.10254184472934472,0.16185897435897437,0.14583333333333334,0.10576923076923077,0.09455128205128205,,0.014423076923076927,0.009615384615384623,1.0978260869565217,1.1016949152542375,0,0.00047086888510919464,0,0,0,,,,
zm5_6,4,72,0.0007357976687660099,0.0055932971014492,0.00012241809116808334,0.0,0.000801282051282,0.7637442129629629,0.35677083333333326,0.1559161324786325,0.1164084757834758,0.16025641025641027,0.15224358974358973,0.11858974358974358,0.10897435897435898,,0.00801282051282054,0.009615384615384609,1.0526315789473686,1.088235294117647,1,0.00028827977757718543,0,0,0,,,,
zm5_6,5,72,0.0022470931823830014,0.0306515255825964,0.00030908007294720556,0.0,0.0035834422716342,0.40371260683760685,0.4810363247863248,0.10559116809116807,0.14774750712250712,0.10737179487179487,0.09935897435897435,0.15544871794871795,0.1362179487179487,,0.0,0.019230769230769246,1.0,1.1411764705882355,1,0.0005918949195619854,0,0,0,,,,
zm5_6,6,72,0.0010924912480672403,0.0086419753086419,0.00014467592592591668,0.0,0.000801282051282,0.5754874465811964,0.511707621082621,0.11184561965811968,0.14009081196581194,0.11217948717948718,0.10737179487179487,0.14903846153846154,0.1266025641025641,,0.004807692307692318,0.02243589743589744,1.0447761194029852,1.1772151898734178,1,0.00030821274982472725,0,0,0,,,,
zm5_6,7,72,0.0035133006199934416,0.018744089502138,0.0005422556080378958,0.0,0.0033037705333474,0.8005586716524217,0.5286569622507122,0.1566283831908832,0.10663728632478633,0.22275641025641027,0.13942307692307693,0.11538461538461539,0.10096153846153846,,0.08333333333333334,0.014423076923076927,1.5977011494252875,1.1428571428571428,1,0.0009349537337579346,0,0,0,,,,
zm5_6,8,72,0.0016941607877806152,0.0144843571893828,0.00023045989063054582,0.0,0.0017917211358171,0.2918447293447294,0.5576700498575498,0.15268874643874641,0.12072649572649571,0.15865384615384615,0.14102564102564102,0.1233974358974359,0.10737179487179487,,0.01762820512820512,0.016025641025641038,1.125,1.1492537313432838,1,0.0004533132354591345,0,0,0,,,,
zm5_6,9,72,0.0018693564203513778,0.0390064102564102,0.00022718809609121386,0.0,0.0032051282051282,0.6507968304843303,0.7068865740740741,0.11280270655270656,0.13109864672364668,0.11698717948717949,0.10576923076923077,0.13782051282051283,0.11858974358974358,,0.0048076923076923045,0.01282051282051283,1.042857142857143,1.1025641025641026,1,0.0004926051426954815,0,0,0,,,,
zm5_6,10,72,0.0007717094522826862,0.007070707070707,0.00012241809116808334,0.0,0.000801282051282,0.4028445512820513,0.7161792200854702,0.1536235754985755,0.11505074786324787,0.16185897435897437,0.14423076923076922,0.11538461538461539,0.11378205128205128,,0.01762820512820515,0.0,1.1222222222222225,1.0,0,0.00028827977757718543,0,0,0,,,,
zm5_7,1,72,0.0013555441694852678,0.0245724834412,0.00020169054515688193,0.0,0.0033037705333474,0.22325721153846156,0.21038105413105412,0.12747061965811965,0.11453881766381767,0.1330128205128205,0.12179487179487179,0.11858974358974358,0.10737179487179487,,0.01121794871794872,0.009615384615384609,1.0921052631578947,1.088235294117647,0,0.0005035823483899147,0,0,0,,,,
zm5_7,2,72,0.0007761985375017265,0.0081395348837209,0.00010016025641025001,0.0,0.000801282051282,0.5334980413105411,0.23650062321937318,0.1002938034188034,0.138599537037037,0.10256410256410256,0.09615384615384616,0.14102564102564102,0.12980769230769232,,0.006410256410256401,0.011217948717948706,1.0666666666666667,1.0864197530864197,0,0.0002649991297139848,0,0,0,,,,
zm5_7,3,72,0.0017125083223231096,0.0098591549295774,0.00024292676198300555,0.0,0.0011331839442092,0.6795984686609687,0.3589632300569801,0.15286680911680914,0.1063701923076923,0.16826923076923078,0.13942307692307693,0.11378205128205128,0.10256410256410256,,0.028846153846153855,0.01121794871794872,1.206896551724138,1.109375,1,0.000382213066847223,0,0,0,,,,
zm5_7,4,72,0.0009320714359518709,0.010630707762557,0.00013163758819384027,0.0,0.0016025641025641,0.37193954772079774,0.4371661324786324,0.12693643162393162,0.11436075498575499,0.12980769230769232,0.1201923076923077,0.11538461538461539,0.10897435897435898,,0.009615384615384623,0.0048076923076923045,1.08,1.0441176470588236,0,0.00034122217331734325,0,0,0,,,,
zm5_7,5,72,0.0007712396874927194,0.0094581296937468,0.00010937975343600556,0.0,0.0011331839442092,0.5525062321937322,0.5059873575498575,0.11658653846153848,0.1463230056980057,0.11858974358974358,0.11217948717948718,0.14743589743589744,0.14262820512820512,,0.006410256410256401,0.004807692307692318,1.0571428571428572,1.0337078651685394,0,0.0002934748519779355,0,0,0,,,,
zm5_7,6,72,0.0009923401467566333,0.0163633059155865,0.00011589892230204445,0.0,0.0011331839442092,0.19110576923076927,0.5222689636752137,0.09873575498575497,0.13900017806267806,0.10096153846153846,0.09134615384615384,0.14262820512820512,0.1346153846153846,,0.009615384615384623,0.008012820512820512,1.105263157894737,1.0595238095238095,1,0.00029096195458240824,0,0,0,,,,
zm5_7,7,72,0.006345508072289757,0.0267155013413816,0.0009006994425717861,0.000801282051282,0.0040064102564102,0.32966079059829057,0.6510416666666666,0.11293625356125357,0.1399127492877493,0.16346153846153846,0.10096153846153846,0.21474358974358973,0.11217948717948718,,0.0625,0.10256410256410255,1.619047619047619,1.9142857142857141,1,0.0011253866539780444,0,0,0,,,,
zm5_7,8,72,0.0011489029792252363,0.0061659946236559,0.00018919159544158334,0.0,0.000801282051282,0.8451299857549857,0.7045383725071225,0.10051638176638175,0.13432603276353272,0.10096153846153846,0.09775641025641026,0.14583333333333334,0.12179487179487179,,0.0032051282051282076,0.02403846153846155,1.0327868852459017,1.1973684210526316,1,0.0003402974726544624,0,0,0,,,,
zm5_7,9,72,0.0010688954023683917,0.0301075268817204,0.00011128917378916668,0.0,0.000801282051282,0.49877581908831914,0.7294782763532763,0.10105056980056977,0.14783653846153844,0.10256410256410256,0.09294871794871795,0.15224358974358973,0.1362179487179487,,0.009615384615384609,0.016025641025641024,1.103448275862069,1.1176470588235294,1,0.0002771078080036491,0,0,0,,,,
zm5_7,10,72,0.0009562187541569125,0.0173578223662346,8.903133903133334e-05,0.0,0.000801282051282,0.620949074074074,0.7412192841880343,0.10024928774928772,0.11340366809116811,0.10256410256410256,0.09134615384615384,0.11538461538461539,0.10737179487179487,,0.01121794871794872,0.008012820512820526,1.1228070175438596,1.074626865671642,0,0.0002518186542686973,0,0,0,,,,
zm5_8,1,72,0.0008517077647922485,0.010120447404645,0.0001251184193278,0.0,0.0011331839442092,0.42128516737891736,0.21422053062678065,0.15248842592592593,0.10681534900284897,0.15384615384615385,0.13942307692307693,0.10737179487179487,0.10096153846153846,,0.014423076923076927,0.006410256410256401,1.103448275862069,1.0634920634920635,0,0.00031665691819690285,0,0,0,,,,
zm5_8,2,72,0.001169062109436018,0.005450410798122,0.00020032051282050002,0.0,0.000801282051282,0.6337918447293447,0.2837540064102564,0.14258368945868946,0.1155849358974359,0.15224358974358973,0.12980769230769232,0.11858974358974358,0.11217948717948718,,0.02243589743589741,0.006410256410256401,1.1728395061728394,1.0571428571428572,3,0.00034696530600335874,0,0,0,,,,
zm5_8,3,72,0.0005737026802199306,0.0098783606085121,7.138325278637777e-05,0.0,0.0011331839442092,0.23991720085470084,0.34238114316239326,0.14178240740740738,0.10690438034188032,0.14743589743589744,0.1362179487179487,0.10737179487179487,0.10416666666666667,,0.011217948717948734,0.0032051282051281937,1.0823529411764707,1.0307692307692307,1,0.00023942899457484604,0,0,0,,,,
zm5_8,4,72,0.001071843118078754,0.0053819444444444,0.0001780626780626667,0.0,0.000801282051282,0.7298344017094016,0.46599002849002846,0.13693019943019938,0.11863425925925924,0.14423076923076922,0.125,0.1201923076923077,0.11378205128205128,,0.019230769230769218,0.006410256410256415,1.1538461538461537,1.0563380281690142,0,0.00033312476734096325,0,0,0,,,,
zm5_8,5,72,0.0008234864741879152,0.0089570724650899,0.00013815675705987777,0.0,0.0011331839442092,0.4662793803418804,0.5087028133903133,0.12620192307692304,0.15251068376068377,0.1330128205128205,0.12179487179487179,0.15544871794871795,0.14583333333333334,,0.01121794871794872,0.009615384615384609,1.0921052631578947,1.065934065934066,1,0.00031118954541523546,0,0,0,,,,
zm5_8,6,72,0.0008781267963103501,0.0096059652752369,0.0001316375881938389,0.0,0.0011331839442092,0.1626491274928775,0.518184650997151,0.1244880698005698,0.13430377492877488,0.1266025641025641,0.11858974358974358,0.1362179487179487,0.1266025641025641,,0.008012820512820512,0.009615384615384609,1.0675675675675675,1.0759493670886076,0,0.0003140028153879424,0,0,0,,,,
zm5_8,7,72,0.0005687998590634875,0.0057447139303482,8.903133903133333e-05,0.0,0.000801282051282,0.33199786324786323,0.518051103988604,0.11168981481481483,0.1465900997150997,0.11378205128205128,0.10576923076923077,0.14903846153846154,0.14423076923076922,,0.008012820512820512,0.004807692307692318,1.0757575757575757,1.0333333333333334,1,0.0002518186542686973,0,0,0,,,,
zm5_8,8,72,0.0006903073756080306,0.0089190019961684,0.00011589892230204445,0.0,0.0011331839442092,0.5968660968660969,0.6716969373219374,0.11680911680911682,0.15749643874643876,0.11858974358974358,0.11217948717948718,0.16185897435897437,0.15064102564102563,,0.006410256410256401,0.011217948717948734,1.0571428571428572,1.074468085106383,1,0.0002909619545824082,0,0,0,,,,
zm5_8,9,72,0.000912505720999861,0.0114754098360655,0.00010016025641025001,0.0,0.000801282051282,0.8063123219373218,0.684684383903134,0.09784544159544158,0.10423344017094016,0.10256410256410256,0.09294871794871795,0.10737179487179487,0.09935897435897435,,0.009615384615384609,0.008012820512820512,1.103448275862069,1.0806451612903225,0,0.00026499912971398475,0,0,0,,,,
zm5_8,10,72,0.0013856512298862792,0.0132427268244575,0.00016963408884346665,0.0,0.0011331839442092,0.35507923789173795,0.7149995548433049,0.11792200854700854,0.1378872863247863,0.125,0.11217948717948718,0.14583333333333334,0.1282051282051282,,0.012820512820512817,0.01762820512820515,1.1142857142857143,1.1375000000000002,1,0.000350456995340368,0,0,0,,,,
zm5_8,11,72,0.0016346091861688806,0.0151374650288904,0.00026129260889220835,0.0,0.0017917211358171,0.47947827635327633,0.7913773148148149,0.15504807692307696,0.11168981481481483,0.16025641025641027,0.13942307692307693,0.11378205128205128,0.10576923076923077,,0.020833333333333343,0.008012820512820512,1.149425287356322,1.0757575757575757,0,0.00048468322840781146,0,0,0,,,,
zm5_9,1,72,0.001117912111347557,0.0375126786751851,0.00017223637053364447,0.0,0.0064601424265212,0.5311498397435899,0.2369012642450142,0.15115295584045585,0.1308538105413105,0.15544871794871795,0.14583333333333334,0.1346153846153846,0.1266025641025641,,0.009615384615384609,0.008012820512820512,1.065934065934066,1.0632911392405062,1,0.0007882290023324919,0,0,0,,,,
zm5_9,2,72,0.002048445608199939,0.0532600839302186,0.00021855721154571942,0.0,0.0062582128813354,0.7920005341880343,0.29020877849002846,0.13181089743589744,0.1182113603988604,0.13782051282051283,0.1233974358974359,0.125,0.10416666666666667,,0.014423076923076927,0.017628205128205135,1.1168831168831168,1.164179104477612,0,0.0007823812845920885,0,0,0,,,,
zm5_9,3,72,0.004909876025595919,0.0485454503131665,0.0006972430258469528,0.0,0.0071668845432685,0.2732928240740741,0.2898526531339032,0.15818643162393164,0.12555644586894588,0.16826923076923078,0.14423076923076922,0.15705128205128205,0.11538461538461539,,0.024038461538461564,0.04166666666666666,1.166666666666667,1.361111111111111,1,0.0013829798380895473,0,0,0,,,,
zm5_9,4,72,0.0019309592898877738,0.0218039108914854,0.0002980319608608084,0.0,0.0033037705333474,0.43094506766381774,0.4187477742165242,0.1605902777777778,0.1239093660968661,0.17307692307692307,0.14423076923076922,0.12980769230769232,0.11378205128205128,,0.028846153846153855,0.016025641025641038,1.2000000000000002,1.1408450704225352,1,0.0005345164390684198,0,0,0,,,,
zm5_9,5,72,0.0009887967552568667,0.0577553679733909,0.0001495760606849875,0.0,0.0083656302154731,0.1083622685185185,0.42753961894586895,0.12324163105413105,0.15320067663817663,0.1233974358974359,0.12179487179487179,0.15384615384615385,0.14903846153846154,,0.0016025641025641107,0.004807692307692318,1.0131578947368423,1.032258064516129,0,0.000988117400724124,0,0,0,,,,
zm5_9,6,72,0.0013902428520979613,0.0577153253224823,0.0002246321133440333,0.0,0.0086300718063052,0.636462784900285,0.4701856303418804,0.1375534188034188,0.15515936609686612,0.13782051282051283,0.1346153846153846,0.15865384615384615,0.14262820512820512,,0.0032051282051282215,0.016025641025641024,1.023809523809524,1.1123595505617978,1,0.0010359213452967426,0,0,0,,,,
zm5_9,7,72,0.0014053804449430515,0.0513915941418267,0.00020381174878677223,0.0,0.0067991036652552,0.31169871794871795,0.5390068554131053,0.1570957977207977,0.12226228632478635,0.15865384615384615,0.15224358974358973,0.1233974358974359,0.11538461538461539,,0.006410256410256415,0.008012820512820512,1.0421052631578949,1.0694444444444444,0,0.0008358260081909567,0,0,0,,,,
zm5_9,8,72,0.004701195583135389,0.0297854662669655,0.0006199434801786917,0.0,0.0033995518326276,0.7541844729344729,0.6074274394586894,0.11315883190883194,0.1371750356125356,0.14102564102564102,0.10737179487179487,0.15705128205128205,0.12179487179487179,,0.03205128205128205,0.035256410256410256,1.2941176470588236,1.2894736842105263,1,0.0008598038737821152,0,0,0,,,,
zm5_9,9,72,0.0016706349666084153,0.0611525844647101,0.00019481221300831665,0.0,0.0067991036652552,0.4793447293447293,0.7014111467236466,0.11489494301994302,0.11449430199430201,0.11538461538461539,0.10737179487179487,0.11538461538461539,0.10576923076923077,,0.008012820512820526,0.009615384615384623,1.074626865671642,1.090909090909091,0,0.0008795065437745076,0,0,0,,,,
zm5_9,10,72,0.0010958146351968611,0.0495975334203591,0.00014702526877367775,0.0,0.0057781270440128,0.2831196581196581,0.7585581374643874,0.15121972934472933,0.10058315527065526,0.15224358974358973,0.14583333333333334,0.10096153846153846,0.09775641025641026,,0.0064102564102563875,0.0032051282051282076,1.0439560439560438,1.0327868852459017,0,0.0007039835733920294,0,0,0,,,,
zm6_1,1,72,0.0009132912951419695,0.0283894306816896,0.0001237881235044639,0.0,0.0033037705333474,0.5057759081196581,0.3036858974358974,0.10085024928774927,0.14512108262108261,0.10416666666666667,0.09455128205128205,0.14583333333333334,0.13942307692307693,,0.009615384615384623,0.006410256410256415,1.1016949152542375,1.0459770114942528,0,0.00044575121130680624,0,0,0,,,,
zm6_1,2,72,0.004974935173417533,0.0268398328347862,0.0007882181905723681,0.000400641025641,0.0040857528153788,0.307380698005698,0.34183582621082625,0.17454594017094016,0.11262464387464388,0.2564102564102564,0.15224358974358973,0.12179487179487179,0.10416666666666667,,0.10416666666666666,0.01762820512820512,1.6842105263157894,1.169230769230769,1,0.0011025864336693906,0,0,0,,,,
zm6_1,3,72,0.0009840000611135917,0.009453879650909,0.00015389542295167222,0.0,0.0011331839442092,0.6912059294871794,0.3635817307692307,0.12119391025641026,0.14293981481481477,0.1233974358974359,0.11538461538461539,0.14583333333333334,0.13942307692307693,,0.008012820512820512,0.006410256410256415,1.0694444444444444,1.0459770114942528,1,0.0003317788796524331,0,0,0,,,,
zm6_1,4,72,0.0009483291831260738,0.0056678921568627,0.00014467592592591668,0.0,0.000801282051282,0.7957621082621081,0.4498419693732194,0.1232638888888889,0.11211271367521371,0.1266025641025641,0.11858974358974358,0.11538461538461539,0.10737179487179487,,0.006410256410256415,0.008012820512820526,1.0540540540540542,1.074626865671642,1,0.00030821274982472736,0,0,0,,,,
zm6_1,5,72,0.0006903309714775055,0.0069306930693069,0.00011128917378916668,0.0,0.000801282051282,0.23092503561253558,0.5472422542735043,0.16844729344729348,0.10409989316239315,0.17307692307692307,0.15705128205128205,0.10576923076923077,0.10256410256410256,,0.016025641025641024,0.0032051282051282076,1.1020408163265305,1.03125,1,0.0002771078080036491,0,0,0,,,,
zm6_1,6,72,0.0010845092185941209,0.0144036358641188,0.00014809401474987638,0.0,0.0017917211358171,0.47485977564102577,0.5568131232193732,0.12132745726495726,0.15760772792022795,0.1233974358974359,0.11538461538461539,0.15865384615384615,0.14583333333333334,,0.008012820512820512,0.012820512820512803,1.0694444444444444,1.0879120879120878,1,0.0003840557198739204,0,0,0,,,,
zm6_1,7,72,0.0004654090920713027,0.0098670043463446,5.83449150543e-05,0.0,0.0011331839442092,0.6741007834757836,0.5680867165242165,0.1489049145299145,0.10701566951566949,0.14903846153846154,0.14583333333333334,0.10737179487179487,0.10256410256410256,,0.0032051282051281937,0.0048076923076923045,1.021978021978022,1.046875,0,0.00024293555340623978,0,0,0,,,,
zm6_1,8,72,0.001503967407005047,0.0401547275687221,0.00021224033800597224,0.0,0.005665919721046,0.2810496794871795,0.6921852742165242,0.11979166666666667,0.13192218660968658,0.1233974358974359,0.11378205128205128,0.1346153846153846,0.125,,0.008012820512820512,0.008012820512820512,1.0694444444444444,1.064102564102564,0,0.0007126239872264935,0,0,0,,,,
zm6_1,9,72,0.0009072014214196292,0.0162599671610221,0.00013617418956440416,0.0,0.0017917211358171,0.6612802706552707,0.711226851851852,0.14859330484330485,0.09784544159544158,0.15064102564102563,0.14423076923076922,0.09935897435897435,0.09455128205128205,,0.006410256410256415,0.0048076923076923045,1.0444444444444445,1.0508474576271185,1,0.00033943720521677526,0,0,0,,,,
zm6_1,10,72,0.0009613691029708555,0.0096415615122062,0.00015389542295167222,0.0,0.0011331839442092,0.4608150819088319,0.8463096509971508,0.1487491096866097,0.11489494301994302,0.15705128205128205,0.14102564102564102,0.11698717948717949,0.10897435897435898,,0.016025641025641024,0.008012820512820512,1.1136363636363635,1.0735294117647058,1,0.00033177887965243295,0,0,0,,,,
zm6_10,1,72,0.0014298122281800763,0.0097863060591246,0.00021605917871229445,0.0,0.0011331839442092,0.5415108618233617,0.17838541666666666,0.10665954415954414,0.15306712962962965,0.10737179487179487,0.10256410256410256,0.15705128205128205,0.14423076923076922,,0.0032051282051281937,0.01282051282051283,1.0307692307692307,1.088888888888889,0,0.00036285874140317385,0,0,0,,,,
zm6_10,2,72,0.001964284842530953,0.0220421125246475,0.00025665256184093755,0.0,0.0025338763302631,0.6838051994301994,0.24320023148148145,0.10403311965811965,0.1523993945868946,0.10737179487179487,0.09775641025641026,0.16826923076923078,0.13942307692307693,,0.009615384615384609,0.028846153846153855,1.0983606557377048,1.206896551724138,1,0.00048715615757372803,0,0,0,,,,
zm6_10,3,72,0.000983714582605517,0.005126096491228,0.00016693376068375,0.0,0.000801282051282,0.3856948896011396,0.25665509259259256,0.1432736823361823,0.12482193732193735,0.14583333333333334,0.13782051282051283,0.12980769230769232,0.1201923076923077,,0.006410256410256415,0.008012820512820526,1.0459770114942528,1.0657894736842106,1,0.0003254138069180132,0,0,0,,,,
zm6_10,4,72,0.00106606419142275,0.0108242888619816,0.00014928567443879445,0.0,0.0011331839442092,0.2962406517094018,0.40320067663817666,0.10409989316239315,0.12437678062678062,0.11057692307692307,0.09775641025641026,0.1266025641025641,0.1201923076923077,,0.012820512820512817,0.006410256410256401,1.1311475409836065,1.0533333333333332,1,0.00032024586156627143,0,0,0,,,,
zm6_10,5,72,0.003225600860772842,0.0190813781417977,0.00041979778035675693,0.0,0.0017917211358171,0.5746639066951567,0.43369391025641035,0.1378872863247863,0.13951210826210822,0.18108974358974358,0.12179487179487179,0.14423076923076922,0.1346153846153846,,0.05929487179487179,0.004807692307692318,1.486842105263158,1.0357142857142858,1,0.0005018018607100059,0,0,0,,,,
zm6_10,6,72,0.0006234769886301777,0.0097481974707127,9.364108754421112e-05,0.0,0.0011331839442092,0.8018162393162392,0.4686275819088319,0.11155626780626782,0.13695245726495725,0.11217948717948718,0.10897435897435898,0.13782051282051283,0.1330128205128205,,0.0032051282051282076,0.004807692307692318,1.0294117647058825,1.036144578313253,0,0.00026737232922812993,0,0,0,,,,
zm6_10,7,72,0.0011263886727582598,0.0192697492969634,0.00018728217508842224,0.0,0.0022663678884184,0.23586627492877493,0.5581263354700856,0.11177884615384616,0.14585559116809116,0.11217948717948718,0.11057692307692307,0.15705128205128205,0.1362179487179487,,0.0016025641025641107,0.020833333333333343,1.0144927536231885,1.1529411764705884,1,0.000401382891145767,0,0,0,,,,
zm6_10,8,72,0.0022220745458973916,0.0132155797101449,0.0004228988603988458,0.0,0.0024038461538461,0.7228120548433048,0.6010283119658119,0.15729611823361822,0.109107905982906,0.20512820512820512,0.14102564102564102,0.11057692307692307,0.10737179487179487,,0.0641025641025641,0.0032051282051282076,1.4545454545454546,1.0298507462686568,1,0.00062599541980168,0,0,0,,,,
zm6_10,9,72,0.0005200760571447499,0.0102599322959559,7.138325278637777e-05,0.0,0.0011331839442092,0.4743255876068377,0.6200587606837605,0.11513977920227919,0.11511752136752136,0.11698717948717949,0.11057692307692307,0.11698717948717949,0.11217948717948718,,0.006410256410256415,0.0048076923076923045,1.0579710144927537,1.042857142857143,0,0.00023942899457484628,0,0,0,,,,
zm6_10,10,72,0.0011639329041665026,0.0129772846465102,0.0001964285249718653,0.0,0.0017917211358171,0.5588942307692308,0.7982661146723647,0.1492610398860399,0.13517183048433046,0.15544871794871795,0.14423076923076922,0.13782051282051283,0.12980769230769232,,0.009615384615384609,0.008012820512820512,1.065934065934066,1.0617283950617284,0,0.00038559210474520093,0,0,0,,,,
zm6_11,1,72,0.003168494529760518,0.0179391933507471,0.0005120484948212153,0.0,0.0033037705333474,0.5030381944444444,0.1356281160968661,0.15783030626780625,0.12680288461538464,0.1971153846153846,0.14262820512820512,0.14743589743589744,0.1201923076923077,,0.05448717948717949,0.027243589743589744,1.3820224719101124,1.2266666666666666,1,0.0007763982923128096,0,0,0,,,,
zm6_11,2,72,0.0009204265066884305,0.0087339743589743,0.00016693376068375136,0.0,0.0016025641025641,0.3093505163817664,0.3439391915954416,0.14558849715099711,0.143718839031339,0.14743589743589744,0.14423076923076922,0.14903846153846154,0.1346153846153846,,0.0032051282051282215,0.014423076923076927,1.0222222222222224,1.1071428571428572,1,0.00035175126044511976,0,0,0,,,,
zm6_11,3,72,0.001256368491848118,0.017506394614671,0.0002067362360058375,0.0,0.0025338763302631,0.7791800213675214,0.3608996616809117,0.10643696581196584,0.1557380698005698,0.10897435897435898,0.10256410256410256,0.16826923076923078,0.14903846153846154,,0.006410256410256415,0.019230769230769246,1.0625,1.1290322580645162,1,0.00043487075564612615,0,0,0,,,,
zm6_11,4,72,0.002328928682921269,0.0120751367916563,0.00034452253972174174,0.0,0.0017917211358171,0.5674746260683761,0.39696848290598286,0.14723557692307696,0.13630698005698003,0.16987179487179488,0.13782051282051283,0.15705128205128205,0.125,,0.03205128205128205,0.03205128205128205,1.2325581395348837,1.2564102564102564,1,0.0004878527333742733,0,0,0,,,,
zm6_11,5,72,0.0,0.0,0.0,0.0,0.0,0.1546474358974359,0.5048076923076924,0.1330128205128205,0.108974358974359,0.1330128205128205,0.1330128205128205,0.10897435897435898,0.10897435897435898,,0.0,0.0,1.0,1.0,0,0.0,0,0,0,,,,
zm6_11,6,72,0.0008420180721054847,0.0093945782217446,0.00011589892230204445,0.0,0.0011331839442092,0.33013933404558404,0.5252403846153846,0.13610665954415951,0.12989672364672364,0.13942307692307693,0.1330128205128205,0.1362179487179487,0.12179487179487179,,0.006410256410256415,0.014423076923076913,1.0481927710843373,1.1184210526315788,0,0.0002909619545824083,0,0,0,,,,
zm6_11,7,72,0.0009083682381967653,0.0057447139303482,0.00014467592592591668,0.0,0.000801282051282,0.639679042022792,0.584479611823362,0.15814191595441598,0.10944177350427352,0.15865384615384615,0.15705128205128205,0.11057692307692307,0.10576923076923077,,0.0016025641025640969,0.0032051282051282076,1.010204081632653,1.0303030303030303,1,0.00030821274982472736,0,0,0,,,,
zm6_11,8,72,0.0013269486017017222,0.0095002628344715,0.0002049302613333778,0.0,0.0011331839442092,0.4500979344729345,0.625400641025641,0.14240562678062674,0.11124465811965815,0.14583333333333334,0.13782051282051283,0.11538461538461539,0.10256410256410256,,0.008012820512820512,0.01282051282051283,1.0581395348837208,1.125,1,0.00035697930074786433,0,0,0,,,,
zm6_11,9,72,0.0006889850547423417,0.0088761044474569,0.00010937975343600556,0.0,0.0011331839442092,0.69407719017094,0.7327167913105412,0.12560096153846154,0.1517761752136752,0.1282051282051282,0.1233974358974359,0.15384615384615385,0.14423076923076922,,0.0016025641025640969,0.009615384615384637,1.0126582278481011,1.0666666666666669,0,0.0002934748519779355,0,0,0,,,,
zm6_11,10,72,0.0008170489499724847,0.0119791666666666,0.00011589892230204582,0.0,0.0016025641025641,0.4527021011396012,0.8054442663817665,0.14369658119658116,0.10505698005698004,0.14423076923076922,0.14102564102564102,0.10576923076923077,0.10096153846153846,,0.0032051282051281937,0.0048076923076923045,1.0227272727272727,1.0476190476190477,0,0.0003201463142162844,0,0,0,,,,
zm6_12,1,72,0.00029302671681867776,0.0093406081941135,4.912541802854444e-05,0.0,0.0011331839442092,0.2898192663817664,0.2515914351851852,0.16622150997150997,0.1057914886039886,0.16666666666666666,0.16185897435897437,0.10737179487179487,0.10576923076923077,,0.0032051282051281937,-0.0016025641025640969,1.0196078431372548,0.9850746268656717,0,0.0002053623676167419,0,0,0,,,,
zm6_12,2,72,0.0012587529512703207,0.0102521929824561,0.00020493026133337915,0.0,0.0016025641025641,0.4903067129629629,0.2550413995726496,0.11959134615384616,0.15404647435897437,0.12179487179487179,0.11698717948717949,0.16025641025641027,0.14903846153846154,,-0.0032051282051282076,0.011217948717948734,0.9736842105263158,1.0752688172043012,1,0.0003811417382736907,0,0,0,,,,
zm6_12,3,72,0.00040406034768925275,0.005250563063063,6.67735042735e-05,0.0,0.000801282051282,0.6794649216524218,0.3466991631054131,0.13630698005698005,0.11968037749287748,0.13782051282051283,0.13141025641025642,0.1201923076923077,0.11698717948717949,,0.006410256410256415,0.0032051282051282076,1.048780487804878,1.0273972602739727,0,0.00022146265961239212,0,0,0,,,,
zm6_12,4,72,0.001201568919338864,0.0150974724553075,0.0001702787023653972,0.0,0.0017917211358171,0.2645232371794872,0.4176126246438747,0.14883814102564102,0.10921919515669516,0.15064102564102563,0.14423076923076922,0.11057692307692307,0.10737179487179487,,0.006410256410256415,0.0032051282051282076,1.0444444444444445,1.0298507462686568,0,0.00040888629462375596,0,0,0,,,,
zm6_12,5,72,0.0005682111358092472,0.0051874999999999,0.00010016025641025001,0.0,0.000801282051282,0.5090700676638176,0.45092147435897434,0.15645032051282054,0.119747150997151,0.16025641025641027,0.15224358974358973,0.1233974358974359,0.11858974358974358,,0.00801282051282054,0.0032051282051282076,1.0526315789473686,1.027027027027027,0,0.00026499912971398465,0,0,0,,,,
zm6_12,6,72,0.0018521721864152836,0.0160962374359745,0.0002566828603793277,0.0,0.0017917211358171,0.7763532763532763,0.511318108974359,0.11551816239316241,0.11335915242165243,0.12179487179487179,0.11217948717948718,0.12179487179487179,0.10737179487179487,,0.009615384615384609,0.014423076923076927,1.0857142857142856,1.1343283582089552,0,0.0004389972207421817,0,0,0,,,,
zm6_12,7,72,0.00040354232909379584,0.0092769607843137,6.677350427350138e-05,0.0,0.0016025641025641,0.5105836004273505,0.5917022792022792,0.13477118945868946,0.11738782051282051,0.1362179487179487,0.1346153846153846,0.11858974358974358,0.11698717948717949,,0.0,0.0,1.0,1.0,1,0.0002586126700191837,0,0,0,,,,
zm6_12,8,72,0.0003609147619832722,0.0055208333333333,6.67735042735e-05,0.0,0.000801282051282,0.29398148148148145,0.598869301994302,0.11075498575498578,0.15749643874643876,0.11217948717948718,0.11057692307692307,0.16025641025641027,0.15224358974358973,,-0.0016025641025641107,0.00801282051282054,0.9857142857142857,1.0526315789473686,0,0.00022146265961239215,0,0,0,,,,
zm6_12,9,72,0.0010172690823801915,0.0131599716282027,0.0001519128554561986,0.0,0.0017917211358171,0.669437767094017,0.6953124999999999,0.15386841168091164,0.11026531339031341,0.15544871794871795,0.15224358974358973,0.11698717948717949,0.10897435897435898,,0.0,-0.008012820512820512,1.0,0.9315068493150686,0,0.0003584945104571281,0,0,0,,,,
zm6_12,10,72,0.000297147175714525,0.0053819444444444,4.4515669515666665e-05,0.0,0.000801282051282,0.38666310541310545,0.7327835648148145,0.11627492877492879,0.11620815527065528,0.11698717948717949,0.11378205128205128,0.11698717948717949,0.11378205128205128,,0.0032051282051282076,0.0032051282051282076,1.028169014084507,1.028169014084507,1,0.00018354280740818176,0,0,0,,,,
zm6_2,1,72,0.0010947235069767415,0.0098586546117469,0.00016502434033058888,0.0,0.0011331839442092,0.5226028311965814,0.24752938034188038,0.1171875,0.13332443019943016,0.11858974358974358,0.11378205128205128,0.13942307692307693,0.1266025641025641,,0.0032051282051281937,0.01282051282051283,1.0277777777777777,1.1012658227848102,0,0.00033977256368529496,0,0,0,,,,
zm6_2,2,72,0.0012683022156266778,0.0160662965300906,0.0001852996075929486,0.0,0.0017917211358171,0.3267895299145299,0.32780226139601143,0.145744301994302,0.10610309829059829,0.15064102564102563,0.13942307692307693,0.11057692307692307,0.09935897435897435,,0.011217948717948706,0.01121794871794872,1.0804597701149425,1.1129032258064517,1,0.00037948924931337615,0,0,0,,,,
zm6_2,3,72,0.0009049668625583292,0.0059054487179486,0.00014467592592591668,0.0,0.000801282051282,0.7350427350427352,0.39927216880341887,0.10545762108262108,0.1390892094017094,0.10576923076923077,0.10256410256410256,0.14262820512820512,0.1282051282051282,,0.0032051282051282076,0.014423076923076927,1.03125,1.1125,0,0.0003082127498247275,0,0,0,,,,
zm6_2,4,72,0.0005518054046325014,0.0058238636363636,8.903133903133334e-05,0.0,0.000801282051282,0.4993322649572651,0.4208733974358974,0.10746082621082621,0.1518429487179487,0.11057692307692307,0.10416666666666667,0.15384615384615385,0.14743589743589744,,0.006410256410256401,0.006410256410256415,1.0615384615384615,1.0434782608695652,0,0.0002518186542686973,0,0,0,,,,
zm6_2,5,72,0.0013449490748858404,0.0098368090437222,0.0002030208409802167,0.0,0.0011331839442092,0.2647792022792023,0.4768518518518518,0.13831018518518517,0.12482193732193732,0.14102564102564102,0.125,0.1266025641025641,0.11698717948717949,,0.016025641025641024,0.009615384615384609,1.1282051282051282,1.0821917808219177,0,0.0003703114541115579,0,0,0,,,,
zm6_2,6,72,0.0011054917322568625,0.0106189225049124,0.00017154350919662778,0.0,0.0011331839442092,0.5814636752136751,0.5947404736467237,0.1386663105413105,0.0984909188034188,0.14262820512820512,0.12980769230769232,0.10096153846153846,0.09455128205128205,,0.012820512820512803,0.006410256410256415,1.0987654320987652,1.0677966101694916,0,0.000336528234160714,0,0,0,,,,
zm6_2,7,72,0.0006703261584835431,0.0059054487179486,0.00011128917378916668,0.0,0.000801282051282,0.2802706552706553,0.6220730947293448,0.15527065527065526,0.10717147435897438,0.15705128205128205,0.14743589743589744,0.10897435897435898,0.10256410256410256,,0.009615384615384609,0.006410256410256415,1.0652173913043477,1.0625,0,0.00027710780800364914,0,0,0,,,,
zm6_2,8,72,0.0008505241498873999,0.0095782520325203,0.00011589892230204582,0.0,0.0016025641025641,0.8089721331908832,0.6487824964387465,0.13294604700854698,0.12947382478632477,0.1346153846153846,0.125,0.13141025641025642,0.1266025641025641,,0.009615384615384609,0.004807692307692318,1.0769230769230769,1.0379746835443038,0,0.0003201463142162844,0,0,0,,,,
zm6_2,9,72,0.0007428172216695473,0.0049512130801687,0.000133547008547,0.0,0.000801282051282,0.41520877849002846,0.7592815170940169,0.14990651709401712,0.12860576923076922,0.15544871794871795,0.14583333333333334,0.13141025641025642,0.125,,0.009615384615384609,0.006410256410256415,1.065934065934066,1.0512820512820513,1,0.00029862018930283744,0,0,0,,,,
zm6_2,10,72,0.0006771241787944097,0.0079545454545454,6.67735042735e-05,0.0,0.000801282051282,0.6132256054131054,0.8253984152421652,0.14494301994301992,0.10770566239316241,0.14583333333333334,0.13782051282051283,0.11057692307692307,0.10416666666666667,,0.008012820512820512,0.0048076923076923045,1.0581395348837208,1.0454545454545454,1,0.00022146265961239217,0,0,0,,,,
zm6_3,1,72,0.0012285117869219404,0.013735119047619,0.00014928567443879445,0.0,0.0011331839442092,0.5236044337606838,0.28859508547008544,0.11576299857549859,0.13581730769230768,0.1233974358974359,0.10897435897435898,0.13942307692307693,0.13141025641025642,,0.014423076923076927,0.008012820512820512,1.1323529411764706,1.0609756097560976,1,0.00032024586156627154,0,0,0,,,,
zm6_3,2,72,0.0009154542859907835,0.0057447139303482,0.00014467592592591668,0.0,0.000801282051282,0.3614783653846154,0.323951655982906,0.14674590455840456,0.10766114672364671,0.15064102564102563,0.14102564102564102,0.10897435897435898,0.10576923076923077,,0.009615384615384609,0.0016025641025641107,1.0681818181818181,1.0149253731343284,0,0.00030821274982472736,0,0,0,,,,
zm6_3,3,72,0.000941557024818525,0.0096932624771217,0.00015389542295167225,0.0,0.0011331839442092,0.608273237179487,0.37947382478632474,0.1538684116809117,0.10510149572649571,0.15865384615384615,0.13942307692307693,0.10737179487179487,0.10416666666666667,,0.019230769230769218,-0.0016025641025640969,1.1379310344827585,0.9850746268656717,1,0.00033177887965243316,0,0,0,,,,
zm6_3,4,72,0.0035730928759885087,0.1930634904003574,0.0005171418236059459,0.0,0.0284201087355259,0.3683337784900285,0.4693287037037038,0.09942574786324784,0.13207799145299143,0.10096153846153846,0.09455128205128205,0.1346153846153846,0.125,,0.0048076923076923045,0.009615384615384609,1.05,1.0769230769230769,0,0.0033293267723134346,0,0,0,,,,
zm6_3,5,72,0.0004990621877282499,0.0092833235839861,8.251217016529445e-05,0.0,0.0011331839442092,0.7670161146723649,0.520054309116809,0.15199875356125356,0.11685363247863248,0.15384615384615385,0.14423076923076922,0.11698717948717949,0.11378205128205128,,0.009615384615384637,0.0032051282051282076,1.0666666666666669,1.028169014084507,1,0.00025402943873107606,0,0,0,,,,
zm6_3,6,72,0.003627725884349935,0.0207698266322148,0.0005082436643307764,0.0,0.0028890635220064,0.19360977564102566,0.5454616274928775,0.13445957977207978,0.15462517806267806,0.16185897435897437,0.1266025641025641,0.21474358974358973,0.13942307692307693,,0.03525641025641027,0.0737179487179487,1.278481012658228,1.5227272727272727,1,0.0008500603329879668,0,0,0,,,,
zm6_3,7,72,0.004945668633582478,0.0336255162513454,0.0007202430182747153,0.0,0.0043150359031526,0.563713051994302,0.5848357371794872,0.13321314102564102,0.12444355413105414,0.20673076923076922,0.11858974358974358,0.14903846153846154,0.11698717948717949,,0.08814102564102563,0.03205128205128205,1.7432432432432432,1.273972602739726,1,0.001167399572989958,0,0,0,,,,
zm6_3,8,72,0.0008276333242039709,0.0098198186368738,0.00011398950194888333,0.0,0.0011331839442092,0.39370771011396005,0.6463341346153846,0.1430065883190883,0.11745459401709403,0.14423076923076922,0.1362179487179487,0.11858974358974358,0.10737179487179487,,0.008012820512820512,0.01121794871794872,1.0588235294117647,1.1044776119402986,0,0.0003066190052762001,0,0,0,,,,
zm6_3,9,72,0.0007058289944945889,0.008971863681383,0.00011589892230204445,0.0,0.0011331839442092,0.25310496794871795,0.744313123219373,0.13713051994301992,0.13588408119658119,0.13782051282051283,0.13141025641025642,0.13782051282051283,0.1330128205128205,,0.006410256410256415,0.0016025641025641246,1.048780487804878,1.0117647058823531,0,0.0002909619545824085,0,0,0,,,,
zm6_3,10,72,0.0018550645389262474,0.0118108974358974,0.00027631351411975695,0.0,0.0016025641025641,0.6020633012820512,0.7557536502849003,0.13592859686609685,0.10387731481481481,0.15705128205128205,0.12179487179487179,0.10416666666666667,0.10096153846153846,,0.035256410256410256,0.0032051282051282076,1.2894736842105263,1.0317460317460319,1,0.0004163389133875599,0,0,0,,,,
zm6_4,1,72,0.0008608292135161222,0.0100649277726911,0.00012050867081492222,0.0,0.0011331839442092,0.43707710113960113,0.2774550391737892,0.1401353276353276,0.10748308404558402,0.14102564102564102,0.1330128205128205,0.10897435897435898,0.10576923076923077,,0.008012820512820512,0.0016025641025640969,1.0602409638554218,1.0151515151515151,0,0.00030411590094820687,0,0,0,,,,
zm6_4,2,72,0.0006145090011056736,0.0099024261603375,9.364108754421249e-05,0.0,0.0016025641025641,0.6540464743589745,0.290676193019943,0.13020833333333331,0.12057069088319088,0.1330128205128205,0.1233974358974359,0.12179487179487179,0.11858974358974358,,0.009615384615384609,0.0016025641025641107,1.077922077922078,1.0135135135135136,0,0.0002988691451601052,0,0,0,,,,
zm6_4,3,72,0.00047941525117780416,0.0053153538812785,7.790242165241666e-05,0.0,0.000801282051282,0.29897836538461536,0.37947382478632485,0.1171875,0.13216702279202275,0.11858974358974358,0.11538461538461539,0.1346153846153846,0.1266025641025641,,0.0032051282051281937,0.008012820512820512,1.0277777777777777,1.0632911392405062,0,0.0002373879207587716,0,0,0,,,,
zm6_4,4,72,0.0009680521799674334,0.0197439567430025,0.00011589892230204582,0.0,0.0016025641025641,0.7728699252136754,0.4707977207977208,0.10089476495726496,0.1375089031339031,0.10096153846153846,0.09935897435897435,0.13782051282051283,0.1330128205128205,,0.0,0.004807692307692318,1.0,1.036144578313253,0,0.0003201463142162844,0,0,0,,,,
zm6_4,5,72,0.00012565090065699166,0.0048418209876543,2.2257834757833333e-05,0.0,0.000801282051282,0.47193287037037035,0.4830951745014246,0.15219907407407407,0.12965188746438744,0.15224358974358973,0.15064102564102563,0.12980769230769232,0.1282051282051282,,0.0016025641025640969,0.0016025641025641246,1.0106382978723405,1.0125000000000002,0,0.00013167912622639007,0,0,0,,,,
zm6_4,6,72,0.0010679214225171067,0.0055932971014492,0.00016693376068375,0.0,0.000801282051282,0.21049234330484326,0.5134326032763532,0.13087606837606836,0.11447204415954418,0.1346153846153846,0.125,0.11698717948717949,0.10897435897435898,,0.009615384615384609,0.008012820512820512,1.0769230769230769,1.0735294117647058,0,0.00032541380691801313,0,0,0,,,,
zm6_4,7,72,0.0008523450110940889,0.0089743589743589,0.00012241809116808334,0.0,0.000801282051282,0.725082353988604,0.6221287393162394,0.13388087606837606,0.13247863247863245,0.1362179487179487,0.12980769230769232,0.1346153846153846,0.12179487179487179,,0.004807692307692291,0.012820512820512817,1.037037037037037,1.1052631578947367,0,0.00028827977757718543,0,0,0,,,,
zm6_4,8,72,0.0013495970466502528,0.0124919871794871,0.00020954000984625557,0.0,0.0011331839442092,0.5272881054131054,0.6319221866096866,0.1493945868945869,0.12882834757834757,0.15865384615384615,0.1346153846153846,0.12980769230769232,0.125,,0.024038461538461536,0.004807692307692318,1.1785714285714286,1.0384615384615385,1,0.000366661995838347,0,0,0,,,,
zm6_4,9,72,0.0006440280396396084,0.010014278156513,9.364108754421112e-05,0.0,0.0011331839442092,0.33910924145299154,0.7084112357549858,0.117321047008547,0.12422097578347577,0.11858974358974358,0.11217948717948718,0.1266025641025641,0.11858974358974358,,0.006410256410256401,0.008012820512820512,1.0571428571428572,1.0675675675675675,0,0.00026737232922812993,0,0,0,,,,
zm6_4,10,72,0.0007592725610883792,0.010016639800786,0.00010286058456996668,0.0,0.0011331839442092,0.5380052528490027,0.7740384615384617,0.11126691595441598,0.14102564102564102,0.11217948717948718,0.10416666666666667,0.14262820512820512,0.1330128205128205,,0.008012820512820512,0.009615384615384609,1.0769230769230769,1.072289156626506,0,0.0002958227836849608,0,0,0,,,,
zm6_5,1,72,0.0010858752669871085,0.0109008215962441,0.00017806267806266804,0.0,0.0016025641025641,0.45025373931623935,0.1846287393162393,0.11409366096866098,0.15611645299145302,0.11698717948717949,0.10897435897435898,0.15865384615384615,0.15064102564102563,,0.008012820512820512,0.008012820512820512,1.0735294117647058,1.053191489361702,0,0.0003588968014733863,0,0,0,,,,
zm6_5,2,72,0.000434242469283068,0.0058238636363636,6.67735042735e-05,0.0,0.000801282051282,0.645054309116809,0.27313701923076916,0.10692663817663815,0.12920673076923073,0.10737179487179487,0.10416666666666667,0.12980769230769232,0.1233974358974359,,0.0032051282051281937,0.006410256410256415,1.0307692307692307,1.051948051948052,0,0.00022146265961239204,0,0,0,,,,
zm6_5,3,72,0.001416330477247964,0.0099932679215579,0.00020954000984625557,0.0,0.0011331839442092,0.26963141025641024,0.33134125712250717,0.14859330484330485,0.107082443019943,0.15224358974358973,0.1362179487179487,0.10897435897435898,0.10256410256410256,,0.016025641025641024,0.006410256410256415,1.1176470588235294,1.0625,0,0.0003666619958383469,0,0,0,,,,
zm6_5,4,72,0.0007692741711068944,0.0050662878787878,0.000133547008547,0.0,0.000801282051282,0.8251090633903133,0.3589409722222222,0.12862802706552706,0.14977297008547008,0.13141025641025642,0.12179487179487179,0.15224358974358973,0.14262820512820512,,0.009615384615384623,0.009615384615384609,1.0789473684210527,1.0674157303370786,1,0.00029862018930283766,0,0,0,,,,
zm6_5,5,72,0.0009278071156741333,0.0095327917503855,0.00014276650557275554,0.0,0.0011331839442092,0.4856659544159544,0.37899528133903126,0.11275819088319089,0.14937232905982906,0.11378205128205128,0.11057692307692307,0.15224358974358973,0.13942307692307693,,0.0,0.012820512820512803,1.0,1.0919540229885056,0,0.00032320481018932227,0,0,0,,,,
zm6_5,6,72,0.0008139869754459541,0.0089423342858432,0.00013815675705987777,0.0,0.0011331839442092,0.5421118233618232,0.5509593126780626,0.11854522792022792,0.15671741452991453,0.1201923076923077,0.11698717948717949,0.15865384615384615,0.15064102564102563,,-0.0016025641025641107,0.006410256410256415,0.9866666666666666,1.0425531914893618,0,0.0003111895454152352,0,0,0,,,,
zm6_5,7,72,0.0006653924672977125,0.0129022874956094,8.903133903133334e-05,0.0,0.000801282051282,0.26327679843304846,0.5598401887464388,0.12088230056980057,0.1477252492877493,0.12179487179487179,0.11217948717948718,0.14903846153846154,0.14262820512820512,,0.009615384615384609,0.006410256410256415,1.0857142857142856,1.0449438202247192,0,0.0002518186542686973,0,0,0,,,,
zm6_5,8,72,0.0012259362382468818,0.0089949965300281,0.0002030208409802167,0.0,0.0011331839442092,0.7494101673789175,0.5833222044159544,0.13579504985754984,0.14919426638176636,0.13782051282051283,0.1266025641025641,0.15064102564102563,0.14102564102564102,,0.009615384615384609,0.009615384615384609,1.0759493670886076,1.0681818181818181,0,0.0003703114541115579,0,0,0,,,,
zm6_5,9,72,0.0005044815731413069,0.0102972930779478,7.138325278637777e-05,0.0,0.0011331839442092,0.46085959757834755,0.6777733262108261,0.1387775997150997,0.10194088319088318,0.13942307692307693,0.1330128205128205,0.10256410256410256,0.09775641025641026,,0.006410256410256415,0.0048076923076923045,1.0481927710843373,1.0491803278688525,0,0.0002394289945748467,0,0,0,,,,
zm6_5,10,72,0.0005313766354792043,0.0095522766976533,7.599300129925556e-05,0.0,0.0011331839442092,0.4899172008547009,0.8150819088319087,0.1545584045584046,0.1132033475783476,0.15544871794871795,0.14903846153846154,0.11378205128205128,0.10737179487179487,,0.006410256410256415,0.006410256410256415,1.043010752688172,1.0597014925373134,0,0.0002560552239673018,0,0,0,,,,
zm6_6,1,72,0.004165579362533648,0.0885867495473684,0.0006308539251169139,0.0,0.0147313912747197,0.5990584935897436,0.26973157051282054,0.14176014957264954,0.11042111823361823,0.16025641025641027,0.1330128205128205,0.13141025641025642,0.10737179487179487,,0.016025641025641024,0.02243589743589744,1.1204819277108433,1.2058823529411764,1,0.0019199461775787558,0,0,0,,,,
zm6_6,2,72,0.0012782598338276804,0.009302635629802,0.00019380134395446111,0.0,0.0011331839442092,0.38039752492877493,0.26622596153846156,0.1513310185185185,0.1206374643874644,0.15384615384615385,0.14102564102564102,0.12179487179487179,0.11698717948717949,,0.011217948717948706,0.0048076923076923045,1.0795454545454544,1.0410958904109588,0,0.00035064835734410494,0,0,0,,,,
zm6_6,3,72,0.0010171990358447945,0.010630707762557,0.0001538954229516736,0.0,0.0016025641025641,0.7561097756410257,0.38227831196581197,0.11643073361823363,0.1378205128205128,0.11698717948717949,0.11057692307692307,0.14102564102564102,0.12980769230769232,,0.006410256410256415,0.011217948717948706,1.0579710144927537,1.0864197530864197,0,0.0003576479113252025,0,0,0,,,,
zm6_6,4,72,0.0015992489884677666,0.0121527777777777,0.00023831701347013054,0.0,0.0016025641025641,0.21578970797720798,0.42936476139601143,0.10323183760683759,0.14060274216524216,0.10737179487179487,0.09935897435897435,0.14583333333333334,0.13141025641025642,,0.008012820512820512,0.014423076923076927,1.0806451612903225,1.1097560975609757,0,0.00041839866931524846,0,0,0,,,,
zm6_6,5,72,0.0021448230965026957,0.0175294988566652,0.0002744040937665972,0.0,0.0016025641025641,0.49165331196581186,0.44199608262108264,0.12798254985754987,0.1226406695156695,0.14262820512820512,0.1233974358974359,0.14102564102564102,0.11698717948717949,,0.019230769230769218,0.024038461538461536,1.1558441558441557,1.2054794520547945,1,0.00044848840280197096,0,0,0,,,,
zm6_6,6,72,0.0007583591548612708,0.009650632063736,0.00012050867081492222,0.0,0.0011331839442092,0.3625133547008547,0.5545094373219375,0.16862535612535615,0.10287571225071224,0.16987179487179488,0.15705128205128205,0.10416666666666667,0.10096153846153846,,0.01282051282051283,0.0032051282051282076,1.0816326530612246,1.0317460317460319,0,0.0003041159009482068,0,0,0,,,,
zm6_6,7,72,0.0007228241418064722,0.0098586546117469,0.00010477000492312778,0.0,0.0011331839442092,0.7235910790598291,0.5603632478632479,0.1294293091168091,0.11707621082621082,0.12980769230769232,0.1266025641025641,0.11858974358974358,0.11057692307692307,,0.0032051282051282215,0.006410256410256415,1.0253164556962027,1.0579710144927537,0,0.0002796377362368539,0,0,0,,,,
zm6_6,8,72,0.000308453174201525,0.0059895833333333,4.4515669515666665e-05,0.0,0.000801282051282,0.48338452635327633,0.6299523682336184,0.10374376780626779,0.12150551994301992,0.10416666666666667,0.10096153846153846,0.12179487179487179,0.11858974358974358,,0.0032051282051282076,0.0032051282051282076,1.0317460317460319,1.027027027027027,0,0.00018354280740818176,0,0,0,,,,
zm6_6,9,72,0.0007217259342913236,0.0050662878787878,0.00012241809116808334,0.0,0.000801282051282,0.6620481659544158,0.7546073717948719,0.13748664529914528,0.12508903133903135,0.14262820512820512,0.12980769230769232,0.1266025641025641,0.12179487179487179,,0.012820512820512803,0.0048076923076923045,1.0987654320987652,1.0394736842105263,1,0.00028827977757718543,0,0,0,,,,
zm6_6,10,72,0.0003797494023996833,0.0099958288229952,6.025433540746111e-05,0.0,0.0011331839442092,0.3147702991452992,0.7693977029914529,0.10069444444444443,0.14968393874643873,0.10096153846153846,0.09935897435897435,0.15064102564102563,0.14262820512820512,,0.0016025641025641107,0.008012820512820512,1.0161290322580645,1.0561797752808988,0,0.00022332448486488132,0,0,0,,,,
zm6_7,1,72,0.0011966919029226097,0.0092241574529596,0.00019380134395446111,0.0,0.0011331839442092,0.4893830128205129,0.23658965455840456,0.11694266381766383,0.1659766737891738,0.1233974358974359,0.10576923076923077,0.17147435897435898,0.16025641025641027,,0.017628205128205135,0.011217948717948706,1.1666666666666667,1.0699999999999998,1,0.0003506483573441047,0,0,0,,,,
zm6_7,2,72,0.0006776938231946709,0.0046874999999999,0.00012241809116808334,0.0,0.000801282051282,0.30722489316239315,0.30548878205128216,0.1465900997150997,0.13897792022792022,0.15224358974358973,0.14262820512820512,0.14102564102564102,0.1330128205128205,,0.009615384615384609,0.008012820512820512,1.0674157303370786,1.0602409638554218,1,0.00028827977757718543,0,0,0,,,,
zm6_7,3,72,0.005699210923110722,0.0265537464985994,0.0009654475307458958,0.000801282051282,0.0040064102564102,0.735042735042735,0.30682425213675213,0.15170940170940173,0.15313390313390313,0.23237179487179488,0.13141025641025642,0.1971153846153846,0.1362179487179487,,0.10096153846153846,0.0608974358974359,1.7682926829268293,1.447058823529412,1,0.001296421913164575,0,0,0,,,,
zm6_7,4,72,0.005163939560092718,0.0345945287303608,0.0007840074121291097,0.000801282051282,0.005665919721046,0.5609864672364673,0.4529580662393163,0.14627849002849003,0.1291622150997151,0.19391025641025642,0.1282051282051282,0.17467948717948717,0.11858974358974358,,0.06570512820512822,0.056089743589743585,1.5125000000000002,1.472972972972973,1,0.0010728363917299722,0,0,0,,,,
zm6_7,5,72,0.0009089689930516028,0.0095917245289478,0.00015389542295167222,0.0,0.0011331839442092,0.3841368411680912,0.5204104344729343,0.158141915954416,0.11039886039886043,0.16506410256410256,0.14583333333333334,0.11217948717948718,0.10737179487179487,,0.019230769230769218,0.004807692307692318,1.1318681318681318,1.0447761194029852,0,0.0003317788796524331,0,0,0,,,,
zm6_7,6,72,0.0009447835446072404,0.0101449275362318,0.00011589892230204445,0.0,0.0011331839442092,0.7753850605413104,0.5415998931623931,0.1203926282051282,0.11182336182336182,0.1233974358974359,0.11378205128205128,0.11858974358974358,0.10737179487179487,,0.009615384615384623,0.01121794871794872,1.0845070422535212,1.1044776119402986,1,0.00029096195458240814,0,0,0,,,,
zm6_7,7,72,0.0011337831658061208,0.0090826858655069,0.00018728217508842224,0.0,0.0011331839442092,0.2422320156695156,0.589443108974359,0.11916844729344728,0.16486378205128205,0.1233974358974359,0.11217948717948718,0.17147435897435898,0.16025641025641027,,0.01121794871794872,0.011217948717948706,1.1,1.0699999999999998,0,0.00035417314737402916,0,0,0,,,,
zm6_7,8,72,0.0012615611345006945,0.0095994458179166,0.00019380134395446111,0.0,0.0011331839442092,0.5797053062678064,0.6098312856125356,0.14850427350427353,0.11117788461538464,0.15384615384615385,0.14102564102564102,0.11378205128205128,0.10096153846153846,,0.01282051282051283,0.012820512820512817,1.090909090909091,1.126984126984127,0,0.00035064835734410484,0,0,0,,,,
zm6_7,9,72,0.0037960556835480957,0.0253139984293001,0.0005919571614965013,0.0,0.0043150359031526,0.7518919159544158,0.762787126068376,0.15531517094017094,0.11776620370370369,0.20833333333333334,0.14583333333333334,0.1233974358974359,0.10897435897435898,,0.0625,0.006410256410256415,1.4285714285714286,1.0588235294117647,1,0.00102450904977143,0,0,0,,,,
zm6_7,10,72,0.00062068690356085,0.0046384803921568,0.00011128917378916668,0.0,0.000801282051282,0.4202390491452991,0.7690304487179487,0.14086983618233614,0.14414173789173787,0.14423076923076922,0.1346153846153846,0.14743589743589744,0.14102564102564102,,0.009615384615384609,0.006410256410256415,1.0714285714285714,1.0454545454545454,0,0.00027710780800364914,0,0,0,,,,
zm6_8,1,72,0.0006043139765386529,0.0041290807560137,0.00012241809116808334,0.0,0.000801282051282,0.5121639066951568,0.22916666666666666,0.16664440883190887,0.09935897435897435,0.17147435897435898,0.15384615384615385,0.09935897435897435,0.09935897435897435,,0.01762820512820512,0.0,1.1145833333333333,1.0,1,0.00028827977757718543,0,0,0,,,,
zm6_8,2,72,0.000908136922392082,0.0080459770114942,0.000133547008547,0.0,0.000801282051282,0.25651041666666663,0.30803730413105407,0.143585292022792,0.12092681623931623,0.14903846153846154,0.1362179487179487,0.12179487179487179,0.11858974358974358,,0.01282051282051283,0.0,1.0941176470588236,1.0,0,0.00029862018930283766,0,0,0,,,,
zm6_8,3,72,0.001917581589156814,0.0126132168691222,0.0002724215262711222,0.0,0.0017917211358171,0.6617922008547009,0.3400329415954417,0.1555377492877493,0.11133368945868947,0.17147435897435898,0.14903846153846154,0.11378205128205128,0.10256410256410256,,0.020833333333333343,0.009615384615384623,1.1382978723404256,1.09375,1,0.00044969541486192634,0,0,0,,,,
zm6_8,4,72,0.000638225597173418,0.0080459770114942,8.903133903133333e-05,0.0,0.000801282051282,0.4366208155270656,0.3987713675213675,0.1456330128205128,0.10630341880341879,0.14903846153846154,0.1362179487179487,0.10737179487179487,0.10416666666666667,,0.01282051282051283,0.0032051282051281937,1.0941176470588236,1.0307692307692307,1,0.0002518186542686973,0,0,0,,,,
zm6_8,5,72,0.0009644897178706361,0.0053153538812785,0.00016693376068375,0.0,0.000801282051282,0.18980368589743588,0.4882589921652421,0.14478721509971507,0.11990295584045585,0.15384615384615385,0.13782051282051283,0.1233974358974359,0.11538461538461539,,0.016025641025641024,0.008012820512820512,1.1162790697674418,1.0694444444444444,1,0.00032541380691801335,0,0,0,,,,
zm6_8,6,72,0.001808569016690161,0.012496663269268,0.00021414975835913334,0.0,0.0011331839442092,0.7349982193732194,0.5297142094017094,0.15162037037037038,0.10777243589743588,0.16987179487179488,0.14102564102564102,0.11057692307692307,0.10096153846153846,,0.027243589743589758,0.006410256410256401,1.1910112359550562,1.0634920634920635,1,0.00037603898422794115,0,0,0,,,,
zm6_8,7,72,0.0007031722419710805,0.0058238636363636,0.00011128917378916668,0.0,0.000801282051282,0.5053418803418803,0.5537637998575499,0.1583422364672365,0.10668180199430198,0.16185897435897437,0.15544871794871795,0.10897435897435898,0.10416666666666667,,0.006410256410256415,0.0,1.041237113402062,1.0,1,0.0002771078080036491,0,0,0,,,,
zm6_8,8,72,0.0006836908109423556,0.0059054487179486,0.00011128917378916668,0.0,0.000801282051282,0.6878449964387463,0.6534009971509972,0.1481258903133903,0.1080840455840456,0.15064102564102563,0.14102564102564102,0.10897435897435898,0.10256410256410256,,0.009615384615384609,0.006410256410256415,1.0681818181818181,1.0625,0,0.00027710780800364914,0,0,0,,,,
zm6_8,9,72,0.0007529921183807153,0.014221688034188,0.00010016025641025001,0.0,0.000801282051282,0.31453659188034194,0.7135082799145298,0.12907318376068375,0.12413194444444445,0.13141025641025642,0.1233974358974359,0.125,0.11538461538461539,,0.008012820512820512,0.009615384615384609,1.0649350649350648,1.0833333333333333,0,0.0002649991297139848,0,0,0,,,,
zm6_8,10,72,0.0008912887968520459,0.0093580505918877,0.00012702783968096112,0.0,0.0011331839442092,0.520477207977208,0.770855591168091,0.12428774928774929,0.14155982905982903,0.1266025641025641,0.1201923076923077,0.14423076923076922,0.13141025641025642,,0.006410256410256401,0.012820512820512803,1.0533333333333332,1.097560975609756,1,0.00030145107214456045,0,0,0,,,,
zm6_9,1,72,0.0006167900660483485,0.0055208333333333,0.00010016025641025,0.0,0.000801282051282,0.49069622507122507,0.2065972222222222,0.11209045584045585,0.1375089031339031,0.11378205128205128,0.11057692307692307,0.13942307692307693,0.12980769230769232,,0.0016025641025641107,0.009615384615384609,1.0144927536231885,1.074074074074074,1,0.0002649991297139848,0,0,0,,,,
zm6_9,2,72,0.001032822280301168,0.0081850821495483,0.00018076300622238336,0.0,0.0011331839442092,0.6994635861823363,0.25786814458689455,0.1499955484330484,0.15783030626780628,0.15224358974358973,0.14583333333333334,0.16025641025641027,0.14743589743589744,,0.0064102564102563875,0.01282051282051283,1.0439560439560438,1.0869565217391306,0,0.0003575443567001512,0,0,0,,,,
zm6_9,3,72,0.0011186561108093651,0.009148058426573,0.0001631149199774278,0.0,0.0011331839442092,0.27389378561253563,0.3546563390313391,0.12248486467236469,0.15108618233618232,0.125,0.11698717948717949,0.15384615384615385,0.14423076923076922,,0.008012820512820512,0.009615384615384637,1.0684931506849316,1.0666666666666669,1,0.00035353833252069184,0,0,0,,,,
zm6_9,4,72,0.0008877302778459584,0.0086583802633244,0.00014928567443879445,0.0,0.0011331839442092,0.4304442663817663,0.40780804843304846,0.16310541310541313,0.12362001424501425,0.16506410256410256,0.15865384615384615,0.125,0.11858974358974358,,0.006410256410256415,0.0032051282051282076,1.0404040404040404,1.027027027027027,0,0.0003202458615662713,0,0,0,,,,
zm6_9,5,72,0.0007997910558065138,0.0046384803921568,0.00014467592592591668,0.0,0.000801282051282,0.8377737713675214,0.40702902421652415,0.14612268518518517,0.14173789173789167,0.15064102564102563,0.14102564102564102,0.14583333333333334,0.1346153846153846,,0.009615384615384609,0.011217948717948734,1.0681818181818181,1.0833333333333335,0,0.0003082127498247273,0,0,0,,,,
zm6_9,6,72,0.0013976924161601693,0.0059054487179486,0.0002448361823361667,0.0,0.000801282051282,0.2665820868945869,0.5222021901709402,0.14436431623931623,0.10530181623931623,0.15705128205128205,0.13942307692307693,0.10737179487179487,0.10256410256410256,,0.01762820512820512,0.0048076923076923045,1.1264367816091954,1.046875,1,0.0003691044326873204,0,0,0,,,,
zm6_9,7,72,0.0009150479353955821,0.0093669914294519,0.00013624733670671667,0.0,0.0011331839442092,0.6227742165242165,0.5594284188034188,0.11062143874643876,0.16421830484330485,0.11378205128205128,0.10737179487179487,0.16666666666666666,0.15544871794871795,,0.0048076923076923045,0.011217948717948706,1.0441176470588236,1.0721649484536082,0,0.00032600657613505264,0,0,0,,,,
zm6_9,8,72,0.0015937754572900402,0.0098586546117469,0.00025405567936192364,0.0,0.0016025641025641,0.8004251246438747,0.6426170762108262,0.11936876780626782,0.13810986467236466,0.125,0.11378205128205128,0.14903846153846154,0.1282051282051282,,0.01121794871794872,0.020833333333333343,1.0985915492957747,1.1625,1,0.0004090331981368284,0,0,0,,,,
zm6_9,9,72,0.0018981625038780388,0.0165191361677333,0.0002305330377728583,0.0,0.0017917211358171,0.36467236467236464,0.6876001602564101,0.1209045584045584,0.09123486467236468,0.1233974358974359,0.11538461538461539,0.09294871794871795,0.08974358974358974,,0.006410256410256401,0.0032051282051282076,1.0555555555555556,1.0357142857142858,0,0.00044333031407875327,0,0,0,,,,
zm6_9,10,72,0.0010099355644039416,0.0097821776718441,0.0001473762540856361,0.0,0.0016025641025641,0.5142895299145298,0.7387152777777777,0.13194444444444445,0.12486645299145299,0.1346153846153846,0.1266025641025641,0.1266025641025641,0.11698717948717949,,0.008012820512820512,0.009615384615384609,1.0632911392405062,1.0821917808219177,0,0.0003843317224798118,0,0,0,,,,
zm7_1,1,72,0.0031002649330806927,0.035726444797039,0.000455311839490893,0.0,0.0043150359031526,0.5860042735042738,0.27225783475783477,0.11026531339031341,0.1502849002849003,0.11378205128205128,0.10416666666666667,0.1842948717948718,0.13782051282051283,,0.008012820512820512,0.046474358974358976,1.0757575757575757,1.3372093023255813,1,0.0008795483618718164,0,0,0,,,,
zm7_1,2,72,0.002126793854690096,0.0148356593241828,0.0003587525371427402,0.0,0.0017917211358171,0.39576655982905984,0.29255698005698005,0.11329237891737892,0.15914351851851852,0.1201923076923077,0.10897435897435898,0.17467948717948717,0.14903846153846154,,0.01121794871794872,0.02243589743589744,1.1029411764705883,1.1473684210526316,1,0.0004680547886570367,0,0,0,,,,
zm7_1,3,72,0.0008234294798719403,0.0209961787394364,0.00010937975343600556,0.0,0.0022663678884184,0.8546340811965814,0.4278846153846155,0.1209045584045584,0.11209045584045585,0.12179487179487179,0.11858974358974358,0.11378205128205128,0.10256410256410256,,0.0032051282051282076,0.01121794871794872,1.027027027027027,1.109375,0,0.00034899440644110623,0,0,0,,,,
zm7_1,4,72,0.0017949604261360097,0.0226715686274509,0.00026972119811140695,0.0,0.0032051282051282,0.6692374465811965,0.4619613603988605,0.11184561965811965,0.13563924501424499,0.11698717948717949,0.10576923076923077,0.14262820512820512,0.1266025641025641,,0.01121794871794872,0.016025641025641024,1.1060606060606062,1.1265822784810127,1,0.0005244322104719473,0,0,0,,,,
zm7_1,5,72,0.001244105292282375,0.009090909090909,0.0001780626780626667,0.0,0.000801282051282,0.5198428596866097,0.49332264957264965,0.12542289886039887,0.12126068376068375,0.1330128205128205,0.1201923076923077,0.12179487179487179,0.1201923076923077,,0.012820512820512817,0.0,1.1066666666666667,1.0,1,0.0003331247673409633,0,0,0,,,,
zm7_1,6,72,0.0010576275194216513,0.0107638888888888,0.0001558048433048347,0.0,0.0016025641025641,0.2988003027065527,0.5263087606837605,0.1210158475783476,0.15509259259259256,0.125,0.11378205128205128,0.15705128205128205,0.14743589743589744,,0.009615384615384623,0.009615384615384609,1.0845070422535212,1.0652173913043477,0,0.0003440977749674942,0,0,0,,,,
zm7_1,7,72,0.0013719788552631418,0.0159588345336092,0.00019642852497186528,0.0,0.0017917211358171,0.8275685541310539,0.607605502136752,0.1385772792022792,0.10792824074074076,0.14262820512820512,0.13141025641025642,0.11378205128205128,0.10256410256410256,,0.009615384615384609,0.01121794871794872,1.072289156626506,1.109375,1,0.00038559210474520104,0,0,0,,,,
zm7_1,8,72,0.0031866456407740195,0.0143150861928586,0.0004689231983853014,0.000400641025641,0.0017917211358171,0.6502626424501425,0.679965722934473,0.15638354700854704,0.10467859686609687,0.1987179487179487,0.14262820512820512,0.11217948717948718,0.09935897435897435,,0.056089743589743585,0.01282051282051283,1.3932584269662922,1.1290322580645162,1,0.0005027258960409903,0,0,0,,,,
zm7_1,9,72,0.0014844134916173653,0.0455240073652338,0.0002061381607950417,0.0,0.0058334213856414,0.42663817663817655,0.7021345263532761,0.11137820512820516,0.1497284544159544,0.11378205128205128,0.10576923076923077,0.15384615384615385,0.14102564102564102,,0.006410256410256415,0.01282051282051283,1.0597014925373134,1.090909090909091,1,0.000738955732026776,0,0,0,,,,
zm7_1,10,72,0.0013589074829309735,0.0109008215962441,0.00019189192360130137,0.0,0.0016025641025641,0.6537459935897435,0.8274683938746438,0.11536235754985756,0.13018607549857547,0.1201923076923077,0.11057692307692307,0.1346153846153846,0.1233974358974359,,0.009615384615384623,0.011217948717948706,1.0869565217391306,1.0909090909090908,1,0.00038786972854433206,0,0,0,,,,
zm7_10,1,72,0.0007745477097302,0.0057447139303482,0.000133547008547,0.0,0.000801282051282,0.6382545405982906,0.21205039173789172,0.10810630341880342,0.14204950142450143,0.10897435897435898,0.10576923076923077,0.15064102564102563,0.1346153846153846,,0.0032051282051282076,0.016025641025641024,1.0303030303030303,1.119047619047619,1,0.00029862018930283755,0,0,0,,,,
zm7_10,2,72,0.00040555662100915144,0.0055932971014492,6.67735042735e-05,0.0,0.000801282051282,0.42787348646723644,0.21932870370370366,0.11157852564102565,0.14058048433048428,0.11217948717948718,0.10897435897435898,0.14262820512820512,0.1362179487179487,,0.0032051282051282076,0.006410256410256415,1.0294117647058825,1.0470588235294118,0,0.00022146265961239207,0,0,0,,,,
zm7_10,3,72,0.001216509123603715,0.0107965364785415,0.00016041459181771113,0.0,0.0011331839442092,0.24618278133903132,0.35318732193732194,0.13575053418803418,0.10594729344729344,0.13942307692307693,0.1233974358974359,0.10897435897435898,0.09775641025641026,,0.016025641025641024,0.01121794871794872,1.12987012987013,1.1147540983606559,0,0.00032867641369719995,0,0,0,,,,
zm7_10,4,72,0.0013651549715744987,0.0105718408815654,0.0002049302613333778,0.0,0.0011331839442092,0.7569778311965814,0.40935496794871795,0.14380787037037038,0.09590900997150996,0.15384615384615385,0.1346153846153846,0.09775641025641026,0.08653846153846154,,0.019230769230769246,0.01121794871794872,1.142857142857143,1.1296296296296298,1,0.0003569793007478643,0,0,0,,,,
zm7_10,5,72,0.0006839668981288834,0.0102972930779478,8.251217016529444e-05,0.0,0.0011331839442092,0.4193821225071225,0.44170673076923084,0.14227207977207973,0.10447827635327633,0.14423076923076922,0.1362179487179487,0.10576923076923077,0.09935897435897435,,0.006410256410256415,0.006410256410256415,1.0470588235294118,1.0645161290322582,0,0.00025402943873107606,0,0,0,,,,
zm7_10,6,72,0.0006608639783063376,0.0102432214484366,8.712191867817223e-05,0.0,0.0011331839442092,0.5661502849002849,0.49245459401709407,0.10305377492877492,0.13234508547008547,0.10737179487179487,0.10256410256410256,0.1330128205128205,0.1266025641025641,,-0.0048076923076923045,0.006410256410256415,0.9552238805970149,1.0506329113924051,0,0.00026956703618798416,0,0,0,,,,
zm7_10,7,72,0.0007460042231278679,0.0098988732286574,0.00011589892230204445,0.0,0.0011331839442092,0.2527154558404559,0.5766003383190882,0.10096153846153845,0.15271100427350429,0.10256410256410256,0.09935897435897435,0.15384615384615385,0.14262820512820512,,0.0,0.011217948717948734,1.0,1.0786516853932586,0,0.0002909619545824085,0,0,0,,,,
zm7_10,8,72,0.0008016827453717791,0.0114254900182814,9.825083605708889e-05,0.0,0.0011331839442092,0.7199407941595442,0.5891426282051282,0.10574697293447291,0.10532407407407406,0.10737179487179487,0.10416666666666667,0.10576923076923077,0.10096153846153846,,0.0,0.0032051282051282076,1.0,1.03125,0,0.0002819943096471081,0,0,0,,,,
zm7_10,9,72,0.001274018000860557,0.0253974754734511,0.0001560248045521347,0.0,0.0028890635220064,0.3982037927350428,0.6706508190883189,0.11362624643874646,0.12357549857549859,0.1201923076923077,0.10897435897435898,0.12980769230769232,0.12179487179487179,,0.01121794871794872,0.008012820512820526,1.1029411764705883,1.0657894736842106,1,0.0004555312346684607,0,0,0,,,,
zm7_10,10,72,0.0008917479384490846,0.0105011261261261,0.00013354700854700138,0.0,0.0016025641025641,0.5815972222222222,0.7790576032763534,0.1193019943019943,0.1161636396011396,0.1201923076923077,0.11378205128205128,0.11698717948717949,0.11057692307692307,,0.006410256410256415,0.006410256410256415,1.0563380281690142,1.0579710144927537,0,0.0003271220276152602,0,0,0,,,,
zm7_11,1,72,0.0011439625074583125,0.0107447394983765,0.00014928567443879445,0.0,0.0011331839442092,0.34923655626780625,0.2136974715099715,0.09283742877492879,0.13065349002849003,0.09615384615384616,0.08974358974358974,0.1346153846153846,0.1282051282051282,,0.004807692307692318,0.004807692307692291,1.0526315789473686,1.037037037037037,1,0.0003202458615662715,0,0,0,,,,
zm7_11,2,72,0.0008456112153428792,0.0123319892473118,0.00011589892230204582,0.0,0.0016025641025641,0.5208667200854702,0.24736244658119658,0.09884704415954415,0.14216079059829057,0.10096153846153846,0.09615384615384616,0.14423076923076922,0.13782051282051283,,0.0048076923076923045,0.0064102564102563875,1.05,1.0465116279069766,0,0.0003201463142162844,0,0,0,,,,
zm7_11,3,72,0.0011616102645036152,0.0106834107005178,0.00014276650557275554,0.0,0.0011331839442092,0.713085381054131,0.30152688746438744,0.11798878205128206,0.11467236467236466,0.1201923076923077,0.11538461538461539,0.1233974358974359,0.10576923076923077,,0.0016025641025640969,0.017628205128205135,1.0138888888888888,1.1666666666666667,1,0.0003232048101893222,0,0,0,,,,
zm7_11,4,72,0.002265592348541682,0.0128612588652482,0.00031891976328226115,0.0,0.0011331839442092,0.2239694622507123,0.38959001068376065,0.14443108974358973,0.11037660256410259,0.17467948717948717,0.13141025641025642,0.11698717948717949,0.10737179487179487,,0.043269230769230754,0.009615384615384623,1.3292682926829267,1.0895522388059702,1,0.0004180067448160472,0,0,0,,,,
zm7_11,5,72,0.0006700744444434805,0.0095994458179166,0.00010477000492312778,0.0,0.0011331839442092,0.44101673789173784,0.4418514066951567,0.10959757834757838,0.14407496438746434,0.11057692307692307,0.10737179487179487,0.15064102564102563,0.14102564102564102,,0.0,0.009615384615384609,1.0,1.0681818181818181,1,0.0002796377362368537,0,0,0,,,,
zm7_11,6,72,0.001408612762612114,0.0097873060612809,0.00020493026133337915,0.0,0.0016025641025641,0.5799946581196582,0.4439325142450142,0.09962606837606837,0.13523860398860396,0.10416666666666667,0.09615384615384616,0.15224358974358973,0.1266025641025641,,0.008012820512820512,0.025641025641025633,1.0833333333333333,1.2025316455696202,1,0.00038114173827369054,0,0,0,,,,
zm7_11,7,72,0.0009668064296870569,0.0101449275362318,0.00012241809116808334,0.0,0.000801282051282,0.7917223112535612,0.5169270833333335,0.11246883903133906,0.11077724358974358,0.12179487179487179,0.10737179487179487,0.11378205128205128,0.10737179487179487,,0.014423076923076927,0.006410256410256415,1.1343283582089552,1.0597014925373134,1,0.00028827977757718543,0,0,0,,,,
zm7_11,8,72,0.001093968941390736,0.010767057368614,0.00015389542295167222,0.0,0.0011331839442092,0.24301103988603984,0.5653601317663819,0.1006054131054131,0.1393117877492877,0.10576923076923077,0.09455128205128205,0.14262820512820512,0.12980769230769232,,0.01121794871794872,0.012820512820512803,1.1186440677966103,1.0987654320987652,0,0.0003317788796524331,0,0,0,,,,
zm7_11,9,72,0.0007167514919366153,0.0096581381911869,8.712191867817223e-05,0.0,0.0011331839442092,0.6466902599715101,0.7084112357549857,0.1373085826210826,0.11838942307692306,0.13942307692307693,0.13141025641025642,0.1201923076923077,0.11378205128205128,,0.008012820512820512,0.006410256410256415,1.0609756097560976,1.0563380281690142,0,0.0002695670361879842,0,0,0,,,,
zm7_11,10,72,0.0009085844880719764,0.0101449275362318,0.00010937975343600556,0.0,0.0011331839442092,0.4579215633903135,0.7153000356125357,0.11389334045584049,0.13390313390313388,0.11698717948717949,0.10576923076923077,0.1362179487179487,0.1266025641025641,,0.01121794871794872,0.009615384615384609,1.1060606060606062,1.0759493670886076,1,0.0002934748519779355,0,0,0,,,,
zm7_12,1,72,0.003407621442112311,0.0176795403860171,0.00044904280467954714,0.0,0.0025338763302631,0.2682848112535613,0.16091301638176636,0.11300302706552706,0.11785523504273504,0.11858974358974358,0.10737179487179487,0.15865384615384615,0.10576923076923077,,0.01121794871794872,0.05288461538461538,1.1044776119402986,1.5,1,0.0006500605216288785,0,0,0,,,,
zm7_12,2,72,0.0008686604481118916,0.0102599322959559,0.00012702783968096112,0.0,0.0011331839442092,0.45471643518518523,0.1933760683760684,0.11749910968660969,0.11676460113960115,0.125,0.11378205128205128,0.11858974358974358,0.11378205128205128,,0.01121794871794872,0.0048076923076923045,1.0985915492957747,1.0422535211267605,1,0.00030145107214456045,0,0,0,,,,
zm7_12,3,72,0.0011634420444138764,0.0105726351375064,0.0001715435091966278,0.0,0.0011331839442092,0.6457554309116811,0.26161858974358976,0.0959980413105413,0.12900641025641024,0.09775641025641026,0.09134615384615384,0.13782051282051283,0.11858974358974358,,0.006410256410256415,0.019230769230769246,1.0701754385964912,1.1621621621621623,1,0.00033652823416071393,0,0,0,,,,
zm7_12,4,72,0.0010472598753320764,0.0095890410958904,0.000133547008547,0.0,0.000801282051282,0.521289618945869,0.43842370014245,0.11923522079772081,0.10681534900284902,0.125,0.11217948717948718,0.11057692307692307,0.10096153846153846,,0.012820512820512817,0.009615384615384609,1.1142857142857143,1.0952380952380951,0,0.0002986201893028375,0,0,0,,,,
zm7_12,5,72,0.0008917618572007068,0.0062585382513661,0.00014467592592591668,0.0,0.000801282051282,0.2530604522792023,0.43983707264957267,0.14265046296296294,0.10051638176638175,0.15064102564102563,0.1362179487179487,0.10256410256410256,0.09615384615384616,,0.014423076923076927,0.006410256410256401,1.1058823529411765,1.0666666666666667,1,0.0003082127498247272,0,0,0,,,,
zm7_12,6,72,0.001047003934469828,0.0103238115900023,0.00014928567443879448,0.0,0.0011331839442092,0.6900373931623931,0.5257745726495726,0.10345441595441593,0.13216702279202275,0.10576923076923077,0.09455128205128205,0.13782051282051283,0.1266025641025641,,0.01121794871794872,0.011217948717948734,1.1186440677966103,1.0886075949367089,0,0.0003202458615662714,0,0,0,,,,
zm7_12,7,72,0.001367423071920132,0.0060763888888889,0.0002448361823361667,0.0,0.000801282051282,0.8310296474358974,0.5806067485754985,0.10116185897435896,0.14518785612535615,0.10256410256410256,0.09935897435897435,0.16346153846153846,0.13141025641025642,,0.0032051282051282076,0.03205128205128205,1.032258064516129,1.2439024390243902,1,0.0003691044326873204,0,0,0,,,,
zm7_12,8,72,0.0011073440986829391,0.0105718408815654,0.00014928567443879445,0.0,0.0011331839442092,0.3006810897435897,0.6229077635327636,0.0997150997150997,0.14707977207977208,0.10256410256410256,0.09455128205128205,0.15064102564102563,0.1346153846153846,,0.006410256410256415,0.016025641025641024,1.0677966101694916,1.119047619047619,0,0.0003202458615662714,0,0,0,,,,
zm7_12,9,72,0.0012789847576870446,0.006555316091954,0.0001780626780626667,0.0,0.000801282051282,0.5857816951566952,0.7110710470085471,0.09406160968660969,0.10986467236467237,0.09455128205128205,0.09134615384615384,0.12179487179487179,0.10256410256410256,,0.0032051282051282076,0.019230769230769232,1.0350877192982457,1.1875,1,0.00033312476734096336,0,0,0,,,,
zm7_12,10,72,0.0008184339177611889,0.0107490073746812,0.00011589892230204445,0.0,0.0011331839442092,0.38647391381766383,0.7880386396011395,0.12186164529914532,0.11133368945868947,0.1233974358974359,0.11217948717948718,0.11217948717948718,0.10576923076923077,,0.01121794871794872,0.006410256410256415,1.1,1.0606060606060606,0,0.0002909619545824085,0,0,0,,,,
zm7_2,1,72,0.0009590918781507136,0.01796875,0.00013617418956440695,0.0,0.0024038461538461,0.5185185185185186,0.2899305555555556,0.10087250712250712,0.14814814814814814,0.10096153846153846,0.09935897435897435,0.14903846153846154,0.14423076923076922,,0.0,0.004807692307692318,1.0,1.0333333333333334,0,0.0004319222502404754,0,0,0,,,,
zm7_2,2,72,0.0006645898685474985,0.0109264429814575,9.364108754421112e-05,0.0,0.0011331839442092,0.6842948717948718,0.3852942485754986,0.09602029914529914,0.13210024928774924,0.09615384615384616,0.09455128205128205,0.1330128205128205,0.125,,0.0016025641025641107,0.006410256410256415,1.016949152542373,1.0506329113924051,0,0.00026737232922813,0,0,0,,,,
zm7_2,3,72,0.0005688250079883097,0.0097821776718441,8.251217016529444e-05,0.0,0.0011331839442092,0.39913862179487186,0.47128739316239315,0.127559650997151,0.11792200854700854,0.1282051282051282,0.12179487179487179,0.11858974358974358,0.11217948717948718,,0.006410256410256401,0.006410256410256401,1.0526315789473684,1.0571428571428572,0,0.0002540294387310762,0,0,0,,,,
zm7_2,4,72,0.0018234077852826614,0.0121527777777777,0.00023449817276380695,0.0,0.0016025641025641,0.6845285790598291,0.5755987357549858,0.12252938034188035,0.10703792735042736,0.1233974358974359,0.11858974358974358,0.11217948717948718,0.09615384615384616,,0.004807692307692318,0.014423076923076927,1.0405405405405406,1.1475409836065573,1,0.00042055089152744925,0,0,0,,,,
zm7_2,5,72,0.0006991014929674278,0.0099407218128709,9.825083605708889e-05,0.0,0.0011331839442092,0.4170784366096865,0.6673232727920229,0.10886306980056983,0.14184918091168086,0.10897435897435898,0.10737179487179487,0.14262820512820512,0.1346153846153846,,0.0016025641025641107,0.008012820512820512,1.0149253731343284,1.0595238095238095,0,0.00028199430964710807,0,0,0,,,,
zm7_2,6,72,0.000690412294332707,0.0206095113891829,9.083731370379306e-05,0.0,0.0025338763302631,0.5677305911680912,0.7497774216524218,0.12896189458689455,0.09512998575498575,0.12980769230769232,0.125,0.09615384615384616,0.08974358974358974,,0.004807692307692318,0.006410256410256415,1.0384615384615385,1.0714285714285714,0,0.0003542733529747642,0,0,0,,,,
zm7_3,1,72,0.0004520687653571653,0.006555316091954,6.67735042735e-05,0.0,0.000801282051282,0.4835292022792024,0.31587206196581197,0.09437321937321937,0.1445646367521367,0.09615384615384616,0.09134615384615384,0.14583333333333334,0.14262820512820512,,0.004807692307692318,0.0016025641025641246,1.0526315789473686,1.0111111111111113,1,0.0002214626596123921,0,0,0,,,,
zm7_3,2,72,0.00029385356466305693,0.0055932971014492,4.4515669515666665e-05,0.0,0.000801282051282,0.7316484152421653,0.32870370370370366,0.11042111823361826,0.12143874643874643,0.11057692307692307,0.10897435897435898,0.12179487179487179,0.11698717948717949,,0.0016025641025640969,0.0048076923076923045,1.0147058823529411,1.0410958904109588,0,0.00018354280740818176,0,0,0,,,,
zm7_3,3,72,0.0007517932607196097,0.0102237490509154,9.825083605708889e-05,0.0,0.0011331839442092,0.2844996438746439,0.327991452991453,0.1359508547008547,0.10982015669515671,0.1362179487179487,0.13141025641025642,0.11057692307692307,0.09935897435897435,,0.004807692307692291,0.01121794871794872,1.0365853658536583,1.1129032258064517,0,0.00028199430964710807,0,0,0,,,,
zm7_3,4,72,0.001976529446918186,0.0116666666666666,0.0002782229344729167,0.0,0.000801282051282,0.38082042378917375,0.47542735042735046,0.14834846866096868,0.09624287749287748,0.16346153846153846,0.1330128205128205,0.09775641025641026,0.09294871794871795,,0.03044871794871795,0.0032051282051282076,1.2289156626506024,1.0344827586206897,1,0.00038148006813126583,0,0,0,,,,
zm7_3,5,72,0.00041938255277874166,0.0060763888888889,6.67735042735e-05,0.0,0.000801282051282,0.6103543447293449,0.501201923076923,0.10194088319088318,0.1391114672364672,0.10256410256410256,0.09935897435897435,0.14102564102564102,0.13782051282051283,,0.0032051282051282076,0.0032051282051281937,1.032258064516129,1.0232558139534882,0,0.00022146265961239215,0,0,0,,,,
zm7_3,6,72,0.0006510519608240333,0.0106355594627258,6.48640839203389e-05,0.0,0.0011331839442092,0.770877849002849,0.5706352386039885,0.11151175213675216,0.12444355413105414,0.11217948717948718,0.10416666666666667,0.125,0.11858974358974358,,0.008012820512820512,0.006410256410256415,1.0769230769230769,1.0540540540540542,0,0.00024127673497182132,0,0,0,,,,
zm7_3,7,72,0.00047345406441948613,0.0110306872107948,6.025433540746111e-05,0.0,0.0011331839442092,0.2986556267806268,0.6670895655270654,0.10817307692307693,0.10661502849002848,0.10897435897435898,0.10576923076923077,0.10737179487179487,0.10416666666666667,,0.0032051282051282076,0.0032051282051281937,1.0303030303030303,1.0307692307692307,1,0.0002233244848648813,0,0,0,,,,
zm7_3,8,72,0.0007536296385418542,0.0129060734463276,0.00011589892230204582,0.0,0.0016025641025641,0.5777132300569802,0.7177483974358975,0.09403935185185185,0.15424679487179485,0.09615384615384616,0.09294871794871795,0.16025641025641027,0.14903846153846154,,0.0032051282051282076,0.011217948717948734,1.0344827586206897,1.0752688172043012,1,0.0003201463142162844,0,0,0,,,,
zm7_4,1,72,0.0007394238015559097,0.0102062665334329,0.00011589892230204445,0.0,0.0011331839442092,0.48822560541310533,0.30701344373219375,0.10162927350427349,0.14238336894586892,0.10416666666666667,0.09935897435897435,0.14583333333333334,0.13782051282051283,,0.004807692307692318,0.006410256410256415,1.0483870967741937,1.0459770114942528,1,0.00029096195458240803,0,0,0,,,,
zm7_4,2,72,0.0010624129589594513,0.0105393309049588,0.000153895422951675,0.0,0.0016025641025641,0.31056356837606847,0.30838230056980065,0.1051014957264957,0.12580128205128205,0.10576923076923077,0.10096153846153846,0.12980769230769232,0.1233974358974359,,0.0048076923076923045,0.0032051282051282215,1.0476190476190477,1.0253164556962027,1,0.0003817680342395578,0,0,0,,,,
zm7_4,3,72,0.000716406274807418,0.0111865942028985,8.903133903133471e-05,0.0,0.0016025641025641,0.6944667022792023,0.40824207621082614,0.1258457977207977,0.10997596153846156,0.1282051282051282,0.11858974358974358,0.11057692307692307,0.10737179487179487,,0.009615384615384609,0.0032051282051282076,1.0810810810810811,1.0298507462686568,0,0.00028503936242132283,0,0,0,,,,
zm7_4,4,72,0.0013565608016568264,0.0148821646288053,0.00019253653712323054,0.0,0.0017917211358171,0.18201344373219372,0.4372217770655271,0.14407496438746437,0.11847845441595443,0.14743589743589744,0.1330128205128205,0.1201923076923077,0.11217948717948718,,0.014423076923076927,0.008012820512820512,1.108433734939759,1.0714285714285714,0,0.0004206510712869238,0,0,0,,,,
zm7_4,5,72,0.002083858823558857,0.0166991018634775,0.00029276994067579444,0.0,0.0017917211358171,0.4868567485754986,0.5204994658119658,0.13815438034188032,0.11988069800569802,0.14743589743589744,0.13141025641025642,0.14262820512820512,0.11378205128205128,,0.016025641025641024,0.02884615384615384,1.121951219512195,1.2535211267605633,1,0.0004663447450097427,0,0,0,,,,
zm7_4,6,72,0.0009132745074847791,0.0102237490509154,0.00013163758819384027,0.0,0.0016025641025641,0.31993411680911676,0.5241720085470087,0.10977564102564104,0.13804309116809113,0.11217948717948718,0.10256410256410256,0.14102564102564102,0.1330128205128205,,0.009615384615384623,0.008012820512820512,1.09375,1.0602409638554218,0,0.0003412221733173434,0,0,0,,,,
zm7_4,7,72,0.002734679500313914,0.0178215579710144,0.00048776294431918744,0.0,0.0040064102564102,0.7459268162393162,0.550758992165242,0.16141381766381768,0.11309205840455842,0.21474358974358973,0.15384615384615385,0.11698717948717949,0.10897435897435898,,0.060897435897435875,0.004807692307692318,1.3958333333333333,1.0434782608695654,1,0.0008671325757616224,0,0,0,,,,
zm7_4,8,72,0.0013005967912183445,0.0166079177073533,0.00017417069021403195,0.0,0.0017917211358171,0.612624643874644,0.6896812678062676,0.09891381766381765,0.12455484330484332,0.09935897435897435,0.09615384615384616,0.12980769230769232,0.11858974358974358,,0.0032051282051281937,0.011217948717948734,1.0333333333333332,1.0945945945945947,1,0.00037295469408893655,0,0,0,,,,
zm7_4,9,72,0.0009781953904728778,0.0144965277777777,0.00011128917378916668,0.0,0.000801282051282,0.28117209757834755,0.7053173967236468,0.11482816951566956,0.13027510683760682,0.11698717948717949,0.10897435897435898,0.13141025641025642,0.12179487179487179,,0.006410256410256415,0.009615384615384623,1.0588235294117647,1.0789473684210527,0,0.0002771078080036491,0,0,0,,,,
zm7_4,10,72,0.0011851622448291485,0.0206394584647739,0.00014467592592591803,0.0,0.0016025641025641,0.4652777777777778,0.8020388176638176,0.14583333333333331,0.0965099715099715,0.14903846153846154,0.13141025641025642,0.09775641025641026,0.09134615384615384,,0.01762820512820512,0.006410256410256415,1.1341463414634145,1.0701754385964912,1,0.00033590162644199316,0,0,0,,,,
zm7_5,1,72,0.0010672200918619833,0.0397733170299165,0.00012603004051300277,0.0,0.0050677526605262,0.404780982905983,0.1850182514245014,0.12887286324786323,0.10027154558404557,0.12980769230769232,0.1233974358974359,0.10096153846153846,0.09615384615384616,,0.006410256410256415,0.0048076923076923045,1.051948051948052,1.05,0,0.0006208055311085832,0,0,0,,,,
zm7_5,2,72,0.0007389950121247861,0.0055932971014492,0.00011128917378916668,0.0,0.000801282051282,0.7517138532763532,0.27853454415954415,0.12157229344729344,0.11311431623931625,0.1233974358974359,0.11538461538461539,0.11698717948717949,0.10897435897435898,,0.008012820512820512,0.008012820512820512,1.0694444444444444,1.0735294117647058,1,0.0002771078080036491,0,0,0,,,,
zm7_5,3,72,0.0007046282911390167,0.006555316091954,0.00011128917378916668,0.0,0.000801282051282,0.5445379273504272,0.33996616809116814,0.13390313390313388,0.09250356125356125,0.13942307692307693,0.1266025641025641,0.09455128205128205,0.09134615384615384,,0.01282051282051283,0.0032051282051282076,1.1012658227848102,1.0350877192982457,0,0.0002771078080036491,0,0,0,,,,
zm7_5,4,72,0.0008367470535319278,0.0101650369827385,0.00011398950194888333,0.0,0.0011331839442092,0.38036413817663817,0.4467481303418804,0.11271367521367523,0.13739761396011396,0.11538461538461539,0.10576923076923077,0.13942307692307693,0.12980769230769232,,0.009615384615384623,0.009615384615384609,1.090909090909091,1.074074074074074,0,0.0003066190052762001,0,0,0,,,,
zm7_5,5,72,0.0006309439068485083,0.0300480769230769,0.00010016025641025416,0.0,0.0048076923076923,0.22201077279202275,0.4641537571225071,0.12284099002849001,0.11976940883190884,0.1233974358974359,0.1201923076923077,0.1201923076923077,0.11858974358974358,,0.0032051282051282076,0.0016025641025641107,1.0266666666666666,1.0135135135135136,0,0.0005811596950296839,0,0,0,,,,
zm7_5,6,72,0.0008294806938456917,0.0103749999999999,0.0001270278396809625,0.0,0.0016025641025641,0.7700431801994302,0.49389022435897445,0.12186164529914532,0.13494925213675213,0.1233974358974359,0.11698717948717949,0.1362179487179487,0.13141025641025642,,0.006410256410256415,0.0032051282051281937,1.0547945205479452,1.024390243902439,0,0.00032970828377364354,0,0,0,,,,
zm7_5,7,72,0.0008268934674425305,0.0177163461538461,9.364108754421249e-05,0.0,0.0024038461538461,0.5546875000000001,0.5601295405982906,0.10790598290598291,0.12555644586894588,0.10897435897435898,0.10096153846153846,0.1266025641025641,0.1201923076923077,,0.008012820512820512,0.006410256410256401,1.0793650793650793,1.0533333333333332,0,0.00035354260409806225,0,0,0,,,,
zm7_5,8,72,0.0009342306129610471,0.0304901570167921,0.00012767245320289167,0.0,0.0035834422716342,0.33480235042735035,0.6491497507122508,0.10817307692307693,0.14053596866096862,0.10897435897435898,0.10256410256410256,0.14102564102564102,0.1362179487179487,,0.0,0.0016025641025640969,1.0,1.011494252873563,0,0.00047378221983647683,0,0,0,,,,
zm7_5,9,72,0.0006811511544139444,0.0109000455800835,7.138325278637777e-05,0.0,0.0011331839442092,0.7992232015669517,0.7283542556980058,0.09809027777777778,0.11887909544159544,0.09935897435897435,0.09775641025641026,0.1201923076923077,0.11057692307692307,,-0.0016025641025640969,0.009615384615384623,0.9838709677419355,1.0869565217391306,0,0.00023942899457484663,0,0,0,,,,
zm7_5,10,72,0.0007222467420250722,0.0243055555555555,0.00011128917378916944,0.0,0.0032051282051282,0.5184740028490028,0.7978877314814817,0.09775641025641026,0.1395343660968661,0.09775641025641026,0.09775641025641026,0.14102564102564102,0.13141025641025642,,0.0,0.009615384615384609,1.0,1.073170731707317,0,0.00042871617441813276,0,0,0,,,,
zm7_6,1,72,0.0008428698250876987,0.0104926671247115,0.00012702783968096112,0.0,0.0011331839442092,0.5681201032763534,0.2117165242165242,0.10414440883190881,0.1351940883190883,0.10576923076923077,0.09935897435897435,0.13942307692307693,0.12980769230769232,,0.006410256410256415,0.009615384615384609,1.0645161290322582,1.074074074074074,1,0.00030145107214456045,0,0,0,,,,
zm7_6,2,72,0.00045800989278153614,0.0093265085881262,6.48640839203389e-05,0.0,0.0011331839442092,0.4242788461538462,0.2884392806267806,0.13221153846153846,0.12954059829059827,0.1346153846153846,0.12980769230769232,0.13141025641025642,0.125,,0.004807692307692291,0.006410256410256415,1.037037037037037,1.0512820512820513,0,0.000241276734971822,0,0,0,,,,
zm7_6,3,72,0.0014452599525742221,0.00875,0.0001780626780626667,0.0,0.000801282051282,0.7001424501424501,0.3327212428774929,0.09775641025641024,0.13548344017094013,0.10256410256410256,0.09294871794871795,0.14423076923076922,0.125,,0.009615384615384609,0.019230769230769218,1.103448275862069,1.1538461538461537,0,0.0003331247673409633,0,0,0,,,,
zm7_6,4,72,0.0013210004152495155,0.0102972930779478,0.00018728217508842224,0.0,0.0011331839442092,0.27340411324786323,0.4369212962962964,0.1452323717948718,0.10639245014245015,0.14743589743589744,0.1346153846153846,0.10897435897435898,0.09935897435897435,,0.01282051282051283,0.009615384615384623,1.0952380952380953,1.0967741935483872,0,0.00035417314737402916,0,0,0,,,,
zm7_6,5,72,0.00048078739790314445,0.0070023148148148,6.67735042735e-05,0.0,0.000801282051282,0.7014334045584044,0.48389645655270663,0.11315883190883191,0.08638265669515671,0.11538461538461539,0.10737179487179487,0.08653846153846154,0.08493589743589744,,0.008012820512820526,0.0016025641025640969,1.074626865671642,1.0188679245283019,0,0.00022146265961239207,0,0,0,,,,
zm7_6,6,72,0.001019645579677857,0.0101995325266989,0.00012050867081492222,0.0,0.0011331839442092,0.41590990028490027,0.510628116096866,0.11315883190883191,0.12235131766381767,0.11538461538461539,0.10416666666666667,0.125,0.11858974358974358,,0.009615384615384609,0.006410256410256415,1.0923076923076922,1.0540540540540542,1,0.00030411590094820687,0,0,0,,,,
zm7_6,7,72,0.000596582961805807,0.008235294117647,7.790242165241666e-05,0.0,0.000801282051282,0.5596064814814815,0.6141826923076923,0.10287571225071222,0.1394230769230769,0.10416666666666667,0.10096153846153846,0.14262820512820512,0.13141025641025642,,0.0032051282051282076,0.011217948717948706,1.0317460317460319,1.0853658536585364,0,0.0002373879207587713,0,0,0,,,,
zm7_6,8,72,0.0008535505582867334,0.0102065473250406,0.00012702783968096112,0.0,0.0011331839442092,0.27335959757834755,0.6236200142450143,0.12008101851851853,0.1258903133903134,0.1233974358974359,0.11217948717948718,0.1282051282051282,0.1201923076923077,,0.01121794871794872,0.008012820512820498,1.1,1.0666666666666667,1,0.00030145107214456045,0,0,0,,,,
zm7_6,9,72,0.0013889713719136847,0.0096002059273723,0.00017615325770950558,0.0,0.0011331839442092,0.7491875890313391,0.6313100961538461,0.12760416666666666,0.13316862535612534,0.13141025641025642,0.11858974358974358,0.13942307692307693,0.11858974358974358,,0.01282051282051283,0.020833333333333343,1.1081081081081081,1.1756756756756757,0,0.00034722594874098676,0,0,0,,,,
zm7_6,10,72,0.0011376647305026638,0.0213841573365312,0.00015109164911125415,0.0,0.0025338763302631,0.43950320512820507,0.760516826923077,0.09922542735042733,0.11816684472934474,0.10096153846153846,0.09615384615384616,0.125,0.11378205128205128,,0.0048076923076923045,0.009615384615384609,1.05,1.0833333333333333,1,0.00040550801500501064,0,0,0,,,,
zm7_7,1,72,0.0006195875650869653,0.0126151048420926,7.138325278637777e-05,0.0,0.0011331839442092,0.5236266915954416,0.23906027421652423,0.09857995014245013,0.09234775641025642,0.09935897435897435,0.09455128205128205,0.09294871794871795,0.08814102564102565,,0.0032051282051281937,0.0048076923076923045,1.0333333333333332,1.0545454545454545,0,0.00023942899457484658,0,0,0,,,,
zm7_7,2,72,0.0005552078767160111,0.0061659946236559,7.790242165241666e-05,0.0,0.000801282051282,0.7796029202279203,0.3608106303418804,0.10087250712250712,0.11838942307692307,0.10256410256410256,0.09775641025641026,0.1201923076923077,0.11538461538461539,,0.0032051282051282076,0.0048076923076923045,1.0327868852459017,1.0416666666666667,1,0.00023738792075877165,0,0,0,,,,
zm7_7,3,72,0.0037351895044233194,0.0160346441947565,0.0005017629043550624,0.0,0.0017917211358171,0.26896367521367526,0.3636373753561253,0.12290776353276353,0.13815438034188032,0.15544871794871795,0.10256410256410256,0.16987179487179488,0.1266025641025641,,0.05288461538461539,0.04326923076923078,1.515625,1.3417721518987342,1,0.0005647545480582611,0,0,0,,,,
zm7_7,4,72,0.001495506810893707,0.0089183877455541,0.00022718809609121113,0.0,0.0011331839442092,0.5858595975783476,0.4269497863247864,0.11643073361823363,0.1436965811965812,0.1266025641025641,0.11057692307692307,0.15544871794871795,0.1346153846153846,,0.016025641025641024,0.020833333333333343,1.144927536231884,1.1547619047619049,1,0.0003683083024571993,0,0,0,,,,
zm7_7,5,72,0.0005468962834000027,0.0061659946236559,8.903133903133334e-05,0.0,0.000801282051282,0.4377114494301994,0.46278490028490027,0.09973735754985753,0.1428952991452991,0.10096153846153846,0.09775641025641026,0.14423076923076922,0.1346153846153846,,0.0032051282051282076,0.009615384615384609,1.0327868852459017,1.0714285714285714,1,0.0002518186542686973,0,0,0,,,,
zm7_7,6,72,0.0020065125951377666,0.0203856030483764,0.00025866542787480415,0.0,0.0016025641025641,0.7357327279202279,0.5390625,0.10719373219373217,0.1251780626780627,0.10737179487179487,0.10576923076923077,0.1282051282051282,0.11538461538461539,,0.0,0.011217948717948706,1.0,1.097222222222222,0,0.0004577462731099806,0,0,0,,,,
zm7_7,7,72,0.0011074560360115847,0.0116125176919473,0.00014928567443879448,0.0,0.0011331839442092,0.2663595085470085,0.5489338497150997,0.099136396011396,0.11562945156695159,0.09935897435897435,0.09615384615384616,0.1201923076923077,0.10576923076923077,,0.0016025641025640969,0.014423076923076927,1.0163934426229508,1.1363636363636365,1,0.00032024586156627127,0,0,0,,,,
zm7_7,8,72,0.0014729257684115778,0.0098695661967326,0.0002160591787122986,0.0,0.0016025641025641,0.2722467058404558,0.6955016915954414,0.14202724358974356,0.10200765669515668,0.15224358974358973,0.13782051282051283,0.10576923076923077,0.09775641025641026,,0.0144230769230769,0.008012820512820512,1.1046511627906974,1.0819672131147542,1,0.0004303148576197024,0,0,0,,,,
zm7_7,9,72,0.0014065215900168418,0.0096534005959516,0.00021414975835913334,0.0,0.0011331839442092,0.6398459757834757,0.7102920227920229,0.12704772079772078,0.12931801994301992,0.1330128205128205,0.1233974358974359,0.13782051282051283,0.1233974358974359,,0.009615384615384609,0.014423076923076927,1.077922077922078,1.1168831168831168,1,0.0003760389842279411,0,0,0,,,,
zm7_7,10,72,0.0005614906663061986,0.0051874999999999,8.903133903133333e-05,0.0,0.000801282051282,0.43371616809116814,0.7496661324786325,0.125,0.12112713675213677,0.1282051282051282,0.1201923076923077,0.1233974358974359,0.11858974358974358,,0.008012820512820498,0.004807692307692318,1.0666666666666667,1.0405405405405406,1,0.0002518186542686973,0,0,0,,,,
zm7_8,1,72,0.0006117203076426751,0.0056678921568627,8.903133903133333e-05,0.0,0.000801282051282,0.36243545227920226,0.28234063390313385,0.111667556980057,0.11529558404558404,0.11217948717948718,0.10897435897435898,0.11698717948717949,0.10737179487179487,,0.0032051282051282076,0.009615384615384623,1.0294117647058825,1.0895522388059702,0,0.0002518186542686973,0,0,0,,,,
zm7_8,2,72,0.0008789554291510624,0.0104587917859582,0.00010477000492312778,0.0,0.0011331839442092,0.5672297898860398,0.35260861823361833,0.11874554843304844,0.11471688034188035,0.12179487179487179,0.10897435897435898,0.11538461538461539,0.10897435897435898,,0.012820512820512817,0.006410256410256415,1.1176470588235294,1.0588235294117647,1,0.00027963773623685404,0,0,0,,,,
zm7_8,3,72,0.0005179612448299944,0.0064530367231638,7.790242165241666e-05,0.0,0.000801282051282,0.7184606481481483,0.4293425035612535,0.12976317663817663,0.0958644943019943,0.13141025641025642,0.1233974358974359,0.09615384615384616,0.09294871794871795,,0.008012820512820512,0.0032051282051282076,1.0649350649350648,1.0344827586206897,1,0.00023738792075877165,0,0,0,,,,
zm7_8,4,72,0.0010133446845810958,0.0111890582515187,0.00013815675705987777,0.0,0.0011331839442092,0.25515268874643876,0.4421964031339031,0.10797275641025642,0.11066595441595445,0.11378205128205128,0.10256410256410256,0.11217948717948718,0.10737179487179487,,0.01121794871794872,0.0032051282051282076,1.109375,1.0298507462686568,1,0.0003111895454152354,0,0,0,,,,
zm7_8,5,72,0.0017945244488833138,0.0133661941580756,0.0002317978446040889,0.0,0.0011331839442092,0.4347177706552707,0.49019542378917375,0.11026531339031338,0.13931178774928774,0.1201923076923077,0.10416666666666667,0.16025641025641027,0.13141025641025642,,0.016025641025641024,0.028846153846153855,1.1538461538461537,1.2195121951219512,1,0.0003774289305912837,0,0,0,,,,
zm7_8,6,72,0.0003148745755950903,0.0104477611940298,2.2257834757833333e-05,0.0,0.000801282051282,0.7949942129629629,0.5435474537037037,0.09270388176638177,0.10788372507122508,0.09294871794871795,0.09134615384615384,0.10897435897435898,0.10416666666666667,,0.0016025641025641107,0.0048076923076923045,1.0175438596491229,1.0461538461538462,0,0.00013167912622638996,0,0,0,,,,
zm7_8,7,72,0.0009255887749187985,0.0102114968893173,0.00014928567443879445,0.0,0.0011331839442092,0.31546029202279197,0.5827768874643875,0.10171830484330482,0.1379540598290598,0.10256410256410256,0.10096153846153846,0.15064102564102563,0.1330128205128205,,0.0016025641025640969,0.01762820512820512,1.0158730158730158,1.1325301204819276,1,0.0003202458615662716,0,0,0,,,,
zm7_8,8,72,0.0017692856438693903,0.0095973290574068,0.0002586654278748,0.0,0.0011331839442092,0.6876780626780625,0.614383012820513,0.11992521367521368,0.11907941595441596,0.1330128205128205,0.11057692307692307,0.1282051282051282,0.11378205128205128,,0.02243589743589744,0.014423076923076913,1.2028985507246377,1.1267605633802815,1,0.00039500283552211193,0,0,0,,,,
zm7_8,9,72,0.0012953486012592236,0.0100490695637359,0.00018537275473526113,0.0,0.0011331839442092,0.510639245014245,0.6559161324786325,0.13394764957264954,0.11916844729344728,0.13782051282051283,0.125,0.125,0.11057692307692307,,0.01282051282051283,0.014423076923076927,1.1025641025641026,1.1304347826086958,3,0.00036751540780553295,0,0,0,,,,
zm7_8,10,72,0.0011513908903324984,0.0117560598186085,0.00013624733670671667,0.0,0.0011331839442092,0.32926014957264954,0.7141426282051282,0.09606481481481481,0.11689814814814817,0.09775641025641026,0.09134615384615384,0.11858974358974358,0.10897435897435898,,0.006410256410256415,0.009615384615384609,1.0701754385964912,1.088235294117647,0,0.00032600657613505264,0,0,0,,,,
zm7_9,1,72,0.001678510275351418,0.0101329776363151,0.0002317978446040889,0.0,0.0011331839442092,0.5743968126780628,0.22046385327635326,0.12114939458689457,0.1221064814814815,0.1233974358974359,0.11698717948717949,0.1330128205128205,0.11538461538461539,,0.0,0.016025641025641024,1.0,1.136986301369863,1,0.0003774289305912836,0,0,0,,,,
zm7_9,2,72,0.0008724222397468195,0.0050080128205128,0.00014467592592591668,0.0,0.000801282051282,0.7645009793447293,0.2328503383190883,0.12991898148148145,0.13241185897435895,0.1346153846153846,0.1233974358974359,0.1346153846153846,0.125,,0.011217948717948706,0.009615384615384609,1.0909090909090908,1.0769230769230769,0,0.0003082127498247274,0,0,0,,,,
zm7_9,3,72,0.0008666773615477945,0.010432964250643,0.00011398950194888333,0.0,0.0011331839442092,0.37700320512820507,0.3280137108262108,0.1420940170940171,0.10082799145299143,0.14423076923076922,0.1346153846153846,0.10256410256410256,0.09775641025641026,,0.009615384615384609,0.0032051282051282076,1.0714285714285714,1.0327868852459017,1,0.0003066190052762001,0,0,0,,,,
zm7_9,4,72,0.001177536438812729,0.0144557579787874,0.00018529960759294998,0.0,0.0017917211358171,0.6771055911680911,0.4073962784900284,0.15086360398860396,0.09363871082621082,0.15224358974358973,0.14743589743589744,0.09455128205128205,0.08814102564102565,,0.0032051282051281937,0.006410256410256401,1.0217391304347825,1.0727272727272725,0,0.0004023019933287512,0,0,0,,,,
zm7_9,5,72,0.0006428605021955347,0.0116477272727272,8.903133903133471e-05,0.0,0.0016025641025641,0.5157474180911681,0.4956708511396012,0.10841791310541311,0.10467859686609685,0.11057692307692307,0.10737179487179487,0.10576923076923077,0.10256410256410256,,0.0032051282051282076,0.0032051282051282076,1.0298507462686568,1.03125,0,0.00028503936242132283,0,0,0,,,,
zm7_9,6,72,0.0017321688607132904,0.0133745694223635,0.00024292676198300555,0.0,0.0011331839442092,0.2522146545584045,0.49376780626780625,0.1444756054131054,0.1264690170940171,0.14583333333333334,0.1330128205128205,0.14102564102564102,0.11698717948717949,,0.01282051282051283,0.024038461538461536,1.0963855421686748,1.2054794520547945,1,0.00038221306684722297,0,0,0,,,,
zm7_9,7,72,0.0011679918644343402,0.0062585382513661,0.00018919159544158334,0.0,0.000801282051282,0.8048989494301995,0.600471866096866,0.13499376780626776,0.09860220797720798,0.14583333333333334,0.1233974358974359,0.09935897435897435,0.09615384615384616,,0.02243589743589744,0.0016025641025640969,1.1818181818181819,1.0163934426229508,1,0.00034029747265446243,0,0,0,,,,
zm7_9,8,72,0.000981079544712114,0.0095782520325203,0.0001558048433048361,0.0,0.0016025641025641,0.4121928418803419,0.6200921474358974,0.13746438746438744,0.10325409544159542,0.13942307692307693,0.12980769230769232,0.10576923076923077,0.09935897435897435,,0.009615384615384609,0.006410256410256415,1.074074074074074,1.0645161290322582,0,0.0003691044326873316,0,0,0,,,,
zm7_9,9,72,0.0011192239884110665,0.0135043623280247,0.00017417069021403192,0.0,0.0017917211358171,0.5591168091168092,0.7217325498575499,0.12246260683760683,0.1333244301994302,0.1266025641025641,0.1201923076923077,0.14423076923076922,0.1282051282051282,,0.0048076923076923045,0.016025641025641024,1.0394736842105263,1.125,1,0.0003729546940889363,0,0,0,,,,
zm7_9,10,72,0.0007377746334074376,0.0072516025641025,0.00010016025641025001,0.0,0.000801282051282,0.3913706374643875,0.7553196225071226,0.08905359686609687,0.1420495014245014,0.08974358974358974,0.08173076923076923,0.14262820512820512,0.1362179487179487,,0.008012820512820512,0.006410256410256415,1.0980392156862746,1.0470588235294118,1,0.0002649991297139848,0,0,0,,,,
