file,stem,object_index,class,xmin,ymin,xmax,ymax,image_width,image_height,group,frame,width,height,area
pg4_10_img001.xml,pg4_10_img001,0,pg_im,231.0,123.0,272.0,155.0,624,624,pg4_10,1,41.0,32.0,1312.0
pg4_10_img001.xml,pg4_10_img001,1,pg_im,189.0,216.0,234.0,251.0,624,624,pg4_10,1,45.0,35.0,1575.0
pg4_10_img001.xml,pg4_10_img001,2,pg_im,106.0,316.0,144.0,359.0,624,624,pg4_10,1,38.0,43.0,1634.0
pg4_10_img001.xml,pg4_10_img001,3,pg_im,487.0,304.0,521.0,341.0,624,624,pg4_10,1,34.0,37.0,1258.0
pg4_10_img001.xml,pg4_10_img001,4,pg_im,404.0,158.0,451.0,188.0,624,624,pg4_10,1,47.0,30.0,1410.0
pg4_10_img001.xml,pg4_10_img001,5,pg_im,326.0,177.0,370.0,210.0,624,624,pg4_10,1,44.0,33.0,1452.0
pg4_10_img001.xml,pg4_10_img001,6,pg_im,358.0,277.0,399.0,308.0,624,624,pg4_10,1,41.0,31.0,1271.0
pg4_10_img001.xml,pg4_10_img001,7,pg_im,388.0,377.0,424.0,410.0,624,624,pg4_10,1,36.0,33.0,1188.0
pg4_10_img001.xml,pg4_10_img001,8,pg_im,233.0,326.0,270.0,362.0,624,624,pg4_10,1,37.0,36.0,1332.0
pg4_10_img001.xml,pg4_10_img001,9,pg_im,293.0,406.0,331.0,445.0,624,624,pg4_10,1,38.0,39.0,1482.0
pg4_10_img001.xml,pg4_10_img001,10,pg_im,138.0,387.0,171.0,422.0,624,624,pg4_10,1,33.0,35.0,1155.0
pg4_10_img002.xml,pg4_10_img002,0,pg_im,230.0,123.0,271.0,156.0,624,624,pg4_10,2,41.0,33.0,1353.0
pg4_10_img002.xml,pg4_10_img002,1,pg_im,189.0,216.0,234.0,251.0,624,624,pg4_10,2,45.0,35.0,1575.0
pg4_10_img002.xml,pg4_10_img002,2,pg_im,105.0,317.0,142.0,359.0,624,624,pg4_10,2,37.0,42.0,1554.0
pg4_10_img002.xml,pg4_10_img002,3,pg_im,485.0,304.0,521.0,341.0,624,624,pg4_10,2,36.0,37.0,1332.0
pg4_10_img002.xml,pg4_10_img002,4,pg_im,404.0,158.0,449.0,188.0,624,624,pg4_10,2,45.0,30.0,1350.0
pg4_10_img002.xml,pg4_10_img002,5,pg_im,325.0,178.0,370.0,210.0,624,624,pg4_10,2,45.0,32.0,1440.0
pg4_10_img002.xml,pg4_10_img002,6,pg_im,359.0,278.0,400.0,308.0,624,624,pg4_10,2,41.0,30.0,1230.0
pg4_10_img002.xml,pg4_10_img002,7,pg_im,387.0,378.0,423.0,412.0,624,624,pg4_10,2,36.0,34.0,1224.0
pg4_10_img002.xml,pg4_10_img002,8,pg_im,233.0,326.0,270.0,362.0,624,624,pg4_10,2,37.0,36.0,1332.0
pg4_10_img002.xml,pg4_10_img002,9,pg_im,292.0,407.0,330.0,445.0,624,624,pg4_10,2,38.0,38.0,1444.0
pg4_10_img002.xml,pg4_10_img002,10,pg_im,141.0,388.0,175.0,423.0,624,624,pg4_10,2,34.0,35.0,1190.0
pg4_10_img003.xml,pg4_10_img003,0,pg_im,230.0,123.0,271.0,156.0,624,624,pg4_10,3,41.0,33.0,1353.0
pg4_10_img003.xml,pg4_10_img003,1,pg_im,189.0,216.0,234.0,251.0,624,624,pg4_10,3,45.0,35.0,1575.0
pg4_10_img003.xml,pg4_10_img003,2,pg_im,105.0,317.0,142.0,359.0,624,624,pg4_10,3,37.0,42.0,1554.0
pg4_10_img003.xml,pg4_10_img003,3,pg_im,483.0,304.0,521.0,341.0,624,624,pg4_10,3,38.0,37.0,1406.0
pg4_10_img003.xml,pg4_10_img003,4,pg_im,404.0,158.0,449.0,189.0,624,624,pg4_10,3,45.0,31.0,1395.0
pg4_10_img003.xml,pg4_10_img003,5,pg_im,325.0,178.0,370.0,210.0,624,624,pg4_10,3,45.0,32.0,1440.0
pg4_10_img003.xml,pg4_10_img003,6,pg_im,359.0,278.0,400.0,308.0,624,624,pg4_10,3,41.0,30.0,1230.0
pg4_10_img003.xml,pg4_10_img003,7,pg_im,387.0,378.0,423.0,412.0,624,624,pg4_10,3,36.0,34.0,1224.0
pg4_10_img003.xml,pg4_10_img003,8,pg_im,233.0,326.0,270.0,362.0,624,624,pg4_10,3,37.0,36.0,1332.0
pg4_10_img003.xml,pg4_10_img003,9,pg_im,291.0,407.0,329.0,445.0,624,624,pg4_10,3,38.0,38.0,1444.0
pg4_10_img003.xml,pg4_10_img003,10,pg_im,141.0,388.0,175.0,424.0,624,624,pg4_10,3,34.0,36.0,1224.0
pg4_10_img004.xml,pg4_10_img004,0,pg_im,230.0,123.0,271.0,156.0,624,624,pg4_10,4,41.0,33.0,1353.0
pg4_10_img004.xml,pg4_10_img004,1,pg_im,189.0,216.0,234.0,251.0,624,624,pg4_10,4,45.0,35.0,1575.0
pg4_10_img004.xml,pg4_10_img004,2,pg_im,105.0,317.0,142.0,360.0,624,624,pg4_10,4,37.0,43.0,1591.0
pg4_10_img004.xml,pg4_10_img004,3,pg_im,483.0,304.0,521.0,341.0,624,624,pg4_10,4,38.0,37.0,1406.0
pg4_10_img004.xml,pg4_10_img004,4,pg_im,404.0,158.0,448.0,189.0,624,624,pg4_10,4,44.0,31.0,1364.0
pg4_10_img004.xml,pg4_10_img004,5,pg_im,325.0,178.0,370.0,210.0,624,624,pg4_10,4,45.0,32.0,1440.0
pg4_10_img004.xml,pg4_10_img004,6,pg_im,359.0,278.0,400.0,308.0,624,624,pg4_10,4,41.0,30.0,1230.0
pg4_10_img004.xml,pg4_10_img004,7,pg_im,387.0,378.0,423.0,412.0,624,624,pg4_10,4,36.0,34.0,1224.0
pg4_10_img004.xml,pg4_10_img004,8,pg_im,233.0,326.0,270.0,362.0,624,624,pg4_10,4,37.0,36.0,1332.0
pg4_10_img004.xml,pg4_10_img004,9,pg_im,291.0,407.0,329.0,445.0,624,624,pg4_10,4,38.0,38.0,1444.0
pg4_10_img004.xml,pg4_10_img004,10,pg_im,141.0,388.0,176.0,424.0,624,624,pg4_10,4,35.0,36.0,1260.0
pg4_10_img005.xml,pg4_10_img005,0,pg_im,229.0,123.0,271.0,156.0,624,624,pg4_10,5,42.0,33.0,1386.0
pg4_10_img005.xml,pg4_10_img005,1,pg_im,189.0,216.0,234.0,251.0,624,624,pg4_10,5,45.0,35.0,1575.0
pg4_10_img005.xml,pg4_10_img005,2,pg_im,105.0,317.0,143.0,360.0,624,624,pg4_10,5,38.0,43.0,1634.0
pg4_10_img005.xml,pg4_10_img005,3,pg_im,483.0,304.0,521.0,341.0,624,624,pg4_10,5,38.0,37.0,1406.0
pg4_10_img005.xml,pg4_10_img005,4,pg_im,403.0,159.0,448.0,189.0,624,624,pg4_10,5,45.0,30.0,1350.0
pg4_10_img005.xml,pg4_10_img005,5,pg_im,325.0,178.0,370.0,210.0,624,624,pg4_10,5,45.0,32.0,1440.0
pg4_10_img005.xml,pg4_10_img005,6,pg_im,359.0,278.0,400.0,308.0,624,624,pg4_10,5,41.0,30.0,1230.0
pg4_10_img005.xml,pg4_10_img005,7,pg_im,387.0,378.0,423.0,412.0,624,624,pg4_10,5,36.0,34.0,1224.0
pg4_10_img005.xml,pg4_10_img005,8,pg_im,233.0,326.0,270.0,362.0,624,624,pg4_10,5,37.0,36.0,1332.0
pg4_10_img005.xml,pg4_10_img005,9,pg_im,291.0,407.0,329.0,445.0,624,624,pg4_10,5,38.0,38.0,1444.0
pg4_10_img005.xml,pg4_10_img005,10,pg_im,141.0,388.0,176.0,424.0,624,624,pg4_10,5,35.0,36.0,1260.0
pg4_10_img006.xml,pg4_10_img006,0,pg_im,229.0,123.0,271.0,156.0,624,624,pg4_10,6,42.0,33.0,1386.0
pg4_10_img006.xml,pg4_10_img006,1,pg_im,189.0,216.0,234.0,251.0,624,624,pg4_10,6,45.0,35.0,1575.0
pg4_10_img006.xml,pg4_10_img006,2,pg_im,105.0,317.0,143.0,360.0,624,624,pg4_10,6,38.0,43.0,1634.0
pg4_10_img006.xml,pg4_10_img006,3,pg_im,483.0,304.0,521.0,341.0,624,624,pg4_10,6,38.0,37.0,1406.0
pg4_10_img006.xml,pg4_10_img006,4,pg_im,403.0,159.0,447.0,190.0,624,624,pg4_10,6,44.0,31.0,1364.0
pg4_10_img006.xml,pg4_10_img006,5,pg_im,325.0,178.0,370.0,210.0,624,624,pg4_10,6,45.0,32.0,1440.0
pg4_10_img006.xml,pg4_10_img006,6,pg_im,359.0,278.0,400.0,308.0,624,624,pg4_10,6,41.0,30.0,1230.0
pg4_10_img006.xml,pg4_10_img006,7,pg_im,387.0,378.0,423.0,412.0,624,624,pg4_10,6,36.0,34.0,1224.0
pg4_10_img006.xml,pg4_10_img006,8,pg_im,233.0,326.0,270.0,362.0,624,624,pg4_10,6,37.0,36.0,1332.0
pg4_10_img006.xml,pg4_10_img006,9,pg_im,291.0,407.0,329.0,445.0,624,624,pg4_10,6,38.0,38.0,1444.0
pg4_10_img006.xml,pg4_10_img006,10,pg_im,141.0,388.0,176.0,424.0,624,624,pg4_10,6,35.0,36.0,1260.0
pg4_10_img007.xml,pg4_10_img007,0,pg_im,229.0,123.0,271.0,156.0,624,624,pg4_10,7,42.0,33.0,1386.0
pg4_10_img007.xml,pg4_10_img007,1,pg_im,189.0,216.0,234.0,251.0,624,624,pg4_10,7,45.0,35.0,1575.0
pg4_10_img007.xml,pg4_10_img007,2,pg_im,105.0,317.0,143.0,360.0,624,624,pg4_10,7,38.0,43.0,1634.0
pg4_10_img007.xml,pg4_10_img007,3,pg_im,483.0,304.0,521.0,341.0,624,624,pg4_10,7,38.0,37.0,1406.0
pg4_10_img007.xml,pg4_10_img007,4,pg_im,403.0,159.0,447.0,190.0,624,624,pg4_10,7,44.0,31.0,1364.0
pg4_10_img007.xml,pg4_10_img007,5,pg_im,325.0,178.0,370.0,210.0,624,624,pg4_10,7,45.0,32.0,1440.0
pg4_10_img007.xml,pg4_10_img007,6,pg_im,359.0,278.0,400.0,308.0,624,624,pg4_10,7,41.0,30.0,1230.0
pg4_10_img007.xml,pg4_10_img007,7,pg_im,387.0,378.0,423.0,412.0,624,624,pg4_10,7,36.0,34.0,1224.0
pg4_10_img007.xml,pg4_10_img007,8,pg_im,233.0,326.0,270.0,362.0,624,624,pg4_10,7,37.0,36.0,1332.0
pg4_10_img007.xml,pg4_10_img007,9,pg_im,291.0,407.0,329.0,445.0,624,624,pg4_10,7,38.0,38.0,1444.0
pg4_10_img007.xml,pg4_10_img007,10,pg_im,141.0,388.0,176.0,425.0,624,624,pg4_10,7,35.0,37.0,1295.0
pg4_10_img008.xml,pg4_10_img008,0,pg_im,229.0,123.0,271.0,156.0,624,624,pg4_10,8,42.0,33.0,1386.0
pg4_10_img008.xml,pg4_10_img008,1,pg_im,189.0,216.0,234.0,251.0,624,624,pg4_10,8,45.0,35.0,1575.0
pg4_10_img008.xml,pg4_10_img008,2,pg_im,105.0,317.0,143.0,360.0,624,624,pg4_10,8,38.0,43.0,1634.0
pg4_10_img008.xml,pg4_10_img008,3,pg_im,483.0,304.0,521.0,341.0,624,624,pg4_10,8,38.0,37.0,1406.0
pg4_10_img008.xml,pg4_10_img008,4,pg_im,402.0,159.0,446.0,191.0,624,624,pg4_10,8,44.0,32.0,1408.0
pg4_10_img008.xml,pg4_10_img008,5,pg_im,325.0,178.0,370.0,210.0,624,624,pg4_10,8,45.0,32.0,1440.0
pg4_10_img008.xml,pg4_10_img008,6,pg_im,359.0,278.0,400.0,308.0,624,624,pg4_10,8,41.0,30.0,1230.0
pg4_10_img008.xml,pg4_10_img008,7,pg_im,387.0,378.0,423.0,412.0,624,624,pg4_10,8,36.0,34.0,1224.0
pg4_10_img008.xml,pg4_10_img008,8,pg_im,233.0,326.0,270.0,362.0,624,624,pg4_10,8,37.0,36.0,1332.0
pg4_10_img008.xml,pg4_10_img008,9,pg_im,291.0,407.0,329.0,445.0,624,624,pg4_10,8,38.0,38.0,1444.0
pg4_10_img008.xml,pg4_10_img008,10,pg_im,141.0,388.0,177.0,425.0,624,624,pg4_10,8,36.0,37.0,1332.0
pg4_10_img009.xml,pg4_10_img009,0,pg_im,229.0,123.0,271.0,156.0,624,624,pg4_10,9,42.0,33.0,1386.0
pg4_10_img009.xml,pg4_10_img009,1,pg_im,189.0,216.0,234.0,251.0,624,624,pg4_10,9,45.0,35.0,1575.0
pg4_10_img009.xml,pg4_10_img009,2,pg_im,105.0,317.0,143.0,360.0,624,624,pg4_10,9,38.0,43.0,1634.0
pg4_10_img009.xml,pg4_10_img009,3,pg_im,483.0,304.0,521.0,341.0,624,624,pg4_10,9,38.0,37.0,1406.0
pg4_10_img009.xml,pg4_10_img009,4,pg_im,402.0,160.0,446.0,191.0,624,624,pg4_10,9,44.0,31.0,1364.0
pg4_10_img009.xml,pg4_10_img009,5,pg_im,325.0,178.0,370.0,210.0,624,624,pg4_10,9,45.0,32.0,1440.0
pg4_10_img009.xml,pg4_10_img009,6,pg_im,359.0,278.0,400.0,308.0,624,624,pg4_10,9,41.0,30.0,1230.0
pg4_10_img009.xml,pg4_10_img009,7,pg_im,387.0,378.0,423.0,412.0,624,624,pg4_10,9,36.0,34.0,1224.0
pg4_10_img009.xml,pg4_10_img009,8,pg_im,233.0,326.0,270.0,362.0,624,624,pg4_10,9,37.0,36.0,1332.0
pg4_10_img009.xml,pg4_10_img009,9,pg_im,291.0,407.0,329.0,445.0,624,624,pg4_10,9,38.0,38.0,1444.0
pg4_10_img009.xml,pg4_10_img009,10,pg_im,141.0,388.0,177.0,425.0,624,624,pg4_10,9,36.0,37.0,1332.0
pg4_10_img010.xml,pg4_10_img010,0,pg_im,229.0,123.0,271.0,156.0,624,624,pg4_10,10,42.0,33.0,1386.0
pg4_10_img010.xml,pg4_10_img010,1,pg_im,189.0,216.0,234.0,251.0,624,624,pg4_10,10,45.0,35.0,1575.0
pg4_10_img010.xml,pg4_10_img010,2,pg_im,105.0,317.0,143.0,360.0,624,624,pg4_10,10,38.0,43.0,1634.0
pg4_10_img010.xml,pg4_10_img010,3,pg_im,483.0,304.0,521.0,341.0,624,624,pg4_10,10,38.0,37.0,1406.0
pg4_10_img010.xml,pg4_10_img010,4,pg_im,401.0,160.0,445.0,191.0,624,624,pg4_10,10,44.0,31.0,1364.0
pg4_10_img010.xml,pg4_10_img010,5,pg_im,325.0,178.0,370.0,210.0,624,624,pg4_10,10,45.0,32.0,1440.0
pg4_10_img010.xml,pg4_10_img010,6,pg_im,359.0,278.0,400.0,308.0,624,624,pg4_10,10,41.0,30.0,1230.0
pg4_10_img010.xml,pg4_10_img010,7,pg_im,387.0,378.0,423.0,412.0,624,624,pg4_10,10,36.0,34.0,1224.0
pg4_10_img010.xml,pg4_10_img010,8,pg_im,233.0,326.0,270.0,362.0,624,624,pg4_10,10,37.0,36.0,1332.0
pg4_10_img010.xml,pg4_10_img010,9,pg_im,291.0,407.0,329.0,445.0,624,624,pg4_10,10,38.0,38.0,1444.0
pg4_10_img010.xml,pg4_10_img010,10,pg_im,141.0,388.0,177.0,425.0,624,624,pg4_10,10,36.0,37.0,1332.0
pg4_10_img011.xml,pg4_10_img011,0,pg_im,229.0,123.0,271.0,156.0,624,624,pg4_10,11,42.0,33.0,1386.0
pg4_10_img011.xml,pg4_10_img011,1,pg_im,189.0,216.0,234.0,251.0,624,624,pg4_10,11,45.0,35.0,1575.0
pg4_10_img011.xml,pg4_10_img011,2,pg_im,105.0,317.0,143.0,360.0,624,624,pg4_10,11,38.0,43.0,1634.0
pg4_10_img011.xml,pg4_10_img011,3,pg_im,483.0,304.0,521.0,341.0,624,624,pg4_10,11,38.0,37.0,1406.0
pg4_10_img011.xml,pg4_10_img011,4,pg_im,402.0,159.0,445.0,191.0,624,624,pg4_10,11,43.0,32.0,1376.0
pg4_10_img011.xml,pg4_10_img011,5,pg_im,325.0,178.0,370.0,210.0,624,624,pg4_10,11,45.0,32.0,1440.0
pg4_10_img011.xml,pg4_10_img011,6,pg_im,359.0,278.0,400.0,308.0,624,624,pg4_10,11,41.0,30.0,1230.0
pg4_10_img011.xml,pg4_10_img011,7,pg_im,387.0,378.0,423.0,412.0,624,624,pg4_10,11,36.0,34.0,1224.0
pg4_10_img011.xml,pg4_10_img011,8,pg_im,233.0,326.0,270.0,362.0,624,624,pg4_10,11,37.0,36.0,1332.0
pg4_10_img011.xml,pg4_10_img011,9,pg_im,291.0,407.0,329.0,445.0,624,624,pg4_10,11,38.0,38.0,1444.0
pg4_10_img011.xml,pg4_10_img011,10,pg_im,141.0,388.0,178.0,426.0,624,624,pg4_10,11,37.0,38.0,1406.0
pg4_10_img012.xml,pg4_10_img012,0,pg_im,229.0,123.0,271.0,157.0,624,624,pg4_10,12,42.0,34.0,1428.0
pg4_10_img012.xml,pg4_10_img012,1,pg_im,189.0,216.0,234.0,251.0,624,624,pg4_10,12,45.0,35.0,1575.0
pg4_10_img012.xml,pg4_10_img012,2,pg_im,105.0,317.0,143.0,360.0,624,624,pg4_10,12,38.0,43.0,1634.0
pg4_10_img012.xml,pg4_10_img012,3,pg_im,483.0,304.0,521.0,341.0,624,624,pg4_10,12,38.0,37.0,1406.0
pg4_10_img012.xml,pg4_10_img012,4,pg_im,402.0,159.0,446.0,190.0,624,624,pg4_10,12,44.0,31.0,1364.0
pg4_10_img012.xml,pg4_10_img012,5,pg_im,325.0,178.0,370.0,210.0,624,624,pg4_10,12,45.0,32.0,1440.0
pg4_10_img012.xml,pg4_10_img012,6,pg_im,359.0,278.0,400.0,308.0,624,624,pg4_10,12,41.0,30.0,1230.0
pg4_10_img012.xml,pg4_10_img012,7,pg_im,387.0,378.0,423.0,412.0,624,624,pg4_10,12,36.0,34.0,1224.0
pg4_10_img012.xml,pg4_10_img012,8,pg_im,233.0,326.0,270.0,362.0,624,624,pg4_10,12,37.0,36.0,1332.0
pg4_10_img012.xml,pg4_10_img012,9,pg_im,291.0,407.0,329.0,445.0,624,624,pg4_10,12,38.0,38.0,1444.0
pg4_10_img012.xml,pg4_10_img012,10,pg_im,141.0,388.0,178.0,426.0,624,624,pg4_10,12,37.0,38.0,1406.0
pg4_10_img013.xml,pg4_10_img013,0,pg_im,229.0,123.0,271.0,157.0,624,624,pg4_10,13,42.0,34.0,1428.0
pg4_10_img013.xml,pg4_10_img013,1,pg_im,189.0,216.0,234.0,251.0,624,624,pg4_10,13,45.0,35.0,1575.0
pg4_10_img013.xml,pg4_10_img013,2,pg_im,105.0,317.0,143.0,360.0,624,624,pg4_10,13,38.0,43.0,1634.0
pg4_10_img013.xml,pg4_10_img013,3,pg_im,483.0,304.0,521.0,341.0,624,624,pg4_10,13,38.0,37.0,1406.0
pg4_10_img013.xml,pg4_10_img013,4,pg_im,403.0,158.0,446.0,190.0,624,624,pg4_10,13,43.0,32.0,1376.0
pg4_10_img013.xml,pg4_10_img013,5,pg_im,325.0,178.0,370.0,210.0,624,624,pg4_10,13,45.0,32.0,1440.0
pg4_10_img013.xml,pg4_10_img013,6,pg_im,359.0,278.0,400.0,308.0,624,624,pg4_10,13,41.0,30.0,1230.0
pg4_10_img013.xml,pg4_10_img013,7,pg_im,387.0,378.0,423.0,412.0,624,624,pg4_10,13,36.0,34.0,1224.0
pg4_10_img013.xml,pg4_10_img013,8,pg_im,233.0,326.0,270.0,362.0,624,624,pg4_10,13,37.0,36.0,1332.0
pg4_10_img013.xml,pg4_10_img013,9,pg_im,291.0,407.0,329.0,445.0,624,624,pg4_10,13,38.0,38.0,1444.0
pg4_10_img013.xml,pg4_10_img013,10,pg_im,141.0,388.0,178.0,426.0,624,624,pg4_10,13,37.0,38.0,1406.0
pg4_10_img014.xml,pg4_10_img014,0,pg_im,229.0,123.0,271.0,157.0,624,624,pg4_10,14,42.0,34.0,1428.0
pg4_10_img014.xml,pg4_10_img014,1,pg_im,189.0,216.0,234.0,251.0,624,624,pg4_10,14,45.0,35.0,1575.0
pg4_10_img014.xml,pg4_10_img014,2,pg_im,105.0,317.0,143.0,360.0,624,624,pg4_10,14,38.0,43.0,1634.0
pg4_10_img014.xml,pg4_10_img014,3,pg_im,483.0,304.0,521.0,341.0,624,624,pg4_10,14,38.0,37.0,1406.0
pg4_10_img014.xml,pg4_10_img014,4,pg_im,403.0,158.0,446.0,189.0,624,624,pg4_10,14,43.0,31.0,1333.0
pg4_10_img014.xml,pg4_10_img014,5,pg_im,325.0,178.0,370.0,210.0,624,624,pg4_10,14,45.0,32.0,1440.0
pg4_10_img014.xml,pg4_10_img014,6,pg_im,359.0,278.0,400.0,308.0,624,624,pg4_10,14,41.0,30.0,1230.0
pg4_10_img014.xml,pg4_10_img014,7,pg_im,387.0,378.0,423.0,412.0,624,624,pg4_10,14,36.0,34.0,1224.0
pg4_10_img014.xml,pg4_10_img014,8,pg_im,233.0,326.0,270.0,362.0,624,624,pg4_10,14,37.0,36.0,1332.0
pg4_10_img014.xml,pg4_10_img014,9,pg_im,291.0,407.0,329.0,445.0,624,624,pg4_10,14,38.0,38.0,1444.0
pg4_10_img014.xml,pg4_10_img014,10,pg_im,141.0,388.0,178.0,426.0,624,624,pg4_10,14,37.0,38.0,1406.0
pg4_10_img015.xml,pg4_10_img015,0,pg_im,229.0,123.0,271.0,157.0,624,624,pg4_10,15,42.0,34.0,1428.0
pg4_10_img015.xml,pg4_10_img015,1,pg_im,189.0,216.0,234.0,251.0,624,624,pg4_10,15,45.0,35.0,1575.0
pg4_10_img015.xml,pg4_10_img015,2,pg_im,105.0,317.0,143.0,360.0,624,624,pg4_10,15,38.0,43.0,1634.0
pg4_10_img015.xml,pg4_10_img015,3,pg_im,483.0,304.0,521.0,341.0,624,624,pg4_10,15,38.0,37.0,1406.0
pg4_10_img015.xml,pg4_10_img015,4,pg_im,403.0,158.0,446.0,189.0,624,624,pg4_10,15,43.0,31.0,1333.0
pg4_10_img015.xml,pg4_10_img015,5,pg_im,325.0,178.0,370.0,210.0,624,624,pg4_10,15,45.0,32.0,1440.0
pg4_10_img015.xml,pg4_10_img015,6,pg_im,359.0,278.0,400.0,308.0,624,624,pg4_10,15,41.0,30.0,1230.0
pg4_10_img015.xml,pg4_10_img015,7,pg_im,387.0,378.0,423.0,412.0,624,624,pg4_10,15,36.0,34.0,1224.0
pg4_10_img015.xml,pg4_10_img015,8,pg_im,233.0,326.0,270.0,362.0,624,624,pg4_10,15,37.0,36.0,1332.0
pg4_10_img015.xml,pg4_10_img015,9,pg_im,291.0,407.0,329.0,445.0,624,624,pg4_10,15,38.0,38.0,1444.0
pg4_10_img015.xml,pg4_10_img015,10,pg_im,141.0,388.0,178.0,426.0,624,624,pg4_10,15,37.0,38.0,1406.0
pg4_10_img016.xml,pg4_10_img016,0,pg_im,229.0,123.0,271.0,157.0,624,624,pg4_10,16,42.0,34.0,1428.0
pg4_10_img016.xml,pg4_10_img016,1,pg_im,189.0,216.0,234.0,251.0,624,624,pg4_10,16,45.0,35.0,1575.0
pg4_10_img016.xml,pg4_10_img016,2,pg_im,105.0,317.0,143.0,360.0,624,624,pg4_10,16,38.0,43.0,1634.0
pg4_10_img016.xml,pg4_10_img016,3,pg_im,483.0,304.0,521.0,341.0,624,624,pg4_10,16,38.0,37.0,1406.0
pg4_10_img016.xml,pg4_10_img016,4,pg_im,403.0,158.0,446.0,189.0,624,624,pg4_10,16,43.0,31.0,1333.0
pg4_10_img016.xml,pg4_10_img016,5,pg_im,325.0,178.0,370.0,210.0,624,624,pg4_10,16,45.0,32.0,1440.0
pg4_10_img016.xml,pg4_10_img016,6,pg_im,359.0,278.0,400.0,308.0,624,624,pg4_10,16,41.0,30.0,1230.0
pg4_10_img016.xml,pg4_10_img016,7,pg_im,387.0,378.0,423.0,412.0,624,624,pg4_10,16,36.0,34.0,1224.0
pg4_10_img016.xml,pg4_10_img016,8,pg_im,233.0,326.0,270.0,362.0,624,624,pg4_10,16,37.0,36.0,1332.0
pg4_10_img016.xml,pg4_10_img016,9,pg_im,291.0,407.0,329.0,445.0,624,624,pg4_10,16,38.0,38.0,1444.0
pg4_10_img016.xml,pg4_10_img016,10,pg_im,141.0,388.0,178.0,426.0,624,624,pg4_10,16,37.0,38.0,1406.0
pg4_10_img017.xml,pg4_10_img017,0,pg_im,229.0,123.0,271.0,157.0,624,624,pg4_10,17,42.0,34.0,1428.0
pg4_10_img017.xml,pg4_10_img017,1,pg_im,189.0,216.0,234.0,251.0,624,624,pg4_10,17,45.0,35.0,1575.0
pg4_10_img017.xml,pg4_10_img017,2,pg_im,105.0,317.0,143.0,360.0,624,624,pg4_10,17,38.0,43.0,1634.0
pg4_10_img017.xml,pg4_10_img017,3,pg_im,483.0,304.0,521.0,341.0,624,624,pg4_10,17,38.0,37.0,1406.0
pg4_10_img017.xml,pg4_10_img017,4,pg_im,403.0,158.0,446.0,189.0,624,624,pg4_10,17,43.0,31.0,1333.0
pg4_10_img017.xml,pg4_10_img017,5,pg_im,325.0,178.0,370.0,210.0,624,624,pg4_10,17,45.0,32.0,1440.0
pg4_10_img017.xml,pg4_10_img017,6,pg_im,359.0,278.0,400.0,308.0,624,624,pg4_10,17,41.0,30.0,1230.0
pg4_10_img017.xml,pg4_10_img017,7,pg_im,387.0,378.0,423.0,412.0,624,624,pg4_10,17,36.0,34.0,1224.0
pg4_10_img017.xml,pg4_10_img017,8,pg_im,233.0,326.0,270.0,362.0,624,624,pg4_10,17,37.0,36.0,1332.0
pg4_10_img017.xml,pg4_10_img017,9,pg_im,291.0,407.0,329.0,445.0,624,624,pg4_10,17,38.0,38.0,1444.0
pg4_10_img017.xml,pg4_10_img017,10,pg_im,141.0,388.0,178.0,426.0,624,624,pg4_10,17,37.0,38.0,1406.0
pg4_10_img018.xml,pg4_10_img018,0,pg_im,229.0,123.0,271.0,157.0,624,624,pg4_10,18,42.0,34.0,1428.0
pg4_10_img018.xml,pg4_10_img018,1,pg_im,189.0,216.0,234.0,251.0,624,624,pg4_10,18,45.0,35.0,1575.0
pg4_10_img018.xml,pg4_10_img018,2,pg_im,105.0,317.0,143.0,360.0,624,624,pg4_10,18,38.0,43.0,1634.0
pg4_10_img018.xml,pg4_10_img018,3,pg_im,483.0,304.0,521.0,341.0,624,624,pg4_10,18,38.0,37.0,1406.0
pg4_10_img018.xml,pg4_10_img018,4,pg_im,403.0,158.0,446.0,189.0,624,624,pg4_10,18,43.0,31.0,1333.0
pg4_10_img018.xml,pg4_10_img018,5,pg_im,325.0,178.0,370.0,210.0,624,624,pg4_10,18,45.0,32.0,1440.0
pg4_10_img018.xml,pg4_10_img018,6,pg_im,359.0,278.0,400.0,308.0,624,624,pg4_10,18,41.0,30.0,1230.0
pg4_10_img018.xml,pg4_10_img018,7,pg_im,387.0,378.0,423.0,412.0,624,624,pg4_10,18,36.0,34.0,1224.0
pg4_10_img018.xml,pg4_10_img018,8,pg_im,233.0,326.0,270.0,362.0,624,624,pg4_10,18,37.0,36.0,1332.0
pg4_10_img018.xml,pg4_10_img018,9,pg_im,291.0,407.0,329.0,445.0,624,624,pg4_10,18,38.0,38.0,1444.0
pg4_10_img018.xml,pg4_10_img018,10,pg_im,141.0,388.0,178.0,426.0,624,624,pg4_10,18,37.0,38.0,1406.0
pg4_10_img019.xml,pg4_10_img019,0,pg_im,229.0,123.0,271.0,157.0,624,624,pg4_10,19,42.0,34.0,1428.0
pg4_10_img019.xml,pg4_10_img019,1,pg_im,189.0,216.0,234.0,251.0,624,624,pg4_10,19,45.0,35.0,1575.0
pg4_10_img019.xml,pg4_10_img019,2,pg_im,105.0,317.0,143.0,361.0,624,624,pg4_10,19,38.0,44.0,1672.0
pg4_10_img019.xml,pg4_10_img019,3,pg_im,483.0,304.0,521.0,341.0,624,624,pg4_10,19,38.0,37.0,1406.0
pg4_10_img019.xml,pg4_10_img019,4,pg_im,403.0,158.0,446.0,189.0,624,624,pg4_10,19,43.0,31.0,1333.0
pg4_10_img019.xml,pg4_10_img019,5,pg_im,325.0,178.0,370.0,210.0,624,624,pg4_10,19,45.0,32.0,1440.0
pg4_10_img019.xml,pg4_10_img019,6,pg_im,359.0,278.0,400.0,308.0,624,624,pg4_10,19,41.0,30.0,1230.0
pg4_10_img019.xml,pg4_10_img019,7,pg_im,387.0,378.0,423.0,412.0,624,624,pg4_10,19,36.0,34.0,1224.0
pg4_10_img019.xml,pg4_10_img019,8,pg_im,233.0,326.0,270.0,362.0,624,624,pg4_10,19,37.0,36.0,1332.0
pg4_10_img019.xml,pg4_10_img019,9,pg_im,291.0,407.0,329.0,445.0,624,624,pg4_10,19,38.0,38.0,1444.0
pg4_10_img019.xml,pg4_10_img019,10,pg_im,141.0,388.0,178.0,426.0,624,624,pg4_10,19,37.0,38.0,1406.0
pg4_10_img020.xml,pg4_10_img020,0,pg_im,229.0,123.0,271.0,157.0,624,624,pg4_10,20,42.0,34.0,1428.0
pg4_10_img020.xml,pg4_10_img020,1,pg_im,189.0,216.0,234.0,251.0,624,624,pg4_10,20,45.0,35.0,1575.0
pg4_10_img020.xml,pg4_10_img020,2,pg_im,105.0,317.0,143.0,361.0,624,624,pg4_10,20,38.0,44.0,1672.0
pg4_10_img020.xml,pg4_10_img020,3,pg_im,483.0,304.0,521.0,341.0,624,624,pg4_10,20,38.0,37.0,1406.0
pg4_10_img020.xml,pg4_10_img020,4,pg_im,403.0,158.0,446.0,189.0,624,624,pg4_10,20,43.0,31.0,1333.0
pg4_10_img020.xml,pg4_10_img020,5,pg_im,325.0,178.0,370.0,210.0,624,624,pg4_10,20,45.0,32.0,1440.0
pg4_10_img020.xml,pg4_10_img020,6,pg_im,359.0,278.0,400.0,308.0,624,624,pg4_10,20,41.0,30.0,1230.0
pg4_10_img020.xml,pg4_10_img020,7,pg_el,387.0,379.0,420.0,412.0,624,624,pg4_10,20,33.0,33.0,1089.0
pg4_10_img020.xml,pg4_10_img020,8,pg_im,233.0,326.0,270.0,362.0,624,624,pg4_10,20,37.0,36.0,1332.0
pg4_10_img020.xml,pg4_10_img020,9,pg_im,291.0,407.0,329.0,445.0,624,624,pg4_10,20,38.0,38.0,1444.0
pg4_10_img020.xml,pg4_10_img020,10,pg_im,141.0,388.0,178.0,426.0,624,624,pg4_10,20,37.0,38.0,1406.0
pg4_10_img021.xml,pg4_10_img021,0,pg_im,229.0,123.0,271.0,157.0,624,624,pg4_10,21,42.0,34.0,1428.0
pg4_10_img021.xml,pg4_10_img021,1,pg_im,189.0,216.0,234.0,251.0,624,624,pg4_10,21,45.0,35.0,1575.0
pg4_10_img021.xml,pg4_10_img021,2,pg_im,105.0,317.0,143.0,361.0,624,624,pg4_10,21,38.0,44.0,1672.0
pg4_10_img021.xml,pg4_10_img021,3,pg_im,483.0,304.0,521.0,341.0,624,624,pg4_10,21,38.0,37.0,1406.0
pg4_10_img021.xml,pg4_10_img021,4,pg_im,403.0,158.0,446.0,189.0,624,624,pg4_10,21,43.0,31.0,1333.0
pg4_10_img021.xml,pg4_10_img021,5,pg_im,325.0,178.0,370.0,210.0,624,624,pg4_10,21,45.0,32.0,1440.0
pg4_10_img021.xml,pg4_10_img021,6,pg_im,359.0,278.0,400.0,308.0,624,624,pg4_10,21,41.0,30.0,1230.0
pg4_10_img021.xml,pg4_10_img021,7,pg_el,387.0,378.0,420.0,412.0,624,624,pg4_10,21,33.0,34.0,1122.0
pg4_10_img021.xml,pg4_10_img021,8,pg_im,233.0,326.0,270.0,362.0,624,624,pg4_10,21,37.0,36.0,1332.0
pg4_10_img021.xml,pg4_10_img021,9,pg_im,291.0,407.0,329.0,445.0,624,624,pg4_10,21,38.0,38.0,1444.0
pg4_10_img021.xml,pg4_10_img021,10,pg_im,141.0,388.0,178.0,426.0,624,624,pg4_10,21,37.0,38.0,1406.0
pg4_10_img022.xml,pg4_10_img022,0,pg_im,229.0,123.0,271.0,157.0,624,624,pg4_10,22,42.0,34.0,1428.0
pg4_10_img022.xml,pg4_10_img022,1,pg_im,189.0,216.0,234.0,251.0,624,624,pg4_10,22,45.0,35.0,1575.0
pg4_10_img022.xml,pg4_10_img022,2,pg_im,105.0,317.0,143.0,361.0,624,624,pg4_10,22,38.0,44.0,1672.0
pg4_10_img022.xml,pg4_10_img022,3,pg_im,483.0,304.0,521.0,341.0,624,624,pg4_10,22,38.0,37.0,1406.0
pg4_10_img022.xml,pg4_10_img022,4,pg_im,403.0,158.0,446.0,189.0,624,624,pg4_10,22,43.0,31.0,1333.0
pg4_10_img022.xml,pg4_10_img022,5,pg_im,325.0,178.0,370.0,210.0,624,624,pg4_10,22,45.0,32.0,1440.0
pg4_10_img022.xml,pg4_10_img022,6,pg_im,359.0,278.0,400.0,308.0,624,624,pg4_10,22,41.0,30.0,1230.0
pg4_10_img022.xml,pg4_10_img022,7,pg_el,387.0,378.0,420.0,412.0,624,624,pg4_10,22,33.0,34.0,1122.0
pg4_10_img022.xml,pg4_10_img022,8,pg_im,233.0,326.0,270.0,362.0,624,624,pg4_10,22,37.0,36.0,1332.0
pg4_10_img022.xml,pg4_10_img022,9,pg_el,293.0,408.0,327.0,445.0,624,624,pg4_10,22,34.0,37.0,1258.0
pg4_10_img022.xml,pg4_10_img022,10,pg_im,141.0,388.0,178.0,426.0,624,624,pg4_10,22,37.0,38.0,1406.0
pg4_10_img023.xml,pg4_10_img023,0,pg_im,229.0,123.0,272.0,158.0,624,624,pg4_10,23,43.0,35.0,1505.0
pg4_10_img023.xml,pg4_10_img023,1,pg_im,189.0,216.0,234.0,251.0,624,624,pg4_10,23,45.0,35.0,1575.0
pg4_10_img023.xml,pg4_10_img023,2,pg_im,105.0,317.0,143.0,361.0,624,624,pg4_10,23,38.0,44.0,1672.0
pg4_10_img023.xml,pg4_10_img023,3,pg_im,483.0,304.0,521.0,341.0,624,624,pg4_10,23,38.0,37.0,1406.0
pg4_10_img023.xml,pg4_10_img023,4,pg_im,403.0,158.0,446.0,189.0,624,624,pg4_10,23,43.0,31.0,1333.0
pg4_10_img023.xml,pg4_10_img023,5,pg_im,325.0,178.0,370.0,210.0,624,624,pg4_10,23,45.0,32.0,1440.0
pg4_10_img023.xml,pg4_10_img023,6,pg_im,359.0,278.0,400.0,308.0,624,624,pg4_10,23,41.0,30.0,1230.0
pg4_10_img023.xml,pg4_10_img023,7,pg_el,387.0,377.0,421.0,412.0,624,624,pg4_10,23,34.0,35.0,1190.0
pg4_10_img023.xml,pg4_10_img023,8,pg_im,233.0,326.0,270.0,362.0,624,624,pg4_10,23,37.0,36.0,1332.0
pg4_10_img023.xml,pg4_10_img023,9,pg_el,293.0,408.0,327.0,445.0,624,624,pg4_10,23,34.0,37.0,1258.0
pg4_10_img023.xml,pg4_10_img023,10,pg_im,141.0,388.0,178.0,426.0,624,624,pg4_10,23,37.0,38.0,1406.0
pg4_10_img024.xml,pg4_10_img024,0,pg_im,229.0,123.0,272.0,158.0,624,624,pg4_10,24,43.0,35.0,1505.0
pg4_10_img024.xml,pg4_10_img024,1,pg_im,189.0,216.0,234.0,251.0,624,624,pg4_10,24,45.0,35.0,1575.0
pg4_10_img024.xml,pg4_10_img024,2,pg_im,105.0,317.0,143.0,361.0,624,624,pg4_10,24,38.0,44.0,1672.0
pg4_10_img024.xml,pg4_10_img024,3,pg_im,483.0,304.0,521.0,341.0,624,624,pg4_10,24,38.0,37.0,1406.0
pg4_10_img024.xml,pg4_10_img024,4,pg_im,403.0,158.0,446.0,189.0,624,624,pg4_10,24,43.0,31.0,1333.0
pg4_10_img024.xml,pg4_10_img024,5,pg_im,325.0,178.0,370.0,210.0,624,624,pg4_10,24,45.0,32.0,1440.0
pg4_10_img024.xml,pg4_10_img024,6,pg_im,359.0,278.0,400.0,308.0,624,624,pg4_10,24,41.0,30.0,1230.0
pg4_10_img024.xml,pg4_10_img024,7,pg_el,387.0,377.0,421.0,412.0,624,624,pg4_10,24,34.0,35.0,1190.0
pg4_10_img024.xml,pg4_10_img024,8,pg_im,233.0,326.0,270.0,362.0,624,624,pg4_10,24,37.0,36.0,1332.0
pg4_10_img024.xml,pg4_10_img024,9,pg_el,293.0,408.0,327.0,445.0,624,624,pg4_10,24,34.0,37.0,1258.0
pg4_10_img024.xml,pg4_10_img024,10,pg_im,141.0,388.0,178.0,426.0,624,624,pg4_10,24,37.0,38.0,1406.0
pg4_10_img025.xml,pg4_10_img025,0,pg_im,229.0,123.0,272.0,158.0,624,624,pg4_10,25,43.0,35.0,1505.0
pg4_10_img025.xml,pg4_10_img025,1,pg_im,189.0,216.0,234.0,251.0,624,624,pg4_10,25,45.0,35.0,1575.0
pg4_10_img025.xml,pg4_10_img025,2,pg_im,105.0,317.0,143.0,361.0,624,624,pg4_10,25,38.0,44.0,1672.0
pg4_10_img025.xml,pg4_10_img025,3,pg_el,483.0,304.0,521.0,341.0,624,624,pg4_10,25,38.0,37.0,1406.0
pg4_10_img025.xml,pg4_10_img025,4,pg_im,403.0,158.0,446.0,189.0,624,624,pg4_10,25,43.0,31.0,1333.0
pg4_10_img025.xml,pg4_10_img025,5,pg_im,325.0,178.0,370.0,210.0,624,624,pg4_10,25,45.0,32.0,1440.0
pg4_10_img025.xml,pg4_10_img025,6,pg_im,359.0,278.0,400.0,308.0,624,624,pg4_10,25,41.0,30.0,1230.0
pg4_10_img025.xml,pg4_10_img025,7,pg_el,387.0,376.0,421.0,412.0,624,624,pg4_10,25,34.0,36.0,1224.0
pg4_10_img025.xml,pg4_10_img025,8,pg_im,233.0,326.0,270.0,362.0,624,624,pg4_10,25,37.0,36.0,1332.0
pg4_10_img025.xml,pg4_10_img025,9,pg_el,293.0,408.0,328.0,445.0,624,624,pg4_10,25,35.0,37.0,1295.0
pg4_10_img025.xml,pg4_10_img025,10,pg_im,141.0,388.0,178.0,426.0,624,624,pg4_10,25,37.0,38.0,1406.0
pg4_10_img026.xml,pg4_10_img026,0,pg_im,229.0,123.0,272.0,158.0,624,624,pg4_10,26,43.0,35.0,1505.0
pg4_10_img026.xml,pg4_10_img026,1,pg_im,189.0,216.0,234.0,251.0,624,624,pg4_10,26,45.0,35.0,1575.0
pg4_10_img026.xml,pg4_10_img026,2,pg_im,105.0,317.0,143.0,361.0,624,624,pg4_10,26,38.0,44.0,1672.0
pg4_10_img026.xml,pg4_10_img026,3,pg_im,483.0,304.0,521.0,341.0,624,624,pg4_10,26,38.0,37.0,1406.0
pg4_10_img026.xml,pg4_10_img026,4,pg_im,403.0,158.0,446.0,189.0,624,624,pg4_10,26,43.0,31.0,1333.0
pg4_10_img026.xml,pg4_10_img026,5,pg_im,325.0,178.0,370.0,210.0,624,624,pg4_10,26,45.0,32.0,1440.0
pg4_10_img026.xml,pg4_10_img026,6,pg_im,359.0,278.0,400.0,308.0,624,624,pg4_10,26,41.0,30.0,1230.0
pg4_10_img026.xml,pg4_10_img026,7,pg_el,387.0,376.0,421.0,412.0,624,624,pg4_10,26,34.0,36.0,1224.0
pg4_10_img026.xml,pg4_10_img026,8,pg_im,233.0,326.0,270.0,362.0,624,624,pg4_10,26,37.0,36.0,1332.0
pg4_10_img026.xml,pg4_10_img026,9,pg_el,293.0,408.0,328.0,445.0,624,624,pg4_10,26,35.0,37.0,1295.0
pg4_10_img026.xml,pg4_10_img026,10,pg_im,141.0,388.0,178.0,426.0,624,624,pg4_10,26,37.0,38.0,1406.0
pg4_10_img027.xml,pg4_10_img027,0,pg_im,229.0,123.0,272.0,158.0,624,624,pg4_10,27,43.0,35.0,1505.0
pg4_10_img027.xml,pg4_10_img027,1,pg_im,189.0,216.0,234.0,251.0,624,624,pg4_10,27,45.0,35.0,1575.0
pg4_10_img027.xml,pg4_10_img027,2,pg_im,105.0,317.0,143.0,361.0,624,624,pg4_10,27,38.0,44.0,1672.0
pg4_10_img027.xml,pg4_10_img027,3,pg_im,483.0,304.0,521.0,341.0,624,624,pg4_10,27,38.0,37.0,1406.0
pg4_10_img027.xml,pg4_10_img027,4,pg_im,403.0,158.0,446.0,189.0,624,624,pg4_10,27,43.0,31.0,1333.0
pg4_10_img027.xml,pg4_10_img027,5,pg_im,325.0,178.0,370.0,210.0,624,624,pg4_10,27,45.0,32.0,1440.0
pg4_10_img027.xml,pg4_10_img027,6,pg_im,359.0,278.0,400.0,308.0,624,624,pg4_10,27,41.0,30.0,1230.0
pg4_10_img027.xml,pg4_10_img027,7,pg_el,387.0,376.0,421.0,412.0,624,624,pg4_10,27,34.0,36.0,1224.0
pg4_10_img027.xml,pg4_10_img027,8,pg_im,233.0,326.0,270.0,362.0,624,624,pg4_10,27,37.0,36.0,1332.0
pg4_10_img027.xml,pg4_10_img027,9,pg_el,293.0,407.0,328.0,445.0,624,624,pg4_10,27,35.0,38.0,1330.0
pg4_10_img027.xml,pg4_10_img027,10,pg_im,141.0,388.0,178.0,426.0,624,624,pg4_10,27,37.0,38.0,1406.0
pg4_10_img028.xml,pg4_10_img028,0,pg_im,229.0,123.0,272.0,158.0,624,624,pg4_10,28,43.0,35.0,1505.0
pg4_10_img028.xml,pg4_10_img028,1,pg_im,189.0,216.0,234.0,251.0,624,624,pg4_10,28,45.0,35.0,1575.0
pg4_10_img028.xml,pg4_10_img028,2,pg_im,105.0,317.0,143.0,361.0,624,624,pg4_10,28,38.0,44.0,1672.0
pg4_10_img028.xml,pg4_10_img028,3,pg_el,485.0,307.0,521.0,341.0,624,624,pg4_10,28,36.0,34.0,1224.0
pg4_10_img028.xml,pg4_10_img028,4,pg_im,403.0,158.0,446.0,189.0,624,624,pg4_10,28,43.0,31.0,1333.0
pg4_10_img028.xml,pg4_10_img028,5,pg_im,325.0,178.0,370.0,210.0,624,624,pg4_10,28,45.0,32.0,1440.0
pg4_10_img028.xml,pg4_10_img028,6,pg_im,359.0,278.0,400.0,308.0,624,624,pg4_10,28,41.0,30.0,1230.0
pg4_10_img028.xml,pg4_10_img028,7,pg_el,387.0,376.0,421.0,412.0,624,624,pg4_10,28,34.0,36.0,1224.0
pg4_10_img028.xml,pg4_10_img028,8,pg_im,233.0,326.0,270.0,362.0,624,624,pg4_10,28,37.0,36.0,1332.0
pg4_10_img028.xml,pg4_10_img028,9,pg_el,293.0,407.0,328.0,445.0,624,624,pg4_10,28,35.0,38.0,1330.0
pg4_10_img028.xml,pg4_10_img028,10,pg_im,141.0,388.0,178.0,426.0,624,624,pg4_10,28,37.0,38.0,1406.0
pg4_10_img029.xml,pg4_10_img029,0,pg_im,229.0,123.0,272.0,158.0,624,624,pg4_10,29,43.0,35.0,1505.0
pg4_10_img029.xml,pg4_10_img029,1,pg_im,189.0,216.0,234.0,251.0,624,624,pg4_10,29,45.0,35.0,1575.0
pg4_10_img029.xml,pg4_10_img029,2,pg_im,105.0,317.0,143.0,362.0,624,624,pg4_10,29,38.0,45.0,1710.0
pg4_10_img029.xml,pg4_10_img029,3,pg_el,485.0,306.0,521.0,341.0,624,624,pg4_10,29,36.0,35.0,1260.0
pg4_10_img029.xml,pg4_10_img029,4,pg_im,403.0,158.0,446.0,189.0,624,624,pg4_10,29,43.0,31.0,1333.0
pg4_10_img029.xml,pg4_10_img029,5,pg_im,325.0,178.0,370.0,210.0,624,624,pg4_10,29,45.0,32.0,1440.0
pg4_10_img029.xml,pg4_10_img029,6,pg_im,359.0,278.0,400.0,308.0,624,624,pg4_10,29,41.0,30.0,1230.0
pg4_10_img029.xml,pg4_10_img029,7,pg_el,386.0,376.0,421.0,412.0,624,624,pg4_10,29,35.0,36.0,1260.0
pg4_10_img029.xml,pg4_10_img029,8,pg_im,233.0,326.0,270.0,362.0,624,624,pg4_10,29,37.0,36.0,1332.0
pg4_10_img029.xml,pg4_10_img029,9,pg_el,293.0,407.0,328.0,445.0,624,624,pg4_10,29,35.0,38.0,1330.0
pg4_10_img029.xml,pg4_10_img029,10,pg_el,141.0,389.0,174.0,424.0,624,624,pg4_10,29,33.0,35.0,1155.0
pg4_10_img030.xml,pg4_10_img030,0,pg_im,229.0,123.0,272.0,158.0,624,624,pg4_10,30,43.0,35.0,1505.0
pg4_10_img030.xml,pg4_10_img030,1,pg_im,189.0,216.0,234.0,251.0,624,624,pg4_10,30,45.0,35.0,1575.0
pg4_10_img030.xml,pg4_10_img030,2,pg_im,105.0,317.0,143.0,362.0,624,624,pg4_10,30,38.0,45.0,1710.0
pg4_10_img030.xml,pg4_10_img030,3,pg_el,485.0,306.0,521.0,342.0,624,624,pg4_10,30,36.0,36.0,1296.0
pg4_10_img030.xml,pg4_10_img030,4,pg_im,403.0,158.0,446.0,189.0,624,624,pg4_10,30,43.0,31.0,1333.0
pg4_10_img030.xml,pg4_10_img030,5,pg_im,325.0,178.0,370.0,210.0,624,624,pg4_10,30,45.0,32.0,1440.0
pg4_10_img030.xml,pg4_10_img030,6,pg_im,359.0,278.0,400.0,308.0,624,624,pg4_10,30,41.0,30.0,1230.0
pg4_10_img030.xml,pg4_10_img030,7,pg_el,386.0,376.0,422.0,412.0,624,624,pg4_10,30,36.0,36.0,1296.0
pg4_10_img030.xml,pg4_10_img030,8,pg_im,233.0,326.0,270.0,362.0,624,624,pg4_10,30,37.0,36.0,1332.0
pg4_10_img030.xml,pg4_10_img030,9,pg_el,293.0,407.0,329.0,445.0,624,624,pg4_10,30,36.0,38.0,1368.0
pg4_10_img030.xml,pg4_10_img030,10,pg_el,140.0,388.0,174.0,424.0,624,624,pg4_10,30,34.0,36.0,1224.0
pg4_10_img031.xml,pg4_10_img031,0,pg_im,229.0,123.0,272.0,158.0,624,624,pg4_10,31,43.0,35.0,1505.0
pg4_10_img031.xml,pg4_10_img031,1,pg_im,189.0,216.0,234.0,251.0,624,624,pg4_10,31,45.0,35.0,1575.0
pg4_10_img031.xml,pg4_10_img031,2,pg_im,105.0,317.0,144.0,362.0,624,624,pg4_10,31,39.0,45.0,1755.0
pg4_10_img031.xml,pg4_10_img031,3,pg_el,484.0,306.0,521.0,342.0,624,624,pg4_10,31,37.0,36.0,1332.0
pg4_10_img031.xml,pg4_10_img031,4,pg_im,403.0,158.0,446.0,189.0,624,624,pg4_10,31,43.0,31.0,1333.0
pg4_10_img031.xml,pg4_10_img031,5,pg_im,325.0,178.0,370.0,210.0,624,624,pg4_10,31,45.0,32.0,1440.0
pg4_10_img031.xml,pg4_10_img031,6,pg_im,359.0,278.0,400.0,308.0,624,624,pg4_10,31,41.0,30.0,1230.0
pg4_10_img031.xml,pg4_10_img031,7,pg_el,386.0,376.0,422.0,412.0,624,624,pg4_10,31,36.0,36.0,1296.0
pg4_10_img031.xml,pg4_10_img031,8,pg_el,227.0,329.0,270.0,362.0,624,624,pg4_10,31,43.0,33.0,1419.0
pg4_10_img031.xml,pg4_10_img031,9,pg_el,293.0,407.0,329.0,445.0,624,624,pg4_10,31,36.0,38.0,1368.0
pg4_10_img031.xml,pg4_10_img031,10,pg_el,140.0,388.0,174.0,425.0,624,624,pg4_10,31,34.0,37.0,1258.0
pg4_10_img032.xml,pg4_10_img032,0,pg_im,229.0,123.0,272.0,158.0,624,624,pg4_10,32,43.0,35.0,1505.0
pg4_10_img032.xml,pg4_10_img032,1,pg_im,189.0,216.0,234.0,251.0,624,624,pg4_10,32,45.0,35.0,1575.0
pg4_10_img032.xml,pg4_10_img032,2,pg_im,105.0,318.0,144.0,362.0,624,624,pg4_10,32,39.0,44.0,1716.0
pg4_10_img032.xml,pg4_10_img032,3,pg_el,484.0,306.0,521.0,342.0,624,624,pg4_10,32,37.0,36.0,1332.0
pg4_10_img032.xml,pg4_10_img032,4,pg_im,403.0,158.0,446.0,189.0,624,624,pg4_10,32,43.0,31.0,1333.0
pg4_10_img032.xml,pg4_10_img032,5,pg_im,325.0,178.0,370.0,210.0,624,624,pg4_10,32,45.0,32.0,1440.0
pg4_10_img032.xml,pg4_10_img032,6,pg_el,355.0,280.0,401.0,308.0,624,624,pg4_10,32,46.0,28.0,1288.0
pg4_10_img032.xml,pg4_10_img032,7,pg_el,386.0,376.0,422.0,412.0,624,624,pg4_10,32,36.0,36.0,1296.0
pg4_10_img032.xml,pg4_10_img032,8,pg_el,228.0,328.0,270.0,362.0,624,624,pg4_10,32,42.0,34.0,1428.0
pg4_10_img032.xml,pg4_10_img032,9,pg_el,293.0,407.0,329.0,445.0,624,624,pg4_10,32,36.0,38.0,1368.0
pg4_10_img032.xml,pg4_10_img032,10,pg_el,140.0,388.0,174.0,425.0,624,624,pg4_10,32,34.0,37.0,1258.0
pg4_10_img033.xml,pg4_10_img033,0,pg_el,228.0,123.0,271.0,158.0,624,624,pg4_10,33,43.0,35.0,1505.0
pg4_10_img033.xml,pg4_10_img033,1,pg_im,189.0,216.0,234.0,251.0,624,624,pg4_10,33,45.0,35.0,1575.0
pg4_10_img033.xml,pg4_10_img033,2,pg_im,105.0,318.0,144.0,362.0,624,624,pg4_10,33,39.0,44.0,1716.0
pg4_10_img033.xml,pg4_10_img033,3,pg_el,484.0,305.0,521.0,343.0,624,624,pg4_10,33,37.0,38.0,1406.0
pg4_10_img033.xml,pg4_10_img033,4,pg_im,403.0,158.0,446.0,189.0,624,624,pg4_10,33,43.0,31.0,1333.0
pg4_10_img033.xml,pg4_10_img033,5,pg_im,325.0,178.0,370.0,210.0,624,624,pg4_10,33,45.0,32.0,1440.0
pg4_10_img033.xml,pg4_10_img033,6,pg_el,355.0,280.0,401.0,308.0,624,624,pg4_10,33,46.0,28.0,1288.0
pg4_10_img033.xml,pg4_10_img033,7,pg_el,386.0,376.0,422.0,413.0,624,624,pg4_10,33,36.0,37.0,1332.0
pg4_10_img033.xml,pg4_10_img033,8,pg_el,228.0,328.0,270.0,362.0,624,624,pg4_10,33,42.0,34.0,1428.0
pg4_10_img033.xml,pg4_10_img033,9,pg_el,293.0,407.0,329.0,445.0,624,624,pg4_10,33,36.0,38.0,1368.0
pg4_10_img033.xml,pg4_10_img033,10,pg_el,140.0,387.0,174.0,425.0,624,624,pg4_10,33,34.0,38.0,1292.0
pg4_10_img034.xml,pg4_10_img034,0,pg_el,228.0,123.0,271.0,158.0,624,624,pg4_10,34,43.0,35.0,1505.0
pg4_10_img034.xml,pg4_10_img034,1,pg_im,189.0,216.0,234.0,251.0,624,624,pg4_10,34,45.0,35.0,1575.0
pg4_10_img034.xml,pg4_10_img034,2,pg_im,105.0,318.0,144.0,362.0,624,624,pg4_10,34,39.0,44.0,1716.0
pg4_10_img034.xml,pg4_10_img034,3,pg_el,484.0,305.0,520.0,343.0,624,624,pg4_10,34,36.0,38.0,1368.0
pg4_10_img034.xml,pg4_10_img034,4,pg_im,403.0,158.0,446.0,189.0,624,624,pg4_10,34,43.0,31.0,1333.0
pg4_10_img034.xml,pg4_10_img034,5,pg_im,325.0,178.0,370.0,210.0,624,624,pg4_10,34,45.0,32.0,1440.0
pg4_10_img034.xml,pg4_10_img034,6,pg_el,355.0,280.0,401.0,309.0,624,624,pg4_10,34,46.0,29.0,1334.0
pg4_10_img034.xml,pg4_10_img034,7,pg_el,386.0,376.0,422.0,413.0,624,624,pg4_10,34,36.0,37.0,1332.0
pg4_10_img034.xml,pg4_10_img034,8,pg_el,228.0,328.0,270.0,361.0,624,624,pg4_10,34,42.0,33.0,1386.0
pg4_10_img034.xml,pg4_10_img034,9,pg_el,293.0,407.0,329.0,445.0,624,624,pg4_10,34,36.0,38.0,1368.0
pg4_10_img034.xml,pg4_10_img034,10,pg_el,140.0,387.0,174.0,425.0,624,624,pg4_10,34,34.0,38.0,1292.0
pg4_10_img035.xml,pg4_10_img035,0,pg_el,228.0,123.0,272.0,158.0,624,624,pg4_10,35,44.0,35.0,1540.0
pg4_10_img035.xml,pg4_10_img035,1,pg_im,189.0,216.0,234.0,251.0,624,624,pg4_10,35,45.0,35.0,1575.0
pg4_10_img035.xml,pg4_10_img035,2,pg_im,105.0,318.0,144.0,362.0,624,624,pg4_10,35,39.0,44.0,1716.0
pg4_10_img035.xml,pg4_10_img035,3,pg_el,484.0,305.0,520.0,343.0,624,624,pg4_10,35,36.0,38.0,1368.0
pg4_10_img035.xml,pg4_10_img035,4,pg_el,403.0,158.0,446.0,189.0,624,624,pg4_10,35,43.0,31.0,1333.0
pg4_10_img035.xml,pg4_10_img035,5,pg_im,325.0,178.0,370.0,210.0,624,624,pg4_10,35,45.0,32.0,1440.0
pg4_10_img035.xml,pg4_10_img035,6,pg_el,355.0,280.0,401.0,309.0,624,624,pg4_10,35,46.0,29.0,1334.0
pg4_10_img035.xml,pg4_10_img035,7,pg_el,386.0,376.0,422.0,413.0,624,624,pg4_10,35,36.0,37.0,1332.0
pg4_10_img035.xml,pg4_10_img035,8,pg_el,228.0,327.0,270.0,361.0,624,624,pg4_10,35,42.0,34.0,1428.0
pg4_10_img035.xml,pg4_10_img035,9,pg_el,293.0,407.0,329.0,445.0,624,624,pg4_10,35,36.0,38.0,1368.0
pg4_10_img035.xml,pg4_10_img035,10,pg_el,139.0,387.0,174.0,426.0,624,624,pg4_10,35,35.0,39.0,1365.0
pg4_10_img036.xml,pg4_10_img036,0,pg_el,228.0,123.0,273.0,158.0,624,624,pg4_10,36,45.0,35.0,1575.0
pg4_10_img036.xml,pg4_10_img036,1,pg_im,189.0,216.0,234.0,251.0,624,624,pg4_10,36,45.0,35.0,1575.0
pg4_10_img036.xml,pg4_10_img036,2,pg_im,105.0,318.0,144.0,363.0,624,624,pg4_10,36,39.0,45.0,1755.0
pg4_10_img036.xml,pg4_10_img036,3,pg_el,484.0,304.0,520.0,343.0,624,624,pg4_10,36,36.0,39.0,1404.0
pg4_10_img036.xml,pg4_10_img036,4,pg_el,403.0,158.0,446.0,189.0,624,624,pg4_10,36,43.0,31.0,1333.0
pg4_10_img036.xml,pg4_10_img036,5,pg_im,325.0,178.0,370.0,210.0,624,624,pg4_10,36,45.0,32.0,1440.0
pg4_10_img036.xml,pg4_10_img036,6,pg_el,355.0,280.0,401.0,309.0,624,624,pg4_10,36,46.0,29.0,1334.0
pg4_10_img036.xml,pg4_10_img036,7,pg_el,385.0,376.0,422.0,413.0,624,624,pg4_10,36,37.0,37.0,1369.0
pg4_10_img036.xml,pg4_10_img036,8,pg_el,228.0,327.0,270.0,361.0,624,624,pg4_10,36,42.0,34.0,1428.0
pg4_10_img036.xml,pg4_10_img036,9,pg_el,293.0,407.0,330.0,445.0,624,624,pg4_10,36,37.0,38.0,1406.0
pg4_10_img036.xml,pg4_10_img036,10,pg_el,139.0,386.0,175.0,426.0,624,624,pg4_10,36,36.0,40.0,1440.0
pg4_10_img037.xml,pg4_10_img037,0,pg_el,228.0,123.0,273.0,158.0,624,624,pg4_10,37,45.0,35.0,1575.0
pg4_10_img037.xml,pg4_10_img037,1,pg_el,189.0,217.0,234.0,249.0,624,624,pg4_10,37,45.0,32.0,1440.0
pg4_10_img037.xml,pg4_10_img037,2,pg_im,105.0,318.0,144.0,363.0,624,624,pg4_10,37,39.0,45.0,1755.0
pg4_10_img037.xml,pg4_10_img037,3,pg_el,483.0,304.0,520.0,344.0,624,624,pg4_10,37,37.0,40.0,1480.0
pg4_10_img037.xml,pg4_10_img037,4,pg_el,403.0,158.0,446.0,189.0,624,624,pg4_10,37,43.0,31.0,1333.0
pg4_10_img037.xml,pg4_10_img037,5,pg_im,325.0,178.0,370.0,210.0,624,624,pg4_10,37,45.0,32.0,1440.0
pg4_10_img037.xml,pg4_10_img037,6,pg_el,355.0,280.0,401.0,309.0,624,624,pg4_10,37,46.0,29.0,1334.0
pg4_10_img037.xml,pg4_10_img037,7,pg_el,385.0,376.0,422.0,413.0,624,624,pg4_10,37,37.0,37.0,1369.0
pg4_10_img037.xml,pg4_10_img037,8,pg_el,229.0,327.0,271.0,361.0,624,624,pg4_10,37,42.0,34.0,1428.0
pg4_10_img037.xml,pg4_10_img037,9,pg_el,293.0,406.0,330.0,445.0,624,624,pg4_10,37,37.0,39.0,1443.0
pg4_10_img037.xml,pg4_10_img037,10,pg_el,139.0,386.0,175.0,426.0,624,624,pg4_10,37,36.0,40.0,1440.0
pg4_10_img038.xml,pg4_10_img038,0,pg_el,228.0,123.0,274.0,158.0,624,624,pg4_10,38,46.0,35.0,1610.0
pg4_10_img038.xml,pg4_10_img038,1,pg_im,188.0,217.0,233.0,250.0,624,624,pg4_10,38,45.0,33.0,1485.0
pg4_10_img038.xml,pg4_10_img038,2,pg_im,106.0,318.0,144.0,363.0,624,624,pg4_10,38,38.0,45.0,1710.0
pg4_10_img038.xml,pg4_10_img038,3,pg_el,483.0,304.0,520.0,344.0,624,624,pg4_10,38,37.0,40.0,1480.0
pg4_10_img038.xml,pg4_10_img038,4,pg_el,403.0,158.0,446.0,189.0,624,624,pg4_10,38,43.0,31.0,1333.0
pg4_10_img038.xml,pg4_10_img038,5,pg_im,325.0,178.0,370.0,210.0,624,624,pg4_10,38,45.0,32.0,1440.0
pg4_10_img038.xml,pg4_10_img038,6,pg_el,355.0,280.0,401.0,309.0,624,624,pg4_10,38,46.0,29.0,1334.0
pg4_10_img038.xml,pg4_10_img038,7,pg_el,385.0,376.0,422.0,413.0,624,624,pg4_10,38,37.0,37.0,1369.0
pg4_10_img038.xml,pg4_10_img038,8,pg_el,229.0,326.0,271.0,361.0,624,624,pg4_10,38,42.0,35.0,1470.0
pg4_10_img038.xml,pg4_10_img038,9,pg_el,293.0,406.0,330.0,445.0,624,624,pg4_10,38,37.0,39.0,1443.0
pg4_10_img038.xml,pg4_10_img038,10,pg_el,139.0,386.0,175.0,426.0,624,624,pg4_10,38,36.0,40.0,1440.0
pg4_10_img039.xml,pg4_10_img039,0,pg_el,228.0,123.0,275.0,158.0,624,624,pg4_10,39,47.0,35.0,1645.0
pg4_10_img039.xml,pg4_10_img039,1,pg_im,188.0,218.0,233.0,250.0,624,624,pg4_10,39,45.0,32.0,1440.0
pg4_10_img039.xml,pg4_10_img039,2,pg_im,106.0,319.0,144.0,363.0,624,624,pg4_10,39,38.0,44.0,1672.0
pg4_10_img039.xml,pg4_10_img039,3,pg_el,483.0,304.0,520.0,344.0,624,624,pg4_10,39,37.0,40.0,1480.0
pg4_10_img039.xml,pg4_10_img039,4,pg_el,403.0,158.0,446.0,189.0,624,624,pg4_10,39,43.0,31.0,1333.0
pg4_10_img039.xml,pg4_10_img039,5,pg_im,325.0,178.0,370.0,210.0,624,624,pg4_10,39,45.0,32.0,1440.0
pg4_10_img039.xml,pg4_10_img039,6,pg_el,355.0,280.0,401.0,309.0,624,624,pg4_10,39,46.0,29.0,1334.0
pg4_10_img039.xml,pg4_10_img039,7,pg_el,385.0,375.0,422.0,413.0,624,624,pg4_10,39,37.0,38.0,1406.0
pg4_10_img039.xml,pg4_10_img039,8,pg_el,229.0,326.0,271.0,361.0,624,624,pg4_10,39,42.0,35.0,1470.0
pg4_10_img039.xml,pg4_10_img039,9,pg_el,293.0,406.0,330.0,445.0,624,624,pg4_10,39,37.0,39.0,1443.0
pg4_10_img039.xml,pg4_10_img039,10,pg_el,139.0,385.0,175.0,427.0,624,624,pg4_10,39,36.0,42.0,1512.0
pg4_10_img040.xml,pg4_10_img040,0,pg_el,228.0,123.0,275.0,158.0,624,624,pg4_10,40,47.0,35.0,1645.0
pg4_10_img040.xml,pg4_10_img040,1,pg_el,187.0,218.0,232.0,250.0,624,624,pg4_10,40,45.0,32.0,1440.0
pg4_10_img040.xml,pg4_10_img040,2,pg_im,106.0,319.0,144.0,363.0,624,624,pg4_10,40,38.0,44.0,1672.0
pg4_10_img040.xml,pg4_10_img040,3,pg_el,483.0,304.0,520.0,344.0,624,624,pg4_10,40,37.0,40.0,1480.0
pg4_10_img040.xml,pg4_10_img040,4,pg_el,403.0,158.0,446.0,189.0,624,624,pg4_10,40,43.0,31.0,1333.0
pg4_10_img040.xml,pg4_10_img040,5,pg_im,325.0,178.0,370.0,210.0,624,624,pg4_10,40,45.0,32.0,1440.0
pg4_10_img040.xml,pg4_10_img040,6,pg_el,355.0,280.0,400.0,309.0,624,624,pg4_10,40,45.0,29.0,1305.0
pg4_10_img040.xml,pg4_10_img040,7,pg_el,385.0,375.0,422.0,413.0,624,624,pg4_10,40,37.0,38.0,1406.0
pg4_10_img040.xml,pg4_10_img040,8,pg_el,229.0,326.0,271.0,361.0,624,624,pg4_10,40,42.0,35.0,1470.0
pg4_10_img040.xml,pg4_10_img040,9,pg_el,293.0,405.0,330.0,445.0,624,624,pg4_10,40,37.0,40.0,1480.0
pg4_10_img040.xml,pg4_10_img040,10,pg_el,138.0,385.0,175.0,427.0,624,624,pg4_10,40,37.0,42.0,1554.0
pg4_10_img041.xml,pg4_10_img041,0,pg_el,228.0,123.0,276.0,159.0,624,624,pg4_10,41,48.0,36.0,1728.0
pg4_10_img041.xml,pg4_10_img041,1,pg_el,187.0,218.0,232.0,251.0,624,624,pg4_10,41,45.0,33.0,1485.0
pg4_10_img041.xml,pg4_10_img041,2,pg_im,106.0,319.0,144.0,363.0,624,624,pg4_10,41,38.0,44.0,1672.0
pg4_10_img041.xml,pg4_10_img041,3,pg_el,483.0,304.0,520.0,344.0,624,624,pg4_10,41,37.0,40.0,1480.0
pg4_10_img041.xml,pg4_10_img041,4,pg_el,403.0,158.0,446.0,189.0,624,624,pg4_10,41,43.0,31.0,1333.0
pg4_10_img041.xml,pg4_10_img041,5,pg_el,324.0,181.0,368.0,214.0,624,624,pg4_10,41,44.0,33.0,1452.0
pg4_10_img041.xml,pg4_10_img041,6,pg_el,355.0,281.0,400.0,309.0,624,624,pg4_10,41,45.0,28.0,1260.0
pg4_10_img041.xml,pg4_10_img041,7,pg_el,385.0,375.0,422.0,413.0,624,624,pg4_10,41,37.0,38.0,1406.0
pg4_10_img041.xml,pg4_10_img041,8,pg_el,229.0,325.0,271.0,361.0,624,624,pg4_10,41,42.0,36.0,1512.0
pg4_10_img041.xml,pg4_10_img041,9,pg_el,293.0,405.0,330.0,445.0,624,624,pg4_10,41,37.0,40.0,1480.0
pg4_10_img041.xml,pg4_10_img041,10,pg_el,138.0,384.0,175.0,427.0,624,624,pg4_10,41,37.0,43.0,1591.0
pg4_10_img042.xml,pg4_10_img042,0,pg_el,228.0,123.0,276.0,159.0,624,624,pg4_10,42,48.0,36.0,1728.0
pg4_10_img042.xml,pg4_10_img042,1,pg_el,187.0,218.0,232.0,251.0,624,624,pg4_10,42,45.0,33.0,1485.0
pg4_10_img042.xml,pg4_10_img042,2,pg_im,106.0,319.0,144.0,363.0,624,624,pg4_10,42,38.0,44.0,1672.0
pg4_10_img042.xml,pg4_10_img042,3,pg_el,483.0,304.0,520.0,344.0,624,624,pg4_10,42,37.0,40.0,1480.0
pg4_10_img042.xml,pg4_10_img042,4,pg_el,403.0,158.0,446.0,189.0,624,624,pg4_10,42,43.0,31.0,1333.0
pg4_10_img042.xml,pg4_10_img042,5,pg_el,324.0,181.0,368.0,214.0,624,624,pg4_10,42,44.0,33.0,1452.0
pg4_10_img042.xml,pg4_10_img042,6,pg_el,355.0,281.0,400.0,309.0,624,624,pg4_10,42,45.0,28.0,1260.0
pg4_10_img042.xml,pg4_10_img042,7,pg_el,384.0,375.0,422.0,413.0,624,624,pg4_10,42,38.0,38.0,1444.0
pg4_10_img042.xml,pg4_10_img042,8,pg_el,230.0,325.0,271.0,361.0,624,624,pg4_10,42,41.0,36.0,1476.0
pg4_10_img042.xml,pg4_10_img042,9,pg_el,293.0,404.0,330.0,445.0,624,624,pg4_10,42,37.0,41.0,1517.0
pg4_10_img042.xml,pg4_10_img042,10,pg_el,137.0,383.0,174.0,427.0,624,624,pg4_10,42,37.0,44.0,1628.0
pg4_10_img043.xml,pg4_10_img043,0,pg_el,228.0,123.0,277.0,159.0,624,624,pg4_10,43,49.0,36.0,1764.0
pg4_10_img043.xml,pg4_10_img043,1,pg_el,187.0,218.0,232.0,250.0,624,624,pg4_10,43,45.0,32.0,1440.0
pg4_10_img043.xml,pg4_10_img043,2,pg_im,106.0,319.0,144.0,363.0,624,624,pg4_10,43,38.0,44.0,1672.0
pg4_10_img043.xml,pg4_10_img043,3,pg_el,483.0,304.0,520.0,344.0,624,624,pg4_10,43,37.0,40.0,1480.0
pg4_10_img043.xml,pg4_10_img043,4,pg_el,403.0,158.0,446.0,189.0,624,624,pg4_10,43,43.0,31.0,1333.0
pg4_10_img043.xml,pg4_10_img043,5,pg_el,323.0,181.0,368.0,215.0,624,624,pg4_10,43,45.0,34.0,1530.0
pg4_10_img043.xml,pg4_10_img043,6,pg_el,354.0,281.0,400.0,309.0,624,624,pg4_10,43,46.0,28.0,1288.0
pg4_10_img043.xml,pg4_10_img043,7,pg_el,384.0,375.0,422.0,413.0,624,624,pg4_10,43,38.0,38.0,1444.0
pg4_10_img043.xml,pg4_10_img043,8,pg_el,230.0,325.0,272.0,362.0,624,624,pg4_10,43,42.0,37.0,1554.0
pg4_10_img043.xml,pg4_10_img043,9,pg_el,293.0,404.0,330.0,445.0,624,624,pg4_10,43,37.0,41.0,1517.0
pg4_10_img043.xml,pg4_10_img043,10,pg_el,136.0,382.0,173.0,428.0,624,624,pg4_10,43,37.0,46.0,1702.0
pg4_10_img044.xml,pg4_10_img044,0,pg_el,228.0,123.0,277.0,159.0,624,624,pg4_10,44,49.0,36.0,1764.0
pg4_10_img044.xml,pg4_10_img044,1,pg_el,187.0,218.0,232.0,250.0,624,624,pg4_10,44,45.0,32.0,1440.0
pg4_10_img044.xml,pg4_10_img044,2,pg_im,106.0,319.0,144.0,363.0,624,624,pg4_10,44,38.0,44.0,1672.0
pg4_10_img044.xml,pg4_10_img044,3,pg_el,483.0,304.0,520.0,344.0,624,624,pg4_10,44,37.0,40.0,1480.0
pg4_10_img044.xml,pg4_10_img044,4,pg_el,403.0,158.0,446.0,189.0,624,624,pg4_10,44,43.0,31.0,1333.0
pg4_10_img044.xml,pg4_10_img044,5,pg_el,323.0,181.0,368.0,215.0,624,624,pg4_10,44,45.0,34.0,1530.0
pg4_10_img044.xml,pg4_10_img044,6,pg_el,354.0,281.0,400.0,309.0,624,624,pg4_10,44,46.0,28.0,1288.0
pg4_10_img044.xml,pg4_10_img044,7,pg_el,384.0,375.0,422.0,414.0,624,624,pg4_10,44,38.0,39.0,1482.0
pg4_10_img044.xml,pg4_10_img044,8,pg_el,230.0,325.0,274.0,363.0,624,624,pg4_10,44,44.0,38.0,1672.0
pg4_10_img044.xml,pg4_10_img044,9,pg_el,292.0,404.0,330.0,445.0,624,624,pg4_10,44,38.0,41.0,1558.0
pg4_10_img044.xml,pg4_10_img044,10,pg_el,135.0,381.0,173.0,428.0,624,624,pg4_10,44,38.0,47.0,1786.0
pg4_10_img045.xml,pg4_10_img045,0,pg_el,228.0,123.0,277.0,159.0,624,624,pg4_10,45,49.0,36.0,1764.0
pg4_10_img045.xml,pg4_10_img045,1,pg_el,187.0,218.0,232.0,250.0,624,624,pg4_10,45,45.0,32.0,1440.0
pg4_10_img045.xml,pg4_10_img045,2,pg_im,106.0,319.0,144.0,363.0,624,624,pg4_10,45,38.0,44.0,1672.0
pg4_10_img045.xml,pg4_10_img045,3,pg_el,483.0,304.0,520.0,344.0,624,624,pg4_10,45,37.0,40.0,1480.0
pg4_10_img045.xml,pg4_10_img045,4,pg_el,403.0,158.0,446.0,189.0,624,624,pg4_10,45,43.0,31.0,1333.0
pg4_10_img045.xml,pg4_10_img045,5,pg_el,323.0,181.0,368.0,215.0,624,624,pg4_10,45,45.0,34.0,1530.0
pg4_10_img045.xml,pg4_10_img045,6,pg_el,354.0,281.0,400.0,309.0,624,624,pg4_10,45,46.0,28.0,1288.0
pg4_10_img045.xml,pg4_10_img045,7,pg_el,384.0,375.0,422.0,414.0,624,624,pg4_10,45,38.0,39.0,1482.0
pg4_10_img045.xml,pg4_10_img045,8,pg_el,230.0,325.0,275.0,364.0,624,624,pg4_10,45,45.0,39.0,1755.0
pg4_10_img045.xml,pg4_10_img045,9,pg_el,291.0,404.0,330.0,446.0,624,624,pg4_10,45,39.0,42.0,1638.0
pg4_10_img045.xml,pg4_10_img045,10,pg_el,135.0,380.0,172.0,428.0,624,624,pg4_10,45,37.0,48.0,1776.0
pg4_10_img046.xml,pg4_10_img046,0,pg_el,228.0,123.0,277.0,159.0,624,624,pg4_10,46,49.0,36.0,1764.0
pg4_10_img046.xml,pg4_10_img046,1,pg_el,187.0,218.0,232.0,250.0,624,624,pg4_10,46,45.0,32.0,1440.0
pg4_10_img046.xml,pg4_10_img046,2,pg_im,106.0,319.0,144.0,363.0,624,624,pg4_10,46,38.0,44.0,1672.0
pg4_10_img046.xml,pg4_10_img046,3,pg_el,483.0,304.0,520.0,345.0,624,624,pg4_10,46,37.0,41.0,1517.0
pg4_10_img046.xml,pg4_10_img046,4,pg_el,402.0,158.0,445.0,189.0,624,624,pg4_10,46,43.0,31.0,1333.0
pg4_10_img046.xml,pg4_10_img046,5,pg_el,322.0,181.0,368.0,215.0,624,624,pg4_10,46,46.0,34.0,1564.0
pg4_10_img046.xml,pg4_10_img046,6,pg_el,354.0,281.0,400.0,309.0,624,624,pg4_10,46,46.0,28.0,1288.0
pg4_10_img046.xml,pg4_10_img046,7,pg_el,384.0,375.0,422.0,414.0,624,624,pg4_10,46,38.0,39.0,1482.0
pg4_10_img046.xml,pg4_10_img046,8,pg_el,230.0,325.0,277.0,365.0,624,624,pg4_10,46,47.0,40.0,1880.0
pg4_10_img046.xml,pg4_10_img046,9,pg_el,290.0,404.0,330.0,446.0,624,624,pg4_10,46,40.0,42.0,1680.0
pg4_10_img046.xml,pg4_10_img046,10,pg_el,134.0,379.0,172.0,428.0,624,624,pg4_10,46,38.0,49.0,1862.0
pg4_10_img047.xml,pg4_10_img047,0,pg_el,228.0,123.0,277.0,159.0,624,624,pg4_10,47,49.0,36.0,1764.0
pg4_10_img047.xml,pg4_10_img047,1,pg_el,187.0,218.0,232.0,250.0,624,624,pg4_10,47,45.0,32.0,1440.0
pg4_10_img047.xml,pg4_10_img047,2,pg_im,106.0,319.0,144.0,363.0,624,624,pg4_10,47,38.0,44.0,1672.0
pg4_10_img047.xml,pg4_10_img047,3,pg_el,483.0,304.0,520.0,345.0,624,624,pg4_10,47,37.0,41.0,1517.0
pg4_10_img047.xml,pg4_10_img047,4,pg_el,402.0,158.0,445.0,189.0,624,624,pg4_10,47,43.0,31.0,1333.0
pg4_10_img047.xml,pg4_10_img047,5,pg_el,322.0,181.0,368.0,215.0,624,624,pg4_10,47,46.0,34.0,1564.0
pg4_10_img047.xml,pg4_10_img047,6,pg_el,354.0,281.0,400.0,309.0,624,624,pg4_10,47,46.0,28.0,1288.0
pg4_10_img047.xml,pg4_10_img047,7,pg_el,384.0,375.0,422.0,414.0,624,624,pg4_10,47,38.0,39.0,1482.0
pg4_10_img047.xml,pg4_10_img047,8,pg_el,228.0,324.0,277.0,365.0,624,624,pg4_10,47,49.0,41.0,2009.0
pg4_10_img047.xml,pg4_10_img047,9,pg_el,290.0,404.0,330.0,446.0,624,624,pg4_10,47,40.0,42.0,1680.0
pg4_10_img047.xml,pg4_10_img047,10,pg_el,133.0,378.0,171.0,429.0,624,624,pg4_10,47,38.0,51.0,1938.0
pg4_10_img048.xml,pg4_10_img048,0,pg_el,228.0,123.0,277.0,159.0,624,624,pg4_10,48,49.0,36.0,1764.0
pg4_10_img048.xml,pg4_10_img048,1,pg_el,187.0,218.0,232.0,250.0,624,624,pg4_10,48,45.0,32.0,1440.0
pg4_10_img048.xml,pg4_10_img048,2,pg_im,106.0,319.0,144.0,363.0,624,624,pg4_10,48,38.0,44.0,1672.0
pg4_10_img048.xml,pg4_10_img048,3,pg_el,483.0,304.0,520.0,345.0,624,624,pg4_10,48,37.0,41.0,1517.0
pg4_10_img048.xml,pg4_10_img048,4,pg_el,401.0,158.0,445.0,190.0,624,624,pg4_10,48,44.0,32.0,1408.0
pg4_10_img048.xml,pg4_10_img048,5,pg_el,322.0,180.0,368.0,215.0,624,624,pg4_10,48,46.0,35.0,1610.0
pg4_10_img048.xml,pg4_10_img048,6,pg_el,354.0,281.0,400.0,310.0,624,624,pg4_10,48,46.0,29.0,1334.0
pg4_10_img048.xml,pg4_10_img048,7,pg_el,383.0,375.0,422.0,414.0,624,624,pg4_10,48,39.0,39.0,1521.0
pg4_10_img048.xml,pg4_10_img048,8,pg_el,227.0,324.0,277.0,365.0,624,624,pg4_10,48,50.0,41.0,2050.0
pg4_10_img048.xml,pg4_10_img048,9,pg_el,289.0,404.0,330.0,446.0,624,624,pg4_10,48,41.0,42.0,1722.0
pg4_10_img048.xml,pg4_10_img048,10,pg_el,133.0,378.0,172.0,429.0,624,624,pg4_10,48,39.0,51.0,1989.0
pg4_10_img049.xml,pg4_10_img049,0,pg_el,228.0,122.0,277.0,159.0,624,624,pg4_10,49,49.0,37.0,1813.0
pg4_10_img049.xml,pg4_10_img049,1,pg_el,187.0,218.0,233.0,250.0,624,624,pg4_10,49,46.0,32.0,1472.0
pg4_10_img049.xml,pg4_10_img049,2,pg_im,106.0,319.0,144.0,363.0,624,624,pg4_10,49,38.0,44.0,1672.0
pg4_10_img049.xml,pg4_10_img049,3,pg_el,483.0,304.0,520.0,345.0,624,624,pg4_10,49,37.0,41.0,1517.0
pg4_10_img049.xml,pg4_10_img049,4,pg_el,401.0,158.0,445.0,190.0,624,624,pg4_10,49,44.0,32.0,1408.0
pg4_10_img049.xml,pg4_10_img049,5,pg_el,322.0,180.0,368.0,216.0,624,624,pg4_10,49,46.0,36.0,1656.0
pg4_10_img049.xml,pg4_10_img049,6,pg_el,354.0,280.0,400.0,310.0,624,624,pg4_10,49,46.0,30.0,1380.0
pg4_10_img049.xml,pg4_10_img049,7,pg_el,383.0,375.0,422.0,414.0,624,624,pg4_10,49,39.0,39.0,1521.0
pg4_10_img049.xml,pg4_10_img049,8,pg_el,226.0,323.0,277.0,365.0,624,624,pg4_10,49,51.0,42.0,2142.0
pg4_10_img049.xml,pg4_10_img049,9,pg_el,288.0,404.0,330.0,447.0,624,624,pg4_10,49,42.0,43.0,1806.0
pg4_10_img049.xml,pg4_10_img049,10,pg_el,132.0,377.0,172.0,430.0,624,624,pg4_10,49,40.0,53.0,2120.0
pg4_10_img050.xml,pg4_10_img050,0,pg_el,228.0,122.0,277.0,159.0,624,624,pg4_10,50,49.0,37.0,1813.0
pg4_10_img050.xml,pg4_10_img050,1,pg_el,188.0,218.0,233.0,250.0,624,624,pg4_10,50,45.0,32.0,1440.0
pg4_10_img050.xml,pg4_10_img050,2,pg_el,106.0,320.0,143.0,362.0,624,624,pg4_10,50,37.0,42.0,1554.0
pg4_10_img050.xml,pg4_10_img050,3,pg_el,483.0,304.0,520.0,345.0,624,624,pg4_10,50,37.0,41.0,1517.0
pg4_10_img050.xml,pg4_10_img050,4,pg_el,400.0,158.0,445.0,190.0,624,624,pg4_10,50,45.0,32.0,1440.0
pg4_10_img050.xml,pg4_10_img050,5,pg_el,321.0,180.0,368.0,216.0,624,624,pg4_10,50,47.0,36.0,1692.0
pg4_10_img050.xml,pg4_10_img050,6,pg_el,354.0,280.0,400.0,310.0,624,624,pg4_10,50,46.0,30.0,1380.0
pg4_10_img050.xml,pg4_10_img050,7,pg_el,383.0,375.0,422.0,414.0,624,624,pg4_10,50,39.0,39.0,1521.0
pg4_10_img050.xml,pg4_10_img050,8,pg_el,226.0,323.0,278.0,366.0,624,624,pg4_10,50,52.0,43.0,2236.0
pg4_10_img050.xml,pg4_10_img050,9,pg_el,287.0,404.0,330.0,447.0,624,624,pg4_10,50,43.0,43.0,1849.0
pg4_10_img050.xml,pg4_10_img050,10,pg_el,132.0,376.0,173.0,431.0,624,624,pg4_10,50,41.0,55.0,2255.0
pg4_10_img051.xml,pg4_10_img051,0,pg_el,228.0,122.0,277.0,160.0,624,624,pg4_10,51,49.0,38.0,1862.0
pg4_10_img051.xml,pg4_10_img051,1,pg_el,188.0,217.0,233.0,250.0,624,624,pg4_10,51,45.0,33.0,1485.0
pg4_10_img051.xml,pg4_10_img051,2,pg_el,106.0,320.0,144.0,364.0,624,624,pg4_10,51,38.0,44.0,1672.0
pg4_10_img051.xml,pg4_10_img051,3,pg_el,483.0,304.0,520.0,345.0,624,624,pg4_10,51,37.0,41.0,1517.0
pg4_10_img051.xml,pg4_10_img051,4,pg_el,400.0,158.0,445.0,190.0,624,624,pg4_10,51,45.0,32.0,1440.0
pg4_10_img051.xml,pg4_10_img051,5,pg_el,321.0,180.0,368.0,216.0,624,624,pg4_10,51,47.0,36.0,1692.0
pg4_10_img051.xml,pg4_10_img051,6,pg_el,354.0,280.0,400.0,311.0,624,624,pg4_10,51,46.0,31.0,1426.0
pg4_10_img051.xml,pg4_10_img051,7,pg_el,383.0,375.0,422.0,414.0,624,624,pg4_10,51,39.0,39.0,1521.0
pg4_10_img051.xml,pg4_10_img051,8,pg_el,226.0,323.0,279.0,367.0,624,624,pg4_10,51,53.0,44.0,2332.0
pg4_10_img051.xml,pg4_10_img051,9,pg_el,287.0,403.0,330.0,447.0,624,624,pg4_10,51,43.0,44.0,1892.0
pg4_10_img051.xml,pg4_10_img051,10,pg_el,131.0,376.0,173.0,432.0,624,624,pg4_10,51,42.0,56.0,2352.0
pg4_10_img052.xml,pg4_10_img052,0,pg_el,228.0,122.0,276.0,160.0,624,624,pg4_10,52,48.0,38.0,1824.0
pg4_10_img052.xml,pg4_10_img052,1,pg_el,188.0,217.0,233.0,249.0,624,624,pg4_10,52,45.0,32.0,1440.0
pg4_10_img052.xml,pg4_10_img052,2,pg_el,106.0,320.0,145.0,366.0,624,624,pg4_10,52,39.0,46.0,1794.0
pg4_10_img052.xml,pg4_10_img052,3,pg_el,483.0,304.0,520.0,345.0,624,624,pg4_10,52,37.0,41.0,1517.0
pg4_10_img052.xml,pg4_10_img052,4,pg_el,400.0,158.0,445.0,191.0,624,624,pg4_10,52,45.0,33.0,1485.0
pg4_10_img052.xml,pg4_10_img052,5,pg_el,321.0,180.0,368.0,216.0,624,624,pg4_10,52,47.0,36.0,1692.0
pg4_10_img052.xml,pg4_10_img052,6,pg_el,354.0,280.0,400.0,311.0,624,624,pg4_10,52,46.0,31.0,1426.0
pg4_10_img052.xml,pg4_10_img052,7,pg_el,383.0,375.0,423.0,414.0,624,624,pg4_10,52,40.0,39.0,1560.0
pg4_10_img052.xml,pg4_10_img052,8,pg_el,226.0,323.0,280.0,367.0,624,624,pg4_10,52,54.0,44.0,2376.0
pg4_10_img052.xml,pg4_10_img052,9,pg_el,287.0,403.0,330.0,447.0,624,624,pg4_10,52,43.0,44.0,1892.0
pg4_10_img052.xml,pg4_10_img052,10,pg_el,131.0,375.0,174.0,432.0,624,624,pg4_10,52,43.0,57.0,2451.0
pg4_10_img053.xml,pg4_10_img053,0,pg_el,228.0,122.0,276.0,160.0,624,624,pg4_10,53,48.0,38.0,1824.0
pg4_10_img053.xml,pg4_10_img053,1,pg_el,188.0,217.0,233.0,249.0,624,624,pg4_10,53,45.0,32.0,1440.0
pg4_10_img053.xml,pg4_10_img053,2,pg_el,106.0,320.0,145.0,368.0,624,624,pg4_10,53,39.0,48.0,1872.0
pg4_10_img053.xml,pg4_10_img053,3,pg_el,483.0,304.0,520.0,345.0,624,624,pg4_10,53,37.0,41.0,1517.0
pg4_10_img053.xml,pg4_10_img053,4,pg_el,399.0,158.0,445.0,191.0,624,624,pg4_10,53,46.0,33.0,1518.0
pg4_10_img053.xml,pg4_10_img053,5,pg_el,320.0,180.0,368.0,216.0,624,624,pg4_10,53,48.0,36.0,1728.0
pg4_10_img053.xml,pg4_10_img053,6,pg_el,354.0,279.0,400.0,311.0,624,624,pg4_10,53,46.0,32.0,1472.0
pg4_10_img053.xml,pg4_10_img053,7,pg_el,383.0,375.0,423.0,414.0,624,624,pg4_10,53,40.0,39.0,1560.0
pg4_10_img053.xml,pg4_10_img053,8,pg_el,226.0,323.0,280.0,368.0,624,624,pg4_10,53,54.0,45.0,2430.0
pg4_10_img053.xml,pg4_10_img053,9,pg_el,287.0,402.0,330.0,447.0,624,624,pg4_10,53,43.0,45.0,1935.0
pg4_10_img053.xml,pg4_10_img053,10,pg_el,130.0,374.0,174.0,432.0,624,624,pg4_10,53,44.0,58.0,2552.0
pg4_10_img054.xml,pg4_10_img054,0,pg_el,227.0,122.0,276.0,160.0,624,624,pg4_10,54,49.0,38.0,1862.0
pg4_10_img054.xml,pg4_10_img054,1,pg_el,188.0,217.0,233.0,249.0,624,624,pg4_10,54,45.0,32.0,1440.0
pg4_10_img054.xml,pg4_10_img054,2,pg_el,106.0,320.0,146.0,370.0,624,624,pg4_10,54,40.0,50.0,2000.0
pg4_10_img054.xml,pg4_10_img054,3,pg_el,483.0,304.0,520.0,346.0,624,624,pg4_10,54,37.0,42.0,1554.0
pg4_10_img054.xml,pg4_10_img054,4,pg_el,399.0,158.0,445.0,191.0,624,624,pg4_10,54,46.0,33.0,1518.0
pg4_10_img054.xml,pg4_10_img054,5,pg_el,320.0,180.0,368.0,216.0,624,624,pg4_10,54,48.0,36.0,1728.0
pg4_10_img054.xml,pg4_10_img054,6,pg_el,354.0,279.0,400.0,311.0,624,624,pg4_10,54,46.0,32.0,1472.0
pg4_10_img054.xml,pg4_10_img054,7,pg_el,383.0,375.0,423.0,414.0,624,624,pg4_10,54,40.0,39.0,1560.0
pg4_10_img054.xml,pg4_10_img054,8,pg_el,226.0,323.0,281.0,369.0,624,624,pg4_10,54,55.0,46.0,2530.0
pg4_10_img054.xml,pg4_10_img054,9,pg_el,287.0,402.0,331.0,447.0,624,624,pg4_10,54,44.0,45.0,1980.0
pg4_10_img054.xml,pg4_10_img054,10,pg_el,130.0,373.0,175.0,433.0,624,624,pg4_10,54,45.0,60.0,2700.0
pg4_10_img055.xml,pg4_10_img055,0,pg_el,227.0,122.0,276.0,160.0,624,624,pg4_10,55,49.0,38.0,1862.0
pg4_10_img055.xml,pg4_10_img055,1,pg_el,188.0,217.0,233.0,249.0,624,624,pg4_10,55,45.0,32.0,1440.0
pg4_10_img055.xml,pg4_10_img055,2,pg_el,107.0,319.0,147.0,370.0,624,624,pg4_10,55,40.0,51.0,2040.0
pg4_10_img055.xml,pg4_10_img055,3,pg_el,483.0,304.0,520.0,346.0,624,624,pg4_10,55,37.0,42.0,1554.0
pg4_10_img055.xml,pg4_10_img055,4,pg_el,398.0,158.0,445.0,191.0,624,624,pg4_10,55,47.0,33.0,1551.0
pg4_10_img055.xml,pg4_10_img055,5,pg_el,320.0,179.0,368.0,216.0,624,624,pg4_10,55,48.0,37.0,1776.0
pg4_10_img055.xml,pg4_10_img055,6,pg_el,354.0,278.0,401.0,311.0,624,624,pg4_10,55,47.0,33.0,1551.0
pg4_10_img055.xml,pg4_10_img055,7,pg_el,383.0,375.0,423.0,414.0,624,624,pg4_10,55,40.0,39.0,1560.0
pg4_10_img055.xml,pg4_10_img055,8,pg_el,226.0,323.0,282.0,369.0,624,624,pg4_10,55,56.0,46.0,2576.0
pg4_10_img055.xml,pg4_10_img055,9,pg_el,287.0,401.0,331.0,447.0,624,624,pg4_10,55,44.0,46.0,2024.0
pg4_10_img055.xml,pg4_10_img055,10,pg_el,129.0,371.0,176.0,433.0,624,624,pg4_10,55,47.0,62.0,2914.0
pg4_10_img056.xml,pg4_10_img056,0,pg_el,227.0,121.0,276.0,160.0,624,624,pg4_10,56,49.0,39.0,1911.0
pg4_10_img056.xml,pg4_10_img056,1,pg_el,188.0,217.0,233.0,249.0,624,624,pg4_10,56,45.0,32.0,1440.0
pg4_10_img056.xml,pg4_10_img056,2,pg_el,107.0,319.0,147.0,370.0,624,624,pg4_10,56,40.0,51.0,2040.0
pg4_10_img056.xml,pg4_10_img056,3,pg_el,483.0,305.0,520.0,346.0,624,624,pg4_10,56,37.0,41.0,1517.0
pg4_10_img056.xml,pg4_10_img056,4,pg_el,399.0,158.0,445.0,192.0,624,624,pg4_10,56,46.0,34.0,1564.0
pg4_10_img056.xml,pg4_10_img056,5,pg_el,320.0,179.0,368.0,215.0,624,624,pg4_10,56,48.0,36.0,1728.0
pg4_10_img056.xml,pg4_10_img056,6,pg_el,353.0,278.0,401.0,311.0,624,624,pg4_10,56,48.0,33.0,1584.0
pg4_10_img056.xml,pg4_10_img056,7,pg_el,383.0,374.0,424.0,414.0,624,624,pg4_10,56,41.0,40.0,1640.0
pg4_10_img056.xml,pg4_10_img056,8,pg_el,226.0,323.0,283.0,370.0,624,624,pg4_10,56,57.0,47.0,2679.0
pg4_10_img056.xml,pg4_10_img056,9,pg_el,287.0,400.0,331.0,447.0,624,624,pg4_10,56,44.0,47.0,2068.0
pg4_10_img056.xml,pg4_10_img056,10,pg_el,129.0,370.0,177.0,433.0,624,624,pg4_10,56,48.0,63.0,3024.0
pg4_10_img057.xml,pg4_10_img057,0,pg_el,227.0,121.0,276.0,160.0,624,624,pg4_10,57,49.0,39.0,1911.0
pg4_10_img057.xml,pg4_10_img057,1,pg_el,188.0,217.0,233.0,250.0,624,624,pg4_10,57,45.0,33.0,1485.0
pg4_10_img057.xml,pg4_10_img057,2,pg_el,107.0,318.0,148.0,370.0,624,624,pg4_10,57,41.0,52.0,2132.0
pg4_10_img057.xml,pg4_10_img057,3,pg_el,483.0,305.0,520.0,346.0,624,624,pg4_10,57,37.0,41.0,1517.0
pg4_10_img057.xml,pg4_10_img057,4,pg_el,399.0,158.0,445.0,192.0,624,624,pg4_10,57,46.0,34.0,1564.0
pg4_10_img057.xml,pg4_10_img057,5,pg_el,320.0,178.0,368.0,215.0,624,624,pg4_10,57,48.0,37.0,1776.0
pg4_10_img057.xml,pg4_10_img057,6,pg_el,353.0,277.0,401.0,311.0,624,624,pg4_10,57,48.0,34.0,1632.0
pg4_10_img057.xml,pg4_10_img057,7,pg_el,383.0,374.0,424.0,414.0,624,624,pg4_10,57,41.0,40.0,1640.0
pg4_10_img057.xml,pg4_10_img057,8,pg_el,226.0,323.0,284.0,371.0,624,624,pg4_10,57,58.0,48.0,2784.0
pg4_10_img057.xml,pg4_10_img057,9,pg_el,287.0,400.0,331.0,447.0,624,624,pg4_10,57,44.0,47.0,2068.0
pg4_10_img057.xml,pg4_10_img057,10,pg_el,128.0,369.0,177.0,433.0,624,624,pg4_10,57,49.0,64.0,3136.0
pg4_10_img058.xml,pg4_10_img058,0,pg_el,227.0,121.0,276.0,160.0,624,624,pg4_10,58,49.0,39.0,1911.0
pg4_10_img058.xml,pg4_10_img058,1,pg_el,187.0,217.0,233.0,250.0,624,624,pg4_10,58,46.0,33.0,1518.0
pg4_10_img058.xml,pg4_10_img058,2,pg_el,107.0,318.0,149.0,370.0,624,624,pg4_10,58,42.0,52.0,2184.0
pg4_10_img058.xml,pg4_10_img058,3,pg_el,483.0,305.0,520.0,346.0,624,624,pg4_10,58,37.0,41.0,1517.0
pg4_10_img058.xml,pg4_10_img058,4,pg_el,399.0,158.0,445.0,192.0,624,624,pg4_10,58,46.0,34.0,1564.0
pg4_10_img058.xml,pg4_10_img058,5,pg_el,320.0,177.0,368.0,214.0,624,624,pg4_10,58,48.0,37.0,1776.0
pg4_10_img058.xml,pg4_10_img058,6,pg_el,353.0,277.0,401.0,311.0,624,624,pg4_10,58,48.0,34.0,1632.0
pg4_10_img058.xml,pg4_10_img058,7,pg_el,384.0,373.0,424.0,414.0,624,624,pg4_10,58,40.0,41.0,1640.0
pg4_10_img058.xml,pg4_10_img058,8,pg_el,226.0,323.0,286.0,371.0,624,624,pg4_10,58,60.0,48.0,2880.0
pg4_10_img058.xml,pg4_10_img058,9,pg_el,287.0,399.0,331.0,447.0,624,624,pg4_10,58,44.0,48.0,2112.0
pg4_10_img058.xml,pg4_10_img058,10,pg_el,128.0,368.0,178.0,433.0,624,624,pg4_10,58,50.0,65.0,3250.0
pg4_10_img059.xml,pg4_10_img059,0,pg_el,227.0,121.0,277.0,161.0,624,624,pg4_10,59,50.0,40.0,2000.0
pg4_10_img059.xml,pg4_10_img059,1,pg_el,187.0,217.0,233.0,250.0,624,624,pg4_10,59,46.0,33.0,1518.0
pg4_10_img059.xml,pg4_10_img059,2,pg_el,107.0,317.0,149.0,370.0,624,624,pg4_10,59,42.0,53.0,2226.0
pg4_10_img059.xml,pg4_10_img059,3,pg_el,483.0,305.0,520.0,346.0,624,624,pg4_10,59,37.0,41.0,1517.0
pg4_10_img059.xml,pg4_10_img059,4,pg_el,399.0,158.0,445.0,192.0,624,624,pg4_10,59,46.0,34.0,1564.0
pg4_10_img059.xml,pg4_10_img059,5,pg_el,320.0,177.0,368.0,214.0,624,624,pg4_10,59,48.0,37.0,1776.0
pg4_10_img059.xml,pg4_10_img059,6,pg_el,352.0,276.0,401.0,311.0,624,624,pg4_10,59,49.0,35.0,1715.0
pg4_10_img059.xml,pg4_10_img059,7,pg_el,384.0,373.0,424.0,414.0,624,624,pg4_10,59,40.0,41.0,1640.0
pg4_10_img059.xml,pg4_10_img059,8,pg_el,226.0,323.0,287.0,372.0,624,624,pg4_10,59,61.0,49.0,2989.0
pg4_10_img059.xml,pg4_10_img059,9,pg_el,287.0,399.0,331.0,447.0,624,624,pg4_10,59,44.0,48.0,2112.0
pg4_10_img059.xml,pg4_10_img059,10,pg_el,127.0,367.0,179.0,433.0,624,624,pg4_10,59,52.0,66.0,3432.0
pg4_10_img060.xml,pg4_10_img060,0,pg_el,227.0,121.0,277.0,161.0,624,624,pg4_10,60,50.0,40.0,2000.0
pg4_10_img060.xml,pg4_10_img060,1,pg_el,187.0,217.0,233.0,250.0,624,624,pg4_10,60,46.0,33.0,1518.0
pg4_10_img060.xml,pg4_10_img060,2,pg_el,107.0,318.0,149.0,371.0,624,624,pg4_10,60,42.0,53.0,2226.0
pg4_10_img060.xml,pg4_10_img060,3,pg_el,483.0,305.0,520.0,346.0,624,624,pg4_10,60,37.0,41.0,1517.0
pg4_10_img060.xml,pg4_10_img060,4,pg_el,399.0,158.0,445.0,193.0,624,624,pg4_10,60,46.0,35.0,1610.0
pg4_10_img060.xml,pg4_10_img060,5,pg_el,320.0,176.0,368.0,213.0,624,624,pg4_10,60,48.0,37.0,1776.0
pg4_10_img060.xml,pg4_10_img060,6,pg_el,352.0,276.0,402.0,311.0,624,624,pg4_10,60,50.0,35.0,1750.0
pg4_10_img060.xml,pg4_10_img060,7,pg_el,384.0,373.0,424.0,413.0,624,624,pg4_10,60,40.0,40.0,1600.0
pg4_10_img060.xml,pg4_10_img060,8,pg_el,226.0,323.0,288.0,372.0,624,624,pg4_10,60,62.0,49.0,3038.0
pg4_10_img060.xml,pg4_10_img060,9,pg_el,287.0,398.0,331.0,447.0,624,624,pg4_10,60,44.0,49.0,2156.0
pg4_10_img060.xml,pg4_10_img060,10,pg_el,127.0,365.0,180.0,433.0,624,624,pg4_10,60,53.0,68.0,3604.0
pg4_10_img061.xml,pg4_10_img061,0,pg_el,227.0,121.0,277.0,161.0,624,624,pg4_10,61,50.0,40.0,2000.0
pg4_10_img061.xml,pg4_10_img061,1,pg_el,187.0,217.0,233.0,251.0,624,624,pg4_10,61,46.0,34.0,1564.0
pg4_10_img061.xml,pg4_10_img061,2,pg_el,107.0,319.0,149.0,372.0,624,624,pg4_10,61,42.0,53.0,2226.0
pg4_10_img061.xml,pg4_10_img061,3,pg_el,483.0,305.0,520.0,347.0,624,624,pg4_10,61,37.0,42.0,1554.0
pg4_10_img061.xml,pg4_10_img061,4,pg_el,399.0,158.0,445.0,193.0,624,624,pg4_10,61,46.0,35.0,1610.0
pg4_10_img061.xml,pg4_10_img061,5,pg_el,320.0,176.0,368.0,212.0,624,624,pg4_10,61,48.0,36.0,1728.0
pg4_10_img061.xml,pg4_10_img061,6,pg_el,351.0,275.0,402.0,311.0,624,624,pg4_10,61,51.0,36.0,1836.0
pg4_10_img061.xml,pg4_10_img061,7,pg_el,384.0,372.0,424.0,414.0,624,624,pg4_10,61,40.0,42.0,1680.0
pg4_10_img061.xml,pg4_10_img061,8,pg_el,226.0,323.0,289.0,373.0,624,624,pg4_10,61,63.0,50.0,3150.0
pg4_10_img061.xml,pg4_10_img061,9,pg_el,287.0,397.0,332.0,447.0,624,624,pg4_10,61,45.0,50.0,2250.0
pg4_10_img061.xml,pg4_10_img061,10,pg_el,127.0,365.0,180.0,433.0,624,624,pg4_10,61,53.0,68.0,3604.0
pg4_10_img062.xml,pg4_10_img062,0,pg_el,227.0,121.0,277.0,161.0,624,624,pg4_10,62,50.0,40.0,2000.0
pg4_10_img062.xml,pg4_10_img062,1,pg_el,187.0,217.0,233.0,251.0,624,624,pg4_10,62,46.0,34.0,1564.0
pg4_10_img062.xml,pg4_10_img062,2,pg_el,107.0,320.0,149.0,373.0,624,624,pg4_10,62,42.0,53.0,2226.0
pg4_10_img062.xml,pg4_10_img062,3,pg_el,483.0,305.0,520.0,347.0,624,624,pg4_10,62,37.0,42.0,1554.0
pg4_10_img062.xml,pg4_10_img062,4,pg_el,399.0,158.0,445.0,193.0,624,624,pg4_10,62,46.0,35.0,1610.0
pg4_10_img062.xml,pg4_10_img062,5,pg_el,319.0,175.0,368.0,212.0,624,624,pg4_10,62,49.0,37.0,1813.0
pg4_10_img062.xml,pg4_10_img062,6,pg_el,351.0,275.0,402.0,311.0,624,624,pg4_10,62,51.0,36.0,1836.0
pg4_10_img062.xml,pg4_10_img062,7,pg_el,384.0,372.0,424.0,414.0,624,624,pg4_10,62,40.0,42.0,1680.0
pg4_10_img062.xml,pg4_10_img062,8,pg_el,226.0,323.0,291.0,374.0,624,624,pg4_10,62,65.0,51.0,3315.0
pg4_10_img062.xml,pg4_10_img062,9,pg_el,286.0,397.0,333.0,447.0,624,624,pg4_10,62,47.0,50.0,2350.0
pg4_10_img062.xml,pg4_10_img062,10,pg_el,126.0,364.0,180.0,434.0,624,624,pg4_10,62,54.0,70.0,3780.0
pg4_10_img063.xml,pg4_10_img063,0,pg_el,227.0,121.0,278.0,162.0,624,624,pg4_10,63,51.0,41.0,2091.0
pg4_10_img063.xml,pg4_10_img063,1,pg_el,187.0,217.0,233.0,251.0,624,624,pg4_10,63,46.0,34.0,1564.0
pg4_10_img063.xml,pg4_10_img063,2,pg_el,107.0,321.0,149.0,374.0,624,624,pg4_10,63,42.0,53.0,2226.0
pg4_10_img063.xml,pg4_10_img063,3,pg_el,483.0,306.0,520.0,347.0,624,624,pg4_10,63,37.0,41.0,1517.0
pg4_10_img063.xml,pg4_10_img063,4,pg_el,400.0,158.0,445.0,193.0,624,624,pg4_10,63,45.0,35.0,1575.0
pg4_10_img063.xml,pg4_10_img063,5,pg_el,319.0,174.0,367.0,211.0,624,624,pg4_10,63,48.0,37.0,1776.0
pg4_10_img063.xml,pg4_10_img063,6,pg_el,350.0,275.0,402.0,311.0,624,624,pg4_10,63,52.0,36.0,1872.0
pg4_10_img063.xml,pg4_10_img063,7,pg_el,383.0,371.0,424.0,414.0,624,624,pg4_10,63,41.0,43.0,1763.0
pg4_10_img063.xml,pg4_10_img063,8,pg_el,226.0,323.0,292.0,374.0,624,624,pg4_10,63,66.0,51.0,3366.0
pg4_10_img063.xml,pg4_10_img063,9,pg_el,286.0,396.0,334.0,447.0,624,624,pg4_10,63,48.0,51.0,2448.0
pg4_10_img063.xml,pg4_10_img063,10,pg_el,126.0,364.0,180.0,434.0,624,624,pg4_10,63,54.0,70.0,3780.0
pg4_10_img064.xml,pg4_10_img064,0,pg_el,227.0,121.0,278.0,162.0,624,624,pg4_10,64,51.0,41.0,2091.0
pg4_10_img064.xml,pg4_10_img064,1,pg_el,187.0,217.0,233.0,252.0,624,624,pg4_10,64,46.0,35.0,1610.0
pg4_10_img064.xml,pg4_10_img064,2,pg_el,107.0,322.0,149.0,375.0,624,624,pg4_10,64,42.0,53.0,2226.0
pg4_10_img064.xml,pg4_10_img064,3,pg_el,483.0,306.0,520.0,347.0,624,624,pg4_10,64,37.0,41.0,1517.0
pg4_10_img064.xml,pg4_10_img064,4,pg_el,400.0,158.0,445.0,193.0,624,624,pg4_10,64,45.0,35.0,1575.0
pg4_10_img064.xml,pg4_10_img064,5,pg_el,322.0,172.0,369.0,211.0,624,624,pg4_10,64,47.0,39.0,1833.0
pg4_10_img064.xml,pg4_10_img064,6,pg_el,349.0,275.0,402.0,311.0,624,624,pg4_10,64,53.0,36.0,1908.0
pg4_10_img064.xml,pg4_10_img064,7,pg_el,383.0,371.0,424.0,414.0,624,624,pg4_10,64,41.0,43.0,1763.0
pg4_10_img064.xml,pg4_10_img064,8,pg_el,226.0,323.0,293.0,375.0,624,624,pg4_10,64,67.0,52.0,3484.0
pg4_10_img064.xml,pg4_10_img064,9,pg_el,285.0,396.0,335.0,447.0,624,624,pg4_10,64,50.0,51.0,2550.0
pg4_10_img064.xml,pg4_10_img064,10,pg_el,125.0,363.0,181.0,434.0,624,624,pg4_10,64,56.0,71.0,3976.0
pg4_10_img065.xml,pg4_10_img065,0,pg_el,227.0,121.0,278.0,162.0,624,624,pg4_10,65,51.0,41.0,2091.0
pg4_10_img065.xml,pg4_10_img065,1,pg_el,187.0,217.0,233.0,252.0,624,624,pg4_10,65,46.0,35.0,1610.0
pg4_10_img065.xml,pg4_10_img065,2,pg_el,106.0,323.0,148.0,376.0,624,624,pg4_10,65,42.0,53.0,2226.0
pg4_10_img065.xml,pg4_10_img065,3,pg_el,483.0,306.0,520.0,347.0,624,624,pg4_10,65,37.0,41.0,1517.0
pg4_10_img065.xml,pg4_10_img065,4,pg_el,400.0,158.0,445.0,194.0,624,624,pg4_10,65,45.0,36.0,1620.0
pg4_10_img065.xml,pg4_10_img065,5,pg_el,325.0,170.0,371.0,211.0,624,624,pg4_10,65,46.0,41.0,1886.0
pg4_10_img065.xml,pg4_10_img065,6,pg_el,349.0,275.0,402.0,311.0,624,624,pg4_10,65,53.0,36.0,1908.0
pg4_10_img065.xml,pg4_10_img065,7,pg_el,383.0,371.0,425.0,415.0,624,624,pg4_10,65,42.0,44.0,1848.0
pg4_10_img065.xml,pg4_10_img065,8,pg_el,226.0,323.0,295.0,375.0,624,624,pg4_10,65,69.0,52.0,3588.0
pg4_10_img065.xml,pg4_10_img065,9,pg_el,285.0,395.0,336.0,447.0,624,624,pg4_10,65,51.0,52.0,2652.0
pg4_10_img065.xml,pg4_10_img065,10,pg_el,125.0,363.0,181.0,435.0,624,624,pg4_10,65,56.0,72.0,4032.0
pg4_10_img066.xml,pg4_10_img066,0,pg_el,227.0,121.0,278.0,162.0,624,624,pg4_10,66,51.0,41.0,2091.0
pg4_10_img066.xml,pg4_10_img066,1,pg_el,187.0,217.0,233.0,252.0,624,624,pg4_10,66,46.0,35.0,1610.0
pg4_10_img066.xml,pg4_10_img066,2,pg_el,106.0,320.0,148.0,377.0,624,624,pg4_10,66,42.0,57.0,2394.0
pg4_10_img066.xml,pg4_10_img066,3,pg_el,483.0,306.0,520.0,347.0,624,624,pg4_10,66,37.0,41.0,1517.0
pg4_10_img066.xml,pg4_10_img066,4,pg_el,400.0,158.0,445.0,194.0,624,624,pg4_10,66,45.0,36.0,1620.0
pg4_10_img066.xml,pg4_10_img066,5,pg_el,325.0,169.0,371.0,212.0,624,624,pg4_10,66,46.0,43.0,1978.0
pg4_10_img066.xml,pg4_10_img066,6,pg_el,348.0,275.0,402.0,311.0,624,624,pg4_10,66,54.0,36.0,1944.0
pg4_10_img066.xml,pg4_10_img066,7,pg_el,383.0,371.0,425.0,415.0,624,624,pg4_10,66,42.0,44.0,1848.0
pg4_10_img066.xml,pg4_10_img066,8,pg_el,226.0,323.0,296.0,376.0,624,624,pg4_10,66,70.0,53.0,3710.0
pg4_10_img066.xml,pg4_10_img066,9,pg_el,284.0,395.0,337.0,447.0,624,624,pg4_10,66,53.0,52.0,2756.0
pg4_10_img066.xml,pg4_10_img066,10,pg_el,124.0,362.0,181.0,435.0,624,624,pg4_10,66,57.0,73.0,4161.0
pg4_10_img067.xml,pg4_10_img067,0,pg_el,227.0,121.0,279.0,162.0,624,624,pg4_10,67,52.0,41.0,2132.0
pg4_10_img067.xml,pg4_10_img067,1,pg_el,187.0,217.0,233.0,252.0,624,624,pg4_10,67,46.0,35.0,1610.0
pg4_10_img067.xml,pg4_10_img067,2,pg_el,105.0,317.0,148.0,378.0,624,624,pg4_10,67,43.0,61.0,2623.0
pg4_10_img067.xml,pg4_10_img067,3,pg_el,483.0,305.0,520.0,347.0,624,624,pg4_10,67,37.0,42.0,1554.0
pg4_10_img067.xml,pg4_10_img067,4,pg_el,399.0,158.0,445.0,194.0,624,624,pg4_10,67,46.0,36.0,1656.0
pg4_10_img067.xml,pg4_10_img067,5,pg_el,325.0,167.0,371.0,212.0,624,624,pg4_10,67,46.0,45.0,2070.0
pg4_10_img067.xml,pg4_10_img067,6,pg_el,347.0,274.0,402.0,311.0,624,624,pg4_10,67,55.0,37.0,2035.0
pg4_10_img067.xml,pg4_10_img067,7,pg_el,383.0,371.0,425.0,415.0,624,624,pg4_10,67,42.0,44.0,1848.0
pg4_10_img067.xml,pg4_10_img067,8,pg_el,226.0,323.0,298.0,377.0,624,624,pg4_10,67,72.0,54.0,3888.0
pg4_10_img067.xml,pg4_10_img067,9,pg_el,283.0,394.0,338.0,447.0,624,624,pg4_10,67,55.0,53.0,2915.0
pg4_10_img067.xml,pg4_10_img067,10,pg_el,124.0,362.0,181.0,435.0,624,624,pg4_10,67,57.0,73.0,4161.0
pg4_10_img068.xml,pg4_10_img068,0,pg_el,227.0,120.0,279.0,162.0,624,624,pg4_10,68,52.0,42.0,2184.0
pg4_10_img068.xml,pg4_10_img068,1,pg_el,186.0,217.0,233.0,253.0,624,624,pg4_10,68,47.0,36.0,1692.0
pg4_10_img068.xml,pg4_10_img068,2,pg_el,105.0,317.0,149.0,378.0,624,624,pg4_10,68,44.0,61.0,2684.0
pg4_10_img068.xml,pg4_10_img068,3,pg_el,483.0,305.0,521.0,347.0,624,624,pg4_10,68,38.0,42.0,1596.0
pg4_10_img068.xml,pg4_10_img068,4,pg_el,399.0,158.0,445.0,194.0,624,624,pg4_10,68,46.0,36.0,1656.0
pg4_10_img068.xml,pg4_10_img068,5,pg_el,325.0,166.0,371.0,212.0,624,624,pg4_10,68,46.0,46.0,2116.0
pg4_10_img068.xml,pg4_10_img068,6,pg_el,347.0,274.0,402.0,311.0,624,624,pg4_10,68,55.0,37.0,2035.0
pg4_10_img068.xml,pg4_10_img068,7,pg_el,383.0,371.0,425.0,416.0,624,624,pg4_10,68,42.0,45.0,1890.0
pg4_10_img068.xml,pg4_10_img068,8,pg_el,226.0,323.0,300.0,377.0,624,624,pg4_10,68,74.0,54.0,3996.0
pg4_10_img068.xml,pg4_10_img068,9,pg_el,283.0,393.0,339.0,447.0,624,624,pg4_10,68,56.0,54.0,3024.0
pg4_10_img068.xml,pg4_10_img068,10,pg_el,123.0,361.0,182.0,435.0,624,624,pg4_10,68,59.0,74.0,4366.0
pg4_10_img069.xml,pg4_10_img069,0,pg_el,228.0,120.0,279.0,162.0,624,624,pg4_10,69,51.0,42.0,2142.0
pg4_10_img069.xml,pg4_10_img069,1,pg_el,186.0,217.0,233.0,253.0,624,624,pg4_10,69,47.0,36.0,1692.0
pg4_10_img069.xml,pg4_10_img069,2,pg_el,105.0,317.0,149.0,379.0,624,624,pg4_10,69,44.0,62.0,2728.0
pg4_10_img069.xml,pg4_10_img069,3,pg_el,483.0,304.0,521.0,347.0,624,624,pg4_10,69,38.0,43.0,1634.0
pg4_10_img069.xml,pg4_10_img069,4,pg_el,399.0,158.0,445.0,194.0,624,624,pg4_10,69,46.0,36.0,1656.0
pg4_10_img069.xml,pg4_10_img069,5,pg_el,325.0,165.0,370.0,213.0,624,624,pg4_10,69,45.0,48.0,2160.0
pg4_10_img069.xml,pg4_10_img069,6,pg_el,346.0,274.0,402.0,311.0,624,624,pg4_10,69,56.0,37.0,2072.0
pg4_10_img069.xml,pg4_10_img069,7,pg_el,383.0,371.0,425.0,416.0,624,624,pg4_10,69,42.0,45.0,1890.0
pg4_10_img069.xml,pg4_10_img069,8,pg_el,226.0,323.0,301.0,378.0,624,624,pg4_10,69,75.0,55.0,4125.0
pg4_10_img069.xml,pg4_10_img069,9,pg_el,282.0,393.0,340.0,447.0,624,624,pg4_10,69,58.0,54.0,3132.0
pg4_10_img069.xml,pg4_10_img069,10,pg_el,123.0,361.0,182.0,436.0,624,624,pg4_10,69,59.0,75.0,4425.0
pg4_10_img070.xml,pg4_10_img070,0,pg_el,228.0,120.0,279.0,162.0,624,624,pg4_10,70,51.0,42.0,2142.0
pg4_10_img070.xml,pg4_10_img070,1,pg_el,186.0,217.0,233.0,254.0,624,624,pg4_10,70,47.0,37.0,1739.0
pg4_10_img070.xml,pg4_10_img070,2,pg_el,105.0,317.0,149.0,379.0,624,624,pg4_10,70,44.0,62.0,2728.0
pg4_10_img070.xml,pg4_10_img070,3,pg_el,483.0,303.0,521.0,347.0,624,624,pg4_10,70,38.0,44.0,1672.0
pg4_10_img070.xml,pg4_10_img070,4,pg_el,398.0,158.0,445.0,194.0,624,624,pg4_10,70,47.0,36.0,1692.0
pg4_10_img070.xml,pg4_10_img070,5,pg_el,324.0,165.0,370.0,213.0,624,624,pg4_10,70,46.0,48.0,2208.0
pg4_10_img070.xml,pg4_10_img070,6,pg_el,345.0,274.0,402.0,311.0,624,624,pg4_10,70,57.0,37.0,2109.0
pg4_10_img070.xml,pg4_10_img070,7,pg_el,383.0,371.0,425.0,416.0,624,624,pg4_10,70,42.0,45.0,1890.0
pg4_10_img070.xml,pg4_10_img070,8,pg_el,226.0,323.0,303.0,379.0,624,624,pg4_10,70,77.0,56.0,4312.0
pg4_10_img070.xml,pg4_10_img070,9,pg_el,281.0,392.0,341.0,447.0,624,624,pg4_10,70,60.0,55.0,3300.0
pg4_10_img070.xml,pg4_10_img070,10,pg_el,122.0,360.0,182.0,436.0,624,624,pg4_10,70,60.0,76.0,4560.0
pg4_10_img071.xml,pg4_10_img071,0,pg_el,228.0,119.0,280.0,161.0,624,624,pg4_10,71,52.0,42.0,2184.0
pg4_10_img071.xml,pg4_10_img071,1,pg_el,186.0,218.0,234.0,254.0,624,624,pg4_10,71,48.0,36.0,1728.0
pg4_10_img071.xml,pg4_10_img071,2,pg_el,105.0,317.0,149.0,380.0,624,624,pg4_10,71,44.0,63.0,2772.0
pg4_10_img071.xml,pg4_10_img071,3,pg_el,484.0,303.0,521.0,346.0,624,624,pg4_10,71,37.0,43.0,1591.0
pg4_10_img071.xml,pg4_10_img071,4,pg_el,398.0,158.0,445.0,194.0,624,624,pg4_10,71,47.0,36.0,1692.0
pg4_10_img071.xml,pg4_10_img071,5,pg_el,323.0,165.0,370.0,214.0,624,624,pg4_10,71,47.0,49.0,2303.0
pg4_10_img071.xml,pg4_10_img071,6,pg_el,344.0,273.0,402.0,311.0,624,624,pg4_10,71,58.0,38.0,2204.0
pg4_10_img071.xml,pg4_10_img071,7,pg_el,383.0,371.0,425.0,417.0,624,624,pg4_10,71,42.0,46.0,1932.0
pg4_10_img071.xml,pg4_10_img071,8,pg_el,226.0,323.0,305.0,379.0,624,624,pg4_10,71,79.0,56.0,4424.0
pg4_10_img071.xml,pg4_10_img071,9,pg_el,280.0,391.0,342.0,447.0,624,624,pg4_10,71,62.0,56.0,3472.0
pg4_10_img071.xml,pg4_10_img071,10,pg_el,122.0,360.0,182.0,436.0,624,624,pg4_10,71,60.0,76.0,4560.0
pg4_10_img072.xml,pg4_10_img072,0,pg_el,228.0,119.0,280.0,161.0,624,624,pg4_10,72,52.0,42.0,2184.0
pg4_10_img072.xml,pg4_10_img072,1,pg_el,186.0,218.0,234.0,255.0,624,624,pg4_10,72,48.0,37.0,1776.0
pg4_10_img072.xml,pg4_10_img072,2,pg_el,103.0,317.0,149.0,380.0,624,624,pg4_10,72,46.0,63.0,2898.0
pg4_10_img072.xml,pg4_10_img072,3,pg_el,484.0,303.0,521.0,347.0,624,624,pg4_10,72,37.0,44.0,1628.0
pg4_10_img072.xml,pg4_10_img072,4,pg_el,398.0,158.0,445.0,194.0,624,624,pg4_10,72,47.0,36.0,1692.0
pg4_10_img072.xml,pg4_10_img072,5,pg_el,323.0,165.0,370.0,215.0,624,624,pg4_10,72,47.0,50.0,2350.0
pg4_10_img072.xml,pg4_10_img072,6,pg_el,342.0,273.0,402.0,311.0,624,624,pg4_10,72,60.0,38.0,2280.0
pg4_10_img072.xml,pg4_10_img072,7,pg_el,383.0,371.0,425.0,417.0,624,624,pg4_10,72,42.0,46.0,1932.0
pg4_10_img072.xml,pg4_10_img072,8,pg_el,226.0,323.0,306.0,380.0,624,624,pg4_10,72,80.0,57.0,4560.0
pg4_10_img072.xml,pg4_10_img072,9,pg_el,279.0,391.0,343.0,447.0,624,624,pg4_10,72,64.0,56.0,3584.0
pg4_10_img072.xml,pg4_10_img072,10,pg_el,121.0,359.0,182.0,437.0,624,624,pg4_10,72,61.0,78.0,4758.0
pg4_10_img073.xml,pg4_10_img073,0,pg_el,228.0,119.0,280.0,161.0,624,624,pg4_10,73,52.0,42.0,2184.0
pg4_10_img073.xml,pg4_10_img073,1,pg_el,186.0,218.0,235.0,255.0,624,624,pg4_10,73,49.0,37.0,1813.0
pg4_10_img073.xml,pg4_10_img073,2,pg_el,102.0,316.0,149.0,380.0,624,624,pg4_10,73,47.0,64.0,3008.0
pg4_10_img073.xml,pg4_10_img073,3,pg_el,484.0,302.0,522.0,347.0,624,624,pg4_10,73,38.0,45.0,1710.0
pg4_10_img073.xml,pg4_10_img073,4,pg_el,397.0,158.0,445.0,194.0,624,624,pg4_10,73,48.0,36.0,1728.0
pg4_10_img073.xml,pg4_10_img073,5,pg_el,322.0,165.0,370.0,215.0,624,624,pg4_10,73,48.0,50.0,2400.0
pg4_10_img073.xml,pg4_10_img073,6,pg_el,340.0,272.0,402.0,311.0,624,624,pg4_10,73,62.0,39.0,2418.0
pg4_10_img073.xml,pg4_10_img073,7,pg_el,381.0,369.0,423.0,416.0,624,624,pg4_10,73,42.0,47.0,1974.0
pg4_10_img073.xml,pg4_10_img073,8,pg_el,226.0,323.0,308.0,380.0,624,624,pg4_10,73,82.0,57.0,4674.0
pg4_10_img073.xml,pg4_10_img073,9,pg_el,279.0,390.0,344.0,447.0,624,624,pg4_10,73,65.0,57.0,3705.0
pg4_10_img073.xml,pg4_10_img073,10,pg_el,121.0,359.0,183.0,437.0,624,624,pg4_10,73,62.0,78.0,4836.0
pg4_10_img074.xml,pg4_10_img074,0,pg_el,228.0,118.0,280.0,161.0,624,624,pg4_10,74,52.0,43.0,2236.0
pg4_10_img074.xml,pg4_10_img074,1,pg_el,186.0,218.0,235.0,256.0,624,624,pg4_10,74,49.0,38.0,1862.0
pg4_10_img074.xml,pg4_10_img074,2,pg_el,101.0,319.0,148.0,380.0,624,624,pg4_10,74,47.0,61.0,2867.0
pg4_10_img074.xml,pg4_10_img074,3,pg_el,484.0,302.0,522.0,348.0,624,624,pg4_10,74,38.0,46.0,1748.0
pg4_10_img074.xml,pg4_10_img074,4,pg_el,397.0,158.0,445.0,194.0,624,624,pg4_10,74,48.0,36.0,1728.0
pg4_10_img074.xml,pg4_10_img074,5,pg_el,322.0,165.0,370.0,216.0,624,624,pg4_10,74,48.0,51.0,2448.0
pg4_10_img074.xml,pg4_10_img074,6,pg_el,339.0,272.0,402.0,311.0,624,624,pg4_10,74,63.0,39.0,2457.0
pg4_10_img074.xml,pg4_10_img074,7,pg_el,381.0,369.0,424.0,416.0,624,624,pg4_10,74,43.0,47.0,2021.0
pg4_10_img074.xml,pg4_10_img074,8,pg_el,226.0,323.0,310.0,381.0,624,624,pg4_10,74,84.0,58.0,4872.0
pg4_10_img074.xml,pg4_10_img074,9,pg_el,278.0,389.0,345.0,447.0,624,624,pg4_10,74,67.0,58.0,3886.0
pg4_10_img074.xml,pg4_10_img074,10,pg_el,121.0,358.0,183.0,438.0,624,624,pg4_10,74,62.0,80.0,4960.0
pg4_10_img075.xml,pg4_10_img075,0,pg_el,228.0,118.0,281.0,160.0,624,624,pg4_10,75,53.0,42.0,2226.0
pg4_10_img075.xml,pg4_10_img075,1,pg_el,186.0,218.0,235.0,256.0,624,624,pg4_10,75,49.0,38.0,1862.0
pg4_10_img075.xml,pg4_10_img075,2,pg_el,100.0,323.0,148.0,381.0,624,624,pg4_10,75,48.0,58.0,2784.0
pg4_10_img075.xml,pg4_10_img075,3,pg_el,484.0,302.0,522.0,348.0,624,624,pg4_10,75,38.0,46.0,1748.0
pg4_10_img075.xml,pg4_10_img075,4,pg_el,397.0,158.0,445.0,194.0,624,624,pg4_10,75,48.0,36.0,1728.0
pg4_10_img075.xml,pg4_10_img075,5,pg_el,321.0,165.0,370.0,217.0,624,624,pg4_10,75,49.0,52.0,2548.0
pg4_10_img075.xml,pg4_10_img075,6,pg_el,337.0,271.0,402.0,311.0,624,624,pg4_10,75,65.0,40.0,2600.0
pg4_10_img075.xml,pg4_10_img075,7,pg_el,382.0,369.0,424.0,416.0,624,624,pg4_10,75,42.0,47.0,1974.0
pg4_10_img075.xml,pg4_10_img075,8,pg_el,226.0,323.0,311.0,382.0,624,624,pg4_10,75,85.0,59.0,5015.0
pg4_10_img075.xml,pg4_10_img075,9,pg_el,277.0,389.0,346.0,447.0,624,624,pg4_10,75,69.0,58.0,4002.0
pg4_10_img075.xml,pg4_10_img075,10,pg_el,120.0,357.0,184.0,438.0,624,624,pg4_10,75,64.0,81.0,5184.0
pg4_10_img076.xml,pg4_10_img076,0,pg_el,228.0,117.0,281.0,160.0,624,624,pg4_10,76,53.0,43.0,2279.0
pg4_10_img076.xml,pg4_10_img076,1,pg_el,186.0,218.0,235.0,256.0,624,624,pg4_10,76,49.0,38.0,1862.0
pg4_10_img076.xml,pg4_10_img076,2,pg_el,99.0,322.0,148.0,381.0,624,624,pg4_10,76,49.0,59.0,2891.0
pg4_10_img076.xml,pg4_10_img076,3,pg_el,484.0,302.0,522.0,348.0,624,624,pg4_10,76,38.0,46.0,1748.0
pg4_10_img076.xml,pg4_10_img076,4,pg_el,397.0,158.0,445.0,194.0,624,624,pg4_10,76,48.0,36.0,1728.0
pg4_10_img076.xml,pg4_10_img076,5,pg_el,320.0,165.0,370.0,217.0,624,624,pg4_10,76,50.0,52.0,2600.0
pg4_10_img076.xml,pg4_10_img076,6,pg_el,336.0,271.0,402.0,311.0,624,624,pg4_10,76,66.0,40.0,2640.0
pg4_10_img076.xml,pg4_10_img076,7,pg_el,383.0,369.0,425.0,416.0,624,624,pg4_10,76,42.0,47.0,1974.0
pg4_10_img076.xml,pg4_10_img076,8,pg_el,226.0,323.0,313.0,382.0,624,624,pg4_10,76,87.0,59.0,5133.0
pg4_10_img076.xml,pg4_10_img076,9,pg_el,276.0,388.0,347.0,447.0,624,624,pg4_10,76,71.0,59.0,4189.0
pg4_10_img076.xml,pg4_10_img076,10,pg_el,120.0,356.0,184.0,439.0,624,624,pg4_10,76,64.0,83.0,5312.0
pg4_10_img077.xml,pg4_10_img077,0,pg_el,227.0,118.0,280.0,160.0,624,624,pg4_10,77,53.0,42.0,2226.0
pg4_10_img077.xml,pg4_10_img077,1,pg_el,186.0,218.0,236.0,256.0,624,624,pg4_10,77,50.0,38.0,1900.0
pg4_10_img077.xml,pg4_10_img077,2,pg_el,98.0,321.0,148.0,381.0,624,624,pg4_10,77,50.0,60.0,3000.0
pg4_10_img077.xml,pg4_10_img077,3,pg_el,484.0,301.0,523.0,349.0,624,624,pg4_10,77,39.0,48.0,1872.0
pg4_10_img077.xml,pg4_10_img077,4,pg_el,396.0,158.0,445.0,194.0,624,624,pg4_10,77,49.0,36.0,1764.0
pg4_10_img077.xml,pg4_10_img077,5,pg_el,320.0,165.0,370.0,218.0,624,624,pg4_10,77,50.0,53.0,2650.0
pg4_10_img077.xml,pg4_10_img077,6,pg_el,334.0,270.0,402.0,311.0,624,624,pg4_10,77,68.0,41.0,2788.0
pg4_10_img077.xml,pg4_10_img077,7,pg_el,383.0,369.0,425.0,416.0,624,624,pg4_10,77,42.0,47.0,1974.0
pg4_10_img077.xml,pg4_10_img077,8,pg_el,226.0,323.0,314.0,382.0,624,624,pg4_10,77,88.0,59.0,5192.0
pg4_10_img077.xml,pg4_10_img077,9,pg_el,275.0,387.0,348.0,447.0,624,624,pg4_10,77,73.0,60.0,4380.0
pg4_10_img077.xml,pg4_10_img077,10,pg_el,120.0,355.0,185.0,440.0,624,624,pg4_10,77,65.0,85.0,5525.0
pg4_10_img078.xml,pg4_10_img078,0,pg_el,227.0,118.0,280.0,161.0,624,624,pg4_10,78,53.0,43.0,2279.0
pg4_10_img078.xml,pg4_10_img078,1,pg_el,186.0,218.0,236.0,256.0,624,624,pg4_10,78,50.0,38.0,1900.0
pg4_10_img078.xml,pg4_10_img078,2,pg_el,97.0,321.0,148.0,381.0,624,624,pg4_10,78,51.0,60.0,3060.0
pg4_10_img078.xml,pg4_10_img078,3,pg_el,483.0,301.0,523.0,349.0,624,624,pg4_10,78,40.0,48.0,1920.0
pg4_10_img078.xml,pg4_10_img078,4,pg_el,396.0,158.0,445.0,194.0,624,624,pg4_10,78,49.0,36.0,1764.0
pg4_10_img078.xml,pg4_10_img078,5,pg_el,319.0,165.0,370.0,219.0,624,624,pg4_10,78,51.0,54.0,2754.0
pg4_10_img078.xml,pg4_10_img078,6,pg_el,332.0,269.0,402.0,311.0,624,624,pg4_10,78,70.0,42.0,2940.0
pg4_10_img078.xml,pg4_10_img078,7,pg_el,383.0,367.0,425.0,416.0,624,624,pg4_10,78,42.0,49.0,2058.0
pg4_10_img078.xml,pg4_10_img078,8,pg_el,226.0,323.0,315.0,383.0,624,624,pg4_10,78,89.0,60.0,5340.0
pg4_10_img078.xml,pg4_10_img078,9,pg_el,275.0,386.0,349.0,447.0,624,624,pg4_10,78,74.0,61.0,4514.0
pg4_10_img078.xml,pg4_10_img078,10,pg_el,119.0,355.0,185.0,441.0,624,624,pg4_10,78,66.0,86.0,5676.0
pg4_10_img079.xml,pg4_10_img079,0,pg_el,226.0,118.0,280.0,161.0,624,624,pg4_10,79,54.0,43.0,2322.0
pg4_10_img079.xml,pg4_10_img079,1,pg_el,186.0,218.0,236.0,256.0,624,624,pg4_10,79,50.0,38.0,1900.0
pg4_10_img079.xml,pg4_10_img079,2,pg_el,96.0,320.0,148.0,382.0,624,624,pg4_10,79,52.0,62.0,3224.0
pg4_10_img079.xml,pg4_10_img079,3,pg_el,483.0,301.0,523.0,349.0,624,624,pg4_10,79,40.0,48.0,1920.0
pg4_10_img079.xml,pg4_10_img079,4,pg_el,396.0,158.0,445.0,194.0,624,624,pg4_10,79,49.0,36.0,1764.0
pg4_10_img079.xml,pg4_10_img079,5,pg_el,319.0,165.0,370.0,219.0,624,624,pg4_10,79,51.0,54.0,2754.0
pg4_10_img079.xml,pg4_10_img079,6,pg_el,332.0,270.0,402.0,311.0,624,624,pg4_10,79,70.0,41.0,2870.0
pg4_10_img079.xml,pg4_10_img079,7,pg_el,383.0,365.0,425.0,416.0,624,624,pg4_10,79,42.0,51.0,2142.0
pg4_10_img079.xml,pg4_10_img079,8,pg_el,226.0,323.0,316.0,383.0,624,624,pg4_10,79,90.0,60.0,5400.0
pg4_10_img079.xml,pg4_10_img079,9,pg_el,274.0,386.0,350.0,448.0,624,624,pg4_10,79,76.0,62.0,4712.0
pg4_10_img079.xml,pg4_10_img079,10,pg_el,119.0,354.0,186.0,441.0,624,624,pg4_10,79,67.0,87.0,5829.0
pg4_10_img080.xml,pg4_10_img080,0,pg_el,226.0,118.0,279.0,161.0,624,624,pg4_10,80,53.0,43.0,2279.0
pg4_10_img080.xml,pg4_10_img080,1,pg_el,186.0,218.0,236.0,256.0,624,624,pg4_10,80,50.0,38.0,1900.0
pg4_10_img080.xml,pg4_10_img080,2,pg_el,95.0,320.0,148.0,382.0,624,624,pg4_10,80,53.0,62.0,3286.0
pg4_10_img080.xml,pg4_10_img080,3,pg_el,483.0,301.0,524.0,349.0,624,624,pg4_10,80,41.0,48.0,1968.0
pg4_10_img080.xml,pg4_10_img080,4,pg_el,395.0,158.0,445.0,194.0,624,624,pg4_10,80,50.0,36.0,1800.0
pg4_10_img080.xml,pg4_10_img080,5,pg_el,319.0,165.0,370.0,220.0,624,624,pg4_10,80,51.0,55.0,2805.0
pg4_10_img080.xml,pg4_10_img080,6,pg_el,333.0,270.0,402.0,311.0,624,624,pg4_10,80,69.0,41.0,2829.0
pg4_10_img080.xml,pg4_10_img080,7,pg_el,383.0,362.0,425.0,416.0,624,624,pg4_10,80,42.0,54.0,2268.0
pg4_10_img080.xml,pg4_10_img080,8,pg_el,226.0,323.0,316.0,383.0,624,624,pg4_10,80,90.0,60.0,5400.0
pg4_10_img080.xml,pg4_10_img080,9,pg_el,274.0,386.0,353.0,447.0,624,624,pg4_10,80,79.0,61.0,4819.0
pg4_10_img080.xml,pg4_10_img080,10,pg_el,119.0,353.0,186.0,442.0,624,624,pg4_10,80,67.0,89.0,5963.0
pg4_10_img081.xml,pg4_10_img081,0,pg_el,226.0,117.0,280.0,161.0,624,624,pg4_10,81,54.0,44.0,2376.0
pg4_10_img081.xml,pg4_10_img081,1,pg_el,185.0,218.0,236.0,257.0,624,624,pg4_10,81,51.0,39.0,1989.0
pg4_10_img081.xml,pg4_10_img081,2,pg_el,94.0,320.0,148.0,383.0,624,624,pg4_10,81,54.0,63.0,3402.0
pg4_10_img081.xml,pg4_10_img081,3,pg_el,483.0,301.0,524.0,349.0,624,624,pg4_10,81,41.0,48.0,1968.0
pg4_10_img081.xml,pg4_10_img081,4,pg_el,395.0,158.0,445.0,194.0,624,624,pg4_10,81,50.0,36.0,1800.0
pg4_10_img081.xml,pg4_10_img081,5,pg_el,319.0,165.0,370.0,221.0,624,624,pg4_10,81,51.0,56.0,2856.0
pg4_10_img081.xml,pg4_10_img081,6,pg_el,333.0,270.0,402.0,312.0,624,624,pg4_10,81,69.0,42.0,2898.0
pg4_10_img081.xml,pg4_10_img081,7,pg_el,383.0,360.0,425.0,416.0,624,624,pg4_10,81,42.0,56.0,2352.0
pg4_10_img081.xml,pg4_10_img081,8,pg_el,226.0,323.0,317.0,383.0,624,624,pg4_10,81,91.0,60.0,5460.0
pg4_10_img081.xml,pg4_10_img081,9,pg_el,273.0,386.0,355.0,447.0,624,624,pg4_10,81,82.0,61.0,5002.0
pg4_10_img081.xml,pg4_10_img081,10,pg_el,119.0,352.0,186.0,443.0,624,624,pg4_10,81,67.0,91.0,6097.0
pg4_10_img082.xml,pg4_10_img082,0,pg_el,226.0,116.0,281.0,162.0,624,624,pg4_10,82,55.0,46.0,2530.0
pg4_10_img082.xml,pg4_10_img082,1,pg_el,185.0,218.0,236.0,258.0,624,624,pg4_10,82,51.0,40.0,2040.0
pg4_10_img082.xml,pg4_10_img082,2,pg_el,93.0,319.0,148.0,384.0,624,624,pg4_10,82,55.0,65.0,3575.0
pg4_10_img082.xml,pg4_10_img082,3,pg_el,483.0,301.0,524.0,349.0,624,624,pg4_10,82,41.0,48.0,1968.0
pg4_10_img082.xml,pg4_10_img082,4,pg_el,395.0,158.0,446.0,194.0,624,624,pg4_10,82,51.0,36.0,1836.0
pg4_10_img082.xml,pg4_10_img082,5,pg_el,319.0,165.0,370.0,222.0,624,624,pg4_10,82,51.0,57.0,2907.0
pg4_10_img082.xml,pg4_10_img082,6,pg_el,333.0,271.0,402.0,312.0,624,624,pg4_10,82,69.0,41.0,2829.0
pg4_10_img082.xml,pg4_10_img082,7,pg_el,383.0,360.0,425.0,416.0,624,624,pg4_10,82,42.0,56.0,2352.0
pg4_10_img082.xml,pg4_10_img082,8,pg_el,226.0,323.0,318.0,383.0,624,624,pg4_10,82,92.0,60.0,5520.0
pg4_10_img082.xml,pg4_10_img082,9,pg_el,273.0,385.0,358.0,447.0,624,624,pg4_10,82,85.0,62.0,5270.0
pg4_10_img082.xml,pg4_10_img082,10,pg_el,118.0,351.0,187.0,443.0,624,624,pg4_10,82,69.0,92.0,6348.0
pg4_10_img083.xml,pg4_10_img083,0,pg_el,226.0,115.0,282.0,162.0,624,624,pg4_10,83,56.0,47.0,2632.0
pg4_10_img083.xml,pg4_10_img083,1,pg_el,184.0,218.0,236.0,259.0,624,624,pg4_10,83,52.0,41.0,2132.0
pg4_10_img083.xml,pg4_10_img083,2,pg_el,91.0,319.0,149.0,385.0,624,624,pg4_10,83,58.0,66.0,3828.0
pg4_10_img083.xml,pg4_10_img083,3,pg_el,482.0,301.0,525.0,349.0,624,624,pg4_10,83,43.0,48.0,2064.0
pg4_10_img083.xml,pg4_10_img083,4,pg_el,395.0,158.0,446.0,194.0,624,624,pg4_10,83,51.0,36.0,1836.0
pg4_10_img083.xml,pg4_10_img083,5,pg_el,318.0,165.0,370.0,222.0,624,624,pg4_10,83,52.0,57.0,2964.0
pg4_10_img083.xml,pg4_10_img083,6,pg_el,333.0,271.0,402.0,312.0,624,624,pg4_10,83,69.0,41.0,2829.0
pg4_10_img083.xml,pg4_10_img083,7,pg_el,382.0,360.0,425.0,416.0,624,624,pg4_10,83,43.0,56.0,2408.0
pg4_10_img083.xml,pg4_10_img083,8,pg_el,226.0,323.0,319.0,383.0,624,624,pg4_10,83,93.0,60.0,5580.0
pg4_10_img083.xml,pg4_10_img083,9,pg_el,273.0,385.0,360.0,447.0,624,624,pg4_10,83,87.0,62.0,5394.0
pg4_10_img083.xml,pg4_10_img083,10,pg_el,118.0,350.0,188.0,444.0,624,624,pg4_10,83,70.0,94.0,6580.0
pg4_10_img084.xml,pg4_10_img084,0,pg_el,228.0,112.0,286.0,159.0,624,624,pg4_10,84,58.0,47.0,2726.0
pg4_10_img084.xml,pg4_10_img084,1,pg_el,183.0,218.0,236.0,260.0,624,624,pg4_10,84,53.0,42.0,2226.0
pg4_10_img084.xml,pg4_10_img084,2,pg_el,89.0,318.0,149.0,386.0,624,624,pg4_10,84,60.0,68.0,4080.0
pg4_10_img084.xml,pg4_10_img084,3,pg_el,482.0,301.0,525.0,349.0,624,624,pg4_10,84,43.0,48.0,2064.0
pg4_10_img084.xml,pg4_10_img084,4,pg_el,395.0,158.0,447.0,195.0,624,624,pg4_10,84,52.0,37.0,1924.0
pg4_10_img084.xml,pg4_10_img084,5,pg_el,318.0,165.0,370.0,223.0,624,624,pg4_10,84,52.0,58.0,3016.0
pg4_10_img084.xml,pg4_10_img084,6,pg_el,332.0,271.0,402.0,312.0,624,624,pg4_10,84,70.0,41.0,2870.0
pg4_10_img084.xml,pg4_10_img084,7,pg_el,382.0,360.0,425.0,416.0,624,624,pg4_10,84,43.0,56.0,2408.0
pg4_10_img084.xml,pg4_10_img084,8,pg_el,226.0,323.0,320.0,383.0,624,624,pg4_10,84,94.0,60.0,5640.0
pg4_10_img084.xml,pg4_10_img084,9,pg_el,273.0,385.0,363.0,447.0,624,624,pg4_10,84,90.0,62.0,5580.0
pg4_10_img084.xml,pg4_10_img084,10,pg_el,118.0,349.0,188.0,444.0,624,624,pg4_10,84,70.0,95.0,6650.0
pg4_10_img085.xml,pg4_10_img085,0,pg_el,230.0,108.0,289.0,156.0,624,624,pg4_10,85,59.0,48.0,2832.0
pg4_10_img085.xml,pg4_10_img085,1,pg_el,183.0,218.0,236.0,260.0,624,624,pg4_10,85,53.0,42.0,2226.0
pg4_10_img085.xml,pg4_10_img085,2,pg_el,89.0,317.0,149.0,387.0,624,624,pg4_10,85,60.0,70.0,4200.0
pg4_10_img085.xml,pg4_10_img085,3,pg_el,482.0,301.0,526.0,349.0,624,624,pg4_10,85,44.0,48.0,2112.0
pg4_10_img085.xml,pg4_10_img085,4,pg_el,395.0,158.0,447.0,195.0,624,624,pg4_10,85,52.0,37.0,1924.0
pg4_10_img085.xml,pg4_10_img085,5,pg_el,318.0,165.0,370.0,224.0,624,624,pg4_10,85,52.0,59.0,3068.0
pg4_10_img085.xml,pg4_10_img085,6,pg_el,332.0,271.0,402.0,312.0,624,624,pg4_10,85,70.0,41.0,2870.0
pg4_10_img085.xml,pg4_10_img085,7,pg_el,382.0,360.0,425.0,416.0,624,624,pg4_10,85,43.0,56.0,2408.0
pg4_10_img085.xml,pg4_10_img085,8,pg_el,226.0,323.0,321.0,384.0,624,624,pg4_10,85,95.0,61.0,5795.0
pg4_10_img085.xml,pg4_10_img085,9,pg_el,273.0,385.0,365.0,447.0,624,624,pg4_10,85,92.0,62.0,5704.0
pg4_10_img085.xml,pg4_10_img085,10,pg_el,118.0,347.0,189.0,444.0,624,624,pg4_10,85,71.0,97.0,6887.0
pg4_10_img086.xml,pg4_10_img086,0,pg_el,230.0,108.0,289.0,158.0,624,624,pg4_10,86,59.0,50.0,2950.0
pg4_10_img086.xml,pg4_10_img086,1,pg_el,183.0,218.0,237.0,260.0,624,624,pg4_10,86,54.0,42.0,2268.0
pg4_10_img086.xml,pg4_10_img086,2,pg_el,88.0,317.0,148.0,387.0,624,624,pg4_10,86,60.0,70.0,4200.0
pg4_10_img086.xml,pg4_10_img086,3,pg_el,482.0,301.0,526.0,349.0,624,624,pg4_10,86,44.0,48.0,2112.0
pg4_10_img086.xml,pg4_10_img086,4,pg_el,395.0,158.0,448.0,195.0,624,624,pg4_10,86,53.0,37.0,1961.0
pg4_10_img086.xml,pg4_10_img086,5,pg_el,318.0,165.0,370.0,224.0,624,624,pg4_10,86,52.0,59.0,3068.0
pg4_10_img086.xml,pg4_10_img086,6,pg_el,331.0,271.0,402.0,312.0,624,624,pg4_10,86,71.0,41.0,2911.0
pg4_10_img086.xml,pg4_10_img086,7,pg_el,381.0,360.0,425.0,416.0,624,624,pg4_10,86,44.0,56.0,2464.0
pg4_10_img086.xml,pg4_10_img086,8,pg_el,226.0,323.0,322.0,384.0,624,624,pg4_10,86,96.0,61.0,5856.0
pg4_10_img086.xml,pg4_10_img086,9,pg_el,272.0,385.0,368.0,447.0,624,624,pg4_10,86,96.0,62.0,5952.0
pg4_10_img086.xml,pg4_10_img086,10,pg_el,118.0,346.0,189.0,444.0,624,624,pg4_10,86,71.0,98.0,6958.0
pg4_10_img087.xml,pg4_10_img087,0,pg_el,230.0,108.0,290.0,159.0,624,624,pg4_10,87,60.0,51.0,3060.0
pg4_10_img087.xml,pg4_10_img087,1,pg_el,182.0,218.0,237.0,260.0,624,624,pg4_10,87,55.0,42.0,2310.0
pg4_10_img087.xml,pg4_10_img087,2,pg_el,88.0,316.0,148.0,388.0,624,624,pg4_10,87,60.0,72.0,4320.0
pg4_10_img087.xml,pg4_10_img087,3,pg_el,483.0,301.0,527.0,350.0,624,624,pg4_10,87,44.0,49.0,2156.0
pg4_10_img087.xml,pg4_10_img087,4,pg_el,395.0,158.0,448.0,195.0,624,624,pg4_10,87,53.0,37.0,1961.0
pg4_10_img087.xml,pg4_10_img087,5,pg_el,318.0,165.0,370.0,225.0,624,624,pg4_10,87,52.0,60.0,3120.0
pg4_10_img087.xml,pg4_10_img087,6,pg_el,330.0,271.0,402.0,312.0,624,624,pg4_10,87,72.0,41.0,2952.0
pg4_10_img087.xml,pg4_10_img087,7,pg_el,381.0,360.0,425.0,416.0,624,624,pg4_10,87,44.0,56.0,2464.0
pg4_10_img087.xml,pg4_10_img087,8,pg_el,226.0,323.0,323.0,384.0,624,624,pg4_10,87,97.0,61.0,5917.0
pg4_10_img087.xml,pg4_10_img087,9,pg_el,272.0,385.0,370.0,447.0,624,624,pg4_10,87,98.0,62.0,6076.0
pg4_10_img087.xml,pg4_10_img087,10,pg_el,118.0,345.0,190.0,445.0,624,624,pg4_10,87,72.0,100.0,7200.0
pg4_10_img088.xml,pg4_10_img088,0,pg_el,230.0,108.0,290.0,160.0,624,624,pg4_10,88,60.0,52.0,3120.0
pg4_10_img088.xml,pg4_10_img088,1,pg_el,181.0,218.0,237.0,260.0,624,624,pg4_10,88,56.0,42.0,2352.0
pg4_10_img088.xml,pg4_10_img088,2,pg_el,87.0,315.0,148.0,388.0,624,624,pg4_10,88,61.0,73.0,4453.0
pg4_10_img088.xml,pg4_10_img088,3,pg_el,483.0,301.0,527.0,351.0,624,624,pg4_10,88,44.0,50.0,2200.0
pg4_10_img088.xml,pg4_10_img088,4,pg_el,394.0,158.0,448.0,195.0,624,624,pg4_10,88,54.0,37.0,1998.0
pg4_10_img088.xml,pg4_10_img088,5,pg_el,317.0,165.0,370.0,226.0,624,624,pg4_10,88,53.0,61.0,3233.0
pg4_10_img088.xml,pg4_10_img088,6,pg_el,329.0,270.0,402.0,312.0,624,624,pg4_10,88,73.0,42.0,3066.0
pg4_10_img088.xml,pg4_10_img088,7,pg_el,381.0,360.0,425.0,416.0,624,624,pg4_10,88,44.0,56.0,2464.0
pg4_10_img088.xml,pg4_10_img088,8,pg_el,226.0,323.0,325.0,385.0,624,624,pg4_10,88,99.0,62.0,6138.0
pg4_10_img088.xml,pg4_10_img088,9,pg_el,272.0,385.0,373.0,447.0,624,624,pg4_10,88,101.0,62.0,6262.0
pg4_10_img088.xml,pg4_10_img088,10,pg_el,118.0,344.0,190.0,445.0,624,624,pg4_10,88,72.0,101.0,7272.0
pg4_10_img089.xml,pg4_10_img089,0,pg_el,230.0,108.0,290.0,161.0,624,624,pg4_10,89,60.0,53.0,3180.0
pg4_10_img089.xml,pg4_10_img089,1,pg_el,181.0,217.0,237.0,259.0,624,624,pg4_10,89,56.0,42.0,2352.0
pg4_10_img089.xml,pg4_10_img089,2,pg_el,87.0,315.0,148.0,390.0,624,624,pg4_10,89,61.0,75.0,4575.0
pg4_10_img089.xml,pg4_10_img089,3,pg_el,483.0,301.0,528.0,351.0,624,624,pg4_10,89,45.0,50.0,2250.0
pg4_10_img089.xml,pg4_10_img089,4,pg_el,393.0,158.0,448.0,195.0,624,624,pg4_10,89,55.0,37.0,2035.0
pg4_10_img089.xml,pg4_10_img089,5,pg_el,317.0,165.0,370.0,227.0,624,624,pg4_10,89,53.0,62.0,3286.0
pg4_10_img089.xml,pg4_10_img089,6,pg_el,328.0,270.0,402.0,312.0,624,624,pg4_10,89,74.0,42.0,3108.0
pg4_10_img089.xml,pg4_10_img089,7,pg_el,380.0,360.0,425.0,416.0,624,624,pg4_10,89,45.0,56.0,2520.0
pg4_10_img089.xml,pg4_10_img089,8,pg_el,226.0,323.0,328.0,386.0,624,624,pg4_10,89,102.0,63.0,6426.0
pg4_10_img089.xml,pg4_10_img089,9,pg_el,272.0,385.0,375.0,446.0,624,624,pg4_10,89,103.0,61.0,6283.0
pg4_10_img089.xml,pg4_10_img089,10,pg_el,118.0,342.0,191.0,445.0,624,624,pg4_10,89,73.0,103.0,7519.0
pg4_10_img090.xml,pg4_10_img090,0,pg_el,230.0,107.0,290.0,161.0,624,624,pg4_10,90,60.0,54.0,3240.0
pg4_10_img090.xml,pg4_10_img090,1,pg_el,180.0,217.0,238.0,259.0,624,624,pg4_10,90,58.0,42.0,2436.0
pg4_10_img090.xml,pg4_10_img090,2,pg_el,87.0,315.0,148.0,391.0,624,624,pg4_10,90,61.0,76.0,4636.0
pg4_10_img090.xml,pg4_10_img090,3,pg_el,483.0,300.0,528.0,352.0,624,624,pg4_10,90,45.0,52.0,2340.0
pg4_10_img090.xml,pg4_10_img090,4,pg_el,393.0,157.0,448.0,195.0,624,624,pg4_10,90,55.0,38.0,2090.0
pg4_10_img090.xml,pg4_10_img090,5,pg_el,317.0,165.0,370.0,228.0,624,624,pg4_10,90,53.0,63.0,3339.0
pg4_10_img090.xml,pg4_10_img090,6,pg_el,328.0,270.0,402.0,312.0,624,624,pg4_10,90,74.0,42.0,3108.0
pg4_10_img090.xml,pg4_10_img090,7,pg_el,380.0,360.0,425.0,416.0,624,624,pg4_10,90,45.0,56.0,2520.0
pg4_10_img090.xml,pg4_10_img090,8,pg_el,226.0,323.0,330.0,387.0,624,624,pg4_10,90,104.0,64.0,6656.0
pg4_10_img090.xml,pg4_10_img090,9,pg_el,272.0,385.0,378.0,446.0,624,624,pg4_10,90,106.0,61.0,6466.0
pg4_10_img090.xml,pg4_10_img090,10,pg_el,117.0,341.0,191.0,445.0,624,624,pg4_10,90,74.0,104.0,7696.0
pg4_10_img091.xml,pg4_10_img091,0,pg_el,230.0,106.0,291.0,161.0,624,624,pg4_10,91,61.0,55.0,3355.0
pg4_10_img091.xml,pg4_10_img091,1,pg_el,179.0,217.0,238.0,259.0,624,624,pg4_10,91,59.0,42.0,2478.0
pg4_10_img091.xml,pg4_10_img091,2,pg_el,87.0,315.0,148.0,393.0,624,624,pg4_10,91,61.0,78.0,4758.0
pg4_10_img091.xml,pg4_10_img091,3,pg_el,484.0,300.0,529.0,352.0,624,624,pg4_10,91,45.0,52.0,2340.0
pg4_10_img091.xml,pg4_10_img091,4,pg_el,392.0,157.0,448.0,195.0,624,624,pg4_10,91,56.0,38.0,2128.0
pg4_10_img091.xml,pg4_10_img091,5,pg_el,316.0,165.0,370.0,229.0,624,624,pg4_10,91,54.0,64.0,3456.0
pg4_10_img091.xml,pg4_10_img091,6,pg_el,326.0,270.0,403.0,312.0,624,624,pg4_10,91,77.0,42.0,3234.0
pg4_10_img091.xml,pg4_10_img091,7,pg_el,379.0,360.0,425.0,416.0,624,624,pg4_10,91,46.0,56.0,2576.0
pg4_10_img091.xml,pg4_10_img091,8,pg_el,226.0,323.0,333.0,388.0,624,624,pg4_10,91,107.0,65.0,6955.0
pg4_10_img091.xml,pg4_10_img091,9,pg_el,272.0,384.0,380.0,446.0,624,624,pg4_10,91,108.0,62.0,6696.0
pg4_10_img091.xml,pg4_10_img091,10,pg_el,117.0,340.0,192.0,446.0,624,624,pg4_10,91,75.0,106.0,7950.0
pg4_10_img092.xml,pg4_10_img092,0,pg_el,230.0,105.0,291.0,162.0,624,624,pg4_10,92,61.0,57.0,3477.0
pg4_10_img092.xml,pg4_10_img092,1,pg_el,178.0,217.0,238.0,259.0,624,624,pg4_10,92,60.0,42.0,2520.0
pg4_10_img092.xml,pg4_10_img092,2,pg_el,87.0,314.0,147.0,394.0,624,624,pg4_10,92,60.0,80.0,4800.0
pg4_10_img092.xml,pg4_10_img092,3,pg_el,484.0,300.0,530.0,353.0,624,624,pg4_10,92,46.0,53.0,2438.0
pg4_10_img092.xml,pg4_10_img092,4,pg_el,392.0,157.0,449.0,195.0,624,624,pg4_10,92,57.0,38.0,2166.0
pg4_10_img092.xml,pg4_10_img092,5,pg_el,316.0,165.0,370.0,230.0,624,624,pg4_10,92,54.0,65.0,3510.0
pg4_10_img092.xml,pg4_10_img092,6,pg_el,324.0,270.0,403.0,312.0,624,624,pg4_10,92,79.0,42.0,3318.0
pg4_10_img092.xml,pg4_10_img092,7,pg_el,379.0,360.0,425.0,416.0,624,624,pg4_10,92,46.0,56.0,2576.0
pg4_10_img092.xml,pg4_10_img092,8,pg_el,226.0,323.0,335.0,389.0,624,624,pg4_10,92,109.0,66.0,7194.0
pg4_10_img092.xml,pg4_10_img092,9,pg_el,271.0,384.0,383.0,446.0,624,624,pg4_10,92,112.0,62.0,6944.0
pg4_10_img092.xml,pg4_10_img092,10,pg_el,117.0,339.0,193.0,446.0,624,624,pg4_10,92,76.0,107.0,8132.0
pg4_10_img093.xml,pg4_10_img093,0,pg_el,230.0,104.0,291.0,162.0,624,624,pg4_10,93,61.0,58.0,3538.0
pg4_10_img093.xml,pg4_10_img093,1,pg_el,177.0,217.0,238.0,259.0,624,624,pg4_10,93,61.0,42.0,2562.0
pg4_10_img093.xml,pg4_10_img093,2,pg_el,87.0,314.0,147.0,396.0,624,624,pg4_10,93,60.0,82.0,4920.0
pg4_10_img093.xml,pg4_10_img093,3,pg_el,484.0,300.0,530.0,353.0,624,624,pg4_10,93,46.0,53.0,2438.0
pg4_10_img093.xml,pg4_10_img093,4,pg_el,392.0,157.0,450.0,196.0,624,624,pg4_10,93,58.0,39.0,2262.0
pg4_10_img093.xml,pg4_10_img093,5,pg_el,316.0,165.0,370.0,231.0,624,624,pg4_10,93,54.0,66.0,3564.0
pg4_10_img093.xml,pg4_10_img093,6,pg_el,323.0,270.0,403.0,312.0,624,624,pg4_10,93,80.0,42.0,3360.0
pg4_10_img093.xml,pg4_10_img093,7,pg_el,379.0,360.0,425.0,416.0,624,624,pg4_10,93,46.0,56.0,2576.0
pg4_10_img093.xml,pg4_10_img093,8,pg_el,226.0,323.0,338.0,390.0,624,624,pg4_10,93,112.0,67.0,7504.0
pg4_10_img093.xml,pg4_10_img093,9,pg_el,271.0,384.0,386.0,447.0,624,624,pg4_10,93,115.0,63.0,7245.0
pg4_10_img093.xml,pg4_10_img093,10,pg_el,117.0,338.0,193.0,447.0,624,624,pg4_10,93,76.0,109.0,8284.0
pg4_10_img094.xml,pg4_10_img094,0,pg_el,230.0,103.0,292.0,162.0,624,624,pg4_10,94,62.0,59.0,3658.0
pg4_10_img094.xml,pg4_10_img094,1,pg_el,177.0,217.0,238.0,259.0,624,624,pg4_10,94,61.0,42.0,2562.0
pg4_10_img094.xml,pg4_10_img094,2,pg_el,86.0,313.0,146.0,396.0,624,624,pg4_10,94,60.0,83.0,4980.0
pg4_10_img094.xml,pg4_10_img094,3,pg_el,485.0,301.0,532.0,355.0,624,624,pg4_10,94,47.0,54.0,2538.0
pg4_10_img094.xml,pg4_10_img094,4,pg_el,392.0,157.0,450.0,196.0,624,624,pg4_10,94,58.0,39.0,2262.0
pg4_10_img094.xml,pg4_10_img094,5,pg_el,315.0,165.0,370.0,232.0,624,624,pg4_10,94,55.0,67.0,3685.0
pg4_10_img094.xml,pg4_10_img094,6,pg_el,321.0,270.0,403.0,312.0,624,624,pg4_10,94,82.0,42.0,3444.0
pg4_10_img094.xml,pg4_10_img094,7,pg_el,379.0,360.0,426.0,416.0,624,624,pg4_10,94,47.0,56.0,2632.0
pg4_10_img094.xml,pg4_10_img094,8,pg_el,226.0,323.0,340.0,392.0,624,624,pg4_10,94,114.0,69.0,7866.0
pg4_10_img094.xml,pg4_10_img094,9,pg_el,271.0,384.0,389.0,447.0,624,624,pg4_10,94,118.0,63.0,7434.0
pg4_10_img094.xml,pg4_10_img094,10,pg_el,117.0,337.0,194.0,448.0,624,624,pg4_10,94,77.0,111.0,8547.0
pg4_10_img095.xml,pg4_10_img095,0,pg_el,230.0,103.0,292.0,163.0,624,624,pg4_10,95,62.0,60.0,3720.0
pg4_10_img095.xml,pg4_10_img095,1,pg_el,177.0,217.0,238.0,258.0,624,624,pg4_10,95,61.0,41.0,2501.0
pg4_10_img095.xml,pg4_10_img095,2,pg_el,85.0,313.0,145.0,395.0,624,624,pg4_10,95,60.0,82.0,4920.0
pg4_10_img095.xml,pg4_10_img095,3,pg_el,486.0,302.0,533.0,357.0,624,624,pg4_10,95,47.0,55.0,2585.0
pg4_10_img095.xml,pg4_10_img095,4,pg_el,392.0,157.0,451.0,196.0,624,624,pg4_10,95,59.0,39.0,2301.0
pg4_10_img095.xml,pg4_10_img095,5,pg_el,315.0,165.0,370.0,233.0,624,624,pg4_10,95,55.0,68.0,3740.0
pg4_10_img095.xml,pg4_10_img095,6,pg_el,320.0,270.0,403.0,312.0,624,624,pg4_10,95,83.0,42.0,3486.0
pg4_10_img095.xml,pg4_10_img095,7,pg_el,379.0,360.0,427.0,416.0,624,624,pg4_10,95,48.0,56.0,2688.0
pg4_10_img095.xml,pg4_10_img095,8,pg_el,226.0,323.0,343.0,393.0,624,624,pg4_10,95,117.0,70.0,8190.0
pg4_10_img095.xml,pg4_10_img095,9,pg_el,271.0,384.0,392.0,448.0,624,624,pg4_10,95,121.0,64.0,7744.0
pg4_10_img095.xml,pg4_10_img095,10,pg_el,116.0,335.0,195.0,449.0,624,624,pg4_10,95,79.0,114.0,9006.0
pg4_10_img096.xml,pg4_10_img096,0,pg_el,230.0,103.0,292.0,163.0,624,624,pg4_10,96,62.0,60.0,3720.0
pg4_10_img096.xml,pg4_10_img096,1,pg_el,177.0,216.0,238.0,258.0,624,624,pg4_10,96,61.0,42.0,2562.0
pg4_10_img096.xml,pg4_10_img096,2,pg_el,84.0,313.0,144.0,395.0,624,624,pg4_10,96,60.0,82.0,4920.0
pg4_10_img096.xml,pg4_10_img096,3,pg_el,487.0,304.0,535.0,359.0,624,624,pg4_10,96,48.0,55.0,2640.0
pg4_10_img096.xml,pg4_10_img096,4,pg_el,392.0,157.0,452.0,196.0,624,624,pg4_10,96,60.0,39.0,2340.0
pg4_10_img096.xml,pg4_10_img096,5,pg_el,315.0,165.0,370.0,234.0,624,624,pg4_10,96,55.0,69.0,3795.0
pg4_10_img096.xml,pg4_10_img096,6,pg_el,318.0,270.0,403.0,312.0,624,624,pg4_10,96,85.0,42.0,3570.0
pg4_10_img096.xml,pg4_10_img096,7,pg_el,379.0,360.0,428.0,415.0,624,624,pg4_10,96,49.0,55.0,2695.0
pg4_10_img096.xml,pg4_10_img096,8,pg_el,226.0,323.0,345.0,394.0,624,624,pg4_10,96,119.0,71.0,8449.0
pg4_10_img096.xml,pg4_10_img096,9,pg_el,271.0,384.0,395.0,449.0,624,624,pg4_10,96,124.0,65.0,8060.0
pg4_10_img096.xml,pg4_10_img096,10,pg_el,116.0,334.0,196.0,450.0,624,624,pg4_10,96,80.0,116.0,9280.0
pg4_10_img097.xml,pg4_10_img097,0,pg_el,230.0,103.0,292.0,164.0,624,624,pg4_10,97,62.0,61.0,3782.0
pg4_10_img097.xml,pg4_10_img097,1,pg_el,176.0,216.0,237.0,258.0,624,624,pg4_10,97,61.0,42.0,2562.0
pg4_10_img097.xml,pg4_10_img097,2,pg_el,83.0,314.0,143.0,396.0,624,624,pg4_10,97,60.0,82.0,4920.0
pg4_10_img097.xml,pg4_10_img097,3,pg_el,487.0,303.0,536.0,358.0,624,624,pg4_10,97,49.0,55.0,2695.0
pg4_10_img097.xml,pg4_10_img097,4,pg_el,392.0,157.0,453.0,197.0,624,624,pg4_10,97,61.0,40.0,2440.0
pg4_10_img097.xml,pg4_10_img097,5,pg_el,314.0,165.0,370.0,235.0,624,624,pg4_10,97,56.0,70.0,3920.0
pg4_10_img097.xml,pg4_10_img097,6,pg_el,316.0,269.0,403.0,312.0,624,624,pg4_10,97,87.0,43.0,3741.0
pg4_10_img097.xml,pg4_10_img097,7,pg_el,379.0,360.0,429.0,415.0,624,624,pg4_10,97,50.0,55.0,2750.0
pg4_10_img097.xml,pg4_10_img097,8,pg_el,226.0,323.0,348.0,395.0,624,624,pg4_10,97,122.0,72.0,8784.0
pg4_10_img097.xml,pg4_10_img097,9,pg_el,271.0,384.0,398.0,450.0,624,624,pg4_10,97,127.0,66.0,8382.0
pg4_10_img097.xml,pg4_10_img097,10,pg_el,116.0,333.0,196.0,451.0,624,624,pg4_10,97,80.0,118.0,9440.0
pg6_5_img001.xml,pg6_5_img001,0,pg_im,365.0,411.0,400.0,448.0,624,624,pg6_5,1,35.0,37.0,1295.0
pg6_5_img001.xml,pg6_5_img001,1,pg_im,281.0,158.0,318.0,189.0,624,624,pg6_5,1,37.0,31.0,1147.0
pg6_5_img001.xml,pg6_5_img001,2,pg_im,148.0,323.0,184.0,356.0,624,624,pg6_5,1,36.0,33.0,1188.0
pg6_5_img001.xml,pg6_5_img001,3,pg_im,217.0,405.0,258.0,435.0,624,624,pg6_5,1,41.0,30.0,1230.0
pg6_5_img001.xml,pg6_5_img001,4,pg_im,278.0,452.0,312.0,488.0,624,624,pg6_5,1,34.0,36.0,1224.0
pg6_5_img001.xml,pg6_5_img001,5,pg_im,249.0,344.0,286.0,381.0,624,624,pg6_5,1,37.0,37.0,1369.0
pg6_5_img001.xml,pg6_5_img001,6,pg_im,227.0,261.0,263.0,296.0,624,624,pg6_5,1,36.0,35.0,1260.0
pg6_5_img001.xml,pg6_5_img001,7,pg_im,407.0,318.0,440.0,365.0,624,624,pg6_5,1,33.0,47.0,1551.0
pg6_5_img001.xml,pg6_5_img001,8,pg_im,424.0,247.0,465.0,280.0,624,624,pg6_5,1,41.0,33.0,1353.0
pg6_5_img001.xml,pg6_5_img001,9,pg_im,360.0,223.0,396.0,252.0,624,624,pg6_5,1,36.0,29.0,1044.0
pg6_5_img001.xml,pg6_5_img001,10,pg_im,355.0,156.0,396.0,188.0,624,624,pg6_5,1,41.0,32.0,1312.0
pg6_5_img002.xml,pg6_5_img002,0,pg_im,363.0,408.0,398.0,445.0,624,624,pg6_5,2,35.0,37.0,1295.0
pg6_5_img002.xml,pg6_5_img002,1,pg_im,281.0,157.0,318.0,188.0,624,624,pg6_5,2,37.0,31.0,1147.0
pg6_5_img002.xml,pg6_5_img002,2,pg_im,148.0,322.0,184.0,355.0,624,624,pg6_5,2,36.0,33.0,1188.0
pg6_5_img002.xml,pg6_5_img002,3,pg_im,218.0,402.0,259.0,433.0,624,624,pg6_5,2,41.0,31.0,1271.0
pg6_5_img002.xml,pg6_5_img002,4,pg_im,278.0,450.0,312.0,486.0,624,624,pg6_5,2,34.0,36.0,1224.0
pg6_5_img002.xml,pg6_5_img002,5,pg_im,249.0,343.0,285.0,381.0,624,624,pg6_5,2,36.0,38.0,1368.0
pg6_5_img002.xml,pg6_5_img002,6,pg_im,227.0,258.0,263.0,293.0,624,624,pg6_5,2,36.0,35.0,1260.0
pg6_5_img002.xml,pg6_5_img002,7,pg_im,407.0,315.0,440.0,362.0,624,624,pg6_5,2,33.0,47.0,1551.0
pg6_5_img002.xml,pg6_5_img002,8,pg_im,423.0,244.0,463.0,277.0,624,624,pg6_5,2,40.0,33.0,1320.0
pg6_5_img002.xml,pg6_5_img002,9,pg_im,360.0,218.0,396.0,248.0,624,624,pg6_5,2,36.0,30.0,1080.0
pg6_5_img002.xml,pg6_5_img002,10,pg_im,355.0,154.0,396.0,185.0,624,624,pg6_5,2,41.0,31.0,1271.0
pg6_5_img003.xml,pg6_5_img003,0,pg_im,363.0,408.0,398.0,445.0,624,624,pg6_5,3,35.0,37.0,1295.0
pg6_5_img003.xml,pg6_5_img003,1,pg_im,281.0,157.0,318.0,188.0,624,624,pg6_5,3,37.0,31.0,1147.0
pg6_5_img003.xml,pg6_5_img003,2,pg_im,148.0,322.0,184.0,355.0,624,624,pg6_5,3,36.0,33.0,1188.0
pg6_5_img003.xml,pg6_5_img003,3,pg_im,218.0,402.0,259.0,433.0,624,624,pg6_5,3,41.0,31.0,1271.0
pg6_5_img003.xml,pg6_5_img003,4,pg_im,278.0,450.0,312.0,486.0,624,624,pg6_5,3,34.0,36.0,1224.0
pg6_5_img003.xml,pg6_5_img003,5,pg_im,249.0,343.0,286.0,381.0,624,624,pg6_5,3,37.0,38.0,1406.0
pg6_5_img003.xml,pg6_5_img003,6,pg_im,227.0,258.0,263.0,293.0,624,624,pg6_5,3,36.0,35.0,1260.0
pg6_5_img003.xml,pg6_5_img003,7,pg_im,407.0,315.0,440.0,362.0,624,624,pg6_5,3,33.0,47.0,1551.0
pg6_5_img003.xml,pg6_5_img003,8,pg_im,424.0,244.0,465.0,274.0,624,624,pg6_5,3,41.0,30.0,1230.0
pg6_5_img003.xml,pg6_5_img003,9,pg_im,360.0,218.0,396.0,248.0,624,624,pg6_5,3,36.0,30.0,1080.0
pg6_5_img003.xml,pg6_5_img003,10,pg_im,355.0,154.0,395.0,185.0,624,624,pg6_5,3,40.0,31.0,1240.0
pg6_5_img004.xml,pg6_5_img004,0,pg_im,363.0,408.0,398.0,445.0,624,624,pg6_5,4,35.0,37.0,1295.0
pg6_5_img004.xml,pg6_5_img004,1,pg_im,281.0,157.0,318.0,188.0,624,624,pg6_5,4,37.0,31.0,1147.0
pg6_5_img004.xml,pg6_5_img004,2,pg_im,148.0,321.0,184.0,354.0,624,624,pg6_5,4,36.0,33.0,1188.0
pg6_5_img004.xml,pg6_5_img004,3,pg_im,218.0,402.0,258.0,433.0,624,624,pg6_5,4,40.0,31.0,1240.0
pg6_5_img004.xml,pg6_5_img004,4,pg_im,278.0,450.0,312.0,486.0,624,624,pg6_5,4,34.0,36.0,1224.0
pg6_5_img004.xml,pg6_5_img004,5,pg_im,249.0,343.0,286.0,381.0,624,624,pg6_5,4,37.0,38.0,1406.0
pg6_5_img004.xml,pg6_5_img004,6,pg_im,226.0,258.0,263.0,293.0,624,624,pg6_5,4,37.0,35.0,1295.0
pg6_5_img004.xml,pg6_5_img004,7,pg_im,407.0,315.0,440.0,362.0,624,624,pg6_5,4,33.0,47.0,1551.0
pg6_5_img004.xml,pg6_5_img004,8,pg_im,424.0,244.0,465.0,274.0,624,624,pg6_5,4,41.0,30.0,1230.0
pg6_5_img004.xml,pg6_5_img004,9,pg_im,360.0,218.0,396.0,248.0,624,624,pg6_5,4,36.0,30.0,1080.0
pg6_5_img004.xml,pg6_5_img004,10,pg_im,355.0,154.0,395.0,185.0,624,624,pg6_5,4,40.0,31.0,1240.0
pg6_5_img005.xml,pg6_5_img005,0,pg_im,363.0,408.0,398.0,445.0,624,624,pg6_5,5,35.0,37.0,1295.0
pg6_5_img005.xml,pg6_5_img005,1,pg_im,281.0,157.0,318.0,188.0,624,624,pg6_5,5,37.0,31.0,1147.0
pg6_5_img005.xml,pg6_5_img005,2,pg_im,148.0,321.0,184.0,354.0,624,624,pg6_5,5,36.0,33.0,1188.0
pg6_5_img005.xml,pg6_5_img005,3,pg_im,218.0,402.0,258.0,433.0,624,624,pg6_5,5,40.0,31.0,1240.0
pg6_5_img005.xml,pg6_5_img005,4,pg_im,278.0,450.0,312.0,486.0,624,624,pg6_5,5,34.0,36.0,1224.0
pg6_5_img005.xml,pg6_5_img005,5,pg_im,249.0,343.0,286.0,381.0,624,624,pg6_5,5,37.0,38.0,1406.0
pg6_5_img005.xml,pg6_5_img005,6,pg_im,226.0,258.0,263.0,293.0,624,624,pg6_5,5,37.0,35.0,1295.0
pg6_5_img005.xml,pg6_5_img005,7,pg_im,407.0,315.0,440.0,362.0,624,624,pg6_5,5,33.0,47.0,1551.0
pg6_5_img005.xml,pg6_5_img005,8,pg_im,424.0,244.0,465.0,274.0,624,624,pg6_5,5,41.0,30.0,1230.0
pg6_5_img005.xml,pg6_5_img005,9,pg_im,360.0,218.0,396.0,248.0,624,624,pg6_5,5,36.0,30.0,1080.0
pg6_5_img005.xml,pg6_5_img005,10,pg_im,355.0,154.0,395.0,185.0,624,624,pg6_5,5,40.0,31.0,1240.0
pg6_5_img006.xml,pg6_5_img006,0,pg_im,363.0,408.0,398.0,445.0,624,624,pg6_5,6,35.0,37.0,1295.0
pg6_5_img006.xml,pg6_5_img006,1,pg_im,281.0,157.0,318.0,188.0,624,624,pg6_5,6,37.0,31.0,1147.0
pg6_5_img006.xml,pg6_5_img006,2,pg_im,148.0,321.0,184.0,354.0,624,624,pg6_5,6,36.0,33.0,1188.0
pg6_5_img006.xml,pg6_5_img006,3,pg_im,217.0,402.0,258.0,433.0,624,624,pg6_5,6,41.0,31.0,1271.0
pg6_5_img006.xml,pg6_5_img006,4,pg_im,278.0,450.0,313.0,486.0,624,624,pg6_5,6,35.0,36.0,1260.0
pg6_5_img006.xml,pg6_5_img006,5,pg_im,249.0,343.0,286.0,381.0,624,624,pg6_5,6,37.0,38.0,1406.0
pg6_5_img006.xml,pg6_5_img006,6,pg_im,226.0,258.0,263.0,294.0,624,624,pg6_5,6,37.0,36.0,1332.0
pg6_5_img006.xml,pg6_5_img006,7,pg_im,407.0,315.0,440.0,362.0,624,624,pg6_5,6,33.0,47.0,1551.0
pg6_5_img006.xml,pg6_5_img006,8,pg_im,424.0,244.0,465.0,274.0,624,624,pg6_5,6,41.0,30.0,1230.0
pg6_5_img006.xml,pg6_5_img006,9,pg_im,360.0,218.0,396.0,248.0,624,624,pg6_5,6,36.0,30.0,1080.0
pg6_5_img006.xml,pg6_5_img006,10,pg_im,355.0,155.0,395.0,186.0,624,624,pg6_5,6,40.0,31.0,1240.0
pg6_5_img007.xml,pg6_5_img007,0,pg_im,363.0,408.0,398.0,445.0,624,624,pg6_5,7,35.0,37.0,1295.0
pg6_5_img007.xml,pg6_5_img007,1,pg_im,281.0,157.0,318.0,188.0,624,624,pg6_5,7,37.0,31.0,1147.0
pg6_5_img007.xml,pg6_5_img007,2,pg_im,148.0,321.0,184.0,354.0,624,624,pg6_5,7,36.0,33.0,1188.0
pg6_5_img007.xml,pg6_5_img007,3,pg_im,217.0,402.0,258.0,433.0,624,624,pg6_5,7,41.0,31.0,1271.0
pg6_5_img007.xml,pg6_5_img007,4,pg_im,278.0,450.0,313.0,486.0,624,624,pg6_5,7,35.0,36.0,1260.0
pg6_5_img007.xml,pg6_5_img007,5,pg_im,249.0,343.0,286.0,381.0,624,624,pg6_5,7,37.0,38.0,1406.0
pg6_5_img007.xml,pg6_5_img007,6,pg_im,226.0,258.0,263.0,294.0,624,624,pg6_5,7,37.0,36.0,1332.0
pg6_5_img007.xml,pg6_5_img007,7,pg_im,407.0,315.0,440.0,362.0,624,624,pg6_5,7,33.0,47.0,1551.0
pg6_5_img007.xml,pg6_5_img007,8,pg_im,424.0,244.0,465.0,274.0,624,624,pg6_5,7,41.0,30.0,1230.0
pg6_5_img007.xml,pg6_5_img007,9,pg_im,360.0,218.0,396.0,248.0,624,624,pg6_5,7,36.0,30.0,1080.0
pg6_5_img007.xml,pg6_5_img007,10,pg_im,355.0,155.0,395.0,186.0,624,624,pg6_5,7,40.0,31.0,1240.0
pg6_5_img008.xml,pg6_5_img008,0,pg_im,363.0,408.0,398.0,445.0,624,624,pg6_5,8,35.0,37.0,1295.0
pg6_5_img008.xml,pg6_5_img008,1,pg_im,281.0,157.0,318.0,188.0,624,624,pg6_5,8,37.0,31.0,1147.0
pg6_5_img008.xml,pg6_5_img008,2,pg_im,148.0,321.0,184.0,354.0,624,624,pg6_5,8,36.0,33.0,1188.0
pg6_5_img008.xml,pg6_5_img008,3,pg_im,217.0,402.0,258.0,433.0,624,624,pg6_5,8,41.0,31.0,1271.0
pg6_5_img008.xml,pg6_5_img008,4,pg_im,278.0,450.0,313.0,486.0,624,624,pg6_5,8,35.0,36.0,1260.0
pg6_5_img008.xml,pg6_5_img008,5,pg_im,249.0,343.0,286.0,381.0,624,624,pg6_5,8,37.0,38.0,1406.0
pg6_5_img008.xml,pg6_5_img008,6,pg_im,226.0,258.0,263.0,294.0,624,624,pg6_5,8,37.0,36.0,1332.0
pg6_5_img008.xml,pg6_5_img008,7,pg_im,407.0,315.0,440.0,362.0,624,624,pg6_5,8,33.0,47.0,1551.0
pg6_5_img008.xml,pg6_5_img008,8,pg_im,424.0,244.0,465.0,274.0,624,624,pg6_5,8,41.0,30.0,1230.0
pg6_5_img008.xml,pg6_5_img008,9,pg_im,360.0,218.0,396.0,248.0,624,624,pg6_5,8,36.0,30.0,1080.0
pg6_5_img008.xml,pg6_5_img008,10,pg_im,355.0,155.0,395.0,186.0,624,624,pg6_5,8,40.0,31.0,1240.0
pg6_5_img009.xml,pg6_5_img009,0,pg_im,363.0,408.0,398.0,445.0,624,624,pg6_5,9,35.0,37.0,1295.0
pg6_5_img009.xml,pg6_5_img009,1,pg_im,281.0,157.0,318.0,188.0,624,624,pg6_5,9,37.0,31.0,1147.0
pg6_5_img009.xml,pg6_5_img009,2,pg_im,148.0,321.0,184.0,354.0,624,624,pg6_5,9,36.0,33.0,1188.0
pg6_5_img009.xml,pg6_5_img009,3,pg_im,217.0,402.0,257.0,433.0,624,624,pg6_5,9,40.0,31.0,1240.0
pg6_5_img009.xml,pg6_5_img009,4,pg_im,278.0,450.0,313.0,486.0,624,624,pg6_5,9,35.0,36.0,1260.0
pg6_5_img009.xml,pg6_5_img009,5,pg_im,249.0,342.0,287.0,381.0,624,624,pg6_5,9,38.0,39.0,1482.0
pg6_5_img009.xml,pg6_5_img009,6,pg_im,226.0,258.0,262.0,294.0,624,624,pg6_5,9,36.0,36.0,1296.0
pg6_5_img009.xml,pg6_5_img009,7,pg_im,407.0,315.0,440.0,362.0,624,624,pg6_5,9,33.0,47.0,1551.0
pg6_5_img009.xml,pg6_5_img009,8,pg_im,424.0,244.0,465.0,274.0,624,624,pg6_5,9,41.0,30.0,1230.0
pg6_5_img009.xml,pg6_5_img009,9,pg_im,360.0,218.0,396.0,248.0,624,624,pg6_5,9,36.0,30.0,1080.0
pg6_5_img009.xml,pg6_5_img009,10,pg_im,355.0,155.0,395.0,186.0,624,624,pg6_5,9,40.0,31.0,1240.0
pg6_5_img010.xml,pg6_5_img010,0,pg_im,363.0,408.0,398.0,445.0,624,624,pg6_5,10,35.0,37.0,1295.0
pg6_5_img010.xml,pg6_5_img010,1,pg_im,281.0,157.0,318.0,188.0,624,624,pg6_5,10,37.0,31.0,1147.0
pg6_5_img010.xml,pg6_5_img010,2,pg_im,148.0,321.0,184.0,354.0,624,624,pg6_5,10,36.0,33.0,1188.0
pg6_5_img010.xml,pg6_5_img010,3,pg_im,217.0,402.0,257.0,433.0,624,624,pg6_5,10,40.0,31.0,1240.0
pg6_5_img010.xml,pg6_5_img010,4,pg_im,278.0,450.0,313.0,486.0,624,624,pg6_5,10,35.0,36.0,1260.0
pg6_5_img010.xml,pg6_5_img010,5,pg_im,249.0,342.0,287.0,381.0,624,624,pg6_5,10,38.0,39.0,1482.0
pg6_5_img010.xml,pg6_5_img010,6,pg_im,226.0,258.0,262.0,294.0,624,624,pg6_5,10,36.0,36.0,1296.0
pg6_5_img010.xml,pg6_5_img010,7,pg_im,407.0,315.0,440.0,362.0,624,624,pg6_5,10,33.0,47.0,1551.0
pg6_5_img010.xml,pg6_5_img010,8,pg_im,424.0,244.0,465.0,274.0,624,624,pg6_5,10,41.0,30.0,1230.0
pg6_5_img010.xml,pg6_5_img010,9,pg_im,360.0,218.0,396.0,248.0,624,624,pg6_5,10,36.0,30.0,1080.0
pg6_5_img010.xml,pg6_5_img010,10,pg_im,355.0,155.0,395.0,186.0,624,624,pg6_5,10,40.0,31.0,1240.0
pg6_5_img011.xml,pg6_5_img011,0,pg_im,363.0,408.0,398.0,445.0,624,624,pg6_5,11,35.0,37.0,1295.0
pg6_5_img011.xml,pg6_5_img011,1,pg_im,281.0,157.0,318.0,188.0,624,624,pg6_5,11,37.0,31.0,1147.0
pg6_5_img011.xml,pg6_5_img011,2,pg_im,148.0,321.0,184.0,354.0,624,624,pg6_5,11,36.0,33.0,1188.0
pg6_5_img011.xml,pg6_5_img011,3,pg_im,217.0,402.0,257.0,433.0,624,624,pg6_5,11,40.0,31.0,1240.0
pg6_5_img011.xml,pg6_5_img011,4,pg_im,278.0,450.0,313.0,486.0,624,624,pg6_5,11,35.0,36.0,1260.0
pg6_5_img011.xml,pg6_5_img011,5,pg_im,249.0,342.0,287.0,381.0,624,624,pg6_5,11,38.0,39.0,1482.0
pg6_5_img011.xml,pg6_5_img011,6,pg_im,226.0,258.0,262.0,294.0,624,624,pg6_5,11,36.0,36.0,1296.0
pg6_5_img011.xml,pg6_5_img011,7,pg_im,407.0,315.0,440.0,362.0,624,624,pg6_5,11,33.0,47.0,1551.0
pg6_5_img011.xml,pg6_5_img011,8,pg_im,424.0,244.0,465.0,274.0,624,624,pg6_5,11,41.0,30.0,1230.0
pg6_5_img011.xml,pg6_5_img011,9,pg_im,360.0,218.0,396.0,248.0,624,624,pg6_5,11,36.0,30.0,1080.0
pg6_5_img011.xml,pg6_5_img011,10,pg_im,355.0,156.0,395.0,186.0,624,624,pg6_5,11,40.0,30.0,1200.0
pg6_5_img012.xml,pg6_5_img012,0,pg_im,363.0,408.0,398.0,445.0,624,624,pg6_5,12,35.0,37.0,1295.0
pg6_5_img012.xml,pg6_5_img012,1,pg_im,281.0,157.0,318.0,188.0,624,624,pg6_5,12,37.0,31.0,1147.0
pg6_5_img012.xml,pg6_5_img012,2,pg_im,148.0,321.0,184.0,354.0,624,624,pg6_5,12,36.0,33.0,1188.0
pg6_5_img012.xml,pg6_5_img012,3,pg_im,216.0,402.0,257.0,433.0,624,624,pg6_5,12,41.0,31.0,1271.0
pg6_5_img012.xml,pg6_5_img012,4,pg_im,278.0,450.0,313.0,486.0,624,624,pg6_5,12,35.0,36.0,1260.0
pg6_5_img012.xml,pg6_5_img012,5,pg_im,249.0,342.0,287.0,381.0,624,624,pg6_5,12,38.0,39.0,1482.0
pg6_5_img012.xml,pg6_5_img012,6,pg_im,226.0,258.0,262.0,294.0,624,624,pg6_5,12,36.0,36.0,1296.0
pg6_5_img012.xml,pg6_5_img012,7,pg_im,407.0,315.0,440.0,362.0,624,624,pg6_5,12,33.0,47.0,1551.0
pg6_5_img012.xml,pg6_5_img012,8,pg_im,424.0,244.0,465.0,274.0,624,624,pg6_5,12,41.0,30.0,1230.0
pg6_5_img012.xml,pg6_5_img012,9,pg_im,360.0,218.0,396.0,248.0,624,624,pg6_5,12,36.0,30.0,1080.0
pg6_5_img012.xml,pg6_5_img012,10,pg_im,355.0,156.0,395.0,186.0,624,624,pg6_5,12,40.0,30.0,1200.0
pg6_5_img013.xml,pg6_5_img013,0,pg_im,363.0,408.0,398.0,445.0,624,624,pg6_5,13,35.0,37.0,1295.0
pg6_5_img013.xml,pg6_5_img013,1,pg_im,281.0,157.0,318.0,188.0,624,624,pg6_5,13,37.0,31.0,1147.0
pg6_5_img013.xml,pg6_5_img013,2,pg_im,148.0,321.0,184.0,354.0,624,624,pg6_5,13,36.0,33.0,1188.0
pg6_5_img013.xml,pg6_5_img013,3,pg_im,216.0,402.0,257.0,433.0,624,624,pg6_5,13,41.0,31.0,1271.0
pg6_5_img013.xml,pg6_5_img013,4,pg_im,278.0,450.0,313.0,486.0,624,624,pg6_5,13,35.0,36.0,1260.0
pg6_5_img013.xml,pg6_5_img013,5,pg_im,249.0,342.0,287.0,381.0,624,624,pg6_5,13,38.0,39.0,1482.0
pg6_5_img013.xml,pg6_5_img013,6,pg_im,226.0,258.0,262.0,294.0,624,624,pg6_5,13,36.0,36.0,1296.0
pg6_5_img013.xml,pg6_5_img013,7,pg_im,407.0,315.0,440.0,362.0,624,624,pg6_5,13,33.0,47.0,1551.0
pg6_5_img013.xml,pg6_5_img013,8,pg_im,424.0,244.0,465.0,274.0,624,624,pg6_5,13,41.0,30.0,1230.0
pg6_5_img013.xml,pg6_5_img013,9,pg_im,360.0,218.0,396.0,248.0,624,624,pg6_5,13,36.0,30.0,1080.0
pg6_5_img013.xml,pg6_5_img013,10,pg_im,355.0,156.0,395.0,186.0,624,624,pg6_5,13,40.0,30.0,1200.0
pg6_5_img014.xml,pg6_5_img014,0,pg_im,363.0,408.0,398.0,445.0,624,624,pg6_5,14,35.0,37.0,1295.0
pg6_5_img014.xml,pg6_5_img014,1,pg_im,281.0,157.0,318.0,188.0,624,624,pg6_5,14,37.0,31.0,1147.0
pg6_5_img014.xml,pg6_5_img014,2,pg_im,148.0,321.0,184.0,354.0,624,624,pg6_5,14,36.0,33.0,1188.0
pg6_5_img014.xml,pg6_5_img014,3,pg_im,216.0,402.0,257.0,433.0,624,624,pg6_5,14,41.0,31.0,1271.0
pg6_5_img014.xml,pg6_5_img014,4,pg_im,278.0,450.0,314.0,486.0,624,624,pg6_5,14,36.0,36.0,1296.0
pg6_5_img014.xml,pg6_5_img014,5,pg_im,249.0,342.0,287.0,381.0,624,624,pg6_5,14,38.0,39.0,1482.0
pg6_5_img014.xml,pg6_5_img014,6,pg_im,226.0,259.0,262.0,294.0,624,624,pg6_5,14,36.0,35.0,1260.0
pg6_5_img014.xml,pg6_5_img014,7,pg_im,407.0,315.0,440.0,362.0,624,624,pg6_5,14,33.0,47.0,1551.0
pg6_5_img014.xml,pg6_5_img014,8,pg_im,424.0,244.0,465.0,274.0,624,624,pg6_5,14,41.0,30.0,1230.0
pg6_5_img014.xml,pg6_5_img014,9,pg_im,360.0,218.0,396.0,248.0,624,624,pg6_5,14,36.0,30.0,1080.0
pg6_5_img014.xml,pg6_5_img014,10,pg_im,355.0,156.0,395.0,186.0,624,624,pg6_5,14,40.0,30.0,1200.0
pg6_5_img015.xml,pg6_5_img015,0,pg_im,363.0,408.0,398.0,445.0,624,624,pg6_5,15,35.0,37.0,1295.0
pg6_5_img015.xml,pg6_5_img015,1,pg_im,281.0,157.0,318.0,188.0,624,624,pg6_5,15,37.0,31.0,1147.0
pg6_5_img015.xml,pg6_5_img015,2,pg_im,148.0,321.0,184.0,354.0,624,624,pg6_5,15,36.0,33.0,1188.0
pg6_5_img015.xml,pg6_5_img015,3,pg_im,216.0,402.0,256.0,433.0,624,624,pg6_5,15,40.0,31.0,1240.0
pg6_5_img015.xml,pg6_5_img015,4,pg_im,278.0,450.0,314.0,486.0,624,624,pg6_5,15,36.0,36.0,1296.0
pg6_5_img015.xml,pg6_5_img015,5,pg_im,249.0,342.0,287.0,381.0,624,624,pg6_5,15,38.0,39.0,1482.0
pg6_5_img015.xml,pg6_5_img015,6,pg_im,226.0,259.0,262.0,294.0,624,624,pg6_5,15,36.0,35.0,1260.0
pg6_5_img015.xml,pg6_5_img015,7,pg_im,407.0,315.0,440.0,362.0,624,624,pg6_5,15,33.0,47.0,1551.0
pg6_5_img015.xml,pg6_5_img015,8,pg_im,424.0,244.0,465.0,274.0,624,624,pg6_5,15,41.0,30.0,1230.0
pg6_5_img015.xml,pg6_5_img015,9,pg_im,360.0,218.0,396.0,248.0,624,624,pg6_5,15,36.0,30.0,1080.0
pg6_5_img015.xml,pg6_5_img015,10,pg_im,355.0,156.0,395.0,186.0,624,624,pg6_5,15,40.0,30.0,1200.0
pg6_5_img016.xml,pg6_5_img016,0,pg_im,363.0,408.0,398.0,445.0,624,624,pg6_5,16,35.0,37.0,1295.0
pg6_5_img016.xml,pg6_5_img016,1,pg_im,281.0,157.0,318.0,188.0,624,624,pg6_5,16,37.0,31.0,1147.0
pg6_5_img016.xml,pg6_5_img016,2,pg_im,148.0,321.0,184.0,354.0,624,624,pg6_5,16,36.0,33.0,1188.0
pg6_5_img016.xml,pg6_5_img016,3,pg_im,216.0,402.0,256.0,433.0,624,624,pg6_5,16,40.0,31.0,1240.0
pg6_5_img016.xml,pg6_5_img016,4,pg_im,278.0,450.0,314.0,486.0,624,624,pg6_5,16,36.0,36.0,1296.0
pg6_5_img016.xml,pg6_5_img016,5,pg_im,249.0,342.0,287.0,381.0,624,624,pg6_5,16,38.0,39.0,1482.0
pg6_5_img016.xml,pg6_5_img016,6,pg_im,226.0,259.0,262.0,294.0,624,624,pg6_5,16,36.0,35.0,1260.0
pg6_5_img016.xml,pg6_5_img016,7,pg_im,407.0,315.0,440.0,362.0,624,624,pg6_5,16,33.0,47.0,1551.0
pg6_5_img016.xml,pg6_5_img016,8,pg_im,424.0,244.0,465.0,274.0,624,624,pg6_5,16,41.0,30.0,1230.0
pg6_5_img016.xml,pg6_5_img016,9,pg_im,360.0,218.0,396.0,248.0,624,624,pg6_5,16,36.0,30.0,1080.0
pg6_5_img016.xml,pg6_5_img016,10,pg_im,355.0,156.0,395.0,186.0,624,624,pg6_5,16,40.0,30.0,1200.0
pg6_5_img017.xml,pg6_5_img017,0,pg_im,363.0,408.0,398.0,445.0,624,624,pg6_5,17,35.0,37.0,1295.0
pg6_5_img017.xml,pg6_5_img017,1,pg_im,281.0,157.0,318.0,188.0,624,624,pg6_5,17,37.0,31.0,1147.0
pg6_5_img017.xml,pg6_5_img017,2,pg_im,148.0,321.0,184.0,354.0,624,624,pg6_5,17,36.0,33.0,1188.0
pg6_5_img017.xml,pg6_5_img017,3,pg_im,215.0,402.0,256.0,433.0,624,624,pg6_5,17,41.0,31.0,1271.0
pg6_5_img017.xml,pg6_5_img017,4,pg_im,278.0,450.0,314.0,486.0,624,624,pg6_5,17,36.0,36.0,1296.0
pg6_5_img017.xml,pg6_5_img017,5,pg_el,249.0,340.0,290.0,377.0,624,624,pg6_5,17,41.0,37.0,1517.0
pg6_5_img017.xml,pg6_5_img017,6,pg_im,226.0,259.0,261.0,294.0,624,624,pg6_5,17,35.0,35.0,1225.0
pg6_5_img017.xml,pg6_5_img017,7,pg_im,407.0,315.0,440.0,362.0,624,624,pg6_5,17,33.0,47.0,1551.0
pg6_5_img017.xml,pg6_5_img017,8,pg_im,424.0,244.0,465.0,274.0,624,624,pg6_5,17,41.0,30.0,1230.0
pg6_5_img017.xml,pg6_5_img017,9,pg_im,360.0,218.0,396.0,248.0,624,624,pg6_5,17,36.0,30.0,1080.0
pg6_5_img017.xml,pg6_5_img017,10,pg_im,355.0,156.0,395.0,186.0,624,624,pg6_5,17,40.0,30.0,1200.0
pg6_5_img018.xml,pg6_5_img018,0,pg_im,363.0,408.0,398.0,445.0,624,624,pg6_5,18,35.0,37.0,1295.0
pg6_5_img018.xml,pg6_5_img018,1,pg_im,281.0,157.0,318.0,188.0,624,624,pg6_5,18,37.0,31.0,1147.0
pg6_5_img018.xml,pg6_5_img018,2,pg_im,148.0,321.0,184.0,354.0,624,624,pg6_5,18,36.0,33.0,1188.0
pg6_5_img018.xml,pg6_5_img018,3,pg_im,215.0,402.0,256.0,433.0,624,624,pg6_5,18,41.0,31.0,1271.0
pg6_5_img018.xml,pg6_5_img018,4,pg_im,278.0,450.0,314.0,486.0,624,624,pg6_5,18,36.0,36.0,1296.0
pg6_5_img018.xml,pg6_5_img018,5,pg_el,249.0,340.0,290.0,377.0,624,624,pg6_5,18,41.0,37.0,1517.0
pg6_5_img018.xml,pg6_5_img018,6,pg_im,226.0,259.0,261.0,295.0,624,624,pg6_5,18,35.0,36.0,1260.0
pg6_5_img018.xml,pg6_5_img018,7,pg_im,407.0,315.0,440.0,362.0,624,624,pg6_5,18,33.0,47.0,1551.0
pg6_5_img018.xml,pg6_5_img018,8,pg_im,424.0,244.0,465.0,274.0,624,624,pg6_5,18,41.0,30.0,1230.0
pg6_5_img018.xml,pg6_5_img018,9,pg_im,360.0,218.0,396.0,248.0,624,624,pg6_5,18,36.0,30.0,1080.0
pg6_5_img018.xml,pg6_5_img018,10,pg_im,355.0,156.0,395.0,186.0,624,624,pg6_5,18,40.0,30.0,1200.0
pg6_5_img019.xml,pg6_5_img019,0,pg_im,363.0,408.0,398.0,445.0,624,624,pg6_5,19,35.0,37.0,1295.0
pg6_5_img019.xml,pg6_5_img019,1,pg_im,281.0,157.0,318.0,188.0,624,624,pg6_5,19,37.0,31.0,1147.0
pg6_5_img019.xml,pg6_5_img019,2,pg_im,148.0,321.0,184.0,354.0,624,624,pg6_5,19,36.0,33.0,1188.0
pg6_5_img019.xml,pg6_5_img019,3,pg_im,215.0,402.0,256.0,433.0,624,624,pg6_5,19,41.0,31.0,1271.0
pg6_5_img019.xml,pg6_5_img019,4,pg_im,278.0,450.0,314.0,486.0,624,624,pg6_5,19,36.0,36.0,1296.0
pg6_5_img019.xml,pg6_5_img019,5,pg_el,249.0,340.0,290.0,377.0,624,624,pg6_5,19,41.0,37.0,1517.0
pg6_5_img019.xml,pg6_5_img019,6,pg_im,226.0,259.0,261.0,295.0,624,624,pg6_5,19,35.0,36.0,1260.0
pg6_5_img019.xml,pg6_5_img019,7,pg_im,407.0,315.0,440.0,362.0,624,624,pg6_5,19,33.0,47.0,1551.0
pg6_5_img019.xml,pg6_5_img019,8,pg_im,424.0,244.0,465.0,274.0,624,624,pg6_5,19,41.0,30.0,1230.0
pg6_5_img019.xml,pg6_5_img019,9,pg_im,360.0,218.0,396.0,248.0,624,624,pg6_5,19,36.0,30.0,1080.0
pg6_5_img019.xml,pg6_5_img019,10,pg_im,355.0,156.0,395.0,186.0,624,624,pg6_5,19,40.0,30.0,1200.0
pg6_5_img020.xml,pg6_5_img020,0,pg_im,363.0,408.0,398.0,445.0,624,624,pg6_5,20,35.0,37.0,1295.0
pg6_5_img020.xml,pg6_5_img020,1,pg_im,281.0,157.0,318.0,188.0,624,624,pg6_5,20,37.0,31.0,1147.0
pg6_5_img020.xml,pg6_5_img020,2,pg_im,148.0,321.0,184.0,354.0,624,624,pg6_5,20,36.0,33.0,1188.0
pg6_5_img020.xml,pg6_5_img020,3,pg_im,215.0,402.0,256.0,433.0,624,624,pg6_5,20,41.0,31.0,1271.0
pg6_5_img020.xml,pg6_5_img020,4,pg_im,278.0,450.0,314.0,486.0,624,624,pg6_5,20,36.0,36.0,1296.0
pg6_5_img020.xml,pg6_5_img020,5,pg_el,249.0,340.0,290.0,377.0,624,624,pg6_5,20,41.0,37.0,1517.0
pg6_5_img020.xml,pg6_5_img020,6,pg_im,226.0,259.0,261.0,295.0,624,624,pg6_5,20,35.0,36.0,1260.0
pg6_5_img020.xml,pg6_5_img020,7,pg_im,407.0,315.0,440.0,362.0,624,624,pg6_5,20,33.0,47.0,1551.0
pg6_5_img020.xml,pg6_5_img020,8,pg_im,424.0,244.0,465.0,274.0,624,624,pg6_5,20,41.0,30.0,1230.0
pg6_5_img020.xml,pg6_5_img020,9,pg_im,360.0,218.0,396.0,248.0,624,624,pg6_5,20,36.0,30.0,1080.0
pg6_5_img020.xml,pg6_5_img020,10,pg_im,355.0,156.0,395.0,186.0,624,624,pg6_5,20,40.0,30.0,1200.0
pg6_5_img021.xml,pg6_5_img021,0,pg_im,363.0,408.0,398.0,445.0,624,624,pg6_5,21,35.0,37.0,1295.0
pg6_5_img021.xml,pg6_5_img021,1,pg_im,281.0,157.0,318.0,188.0,624,624,pg6_5,21,37.0,31.0,1147.0
pg6_5_img021.xml,pg6_5_img021,2,pg_im,148.0,321.0,184.0,354.0,624,624,pg6_5,21,36.0,33.0,1188.0
pg6_5_img021.xml,pg6_5_img021,3,pg_im,215.0,402.0,256.0,433.0,624,624,pg6_5,21,41.0,31.0,1271.0
pg6_5_img021.xml,pg6_5_img021,4,pg_im,278.0,450.0,314.0,486.0,624,624,pg6_5,21,36.0,36.0,1296.0
pg6_5_img021.xml,pg6_5_img021,5,pg_el,249.0,339.0,289.0,377.0,624,624,pg6_5,21,40.0,38.0,1520.0
pg6_5_img021.xml,pg6_5_img021,6,pg_im,226.0,259.0,261.0,295.0,624,624,pg6_5,21,35.0,36.0,1260.0
pg6_5_img021.xml,pg6_5_img021,7,pg_im,407.0,315.0,440.0,362.0,624,624,pg6_5,21,33.0,47.0,1551.0
pg6_5_img021.xml,pg6_5_img021,8,pg_im,424.0,244.0,465.0,274.0,624,624,pg6_5,21,41.0,30.0,1230.0
pg6_5_img021.xml,pg6_5_img021,9,pg_im,360.0,218.0,396.0,248.0,624,624,pg6_5,21,36.0,30.0,1080.0
pg6_5_img021.xml,pg6_5_img021,10,pg_im,355.0,156.0,395.0,186.0,624,624,pg6_5,21,40.0,30.0,1200.0
pg6_5_img022.xml,pg6_5_img022,0,pg_im,363.0,408.0,398.0,445.0,624,624,pg6_5,22,35.0,37.0,1295.0
pg6_5_img022.xml,pg6_5_img022,1,pg_im,281.0,157.0,318.0,188.0,624,624,pg6_5,22,37.0,31.0,1147.0
pg6_5_img022.xml,pg6_5_img022,2,pg_el,147.0,321.0,181.0,354.0,624,624,pg6_5,22,34.0,33.0,1122.0
pg6_5_img022.xml,pg6_5_img022,3,pg_el,214.0,404.0,253.0,432.0,624,624,pg6_5,22,39.0,28.0,1092.0
pg6_5_img022.xml,pg6_5_img022,4,pg_el,277.0,450.0,316.0,488.0,624,624,pg6_5,22,39.0,38.0,1482.0
pg6_5_img022.xml,pg6_5_img022,5,pg_el,249.0,339.0,289.0,377.0,624,624,pg6_5,22,40.0,38.0,1520.0
pg6_5_img022.xml,pg6_5_img022,6,pg_im,226.0,259.0,261.0,295.0,624,624,pg6_5,22,35.0,36.0,1260.0
pg6_5_img022.xml,pg6_5_img022,7,pg_im,407.0,315.0,440.0,362.0,624,624,pg6_5,22,33.0,47.0,1551.0
pg6_5_img022.xml,pg6_5_img022,8,pg_im,424.0,244.0,465.0,274.0,624,624,pg6_5,22,41.0,30.0,1230.0
pg6_5_img022.xml,pg6_5_img022,9,pg_im,360.0,218.0,396.0,248.0,624,624,pg6_5,22,36.0,30.0,1080.0
pg6_5_img022.xml,pg6_5_img022,10,pg_im,355.0,156.0,395.0,186.0,624,624,pg6_5,22,40.0,30.0,1200.0
pg6_5_img023.xml,pg6_5_img023,0,pg_im,363.0,408.0,398.0,445.0,624,624,pg6_5,23,35.0,37.0,1295.0
pg6_5_img023.xml,pg6_5_img023,1,pg_im,281.0,157.0,318.0,188.0,624,624,pg6_5,23,37.0,31.0,1147.0
pg6_5_img023.xml,pg6_5_img023,2,pg_el,147.0,321.0,181.0,354.0,624,624,pg6_5,23,34.0,33.0,1122.0
pg6_5_img023.xml,pg6_5_img023,3,pg_el,213.0,404.0,254.0,432.0,624,624,pg6_5,23,41.0,28.0,1148.0
pg6_5_img023.xml,pg6_5_img023,4,pg_el,277.0,449.0,316.0,488.0,624,624,pg6_5,23,39.0,39.0,1521.0
pg6_5_img023.xml,pg6_5_img023,5,pg_el,249.0,339.0,289.0,377.0,624,624,pg6_5,23,40.0,38.0,1520.0
pg6_5_img023.xml,pg6_5_img023,6,pg_im,226.0,259.0,261.0,295.0,624,624,pg6_5,23,35.0,36.0,1260.0
pg6_5_img023.xml,pg6_5_img023,7,pg_im,407.0,315.0,440.0,362.0,624,624,pg6_5,23,33.0,47.0,1551.0
pg6_5_img023.xml,pg6_5_img023,8,pg_im,424.0,244.0,465.0,274.0,624,624,pg6_5,23,41.0,30.0,1230.0
pg6_5_img023.xml,pg6_5_img023,9,pg_im,360.0,218.0,396.0,248.0,624,624,pg6_5,23,36.0,30.0,1080.0
pg6_5_img023.xml,pg6_5_img023,10,pg_im,355.0,156.0,395.0,186.0,624,624,pg6_5,23,40.0,30.0,1200.0
pg6_5_img024.xml,pg6_5_img024,0,pg_im,363.0,408.0,398.0,445.0,624,624,pg6_5,24,35.0,37.0,1295.0
pg6_5_img024.xml,pg6_5_img024,1,pg_im,281.0,157.0,318.0,188.0,624,624,pg6_5,24,37.0,31.0,1147.0
pg6_5_img024.xml,pg6_5_img024,2,pg_el,147.0,321.0,181.0,354.0,624,624,pg6_5,24,34.0,33.0,1122.0
pg6_5_img024.xml,pg6_5_img024,3,pg_el,213.0,404.0,254.0,433.0,624,624,pg6_5,24,41.0,29.0,1189.0
pg6_5_img024.xml,pg6_5_img024,4,pg_el,277.0,449.0,316.0,488.0,624,624,pg6_5,24,39.0,39.0,1521.0
pg6_5_img024.xml,pg6_5_img024,5,pg_el,249.0,339.0,289.0,378.0,624,624,pg6_5,24,40.0,39.0,1560.0
pg6_5_img024.xml,pg6_5_img024,6,pg_im,226.0,259.0,261.0,295.0,624,624,pg6_5,24,35.0,36.0,1260.0
pg6_5_img024.xml,pg6_5_img024,7,pg_im,407.0,315.0,440.0,362.0,624,624,pg6_5,24,33.0,47.0,1551.0
pg6_5_img024.xml,pg6_5_img024,8,pg_im,424.0,244.0,465.0,274.0,624,624,pg6_5,24,41.0,30.0,1230.0
pg6_5_img024.xml,pg6_5_img024,9,pg_im,360.0,218.0,396.0,248.0,624,624,pg6_5,24,36.0,30.0,1080.0
pg6_5_img024.xml,pg6_5_img024,10,pg_im,355.0,156.0,395.0,186.0,624,624,pg6_5,24,40.0,30.0,1200.0
pg6_5_img025.xml,pg6_5_img025,0,pg_im,363.0,408.0,398.0,445.0,624,624,pg6_5,25,35.0,37.0,1295.0
pg6_5_img025.xml,pg6_5_img025,1,pg_im,281.0,157.0,318.0,188.0,624,624,pg6_5,25,37.0,31.0,1147.0
pg6_5_img025.xml,pg6_5_img025,2,pg_el,147.0,321.0,181.0,354.0,624,624,pg6_5,25,34.0,33.0,1122.0
pg6_5_img025.xml,pg6_5_img025,3,pg_el,213.0,404.0,254.0,433.0,624,624,pg6_5,25,41.0,29.0,1189.0
pg6_5_img025.xml,pg6_5_img025,4,pg_el,277.0,449.0,316.0,487.0,624,624,pg6_5,25,39.0,38.0,1482.0
pg6_5_img025.xml,pg6_5_img025,5,pg_el,249.0,339.0,289.0,378.0,624,624,pg6_5,25,40.0,39.0,1560.0
pg6_5_img025.xml,pg6_5_img025,6,pg_im,226.0,259.0,261.0,295.0,624,624,pg6_5,25,35.0,36.0,1260.0
pg6_5_img025.xml,pg6_5_img025,7,pg_im,407.0,315.0,440.0,362.0,624,624,pg6_5,25,33.0,47.0,1551.0
pg6_5_img025.xml,pg6_5_img025,8,pg_im,424.0,244.0,465.0,274.0,624,624,pg6_5,25,41.0,30.0,1230.0
pg6_5_img025.xml,pg6_5_img025,9,pg_im,360.0,218.0,396.0,248.0,624,624,pg6_5,25,36.0,30.0,1080.0
pg6_5_img025.xml,pg6_5_img025,10,pg_im,355.0,156.0,395.0,186.0,624,624,pg6_5,25,40.0,30.0,1200.0
pg6_5_img026.xml,pg6_5_img026,0,pg_im,363.0,408.0,398.0,445.0,624,624,pg6_5,26,35.0,37.0,1295.0
pg6_5_img026.xml,pg6_5_img026,1,pg_im,281.0,157.0,318.0,188.0,624,624,pg6_5,26,37.0,31.0,1147.0
pg6_5_img026.xml,pg6_5_img026,2,pg_el,147.0,321.0,181.0,355.0,624,624,pg6_5,26,34.0,34.0,1156.0
pg6_5_img026.xml,pg6_5_img026,3,pg_el,212.0,404.0,254.0,433.0,624,624,pg6_5,26,42.0,29.0,1218.0
pg6_5_img026.xml,pg6_5_img026,4,pg_el,276.0,449.0,315.0,487.0,624,624,pg6_5,26,39.0,38.0,1482.0
pg6_5_img026.xml,pg6_5_img026,5,pg_el,250.0,339.0,289.0,378.0,624,624,pg6_5,26,39.0,39.0,1521.0
pg6_5_img026.xml,pg6_5_img026,6,pg_im,226.0,259.0,261.0,295.0,624,624,pg6_5,26,35.0,36.0,1260.0
pg6_5_img026.xml,pg6_5_img026,7,pg_im,407.0,315.0,440.0,362.0,624,624,pg6_5,26,33.0,47.0,1551.0
pg6_5_img026.xml,pg6_5_img026,8,pg_el,423.0,246.0,462.0,275.0,624,624,pg6_5,26,39.0,29.0,1131.0
pg6_5_img026.xml,pg6_5_img026,9,pg_im,360.0,218.0,396.0,248.0,624,624,pg6_5,26,36.0,30.0,1080.0
pg6_5_img026.xml,pg6_5_img026,10,pg_im,355.0,156.0,395.0,186.0,624,624,pg6_5,26,40.0,30.0,1200.0
pg6_5_img027.xml,pg6_5_img027,0,pg_im,363.0,408.0,398.0,445.0,624,624,pg6_5,27,35.0,37.0,1295.0
pg6_5_img027.xml,pg6_5_img027,1,pg_im,281.0,157.0,318.0,188.0,624,624,pg6_5,27,37.0,31.0,1147.0
pg6_5_img027.xml,pg6_5_img027,2,pg_el,147.0,321.0,181.0,355.0,624,624,pg6_5,27,34.0,34.0,1156.0
pg6_5_img027.xml,pg6_5_img027,3,pg_el,212.0,404.0,254.0,433.0,624,624,pg6_5,27,42.0,29.0,1218.0
pg6_5_img027.xml,pg6_5_img027,4,pg_el,276.0,449.0,315.0,487.0,624,624,pg6_5,27,39.0,38.0,1482.0
pg6_5_img027.xml,pg6_5_img027,5,pg_el,250.0,339.0,290.0,379.0,624,624,pg6_5,27,40.0,40.0,1600.0
pg6_5_img027.xml,pg6_5_img027,6,pg_el,226.0,259.0,261.0,295.0,624,624,pg6_5,27,35.0,36.0,1260.0
pg6_5_img027.xml,pg6_5_img027,7,pg_im,407.0,315.0,440.0,362.0,624,624,pg6_5,27,33.0,47.0,1551.0
pg6_5_img027.xml,pg6_5_img027,8,pg_el,423.0,246.0,462.0,275.0,624,624,pg6_5,27,39.0,29.0,1131.0
pg6_5_img027.xml,pg6_5_img027,9,pg_im,360.0,218.0,396.0,248.0,624,624,pg6_5,27,36.0,30.0,1080.0
pg6_5_img027.xml,pg6_5_img027,10,pg_im,355.0,156.0,395.0,186.0,624,624,pg6_5,27,40.0,30.0,1200.0
pg6_5_img028.xml,pg6_5_img028,0,pg_im,363.0,408.0,398.0,445.0,624,624,pg6_5,28,35.0,37.0,1295.0
pg6_5_img028.xml,pg6_5_img028,1,pg_im,281.0,157.0,318.0,188.0,624,624,pg6_5,28,37.0,31.0,1147.0
pg6_5_img028.xml,pg6_5_img028,2,pg_el,147.0,321.0,181.0,355.0,624,624,pg6_5,28,34.0,34.0,1156.0
pg6_5_img028.xml,pg6_5_img028,3,pg_el,212.0,404.0,254.0,433.0,624,624,pg6_5,28,42.0,29.0,1218.0
pg6_5_img028.xml,pg6_5_img028,4,pg_el,276.0,449.0,315.0,487.0,624,624,pg6_5,28,39.0,38.0,1482.0
pg6_5_img028.xml,pg6_5_img028,5,pg_el,250.0,339.0,290.0,379.0,624,624,pg6_5,28,40.0,40.0,1600.0
pg6_5_img028.xml,pg6_5_img028,6,pg_el,226.0,259.0,261.0,295.0,624,624,pg6_5,28,35.0,36.0,1260.0
pg6_5_img028.xml,pg6_5_img028,7,pg_im,407.0,315.0,440.0,362.0,624,624,pg6_5,28,33.0,47.0,1551.0
pg6_5_img028.xml,pg6_5_img028,8,pg_el,423.0,246.0,463.0,275.0,624,624,pg6_5,28,40.0,29.0,1160.0
pg6_5_img028.xml,pg6_5_img028,9,pg_im,360.0,218.0,396.0,248.0,624,624,pg6_5,28,36.0,30.0,1080.0
pg6_5_img028.xml,pg6_5_img028,10,pg_el,351.0,155.0,395.0,188.0,624,624,pg6_5,28,44.0,33.0,1452.0
pg6_5_img029.xml,pg6_5_img029,0,pg_im,363.0,408.0,398.0,445.0,624,624,pg6_5,29,35.0,37.0,1295.0
pg6_5_img029.xml,pg6_5_img029,1,pg_im,281.0,157.0,318.0,188.0,624,624,pg6_5,29,37.0,31.0,1147.0
pg6_5_img029.xml,pg6_5_img029,2,pg_el,147.0,321.0,181.0,355.0,624,624,pg6_5,29,34.0,34.0,1156.0
pg6_5_img029.xml,pg6_5_img029,3,pg_el,212.0,404.0,254.0,433.0,624,624,pg6_5,29,42.0,29.0,1218.0
pg6_5_img029.xml,pg6_5_img029,4,pg_el,275.0,449.0,314.0,487.0,624,624,pg6_5,29,39.0,38.0,1482.0
pg6_5_img029.xml,pg6_5_img029,5,pg_el,250.0,339.0,290.0,379.0,624,624,pg6_5,29,40.0,40.0,1600.0
pg6_5_img029.xml,pg6_5_img029,6,pg_el,226.0,257.0,261.0,295.0,624,624,pg6_5,29,35.0,38.0,1330.0
pg6_5_img029.xml,pg6_5_img029,7,pg_el,406.0,318.0,439.0,362.0,624,624,pg6_5,29,33.0,44.0,1452.0
pg6_5_img029.xml,pg6_5_img029,8,pg_el,423.0,246.0,464.0,275.0,624,624,pg6_5,29,41.0,29.0,1189.0
pg6_5_img029.xml,pg6_5_img029,9,pg_im,360.0,218.0,396.0,248.0,624,624,pg6_5,29,36.0,30.0,1080.0
pg6_5_img029.xml,pg6_5_img029,10,pg_el,351.0,155.0,395.0,188.0,624,624,pg6_5,29,44.0,33.0,1452.0
pg6_5_img030.xml,pg6_5_img030,0,pg_im,363.0,408.0,398.0,445.0,624,624,pg6_5,30,35.0,37.0,1295.0
pg6_5_img030.xml,pg6_5_img030,1,pg_im,281.0,157.0,318.0,188.0,624,624,pg6_5,30,37.0,31.0,1147.0
pg6_5_img030.xml,pg6_5_img030,2,pg_el,147.0,321.0,181.0,355.0,624,624,pg6_5,30,34.0,34.0,1156.0
pg6_5_img030.xml,pg6_5_img030,3,pg_el,211.0,404.0,255.0,433.0,624,624,pg6_5,30,44.0,29.0,1276.0
pg6_5_img030.xml,pg6_5_img030,4,pg_el,275.0,449.0,314.0,487.0,624,624,pg6_5,30,39.0,38.0,1482.0
pg6_5_img030.xml,pg6_5_img030,5,pg_el,250.0,339.0,291.0,380.0,624,624,pg6_5,30,41.0,41.0,1681.0
pg6_5_img030.xml,pg6_5_img030,6,pg_el,226.0,257.0,261.0,295.0,624,624,pg6_5,30,35.0,38.0,1330.0
pg6_5_img030.xml,pg6_5_img030,7,pg_el,406.0,318.0,439.0,362.0,624,624,pg6_5,30,33.0,44.0,1452.0
pg6_5_img030.xml,pg6_5_img030,8,pg_el,423.0,246.0,465.0,274.0,624,624,pg6_5,30,42.0,28.0,1176.0
pg6_5_img030.xml,pg6_5_img030,9,pg_im,360.0,218.0,396.0,248.0,624,624,pg6_5,30,36.0,30.0,1080.0
pg6_5_img030.xml,pg6_5_img030,10,pg_el,350.0,155.0,395.0,188.0,624,624,pg6_5,30,45.0,33.0,1485.0
pg6_5_img031.xml,pg6_5_img031,0,pg_im,363.0,408.0,398.0,445.0,624,624,pg6_5,31,35.0,37.0,1295.0
pg6_5_img031.xml,pg6_5_img031,1,pg_im,281.0,157.0,318.0,188.0,624,624,pg6_5,31,37.0,31.0,1147.0
pg6_5_img031.xml,pg6_5_img031,2,pg_el,147.0,321.0,181.0,355.0,624,624,pg6_5,31,34.0,34.0,1156.0
pg6_5_img031.xml,pg6_5_img031,3,pg_el,211.0,404.0,255.0,433.0,624,624,pg6_5,31,44.0,29.0,1276.0
pg6_5_img031.xml,pg6_5_img031,4,pg_el,275.0,448.0,314.0,487.0,624,624,pg6_5,31,39.0,39.0,1521.0
pg6_5_img031.xml,pg6_5_img031,5,pg_el,250.0,339.0,291.0,380.0,624,624,pg6_5,31,41.0,41.0,1681.0
pg6_5_img031.xml,pg6_5_img031,6,pg_el,226.0,257.0,262.0,295.0,624,624,pg6_5,31,36.0,38.0,1368.0
pg6_5_img031.xml,pg6_5_img031,7,pg_el,405.0,318.0,440.0,362.0,624,624,pg6_5,31,35.0,44.0,1540.0
pg6_5_img031.xml,pg6_5_img031,8,pg_el,423.0,246.0,465.0,274.0,624,624,pg6_5,31,42.0,28.0,1176.0
pg6_5_img031.xml,pg6_5_img031,9,pg_im,360.0,218.0,396.0,248.0,624,624,pg6_5,31,36.0,30.0,1080.0
pg6_5_img031.xml,pg6_5_img031,10,pg_el,350.0,154.0,395.0,188.0,624,624,pg6_5,31,45.0,34.0,1530.0
pg6_5_img032.xml,pg6_5_img032,0,pg_im,363.0,408.0,398.0,445.0,624,624,pg6_5,32,35.0,37.0,1295.0
pg6_5_img032.xml,pg6_5_img032,1,pg_im,281.0,157.0,318.0,188.0,624,624,pg6_5,32,37.0,31.0,1147.0
pg6_5_img032.xml,pg6_5_img032,2,pg_el,147.0,321.0,181.0,355.0,624,624,pg6_5,32,34.0,34.0,1156.0
pg6_5_img032.xml,pg6_5_img032,3,pg_el,211.0,404.0,255.0,433.0,624,624,pg6_5,32,44.0,29.0,1276.0
pg6_5_img032.xml,pg6_5_img032,4,pg_el,274.0,448.0,313.0,487.0,624,624,pg6_5,32,39.0,39.0,1521.0
pg6_5_img032.xml,pg6_5_img032,5,pg_el,250.0,339.0,291.0,381.0,624,624,pg6_5,32,41.0,42.0,1722.0
pg6_5_img032.xml,pg6_5_img032,6,pg_el,227.0,257.0,262.0,295.0,624,624,pg6_5,32,35.0,38.0,1330.0
pg6_5_img032.xml,pg6_5_img032,7,pg_el,405.0,318.0,440.0,361.0,624,624,pg6_5,32,35.0,43.0,1505.0
pg6_5_img032.xml,pg6_5_img032,8,pg_el,423.0,246.0,466.0,274.0,624,624,pg6_5,32,43.0,28.0,1204.0
pg6_5_img032.xml,pg6_5_img032,9,pg_im,360.0,218.0,396.0,248.0,624,624,pg6_5,32,36.0,30.0,1080.0
pg6_5_img032.xml,pg6_5_img032,10,pg_el,349.0,154.0,395.0,188.0,624,624,pg6_5,32,46.0,34.0,1564.0
pg6_5_img033.xml,pg6_5_img033,0,pg_im,363.0,408.0,398.0,445.0,624,624,pg6_5,33,35.0,37.0,1295.0
pg6_5_img033.xml,pg6_5_img033,1,pg_im,281.0,157.0,318.0,188.0,624,624,pg6_5,33,37.0,31.0,1147.0
pg6_5_img033.xml,pg6_5_img033,2,pg_el,147.0,321.0,181.0,356.0,624,624,pg6_5,33,34.0,35.0,1190.0
pg6_5_img033.xml,pg6_5_img033,3,pg_el,210.0,404.0,255.0,433.0,624,624,pg6_5,33,45.0,29.0,1305.0
pg6_5_img033.xml,pg6_5_img033,4,pg_el,274.0,448.0,313.0,486.0,624,624,pg6_5,33,39.0,38.0,1482.0
pg6_5_img033.xml,pg6_5_img033,5,pg_el,251.0,339.0,292.0,381.0,624,624,pg6_5,33,41.0,42.0,1722.0
pg6_5_img033.xml,pg6_5_img033,6,pg_el,227.0,257.0,262.0,295.0,624,624,pg6_5,33,35.0,38.0,1330.0
pg6_5_img033.xml,pg6_5_img033,7,pg_el,405.0,318.0,440.0,361.0,624,624,pg6_5,33,35.0,43.0,1505.0
pg6_5_img033.xml,pg6_5_img033,8,pg_el,423.0,246.0,466.0,275.0,624,624,pg6_5,33,43.0,29.0,1247.0
pg6_5_img033.xml,pg6_5_img033,9,pg_im,360.0,218.0,396.0,248.0,624,624,pg6_5,33,36.0,30.0,1080.0
pg6_5_img033.xml,pg6_5_img033,10,pg_el,349.0,154.0,395.0,188.0,624,624,pg6_5,33,46.0,34.0,1564.0
pg6_5_img034.xml,pg6_5_img034,0,pg_im,363.0,408.0,398.0,445.0,624,624,pg6_5,34,35.0,37.0,1295.0
pg6_5_img034.xml,pg6_5_img034,1,pg_im,281.0,157.0,318.0,188.0,624,624,pg6_5,34,37.0,31.0,1147.0
pg6_5_img034.xml,pg6_5_img034,2,pg_el,147.0,321.0,181.0,356.0,624,624,pg6_5,34,34.0,35.0,1190.0
pg6_5_img034.xml,pg6_5_img034,3,pg_el,210.0,404.0,255.0,434.0,624,624,pg6_5,34,45.0,30.0,1350.0
pg6_5_img034.xml,pg6_5_img034,4,pg_el,274.0,448.0,313.0,486.0,624,624,pg6_5,34,39.0,38.0,1482.0
pg6_5_img034.xml,pg6_5_img034,5,pg_el,251.0,339.0,292.0,382.0,624,624,pg6_5,34,41.0,43.0,1763.0
pg6_5_img034.xml,pg6_5_img034,6,pg_el,227.0,257.0,262.0,295.0,624,624,pg6_5,34,35.0,38.0,1330.0
pg6_5_img034.xml,pg6_5_img034,7,pg_el,405.0,317.0,441.0,360.0,624,624,pg6_5,34,36.0,43.0,1548.0
pg6_5_img034.xml,pg6_5_img034,8,pg_el,423.0,246.0,467.0,275.0,624,624,pg6_5,34,44.0,29.0,1276.0
pg6_5_img034.xml,pg6_5_img034,9,pg_im,360.0,218.0,396.0,248.0,624,624,pg6_5,34,36.0,30.0,1080.0
pg6_5_img034.xml,pg6_5_img034,10,pg_el,349.0,154.0,395.0,188.0,624,624,pg6_5,34,46.0,34.0,1564.0
pg6_5_img035.xml,pg6_5_img035,0,pg_im,363.0,408.0,398.0,445.0,624,624,pg6_5,35,35.0,37.0,1295.0
pg6_5_img035.xml,pg6_5_img035,1,pg_im,281.0,157.0,318.0,188.0,624,624,pg6_5,35,37.0,31.0,1147.0
pg6_5_img035.xml,pg6_5_img035,2,pg_el,147.0,321.0,181.0,356.0,624,624,pg6_5,35,34.0,35.0,1190.0
pg6_5_img035.xml,pg6_5_img035,3,pg_el,210.0,404.0,255.0,434.0,624,624,pg6_5,35,45.0,30.0,1350.0
pg6_5_img035.xml,pg6_5_img035,4,pg_el,273.0,448.0,312.0,486.0,624,624,pg6_5,35,39.0,38.0,1482.0
pg6_5_img035.xml,pg6_5_img035,5,pg_el,251.0,339.0,292.0,382.0,624,624,pg6_5,35,41.0,43.0,1763.0
pg6_5_img035.xml,pg6_5_img035,6,pg_el,227.0,257.0,263.0,295.0,624,624,pg6_5,35,36.0,38.0,1368.0
pg6_5_img035.xml,pg6_5_img035,7,pg_el,404.0,317.0,441.0,360.0,624,624,pg6_5,35,37.0,43.0,1591.0
pg6_5_img035.xml,pg6_5_img035,8,pg_el,423.0,246.0,467.0,275.0,624,624,pg6_5,35,44.0,29.0,1276.0
pg6_5_img035.xml,pg6_5_img035,9,pg_im,360.0,218.0,396.0,248.0,624,624,pg6_5,35,36.0,30.0,1080.0
pg6_5_img035.xml,pg6_5_img035,10,pg_el,348.0,154.0,395.0,188.0,624,624,pg6_5,35,47.0,34.0,1598.0
pg6_5_img036.xml,pg6_5_img036,0,pg_im,363.0,408.0,398.0,445.0,624,624,pg6_5,36,35.0,37.0,1295.0
pg6_5_img036.xml,pg6_5_img036,1,pg_im,281.0,157.0,318.0,188.0,624,624,pg6_5,36,37.0,31.0,1147.0
pg6_5_img036.xml,pg6_5_img036,2,pg_el,147.0,321.0,181.0,356.0,624,624,pg6_5,36,34.0,35.0,1190.0
pg6_5_img036.xml,pg6_5_img036,3,pg_el,209.0,404.0,256.0,434.0,624,624,pg6_5,36,47.0,30.0,1410.0
pg6_5_img036.xml,pg6_5_img036,4,pg_el,273.0,448.0,312.0,486.0,624,624,pg6_5,36,39.0,38.0,1482.0
pg6_5_img036.xml,pg6_5_img036,5,pg_el,255.0,339.0,297.0,382.0,624,624,pg6_5,36,42.0,43.0,1806.0
pg6_5_img036.xml,pg6_5_img036,6,pg_el,228.0,257.0,263.0,295.0,624,624,pg6_5,36,35.0,38.0,1330.0
pg6_5_img036.xml,pg6_5_img036,7,pg_el,404.0,317.0,441.0,360.0,624,624,pg6_5,36,37.0,43.0,1591.0
pg6_5_img036.xml,pg6_5_img036,8,pg_el,423.0,246.0,467.0,275.0,624,624,pg6_5,36,44.0,29.0,1276.0
pg6_5_img036.xml,pg6_5_img036,9,pg_im,360.0,218.0,396.0,248.0,624,624,pg6_5,36,36.0,30.0,1080.0
pg6_5_img036.xml,pg6_5_img036,10,pg_el,348.0,154.0,395.0,188.0,624,624,pg6_5,36,47.0,34.0,1598.0
pg6_5_img037.xml,pg6_5_img037,0,pg_im,363.0,408.0,398.0,445.0,624,624,pg6_5,37,35.0,37.0,1295.0
pg6_5_img037.xml,pg6_5_img037,1,pg_im,281.0,157.0,318.0,188.0,624,624,pg6_5,37,37.0,31.0,1147.0
pg6_5_img037.xml,pg6_5_img037,2,pg_el,147.0,321.0,181.0,356.0,624,624,pg6_5,37,34.0,35.0,1190.0
pg6_5_img037.xml,pg6_5_img037,3,pg_el,209.0,404.0,256.0,434.0,624,624,pg6_5,37,47.0,30.0,1410.0
pg6_5_img037.xml,pg6_5_img037,4,pg_el,273.0,448.0,312.0,486.0,624,624,pg6_5,37,39.0,38.0,1482.0
pg6_5_img037.xml,pg6_5_img037,5,pg_el,257.0,336.0,298.0,383.0,624,624,pg6_5,37,41.0,47.0,1927.0
pg6_5_img037.xml,pg6_5_img037,6,pg_el,228.0,257.0,263.0,295.0,624,624,pg6_5,37,35.0,38.0,1330.0
pg6_5_img037.xml,pg6_5_img037,7,pg_el,404.0,317.0,441.0,360.0,624,624,pg6_5,37,37.0,43.0,1591.0
pg6_5_img037.xml,pg6_5_img037,8,pg_el,423.0,246.0,468.0,275.0,624,624,pg6_5,37,45.0,29.0,1305.0
pg6_5_img037.xml,pg6_5_img037,9,pg_im,360.0,218.0,396.0,248.0,624,624,pg6_5,37,36.0,30.0,1080.0
pg6_5_img037.xml,pg6_5_img037,10,pg_el,347.0,154.0,395.0,188.0,624,624,pg6_5,37,48.0,34.0,1632.0
pg6_5_img038.xml,pg6_5_img038,0,pg_im,363.0,408.0,398.0,445.0,624,624,pg6_5,38,35.0,37.0,1295.0
pg6_5_img038.xml,pg6_5_img038,1,pg_im,281.0,157.0,318.0,188.0,624,624,pg6_5,38,37.0,31.0,1147.0
pg6_5_img038.xml,pg6_5_img038,2,pg_el,147.0,321.0,181.0,356.0,624,624,pg6_5,38,34.0,35.0,1190.0
pg6_5_img038.xml,pg6_5_img038,3,pg_el,212.0,402.0,258.0,434.0,624,624,pg6_5,38,46.0,32.0,1472.0
pg6_5_img038.xml,pg6_5_img038,4,pg_el,272.0,447.0,311.0,486.0,624,624,pg6_5,38,39.0,39.0,1521.0
pg6_5_img038.xml,pg6_5_img038,5,pg_el,258.0,333.0,299.0,384.0,624,624,pg6_5,38,41.0,51.0,2091.0
pg6_5_img038.xml,pg6_5_img038,6,pg_el,228.0,257.0,263.0,295.0,624,624,pg6_5,38,35.0,38.0,1330.0
pg6_5_img038.xml,pg6_5_img038,7,pg_el,403.0,316.0,442.0,360.0,624,624,pg6_5,38,39.0,44.0,1716.0
pg6_5_img038.xml,pg6_5_img038,8,pg_el,423.0,246.0,468.0,276.0,624,624,pg6_5,38,45.0,30.0,1350.0
pg6_5_img038.xml,pg6_5_img038,9,pg_im,360.0,218.0,396.0,248.0,624,624,pg6_5,38,36.0,30.0,1080.0
pg6_5_img038.xml,pg6_5_img038,10,pg_el,347.0,154.0,395.0,188.0,624,624,pg6_5,38,48.0,34.0,1632.0
pg6_5_img039.xml,pg6_5_img039,0,pg_im,363.0,408.0,398.0,445.0,624,624,pg6_5,39,35.0,37.0,1295.0
pg6_5_img039.xml,pg6_5_img039,1,pg_im,281.0,157.0,318.0,188.0,624,624,pg6_5,39,37.0,31.0,1147.0
pg6_5_img039.xml,pg6_5_img039,2,pg_el,147.0,321.0,182.0,356.0,624,624,pg6_5,39,35.0,35.0,1225.0
pg6_5_img039.xml,pg6_5_img039,3,pg_el,214.0,402.0,259.0,434.0,624,624,pg6_5,39,45.0,32.0,1440.0
pg6_5_img039.xml,pg6_5_img039,4,pg_el,272.0,447.0,311.0,486.0,624,624,pg6_5,39,39.0,39.0,1521.0
pg6_5_img039.xml,pg6_5_img039,5,pg_el,259.0,331.0,300.0,385.0,624,624,pg6_5,39,41.0,54.0,2214.0
pg6_5_img039.xml,pg6_5_img039,6,pg_el,229.0,257.0,264.0,296.0,624,624,pg6_5,39,35.0,39.0,1365.0
pg6_5_img039.xml,pg6_5_img039,7,pg_el,403.0,316.0,442.0,360.0,624,624,pg6_5,39,39.0,44.0,1716.0
pg6_5_img039.xml,pg6_5_img039,8,pg_el,423.0,246.0,468.0,276.0,624,624,pg6_5,39,45.0,30.0,1350.0
pg6_5_img039.xml,pg6_5_img039,9,pg_im,360.0,218.0,396.0,248.0,624,624,pg6_5,39,36.0,30.0,1080.0
pg6_5_img039.xml,pg6_5_img039,10,pg_el,346.0,154.0,395.0,188.0,624,624,pg6_5,39,49.0,34.0,1666.0
pg6_5_img040.xml,pg6_5_img040,0,pg_im,363.0,408.0,398.0,445.0,624,624,pg6_5,40,35.0,37.0,1295.0
pg6_5_img040.xml,pg6_5_img040,1,pg_im,281.0,157.0,318.0,188.0,624,624,pg6_5,40,37.0,31.0,1147.0
pg6_5_img040.xml,pg6_5_img040,2,pg_el,147.0,321.0,182.0,357.0,624,624,pg6_5,40,35.0,36.0,1260.0
pg6_5_img040.xml,pg6_5_img040,3,pg_el,214.0,403.0,260.0,438.0,624,624,pg6_5,40,46.0,35.0,1610.0
pg6_5_img040.xml,pg6_5_img040,4,pg_el,274.0,447.0,313.0,485.0,624,624,pg6_5,40,39.0,38.0,1482.0
pg6_5_img040.xml,pg6_5_img040,5,pg_el,260.0,328.0,301.0,386.0,624,624,pg6_5,40,41.0,58.0,2378.0
pg6_5_img040.xml,pg6_5_img040,6,pg_el,229.0,258.0,264.0,296.0,624,624,pg6_5,40,35.0,38.0,1330.0
pg6_5_img040.xml,pg6_5_img040,7,pg_el,402.0,316.0,442.0,359.0,624,624,pg6_5,40,40.0,43.0,1720.0
pg6_5_img040.xml,pg6_5_img040,8,pg_el,423.0,246.0,469.0,276.0,624,624,pg6_5,40,46.0,30.0,1380.0
pg6_5_img040.xml,pg6_5_img040,9,pg_im,360.0,218.0,396.0,248.0,624,624,pg6_5,40,36.0,30.0,1080.0
pg6_5_img040.xml,pg6_5_img040,10,pg_el,346.0,154.0,395.0,188.0,624,624,pg6_5,40,49.0,34.0,1666.0
pg6_5_img041.xml,pg6_5_img041,0,pg_im,363.0,408.0,398.0,445.0,624,624,pg6_5,41,35.0,37.0,1295.0
pg6_5_img041.xml,pg6_5_img041,1,pg_im,281.0,157.0,318.0,188.0,624,624,pg6_5,41,37.0,31.0,1147.0
pg6_5_img041.xml,pg6_5_img041,2,pg_el,147.0,320.0,182.0,357.0,624,624,pg6_5,41,35.0,37.0,1295.0
pg6_5_img041.xml,pg6_5_img041,3,pg_el,214.0,405.0,260.0,443.0,624,624,pg6_5,41,46.0,38.0,1748.0
pg6_5_img041.xml,pg6_5_img041,4,pg_el,273.0,447.0,312.0,485.0,624,624,pg6_5,41,39.0,38.0,1482.0
pg6_5_img041.xml,pg6_5_img041,5,pg_el,260.0,324.0,301.0,386.0,624,624,pg6_5,41,41.0,62.0,2542.0
pg6_5_img041.xml,pg6_5_img041,6,pg_el,230.0,258.0,265.0,296.0,624,624,pg6_5,41,35.0,38.0,1330.0
pg6_5_img041.xml,pg6_5_img041,7,pg_el,402.0,316.0,442.0,359.0,624,624,pg6_5,41,40.0,43.0,1720.0
pg6_5_img041.xml,pg6_5_img041,8,pg_el,423.0,246.0,469.0,276.0,624,624,pg6_5,41,46.0,30.0,1380.0
pg6_5_img041.xml,pg6_5_img041,9,pg_el,360.0,218.0,396.0,248.0,624,624,pg6_5,41,36.0,30.0,1080.0
pg6_5_img041.xml,pg6_5_img041,10,pg_el,346.0,154.0,395.0,188.0,624,624,pg6_5,41,49.0,34.0,1666.0
pg6_5_img042.xml,pg6_5_img042,0,pg_im,363.0,408.0,398.0,445.0,624,624,pg6_5,42,35.0,37.0,1295.0
pg6_5_img042.xml,pg6_5_img042,1,pg_im,281.0,157.0,318.0,188.0,624,624,pg6_5,42,37.0,31.0,1147.0
pg6_5_img042.xml,pg6_5_img042,2,pg_el,147.0,320.0,183.0,357.0,624,624,pg6_5,42,36.0,37.0,1332.0
pg6_5_img042.xml,pg6_5_img042,3,pg_el,214.0,407.0,260.0,448.0,624,624,pg6_5,42,46.0,41.0,1886.0
pg6_5_img042.xml,pg6_5_img042,4,pg_el,271.0,447.0,310.0,486.0,624,624,pg6_5,42,39.0,39.0,1521.0
pg6_5_img042.xml,pg6_5_img042,5,pg_el,260.0,320.0,301.0,387.0,624,624,pg6_5,42,41.0,67.0,2747.0
pg6_5_img042.xml,pg6_5_img042,6,pg_el,230.0,258.0,265.0,296.0,624,624,pg6_5,42,35.0,38.0,1330.0
pg6_5_img042.xml,pg6_5_img042,7,pg_el,402.0,315.0,442.0,359.0,624,624,pg6_5,42,40.0,44.0,1760.0
pg6_5_img042.xml,pg6_5_img042,8,pg_el,423.0,246.0,469.0,276.0,624,624,pg6_5,42,46.0,30.0,1380.0
pg6_5_img042.xml,pg6_5_img042,9,pg_el,360.0,218.0,396.0,248.0,624,624,pg6_5,42,36.0,30.0,1080.0
pg6_5_img042.xml,pg6_5_img042,10,pg_el,347.0,155.0,396.0,188.0,624,624,pg6_5,42,49.0,33.0,1617.0
pg6_5_img043.xml,pg6_5_img043,0,pg_im,363.0,408.0,398.0,445.0,624,624,pg6_5,43,35.0,37.0,1295.0
pg6_5_img043.xml,pg6_5_img043,1,pg_im,281.0,157.0,318.0,188.0,624,624,pg6_5,43,37.0,31.0,1147.0
pg6_5_img043.xml,pg6_5_img043,2,pg_el,148.0,320.0,183.0,357.0,624,624,pg6_5,43,35.0,37.0,1295.0
pg6_5_img043.xml,pg6_5_img043,3,pg_el,214.0,406.0,261.0,450.0,624,624,pg6_5,43,47.0,44.0,2068.0
pg6_5_img043.xml,pg6_5_img043,4,pg_el,270.0,448.0,311.0,488.0,624,624,pg6_5,43,41.0,40.0,1640.0
pg6_5_img043.xml,pg6_5_img043,5,pg_el,260.0,316.0,301.0,388.0,624,624,pg6_5,43,41.0,72.0,2952.0
pg6_5_img043.xml,pg6_5_img043,6,pg_el,231.0,258.0,266.0,296.0,624,624,pg6_5,43,35.0,38.0,1330.0
pg6_5_img043.xml,pg6_5_img043,7,pg_el,401.0,315.0,442.0,359.0,624,624,pg6_5,43,41.0,44.0,1804.0
pg6_5_img043.xml,pg6_5_img043,8,pg_el,423.0,245.0,469.0,276.0,624,624,pg6_5,43,46.0,31.0,1426.0
pg6_5_img043.xml,pg6_5_img043,9,pg_el,363.0,216.0,400.0,247.0,624,624,pg6_5,43,37.0,31.0,1147.0
pg6_5_img043.xml,pg6_5_img043,10,pg_el,347.0,156.0,393.0,200.0,624,624,pg6_5,43,46.0,44.0,2024.0
pg6_5_img044.xml,pg6_5_img044,0,pg_im,363.0,408.0,398.0,445.0,624,624,pg6_5,44,35.0,37.0,1295.0
pg6_5_img044.xml,pg6_5_img044,1,pg_im,281.0,157.0,318.0,188.0,624,624,pg6_5,44,37.0,31.0,1147.0
pg6_5_img044.xml,pg6_5_img044,2,pg_el,148.0,320.0,183.0,357.0,624,624,pg6_5,44,35.0,37.0,1295.0
pg6_5_img044.xml,pg6_5_img044,3,pg_el,214.0,406.0,263.0,451.0,624,624,pg6_5,44,49.0,45.0,2205.0
pg6_5_img044.xml,pg6_5_img044,4,pg_el,268.0,449.0,311.0,491.0,624,624,pg6_5,44,43.0,42.0,1806.0
pg6_5_img044.xml,pg6_5_img044,5,pg_el,260.0,312.0,301.0,388.0,624,624,pg6_5,44,41.0,76.0,3116.0
pg6_5_img044.xml,pg6_5_img044,6,pg_el,231.0,258.0,266.0,296.0,624,624,pg6_5,44,35.0,38.0,1330.0
pg6_5_img044.xml,pg6_5_img044,7,pg_el,401.0,315.0,442.0,359.0,624,624,pg6_5,44,41.0,44.0,1804.0
pg6_5_img044.xml,pg6_5_img044,8,pg_el,423.0,245.0,469.0,276.0,624,624,pg6_5,44,46.0,31.0,1426.0
pg6_5_img044.xml,pg6_5_img044,9,pg_el,363.0,216.0,400.0,247.0,624,624,pg6_5,44,37.0,31.0,1147.0
pg6_5_img044.xml,pg6_5_img044,10,pg_el,346.0,154.0,392.0,201.0,624,624,pg6_5,44,46.0,47.0,2162.0
pg6_5_img045.xml,pg6_5_img045,0,pg_im,363.0,408.0,398.0,445.0,624,624,pg6_5,45,35.0,37.0,1295.0
pg6_5_img045.xml,pg6_5_img045,1,pg_im,281.0,157.0,318.0,188.0,624,624,pg6_5,45,37.0,31.0,1147.0
pg6_5_img045.xml,pg6_5_img045,2,pg_el,148.0,319.0,184.0,357.0,624,624,pg6_5,45,36.0,38.0,1368.0
pg6_5_img045.xml,pg6_5_img045,3,pg_el,210.0,404.0,263.0,452.0,624,624,pg6_5,45,53.0,48.0,2544.0
pg6_5_img045.xml,pg6_5_img045,4,pg_el,267.0,449.0,312.0,491.0,624,624,pg6_5,45,45.0,42.0,1890.0
pg6_5_img045.xml,pg6_5_img045,5,pg_el,260.0,308.0,301.0,389.0,624,624,pg6_5,45,41.0,81.0,3321.0
pg6_5_img045.xml,pg6_5_img045,6,pg_el,231.0,258.0,266.0,298.0,624,624,pg6_5,45,35.0,40.0,1400.0
pg6_5_img045.xml,pg6_5_img045,7,pg_el,400.0,315.0,443.0,359.0,624,624,pg6_5,45,43.0,44.0,1892.0
pg6_5_img045.xml,pg6_5_img045,8,pg_el,422.0,245.0,468.0,275.0,624,624,pg6_5,45,46.0,30.0,1380.0
pg6_5_img045.xml,pg6_5_img045,9,pg_el,362.0,216.0,399.0,247.0,624,624,pg6_5,45,37.0,31.0,1147.0
pg6_5_img045.xml,pg6_5_img045,10,pg_el,346.0,152.0,392.0,202.0,624,624,pg6_5,45,46.0,50.0,2300.0
pg6_5_img046.xml,pg6_5_img046,0,pg_im,363.0,408.0,398.0,445.0,624,624,pg6_5,46,35.0,37.0,1295.0
pg6_5_img046.xml,pg6_5_img046,1,pg_im,281.0,157.0,318.0,188.0,624,624,pg6_5,46,37.0,31.0,1147.0
pg6_5_img046.xml,pg6_5_img046,2,pg_el,148.0,319.0,184.0,358.0,624,624,pg6_5,46,36.0,39.0,1404.0
pg6_5_img046.xml,pg6_5_img046,3,pg_el,205.0,402.0,263.0,452.0,624,624,pg6_5,46,58.0,50.0,2900.0
pg6_5_img046.xml,pg6_5_img046,4,pg_el,266.0,449.0,312.0,492.0,624,624,pg6_5,46,46.0,43.0,1978.0
pg6_5_img046.xml,pg6_5_img046,5,pg_el,260.0,304.0,301.0,389.0,624,624,pg6_5,46,41.0,85.0,3485.0
pg6_5_img046.xml,pg6_5_img046,6,pg_el,230.0,257.0,266.0,300.0,624,624,pg6_5,46,36.0,43.0,1548.0
pg6_5_img046.xml,pg6_5_img046,7,pg_el,400.0,314.0,443.0,359.0,624,624,pg6_5,46,43.0,45.0,1935.0
pg6_5_img046.xml,pg6_5_img046,8,pg_el,422.0,244.0,468.0,275.0,624,624,pg6_5,46,46.0,31.0,1426.0
pg6_5_img046.xml,pg6_5_img046,9,pg_el,362.0,216.0,399.0,247.0,624,624,pg6_5,46,37.0,31.0,1147.0
pg6_5_img046.xml,pg6_5_img046,10,pg_el,345.0,150.0,391.0,203.0,624,624,pg6_5,46,46.0,53.0,2438.0
pg6_5_img047.xml,pg6_5_img047,0,pg_im,363.0,408.0,398.0,445.0,624,624,pg6_5,47,35.0,37.0,1295.0
pg6_5_img047.xml,pg6_5_img047,1,pg_im,281.0,157.0,318.0,188.0,624,624,pg6_5,47,37.0,31.0,1147.0
pg6_5_img047.xml,pg6_5_img047,2,pg_el,148.0,319.0,184.0,358.0,624,624,pg6_5,47,36.0,39.0,1404.0
pg6_5_img047.xml,pg6_5_img047,3,pg_el,201.0,400.0,264.0,452.0,624,624,pg6_5,47,63.0,52.0,3276.0
pg6_5_img047.xml,pg6_5_img047,4,pg_el,265.0,448.0,313.0,492.0,624,624,pg6_5,47,48.0,44.0,2112.0
pg6_5_img047.xml,pg6_5_img047,5,pg_el,259.0,300.0,301.0,389.0,624,624,pg6_5,47,42.0,89.0,3738.0
pg6_5_img047.xml,pg6_5_img047,6,pg_el,229.0,257.0,265.0,302.0,624,624,pg6_5,47,36.0,45.0,1620.0
pg6_5_img047.xml,pg6_5_img047,7,pg_el,400.0,315.0,444.0,359.0,624,624,pg6_5,47,44.0,44.0,1936.0
pg6_5_img047.xml,pg6_5_img047,8,pg_el,422.0,244.0,467.0,275.0,624,624,pg6_5,47,45.0,31.0,1395.0
pg6_5_img047.xml,pg6_5_img047,9,pg_el,362.0,215.0,399.0,247.0,624,624,pg6_5,47,37.0,32.0,1184.0
pg6_5_img047.xml,pg6_5_img047,10,pg_el,345.0,148.0,391.0,204.0,624,624,pg6_5,47,46.0,56.0,2576.0
pg6_5_img048.xml,pg6_5_img048,0,pg_im,363.0,408.0,398.0,445.0,624,624,pg6_5,48,35.0,37.0,1295.0
pg6_5_img048.xml,pg6_5_img048,1,pg_im,281.0,157.0,318.0,188.0,624,624,pg6_5,48,37.0,31.0,1147.0
pg6_5_img048.xml,pg6_5_img048,2,pg_el,147.0,323.0,190.0,362.0,624,624,pg6_5,48,43.0,39.0,1677.0
pg6_5_img048.xml,pg6_5_img048,3,pg_el,197.0,399.0,264.0,452.0,624,624,pg6_5,48,67.0,53.0,3551.0
pg6_5_img048.xml,pg6_5_img048,4,pg_el,263.0,448.0,314.0,493.0,624,624,pg6_5,48,51.0,45.0,2295.0
pg6_5_img048.xml,pg6_5_img048,5,pg_el,258.0,297.0,301.0,389.0,624,624,pg6_5,48,43.0,92.0,3956.0
pg6_5_img048.xml,pg6_5_img048,6,pg_el,229.0,257.0,265.0,304.0,624,624,pg6_5,48,36.0,47.0,1692.0
pg6_5_img048.xml,pg6_5_img048,7,pg_el,400.0,315.0,444.0,358.0,624,624,pg6_5,48,44.0,43.0,1892.0
pg6_5_img048.xml,pg6_5_img048,8,pg_el,421.0,244.0,467.0,274.0,624,624,pg6_5,48,46.0,30.0,1380.0
pg6_5_img048.xml,pg6_5_img048,9,pg_el,362.0,215.0,398.0,247.0,624,624,pg6_5,48,36.0,32.0,1152.0
pg6_5_img048.xml,pg6_5_img048,10,pg_el,344.0,146.0,390.0,205.0,624,624,pg6_5,48,46.0,59.0,2714.0
pg6_5_img049.xml,pg6_5_img049,0,pg_im,363.0,408.0,398.0,445.0,624,624,pg6_5,49,35.0,37.0,1295.0
pg6_5_img049.xml,pg6_5_img049,1,pg_im,281.0,157.0,318.0,188.0,624,624,pg6_5,49,37.0,31.0,1147.0
pg6_5_img049.xml,pg6_5_img049,2,pg_el,145.0,322.0,190.0,362.0,624,624,pg6_5,49,45.0,40.0,1800.0
pg6_5_img049.xml,pg6_5_img049,3,pg_el,193.0,397.0,265.0,452.0,624,624,pg6_5,49,72.0,55.0,3960.0
pg6_5_img049.xml,pg6_5_img049,4,pg_el,262.0,448.0,314.0,493.0,624,624,pg6_5,49,52.0,45.0,2340.0
pg6_5_img049.xml,pg6_5_img049,5,pg_el,257.0,293.0,301.0,389.0,624,624,pg6_5,49,44.0,96.0,4224.0
pg6_5_img049.xml,pg6_5_img049,6,pg_el,228.0,257.0,265.0,305.0,624,624,pg6_5,49,37.0,48.0,1776.0
pg6_5_img049.xml,pg6_5_img049,7,pg_el,400.0,315.0,445.0,358.0,624,624,pg6_5,49,45.0,43.0,1935.0
pg6_5_img049.xml,pg6_5_img049,8,pg_el,421.0,244.0,467.0,278.0,624,624,pg6_5,49,46.0,34.0,1564.0
pg6_5_img049.xml,pg6_5_img049,9,pg_el,362.0,215.0,398.0,247.0,624,624,pg6_5,49,36.0,32.0,1152.0
pg6_5_img049.xml,pg6_5_img049,10,pg_el,344.0,144.0,390.0,206.0,624,624,pg6_5,49,46.0,62.0,2852.0
pg6_5_img050.xml,pg6_5_img050,0,pg_im,363.0,408.0,398.0,445.0,624,624,pg6_5,50,35.0,37.0,1295.0
pg6_5_img050.xml,pg6_5_img050,1,pg_im,281.0,157.0,318.0,188.0,624,624,pg6_5,50,37.0,31.0,1147.0
pg6_5_img050.xml,pg6_5_img050,2,pg_el,144.0,321.0,190.0,362.0,624,624,pg6_5,50,46.0,41.0,1886.0
pg6_5_img050.xml,pg6_5_img050,3,pg_el,189.0,396.0,265.0,453.0,624,624,pg6_5,50,76.0,57.0,4332.0
pg6_5_img050.xml,pg6_5_img050,4,pg_el,262.0,448.0,316.0,493.0,624,624,pg6_5,50,54.0,45.0,2430.0
pg6_5_img050.xml,pg6_5_img050,5,pg_el,256.0,290.0,301.0,389.0,624,624,pg6_5,50,45.0,99.0,4455.0
pg6_5_img050.xml,pg6_5_img050,6,pg_el,227.0,257.0,265.0,307.0,624,624,pg6_5,50,38.0,50.0,1900.0
pg6_5_img050.xml,pg6_5_img050,7,pg_el,400.0,315.0,446.0,358.0,624,624,pg6_5,50,46.0,43.0,1978.0
pg6_5_img050.xml,pg6_5_img050,8,pg_el,421.0,245.0,467.0,281.0,624,624,pg6_5,50,46.0,36.0,1656.0
pg6_5_img050.xml,pg6_5_img050,9,pg_el,362.0,215.0,397.0,247.0,624,624,pg6_5,50,35.0,32.0,1120.0
pg6_5_img050.xml,pg6_5_img050,10,pg_el,344.0,140.0,390.0,206.0,624,624,pg6_5,50,46.0,66.0,3036.0
pg6_5_img051.xml,pg6_5_img051,0,pg_im,363.0,408.0,398.0,445.0,624,624,pg6_5,51,35.0,37.0,1295.0
pg6_5_img051.xml,pg6_5_img051,1,pg_im,281.0,157.0,318.0,188.0,624,624,pg6_5,51,37.0,31.0,1147.0
pg6_5_img051.xml,pg6_5_img051,2,pg_el,142.0,321.0,190.0,362.0,624,624,pg6_5,51,48.0,41.0,1968.0
pg6_5_img051.xml,pg6_5_img051,3,pg_el,185.0,395.0,265.0,453.0,624,624,pg6_5,51,80.0,58.0,4640.0
pg6_5_img051.xml,pg6_5_img051,4,pg_el,262.0,448.0,318.0,493.0,624,624,pg6_5,51,56.0,45.0,2520.0
pg6_5_img051.xml,pg6_5_img051,5,pg_el,255.0,286.0,301.0,389.0,624,624,pg6_5,51,46.0,103.0,4738.0
pg6_5_img051.xml,pg6_5_img051,6,pg_el,226.0,257.0,265.0,308.0,624,624,pg6_5,51,39.0,51.0,1989.0
pg6_5_img051.xml,pg6_5_img051,7,pg_el,400.0,316.0,447.0,358.0,624,624,pg6_5,51,47.0,42.0,1974.0
pg6_5_img051.xml,pg6_5_img051,8,pg_el,420.0,246.0,466.0,284.0,624,624,pg6_5,51,46.0,38.0,1748.0
pg6_5_img051.xml,pg6_5_img051,9,pg_el,362.0,215.0,397.0,247.0,624,624,pg6_5,51,35.0,32.0,1120.0
pg6_5_img051.xml,pg6_5_img051,10,pg_el,344.0,136.0,390.0,206.0,624,624,pg6_5,51,46.0,70.0,3220.0
pg6_5_img052.xml,pg6_5_img052,0,pg_im,363.0,408.0,398.0,445.0,624,624,pg6_5,52,35.0,37.0,1295.0
pg6_5_img052.xml,pg6_5_img052,1,pg_im,281.0,157.0,318.0,188.0,624,624,pg6_5,52,37.0,31.0,1147.0
pg6_5_img052.xml,pg6_5_img052,2,pg_el,141.0,320.0,190.0,362.0,624,624,pg6_5,52,49.0,42.0,2058.0
pg6_5_img052.xml,pg6_5_img052,3,pg_el,181.0,393.0,266.0,454.0,624,624,pg6_5,52,85.0,61.0,5185.0
pg6_5_img052.xml,pg6_5_img052,4,pg_el,262.0,448.0,321.0,493.0,624,624,pg6_5,52,59.0,45.0,2655.0
pg6_5_img052.xml,pg6_5_img052,5,pg_el,254.0,283.0,301.0,389.0,624,624,pg6_5,52,47.0,106.0,4982.0
pg6_5_img052.xml,pg6_5_img052,6,pg_el,225.0,257.0,265.0,310.0,624,624,pg6_5,52,40.0,53.0,2120.0
pg6_5_img052.xml,pg6_5_img052,7,pg_el,400.0,316.0,447.0,358.0,624,624,pg6_5,52,47.0,42.0,1974.0
pg6_5_img052.xml,pg6_5_img052,8,pg_el,420.0,247.0,467.0,286.0,624,624,pg6_5,52,47.0,39.0,1833.0
pg6_5_img052.xml,pg6_5_img052,9,pg_el,362.0,214.0,397.0,247.0,624,624,pg6_5,52,35.0,33.0,1155.0
pg6_5_img052.xml,pg6_5_img052,10,pg_el,344.0,131.0,390.0,206.0,624,624,pg6_5,52,46.0,75.0,3450.0
pg6_5_img053.xml,pg6_5_img053,0,pg_im,363.0,408.0,398.0,445.0,624,624,pg6_5,53,35.0,37.0,1295.0
pg6_5_img053.xml,pg6_5_img053,1,pg_im,281.0,157.0,318.0,188.0,624,624,pg6_5,53,37.0,31.0,1147.0
pg6_5_img053.xml,pg6_5_img053,2,pg_el,140.0,319.0,190.0,362.0,624,624,pg6_5,53,50.0,43.0,2150.0
pg6_5_img053.xml,pg6_5_img053,3,pg_el,177.0,392.0,266.0,454.0,624,624,pg6_5,53,89.0,62.0,5518.0
pg6_5_img053.xml,pg6_5_img053,4,pg_el,262.0,448.0,323.0,492.0,624,624,pg6_5,53,61.0,44.0,2684.0
pg6_5_img053.xml,pg6_5_img053,5,pg_el,253.0,279.0,301.0,389.0,624,624,pg6_5,53,48.0,110.0,5280.0
pg6_5_img053.xml,pg6_5_img053,6,pg_el,224.0,257.0,265.0,311.0,624,624,pg6_5,53,41.0,54.0,2214.0
pg6_5_img053.xml,pg6_5_img053,7,pg_el,400.0,316.0,448.0,358.0,624,624,pg6_5,53,48.0,42.0,2016.0
pg6_5_img053.xml,pg6_5_img053,8,pg_el,420.0,247.0,468.0,289.0,624,624,pg6_5,53,48.0,42.0,2016.0
pg6_5_img053.xml,pg6_5_img053,9,pg_el,361.0,213.0,397.0,248.0,624,624,pg6_5,53,36.0,35.0,1260.0
pg6_5_img053.xml,pg6_5_img053,10,pg_el,344.0,127.0,390.0,206.0,624,624,pg6_5,53,46.0,79.0,3634.0
pg6_5_img054.xml,pg6_5_img054,0,pg_im,363.0,408.0,398.0,445.0,624,624,pg6_5,54,35.0,37.0,1295.0
pg6_5_img054.xml,pg6_5_img054,1,pg_im,281.0,157.0,318.0,188.0,624,624,pg6_5,54,37.0,31.0,1147.0
pg6_5_img054.xml,pg6_5_img054,2,pg_el,138.0,319.0,190.0,362.0,624,624,pg6_5,54,52.0,43.0,2236.0
pg6_5_img054.xml,pg6_5_img054,3,pg_el,173.0,391.0,266.0,454.0,624,624,pg6_5,54,93.0,63.0,5859.0
pg6_5_img054.xml,pg6_5_img054,4,pg_el,260.0,448.0,324.0,493.0,624,624,pg6_5,54,64.0,45.0,2880.0
pg6_5_img054.xml,pg6_5_img054,5,pg_el,252.0,276.0,301.0,389.0,624,624,pg6_5,54,49.0,113.0,5537.0
pg6_5_img054.xml,pg6_5_img054,6,pg_el,223.0,257.0,265.0,313.0,624,624,pg6_5,54,42.0,56.0,2352.0
pg6_5_img054.xml,pg6_5_img054,7,pg_el,400.0,317.0,449.0,358.0,624,624,pg6_5,54,49.0,41.0,2009.0
pg6_5_img054.xml,pg6_5_img054,8,pg_el,420.0,248.0,469.0,291.0,624,624,pg6_5,54,49.0,43.0,2107.0
pg6_5_img054.xml,pg6_5_img054,9,pg_el,361.0,213.0,397.0,248.0,624,624,pg6_5,54,36.0,35.0,1260.0
pg6_5_img054.xml,pg6_5_img054,10,pg_el,344.0,123.0,391.0,206.0,624,624,pg6_5,54,47.0,83.0,3901.0
pg6_5_img055.xml,pg6_5_img055,0,pg_im,363.0,408.0,398.0,445.0,624,624,pg6_5,55,35.0,37.0,1295.0
pg6_5_img055.xml,pg6_5_img055,1,pg_im,281.0,157.0,318.0,188.0,624,624,pg6_5,55,37.0,31.0,1147.0
pg6_5_img055.xml,pg6_5_img055,2,pg_el,137.0,318.0,190.0,362.0,624,624,pg6_5,55,53.0,44.0,2332.0
pg6_5_img055.xml,pg6_5_img055,3,pg_el,169.0,390.0,266.0,454.0,624,624,pg6_5,55,97.0,64.0,6208.0
pg6_5_img055.xml,pg6_5_img055,4,pg_el,259.0,448.0,326.0,493.0,624,624,pg6_5,55,67.0,45.0,3015.0
pg6_5_img055.xml,pg6_5_img055,5,pg_el,251.0,272.0,301.0,389.0,624,624,pg6_5,55,50.0,117.0,5850.0
pg6_5_img055.xml,pg6_5_img055,6,pg_el,222.0,257.0,265.0,314.0,624,624,pg6_5,55,43.0,57.0,2451.0
pg6_5_img055.xml,pg6_5_img055,7,pg_el,400.0,317.0,450.0,358.0,624,624,pg6_5,55,50.0,41.0,2050.0
pg6_5_img055.xml,pg6_5_img055,8,pg_el,420.0,249.0,469.0,293.0,624,624,pg6_5,55,49.0,44.0,2156.0
pg6_5_img055.xml,pg6_5_img055,9,pg_el,361.0,212.0,397.0,248.0,624,624,pg6_5,55,36.0,36.0,1296.0
pg6_5_img055.xml,pg6_5_img055,10,pg_el,344.0,119.0,391.0,206.0,624,624,pg6_5,55,47.0,87.0,4089.0
pg6_5_img056.xml,pg6_5_img056,0,pg_im,363.0,408.0,398.0,445.0,624,624,pg6_5,56,35.0,37.0,1295.0
pg6_5_img056.xml,pg6_5_img056,1,pg_im,281.0,157.0,318.0,188.0,624,624,pg6_5,56,37.0,31.0,1147.0
pg6_5_img056.xml,pg6_5_img056,2,pg_el,135.0,316.0,189.0,363.0,624,624,pg6_5,56,54.0,47.0,2538.0
pg6_5_img056.xml,pg6_5_img056,3,pg_el,164.0,389.0,266.0,454.0,624,624,pg6_5,56,102.0,65.0,6630.0
pg6_5_img056.xml,pg6_5_img056,4,pg_el,258.0,448.0,327.0,493.0,624,624,pg6_5,56,69.0,45.0,3105.0
pg6_5_img056.xml,pg6_5_img056,5,pg_el,249.0,269.0,302.0,389.0,624,624,pg6_5,56,53.0,120.0,6360.0
pg6_5_img056.xml,pg6_5_img056,6,pg_el,222.0,257.0,265.0,315.0,624,624,pg6_5,56,43.0,58.0,2494.0
pg6_5_img056.xml,pg6_5_img056,7,pg_el,400.0,317.0,450.0,358.0,624,624,pg6_5,56,50.0,41.0,2050.0
pg6_5_img056.xml,pg6_5_img056,8,pg_el,420.0,248.0,469.0,293.0,624,624,pg6_5,56,49.0,45.0,2205.0
pg6_5_img056.xml,pg6_5_img056,9,pg_el,361.0,211.0,397.0,249.0,624,624,pg6_5,56,36.0,38.0,1368.0
pg6_5_img056.xml,pg6_5_img056,10,pg_el,344.0,114.0,391.0,206.0,624,624,pg6_5,56,47.0,92.0,4324.0
pg6_5_img057.xml,pg6_5_img057,0,pg_im,363.0,408.0,398.0,445.0,624,624,pg6_5,57,35.0,37.0,1295.0
pg6_5_img057.xml,pg6_5_img057,1,pg_im,281.0,157.0,318.0,188.0,624,624,pg6_5,57,37.0,31.0,1147.0
pg6_5_img057.xml,pg6_5_img057,2,pg_el,133.0,314.0,189.0,363.0,624,624,pg6_5,57,56.0,49.0,2744.0
pg6_5_img057.xml,pg6_5_img057,3,pg_el,160.0,388.0,266.0,454.0,624,624,pg6_5,57,106.0,66.0,6996.0
pg6_5_img057.xml,pg6_5_img057,4,pg_el,256.0,448.0,329.0,493.0,624,624,pg6_5,57,73.0,45.0,3285.0
pg6_5_img057.xml,pg6_5_img057,5,pg_el,247.0,265.0,302.0,389.0,624,624,pg6_5,57,55.0,124.0,6820.0
pg6_5_img057.xml,pg6_5_img057,6,pg_el,221.0,257.0,265.0,317.0,624,624,pg6_5,57,44.0,60.0,2640.0
pg6_5_img057.xml,pg6_5_img057,7,pg_el,400.0,317.0,451.0,358.0,624,624,pg6_5,57,51.0,41.0,2091.0
pg6_5_img057.xml,pg6_5_img057,8,pg_el,420.0,247.0,469.0,293.0,624,624,pg6_5,57,49.0,46.0,2254.0
pg6_5_img057.xml,pg6_5_img057,9,pg_el,360.0,211.0,397.0,249.0,624,624,pg6_5,57,37.0,38.0,1406.0
pg6_5_img057.xml,pg6_5_img057,10,pg_el,344.0,111.0,396.0,206.0,624,624,pg6_5,57,52.0,95.0,4940.0
pg6_5_img058.xml,pg6_5_img058,0,pg_im,363.0,408.0,398.0,445.0,624,624,pg6_5,58,35.0,37.0,1295.0
pg6_5_img058.xml,pg6_5_img058,1,pg_im,281.0,157.0,318.0,188.0,624,624,pg6_5,58,37.0,31.0,1147.0
pg6_5_img058.xml,pg6_5_img058,2,pg_el,131.0,312.0,189.0,363.0,624,624,pg6_5,58,58.0,51.0,2958.0
pg6_5_img058.xml,pg6_5_img058,3,pg_el,155.0,386.0,266.0,454.0,624,624,pg6_5,58,111.0,68.0,7548.0
pg6_5_img058.xml,pg6_5_img058,4,pg_el,255.0,448.0,330.0,493.0,624,624,pg6_5,58,75.0,45.0,3375.0
pg6_5_img058.xml,pg6_5_img058,5,pg_el,245.0,262.0,302.0,390.0,624,624,pg6_5,58,57.0,128.0,7296.0
pg6_5_img058.xml,pg6_5_img058,6,pg_el,220.0,257.0,265.0,318.0,624,624,pg6_5,58,45.0,61.0,2745.0
pg6_5_img058.xml,pg6_5_img058,7,pg_el,400.0,318.0,452.0,358.0,624,624,pg6_5,58,52.0,40.0,2080.0
pg6_5_img058.xml,pg6_5_img058,8,pg_el,420.0,247.0,469.0,293.0,624,624,pg6_5,58,49.0,46.0,2254.0
pg6_5_img058.xml,pg6_5_img058,9,pg_el,360.0,211.0,397.0,249.0,624,624,pg6_5,58,37.0,38.0,1406.0
pg6_5_img058.xml,pg6_5_img058,10,pg_el,344.0,108.0,401.0,206.0,624,624,pg6_5,58,57.0,98.0,5586.0
pg6_5_img059.xml,pg6_5_img059,0,pg_im,363.0,408.0,398.0,445.0,624,624,pg6_5,59,35.0,37.0,1295.0
pg6_5_img059.xml,pg6_5_img059,1,pg_im,281.0,157.0,318.0,188.0,624,624,pg6_5,59,37.0,31.0,1147.0
pg6_5_img059.xml,pg6_5_img059,2,pg_el,129.0,310.0,189.0,364.0,624,624,pg6_5,59,60.0,54.0,3240.0
pg6_5_img059.xml,pg6_5_img059,3,pg_el,151.0,385.0,266.0,454.0,624,624,pg6_5,59,115.0,69.0,7935.0
pg6_5_img059.xml,pg6_5_img059,4,pg_el,254.0,448.0,332.0,493.0,624,624,pg6_5,59,78.0,45.0,3510.0
pg6_5_img059.xml,pg6_5_img059,5,pg_el,244.0,259.0,302.0,390.0,624,624,pg6_5,59,58.0,131.0,7598.0
pg6_5_img059.xml,pg6_5_img059,6,pg_el,220.0,256.0,265.0,319.0,624,624,pg6_5,59,45.0,63.0,2835.0
pg6_5_img059.xml,pg6_5_img059,7,pg_el,400.0,318.0,453.0,358.0,624,624,pg6_5,59,53.0,40.0,2120.0
pg6_5_img059.xml,pg6_5_img059,8,pg_el,420.0,246.0,469.0,293.0,624,624,pg6_5,59,49.0,47.0,2303.0
pg6_5_img059.xml,pg6_5_img059,9,pg_el,360.0,211.0,397.0,249.0,624,624,pg6_5,59,37.0,38.0,1406.0
pg6_5_img059.xml,pg6_5_img059,10,pg_el,344.0,105.0,405.0,206.0,624,624,pg6_5,59,61.0,101.0,6161.0
pg6_5_img060.xml,pg6_5_img060,0,pg_im,363.0,408.0,398.0,445.0,624,624,pg6_5,60,35.0,37.0,1295.0
pg6_5_img060.xml,pg6_5_img060,1,pg_im,281.0,157.0,318.0,188.0,624,624,pg6_5,60,37.0,31.0,1147.0
pg6_5_img060.xml,pg6_5_img060,2,pg_el,127.0,308.0,189.0,364.0,624,624,pg6_5,60,62.0,56.0,3472.0
pg6_5_img060.xml,pg6_5_img060,3,pg_el,147.0,384.0,266.0,454.0,624,624,pg6_5,60,119.0,70.0,8330.0
pg6_5_img060.xml,pg6_5_img060,4,pg_el,253.0,448.0,335.0,493.0,624,624,pg6_5,60,82.0,45.0,3690.0
pg6_5_img060.xml,pg6_5_img060,5,pg_el,242.0,255.0,303.0,390.0,624,624,pg6_5,60,61.0,135.0,8235.0
pg6_5_img060.xml,pg6_5_img060,6,pg_el,220.0,256.0,265.0,320.0,624,624,pg6_5,60,45.0,64.0,2880.0
pg6_5_img060.xml,pg6_5_img060,7,pg_el,399.0,318.0,452.0,359.0,624,624,pg6_5,60,53.0,41.0,2173.0
pg6_5_img060.xml,pg6_5_img060,8,pg_el,420.0,245.0,469.0,293.0,624,624,pg6_5,60,49.0,48.0,2352.0
pg6_5_img060.xml,pg6_5_img060,9,pg_el,360.0,211.0,397.0,249.0,624,624,pg6_5,60,37.0,38.0,1406.0
pg6_5_img060.xml,pg6_5_img060,10,pg_el,344.0,101.0,410.0,206.0,624,624,pg6_5,60,66.0,105.0,6930.0
pg6_5_img061.xml,pg6_5_img061,0,pg_im,363.0,408.0,398.0,445.0,624,624,pg6_5,61,35.0,37.0,1295.0
pg6_5_img061.xml,pg6_5_img061,1,pg_im,281.0,157.0,318.0,188.0,624,624,pg6_5,61,37.0,31.0,1147.0
pg6_5_img061.xml,pg6_5_img061,2,pg_el,125.0,306.0,189.0,364.0,624,624,pg6_5,61,64.0,58.0,3712.0
pg6_5_img061.xml,pg6_5_img061,3,pg_el,142.0,383.0,266.0,454.0,624,624,pg6_5,61,124.0,71.0,8804.0
pg6_5_img061.xml,pg6_5_img061,4,pg_el,253.0,448.0,337.0,494.0,624,624,pg6_5,61,84.0,46.0,3864.0
pg6_5_img061.xml,pg6_5_img061,5,pg_el,240.0,252.0,303.0,390.0,624,624,pg6_5,61,63.0,138.0,8694.0
pg6_5_img061.xml,pg6_5_img061,6,pg_el,220.0,256.0,265.0,320.0,624,624,pg6_5,61,45.0,64.0,2880.0
pg6_5_img061.xml,pg6_5_img061,7,pg_el,399.0,318.0,452.0,360.0,624,624,pg6_5,61,53.0,42.0,2226.0
pg6_5_img061.xml,pg6_5_img061,8,pg_el,420.0,244.0,469.0,293.0,624,624,pg6_5,61,49.0,49.0,2401.0
pg6_5_img061.xml,pg6_5_img061,9,pg_el,360.0,211.0,397.0,249.0,624,624,pg6_5,61,37.0,38.0,1406.0
pg6_5_img061.xml,pg6_5_img061,10,pg_el,344.0,98.0,415.0,206.0,624,624,pg6_5,61,71.0,108.0,7668.0
pg6_5_img062.xml,pg6_5_img062,0,pg_im,363.0,408.0,398.0,445.0,624,624,pg6_5,62,35.0,37.0,1295.0
pg6_5_img062.xml,pg6_5_img062,1,pg_im,281.0,157.0,318.0,188.0,624,624,pg6_5,62,37.0,31.0,1147.0
pg6_5_img062.xml,pg6_5_img062,2,pg_el,123.0,303.0,189.0,365.0,624,624,pg6_5,62,66.0,62.0,4092.0
pg6_5_img062.xml,pg6_5_img062,3,pg_el,138.0,382.0,266.0,454.0,624,624,pg6_5,62,128.0,72.0,9216.0
pg6_5_img062.xml,pg6_5_img062,4,pg_el,252.0,448.0,340.0,494.0,624,624,pg6_5,62,88.0,46.0,4048.0
pg6_5_img062.xml,pg6_5_img062,5,pg_el,238.0,249.0,303.0,390.0,624,624,pg6_5,62,65.0,141.0,9165.0
pg6_5_img062.xml,pg6_5_img062,6,pg_el,220.0,256.0,264.0,321.0,624,624,pg6_5,62,44.0,65.0,2860.0
pg6_5_img062.xml,pg6_5_img062,7,pg_el,398.0,319.0,451.0,361.0,624,624,pg6_5,62,53.0,42.0,2226.0
pg6_5_img062.xml,pg6_5_img062,8,pg_el,420.0,244.0,469.0,293.0,624,624,pg6_5,62,49.0,49.0,2401.0
pg6_5_img062.xml,pg6_5_img062,9,pg_el,360.0,211.0,397.0,249.0,624,624,pg6_5,62,37.0,38.0,1406.0
pg6_5_img062.xml,pg6_5_img062,10,pg_el,344.0,95.0,420.0,206.0,624,624,pg6_5,62,76.0,111.0,8436.0
pg6_5_img063.xml,pg6_5_img063,0,pg_im,363.0,408.0,398.0,445.0,624,624,pg6_5,63,35.0,37.0,1295.0
pg6_5_img063.xml,pg6_5_img063,1,pg_im,281.0,157.0,318.0,188.0,624,624,pg6_5,63,37.0,31.0,1147.0
pg6_5_img063.xml,pg6_5_img063,2,pg_el,121.0,301.0,189.0,365.0,624,624,pg6_5,63,68.0,64.0,4352.0
pg6_5_img063.xml,pg6_5_img063,3,pg_el,135.0,381.0,267.0,455.0,624,624,pg6_5,63,132.0,74.0,9768.0
pg6_5_img063.xml,pg6_5_img063,4,pg_el,252.0,448.0,343.0,494.0,624,624,pg6_5,63,91.0,46.0,4186.0
pg6_5_img063.xml,pg6_5_img063,5,pg_el,236.0,245.0,304.0,390.0,624,624,pg6_5,63,68.0,145.0,9860.0
pg6_5_img063.xml,pg6_5_img063,6,pg_el,220.0,256.0,264.0,322.0,624,624,pg6_5,63,44.0,66.0,2904.0
pg6_5_img063.xml,pg6_5_img063,7,pg_el,397.0,319.0,450.0,363.0,624,624,pg6_5,63,53.0,44.0,2332.0
pg6_5_img063.xml,pg6_5_img063,8,pg_el,420.0,241.0,470.0,293.0,624,624,pg6_5,63,50.0,52.0,2600.0
pg6_5_img063.xml,pg6_5_img063,9,pg_el,360.0,211.0,397.0,249.0,624,624,pg6_5,63,37.0,38.0,1406.0
pg6_5_img063.xml,pg6_5_img063,10,pg_el,344.0,92.0,425.0,206.0,624,624,pg6_5,63,81.0,114.0,9234.0
pg6_5_img064.xml,pg6_5_img064,0,pg_im,363.0,408.0,398.0,445.0,624,624,pg6_5,64,35.0,37.0,1295.0
pg6_5_img064.xml,pg6_5_img064,1,pg_im,281.0,157.0,318.0,188.0,624,624,pg6_5,64,37.0,31.0,1147.0
pg6_5_img064.xml,pg6_5_img064,2,pg_el,119.0,299.0,188.0,365.0,624,624,pg6_5,64,69.0,66.0,4554.0
pg6_5_img064.xml,pg6_5_img064,3,pg_el,132.0,381.0,267.0,455.0,624,624,pg6_5,64,135.0,74.0,9990.0
pg6_5_img064.xml,pg6_5_img064,4,pg_el,251.0,449.0,346.0,495.0,624,624,pg6_5,64,95.0,46.0,4370.0
pg6_5_img064.xml,pg6_5_img064,5,pg_el,235.0,242.0,304.0,390.0,624,624,pg6_5,64,69.0,148.0,10212.0
pg6_5_img064.xml,pg6_5_img064,6,pg_el,220.0,256.0,264.0,322.0,624,624,pg6_5,64,44.0,66.0,2904.0
pg6_5_img064.xml,pg6_5_img064,7,pg_el,397.0,319.0,450.0,364.0,624,624,pg6_5,64,53.0,45.0,2385.0
pg6_5_img064.xml,pg6_5_img064,8,pg_el,419.0,239.0,470.0,293.0,624,624,pg6_5,64,51.0,54.0,2754.0
pg6_5_img064.xml,pg6_5_img064,9,pg_el,360.0,211.0,397.0,249.0,624,624,pg6_5,64,37.0,38.0,1406.0
pg6_5_img064.xml,pg6_5_img064,10,pg_el,344.0,89.0,429.0,206.0,624,624,pg6_5,64,85.0,117.0,9945.0
pg6_5_img065.xml,pg6_5_img065,0,pg_im,363.0,408.0,398.0,445.0,624,624,pg6_5,65,35.0,37.0,1295.0
pg6_5_img065.xml,pg6_5_img065,1,pg_im,281.0,157.0,318.0,188.0,624,624,pg6_5,65,37.0,31.0,1147.0
pg6_5_img065.xml,pg6_5_img065,2,pg_el,117.0,297.0,188.0,366.0,624,624,pg6_5,65,71.0,69.0,4899.0
pg6_5_img065.xml,pg6_5_img065,3,pg_el,129.0,380.0,267.0,455.0,624,624,pg6_5,65,138.0,75.0,10350.0
pg6_5_img065.xml,pg6_5_img065,4,pg_el,250.0,449.0,349.0,495.0,624,624,pg6_5,65,99.0,46.0,4554.0
pg6_5_img065.xml,pg6_5_img065,5,pg_el,233.0,239.0,304.0,390.0,624,624,pg6_5,65,71.0,151.0,10721.0
pg6_5_img065.xml,pg6_5_img065,6,pg_el,220.0,256.0,264.0,323.0,624,624,pg6_5,65,44.0,67.0,2948.0
pg6_5_img065.xml,pg6_5_img065,7,pg_el,397.0,319.0,449.0,366.0,624,624,pg6_5,65,52.0,47.0,2444.0
pg6_5_img065.xml,pg6_5_img065,8,pg_el,418.0,236.0,470.0,293.0,624,624,pg6_5,65,52.0,57.0,2964.0
pg6_5_img065.xml,pg6_5_img065,9,pg_el,360.0,211.0,397.0,249.0,624,624,pg6_5,65,37.0,38.0,1406.0
pg6_5_img065.xml,pg6_5_img065,10,pg_el,344.0,85.0,434.0,206.0,624,624,pg6_5,65,90.0,121.0,10890.0
pg6_5_img066.xml,pg6_5_img066,0,pg_im,363.0,408.0,398.0,445.0,624,624,pg6_5,66,35.0,37.0,1295.0
pg6_5_img066.xml,pg6_5_img066,1,pg_im,281.0,157.0,318.0,188.0,624,624,pg6_5,66,37.0,31.0,1147.0
pg6_5_img066.xml,pg6_5_img066,2,pg_el,115.0,295.0,188.0,366.0,624,624,pg6_5,66,73.0,71.0,5183.0
pg6_5_img066.xml,pg6_5_img066,3,pg_el,127.0,380.0,267.0,455.0,624,624,pg6_5,66,140.0,75.0,10500.0
pg6_5_img066.xml,pg6_5_img066,4,pg_el,250.0,449.0,352.0,495.0,624,624,pg6_5,66,102.0,46.0,4692.0
pg6_5_img066.xml,pg6_5_img066,5,pg_el,231.0,235.0,304.0,391.0,624,624,pg6_5,66,73.0,156.0,11388.0
pg6_5_img066.xml,pg6_5_img066,6,pg_el,220.0,256.0,264.0,324.0,624,624,pg6_5,66,44.0,68.0,2992.0
pg6_5_img066.xml,pg6_5_img066,7,pg_el,398.0,319.0,448.0,368.0,624,624,pg6_5,66,50.0,49.0,2450.0
pg6_5_img066.xml,pg6_5_img066,8,pg_el,417.0,234.0,471.0,292.0,624,624,pg6_5,66,54.0,58.0,3132.0
pg6_5_img066.xml,pg6_5_img066,9,pg_el,360.0,211.0,397.0,249.0,624,624,pg6_5,66,37.0,38.0,1406.0
pg6_5_img066.xml,pg6_5_img066,10,pg_el,343.0,83.0,439.0,206.0,624,624,pg6_5,66,96.0,123.0,11808.0
pg6_5_img067.xml,pg6_5_img067,0,pg_im,363.0,408.0,398.0,445.0,624,624,pg6_5,67,35.0,37.0,1295.0
pg6_5_img067.xml,pg6_5_img067,1,pg_im,281.0,157.0,318.0,188.0,624,624,pg6_5,67,37.0,31.0,1147.0
pg6_5_img067.xml,pg6_5_img067,2,pg_el,113.0,293.0,188.0,366.0,624,624,pg6_5,67,75.0,73.0,5475.0
pg6_5_img067.xml,pg6_5_img067,3,pg_el,124.0,379.0,268.0,455.0,624,624,pg6_5,67,144.0,76.0,10944.0
pg6_5_img067.xml,pg6_5_img067,4,pg_el,249.0,449.0,354.0,495.0,624,624,pg6_5,67,105.0,46.0,4830.0
pg6_5_img067.xml,pg6_5_img067,5,pg_el,230.0,233.0,304.0,391.0,624,624,pg6_5,67,74.0,158.0,11692.0
pg6_5_img067.xml,pg6_5_img067,6,pg_el,220.0,256.0,264.0,324.0,624,624,pg6_5,67,44.0,68.0,2992.0
pg6_5_img067.xml,pg6_5_img067,7,pg_el,399.0,319.0,447.0,370.0,624,624,pg6_5,67,48.0,51.0,2448.0
pg6_5_img067.xml,pg6_5_img067,8,pg_el,416.0,231.0,471.0,292.0,624,624,pg6_5,67,55.0,61.0,3355.0
pg6_5_img067.xml,pg6_5_img067,9,pg_el,360.0,211.0,398.0,249.0,624,624,pg6_5,67,38.0,38.0,1444.0
pg6_5_img067.xml,pg6_5_img067,10,pg_el,343.0,80.0,443.0,206.0,624,624,pg6_5,67,100.0,126.0,12600.0
pg6_5_img068.xml,pg6_5_img068,0,pg_im,363.0,408.0,398.0,445.0,624,624,pg6_5,68,35.0,37.0,1295.0
pg6_5_img068.xml,pg6_5_img068,1,pg_im,281.0,157.0,318.0,188.0,624,624,pg6_5,68,37.0,31.0,1147.0
pg6_5_img068.xml,pg6_5_img068,2,pg_el,111.0,289.0,188.0,366.0,624,624,pg6_5,68,77.0,77.0,5929.0
pg6_5_img068.xml,pg6_5_img068,3,pg_el,121.0,378.0,268.0,456.0,624,624,pg6_5,68,147.0,78.0,11466.0
pg6_5_img068.xml,pg6_5_img068,4,pg_el,249.0,449.0,357.0,496.0,624,624,pg6_5,68,108.0,47.0,5076.0
pg6_5_img068.xml,pg6_5_img068,5,pg_el,230.0,230.0,304.0,391.0,624,624,pg6_5,68,74.0,161.0,11914.0
pg6_5_img068.xml,pg6_5_img068,6,pg_el,220.0,256.0,264.0,325.0,624,624,pg6_5,68,44.0,69.0,3036.0
pg6_5_img068.xml,pg6_5_img068,7,pg_el,399.0,320.0,446.0,372.0,624,624,pg6_5,68,47.0,52.0,2444.0
pg6_5_img068.xml,pg6_5_img068,8,pg_el,415.0,229.0,472.0,292.0,624,624,pg6_5,68,57.0,63.0,3591.0
pg6_5_img068.xml,pg6_5_img068,9,pg_el,360.0,211.0,398.0,249.0,624,624,pg6_5,68,38.0,38.0,1444.0
pg6_5_img068.xml,pg6_5_img068,10,pg_el,342.0,77.0,447.0,207.0,624,624,pg6_5,68,105.0,130.0,13650.0
pg6_5_img069.xml,pg6_5_img069,0,pg_im,363.0,408.0,398.0,445.0,624,624,pg6_5,69,35.0,37.0,1295.0
pg6_5_img069.xml,pg6_5_img069,1,pg_im,281.0,157.0,318.0,188.0,624,624,pg6_5,69,37.0,31.0,1147.0
pg6_5_img069.xml,pg6_5_img069,2,pg_el,110.0,286.0,188.0,367.0,624,624,pg6_5,69,78.0,81.0,6318.0
pg6_5_img069.xml,pg6_5_img069,3,pg_el,118.0,378.0,268.0,456.0,624,624,pg6_5,69,150.0,78.0,11700.0
pg6_5_img069.xml,pg6_5_img069,4,pg_el,249.0,449.0,360.0,496.0,624,624,pg6_5,69,111.0,47.0,5217.0
pg6_5_img069.xml,pg6_5_img069,5,pg_el,229.0,227.0,304.0,391.0,624,624,pg6_5,69,75.0,164.0,12300.0
pg6_5_img069.xml,pg6_5_img069,6,pg_el,219.0,256.0,264.0,327.0,624,624,pg6_5,69,45.0,71.0,3195.0
pg6_5_img069.xml,pg6_5_img069,7,pg_el,399.0,319.0,446.0,372.0,624,624,pg6_5,69,47.0,53.0,2491.0
pg6_5_img069.xml,pg6_5_img069,8,pg_el,414.0,226.0,472.0,292.0,624,624,pg6_5,69,58.0,66.0,3828.0
pg6_5_img069.xml,pg6_5_img069,9,pg_el,360.0,211.0,398.0,249.0,624,624,pg6_5,69,38.0,38.0,1444.0
pg6_5_img069.xml,pg6_5_img069,10,pg_el,342.0,74.0,452.0,207.0,624,624,pg6_5,69,110.0,133.0,14630.0
pg6_5_img070.xml,pg6_5_img070,0,pg_im,363.0,408.0,398.0,445.0,624,624,pg6_5,70,35.0,37.0,1295.0
pg6_5_img070.xml,pg6_5_img070,1,pg_im,281.0,157.0,318.0,188.0,624,624,pg6_5,70,37.0,31.0,1147.0
pg6_5_img070.xml,pg6_5_img070,2,pg_el,108.0,282.0,188.0,367.0,624,624,pg6_5,70,80.0,85.0,6800.0
pg6_5_img070.xml,pg6_5_img070,3,pg_el,116.0,377.0,269.0,456.0,624,624,pg6_5,70,153.0,79.0,12087.0
pg6_5_img070.xml,pg6_5_img070,4,pg_el,248.0,448.0,362.0,496.0,624,624,pg6_5,70,114.0,48.0,5472.0
pg6_5_img070.xml,pg6_5_img070,5,pg_el,228.0,225.0,304.0,392.0,624,624,pg6_5,70,76.0,167.0,12692.0
pg6_5_img070.xml,pg6_5_img070,6,pg_el,219.0,256.0,264.0,330.0,624,624,pg6_5,70,45.0,74.0,3330.0
pg6_5_img070.xml,pg6_5_img070,7,pg_el,399.0,318.0,446.0,372.0,624,624,pg6_5,70,47.0,54.0,2538.0
pg6_5_img070.xml,pg6_5_img070,8,pg_el,414.0,224.0,472.0,292.0,624,624,pg6_5,70,58.0,68.0,3944.0
pg6_5_img070.xml,pg6_5_img070,9,pg_el,360.0,211.0,398.0,249.0,624,624,pg6_5,70,38.0,38.0,1444.0
pg6_5_img070.xml,pg6_5_img070,10,pg_el,341.0,71.0,456.0,207.0,624,624,pg6_5,70,115.0,136.0,15640.0
pg6_5_img071.xml,pg6_5_img071,0,pg_im,363.0,408.0,398.0,445.0,624,624,pg6_5,71,35.0,37.0,1295.0
pg6_5_img071.xml,pg6_5_img071,1,pg_im,281.0,157.0,318.0,188.0,624,624,pg6_5,71,37.0,31.0,1147.0
pg6_5_img071.xml,pg6_5_img071,2,pg_el,107.0,278.0,188.0,367.0,624,624,pg6_5,71,81.0,89.0,7209.0
pg6_5_img071.xml,pg6_5_img071,3,pg_el,109.0,376.0,269.0,457.0,624,624,pg6_5,71,160.0,81.0,12960.0
pg6_5_img071.xml,pg6_5_img071,4,pg_el,248.0,448.0,365.0,496.0,624,624,pg6_5,71,117.0,48.0,5616.0
pg6_5_img071.xml,pg6_5_img071,5,pg_el,228.0,222.0,304.0,392.0,624,624,pg6_5,71,76.0,170.0,12920.0
pg6_5_img071.xml,pg6_5_img071,6,pg_el,219.0,255.0,264.0,332.0,624,624,pg6_5,71,45.0,77.0,3465.0
pg6_5_img071.xml,pg6_5_img071,7,pg_el,400.0,317.0,445.0,373.0,624,624,pg6_5,71,45.0,56.0,2520.0
pg6_5_img071.xml,pg6_5_img071,8,pg_el,414.0,221.0,473.0,292.0,624,624,pg6_5,71,59.0,71.0,4189.0
pg6_5_img071.xml,pg6_5_img071,9,pg_el,360.0,211.0,398.0,249.0,624,624,pg6_5,71,38.0,38.0,1444.0
pg6_5_img071.xml,pg6_5_img071,10,pg_el,341.0,68.0,460.0,208.0,624,624,pg6_5,71,119.0,140.0,16660.0
pg6_5_img072.xml,pg6_5_img072,0,pg_im,363.0,408.0,398.0,445.0,624,624,pg6_5,72,35.0,37.0,1295.0
pg6_5_img072.xml,pg6_5_img072,1,pg_im,281.0,157.0,318.0,188.0,624,624,pg6_5,72,37.0,31.0,1147.0
pg6_5_img072.xml,pg6_5_img072,2,pg_el,105.0,274.0,188.0,367.0,624,624,pg6_5,72,83.0,93.0,7719.0
pg6_5_img072.xml,pg6_5_img072,3,pg_el,102.0,376.0,269.0,457.0,624,624,pg6_5,72,167.0,81.0,13527.0
pg6_5_img072.xml,pg6_5_img072,4,pg_el,248.0,448.0,367.0,497.0,624,624,pg6_5,72,119.0,49.0,5831.0
pg6_5_img072.xml,pg6_5_img072,5,pg_el,227.0,220.0,304.0,392.0,624,624,pg6_5,72,77.0,172.0,13244.0
pg6_5_img072.xml,pg6_5_img072,6,pg_el,219.0,255.0,264.0,334.0,624,624,pg6_5,72,45.0,79.0,3555.0
pg6_5_img072.xml,pg6_5_img072,7,pg_el,400.0,317.0,445.0,373.0,624,624,pg6_5,72,45.0,56.0,2520.0
pg6_5_img072.xml,pg6_5_img072,8,pg_el,414.0,217.0,473.0,292.0,624,624,pg6_5,72,59.0,75.0,4425.0
pg6_5_img072.xml,pg6_5_img072,9,pg_el,360.0,211.0,398.0,248.0,624,624,pg6_5,72,38.0,37.0,1406.0
pg6_5_img072.xml,pg6_5_img072,10,pg_el,341.0,66.0,465.0,208.0,624,624,pg6_5,72,124.0,142.0,17608.0
pg6_5_img073.xml,pg6_5_img073,0,pg_im,363.0,408.0,398.0,445.0,624,624,pg6_5,73,35.0,37.0,1295.0
pg6_5_img073.xml,pg6_5_img073,1,pg_im,281.0,157.0,318.0,188.0,624,624,pg6_5,73,37.0,31.0,1147.0
pg6_5_img073.xml,pg6_5_img073,2,pg_el,104.0,271.0,188.0,367.0,624,624,pg6_5,73,84.0,96.0,8064.0
pg6_5_img073.xml,pg6_5_img073,3,pg_el,98.0,375.0,269.0,458.0,624,624,pg6_5,73,171.0,83.0,14193.0
pg6_5_img073.xml,pg6_5_img073,4,pg_el,248.0,448.0,370.0,497.0,624,624,pg6_5,73,122.0,49.0,5978.0
pg6_5_img073.xml,pg6_5_img073,5,pg_el,226.0,217.0,304.0,392.0,624,624,pg6_5,73,78.0,175.0,13650.0
pg6_5_img073.xml,pg6_5_img073,6,pg_el,218.0,255.0,265.0,336.0,624,624,pg6_5,73,47.0,81.0,3807.0
pg6_5_img073.xml,pg6_5_img073,7,pg_el,400.0,316.0,445.0,374.0,624,624,pg6_5,73,45.0,58.0,2610.0
pg6_5_img073.xml,pg6_5_img073,8,pg_el,414.0,214.0,473.0,292.0,624,624,pg6_5,73,59.0,78.0,4602.0
pg6_5_img073.xml,pg6_5_img073,9,pg_el,360.0,211.0,398.0,248.0,624,624,pg6_5,73,38.0,37.0,1406.0
pg6_5_img073.xml,pg6_5_img073,10,pg_el,340.0,67.0,467.0,208.0,624,624,pg6_5,73,127.0,141.0,17907.0
pg6_5_img074.xml,pg6_5_img074,0,pg_im,363.0,408.0,398.0,445.0,624,624,pg6_5,74,35.0,37.0,1295.0
pg6_5_img074.xml,pg6_5_img074,1,pg_im,281.0,157.0,318.0,188.0,624,624,pg6_5,74,37.0,31.0,1147.0
pg6_5_img074.xml,pg6_5_img074,2,pg_el,102.0,267.0,189.0,367.0,624,624,pg6_5,74,87.0,100.0,8700.0
pg6_5_img074.xml,pg6_5_img074,3,pg_el,93.0,375.0,269.0,458.0,624,624,pg6_5,74,176.0,83.0,14608.0
pg6_5_img074.xml,pg6_5_img074,4,pg_el,247.0,448.0,373.0,497.0,624,624,pg6_5,74,126.0,49.0,6174.0
pg6_5_img074.xml,pg6_5_img074,5,pg_el,225.0,214.0,304.0,393.0,624,624,pg6_5,74,79.0,179.0,14141.0
pg6_5_img074.xml,pg6_5_img074,6,pg_el,218.0,255.0,265.0,339.0,624,624,pg6_5,74,47.0,84.0,3948.0
pg6_5_img074.xml,pg6_5_img074,7,pg_el,400.0,316.0,445.0,374.0,624,624,pg6_5,74,45.0,58.0,2610.0
pg6_5_img074.xml,pg6_5_img074,8,pg_el,414.0,211.0,473.0,293.0,624,624,pg6_5,74,59.0,82.0,4838.0
pg6_5_img074.xml,pg6_5_img074,9,pg_el,360.0,211.0,398.0,248.0,624,624,pg6_5,74,38.0,37.0,1406.0
pg6_5_img074.xml,pg6_5_img074,10,pg_el,340.0,69.0,469.0,208.0,624,624,pg6_5,74,129.0,139.0,17931.0
pg6_5_img075.xml,pg6_5_img075,0,pg_im,363.0,408.0,398.0,445.0,624,624,pg6_5,75,35.0,37.0,1295.0
pg6_5_img075.xml,pg6_5_img075,1,pg_im,281.0,157.0,318.0,188.0,624,624,pg6_5,75,37.0,31.0,1147.0
pg6_5_img075.xml,pg6_5_img075,2,pg_el,101.0,263.0,189.0,367.0,624,624,pg6_5,75,88.0,104.0,9152.0
pg6_5_img075.xml,pg6_5_img075,3,pg_el,89.0,374.0,269.0,459.0,624,624,pg6_5,75,180.0,85.0,15300.0
pg6_5_img075.xml,pg6_5_img075,4,pg_el,247.0,448.0,375.0,497.0,624,624,pg6_5,75,128.0,49.0,6272.0
pg6_5_img075.xml,pg6_5_img075,5,pg_el,225.0,212.0,304.0,393.0,624,624,pg6_5,75,79.0,181.0,14299.0
pg6_5_img075.xml,pg6_5_img075,6,pg_el,218.0,255.0,265.0,341.0,624,624,pg6_5,75,47.0,86.0,4042.0
pg6_5_img075.xml,pg6_5_img075,7,pg_el,400.0,317.0,445.0,375.0,624,624,pg6_5,75,45.0,58.0,2610.0
pg6_5_img075.xml,pg6_5_img075,8,pg_el,414.0,208.0,474.0,293.0,624,624,pg6_5,75,60.0,85.0,5100.0
pg6_5_img075.xml,pg6_5_img075,9,pg_el,360.0,211.0,398.0,249.0,624,624,pg6_5,75,38.0,38.0,1444.0
pg6_5_img075.xml,pg6_5_img075,10,pg_el,340.0,71.0,471.0,208.0,624,624,pg6_5,75,131.0,137.0,17947.0
pg6_5_img076.xml,pg6_5_img076,0,pg_im,363.0,408.0,398.0,445.0,624,624,pg6_5,76,35.0,37.0,1295.0
pg6_5_img076.xml,pg6_5_img076,1,pg_im,281.0,157.0,318.0,188.0,624,624,pg6_5,76,37.0,31.0,1147.0
pg6_5_img076.xml,pg6_5_img076,2,pg_el,100.0,259.0,189.0,368.0,624,624,pg6_5,76,89.0,109.0,9701.0
pg6_5_img076.xml,pg6_5_img076,3,pg_el,84.0,374.0,269.0,459.0,624,624,pg6_5,76,185.0,85.0,15725.0
pg6_5_img076.xml,pg6_5_img076,4,pg_el,247.0,447.0,378.0,498.0,624,624,pg6_5,76,131.0,51.0,6681.0
pg6_5_img076.xml,pg6_5_img076,5,pg_el,224.0,209.0,304.0,393.0,624,624,pg6_5,76,80.0,184.0,14720.0
pg6_5_img076.xml,pg6_5_img076,6,pg_el,217.0,255.0,265.0,343.0,624,624,pg6_5,76,48.0,88.0,4224.0
pg6_5_img076.xml,pg6_5_img076,7,pg_el,400.0,317.0,445.0,375.0,624,624,pg6_5,76,45.0,58.0,2610.0
pg6_5_img076.xml,pg6_5_img076,8,pg_el,414.0,205.0,474.0,293.0,624,624,pg6_5,76,60.0,88.0,5280.0
pg6_5_img076.xml,pg6_5_img076,9,pg_el,360.0,211.0,399.0,249.0,624,624,pg6_5,76,39.0,38.0,1482.0
pg6_5_img076.xml,pg6_5_img076,10,pg_el,340.0,72.0,473.0,208.0,624,624,pg6_5,76,133.0,136.0,18088.0
pg6_5_img077.xml,pg6_5_img077,0,pg_im,363.0,408.0,398.0,445.0,624,624,pg6_5,77,35.0,37.0,1295.0
pg6_5_img077.xml,pg6_5_img077,1,pg_im,281.0,157.0,318.0,188.0,624,624,pg6_5,77,37.0,31.0,1147.0
pg6_5_img077.xml,pg6_5_img077,2,pg_el,98.0,256.0,189.0,368.0,624,624,pg6_5,77,91.0,112.0,10192.0
pg6_5_img077.xml,pg6_5_img077,3,pg_el,80.0,374.0,269.0,460.0,624,624,pg6_5,77,189.0,86.0,16254.0
pg6_5_img077.xml,pg6_5_img077,4,pg_el,246.0,447.0,380.0,498.0,624,624,pg6_5,77,134.0,51.0,6834.0
pg6_5_img077.xml,pg6_5_img077,5,pg_el,223.0,207.0,304.0,393.0,624,624,pg6_5,77,81.0,186.0,15066.0
pg6_5_img077.xml,pg6_5_img077,6,pg_el,217.0,255.0,266.0,346.0,624,624,pg6_5,77,49.0,91.0,4459.0
pg6_5_img077.xml,pg6_5_img077,7,pg_el,399.0,317.0,445.0,375.0,624,624,pg6_5,77,46.0,58.0,2668.0
pg6_5_img077.xml,pg6_5_img077,8,pg_el,413.0,204.0,473.0,294.0,624,624,pg6_5,77,60.0,90.0,5400.0
pg6_5_img077.xml,pg6_5_img077,9,pg_el,360.0,211.0,400.0,250.0,624,624,pg6_5,77,40.0,39.0,1560.0
pg6_5_img077.xml,pg6_5_img077,10,pg_el,340.0,74.0,475.0,208.0,624,624,pg6_5,77,135.0,134.0,18090.0
pg6_5_img078.xml,pg6_5_img078,0,pg_im,363.0,408.0,398.0,445.0,624,624,pg6_5,78,35.0,37.0,1295.0
pg6_5_img078.xml,pg6_5_img078,1,pg_im,281.0,157.0,318.0,188.0,624,624,pg6_5,78,37.0,31.0,1147.0
pg6_5_img078.xml,pg6_5_img078,2,pg_el,98.0,251.0,189.0,368.0,624,624,pg6_5,78,91.0,117.0,10647.0
pg6_5_img078.xml,pg6_5_img078,3,pg_el,77.0,370.0,268.0,460.0,624,624,pg6_5,78,191.0,90.0,17190.0
pg6_5_img078.xml,pg6_5_img078,4,pg_el,246.0,447.0,383.0,498.0,624,624,pg6_5,78,137.0,51.0,6987.0
pg6_5_img078.xml,pg6_5_img078,5,pg_el,223.0,204.0,304.0,394.0,624,624,pg6_5,78,81.0,190.0,15390.0
pg6_5_img078.xml,pg6_5_img078,6,pg_el,216.0,255.0,266.0,348.0,624,624,pg6_5,78,50.0,93.0,4650.0
pg6_5_img078.xml,pg6_5_img078,7,pg_el,399.0,318.0,444.0,376.0,624,624,pg6_5,78,45.0,58.0,2610.0
pg6_5_img078.xml,pg6_5_img078,8,pg_el,413.0,203.0,473.0,294.0,624,624,pg6_5,78,60.0,91.0,5460.0
pg6_5_img078.xml,pg6_5_img078,9,pg_el,360.0,211.0,400.0,250.0,624,624,pg6_5,78,40.0,39.0,1560.0
pg6_5_img078.xml,pg6_5_img078,10,pg_el,340.0,76.0,478.0,208.0,624,624,pg6_5,78,138.0,132.0,18216.0
pg6_5_img079.xml,pg6_5_img079,0,pg_im,363.0,408.0,398.0,445.0,624,624,pg6_5,79,35.0,37.0,1295.0
pg6_5_img079.xml,pg6_5_img079,1,pg_im,281.0,157.0,318.0,188.0,624,624,pg6_5,79,37.0,31.0,1147.0
pg6_5_img079.xml,pg6_5_img079,2,pg_el,97.0,247.0,189.0,368.0,624,624,pg6_5,79,92.0,121.0,11132.0
pg6_5_img079.xml,pg6_5_img079,3,pg_el,75.0,366.0,268.0,460.0,624,624,pg6_5,79,193.0,94.0,18142.0
pg6_5_img079.xml,pg6_5_img079,4,pg_el,246.0,447.0,386.0,499.0,624,624,pg6_5,79,140.0,52.0,7280.0
pg6_5_img079.xml,pg6_5_img079,5,pg_el,222.0,201.0,304.0,394.0,624,624,pg6_5,79,82.0,193.0,15826.0
pg6_5_img079.xml,pg6_5_img079,6,pg_el,216.0,255.0,267.0,350.0,624,624,pg6_5,79,51.0,95.0,4845.0
pg6_5_img079.xml,pg6_5_img079,7,pg_el,399.0,318.0,444.0,376.0,624,624,pg6_5,79,45.0,58.0,2610.0
pg6_5_img079.xml,pg6_5_img079,8,pg_el,412.0,202.0,473.0,295.0,624,624,pg6_5,79,61.0,93.0,5673.0
pg6_5_img079.xml,pg6_5_img079,9,pg_el,360.0,212.0,401.0,251.0,624,624,pg6_5,79,41.0,39.0,1599.0
pg6_5_img079.xml,pg6_5_img079,10,pg_el,340.0,74.0,482.0,208.0,624,624,pg6_5,79,142.0,134.0,19028.0
pg6_5_img080.xml,pg6_5_img080,0,pg_im,363.0,408.0,398.0,445.0,624,624,pg6_5,80,35.0,37.0,1295.0
pg6_5_img080.xml,pg6_5_img080,1,pg_im,281.0,157.0,318.0,188.0,624,624,pg6_5,80,37.0,31.0,1147.0
pg6_5_img080.xml,pg6_5_img080,2,pg_el,97.0,243.0,189.0,368.0,624,624,pg6_5,80,92.0,125.0,11500.0
pg6_5_img080.xml,pg6_5_img080,3,pg_el,72.0,362.0,268.0,461.0,624,624,pg6_5,80,196.0,99.0,19404.0
pg6_5_img080.xml,pg6_5_img080,4,pg_el,247.0,447.0,388.0,500.0,624,624,pg6_5,80,141.0,53.0,7473.0
pg6_5_img080.xml,pg6_5_img080,5,pg_el,221.0,199.0,304.0,394.0,624,624,pg6_5,80,83.0,195.0,16185.0
pg6_5_img080.xml,pg6_5_img080,6,pg_el,215.0,255.0,268.0,352.0,624,624,pg6_5,80,53.0,97.0,5141.0
pg6_5_img080.xml,pg6_5_img080,7,pg_el,399.0,318.0,444.0,377.0,624,624,pg6_5,80,45.0,59.0,2655.0
pg6_5_img080.xml,pg6_5_img080,8,pg_el,412.0,198.0,472.0,296.0,624,624,pg6_5,80,60.0,98.0,5880.0
pg6_5_img080.xml,pg6_5_img080,9,pg_el,360.0,211.0,401.0,251.0,624,624,pg6_5,80,41.0,40.0,1640.0
pg6_5_img080.xml,pg6_5_img080,10,pg_el,339.0,72.0,486.0,209.0,624,624,pg6_5,80,147.0,137.0,20139.0
pg6_5_img081.xml,pg6_5_img081,0,pg_im,363.0,408.0,398.0,445.0,624,624,pg6_5,81,35.0,37.0,1295.0
pg6_5_img081.xml,pg6_5_img081,1,pg_im,281.0,157.0,318.0,188.0,624,624,pg6_5,81,37.0,31.0,1147.0
pg6_5_img081.xml,pg6_5_img081,2,pg_el,97.0,238.0,190.0,368.0,624,624,pg6_5,81,93.0,130.0,12090.0
pg6_5_img081.xml,pg6_5_img081,3,pg_el,69.0,358.0,268.0,461.0,624,624,pg6_5,81,199.0,103.0,20497.0
pg6_5_img081.xml,pg6_5_img081,4,pg_el,247.0,447.0,391.0,501.0,624,624,pg6_5,81,144.0,54.0,7776.0
pg6_5_img081.xml,pg6_5_img081,5,pg_el,220.0,197.0,304.0,394.0,624,624,pg6_5,81,84.0,197.0,16548.0
pg6_5_img081.xml,pg6_5_img081,6,pg_el,215.0,255.0,269.0,355.0,624,624,pg6_5,81,54.0,100.0,5400.0
pg6_5_img081.xml,pg6_5_img081,7,pg_el,398.0,317.0,444.0,378.0,624,624,pg6_5,81,46.0,61.0,2806.0
pg6_5_img081.xml,pg6_5_img081,8,pg_el,412.0,194.0,472.0,296.0,624,624,pg6_5,81,60.0,102.0,6120.0
pg6_5_img081.xml,pg6_5_img081,9,pg_el,360.0,210.0,402.0,251.0,624,624,pg6_5,81,42.0,41.0,1722.0
pg6_5_img081.xml,pg6_5_img081,10,pg_el,339.0,70.0,490.0,209.0,624,624,pg6_5,81,151.0,139.0,20989.0
pg6_5_img082.xml,pg6_5_img082,0,pg_im,363.0,408.0,398.0,445.0,624,624,pg6_5,82,35.0,37.0,1295.0
pg6_5_img082.xml,pg6_5_img082,1,pg_im,281.0,157.0,318.0,188.0,624,624,pg6_5,82,37.0,31.0,1147.0
pg6_5_img082.xml,pg6_5_img082,2,pg_el,96.0,234.0,190.0,369.0,624,624,pg6_5,82,94.0,135.0,12690.0
pg6_5_img082.xml,pg6_5_img082,3,pg_el,66.0,354.0,267.0,461.0,624,624,pg6_5,82,201.0,107.0,21507.0
pg6_5_img082.xml,pg6_5_img082,4,pg_el,247.0,447.0,394.0,501.0,624,624,pg6_5,82,147.0,54.0,7938.0
pg6_5_img082.xml,pg6_5_img082,5,pg_el,219.0,195.0,304.0,394.0,624,624,pg6_5,82,85.0,199.0,16915.0
pg6_5_img082.xml,pg6_5_img082,6,pg_el,214.0,255.0,269.0,357.0,624,624,pg6_5,82,55.0,102.0,5610.0
pg6_5_img082.xml,pg6_5_img082,7,pg_el,397.0,316.0,443.0,379.0,624,624,pg6_5,82,46.0,63.0,2898.0
pg6_5_img082.xml,pg6_5_img082,8,pg_el,411.0,190.0,472.0,297.0,624,624,pg6_5,82,61.0,107.0,6527.0
pg6_5_img082.xml,pg6_5_img082,9,pg_el,360.0,210.0,402.0,252.0,624,624,pg6_5,82,42.0,42.0,1764.0
pg6_5_img082.xml,pg6_5_img082,10,pg_el,339.0,71.0,494.0,209.0,624,624,pg6_5,82,155.0,138.0,21390.0
pg6_5_img083.xml,pg6_5_img083,0,pg_im,363.0,408.0,398.0,445.0,624,624,pg6_5,83,35.0,37.0,1295.0
pg6_5_img083.xml,pg6_5_img083,1,pg_im,281.0,157.0,318.0,188.0,624,624,pg6_5,83,37.0,31.0,1147.0
pg6_5_img083.xml,pg6_5_img083,2,pg_el,96.0,229.0,190.0,369.0,624,624,pg6_5,83,94.0,140.0,13160.0
pg6_5_img083.xml,pg6_5_img083,3,pg_el,64.0,350.0,267.0,461.0,624,624,pg6_5,83,203.0,111.0,22533.0
pg6_5_img083.xml,pg6_5_img083,4,pg_el,247.0,447.0,396.0,502.0,624,624,pg6_5,83,149.0,55.0,8195.0
pg6_5_img083.xml,pg6_5_img083,5,pg_el,218.0,194.0,304.0,394.0,624,624,pg6_5,83,86.0,200.0,17200.0
pg6_5_img083.xml,pg6_5_img083,6,pg_el,214.0,255.0,270.0,359.0,624,624,pg6_5,83,56.0,104.0,5824.0
pg6_5_img083.xml,pg6_5_img083,7,pg_el,397.0,316.0,443.0,381.0,624,624,pg6_5,83,46.0,65.0,2990.0
pg6_5_img083.xml,pg6_5_img083,8,pg_el,411.0,185.0,473.0,297.0,624,624,pg6_5,83,62.0,112.0,6944.0
pg6_5_img083.xml,pg6_5_img083,9,pg_el,360.0,209.0,402.0,252.0,624,624,pg6_5,83,42.0,43.0,1806.0
pg6_5_img083.xml,pg6_5_img083,10,pg_el,338.0,72.0,498.0,209.0,624,624,pg6_5,83,160.0,137.0,21920.0
pg6_5_img084.xml,pg6_5_img084,0,pg_im,363.0,408.0,398.0,445.0,624,624,pg6_5,84,35.0,37.0,1295.0
pg6_5_img084.xml,pg6_5_img084,1,pg_im,281.0,157.0,318.0,188.0,624,624,pg6_5,84,37.0,31.0,1147.0
pg6_5_img084.xml,pg6_5_img084,2,pg_el,95.0,225.0,190.0,369.0,624,624,pg6_5,84,95.0,144.0,13680.0
pg6_5_img084.xml,pg6_5_img084,3,pg_el,61.0,346.0,267.0,462.0,624,624,pg6_5,84,206.0,116.0,23896.0
pg6_5_img084.xml,pg6_5_img084,4,pg_el,247.0,447.0,399.0,503.0,624,624,pg6_5,84,152.0,56.0,8512.0
pg6_5_img084.xml,pg6_5_img084,5,pg_el,217.0,192.0,304.0,394.0,624,624,pg6_5,84,87.0,202.0,17574.0
pg6_5_img084.xml,pg6_5_img084,6,pg_el,213.0,255.0,271.0,362.0,624,624,pg6_5,84,58.0,107.0,6206.0
pg6_5_img084.xml,pg6_5_img084,7,pg_el,396.0,316.0,443.0,382.0,624,624,pg6_5,84,47.0,66.0,3102.0
pg6_5_img084.xml,pg6_5_img084,8,pg_el,411.0,181.0,475.0,297.0,624,624,pg6_5,84,64.0,116.0,7424.0
pg6_5_img084.xml,pg6_5_img084,9,pg_el,360.0,209.0,402.0,252.0,624,624,pg6_5,84,42.0,43.0,1806.0
pg6_5_img084.xml,pg6_5_img084,10,pg_el,338.0,73.0,502.0,209.0,624,624,pg6_5,84,164.0,136.0,22304.0
pg6_5_img085.xml,pg6_5_img085,0,pg_im,363.0,408.0,398.0,445.0,624,624,pg6_5,85,35.0,37.0,1295.0
pg6_5_img085.xml,pg6_5_img085,1,pg_im,281.0,157.0,318.0,188.0,624,624,pg6_5,85,37.0,31.0,1147.0
pg6_5_img085.xml,pg6_5_img085,2,pg_el,95.0,221.0,190.0,369.0,624,624,pg6_5,85,95.0,148.0,14060.0
pg6_5_img085.xml,pg6_5_img085,3,pg_el,58.0,342.0,267.0,462.0,624,624,pg6_5,85,209.0,120.0,25080.0
pg6_5_img085.xml,pg6_5_img085,4,pg_el,247.0,447.0,402.0,503.0,624,624,pg6_5,85,155.0,56.0,8680.0
pg6_5_img085.xml,pg6_5_img085,5,pg_el,216.0,190.0,304.0,394.0,624,624,pg6_5,85,88.0,204.0,17952.0
pg6_5_img085.xml,pg6_5_img085,6,pg_el,212.0,255.0,272.0,364.0,624,624,pg6_5,85,60.0,109.0,6540.0
pg6_5_img085.xml,pg6_5_img085,7,pg_el,396.0,315.0,444.0,383.0,624,624,pg6_5,85,48.0,68.0,3264.0
pg6_5_img085.xml,pg6_5_img085,8,pg_el,411.0,177.0,476.0,297.0,624,624,pg6_5,85,65.0,120.0,7800.0
pg6_5_img085.xml,pg6_5_img085,9,pg_el,360.0,208.0,402.0,252.0,624,624,pg6_5,85,42.0,44.0,1848.0
pg6_5_img085.xml,pg6_5_img085,10,pg_el,338.0,74.0,506.0,210.0,624,624,pg6_5,85,168.0,136.0,22848.0
pg6_5_img086.xml,pg6_5_img086,0,pg_im,363.0,408.0,398.0,445.0,624,624,pg6_5,86,35.0,37.0,1295.0
pg6_5_img086.xml,pg6_5_img086,1,pg_im,281.0,157.0,318.0,188.0,624,624,pg6_5,86,37.0,31.0,1147.0
pg6_5_img086.xml,pg6_5_img086,2,pg_el,95.0,216.0,190.0,369.0,624,624,pg6_5,86,95.0,153.0,14535.0
pg6_5_img086.xml,pg6_5_img086,3,pg_el,56.0,339.0,266.0,462.0,624,624,pg6_5,86,210.0,123.0,25830.0
pg6_5_img086.xml,pg6_5_img086,4,pg_el,247.0,447.0,404.0,504.0,624,624,pg6_5,86,157.0,57.0,8949.0
pg6_5_img086.xml,pg6_5_img086,5,pg_el,216.0,188.0,304.0,394.0,624,624,pg6_5,86,88.0,206.0,18128.0
pg6_5_img086.xml,pg6_5_img086,6,pg_el,212.0,255.0,272.0,366.0,624,624,pg6_5,86,60.0,111.0,6660.0
pg6_5_img086.xml,pg6_5_img086,7,pg_el,396.0,315.0,445.0,384.0,624,624,pg6_5,86,49.0,69.0,3381.0
pg6_5_img086.xml,pg6_5_img086,8,pg_el,410.0,173.0,478.0,298.0,624,624,pg6_5,86,68.0,125.0,8500.0
pg6_5_img086.xml,pg6_5_img086,9,pg_el,360.0,207.0,402.0,251.0,624,624,pg6_5,86,42.0,44.0,1848.0
pg6_5_img086.xml,pg6_5_img086,10,pg_el,337.0,74.0,510.0,210.0,624,624,pg6_5,86,173.0,136.0,23528.0
pg6_5_img087.xml,pg6_5_img087,0,pg_im,363.0,408.0,398.0,445.0,624,624,pg6_5,87,35.0,37.0,1295.0
pg6_5_img087.xml,pg6_5_img087,1,pg_im,281.0,157.0,318.0,188.0,624,624,pg6_5,87,37.0,31.0,1147.0
pg6_5_img087.xml,pg6_5_img087,2,pg_el,95.0,211.0,190.0,369.0,624,624,pg6_5,87,95.0,158.0,15010.0
pg6_5_img087.xml,pg6_5_img087,3,pg_el,55.0,334.0,266.0,463.0,624,624,pg6_5,87,211.0,129.0,27219.0
pg6_5_img087.xml,pg6_5_img087,4,pg_el,247.0,447.0,407.0,505.0,624,624,pg6_5,87,160.0,58.0,9280.0
pg6_5_img087.xml,pg6_5_img087,5,pg_el,215.0,187.0,304.0,394.0,624,624,pg6_5,87,89.0,207.0,18423.0
pg6_5_img087.xml,pg6_5_img087,6,pg_el,211.0,255.0,273.0,368.0,624,624,pg6_5,87,62.0,113.0,7006.0
pg6_5_img087.xml,pg6_5_img087,7,pg_el,395.0,315.0,445.0,385.0,624,624,pg6_5,87,50.0,70.0,3500.0
pg6_5_img087.xml,pg6_5_img087,8,pg_el,409.0,169.0,479.0,298.0,624,624,pg6_5,87,70.0,129.0,9030.0
pg6_5_img087.xml,pg6_5_img087,9,pg_el,360.0,207.0,402.0,251.0,624,624,pg6_5,87,42.0,44.0,1848.0
pg6_5_img087.xml,pg6_5_img087,10,pg_el,336.0,74.0,514.0,210.0,624,624,pg6_5,87,178.0,136.0,24208.0
pg6_5_img088.xml,pg6_5_img088,0,pg_im,363.0,408.0,398.0,445.0,624,624,pg6_5,88,35.0,37.0,1295.0
pg6_5_img088.xml,pg6_5_img088,1,pg_im,281.0,157.0,318.0,188.0,624,624,pg6_5,88,37.0,31.0,1147.0
pg6_5_img088.xml,pg6_5_img088,2,pg_el,95.0,207.0,190.0,369.0,624,624,pg6_5,88,95.0,162.0,15390.0
pg6_5_img088.xml,pg6_5_img088,3,pg_el,54.0,330.0,266.0,463.0,624,624,pg6_5,88,212.0,133.0,28196.0
pg6_5_img088.xml,pg6_5_img088,4,pg_el,247.0,447.0,410.0,505.0,624,624,pg6_5,88,163.0,58.0,9454.0
pg6_5_img088.xml,pg6_5_img088,5,pg_el,214.0,185.0,304.0,394.0,624,624,pg6_5,88,90.0,209.0,18810.0
pg6_5_img088.xml,pg6_5_img088,6,pg_el,211.0,255.0,274.0,370.0,624,624,pg6_5,88,63.0,115.0,7245.0
pg6_5_img088.xml,pg6_5_img088,7,pg_el,393.0,314.0,445.0,386.0,624,624,pg6_5,88,52.0,72.0,3744.0
pg6_5_img088.xml,pg6_5_img088,8,pg_el,409.0,165.0,480.0,298.0,624,624,pg6_5,88,71.0,133.0,9443.0
pg6_5_img088.xml,pg6_5_img088,9,pg_el,360.0,206.0,402.0,251.0,624,624,pg6_5,88,42.0,45.0,1890.0
pg6_5_img088.xml,pg6_5_img088,10,pg_el,336.0,74.0,518.0,210.0,624,624,pg6_5,88,182.0,136.0,24752.0
pg6_5_img089.xml,pg6_5_img089,0,pg_im,363.0,408.0,398.0,445.0,624,624,pg6_5,89,35.0,37.0,1295.0
pg6_5_img089.xml,pg6_5_img089,1,pg_im,281.0,157.0,318.0,188.0,624,624,pg6_5,89,37.0,31.0,1147.0
pg6_5_img089.xml,pg6_5_img089,2,pg_el,95.0,202.0,190.0,369.0,624,624,pg6_5,89,95.0,167.0,15865.0
pg6_5_img089.xml,pg6_5_img089,3,pg_el,54.0,326.0,266.0,464.0,624,624,pg6_5,89,212.0,138.0,29256.0
pg6_5_img089.xml,pg6_5_img089,4,pg_el,246.0,446.0,412.0,505.0,624,624,pg6_5,89,166.0,59.0,9794.0
pg6_5_img089.xml,pg6_5_img089,5,pg_el,213.0,183.0,304.0,394.0,624,624,pg6_5,89,91.0,211.0,19201.0
pg6_5_img089.xml,pg6_5_img089,6,pg_el,211.0,255.0,275.0,371.0,624,624,pg6_5,89,64.0,116.0,7424.0
pg6_5_img089.xml,pg6_5_img089,7,pg_el,392.0,314.0,445.0,387.0,624,624,pg6_5,89,53.0,73.0,3869.0
pg6_5_img089.xml,pg6_5_img089,8,pg_el,408.0,161.0,481.0,299.0,624,624,pg6_5,89,73.0,138.0,10074.0
pg6_5_img089.xml,pg6_5_img089,9,pg_el,360.0,205.0,402.0,251.0,624,624,pg6_5,89,42.0,46.0,1932.0
pg6_5_img089.xml,pg6_5_img089,10,pg_el,335.0,74.0,521.0,210.0,624,624,pg6_5,89,186.0,136.0,25296.0
pg6_5_img090.xml,pg6_5_img090,0,pg_im,363.0,408.0,398.0,445.0,624,624,pg6_5,90,35.0,37.0,1295.0
pg6_5_img090.xml,pg6_5_img090,1,pg_im,281.0,157.0,318.0,188.0,624,624,pg6_5,90,37.0,31.0,1147.0
pg6_5_img090.xml,pg6_5_img090,2,pg_el,95.0,197.0,190.0,369.0,624,624,pg6_5,90,95.0,172.0,16340.0
pg6_5_img090.xml,pg6_5_img090,3,pg_el,53.0,322.0,266.0,464.0,624,624,pg6_5,90,213.0,142.0,30246.0
pg6_5_img090.xml,pg6_5_img090,4,pg_el,246.0,445.0,415.0,505.0,624,624,pg6_5,90,169.0,60.0,10140.0
pg6_5_img090.xml,pg6_5_img090,5,pg_el,212.0,182.0,304.0,394.0,624,624,pg6_5,90,92.0,212.0,19504.0
pg6_5_img090.xml,pg6_5_img090,6,pg_el,211.0,255.0,276.0,373.0,624,624,pg6_5,90,65.0,118.0,7670.0
pg6_5_img090.xml,pg6_5_img090,7,pg_el,390.0,313.0,445.0,388.0,624,624,pg6_5,90,55.0,75.0,4125.0
pg6_5_img090.xml,pg6_5_img090,8,pg_el,407.0,157.0,482.0,299.0,624,624,pg6_5,90,75.0,142.0,10650.0
pg6_5_img090.xml,pg6_5_img090,9,pg_el,360.0,205.0,402.0,250.0,624,624,pg6_5,90,42.0,45.0,1890.0
pg6_5_img090.xml,pg6_5_img090,10,pg_el,335.0,75.0,525.0,210.0,624,624,pg6_5,90,190.0,135.0,25650.0
pg6_5_img091.xml,pg6_5_img091,0,pg_im,363.0,408.0,398.0,445.0,624,624,pg6_5,91,35.0,37.0,1295.0
pg6_5_img091.xml,pg6_5_img091,1,pg_im,281.0,157.0,318.0,188.0,624,624,pg6_5,91,37.0,31.0,1147.0
pg6_5_img091.xml,pg6_5_img091,2,pg_el,95.0,193.0,190.0,368.0,624,624,pg6_5,91,95.0,175.0,16625.0
pg6_5_img091.xml,pg6_5_img091,3,pg_el,52.0,318.0,266.0,465.0,624,624,pg6_5,91,214.0,147.0,31458.0
pg6_5_img091.xml,pg6_5_img091,4,pg_el,246.0,445.0,417.0,505.0,624,624,pg6_5,91,171.0,60.0,10260.0
pg6_5_img091.xml,pg6_5_img091,5,pg_el,211.0,180.0,304.0,394.0,624,624,pg6_5,91,93.0,214.0,19902.0
pg6_5_img091.xml,pg6_5_img091,6,pg_el,211.0,255.0,277.0,374.0,624,624,pg6_5,91,66.0,119.0,7854.0
pg6_5_img091.xml,pg6_5_img091,7,pg_el,388.0,313.0,445.0,389.0,624,624,pg6_5,91,57.0,76.0,4332.0
pg6_5_img091.xml,pg6_5_img091,8,pg_el,406.0,153.0,483.0,299.0,624,624,pg6_5,91,77.0,146.0,11242.0
pg6_5_img091.xml,pg6_5_img091,9,pg_el,360.0,204.0,402.0,250.0,624,624,pg6_5,91,42.0,46.0,1932.0
pg6_5_img091.xml,pg6_5_img091,10,pg_el,334.0,75.0,529.0,210.0,624,624,pg6_5,91,195.0,135.0,26325.0
pg6_5_img092.xml,pg6_5_img092,0,pg_im,363.0,408.0,398.0,445.0,624,624,pg6_5,92,35.0,37.0,1295.0
pg6_5_img092.xml,pg6_5_img092,1,pg_im,281.0,157.0,318.0,188.0,624,624,pg6_5,92,37.0,31.0,1147.0
pg6_5_img092.xml,pg6_5_img092,2,pg_el,94.0,188.0,190.0,368.0,624,624,pg6_5,92,96.0,180.0,17280.0
pg6_5_img092.xml,pg6_5_img092,3,pg_el,52.0,314.0,266.0,465.0,624,624,pg6_5,92,214.0,151.0,32314.0
pg6_5_img092.xml,pg6_5_img092,4,pg_el,245.0,444.0,420.0,505.0,624,624,pg6_5,92,175.0,61.0,10675.0
pg6_5_img092.xml,pg6_5_img092,5,pg_el,210.0,178.0,304.0,394.0,624,624,pg6_5,92,94.0,216.0,20304.0
pg6_5_img092.xml,pg6_5_img092,6,pg_el,211.0,255.0,278.0,376.0,624,624,pg6_5,92,67.0,121.0,8107.0
pg6_5_img092.xml,pg6_5_img092,7,pg_el,388.0,313.0,445.0,389.0,624,624,pg6_5,92,57.0,76.0,4332.0
pg6_5_img092.xml,pg6_5_img092,8,pg_el,406.0,150.0,484.0,300.0,624,624,pg6_5,92,78.0,150.0,11700.0
pg6_5_img092.xml,pg6_5_img092,9,pg_el,360.0,203.0,402.0,250.0,624,624,pg6_5,92,42.0,47.0,1974.0
pg6_5_img092.xml,pg6_5_img092,10,pg_el,334.0,75.0,532.0,210.0,624,624,pg6_5,92,198.0,135.0,26730.0
pg6_5_img093.xml,pg6_5_img093,0,pg_im,363.0,408.0,398.0,445.0,624,624,pg6_5,93,35.0,37.0,1295.0
pg6_5_img093.xml,pg6_5_img093,1,pg_im,281.0,157.0,318.0,188.0,624,624,pg6_5,93,37.0,31.0,1147.0
pg6_5_img093.xml,pg6_5_img093,2,pg_el,94.0,183.0,190.0,368.0,624,624,pg6_5,93,96.0,185.0,17760.0
pg6_5_img093.xml,pg6_5_img093,3,pg_el,51.0,309.0,266.0,466.0,624,624,pg6_5,93,215.0,157.0,33755.0
pg6_5_img093.xml,pg6_5_img093,4,pg_el,245.0,443.0,423.0,505.0,624,624,pg6_5,93,178.0,62.0,11036.0
pg6_5_img093.xml,pg6_5_img093,5,pg_el,209.0,177.0,304.0,395.0,624,624,pg6_5,93,95.0,218.0,20710.0
pg6_5_img093.xml,pg6_5_img093,6,pg_el,211.0,255.0,279.0,377.0,624,624,pg6_5,93,68.0,122.0,8296.0
pg6_5_img093.xml,pg6_5_img093,7,pg_el,388.0,313.0,445.0,390.0,624,624,pg6_5,93,57.0,77.0,4389.0
pg6_5_img093.xml,pg6_5_img093,8,pg_el,405.0,146.0,485.0,300.0,624,624,pg6_5,93,80.0,154.0,12320.0
pg6_5_img093.xml,pg6_5_img093,9,pg_el,360.0,203.0,402.0,249.0,624,624,pg6_5,93,42.0,46.0,1932.0
pg6_5_img093.xml,pg6_5_img093,10,pg_el,333.0,75.0,537.0,211.0,624,624,pg6_5,93,204.0,136.0,27744.0
pg6_5_img094.xml,pg6_5_img094,0,pg_im,363.0,408.0,398.0,445.0,624,624,pg6_5,94,35.0,37.0,1295.0
pg6_5_img094.xml,pg6_5_img094,1,pg_im,281.0,157.0,318.0,188.0,624,624,pg6_5,94,37.0,31.0,1147.0
pg6_5_img094.xml,pg6_5_img094,2,pg_el,94.0,179.0,189.0,368.0,624,624,pg6_5,94,95.0,189.0,17955.0
pg6_5_img094.xml,pg6_5_img094,3,pg_el,50.0,305.0,266.0,466.0,624,624,pg6_5,94,216.0,161.0,34776.0
pg6_5_img094.xml,pg6_5_img094,4,pg_el,244.0,442.0,425.0,505.0,624,624,pg6_5,94,181.0,63.0,11403.0
pg6_5_img094.xml,pg6_5_img094,5,pg_el,208.0,176.0,304.0,395.0,624,624,pg6_5,94,96.0,219.0,21024.0
pg6_5_img094.xml,pg6_5_img094,6,pg_el,211.0,255.0,280.0,379.0,624,624,pg6_5,94,69.0,124.0,8556.0
pg6_5_img094.xml,pg6_5_img094,7,pg_el,388.0,314.0,445.0,390.0,624,624,pg6_5,94,57.0,76.0,4332.0
pg6_5_img094.xml,pg6_5_img094,8,pg_el,404.0,142.0,486.0,300.0,624,624,pg6_5,94,82.0,158.0,12956.0
pg6_5_img094.xml,pg6_5_img094,9,pg_el,360.0,205.0,402.0,249.0,624,624,pg6_5,94,42.0,44.0,1848.0
pg6_5_img094.xml,pg6_5_img094,10,pg_el,333.0,75.0,541.0,211.0,624,624,pg6_5,94,208.0,136.0,28288.0
pg6_5_img095.xml,pg6_5_img095,0,pg_im,363.0,408.0,398.0,445.0,624,624,pg6_5,95,35.0,37.0,1295.0
pg6_5_img095.xml,pg6_5_img095,1,pg_im,281.0,157.0,318.0,188.0,624,624,pg6_5,95,37.0,31.0,1147.0
pg6_5_img095.xml,pg6_5_img095,2,pg_el,94.0,174.0,189.0,368.0,624,624,pg6_5,95,95.0,194.0,18430.0
pg6_5_img095.xml,pg6_5_img095,3,pg_el,50.0,301.0,266.0,467.0,624,624,pg6_5,95,216.0,166.0,35856.0
pg6_5_img095.xml,pg6_5_img095,4,pg_el,244.0,442.0,428.0,505.0,624,624,pg6_5,95,184.0,63.0,11592.0
pg6_5_img095.xml,pg6_5_img095,5,pg_el,208.0,175.0,304.0,395.0,624,624,pg6_5,95,96.0,220.0,21120.0
pg6_5_img095.xml,pg6_5_img095,6,pg_el,211.0,255.0,281.0,380.0,624,624,pg6_5,95,70.0,125.0,8750.0
pg6_5_img095.xml,pg6_5_img095,7,pg_el,388.0,314.0,446.0,391.0,624,624,pg6_5,95,58.0,77.0,4466.0
pg6_5_img095.xml,pg6_5_img095,8,pg_el,404.0,138.0,487.0,301.0,624,624,pg6_5,95,83.0,163.0,13529.0
pg6_5_img095.xml,pg6_5_img095,9,pg_el,358.0,205.0,404.0,251.0,624,624,pg6_5,95,46.0,46.0,2116.0
pg6_5_img095.xml,pg6_5_img095,10,pg_el,333.0,74.0,546.0,211.0,624,624,pg6_5,95,213.0,137.0,29181.0
pg6_5_img096.xml,pg6_5_img096,0,pg_im,363.0,408.0,398.0,445.0,624,624,pg6_5,96,35.0,37.0,1295.0
pg6_5_img096.xml,pg6_5_img096,1,pg_im,281.0,157.0,318.0,188.0,624,624,pg6_5,96,37.0,31.0,1147.0
pg6_5_img096.xml,pg6_5_img096,2,pg_el,94.0,169.0,189.0,368.0,624,624,pg6_5,96,95.0,199.0,18905.0
pg6_5_img096.xml,pg6_5_img096,3,pg_el,49.0,301.0,266.0,469.0,624,624,pg6_5,96,217.0,168.0,36456.0
pg6_5_img096.xml,pg6_5_img096,4,pg_el,244.0,440.0,429.0,506.0,624,624,pg6_5,96,185.0,66.0,12210.0
pg6_5_img096.xml,pg6_5_img096,5,pg_el,207.0,173.0,304.0,395.0,624,624,pg6_5,96,97.0,222.0,21534.0
pg6_5_img096.xml,pg6_5_img096,6,pg_el,211.0,255.0,282.0,382.0,624,624,pg6_5,96,71.0,127.0,9017.0
pg6_5_img096.xml,pg6_5_img096,7,pg_el,388.0,315.0,446.0,391.0,624,624,pg6_5,96,58.0,76.0,4408.0
pg6_5_img096.xml,pg6_5_img096,8,pg_el,404.0,134.0,489.0,301.0,624,624,pg6_5,96,85.0,167.0,14195.0
pg6_5_img096.xml,pg6_5_img096,9,pg_el,358.0,204.0,404.0,251.0,624,624,pg6_5,96,46.0,47.0,2162.0
pg6_5_img096.xml,pg6_5_img096,10,pg_el,332.0,74.0,550.0,211.0,624,624,pg6_5,96,218.0,137.0,29866.0
pg6_5_img097.xml,pg6_5_img097,0,pg_im,363.0,408.0,398.0,445.0,624,624,pg6_5,97,35.0,37.0,1295.0
pg6_5_img097.xml,pg6_5_img097,1,pg_im,281.0,157.0,318.0,188.0,624,624,pg6_5,97,37.0,31.0,1147.0
pg6_5_img097.xml,pg6_5_img097,2,pg_el,94.0,165.0,189.0,368.0,624,624,pg6_5,97,95.0,203.0,19285.0
pg6_5_img097.xml,pg6_5_img097,3,pg_el,49.0,300.0,266.0,471.0,624,624,pg6_5,97,217.0,171.0,37107.0
pg6_5_img097.xml,pg6_5_img097,4,pg_el,243.0,437.0,430.0,506.0,624,624,pg6_5,97,187.0,69.0,12903.0
pg6_5_img097.xml,pg6_5_img097,5,pg_el,206.0,172.0,304.0,396.0,624,624,pg6_5,97,98.0,224.0,21952.0
pg6_5_img097.xml,pg6_5_img097,6,pg_el,211.0,255.0,283.0,383.0,624,624,pg6_5,97,72.0,128.0,9216.0
pg6_5_img097.xml,pg6_5_img097,7,pg_el,388.0,315.0,446.0,391.0,624,624,pg6_5,97,58.0,76.0,4408.0
pg6_5_img097.xml,pg6_5_img097,8,pg_el,403.0,130.0,490.0,301.0,624,624,pg6_5,97,87.0,171.0,14877.0
pg6_5_img097.xml,pg6_5_img097,9,pg_el,358.0,204.0,404.0,251.0,624,624,pg6_5,97,46.0,47.0,2162.0
pg6_5_img097.xml,pg6_5_img097,10,pg_el,332.0,74.0,554.0,212.0,624,624,pg6_5,97,222.0,138.0,30636.0
pg8_1_img001.xml,pg8_1_img001,0,pg_im,249.0,160.0,291.0,192.0,624,624,pg8_1,1,42.0,32.0,1344.0
pg8_1_img001.xml,pg8_1_img001,1,pg_im,330.0,197.0,370.0,230.0,624,624,pg8_1,1,40.0,33.0,1320.0
pg8_1_img001.xml,pg8_1_img001,2,pg_im,196.0,186.0,238.0,219.0,624,624,pg8_1,1,42.0,33.0,1386.0
pg8_1_img001.xml,pg8_1_img001,3,pg_im,163.0,212.0,198.0,248.0,624,624,pg8_1,1,35.0,36.0,1260.0
pg8_1_img001.xml,pg8_1_img001,4,pg_im,286.0,302.0,325.0,338.0,624,624,pg8_1,1,39.0,36.0,1404.0
pg8_1_img001.xml,pg8_1_img001,5,pg_im,366.0,341.0,399.0,371.0,624,624,pg8_1,1,33.0,30.0,990.0
pg8_1_img001.xml,pg8_1_img001,6,pg_im,414.0,350.0,450.0,379.0,624,624,pg8_1,1,36.0,29.0,1044.0
pg8_1_img001.xml,pg8_1_img001,7,pg_im,217.0,328.0,256.0,366.0,624,624,pg8_1,1,39.0,38.0,1482.0
pg8_1_img001.xml,pg8_1_img001,8,pg_im,141.0,369.0,177.0,409.0,624,624,pg8_1,1,36.0,40.0,1440.0
pg8_1_img001.xml,pg8_1_img001,9,pg_im,271.0,377.0,308.0,406.0,624,624,pg8_1,1,37.0,29.0,1073.0
pg8_1_img001.xml,pg8_1_img001,10,pg_im,208.0,369.0,244.0,403.0,624,624,pg8_1,1,36.0,34.0,1224.0
pg8_1_img001.xml,pg8_1_img001,11,pg_im,287.0,434.0,325.0,468.0,624,624,pg8_1,1,38.0,34.0,1292.0
pg8_1_img002.xml,pg8_1_img002,0,pg_im,249.0,160.0,291.0,192.0,624,624,pg8_1,2,42.0,32.0,1344.0
pg8_1_img002.xml,pg8_1_img002,1,pg_im,330.0,197.0,370.0,230.0,624,624,pg8_1,2,40.0,33.0,1320.0
pg8_1_img002.xml,pg8_1_img002,2,pg_im,196.0,186.0,238.0,219.0,624,624,pg8_1,2,42.0,33.0,1386.0
pg8_1_img002.xml,pg8_1_img002,3,pg_im,163.0,212.0,198.0,248.0,624,624,pg8_1,2,35.0,36.0,1260.0
pg8_1_img002.xml,pg8_1_img002,4,pg_im,286.0,302.0,325.0,338.0,624,624,pg8_1,2,39.0,36.0,1404.0
pg8_1_img002.xml,pg8_1_img002,5,pg_im,366.0,341.0,399.0,371.0,624,624,pg8_1,2,33.0,30.0,990.0
pg8_1_img002.xml,pg8_1_img002,6,pg_im,414.0,350.0,450.0,379.0,624,624,pg8_1,2,36.0,29.0,1044.0
pg8_1_img002.xml,pg8_1_img002,7,pg_im,217.0,328.0,256.0,366.0,624,624,pg8_1,2,39.0,38.0,1482.0
pg8_1_img002.xml,pg8_1_img002,8,pg_im,141.0,369.0,178.0,409.0,624,624,pg8_1,2,37.0,40.0,1480.0
pg8_1_img002.xml,pg8_1_img002,9,pg_im,269.0,375.0,307.0,406.0,624,624,pg8_1,2,38.0,31.0,1178.0
pg8_1_img002.xml,pg8_1_img002,10,pg_im,208.0,369.0,244.0,403.0,624,624,pg8_1,2,36.0,34.0,1224.0
pg8_1_img002.xml,pg8_1_img002,11,pg_im,287.0,434.0,326.0,465.0,624,624,pg8_1,2,39.0,31.0,1209.0
pg8_1_img003.xml,pg8_1_img003,0,pg_im,249.0,160.0,291.0,192.0,624,624,pg8_1,3,42.0,32.0,1344.0
pg8_1_img003.xml,pg8_1_img003,1,pg_im,330.0,197.0,370.0,230.0,624,624,pg8_1,3,40.0,33.0,1320.0
pg8_1_img003.xml,pg8_1_img003,2,pg_im,196.0,186.0,239.0,219.0,624,624,pg8_1,3,43.0,33.0,1419.0
pg8_1_img003.xml,pg8_1_img003,3,pg_im,163.0,212.0,198.0,248.0,624,624,pg8_1,3,35.0,36.0,1260.0
pg8_1_img003.xml,pg8_1_img003,4,pg_im,286.0,302.0,325.0,338.0,624,624,pg8_1,3,39.0,36.0,1404.0
pg8_1_img003.xml,pg8_1_img003,5,pg_im,366.0,341.0,399.0,371.0,624,624,pg8_1,3,33.0,30.0,990.0
pg8_1_img003.xml,pg8_1_img003,6,pg_im,414.0,350.0,450.0,380.0,624,624,pg8_1,3,36.0,30.0,1080.0
pg8_1_img003.xml,pg8_1_img003,7,pg_im,217.0,328.0,256.0,366.0,624,624,pg8_1,3,39.0,38.0,1482.0
pg8_1_img003.xml,pg8_1_img003,8,pg_im,141.0,369.0,178.0,409.0,624,624,pg8_1,3,37.0,40.0,1480.0
pg8_1_img003.xml,pg8_1_img003,9,pg_im,269.0,375.0,308.0,406.0,624,624,pg8_1,3,39.0,31.0,1209.0
pg8_1_img003.xml,pg8_1_img003,10,pg_im,208.0,369.0,244.0,403.0,624,624,pg8_1,3,36.0,34.0,1224.0
pg8_1_img003.xml,pg8_1_img003,11,pg_im,287.0,434.0,326.0,465.0,624,624,pg8_1,3,39.0,31.0,1209.0
pg8_1_img004.xml,pg8_1_img004,0,pg_im,249.0,160.0,291.0,192.0,624,624,pg8_1,4,42.0,32.0,1344.0
pg8_1_img004.xml,pg8_1_img004,1,pg_im,330.0,197.0,370.0,230.0,624,624,pg8_1,4,40.0,33.0,1320.0
pg8_1_img004.xml,pg8_1_img004,2,pg_im,196.0,186.0,239.0,219.0,624,624,pg8_1,4,43.0,33.0,1419.0
pg8_1_img004.xml,pg8_1_img004,3,pg_im,163.0,212.0,198.0,248.0,624,624,pg8_1,4,35.0,36.0,1260.0
pg8_1_img004.xml,pg8_1_img004,4,pg_im,286.0,302.0,325.0,338.0,624,624,pg8_1,4,39.0,36.0,1404.0
pg8_1_img004.xml,pg8_1_img004,5,pg_im,366.0,341.0,400.0,372.0,624,624,pg8_1,4,34.0,31.0,1054.0
pg8_1_img004.xml,pg8_1_img004,6,pg_im,414.0,351.0,450.0,380.0,624,624,pg8_1,4,36.0,29.0,1044.0
pg8_1_img004.xml,pg8_1_img004,7,pg_im,217.0,328.0,256.0,366.0,624,624,pg8_1,4,39.0,38.0,1482.0
pg8_1_img004.xml,pg8_1_img004,8,pg_im,142.0,369.0,179.0,409.0,624,624,pg8_1,4,37.0,40.0,1480.0
pg8_1_img004.xml,pg8_1_img004,9,pg_im,269.0,375.0,308.0,406.0,624,624,pg8_1,4,39.0,31.0,1209.0
pg8_1_img004.xml,pg8_1_img004,10,pg_im,208.0,369.0,244.0,404.0,624,624,pg8_1,4,36.0,35.0,1260.0
pg8_1_img004.xml,pg8_1_img004,11,pg_el,287.0,434.0,326.0,465.0,624,624,pg8_1,4,39.0,31.0,1209.0
pg8_1_img005.xml,pg8_1_img005,0,pg_im,249.0,160.0,291.0,192.0,624,624,pg8_1,5,42.0,32.0,1344.0
pg8_1_img005.xml,pg8_1_img005,1,pg_im,330.0,196.0,369.0,230.0,624,624,pg8_1,5,39.0,34.0,1326.0
pg8_1_img005.xml,pg8_1_img005,2,pg_im,196.0,186.0,239.0,219.0,624,624,pg8_1,5,43.0,33.0,1419.0
pg8_1_img005.xml,pg8_1_img005,3,pg_im,163.0,212.0,198.0,249.0,624,624,pg8_1,5,35.0,37.0,1295.0
pg8_1_img005.xml,pg8_1_img005,4,pg_im,286.0,302.0,325.0,338.0,624,624,pg8_1,5,39.0,36.0,1404.0
pg8_1_img005.xml,pg8_1_img005,5,pg_im,366.0,341.0,400.0,372.0,624,624,pg8_1,5,34.0,31.0,1054.0
pg8_1_img005.xml,pg8_1_img005,6,pg_im,414.0,351.0,450.0,380.0,624,624,pg8_1,5,36.0,29.0,1044.0
pg8_1_img005.xml,pg8_1_img005,7,pg_im,216.0,328.0,255.0,366.0,624,624,pg8_1,5,39.0,38.0,1482.0
pg8_1_img005.xml,pg8_1_img005,8,pg_im,142.0,369.0,180.0,409.0,624,624,pg8_1,5,38.0,40.0,1520.0
pg8_1_img005.xml,pg8_1_img005,9,pg_im,269.0,375.0,308.0,406.0,624,624,pg8_1,5,39.0,31.0,1209.0
pg8_1_img005.xml,pg8_1_img005,10,pg_im,208.0,369.0,244.0,404.0,624,624,pg8_1,5,36.0,35.0,1260.0
pg8_1_img005.xml,pg8_1_img005,11,pg_el,287.0,434.0,326.0,465.0,624,624,pg8_1,5,39.0,31.0,1209.0
pg8_1_img006.xml,pg8_1_img006,0,pg_im,249.0,160.0,291.0,192.0,624,624,pg8_1,6,42.0,32.0,1344.0
pg8_1_img006.xml,pg8_1_img006,1,pg_im,330.0,196.0,369.0,230.0,624,624,pg8_1,6,39.0,34.0,1326.0
pg8_1_img006.xml,pg8_1_img006,2,pg_im,196.0,186.0,239.0,219.0,624,624,pg8_1,6,43.0,33.0,1419.0
pg8_1_img006.xml,pg8_1_img006,3,pg_im,163.0,212.0,198.0,249.0,624,624,pg8_1,6,35.0,37.0,1295.0
pg8_1_img006.xml,pg8_1_img006,4,pg_im,286.0,302.0,325.0,338.0,624,624,pg8_1,6,39.0,36.0,1404.0
pg8_1_img006.xml,pg8_1_img006,5,pg_im,366.0,341.0,400.0,372.0,624,624,pg8_1,6,34.0,31.0,1054.0
pg8_1_img006.xml,pg8_1_img006,6,pg_im,414.0,351.0,450.0,380.0,624,624,pg8_1,6,36.0,29.0,1044.0
pg8_1_img006.xml,pg8_1_img006,7,pg_im,216.0,328.0,255.0,366.0,624,624,pg8_1,6,39.0,38.0,1482.0
pg8_1_img006.xml,pg8_1_img006,8,pg_im,142.0,368.0,180.0,409.0,624,624,pg8_1,6,38.0,41.0,1558.0
pg8_1_img006.xml,pg8_1_img006,9,pg_im,269.0,375.0,308.0,406.0,624,624,pg8_1,6,39.0,31.0,1209.0
pg8_1_img006.xml,pg8_1_img006,10,pg_im,208.0,369.0,244.0,404.0,624,624,pg8_1,6,36.0,35.0,1260.0
pg8_1_img006.xml,pg8_1_img006,11,pg_el,287.0,434.0,326.0,465.0,624,624,pg8_1,6,39.0,31.0,1209.0
pg8_1_img007.xml,pg8_1_img007,0,pg_im,249.0,160.0,291.0,192.0,624,624,pg8_1,7,42.0,32.0,1344.0
pg8_1_img007.xml,pg8_1_img007,1,pg_im,330.0,196.0,369.0,230.0,624,624,pg8_1,7,39.0,34.0,1326.0
pg8_1_img007.xml,pg8_1_img007,2,pg_im,196.0,186.0,239.0,219.0,624,624,pg8_1,7,43.0,33.0,1419.0
pg8_1_img007.xml,pg8_1_img007,3,pg_im,163.0,212.0,198.0,249.0,624,624,pg8_1,7,35.0,37.0,1295.0
pg8_1_img007.xml,pg8_1_img007,4,pg_im,286.0,302.0,325.0,338.0,624,624,pg8_1,7,39.0,36.0,1404.0
pg8_1_img007.xml,pg8_1_img007,5,pg_im,366.0,341.0,401.0,372.0,624,624,pg8_1,7,35.0,31.0,1085.0
pg8_1_img007.xml,pg8_1_img007,6,pg_im,414.0,351.0,450.0,380.0,624,624,pg8_1,7,36.0,29.0,1044.0
pg8_1_img007.xml,pg8_1_img007,7,pg_im,216.0,328.0,255.0,366.0,624,624,pg8_1,7,39.0,38.0,1482.0
pg8_1_img007.xml,pg8_1_img007,8,pg_im,143.0,368.0,181.0,409.0,624,624,pg8_1,7,38.0,41.0,1558.0
pg8_1_img007.xml,pg8_1_img007,9,pg_im,269.0,375.0,309.0,406.0,624,624,pg8_1,7,40.0,31.0,1240.0
pg8_1_img007.xml,pg8_1_img007,10,pg_im,208.0,369.0,244.0,405.0,624,624,pg8_1,7,36.0,36.0,1296.0
pg8_1_img007.xml,pg8_1_img007,11,pg_el,287.0,434.0,326.0,465.0,624,624,pg8_1,7,39.0,31.0,1209.0
pg8_1_img008.xml,pg8_1_img008,0,pg_im,249.0,160.0,291.0,192.0,624,624,pg8_1,8,42.0,32.0,1344.0
pg8_1_img008.xml,pg8_1_img008,1,pg_im,330.0,196.0,369.0,230.0,624,624,pg8_1,8,39.0,34.0,1326.0
pg8_1_img008.xml,pg8_1_img008,2,pg_im,196.0,186.0,240.0,219.0,624,624,pg8_1,8,44.0,33.0,1452.0
pg8_1_img008.xml,pg8_1_img008,3,pg_im,163.0,212.0,198.0,249.0,624,624,pg8_1,8,35.0,37.0,1295.0
pg8_1_img008.xml,pg8_1_img008,4,pg_im,286.0,301.0,325.0,338.0,624,624,pg8_1,8,39.0,37.0,1443.0
pg8_1_img008.xml,pg8_1_img008,5,pg_im,366.0,341.0,401.0,373.0,624,624,pg8_1,8,35.0,32.0,1120.0
pg8_1_img008.xml,pg8_1_img008,6,pg_im,414.0,351.0,450.0,381.0,624,624,pg8_1,8,36.0,30.0,1080.0
pg8_1_img008.xml,pg8_1_img008,7,pg_im,216.0,328.0,255.0,366.0,624,624,pg8_1,8,39.0,38.0,1482.0
pg8_1_img008.xml,pg8_1_img008,8,pg_im,143.0,368.0,181.0,409.0,624,624,pg8_1,8,38.0,41.0,1558.0
pg8_1_img008.xml,pg8_1_img008,9,pg_im,269.0,375.0,309.0,406.0,624,624,pg8_1,8,40.0,31.0,1240.0
pg8_1_img008.xml,pg8_1_img008,10,pg_im,208.0,369.0,244.0,405.0,624,624,pg8_1,8,36.0,36.0,1296.0
pg8_1_img008.xml,pg8_1_img008,11,pg_im,287.0,434.0,326.0,465.0,624,624,pg8_1,8,39.0,31.0,1209.0
pg8_1_img009.xml,pg8_1_img009,0,pg_im,249.0,160.0,291.0,192.0,624,624,pg8_1,9,42.0,32.0,1344.0
pg8_1_img009.xml,pg8_1_img009,1,pg_im,330.0,196.0,369.0,230.0,624,624,pg8_1,9,39.0,34.0,1326.0
pg8_1_img009.xml,pg8_1_img009,2,pg_im,196.0,186.0,240.0,219.0,624,624,pg8_1,9,44.0,33.0,1452.0
pg8_1_img009.xml,pg8_1_img009,3,pg_im,163.0,212.0,198.0,249.0,624,624,pg8_1,9,35.0,37.0,1295.0
pg8_1_img009.xml,pg8_1_img009,4,pg_im,287.0,301.0,325.0,338.0,624,624,pg8_1,9,38.0,37.0,1406.0
pg8_1_img009.xml,pg8_1_img009,5,pg_im,366.0,341.0,401.0,373.0,624,624,pg8_1,9,35.0,32.0,1120.0
pg8_1_img009.xml,pg8_1_img009,6,pg_im,414.0,352.0,450.0,381.0,624,624,pg8_1,9,36.0,29.0,1044.0
pg8_1_img009.xml,pg8_1_img009,7,pg_im,216.0,328.0,255.0,366.0,624,624,pg8_1,9,39.0,38.0,1482.0
pg8_1_img009.xml,pg8_1_img009,8,pg_im,143.0,368.0,181.0,409.0,624,624,pg8_1,9,38.0,41.0,1558.0
pg8_1_img009.xml,pg8_1_img009,9,pg_im,270.0,375.0,309.0,406.0,624,624,pg8_1,9,39.0,31.0,1209.0
pg8_1_img009.xml,pg8_1_img009,10,pg_im,208.0,369.0,244.0,405.0,624,624,pg8_1,9,36.0,36.0,1296.0
pg8_1_img009.xml,pg8_1_img009,11,pg_im,287.0,434.0,326.0,466.0,624,624,pg8_1,9,39.0,32.0,1248.0
pg8_1_img010.xml,pg8_1_img010,0,pg_im,249.0,160.0,291.0,192.0,624,624,pg8_1,10,42.0,32.0,1344.0
pg8_1_img010.xml,pg8_1_img010,1,pg_im,330.0,195.0,369.0,230.0,624,624,pg8_1,10,39.0,35.0,1365.0
pg8_1_img010.xml,pg8_1_img010,2,pg_im,196.0,186.0,240.0,219.0,624,624,pg8_1,10,44.0,33.0,1452.0
pg8_1_img010.xml,pg8_1_img010,3,pg_im,163.0,212.0,198.0,249.0,624,624,pg8_1,10,35.0,37.0,1295.0
pg8_1_img010.xml,pg8_1_img010,4,pg_im,287.0,301.0,325.0,338.0,624,624,pg8_1,10,38.0,37.0,1406.0
pg8_1_img010.xml,pg8_1_img010,5,pg_im,366.0,341.0,402.0,373.0,624,624,pg8_1,10,36.0,32.0,1152.0
pg8_1_img010.xml,pg8_1_img010,6,pg_im,414.0,352.0,450.0,381.0,624,624,pg8_1,10,36.0,29.0,1044.0
pg8_1_img010.xml,pg8_1_img010,7,pg_im,216.0,327.0,255.0,366.0,624,624,pg8_1,10,39.0,39.0,1521.0
pg8_1_img010.xml,pg8_1_img010,8,pg_im,143.0,368.0,181.0,409.0,624,624,pg8_1,10,38.0,41.0,1558.0
pg8_1_img010.xml,pg8_1_img010,9,pg_im,270.0,375.0,309.0,406.0,624,624,pg8_1,10,39.0,31.0,1209.0
pg8_1_img010.xml,pg8_1_img010,10,pg_im,208.0,369.0,244.0,405.0,624,624,pg8_1,10,36.0,36.0,1296.0
pg8_1_img010.xml,pg8_1_img010,11,pg_im,287.0,434.0,326.0,466.0,624,624,pg8_1,10,39.0,32.0,1248.0
pg8_1_img011.xml,pg8_1_img011,0,pg_im,249.0,160.0,291.0,192.0,624,624,pg8_1,11,42.0,32.0,1344.0
pg8_1_img011.xml,pg8_1_img011,1,pg_im,330.0,195.0,369.0,230.0,624,624,pg8_1,11,39.0,35.0,1365.0
pg8_1_img011.xml,pg8_1_img011,2,pg_im,196.0,186.0,240.0,219.0,624,624,pg8_1,11,44.0,33.0,1452.0
pg8_1_img011.xml,pg8_1_img011,3,pg_im,163.0,212.0,199.0,249.0,624,624,pg8_1,11,36.0,37.0,1332.0
pg8_1_img011.xml,pg8_1_img011,4,pg_im,287.0,301.0,325.0,339.0,624,624,pg8_1,11,38.0,38.0,1444.0
pg8_1_img011.xml,pg8_1_img011,5,pg_im,366.0,341.0,402.0,373.0,624,624,pg8_1,11,36.0,32.0,1152.0
pg8_1_img011.xml,pg8_1_img011,6,pg_im,414.0,352.0,450.0,381.0,624,624,pg8_1,11,36.0,29.0,1044.0
pg8_1_img011.xml,pg8_1_img011,7,pg_im,216.0,327.0,255.0,366.0,624,624,pg8_1,11,39.0,39.0,1521.0
pg8_1_img011.xml,pg8_1_img011,8,pg_im,143.0,368.0,181.0,409.0,624,624,pg8_1,11,38.0,41.0,1558.0
pg8_1_img011.xml,pg8_1_img011,9,pg_im,270.0,375.0,310.0,406.0,624,624,pg8_1,11,40.0,31.0,1240.0
pg8_1_img011.xml,pg8_1_img011,10,pg_im,208.0,369.0,244.0,406.0,624,624,pg8_1,11,36.0,37.0,1332.0
pg8_1_img011.xml,pg8_1_img011,11,pg_im,287.0,434.0,326.0,466.0,624,624,pg8_1,11,39.0,32.0,1248.0
pg8_1_img012.xml,pg8_1_img012,0,pg_im,249.0,159.0,291.0,192.0,624,624,pg8_1,12,42.0,33.0,1386.0
pg8_1_img012.xml,pg8_1_img012,1,pg_im,330.0,195.0,369.0,230.0,624,624,pg8_1,12,39.0,35.0,1365.0
pg8_1_img012.xml,pg8_1_img012,2,pg_im,196.0,186.0,240.0,219.0,624,624,pg8_1,12,44.0,33.0,1452.0
pg8_1_img012.xml,pg8_1_img012,3,pg_im,163.0,212.0,199.0,249.0,624,624,pg8_1,12,36.0,37.0,1332.0
pg8_1_img012.xml,pg8_1_img012,4,pg_im,287.0,301.0,325.0,339.0,624,624,pg8_1,12,38.0,38.0,1444.0
pg8_1_img012.xml,pg8_1_img012,5,pg_im,366.0,341.0,402.0,373.0,624,624,pg8_1,12,36.0,32.0,1152.0
pg8_1_img012.xml,pg8_1_img012,6,pg_im,414.0,352.0,450.0,381.0,624,624,pg8_1,12,36.0,29.0,1044.0
pg8_1_img012.xml,pg8_1_img012,7,pg_im,216.0,327.0,255.0,366.0,624,624,pg8_1,12,39.0,39.0,1521.0
pg8_1_img012.xml,pg8_1_img012,8,pg_im,143.0,368.0,181.0,409.0,624,624,pg8_1,12,38.0,41.0,1558.0
pg8_1_img012.xml,pg8_1_img012,9,pg_im,270.0,375.0,310.0,406.0,624,624,pg8_1,12,40.0,31.0,1240.0
pg8_1_img012.xml,pg8_1_img012,10,pg_im,208.0,369.0,244.0,406.0,624,624,pg8_1,12,36.0,37.0,1332.0
pg8_1_img012.xml,pg8_1_img012,11,pg_el,287.0,434.0,326.0,466.0,624,624,pg8_1,12,39.0,32.0,1248.0
pg8_1_img013.xml,pg8_1_img013,0,pg_im,249.0,159.0,291.0,192.0,624,624,pg8_1,13,42.0,33.0,1386.0
pg8_1_img013.xml,pg8_1_img013,1,pg_im,330.0,195.0,369.0,230.0,624,624,pg8_1,13,39.0,35.0,1365.0
pg8_1_img013.xml,pg8_1_img013,2,pg_im,196.0,186.0,240.0,219.0,624,624,pg8_1,13,44.0,33.0,1452.0
pg8_1_img013.xml,pg8_1_img013,3,pg_im,163.0,212.0,199.0,249.0,624,624,pg8_1,13,36.0,37.0,1332.0
pg8_1_img013.xml,pg8_1_img013,4,pg_im,287.0,301.0,325.0,339.0,624,624,pg8_1,13,38.0,38.0,1444.0
pg8_1_img013.xml,pg8_1_img013,5,pg_im,366.0,341.0,402.0,373.0,624,624,pg8_1,13,36.0,32.0,1152.0
pg8_1_img013.xml,pg8_1_img013,6,pg_im,414.0,352.0,450.0,381.0,624,624,pg8_1,13,36.0,29.0,1044.0
pg8_1_img013.xml,pg8_1_img013,7,pg_im,216.0,327.0,255.0,366.0,624,624,pg8_1,13,39.0,39.0,1521.0
pg8_1_img013.xml,pg8_1_img013,8,pg_im,143.0,367.0,181.0,409.0,624,624,pg8_1,13,38.0,42.0,1596.0
pg8_1_img013.xml,pg8_1_img013,9,pg_im,270.0,375.0,310.0,406.0,624,624,pg8_1,13,40.0,31.0,1240.0
pg8_1_img013.xml,pg8_1_img013,10,pg_im,208.0,369.0,244.0,406.0,624,624,pg8_1,13,36.0,37.0,1332.0
pg8_1_img013.xml,pg8_1_img013,11,pg_el,286.0,434.0,326.0,466.0,624,624,pg8_1,13,40.0,32.0,1280.0
pg8_1_img014.xml,pg8_1_img014,0,pg_im,249.0,159.0,291.0,192.0,624,624,pg8_1,14,42.0,33.0,1386.0
pg8_1_img014.xml,pg8_1_img014,1,pg_im,330.0,195.0,369.0,230.0,624,624,pg8_1,14,39.0,35.0,1365.0
pg8_1_img014.xml,pg8_1_img014,2,pg_im,196.0,186.0,240.0,219.0,624,624,pg8_1,14,44.0,33.0,1452.0
pg8_1_img014.xml,pg8_1_img014,3,pg_im,163.0,212.0,199.0,249.0,624,624,pg8_1,14,36.0,37.0,1332.0
pg8_1_img014.xml,pg8_1_img014,4,pg_im,287.0,301.0,325.0,339.0,624,624,pg8_1,14,38.0,38.0,1444.0
pg8_1_img014.xml,pg8_1_img014,5,pg_im,366.0,341.0,402.0,373.0,624,624,pg8_1,14,36.0,32.0,1152.0
pg8_1_img014.xml,pg8_1_img014,6,pg_im,413.0,352.0,450.0,381.0,624,624,pg8_1,14,37.0,29.0,1073.0
pg8_1_img014.xml,pg8_1_img014,7,pg_im,216.0,327.0,255.0,366.0,624,624,pg8_1,14,39.0,39.0,1521.0
pg8_1_img014.xml,pg8_1_img014,8,pg_im,143.0,367.0,181.0,410.0,624,624,pg8_1,14,38.0,43.0,1634.0
pg8_1_img014.xml,pg8_1_img014,9,pg_im,270.0,375.0,311.0,406.0,624,624,pg8_1,14,41.0,31.0,1271.0
pg8_1_img014.xml,pg8_1_img014,10,pg_im,208.0,369.0,244.0,406.0,624,624,pg8_1,14,36.0,37.0,1332.0
pg8_1_img014.xml,pg8_1_img014,11,pg_el,286.0,434.0,326.0,466.0,624,624,pg8_1,14,40.0,32.0,1280.0
pg8_1_img015.xml,pg8_1_img015,0,pg_im,249.0,159.0,291.0,191.0,624,624,pg8_1,15,42.0,32.0,1344.0
pg8_1_img015.xml,pg8_1_img015,1,pg_im,330.0,195.0,369.0,230.0,624,624,pg8_1,15,39.0,35.0,1365.0
pg8_1_img015.xml,pg8_1_img015,2,pg_im,196.0,186.0,240.0,219.0,624,624,pg8_1,15,44.0,33.0,1452.0
pg8_1_img015.xml,pg8_1_img015,3,pg_im,163.0,212.0,199.0,249.0,624,624,pg8_1,15,36.0,37.0,1332.0
pg8_1_img015.xml,pg8_1_img015,4,pg_im,287.0,301.0,325.0,339.0,624,624,pg8_1,15,38.0,38.0,1444.0
pg8_1_img015.xml,pg8_1_img015,5,pg_im,366.0,341.0,402.0,373.0,624,624,pg8_1,15,36.0,32.0,1152.0
pg8_1_img015.xml,pg8_1_img015,6,pg_im,413.0,352.0,450.0,381.0,624,624,pg8_1,15,37.0,29.0,1073.0
pg8_1_img015.xml,pg8_1_img015,7,pg_im,216.0,327.0,255.0,365.0,624,624,pg8_1,15,39.0,38.0,1482.0
pg8_1_img015.xml,pg8_1_img015,8,pg_im,143.0,367.0,181.0,410.0,624,624,pg8_1,15,38.0,43.0,1634.0
pg8_1_img015.xml,pg8_1_img015,9,pg_im,270.0,376.0,311.0,406.0,624,624,pg8_1,15,41.0,30.0,1230.0
pg8_1_img015.xml,pg8_1_img015,10,pg_im,208.0,369.0,244.0,406.0,624,624,pg8_1,15,36.0,37.0,1332.0
pg8_1_img015.xml,pg8_1_img015,11,pg_el,286.0,434.0,326.0,466.0,624,624,pg8_1,15,40.0,32.0,1280.0
pg8_1_img016.xml,pg8_1_img016,0,pg_im,249.0,159.0,291.0,191.0,624,624,pg8_1,16,42.0,32.0,1344.0
pg8_1_img016.xml,pg8_1_img016,1,pg_im,330.0,195.0,369.0,230.0,624,624,pg8_1,16,39.0,35.0,1365.0
pg8_1_img016.xml,pg8_1_img016,2,pg_im,196.0,186.0,240.0,219.0,624,624,pg8_1,16,44.0,33.0,1452.0
pg8_1_img016.xml,pg8_1_img016,3,pg_el,163.0,211.0,199.0,249.0,624,624,pg8_1,16,36.0,38.0,1368.0
pg8_1_img016.xml,pg8_1_img016,4,pg_im,287.0,301.0,325.0,339.0,624,624,pg8_1,16,38.0,38.0,1444.0
pg8_1_img016.xml,pg8_1_img016,5,pg_im,366.0,340.0,402.0,373.0,624,624,pg8_1,16,36.0,33.0,1188.0
pg8_1_img016.xml,pg8_1_img016,6,pg_im,413.0,352.0,450.0,382.0,624,624,pg8_1,16,37.0,30.0,1110.0
pg8_1_img016.xml,pg8_1_img016,7,pg_im,216.0,327.0,255.0,366.0,624,624,pg8_1,16,39.0,39.0,1521.0
pg8_1_img016.xml,pg8_1_img016,8,pg_im,143.0,367.0,182.0,410.0,624,624,pg8_1,16,39.0,43.0,1677.0
pg8_1_img016.xml,pg8_1_img016,9,pg_im,270.0,376.0,311.0,406.0,624,624,pg8_1,16,41.0,30.0,1230.0
pg8_1_img016.xml,pg8_1_img016,10,pg_im,208.0,369.0,244.0,406.0,624,624,pg8_1,16,36.0,37.0,1332.0
pg8_1_img016.xml,pg8_1_img016,11,pg_el,286.0,434.0,326.0,466.0,624,624,pg8_1,16,40.0,32.0,1280.0
pg8_1_img017.xml,pg8_1_img017,0,pg_im,249.0,159.0,291.0,191.0,624,624,pg8_1,17,42.0,32.0,1344.0
pg8_1_img017.xml,pg8_1_img017,1,pg_im,330.0,194.0,369.0,230.0,624,624,pg8_1,17,39.0,36.0,1404.0
pg8_1_img017.xml,pg8_1_img017,2,pg_im,196.0,185.0,240.0,219.0,624,624,pg8_1,17,44.0,34.0,1496.0
pg8_1_img017.xml,pg8_1_img017,3,pg_el,163.0,211.0,199.0,249.0,624,624,pg8_1,17,36.0,38.0,1368.0
pg8_1_img017.xml,pg8_1_img017,4,pg_im,287.0,301.0,325.0,339.0,624,624,pg8_1,17,38.0,38.0,1444.0
pg8_1_img017.xml,pg8_1_img017,5,pg_im,366.0,340.0,402.0,373.0,624,624,pg8_1,17,36.0,33.0,1188.0
pg8_1_img017.xml,pg8_1_img017,6,pg_im,413.0,352.0,450.0,382.0,624,624,pg8_1,17,37.0,30.0,1110.0
pg8_1_img017.xml,pg8_1_img017,7,pg_im,217.0,328.0,256.0,366.0,624,624,pg8_1,17,39.0,38.0,1482.0
pg8_1_img017.xml,pg8_1_img017,8,pg_im,143.0,367.0,182.0,410.0,624,624,pg8_1,17,39.0,43.0,1677.0
pg8_1_img017.xml,pg8_1_img017,9,pg_im,270.0,376.0,311.0,406.0,624,624,pg8_1,17,41.0,30.0,1230.0
pg8_1_img017.xml,pg8_1_img017,10,pg_im,208.0,369.0,244.0,406.0,624,624,pg8_1,17,36.0,37.0,1332.0
pg8_1_img017.xml,pg8_1_img017,11,pg_el,286.0,434.0,326.0,466.0,624,624,pg8_1,17,40.0,32.0,1280.0
pg8_1_img018.xml,pg8_1_img018,0,pg_im,249.0,159.0,291.0,191.0,624,624,pg8_1,18,42.0,32.0,1344.0
pg8_1_img018.xml,pg8_1_img018,1,pg_im,330.0,194.0,369.0,230.0,624,624,pg8_1,18,39.0,36.0,1404.0
pg8_1_img018.xml,pg8_1_img018,2,pg_im,196.0,185.0,240.0,219.0,624,624,pg8_1,18,44.0,34.0,1496.0
pg8_1_img018.xml,pg8_1_img018,3,pg_el,163.0,211.0,199.0,249.0,624,624,pg8_1,18,36.0,38.0,1368.0
pg8_1_img018.xml,pg8_1_img018,4,pg_im,287.0,301.0,325.0,339.0,624,624,pg8_1,18,38.0,38.0,1444.0
pg8_1_img018.xml,pg8_1_img018,5,pg_im,366.0,340.0,402.0,373.0,624,624,pg8_1,18,36.0,33.0,1188.0
pg8_1_img018.xml,pg8_1_img018,6,pg_im,413.0,352.0,450.0,382.0,624,624,pg8_1,18,37.0,30.0,1110.0
pg8_1_img018.xml,pg8_1_img018,7,pg_im,217.0,328.0,256.0,366.0,624,624,pg8_1,18,39.0,38.0,1482.0
pg8_1_img018.xml,pg8_1_img018,8,pg_im,143.0,367.0,182.0,410.0,624,624,pg8_1,18,39.0,43.0,1677.0
pg8_1_img018.xml,pg8_1_img018,9,pg_im,270.0,376.0,312.0,406.0,624,624,pg8_1,18,42.0,30.0,1260.0
pg8_1_img018.xml,pg8_1_img018,10,pg_im,208.0,369.0,244.0,406.0,624,624,pg8_1,18,36.0,37.0,1332.0
pg8_1_img018.xml,pg8_1_img018,11,pg_el,286.0,434.0,326.0,466.0,624,624,pg8_1,18,40.0,32.0,1280.0
pg8_1_img019.xml,pg8_1_img019,0,pg_im,249.0,159.0,291.0,191.0,624,624,pg8_1,19,42.0,32.0,1344.0
pg8_1_img019.xml,pg8_1_img019,1,pg_im,329.0,194.0,369.0,230.0,624,624,pg8_1,19,40.0,36.0,1440.0
pg8_1_img019.xml,pg8_1_img019,2,pg_im,196.0,185.0,240.0,219.0,624,624,pg8_1,19,44.0,34.0,1496.0
pg8_1_img019.xml,pg8_1_img019,3,pg_el,163.0,211.0,199.0,249.0,624,624,pg8_1,19,36.0,38.0,1368.0
pg8_1_img019.xml,pg8_1_img019,4,pg_im,287.0,301.0,325.0,339.0,624,624,pg8_1,19,38.0,38.0,1444.0
pg8_1_img019.xml,pg8_1_img019,5,pg_im,366.0,340.0,402.0,372.0,624,624,pg8_1,19,36.0,32.0,1152.0
pg8_1_img019.xml,pg8_1_img019,6,pg_im,413.0,352.0,450.0,382.0,624,624,pg8_1,19,37.0,30.0,1110.0
pg8_1_img019.xml,pg8_1_img019,7,pg_im,218.0,328.0,256.0,366.0,624,624,pg8_1,19,38.0,38.0,1444.0
pg8_1_img019.xml,pg8_1_img019,8,pg_el,143.0,367.0,182.0,410.0,624,624,pg8_1,19,39.0,43.0,1677.0
pg8_1_img019.xml,pg8_1_img019,9,pg_im,270.0,376.0,312.0,406.0,624,624,pg8_1,19,42.0,30.0,1260.0
pg8_1_img019.xml,pg8_1_img019,10,pg_im,209.0,369.0,244.0,406.0,624,624,pg8_1,19,35.0,37.0,1295.0
pg8_1_img019.xml,pg8_1_img019,11,pg_el,286.0,434.0,326.0,466.0,624,624,pg8_1,19,40.0,32.0,1280.0
pg8_1_img020.xml,pg8_1_img020,0,pg_im,249.0,159.0,291.0,191.0,624,624,pg8_1,20,42.0,32.0,1344.0
pg8_1_img020.xml,pg8_1_img020,1,pg_im,329.0,194.0,369.0,230.0,624,624,pg8_1,20,40.0,36.0,1440.0
pg8_1_img020.xml,pg8_1_img020,2,pg_im,196.0,185.0,240.0,219.0,624,624,pg8_1,20,44.0,34.0,1496.0
pg8_1_img020.xml,pg8_1_img020,3,pg_el,163.0,211.0,199.0,249.0,624,624,pg8_1,20,36.0,38.0,1368.0
pg8_1_img020.xml,pg8_1_img020,4,pg_im,288.0,300.0,325.0,339.0,624,624,pg8_1,20,37.0,39.0,1443.0
pg8_1_img020.xml,pg8_1_img020,5,pg_im,366.0,340.0,402.0,372.0,624,624,pg8_1,20,36.0,32.0,1152.0
pg8_1_img020.xml,pg8_1_img020,6,pg_im,413.0,352.0,450.0,382.0,624,624,pg8_1,20,37.0,30.0,1110.0
pg8_1_img020.xml,pg8_1_img020,7,pg_im,218.0,329.0,257.0,366.0,624,624,pg8_1,20,39.0,37.0,1443.0
pg8_1_img020.xml,pg8_1_img020,8,pg_el,143.0,366.0,182.0,410.0,624,624,pg8_1,20,39.0,44.0,1716.0
pg8_1_img020.xml,pg8_1_img020,9,pg_im,270.0,376.0,312.0,406.0,624,624,pg8_1,20,42.0,30.0,1260.0
pg8_1_img020.xml,pg8_1_img020,10,pg_im,209.0,369.0,244.0,406.0,624,624,pg8_1,20,35.0,37.0,1295.0
pg8_1_img020.xml,pg8_1_img020,11,pg_el,286.0,434.0,326.0,466.0,624,624,pg8_1,20,40.0,32.0,1280.0
pg8_1_img021.xml,pg8_1_img021,0,pg_im,249.0,159.0,292.0,191.0,624,624,pg8_1,21,43.0,32.0,1376.0
pg8_1_img021.xml,pg8_1_img021,1,pg_im,329.0,194.0,369.0,230.0,624,624,pg8_1,21,40.0,36.0,1440.0
pg8_1_img021.xml,pg8_1_img021,2,pg_im,196.0,185.0,240.0,219.0,624,624,pg8_1,21,44.0,34.0,1496.0
pg8_1_img021.xml,pg8_1_img021,3,pg_el,163.0,211.0,199.0,249.0,624,624,pg8_1,21,36.0,38.0,1368.0
pg8_1_img021.xml,pg8_1_img021,4,pg_im,288.0,300.0,325.0,339.0,624,624,pg8_1,21,37.0,39.0,1443.0
pg8_1_img021.xml,pg8_1_img021,5,pg_im,366.0,340.0,402.0,372.0,624,624,pg8_1,21,36.0,32.0,1152.0
pg8_1_img021.xml,pg8_1_img021,6,pg_im,413.0,352.0,450.0,382.0,624,624,pg8_1,21,37.0,30.0,1110.0
pg8_1_img021.xml,pg8_1_img021,7,pg_im,219.0,329.0,257.0,366.0,624,624,pg8_1,21,38.0,37.0,1406.0
pg8_1_img021.xml,pg8_1_img021,8,pg_el,143.0,366.0,182.0,410.0,624,624,pg8_1,21,39.0,44.0,1716.0
pg8_1_img021.xml,pg8_1_img021,9,pg_im,270.0,376.0,312.0,406.0,624,624,pg8_1,21,42.0,30.0,1260.0
pg8_1_img021.xml,pg8_1_img021,10,pg_im,209.0,369.0,244.0,406.0,624,624,pg8_1,21,35.0,37.0,1295.0
pg8_1_img021.xml,pg8_1_img021,11,pg_el,286.0,434.0,326.0,467.0,624,624,pg8_1,21,40.0,33.0,1320.0
pg8_1_img022.xml,pg8_1_img022,0,pg_im,250.0,159.0,292.0,191.0,624,624,pg8_1,22,42.0,32.0,1344.0
pg8_1_img022.xml,pg8_1_img022,1,pg_im,329.0,194.0,369.0,230.0,624,624,pg8_1,22,40.0,36.0,1440.0
pg8_1_img022.xml,pg8_1_img022,2,pg_im,196.0,185.0,240.0,219.0,624,624,pg8_1,22,44.0,34.0,1496.0
pg8_1_img022.xml,pg8_1_img022,3,pg_el,163.0,211.0,199.0,249.0,624,624,pg8_1,22,36.0,38.0,1368.0
pg8_1_img022.xml,pg8_1_img022,4,pg_im,288.0,300.0,325.0,339.0,624,624,pg8_1,22,37.0,39.0,1443.0
pg8_1_img022.xml,pg8_1_img022,5,pg_im,366.0,340.0,402.0,372.0,624,624,pg8_1,22,36.0,32.0,1152.0
pg8_1_img022.xml,pg8_1_img022,6,pg_im,413.0,352.0,450.0,382.0,624,624,pg8_1,22,37.0,30.0,1110.0
pg8_1_img022.xml,pg8_1_img022,7,pg_im,219.0,329.0,258.0,366.0,624,624,pg8_1,22,39.0,37.0,1443.0
pg8_1_img022.xml,pg8_1_img022,8,pg_el,143.0,366.0,182.0,411.0,624,624,pg8_1,22,39.0,45.0,1755.0
pg8_1_img022.xml,pg8_1_img022,9,pg_im,270.0,376.0,313.0,406.0,624,624,pg8_1,22,43.0,30.0,1290.0
pg8_1_img022.xml,pg8_1_img022,10,pg_im,209.0,369.0,244.0,406.0,624,624,pg8_1,22,35.0,37.0,1295.0
pg8_1_img022.xml,pg8_1_img022,11,pg_el,286.0,434.0,326.0,467.0,624,624,pg8_1,22,40.0,33.0,1320.0
pg8_1_img023.xml,pg8_1_img023,0,pg_im,250.0,159.0,292.0,191.0,624,624,pg8_1,23,42.0,32.0,1344.0
pg8_1_img023.xml,pg8_1_img023,1,pg_im,329.0,194.0,369.0,230.0,624,624,pg8_1,23,40.0,36.0,1440.0
pg8_1_img023.xml,pg8_1_img023,2,pg_im,196.0,185.0,240.0,219.0,624,624,pg8_1,23,44.0,34.0,1496.0
pg8_1_img023.xml,pg8_1_img023,3,pg_el,163.0,211.0,199.0,249.0,624,624,pg8_1,23,36.0,38.0,1368.0
pg8_1_img023.xml,pg8_1_img023,4,pg_im,288.0,300.0,325.0,339.0,624,624,pg8_1,23,37.0,39.0,1443.0
pg8_1_img023.xml,pg8_1_img023,5,pg_im,366.0,340.0,402.0,372.0,624,624,pg8_1,23,36.0,32.0,1152.0
pg8_1_img023.xml,pg8_1_img023,6,pg_im,413.0,352.0,450.0,382.0,624,624,pg8_1,23,37.0,30.0,1110.0
pg8_1_img023.xml,pg8_1_img023,7,pg_im,220.0,329.0,258.0,366.0,624,624,pg8_1,23,38.0,37.0,1406.0
pg8_1_img023.xml,pg8_1_img023,8,pg_el,144.0,366.0,182.0,411.0,624,624,pg8_1,23,38.0,45.0,1710.0
pg8_1_img023.xml,pg8_1_img023,9,pg_im,270.0,376.0,313.0,406.0,624,624,pg8_1,23,43.0,30.0,1290.0
pg8_1_img023.xml,pg8_1_img023,10,pg_im,209.0,369.0,244.0,406.0,624,624,pg8_1,23,35.0,37.0,1295.0
pg8_1_img023.xml,pg8_1_img023,11,pg_el,286.0,434.0,326.0,467.0,624,624,pg8_1,23,40.0,33.0,1320.0
pg8_1_img024.xml,pg8_1_img024,0,pg_im,250.0,159.0,292.0,191.0,624,624,pg8_1,24,42.0,32.0,1344.0
pg8_1_img024.xml,pg8_1_img024,1,pg_im,329.0,194.0,369.0,230.0,624,624,pg8_1,24,40.0,36.0,1440.0
pg8_1_img024.xml,pg8_1_img024,2,pg_im,196.0,185.0,240.0,219.0,624,624,pg8_1,24,44.0,34.0,1496.0
pg8_1_img024.xml,pg8_1_img024,3,pg_el,163.0,211.0,199.0,249.0,624,624,pg8_1,24,36.0,38.0,1368.0
pg8_1_img024.xml,pg8_1_img024,4,pg_im,288.0,300.0,325.0,339.0,624,624,pg8_1,24,37.0,39.0,1443.0
pg8_1_img024.xml,pg8_1_img024,5,pg_im,366.0,340.0,402.0,372.0,624,624,pg8_1,24,36.0,32.0,1152.0
pg8_1_img024.xml,pg8_1_img024,6,pg_im,413.0,352.0,450.0,382.0,624,624,pg8_1,24,37.0,30.0,1110.0
pg8_1_img024.xml,pg8_1_img024,7,pg_im,219.0,329.0,258.0,366.0,624,624,pg8_1,24,39.0,37.0,1443.0
pg8_1_img024.xml,pg8_1_img024,8,pg_el,144.0,366.0,182.0,411.0,624,624,pg8_1,24,38.0,45.0,1710.0
pg8_1_img024.xml,pg8_1_img024,9,pg_im,271.0,376.0,313.0,406.0,624,624,pg8_1,24,42.0,30.0,1260.0
pg8_1_img024.xml,pg8_1_img024,10,pg_im,209.0,369.0,244.0,406.0,624,624,pg8_1,24,35.0,37.0,1295.0
pg8_1_img024.xml,pg8_1_img024,11,pg_el,286.0,434.0,326.0,467.0,624,624,pg8_1,24,40.0,33.0,1320.0
pg8_1_img025.xml,pg8_1_img025,0,pg_im,250.0,159.0,292.0,191.0,624,624,pg8_1,25,42.0,32.0,1344.0
pg8_1_img025.xml,pg8_1_img025,1,pg_im,329.0,194.0,369.0,230.0,624,624,pg8_1,25,40.0,36.0,1440.0
pg8_1_img025.xml,pg8_1_img025,2,pg_im,195.0,185.0,240.0,219.0,624,624,pg8_1,25,45.0,34.0,1530.0
pg8_1_img025.xml,pg8_1_img025,3,pg_el,163.0,211.0,199.0,249.0,624,624,pg8_1,25,36.0,38.0,1368.0
pg8_1_img025.xml,pg8_1_img025,4,pg_im,288.0,300.0,325.0,339.0,624,624,pg8_1,25,37.0,39.0,1443.0
pg8_1_img025.xml,pg8_1_img025,5,pg_im,366.0,340.0,402.0,372.0,624,624,pg8_1,25,36.0,32.0,1152.0
pg8_1_img025.xml,pg8_1_img025,6,pg_im,413.0,352.0,450.0,382.0,624,624,pg8_1,25,37.0,30.0,1110.0
pg8_1_img025.xml,pg8_1_img025,7,pg_im,219.0,329.0,258.0,366.0,624,624,pg8_1,25,39.0,37.0,1443.0
pg8_1_img025.xml,pg8_1_img025,8,pg_el,144.0,366.0,182.0,411.0,624,624,pg8_1,25,38.0,45.0,1710.0
pg8_1_img025.xml,pg8_1_img025,9,pg_im,271.0,376.0,313.0,406.0,624,624,pg8_1,25,42.0,30.0,1260.0
pg8_1_img025.xml,pg8_1_img025,10,pg_im,209.0,369.0,244.0,406.0,624,624,pg8_1,25,35.0,37.0,1295.0
pg8_1_img025.xml,pg8_1_img025,11,pg_el,285.0,434.0,326.0,467.0,624,624,pg8_1,25,41.0,33.0,1353.0
pg8_1_img026.xml,pg8_1_img026,0,pg_im,250.0,159.0,292.0,191.0,624,624,pg8_1,26,42.0,32.0,1344.0
pg8_1_img026.xml,pg8_1_img026,1,pg_im,329.0,194.0,369.0,230.0,624,624,pg8_1,26,40.0,36.0,1440.0
pg8_1_img026.xml,pg8_1_img026,2,pg_im,195.0,185.0,240.0,219.0,624,624,pg8_1,26,45.0,34.0,1530.0
pg8_1_img026.xml,pg8_1_img026,3,pg_el,164.0,211.0,200.0,249.0,624,624,pg8_1,26,36.0,38.0,1368.0
pg8_1_img026.xml,pg8_1_img026,4,pg_im,288.0,300.0,325.0,339.0,624,624,pg8_1,26,37.0,39.0,1443.0
pg8_1_img026.xml,pg8_1_img026,5,pg_im,366.0,340.0,402.0,372.0,624,624,pg8_1,26,36.0,32.0,1152.0
pg8_1_img026.xml,pg8_1_img026,6,pg_im,413.0,352.0,450.0,382.0,624,624,pg8_1,26,37.0,30.0,1110.0
pg8_1_img026.xml,pg8_1_img026,7,pg_el,219.0,329.0,258.0,366.0,624,624,pg8_1,26,39.0,37.0,1443.0
pg8_1_img026.xml,pg8_1_img026,8,pg_el,144.0,365.0,182.0,411.0,624,624,pg8_1,26,38.0,46.0,1748.0
pg8_1_img026.xml,pg8_1_img026,9,pg_im,271.0,376.0,313.0,406.0,624,624,pg8_1,26,42.0,30.0,1260.0
pg8_1_img026.xml,pg8_1_img026,10,pg_im,209.0,369.0,244.0,406.0,624,624,pg8_1,26,35.0,37.0,1295.0
pg8_1_img026.xml,pg8_1_img026,11,pg_el,285.0,434.0,326.0,467.0,624,624,pg8_1,26,41.0,33.0,1353.0
pg8_1_img027.xml,pg8_1_img027,0,pg_im,250.0,159.0,292.0,191.0,624,624,pg8_1,27,42.0,32.0,1344.0
pg8_1_img027.xml,pg8_1_img027,1,pg_im,329.0,194.0,369.0,230.0,624,624,pg8_1,27,40.0,36.0,1440.0
pg8_1_img027.xml,pg8_1_img027,2,pg_im,195.0,185.0,240.0,219.0,624,624,pg8_1,27,45.0,34.0,1530.0
pg8_1_img027.xml,pg8_1_img027,3,pg_el,164.0,211.0,200.0,249.0,624,624,pg8_1,27,36.0,38.0,1368.0
pg8_1_img027.xml,pg8_1_img027,4,pg_im,288.0,300.0,325.0,339.0,624,624,pg8_1,27,37.0,39.0,1443.0
pg8_1_img027.xml,pg8_1_img027,5,pg_el,366.0,340.0,402.0,372.0,624,624,pg8_1,27,36.0,32.0,1152.0
pg8_1_img027.xml,pg8_1_img027,6,pg_im,413.0,352.0,450.0,382.0,624,624,pg8_1,27,37.0,30.0,1110.0
pg8_1_img027.xml,pg8_1_img027,7,pg_el,219.0,329.0,258.0,366.0,624,624,pg8_1,27,39.0,37.0,1443.0
pg8_1_img027.xml,pg8_1_img027,8,pg_el,144.0,365.0,182.0,411.0,624,624,pg8_1,27,38.0,46.0,1748.0
pg8_1_img027.xml,pg8_1_img027,9,pg_im,271.0,376.0,313.0,406.0,624,624,pg8_1,27,42.0,30.0,1260.0
pg8_1_img027.xml,pg8_1_img027,10,pg_el,209.0,369.0,244.0,406.0,624,624,pg8_1,27,35.0,37.0,1295.0
pg8_1_img027.xml,pg8_1_img027,11,pg_el,285.0,434.0,326.0,467.0,624,624,pg8_1,27,41.0,33.0,1353.0
pg8_1_img028.xml,pg8_1_img028,0,pg_im,250.0,159.0,292.0,191.0,624,624,pg8_1,28,42.0,32.0,1344.0
pg8_1_img028.xml,pg8_1_img028,1,pg_im,329.0,194.0,369.0,230.0,624,624,pg8_1,28,40.0,36.0,1440.0
pg8_1_img028.xml,pg8_1_img028,2,pg_im,195.0,185.0,240.0,219.0,624,624,pg8_1,28,45.0,34.0,1530.0
pg8_1_img028.xml,pg8_1_img028,3,pg_el,164.0,211.0,200.0,249.0,624,624,pg8_1,28,36.0,38.0,1368.0
pg8_1_img028.xml,pg8_1_img028,4,pg_im,288.0,300.0,325.0,339.0,624,624,pg8_1,28,37.0,39.0,1443.0
pg8_1_img028.xml,pg8_1_img028,5,pg_el,366.0,340.0,402.0,372.0,624,624,pg8_1,28,36.0,32.0,1152.0
pg8_1_img028.xml,pg8_1_img028,6,pg_im,413.0,352.0,450.0,382.0,624,624,pg8_1,28,37.0,30.0,1110.0
pg8_1_img028.xml,pg8_1_img028,7,pg_el,219.0,329.0,257.0,367.0,624,624,pg8_1,28,38.0,38.0,1444.0
pg8_1_img028.xml,pg8_1_img028,8,pg_el,144.0,365.0,182.0,411.0,624,624,pg8_1,28,38.0,46.0,1748.0
pg8_1_img028.xml,pg8_1_img028,9,pg_im,271.0,375.0,313.0,406.0,624,624,pg8_1,28,42.0,31.0,1302.0
pg8_1_img028.xml,pg8_1_img028,10,pg_el,209.0,369.0,244.0,406.0,624,624,pg8_1,28,35.0,37.0,1295.0
pg8_1_img028.xml,pg8_1_img028,11,pg_el,285.0,434.0,326.0,467.0,624,624,pg8_1,28,41.0,33.0,1353.0
pg8_1_img029.xml,pg8_1_img029,0,pg_el,250.0,159.0,292.0,191.0,624,624,pg8_1,29,42.0,32.0,1344.0
pg8_1_img029.xml,pg8_1_img029,1,pg_im,329.0,193.0,369.0,230.0,624,624,pg8_1,29,40.0,37.0,1480.0
pg8_1_img029.xml,pg8_1_img029,2,pg_im,195.0,185.0,240.0,219.0,624,624,pg8_1,29,45.0,34.0,1530.0
pg8_1_img029.xml,pg8_1_img029,3,pg_el,164.0,211.0,200.0,249.0,624,624,pg8_1,29,36.0,38.0,1368.0
pg8_1_img029.xml,pg8_1_img029,4,pg_im,288.0,300.0,325.0,339.0,624,624,pg8_1,29,37.0,39.0,1443.0
pg8_1_img029.xml,pg8_1_img029,5,pg_el,366.0,340.0,402.0,372.0,624,624,pg8_1,29,36.0,32.0,1152.0
pg8_1_img029.xml,pg8_1_img029,6,pg_im,413.0,352.0,450.0,382.0,624,624,pg8_1,29,37.0,30.0,1110.0
pg8_1_img029.xml,pg8_1_img029,7,pg_el,218.0,329.0,257.0,367.0,624,624,pg8_1,29,39.0,38.0,1482.0
pg8_1_img029.xml,pg8_1_img029,8,pg_el,145.0,365.0,183.0,411.0,624,624,pg8_1,29,38.0,46.0,1748.0
pg8_1_img029.xml,pg8_1_img029,9,pg_im,271.0,375.0,313.0,406.0,624,624,pg8_1,29,42.0,31.0,1302.0
pg8_1_img029.xml,pg8_1_img029,10,pg_el,209.0,369.0,244.0,406.0,624,624,pg8_1,29,35.0,37.0,1295.0
pg8_1_img029.xml,pg8_1_img029,11,pg_el,285.0,434.0,326.0,467.0,624,624,pg8_1,29,41.0,33.0,1353.0
pg8_1_img030.xml,pg8_1_img030,0,pg_el,250.0,159.0,292.0,191.0,624,624,pg8_1,30,42.0,32.0,1344.0
pg8_1_img030.xml,pg8_1_img030,1,pg_im,329.0,193.0,369.0,230.0,624,624,pg8_1,30,40.0,37.0,1480.0
pg8_1_img030.xml,pg8_1_img030,2,pg_im,195.0,185.0,240.0,219.0,624,624,pg8_1,30,45.0,34.0,1530.0
pg8_1_img030.xml,pg8_1_img030,3,pg_el,164.0,211.0,201.0,249.0,624,624,pg8_1,30,37.0,38.0,1406.0
pg8_1_img030.xml,pg8_1_img030,4,pg_im,288.0,300.0,325.0,339.0,624,624,pg8_1,30,37.0,39.0,1443.0
pg8_1_img030.xml,pg8_1_img030,5,pg_el,366.0,340.0,402.0,372.0,624,624,pg8_1,30,36.0,32.0,1152.0
pg8_1_img030.xml,pg8_1_img030,6,pg_im,412.0,352.0,450.0,382.0,624,624,pg8_1,30,38.0,30.0,1140.0
pg8_1_img030.xml,pg8_1_img030,7,pg_el,218.0,329.0,257.0,367.0,624,624,pg8_1,30,39.0,38.0,1482.0
pg8_1_img030.xml,pg8_1_img030,8,pg_el,145.0,365.0,183.0,412.0,624,624,pg8_1,30,38.0,47.0,1786.0
pg8_1_img030.xml,pg8_1_img030,9,pg_im,271.0,375.0,313.0,406.0,624,624,pg8_1,30,42.0,31.0,1302.0
pg8_1_img030.xml,pg8_1_img030,10,pg_el,209.0,370.0,244.0,406.0,624,624,pg8_1,30,35.0,36.0,1260.0
pg8_1_img030.xml,pg8_1_img030,11,pg_el,285.0,434.0,326.0,467.0,624,624,pg8_1,30,41.0,33.0,1353.0
pg8_1_img031.xml,pg8_1_img031,0,pg_el,250.0,159.0,292.0,191.0,624,624,pg8_1,31,42.0,32.0,1344.0
pg8_1_img031.xml,pg8_1_img031,1,pg_im,329.0,193.0,369.0,230.0,624,624,pg8_1,31,40.0,37.0,1480.0
pg8_1_img031.xml,pg8_1_img031,2,pg_im,195.0,185.0,240.0,219.0,624,624,pg8_1,31,45.0,34.0,1530.0
pg8_1_img031.xml,pg8_1_img031,3,pg_el,164.0,211.0,201.0,249.0,624,624,pg8_1,31,37.0,38.0,1406.0
pg8_1_img031.xml,pg8_1_img031,4,pg_im,289.0,299.0,326.0,339.0,624,624,pg8_1,31,37.0,40.0,1480.0
pg8_1_img031.xml,pg8_1_img031,5,pg_el,366.0,339.0,402.0,372.0,624,624,pg8_1,31,36.0,33.0,1188.0
pg8_1_img031.xml,pg8_1_img031,6,pg_im,412.0,352.0,450.0,382.0,624,624,pg8_1,31,38.0,30.0,1140.0
pg8_1_img031.xml,pg8_1_img031,7,pg_el,218.0,329.0,257.0,367.0,624,624,pg8_1,31,39.0,38.0,1482.0
pg8_1_img031.xml,pg8_1_img031,8,pg_el,146.0,365.0,184.0,412.0,624,624,pg8_1,31,38.0,47.0,1786.0
pg8_1_img031.xml,pg8_1_img031,9,pg_im,271.0,375.0,313.0,406.0,624,624,pg8_1,31,42.0,31.0,1302.0
pg8_1_img031.xml,pg8_1_img031,10,pg_el,209.0,370.0,244.0,406.0,624,624,pg8_1,31,35.0,36.0,1260.0
pg8_1_img031.xml,pg8_1_img031,11,pg_el,285.0,434.0,327.0,468.0,624,624,pg8_1,31,42.0,34.0,1428.0
pg8_1_img032.xml,pg8_1_img032,0,pg_el,250.0,159.0,292.0,191.0,624,624,pg8_1,32,42.0,32.0,1344.0
pg8_1_img032.xml,pg8_1_img032,1,pg_im,329.0,193.0,369.0,230.0,624,624,pg8_1,32,40.0,37.0,1480.0
pg8_1_img032.xml,pg8_1_img032,2,pg_im,195.0,185.0,240.0,219.0,624,624,pg8_1,32,45.0,34.0,1530.0
pg8_1_img032.xml,pg8_1_img032,3,pg_el,164.0,211.0,201.0,250.0,624,624,pg8_1,32,37.0,39.0,1443.0
pg8_1_img032.xml,pg8_1_img032,4,pg_im,289.0,299.0,326.0,339.0,624,624,pg8_1,32,37.0,40.0,1480.0
pg8_1_img032.xml,pg8_1_img032,5,pg_el,366.0,339.0,402.0,372.0,624,624,pg8_1,32,36.0,33.0,1188.0
pg8_1_img032.xml,pg8_1_img032,6,pg_im,412.0,352.0,450.0,382.0,624,624,pg8_1,32,38.0,30.0,1140.0
pg8_1_img032.xml,pg8_1_img032,7,pg_el,218.0,329.0,257.0,367.0,624,624,pg8_1,32,39.0,38.0,1482.0
pg8_1_img032.xml,pg8_1_img032,8,pg_el,147.0,365.0,184.0,412.0,624,624,pg8_1,32,37.0,47.0,1739.0
pg8_1_img032.xml,pg8_1_img032,9,pg_im,271.0,375.0,313.0,406.0,624,624,pg8_1,32,42.0,31.0,1302.0
pg8_1_img032.xml,pg8_1_img032,10,pg_el,209.0,370.0,244.0,406.0,624,624,pg8_1,32,35.0,36.0,1260.0
pg8_1_img032.xml,pg8_1_img032,11,pg_el,285.0,434.0,327.0,468.0,624,624,pg8_1,32,42.0,34.0,1428.0
pg8_1_img033.xml,pg8_1_img033,0,pg_el,250.0,159.0,292.0,191.0,624,624,pg8_1,33,42.0,32.0,1344.0
pg8_1_img033.xml,pg8_1_img033,1,pg_im,329.0,193.0,369.0,230.0,624,624,pg8_1,33,40.0,37.0,1480.0
pg8_1_img033.xml,pg8_1_img033,2,pg_im,195.0,185.0,240.0,219.0,624,624,pg8_1,33,45.0,34.0,1530.0
pg8_1_img033.xml,pg8_1_img033,3,pg_el,164.0,211.0,202.0,250.0,624,624,pg8_1,33,38.0,39.0,1482.0
pg8_1_img033.xml,pg8_1_img033,4,pg_im,289.0,299.0,326.0,340.0,624,624,pg8_1,33,37.0,41.0,1517.0
pg8_1_img033.xml,pg8_1_img033,5,pg_el,366.0,339.0,402.0,372.0,624,624,pg8_1,33,36.0,33.0,1188.0
pg8_1_img033.xml,pg8_1_img033,6,pg_im,412.0,352.0,450.0,382.0,624,624,pg8_1,33,38.0,30.0,1140.0
pg8_1_img033.xml,pg8_1_img033,7,pg_el,218.0,329.0,257.0,367.0,624,624,pg8_1,33,39.0,38.0,1482.0
pg8_1_img033.xml,pg8_1_img033,8,pg_el,147.0,365.0,185.0,412.0,624,624,pg8_1,33,38.0,47.0,1786.0
pg8_1_img033.xml,pg8_1_img033,9,pg_im,271.0,375.0,313.0,406.0,624,624,pg8_1,33,42.0,31.0,1302.0
pg8_1_img033.xml,pg8_1_img033,10,pg_el,209.0,370.0,244.0,406.0,624,624,pg8_1,33,35.0,36.0,1260.0
pg8_1_img033.xml,pg8_1_img033,11,pg_el,285.0,434.0,328.0,468.0,624,624,pg8_1,33,43.0,34.0,1462.0
pg8_1_img034.xml,pg8_1_img034,0,pg_el,250.0,158.0,292.0,191.0,624,624,pg8_1,34,42.0,33.0,1386.0
pg8_1_img034.xml,pg8_1_img034,1,pg_im,328.0,193.0,369.0,230.0,624,624,pg8_1,34,41.0,37.0,1517.0
pg8_1_img034.xml,pg8_1_img034,2,pg_im,195.0,185.0,240.0,219.0,624,624,pg8_1,34,45.0,34.0,1530.0
pg8_1_img034.xml,pg8_1_img034,3,pg_el,164.0,211.0,202.0,250.0,624,624,pg8_1,34,38.0,39.0,1482.0
pg8_1_img034.xml,pg8_1_img034,4,pg_im,289.0,299.0,326.0,340.0,624,624,pg8_1,34,37.0,41.0,1517.0
pg8_1_img034.xml,pg8_1_img034,5,pg_el,366.0,339.0,402.0,371.0,624,624,pg8_1,34,36.0,32.0,1152.0
pg8_1_img034.xml,pg8_1_img034,6,pg_im,412.0,352.0,450.0,382.0,624,624,pg8_1,34,38.0,30.0,1140.0
pg8_1_img034.xml,pg8_1_img034,7,pg_el,217.0,329.0,257.0,367.0,624,624,pg8_1,34,40.0,38.0,1520.0
pg8_1_img034.xml,pg8_1_img034,8,pg_el,148.0,365.0,185.0,412.0,624,624,pg8_1,34,37.0,47.0,1739.0
pg8_1_img034.xml,pg8_1_img034,9,pg_im,271.0,375.0,313.0,406.0,624,624,pg8_1,34,42.0,31.0,1302.0
pg8_1_img034.xml,pg8_1_img034,10,pg_el,209.0,370.0,244.0,406.0,624,624,pg8_1,34,35.0,36.0,1260.0
pg8_1_img034.xml,pg8_1_img034,11,pg_el,286.0,435.0,328.0,469.0,624,624,pg8_1,34,42.0,34.0,1428.0
pg8_1_img035.xml,pg8_1_img035,0,pg_el,250.0,158.0,292.0,191.0,624,624,pg8_1,35,42.0,33.0,1386.0
pg8_1_img035.xml,pg8_1_img035,1,pg_im,328.0,193.0,369.0,230.0,624,624,pg8_1,35,41.0,37.0,1517.0
pg8_1_img035.xml,pg8_1_img035,2,pg_el,194.0,185.0,240.0,219.0,624,624,pg8_1,35,46.0,34.0,1564.0
pg8_1_img035.xml,pg8_1_img035,3,pg_el,165.0,211.0,202.0,250.0,624,624,pg8_1,35,37.0,39.0,1443.0
pg8_1_img035.xml,pg8_1_img035,4,pg_im,289.0,299.0,326.0,340.0,624,624,pg8_1,35,37.0,41.0,1517.0
pg8_1_img035.xml,pg8_1_img035,5,pg_el,366.0,339.0,402.0,371.0,624,624,pg8_1,35,36.0,32.0,1152.0
pg8_1_img035.xml,pg8_1_img035,6,pg_im,412.0,352.0,450.0,382.0,624,624,pg8_1,35,38.0,30.0,1140.0
pg8_1_img035.xml,pg8_1_img035,7,pg_el,217.0,329.0,257.0,367.0,624,624,pg8_1,35,40.0,38.0,1520.0
pg8_1_img035.xml,pg8_1_img035,8,pg_el,148.0,365.0,186.0,413.0,624,624,pg8_1,35,38.0,48.0,1824.0
pg8_1_img035.xml,pg8_1_img035,9,pg_im,271.0,375.0,313.0,406.0,624,624,pg8_1,35,42.0,31.0,1302.0
pg8_1_img035.xml,pg8_1_img035,10,pg_el,209.0,370.0,244.0,406.0,624,624,pg8_1,35,35.0,36.0,1260.0
pg8_1_img035.xml,pg8_1_img035,11,pg_el,286.0,435.0,329.0,469.0,624,624,pg8_1,35,43.0,34.0,1462.0
pg8_1_img036.xml,pg8_1_img036,0,pg_el,251.0,159.0,293.0,191.0,624,624,pg8_1,36,42.0,32.0,1344.0
pg8_1_img036.xml,pg8_1_img036,1,pg_im,328.0,193.0,369.0,230.0,624,624,pg8_1,36,41.0,37.0,1517.0
pg8_1_img036.xml,pg8_1_img036,2,pg_el,194.0,185.0,240.0,219.0,624,624,pg8_1,36,46.0,34.0,1564.0
pg8_1_img036.xml,pg8_1_img036,3,pg_el,165.0,211.0,202.0,250.0,624,624,pg8_1,36,37.0,39.0,1443.0
pg8_1_img036.xml,pg8_1_img036,4,pg_im,290.0,299.0,326.0,340.0,624,624,pg8_1,36,36.0,41.0,1476.0
pg8_1_img036.xml,pg8_1_img036,5,pg_el,366.0,339.0,402.0,371.0,624,624,pg8_1,36,36.0,32.0,1152.0
pg8_1_img036.xml,pg8_1_img036,6,pg_im,412.0,352.0,450.0,382.0,624,624,pg8_1,36,38.0,30.0,1140.0
pg8_1_img036.xml,pg8_1_img036,7,pg_el,217.0,329.0,257.0,367.0,624,624,pg8_1,36,40.0,38.0,1520.0
pg8_1_img036.xml,pg8_1_img036,8,pg_el,148.0,365.0,186.0,413.0,624,624,pg8_1,36,38.0,48.0,1824.0
pg8_1_img036.xml,pg8_1_img036,9,pg_el,271.0,374.0,312.0,406.0,624,624,pg8_1,36,41.0,32.0,1312.0
pg8_1_img036.xml,pg8_1_img036,10,pg_el,209.0,370.0,244.0,406.0,624,624,pg8_1,36,35.0,36.0,1260.0
pg8_1_img036.xml,pg8_1_img036,11,pg_el,286.0,435.0,330.0,469.0,624,624,pg8_1,36,44.0,34.0,1496.0
pg8_1_img037.xml,pg8_1_img037,0,pg_el,251.0,160.0,293.0,192.0,624,624,pg8_1,37,42.0,32.0,1344.0
pg8_1_img037.xml,pg8_1_img037,1,pg_el,328.0,193.0,369.0,230.0,624,624,pg8_1,37,41.0,37.0,1517.0
pg8_1_img037.xml,pg8_1_img037,2,pg_el,194.0,185.0,240.0,219.0,624,624,pg8_1,37,46.0,34.0,1564.0
pg8_1_img037.xml,pg8_1_img037,3,pg_el,165.0,211.0,203.0,250.0,624,624,pg8_1,37,38.0,39.0,1482.0
pg8_1_img037.xml,pg8_1_img037,4,pg_im,290.0,299.0,327.0,340.0,624,624,pg8_1,37,37.0,41.0,1517.0
pg8_1_img037.xml,pg8_1_img037,5,pg_el,366.0,339.0,402.0,371.0,624,624,pg8_1,37,36.0,32.0,1152.0
pg8_1_img037.xml,pg8_1_img037,6,pg_im,412.0,352.0,450.0,382.0,624,624,pg8_1,37,38.0,30.0,1140.0
pg8_1_img037.xml,pg8_1_img037,7,pg_el,217.0,329.0,256.0,367.0,624,624,pg8_1,37,39.0,38.0,1482.0
pg8_1_img037.xml,pg8_1_img037,8,pg_el,148.0,366.0,185.0,414.0,624,624,pg8_1,37,37.0,48.0,1776.0
pg8_1_img037.xml,pg8_1_img037,9,pg_el,271.0,374.0,312.0,406.0,624,624,pg8_1,37,41.0,32.0,1312.0
pg8_1_img037.xml,pg8_1_img037,10,pg_el,209.0,370.0,244.0,406.0,624,624,pg8_1,37,35.0,36.0,1260.0
pg8_1_img037.xml,pg8_1_img037,11,pg_el,286.0,435.0,330.0,470.0,624,624,pg8_1,37,44.0,35.0,1540.0
pg8_1_img038.xml,pg8_1_img038,0,pg_el,251.0,160.0,293.0,192.0,624,624,pg8_1,38,42.0,32.0,1344.0
pg8_1_img038.xml,pg8_1_img038,1,pg_el,328.0,193.0,369.0,230.0,624,624,pg8_1,38,41.0,37.0,1517.0
pg8_1_img038.xml,pg8_1_img038,2,pg_el,194.0,185.0,240.0,219.0,624,624,pg8_1,38,46.0,34.0,1564.0
pg8_1_img038.xml,pg8_1_img038,3,pg_el,165.0,211.0,203.0,250.0,624,624,pg8_1,38,38.0,39.0,1482.0
pg8_1_img038.xml,pg8_1_img038,4,pg_im,291.0,299.0,328.0,340.0,624,624,pg8_1,38,37.0,41.0,1517.0
pg8_1_img038.xml,pg8_1_img038,5,pg_el,366.0,339.0,402.0,371.0,624,624,pg8_1,38,36.0,32.0,1152.0
pg8_1_img038.xml,pg8_1_img038,6,pg_el,412.0,352.0,450.0,382.0,624,624,pg8_1,38,38.0,30.0,1140.0
pg8_1_img038.xml,pg8_1_img038,7,pg_el,216.0,329.0,256.0,367.0,624,624,pg8_1,38,40.0,38.0,1520.0
pg8_1_img038.xml,pg8_1_img038,8,pg_el,147.0,366.0,185.0,414.0,624,624,pg8_1,38,38.0,48.0,1824.0
pg8_1_img038.xml,pg8_1_img038,9,pg_el,271.0,374.0,312.0,406.0,624,624,pg8_1,38,41.0,32.0,1312.0
pg8_1_img038.xml,pg8_1_img038,10,pg_el,209.0,370.0,244.0,407.0,624,624,pg8_1,38,35.0,37.0,1295.0
pg8_1_img038.xml,pg8_1_img038,11,pg_el,286.0,435.0,331.0,471.0,624,624,pg8_1,38,45.0,36.0,1620.0
pg8_1_img039.xml,pg8_1_img039,0,pg_el,252.0,161.0,294.0,193.0,624,624,pg8_1,39,42.0,32.0,1344.0
pg8_1_img039.xml,pg8_1_img039,1,pg_el,328.0,193.0,369.0,230.0,624,624,pg8_1,39,41.0,37.0,1517.0
pg8_1_img039.xml,pg8_1_img039,2,pg_el,194.0,185.0,240.0,219.0,624,624,pg8_1,39,46.0,34.0,1564.0
pg8_1_img039.xml,pg8_1_img039,3,pg_el,165.0,211.0,203.0,250.0,624,624,pg8_1,39,38.0,39.0,1482.0
pg8_1_img039.xml,pg8_1_img039,4,pg_el,292.0,299.0,328.0,340.0,624,624,pg8_1,39,36.0,41.0,1476.0
pg8_1_img039.xml,pg8_1_img039,5,pg_el,366.0,339.0,402.0,371.0,624,624,pg8_1,39,36.0,32.0,1152.0
pg8_1_img039.xml,pg8_1_img039,6,pg_el,412.0,352.0,450.0,382.0,624,624,pg8_1,39,38.0,30.0,1140.0
pg8_1_img039.xml,pg8_1_img039,7,pg_el,216.0,329.0,256.0,367.0,624,624,pg8_1,39,40.0,38.0,1520.0
pg8_1_img039.xml,pg8_1_img039,8,pg_el,147.0,366.0,185.0,415.0,624,624,pg8_1,39,38.0,49.0,1862.0
pg8_1_img039.xml,pg8_1_img039,9,pg_el,271.0,374.0,312.0,406.0,624,624,pg8_1,39,41.0,32.0,1312.0
pg8_1_img039.xml,pg8_1_img039,10,pg_el,209.0,370.0,244.0,407.0,624,624,pg8_1,39,35.0,37.0,1295.0
pg8_1_img039.xml,pg8_1_img039,11,pg_el,286.0,435.0,332.0,472.0,624,624,pg8_1,39,46.0,37.0,1702.0
pg8_1_img040.xml,pg8_1_img040,0,pg_el,252.0,161.0,294.0,193.0,624,624,pg8_1,40,42.0,32.0,1344.0
pg8_1_img040.xml,pg8_1_img040,1,pg_el,328.0,193.0,369.0,230.0,624,624,pg8_1,40,41.0,37.0,1517.0
pg8_1_img040.xml,pg8_1_img040,2,pg_el,194.0,185.0,240.0,219.0,624,624,pg8_1,40,46.0,34.0,1564.0
pg8_1_img040.xml,pg8_1_img040,3,pg_el,163.0,211.0,201.0,250.0,624,624,pg8_1,40,38.0,39.0,1482.0
pg8_1_img040.xml,pg8_1_img040,4,pg_el,293.0,299.0,329.0,341.0,624,624,pg8_1,40,36.0,42.0,1512.0
pg8_1_img040.xml,pg8_1_img040,5,pg_el,366.0,339.0,402.0,371.0,624,624,pg8_1,40,36.0,32.0,1152.0
pg8_1_img040.xml,pg8_1_img040,6,pg_im,412.0,352.0,450.0,382.0,624,624,pg8_1,40,38.0,30.0,1140.0
pg8_1_img040.xml,pg8_1_img040,7,pg_el,216.0,329.0,256.0,367.0,624,624,pg8_1,40,40.0,38.0,1520.0
pg8_1_img040.xml,pg8_1_img040,8,pg_el,147.0,366.0,184.0,415.0,624,624,pg8_1,40,37.0,49.0,1813.0
pg8_1_img040.xml,pg8_1_img040,9,pg_el,271.0,374.0,312.0,406.0,624,624,pg8_1,40,41.0,32.0,1312.0
pg8_1_img040.xml,pg8_1_img040,10,pg_el,209.0,370.0,244.0,407.0,624,624,pg8_1,40,35.0,37.0,1295.0
pg8_1_img040.xml,pg8_1_img040,11,pg_el,286.0,435.0,333.0,473.0,624,624,pg8_1,40,47.0,38.0,1786.0
pg8_1_img041.xml,pg8_1_img041,0,pg_el,253.0,162.0,295.0,194.0,624,624,pg8_1,41,42.0,32.0,1344.0
pg8_1_img041.xml,pg8_1_img041,1,pg_el,328.0,192.0,369.0,230.0,624,624,pg8_1,41,41.0,38.0,1558.0
pg8_1_img041.xml,pg8_1_img041,2,pg_el,194.0,185.0,240.0,219.0,624,624,pg8_1,41,46.0,34.0,1564.0
pg8_1_img041.xml,pg8_1_img041,3,pg_el,161.0,210.0,200.0,249.0,624,624,pg8_1,41,39.0,39.0,1521.0
pg8_1_img041.xml,pg8_1_img041,4,pg_el,293.0,299.0,330.0,341.0,624,624,pg8_1,41,37.0,42.0,1554.0
pg8_1_img041.xml,pg8_1_img041,5,pg_el,366.0,339.0,402.0,371.0,624,624,pg8_1,41,36.0,32.0,1152.0
pg8_1_img041.xml,pg8_1_img041,6,pg_im,412.0,352.0,450.0,382.0,624,624,pg8_1,41,38.0,30.0,1140.0
pg8_1_img041.xml,pg8_1_img041,7,pg_el,216.0,329.0,256.0,367.0,624,624,pg8_1,41,40.0,38.0,1520.0
pg8_1_img041.xml,pg8_1_img041,8,pg_el,147.0,366.0,184.0,416.0,624,624,pg8_1,41,37.0,50.0,1850.0
pg8_1_img041.xml,pg8_1_img041,9,pg_el,271.0,374.0,312.0,406.0,624,624,pg8_1,41,41.0,32.0,1312.0
pg8_1_img041.xml,pg8_1_img041,10,pg_el,209.0,370.0,244.0,407.0,624,624,pg8_1,41,35.0,37.0,1295.0
pg8_1_img041.xml,pg8_1_img041,11,pg_el,286.0,433.0,333.0,475.0,624,624,pg8_1,41,47.0,42.0,1974.0
pg8_1_img042.xml,pg8_1_img042,0,pg_el,253.0,162.0,295.0,194.0,624,624,pg8_1,42,42.0,32.0,1344.0
pg8_1_img042.xml,pg8_1_img042,1,pg_el,328.0,192.0,369.0,230.0,624,624,pg8_1,42,41.0,38.0,1558.0
pg8_1_img042.xml,pg8_1_img042,2,pg_el,194.0,185.0,240.0,219.0,624,624,pg8_1,42,46.0,34.0,1564.0
pg8_1_img042.xml,pg8_1_img042,3,pg_el,160.0,210.0,198.0,249.0,624,624,pg8_1,42,38.0,39.0,1482.0
pg8_1_img042.xml,pg8_1_img042,4,pg_el,294.0,299.0,330.0,341.0,624,624,pg8_1,42,36.0,42.0,1512.0
pg8_1_img042.xml,pg8_1_img042,5,pg_el,366.0,339.0,402.0,371.0,624,624,pg8_1,42,36.0,32.0,1152.0
pg8_1_img042.xml,pg8_1_img042,6,pg_el,412.0,352.0,450.0,382.0,624,624,pg8_1,42,38.0,30.0,1140.0
pg8_1_img042.xml,pg8_1_img042,7,pg_el,216.0,329.0,256.0,368.0,624,624,pg8_1,42,40.0,39.0,1560.0
pg8_1_img042.xml,pg8_1_img042,8,pg_el,146.0,367.0,184.0,417.0,624,624,pg8_1,42,38.0,50.0,1900.0
pg8_1_img042.xml,pg8_1_img042,9,pg_el,271.0,374.0,312.0,406.0,624,624,pg8_1,42,41.0,32.0,1312.0
pg8_1_img042.xml,pg8_1_img042,10,pg_el,209.0,370.0,244.0,407.0,624,624,pg8_1,42,35.0,37.0,1295.0
pg8_1_img042.xml,pg8_1_img042,11,pg_el,286.0,432.0,333.0,477.0,624,624,pg8_1,42,47.0,45.0,2115.0
pg8_1_img043.xml,pg8_1_img043,0,pg_el,253.0,162.0,296.0,195.0,624,624,pg8_1,43,43.0,33.0,1419.0
pg8_1_img043.xml,pg8_1_img043,1,pg_el,328.0,192.0,369.0,230.0,624,624,pg8_1,43,41.0,38.0,1558.0
pg8_1_img043.xml,pg8_1_img043,2,pg_el,193.0,185.0,240.0,219.0,624,624,pg8_1,43,47.0,34.0,1598.0
pg8_1_img043.xml,pg8_1_img043,3,pg_el,156.0,211.0,199.0,251.0,624,624,pg8_1,43,43.0,40.0,1720.0
pg8_1_img043.xml,pg8_1_img043,4,pg_el,294.0,299.0,330.0,341.0,624,624,pg8_1,43,36.0,42.0,1512.0
pg8_1_img043.xml,pg8_1_img043,5,pg_el,366.0,339.0,402.0,371.0,624,624,pg8_1,43,36.0,32.0,1152.0
pg8_1_img043.xml,pg8_1_img043,6,pg_el,412.0,352.0,450.0,382.0,624,624,pg8_1,43,38.0,30.0,1140.0
pg8_1_img043.xml,pg8_1_img043,7,pg_el,215.0,329.0,256.0,368.0,624,624,pg8_1,43,41.0,39.0,1599.0
pg8_1_img043.xml,pg8_1_img043,8,pg_el,146.0,367.0,184.0,417.0,624,624,pg8_1,43,38.0,50.0,1900.0
pg8_1_img043.xml,pg8_1_img043,9,pg_el,271.0,374.0,312.0,406.0,624,624,pg8_1,43,41.0,32.0,1312.0
pg8_1_img043.xml,pg8_1_img043,10,pg_el,208.0,370.0,244.0,407.0,624,624,pg8_1,43,36.0,37.0,1332.0
pg8_1_img043.xml,pg8_1_img043,11,pg_el,286.0,430.0,332.0,479.0,624,624,pg8_1,43,46.0,49.0,2254.0
pg8_1_img044.xml,pg8_1_img044,0,pg_el,253.0,162.0,296.0,195.0,624,624,pg8_1,44,43.0,33.0,1419.0
pg8_1_img044.xml,pg8_1_img044,1,pg_el,328.0,192.0,369.0,230.0,624,624,pg8_1,44,41.0,38.0,1558.0
pg8_1_img044.xml,pg8_1_img044,2,pg_el,193.0,185.0,240.0,219.0,624,624,pg8_1,44,47.0,34.0,1598.0
pg8_1_img044.xml,pg8_1_img044,3,pg_el,152.0,211.0,200.0,253.0,624,624,pg8_1,44,48.0,42.0,2016.0
pg8_1_img044.xml,pg8_1_img044,4,pg_el,294.0,298.0,330.0,341.0,624,624,pg8_1,44,36.0,43.0,1548.0
pg8_1_img044.xml,pg8_1_img044,5,pg_el,366.0,338.0,403.0,371.0,624,624,pg8_1,44,37.0,33.0,1221.0
pg8_1_img044.xml,pg8_1_img044,6,pg_el,412.0,352.0,450.0,382.0,624,624,pg8_1,44,38.0,30.0,1140.0
pg8_1_img044.xml,pg8_1_img044,7,pg_el,215.0,329.0,256.0,368.0,624,624,pg8_1,44,41.0,39.0,1599.0
pg8_1_img044.xml,pg8_1_img044,8,pg_el,146.0,367.0,183.0,417.0,624,624,pg8_1,44,37.0,50.0,1850.0
pg8_1_img044.xml,pg8_1_img044,9,pg_el,271.0,374.0,312.0,406.0,624,624,pg8_1,44,41.0,32.0,1312.0
pg8_1_img044.xml,pg8_1_img044,10,pg_el,208.0,370.0,244.0,408.0,624,624,pg8_1,44,36.0,38.0,1368.0
pg8_1_img044.xml,pg8_1_img044,11,pg_el,287.0,430.0,334.0,480.0,624,624,pg8_1,44,47.0,50.0,2350.0
pg8_1_img045.xml,pg8_1_img045,0,pg_el,253.0,162.0,297.0,195.0,624,624,pg8_1,45,44.0,33.0,1452.0
pg8_1_img045.xml,pg8_1_img045,1,pg_el,328.0,192.0,369.0,230.0,624,624,pg8_1,45,41.0,38.0,1558.0
pg8_1_img045.xml,pg8_1_img045,2,pg_el,193.0,185.0,240.0,219.0,624,624,pg8_1,45,47.0,34.0,1598.0
pg8_1_img045.xml,pg8_1_img045,3,pg_el,147.0,212.0,201.0,254.0,624,624,pg8_1,45,54.0,42.0,2268.0
pg8_1_img045.xml,pg8_1_img045,4,pg_el,294.0,298.0,330.0,342.0,624,624,pg8_1,45,36.0,44.0,1584.0
pg8_1_img045.xml,pg8_1_img045,5,pg_el,366.0,337.0,403.0,371.0,624,624,pg8_1,45,37.0,34.0,1258.0
pg8_1_img045.xml,pg8_1_img045,6,pg_el,412.0,352.0,450.0,382.0,624,624,pg8_1,45,38.0,30.0,1140.0
pg8_1_img045.xml,pg8_1_img045,7,pg_el,215.0,330.0,256.0,368.0,624,624,pg8_1,45,41.0,38.0,1558.0
pg8_1_img045.xml,pg8_1_img045,8,pg_el,145.0,366.0,183.0,417.0,624,624,pg8_1,45,38.0,51.0,1938.0
pg8_1_img045.xml,pg8_1_img045,9,pg_el,271.0,373.0,312.0,406.0,624,624,pg8_1,45,41.0,33.0,1353.0
pg8_1_img045.xml,pg8_1_img045,10,pg_el,208.0,370.0,244.0,408.0,624,624,pg8_1,45,36.0,38.0,1368.0
pg8_1_img045.xml,pg8_1_img045,11,pg_el,288.0,431.0,335.0,482.0,624,624,pg8_1,45,47.0,51.0,2397.0
pg8_1_img046.xml,pg8_1_img046,0,pg_el,253.0,162.0,297.0,195.0,624,624,pg8_1,46,44.0,33.0,1452.0
pg8_1_img046.xml,pg8_1_img046,1,pg_el,328.0,192.0,369.0,230.0,624,624,pg8_1,46,41.0,38.0,1558.0
pg8_1_img046.xml,pg8_1_img046,2,pg_el,193.0,185.0,240.0,219.0,624,624,pg8_1,46,47.0,34.0,1598.0
pg8_1_img046.xml,pg8_1_img046,3,pg_el,146.0,212.0,203.0,255.0,624,624,pg8_1,46,57.0,43.0,2451.0
pg8_1_img046.xml,pg8_1_img046,4,pg_el,294.0,298.0,330.0,342.0,624,624,pg8_1,46,36.0,44.0,1584.0
pg8_1_img046.xml,pg8_1_img046,5,pg_el,366.0,337.0,403.0,371.0,624,624,pg8_1,46,37.0,34.0,1258.0
pg8_1_img046.xml,pg8_1_img046,6,pg_el,411.0,352.0,450.0,382.0,624,624,pg8_1,46,39.0,30.0,1170.0
pg8_1_img046.xml,pg8_1_img046,7,pg_el,215.0,331.0,256.0,369.0,624,624,pg8_1,46,41.0,38.0,1558.0
pg8_1_img046.xml,pg8_1_img046,8,pg_el,145.0,366.0,183.0,416.0,624,624,pg8_1,46,38.0,50.0,1900.0
pg8_1_img046.xml,pg8_1_img046,9,pg_el,271.0,373.0,312.0,406.0,624,624,pg8_1,46,41.0,33.0,1353.0
pg8_1_img046.xml,pg8_1_img046,10,pg_el,208.0,370.0,244.0,408.0,624,624,pg8_1,46,36.0,38.0,1368.0
pg8_1_img046.xml,pg8_1_img046,11,pg_el,290.0,431.0,336.0,483.0,624,624,pg8_1,46,46.0,52.0,2392.0
pg8_1_img047.xml,pg8_1_img047,0,pg_el,253.0,162.0,298.0,195.0,624,624,pg8_1,47,45.0,33.0,1485.0
pg8_1_img047.xml,pg8_1_img047,1,pg_el,328.0,192.0,369.0,230.0,624,624,pg8_1,47,41.0,38.0,1558.0
pg8_1_img047.xml,pg8_1_img047,2,pg_el,192.0,185.0,240.0,219.0,624,624,pg8_1,47,48.0,34.0,1632.0
pg8_1_img047.xml,pg8_1_img047,3,pg_el,145.0,213.0,204.0,255.0,624,624,pg8_1,47,59.0,42.0,2478.0
pg8_1_img047.xml,pg8_1_img047,4,pg_el,294.0,297.0,330.0,342.0,624,624,pg8_1,47,36.0,45.0,1620.0
pg8_1_img047.xml,pg8_1_img047,5,pg_el,365.0,336.0,403.0,371.0,624,624,pg8_1,47,38.0,35.0,1330.0
pg8_1_img047.xml,pg8_1_img047,6,pg_el,411.0,352.0,450.0,382.0,624,624,pg8_1,47,39.0,30.0,1170.0
pg8_1_img047.xml,pg8_1_img047,7,pg_el,211.0,336.0,257.0,374.0,624,624,pg8_1,47,46.0,38.0,1748.0
pg8_1_img047.xml,pg8_1_img047,8,pg_el,145.0,366.0,183.0,417.0,624,624,pg8_1,47,38.0,51.0,1938.0
pg8_1_img047.xml,pg8_1_img047,9,pg_el,271.0,373.0,312.0,406.0,624,624,pg8_1,47,41.0,33.0,1353.0
pg8_1_img047.xml,pg8_1_img047,10,pg_el,208.0,370.0,245.0,408.0,624,624,pg8_1,47,37.0,38.0,1406.0
pg8_1_img047.xml,pg8_1_img047,11,pg_el,290.0,429.0,336.0,483.0,624,624,pg8_1,47,46.0,54.0,2484.0
pg8_1_img048.xml,pg8_1_img048,0,pg_el,253.0,162.0,298.0,196.0,624,624,pg8_1,48,45.0,34.0,1530.0
pg8_1_img048.xml,pg8_1_img048,1,pg_el,327.0,192.0,369.0,230.0,624,624,pg8_1,48,42.0,38.0,1596.0
pg8_1_img048.xml,pg8_1_img048,2,pg_el,191.0,186.0,241.0,220.0,624,624,pg8_1,48,50.0,34.0,1700.0
pg8_1_img048.xml,pg8_1_img048,3,pg_el,144.0,213.0,206.0,256.0,624,624,pg8_1,48,62.0,43.0,2666.0
pg8_1_img048.xml,pg8_1_img048,4,pg_el,294.0,297.0,330.0,342.0,624,624,pg8_1,48,36.0,45.0,1620.0
pg8_1_img048.xml,pg8_1_img048,5,pg_el,365.0,335.0,404.0,371.0,624,624,pg8_1,48,39.0,36.0,1404.0
pg8_1_img048.xml,pg8_1_img048,6,pg_el,411.0,352.0,450.0,382.0,624,624,pg8_1,48,39.0,30.0,1170.0
pg8_1_img048.xml,pg8_1_img048,7,pg_el,208.0,336.0,260.0,375.0,624,624,pg8_1,48,52.0,39.0,2028.0
pg8_1_img048.xml,pg8_1_img048,8,pg_el,144.0,365.0,182.0,418.0,624,624,pg8_1,48,38.0,53.0,2014.0
pg8_1_img048.xml,pg8_1_img048,9,pg_el,271.0,373.0,312.0,406.0,624,624,pg8_1,48,41.0,33.0,1353.0
pg8_1_img048.xml,pg8_1_img048,10,pg_el,208.0,370.0,245.0,408.0,624,624,pg8_1,48,37.0,38.0,1406.0
pg8_1_img048.xml,pg8_1_img048,11,pg_el,290.0,427.0,337.0,483.0,624,624,pg8_1,48,47.0,56.0,2632.0
pg8_1_img049.xml,pg8_1_img049,0,pg_el,253.0,162.0,299.0,196.0,624,624,pg8_1,49,46.0,34.0,1564.0
pg8_1_img049.xml,pg8_1_img049,1,pg_el,327.0,192.0,369.0,230.0,624,624,pg8_1,49,42.0,38.0,1596.0
pg8_1_img049.xml,pg8_1_img049,2,pg_el,190.0,186.0,241.0,220.0,624,624,pg8_1,49,51.0,34.0,1734.0
pg8_1_img049.xml,pg8_1_img049,3,pg_el,143.0,214.0,208.0,256.0,624,624,pg8_1,49,65.0,42.0,2730.0
pg8_1_img049.xml,pg8_1_img049,4,pg_el,294.0,296.0,330.0,342.0,624,624,pg8_1,49,36.0,46.0,1656.0
pg8_1_img049.xml,pg8_1_img049,5,pg_el,365.0,335.0,404.0,371.0,624,624,pg8_1,49,39.0,36.0,1404.0
pg8_1_img049.xml,pg8_1_img049,6,pg_el,411.0,352.0,450.0,382.0,624,624,pg8_1,49,39.0,30.0,1170.0
pg8_1_img049.xml,pg8_1_img049,7,pg_el,208.0,336.0,262.0,375.0,624,624,pg8_1,49,54.0,39.0,2106.0
pg8_1_img049.xml,pg8_1_img049,8,pg_el,143.0,365.0,182.0,418.0,624,624,pg8_1,49,39.0,53.0,2067.0
pg8_1_img049.xml,pg8_1_img049,9,pg_el,271.0,373.0,312.0,406.0,624,624,pg8_1,49,41.0,33.0,1353.0
pg8_1_img049.xml,pg8_1_img049,10,pg_el,208.0,370.0,245.0,408.0,624,624,pg8_1,49,37.0,38.0,1406.0
pg8_1_img049.xml,pg8_1_img049,11,pg_el,290.0,424.0,337.0,483.0,624,624,pg8_1,49,47.0,59.0,2773.0
pg8_1_img050.xml,pg8_1_img050,0,pg_el,253.0,161.0,299.0,195.0,624,624,pg8_1,50,46.0,34.0,1564.0
pg8_1_img050.xml,pg8_1_img050,1,pg_el,327.0,192.0,369.0,230.0,624,624,pg8_1,50,42.0,38.0,1596.0
pg8_1_img050.xml,pg8_1_img050,2,pg_el,189.0,186.0,242.0,221.0,624,624,pg8_1,50,53.0,35.0,1855.0
pg8_1_img050.xml,pg8_1_img050,3,pg_el,143.0,214.0,209.0,256.0,624,624,pg8_1,50,66.0,42.0,2772.0
pg8_1_img050.xml,pg8_1_img050,4,pg_el,293.0,296.0,330.0,343.0,624,624,pg8_1,50,37.0,47.0,1739.0
pg8_1_img050.xml,pg8_1_img050,5,pg_el,365.0,335.0,404.0,371.0,624,624,pg8_1,50,39.0,36.0,1404.0
pg8_1_img050.xml,pg8_1_img050,6,pg_el,411.0,352.0,450.0,382.0,624,624,pg8_1,50,39.0,30.0,1170.0
pg8_1_img050.xml,pg8_1_img050,7,pg_el,207.0,336.0,264.0,375.0,624,624,pg8_1,50,57.0,39.0,2223.0
pg8_1_img050.xml,pg8_1_img050,8,pg_el,143.0,365.0,182.0,419.0,624,624,pg8_1,50,39.0,54.0,2106.0
pg8_1_img050.xml,pg8_1_img050,9,pg_el,271.0,373.0,312.0,406.0,624,624,pg8_1,50,41.0,33.0,1353.0
pg8_1_img050.xml,pg8_1_img050,10,pg_el,208.0,370.0,246.0,408.0,624,624,pg8_1,50,38.0,38.0,1444.0
pg8_1_img050.xml,pg8_1_img050,11,pg_el,290.0,422.0,337.0,483.0,624,624,pg8_1,50,47.0,61.0,2867.0
pg8_1_img051.xml,pg8_1_img051,0,pg_el,253.0,160.0,299.0,194.0,624,624,pg8_1,51,46.0,34.0,1564.0
pg8_1_img051.xml,pg8_1_img051,1,pg_el,327.0,192.0,369.0,230.0,624,624,pg8_1,51,42.0,38.0,1596.0
pg8_1_img051.xml,pg8_1_img051,2,pg_el,188.0,187.0,242.0,221.0,624,624,pg8_1,51,54.0,34.0,1836.0
pg8_1_img051.xml,pg8_1_img051,3,pg_el,143.0,214.0,209.0,255.0,624,624,pg8_1,51,66.0,41.0,2706.0
pg8_1_img051.xml,pg8_1_img051,4,pg_el,293.0,296.0,330.0,343.0,624,624,pg8_1,51,37.0,47.0,1739.0
pg8_1_img051.xml,pg8_1_img051,5,pg_el,365.0,335.0,404.0,371.0,624,624,pg8_1,51,39.0,36.0,1404.0
pg8_1_img051.xml,pg8_1_img051,6,pg_el,411.0,352.0,450.0,382.0,624,624,pg8_1,51,39.0,30.0,1170.0
pg8_1_img051.xml,pg8_1_img051,7,pg_el,207.0,336.0,266.0,374.0,624,624,pg8_1,51,59.0,38.0,2242.0
pg8_1_img051.xml,pg8_1_img051,8,pg_el,142.0,364.0,182.0,421.0,624,624,pg8_1,51,40.0,57.0,2280.0
pg8_1_img051.xml,pg8_1_img051,9,pg_el,271.0,373.0,312.0,406.0,624,624,pg8_1,51,41.0,33.0,1353.0
pg8_1_img051.xml,pg8_1_img051,10,pg_el,208.0,370.0,246.0,408.0,624,624,pg8_1,51,38.0,38.0,1444.0
pg8_1_img051.xml,pg8_1_img051,11,pg_el,290.0,419.0,337.0,483.0,624,624,pg8_1,51,47.0,64.0,3008.0
pg8_1_img052.xml,pg8_1_img052,0,pg_el,253.0,159.0,299.0,193.0,624,624,pg8_1,52,46.0,34.0,1564.0
pg8_1_img052.xml,pg8_1_img052,1,pg_el,327.0,192.0,369.0,230.0,624,624,pg8_1,52,42.0,38.0,1596.0
pg8_1_img052.xml,pg8_1_img052,2,pg_el,186.0,186.0,242.0,221.0,624,624,pg8_1,52,56.0,35.0,1960.0
pg8_1_img052.xml,pg8_1_img052,3,pg_el,142.0,214.0,210.0,255.0,624,624,pg8_1,52,68.0,41.0,2788.0
pg8_1_img052.xml,pg8_1_img052,4,pg_el,293.0,295.0,330.0,343.0,624,624,pg8_1,52,37.0,48.0,1776.0
pg8_1_img052.xml,pg8_1_img052,5,pg_el,365.0,335.0,404.0,371.0,624,624,pg8_1,52,39.0,36.0,1404.0
pg8_1_img052.xml,pg8_1_img052,6,pg_el,411.0,352.0,450.0,382.0,624,624,pg8_1,52,39.0,30.0,1170.0
pg8_1_img052.xml,pg8_1_img052,7,pg_el,206.0,336.0,268.0,374.0,624,624,pg8_1,52,62.0,38.0,2356.0
pg8_1_img052.xml,pg8_1_img052,8,pg_el,142.0,364.0,182.0,423.0,624,624,pg8_1,52,40.0,59.0,2360.0
pg8_1_img052.xml,pg8_1_img052,9,pg_el,271.0,373.0,312.0,406.0,624,624,pg8_1,52,41.0,33.0,1353.0
pg8_1_img052.xml,pg8_1_img052,10,pg_el,208.0,370.0,246.0,408.0,624,624,pg8_1,52,38.0,38.0,1444.0
pg8_1_img052.xml,pg8_1_img052,11,pg_el,290.0,417.0,337.0,483.0,624,624,pg8_1,52,47.0,66.0,3102.0
pg8_1_img053.xml,pg8_1_img053,0,pg_el,252.0,160.0,297.0,194.0,624,624,pg8_1,53,45.0,34.0,1530.0
pg8_1_img053.xml,pg8_1_img053,1,pg_el,327.0,192.0,369.0,230.0,624,624,pg8_1,53,42.0,38.0,1596.0
pg8_1_img053.xml,pg8_1_img053,2,pg_el,185.0,185.0,242.0,221.0,624,624,pg8_1,53,57.0,36.0,2052.0
pg8_1_img053.xml,pg8_1_img053,3,pg_el,142.0,214.0,211.0,255.0,624,624,pg8_1,53,69.0,41.0,2829.0
pg8_1_img053.xml,pg8_1_img053,4,pg_el,293.0,295.0,330.0,343.0,624,624,pg8_1,53,37.0,48.0,1776.0
pg8_1_img053.xml,pg8_1_img053,5,pg_el,365.0,335.0,404.0,371.0,624,624,pg8_1,53,39.0,36.0,1404.0
pg8_1_img053.xml,pg8_1_img053,6,pg_el,411.0,352.0,450.0,382.0,624,624,pg8_1,53,39.0,30.0,1170.0
pg8_1_img053.xml,pg8_1_img053,7,pg_el,206.0,337.0,268.0,374.0,624,624,pg8_1,53,62.0,37.0,2294.0
pg8_1_img053.xml,pg8_1_img053,8,pg_el,141.0,364.0,181.0,425.0,624,624,pg8_1,53,40.0,61.0,2440.0
pg8_1_img053.xml,pg8_1_img053,9,pg_el,271.0,373.0,312.0,406.0,624,624,pg8_1,53,41.0,33.0,1353.0
pg8_1_img053.xml,pg8_1_img053,10,pg_el,208.0,370.0,247.0,409.0,624,624,pg8_1,53,39.0,39.0,1521.0
pg8_1_img053.xml,pg8_1_img053,11,pg_el,290.0,415.0,338.0,483.0,624,624,pg8_1,53,48.0,68.0,3264.0
pg8_1_img054.xml,pg8_1_img054,0,pg_el,250.0,157.0,296.0,191.0,624,624,pg8_1,54,46.0,34.0,1564.0
pg8_1_img054.xml,pg8_1_img054,1,pg_el,327.0,192.0,369.0,230.0,624,624,pg8_1,54,42.0,38.0,1596.0
pg8_1_img054.xml,pg8_1_img054,2,pg_el,185.0,185.0,242.0,222.0,624,624,pg8_1,54,57.0,37.0,2109.0
pg8_1_img054.xml,pg8_1_img054,3,pg_el,142.0,214.0,212.0,255.0,624,624,pg8_1,54,70.0,41.0,2870.0
pg8_1_img054.xml,pg8_1_img054,4,pg_el,293.0,295.0,330.0,343.0,624,624,pg8_1,54,37.0,48.0,1776.0
pg8_1_img054.xml,pg8_1_img054,5,pg_el,365.0,335.0,404.0,371.0,624,624,pg8_1,54,39.0,36.0,1404.0
pg8_1_img054.xml,pg8_1_img054,6,pg_el,411.0,352.0,450.0,382.0,624,624,pg8_1,54,39.0,30.0,1170.0
pg8_1_img054.xml,pg8_1_img054,7,pg_el,206.0,337.0,267.0,375.0,624,624,pg8_1,54,61.0,38.0,2318.0
pg8_1_img054.xml,pg8_1_img054,8,pg_el,140.0,362.0,182.0,426.0,624,624,pg8_1,54,42.0,64.0,2688.0
pg8_1_img054.xml,pg8_1_img054,9,pg_el,271.0,373.0,312.0,406.0,624,624,pg8_1,54,41.0,33.0,1353.0
pg8_1_img054.xml,pg8_1_img054,10,pg_el,208.0,370.0,247.0,409.0,624,624,pg8_1,54,39.0,39.0,1521.0
pg8_1_img054.xml,pg8_1_img054,11,pg_el,289.0,413.0,338.0,484.0,624,624,pg8_1,54,49.0,71.0,3479.0
pg8_1_img055.xml,pg8_1_img055,0,pg_el,251.0,156.0,297.0,191.0,624,624,pg8_1,55,46.0,35.0,1610.0
pg8_1_img055.xml,pg8_1_img055,1,pg_el,327.0,192.0,369.0,230.0,624,624,pg8_1,55,42.0,38.0,1596.0
pg8_1_img055.xml,pg8_1_img055,2,pg_el,185.0,185.0,242.0,223.0,624,624,pg8_1,55,57.0,38.0,2166.0
pg8_1_img055.xml,pg8_1_img055,3,pg_el,142.0,214.0,213.0,254.0,624,624,pg8_1,55,71.0,40.0,2840.0
pg8_1_img055.xml,pg8_1_img055,4,pg_el,293.0,294.0,330.0,344.0,624,624,pg8_1,55,37.0,50.0,1850.0
pg8_1_img055.xml,pg8_1_img055,5,pg_el,365.0,335.0,404.0,371.0,624,624,pg8_1,55,39.0,36.0,1404.0
pg8_1_img055.xml,pg8_1_img055,6,pg_el,411.0,352.0,450.0,382.0,624,624,pg8_1,55,39.0,30.0,1170.0
pg8_1_img055.xml,pg8_1_img055,7,pg_el,205.0,338.0,267.0,375.0,624,624,pg8_1,55,62.0,37.0,2294.0
pg8_1_img055.xml,pg8_1_img055,8,pg_el,139.0,359.0,183.0,428.0,624,624,pg8_1,55,44.0,69.0,3036.0
pg8_1_img055.xml,pg8_1_img055,9,pg_el,271.0,373.0,312.0,406.0,624,624,pg8_1,55,41.0,33.0,1353.0
pg8_1_img055.xml,pg8_1_img055,10,pg_el,208.0,370.0,247.0,409.0,624,624,pg8_1,55,39.0,39.0,1521.0
pg8_1_img055.xml,pg8_1_img055,11,pg_el,289.0,411.0,339.0,485.0,624,624,pg8_1,55,50.0,74.0,3700.0
pg8_1_img056.xml,pg8_1_img056,0,pg_el,251.0,155.0,299.0,191.0,624,624,pg8_1,56,48.0,36.0,1728.0
pg8_1_img056.xml,pg8_1_img056,1,pg_el,327.0,192.0,369.0,230.0,624,624,pg8_1,56,42.0,38.0,1596.0
pg8_1_img056.xml,pg8_1_img056,2,pg_el,185.0,185.0,242.0,225.0,624,624,pg8_1,56,57.0,40.0,2280.0
pg8_1_img056.xml,pg8_1_img056,3,pg_el,142.0,215.0,214.0,254.0,624,624,pg8_1,56,72.0,39.0,2808.0
pg8_1_img056.xml,pg8_1_img056,4,pg_el,293.0,294.0,330.0,344.0,624,624,pg8_1,56,37.0,50.0,1850.0
pg8_1_img056.xml,pg8_1_img056,5,pg_el,365.0,335.0,404.0,371.0,624,624,pg8_1,56,39.0,36.0,1404.0
pg8_1_img056.xml,pg8_1_img056,6,pg_el,411.0,352.0,450.0,382.0,624,624,pg8_1,56,39.0,30.0,1170.0
pg8_1_img056.xml,pg8_1_img056,7,pg_el,205.0,338.0,273.0,375.0,624,624,pg8_1,56,68.0,37.0,2516.0
pg8_1_img056.xml,pg8_1_img056,8,pg_el,138.0,357.0,184.0,429.0,624,624,pg8_1,56,46.0,72.0,3312.0
pg8_1_img056.xml,pg8_1_img056,9,pg_el,271.0,373.0,312.0,406.0,624,624,pg8_1,56,41.0,33.0,1353.0
pg8_1_img056.xml,pg8_1_img056,10,pg_el,208.0,370.0,248.0,409.0,624,624,pg8_1,56,40.0,39.0,1560.0
pg8_1_img056.xml,pg8_1_img056,11,pg_el,289.0,409.0,340.0,486.0,624,624,pg8_1,56,51.0,77.0,3927.0
pg8_1_img057.xml,pg8_1_img057,0,pg_el,252.0,155.0,300.0,191.0,624,624,pg8_1,57,48.0,36.0,1728.0
pg8_1_img057.xml,pg8_1_img057,1,pg_el,327.0,192.0,369.0,230.0,624,624,pg8_1,57,42.0,38.0,1596.0
pg8_1_img057.xml,pg8_1_img057,2,pg_el,185.0,185.0,241.0,226.0,624,624,pg8_1,57,56.0,41.0,2296.0
pg8_1_img057.xml,pg8_1_img057,3,pg_el,141.0,215.0,214.0,254.0,624,624,pg8_1,57,73.0,39.0,2847.0
pg8_1_img057.xml,pg8_1_img057,4,pg_el,293.0,293.0,329.0,344.0,624,624,pg8_1,57,36.0,51.0,1836.0
pg8_1_img057.xml,pg8_1_img057,5,pg_el,365.0,334.0,404.0,371.0,624,624,pg8_1,57,39.0,37.0,1443.0
pg8_1_img057.xml,pg8_1_img057,6,pg_el,411.0,352.0,450.0,383.0,624,624,pg8_1,57,39.0,31.0,1209.0
pg8_1_img057.xml,pg8_1_img057,7,pg_el,205.0,338.0,274.0,375.0,624,624,pg8_1,57,69.0,37.0,2553.0
pg8_1_img057.xml,pg8_1_img057,8,pg_el,138.0,355.0,185.0,430.0,624,624,pg8_1,57,47.0,75.0,3525.0
pg8_1_img057.xml,pg8_1_img057,9,pg_el,271.0,373.0,312.0,406.0,624,624,pg8_1,57,41.0,33.0,1353.0
pg8_1_img057.xml,pg8_1_img057,10,pg_el,208.0,370.0,248.0,409.0,624,624,pg8_1,57,40.0,39.0,1560.0
pg8_1_img057.xml,pg8_1_img057,11,pg_el,289.0,407.0,341.0,487.0,624,624,pg8_1,57,52.0,80.0,4160.0
pg8_1_img058.xml,pg8_1_img058,0,pg_el,249.0,154.0,300.0,190.0,624,624,pg8_1,58,51.0,36.0,1836.0
pg8_1_img058.xml,pg8_1_img058,1,pg_el,326.0,192.0,369.0,230.0,624,624,pg8_1,58,43.0,38.0,1634.0
pg8_1_img058.xml,pg8_1_img058,2,pg_el,185.0,185.0,241.0,227.0,624,624,pg8_1,58,56.0,42.0,2352.0
pg8_1_img058.xml,pg8_1_img058,3,pg_el,141.0,215.0,216.0,254.0,624,624,pg8_1,58,75.0,39.0,2925.0
pg8_1_img058.xml,pg8_1_img058,4,pg_el,293.0,293.0,329.0,344.0,624,624,pg8_1,58,36.0,51.0,1836.0
pg8_1_img058.xml,pg8_1_img058,5,pg_el,365.0,334.0,404.0,372.0,624,624,pg8_1,58,39.0,38.0,1482.0
pg8_1_img058.xml,pg8_1_img058,6,pg_el,411.0,352.0,450.0,383.0,624,624,pg8_1,58,39.0,31.0,1209.0
pg8_1_img058.xml,pg8_1_img058,7,pg_el,205.0,338.0,275.0,375.0,624,624,pg8_1,58,70.0,37.0,2590.0
pg8_1_img058.xml,pg8_1_img058,8,pg_el,137.0,353.0,186.0,432.0,624,624,pg8_1,58,49.0,79.0,3871.0
pg8_1_img058.xml,pg8_1_img058,9,pg_el,271.0,373.0,312.0,407.0,624,624,pg8_1,58,41.0,34.0,1394.0
pg8_1_img058.xml,pg8_1_img058,10,pg_el,208.0,370.0,248.0,409.0,624,624,pg8_1,58,40.0,39.0,1560.0
pg8_1_img058.xml,pg8_1_img058,11,pg_el,288.0,405.0,341.0,488.0,624,624,pg8_1,58,53.0,83.0,4399.0
pg8_1_img059.xml,pg8_1_img059,0,pg_el,246.0,153.0,300.0,190.0,624,624,pg8_1,59,54.0,37.0,1998.0
pg8_1_img059.xml,pg8_1_img059,1,pg_el,326.0,192.0,369.0,230.0,624,624,pg8_1,59,43.0,38.0,1634.0
pg8_1_img059.xml,pg8_1_img059,2,pg_el,184.0,184.0,241.0,228.0,624,624,pg8_1,59,57.0,44.0,2508.0
pg8_1_img059.xml,pg8_1_img059,3,pg_el,141.0,215.0,217.0,254.0,624,624,pg8_1,59,76.0,39.0,2964.0
pg8_1_img059.xml,pg8_1_img059,4,pg_el,292.0,292.0,329.0,345.0,624,624,pg8_1,59,37.0,53.0,1961.0
pg8_1_img059.xml,pg8_1_img059,5,pg_el,365.0,334.0,404.0,372.0,624,624,pg8_1,59,39.0,38.0,1482.0
pg8_1_img059.xml,pg8_1_img059,6,pg_el,411.0,352.0,450.0,383.0,624,624,pg8_1,59,39.0,31.0,1209.0
pg8_1_img059.xml,pg8_1_img059,7,pg_el,205.0,338.0,276.0,375.0,624,624,pg8_1,59,71.0,37.0,2627.0
pg8_1_img059.xml,pg8_1_img059,8,pg_el,136.0,351.0,187.0,433.0,624,624,pg8_1,59,51.0,82.0,4182.0
pg8_1_img059.xml,pg8_1_img059,9,pg_el,271.0,373.0,312.0,407.0,624,624,pg8_1,59,41.0,34.0,1394.0
pg8_1_img059.xml,pg8_1_img059,10,pg_el,208.0,370.0,248.0,409.0,624,624,pg8_1,59,40.0,39.0,1560.0
pg8_1_img059.xml,pg8_1_img059,11,pg_el,288.0,404.0,342.0,489.0,624,624,pg8_1,59,54.0,85.0,4590.0
pg8_1_img060.xml,pg8_1_img060,0,pg_el,244.0,152.0,300.0,190.0,624,624,pg8_1,60,56.0,38.0,2128.0
pg8_1_img060.xml,pg8_1_img060,1,pg_el,326.0,192.0,369.0,230.0,624,624,pg8_1,60,43.0,38.0,1634.0
pg8_1_img060.xml,pg8_1_img060,2,pg_el,183.0,183.0,242.0,228.0,624,624,pg8_1,60,59.0,45.0,2655.0
pg8_1_img060.xml,pg8_1_img060,3,pg_el,141.0,215.0,218.0,255.0,624,624,pg8_1,60,77.0,40.0,3080.0
pg8_1_img060.xml,pg8_1_img060,4,pg_el,292.0,291.0,329.0,345.0,624,624,pg8_1,60,37.0,54.0,1998.0
pg8_1_img060.xml,pg8_1_img060,5,pg_el,364.0,334.0,404.0,372.0,624,624,pg8_1,60,40.0,38.0,1520.0
pg8_1_img060.xml,pg8_1_img060,6,pg_el,411.0,352.0,450.0,383.0,624,624,pg8_1,60,39.0,31.0,1209.0
pg8_1_img060.xml,pg8_1_img060,7,pg_el,205.0,338.0,277.0,375.0,624,624,pg8_1,60,72.0,37.0,2664.0
pg8_1_img060.xml,pg8_1_img060,8,pg_el,135.0,349.0,188.0,435.0,624,624,pg8_1,60,53.0,86.0,4558.0
pg8_1_img060.xml,pg8_1_img060,9,pg_el,271.0,373.0,312.0,407.0,624,624,pg8_1,60,41.0,34.0,1394.0
pg8_1_img060.xml,pg8_1_img060,10,pg_el,208.0,370.0,249.0,409.0,624,624,pg8_1,60,41.0,39.0,1599.0
pg8_1_img060.xml,pg8_1_img060,11,pg_el,288.0,402.0,343.0,490.0,624,624,pg8_1,60,55.0,88.0,4840.0
pg8_1_img061.xml,pg8_1_img061,0,pg_el,241.0,152.0,300.0,190.0,624,624,pg8_1,61,59.0,38.0,2242.0
pg8_1_img061.xml,pg8_1_img061,1,pg_el,326.0,192.0,369.0,230.0,624,624,pg8_1,61,43.0,38.0,1634.0
pg8_1_img061.xml,pg8_1_img061,2,pg_el,182.0,183.0,242.0,229.0,624,624,pg8_1,61,60.0,46.0,2760.0
pg8_1_img061.xml,pg8_1_img061,3,pg_el,141.0,215.0,219.0,255.0,624,624,pg8_1,61,78.0,40.0,3120.0
pg8_1_img061.xml,pg8_1_img061,4,pg_el,292.0,290.0,329.0,345.0,624,624,pg8_1,61,37.0,55.0,2035.0
pg8_1_img061.xml,pg8_1_img061,5,pg_el,364.0,334.0,404.0,372.0,624,624,pg8_1,61,40.0,38.0,1520.0
pg8_1_img061.xml,pg8_1_img061,6,pg_el,411.0,352.0,450.0,383.0,624,624,pg8_1,61,39.0,31.0,1209.0
pg8_1_img061.xml,pg8_1_img061,7,pg_el,205.0,338.0,279.0,375.0,624,624,pg8_1,61,74.0,37.0,2738.0
pg8_1_img061.xml,pg8_1_img061,8,pg_el,135.0,346.0,189.0,435.0,624,624,pg8_1,61,54.0,89.0,4806.0
pg8_1_img061.xml,pg8_1_img061,9,pg_el,271.0,373.0,312.0,407.0,624,624,pg8_1,61,41.0,34.0,1394.0
pg8_1_img061.xml,pg8_1_img061,10,pg_el,208.0,370.0,251.0,410.0,624,624,pg8_1,61,43.0,40.0,1720.0
pg8_1_img061.xml,pg8_1_img061,11,pg_el,288.0,400.0,344.0,491.0,624,624,pg8_1,61,56.0,91.0,5096.0
pg8_1_img062.xml,pg8_1_img062,0,pg_el,238.0,151.0,300.0,190.0,624,624,pg8_1,62,62.0,39.0,2418.0
pg8_1_img062.xml,pg8_1_img062,1,pg_el,326.0,192.0,369.0,230.0,624,624,pg8_1,62,43.0,38.0,1634.0
pg8_1_img062.xml,pg8_1_img062,2,pg_el,182.0,182.0,242.0,230.0,624,624,pg8_1,62,60.0,48.0,2880.0
pg8_1_img062.xml,pg8_1_img062,3,pg_el,141.0,215.0,220.0,255.0,624,624,pg8_1,62,79.0,40.0,3160.0
pg8_1_img062.xml,pg8_1_img062,4,pg_el,292.0,290.0,329.0,346.0,624,624,pg8_1,62,37.0,56.0,2072.0
pg8_1_img062.xml,pg8_1_img062,5,pg_el,364.0,334.0,404.0,372.0,624,624,pg8_1,62,40.0,38.0,1520.0
pg8_1_img062.xml,pg8_1_img062,6,pg_el,410.0,352.0,450.0,383.0,624,624,pg8_1,62,40.0,31.0,1240.0
pg8_1_img062.xml,pg8_1_img062,7,pg_el,205.0,338.0,280.0,375.0,624,624,pg8_1,62,75.0,37.0,2775.0
pg8_1_img062.xml,pg8_1_img062,8,pg_el,135.0,343.0,190.0,435.0,624,624,pg8_1,62,55.0,92.0,5060.0
pg8_1_img062.xml,pg8_1_img062,9,pg_el,271.0,373.0,312.0,407.0,624,624,pg8_1,62,41.0,34.0,1394.0
pg8_1_img062.xml,pg8_1_img062,10,pg_el,208.0,371.0,253.0,412.0,624,624,pg8_1,62,45.0,41.0,1845.0
pg8_1_img062.xml,pg8_1_img062,11,pg_el,287.0,398.0,345.0,492.0,624,624,pg8_1,62,58.0,94.0,5452.0
pg8_1_img063.xml,pg8_1_img063,0,pg_el,236.0,150.0,301.0,190.0,624,624,pg8_1,63,65.0,40.0,2600.0
pg8_1_img063.xml,pg8_1_img063,1,pg_el,326.0,192.0,369.0,230.0,624,624,pg8_1,63,43.0,38.0,1634.0
pg8_1_img063.xml,pg8_1_img063,2,pg_el,181.0,181.0,242.0,230.0,624,624,pg8_1,63,61.0,49.0,2989.0
pg8_1_img063.xml,pg8_1_img063,3,pg_el,141.0,215.0,221.0,255.0,624,624,pg8_1,63,80.0,40.0,3200.0
pg8_1_img063.xml,pg8_1_img063,4,pg_el,292.0,289.0,329.0,346.0,624,624,pg8_1,63,37.0,57.0,2109.0
pg8_1_img063.xml,pg8_1_img063,5,pg_el,364.0,334.0,404.0,372.0,624,624,pg8_1,63,40.0,38.0,1520.0
pg8_1_img063.xml,pg8_1_img063,6,pg_el,410.0,352.0,450.0,383.0,624,624,pg8_1,63,40.0,31.0,1240.0
pg8_1_img063.xml,pg8_1_img063,7,pg_el,205.0,338.0,281.0,375.0,624,624,pg8_1,63,76.0,37.0,2812.0
pg8_1_img063.xml,pg8_1_img063,8,pg_el,135.0,339.0,191.0,435.0,624,624,pg8_1,63,56.0,96.0,5376.0
pg8_1_img063.xml,pg8_1_img063,9,pg_el,271.0,373.0,312.0,407.0,624,624,pg8_1,63,41.0,34.0,1394.0
pg8_1_img063.xml,pg8_1_img063,10,pg_el,208.0,371.0,255.0,413.0,624,624,pg8_1,63,47.0,42.0,1974.0
pg8_1_img063.xml,pg8_1_img063,11,pg_el,287.0,398.0,346.0,493.0,624,624,pg8_1,63,59.0,95.0,5605.0
pg8_1_img064.xml,pg8_1_img064,0,pg_el,233.0,148.0,300.0,189.0,624,624,pg8_1,64,67.0,41.0,2747.0
pg8_1_img064.xml,pg8_1_img064,1,pg_el,326.0,192.0,369.0,230.0,624,624,pg8_1,64,43.0,38.0,1634.0
pg8_1_img064.xml,pg8_1_img064,2,pg_el,179.0,180.0,242.0,231.0,624,624,pg8_1,64,63.0,51.0,3213.0
pg8_1_img064.xml,pg8_1_img064,3,pg_el,141.0,215.0,222.0,256.0,624,624,pg8_1,64,81.0,41.0,3321.0
pg8_1_img064.xml,pg8_1_img064,4,pg_el,291.0,288.0,329.0,347.0,624,624,pg8_1,64,38.0,59.0,2242.0
pg8_1_img064.xml,pg8_1_img064,5,pg_el,364.0,334.0,404.0,372.0,624,624,pg8_1,64,40.0,38.0,1520.0
pg8_1_img064.xml,pg8_1_img064,6,pg_el,410.0,352.0,450.0,383.0,624,624,pg8_1,64,40.0,31.0,1240.0
pg8_1_img064.xml,pg8_1_img064,7,pg_el,205.0,338.0,282.0,375.0,624,624,pg8_1,64,77.0,37.0,2849.0
pg8_1_img064.xml,pg8_1_img064,8,pg_el,135.0,336.0,192.0,435.0,624,624,pg8_1,64,57.0,99.0,5643.0
pg8_1_img064.xml,pg8_1_img064,9,pg_el,271.0,373.0,312.0,407.0,624,624,pg8_1,64,41.0,34.0,1394.0
pg8_1_img064.xml,pg8_1_img064,10,pg_el,208.0,372.0,257.0,415.0,624,624,pg8_1,64,49.0,43.0,2107.0
pg8_1_img064.xml,pg8_1_img064,11,pg_el,287.0,397.0,348.0,494.0,624,624,pg8_1,64,61.0,97.0,5917.0
pg8_1_img065.xml,pg8_1_img065,0,pg_el,231.0,147.0,300.0,189.0,624,624,pg8_1,65,69.0,42.0,2898.0
pg8_1_img065.xml,pg8_1_img065,1,pg_el,326.0,192.0,369.0,230.0,624,624,pg8_1,65,43.0,38.0,1634.0
pg8_1_img065.xml,pg8_1_img065,2,pg_el,177.0,179.0,242.0,232.0,624,624,pg8_1,65,65.0,53.0,3445.0
pg8_1_img065.xml,pg8_1_img065,3,pg_el,141.0,215.0,224.0,256.0,624,624,pg8_1,65,83.0,41.0,3403.0
pg8_1_img065.xml,pg8_1_img065,4,pg_el,291.0,287.0,329.0,347.0,624,624,pg8_1,65,38.0,60.0,2280.0
pg8_1_img065.xml,pg8_1_img065,5,pg_el,364.0,334.0,404.0,372.0,624,624,pg8_1,65,40.0,38.0,1520.0
pg8_1_img065.xml,pg8_1_img065,6,pg_el,410.0,352.0,450.0,383.0,624,624,pg8_1,65,40.0,31.0,1240.0
pg8_1_img065.xml,pg8_1_img065,7,pg_el,205.0,338.0,284.0,375.0,624,624,pg8_1,65,79.0,37.0,2923.0
pg8_1_img065.xml,pg8_1_img065,8,pg_el,135.0,333.0,194.0,435.0,624,624,pg8_1,65,59.0,102.0,6018.0
pg8_1_img065.xml,pg8_1_img065,9,pg_el,271.0,373.0,312.0,407.0,624,624,pg8_1,65,41.0,34.0,1394.0
pg8_1_img065.xml,pg8_1_img065,10,pg_el,207.0,372.0,258.0,415.0,624,624,pg8_1,65,51.0,43.0,2193.0
pg8_1_img065.xml,pg8_1_img065,11,pg_el,287.0,397.0,349.0,495.0,624,624,pg8_1,65,62.0,98.0,6076.0
pg8_1_img066.xml,pg8_1_img066,0,pg_el,229.0,145.0,300.0,188.0,624,624,pg8_1,66,71.0,43.0,3053.0
pg8_1_img066.xml,pg8_1_img066,1,pg_el,326.0,192.0,369.0,230.0,624,624,pg8_1,66,43.0,38.0,1634.0
pg8_1_img066.xml,pg8_1_img066,2,pg_el,175.0,177.0,243.0,232.0,624,624,pg8_1,66,68.0,55.0,3740.0
pg8_1_img066.xml,pg8_1_img066,3,pg_el,142.0,215.0,226.0,256.0,624,624,pg8_1,66,84.0,41.0,3444.0
pg8_1_img066.xml,pg8_1_img066,4,pg_el,291.0,285.0,329.0,348.0,624,624,pg8_1,66,38.0,63.0,2394.0
pg8_1_img066.xml,pg8_1_img066,5,pg_el,364.0,334.0,404.0,372.0,624,624,pg8_1,66,40.0,38.0,1520.0
pg8_1_img066.xml,pg8_1_img066,6,pg_el,410.0,352.0,450.0,383.0,624,624,pg8_1,66,40.0,31.0,1240.0
pg8_1_img066.xml,pg8_1_img066,7,pg_el,205.0,338.0,286.0,375.0,624,624,pg8_1,66,81.0,37.0,2997.0
pg8_1_img066.xml,pg8_1_img066,8,pg_el,135.0,330.0,195.0,435.0,624,624,pg8_1,66,60.0,105.0,6300.0
pg8_1_img066.xml,pg8_1_img066,9,pg_el,271.0,373.0,312.0,407.0,624,624,pg8_1,66,41.0,34.0,1394.0
pg8_1_img066.xml,pg8_1_img066,10,pg_el,206.0,372.0,258.0,415.0,624,624,pg8_1,66,52.0,43.0,2236.0
pg8_1_img066.xml,pg8_1_img066,11,pg_el,287.0,391.0,348.0,495.0,624,624,pg8_1,66,61.0,104.0,6344.0
pg8_1_img067.xml,pg8_1_img067,0,pg_el,227.0,143.0,300.0,188.0,624,624,pg8_1,67,73.0,45.0,3285.0
pg8_1_img067.xml,pg8_1_img067,1,pg_el,326.0,192.0,369.0,230.0,624,624,pg8_1,67,43.0,38.0,1634.0
pg8_1_img067.xml,pg8_1_img067,2,pg_el,173.0,176.0,243.0,233.0,624,624,pg8_1,67,70.0,57.0,3990.0
pg8_1_img067.xml,pg8_1_img067,3,pg_el,142.0,215.0,228.0,256.0,624,624,pg8_1,67,86.0,41.0,3526.0
pg8_1_img067.xml,pg8_1_img067,4,pg_el,291.0,284.0,329.0,348.0,624,624,pg8_1,67,38.0,64.0,2432.0
pg8_1_img067.xml,pg8_1_img067,5,pg_el,364.0,334.0,404.0,372.0,624,624,pg8_1,67,40.0,38.0,1520.0
pg8_1_img067.xml,pg8_1_img067,6,pg_el,410.0,352.0,450.0,383.0,624,624,pg8_1,67,40.0,31.0,1240.0
pg8_1_img067.xml,pg8_1_img067,7,pg_el,205.0,338.0,288.0,375.0,624,624,pg8_1,67,83.0,37.0,3071.0
pg8_1_img067.xml,pg8_1_img067,8,pg_el,135.0,327.0,196.0,435.0,624,624,pg8_1,67,61.0,108.0,6588.0
pg8_1_img067.xml,pg8_1_img067,9,pg_el,271.0,372.0,312.0,407.0,624,624,pg8_1,67,41.0,35.0,1435.0
pg8_1_img067.xml,pg8_1_img067,10,pg_el,206.0,371.0,259.0,415.0,624,624,pg8_1,67,53.0,44.0,2332.0
pg8_1_img067.xml,pg8_1_img067,11,pg_el,287.0,392.0,351.0,495.0,624,624,pg8_1,67,64.0,103.0,6592.0
pg8_1_img068.xml,pg8_1_img068,0,pg_el,225.0,141.0,300.0,187.0,624,624,pg8_1,68,75.0,46.0,3450.0
pg8_1_img068.xml,pg8_1_img068,1,pg_el,325.0,192.0,369.0,230.0,624,624,pg8_1,68,44.0,38.0,1672.0
pg8_1_img068.xml,pg8_1_img068,2,pg_el,171.0,175.0,243.0,234.0,624,624,pg8_1,68,72.0,59.0,4248.0
pg8_1_img068.xml,pg8_1_img068,3,pg_el,143.0,215.0,230.0,256.0,624,624,pg8_1,68,87.0,41.0,3567.0
pg8_1_img068.xml,pg8_1_img068,4,pg_el,290.0,283.0,329.0,349.0,624,624,pg8_1,68,39.0,66.0,2574.0
pg8_1_img068.xml,pg8_1_img068,5,pg_el,364.0,334.0,404.0,372.0,624,624,pg8_1,68,40.0,38.0,1520.0
pg8_1_img068.xml,pg8_1_img068,6,pg_el,410.0,352.0,450.0,383.0,624,624,pg8_1,68,40.0,31.0,1240.0
pg8_1_img068.xml,pg8_1_img068,7,pg_el,205.0,338.0,290.0,375.0,624,624,pg8_1,68,85.0,37.0,3145.0
pg8_1_img068.xml,pg8_1_img068,8,pg_el,135.0,323.0,197.0,435.0,624,624,pg8_1,68,62.0,112.0,6944.0
pg8_1_img068.xml,pg8_1_img068,9,pg_el,271.0,372.0,313.0,407.0,624,624,pg8_1,68,42.0,35.0,1470.0
pg8_1_img068.xml,pg8_1_img068,10,pg_el,205.0,371.0,259.0,415.0,624,624,pg8_1,68,54.0,44.0,2376.0
pg8_1_img068.xml,pg8_1_img068,11,pg_el,287.0,390.0,353.0,495.0,624,624,pg8_1,68,66.0,105.0,6930.0
pg8_1_img069.xml,pg8_1_img069,0,pg_el,223.0,140.0,299.0,187.0,624,624,pg8_1,69,76.0,47.0,3572.0
pg8_1_img069.xml,pg8_1_img069,1,pg_el,325.0,192.0,369.0,230.0,624,624,pg8_1,69,44.0,38.0,1672.0
pg8_1_img069.xml,pg8_1_img069,2,pg_el,170.0,173.0,243.0,235.0,624,624,pg8_1,69,73.0,62.0,4526.0
pg8_1_img069.xml,pg8_1_img069,3,pg_el,143.0,215.0,232.0,256.0,624,624,pg8_1,69,89.0,41.0,3649.0
pg8_1_img069.xml,pg8_1_img069,4,pg_el,290.0,281.0,328.0,350.0,624,624,pg8_1,69,38.0,69.0,2622.0
pg8_1_img069.xml,pg8_1_img069,5,pg_el,364.0,334.0,404.0,372.0,624,624,pg8_1,69,40.0,38.0,1520.0
pg8_1_img069.xml,pg8_1_img069,6,pg_el,410.0,352.0,450.0,383.0,624,624,pg8_1,69,40.0,31.0,1240.0
pg8_1_img069.xml,pg8_1_img069,7,pg_el,205.0,338.0,291.0,375.0,624,624,pg8_1,69,86.0,37.0,3182.0
pg8_1_img069.xml,pg8_1_img069,8,pg_el,135.0,319.0,198.0,435.0,624,624,pg8_1,69,63.0,116.0,7308.0
pg8_1_img069.xml,pg8_1_img069,9,pg_el,271.0,372.0,313.0,407.0,624,624,pg8_1,69,42.0,35.0,1470.0
pg8_1_img069.xml,pg8_1_img069,10,pg_el,204.0,371.0,260.0,415.0,624,624,pg8_1,69,56.0,44.0,2464.0
pg8_1_img069.xml,pg8_1_img069,11,pg_el,287.0,388.0,355.0,495.0,624,624,pg8_1,69,68.0,107.0,7276.0
pg8_1_img070.xml,pg8_1_img070,0,pg_el,220.0,138.0,299.0,186.0,624,624,pg8_1,70,79.0,48.0,3792.0
pg8_1_img070.xml,pg8_1_img070,1,pg_el,325.0,192.0,369.0,230.0,624,624,pg8_1,70,44.0,38.0,1672.0
pg8_1_img070.xml,pg8_1_img070,2,pg_el,168.0,175.0,243.0,235.0,624,624,pg8_1,70,75.0,60.0,4500.0
pg8_1_img070.xml,pg8_1_img070,3,pg_el,143.0,215.0,234.0,256.0,624,624,pg8_1,70,91.0,41.0,3731.0
pg8_1_img070.xml,pg8_1_img070,4,pg_el,290.0,280.0,328.0,350.0,624,624,pg8_1,70,38.0,70.0,2660.0
pg8_1_img070.xml,pg8_1_img070,5,pg_el,364.0,334.0,404.0,372.0,624,624,pg8_1,70,40.0,38.0,1520.0
pg8_1_img070.xml,pg8_1_img070,6,pg_el,410.0,352.0,450.0,383.0,624,624,pg8_1,70,40.0,31.0,1240.0
pg8_1_img070.xml,pg8_1_img070,7,pg_el,205.0,338.0,293.0,375.0,624,624,pg8_1,70,88.0,37.0,3256.0
pg8_1_img070.xml,pg8_1_img070,8,pg_el,135.0,315.0,200.0,435.0,624,624,pg8_1,70,65.0,120.0,7800.0
pg8_1_img070.xml,pg8_1_img070,9,pg_el,271.0,372.0,313.0,407.0,624,624,pg8_1,70,42.0,35.0,1470.0
pg8_1_img070.xml,pg8_1_img070,10,pg_el,203.0,371.0,260.0,416.0,624,624,pg8_1,70,57.0,45.0,2565.0
pg8_1_img070.xml,pg8_1_img070,11,pg_el,287.0,386.0,356.0,495.0,624,624,pg8_1,70,69.0,109.0,7521.0
pg8_1_img071.xml,pg8_1_img071,0,pg_el,218.0,136.0,300.0,186.0,624,624,pg8_1,71,82.0,50.0,4100.0
pg8_1_img071.xml,pg8_1_img071,1,pg_el,325.0,192.0,368.0,230.0,624,624,pg8_1,71,43.0,38.0,1634.0
pg8_1_img071.xml,pg8_1_img071,2,pg_el,166.0,177.0,243.0,236.0,624,624,pg8_1,71,77.0,59.0,4543.0
pg8_1_img071.xml,pg8_1_img071,3,pg_el,144.0,215.0,236.0,256.0,624,624,pg8_1,71,92.0,41.0,3772.0
pg8_1_img071.xml,pg8_1_img071,4,pg_el,289.0,278.0,328.0,351.0,624,624,pg8_1,71,39.0,73.0,2847.0
pg8_1_img071.xml,pg8_1_img071,5,pg_el,364.0,334.0,404.0,373.0,624,624,pg8_1,71,40.0,39.0,1560.0
pg8_1_img071.xml,pg8_1_img071,6,pg_el,410.0,352.0,450.0,383.0,624,624,pg8_1,71,40.0,31.0,1240.0
pg8_1_img071.xml,pg8_1_img071,7,pg_el,205.0,338.0,295.0,375.0,624,624,pg8_1,71,90.0,37.0,3330.0
pg8_1_img071.xml,pg8_1_img071,8,pg_el,135.0,311.0,201.0,435.0,624,624,pg8_1,71,66.0,124.0,8184.0
pg8_1_img071.xml,pg8_1_img071,9,pg_el,271.0,372.0,313.0,407.0,624,624,pg8_1,71,42.0,35.0,1470.0
pg8_1_img071.xml,pg8_1_img071,10,pg_el,202.0,370.0,261.0,416.0,624,624,pg8_1,71,59.0,46.0,2714.0
pg8_1_img071.xml,pg8_1_img071,11,pg_el,287.0,385.0,356.0,495.0,624,624,pg8_1,71,69.0,110.0,7590.0
pg8_1_img072.xml,pg8_1_img072,0,pg_el,216.0,135.0,301.0,187.0,624,624,pg8_1,72,85.0,52.0,4420.0
pg8_1_img072.xml,pg8_1_img072,1,pg_el,324.0,193.0,368.0,231.0,624,624,pg8_1,72,44.0,38.0,1672.0
pg8_1_img072.xml,pg8_1_img072,2,pg_el,166.0,175.0,244.0,237.0,624,624,pg8_1,72,78.0,62.0,4836.0
pg8_1_img072.xml,pg8_1_img072,3,pg_el,144.0,215.0,238.0,256.0,624,624,pg8_1,72,94.0,41.0,3854.0
pg8_1_img072.xml,pg8_1_img072,4,pg_el,289.0,277.0,327.0,352.0,624,624,pg8_1,72,38.0,75.0,2850.0
pg8_1_img072.xml,pg8_1_img072,5,pg_el,364.0,334.0,404.0,373.0,624,624,pg8_1,72,40.0,39.0,1560.0
pg8_1_img072.xml,pg8_1_img072,6,pg_el,410.0,352.0,450.0,383.0,624,624,pg8_1,72,40.0,31.0,1240.0
pg8_1_img072.xml,pg8_1_img072,7,pg_el,205.0,338.0,297.0,375.0,624,624,pg8_1,72,92.0,37.0,3404.0
pg8_1_img072.xml,pg8_1_img072,8,pg_el,135.0,307.0,203.0,435.0,624,624,pg8_1,72,68.0,128.0,8704.0
pg8_1_img072.xml,pg8_1_img072,9,pg_el,271.0,372.0,313.0,407.0,624,624,pg8_1,72,42.0,35.0,1470.0
pg8_1_img072.xml,pg8_1_img072,10,pg_el,201.0,370.0,261.0,416.0,624,624,pg8_1,72,60.0,46.0,2760.0
pg8_1_img072.xml,pg8_1_img072,11,pg_el,287.0,383.0,357.0,495.0,624,624,pg8_1,72,70.0,112.0,7840.0
pg8_1_img073.xml,pg8_1_img073,0,pg_el,214.0,133.0,302.0,187.0,624,624,pg8_1,73,88.0,54.0,4752.0
pg8_1_img073.xml,pg8_1_img073,1,pg_el,324.0,193.0,368.0,231.0,624,624,pg8_1,73,44.0,38.0,1672.0
pg8_1_img073.xml,pg8_1_img073,2,pg_el,166.0,174.0,244.0,238.0,624,624,pg8_1,73,78.0,64.0,4992.0
pg8_1_img073.xml,pg8_1_img073,3,pg_el,144.0,215.0,240.0,256.0,624,624,pg8_1,73,96.0,41.0,3936.0
pg8_1_img073.xml,pg8_1_img073,4,pg_el,289.0,276.0,327.0,352.0,624,624,pg8_1,73,38.0,76.0,2888.0
pg8_1_img073.xml,pg8_1_img073,5,pg_el,364.0,334.0,404.0,373.0,624,624,pg8_1,73,40.0,39.0,1560.0
pg8_1_img073.xml,pg8_1_img073,6,pg_el,410.0,352.0,450.0,383.0,624,624,pg8_1,73,40.0,31.0,1240.0
pg8_1_img073.xml,pg8_1_img073,7,pg_el,205.0,338.0,300.0,376.0,624,624,pg8_1,73,95.0,38.0,3610.0
pg8_1_img073.xml,pg8_1_img073,8,pg_el,135.0,302.0,204.0,435.0,624,624,pg8_1,73,69.0,133.0,9177.0
pg8_1_img073.xml,pg8_1_img073,9,pg_el,271.0,372.0,313.0,407.0,624,624,pg8_1,73,42.0,35.0,1470.0
pg8_1_img073.xml,pg8_1_img073,10,pg_el,200.0,370.0,262.0,416.0,624,624,pg8_1,73,62.0,46.0,2852.0
pg8_1_img073.xml,pg8_1_img073,11,pg_el,287.0,381.0,358.0,495.0,624,624,pg8_1,73,71.0,114.0,8094.0
pg8_1_img074.xml,pg8_1_img074,0,pg_el,211.0,131.0,303.0,188.0,624,624,pg8_1,74,92.0,57.0,5244.0
pg8_1_img074.xml,pg8_1_img074,1,pg_el,323.0,193.0,368.0,231.0,624,624,pg8_1,74,45.0,38.0,1710.0
pg8_1_img074.xml,pg8_1_img074,2,pg_el,165.0,173.0,244.0,239.0,624,624,pg8_1,74,79.0,66.0,5214.0
pg8_1_img074.xml,pg8_1_img074,3,pg_el,144.0,215.0,242.0,256.0,624,624,pg8_1,74,98.0,41.0,4018.0
pg8_1_img074.xml,pg8_1_img074,4,pg_el,288.0,275.0,327.0,354.0,624,624,pg8_1,74,39.0,79.0,3081.0
pg8_1_img074.xml,pg8_1_img074,5,pg_el,364.0,334.0,404.0,373.0,624,624,pg8_1,74,40.0,39.0,1560.0
pg8_1_img074.xml,pg8_1_img074,6,pg_el,410.0,352.0,450.0,383.0,624,624,pg8_1,74,40.0,31.0,1240.0
pg8_1_img074.xml,pg8_1_img074,7,pg_el,205.0,338.0,303.0,376.0,624,624,pg8_1,74,98.0,38.0,3724.0
pg8_1_img074.xml,pg8_1_img074,8,pg_el,135.0,298.0,205.0,435.0,624,624,pg8_1,74,70.0,137.0,9590.0
pg8_1_img074.xml,pg8_1_img074,9,pg_el,271.0,372.0,313.0,407.0,624,624,pg8_1,74,42.0,35.0,1470.0
pg8_1_img074.xml,pg8_1_img074,10,pg_el,200.0,369.0,263.0,416.0,624,624,pg8_1,74,63.0,47.0,2961.0
pg8_1_img074.xml,pg8_1_img074,11,pg_el,287.0,378.0,359.0,495.0,624,624,pg8_1,74,72.0,117.0,8424.0
pg8_1_img075.xml,pg8_1_img075,0,pg_el,209.0,130.0,304.0,188.0,624,624,pg8_1,75,95.0,58.0,5510.0
pg8_1_img075.xml,pg8_1_img075,1,pg_el,323.0,193.0,367.0,231.0,624,624,pg8_1,75,44.0,38.0,1672.0
pg8_1_img075.xml,pg8_1_img075,2,pg_el,165.0,171.0,244.0,240.0,624,624,pg8_1,75,79.0,69.0,5451.0
pg8_1_img075.xml,pg8_1_img075,3,pg_el,144.0,215.0,243.0,256.0,624,624,pg8_1,75,99.0,41.0,4059.0
pg8_1_img075.xml,pg8_1_img075,4,pg_el,288.0,275.0,327.0,356.0,624,624,pg8_1,75,39.0,81.0,3159.0
pg8_1_img075.xml,pg8_1_img075,5,pg_el,364.0,334.0,404.0,373.0,624,624,pg8_1,75,40.0,39.0,1560.0
pg8_1_img075.xml,pg8_1_img075,6,pg_el,410.0,352.0,450.0,383.0,624,624,pg8_1,75,40.0,31.0,1240.0
pg8_1_img075.xml,pg8_1_img075,7,pg_el,205.0,338.0,306.0,377.0,624,624,pg8_1,75,101.0,39.0,3939.0
pg8_1_img075.xml,pg8_1_img075,8,pg_el,135.0,294.0,207.0,435.0,624,624,pg8_1,75,72.0,141.0,10152.0
pg8_1_img075.xml,pg8_1_img075,9,pg_el,271.0,372.0,313.0,407.0,624,624,pg8_1,75,42.0,35.0,1470.0
pg8_1_img075.xml,pg8_1_img075,10,pg_el,200.0,369.0,265.0,416.0,624,624,pg8_1,75,65.0,47.0,3055.0
pg8_1_img075.xml,pg8_1_img075,11,pg_el,287.0,375.0,360.0,495.0,624,624,pg8_1,75,73.0,120.0,8760.0
pg8_1_img076.xml,pg8_1_img076,0,pg_el,209.0,129.0,304.0,190.0,624,624,pg8_1,76,95.0,61.0,5795.0
pg8_1_img076.xml,pg8_1_img076,1,pg_el,323.0,193.0,368.0,231.0,624,624,pg8_1,76,45.0,38.0,1710.0
pg8_1_img076.xml,pg8_1_img076,2,pg_el,165.0,170.0,244.0,240.0,624,624,pg8_1,76,79.0,70.0,5530.0
pg8_1_img076.xml,pg8_1_img076,3,pg_el,144.0,215.0,245.0,255.0,624,624,pg8_1,76,101.0,40.0,4040.0
pg8_1_img076.xml,pg8_1_img076,4,pg_el,288.0,274.0,327.0,357.0,624,624,pg8_1,76,39.0,83.0,3237.0
pg8_1_img076.xml,pg8_1_img076,5,pg_el,364.0,334.0,404.0,373.0,624,624,pg8_1,76,40.0,39.0,1560.0
pg8_1_img076.xml,pg8_1_img076,6,pg_el,410.0,352.0,450.0,383.0,624,624,pg8_1,76,40.0,31.0,1240.0
pg8_1_img076.xml,pg8_1_img076,7,pg_el,205.0,338.0,309.0,377.0,624,624,pg8_1,76,104.0,39.0,4056.0
pg8_1_img076.xml,pg8_1_img076,8,pg_el,135.0,290.0,208.0,435.0,624,624,pg8_1,76,73.0,145.0,10585.0
pg8_1_img076.xml,pg8_1_img076,9,pg_el,271.0,372.0,313.0,407.0,624,624,pg8_1,76,42.0,35.0,1470.0
pg8_1_img076.xml,pg8_1_img076,10,pg_el,199.0,369.0,266.0,417.0,624,624,pg8_1,76,67.0,48.0,3216.0
pg8_1_img076.xml,pg8_1_img076,11,pg_el,287.0,373.0,360.0,495.0,624,624,pg8_1,76,73.0,122.0,8906.0
pg8_1_img077.xml,pg8_1_img077,0,pg_el,208.0,129.0,305.0,192.0,624,624,pg8_1,77,97.0,63.0,6111.0
pg8_1_img077.xml,pg8_1_img077,1,pg_el,322.0,193.0,368.0,231.0,624,624,pg8_1,77,46.0,38.0,1748.0
pg8_1_img077.xml,pg8_1_img077,2,pg_el,165.0,168.0,245.0,241.0,624,624,pg8_1,77,80.0,73.0,5840.0
pg8_1_img077.xml,pg8_1_img077,3,pg_el,144.0,215.0,246.0,255.0,624,624,pg8_1,77,102.0,40.0,4080.0
pg8_1_img077.xml,pg8_1_img077,4,pg_el,287.0,274.0,327.0,359.0,624,624,pg8_1,77,40.0,85.0,3400.0
pg8_1_img077.xml,pg8_1_img077,5,pg_el,364.0,334.0,404.0,373.0,624,624,pg8_1,77,40.0,39.0,1560.0
pg8_1_img077.xml,pg8_1_img077,6,pg_el,410.0,352.0,450.0,383.0,624,624,pg8_1,77,40.0,31.0,1240.0
pg8_1_img077.xml,pg8_1_img077,7,pg_el,205.0,338.0,312.0,378.0,624,624,pg8_1,77,107.0,40.0,4280.0
pg8_1_img077.xml,pg8_1_img077,8,pg_el,135.0,286.0,210.0,435.0,624,624,pg8_1,77,75.0,149.0,11175.0
pg8_1_img077.xml,pg8_1_img077,9,pg_el,271.0,372.0,313.0,407.0,624,624,pg8_1,77,42.0,35.0,1470.0
pg8_1_img077.xml,pg8_1_img077,10,pg_el,199.0,368.0,268.0,417.0,624,624,pg8_1,77,69.0,49.0,3381.0
pg8_1_img077.xml,pg8_1_img077,11,pg_el,287.0,370.0,361.0,495.0,624,624,pg8_1,77,74.0,125.0,9250.0
pg8_1_img078.xml,pg8_1_img078,0,pg_el,208.0,128.0,305.0,194.0,624,624,pg8_1,78,97.0,66.0,6402.0
pg8_1_img078.xml,pg8_1_img078,1,pg_el,322.0,193.0,368.0,231.0,624,624,pg8_1,78,46.0,38.0,1748.0
pg8_1_img078.xml,pg8_1_img078,2,pg_el,165.0,167.0,245.0,242.0,624,624,pg8_1,78,80.0,75.0,6000.0
pg8_1_img078.xml,pg8_1_img078,3,pg_el,144.0,215.0,247.0,255.0,624,624,pg8_1,78,103.0,40.0,4120.0
pg8_1_img078.xml,pg8_1_img078,4,pg_el,287.0,273.0,328.0,361.0,624,624,pg8_1,78,41.0,88.0,3608.0
pg8_1_img078.xml,pg8_1_img078,5,pg_el,364.0,334.0,404.0,373.0,624,624,pg8_1,78,40.0,39.0,1560.0
pg8_1_img078.xml,pg8_1_img078,6,pg_el,410.0,352.0,450.0,383.0,624,624,pg8_1,78,40.0,31.0,1240.0
pg8_1_img078.xml,pg8_1_img078,7,pg_el,205.0,338.0,315.0,375.0,624,624,pg8_1,78,110.0,37.0,4070.0
pg8_1_img078.xml,pg8_1_img078,8,pg_el,135.0,282.0,211.0,435.0,624,624,pg8_1,78,76.0,153.0,11628.0
pg8_1_img078.xml,pg8_1_img078,9,pg_el,271.0,372.0,313.0,407.0,624,624,pg8_1,78,42.0,35.0,1470.0
pg8_1_img078.xml,pg8_1_img078,10,pg_el,199.0,368.0,269.0,417.0,624,624,pg8_1,78,70.0,49.0,3430.0
pg8_1_img078.xml,pg8_1_img078,11,pg_el,287.0,368.0,362.0,495.0,624,624,pg8_1,78,75.0,127.0,9525.0
pg8_1_img079.xml,pg8_1_img079,0,pg_el,207.0,128.0,306.0,196.0,624,624,pg8_1,79,99.0,68.0,6732.0
pg8_1_img079.xml,pg8_1_img079,1,pg_el,322.0,193.0,368.0,231.0,624,624,pg8_1,79,46.0,38.0,1748.0
pg8_1_img079.xml,pg8_1_img079,2,pg_el,165.0,166.0,245.0,243.0,624,624,pg8_1,79,80.0,77.0,6160.0
pg8_1_img079.xml,pg8_1_img079,3,pg_el,144.0,215.0,249.0,255.0,624,624,pg8_1,79,105.0,40.0,4200.0
pg8_1_img079.xml,pg8_1_img079,4,pg_el,286.0,273.0,328.0,363.0,624,624,pg8_1,79,42.0,90.0,3780.0
pg8_1_img079.xml,pg8_1_img079,5,pg_el,364.0,334.0,404.0,373.0,624,624,pg8_1,79,40.0,39.0,1560.0
pg8_1_img079.xml,pg8_1_img079,6,pg_el,410.0,352.0,450.0,383.0,624,624,pg8_1,79,40.0,31.0,1240.0
pg8_1_img079.xml,pg8_1_img079,7,pg_el,205.0,338.0,318.0,376.0,624,624,pg8_1,79,113.0,38.0,4294.0
pg8_1_img079.xml,pg8_1_img079,8,pg_el,134.0,277.0,212.0,435.0,624,624,pg8_1,79,78.0,158.0,12324.0
pg8_1_img079.xml,pg8_1_img079,9,pg_el,271.0,372.0,313.0,407.0,624,624,pg8_1,79,42.0,35.0,1470.0
pg8_1_img079.xml,pg8_1_img079,10,pg_el,199.0,367.0,271.0,418.0,624,624,pg8_1,79,72.0,51.0,3672.0
pg8_1_img079.xml,pg8_1_img079,11,pg_el,287.0,365.0,363.0,495.0,624,624,pg8_1,79,76.0,130.0,9880.0
pg8_1_img080.xml,pg8_1_img080,0,pg_el,207.0,127.0,306.0,198.0,624,624,pg8_1,80,99.0,71.0,7029.0
pg8_1_img080.xml,pg8_1_img080,1,pg_el,322.0,193.0,368.0,231.0,624,624,pg8_1,80,46.0,38.0,1748.0
pg8_1_img080.xml,pg8_1_img080,2,pg_el,165.0,164.0,245.0,244.0,624,624,pg8_1,80,80.0,80.0,6400.0
pg8_1_img080.xml,pg8_1_img080,3,pg_el,144.0,215.0,250.0,255.0,624,624,pg8_1,80,106.0,40.0,4240.0
pg8_1_img080.xml,pg8_1_img080,4,pg_el,286.0,273.0,328.0,364.0,624,624,pg8_1,80,42.0,91.0,3822.0
pg8_1_img080.xml,pg8_1_img080,5,pg_el,364.0,334.0,404.0,373.0,624,624,pg8_1,80,40.0,39.0,1560.0
pg8_1_img080.xml,pg8_1_img080,6,pg_el,410.0,352.0,450.0,383.0,624,624,pg8_1,80,40.0,31.0,1240.0
pg8_1_img080.xml,pg8_1_img080,7,pg_el,205.0,338.0,320.0,377.0,624,624,pg8_1,80,115.0,39.0,4485.0
pg8_1_img080.xml,pg8_1_img080,8,pg_el,134.0,273.0,213.0,435.0,624,624,pg8_1,80,79.0,162.0,12798.0
pg8_1_img080.xml,pg8_1_img080,9,pg_el,271.0,372.0,313.0,407.0,624,624,pg8_1,80,42.0,35.0,1470.0
pg8_1_img080.xml,pg8_1_img080,10,pg_el,199.0,367.0,272.0,418.0,624,624,pg8_1,80,73.0,51.0,3723.0
pg8_1_img080.xml,pg8_1_img080,11,pg_el,287.0,362.0,363.0,495.0,624,624,pg8_1,80,76.0,133.0,10108.0
pg8_1_img081.xml,pg8_1_img081,0,pg_el,207.0,127.0,307.0,200.0,624,624,pg8_1,81,100.0,73.0,7300.0
pg8_1_img081.xml,pg8_1_img081,1,pg_el,321.0,193.0,369.0,231.0,624,624,pg8_1,81,48.0,38.0,1824.0
pg8_1_img081.xml,pg8_1_img081,2,pg_el,164.0,164.0,246.0,245.0,624,624,pg8_1,81,82.0,81.0,6642.0
pg8_1_img081.xml,pg8_1_img081,3,pg_el,144.0,215.0,252.0,255.0,624,624,pg8_1,81,108.0,40.0,4320.0
pg8_1_img081.xml,pg8_1_img081,4,pg_el,286.0,272.0,328.0,366.0,624,624,pg8_1,81,42.0,94.0,3948.0
pg8_1_img081.xml,pg8_1_img081,5,pg_el,364.0,334.0,405.0,373.0,624,624,pg8_1,81,41.0,39.0,1599.0
pg8_1_img081.xml,pg8_1_img081,6,pg_el,410.0,352.0,450.0,383.0,624,624,pg8_1,81,40.0,31.0,1240.0
pg8_1_img081.xml,pg8_1_img081,7,pg_el,205.0,338.0,323.0,378.0,624,624,pg8_1,81,118.0,40.0,4720.0
pg8_1_img081.xml,pg8_1_img081,8,pg_el,134.0,268.0,214.0,435.0,624,624,pg8_1,81,80.0,167.0,13360.0
pg8_1_img081.xml,pg8_1_img081,9,pg_el,271.0,372.0,313.0,407.0,624,624,pg8_1,81,42.0,35.0,1470.0
pg8_1_img081.xml,pg8_1_img081,10,pg_el,198.0,367.0,274.0,418.0,624,624,pg8_1,81,76.0,51.0,3876.0
pg8_1_img081.xml,pg8_1_img081,11,pg_el,287.0,359.0,364.0,495.0,624,624,pg8_1,81,77.0,136.0,10472.0
pg8_1_img082.xml,pg8_1_img082,0,pg_el,206.0,127.0,307.0,202.0,624,624,pg8_1,82,101.0,75.0,7575.0
pg8_1_img082.xml,pg8_1_img082,1,pg_el,321.0,193.0,369.0,231.0,624,624,pg8_1,82,48.0,38.0,1824.0
pg8_1_img082.xml,pg8_1_img082,2,pg_el,163.0,164.0,247.0,247.0,624,624,pg8_1,82,84.0,83.0,6972.0
pg8_1_img082.xml,pg8_1_img082,3,pg_el,144.0,215.0,253.0,254.0,624,624,pg8_1,82,109.0,39.0,4251.0
pg8_1_img082.xml,pg8_1_img082,4,pg_el,285.0,272.0,328.0,368.0,624,624,pg8_1,82,43.0,96.0,4128.0
pg8_1_img082.xml,pg8_1_img082,5,pg_el,364.0,333.0,405.0,373.0,624,624,pg8_1,82,41.0,40.0,1640.0
pg8_1_img082.xml,pg8_1_img082,6,pg_el,410.0,352.0,450.0,383.0,624,624,pg8_1,82,40.0,31.0,1240.0
pg8_1_img082.xml,pg8_1_img082,7,pg_el,205.0,338.0,326.0,379.0,624,624,pg8_1,82,121.0,41.0,4961.0
pg8_1_img082.xml,pg8_1_img082,8,pg_el,133.0,264.0,215.0,436.0,624,624,pg8_1,82,82.0,172.0,14104.0
pg8_1_img082.xml,pg8_1_img082,9,pg_el,271.0,372.0,313.0,407.0,624,624,pg8_1,82,42.0,35.0,1470.0
pg8_1_img082.xml,pg8_1_img082,10,pg_el,198.0,366.0,276.0,418.0,624,624,pg8_1,82,78.0,52.0,4056.0
pg8_1_img082.xml,pg8_1_img082,11,pg_el,287.0,356.0,364.0,495.0,624,624,pg8_1,82,77.0,139.0,10703.0
pg8_1_img083.xml,pg8_1_img083,0,pg_el,206.0,126.0,308.0,204.0,624,624,pg8_1,83,102.0,78.0,7956.0
pg8_1_img083.xml,pg8_1_img083,1,pg_el,321.0,193.0,369.0,231.0,624,624,pg8_1,83,48.0,38.0,1824.0
pg8_1_img083.xml,pg8_1_img083,2,pg_el,161.0,163.0,248.0,248.0,624,624,pg8_1,83,87.0,85.0,7395.0
pg8_1_img083.xml,pg8_1_img083,3,pg_el,144.0,215.0,254.0,254.0,624,624,pg8_1,83,110.0,39.0,4290.0
pg8_1_img083.xml,pg8_1_img083,4,pg_el,285.0,271.0,328.0,369.0,624,624,pg8_1,83,43.0,98.0,4214.0
pg8_1_img083.xml,pg8_1_img083,5,pg_el,364.0,333.0,405.0,373.0,624,624,pg8_1,83,41.0,40.0,1640.0
pg8_1_img083.xml,pg8_1_img083,6,pg_el,410.0,352.0,450.0,383.0,624,624,pg8_1,83,40.0,31.0,1240.0
pg8_1_img083.xml,pg8_1_img083,7,pg_el,205.0,338.0,328.0,380.0,624,624,pg8_1,83,123.0,42.0,5166.0
pg8_1_img083.xml,pg8_1_img083,8,pg_el,133.0,259.0,216.0,436.0,624,624,pg8_1,83,83.0,177.0,14691.0
pg8_1_img083.xml,pg8_1_img083,9,pg_el,271.0,372.0,313.0,407.0,624,624,pg8_1,83,42.0,35.0,1470.0
pg8_1_img083.xml,pg8_1_img083,10,pg_el,197.0,366.0,278.0,417.0,624,624,pg8_1,83,81.0,51.0,4131.0
pg8_1_img083.xml,pg8_1_img083,11,pg_el,287.0,353.0,364.0,495.0,624,624,pg8_1,83,77.0,142.0,10934.0
pg8_1_img084.xml,pg8_1_img084,0,pg_el,205.0,126.0,308.0,206.0,624,624,pg8_1,84,103.0,80.0,8240.0
pg8_1_img084.xml,pg8_1_img084,1,pg_el,321.0,193.0,369.0,231.0,624,624,pg8_1,84,48.0,38.0,1824.0
pg8_1_img084.xml,pg8_1_img084,2,pg_el,160.0,163.0,249.0,249.0,624,624,pg8_1,84,89.0,86.0,7654.0
pg8_1_img084.xml,pg8_1_img084,3,pg_el,144.0,215.0,256.0,254.0,624,624,pg8_1,84,112.0,39.0,4368.0
pg8_1_img084.xml,pg8_1_img084,4,pg_el,285.0,271.0,328.0,371.0,624,624,pg8_1,84,43.0,100.0,4300.0
pg8_1_img084.xml,pg8_1_img084,5,pg_el,364.0,333.0,405.0,374.0,624,624,pg8_1,84,41.0,41.0,1681.0
pg8_1_img084.xml,pg8_1_img084,6,pg_el,410.0,352.0,450.0,383.0,624,624,pg8_1,84,40.0,31.0,1240.0
pg8_1_img084.xml,pg8_1_img084,7,pg_el,205.0,338.0,331.0,380.0,624,624,pg8_1,84,126.0,42.0,5292.0
pg8_1_img084.xml,pg8_1_img084,8,pg_el,133.0,255.0,217.0,436.0,624,624,pg8_1,84,84.0,181.0,15204.0
pg8_1_img084.xml,pg8_1_img084,9,pg_el,271.0,372.0,313.0,407.0,624,624,pg8_1,84,42.0,35.0,1470.0
pg8_1_img084.xml,pg8_1_img084,10,pg_el,197.0,365.0,280.0,417.0,624,624,pg8_1,84,83.0,52.0,4316.0
pg8_1_img084.xml,pg8_1_img084,11,pg_el,287.0,350.0,364.0,495.0,624,624,pg8_1,84,77.0,145.0,11165.0
pg8_1_img085.xml,pg8_1_img085,0,pg_el,205.0,126.0,309.0,208.0,624,624,pg8_1,85,104.0,82.0,8528.0
pg8_1_img085.xml,pg8_1_img085,1,pg_el,321.0,192.0,369.0,231.0,624,624,pg8_1,85,48.0,39.0,1872.0
pg8_1_img085.xml,pg8_1_img085,2,pg_el,159.0,163.0,250.0,251.0,624,624,pg8_1,85,91.0,88.0,8008.0
pg8_1_img085.xml,pg8_1_img085,3,pg_el,144.0,215.0,257.0,254.0,624,624,pg8_1,85,113.0,39.0,4407.0
pg8_1_img085.xml,pg8_1_img085,4,pg_el,285.0,271.0,329.0,373.0,624,624,pg8_1,85,44.0,102.0,4488.0
pg8_1_img085.xml,pg8_1_img085,5,pg_el,363.0,333.0,405.0,374.0,624,624,pg8_1,85,42.0,41.0,1722.0
pg8_1_img085.xml,pg8_1_img085,6,pg_el,410.0,352.0,450.0,383.0,624,624,pg8_1,85,40.0,31.0,1240.0
pg8_1_img085.xml,pg8_1_img085,7,pg_el,205.0,338.0,334.0,381.0,624,624,pg8_1,85,129.0,43.0,5547.0
pg8_1_img085.xml,pg8_1_img085,8,pg_el,133.0,250.0,218.0,437.0,624,624,pg8_1,85,85.0,187.0,15895.0
pg8_1_img085.xml,pg8_1_img085,9,pg_el,271.0,372.0,313.0,407.0,624,624,pg8_1,85,42.0,35.0,1470.0
pg8_1_img085.xml,pg8_1_img085,10,pg_el,196.0,365.0,282.0,417.0,624,624,pg8_1,85,86.0,52.0,4472.0
pg8_1_img085.xml,pg8_1_img085,11,pg_el,287.0,347.0,364.0,495.0,624,624,pg8_1,85,77.0,148.0,11396.0
pg8_1_img086.xml,pg8_1_img086,0,pg_el,206.0,126.0,310.0,209.0,624,624,pg8_1,86,104.0,83.0,8632.0
pg8_1_img086.xml,pg8_1_img086,1,pg_el,321.0,192.0,369.0,231.0,624,624,pg8_1,86,48.0,39.0,1872.0
pg8_1_img086.xml,pg8_1_img086,2,pg_el,158.0,162.0,251.0,252.0,624,624,pg8_1,86,93.0,90.0,8370.0
pg8_1_img086.xml,pg8_1_img086,3,pg_el,144.0,215.0,258.0,254.0,624,624,pg8_1,86,114.0,39.0,4446.0
pg8_1_img086.xml,pg8_1_img086,4,pg_el,285.0,270.0,329.0,374.0,624,624,pg8_1,86,44.0,104.0,4576.0
pg8_1_img086.xml,pg8_1_img086,5,pg_el,363.0,333.0,405.0,374.0,624,624,pg8_1,86,42.0,41.0,1722.0
pg8_1_img086.xml,pg8_1_img086,6,pg_el,410.0,352.0,450.0,383.0,624,624,pg8_1,86,40.0,31.0,1240.0
pg8_1_img086.xml,pg8_1_img086,7,pg_el,205.0,338.0,336.0,382.0,624,624,pg8_1,86,131.0,44.0,5764.0
pg8_1_img086.xml,pg8_1_img086,8,pg_el,132.0,246.0,219.0,437.0,624,624,pg8_1,86,87.0,191.0,16617.0
pg8_1_img086.xml,pg8_1_img086,9,pg_el,271.0,372.0,313.0,407.0,624,624,pg8_1,86,42.0,35.0,1470.0
pg8_1_img086.xml,pg8_1_img086,10,pg_el,196.0,365.0,284.0,416.0,624,624,pg8_1,86,88.0,51.0,4488.0
pg8_1_img086.xml,pg8_1_img086,11,pg_el,287.0,344.0,365.0,495.0,624,624,pg8_1,86,78.0,151.0,11778.0
pg8_1_img087.xml,pg8_1_img087,0,pg_el,206.0,126.0,311.0,211.0,624,624,pg8_1,87,105.0,85.0,8925.0
pg8_1_img087.xml,pg8_1_img087,1,pg_el,321.0,192.0,369.0,231.0,624,624,pg8_1,87,48.0,39.0,1872.0
pg8_1_img087.xml,pg8_1_img087,2,pg_el,157.0,162.0,252.0,253.0,624,624,pg8_1,87,95.0,91.0,8645.0
pg8_1_img087.xml,pg8_1_img087,3,pg_el,144.0,215.0,259.0,254.0,624,624,pg8_1,87,115.0,39.0,4485.0
pg8_1_img087.xml,pg8_1_img087,4,pg_el,284.0,270.0,329.0,376.0,624,624,pg8_1,87,45.0,106.0,4770.0
pg8_1_img087.xml,pg8_1_img087,5,pg_el,363.0,333.0,405.0,374.0,624,624,pg8_1,87,42.0,41.0,1722.0
pg8_1_img087.xml,pg8_1_img087,6,pg_el,410.0,352.0,450.0,383.0,624,624,pg8_1,87,40.0,31.0,1240.0
pg8_1_img087.xml,pg8_1_img087,7,pg_el,205.0,338.0,339.0,383.0,624,624,pg8_1,87,134.0,45.0,6030.0
pg8_1_img087.xml,pg8_1_img087,8,pg_el,132.0,244.0,220.0,437.0,624,624,pg8_1,87,88.0,193.0,16984.0
pg8_1_img087.xml,pg8_1_img087,9,pg_el,271.0,372.0,313.0,407.0,624,624,pg8_1,87,42.0,35.0,1470.0
pg8_1_img087.xml,pg8_1_img087,10,pg_el,195.0,364.0,286.0,416.0,624,624,pg8_1,87,91.0,52.0,4732.0
pg8_1_img087.xml,pg8_1_img087,11,pg_el,287.0,341.0,365.0,495.0,624,624,pg8_1,87,78.0,154.0,12012.0
pg8_1_img088.xml,pg8_1_img088,0,pg_el,206.0,126.0,312.0,213.0,624,624,pg8_1,88,106.0,87.0,9222.0
pg8_1_img088.xml,pg8_1_img088,1,pg_el,322.0,191.0,369.0,231.0,624,624,pg8_1,88,47.0,40.0,1880.0
pg8_1_img088.xml,pg8_1_img088,2,pg_el,155.0,162.0,252.0,255.0,624,624,pg8_1,88,97.0,93.0,9021.0
pg8_1_img088.xml,pg8_1_img088,3,pg_el,144.0,215.0,260.0,254.0,624,624,pg8_1,88,116.0,39.0,4524.0
pg8_1_img088.xml,pg8_1_img088,4,pg_el,284.0,270.0,329.0,378.0,624,624,pg8_1,88,45.0,108.0,4860.0
pg8_1_img088.xml,pg8_1_img088,5,pg_el,363.0,333.0,405.0,374.0,624,624,pg8_1,88,42.0,41.0,1722.0
pg8_1_img088.xml,pg8_1_img088,6,pg_el,410.0,352.0,450.0,383.0,624,624,pg8_1,88,40.0,31.0,1240.0
pg8_1_img088.xml,pg8_1_img088,7,pg_el,205.0,338.0,341.0,384.0,624,624,pg8_1,88,136.0,46.0,6256.0
pg8_1_img088.xml,pg8_1_img088,8,pg_el,132.0,242.0,220.0,437.0,624,624,pg8_1,88,88.0,195.0,17160.0
pg8_1_img088.xml,pg8_1_img088,9,pg_el,271.0,372.0,313.0,407.0,624,624,pg8_1,88,42.0,35.0,1470.0
pg8_1_img088.xml,pg8_1_img088,10,pg_el,195.0,364.0,288.0,416.0,624,624,pg8_1,88,93.0,52.0,4836.0
pg8_1_img088.xml,pg8_1_img088,11,pg_el,287.0,338.0,365.0,495.0,624,624,pg8_1,88,78.0,157.0,12246.0
pg8_1_img089.xml,pg8_1_img089,0,pg_el,206.0,126.0,313.0,214.0,624,624,pg8_1,89,107.0,88.0,9416.0
pg8_1_img089.xml,pg8_1_img089,1,pg_el,321.0,191.0,369.0,231.0,624,624,pg8_1,89,48.0,40.0,1920.0
pg8_1_img089.xml,pg8_1_img089,2,pg_el,154.0,161.0,253.0,256.0,624,624,pg8_1,89,99.0,95.0,9405.0
pg8_1_img089.xml,pg8_1_img089,3,pg_el,144.0,215.0,262.0,254.0,624,624,pg8_1,89,118.0,39.0,4602.0
pg8_1_img089.xml,pg8_1_img089,4,pg_el,284.0,269.0,329.0,379.0,624,624,pg8_1,89,45.0,110.0,4950.0
pg8_1_img089.xml,pg8_1_img089,5,pg_el,363.0,333.0,405.0,374.0,624,624,pg8_1,89,42.0,41.0,1722.0
pg8_1_img089.xml,pg8_1_img089,6,pg_el,410.0,352.0,450.0,383.0,624,624,pg8_1,89,40.0,31.0,1240.0
pg8_1_img089.xml,pg8_1_img089,7,pg_el,205.0,338.0,344.0,384.0,624,624,pg8_1,89,139.0,46.0,6394.0
pg8_1_img089.xml,pg8_1_img089,8,pg_el,132.0,240.0,221.0,437.0,624,624,pg8_1,89,89.0,197.0,17533.0
pg8_1_img089.xml,pg8_1_img089,9,pg_el,271.0,372.0,313.0,407.0,624,624,pg8_1,89,42.0,35.0,1470.0
pg8_1_img089.xml,pg8_1_img089,10,pg_el,194.0,363.0,289.0,416.0,624,624,pg8_1,89,95.0,53.0,5035.0
pg8_1_img089.xml,pg8_1_img089,11,pg_el,287.0,334.0,366.0,495.0,624,624,pg8_1,89,79.0,161.0,12719.0
pg8_1_img090.xml,pg8_1_img090,0,pg_el,206.0,126.0,315.0,216.0,624,624,pg8_1,90,109.0,90.0,9810.0
pg8_1_img090.xml,pg8_1_img090,1,pg_el,321.0,191.0,369.0,231.0,624,624,pg8_1,90,48.0,40.0,1920.0
pg8_1_img090.xml,pg8_1_img090,2,pg_el,154.0,160.0,248.0,266.0,624,624,pg8_1,90,94.0,106.0,9964.0
pg8_1_img090.xml,pg8_1_img090,3,pg_el,144.0,215.0,264.0,255.0,624,624,pg8_1,90,120.0,40.0,4800.0
pg8_1_img090.xml,pg8_1_img090,4,pg_el,284.0,269.0,330.0,381.0,624,624,pg8_1,90,46.0,112.0,5152.0
pg8_1_img090.xml,pg8_1_img090,5,pg_el,363.0,333.0,405.0,374.0,624,624,pg8_1,90,42.0,41.0,1722.0
pg8_1_img090.xml,pg8_1_img090,6,pg_el,410.0,352.0,450.0,383.0,624,624,pg8_1,90,40.0,31.0,1240.0
pg8_1_img090.xml,pg8_1_img090,7,pg_el,205.0,338.0,347.0,385.0,624,624,pg8_1,90,142.0,47.0,6674.0
pg8_1_img090.xml,pg8_1_img090,8,pg_el,132.0,238.0,222.0,437.0,624,624,pg8_1,90,90.0,199.0,17910.0
pg8_1_img090.xml,pg8_1_img090,9,pg_el,271.0,372.0,313.0,407.0,624,624,pg8_1,90,42.0,35.0,1470.0
pg8_1_img090.xml,pg8_1_img090,10,pg_el,194.0,362.0,290.0,417.0,624,624,pg8_1,90,96.0,55.0,5280.0
pg8_1_img090.xml,pg8_1_img090,11,pg_el,287.0,331.0,366.0,495.0,624,624,pg8_1,90,79.0,164.0,12956.0
pg8_1_img091.xml,pg8_1_img091,0,pg_el,206.0,126.0,316.0,218.0,624,624,pg8_1,91,110.0,92.0,10120.0
pg8_1_img091.xml,pg8_1_img091,1,pg_el,321.0,191.0,369.0,231.0,624,624,pg8_1,91,48.0,40.0,1920.0
pg8_1_img091.xml,pg8_1_img091,2,pg_el,154.0,159.0,243.0,269.0,624,624,pg8_1,91,89.0,110.0,9790.0
pg8_1_img091.xml,pg8_1_img091,3,pg_el,144.0,215.0,266.0,256.0,624,624,pg8_1,91,122.0,41.0,5002.0
pg8_1_img091.xml,pg8_1_img091,4,pg_el,284.0,269.0,330.0,382.0,624,624,pg8_1,91,46.0,113.0,5198.0
pg8_1_img091.xml,pg8_1_img091,5,pg_el,363.0,333.0,405.0,374.0,624,624,pg8_1,91,42.0,41.0,1722.0
pg8_1_img091.xml,pg8_1_img091,6,pg_el,410.0,352.0,450.0,383.0,624,624,pg8_1,91,40.0,31.0,1240.0
pg8_1_img091.xml,pg8_1_img091,7,pg_el,205.0,338.0,350.0,385.0,624,624,pg8_1,91,145.0,47.0,6815.0
pg8_1_img091.xml,pg8_1_img091,8,pg_el,132.0,236.0,222.0,437.0,624,624,pg8_1,91,90.0,201.0,18090.0
pg8_1_img091.xml,pg8_1_img091,9,pg_el,271.0,372.0,313.0,407.0,624,624,pg8_1,91,42.0,35.0,1470.0
pg8_1_img091.xml,pg8_1_img091,10,pg_el,193.0,361.0,291.0,417.0,624,624,pg8_1,91,98.0,56.0,5488.0
pg8_1_img091.xml,pg8_1_img091,11,pg_el,287.0,327.0,366.0,495.0,624,624,pg8_1,91,79.0,168.0,13272.0
pg8_1_img092.xml,pg8_1_img092,0,pg_el,206.0,126.0,317.0,220.0,624,624,pg8_1,92,111.0,94.0,10434.0
pg8_1_img092.xml,pg8_1_img092,1,pg_el,320.0,191.0,369.0,231.0,624,624,pg8_1,92,49.0,40.0,1960.0
pg8_1_img092.xml,pg8_1_img092,2,pg_el,153.0,157.0,238.0,271.0,624,624,pg8_1,92,85.0,114.0,9690.0
pg8_1_img092.xml,pg8_1_img092,3,pg_el,144.0,215.0,268.0,257.0,624,624,pg8_1,92,124.0,42.0,5208.0
pg8_1_img092.xml,pg8_1_img092,4,pg_el,284.0,268.0,330.0,384.0,624,624,pg8_1,92,46.0,116.0,5336.0
pg8_1_img092.xml,pg8_1_img092,5,pg_el,363.0,333.0,405.0,374.0,624,624,pg8_1,92,42.0,41.0,1722.0
pg8_1_img092.xml,pg8_1_img092,6,pg_el,410.0,352.0,450.0,383.0,624,624,pg8_1,92,40.0,31.0,1240.0
pg8_1_img092.xml,pg8_1_img092,7,pg_el,205.0,338.0,353.0,386.0,624,624,pg8_1,92,148.0,48.0,7104.0
pg8_1_img092.xml,pg8_1_img092,8,pg_el,132.0,234.0,223.0,437.0,624,624,pg8_1,92,91.0,203.0,18473.0
pg8_1_img092.xml,pg8_1_img092,9,pg_el,271.0,372.0,313.0,407.0,624,624,pg8_1,92,42.0,35.0,1470.0
pg8_1_img092.xml,pg8_1_img092,10,pg_el,192.0,361.0,292.0,418.0,624,624,pg8_1,92,100.0,57.0,5700.0
pg8_1_img092.xml,pg8_1_img092,11,pg_el,287.0,324.0,367.0,495.0,624,624,pg8_1,92,80.0,171.0,13680.0
pg8_1_img093.xml,pg8_1_img093,0,pg_el,207.0,126.0,318.0,221.0,624,624,pg8_1,93,111.0,95.0,10545.0
pg8_1_img093.xml,pg8_1_img093,1,pg_el,320.0,191.0,369.0,231.0,624,624,pg8_1,93,49.0,40.0,1960.0
pg8_1_img093.xml,pg8_1_img093,2,pg_el,146.0,156.0,242.0,267.0,624,624,pg8_1,93,96.0,111.0,10656.0
pg8_1_img093.xml,pg8_1_img093,3,pg_el,144.0,215.0,270.0,258.0,624,624,pg8_1,93,126.0,43.0,5418.0
pg8_1_img093.xml,pg8_1_img093,4,pg_el,284.0,268.0,330.0,386.0,624,624,pg8_1,93,46.0,118.0,5428.0
pg8_1_img093.xml,pg8_1_img093,5,pg_el,363.0,333.0,405.0,374.0,624,624,pg8_1,93,42.0,41.0,1722.0
pg8_1_img093.xml,pg8_1_img093,6,pg_el,410.0,352.0,450.0,383.0,624,624,pg8_1,93,40.0,31.0,1240.0
pg8_1_img093.xml,pg8_1_img093,7,pg_el,205.0,338.0,355.0,386.0,624,624,pg8_1,93,150.0,48.0,7200.0
pg8_1_img093.xml,pg8_1_img093,8,pg_el,132.0,232.0,223.0,437.0,624,624,pg8_1,93,91.0,205.0,18655.0
pg8_1_img093.xml,pg8_1_img093,9,pg_el,271.0,372.0,313.0,407.0,624,624,pg8_1,93,42.0,35.0,1470.0
pg8_1_img093.xml,pg8_1_img093,10,pg_el,192.0,360.0,293.0,418.0,624,624,pg8_1,93,101.0,58.0,5858.0
pg8_1_img093.xml,pg8_1_img093,11,pg_el,287.0,320.0,367.0,495.0,624,624,pg8_1,93,80.0,175.0,14000.0
pg8_1_img094.xml,pg8_1_img094,0,pg_el,207.0,126.0,319.0,223.0,624,624,pg8_1,94,112.0,97.0,10864.0
pg8_1_img094.xml,pg8_1_img094,1,pg_el,320.0,191.0,369.0,231.0,624,624,pg8_1,94,49.0,40.0,1960.0
pg8_1_img094.xml,pg8_1_img094,2,pg_el,147.0,152.0,242.0,266.0,624,624,pg8_1,94,95.0,114.0,10830.0
pg8_1_img094.xml,pg8_1_img094,3,pg_el,144.0,215.0,272.0,259.0,624,624,pg8_1,94,128.0,44.0,5632.0
pg8_1_img094.xml,pg8_1_img094,4,pg_el,284.0,268.0,330.0,389.0,624,624,pg8_1,94,46.0,121.0,5566.0
pg8_1_img094.xml,pg8_1_img094,5,pg_el,363.0,333.0,405.0,374.0,624,624,pg8_1,94,42.0,41.0,1722.0
pg8_1_img094.xml,pg8_1_img094,6,pg_el,410.0,352.0,450.0,383.0,624,624,pg8_1,94,40.0,31.0,1240.0
pg8_1_img094.xml,pg8_1_img094,7,pg_el,205.0,338.0,358.0,387.0,624,624,pg8_1,94,153.0,49.0,7497.0
pg8_1_img094.xml,pg8_1_img094,8,pg_el,132.0,230.0,224.0,437.0,624,624,pg8_1,94,92.0,207.0,19044.0
pg8_1_img094.xml,pg8_1_img094,9,pg_el,271.0,372.0,313.0,407.0,624,624,pg8_1,94,42.0,35.0,1470.0
pg8_1_img094.xml,pg8_1_img094,10,pg_el,191.0,359.0,294.0,418.0,624,624,pg8_1,94,103.0,59.0,6077.0
pg8_1_img094.xml,pg8_1_img094,11,pg_el,287.0,317.0,367.0,495.0,624,624,pg8_1,94,80.0,178.0,14240.0
pg8_1_img095.xml,pg8_1_img095,0,pg_el,207.0,126.0,320.0,225.0,624,624,pg8_1,95,113.0,99.0,11187.0
pg8_1_img095.xml,pg8_1_img095,1,pg_el,319.0,190.0,369.0,231.0,624,624,pg8_1,95,50.0,41.0,2050.0
pg8_1_img095.xml,pg8_1_img095,2,pg_el,148.0,149.0,243.0,266.0,624,624,pg8_1,95,95.0,117.0,11115.0
pg8_1_img095.xml,pg8_1_img095,3,pg_el,144.0,215.0,274.0,260.0,624,624,pg8_1,95,130.0,45.0,5850.0
pg8_1_img095.xml,pg8_1_img095,4,pg_el,284.0,268.0,330.0,392.0,624,624,pg8_1,95,46.0,124.0,5704.0
pg8_1_img095.xml,pg8_1_img095,5,pg_el,363.0,333.0,405.0,374.0,624,624,pg8_1,95,42.0,41.0,1722.0
pg8_1_img095.xml,pg8_1_img095,6,pg_el,410.0,352.0,450.0,383.0,624,624,pg8_1,95,40.0,31.0,1240.0
pg8_1_img095.xml,pg8_1_img095,7,pg_el,205.0,338.0,361.0,387.0,624,624,pg8_1,95,156.0,49.0,7644.0
pg8_1_img095.xml,pg8_1_img095,8,pg_el,132.0,217.0,227.0,437.0,624,624,pg8_1,95,95.0,220.0,20900.0
pg8_1_img095.xml,pg8_1_img095,9,pg_el,271.0,372.0,313.0,407.0,624,624,pg8_1,95,42.0,35.0,1470.0
pg8_1_img095.xml,pg8_1_img095,10,pg_el,191.0,358.0,294.0,419.0,624,624,pg8_1,95,103.0,61.0,6283.0
pg8_1_img095.xml,pg8_1_img095,11,pg_el,287.0,313.0,368.0,495.0,624,624,pg8_1,95,81.0,182.0,14742.0
pg8_1_img096.xml,pg8_1_img096,0,pg_el,207.0,126.0,322.0,228.0,624,624,pg8_1,96,115.0,102.0,11730.0
pg8_1_img096.xml,pg8_1_img096,1,pg_el,319.0,190.0,369.0,231.0,624,624,pg8_1,96,50.0,41.0,2050.0
pg8_1_img096.xml,pg8_1_img096,2,pg_el,150.0,145.0,243.0,266.0,624,624,pg8_1,96,93.0,121.0,11253.0
pg8_1_img096.xml,pg8_1_img096,3,pg_el,144.0,215.0,275.0,260.0,624,624,pg8_1,96,131.0,45.0,5895.0
pg8_1_img096.xml,pg8_1_img096,4,pg_el,284.0,268.0,330.0,396.0,624,624,pg8_1,96,46.0,128.0,5888.0
pg8_1_img096.xml,pg8_1_img096,5,pg_el,363.0,333.0,405.0,374.0,624,624,pg8_1,96,42.0,41.0,1722.0
pg8_1_img096.xml,pg8_1_img096,6,pg_el,410.0,352.0,450.0,383.0,624,624,pg8_1,96,40.0,31.0,1240.0
pg8_1_img096.xml,pg8_1_img096,7,pg_el,205.0,338.0,364.0,388.0,624,624,pg8_1,96,159.0,50.0,7950.0
pg8_1_img096.xml,pg8_1_img096,8,pg_el,132.0,204.0,229.0,437.0,624,624,pg8_1,96,97.0,233.0,22601.0
pg8_1_img096.xml,pg8_1_img096,9,pg_el,271.0,372.0,313.0,407.0,624,624,pg8_1,96,42.0,35.0,1470.0
pg8_1_img096.xml,pg8_1_img096,10,pg_el,189.0,358.0,296.0,420.0,624,624,pg8_1,96,107.0,62.0,6634.0
pg8_1_img096.xml,pg8_1_img096,11,pg_el,287.0,310.0,368.0,495.0,624,624,pg8_1,96,81.0,185.0,14985.0
pg8_1_img097.xml,pg8_1_img097,0,pg_el,207.0,126.0,324.0,231.0,624,624,pg8_1,97,117.0,105.0,12285.0
pg8_1_img097.xml,pg8_1_img097,1,pg_el,318.0,190.0,369.0,231.0,624,624,pg8_1,97,51.0,41.0,2091.0
pg8_1_img097.xml,pg8_1_img097,2,pg_el,151.0,141.0,244.0,266.0,624,624,pg8_1,97,93.0,125.0,11625.0
pg8_1_img097.xml,pg8_1_img097,3,pg_el,144.0,215.0,277.0,260.0,624,624,pg8_1,97,133.0,45.0,5985.0
pg8_1_img097.xml,pg8_1_img097,4,pg_el,284.0,268.0,330.0,399.0,624,624,pg8_1,97,46.0,131.0,6026.0
pg8_1_img097.xml,pg8_1_img097,5,pg_el,363.0,333.0,405.0,374.0,624,624,pg8_1,97,42.0,41.0,1722.0
pg8_1_img097.xml,pg8_1_img097,6,pg_el,410.0,352.0,450.0,383.0,624,624,pg8_1,97,40.0,31.0,1240.0
pg8_1_img097.xml,pg8_1_img097,7,pg_el,205.0,338.0,367.0,388.0,624,624,pg8_1,97,162.0,50.0,8100.0
pg8_1_img097.xml,pg8_1_img097,8,pg_el,132.0,196.0,231.0,437.0,624,624,pg8_1,97,99.0,241.0,23859.0
pg8_1_img097.xml,pg8_1_img097,9,pg_el,271.0,372.0,313.0,407.0,624,624,pg8_1,97,42.0,35.0,1470.0
pg8_1_img097.xml,pg8_1_img097,10,pg_el,187.0,357.0,298.0,421.0,624,624,pg8_1,97,111.0,64.0,7104.0
pg8_1_img097.xml,pg8_1_img097,11,pg_el,287.0,304.0,368.0,495.0,624,624,pg8_1,97,81.0,191.0,15471.0
