group,track_id,median_movement,max_movement,movement_std,std_center_x,std_center_y,min_center_x,min_center_y,mean_height,max_width,max_height,height_change,width_growth_ratio,mean_area,max_area,area_growth_ratio,mean_match_cost,zm_el_count_75pct,observed_zm_el_75pct,width_growth_early_late,height_growth_early_late,germination_target,final_label
zm1_10,1,0.0,0.0017917211358171,0.0003671313188607,0.0006808678564789,0.0005323299832221,0.5576923076923077,0.2059294871794871,0.1331018518518518,0.1266025641025641,0.1362179487179487,0.0096153846153846,1.097222222222222,0.0167096414091606,0.0172455415844838,1.1805555555555556,0.0008818707603269,0,0,0.0032051282051281,0.0048744658119657,1,GERMINATED
zm1_10,2,0.0,0.000801282051282,0.0002882797775771,0.0002214626596124,0.000934829059829,0.2900641025641026,0.2732371794871794,0.1372863247863247,0.110576923076923,0.141025641025641,0.016025641025641,1.0147058823529411,0.0151636493032727,0.015594181459566,1.1447963800904977,0.0007328819498488,0,0,0.000400641025641,0.0082799145299145,0,NON-GERMINATED
zm1_10,3,0.0,0.0016025641025641,0.0003076093963916,0.000373606889503,0.0012251416684459,0.4246794871794871,0.3926282051282051,0.1215945512820512,0.1073717948717948,0.1266025641025641,0.0048076923076923,1.0151515151515151,0.0129943308153444,0.0135935445430637,1.0552232854864432,0.000718208571993,6,1,0.0015357905982906,0.0036725427350427,1,GERMINATED
zm1_10,4,0.0,0.0016025641025641,0.0003655641850439,0.0011331839442092,0.0005821179144685,0.6875,0.40625,0.1139155982905982,0.1330128205128205,0.1185897435897435,0.0128205128205128,1.064102564102564,0.0146041715177332,0.0157739562787639,1.193084693084693,0.0012191585556902,13,1,0.0042735042735043,0.0076121794871794,1,GERMINATED
zm1_10,5,0.0,0.0017917211358171,0.0004860248478816,0.0008779862412444,0.00331004387066,0.875,0.5240384615384616,0.1258680555555555,0.110576923076923,0.1298076923076923,0.0080128205128205,1.0625,0.0136679870128387,0.0141457100591715,1.132401315789474,0.001647434884041,0,0,0.0015357905982905,0.0068776709401709,0,NON-GERMINATED
zm1_10,6,0.0,0.0016025641025641,0.0002723744268723,0.0005972403786057,0.0009924099363251,0.2211538461538461,0.5576923076923077,0.1038995726495726,0.1442307692307692,0.1057692307692307,0.0048076923076923,1.0227272727272727,0.014792756729856,0.0152551775147928,1.0714285714285714,0.0005355722524934,11,1,0.0026041666666666,0.0030715811965811,1,GERMINATED
zm1_10,7,0.0,0.000801282051282,0.0002214626596123,0.0008193181231884,0.0004768582016922,0.3870192307692308,0.5713141025641025,0.1326121794871795,0.1201923076923077,0.1330128205128205,0.0032051282051281,1.0273972602739727,0.0158157610581488,0.0159871178500986,1.052765093860984,0.0004213873594796,0,0,0.0014690170940171,0.001201923076923,1,GERMINATED
zm1_10,8,0.0,0.000801282051282,0.0002373879207587,0.0010226500184882,0.0003950373786791,0.6193910256410257,0.594551282051282,0.1072382478632478,0.1137820512820512,0.1089743589743589,0.0080128205128205,1.028985507246377,0.0119408646426875,0.0123993261012491,1.110651023694502,0.0006967158170438,0,0,0.0038060897435897,0.0030715811965811,0,NON-GERMINATED
zm1_10,9,0.0,0.0024038461538461,0.0003929942036816,0.0009607034301507,0.0007474623669073,0.4391025641025641,0.7347756410256411,0.1199919871794871,0.1442307692307692,0.1201923076923077,0.0064102564102564,1.0588235294117647,0.0167142427884615,0.0173354289940828,1.1184755592377795,0.0007500597518573,0,0,0.0040731837606837,0.0006009615384615,1,GERMINATED
zm1_10,10,0.0,0.0011331839442092,0.0003014510721445,0.0009954006310095,0.0006631751653952,0.6963141025641025,0.7788461538461539,0.1012954059829059,0.1266025641025641,0.1041666666666666,0.0112179487179487,1.0394736842105263,0.0127462486987727,0.013187767094017,1.1649274047186933,0.0009401606371744,0,0,0.0021367521367521,0.0067441239316239,0,NON-GERMINATED
zm1_11,1,0.0,0.0011331839442092,0.0003232048101893,0.0017437632128701,0.0003440977749675,0.6065705128205128,0.1899038461538461,0.1039886039886039,0.1346153846153846,0.1057692307692307,-0.001602564102564,1.1506849315068493,0.0133715725788041,0.0140224358974358,1.133250311332503,0.0009900984259609,14,1,0.0073450854700854,0.000534188034188,1,GERMINATED
zm1_11,2,0.0,0.0011331839442092,0.000254029438731,0.0003642064675025,0.0009489645533615,0.4198717948717949,0.2604166666666667,0.1317886396011395,0.1185897435897435,0.1330128205128205,0.0064102564102564,1.0277777777777777,0.015539571291274,0.0157739562787639,1.0798171589310828,0.0005408849707327,0,0,0.0019364316239316,0.0034054487179487,0,NON-GERMINATED
zm1_11,3,0.0,0.000801282051282,0.0002649991297139,0.000841025179394,0.0006389200540601,0.6899038461538461,0.3245192307692308,0.1336805555555555,0.125,0.1346153846153846,0.0032051282051281,1.04,0.0165844767582548,0.016826923076923,1.0653658536585364,0.0006080847508164,0,0,0.0028712606837606,0.0028044871794871,0,NON-GERMINATED
zm1_11,4,0.0,0.0011331839442092,0.0003317788796524,0.0006609302782808,0.0008608920764696,0.3165064102564102,0.375801282051282,0.1343037749287748,0.1025641025641025,0.1362179487179487,0.0096153846153846,1.0491803278688523,0.0136129131396559,0.0139710716633793,1.1288649097323096,0.0011006948079831,5,1,0.0020032051282051,0.0047409188034188,1,GERMINATED
zm1_11,5,0.0,0.0022663678884184,0.0004536033102032,0.0008313234240109,0.0010992306111881,0.2315705128205128,0.469551282051282,0.1239761396011396,0.1201923076923077,0.1298076923076923,0.0112179487179487,1.0869565217391306,0.01441405251251,0.0156018860946745,1.1897767332549944,0.0016238517670298,20,1,0.0065438034188034,0.0081463675213675,1,GERMINATED
zm1_11,6,0.0,0.000801282051282,0.0002882797775771,0.0003691044326873,0.0005505159457813,0.7964743589743589,0.4711538461538461,0.1188790954415954,0.1298076923076923,0.1233974358974359,-0.0016025641025641,1.051948051948052,0.0151306905864197,0.0158099112426035,1.0382863889357397,0.000908575906137,2,1,0.0038728632478632,0.0018028846153846,1,GERMINATED
zm1_11,7,0.0,0.0017917211358171,0.0004363029153244,0.00086290384504,0.0012125413860399,0.5384615384615384,0.5040064102564102,0.1446981837606837,0.1121794871794871,0.1490384615384615,0.0112179487179487,1.1111111111111112,0.0158104819563152,0.0165392833662064,1.2026143790849677,0.00162066270541,0,0,0.0059428418803418,0.0072115384615384,0,NON-GERMINATED
zm1_11,8,0.0,0.0011331839442092,0.0003166569181969,0.0011969149347566,0.0009712172466734,0.7283653846153846,0.5921474358974359,0.1322115384615384,0.1057692307692307,0.1346153846153846,0.0128205128205128,1.0819672131147542,0.01376600709283,0.0142381656804733,1.195858498705781,0.0009418862867219,0,0,0.0048076923076922,0.0070112179487179,0,NON-GERMINATED
zm1_11,9,0.0,0.0025338763302631,0.0004556620896968,0.0009660387483282,0.0011409718673584,0.3453525641025641,0.6618589743589743,0.1344595797720797,0.1346153846153846,0.1362179487179487,0.0064102564102564,1.0246913580246912,0.0177652477582365,0.0183370315581854,1.075925925925926,0.0015642661424957,6,1,-0.000801282051282,-0.001201923076923,1,GERMINATED
zm1_11,10,0.0,0.0016025641025641,0.0003440977749674,0.0013871471199148,0.000880170027141,0.5761217948717948,0.7067307692307693,0.1364627849002849,0.1073717948717948,0.1378205128205128,0.0,1.0,0.0144343128492767,0.0147980358316896,1.0,0.00105863750642,0,0,0.00133547008547,0.0012686965811966,0,NON-GERMINATED
zm1_12,1,0.0,0.0025338763302631,0.0005801457233696,0.0012125413860399,0.0023810682194295,0.5176282051282052,0.2604166666666667,0.0987802706552706,0.1522435897435897,0.110576923076923,0.0192307692307692,1.0795454545454544,0.0144984824722404,0.0168346277120315,1.3068181818181817,0.0025463158956298,22,1,0.0062767094017094,0.0088141025641025,1,GERMINATED
zm1_12,2,0.0,0.0011331839442092,0.0002394289945748,0.000133547008547,0.0003848739419914,0.3157051282051282,0.2788461538461538,0.1071047008547008,0.1394230769230769,0.1089743589743589,0.0096153846153846,1.0609756097560976,0.0147702492078493,0.015193540433925,1.1636506687647523,0.0007752738344631,0,0,0.0038728632478632,0.0047409188034188,1,GERMINATED
zm1_12,3,0.000801282051282,0.0085177450422553,0.0019709744305496,0.0038031599534984,0.0160466331083665,0.6706730769230769,0.3060897435897436,0.1109330484330484,0.2003205128205128,0.1217948717948717,0.016025641025641,1.358695652173913,0.0181041446941887,0.0243980111768573,1.5645586297760212,0.0089323225703873,36,1,0.0229033119658119,0.0120192307692307,1,GERMINATED
zm1_12,4,0.0,0.0011331839442092,0.0003472259487409,0.0032565730042405,0.0006654124790276,0.2980769230769231,0.4278846153846153,0.1034766737891737,0.1666666666666666,0.1041666666666666,0.0048076923076923,1.1555555555555557,0.0162070923163671,0.0173611111111111,1.211469534050179,0.0010399998833883,17,1,0.0148904914529914,0.0020699786324786,1,GERMINATED
zm1_12,5,0.0,0.000801282051282,0.0002771078080036,0.0005465646882927,0.0006263909935661,0.7339743589743589,0.5184294871794872,0.1476584757834757,0.1073717948717948,0.1522435897435897,0.0096153846153846,1.0307692307692309,0.0154818578671743,0.0163466674884944,1.1002592912705271,0.0006835405722998,4,1,0.0020699786324786,0.0064102564102563,1,GERMINATED
zm1_12,6,0.0,0.000801282051282,0.0001316791262263,0.0004078410390359,5.551115123125785e-16,0.5544871794871795,0.5448717948717948,0.1025641025641025,0.1538461538461538,0.1025641025641025,0.0,1.021276595744681,0.0157494155891591,0.0157790927021696,1.021276595744681,0.0001162737573099,0,0,0.0008680555555555,0.0,0,NON-GERMINATED
zm1_12,7,0.0,0.0016025641025641,0.0003720223957921,0.0012239279556059,0.0007487867752405,0.3717948717948718,0.6145833333333334,0.1239538817663817,0.1362179487179487,0.1266025641025641,0.0064102564102564,1.0375,0.0166443303587734,0.0170426528599605,1.092833333333333,0.0011417010278823,0,0,-0.00133547008547,0.0055422008547008,0,NON-GERMINATED
zm1_12,8,0.0,0.0016025641025641,0.0004040633120687,0.0009149432162155,0.0019439641703078,0.7724358974358975,0.6418269230769231,0.1176994301994302,0.1650641025641025,0.1266025641025641,0.016025641025641,1.0842105263157895,0.0187097789511651,0.020897538625904,1.2413424866514111,0.0013873476056865,28,1,0.0073450854700854,0.008480235042735,1,GERMINATED
zm1_12,9,0.0,0.0016025641025641,0.0003517512604451,0.0007786266537442,0.0020846158554307,0.5416666666666666,0.7572115384615384,0.0988025284900284,0.1378205128205128,0.0993589743589743,0.001602564102564,1.0750000000000002,0.0134761915360873,0.013693704799474,1.092622950819672,0.0011713116993561,0,0,0.0043402777777777,0.0016693376068376,1,GERMINATED
zm1_12,10,0.0,0.000801282051282,0.0002518186542686,0.0007837002266496,0.0004073852657078,0.2940705128205128,0.7612179487179487,0.1313657407407407,0.1314102564102564,0.1330128205128205,0.0080128205128205,1.0123456790123455,0.0171500897161954,0.0174792488494411,1.0772396327951883,0.0006551532671162,0,0,0.0015357905982905,0.0037393162393162,1,GERMINATED
zm1_3,1,0.0,0.0011331839442092,0.0003569793007478,0.0005921378914896,0.0010720215249734,0.5176282051282052,0.2756410256410256,0.1246216168091168,0.1554487179487179,0.1330128205128205,0.016025641025641,1.1547619047619049,0.018285203619238,0.0206766724194608,1.3129484670580562,0.0014470637350462,13,1,0.0137553418803418,0.0119524572649572,1,GERMINATED
zm1_3,2,0.0,0.000801282051282,0.0003171253305015,0.0008790435892747,0.0003129977099008,0.2996794871794871,0.3814102564102564,0.1068598646723646,0.1346153846153846,0.1089743589743589,0.0064102564102564,1.135135135135135,0.0137354025700379,0.0146696252465483,1.2060810810810811,0.0010060140257316,0,0,0.0090144230769231,0.0019364316239316,1,GERMINATED
zm1_3,3,0.0,0.0011331839442092,0.0003140028153879,0.0004995632052943,0.0011556939980187,0.7323717948717948,0.4190705128205128,0.1064814814814815,0.1490384615384615,0.110576923076923,0.0080128205128205,1.0689655172413792,0.0155957865918803,0.0164802144970414,1.152478448275862,0.0009203309872028,0,0,0.0059428418803418,0.0073450854700854,1,GERMINATED
zm1_3,4,0.0,0.000801282051282,0.0003082127498247,0.0011460083388404,0.0005025294651386,0.5488782051282052,0.421474358974359,0.1339253917378917,0.1490384615384615,0.1346153846153846,0.0048076923076922,1.120481927710843,0.0189626051254657,0.0200628698224852,1.1619812583668003,0.0008196169200581,16,1,0.0090811965811965,0.0020699786324786,1,GERMINATED
zm1_3,5,0.0,0.0011331839442092,0.0003365282341607,0.0003331247673409,0.0013878612240135,0.6386217948717948,0.5464743589743589,0.1371972934472934,0.1233974358974359,0.1426282051282051,0.0144230769230769,1.1323529411764706,0.0165200217784352,0.017599954799474,1.2597426470588236,0.0012250181422381,24,1,0.0064770299145299,0.0070779914529914,1,GERMINATED
zm1_3,6,0.0,0.000801282051282,0.0002986201893028,0.0003033523230599,0.0005505159457813,0.1915064102564102,0.5673076923076923,0.1406472578347578,0.1314102564102564,0.1506410256410256,0.0144230769230769,1.0379746835443038,0.0183637124242092,0.0197957758053911,1.1478778853313478,0.0007533767910896,0,0,0.0026041666666666,0.008880876068376,1,GERMINATED
zm1_3,7,0.0,0.0011331839442092,0.0003166569181969,0.0009903485948139,0.000599620450188,0.3806089743589743,0.6049679487179487,0.1026753917378917,0.1522435897435897,0.1057692307692307,0.0048076923076923,1.0919540229885056,0.0147320827283767,0.0161026873767258,1.1439518336070058,0.0008751867369946,4,1,0.0055422008547008,0.0028712606837606,1,GERMINATED
zm1_3,8,0.0,0.0016025641025641,0.0003517512604451,0.0015193723628449,0.0009154845227064,0.4975961538461538,0.6995192307692307,0.1042779558404558,0.1185897435897435,0.1073717948717948,0.0080128205128205,1.0895522388059702,0.0119983640491452,0.0127331936226166,1.1774193548387095,0.0011611328348757,0,0,0.0050080128205128,0.0050747863247863,1,GERMINATED
zm1_3,9,0.0,0.000801282051282,0.0002373879207587,0.0010306122598638,0.0001316791262263,0.7219551282051282,0.7331730769230769,0.1106214387464387,0.0993589743589743,0.1121794871794871,0.0064102564102564,1.0508474576271185,0.0109534942517714,0.0111460387902695,1.1145351823317926,0.0007249204982452,0,0,0.001068376068376,0.0046741452991453,0,NON-GERMINATED
zm1_3,10,0.0,0.000801282051282,0.0002649991297139,0.0009670638593723,0.0006164254996494,0.3798076923076923,0.8373397435897436,0.1479255698005698,0.1185897435897435,0.1506410256410256,0.0080128205128205,1.0571428571428572,0.0170035589707064,0.0178644806048652,1.1165329052969502,0.0005976204795866,0,0,0.0043402777777777,0.0053418803418803,1,GERMINATED
zm1_4,1,0.0,0.0011331839442092,0.0002394289945748,0.0001601172383584,0.0001875478492961,0.5336538461538461,0.2548076923076923,0.1412482193732193,0.1169871794871794,0.1426282051282051,0.0128205128205128,1.042857142857143,0.0164559234946855,0.0166856714332675,1.1458553791887125,0.0006986782284984,0,0,0.0015357905982905,0.0041399572649572,0,NON-GERMINATED
zm1_4,2,0.0,0.0016025641025641,0.0002869943540104,0.001147466399659,0.0006617730033528,0.4262820512820512,0.3421474358974359,0.1012286324786324,0.1474358974358974,0.1025641025641025,0.0,1.0222222222222224,0.0147782391998137,0.0149572649572649,1.0222222222222224,0.0005246659515566,0,0,0.0029380341880341,-0.000534188034188,1,GERMINATED
zm1_4,3,0.0,0.0016025641025641,0.0002586126700191,0.0005542156160073,0.0003762495883274,0.6402243589743589,0.4182692307692308,0.1558271011396011,0.1041666666666666,0.157051282051282,0.0096153846153846,1.0,0.0162319897020417,0.0163595085470085,1.065217391304348,0.0004956726645326,0,0,0.0,0.0036725427350427,0,NON-GERMINATED
zm1_4,4,0.0,0.0011331839442092,0.0003041159009482,0.0006617730033528,0.0007432250648621,0.2475961538461538,0.4631410256410256,0.1371527777777778,0.1330128205128205,0.1378205128205128,0.0,1.077922077922078,0.0178528879825955,0.0183318951347797,1.077922077922078,0.0007784628436077,0,0,0.0033386752136752,0.0014690170940171,1,GERMINATED
zm1_4,5,0.0,0.0011331839442092,0.0002249820934037,0.0005742995836645,0.0005700787248426,0.8084935897435898,0.4831730769230769,0.1265135327635327,0.1282051282051282,0.1266025641025641,0.001602564102564,1.0389610389610389,0.0161721361015231,0.0162310979618671,1.052281052281052,0.0004018186810367,0,0,0.0011351495726495,0.000267094017094,0,NON-GERMINATED
zm1_4,6,0.0,0.0017917211358171,0.0004331495882149,0.0014048467533138,0.0009149432162155,0.484775641025641,0.5657051282051282,0.1523993945868945,0.1137820512820512,0.1602564102564102,0.0144230769230769,1.028985507246377,0.0168837804304551,0.0182343030900723,1.130753304666348,0.0012622600374941,19,1,0.0007345085470085,0.0046073717948718,1,GERMINATED
zm1_4,7,0.0,0.0011331839442092,0.000254029438731,0.0009583154632105,0.0004614140945875,0.6778846153846154,0.6322115384615384,0.1038773148148148,0.1474358974358974,0.1073717948717948,-0.0032051282051281,1.0454545454545454,0.0151456004821389,0.0153579059829059,1.0142469470827682,0.000562685678126,1,1,0.0037393162393162,0.0,1,GERMINATED
zm1_4,8,0.0,0.0011331839442092,0.0003506483573441,0.0017355403035628,0.0016518852666737,0.3028846153846153,0.6658653846153846,0.1246883903133903,0.1121794871794871,0.1298076923076923,0.0128205128205128,1.0606060606060606,0.0133184605340054,0.0145617603550295,1.1784511784511784,0.0016163731687523,21,1,0.0018696581196581,0.008346688034188,1,GERMINATED
zm1_4,9,0.0,0.0011331839442092,0.0002412767349718,0.0008648393327316,0.0006263909935662,0.5368589743589743,0.7948717948717948,0.1132478632478632,0.1025641025641025,0.1137820512820512,0.0048076923076923,1.0666666666666669,0.0115341241142523,0.0116699539776462,1.1137254901960782,0.0005595093379536,0,0,0.0022035256410256,0.0016025641025641,0,NON-GERMINATED
zm1_4,10,0.0,0.0011331839442092,0.0002068132400547,0.0008321424253886,0.0005199717942585,0.3477564102564102,0.8509615384615384,0.1404691951566951,0.1266025641025641,0.141025641025641,0.0032051282051281,1.0128205128205128,0.0177560806692417,0.0178542077580539,1.036374478234943,0.0003220014417333,0,0,0.0006009615384615,0.0016693376068376,0,NON-GERMINATED
zm1_5,1,0.0,0.000801282051282,0.0001835428074081,0.0002518186542687,0.0004078410390359,0.5881410256410257,0.2323717948717948,0.1374866452991452,0.0993589743589743,0.1378205128205128,0.0048076923076923,1.0508474576271185,0.0136305695951128,0.013693704799474,1.0888298958546048,0.000436407966739,0,0,0.000667735042735,0.0010016025641025,0,NON-GERMINATED
zm1_5,2,0.0,0.0040064102564102,0.0010031963354811,0.0111992966912607,0.0044325934463612,0.4575320512820512,0.3189102564102564,0.1292957621082621,0.2179487179487179,0.1682692307692307,0.048076923076923,1.7894736842105263,0.0186743233618233,0.0366740631163708,2.5052631578947366,0.0049938055283387,47,1,0.0450721153846153,0.0147569444444444,1,GERMINATED
zm1_5,3,0.0,0.0011331839442092,0.0003317788796524,0.0019746851949135,0.000400641025641,0.6658653846153846,0.3261217948717949,0.1210381054131054,0.1426282051282051,0.1233974358974359,0.0096153846153846,1.1125,0.0168478968058294,0.017599954799474,1.2065140845070423,0.0010054095442765,0,0,0.0081463675213675,0.0053418803418803,1,GERMINATED
zm1_5,4,0.0,0.0011331839442092,0.0002673723292281,0.0006435555686788,0.0004875177197696,0.3661858974358974,0.3950320512820512,0.1216390669515669,0.141025641025641,0.1233974358974359,0.0064102564102564,1.0357142857142858,0.0169548699571736,0.0172044501972386,1.0924657534246576,0.0005977717152362,6,1,0.000934829059829,0.0016693376068376,1,GERMINATED
zm1_5,5,0.0,0.0011331839442092,0.0002053623676167,0.0002771078080036,9.37739246480626e-05,0.7900641025641025,0.4559294871794871,0.1366853632478632,0.1185897435897435,0.1378205128205128,0.0064102564102564,1.0422535211267605,0.0161331135514829,0.0163440992767915,1.0930951563036757,0.000460412981458,0,0,0.0017361111111111,0.0034054487179487,0,NON-GERMINATED
zm1_5,6,0.0,0.000801282051282,0.0002771078080036,0.0003531568654874,0.0008686260817791,0.5168269230769231,0.5160256410256411,0.1408475783475783,0.1201923076923077,0.1458333333333333,0.016025641025641,1.0563380281690142,0.0167511965012966,0.0175280448717948,1.1867501304121022,0.0008982327161159,3,1,0.0034054487179487,0.008079594017094,1,GERMINATED
zm1_5,7,0.0,0.000801282051282,0.0003082127498247,0.0017850381054035,0.0004751669791713,0.2668269230769231,0.5368589743589743,0.1125578703703703,0.1362179487179487,0.1137820512820512,0.0064102564102564,1.148648648648649,0.0147088618142304,0.0153168145956607,1.2182637182637182,0.0011806211966386,0,0,0.0096821581196581,0.0011351495726495,0,NON-GERMINATED
zm1_5,8,0.0,0.0011331839442092,0.0001850023592338,0.0005447488537446,9.377392464806296e-05,0.7948717948717948,0.6915064102564102,0.1147836538461538,0.1474358974358974,0.1153846153846153,0.0048076923076923,1.0337078651685394,0.0168683354906311,0.0170118343195266,1.0786516853932586,0.0003886707424749,0,0,0.001469017094017,0.0018028846153846,0,NON-GERMINATED
zm1_5,9,0.0,0.0011331839442092,0.0003041159009482,0.0010678542729513,0.0003402974726544,0.4334935897435897,0.7043269230769231,0.1247996794871794,0.1378205128205128,0.1282051282051282,0.0048076923076922,1.1466666666666667,0.0155666088533676,0.0176692965154503,1.1913419913419911,0.0009219459926038,19,1,0.0062099358974358,0.0015357905982905,1,GERMINATED
zm1_5,10,0.0,0.000801282051282,0.0002771078080036,0.0012017169681884,0.000400641025641,0.6418269230769231,0.7668269230769231,0.1279380341880341,0.141025641025641,0.1298076923076923,0.0112179487179487,1.0116279069767442,0.0179980632830192,0.0183062130177514,1.1073224387177878,0.0008930603163256,0,0,0.000534188034188,0.0040731837606837,1,GERMINATED
zm1_6,1,0.0,0.0011331839442092,0.0002796377362368,0.0005084100685764,0.0007035025208902,0.5352564102564102,0.2259615384615384,0.1239761396011396,0.0929487179487179,0.125,0.0080128205128205,1.0545454545454545,0.0114780158224669,0.0116185897435897,1.126774595267746,0.0007673925412227,0,0,0.0011351495726495,0.001469017094017,0,NON-GERMINATED
zm1_6,2,0.0,0.000801282051282,0.0002373879207587,0.0008386656441693,0.0002882797775772,0.6506410256410257,0.3125,0.1071269586894586,0.141025641025641,0.1073717948717948,0.0,1.0864197530864197,0.014709717884798,0.0151421761998685,1.0864197530864197,0.0005922623577724,17,1,0.0055422008547008,0.0007345085470085,1,GERMINATED
zm1_6,3,0.0,0.000801282051282,0.0002036926328539,0.0002986201893028,0.000677677054293,0.3493589743589743,0.3453525641025641,0.1350160256410256,0.1009615384615384,0.1362179487179487,0.0032051282051281,1.05,0.0134110588337351,0.013752773668639,1.075301204819277,0.0003864847521676,0,0,0.0034722222222222,0.0028712606837606,0,NON-GERMINATED
zm1_6,4,0.0,0.0011331839442092,0.0003014510721445,0.0004977003155047,0.0006643879788372,0.7796474358974359,0.40625,0.1277154558404558,0.1201923076923077,0.1298076923076923,0.0080128205128204,1.0714285714285714,0.0151731017491233,0.0156018860946745,1.1428571428571426,0.0008465087409747,0,0,0.0036057692307692,0.0034722222222222,1,GERMINATED
zm1_6,5,0.0,0.0011331839442092,0.0003317788796524,0.0014305746050766,0.0012785668281131,0.2227564102564102,0.4919871794871794,0.1269364316239316,0.1169871794871794,0.1298076923076923,0.0080128205128205,1.0285714285714287,0.0146194381095222,0.0149778106508875,1.0962406015037596,0.0010611414550462,3,1,0.000667735042735,0.0046073717948717,1,GERMINATED
zm1_6,6,0.0,0.0011331839442092,0.0002796377362368,0.0003762495883274,0.00126100996238,0.4495192307692308,0.5024038461538461,0.0784588675213675,0.1522435897435897,0.0801282051282051,-0.0016025641025641,1.0555555555555556,0.011876338323654,0.01195502547666,1.0344444444444445,0.0008214545338388,18,1,0.0026041666666666,-0.000267094017094,1,GERMINATED
zm1_6,7,0.0,0.000801282051282,0.0001835428074081,0.0006735523838752,0.0002518186542687,0.6666666666666666,0.5152243589743589,0.1023860398860398,0.1041666666666666,0.1025641025641025,0.001602564102564,1.0483870967741935,0.0106042887994009,0.0106837606837606,1.0650281618023554,0.0003327917260208,0,0,0.0018028846153846,0.000534188034188,0,NON-GERMINATED
zm1_6,8,0.0,0.0011331839442092,0.0003675154078055,0.0014434596248237,0.001447957262045,0.5264423076923077,0.686698717948718,0.1181000712250712,0.1041666666666666,0.1314102564102564,0.0176282051282051,1.140350877192983,0.0116510134163379,0.0136885683760683,1.3170249567580927,0.001601205698424,40,1,0.0056757478632478,0.0049412393162393,1,GERMINATED
zm1_6,9,0.0,0.0011331839442092,0.0002673723292281,0.000353332172952,0.0008636929006349,0.3157051282051282,0.7267628205128205,0.1132256054131054,0.141025641025641,0.1137820512820512,0.0032051282051282,1.0602409638554218,0.0158930214268755,0.0160461867192636,1.0909725859961583,0.0006176224428036,2,1,0.0020032051282051,0.001469017094017,1,GERMINATED
zm1_6,10,0.0,0.0011331839442092,0.0003286764136971,0.0009419561952234,0.0007837002266496,0.6786858974358975,0.8125,0.111667556980057,0.1490384615384615,0.1137820512820512,0.0080128205128205,1.120481927710843,0.0157685344985024,0.0169579018737672,1.205366922234392,0.0011142775887796,19,1,0.0050747863247863,0.0030048076923077,1,GERMINATED
zm1_7,1,0.0,0.000801282051282,0.0002986201893028,0.0002476027806856,0.0005661546181435,0.5833333333333334,0.2371794871794871,0.1327012108262107,0.1201923076923077,0.1346153846153846,0.0080128205128205,1.1029411764705883,0.0153912570654357,0.0161797337278106,1.172747580044676,0.0008562761633632,0,0,0.0058760683760683,0.0043402777777777,1,GERMINATED
zm1_7,2,0.0,0.0011331839442092,0.0003506483573441,0.0018695256278519,0.000420990925912,0.3581730769230769,0.2780448717948718,0.1121572293447293,0.1746794871794871,0.1137820512820512,0.0064102564102564,1.1473684210526316,0.0184490697937212,0.0198753903681788,1.2158680282796543,0.001070104455493,24,1,0.0140224358974358,0.0036725427350427,1,GERMINATED
zm1_7,3,0.0,0.0016025641025641,0.00036886504001,0.0006542440552305,0.0019500708790784,0.1947115384615384,0.3036858974358974,0.151397792022792,0.1025641025641025,0.1554487179487179,0.0128205128205128,1.0491803278688523,0.0151275159913982,0.0159434582511505,1.1434886719469517,0.0011849447960568,0,0,0.0030048076923077,0.0066105769230769,1,GERMINATED
zm1_7,4,0.0,0.0017917211358171,0.0004741125128893,0.0008857807295485,0.0016879306436651,0.6995192307692307,0.3886217948717949,0.1056356837606837,0.1394230769230769,0.110576923076923,-0.0064102564102564,1.074074074074074,0.0146387710365074,0.0147980358316896,1.0118089103596348,0.0012855014976832,0,0,0.0024706196581196,-0.0030715811965811,0,NON-GERMINATED
zm1_7,5,0.0,0.0011331839442092,0.0002796377362368,0.0006481579317379,0.0006094543077854,0.3918269230769231,0.4647435897435897,0.1280493233618233,0.1217948717948717,0.1282051282051282,0.001602564102564,1.0704225352112675,0.0154936645070859,0.0156147271531886,1.083972187555714,0.0007060572535095,0,0,0.0024038461538461,0.0004674145299145,0,NON-GERMINATED
zm1_7,6,0.0,0.0016025641025641,0.0003469758137711,0.0009931584542967,0.0016786598677853,0.6282051282051282,0.5520833333333334,0.1429398148148147,0.1089743589743589,0.1490384615384615,0.016025641025641,0.9705882352941176,0.0153340430158338,0.0158304569362261,1.0875265768958184,0.001071803188185,14,1,-0.000400641025641,0.008346688034188,1,GERMINATED
zm1_7,7,0.0,0.000801282051282,0.0002518186542686,0.0010236184372833,0.0003696074142052,0.7596153846153846,0.5745192307692307,0.1012063746438746,0.141025641025641,0.1041666666666666,-0.0032051282051282,1.073170731707317,0.0140416261459931,0.0142381656804733,1.0401500938086303,0.0005498783600212,0,0,0.0034722222222222,-0.0007345085470085,0,NON-GERMINATED
zm1_7,8,0.0,0.000801282051282,0.0003082127498247,0.0014720070555056,0.0006369786334247,0.2027243589743589,0.5857371794871795,0.1079504985754985,0.1522435897435897,0.110576923076923,0.0080128205128205,1.0919540229885056,0.0155733504090875,0.0168346277120315,1.1772629310344829,0.0008822525751326,3,1,0.0059428418803418,0.0050747863247863,1,GERMINATED
zm1_7,9,0.0,0.000801282051282,0.0002214626596123,0.0005488260330278,0.0006673639757195,0.3477564102564102,0.7115384615384616,0.1409811253561253,0.1073717948717948,0.1426282051282051,0.0048076923076922,1.046875,0.0149253049894075,0.0153142463839579,1.0833938953488371,0.000430130163713,0,0,0.0018696581196581,0.0026709401709401,1,GERMINATED
zm1_7,10,0.0,0.0011331839442092,0.0002819943096471,0.0006735523838752,0.0010032705129084,0.5408653846153846,0.7548076923076923,0.1483484686609686,0.1089743589743589,0.1506410256410256,0.0112179487179487,1.0461538461538462,0.0160218600473007,0.0164160092044707,1.1303271441202474,0.0006540352018801,0,0,0.0025373931623931,0.0062767094017093,0,NON-GERMINATED
zm1_9,1,0.0,0.0011331839442092,0.0003774289305912,0.0008279645277535,0.0012894184791631,0.5873397435897436,0.2107371794871795,0.1341257122507122,0.1266025641025641,0.1378205128205128,0.0112179487179487,1.097222222222222,0.0165426719788698,0.0174484303090072,1.1944444444444446,0.0014836435666681,0,0,0.0070779914529914,0.0039396367521367,1,GERMINATED
zm1_9,2,0.0,0.0011331839442092,0.000254029438731,0.0006354212261226,0.0003076093963916,0.3485576923076923,0.2852564102564102,0.1112446581196581,0.1522435897435897,0.1121794871794871,0.0112179487179487,1.0326086956521738,0.0168848861882716,0.0170786078238001,1.147342995169082,0.0007152867055128,0,0,0.001469017094017,0.0028044871794871,0,NON-GERMINATED
zm1_9,3,0.0,0.0011331839442092,0.0002053623676167,0.0006518734261755,0.0006465316750479,0.8020833333333334,0.3741987179487179,0.1147836538461538,0.1346153846153846,0.1153846153846153,0.0048076923076923,1.0,0.015270265758547,0.0155325443786982,1.0434782608695652,0.000352294737536,0,0,-6.677350427350404e-05,0.0018028846153846,0,NON-GERMINATED
zm1_9,4,0.0,0.0040857528153788,0.0008339162707193,0.0012227130379877,0.004818692713919,0.2003205128205128,0.3661858974358974,0.1508858618233618,0.1121794871794871,0.1971153846153846,0.0608974358974359,1.0294117647058825,0.0165574035265541,0.0221123027613412,1.4896193771626298,0.0030151832390288,23,1,0.001469017094017,0.0241720085470085,1,GERMINATED
zm1_9,5,0.0,0.0011331839442092,0.0003535383325206,0.0012091147485346,0.0014441458836726,0.3790064102564102,0.4471153846153846,0.1034321581196581,0.1554487179487179,0.1057692307692307,0.0032051282051282,1.127906976744186,0.0156623817481189,0.016441691321499,1.1631540697674418,0.0011346948559347,0,0,0.0076121794871794,0.0024706196581196,0,NON-GERMINATED
zm1_9,6,0.000801282051282,0.0035834422716342,0.0010244087336335,0.0044211366429759,0.003886590169595,0.5649038461538461,0.4415064102564102,0.1603454415954416,0.1201923076923077,0.2099358974358974,0.0641025641025641,0.9324324324324323,0.0187479097610307,0.023214065581854,1.3422928422928422,0.0077207603220019,26,1,-0.0044738247863247,0.0280448717948718,1,GERMINATED
zm1_9,7,0.0,0.000801282051282,0.0002518186542686,0.0007065767084824,0.000400641025641,0.8068910256410257,0.563301282051282,0.1112001424501424,0.1538461538461538,0.1121794871794871,0.0032051282051282,1.0666666666666669,0.0167458460602491,0.017258382642998,1.0980392156862746,0.0005098127928084,1,1,0.0051415598290598,0.0018696581196581,1,GERMINATED
zm1_9,8,0.0,0.000801282051282,0.0003402974726544,0.0003642064675025,0.0018356642352953,0.625,0.6001602564102564,0.1109107905982906,0.1458333333333333,0.1169871794871794,0.016025641025641,1.0581395348837208,0.0157194887888998,0.0170606303418803,1.2260981912144702,0.0012459314292297,9,1,0.0048076923076922,0.0071447649572649,1,GERMINATED
zm1_9,9,0.0,0.0011331839442092,0.0003286764136971,0.0010248276738979,0.0010170637160608,0.3125,0.6514423076923077,0.1290954415954416,0.141025641025641,0.1346153846153846,0.0096153846153846,1.1139240506329111,0.0171296510313938,0.0189842209072978,1.1996105160662125,0.0009829685950048,9,1,0.009281517094017,0.0052751068376068,1,GERMINATED
zm1_9,10,0.0,0.0011331839442092,0.0003813559448443,0.0015049983533099,0.0029704829620106,0.5088141025641025,0.6971153846153846,0.1181445868945868,0.1137820512820512,0.125,0.016025641025641,1.126984126984127,0.0128881780649609,0.0142227564102564,1.2927170868347335,0.001657499196989,21,1,0.0064770299145299,0.0103498931623931,1,GERMINATED
zm2_10,1,0.0,0.0011331839442092,0.0003813559448443,0.0016572374256405,0.000353332172952,0.6490384615384616,0.2027243589743589,0.104656339031339,0.1586538461538461,0.1089743589743589,0.0144230769230769,1.1785714285714286,0.0151297631766381,0.0172892011834319,1.3583535108958835,0.0016200791694087,18,1,0.0106169871794871,0.0061431623931623,1,GERMINATED
zm2_10,2,0.0,0.0011331839442092,0.0003111895454152,0.0014054196834835,0.0011654585706182,0.4703525641025641,0.2091346153846154,0.1390446937321937,0.1233974358974359,0.1442307692307692,0.0112179487179487,1.0845070422535212,0.016664876052396,0.0177977071005917,1.1759714916002038,0.00087211062517,22,1,0.0061431623931624,0.0068108974358974,1,GERMINATED
zm2_10,3,0.0,0.0011331839442092,0.0003575443567001,0.0005955790669631,0.0008705488473381,0.1955128205128205,0.2900641025641026,0.1103766025641025,0.1602564102564102,0.1185897435897435,0.016025641025641,1.190476190476191,0.0153291206100701,0.0190047666009204,1.3764880952380951,0.0016552856473831,16,1,0.0089476495726495,0.0054086538461538,1,GERMINATED
zm2_10,4,0.0,0.0016025641025641,0.0004429582435163,0.0028399462086425,0.0005447488537446,0.719551282051282,0.391025641025641,0.098869301994302,0.1666666666666666,0.1025641025641025,0.0064102564102564,1.2093023255813953,0.0146626696731865,0.017094017094017,1.2899224806201548,0.0018296321698632,12,1,0.0077457264957264,0.0034054487179487,1,GERMINATED
zm2_10,5,0.0,0.0011331839442092,0.0002909619545824,0.0002633582524527,0.000449448462124,0.4110576923076923,0.4198717948717949,0.1214164886039886,0.1169871794871794,0.125,0.0112179487179487,1.0579710144927537,0.013958515961721,0.0146233974358974,1.1622780159216168,0.0008005241072417,0,0,0.0021367521367521,0.0038060897435897,1,GERMINATED
zm2_10,6,0.0,0.0022663678884184,0.0005079890297645,0.0011659366856934,0.001188660071476,0.5400641025641025,0.5168269230769231,0.1132033475783475,0.1538461538461538,0.1282051282051282,0.0240384615384615,1.1851851851851851,0.015438804651545,0.019723865877712,1.4586894586894583,0.002129922024647,30,1,0.0084134615384615,0.0085470085470085,1,GERMINATED
zm2_10,7,0.0,0.0017917211358171,0.0006344679040235,0.0054948909816758,0.0026067098568108,0.8076923076923077,0.5592948717948718,0.1112224002849003,0.1923076923076923,0.1282051282051282,0.0224358974358974,1.4117647058823533,0.0164664816983526,0.02465483234714,1.711229946524064,0.003753928741182,34,1,0.0281784188034188,0.0060763888888888,1,GERMINATED
zm2_10,8,0.0,0.0011331839442092,0.0003202458615662,0.0012384640084796,0.0002986201893028,0.3141025641025641,0.5665064102564102,0.0984241452991452,0.1586538461538461,0.0993589743589743,0.0080128205128205,1.0769230769230769,0.0152359515966286,0.0157636834319526,1.1713900134952766,0.0009580326542447,5,1,0.0070112179487179,0.0028044871794871,1,GERMINATED
zm2_10,9,0.0,0.000801282051282,0.0003082127498247,0.0016623116031656,0.0009737007751434,0.6274038461538461,0.6786858974358975,0.1114004629629629,0.1522435897435897,0.1137820512820512,0.0096153846153846,1.0795454545454544,0.0163499490923369,0.0173225879355687,1.1791958041958042,0.0008901371494785,16,1,0.0076121794871794,0.0049412393162393,1,GERMINATED
zm2_10,10,0.0,0.0011331839442092,0.0002909619545824,0.0008443321197645,0.0008434515367475,0.3661858974358974,0.8373397435897436,0.1450320512820512,0.1153846153846153,0.1490384615384615,0.0112179487179487,1.0597014925373134,0.0164680154914529,0.0170118343195266,1.1459562651856994,0.0008670796076655,11,1,0.0032051282051282,0.0062099358974358,1,GERMINATED
zm2_11,1,0.0,0.0011331839442092,0.0004077294118587,0.0027314408178268,0.0037746557916132,0.3237179487179487,0.1554487179487179,0.115429131054131,0.1121794871794871,0.125,0.0192307692307692,1.147540983606557,0.0126280039516217,0.0140224358974358,1.3561847988077498,0.0023591547349572,0,0,0.0062767094017093,0.0108840811965812,1,GERMINATED
zm2_11,2,0.0,0.0011331839442092,0.0003111895454152,0.0003853563411053,0.0020807206798721,0.6330128205128205,0.2331730769230769,0.1315438034188033,0.1282051282051282,0.1346153846153846,0.0144230769230769,1.0526315789473684,0.0167686032695047,0.017258382642998,1.1789473684210523,0.0008842382489031,24,1,0.0023370726495726,0.008213141025641,1,GERMINATED
zm2_11,3,0.0,0.0011331839442092,0.0003014510721445,0.0006083355755304,0.0004813819612242,0.5112179487179487,0.2948717948717949,0.1067708333333333,0.1233974358974359,0.1089743589743589,0.0064102564102564,1.0845070422535212,0.0129858414488823,0.0134471564760026,1.1522887323943662,0.0010190763970725,0,0,-0.0002003205128205,0.0043402777777777,1,GERMINATED
zm2_11,4,0.0,0.000801282051282,0.0003331247673409,0.0021698535132694,0.000311410892531,0.2604166666666667,0.313301282051282,0.1016515313390313,0.1682692307692307,0.1025641025641025,0.0048076923076923,1.1931818181818183,0.014981234933158,0.017258382642998,1.2518628912071537,0.001200344168329,27,1,0.0130876068376068,0.0027377136752136,1,GERMINATED
zm2_11,5,0.0,0.0073874554946257,0.0011602294140111,0.0038380246232995,0.0040615364770918,0.7772435897435898,0.4407051282051282,0.153957443019943,0.1121794871794871,0.1987179487179487,0.0608974358974358,1.1666666666666667,0.0157046859020016,0.0222920775805391,1.6821705426356586,0.0040934979315484,18,1,0.0100827991452991,0.0265758547008546,1,GERMINATED
zm2_11,6,0.0,0.0022663678884184,0.0005351287825396,0.0031602794342647,0.0024331132493325,0.4158653846153846,0.4815705128205128,0.1221732549857549,0.1778846153846154,0.1458333333333333,0.0336538461538461,1.2613636363636365,0.0186012363371137,0.0259415064102564,1.6397727272727274,0.0026065641048801,24,1,0.0142895299145299,0.0130208333333333,1,GERMINATED
zm2_11,7,0.0,0.0016025641025641,0.0004568036535408,0.0021012150500722,0.0025855279904489,0.625801282051282,0.4935897435897436,0.1357505341880341,0.1634615384615384,0.1490384615384615,0.0224358974358974,1.36,0.0181794075649243,0.0243620562130177,1.601012658227848,0.0025819620814864,19,1,0.0211672008547008,0.0120860042735042,1,GERMINATED
zm2_11,8,0.0,0.000801282051282,0.0002986201893028,0.000844625443421,0.0007897611733978,0.2556089743589743,0.5480769230769231,0.1154736467236467,0.0913461538461538,0.1169871794871794,0.0032051282051282,1.0363636363636362,0.0102759500671159,0.0106863288954635,1.0655569782330343,0.0010065842323337,0,0,0.0018028846153846,0.0008680555555555,1,GERMINATED
zm2_11,9,0.0,0.0011331839442092,0.0003722508041922,0.00063571353062,0.0026225548234785,0.7243589743589743,0.7219551282051282,0.126201923076923,0.125,0.1378205128205128,0.0240384615384615,1.0263157894736843,0.0154834986690956,0.0172275641025641,1.2431430689399556,0.0014478899453221,26,1,0.0034054487179487,0.0138888888888888,1,GERMINATED
zm2_11,10,0.0,0.0011331839442092,0.0003606434133025,0.0006925012992389,0.0011173344371448,0.4863782051282051,0.7524038461538461,0.1093304843304843,0.1442307692307692,0.1137820512820512,0.0096153846153846,1.0843373493975903,0.0150405178199649,0.016410872781065,1.1844300278035216,0.001332869283813,0,0,0.0046073717948717,0.0074786324786324,1,GERMINATED
zm2_12,1,0.0,0.0011331839442092,0.0003982586087991,0.0032270022612961,0.0006542440552305,0.3782051282051282,0.2467948717948718,0.1064369658119658,0.173076923076923,0.1089743589743589,0.0064102564102564,1.1868131868131868,0.0163511618589743,0.0188609467455621,1.260989010989011,0.0017383279680724,34,1,0.0110844017094017,0.0038728632478632,1,GERMINATED
zm2_12,2,0.0,0.000801282051282,0.0002373879207587,1.942890293094024e-16,0.0014927276246065,0.2147435897435897,0.2588141025641026,0.1247996794871794,0.1089743589743589,0.1298076923076923,0.0112179487179487,1.0,0.0135999650723208,0.0141457100591715,1.0945945945945947,0.0004871772859956,0,0,0.0,0.0065438034188034,1,GERMINATED
zm2_12,3,0.0,0.000801282051282,0.0002036926328539,0.0006631751653952,0.000400641025641,0.5873397435897436,0.3036858974358974,0.1271367521367521,0.1282051282051282,0.1282051282051282,0.0032051282051281,1.0389610389610389,0.0162183995817809,0.0164365548980933,1.0656010656010653,0.0003430848006599,0,0,0.0019364316239316,0.0020032051282051,1,GERMINATED
zm2_12,4,0.0,0.000801282051282,0.0003082127498247,0.0004394161107194,0.0004856086233367,0.6706730769230769,0.4334935897435897,0.1426727207977208,0.110576923076923,0.1490384615384615,0.0144230769230769,1.0615384615384615,0.0155255174661224,0.0164802144970414,1.175274725274725,0.0008741716423574,0,0,0.0039396367521367,0.0085470085470085,1,GERMINATED
zm2_12,5,0.0,0.0011331839442092,0.0003397725636852,0.0015541882762162,0.0005433829957146,0.3108974358974359,0.5160256410256411,0.105324074074074,0.1522435897435897,0.1073717948717948,0.0048076923076923,1.1875,0.0146968768262838,0.0163466674884944,1.2431640625,0.0011566179623942,11,1,0.0108840811965811,0.0018696581196581,1,GERMINATED
zm2_12,6,0.0,0.000801282051282,0.0001835428074081,0.000325413806918,0.0003202344767169,0.1875,0.561698717948718,0.1111556267806267,0.1298076923076923,0.1121794871794871,0.0080128205128205,1.0384615384615383,0.0143695011733873,0.0145617603550295,1.1183431952662723,0.0005669667329629,0,0,0.0016693376068376,0.0030715811965811,0,NON-GERMINATED
zm2_12,7,0.0,0.0025338763302631,0.0006255530877103,0.004709780976117,0.0010060442824065,0.4927884615384615,0.5769230769230769,0.115963319088319,0.1698717948717948,0.1185897435897435,0.0112179487179487,1.4324324324324325,0.0151199183651106,0.0201450525969756,1.582089552238806,0.0027160485243892,25,1,0.0192975427350427,0.0041399572649572,1,GERMINATED
zm2_12,8,0.0,0.0016025641025641,0.0004320186708378,0.0014258918605811,0.0032941407452589,0.7107371794871795,0.5841346153846154,0.1231525997150997,0.1378205128205128,0.1490384615384615,0.0384615384615384,1.0632911392405062,0.0166377314814814,0.0200628698224852,1.4331315354980736,0.002193207862758,23,1,0.0026709401709401,0.0150240384615384,1,GERMINATED
zm2_12,9,0.0,0.0011331839442092,0.0004006774245142,0.0010430354802225,0.0044672173029938,0.6057692307692307,0.7315705128205128,0.1438969017094017,0.1089743589743589,0.1698717948717948,0.0352564102564102,1.0634920634920637,0.0153370749324274,0.0182394395134779,1.3420256991685564,0.0017566419836297,26,1,0.0048076923076922,0.0195646367521367,1,GERMINATED
zm2_12,10,0.0,0.000801282051282,0.0002649991297139,0.0006662495346819,0.0003981602524038,0.3918269230769231,0.8477564102564102,0.1383992165242165,0.094551282051282,0.141025641025641,0.0096153846153846,1.0545454545454545,0.0128531505109029,0.0131081525312294,1.1317073170731706,0.0008244019840037,0,0,0.000267094017094,0.0059428418803418,0,NON-GERMINATED
zm2_2,1,0.0,0.000801282051282,0.0002518186542686,0.0003929942036816,0.0007642576884521,0.7035256410256411,0.2636217948717949,0.13630698005698,0.1153846153846153,0.1394230769230769,0.0048076923076923,1.0140845070422535,0.015598568821225,0.0160872781065088,1.0503018108651914,0.0005264562145954,0,0,0.001602564102564,0.0040064102564102,1,GERMINATED
zm2_2,2,0.0,0.000801282051282,0.0002882797775771,0.0002771078080036,0.0016696343515927,0.5769230769230769,0.2732371794871794,0.1351940883190883,0.1025641025641025,0.1426282051282051,0.0128205128205128,1.0491803278688523,0.0137019088090802,0.014628533859303,1.1528030763003438,0.0007662600046581,27,1,0.0035389957264957,0.0073450854700854,1,GERMINATED
zm2_2,3,0.0,0.000801282051282,0.0002649991297139,0.0010102213067939,0.0006493034252944,0.438301282051282,0.3149038461538461,0.110176282051282,0.1490384615384615,0.110576923076923,0.001602564102564,1.0689655172413792,0.0162645560532179,0.0164802144970414,1.0846855983772818,0.0007028146586526,0,0,0.0039396367521367,0.000667735042735,0,NON-GERMINATED
zm2_2,4,0.0,0.0016025641025641,0.0003547717412826,0.0005312819739262,0.0008750896382265,0.6907051282051282,0.4631410256410256,0.1407808048433048,0.0993589743589743,0.1538461538461538,0.0192307692307692,1.087719298245614,0.0137884432756227,0.0152859960552268,1.243107769423559,0.0011530671658584,20,1,0.0032051282051282,0.0064102564102563,1,GERMINATED
zm2_2,5,0.0,0.0011331839442092,0.0001850023592338,0.000264999129714,0.0002214626596124,0.2548076923076923,0.5032051282051282,0.1278044871794871,0.1185897435897435,0.1282051282051282,0.0048076923076922,1.0136986301369864,0.0151312613001314,0.0152038132807363,1.053193381960505,0.0002741861607295,0,0,0.0006009615384615,0.001201923076923,0,NON-GERMINATED
zm2_2,6,0.0,0.0017917211358171,0.0003251920176882,0.000498570530284,0.0013343103196538,0.5777243589743589,0.625,0.1309873575498575,0.1073717948717948,0.1314102564102564,0.0064102564102564,1.0151515151515151,0.0140443013665169,0.014109755095332,1.0672105672105672,0.0007588363049712,0,0,0.0004674145299145,0.0012686965811966,0,NON-GERMINATED
zm2_2,7,0.0,0.0096487136048015,0.0016409230419916,0.0049959667366835,0.0041820451790725,0.3926282051282051,0.6370192307692307,0.1314102564102564,0.1666666666666666,0.173076923076923,0.048076923076923,1.1511627906976742,0.0197558971847834,0.0274593195266272,1.5939177101967796,0.005102608254986,25,1,0.0103498931623931,0.0080128205128205,1,GERMINATED
zm2_2,8,0.0,0.0017917211358171,0.0006477637628282,0.0024356824951298,0.0071312570758461,0.6794871794871795,0.7059294871794872,0.1426059472934472,0.1506410256410256,0.1939102564102564,0.0721153846153846,1.3428571428571427,0.01730211358116,0.0292108399079552,2.13796992481203,0.0041288140300369,29,1,0.0180288461538461,0.0367922008547008,1,GERMINATED
zm2_2,9,0.0,0.0011331839442092,0.0003014510721445,0.0020977935459942,0.00043145192252,0.2756410256410256,0.7219551282051282,0.1048566595441595,0.1346153846153846,0.1057692307692307,0.001602564102564,1.037037037037037,0.0140459778380451,0.0142381656804733,1.0529914529914528,0.0008278591593843,0,0,0.0010016025641025,0.0019364316239316,0,NON-GERMINATED
zm2_2,10,0.0,0.0017917211358171,0.0003208571127536,0.0011318169160084,0.0001835428074081,0.4206730769230769,0.8413461538461539,0.1008725071225071,0.1201923076923077,0.1009615384615384,0.0016025641025641,1.0563380281690142,0.0116235478189604,0.0121348002958579,1.0733757383007725,0.0008177412780181,3,1,0.0016693376068376,0.000267094017094,1,GERMINATED
zm2_3,1,0.0,0.0024038461538461,0.0005165933241989,0.0013409768203166,0.0009411011567804,0.6137820512820513,0.2107371794871795,0.1199029558404558,0.1618589743589743,0.125,0.0064102564102564,1.2625000000000002,0.0169783762281759,0.0202323717948717,1.3307432432432431,0.0018185905734845,16,1,0.0107505341880341,0.0031383547008547,1,GERMINATED
zm2_3,2,0.0,0.0011331839442092,0.0003666619958383,0.0021551917859925,0.0003531568654874,0.2323717948717948,0.3549679487179487,0.1153623575498575,0.1538461538461538,0.1169871794871794,0.0064102564102564,1.2000000000000002,0.0160511091250274,0.0179980276134122,1.2695652173913046,0.0012879068640327,23,1,0.0097489316239316,0.0018028846153846,1,GERMINATED
zm2_3,3,0.0,0.0011331839442092,0.0003504569953403,0.0005963064603195,0.0006838626912276,0.7772435897435898,0.3701923076923077,0.1404024216524216,0.1298076923076923,0.1474358974358974,0.0192307692307692,1.0945945945945947,0.018094727917945,0.0191383136094674,1.258783783783784,0.0012178826954984,4,1,0.0030048076923077,0.0104166666666666,1,GERMINATED
zm2_3,4,0.0,0.0016025641025641,0.000482920082276,0.0005084100685764,0.0034385113115825,0.5296474358974359,0.4719551282051282,0.144520121082621,0.1121794871794871,0.1698717948717948,0.0432692307692307,1.0294117647058825,0.0160976222925341,0.0190561308349769,1.3812360387192857,0.0019171008417816,26,1,0.0017361111111111,0.0138221153846153,1,GERMINATED
zm2_3,5,0.0,0.000801282051282,0.0003171253305015,0.0005887817871443,0.0005128970184207,0.1209935897435897,0.4919871794871794,0.1314102564102564,0.1314102564102564,0.1346153846153846,0.0112179487179487,1.1232876712328768,0.0164661606718898,0.0176898422090729,1.2254047322540471,0.0010823499209047,12,1,0.0079460470085469,0.0041399572649572,1,GERMINATED
zm2_3,6,0.0,0.000801282051282,0.0002986201893028,0.0004516476114606,0.0010427979678705,0.3461538461538461,0.5224358974358975,0.1522881054131054,0.1137820512820512,0.1602564102564102,0.0144230769230769,1.0142857142857142,0.0172315234289392,0.0182343030900723,1.1145996860282574,0.0007482638711819,26,1,0.001469017094017,0.008613782051282,1,GERMINATED
zm2_3,7,0.0,0.0016025641025641,0.0004832475119128,0.0010228316668544,0.0036767726600952,0.7339743589743589,0.5560897435897436,0.1269364316239316,0.1153846153846153,0.157051282051282,0.0384615384615384,1.074626865671642,0.0141360792652859,0.0181213017751479,1.4231544977813635,0.0026232953137273,15,1,0.0016693376068376,0.0170272435897435,1,GERMINATED
zm2_3,8,0.0,0.0016025641025641,0.0003469758137711,0.0006609302782808,0.0009347628139259,0.5496794871794872,0.6907051282051282,0.1109553062678063,0.1474358974358974,0.1153846153846153,0.0080128205128205,1.0823529411764707,0.0160842105203082,0.0170118343195266,1.1631255487269536,0.0009670169787273,8,1,0.0052751068376068,0.0039396367521367,1,GERMINATED
zm2_3,9,0.0,0.000801282051282,0.000325413806918,0.0006110778985618,0.0011629053036814,0.2988782051282051,0.7315705128205128,0.1575186965811966,0.1041666666666666,0.1650641025641025,0.016025641025641,1.0833333333333333,0.0160390884674738,0.0171941773504273,1.199820788530466,0.0009884380851257,25,1,0.0041399572649572,0.0060763888888888,1,GERMINATED
zm2_3,10,0.0,0.0011331839442092,0.0002695670361879,0.0006369786334247,0.000264999129714,0.7075320512820513,0.7740384615384616,0.1389111467236466,0.1041666666666666,0.141025641025641,0.0080128205128205,1.031746031746032,0.0144459768107604,0.0146901709401709,1.0938994071524193,0.0006378684496512,7,1,0.000534188034188,0.0042735042735042,1,GERMINATED
zm2_5,1,0.0,0.0011331839442092,0.000354173147374,0.0005414421320855,0.0010343908143004,0.4807692307692308,0.2251602564102564,0.1438969017094017,0.1169871794871794,0.1522435897435897,0.0176282051282051,1.074626865671642,0.0162814277773212,0.0175665680473372,1.2153518123667375,0.0011948937252885,13,1,0.0041399572649572,0.0086805555555555,1,GERMINATED
zm2_5,2,0.0,0.0011331839442092,0.0003569793007478,0.0023036590158361,0.000335901626442,0.6706730769230769,0.2419871794871795,0.1050792378917378,0.1602564102564102,0.1057692307692307,0.0064102564102564,1.1764705882352944,0.0153243052131273,0.0169501972386587,1.2523719165085392,0.0012196453416327,20,1,0.0116853632478632,0.0020699786324786,1,GERMINATED
zm2_5,3,0.0,0.000801282051282,0.0003082127498247,0.0009056915080883,0.0007232083952492,0.2868589743589743,0.2956730769230769,0.0962651353276353,0.1490384615384615,0.0977564102564102,0.0032051282051282,1.1341463414634143,0.0137060464834903,0.014569464990138,1.1725919801570897,0.0009705485553836,9,1,0.0070112179487179,0.0032051282051282,1,GERMINATED
zm2_5,4,0.0,0.0011331839442092,0.0002796377362368,0.0011401574496853,0.0003848739419914,0.8421474358974359,0.3854166666666667,0.1381766381766381,0.1266025641025641,0.141025641025641,0.0080128205128205,1.0394736842105263,0.0172984752812477,0.0178542077580539,1.1020925808497146,0.0006601448333163,13,1,0.0017361111111111,0.0036057692307692,1,GERMINATED
zm2_5,5,0.0,0.000801282051282,0.0002986201893028,0.0007314670906853,0.0007183972619975,0.6169871794871795,0.3886217948717949,0.0967993233618233,0.1506410256410256,0.0993589743589743,0.0080128205128205,1.0804597701149423,0.0142589610613448,0.0149675378040762,1.1752369429320426,0.0008662358106074,6,1,0.0050747863247863,0.0036057692307692,1,GERMINATED
zm2_5,6,0.0,0.000801282051282,0.0002649991297139,0.0003814800681312,0.000679502204526,0.3621794871794871,0.4767628205128205,0.1129807692307692,0.141025641025641,0.1137820512820512,0.0048076923076923,1.073170731707317,0.0154450825023741,0.0160461867192636,1.1205164992826395,0.000750984533679,0,0,0.0042735042735042,0.0017361111111111,1,GERMINATED
zm2_5,7,0.0,0.0011331839442092,0.0003866178393273,0.0015148006017789,0.0017648371781468,0.2211538461538461,0.5544871794871795,0.1431623931623931,0.1121794871794871,0.1618589743589743,0.0272435897435897,1.0769230769230769,0.0156025638172072,0.0181572567389875,1.294871794871795,0.0016951857396288,19,1,0.0040731837606837,0.0148904914529914,1,GERMINATED
zm2_5,8,0.0,0.0011331839442092,0.0003950028355221,0.0005284771220879,0.0016730061186388,0.5232371794871795,0.5536858974358975,0.1246661324786324,0.1266025641025641,0.1426282051282051,0.0272435897435897,1.1791044776119404,0.0140055998429395,0.0180570964825772,1.4575041459369815,0.0019820351024525,25,1,0.0082131410256409,0.0120860042735042,1,GERMINATED
zm2_5,9,0.0,0.0011331839442092,0.0003862792902459,0.0013454028027402,0.001299941395161,0.6426282051282052,0.7171474358974359,0.1383547008547008,0.1346153846153846,0.1522435897435897,0.0224358974358974,1.1506849315068493,0.0174480379433304,0.0204943293885601,1.3495687468290205,0.0015997379849672,18,1,0.0084134615384615,0.0072783119658119,1,GERMINATED
zm2_5,10,0.0,0.0011331839442092,0.0003438409723255,0.0010949406941104,0.0009089675694548,0.4094551282051282,0.7307692307692307,0.1039663461538461,0.1634615384615384,0.1057692307692307,0.0064102564102564,1.0736842105263158,0.016485386590054,0.0172892011834319,1.14295415959253,0.0011561605648036,3,1,0.0056757478632478,0.0031383547008546,1,GERMINATED
zm2_6,1,0.0,0.0011331839442092,0.0003722508041922,0.0025501495894989,0.0011390706536613,0.6033653846153846,0.1770833333333333,0.1013176638176638,0.1217948717948717,0.1025641025641025,0.0,1.1014492753623188,0.0119702207292351,0.012296597633136,1.1014492753623188,0.0015914869569495,6,1,0.0056757478632478,-0.000133547008547,1,GERMINATED
zm2_6,2,0.0,0.0011331839442092,0.0003317788796524,0.0005971366820377,0.001160826639103,0.3870192307692308,0.2211538461538461,0.1499287749287749,0.1073717948717948,0.1618589743589743,0.0192307692307692,1.0806451612903225,0.0155026532480458,0.0173790885930309,1.2263501268575572,0.0010836593104133,23,1,0.0046073717948717,0.0082799145299145,1,GERMINATED
zm2_6,3,0.0,0.0011331839442092,0.0003014510721445,0.0005224668177664,0.0013874595856824,0.6955128205128205,0.3261217948717949,0.1381988960113959,0.0961538461538461,0.1458333333333333,0.0192307692307692,1.0,0.0132506882807363,0.0140224358974359,1.1518987341772151,0.000925485065528,12,1,-0.000801282051282,0.0068108974358974,1,GERMINATED
zm2_6,4,0.0,0.0017917211358171,0.000353060051101,0.0010738684461661,0.000934762813926,0.4911858974358974,0.3982371794871794,0.1370860042735042,0.0993589743589743,0.1394230769230769,0.0096153846153846,1.033898305084746,0.0134247202932098,0.013693704799474,1.110483364720653,0.00102037836561,2,1,0.0016693376068376,0.0035389957264957,1,GERMINATED
zm2_6,5,0.0,0.000801282051282,0.0002986201893028,0.0003992474874165,0.0009054863607019,0.172275641025641,0.4102564102564102,0.1205039173789173,0.1233974358974359,0.1217948717948717,0.0032051282051282,1.115942028985507,0.0143761000506793,0.0150291748849441,1.146102624363494,0.0008748275886317,9,1,0.0052083333333333,0.0023370726495726,1,GERMINATED
zm2_6,6,0.0,0.000801282051282,0.0002882797775771,0.00086290384504,0.0010636706945829,0.7668269230769231,0.4831730769230769,0.1359285968660968,0.1073717948717948,0.1378205128205128,0.0112179487179487,1.0983606557377048,0.0142019610293849,0.0147980358316896,1.1956837518157295,0.0009397525895861,1,1,0.0050080128205128,0.0048076923076923,1,GERMINATED
zm2_6,7,0.0,0.0016025641025641,0.0004335267346631,0.0008147705314157,0.0010597628077917,0.4375,0.5913461538461539,0.1131143162393162,0.1073717948717948,0.1217948717948717,0.0144230769230769,1.0819672131147542,0.0117980792059317,0.0130773339907955,1.227306092488378,0.0016953911795215,20,1,0.0032051282051281,0.0082799145299145,1,GERMINATED
zm2_6,8,0.0,0.000801282051282,0.0003331247673409,0.0017816002947749,0.0001835428074081,0.2756410256410256,0.6338141025641025,0.1070156695156694,0.1634615384615384,0.1073717948717948,0.0032051282051281,1.1860465116279069,0.0157617572731755,0.0175511587771203,1.222540250447227,0.0010864786725022,20,1,0.0104166666666666,0.001068376068376,1,GERMINATED
zm2_6,9,0.0,0.0011331839442092,0.0003901942497676,0.0011792452082398,0.0013564045761157,0.6698717948717948,0.6778846153846154,0.1373976139601139,0.1233974358974359,0.1506410256410256,0.0192307692307692,1.1323529411764706,0.0157482741617357,0.0185887163050624,1.2980631276901002,0.0017754099720121,15,1,0.0054754273504273,0.008747329059829,1,GERMINATED
zm2_6,10,0.0,0.0016025641025641,0.00036886504001,0.0008037513392658,0.0005501783784859,0.5232371794871795,0.8197115384615384,0.1258903133903134,0.094551282051282,0.1330128205128205,0.016025641025641,1.0545454545454545,0.0114554012916392,0.0124250082182774,1.1990037359900374,0.0013232192154693,16,1,0.0038728632478632,0.008079594017094,1,GERMINATED
zm2_7,1,0.0,0.000801282051282,0.0002771078080036,0.0005153061299318,0.0005414421320855,0.5993589743589743,0.2067307692307692,0.1172765313390313,0.1490384615384615,0.1201923076923077,0.0112179487179487,1.0333333333333334,0.0172219283046606,0.0179132766272189,1.1397058823529411,0.0007038381271409,14,1,0.0043402777777777,0.0052751068376068,1,GERMINATED
zm2_7,2,0.0,0.000801282051282,0.000325413806918,0.0004965792271483,0.0007592988828087,0.3429487179487179,0.3020833333333333,0.1299634971509971,0.1346153846153846,0.1330128205128205,0.0112179487179487,1.1052631578947367,0.0171503037338373,0.0179055719921104,1.2070637119113572,0.0010176040255536,0,0,0.0068776709401709,0.0071447649572649,0,NON-GERMINATED
zm2_7,3,0.0,0.0016025641025641,0.0003177106130613,0.0008857807295485,0.0003967580010233,0.7828525641025641,0.3349358974358974,0.0833555911680911,0.1201923076923077,0.0849358974358974,0.0048076923076923,1.0563380281690142,0.0098782339492475,0.0102086415187376,1.119718309859155,0.0008858062506599,0,0,0.0036725427350427,0.0033386752136752,0,NON-GERMINATED
zm2_7,4,0.0,0.000801282051282,0.0002986201893028,0.0003531568654874,0.0018102886901343,0.5016025641025641,0.359775641025641,0.1387553418803418,0.1169871794871794,0.1490384615384615,0.0176282051282051,1.042857142857143,0.0161226266870297,0.017435589250493,1.182752613240418,0.0008968523379364,15,1,0.0024706196581196,0.008747329059829,1,GERMINATED
zm2_7,5,0.0,0.0016025641025641,0.0003664251288534,0.0012878807106026,0.0001888639907015,0.2163461538461538,0.4799679487179487,0.1083956552706553,0.1089743589743589,0.1089743589743589,0.0064102564102564,1.0793650793650793,0.0117426129670721,0.0118754109138724,1.146825396825397,0.001026067513439,0,0,0.0020032051282051,0.0017361111111111,0,NON-GERMINATED
zm2_7,6,0.0,0.000801282051282,0.0002882797775771,0.0007707126822106,0.0004146175215944,0.3838141025641026,0.4991987179487179,0.1238425925925926,0.1314102564102564,0.125,0.0064102564102564,1.0657894736842106,0.0157163141938782,0.016426282051282,1.1233997155049789,0.0007601294072709,12,1,0.0074118589743589,0.0030048076923076,1,GERMINATED
zm2_7,7,0.0,0.0011331839442092,0.0003866178393273,0.0008229381030687,0.0012416101750659,0.6482371794871795,0.5056089743589743,0.1446981837606837,0.1073717948717948,0.1586538461538461,0.0224358974358974,1.031746031746032,0.0151392869617028,0.0165264423076923,1.2016806722689075,0.0015990856382574,31,1,0.0010016025641025,0.0131543803418803,1,GERMINATED
zm2_7,8,0.0,0.000801282051282,0.0003331247673409,0.00232069283692,0.0001835428074081,0.6802884615384616,0.7043269230769231,0.1176994301994302,0.1330128205128205,0.1185897435897435,0.0064102564102564,1.2028985507246377,0.0145885125602673,0.0157739562787639,1.2716356107660454,0.0012751233321726,27,1,0.0106837606837606,0.0026709401709401,1,GERMINATED
zm2_7,9,0.0,0.000801282051282,0.0003402974726544,0.0010930727245486,0.0002108628841868,0.2860576923076923,0.7235576923076923,0.0954193376068376,0.1554487179487179,0.0961538461538461,0.0048076923076923,1.1686746987951808,0.013658570236595,0.0149469921104536,1.2301838934686116,0.0011236894413538,14,1,0.00914797008547,0.0022035256410256,1,GERMINATED
zm2_7,10,0.0,0.0017917211358171,0.0004836495789181,0.0005691002348444,0.0025309174360343,0.5176282051282052,0.7540064102564102,0.1087295227920228,0.1169871794871794,0.1089743589743589,0.0016025641025641,1.042857142857143,0.0126600709283,0.0127486028928336,1.0584221748400853,0.0013902526585502,0,0,0.0016693376068375,0.0007345085470085,0,NON-GERMINATED
zm2_9,1,0.0,0.0011331839442092,0.000254029438731,0.0012847996518573,0.0001601172383584,0.4871794871794871,0.2371794871794871,0.1073050213675213,0.1314102564102564,0.1073717948717948,0.001602564102564,1.0649350649350648,0.0140345278942033,0.014109755095332,1.0810704447068082,0.000547746528153,0,0,0.001469017094017,0.0002003205128205,0,NON-GERMINATED
zm2_9,2,0.0,0.0017917211358171,0.0004080638120854,0.0010277240367356,0.0009993743020229,0.6578525641025641,0.2620192307692308,0.1412482193732193,0.1298076923076923,0.1458333333333333,0.0144230769230769,1.1408450704225352,0.0181074262980312,0.0189302884615384,1.266059773273789,0.0014952949896099,0,0,0.0050747863247863,0.0067441239316239,1,GERMINATED
zm2_9,3,0.0,0.0011331839442092,0.0002909619545824,0.0005423563448633,0.0008686260817791,0.2932692307692308,0.3549679487179487,0.1029647435897435,0.1602564102564102,0.1041666666666666,0.0032051282051282,1.0752688172043012,0.0161653945458031,0.016693376068376,1.109404335210787,0.000876426383121,0,0,0.0074786324786324,0.0014022435897435,0,NON-GERMINATED
zm2_9,4,0.000801282051282,0.0017917211358171,0.0005068759531597,0.0025906962760294,0.0029841274211609,0.7363782051282052,0.3926282051282051,0.1376424501424501,0.1650641025641025,0.173076923076923,0.048076923076923,1.391891891891892,0.0183712387112827,0.0285687869822485,1.927234927234928,0.0042503785925322,28,1,0.0265758547008547,0.0215678418803418,1,GERMINATED
zm2_9,5,0.0,0.0022663678884184,0.000703689464201,0.0074051301102785,0.0045939114112217,0.4415064102564102,0.4503205128205128,0.1131588319088319,0.1987179487179487,0.1506410256410256,0.0496794871794871,1.530864197530864,0.0168282071827744,0.0299350756081525,2.284146580442876,0.0043410130567662,35,1,0.0377938034188034,0.0245726495726495,1,GERMINATED
zm2_9,6,0.0,0.0011331839442092,0.0003606434133025,0.0006369786334247,0.0012376637085521,0.2435897435897435,0.484775641025641,0.1400908119658119,0.1346153846153846,0.1426282051282051,0.0112179487179487,1.135135135135135,0.0181963506282416,0.0191999506903353,1.2320369149637442,0.0014614553467242,0,0,0.0065438034188034,0.0020699786324786,1,GERMINATED
zm2_9,7,0.0,0.000801282051282,0.0002649991297139,0.0004490349225835,0.0004668842807025,0.6217948717948718,0.5649038461538461,0.1070156695156695,0.157051282051282,0.1089743589743589,0.0048076923076923,1.0652173913043477,0.0164420123479618,0.0171145627876397,1.11438127090301,0.0005883060374009,0,0,0.0046741452991453,0.00133547008547,1,GERMINATED
zm2_9,8,0.0,0.0011331839442092,0.0003722508041922,0.0005084100685764,0.0005378848813031,0.7435897435897436,0.6105769230769231,0.1171207264957264,0.141025641025641,0.1201923076923077,0.0144230769230769,1.1,0.0160599908571663,0.0169501972386587,1.2500000000000002,0.0014415298524655,0,0,0.0052751068376068,0.0065438034188034,1,GERMINATED
zm2_9,9,0.0,0.0248913855240529,0.0029119040551617,0.0036174973479117,0.0042424244645872,0.3004807692307692,0.6594551282051282,0.1053908475783475,0.1907051282051282,0.1217948717948717,0.0304487179487179,1.3678160919540228,0.0160870284192599,0.0232269066403681,1.8237547892720305,0.00563749555133,33,1,0.0197649572649572,0.0156917735042735,1,GERMINATED
zm2_9,10,0.0,0.000801282051282,0.0002771078080036,0.0005109615510705,0.0008292350431889,0.4807692307692308,0.7548076923076923,0.1084401709401709,0.1330128205128205,0.110576923076923,0.0064102564102564,1.077922077922078,0.0141789184632734,0.0147081484220907,1.1442557442557442,0.0007229649148078,0,0,0.0057425213675213,0.0048076923076923,1,GERMINATED
zm3_1,1,0.0,0.0011331839442092,0.000254029438731,0.000549615305594,0.000377727981403,0.2780448717948718,0.2612179487179487,0.1022079772079772,0.1602564102564102,0.1025641025641025,0.0048076923076923,1.0752688172043012,0.0162798226450069,0.0164365548980933,1.1281508901815618,0.0006347372493571,0,0,0.0030048076923077,0.001068376068376,1,GERMINATED
zm3_1,2,0.0,0.0011331839442092,0.0003286764136971,0.000891425587362,0.0004516476114606,0.6025641025641025,0.2644230769230769,0.15409099002849,0.1185897435897435,0.157051282051282,0.0128205128205128,1.0735294117647058,0.0179353204443348,0.0183729865220249,1.168954248366013,0.0011217759290716,0,0,0.0018696581196581,0.0069444444444444,1,GERMINATED
zm3_1,3,0.0,0.0011331839442092,0.0003722508041922,0.0006601802862341,0.0009627639224484,0.40625,0.327724358974359,0.1303863960113959,0.1474358974358974,0.1346153846153846,0.016025641025641,1.2602739726027397,0.0175952464113521,0.0198471400394477,1.4305812661977046,0.0018635064775927,0,0,0.015758547008547,0.0074118589743589,1,GERMINATED
zm3_1,4,0.0,0.0017917211358171,0.0003729546940889,0.0009971410605681,0.001198621084209,0.2107371794871795,0.4591346153846153,0.1088408119658119,0.1698717948717948,0.110576923076923,0.0048076923076923,1.1521739130434785,0.017948054494028,0.0187839003944773,1.2045454545454546,0.0014351915400395,2,1,0.0084134615384615,0.0034722222222222,1,GERMINATED
zm3_1,5,0.0,0.0016025641025641,0.0003879190050287,0.0012708424522453,0.0004461294126786,0.4767628205128205,0.5296474358974359,0.1536013176638176,0.1506410256410256,0.1586538461538461,0.016025641025641,1.0804597701149423,0.0222262314860471,0.0238997781065088,1.2018597442851606,0.001247757205009,4,1,0.0093482905982905,0.0060763888888889,1,GERMINATED
zm3_1,6,0.0,0.0040857528153788,0.0007047164691889,0.0019984697413163,0.0010793902485504,0.75,0.5384615384615384,0.1135817307692307,0.1442307692307692,0.1153846153846153,0.001602564102564,1.111111111111111,0.0157944663027796,0.016410872781065,1.1269841269841268,0.0023610047642468,5,1,0.0037393162393162,-0.0012686965811965,1,GERMINATED
zm3_1,7,0.0,0.000801282051282,0.0003642064675025,0.0026892171654861,0.0019672702808034,0.2844551282051282,0.6899038461538461,0.1244658119658119,0.1330128205128205,0.125,0.0048076923076923,1.0506329113924051,0.0163490216825553,0.0166266025641025,1.0926582278481012,0.0014238529459147,0,0,0.0018028846153846,0.000934829059829,1,GERMINATED
zm3_1,8,0.0,0.000801282051282,0.0002882797775771,0.0013596877493945,0.0005768816854831,0.7483974358974359,0.7131410256410257,0.1092191951566951,0.1426282051282051,0.110576923076923,0.0032051282051282,1.0853658536585364,0.015158441540653,0.0155428172255095,1.1182557280118255,0.0007604003856021,0,0,0.0056757478632478,0.0,0,NON-GERMINATED
zm3_1,9,0.0,0.000801282051282,0.0002518186542686,0.0002518186542687,0.0003609614213903,0.5232371794871795,0.750801282051282,0.1410701566951566,0.141025641025641,0.1426282051282051,0.0128205128205128,1.0232558139534882,0.0198164641774417,0.0201142340565417,1.1243181165661784,0.0006234557488793,1,1,0.0017361111111111,0.0046741452991452,1,GERMINATED
zm3_10,1,0.0,0.0011331839442092,0.0003575443567001,0.0011212625889477,0.0005626435478883,0.5857371794871795,0.2427884615384615,0.1157407407407407,0.1554487179487179,0.125,0.0144230769230769,1.1547619047619049,0.0164680511610599,0.0194310897435897,1.3053830227743273,0.0013989774833578,6,1,0.0138221153846153,0.008480235042735,1,GERMINATED
zm3_10,2,0.0,0.000801282051282,0.0003331247673409,0.0010541381976686,0.0008386656441693,0.3766025641025641,0.2884615384615384,0.1292067307692307,0.1330128205128205,0.1378205128205128,0.016025641025641,1.077922077922078,0.0162609890925195,0.0183318951347797,1.219753930280246,0.0010754205990058,7,1,0.0030715811965811,0.0076789529914529,1,GERMINATED
zm3_10,3,0.0,0.000801282051282,0.0003331247673409,0.0009112130293117,0.0014595014018692,0.7291666666666666,0.3309294871794871,0.1252893518518518,0.125,0.1362179487179487,0.016025641025641,1.0833333333333333,0.0154292451968734,0.0170272435897435,1.2277777777777776,0.001106887304697,15,1,0.0051415598290598,0.0093482905982905,1,GERMINATED
zm3_10,4,0.0,0.0011331839442092,0.0003504569953403,0.0004932006723237,0.0004965792271483,0.2564102564102564,0.4302884615384615,0.1013399216524216,0.1490384615384615,0.1073717948717948,0.0096153846153846,1.1625,0.0137842342619986,0.0160025271203155,1.2768442622950815,0.001287322329386,17,1,0.0078125,0.0063434829059828,1,GERMINATED
zm3_10,5,0.0,0.0011331839442092,0.0003822543529813,0.0015079169713248,0.0013596877493945,0.7227564102564102,0.5056089743589743,0.1137152777777777,0.1602564102564102,0.1169871794871794,0.0128205128205128,1.1363636363636365,0.0172730428514683,0.0187479454306377,1.2762237762237765,0.0018302260171829,6,1,0.0130876068376068,0.0050080128205128,1,GERMINATED
zm3_10,6,0.0,0.0011331839442092,0.0003202458615662,0.0005870965406477,0.0012527819871323,0.5016025641025641,0.53125,0.1398682336182335,0.1233974358974359,0.1458333333333333,0.0128205128205128,1.0845070422535212,0.0165920387149353,0.0179954594017094,1.1890378415068728,0.0009327535336747,5,1,0.0047409188034188,0.0088141025641025,1,GERMINATED
zm3_10,7,0.0,0.0017917211358171,0.0003659653149377,0.0015275021889942,0.0007758380100575,0.2628205128205128,0.5801282051282052,0.094150641025641,0.1314102564102564,0.0961538461538461,0.0064102564102564,1.1095890410958904,0.0120985599751625,0.0124815088757396,1.1888454011741685,0.0012227337709143,0,0,0.0042067307692307,0.0044738247863247,1,GERMINATED
zm3_10,8,0.0,0.0011331839442092,0.0003317788796524,0.0011208206685092,0.000853305703201,0.6634615384615384,0.6586538461538461,0.1251112891737891,0.1282051282051282,0.1314102564102564,0.0112179487179487,1.0810810810810811,0.0153064704096354,0.0168474687705456,1.181981981981982,0.0011561038935522,12,1,0.0034054487179487,0.0034054487179487,1,GERMINATED
zm3_10,9,0.0,0.0011331839442092,0.0003976766220362,0.0010971441942143,0.0019239835100582,0.4503205128205128,0.7403846153846154,0.1402688746438746,0.1298076923076923,0.1538461538461538,0.0288461538461538,1.125,0.0176270637007816,0.0199704142011834,1.3846153846153846,0.00175759536105,0,0,0.0078792735042734,0.0182291666666666,1,GERMINATED
zm3_11,1,0.0,0.0011331839442092,0.0002909619545824,0.0006465316750479,0.0003331247673409,0.3741987179487179,0.188301282051282,0.0972667378917378,0.1314102564102564,0.1009615384615384,0.0096153846153846,1.0649350649350648,0.0124275407603732,0.0132673816568047,1.1770334928229669,0.0008606841555353,0,0,0.0048744658119658,0.007946047008547,1,GERMINATED
zm3_11,2,0.0,0.0011331839442092,0.0003317788796524,0.000902197658454,0.0008279645277535,0.6330128205128205,0.234775641025641,0.1015179843304843,0.1121794871794871,0.1041666666666666,0.0112179487179487,1.1290322580645162,0.0110543322307144,0.0116853632478632,1.2652947719688543,0.0012323965243856,0,0,0.008480235042735,0.0068108974358974,0,NON-GERMINATED
zm3_11,3,0.0,0.0011331839442092,0.0004023082992579,0.0026231922971458,0.0012043422123862,0.4895833333333333,0.3413461538461538,0.123375178062678,0.1169871794871794,0.1314102564102564,0.0208333333333333,1.280701754385965,0.013124382202407,0.0153733152531229,1.5219933892702775,0.0023425355145,13,1,0.01696047008547,0.0120192307692307,1,GERMINATED
zm3_11,4,0.0,0.0011331839442092,0.0002819943096471,0.0007553739861401,0.0007664423266058,0.2179487179487179,0.3725961538461538,0.1077946937321937,0.1538461538461538,0.1089743589743589,0.0016025641025641,1.054945054945055,0.0161552287078128,0.0167652859960552,1.0706905035263246,0.0006810961671855,0,0,0.0029380341880341,0.0020032051282051,1,GERMINATED
zm3_11,5,0.0,0.000801282051282,0.0003171253305015,0.0004995632052943,0.0005284771220879,0.7724358974358975,0.3942307692307692,0.1376647079772079,0.1057692307692307,0.1426282051282051,0.0128205128205128,1.1,0.0141809873004784,0.0150856755424063,1.2100000000000002,0.0011300099673888,0,0,0.0051415598290598,0.0088141025641025,0,NON-GERMINATED
zm3_11,6,0.0,0.000801282051282,0.0002518186542686,0.0007367813999303,0.0,0.3677884615384615,0.46875,0.110309829059829,0.1458333333333333,0.110576923076923,0.0032051282051282,1.0705882352941178,0.0158406941134304,0.0161258012820512,1.1025460930640916,0.0006352994107609,0,0,0.0052083333333333,0.000801282051282,1,GERMINATED
zm3_11,7,0.0,0.0011331839442092,0.0003722508041922,0.0021655111736353,0.0017816002947749,0.5296474358974359,0.5416666666666666,0.1178774928774928,0.1474358974358974,0.1217948717948717,0.0080128205128205,1.15,0.0157652172250529,0.0177206607495069,1.2321428571428572,0.0014072861437457,13,1,0.0119524572649572,0.0048744658119658,1,GERMINATED
zm3_11,8,0.0,0.0011331839442092,0.0003774289305912,0.0013738241700035,0.0013549428343818,0.7636217948717948,0.6225961538461539,0.1367298789173789,0.1314102564102564,0.1554487179487179,0.0224358974358974,1.1714285714285717,0.0157940739371027,0.0204275558842866,1.3690189328743545,0.0019117433172688,25,1,0.008213141025641,0.0103498931623931,1,GERMINATED
zm3_11,9,0.0,0.0017917211358171,0.0005676966485805,0.0031588682626679,0.0034323284412751,0.2924679487179487,0.6193910256410257,0.125267094017094,0.1746794871794871,0.1522435897435897,0.0384615384615384,1.379746835443038,0.0174393345592263,0.0265938321827744,1.8461401319308253,0.0033557312462483,27,1,0.0203659188034188,0.016292735042735,1,GERMINATED
zm3_11,10,0.0,0.0011331839442092,0.0003111895454152,0.0004199599862917,0.0003402974726544,0.5769230769230769,0.6987179487179487,0.1041889245014245,0.1522435897435897,0.1073717948717948,0.0096153846153846,1.0795454545454544,0.0154984799040287,0.0163466674884944,1.185730253353204,0.000911523106663,0,0,0.0066105769230769,0.0052751068376068,1,GERMINATED
zm3_12,1,0.0,0.000801282051282,0.0003588968014733,0.0019647188808499,0.0004577760817575,0.4166666666666667,0.2139423076923076,0.105324074074074,0.1490384615384615,0.1057692307692307,0.0016025641025641,1.2916666666666663,0.0137861960903827,0.0157636834319526,1.3118489583333337,0.0016020488314421,24,1,0.0163595085470085,0.001201923076923,1,GERMINATED
zm3_12,2,0.0,0.000801282051282,0.000325413806918,0.0009644990388917,0.0003655641850439,0.6522435897435898,0.297275641025641,0.1467013888888889,0.1314102564102564,0.1506410256410256,0.0112179487179487,1.0789473684210529,0.0187214072430418,0.0197957758053911,1.1657592256503326,0.0010793715803734,10,1,0.0060096153846153,0.0072783119658119,1,GERMINATED
zm3_12,3,0.0,0.0011331839442092,0.000254029438731,0.0002036926328539,0.0006143122070865,0.2684294871794871,0.3485576923076923,0.1069488960113959,0.1458333333333333,0.1073717948717948,0.001602564102564,1.0833333333333337,0.0154490061591423,0.0156583867521367,1.0997474747474747,0.000658088639433,0,0,0.0042067307692307,0.0012686965811965,0,NON-GERMINATED
zm3_12,4,0.0,0.000801282051282,0.0003642064675025,0.0021871649744548,0.0022002350948978,0.4495192307692308,0.4495192307692308,0.0971999643874643,0.1554487179487179,0.0993589743589743,0.0048076923076923,1.1411764705882357,0.0139949346304514,0.0154452251808021,1.1992023928215354,0.001614972946296,15,1,0.0100160256410256,0.0033386752136752,1,GERMINATED
zm3_12,5,0.0,0.0024038461538461,0.0003992474874165,0.0013999452629555,0.0003950373786791,0.6706730769230769,0.4551282051282051,0.1112001424501424,0.1458333333333333,0.1121794871794871,0.0032051282051282,1.1097560975609757,0.0153519134889327,0.0163595085470085,1.1423959827833572,0.0009709136212173,14,1,0.0034054487179487,0.0020699786324786,1,GERMINATED
zm3_12,6,0.0,0.0011331839442092,0.0003014510721445,0.0005558891445754,0.0008908001473874,0.2003205128205128,0.4711538461538461,0.1371305199430199,0.1041666666666666,0.1394230769230769,0.0080128205128205,1.1206896551724137,0.013916960869585,0.0145232371794871,1.1890243902439024,0.0009170096053019,1,1,0.0072783119658119,0.0048744658119658,1,GERMINATED
zm3_12,7,0.0,0.0016025641025641,0.0004040633120687,0.0010669260065384,0.0007229514676331,0.3717948717948718,0.6217948717948718,0.1140936609686609,0.1474358974358974,0.1153846153846153,0.0096153846153846,1.0952380952380951,0.0163668921556541,0.0170118343195266,1.1948051948051948,0.0014608391302263,4,1,0.0031383547008546,0.0032051282051281,1,GERMINATED
zm3_12,8,0.0,0.000801282051282,0.0002882797775771,0.0005717058199359,0.000689543984805,0.7051282051282052,0.6394230769230769,0.1446091524216524,0.1121794871794871,0.1474358974358974,0.0080128205128205,1.1290322580645162,0.0158957679866133,0.0165392833662064,1.1939191694475344,0.0009345705583192,0,0,0.0051415598290598,0.0036057692307692,1,GERMINATED
zm3_12,9,0.0,0.000801282051282,0.0002518186542686,0.0005665919721046,0.0002771078080036,0.5496794871794872,0.6875,0.1393785612535612,0.1121794871794871,0.141025641025641,0.0064102564102564,1.0606060606060606,0.0154537502168712,0.0158201840894148,1.1111111111111112,0.0005666353554031,0,0,0.0038060897435897,0.0045405982905983,0,NON-GERMINATED
zm3_12,10,0.0,0.000801282051282,0.0002036926328539,0.00044166521619,0.0001601172383584,0.2339743589743589,0.6931089743589743,0.1417601495726495,0.1089743589743589,0.1426282051282051,0.0080128205128205,1.0303030303030305,0.0154026356700635,0.0155428172255095,1.0916305916305915,0.0004590371893467,0,0,0.0010016025641025,0.0026041666666666,0,NON-GERMINATED
zm3_2,1,0.0,0.000801282051282,0.0002214626596123,0.00043145192252,0.0004221660598822,0.594551282051282,0.25,0.1375311609686609,0.1378205128205128,0.1378205128205128,0.0,1.048780487804878,0.018596171252922,0.0189944937541091,1.048780487804878,0.0003866039377909,0,0,0.0028712606837606,-0.0008680555555555,0,NON-GERMINATED
zm3_2,2,0.0,0.0011331839442092,0.0003991958262758,0.0031280771683772,0.0006403722569807,0.3469551282051282,0.2980769230769231,0.1018741096866096,0.1778846153846154,0.1041666666666666,0.0048076923076923,1.2471910112359552,0.0158355576900248,0.0185296474358974,1.308528274083625,0.0017589340926085,33,1,0.0222355769230769,0.0011351495726495,1,GERMINATED
zm3_2,3,0.0,0.0017917211358171,0.0006229666242802,0.0063501567457097,0.0013216262962666,0.2475961538461538,0.40625,0.1213719729344729,0.203525641025641,0.1266025641025641,0.0112179487179487,1.4767441860465116,0.0186675104668894,0.0257668680144641,1.6203165374677,0.0033059991490851,31,1,0.0306490384615384,0.0018028846153846,1,GERMINATED
zm3_2,4,0.0,0.000801282051282,0.0002771078080036,0.000929980707624,0.0009658464188811,0.7475961538461539,0.4318910256410256,0.0961093304843304,0.1442307692307692,0.0977564102564102,0.0032051282051282,1.0470588235294118,0.0135832360266454,0.0140994822485207,1.0825523429710868,0.0007253670690789,0,0,0.0038728632478632,0.0020032051282051,1,GERMINATED
zm3_2,5,0.0,0.0011331839442092,0.0002394289945748,0.0004004864275161,0.000417000400534,0.5160256410256411,0.46875,0.1310096153846153,0.1041666666666666,0.1330128205128205,0.0096153846153846,1.015625,0.013540503837479,0.0138555021367521,1.0947646103896105,0.0004827664412778,5,1,0.001602564102564,0.0051415598290598,1,GERMINATED
zm3_2,6,0.0,0.0011331839442092,0.0002233244848648,0.0005340720953838,0.0006939306120067,0.2339743589743589,0.5777243589743589,0.1043002136752136,0.1490384615384615,0.1057692307692307,-0.001602564102564,1.056818181818182,0.015462774627438,0.015594181459566,1.040805785123967,0.0005250873088662,0,0,0.0023370726495726,-0.000400641025641,1,GERMINATED
zm3_2,7,0.0,0.0011331839442092,0.0004188483040997,0.0017049777465909,0.0007592988828087,0.6778846153846154,0.5993589743589743,0.1151842948717948,0.157051282051282,0.125,0.016025641025641,1.195121951219512,0.0162471136154028,0.0196314102564102,1.3708751793400284,0.0018378634054996,21,1,0.0104166666666666,0.0070779914529914,1,GERMINATED
zm3_2,8,0.0,0.0016025641025641,0.0004714535930967,0.0014335151520748,0.0006892745088676,0.4318910256410256,0.6482371794871795,0.1217503561253561,0.1666666666666666,0.1346153846153846,0.0176282051282051,1.3,0.0168468267176199,0.0224358974358974,1.4958904109589042,0.0024047173902233,24,1,0.0144898504273504,0.0078792735042735,1,GERMINATED
zm3_2,9,0.0,0.0011331839442092,0.0003014510721445,0.0005934958879083,0.0005918240651846,0.6434294871794872,0.7524038461538461,0.1412482193732193,0.1009615384615384,0.1474358974358974,0.0112179487179487,1.0862068965517242,0.0139119314550003,0.0148853550295858,1.1756592292089252,0.0009714756746941,0,0,0.0053418803418803,0.0028044871794871,1,GERMINATED
zm3_2,10,0.0,0.0011331839442092,0.0002233244848648,0.0004291492940851,0.0002214626596124,0.3894230769230769,0.8036858974358975,0.1165420227920228,0.1073717948717948,0.1169871794871794,0.0048076923076923,1.0151515151515151,0.0124955627008912,0.0125611234385272,1.0586580086580086,0.0004573848080428,0,0,0.0004674145299145,0.00133547008547,0,NON-GERMINATED
zm3_3,1,0.0,0.000801282051282,0.0002036926328539,0.0003691044326873,0.0003891940093048,0.4751602564102564,0.2139423076923076,0.097378027065527,0.1538461538461538,0.0977564102564102,0.0032051282051282,1.032258064516129,0.014886995831507,0.0150394477317554,1.067249863313286,0.0003503979587916,0,0,0.0029380341880342,0.0011351495726495,0,NON-GERMINATED
zm3_3,2,0.0,0.0016025641025641,0.0003359016264419,0.0020732070908466,0.0002518186542687,0.2764423076923077,0.282051282051282,0.1011396011396011,0.1602564102564102,0.1025641025641025,-0.001602564102564,1.162790697674419,0.0144201520153042,0.0161797337278106,1.144622093023256,0.0008981628516879,32,1,0.0084134615384615,-0.000534188034188,1,GERMINATED
zm3_3,3,0.0,0.0011331839442092,0.0003575443567001,0.000898896924248,0.001542991384733,0.6762820512820513,0.3068910256410256,0.1457665598290598,0.1009615384615384,0.1602564102564102,0.0208333333333333,0.984126984126984,0.014703083337899,0.0159229125575279,1.131180441525269,0.0014840622350238,8,1,-0.000267094017094,0.0065438034188034,1,GERMINATED
zm3_3,4,0.0,0.0028890635220064,0.0005372914825193,0.0006852196527271,0.0012235231171079,0.6899038461538461,0.483974358974359,0.1447426994301994,0.110576923076923,0.1682692307692307,0.0288461538461538,1.0625,0.0155422108421908,0.0183370315581854,1.2823275862068966,0.0018559512045799,23,1,0.0023370726495726,0.0070112179487179,1,GERMINATED
zm3_3,5,0.0,0.000801282051282,0.0002518186542686,0.0004768582016922,0.0008408042542523,0.3846153846153846,0.5168269230769231,0.1420495014245014,0.1121794871794871,0.1458333333333333,0.0096153846153846,1.0,0.0159166703763057,0.0163595085470085,1.0705882352941178,0.0005264489214757,5,1,0.000400641025641,0.0066105769230769,1,GERMINATED
zm3_3,6,0.0,0.000801282051282,0.0002771078080036,0.0006786814943237,0.0006533916196174,0.2019230769230769,0.5328525641025641,0.1522213319088319,0.1089743589743589,0.1554487179487179,0.0064102564102564,1.0303030303030305,0.0162134771760172,0.0169399243918474,1.0746171391332684,0.0006696590270863,11,1,0.0022702991452991,0.0026041666666666,1,GERMINATED
zm3_3,7,0.0,0.0033037705333474,0.0009274548125121,0.0085924395644647,0.0018552609576892,0.625801282051282,0.6618589743589743,0.1123798076923076,0.1971153846153846,0.1378205128205128,0.0336538461538461,1.5569620253164558,0.0156120519326649,0.0271665433925049,2.0599805258033106,0.0042071679504351,32,1,0.0302483974358974,0.016025641025641,1,GERMINATED
zm3_3,8,0.0,0.0028890635220064,0.0006325265653996,0.0049213476956966,0.0030452590045111,0.4094551282051282,0.7379807692307693,0.1345263532763532,0.1939102564102564,0.1650641025641025,0.0384615384615384,1.5714285714285714,0.019010081372361,0.0320076224523339,2.0488245931283906,0.0037300060804642,33,1,0.0319845085470085,0.0143563034188034,1,GERMINATED
zm3_3,9,0.0,0.000801282051282,0.0003469653060033,0.0022557412348201,0.0005782755100056,0.2235576923076923,0.7852564102564102,0.0971331908831908,0.1586538461538461,0.0993589743589743,0.0048076923076923,1.2073170731707317,0.01414253546415,0.0157636834319526,1.2687060768912772,0.0012795761652239,16,1,0.0136217948717948,0.0027377136752136,1,GERMINATED
zm3_3,10,0.0,0.000801282051282,0.0003082127498247,0.0019519753076182,0.0006542440552305,0.7035256410256411,0.8453525641025641,0.1204594017094016,0.1442307692307692,0.1217948717948717,0.0032051282051282,1.111111111111111,0.0167379630771057,0.0173354289940828,1.141552511415525,0.0008616490521839,4,1,0.0082799145299145,0.000267094017094,1,GERMINATED
zm3_4,1,0.0,0.0017917211358171,0.0005181414387741,0.0024741262876763,0.0058861663582823,0.6482371794871795,0.2099358974358974,0.1296518874643874,0.1650641025641025,0.1794871794871795,0.0641025641025641,1.4305555555555554,0.0170862054500876,0.0296268902038132,2.2253086419753085,0.0041101422024533,41,1,0.0229033119658119,0.0374599358974359,1,GERMINATED
zm3_4,2,0.000801282051282,0.0025338763302631,0.0008412511790332,0.0092809499556004,0.0018380915609643,0.2900641025641026,0.2900641025641026,0.1265357905982906,0.2564102564102564,0.1506410256410256,0.0352564102564102,1.6326530612244896,0.0230475241868471,0.0386259040105193,2.1315192743764166,0.0046860823062153,27,1,0.046741452991453,0.0174278846153846,1,GERMINATED
zm3_4,3,0.0,0.0155580832042849,0.0018549091309094,0.0046968646184668,0.0006255006008011,0.4911858974358974,0.3012820512820512,0.1545806623931624,0.1266025641025641,0.1618589743589743,0.0128205128205128,1.1617647058823528,0.0175849022253269,0.0202888724523339,1.2627877237851663,0.0041694770711565,33,1,0.0039396367521367,0.0064102564102563,1,GERMINATED
zm3_4,4,0.0,0.0033037705333474,0.0008611732214406,0.0105372219391347,0.0020977935459942,0.1690705128205128,0.4615384615384615,0.1216613247863248,0.2451923076923076,0.1474358974358974,0.0304487179487179,1.8,0.0201150544575023,0.036150147928994,2.268493150684932,0.0047600033868009,29,1,0.0523504273504273,0.0145566239316239,1,GERMINATED
zm3_4,5,0.0,0.000801282051282,0.0002036926328539,0.0007311283700879,0.000417000400534,0.3701923076923077,0.4935897435897436,0.1085737179487179,0.1266025641025641,0.1089743589743589,0.0032051282051282,1.0394736842105263,0.0136646697393892,0.0137964332675871,1.0709728867623605,0.0003671961092594,0,0,0.0022702991452991,0.001201923076923,0,NON-GERMINATED
zm3_4,6,0.0,0.0017917211358171,0.000425201998147,0.0034193134561381,0.0018204881569058,0.6963141025641025,0.4863782051282051,0.1289841524216524,0.1506410256410256,0.1426282051282051,0.0208333333333333,1.3055555555555554,0.0166806776882898,0.0214856591058514,1.5288742690058477,0.002219211405274,22,1,0.016559829059829,0.0082799145299145,1,GERMINATED
zm3_4,7,0.000801282051282,0.0017917211358171,0.000607049588093,0.0096135296168884,0.0043156673144237,0.4943910256410256,0.5873397435897436,0.1269586894586894,0.2083333333333333,0.1506410256410256,0.0336538461538461,1.4285714285714286,0.0211803272700708,0.031383547008547,1.8395303326810173,0.0032952840959912,37,1,0.0400641025641025,0.0198317307692307,1,GERMINATED
zm3_4,8,0.0,0.0025338763302631,0.000908966786485,0.0033239339509686,0.01222885224701,0.2291666666666666,0.6298076923076923,0.1561609686609686,0.1442307692307692,0.2323717948717948,0.0977564102564102,1.343283582089552,0.0184216041963437,0.0335151627218934,2.318763326226013,0.0044975284358661,34,1,0.0178952991452991,0.0552884615384615,1,GERMINATED
zm3_4,9,0.0,0.0011331839442092,0.0003774289305912,0.0007606026809491,0.0015220193195582,0.6514423076923077,0.7251602564102564,0.130119301994302,0.1314102564102564,0.1330128205128205,0.001602564102564,1.0933333333333333,0.016835840478669,0.0174792488494411,1.106666666666667,0.0014760939505671,0,0,0.0050080128205128,0.0035389957264957,0,NON-GERMINATED
zm3_4,10,0.0,0.0011331839442092,0.0002909619545824,0.0009963333820787,0.0004473769418234,0.4150641025641026,0.7331730769230769,0.1006054131054131,0.1586538461538461,0.1009615384615384,0.0032051282051282,1.1,0.0156983367119585,0.0160179363905325,1.136065573770492,0.0006909145296901,51,1,0.0078792735042735,0.001068376068376,1,GERMINATED
zm3_5,1,0.0,0.0011331839442092,0.0003641539823058,0.0009251738835521,0.0006286607123619,0.4334935897435897,0.2291666666666666,0.1124243233618234,0.1682692307692307,0.1153846153846153,0.0048076923076923,1.1290322580645162,0.0178169330187559,0.0194156804733727,1.1781206171107996,0.0011457632353771,18,1,0.0090811965811966,0.0014022435897435,1,GERMINATED
zm3_5,2,0.0,0.0011331839442092,0.0004217488639121,0.000959671524987,0.0024497525430555,0.7171474358974359,0.2996794871794871,0.149372329059829,0.1298076923076923,0.1794871794871795,0.0400641025641025,1.1095890410958904,0.0187376012446124,0.0232988165680473,1.428436466698158,0.0023909836591778,29,1,0.0075454059829059,0.0203659188034188,1,GERMINATED
zm3_5,3,0.0,0.0024038461538461,0.0006569149038718,0.0036743465256466,0.0012968889896685,0.5264423076923077,0.3573717948717949,0.1080395299145299,0.1826923076923076,0.1153846153846153,0.0080128205128205,1.2808988764044944,0.0161643601272006,0.0210798816568047,1.3764883447928895,0.0020525833011274,35,1,0.0098157051282051,0.0050080128205128,1,GERMINATED
zm3_5,4,0.0,0.0017917211358171,0.0004770113918769,0.0022973870284239,0.0015035163260146,0.2836538461538461,0.4479166666666667,0.1039440883190883,0.1842948717948718,0.1137820512820512,0.0112179487179487,1.223404255319149,0.0165419942563372,0.0209694485535831,1.3572140957446812,0.0017964689311763,33,1,0.0132879273504273,0.0036057692307692,1,GERMINATED
zm3_5,5,0.0,0.0025338763302631,0.0007965783506351,0.0061987869999217,0.003602040489434,0.5272435897435898,0.5208333333333334,0.1087295227920227,0.2115384615384615,0.1233974358974359,0.0176282051282051,1.434782608695652,0.0176069817120498,0.0261033037475345,1.673913043478261,0.0035453918937221,13,1,0.024238782051282,0.0089476495726495,1,GERMINATED
zm3_5,6,0.0,0.000801282051282,0.0002986201893028,0.0004895458833672,0.0005648405244145,0.7692307692307693,0.5392628205128205,0.1347489316239316,0.1153846153846153,0.1394230769230769,0.0128205128205128,1.0588235294117647,0.0153417476509423,0.0160872781065088,1.166046165301564,0.0008287690253366,19,1,0.0041399572649572,0.0074786324786325,1,GERMINATED
zm3_5,7,0.0,0.0011331839442092,0.0003866178393273,0.0012467864766021,0.0020479324781429,0.3189102564102564,0.6346153846153846,0.1352608618233618,0.1217948717948717,0.1490384615384615,0.0208333333333333,1.1029411764705883,0.0159060051638176,0.0179132766272189,1.2821691176470589,0.0016211505101895,28,1,0.008213141025641,0.0106837606837607,1,GERMINATED
zm3_5,8,0.0,0.000801282051282,0.000325413806918,0.0008958605679086,0.0007232083952492,0.5440705128205128,0.7091346153846154,0.1024528133903133,0.1586538461538461,0.1041666666666666,0.0080128205128205,1.0879120879120878,0.0154155837373986,0.0165264423076923,1.1785714285714284,0.0010076284601587,7,1,0.0072783119658119,0.0036057692307692,1,GERMINATED
zm3_6,1,0.0,0.0011331839442092,0.0003683083024571,0.0017286759115872,0.000325413806918,0.6065705128205128,0.1690705128205128,0.1071714743589743,0.1682692307692307,0.1073717948717948,0.0032051282051281,1.141304347826087,0.017258275634177,0.0180673693293885,1.1764214046822743,0.0012330527319413,32,1,0.0117521367521367,0.0006009615384615,1,GERMINATED
zm3_6,2,0.0009672329977456,0.0153084720949862,0.0021620840658035,0.0051289701842071,0.0138390761295578,0.3790064102564102,0.1850961538461538,0.1509526353276353,0.1618589743589743,0.2435897435897435,0.1490384615384615,1.0860215053763442,0.0239419752515706,0.0394271860618014,2.7978859121560054,0.0113171127009777,47,1,0.0109508547008547,0.1196581196581196,1,GERMINATED
zm3_6,3,0.0,0.0011331839442092,0.000480408748663,0.0049922963858978,0.0059401215503907,0.7147435897435898,0.3822115384615384,0.1477697649572649,0.1714743589743589,0.1842948717948718,0.0480769230769231,1.3717948717948718,0.0209394860837168,0.0316018450032873,1.855957767722474,0.003272879248184,46,1,0.0308493589743589,0.0282451923076922,1,GERMINATED
zm3_6,4,0.000801282051282,0.0068928888357713,0.0010491133732531,0.009898707510794,0.0053638033751069,0.2419871794871795,0.40625,0.1217280982905982,0.1858974358974359,0.1554487179487179,0.0464743589743589,1.589041095890411,0.0164757914657754,0.0288975180802103,2.266720386784851,0.0057471844511161,39,1,0.0399305555555555,0.0245726495726495,1,GERMINATED
zm3_6,5,0.0016025641025641,0.0040064102564102,0.0012131610380957,0.0072067882154762,0.029453446746718,0.4655448717948718,0.4471153846153846,0.2081330128205128,0.1137820512820512,0.3381410256410256,0.2003205128205128,1.1639344262295082,0.0207574997488859,0.0384743795200526,2.855699580632863,0.0086962974621357,48,1,0.0028712606837606,0.1481036324786324,1,GERMINATED
zm3_6,6,0.0011331839442092,0.0392955122924334,0.0046269887746092,0.0182194075675827,0.0106994629441932,0.265224358974359,0.5568910256410257,0.1811565170940171,0.2980769230769231,0.2467948717948718,0.1073717948717948,2.5135135135135136,0.035554608170794,0.0735638560157791,4.4492078285181735,0.0115267150125292,57,1,0.1526442307692307,0.0843349358974359,1,GERMINATED
zm3_6,7,0.000801282051282,0.0159049945843583,0.0021630037446897,0.0281595214372447,0.0091025292266646,0.6915064102564102,0.5785256410256411,0.1702724358974358,0.2516025641025641,0.2516025641025641,0.1282051282051282,1.8045977011494247,0.0325974907430235,0.0633038502629848,3.679504403642335,0.0087896043188421,44,1,0.079861111111111,0.1032986111111111,1,GERMINATED
zm3_6,8,0.0011331839442092,0.0043150359031526,0.0011499090060104,0.0237659874147854,0.0117333205633909,0.5208333333333334,0.6209935897435898,0.1439191595441595,0.2724358974358974,0.1923076923076923,0.0817307692307692,2.236842105263157,0.0268053529521878,0.0523915187376725,3.8901601830663615,0.0077709839876694,51,1,0.109508547008547,0.0625667735042735,1,GERMINATED
zm3_6,9,0.0,0.0011331839442092,0.0001613392023253,0.0001316791262263,0.0002036926328539,0.4158653846153846,0.7740384615384616,0.1138933404558404,0.1506410256410256,0.1153846153846153,-0.0016025641025641,1.0444444444444445,0.017115989571919,0.0171402449046679,1.0299382716049383,0.0002932053797953,0,0,0.001068376068376,-0.0003338675213675,0,NON-GERMINATED
zm3_8,1,0.0,0.0017917211358171,0.0004555052593252,0.0014889476674078,0.0012430557341028,0.5368589743589743,0.2572115384615384,0.1415153133903133,0.1538461538461538,0.1490384615384615,0.0288461538461538,1.2467532467532467,0.0193951347797501,0.0229289940828402,1.5459740259740262,0.0023042317320538,20,1,0.0146901709401709,0.0101495726495726,1,GERMINATED
zm3_8,2,0.0,0.000801282051282,0.0002373879207587,0.0009122318657106,0.0009185234277939,0.8125,0.2996794871794871,0.0967325498575498,0.1378205128205128,0.0977564102564102,0.0048076923076923,1.048780487804878,0.0132423772623091,0.0134728385930309,1.1030277544154752,0.0005238892168299,0,0,0.0028712606837607,0.0030715811965811,0,NON-GERMINATED
zm3_8,3,0.0,0.0011331839442092,0.0003232048101893,0.000801282051282,0.0004592617138969,0.2732371794871794,0.3213141025641026,0.0996483262108262,0.1442307692307692,0.1009615384615384,0.0080128205128205,1.111111111111111,0.0137690390094236,0.0145617603550295,1.206896551724138,0.0009986636332129,4,1,0.0052083333333333,0.0035389957264957,1,GERMINATED
zm3_8,4,0.0,0.0016025641025641,0.0003720223957921,0.0006212288878629,0.0011743512892521,0.5,0.4134615384615384,0.1081063034188034,0.1378205128205128,0.1089743589743589,0.0048076923076923,1.1315789473684212,0.0144021031941705,0.0150189020381328,1.1838056680161944,0.0012111903796163,0,0,0.0081463675213675,0.00133547008547,1,GERMINATED
zm3_8,5,0.0,0.0011331839442092,0.0003286764136971,0.0014810661621602,0.000789369018265,0.6738782051282052,0.4975961538461538,0.1279157763532763,0.1314102564102564,0.1298076923076923,0.0032051282051281,1.1549295774647887,0.0156422284201731,0.0168474687705456,1.1845431563741424,0.0011660311677113,7,1,0.0084134615384615,0.0015357905982905,1,GERMINATED
zm3_8,6,0.0,0.0011331839442092,0.0003506483573441,0.0017450767021062,0.0006369786334247,0.3205128205128205,0.5192307692307693,0.1044782763532763,0.141025641025641,0.1073717948717948,0.0112179487179487,1.2054794520547945,0.0138639915032142,0.0151421761998685,1.346118721461187,0.0015578029664825,15,1,0.0128872863247863,0.0062099358974358,1,GERMINATED
zm3_8,7,0.0,0.000801282051282,0.0002518186542686,0.0003691044326873,0.0008205265576552,0.1738782051282051,0.5673076923076923,0.1189903846153846,0.1442307692307692,0.1201923076923077,0.0048076923076923,1.0588235294117647,0.0169645007510592,0.0173354289940828,1.1029411764705883,0.0005312372978394,0,0,0.0045405982905982,0.0032051282051282,0,NON-GERMINATED
zm3_8,8,0.0,0.0011331839442092,0.0003347256576968,0.000844625443421,0.0008677701517814,0.5552884615384616,0.592948717948718,0.1373308404558404,0.110576923076923,0.1490384615384615,0.0224358974358974,1.078125,0.0151061142272079,0.0164802144970414,1.2691851265822784,0.0013824075701483,18,1,0.0018696581196581,0.0123530982905983,1,GERMINATED
zm3_8,9,0.0,0.000801282051282,0.0002649991297139,0.0003814800681312,0.0008874570232344,0.2604166666666667,0.7259615384615384,0.0919025997150997,0.1474358974358974,0.0929487179487179,0.0064102564102564,1.057471264367816,0.0133764949845679,0.0137039776462853,1.1358024691358024,0.000679516910521,0,0,0.0055422008547008,0.0031383547008547,0,NON-GERMINATED
zm3_8,10,0.0,0.0011331839442092,0.000308964315833,0.0004221660598822,0.0005887817871443,0.5625,0.7780448717948718,0.1078392094017093,0.157051282051282,0.110576923076923,0.0032051282051281,1.088888888888889,0.0168054499735188,0.0171890409270216,1.1223931623931624,0.0009074189796067,0,0,0.0036725427350427,-0.001201923076923,0,NON-GERMINATED
zm4_1,1,0.0,0.000801282051282,0.0002373879207587,0.0006286607123619,0.0002723744268723,0.6514423076923077,0.2844551282051282,0.1195023148148148,0.1554487179487179,0.1201923076923077,0.0064102564102564,1.0543478260869563,0.0184603057199211,0.018683740138067,1.113747703612982,0.0005702768711609,0,0,0.0030048076923076,0.0020699786324786,0,NON-GERMINATED
zm4_1,2,0.0,0.000801282051282,0.0002649991297139,0.0009719820851539,0.0002986201893028,0.3894230769230769,0.2916666666666667,0.1049679487179487,0.1266025641025641,0.1057692307692307,0.0064102564102564,0.9873417721518988,0.0131346550492183,0.0132211538461538,1.051041241322989,0.0006743243052413,0,0,-0.000400641025641,0.0024038461538461,1,GERMINATED
zm4_1,3,0.0,0.0011331839442092,0.0003906560805869,0.0017154062852146,0.0015212053618983,0.5056089743589743,0.4366987179487179,0.1536680911680912,0.1153846153846153,0.1714743589743589,0.0272435897435897,1.0923076923076922,0.0168842798049528,0.0197855029585798,1.2986324786324788,0.0016696166826139,21,1,0.0076789529914529,0.0120192307692307,1,GERMINATED
zm4_1,4,0.0,0.0011331839442092,0.0003111895454152,0.0004427854848664,0.0006643879788372,0.7451923076923077,0.4775641025641026,0.1164529914529914,0.1169871794871794,0.1185897435897435,0.0080128205128205,1.123076923076923,0.0128869296287164,0.0138734796186719,1.2044593088071347,0.0009866782051584,0,0,0.0076121794871794,0.0050080128205128,1,GERMINATED
zm4_1,5,0.0,0.0011331839442092,0.0004220927734253,0.0034983765499267,0.0019773176918192,0.2467948717948718,0.5120192307692307,0.1402243589743589,0.1089743589743589,0.1506410256410256,0.0224358974358974,1.0149253731343284,0.0151494527996931,0.0164160092044707,1.192537313432836,0.0020287204278559,22,1,-0.000133547008547,0.0144230769230769,1,GERMINATED
zm4_1,6,0.0,0.0011331839442092,0.0002394289945748,0.0005506284222245,0.0002518186542687,0.421474358974359,0.6314102564102564,0.1128472222222222,0.1666666666666666,0.1137820512820512,0.0048076923076923,1.0612244897959184,0.0184806373959018,0.0189636752136752,1.1080432172869148,0.0005410055899588,17,1,0.0060763888888889,0.0028044871794871,1,GERMINATED
zm4_1,7,0.0,0.0017917211358171,0.0003794892493133,0.0019026217957435,0.0016148822246453,0.6466346153846154,0.717948717948718,0.146011396011396,0.0993589743589743,0.1474358974358974,0.0080128205128205,1.0166666666666666,0.0142029597783804,0.0146490795529257,1.075095785440613,0.0013667593128716,0,0,0.0015357905982905,0.0034722222222222,1,GERMINATED
zm4_1,8,0.0,0.000801282051282,0.0001835428074081,0.0003717791374752,0.0003531568654874,0.4350961538461538,0.7700320512820513,0.1357950498575498,0.1073717948717948,0.1362179487179487,0.001602564102564,1.046875,0.0145086483102308,0.0146259656476002,1.0593377976190474,0.0003071181482891,0,0,0.001602564102564,0.0012686965811965,0,NON-GERMINATED
zm4_10,1,0.0,0.000801282051282,0.0003171253305015,0.0007897611733978,0.0012287756139785,0.469551282051282,0.2732371794871794,0.143585292022792,0.1025641025641025,0.1458333333333333,0.0112179487179487,1.0847457627118644,0.0143108603395061,0.0149572649572649,1.1751412429378532,0.0009872191971476,0,0,0.0048076923076923,0.0052751068376068,1,GERMINATED
zm4_10,2,0.0,0.0016025641025641,0.000377564001373,0.0007422245370608,0.0012596833330511,0.6386217948717948,0.3060897435897436,0.1353276353276352,0.1233974358974359,0.1474358974358974,0.0176282051282051,1.0845070422535212,0.0162203257405581,0.018193211702827,1.2317857763867153,0.0012796149819211,25,1,0.0058760683760683,0.0078125,1,GERMINATED
zm4_10,3,0.0,0.0017917211358171,0.0003478221134713,0.00043145192252,0.0009841386649498,0.3052884615384615,0.3165064102564102,0.1403133903133903,0.1073717948717948,0.1426282051282051,0.0208333333333333,1.0806451612903225,0.0148706234819015,0.0153142463839579,1.2654923599320882,0.0012226759022268,0,0,0.0040064102564102,0.0068776709401709,0,NON-GERMINATED
zm4_10,4,0.0,0.0050677526605262,0.000640349888221,0.0009313780249691,0.0004199599862916,0.7315705128205128,0.5104166666666666,0.1333689458689458,0.1185897435897435,0.1346153846153846,0.0080128205128205,1.0571428571428572,0.0154229673460442,0.0159640039447731,1.1240506329113922,0.0011987965250551,0,0,0.0056089743589743,0.0034722222222222,1,GERMINATED
zm4_10,5,0.0,0.0028890635220064,0.0004972259765794,0.0008847314331531,0.0016191714280157,0.2475961538461538,0.5184294871794872,0.1354166666666666,0.1025641025641025,0.1618589743589743,0.0352564102564102,1.105263157894737,0.0133391489060559,0.0163415310650887,1.4130579613590943,0.0021779275866169,18,1,0.0025373931623931,0.0122863247863247,1,GERMINATED
zm4_10,6,0.0,0.0032051282051282,0.0004745897546311,0.0009813660828458,0.0004406826449702,0.5592948717948718,0.6129807692307693,0.1036324786324786,0.1378205128205128,0.1057692307692307,0.0048076923076923,1.0750000000000002,0.0141035485837168,0.0145771696252465,1.1261904761904764,0.0012599524311252,0,0,0.0050080128205128,0.0053418803418803,1,GERMINATED
zm4_10,7,0.0,0.0017917211358171,0.0003729546940889,0.0006017853380785,0.0010165155814395,0.3573717948717949,0.6594551282051282,0.1429175569800569,0.1153846153846153,0.1490384615384615,0.016025641025641,1.0434782608695654,0.0162946255319051,0.0171967455621301,1.1691985332634889,0.0011218242007151,0,0,0.0035389957264957,0.0092147435897435,1,GERMINATED
zm4_10,8,0.0,0.0016025641025641,0.000464967532402,0.0027236305875418,0.0019589107598855,0.4903846153846153,0.75,0.1091301638176638,0.1266025641025641,0.1121794871794871,-0.001602564102564,1.0821917808219177,0.0133635112476258,0.0136628862590401,1.0657949356579492,0.00213530647376,7,1,0.0030048076923076,-0.0031383547008546,1,GERMINATED
zm4_11,1,0.0,0.0011331839442092,0.0003666619958383,0.0005128970184207,0.0022891779980059,0.6306089743589743,0.1634615384615384,0.1017850783475783,0.1394230769230769,0.110576923076923,0.016025641025641,1.1012658227848102,0.0139985372607568,0.015416974852071,1.2879210469856257,0.0016804026405651,14,1,0.0050747863247863,0.0093482905982906,1,GERMINATED
zm4_11,2,0.0,0.0016025641025641,0.0003076093963916,0.000654149395018,0.0004965792271484,0.2644230769230769,0.3044871794871794,0.1397124287749287,0.0993589743589743,0.1426282051282051,0.0096153846153846,1.0333333333333332,0.0134356351929468,0.0141713921761998,1.108032128514056,0.0008925493147977,0,0,0.0048076923076923,0.0052751068376068,0,NON-GERMINATED
zm4_11,3,0.0,0.0024038461538461,0.0004977589157723,0.0008340008010681,0.0032063451994188,0.7275641025641025,0.3165064102564102,0.1386440527065526,0.1185897435897435,0.1682692307692307,0.0464743589743589,1.1044776119402986,0.0155859061107458,0.0199550049309664,1.525923016496465,0.002249883043452,26,1,0.0048076923076923,0.0170272435897436,1,GERMINATED
zm4_11,4,0.0,0.0017917211358171,0.0002893034274726,0.0002586126700191,0.0003717791374752,0.5360576923076923,0.3573717948717949,0.1022079772079772,0.1137820512820512,0.1025641025641025,0.0,1.0923076923076922,0.0115168600244722,0.0116699539776462,1.0923076923076922,0.0006194695447823,0,0,0.0033386752136752,0.001068376068376,0,NON-GERMINATED
zm4_11,5,0.0,0.0024038461538461,0.0003696074142052,0.0006967804417066,0.0004473769418233,0.3798076923076923,0.359775641025641,0.1340366809116809,0.0993589743589743,0.1362179487179487,0.0064102564102563,1.0163934426229508,0.0131213859554204,0.0135344756738987,1.066585711394454,0.0008651722286159,19,1,0.000667735042735,0.0038728632478632,1,GERMINATED
zm4_11,6,0.0,0.0016025641025641,0.0003547717412826,0.0007374534925671,0.0005256573040696,0.344551282051282,0.5256410256410257,0.1175436253561253,0.1330128205128205,0.1201923076923077,0.0112179487179487,1.106666666666667,0.0150390910356855,0.0159871178500986,1.2205882352941175,0.0011888521200278,11,1,0.0068776709401709,0.0064770299145299,1,GERMINATED
zm4_11,7,0.0,0.000801282051282,0.0002036926328539,0.0003691044326873,0.0004656890124845,0.8277243589743589,0.5649038461538461,0.1342370014245014,0.1025641025641025,0.1362179487179487,0.0064102564102563,1.0158730158730158,0.0136194763473409,0.0139710716633793,1.0660395845581028,0.0003450332020133,0,0,0.001469017094017,0.0044738247863247,0,NON-GERMINATED
zm4_11,8,0.0,0.0011331839442092,0.0003317788796524,0.0004995632052943,0.0006735523838752,0.6802884615384616,0.6193910256410257,0.1352608618233618,0.1073717948717948,0.1394230769230769,0.0128205128205128,1.0476190476190477,0.0141518095619658,0.0147980358316896,1.1537070524412296,0.0010873576756743,0,0,0.0032051282051281,0.0056757478632478,1,GERMINATED
zm4_11,9,0.0,0.0033037705333474,0.0004808412611209,0.0015814031043742,0.0007367813999303,0.2948717948717949,0.6730769230769231,0.1001825142450142,0.1362179487179487,0.1025641025641025,0.0032051282051282,1.0759493670886076,0.0132063866288625,0.0139710716633793,1.11065741118824,0.0013314013979606,3,1,0.0061431623931623,0.0048076923076923,1,GERMINATED
zm4_11,10,0.0,0.0022663678884184,0.0004378319849602,0.0012930633500959,0.0007405539868061,0.4991987179487179,0.780448717948718,0.1166755698005698,0.1506410256410256,0.1201923076923077,0.001602564102564,1.119047619047619,0.0163913971756519,0.0176230687047994,1.1345899470899472,0.0016857951885418,12,1,0.0090144230769231,0.0035389957264957,1,GERMINATED
zm4_12,1,0.0,0.0028890635220064,0.0004446355103778,0.0008116483561126,0.0012843657852008,0.3333333333333333,0.125801282051282,0.0984909188034188,0.1458333333333333,0.0993589743589743,0.001602564102564,1.1666666666666667,0.0138932762505478,0.0144898504273504,1.185792349726776,0.0015698867593267,0,0,0.008880876068376,0.0026041666666666,1,GERMINATED
zm4_12,2,0.0,0.0011331839442092,0.0003202458615662,0.0007487867752405,0.0013660944407102,0.5408653846153846,0.2580128205128205,0.1221509971509971,0.1169871794871794,0.1298076923076923,0.0176282051282051,1.1060606060606062,0.0138858213026882,0.0151858357988165,1.27987012987013,0.0012737225052564,12,1,0.0035389957264957,0.008747329059829,1,GERMINATED
zm4_12,3,0.0,0.000801282051282,0.0002649991297139,0.0004490349225835,0.0004684732278278,0.5216346153846154,0.3974358974358974,0.1041221509971509,0.157051282051282,0.1057692307692307,0.0064102564102564,1.053763440860215,0.015951091547045,0.0166111932938856,1.1217481789802288,0.0006198968798927,14,1,0.0028044871794872,0.0025373931623931,1,GERMINATED
zm4_12,4,0.0,0.0011331839442092,0.0003041159009482,0.0006118880784317,0.0005782755100056,0.328525641025641,0.4591346153846153,0.1458333333333333,0.1073717948717948,0.1490384615384615,0.0112179487179487,1.0151515151515151,0.015263524202827,0.0160025271203155,1.097780126849894,0.0009687340345355,20,1,0.0033386752136752,0.0067441239316239,1,GERMINATED
zm4_12,5,0.0,0.0028890635220064,0.0004805264642599,0.0020307148732117,0.0008012047634061,0.7516025641025641,0.4671474358974359,0.1385105056980057,0.110576923076923,0.141025641025641,0.0144230769230769,1.2545454545454544,0.0138409132674958,0.015594181459566,1.39746835443038,0.0021047728030215,24,1,0.009014423076923,0.0063434829059829,1,GERMINATED
zm4_12,6,0.0,0.0024038461538461,0.0005148123650303,0.0060184193287555,0.0023188508792055,0.5560897435897436,0.5745192307692307,0.101696047008547,0.1891025641025641,0.1201923076923077,0.0240384615384615,1.3720930232558135,0.0147771691116042,0.0227286735700197,1.7151162790697672,0.0034469617425601,36,1,0.0334535256410256,0.0108173076923076,1,GERMINATED
zm4_12,7,0.0,0.0028890635220064,0.0006843233071409,0.0030903743166623,0.0026462496909009,0.34375,0.6049679487179487,0.1297631766381766,0.1442307692307692,0.1554487179487179,0.0400641025641025,1.232876712328767,0.0164169366142523,0.0224204881656804,1.660958904109589,0.0031742008932485,28,1,0.0098157051282051,0.0136885683760683,1,GERMINATED
zm4_12,8,0.0,0.0016025641025641,0.0004668485839991,0.0022656846836229,0.0029571734465032,0.1274038461538461,0.6418269230769231,0.1434962606837606,0.1089743589743589,0.1778846153846154,0.0464743589743589,1.0,0.0154243584607166,0.019099790433925,1.3536585365853655,0.0022437799430941,30,1,0.0003338675213675,0.0219684829059829,1,GERMINATED
zm4_12,9,0.0,0.0011331839442092,0.0003014510721445,0.000226986267521,0.0009313780249691,0.4767628205128205,0.6626602564102564,0.1242877492877492,0.1217948717948717,0.1298076923076923,0.0128205128205128,1.0555555555555556,0.014757871854226,0.0158099112426035,1.1712328767123288,0.000844993204187,6,1,0.0044070512820512,0.008480235042735,1,GERMINATED
zm4_12,10,0.0,0.0025338763302631,0.0003829605575707,0.0002518186542687,0.0011191065785235,0.3974358974358974,0.750801282051282,0.104923433048433,0.1266025641025641,0.1089743589743589,0.0112179487179487,1.0394736842105263,0.0132257908950617,0.0137964332675871,1.1587575496117342,0.0009356340146734,0,0,0.0017361111111111,0.0064102564102563,1,GERMINATED
zm4_3,1,0.0,0.0011331839442092,0.0003365282341607,0.0008677701517814,0.0004996871510114,0.3493589743589743,0.2860576923076923,0.1180555555555555,0.1314102564102564,0.1217948717948717,0.0112179487179487,1.1232876712328768,0.0146915620548433,0.0160050953320184,1.2372443915028788,0.0011385879288891,22,1,0.0060096153846153,0.0056757478632478,1,GERMINATED
zm4_3,2,0.0,0.000801282051282,0.0001601172383584,0.0002036926328539,0.0001835428074081,0.5232371794871795,0.3068910256410256,0.1006054131054131,0.1282051282051282,0.1009615384615384,0.0032051282051282,1.0126582278481011,0.0128872506551793,0.0129437869822485,1.045860136957875,0.000238030789526,0,0,0.0003338675213675,0.001068376068376,0,NON-GERMINATED
zm4_3,3,0.0,0.0011331839442092,0.0003365282341607,0.0004935772093468,0.0011366215632044,0.625,0.3958333333333333,0.1437188390313389,0.1073717948717948,0.1506410256410256,0.0112179487179487,1.0806451612903225,0.0152070235453648,0.0161745973044049,1.1675936225435668,0.0011154061806005,10,1,0.0024038461538461,0.0046741452991453,1,GERMINATED
zm4_3,4,0.0,0.0016025641025641,0.0002967479439541,0.0005661546181435,0.0007524991766549,0.2395833333333333,0.4310897435897436,0.1052795584045583,0.1073717948717948,0.1073717948717948,0.0080128205128205,1.0307692307692309,0.0112226927756775,0.0115287023339907,1.1138957816377169,0.0007327264353655,0,0,0.0022702991452991,0.0056757478632478,0,NON-GERMINATED
zm4_3,5,0.0,0.000801282051282,0.0002214626596123,2.7755575615628914e-16,0.0014686376501016,0.4791666666666667,0.4431089743589743,0.1278712606837607,0.0961538461538461,0.1298076923076923,0.0096153846153846,1.0,0.0122953135272846,0.0124815088757396,1.0799999999999998,0.0004151286748845,0,0,0.0,0.0056089743589743,1,GERMINATED
zm4_3,6,0.0,0.000801282051282,0.0002373879207587,0.0005612109011361,0.0003655641850439,0.2171474358974359,0.5993589743589743,0.1204816595441595,0.1201923076923077,0.1217948717948717,0.0080128205128205,1.0273972602739727,0.0144058128332968,0.0146388067061143,1.0997491800115762,0.0005097155686538,0,0,0.0019364316239316,0.0039396367521367,0,NON-GERMINATED
zm4_3,7,0.0,0.000801282051282,0.0002373879207587,0.0005433829957146,0.0009537164033844,0.7363782051282052,0.6025641025641025,0.1351050569800569,0.094551282051282,0.1378205128205128,0.0080128205128205,1.0350877192982455,0.0125357266783548,0.0130311061801446,1.0989820229586311,0.0005062744555825,12,1,0.0022702991452991,0.0042735042735042,1,GERMINATED
zm4_3,8,0.0,0.000801282051282,0.0002036926328539,0.0003655641850439,0.000325413806918,0.5897435897435898,0.6626602564102564,0.1112669159544159,0.1314102564102564,0.1121794871794871,0.0048076923076923,1.025,0.0145806295771239,0.0147415351742274,1.07089552238806,0.0003668467999383,0,0,0.0011351495726495,0.0027377136752136,1,GERMINATED
zm4_3,9,0.0,0.0011331839442092,0.0003140028153879,0.0003770716334156,0.0006389200540601,0.3173076923076923,0.686698717948718,0.1441417378917379,0.1137820512820512,0.1506410256410256,0.0128205128205128,1.0757575757575757,0.0159517335999707,0.0171402449046679,1.175828047921071,0.00086638699763,0,0,0.0040064102564102,0.0074786324786324,1,GERMINATED
zm4_3,10,0.0,0.0011331839442092,0.0004130331110165,0.0011305030137572,0.0021587804971009,0.4807692307692308,0.7684294871794872,0.1385327635327635,0.1169871794871794,0.1586538461538461,0.0304487179487179,1.0579710144927537,0.015622788484367,0.0185604659763313,1.3092391304347828,0.0018557868247275,14,1,0.0028712606837606,0.0132211538461538,1,GERMINATED
zm4_4,1,0.0,0.0011331839442092,0.0003438409723255,0.0014227179423636,0.0025852645142369,0.4142628205128205,0.2676282051282051,0.1310096153846153,0.1169871794871794,0.141025641025641,0.0176282051282051,1.0895522388059702,0.0149174576758711,0.0164981919789612,1.2452025586353943,0.0011769938830763,29,1,0.0062767094017093,0.0118189102564102,1,GERMINATED
zm4_4,2,0.0009672329977456,0.0222202317690096,0.003214880652252,0.0120953618535563,0.0166582459176546,0.2083333333333333,0.4126602564102564,0.1725872507122507,0.157051282051282,0.2772435897435897,0.1426282051282051,1.2727272727272727,0.0236020438970158,0.0435414612097304,2.621212121212121,0.0104605980830947,55,1,0.016559829059829,0.0946180555555555,1,GERMINATED
zm4_4,3,0.0,0.0011331839442092,0.0003851325960802,0.0009583154632105,0.0012502089271709,0.4647435897435897,0.4375,0.1437856125356125,0.1217948717948717,0.1458333333333333,0.0064102564102563,1.1176470588235294,0.0165251938714478,0.0175665680473372,1.1696306429548562,0.0014566156717809,4,1,0.0074786324786324,0.000667735042735,1,GERMINATED
zm4_4,4,0.0,0.0050677526605262,0.0008225000570081,0.0055219059376063,0.0064775939845775,0.6810897435897436,0.484775641025641,0.1301860754985754,0.1875,0.1682692307692307,0.0544871794871795,1.3295454545454546,0.0202128605198517,0.0315504807692307,1.9662291933418687,0.0038137328204424,48,1,0.0236378205128205,0.0262419871794871,1,GERMINATED
zm4_4,5,0.0,0.0017917211358171,0.0006620915940543,0.0074043356173232,0.0004041804620133,0.3165064102564102,0.5841346153846154,0.1163417022792023,0.1907051282051282,0.125,0.0112179487179487,1.5063291139240509,0.0165206281617539,0.023838141025641,1.6548404350151542,0.0028834769880105,33,1,0.0266426282051281,0.0051415598290598,1,GERMINATED
zm4_4,6,0.0,0.000801282051282,0.0002373879207587,0.0004684732278278,0.0006400820799745,0.2764423076923077,0.6826923076923077,0.1201032763532763,0.1041666666666666,0.1217948717948717,0.0048076923076923,1.0655737704918034,0.012292281610691,0.0126869658119658,1.109364473388727,0.0005514107655294,24,1,0.000934829059829,0.0034054487179487,1,GERMINATED
zm4_4,7,0.0,0.0011331839442092,0.0003641539823058,0.0017141423147694,0.0011526356784956,0.6025641025641025,0.7043269230769231,0.1370414886039886,0.125,0.1426282051282051,0.0064102564102564,1.238095238095238,0.0150308870260793,0.0174278846153846,1.29776247848537,0.0015977100566813,16,1,0.0126869658119657,0.0076121794871794,1,GERMINATED
zm4_4,8,0.0,0.0025338763302631,0.0008784161188089,0.0093191443679548,0.0012066538611493,0.4407051282051282,0.78125,0.1095975783475783,0.2403846153846154,0.1169871794871794,0.0128205128205128,1.666666666666667,0.0182892699544342,0.0281219181459566,1.871794871794872,0.0037132610575185,37,1,0.0533520299145299,0.0044738247863247,1,GERMINATED
zm4_5,1,0.0,0.0011331839442092,0.0002673723292281,0.0008328119183524,0.0005199717942585,0.5512820512820513,0.2331730769230769,0.1193687678062677,0.1362179487179487,0.1201923076923077,0.0064102564102564,1.0625,0.0159342198229417,0.0163723496055226,1.1223591549295775,0.0006176001785317,0,0,0.0049412393162392,0.0024706196581196,0,NON-GERMINATED
zm4_5,2,0.0,0.000801282051282,0.0002649991297139,0.0008756555814632,0.0003691044326873,0.3205128205128205,0.3221153846153846,0.1300747863247863,0.1217948717948717,0.1314102564102564,0.0048076923076923,1.0857142857142856,0.0155902934724048,0.0160050953320184,1.1269439421338157,0.0006422034585469,0,0,0.0057425213675213,0.0037393162393162,1,GERMINATED
zm4_5,3,0.0,0.0011331839442092,0.0002909619545824,0.0013331959953008,0.0003271220276152,0.6899038461538461,0.3725961538461538,0.1390669515669515,0.1169871794871794,0.1426282051282051,0.0064102564102564,1.042857142857143,0.0160635221482577,0.0166856714332675,1.091932773109244,0.0007695307866694,14,1,0.0023370726495726,0.0040731837606837,1,GERMINATED
zm4_5,4,0.0,0.000801282051282,0.0003171253305015,0.0004905568207027,0.0006617730033528,0.4767628205128205,0.4551282051282051,0.1426727207977208,0.1169871794871794,0.1538461538461538,0.0208333333333333,1.0138888888888888,0.0166463278567645,0.0179980276134122,1.172690763052209,0.0010057042871848,24,1,0.0010016025641025,0.0152243589743589,1,GERMINATED
zm4_5,5,0.0,0.000801282051282,0.0002986201893028,0.000264999129714,0.0014438456855615,0.3036858974358974,0.5400641025641025,0.131454772079772,0.1009615384615384,0.1378205128205128,0.0144230769230769,1.05,0.0131786000050222,0.0139145710059171,1.1727272727272726,0.0008561279162833,12,1,0.0022035256410256,0.0057425213675213,1,GERMINATED
zm4_5,6,0.0,0.0011331839442092,0.0002233244848648,0.0006801398500087,0.0002036926328539,0.7516025641025641,0.625801282051282,0.1134926994301994,0.1506410256410256,0.1137820512820512,0.0032051282051282,1.068181818181818,0.0169038624191869,0.0171402449046679,1.0991436100131753,0.0004946088581494,0,0,0.0050747863247863,0.0008680555555555,0,NON-GERMINATED
zm4_5,7,0.0,0.0011331839442092,0.0003014510721445,0.000650827613836,0.0016379936661372,0.3213141025641026,0.6979166666666666,0.0931045227920228,0.1314102564102564,0.0977564102564102,0.0144230769230769,1.0649350649350648,0.0119629084598034,0.012846194937541,1.2492507492507492,0.0011506869002147,0,0,0.0057425213675214,0.0082799145299145,0,NON-GERMINATED
zm4_5,8,0.0,0.0011331839442092,0.0003317788796524,0.0005887817871444,0.0022219685522511,0.5456730769230769,0.7259615384615384,0.1257790242165242,0.1153846153846153,0.1266025641025641,0.0048076923076923,1.090909090909091,0.0143175662256191,0.0146079881656804,1.1339712918660287,0.0010782936117457,0,0,0.0047409188034187,0.0024706196581196,0,NON-GERMINATED
zm4_6,1,0.0,0.0025338763302631,0.0005459026415242,0.0011675820279143,0.0041485642540088,0.3894230769230769,0.2924679487179487,0.1425836894586895,0.1169871794871794,0.1810897435897435,0.0528846153846153,1.0735294117647058,0.0160216103600518,0.0211851783366206,1.516360294117647,0.0026389086409072,29,1,0.0040731837606837,0.0255742521367521,1,GERMINATED
zm4_6,2,0.0,0.0016025641025641,0.0004510033379689,0.0021903337963216,0.0011344401552572,0.6658653846153846,0.3629807692307692,0.1203481125356125,0.1153846153846153,0.1426282051282051,0.0336538461538461,1.1428571428571428,0.0126814726924903,0.0164571005917159,1.495798319327731,0.0030362472258806,24,1,0.0078125,0.016826923076923,1,GERMINATED
zm4_6,3,0.0,0.0025338763302631,0.0008020656139955,0.0019762839148042,0.0032693834852027,0.4775641025641026,0.4286858974358974,0.1505742521367521,0.1266025641025641,0.1971153846153846,0.0576923076923076,1.2950819672131146,0.0165684967743261,0.0249553131163708,1.830977953646128,0.0040101309939297,30,1,0.0122863247863247,0.0136217948717948,1,GERMINATED
zm4_6,4,0.0,0.0011331839442092,0.0002934748519779,0.000487136499026,0.0007374534925671,0.2884615384615384,0.4823717948717949,0.1432736823361823,0.1057692307692307,0.1474358974358974,0.0096153846153846,1.0819672131147542,0.0150617769057272,0.015594181459566,1.157453297750667,0.0008804787836022,2,1,0.0020032051282051,0.0070779914529914,1,GERMINATED
zm4_6,5,0.0,0.0016025641025641,0.0002586126700191,0.0005447488537446,0.0005312819739262,0.8157051282051282,0.5905448717948718,0.1259125712250712,0.1201923076923077,0.1266025641025641,0.0032051282051281,1.0273972602739727,0.0150001754944663,0.0152166543392504,1.054082903397972,0.0004291446540259,0,0,0.0022702991452991,0.0020699786324786,1,GERMINATED
zm4_6,6,0.0,0.0011331839442092,0.0002796377362368,0.0005506284222245,0.0005224668177664,0.6730769230769231,0.6129807692307693,0.1268696581196581,0.1073717948717948,0.1298076923076923,0.0064102564102564,1.0634920634920637,0.0132588209511286,0.0139376849112426,1.1187384044526902,0.0007606953756992,0,0,0.0038728632478632,0.0042735042735042,1,GERMINATED
zm4_6,7,0.0,0.000801282051282,0.0002649991297139,0.0006310204105384,0.0004516476114606,0.4759615384615384,0.6650641025641025,0.102096688034188,0.1474358974358974,0.1025641025641025,0.0032051282051282,1.0823529411764707,0.0145803085506611,0.0151216305062458,1.1172675521821631,0.0006007473480726,0,0,0.0072783119658119,0.0014022435897435,1,GERMINATED
zm4_6,8,0.0,0.0017917211358171,0.0004388047693912,0.0010295902741125,0.0007697478839828,0.2612179487179487,0.6650641025641025,0.1334134615384615,0.0977564102564102,0.1426282051282051,0.0192307692307692,1.109090909090909,0.0122780494375045,0.0139428213346482,1.2819362455726089,0.002024870754554,26,1,0.0062099358974358,0.0089476495726495,1,GERMINATED
zm4_7,1,0.0,0.0024038461538461,0.0004170091435661,0.0009993743020229,0.0005558891445754,0.5753205128205128,0.204326923076923,0.1337028133903133,0.1233974358974359,0.1362179487179487,0.0064102564102563,1.0845070422535212,0.0163122819873621,0.0168089455950032,1.1380629455746825,0.0009688952848997,0,0,0.0038060897435897,0.0048076923076922,1,GERMINATED
zm4_7,2,0.0,0.0011331839442092,0.0003472259487409,0.0011786148766803,0.0004751669791713,0.2211538461538461,0.2516025641025641,0.145321403133903,0.1057692307692307,0.157051282051282,0.0176282051282051,1.0655737704918034,0.015044619824768,0.0163595085470085,1.2003014885999623,0.0012851188611055,19,1,0.0038728632478632,0.0060763888888888,1,GERMINATED
zm4_7,3,0.0,0.0033037705333474,0.0004402664337044,0.000420990925912,0.0004871364990259,0.4262820512820512,0.3237179487179487,0.1080840455840456,0.125,0.1089743589743589,0.0048076923076923,1.0263157894736843,0.013465954358883,0.0136217948717948,1.0736842105263158,0.0008044002723641,0,0,0.0012686965811965,0.0026709401709401,0,NON-GERMINATED
zm4_7,4,0.0,0.0017917211358171,0.0003725788857564,0.0005612109011361,0.0005612109011361,0.5913461538461539,0.3830128205128205,0.1414930555555555,0.094551282051282,0.1538461538461538,0.0208333333333333,1.1346153846153846,0.012769683630561,0.0145463510848126,1.3123262279888788,0.0014017059451539,24,1,0.0029380341880342,0.008346688034188,1,GERMINATED
zm4_7,5,0.0,0.000801282051282,0.0002771078080036,0.0006263909935661,0.0007728790747426,0.2131410256410256,0.4230769230769231,0.0887419871794871,0.1474358974358974,0.0913461538461538,0.0080128205128205,1.0337078651685394,0.0130383114407553,0.0134677021696252,1.133102852203976,0.0008548601272866,0,0,0.001602564102564,0.0047409188034188,0,NON-GERMINATED
zm4_7,6,0.0,0.0024038461538461,0.0003853563411053,0.001427280942119,0.0003531568654874,0.4270833333333333,0.5168269230769231,0.0939058048433048,0.1378205128205128,0.0961538461538461,0.0048076923076923,1.1315789473684212,0.0124494062294543,0.0132519723865877,1.1911357340720223,0.0009360725143069,0,0,0.0068108974358974,0.0036725427350427,1,GERMINATED
zm4_7,7,0.0,0.000801282051282,0.0002518186542686,0.0008991035751395,0.0005765595551544,0.7403846153846154,0.53125,0.1390669515669515,0.1009615384615384,0.141025641025641,0.0080128205128205,1.05,0.0138611379346555,0.0142381656804733,1.1132530120481927,0.0005758254282076,0,0,0.0036057692307692,0.0043402777777777,1,GERMINATED
zm4_7,8,0.0,0.0048740084377389,0.0006420480290992,0.0005971366820377,0.0006325886525606,0.2051282051282051,0.5825320512820513,0.1360621438746438,0.1153846153846153,0.1442307692307692,0.0144230769230769,1.125,0.0151086824389108,0.0166420118343195,1.2499999999999998,0.001852325897488,10,1,0.0068776709401709,0.0090144230769231,1,GERMINATED
zm4_7,9,0.0,0.0011331839442092,0.0002394289945748,0.0003331247673409,0.0003879190050287,0.4006410256410256,0.6971153846153846,0.1373530982905982,0.1025641025641025,0.141025641025641,0.0096153846153846,1.0491803278688523,0.0138477261624296,0.0144641683103221,1.1259496201519392,0.0006176541345118,0,0,0.0037393162393162,0.0067441239316239,1,GERMINATED
zm4_7,10,0.0,0.000801282051282,0.0002518186542686,0.0008083609240266,0.0005691002348444,0.5592948717948718,0.7107371794871795,0.0874510327635327,0.1073717948717948,0.0897435897435897,0.0080128205128205,1.046875,0.0092811247283402,0.0096359303090072,1.1495098039215688,0.0007292757446127,0,0,0.0032719017094016,0.0058092948717948,0,NON-GERMINATED
zm4_8,1,0.0,0.0011331839442092,0.0003140028153879,0.0011792452082398,0.0004217257683737,0.4663461538461538,0.2203525641025641,0.137108262108262,0.1169871794871794,0.1394230769230769,0.0096153846153846,1.0735294117647058,0.0154460099121557,0.0163107125246548,1.1530501089324616,0.0010195199471,0,0,0.0049412393162393,0.0042735042735042,1,GERMINATED
zm4_8,2,0.0,0.000801282051282,0.0002518186542686,0.000264999129714,0.0007190865375333,0.6738782051282052,0.2852564102564102,0.1258235398860399,0.1089743589743589,0.1266025641025641,0.0048076923076923,1.0793650793650793,0.0135662929633282,0.0137964332675871,1.121971595655806,0.0006132918826989,0,0,0.0035389957264957,0.0023370726495726,0,NON-GERMINATED
zm4_8,3,0.0,0.0011331839442092,0.000326006576135,0.00086290384504,0.0007023572527372,0.2924679487179487,0.3197115384615384,0.1186565170940171,0.1201923076923077,0.1233974358974359,0.0128205128205128,1.0869565217391306,0.0140019258734202,0.0148314225838264,1.212980466288595,0.0010178045754119,0,0,0.0056757478632478,0.008213141025641,1,GERMINATED
zm4_8,4,0.0,0.0011331839442092,0.0002909619545824,0.0005946425395028,0.0004325986406155,0.4431089743589743,0.407051282051282,0.1081508190883191,0.1474358974358974,0.1089743589743589,0.0064102564102564,1.0823529411764707,0.0155670725582584,0.0160667324128862,1.15,0.0007495055065223,15,1,0.0054086538461538,0.0024706196581196,1,GERMINATED
zm4_8,5,0.0,0.0011331839442092,0.0002394289945748,0.0005172253400383,0.0011370573425986,0.7435897435897436,0.4366987179487179,0.1285835113960114,0.1217948717948717,0.1298076923076923,0.0080128205128205,1.027027027027027,0.0155943954772079,0.0158099112426035,1.0945945945945947,0.0004821088670684,0,0,0.001602564102564,0.0036725427350427,0,NON-GERMINATED
zm4_8,6,0.0,0.0011331839442092,0.000254029438731,0.0002214626596124,0.0008225617651412,0.2091346153846154,0.4463141025641026,0.1303196225071224,0.1137820512820512,0.1314102564102564,0.0080128205128205,1.0441176470588236,0.0147611534580685,0.0149521285338593,1.1119174942704355,0.0005650409773319,0,0,0.0016025641025641,0.0032719017094017,0,NON-GERMINATED
zm4_8,7,0.0,0.0016025641025641,0.0003297082837736,0.001199240900376,0.0001875478492961,0.4511217948717949,0.5568910256410257,0.120949074074074,0.1330128205128205,0.1217948717948717,0.0064102564102564,1.106666666666667,0.0157631483878479,0.0162002794214332,1.1681481481481482,0.0008315392935385,0,0,0.0041399572649572,0.0025373931623931,1,GERMINATED
zm4_8,8,0.0,0.000801282051282,0.0002214626596123,0.000325413806918,0.000755128002746,0.6794871794871795,0.6434294871794872,0.1343482905982906,0.1266025641025641,0.1346153846153846,0.001602564102564,1.0394736842105263,0.0169523017454708,0.0170426528599605,1.0519974635383638,0.0004040001913815,0,0,0.0012686965811965,0.000801282051282,0,NON-GERMINATED
zm4_8,9,0.0,0.000801282051282,0.0002771078080036,0.0007697478839828,0.000529998259428,0.2676282051282051,0.6514423076923077,0.1187232905982906,0.1442307692307692,0.1201923076923077,0.0064102564102564,1.0470588235294118,0.0168624500054788,0.0173354289940828,1.1060480530240266,0.0006672326682098,0,0,0.0023370726495726,0.0041399572649572,0,NON-GERMINATED
zm4_8,10,0.0,0.000801282051282,0.0002771078080036,0.0010730030976846,0.0005887817871443,0.4719551282051282,0.7604166666666666,0.101963141025641,0.1554487179487179,0.1025641025641025,0.0048076923076923,1.077777777777778,0.0153354698001132,0.0159434582511505,1.130783242258652,0.0006660199756849,16,1,0.0072115384615384,0.0018028846153846,1,GERMINATED
zm5_1,1,0.0,0.0017917211358171,0.0004758627240634,0.0026952206856719,0.0011331839442092,0.5128205128205128,0.2211538461538461,0.1128917378917379,0.1666666666666666,0.1153846153846153,0.0048076923076923,1.1428571428571428,0.0178129380227737,0.0189636752136752,1.1932773109243695,0.0019043329348105,16,1,0.0073450854700854,0.0018696581196581,1,GERMINATED
zm5_1,2,0.0,0.0025338763302631,0.0004156290508609,0.000679502204526,0.0013350526858394,0.3517628205128205,0.327724358974359,0.1210603632478632,0.1282051282051282,0.1298076923076923,0.0192307692307692,1.095890410958904,0.0153866913557418,0.0166420118343195,1.2864800476474092,0.0013272049219897,0,0,0.0034722222222222,0.008480235042735,1,GERMINATED
zm5_1,3,0.0,0.0022663678884184,0.0004043606978822,0.0011270467326542,0.0013564045761157,0.7219551282051282,0.3405448717948718,0.1347266737891737,0.1506410256410256,0.1378205128205128,0.0112179487179487,1.1604938271604937,0.0196096161265432,0.0207614234056541,1.263322394124082,0.0013548606934883,69,1,0.0062099358974359,0.0054754273504273,1,GERMINATED
zm5_1,4,0.0,0.0064102564102564,0.0009632166161072,0.0034242179575307,0.0052472697921274,0.4879807692307692,0.4086538461538461,0.1512419871794871,0.1666666666666666,0.1987179487179487,0.0673076923076922,1.4054054054054057,0.020494543406202,0.0331196581196581,2.12524719841793,0.0045916353361992,30,1,0.0233039529914529,0.0219684829059828,1,GERMINATED
zm5_1,5,0.0,0.0048740084377389,0.0006597965073846,0.0022982494312053,0.0006215278670514,0.1177884615384615,0.4855769230769231,0.1156739672364672,0.1714743589743589,0.1185897435897435,0.0048076923076923,1.1382978723404256,0.0190458223185586,0.0200603016107823,1.187082066869301,0.0016882090385842,0,0,0.0124198717948718,0.0012686965811965,1,GERMINATED
zm5_1,6,0.0,0.0046722370952286,0.0006271898575063,0.0017110687850319,0.000586780018094,0.3397435897435897,0.5857371794871795,0.1026086182336182,0.1698717948717948,0.1057692307692307,0.0064102564102564,1.177777777777778,0.0157691052122141,0.0179672090729783,1.2537634408602152,0.0017641729255182,14,1,0.0117521367521367,0.0058760683760683,1,GERMINATED
zm5_1,7,0.0,0.0048076923076923,0.000776521224724,0.0040722562452987,0.0013173554804983,0.6923076923076923,0.5865384615384616,0.1196136039886039,0.2099358974358974,0.1233974358974359,0.0048076923076923,1.5232558139534882,0.0190227797524472,0.0255691157133464,1.5858553679515768,0.0033135582854988,22,1,0.023170405982906,0.0050080128205128,1,GERMINATED
zm5_1,8,0.0,0.0048740084377389,0.0006520849683453,0.0013995470924743,0.0016182150021712,0.4775641025641026,0.6674679487179487,0.1475471866096865,0.1201923076923077,0.1490384615384615,0.0048076923076923,1.0422535211267605,0.0173923576868288,0.0179132766272189,1.0769953051643193,0.0015791042544474,0,0,0.0027377136752136,0.0034054487179487,0,NON-GERMINATED
zm5_1,9,0.0,0.0040064102564102,0.0005754053812681,0.002026318852696,0.0014464167904985,0.3125,0.7387820512820513,0.1105324074074074,0.1185897435897435,0.1137820512820512,0.0096153846153846,1.121212121212121,0.0125255965099715,0.0134933842866535,1.2247086247086243,0.0018394990429297,17,1,0.0070779914529914,0.0055422008547008,1,GERMINATED
zm5_1,10,0.0,0.0022663678884184,0.0004772260247314,0.0019878128171088,0.0007606026809491,0.5753205128205128,0.7371794871794872,0.1341924857549857,0.1121794871794871,0.1378205128205128,0.0112179487179487,1.09375,0.014646154645153,0.015460634451019,1.1906645569620256,0.0016996527202773,0,0,0.0069444444444444,0.0063434829059829,0,NON-GERMINATED
zm5_10,1,0.0,0.0040064102564102,0.0006072639936523,0.0018004098240802,0.0004269793022892,0.3325320512820512,0.2804487179487179,0.136841168091168,0.110576923076923,0.141025641025641,0.0144230769230769,1.0298507462686568,0.0149888682290525,0.015594181459566,1.1471755148309088,0.00178790712302,0,0,0.0024038461538461,0.0040064102564102,1,GERMINATED
zm5_10,2,0.0,0.0035834422716342,0.000529070611292,0.00097978725676,0.0016364807173397,0.5200320512820513,0.2836538461538461,0.1381988960113959,0.1137820512820512,0.1394230769230769,0.0080128205128205,1.0923076923076922,0.0155619004652458,0.0158638436883629,1.1589118198874293,0.0013108971429858,0,0,0.0036725427350427,0.0036725427350427,0,NON-GERMINATED
zm5_10,3,0.0,0.0022663678884184,0.0003843317224798,0.000533143677306,0.0009187256640654,0.7668269230769231,0.3934294871794871,0.1301860754985754,0.110576923076923,0.1346153846153846,0.0112179487179487,1.0298507462686568,0.0141574810294762,0.0148853550295857,1.123473541383989,0.0010624044677426,0,0,0.00133547008547,0.0081463675213675,0,NON-GERMINATED
zm5_10,4,0.0,0.0022663678884184,0.0004767258089335,0.0013077306643134,0.0019424344933468,0.2692307692307692,0.4270833333333333,0.1233529202279202,0.1522435897435897,0.1266025641025641,0.0128205128205128,1.1176470588235294,0.0181783018071078,0.0192744288297172,1.2435791217895609,0.0016961491611595,4,1,0.008747329059829,0.0060763888888888,1,GERMINATED
zm5_10,5,0.0,0.0033037705333474,0.0005837300889498,0.0015429913847331,0.0024360892557364,0.5136217948717948,0.4871794871794871,0.1476584757834758,0.141025641025641,0.1618589743589743,0.0272435897435897,1.1153846153846154,0.0195410948115275,0.0228262656147271,1.3411172161172165,0.0026963144706295,39,1,0.0106169871794871,0.01696047008547,1,GERMINATED
zm5_10,6,0.0,0.0022663678884184,0.0005031371862443,0.0014824453174275,0.0011370573425986,0.2524038461538461,0.6001602564102564,0.153423254985755,0.1233974358974359,0.1586538461538461,0.016025641025641,1.0845070422535212,0.0186741806833954,0.0195774778106508,1.2063617661022314,0.001913526301385,0,0,0.0048744658119658,0.0062099358974359,1,GERMINATED
zm5_10,7,0.0,0.0016025641025641,0.0004731606193312,0.0029641386229019,0.0024086844247726,0.7411858974358975,0.6033653846153846,0.1137375356125356,0.1169871794871794,0.1201923076923077,0.016025641025641,1.0735294117647058,0.0128314633898568,0.0140609590729783,1.2386877828054297,0.0028022523251359,0,0,0.0057425213675213,0.0100160256410256,1,GERMINATED
zm5_10,8,0.0,0.005665919721046,0.0006955355276703,0.0005612109011361,0.000831323424011,0.4543269230769231,0.6690705128205128,0.1093304843304843,0.1378205128205128,0.110576923076923,0.0096153846153846,1.0365853658536583,0.01487383374653,0.0152397682445759,1.135307781649245,0.0010958078638958,0,0,0.0032051282051281,0.0035389957264957,0,NON-GERMINATED
zm5_10,9,0.0,0.0028890635220064,0.0005578097305208,0.0026100573791931,0.0021239328163152,0.6746794871794872,0.7676282051282052,0.1125578703703703,0.1538461538461538,0.1346153846153846,0.0272435897435897,1.2151898734177216,0.0150904196001351,0.0207100591715976,1.5235216323446064,0.0029468136932258,31,1,0.016292735042735,0.009014423076923,1,GERMINATED
zm5_10,10,0.0,0.0048740084377389,0.0007027068174423,0.0018310705075628,0.0013391745865821,0.4935897435897436,0.8149038461538461,0.1309650997150997,0.1330128205128205,0.1330128205128205,0.0096153846153846,1.1690140845070425,0.0161191310655453,0.0176924104207758,1.2601060910920066,0.0020536023050018,16,1,0.0121527777777777,0.0061431623931623,1,GERMINATED
zm5_11,1,0.0,0.0011331839442092,0.0003506483573441,0.0008256426723197,0.0013619176051262,0.3261217948717949,0.2419871794871795,0.120414886039886,0.1490384615384615,0.125,0.0096153846153846,1.0689655172413792,0.017179410133136,0.0186298076923076,1.158045977011494,0.0012197379267463,20,1,0.0048744658119658,0.0048076923076923,1,GERMINATED
zm5_11,2,0.0,0.0016025641025641,0.0002723744268723,0.0014002548728305,0.0001875478492961,0.6979166666666666,0.2443910256410256,0.1522435897435897,0.1121794871794871,0.1522435897435897,0.0,1.0769230769230769,0.0167228034941376,0.0170786078238001,1.0769230769230769,0.0005094990762734,13,1,0.0058760683760683,0.0,1,GERMINATED
zm5_11,3,0.0,0.0011331839442092,0.0002819943096471,0.0006083355755304,0.00101211981779,0.4911858974358974,0.2780448717948718,0.1149172008547008,0.1522435897435897,0.1169871794871794,0.0064102564102564,1.0439560439560438,0.0173288657863978,0.0178105481591058,1.104475234910017,0.0006812588951709,0,0,0.0032051282051281,0.0034054487179487,0,NON-GERMINATED
zm5_11,4,0.0,0.0011331839442092,0.0003365282341607,0.0010486605881769,0.0006248071958519,0.235576923076923,0.3974358974358974,0.1484152421652421,0.125,0.1506410256410256,0.0080128205128205,1.0684931506849316,0.0177052158096829,0.0188301282051282,1.1285208557795905,0.001064727552026,0,0,0.0042735042735042,0.0026709401709401,1,GERMINATED
zm5_11,5,0.0,0.0025338763302631,0.0005864498174635,0.0008671276498328,0.0051135770780839,0.7948717948717948,0.4551282051282051,0.1543135683760683,0.1089743589743589,0.2019230769230769,0.0608974358974359,1.0967741935483872,0.0160443318997004,0.0220044378698224,1.5703812316715544,0.0026553579973074,28,1,0.0048744658119658,0.0264423076923077,1,GERMINATED
zm5_11,6,0.0,0.0028890635220064,0.0005384832394687,0.0017849340266062,0.0018573959729835,0.5424679487179487,0.5056089743589743,0.1309873575498575,0.0993589743589743,0.1362179487179487,0.0096153846153846,1.0517241379310345,0.0125279863736394,0.0133752465483234,1.1316019205587078,0.0019059807932491,3,1,0.0034054487179487,0.0040731837606837,1,GERMINATED
zm5_11,7,0.0,0.0032051282051282,0.0004963835819728,0.0014379577635789,0.0010785293304474,0.28125,0.6161858974358975,0.1326566951566951,0.1137820512820512,0.1362179487179487,0.0112179487179487,1.0447761194029852,0.0147718543401636,0.0154991576265614,1.1397557666214382,0.0015345698028072,0,0,0.0028044871794871,0.0074786324786324,0,NON-GERMINATED
zm5_11,8,0.000801282051282,0.0025338763302631,0.0008494104170419,0.0031042897685777,0.008748858090412,0.3573717948717949,0.6770833333333334,0.1675124643874644,0.1217948717948717,0.2387820512820513,0.0897435897435897,1.1515151515151516,0.0185232982458543,0.0290824293228139,1.844900619094168,0.0046968762190464,32,1,0.00914797008547,0.0441372863247863,1,GERMINATED
zm5_11,9,0.0,0.0011331839442092,0.0003957360545475,0.0008722544140618,0.0041640595917623,0.532051282051282,0.7259615384615384,0.1505965099715099,0.1153846153846153,0.1698717948717948,0.0352564102564102,1.0285714285714287,0.0171345734371575,0.0196005917159763,1.2979591836734696,0.0017069197802674,23,1,0.0032719017094017,0.0164930555555555,1,GERMINATED
zm5_11,10,0.0,0.0032051282051282,0.000436020700324,0.0008229381030687,0.0007149409164151,0.7668269230769231,0.7483974358974359,0.1358840811965811,0.094551282051282,0.1378205128205128,0.0064102564102564,1.0175438596491229,0.0126610696772956,0.0128795816896778,1.0671801454856653,0.0007898009931784,0,0,0.0004674145299145,0.0042067307692307,1,GERMINATED
zm5_12,1,0.0,0.0017917211358171,0.0003475400556719,0.0010358266379843,0.0008419818518241,0.2724358974358974,0.2091346153846154,0.0973112535612535,0.1474358974358974,0.0977564102564102,0.0,1.0111111111111113,0.0141631168273796,0.0144128040762656,1.0111111111111113,0.000811590037266,0,0,0.0015357905982905,0.000667735042735,1,GERMINATED
zm5_12,2,0.0,0.0011331839442092,0.0002233244848648,0.0005691002348444,0.0011111096843259,0.7411858974358975,0.3229166666666667,0.1590990028490028,0.110576923076923,0.1618589743589743,0.0064102564102564,1.0298507462686568,0.0174285980075242,0.0178978673570019,1.0723188182797352,0.0003758199044687,0,0,0.0022702991452991,0.0050747863247863,0,NON-GERMINATED
zm5_12,3,0.0,0.0045327357768368,0.0005947711910282,0.0005142234264666,0.0008333322632444,0.5336538461538461,0.375,0.1085959757834758,0.1554487179487179,0.1137820512820512,0.0080128205128205,1.077777777777778,0.016612477399737,0.0176872739973701,1.1594276094276097,0.0013215547115558,1,1,0.0047409188034188,0.0046741452991452,1,GERMINATED
zm5_12,4,0.0,0.0017917211358171,0.0003895708090056,0.0010286274776199,0.0009079450700841,0.3349358974358974,0.3822115384615384,0.1142717236467236,0.1474358974358974,0.1169871794871794,0.0064102564102564,1.069767441860465,0.016483246413635,0.0172481097961867,1.131782945736434,0.0011167425530992,0,0,0.0050080128205128,0.0042735042735042,1,GERMINATED
zm5_12,5,0.0,0.0016025641025641,0.0003386351084391,0.0007783880186095,0.001039943588517,0.0713141025641025,0.4407051282051282,0.1469017094017093,0.1394230769230769,0.1522435897435897,0.0112179487179487,1.0,0.0204430364937175,0.0212262697238658,1.0795454545454544,0.0007907472032156,6,1,0.000801282051282,0.0066773504273504,1,GERMINATED
zm5_12,6,0.0,0.000801282051282,0.0002771078080036,0.0006735523838752,0.0009040490255371,0.7660256410256411,0.563301282051282,0.1381543803418803,0.1073717948717948,0.1442307692307692,0.0112179487179487,1.046875,0.014753484492567,0.0154863165680473,1.135165662650602,0.0006846621552349,22,1,0.0018028846153846,0.0060763888888888,1,GERMINATED
zm5_12,7,0.0,0.000801282051282,0.0002882797775771,0.0003331247673409,0.0009154845227064,0.3790064102564102,0.592948717948718,0.1238203347578347,0.1057692307692307,0.1266025641025641,0.0096153846153846,1.0476190476190477,0.0127857706233106,0.0133906558185404,1.1349206349206349,0.0008135435553174,0,0,0.0040064102564102,0.0051415598290598,1,GERMINATED
zm5_12,8,0.0,0.0017917211358171,0.0005745808999391,0.0013596877493945,0.0064993544462243,0.1931089743589743,0.6722756410256411,0.1694934116809116,0.1266025641025641,0.2163461538461538,0.0592948717948718,1.144927536231884,0.0191583242589853,0.0273899778106508,1.577196095829636,0.0027571552457431,30,1,0.0032719017094017,0.0293135683760683,1,GERMINATED
zm5_12,9,0.0,0.0011331839442092,0.000326006576135,0.0011684833287399,0.0013054556889792,0.5921474358974359,0.75,0.1358618233618233,0.1137820512820512,0.1378205128205128,0.0048076923076922,1.0769230769230769,0.0151521993594309,0.0154991576265614,1.116322701688555,0.0009835622166662,0,0,0.0046741452991452,0.001068376068376,0,NON-GERMINATED
zm5_12,10,0.0,0.0011331839442092,0.0003606434133025,0.0008750896382265,0.001294786286703,0.3621794871794871,0.8453525641025641,0.1442307692307692,0.1217948717948717,0.1474358974358974,0.0112179487179487,1.0857142857142856,0.016570886637994,0.0179569362261669,1.1751260504201682,0.0012827815768259,13,1,0.0035389957264957,0.0048076923076923,1,GERMINATED
zm5_2,1,0.0,0.0050677526605262,0.0006797356122392,0.0008504706719436,0.0017904764526965,0.5296474358974359,0.2107371794871795,0.1008279914529914,0.1282051282051282,0.1057692307692307,0.0128205128205128,1.0675675675675675,0.0127471047693403,0.0133906558185404,1.2148182665424043,0.0018562630066601,0,0,0.0018696581196581,0.0092147435897435,1,GERMINATED
zm5_2,2,0.0,0.000801282051282,0.0002036926328539,0.0006152187927833,0.0003588968014734,0.34375,0.328525641025641,0.1188568376068375,0.1201923076923077,0.1201923076923077,0.0016025641025641,1.0273972602739727,0.0141484922885163,0.0144461908284023,1.0412810070344318,0.0003628706831831,0,0,0.0025373931623931,0.000934829059829,0,NON-GERMINATED
zm5_2,3,0.0,0.0022663678884184,0.0003760577819323,0.0004624865285608,0.0006735523838752,0.7099358974358975,0.3549679487179487,0.1146946225071225,0.1121794871794871,0.1169871794871794,0.0064102564102564,1.0447761194029852,0.0127600885062824,0.0131235618014464,1.1053428509625784,0.0008218583379273,3,1,0.0028712606837606,0.0046741452991453,1,GERMINATED
zm5_2,4,0.0,0.0011331839442092,0.0003428622734478,0.0007334116982992,0.0004146175215944,0.5248397435897436,0.4727564102564102,0.126068376068376,0.1378205128205128,0.1282051282051282,0.0128205128205128,1.1025641025641026,0.017175094110691,0.0176692965154503,1.225071225071225,0.0010811565049975,0,0,0.0050080128205128,0.0060763888888888,0,NON-GERMINATED
zm5_2,5,0.0,0.0017917211358171,0.0004725886375891,0.0038352645514888,0.0029618814414422,0.2099358974358974,0.5248397435897436,0.1257567663817663,0.1538461538461538,0.1314102564102564,0.0096153846153846,1.1851851851851851,0.0171653206383775,0.0202169625246548,1.2787524366471736,0.002619731638216,30,1,0.0113514957264957,0.0042067307692307,1,GERMINATED
zm5_2,6,0.0,0.0017917211358171,0.000425201998147,0.001147466399659,0.0006939306120067,0.8165064102564102,0.5368589743589743,0.1490829772079772,0.1378205128205128,0.1538461538461538,0.0112179487179487,1.1621621621621625,0.0187496219021659,0.0207614234056541,1.2556694625660143,0.0017197830416853,21,1,0.00914797008547,0.0073450854700854,1,GERMINATED
zm5_2,7,0.0,0.0011331839442092,0.000254029438731,0.0008095857140079,0.000420990925912,0.6386217948717948,0.6282051282051282,0.1088185541310541,0.1442307692307692,0.110576923076923,0.0064102564102564,1.0714285714285714,0.0153936469291036,0.0159485946745562,1.137362637362637,0.0006737816438305,1,1,0.0042735042735042,0.0042067307692307,1,GERMINATED
zm5_2,8,0.0,0.0056089743589743,0.0007333471439154,0.0020206571516258,0.0017073007045333,0.3213141025641026,0.7019230769230769,0.1270254629629629,0.1137820512820512,0.1282051282051282,0.0096153846153846,1.0923076923076922,0.0143148910050953,0.0145874424720578,1.1808731808731807,0.0016308703528626,0,0,0.0034054487179487,0.0035389957264957,0,NON-GERMINATED
zm5_2,9,0.0,0.0016025641025641,0.0003720223957921,0.0008095857140078,0.0016191714280157,0.7355769230769231,0.7540064102564102,0.1090633903133903,0.1474358974358974,0.110576923076923,0.0080128205128205,1.15,0.0151281580443239,0.0163030078895463,1.23984375,0.0014217430566865,0,0,0.0092147435897436,0.0030048076923077,1,GERMINATED
zm5_2,10,0.0,0.0017917211358171,0.0003729546940889,0.001107313298062,0.0009577983632332,0.5288461538461539,0.7940705128205128,0.1346821581196581,0.1474358974358974,0.1362179487179487,0.0064102564102563,1.057471264367816,0.0193283256058696,0.0200834155161078,1.1096920675464736,0.0010694645876915,0,0,0.0068108974358974,0.0033386752136752,1,GERMINATED
zm5_3,1,0.0,0.0011331839442092,0.0003472259487409,0.0010484834146468,0.0012235231171079,0.5801282051282052,0.1682692307692307,0.0974225427350427,0.1298076923076923,0.1025641025641025,0.0080128205128205,1.0526315789473684,0.0124410952110271,0.0131492439184746,1.1433756805807622,0.0014328283002264,0,0,0.0033386752136752,0.0050747863247863,1,GERMINATED
zm5_3,2,0.0,0.0011331839442092,0.0003472259487409,0.0012805027317551,0.0008225617651412,0.3205128205128205,0.250801282051282,0.1195913461538461,0.1442307692307692,0.1217948717948717,-0.001602564102564,1.125,0.0168085175597194,0.0173354289940828,1.1101973684210529,0.0012212533790317,0,0,0.0048744658119657,0.000400641025641,1,GERMINATED
zm5_3,3,0.0,0.0017917211358171,0.0003475400556719,0.001386253972491,0.0003925211914295,0.4791666666666667,0.3461538461538461,0.1078614672364672,0.1025641025641025,0.1089743589743589,0.001602564102564,1.0,0.01105308379447,0.0111768573307034,1.0151515151515151,0.0008892397337622,0,0,0.0,-0.000934829059829,0,NON-GERMINATED
zm5_3,4,0.0,0.0025338763302631,0.0007761426783625,0.0092345004315926,0.0008705488473381,0.1891025641025641,0.4487179487179487,0.1038327991452991,0.2147435897435897,0.1089743589743589,0.0080128205128205,1.614457831325301,0.0156221107618343,0.0234015450361604,1.7425894052400075,0.0031931760467967,29,1,0.0330528846153845,0.0046741452991452,1,GERMINATED
zm5_3,5,0.0,0.0011331839442092,0.0003666619958383,0.0011993958043702,0.0010032705129084,0.7011217948717948,0.4607371794871794,0.1336582977207977,0.1089743589743589,0.1426282051282051,0.0144230769230769,1.0461538461538462,0.0144558572918949,0.0155428172255095,1.163846153846154,0.0013915702988726,12,1,0.000267094017094,0.0092815170940171,1,GERMINATED
zm5_3,6,0.0,0.0016025641025641,0.0003469758137711,0.000797486136812,0.0008123347396231,0.3926282051282051,0.5801282051282052,0.1269141737891738,0.157051282051282,0.1314102564102564,0.0080128205128205,1.0769230769230769,0.0196814190454014,0.0206381492439184,1.1468531468531469,0.0010080932421375,0,0,0.0056757478632478,0.0058092948717948,1,GERMINATED
zm5_3,7,0.0,0.0011331839442092,0.0003232048101893,0.0001888639907015,0.0009520917277415,0.5913461538461539,0.6153846153846154,0.1193687678062677,0.1474358974358974,0.1217948717948717,0.0080128205128205,1.0823529411764707,0.0172951936774052,0.0179569362261669,1.1585749792874898,0.0009337481751511,0,0,0.0030715811965811,0.0036725427350427,1,GERMINATED
zm5_3,8,0.0,0.0011331839442092,0.0003286764136971,0.0009051443450671,0.0005821179144685,0.2411858974358974,0.6274038461538461,0.125400641025641,0.1538461538461538,0.1266025641025641,0.0032051282051281,1.056818181818182,0.0187705599614654,0.0190715401051939,1.08426800472255,0.000927244142223,0,0,-0.0004674145299145,0.0029380341880341,0,NON-GERMINATED
zm5_3,9,0.0,0.000801282051282,0.000325413806918,0.0006369786334247,0.0005934958879083,0.6979166666666666,0.7788461538461539,0.1353276353276353,0.1298076923076923,0.1378205128205128,0.0048076923076923,1.2089552238805972,0.015957690424337,0.0178901627218934,1.2526524006473658,0.0013100868454579,19,1,0.009415064102564,0.0028044871794871,1,GERMINATED
zm5_3,10,0.0,0.000801282051282,0.0003171253305015,0.0010430354802225,0.0012286244141731,0.484775641025641,0.7980769230769231,0.1013621794871794,0.1522435897435897,0.1025641025641025,0.0032051282051282,1.1176470588235294,0.0149753137783987,0.0156147271531886,1.1537001897533208,0.0009439796023575,0,0,0.0078124999999999,0.0023370726495726,1,GERMINATED
zm5_6,1,0.0,0.0011331839442092,0.0003014510721445,0.0005555548421629,0.0006628949702562,0.4399038461538461,0.1426282051282051,0.1183226495726495,0.1586538461538461,0.1217948717948717,0.0080128205128205,1.1,0.0184127224642048,0.019323224852071,1.1774647887323944,0.0009983852859017,6,1,0.0046073717948717,0.0022702991452991,1,GERMINATED
zm5_6,2,0.0,0.0028890635220064,0.0004547675814677,0.0011052421392573,0.0003925211914296,0.5761217948717948,0.2876602564102564,0.1126246438746439,0.1426282051282051,0.1153846153846153,0.0064102564102564,1.0987654320987652,0.0154306006419387,0.0162721893491124,1.1643633683434675,0.001484198496831,0,0,0.0066105769230769,0.0052083333333333,1,GERMINATED
zm5_6,3,0.0,0.0028890635220064,0.0004708688851091,0.0007707126822106,0.0015281507066433,0.3341346153846153,0.3149038461538461,0.1025418447293447,0.1618589743589743,0.1057692307692307,0.0096153846153846,1.0978260869565215,0.0157897579146577,0.0171196992110453,1.2094694178334562,0.0017132299526532,0,0,0.0102163461538461,0.0049412393162393,1,GERMINATED
zm5_6,4,0.0,0.000801282051282,0.0002882797775771,0.0002882797775772,0.0004768582016922,0.7636217948717948,0.3557692307692308,0.1164084757834758,0.1602564102564102,0.1185897435897435,0.0096153846153846,1.0526315789473686,0.0181549738841405,0.0190047666009204,1.1455108359133128,0.000735797668766,7,1,0.0048076923076922,0.0049412393162392,1,GERMINATED
zm5_6,5,0.0,0.0035834422716342,0.0005918949195619,0.0032438455666375,0.0019352800141812,0.3990384615384615,0.4783653846153846,0.1477475071225071,0.1073717948717948,0.1554487179487179,0.0192307692307692,1.0,0.0156066301524033,0.0165187376725838,1.1411764705882352,0.002247093182383,14,1,0.0024706196581196,0.0101495726495726,1,GERMINATED
zm5_6,6,0.0,0.000801282051282,0.0003082127498247,0.0004803517150753,0.0009588968673672,0.5753205128205128,0.5088141025641025,0.1400908119658119,0.1121794871794871,0.1490384615384615,0.0224358974358974,1.0447761194029852,0.0156719768723975,0.0167190581854043,1.2299263177781978,0.0010924912480672,5,1,0.0010016025641025,0.0097489316239316,1,GERMINATED
zm5_6,7,0.0,0.0033037705333474,0.0009349537337579,0.006783556708942,0.0016918516801542,0.7748397435897436,0.5240384615384616,0.1066372863247863,0.2227564102564102,0.1153846153846153,0.0144230769230769,1.5977011494252875,0.016752516276755,0.0257026627218934,1.8259441707717567,0.0035133006199934,33,1,0.0330528846153846,0.0060096153846153,1,GERMINATED
zm5_6,8,0.0,0.0017917211358171,0.0004533132354591,0.0019409036108076,0.0006673639757195,0.2892628205128205,0.5560897435897436,0.1207264957264957,0.1586538461538461,0.1233974358974359,0.016025641025641,1.125,0.0184447181016692,0.0195774778106508,1.292910447761194,0.0016941607877806,23,1,0.0078125,0.0054754273504273,1,GERMINATED
zm5_6,9,0.0,0.0032051282051282,0.0004926051426954,0.0005765595551544,0.0009780792620512,0.6498397435897436,0.7051282051282052,0.1310986467236466,0.1169871794871794,0.1378205128205128,0.0128205128205128,1.042857142857143,0.014801495783567,0.0161232330703484,1.14981684981685,0.0018693564203513,9,1,0.0062767094017094,0.0106169871794871,1,GERMINATED
zm5_6,10,0.0,0.000801282051282,0.0002882797775771,0.0019387327912604,0.000325413806918,0.3998397435897436,0.7155448717948718,0.1150507478632478,0.1618589743589743,0.1153846153846153,0.0,1.1222222222222225,0.0176762520888121,0.0186760355029585,1.1222222222222225,0.0007717094522826,0,0,0.0114182692307692,0.0010016025641025,1,GERMINATED
zm5_7,1,0.0,0.0033037705333474,0.0005035823483899,0.0006866641226363,0.0010420851060113,0.219551282051282,0.2091346153846154,0.1145388176638176,0.1330128205128205,0.1185897435897435,0.0096153846153846,1.0921052631578947,0.0146052416059427,0.0157739562787639,1.1884674922600618,0.0013555441694852,0,0,0.0036725427350427,0.0067441239316239,1,GERMINATED
zm5_7,2,0.0,0.000801282051282,0.0002649991297139,0.0003440977749675,0.0007149409164151,0.5328525641025641,0.235576923076923,0.138599537037037,0.1025641025641025,0.141025641025641,0.0112179487179487,1.0666666666666669,0.0139042624894988,0.0144641683103221,1.1588477366255143,0.0007761985375017,0,0,0.0034054487179487,0.0049412393162392,1,GERMINATED
zm5_7,3,0.0,0.0011331839442092,0.0003822130668472,0.0010020970605849,0.0007252605395357,0.6770833333333334,0.3581730769230769,0.1063701923076923,0.1682692307692307,0.1137820512820512,0.0112179487179487,1.206896551724138,0.0162815347861421,0.0191460182445759,1.3389008620689655,0.0017125083223231,13,1,0.0172943376068376,0.0058092948717948,1,GERMINATED
zm5_7,4,0.0,0.0016025641025641,0.0003412221733173,0.0005870965406477,0.0009419561952234,0.3709935897435897,0.4350961538461538,0.1143607549857549,0.1298076923076923,0.1153846153846153,0.0048076923076923,1.08,0.014519099505077,0.014792899408284,1.1276470588235294,0.0009320714359518,0,0,0.0050080128205127,0.001068376068376,0,NON-GERMINATED
zm5_7,5,0.0,0.0011331839442092,0.0002934748519779,0.0009440576059672,0.0005337241278615,0.5496794871794872,0.5048076923076923,0.1463230056980057,0.1185897435897435,0.1474358974358974,0.0048076923076923,1.0571428571428572,0.0170628418575133,0.0174843852728468,1.092776886035313,0.0007712396874927,0,0,0.0052083333333333,0.0028712606837607,0,NON-GERMINATED
zm5_7,6,0.0,0.0011331839442092,0.0002909619545824,0.000534188034188,0.0003762495883274,0.1899038461538461,0.5208333333333334,0.139000178062678,0.1009615384615384,0.1426282051282051,0.0080128205128205,1.105263157894737,0.0137269488731828,0.0143999630177514,1.1710526315789476,0.0009923401467566,11,1,0.0044070512820512,0.0032719017094016,1,GERMINATED
zm5_7,7,0.000801282051282,0.0040064102564102,0.001125386653978,0.0087253835105315,0.0111677563018961,0.3245192307692308,0.6394230769230769,0.1399127492877493,0.1634615384615384,0.2147435897435897,0.1025641025641025,1.619047619047619,0.0161913976892943,0.0351023175542406,3.099319727891156,0.0063455080722897,32,1,0.0263755341880341,0.0481436965811965,1,GERMINATED
zm5_7,8,0.0,0.000801282051282,0.0003402974726544,0.0004668842807025,0.0016301109985164,0.84375,0.7011217948717948,0.1343260327635327,0.1009615384615384,0.1458333333333333,0.0240384615384615,1.0327868852459017,0.0135058686490978,0.0147235576923076,1.236626402070751,0.0011489029792252,18,1,0.00133547008547,0.0131543803418803,1,GERMINATED
zm5_7,9,0.0,0.000801282051282,0.0002771078080036,0.000400022274653,0.0003906234146809,0.4983974358974359,0.7291666666666666,0.1478365384615384,0.1025641025641025,0.1522435897435897,0.016025641025641,1.103448275862069,0.014943924524253,0.0156147271531886,1.233265720081136,0.0010688954023683,8,1,0.0028044871794871,0.0080128205128204,1,GERMINATED
zm5_7,10,0.0,0.000801282051282,0.0002518186542686,0.0002952835461498,0.0003388385271465,0.6201923076923077,0.7403846153846154,0.1134036680911681,0.1025641025641025,0.1153846153846153,0.0080128205128205,1.1228070175438596,0.0113713993671926,0.0118343195266272,1.206598586017282,0.0009562187541569,0,0,0.0030715811965812,0.0018028846153846,0,NON-GERMINATED
zm5_9,1,0.0,0.0064601424265212,0.0007882290023324,0.0009624422613113,0.0009171065251996,0.530448717948718,0.234775641025641,0.1308538105413105,0.1554487179487179,0.1346153846153846,0.0080128205128205,1.065934065934066,0.0197820786763094,0.0209257889546351,1.133398247322298,0.0011179121113475,17,1,0.0035389957264957,0.0038728632478632,1,GERMINATED
zm5_9,2,0.0,0.0062582128813354,0.000782381284592,0.0007524991766549,0.0008480643969472,0.7916666666666666,0.2860576923076923,0.1182113603988604,0.1378205128205128,0.125,0.0176282051282051,1.1168831168831168,0.0155882959744137,0.0172275641025641,1.300251986819151,0.0020484456081999,0,0,0.0030715811965811,0.008213141025641,1,GERMINATED
zm5_9,3,0.0,0.0071668845432685,0.0013829798380895,0.0055407145650337,0.0057842862565676,0.2556089743589743,0.2740384615384615,0.1255564458689458,0.1682692307692307,0.157051282051282,0.0416666666666666,1.166666666666667,0.0199039260537657,0.0264268984220907,1.5879629629629632,0.0049098760255959,11,1,0.0123530982905983,0.016426282051282,1,GERMINATED
zm5_9,4,0.0,0.0033037705333474,0.0005345164390684,0.0027991605553486,0.0007514285890489,0.4246794871794871,0.4174679487179487,0.1239093660968661,0.173076923076923,0.1298076923076923,0.016025641025641,1.2000000000000002,0.019914341579005,0.0224667159763313,1.3690140845070424,0.0019309592898877,13,1,0.0104166666666666,0.0049412393162393,1,GERMINATED
zm5_9,5,0.0,0.0083656302154731,0.0009881174007241,0.0010472423606534,0.0006786814943237,0.1081730769230769,0.4238782051282051,0.1532006766381766,0.1233974358974359,0.1538461538461538,0.0048076923076923,1.0131578947368425,0.0188811357431149,0.0189842209072978,1.045840407470289,0.0009887967552568,0,0,0.0004674145299145,0.0019364316239316,0,NON-GERMINATED
zm5_9,6,0.0,0.0086300718063052,0.0010359213452967,0.0011614666244346,0.0018977659576819,0.6362179487179487,0.4623397435897436,0.1551593660968661,0.1378205128205128,0.1586538461538461,0.016025641025641,1.023809523809524,0.0213449781759076,0.0218657544378698,1.1388443017656502,0.0013902428520979,1,1,0.000801282051282,0.0070112179487179,1,GERMINATED
zm5_9,7,0.0,0.0067991036652552,0.0008358260081909,0.0011252870957767,0.0006518734261755,0.3100961538461538,0.5368589743589743,0.1222622863247863,0.1586538461538461,0.1233974358974359,0.0080128205128205,1.0421052631578949,0.0192085827352253,0.0195774778106508,1.1144736842105265,0.001405380444943,0,0,0.0010016025641025,0.0027377136752136,1,GERMINATED
zm5_9,8,0.0,0.0033995518326276,0.0008598038737821,0.0020827435123378,0.0030812232212811,0.75,0.5993589743589743,0.1371750356125356,0.141025641025641,0.157051282051282,0.0352564102564102,1.2941176470588236,0.0155683209945028,0.0221482577251808,1.6687306501547987,0.0047011955831353,33,1,0.0095486111111111,0.0219684829059829,1,GERMINATED
zm5_9,9,0.0,0.0067991036652552,0.0008795065437745,0.0005700787248426,0.001408940279389,0.4783653846153846,0.6923076923076923,0.114494301994302,0.1153846153846153,0.1153846153846153,0.0096153846153846,1.074626865671642,0.0131575906065088,0.0133136094674556,1.1723202170963367,0.0016706349666084,0,0,0.001469017094017,0.0026709401709401,0,NON-GERMINATED
zm5_9,10,0.0,0.0057781270440128,0.000703983573392,0.000706664345904,0.0008427904956888,0.2828525641025641,0.7524038461538461,0.1005831552706552,0.1522435897435897,0.1009615384615384,0.0032051282051282,1.0439560439560438,0.0152119459511286,0.0153707470414201,1.078184110970996,0.0010958146351968,0,0,0.0030715811965811,0.0011351495726495,0,NON-GERMINATED
zm6_1,1,0.0,0.0033037705333474,0.0004457512113068,0.0007307047485389,0.0003271220276152,0.5048076923076923,0.3028846153846153,0.1451210826210826,0.1041666666666666,0.1458333333333333,0.0064102564102564,1.1016949152542377,0.0146375226002629,0.0151909722222222,1.1523475550360414,0.0009132912951419,0,0,0.0038728632478632,0.0021367521367521,0,NON-GERMINATED
zm6_1,2,0.000400641025641,0.0040857528153788,0.0011025864336693,0.0074410441648252,0.0046656584191542,0.3036858974358974,0.3317307692307692,0.1126246438746438,0.2564102564102564,0.1217948717948717,0.0176282051282051,1.6842105263157894,0.0197438765272298,0.0312294543063773,1.969230769230769,0.0049749351734175,32,1,0.0414663461538461,0.0090144230769231,1,GERMINATED
zm6_1,3,0.0,0.0011331839442092,0.0003317788796524,0.0005887817871443,0.0012861485232544,0.6907051282051282,0.3621794871794871,0.1429398148148147,0.1233974358974359,0.1458333333333333,0.0064102564102564,1.0694444444444444,0.0173245854335597,0.0179954594017094,1.1186143039591314,0.0009840000611135,1,1,0.0018028846153846,0.000934829059829,1,GERMINATED
zm6_1,4,0.0,0.000801282051282,0.0003082127498247,0.0016056524925989,0.0005768816854831,0.7932692307692307,0.4487179487179487,0.1121127136752137,0.1266025641025641,0.1153846153846153,0.0080128205128205,1.0540540540540542,0.0138236135081087,0.0146079881656804,1.1327148043565956,0.000948329183126,9,1,0.0046073717948717,0.0049412393162393,1,GERMINATED
zm6_1,5,0.0,0.000801282051282,0.0002771078080036,0.0012430557341028,0.000311410892531,0.2291666666666666,0.5464743589743589,0.1040998931623931,0.173076923076923,0.1057692307692307,0.0032051282051282,1.1020408163265305,0.0175371762911827,0.0183062130177514,1.1364795918367347,0.0006903309714775,2,1,0.0086805555555555,0.0007345085470085,1,GERMINATED
zm6_1,6,0.0,0.0017917211358171,0.0003840557198739,0.0013970670374537,0.0003814800681312,0.4743589743589743,0.5552884615384616,0.1576077279202279,0.1233974358974359,0.1586538461538461,0.0128205128205128,1.0694444444444444,0.0191267209871977,0.0195774778106508,1.163461538461538,0.0010845092185941,1,1,0.0018028846153846,0.0031383547008546,1,GERMINATED
zm6_1,7,0.0,0.0011331839442092,0.0002429355534062,0.0006706961882709,0.0001316791262263,0.6738782051282052,0.5673076923076923,0.1070156695156694,0.1490384615384615,0.1073717948717948,0.0048076923076923,1.021978021978022,0.0159355752680071,0.0160025271203155,1.0698832417582416,0.0004654090920713,0,0,0.000400641025641,0.001068376068376,0,NON-GERMINATED
zm6_1,8,0.0,0.005665919721046,0.0007126239872264,0.0011623193900593,0.0008722544140618,0.2796474358974359,0.6899038461538461,0.1319221866096865,0.1233974358974359,0.1346153846153846,0.0080128205128205,1.0694444444444444,0.0158090551720359,0.0166111932938856,1.1379985754985755,0.001503967407005,0,0,0.0067441239316239,0.0040064102564102,1,GERMINATED
zm6_1,9,0.0,0.0017917211358171,0.0003394372052167,0.0009557919584038,0.0008292350431889,0.6602564102564102,0.7107371794871795,0.0978454415954415,0.1506410256410256,0.0993589743589743,0.0048076923076923,1.0444444444444445,0.0145408579653371,0.0149675378040762,1.0975517890772128,0.0009072014214196,20,1,0.0036725427350427,0.0020032051282051,1,GERMINATED
zm6_1,10,0.0,0.0011331839442092,0.0003317788796524,0.0011806622238436,0.0008193181231884,0.4567307692307692,0.8453525641025641,0.114894943019943,0.157051282051282,0.1169871794871794,0.0080128205128205,1.1136363636363635,0.0170953725390824,0.0183729865220249,1.1955213903743316,0.0009613691029708,13,1,0.0052083333333333,0.0042735042735042,1,GERMINATED
zm6_10,1,0.0,0.0011331839442092,0.0003628587414031,0.0028600235063817,0.0005414421320855,0.5344551282051282,0.1778846153846154,0.1530671296296296,0.1073717948717948,0.157051282051282,0.0128205128205128,1.0307692307692309,0.0163293320595003,0.0168628780407626,1.1223931623931624,0.00142981222818,0,0,0.0017361111111111,0.0056757478632478,0,NON-GERMINATED
zm6_10,2,0.0,0.0025338763302631,0.0004871561575737,0.0015023626273759,0.0015226295022555,0.6802884615384616,0.2387820512820513,0.1523993945868946,0.1073717948717948,0.1682692307692307,0.0288461538461538,1.0983606557377048,0.015867981362773,0.0180673693293885,1.325607687959299,0.0019642848425309,6,1,0.0052751068376068,0.0124198717948717,1,GERMINATED
zm6_10,3,0.0,0.000801282051282,0.000325413806918,0.00126100996238,0.0006354212261226,0.3846153846153846,0.2548076923076923,0.1248219373219373,0.1458333333333333,0.1298076923076923,0.0080128205128205,1.0459770114942528,0.0178882722327233,0.0189302884615384,1.1147912885662432,0.0009837145826055,11,1,0.0041399572649572,0.0058092948717948,1,GERMINATED
zm6_10,4,0.0,0.0011331839442092,0.0003202458615662,0.0003642064675025,0.001039943588517,0.2956730769230769,0.4014423076923077,0.1243767806267806,0.110576923076923,0.1266025641025641,0.0064102564102564,1.1311475409836065,0.0129506712163963,0.0139993219921104,1.1914754098360656,0.0010660641914227,10,1,0.0046073717948717,0.0031383547008546,1,GERMINATED
zm6_10,5,0.0,0.0017917211358171,0.00050180186071,0.0038249653521327,0.0018102886901343,0.5705128205128205,0.4286858974358974,0.1395121082621082,0.1810897435897435,0.1442307692307692,0.0048076923076923,1.486842105263158,0.0192589482202863,0.025248089250493,1.5399436090225562,0.0032256008607728,32,1,0.0308493589743589,0.0048744658119658,1,GERMINATED
zm6_10,6,0.0,0.0011331839442092,0.0002673723292281,0.0007191726505254,0.0012432051787585,0.8012820512820513,0.4655448717948718,0.1369524572649572,0.1121794871794871,0.1378205128205128,0.0048076923076923,1.0294117647058825,0.0152791474906859,0.015460634451019,1.0666194188518785,0.0006234769886301,0,0,0.0016693376068376,0.0020699786324786,0,NON-GERMINATED
zm6_10,7,0.0,0.0022663678884184,0.0004013828911457,0.0006017853380785,0.0019624481850541,0.235576923076923,0.5536858974358975,0.1458555911680911,0.1121794871794871,0.157051282051282,0.0208333333333333,1.0144927536231885,0.0163069672159215,0.0176179322813938,1.1696504688832057,0.0011263886727582,17,1,0.001201923076923,0.0152911324786324,1,GERMINATED
zm6_10,8,0.0,0.0024038461538461,0.0006259954198016,0.0059684104797616,0.0006083355755304,0.7019230769230769,0.6001602564102564,0.109107905982906,0.2051282051282051,0.110576923076923,0.0032051282051282,1.4545454545454546,0.0171723475509533,0.0226824457593688,1.497964721845319,0.0022220745458973,28,1,0.0201655982905983,0.0028044871794871,1,GERMINATED
zm6_10,9,0.0,0.0011331839442092,0.0002394289945748,0.0005887817871443,0.0008123347396231,0.4735576923076923,0.6185897435897436,0.1151175213675213,0.1169871794871794,0.1169871794871794,0.0048076923076923,1.0579710144927537,0.0132572158188143,0.0136860001643655,1.103312629399586,0.0005200760571447,0,0,0.0035389957264957,0.0036057692307692,1,GERMINATED
zm6_10,10,0.0,0.0017917211358171,0.0003855921047452,0.000767169156856,0.0006742875026576,0.5576923076923077,0.7972756410256411,0.1351718304843304,0.1554487179487179,0.1378205128205128,0.0080128205128205,1.065934065934066,0.0201820419794177,0.0214240220249835,1.1317324650657985,0.0011639329041665,0,0,0.0086805555555555,0.0044070512820512,1,GERMINATED
zm6_11,1,0.0,0.0033037705333474,0.0007763982923128,0.0022857127439586,0.0026908746468185,0.4927884615384615,0.125,0.1268028846153846,0.1971153846153846,0.1474358974358974,0.0272435897435897,1.3820224719101124,0.0200817033749726,0.0290618836291913,1.6952808988764043,0.0031684945297605,26,1,0.0201655982905982,0.0112847222222222,1,GERMINATED
zm6_11,2,0.0,0.0016025641025641,0.0003517512604451,0.0004688696232403,0.0013716588189446,0.3084935897435897,0.3421474358974359,0.143718839031339,0.1474358974358974,0.1490384615384615,0.0144230769230769,1.0222222222222224,0.0209275367653773,0.0219736193293885,1.131746031746032,0.0009204265066884,1,1,0.0032051282051282,0.0071447649572649,1,GERMINATED
zm6_11,3,0.0,0.0025338763302631,0.0004348707556461,0.0011233042094858,0.0019611855513799,0.7772435897435898,0.358974358974359,0.1557380698005698,0.1089743589743589,0.1682692307692307,0.0192307692307692,1.0625,0.0165863672474249,0.0183370315581854,1.1995967741935485,0.0012563684918481,11,1,0.0050080128205128,0.0113514957264957,1,GERMINATED
zm6_11,4,0.0,0.0017917211358171,0.0004878527333742,0.0020599923679089,0.0026297233797429,0.5592948717948718,0.3942307692307692,0.13630698005698,0.1698717948717948,0.157051282051282,0.032051282051282,1.2325581395348837,0.0201099537037037,0.0266785831689677,1.5485986881335718,0.0023289286829212,25,1,0.0106837606837606,0.0138888888888889,1,GERMINATED
zm6_11,5,0.0,0.0,0.0,1.6653345369377348e-16,5.551115123125785e-16,0.1546474358974359,0.5048076923076923,0.108974358974359,0.1330128205128205,0.1089743589743589,0.0,1.0,0.014494986850756,0.014494986850756,1.0,0.0,0,0,0.0,0.0,0,NON-GERMINATED
zm6_11,6,0.0,0.0011331839442092,0.0002909619545824,0.0003129977099008,0.0009993743020229,0.3293269230769231,0.5224358974358975,0.1298967236467236,0.1394230769230769,0.1362179487179487,0.0144230769230769,1.0481927710843373,0.0176863109179815,0.0189919255424063,1.172320862396956,0.0008420180721054,0,0,0.0036057692307692,0.0097489316239316,1,GERMINATED
zm6_11,7,0.0,0.000801282051282,0.0003082127498247,0.0015391336993146,0.0017041058209869,0.6378205128205128,0.5801282051282052,0.1094417735042735,0.1586538461538461,0.110576923076923,0.0032051282051282,1.010204081632653,0.0173078563878844,0.0175434541420118,1.0408163265306123,0.0009083682381967,6,1,0.000934829059829,0.0017361111111111,1,GERMINATED
zm6_11,8,0.0,0.0011331839442092,0.0003569793007478,0.0014703654349104,0.0007554559628061,0.4471153846153846,0.624198717948718,0.1112446581196581,0.1458333333333333,0.1153846153846153,0.0128205128205128,1.0581395348837208,0.0158476140171853,0.016826923076923,1.1904069767441865,0.0013269486017017,2,1,0.0034054487179487,0.0055422008547008,1,GERMINATED
zm6_11,9,0.0,0.0011331839442092,0.0002934748519779,0.000420990925912,0.0006916960128766,0.6931089743589743,0.7307692307692307,0.1517761752136752,0.1282051282051282,0.1538461538461538,0.0096153846153846,1.0126582278481011,0.0190635857828365,0.019723865877712,1.080168776371308,0.0006889850547423,0,0,0.0015357905982905,0.0049412393162393,0,NON-GERMINATED
zm6_11,10,0.0,0.0016025641025641,0.0003201463142162,0.0011792452082398,0.0014728902472013,0.4519230769230769,0.8004807692307693,0.10505698005698,0.1442307692307692,0.1057692307692307,0.0048076923076923,1.0227272727272727,0.0150978745479947,0.0152551775147928,1.0714285714285714,0.0008170489499724,0,0,0.001602564102564,0.0021367521367521,0,NON-GERMINATED
zm6_12,1,0.0,0.0011331839442092,0.0002053623676167,0.0006493034252944,9.377392464806296e-05,0.2868589743589743,0.250801282051282,0.1057914886039886,0.1666666666666666,0.1073717948717948,-0.001602564102564,1.0196078431372548,0.0175847595468989,0.0176282051282051,1.0043898156277438,0.0002930267168186,0,0,0.00133547008547,-6.677350427349016e-05,0,NON-GERMINATED
zm6_12,2,0.0,0.0016025641025641,0.0003811417382736,0.0026072799513752,0.0005576687062129,0.4855769230769231,0.2540064102564102,0.1540464743589743,0.1217948717948717,0.1602564102564102,0.0112179487179487,0.9736842105263158,0.0184199277248155,0.0190047666009204,1.0469722693831354,0.0012587529512703,1,1,-0.0019364316239316,0.0077457264957264,1,GERMINATED
zm6_12,3,0.0,0.000801282051282,0.0002214626596123,0.0001316791262263,0.0004782845652364,0.6786858974358975,0.3453525641025641,0.1196803774928774,0.1378205128205128,0.1201923076923077,0.0032051282051282,1.048780487804878,0.0163152425647417,0.0165649654832347,1.0775141997995323,0.0004040603476892,0,0,0.0045405982905983,0.0015357905982906,1,GERMINATED
zm6_12,4,0.0,0.0017917211358171,0.0004088862946237,0.002051316394138,0.0010543144209344,0.2580128205128205,0.4142628205128205,0.1092191951566951,0.1506410256410256,0.110576923076923,0.0032051282051282,1.0444444444444445,0.016257778827891,0.0166574211045364,1.075621890547264,0.0012015689193388,0,0,0.0037393162393162,0.0026041666666666,0,NON-GERMINATED
zm6_12,5,0.0,0.000801282051282,0.0002649991297139,0.0010585349781354,0.00086290384504,0.5072115384615384,0.4503205128205128,0.119747150997151,0.1602564102564102,0.1233974358974359,0.0032051282051282,1.0526315789473686,0.0187379222710753,0.0197752301117685,1.0810810810810811,0.0005682111358092,0,0,0.0060096153846153,0.0032051282051282,1,GERMINATED
zm6_12,6,0.0,0.0017917211358171,0.0004389972207421,0.0019378382175639,0.0004803517150753,0.7692307692307693,0.5104166666666666,0.1133591524216524,0.1217948717948717,0.1217948717948717,0.0144230769230769,1.0857142857142856,0.0131005192353349,0.0148339907955292,1.2315565031982942,0.0018521721864152,0,0,0.0042067307692307,0.0053418803418803,0,NON-GERMINATED
zm6_12,7,0.0,0.0016025641025641,0.0002586126700191,0.0009898482291916,0.0005955790669631,0.5080128205128205,0.5905448717948718,0.1173878205128205,0.1362179487179487,0.1185897435897435,0.0,1.0,0.0158206834639126,0.0161540516107823,1.0,0.0004035423290937,15,1,-0.0003338675213675,-0.0008680555555555,1,GERMINATED
zm6_12,8,0.0,0.000801282051282,0.0002214626596123,0.0002518186542687,0.0007136404710595,0.2932692307692308,0.5977564102564102,0.1574964387464387,0.1121794871794871,0.1602564102564102,0.0080128205128205,0.9857142857142857,0.0174426518326758,0.0177206607495069,1.037593984962406,0.0003609147619832,0,0,-0.000534188034188,0.0058092948717948,0,NON-GERMINATED
zm6_12,9,0.0,0.0017917211358171,0.0003584945104571,0.0010339117633014,0.0011926129206391,0.6658653846153846,0.6939102564102564,0.1102653133903134,0.1554487179487179,0.1169871794871794,-0.0080128205128205,1.0,0.0169661058833735,0.0178105481591058,0.9315068493150688,0.0010172690823801,0,0,-0.0003338675213675,-0.0025373931623931,0,NON-GERMINATED
zm6_12,10,0.0,0.000801282051282,0.0001835428074081,0.0005153061299318,0.0005971366820377,0.3854166666666667,0.7315705128205128,0.1162081552706552,0.1169871794871794,0.1169871794871794,0.0032051282051282,1.028169014084507,0.0135132165881364,0.0136860001643655,1.057131521523507,0.0002971471757145,7,1,0.0020032051282051,0.0023370726495726,1,GERMINATED
zm6_2,1,0.0,0.0011331839442092,0.0003397725636852,0.0007428083420568,0.001207474714211,0.5216346153846154,0.2459935897435897,0.1333244301994301,0.1185897435897435,0.1394230769230769,0.0128205128205128,1.0277777777777777,0.0156289593263751,0.0165341469428007,1.131856540084388,0.0010947235069767,0,0,0.0034722222222222,0.007946047008547,1,GERMINATED
zm6_2,2,0.0,0.0017917211358171,0.0003794892493133,0.0009904111227424,0.0006564174725364,0.3261217948717949,0.3261217948717949,0.1061030982905982,0.1506410256410256,0.110576923076923,0.0112179487179487,1.0804597701149423,0.0154673760067389,0.0166574211045364,1.202447163515017,0.0012683022156266,8,1,0.0024038461538461,0.0046073717948717,1,GERMINATED
zm6_2,3,0.0,0.000801282051282,0.0003082127498247,0.0006809588025631,0.00132499564857,0.7339743589743589,0.3982371794871794,0.1390892094017094,0.1057692307692307,0.1426282051282051,0.0144230769230769,1.03125,0.0146700176122251,0.0150856755424063,1.147265625,0.0009049668625583,0,0,0.000801282051282,0.0053418803418803,1,GERMINATED
zm6_2,4,0.0,0.000801282051282,0.0002518186542686,0.0005821179144685,0.0008205265576552,0.4983974358974359,0.4198717948717949,0.1518429487179487,0.110576923076923,0.1538461538461538,0.0064102564102564,1.0615384615384615,0.0163194515783658,0.0170118343195266,1.1076923076923075,0.0005518054046325,0,0,0.0032051282051282,0.0035389957264957,1,GERMINATED
zm6_2,5,0.0,0.0011331839442092,0.0003703114541115,0.0007301112654405,0.0020798871770341,0.2644230769230769,0.4719551282051282,0.1248219373219373,0.141025641025641,0.1266025641025641,0.0096153846153846,1.1282051282051282,0.0172749333406384,0.0178542077580539,1.2209343168247278,0.0013449490748858,0,0,0.0072783119658119,0.0050747863247863,0,NON-GERMINATED
zm6_2,6,0.0,0.0011331839442092,0.0003365282341607,0.0017309670668824,0.0004325986406155,0.5785256410256411,0.59375,0.0984909188034188,0.1426282051282051,0.1009615384615384,0.0064102564102564,1.0987654320987652,0.0136619231796515,0.0143999630177514,1.1732580037664782,0.0011054917322568,0,0,0.0046741452991452,0.0043402777777777,1,GERMINATED
zm6_2,7,0.0,0.000801282051282,0.0002771078080036,0.0005210425530056,0.0005025294651386,0.2796474358974359,0.6217948717948718,0.1071714743589743,0.157051282051282,0.1089743589743589,0.0064102564102564,1.0652173913043477,0.0166458998214807,0.0171145627876397,1.1317934782608694,0.0006703261584835,0,0,0.0046073717948717,0.0046741452991452,1,GERMINATED
zm6_2,8,0.0,0.0016025641025641,0.0003201463142162,0.0005921378914896,0.0007651484791728,0.8084935897435898,0.6474358974358975,0.1294738247863247,0.1346153846153846,0.1314102564102564,0.0048076923076923,1.0769230769230769,0.0172147587136569,0.0176898422090729,1.1178188899707888,0.0008505241498873,0,0,0.0034054487179487,0.0010016025641025,1,GERMINATED
zm6_2,9,0.0,0.000801282051282,0.0002986201893028,0.0010199214108071,0.0006083355755304,0.4142628205128205,0.7580128205128205,0.1286057692307692,0.1554487179487179,0.1314102564102564,0.0064102564102564,1.065934065934066,0.0192819551167908,0.0204275558842866,1.120597351366582,0.0007428172216695,9,1,0.0041399572649572,0.0032051282051282,1,GERMINATED
zm6_2,10,0.0,0.000801282051282,0.0002214626596123,0.0003691044326873,0.0006426889564628,0.6129807692307693,0.8245192307692307,0.1077056623931624,0.1458333333333333,0.110576923076923,0.0048076923076923,1.0581395348837208,0.0156132290296953,0.0161258012820512,1.1062367864693443,0.0006771241787944,7,1,0.0026709401709401,0.0046073717948717,1,GERMINATED
zm6_4,1,0.0,0.0011331839442092,0.0003041159009482,0.000755128002746,0.0016892142273538,0.4342948717948718,0.2764423076923077,0.107483084045584,0.141025641025641,0.1089743589743589,0.001602564102564,1.0602409638554218,0.015062240610618,0.0153681788297172,1.076305220883534,0.0008608292135161,0,0,0.0026709401709401,-0.0003338675213675,1,GERMINATED
zm6_4,2,0.0,0.0016025641025641,0.0002988691451601,0.0005934958879083,0.0003891940093047,0.6514423076923077,0.2900641025641026,0.1205706908831908,0.1330128205128205,0.1217948717948717,0.0016025641025641,1.077922077922078,0.015699371130561,0.0159871178500986,1.0924885924885923,0.0006145090011056,0,0,0.0031383547008547,-0.0006009615384615,1,GERMINATED
zm6_4,3,0.0,0.000801282051282,0.0002373879207587,0.0005811596950296,0.0003950373786791,0.2980769230769231,0.3790064102564102,0.1321670227920227,0.1185897435897435,0.1346153846153846,0.0080128205128205,1.0277777777777777,0.0154907395993133,0.0159640039447731,1.0928270042194093,0.0004794152511778,0,0,0.0026041666666666,0.0052751068376068,1,GERMINATED
zm6_4,4,0.0,0.0016025641025641,0.0003201463142162,0.0012664981796468,0.0006389200540601,0.7668269230769231,0.469551282051282,0.1375089031339031,0.1009615384615384,0.1378205128205128,0.0048076923076923,1.0,0.0138740860019906,0.0139145710059171,1.0361445783132532,0.0009680521799674,0,0,0.0002003205128205,0.000934829059829,0,NON-GERMINATED
zm6_4,5,0.0,0.000801282051282,0.0001316791262263,0.0001316791262263,0.0002373879207587,0.4711538461538461,0.4823717948717949,0.1296518874643874,0.1522435897435897,0.1298076923076923,0.0016025641025641,1.0106382978723405,0.0197329616274928,0.0197623890532544,1.0232712765957448,0.0001256509006569,0,0,0.000133547008547,0.0004674145299145,1,GERMINATED
zm6_4,6,0.0,0.000801282051282,0.000325413806918,0.0016820503587881,0.001403788421753,0.2083333333333333,0.5120192307692307,0.1144720441595441,0.1346153846153846,0.1169871794871794,0.0080128205128205,1.0769230769230769,0.0149861573389217,0.0157482741617357,1.156108597285068,0.0010679214225171,0,0,0.0057425213675213,0.0040064102564102,1,GERMINATED
zm6_4,7,0.0,0.000801282051282,0.0002882797775771,0.0012031075169272,0.0004952055613712,0.7227564102564102,0.6217948717948718,0.1324786324786324,0.1362179487179487,0.1346153846153846,0.0128205128205128,1.037037037037037,0.0177406713990247,0.0181213017751479,1.1461988304093569,0.000852345011094,0,0,0.0022702991452991,0.0059428418803418,1,GERMINATED
zm6_4,8,0.0,0.0011331839442092,0.0003666619958383,0.0014683424592655,0.0012189086155709,0.5232371794871795,0.6306089743589743,0.1288283475783475,0.1586538461538461,0.1298076923076923,0.0048076923076923,1.1785714285714286,0.019250851219501,0.0205944896449704,1.223901098901099,0.0013495970466502,15,1,0.0082799145299145,0.0019364316239316,1,GERMINATED
zm6_4,9,0.0,0.0011331839442092,0.0002673723292281,0.0008852212595861,0.0005845595613723,0.3365384615384615,0.7075320512820513,0.1242209757834757,0.1185897435897435,0.1266025641025641,0.0080128205128205,1.0571428571428572,0.0145770982860325,0.0150137656147271,1.1285714285714286,0.0006440280396396,0,0,0.0032051282051281,0.0042067307692307,1,GERMINATED
zm6_4,10,0.0,0.0011331839442092,0.0002958227836849,0.0010242836940851,0.0013016552276721,0.5344551282051282,0.7732371794871795,0.141025641025641,0.1121794871794871,0.1426282051282051,0.0096153846153846,1.0769230769230769,0.0156966245708232,0.0159999589086127,1.154772937905468,0.0007592725610883,0,0,0.0027377136752136,0.0043402777777777,1,GERMINATED
zm6_5,1,0.0,0.0016025641025641,0.0003588968014733,0.0008933686004446,0.0014491542744531,0.4487179487179487,0.1818910256410256,0.156116452991453,0.1169871794871794,0.1586538461538461,0.0080128205128205,1.0735294117647058,0.0178151138687997,0.0185604659763313,1.130632040050063,0.0010858752669871,0,0,0.0038728632478632,0.0035389957264957,1,GERMINATED
zm6_5,2,0.0,0.000801282051282,0.0002214626596123,0.0001316791262263,0.000264999129714,0.6450320512820513,0.2724358974358974,0.1292067307692307,0.1073717948717948,0.1298076923076923,0.0064102564102564,1.0307692307692309,0.0138170146308167,0.0139376849112426,1.0843156843156845,0.000434242469283,0,0,0.00133547008547,0.0018028846153846,0,NON-GERMINATED
zm6_5,3,0.0,0.0011331839442092,0.0003666619958383,0.0018359678265047,0.0008654119792652,0.2668269230769231,0.3301282051282051,0.107082443019943,0.1522435897435897,0.1089743589743589,0.0064102564102564,1.1176470588235294,0.0159188818919387,0.0165906476002629,1.1875,0.0014163304772479,0,0,0.0060763888888888,0.0034054487179487,1,GERMINATED
zm6_5,4,0.0,0.000801282051282,0.0002986201893028,0.0009993123349292,0.0005576687062129,0.8237179487179487,0.3581730769230769,0.14977297008547,0.1314102564102564,0.1522435897435897,0.0096153846153846,1.0789473684210529,0.0192696134327744,0.020006369165023,1.1516853932584268,0.0007692741711068,9,1,0.0036057692307692,0.0046741452991452,1,GERMINATED
zm6_5,5,0.0,0.0011331839442092,0.0003232048101893,0.0011057462916999,0.0003655641850439,0.484775641025641,0.3782051282051282,0.149372329059829,0.1137820512820512,0.1522435897435897,0.0128205128205128,1.0,0.0168441514970962,0.0173225879355687,1.0919540229885056,0.0009278071156741,0,0,0.0016693376068376,0.0057425213675213,1,GERMINATED
zm6_5,6,0.0,0.0011331839442092,0.0003111895454152,0.0010072746170748,0.0009963333820787,0.5416666666666666,0.5496794871794872,0.1567174145299145,0.1201923076923077,0.1586538461538461,0.0064102564102564,0.9866666666666666,0.0185780154229673,0.0188147189349112,1.0286524822695036,0.0008139869754459,0,0,0.000133547008547,0.0022035256410256,1,GERMINATED
zm6_5,7,0.0,0.000801282051282,0.0002518186542686,0.0011159479935817,0.000373606889503,0.2628205128205128,0.5592948717948718,0.1477252492877493,0.1217948717948717,0.1490384615384615,0.0064102564102564,1.0857142857142856,0.0178610563225947,0.0181521203155818,1.1345104333868377,0.0006653924672977,0,0,0.0027377136752136,0.0032051282051281,1,GERMINATED
zm6_5,8,0.0,0.0011331839442092,0.0003703114541115,0.0012311922855531,0.0019190526486435,0.7483974358974359,0.5817307692307693,0.1491942663817663,0.1378205128205128,0.1506410256410256,0.0096153846153846,1.0759493670886076,0.0202648311372269,0.0207614234056541,1.1493095512082854,0.0012259362382468,0,0,0.0019364316239315,0.0038060897435897,1,GERMINATED
zm6_5,9,0.0,0.0011331839442092,0.0002394289945748,0.0003177106130613,0.0002771078080036,0.4607371794871794,0.6770833333333334,0.1019408831908831,0.1394230769230769,0.1025641025641025,0.0048076923076923,1.0481927710843373,0.0141493483590839,0.0142998027613412,1.099743235236026,0.0005044815731413,0,0,0.0019364316239316,0.0018696581196581,0,NON-GERMINATED
zm6_5,10,0.0,0.0011331839442092,0.0002560552239673,0.0004952055613712,0.0004269793022892,0.4895833333333333,0.8149038461538461,0.1132033475783476,0.1554487179487179,0.1137820512820512,0.0064102564102564,1.043010752688172,0.0174986174460333,0.0176872739973701,1.1052800513561227,0.0005313766354792,0,0,0.0026041666666666,0.0017361111111111,1,GERMINATED
zm6_6,1,0.0,0.0147313912747197,0.0019199461775787,0.0034137852021925,0.0040538446865322,0.5745192307692307,0.266025641025641,0.1104211182336182,0.1602564102564102,0.1314102564102564,0.0224358974358974,1.120481927710843,0.015668659598948,0.0197752301117685,1.351169383416017,0.0041655793625336,18,1,0.0099492521367521,0.0038060897435897,1,GERMINATED
zm6_6,2,0.0,0.0011331839442092,0.0003506483573441,0.00085504566566,0.0007642576884521,0.3782051282051282,0.2644230769230769,0.1206374643874644,0.1538461538461538,0.1217948717948717,0.0048076923076923,1.0795454545454544,0.0182584870836072,0.0187376725838264,1.1239103362391032,0.0012782598338276,0,0,0.0026709401709401,0.0010016025641025,0,NON-GERMINATED
zm6_6,3,0.0,0.0016025641025641,0.0003576479113252,0.0011977424622497,0.0009971410605681,0.7556089743589743,0.3790064102564102,0.1378205128205128,0.1169871794871794,0.141025641025641,0.0112179487179487,1.0579710144927537,0.0160495396623201,0.0164981919789612,1.1494006083378063,0.0010171990358447,0,0,0.0016693376068375,0.0044738247863247,0,NON-GERMINATED
zm6_6,4,0.0,0.0016025641025641,0.0004183986693152,0.0010484834146468,0.0013197507169547,0.2139423076923076,0.4270833333333333,0.1406027421652421,0.1073717948717948,0.1458333333333333,0.0144230769230769,1.0806451612903225,0.0145218103952078,0.0156583867521367,1.1992525570416994,0.0015992489884677,0,0,0.0042067307692307,0.0080128205128204,1,GERMINATED
zm6_6,5,0.0,0.0016025641025641,0.0004484884028019,0.000728412935005,0.001176090172153,0.4895833333333333,0.4391025641025641,0.1226406695156695,0.1426282051282051,0.141025641025641,0.0240384615384615,1.1558441558441557,0.0157166352203411,0.0201142340565417,1.3933463796477494,0.0021448230965026,29,1,0.00914797008547,0.0088141025641025,1,GERMINATED
zm6_6,6,0.0,0.0011331839442092,0.0003041159009482,0.0007984949748331,0.0009054863607019,0.3621794871794871,0.5536858974358975,0.1028757122507122,0.1698717948717948,0.1041666666666666,0.0032051282051282,1.0816326530612246,0.0173489834447366,0.0176949786324786,1.1159701976028509,0.0007583591548612,0,0,0.0037393162393162,0.0027377136752136,0,NON-GERMINATED
zm6_6,7,0.0,0.0011331839442092,0.0002796377362368,0.0001601172383584,0.0009904111227424,0.7235576923076923,0.5584935897435898,0.1170762108262108,0.1298076923076923,0.1185897435897435,0.0064102564102564,1.0253164556962029,0.0151547675711337,0.0153938609467455,1.084755090809026,0.0007228241418064,0,0,0.0011351495726495,0.0028044871794871,0,NON-GERMINATED
zm6_6,8,0.0,0.000801282051282,0.0001835428074081,0.0004813819612242,0.0003614757338165,0.4831730769230769,0.6298076923076923,0.1215055199430199,0.1041666666666666,0.1217948717948717,0.0032051282051282,1.031746031746032,0.0126060671433267,0.0126869658119658,1.0596310596310596,0.0003084531742015,0,0,0.0012686965811965,0.0008680555555555,0,NON-GERMINATED
zm6_6,9,0.0,0.000801282051282,0.0002882797775771,0.0007374534925671,0.0005626435478883,0.6610576923076923,0.7540064102564102,0.1250890313390313,0.1426282051282051,0.1266025641025641,0.0048076923076923,1.0987654320987652,0.0172020960031777,0.0180570964825772,1.1421377517868745,0.0007217259342913,5,1,0.0057425213675213,0.0032719017094016,1,GERMINATED
zm6_6,10,0.0,0.0011331839442092,0.0002233244848648,0.0002986201893028,0.0003762495883274,0.3141025641025641,0.7692307692307693,0.1496839387464387,0.1009615384615384,0.1506410256410256,0.0080128205128205,1.0161290322580645,0.0150735122064248,0.015208949704142,1.07321493294672,0.0003797494023996,0,0,0.000801282051282,0.0028712606837607,0,NON-GERMINATED
zm6_7,1,0.0,0.0011331839442092,0.0003506483573441,0.000529998259428,0.00069384136622,0.4887820512820512,0.235576923076923,0.1659766737891738,0.1233974358974359,0.1714743589743589,0.0112179487179487,1.1666666666666667,0.0194237061349441,0.0211594962195923,1.2483333333333335,0.0011966919029226,1,1,0.0090811965811965,0.0078124999999999,1,GERMINATED
zm6_7,2,0.0,0.000801282051282,0.0002882797775771,0.000650827613836,0.0003469653060033,0.3060897435897436,0.3052884615384615,0.1389779202279202,0.1522435897435897,0.141025641025641,0.0080128205128205,1.0674157303370786,0.0203761203110161,0.0214702498356344,1.1317178827670231,0.0006776938231946,4,1,0.0062099358974359,0.0026709401709401,1,GERMINATED
zm6_7,3,0.000801282051282,0.0040064102564102,0.0012964219131645,0.0096246542450466,0.0088944212621729,0.7011217948717948,0.2764423076923077,0.1531339031339031,0.2323717948717948,0.1971153846153846,0.0608974358974359,1.7682926829268293,0.0235674087086346,0.0458040557199211,2.558823529411765,0.0056992109231107,29,1,0.0424679487179487,0.0229700854700854,1,GERMINATED
zm6_7,4,0.000801282051282,0.005665919721046,0.0010728363917299,0.0039312654512393,0.0047091892579193,0.5544871794871795,0.4447115384615384,0.1291622150997151,0.1939102564102564,0.1746794871794871,0.0560897435897435,1.5125000000000002,0.0190198191750675,0.0338721441485864,2.2278716216216217,0.0051639395600927,20,1,0.0186965811965811,0.0160924145299145,1,GERMINATED
zm6_7,5,0.0,0.0011331839442092,0.0003317788796524,0.0014547414987658,0.000462084657497,0.3814102564102564,0.5200320512820513,0.1103988603988604,0.1650641025641025,0.1121794871794871,0.0048076923076923,1.1318681318681318,0.0174638395792241,0.0185168063773833,1.1825487944890931,0.0009089689930516,0,0,0.0101495726495726,0.0022702991452991,1,GERMINATED
zm6_7,6,0.0,0.0011331839442092,0.0002909619545824,0.0005478095830768,0.0012438525647834,0.7748397435897436,0.5384615384615384,0.1118233618233618,0.1233974358974359,0.1185897435897435,0.0112179487179487,1.0845070422535212,0.0134687365882277,0.0146336702827087,1.1978137481606057,0.0009447835446072,7,1,0.0046741452991452,0.0061431623931623,1,GERMINATED
zm6_7,7,0.0,0.0011331839442092,0.000354173147374,0.000830130706863,0.0011287487649824,0.2411858974358974,0.5873397435897436,0.164863782051282,0.1233974358974359,0.1714743589743589,0.0112179487179487,1.1,0.0196520272892468,0.0211594962195923,1.177,0.0011337831658061,0,0,0.0043402777777777,0.0052751068376067,1,GERMINATED
zm6_7,8,0.0,0.0011331839442092,0.0003506483573441,0.0007188281366611,0.0006586777402492,0.5785256410256411,0.6089743589743589,0.1111778846153846,0.1538461538461538,0.1137820512820512,0.0128205128205128,1.090909090909091,0.0165190230294396,0.0175049309664694,1.229437229437229,0.0012615611345006,0,0,0.0078792735042735,0.0044738247863248,1,GERMINATED
zm6_7,9,0.0,0.0043150359031526,0.0010245090497714,0.0039600810335938,0.0010885310087407,0.749198717948718,0.7580128205128205,0.1177662037037036,0.2083333333333333,0.1233974358974359,0.0064102564102564,1.4285714285714286,0.0182952267788004,0.0240384615384615,1.5126050420168065,0.003796055683548,12,1,0.0181623931623931,0.0056757478632478,1,GERMINATED
zm6_7,10,0.0,0.000801282051282,0.0002771078080036,0.0005656074501234,0.0007160660586781,0.4198717948717949,0.7676282051282052,0.1441417378917378,0.1442307692307692,0.1474358974358974,0.0064102564102564,1.0714285714285714,0.0203078486832493,0.0212647928994082,1.12012987012987,0.0006206869035608,0,0,0.0028712606837606,0.0040064102564102,0,NON-GERMINATED
zm6_9,1,0.0,0.000801282051282,0.0002649991297139,0.0005752692300267,0.000400641025641,0.4903846153846153,0.2059294871794871,0.1375089031339031,0.1137820512820512,0.1394230769230769,0.0096153846153846,1.0144927536231885,0.0154141926227262,0.0156815006574621,1.0896403650026838,0.0006167900660483,3,1,0.000267094017094,0.0028044871794871,1,GERMINATED
zm6_9,2,0.0,0.0011331839442092,0.0003575443567001,0.0014153865453589,0.0006981122946742,0.6979166666666666,0.2564102564102564,0.1578303062678062,0.1522435897435897,0.1602564102564102,0.0128205128205128,1.0439560439560438,0.0236771640893235,0.0243980111768573,1.1347348303870042,0.0010328222803011,0,0,0.0024038461538461,0.0045405982905982,0,NON-GERMINATED
zm6_9,3,0.0,0.0011331839442092,0.0003535383325206,0.0015932241454166,0.0009305798148311,0.2724358974358974,0.3525641025641026,0.1510861823361823,0.125,0.1538461538461538,0.0096153846153846,1.0684931506849316,0.0185104928569471,0.0192307692307692,1.1397260273972605,0.0011186561108093,7,1,0.0039396367521367,0.0056089743589743,1,GERMINATED
zm6_9,4,0.0,0.0011331839442092,0.0003202458615662,0.0013397293782596,0.0011710244335795,0.4286858974358974,0.4038461538461538,0.1236200142450142,0.1650641025641025,0.125,0.0032051282051282,1.0404040404040404,0.0201646708808167,0.0206330128205128,1.0685230685230684,0.0008877302778459,0,0,0.0022702991452991,0.001469017094017,1,GERMINATED
zm6_9,5,0.0,0.000801282051282,0.0003082127498247,0.0007183972619975,0.0010847126897267,0.8365384615384616,0.4038461538461538,0.1417378917378916,0.1506410256410256,0.1458333333333333,0.0112179487179487,1.068181818181818,0.0207199396527321,0.0219684829059829,1.1571969696969695,0.0007997910558065,0,0,0.0072115384615384,0.0061431623931623,1,GERMINATED
zm6_9,6,0.0,0.000801282051282,0.0003691044326873,0.0034635794208178,0.0009943424553843,0.2596153846153846,0.5208333333333334,0.1053018162393162,0.157051282051282,0.1073717948717948,0.0048076923076923,1.1264367816091954,0.0152100911315654,0.0168628780407626,1.1792385057471264,0.0013976924161601,23,1,0.0109508547008546,0.0044738247863247,1,GERMINATED
zm6_9,7,0.0,0.0011331839442092,0.000326006576135,0.0009833832814447,0.0010344506800767,0.6209935897435898,0.5552884615384616,0.1642183048433048,0.1137820512820512,0.1666666666666666,0.0112179487179487,1.0441176470588236,0.0181677792730476,0.0189636752136752,1.119466343238326,0.0009150479353955,0,0,0.00133547008547,0.0040064102564102,1,GERMINATED
zm6_9,8,0.0,0.0016025641025641,0.0004090331981368,0.0009283811982716,0.002850198087456,0.7980769230769231,0.6362179487179487,0.1381098646723646,0.125,0.1490384615384615,0.0208333333333333,1.0985915492957747,0.0164976212652494,0.0186298076923076,1.277112676056338,0.00159377545729,7,1,0.0046741452991453,0.0112847222222222,1,GERMINATED
zm6_9,9,0.0,0.0017917211358171,0.0004433303140787,0.0014293620332979,0.0013810174866417,0.3637820512820512,0.6826923076923077,0.0912348646723646,0.1233974358974359,0.0929487179487179,0.0032051282051282,1.0555555555555556,0.0110313966734239,0.0113206771860618,1.093253968253968,0.001898162503878,0,0,0.0027377136752136,0.0018028846153846,0,NON-GERMINATED
zm6_9,10,0.0,0.0016025641025641,0.0003843317224798,0.0011869917758167,0.0011623193900593,0.5128205128205128,0.7347756410256411,0.1248664529914529,0.1346153846153846,0.1266025641025641,0.0096153846153846,1.0632911392405062,0.0164780029814084,0.0170426528599605,1.1506849315068493,0.0010099355644039,0,0,0.0027377136752136,0.0045405982905982,1,GERMINATED
zm7_1,1,0.0,0.0043150359031526,0.0008795483618718,0.0008551180872639,0.0033975110226303,0.5841346153846154,0.2572115384615384,0.1502849002849003,0.1137820512820512,0.1842948717948718,0.0464743589743589,1.0757575757575757,0.0165809454671634,0.0209694485535831,1.4385130373502466,0.0031002649330806,14,1,0.0021367521367521,0.0128872863247863,1,GERMINATED
zm7_1,2,0.0,0.0017917211358171,0.000468054788657,0.0027781308844437,0.0007382088653746,0.390224358974359,0.2908653846153846,0.1591435185185185,0.1201923076923077,0.1746794871794871,0.0224358974358974,1.1029411764705883,0.0180548492973372,0.0209951306706114,1.265479876160991,0.00212679385469,19,1,0.0072783119658119,0.0178285256410256,1,GERMINATED
zm7_1,3,0.0,0.0022663678884184,0.0003489944064411,0.000677677054293,0.0010344506800767,0.8541666666666666,0.4270833333333333,0.1120904558404558,0.1217948717948717,0.1137820512820512,0.0112179487179487,1.027027027027027,0.0135547716802724,0.0138580703484549,1.139358108108108,0.0008234294798719,0,0,0.0024038461538461,0.0042735042735042,1,GERMINATED
zm7_1,4,0.0,0.0032051282051282,0.0005244322104719,0.0019760332207475,0.0004809958775145,0.6658653846153846,0.4607371794871794,0.1356392450142449,0.1169871794871794,0.1426282051282051,0.016025641025641,1.1060606060606062,0.0151883326713054,0.0166856714332675,1.2460682777138474,0.001794960426136,15,1,0.008346688034188,0.0113514957264957,1,GERMINATED
zm7_1,5,0.0,0.000801282051282,0.0003331247673409,0.001441398887886,0.000377727981403,0.5184294871794872,0.4927884615384615,0.1212606837606837,0.1330128205128205,0.1217948717948717,0.0,1.106666666666667,0.015211054210954,0.0162002794214332,1.106666666666667,0.0012441052922823,2,1,0.0096821581196581,0.001201923076923,1,GERMINATED
zm7_1,6,0.0,0.0016025641025641,0.0003440977749674,0.0006286607123619,0.0006263909935661,0.2980769230769231,0.5256410256410257,0.1550925925925925,0.125,0.157051282051282,0.0096153846153846,1.0845070422535212,0.018775660715264,0.0196314102564102,1.1552357624004896,0.0010576275194216,0,0,0.0062767094017094,0.0046073717948717,1,GERMINATED
zm7_1,7,0.0,0.0017917211358171,0.0003855921047452,0.0009409037298721,0.0012839800028732,0.8261217948717948,0.6049679487179487,0.1079282407407407,0.1426282051282051,0.1137820512820512,0.0112179487179487,1.072289156626506,0.0149638638345569,0.0162285297501643,1.18957078313253,0.0013719788552631,14,1,0.0066105769230769,0.0055422008547008,1,GERMINATED
zm7_1,8,0.000400641025641,0.0017917211358171,0.0005027258960409,0.0056168738605992,0.001326490391369,0.6450320512820513,0.6778846153846154,0.1046785968660968,0.1987179487179487,0.1121794871794871,0.0128205128205128,1.3932584269662922,0.0164132983143399,0.0222920775805391,1.5730337078651686,0.003186645640774,34,1,0.0329861111111111,0.0064770299145298,1,GERMINATED
zm7_1,9,0.0,0.0058334213856414,0.0007389557320267,0.0011936509684643,0.0005820115235484,0.4254807692307692,0.7003205128205128,0.1497284544159544,0.1137820512820512,0.1538461538461538,0.0128205128205128,1.0597014925373134,0.0166826395166739,0.0175049309664694,1.1560379918588874,0.0014844134916173,13,1,0.0047409188034188,0.0058092948717948,1,GERMINATED
zm7_1,10,0.0,0.0016025641025641,0.0003878697285443,0.0014564432499457,0.0007767155197834,0.6514423076923077,0.8253205128205128,0.1301860754985754,0.1201923076923077,0.1346153846153846,0.0112179487179487,1.0869565217391306,0.0150222193115822,0.0161797337278106,1.1857707509881423,0.0013589074829309,5,1,0.0056757478632478,0.0032719017094017,1,GERMINATED
zm7_11,1,0.0,0.0011331839442092,0.0003202458615662,0.0008515621855547,0.0003925211914295,0.3477564102564102,0.2131410256410256,0.13065349002849,0.0961538461538461,0.1346153846153846,0.0048076923076922,1.0526315789473686,0.012132446101797,0.0129437869822485,1.0916179337231968,0.0011439625074583,12,1,0.0037393162393162,0.0046741452991453,1,GERMINATED
zm7_11,2,0.0,0.0016025641025641,0.0003201463142162,0.000948442355191,0.0010467691911452,0.5200320512820513,0.2451923076923076,0.1421607905982905,0.1009615384615384,0.1442307692307692,0.0064102564102563,1.05,0.0140543958652933,0.0145617603550295,1.098837209302325,0.0008456112153428,0,0,0.0024706196581196,0.0045405982905982,1,GERMINATED
zm7_11,3,0.0,0.0011331839442092,0.0003232048101893,0.0004875177197696,0.0018097412789666,0.7123397435897436,0.2980769230769231,0.1146723646723646,0.1201923076923077,0.1233974358974359,0.0176282051282051,1.0138888888888888,0.0135314437573051,0.014435917981591,1.1828703703703705,0.0011616102645036,14,1,0.0003338675213675,0.0119524572649572,1,GERMINATED
zm7_11,4,0.0,0.0011331839442092,0.000418006744816,0.0026974943877373,0.0011789826110449,0.2219551282051282,0.3886217948717949,0.1103766025641025,0.1746794871794871,0.1169871794871794,0.0096153846153846,1.329268292682927,0.0159631835438125,0.0204352605193951,1.4483072442664726,0.0022655923485416,27,1,0.0194978632478632,0.0038060897435897,1,GERMINATED
zm7_11,5,0.0,0.0011331839442092,0.0002796377362368,0.0004128213361598,0.0008213563250135,0.4399038461538461,0.4407051282051282,0.1440749643874643,0.110576923076923,0.1506410256410256,0.0096153846153846,1.0,0.015791291707758,0.0166574211045364,1.068181818181818,0.0006700744444434,8,1,0.001068376068376,0.0051415598290598,1,GERMINATED
zm7_11,6,0.0,0.0016025641025641,0.0003811417382736,0.0003271220276152,0.0013150971551569,0.5793269230769231,0.438301282051282,0.1352386039886039,0.1041666666666666,0.1522435897435897,0.0256410256410256,1.0833333333333333,0.0134827904133793,0.0158587072649572,1.3027426160337552,0.0014086127626121,25,1,0.0058760683760683,0.008480235042735,1,GERMINATED
zm7_11,7,0.0,0.000801282051282,0.0002882797775771,0.0008790435892747,0.000264999129714,0.7884615384615384,0.5168269230769231,0.1107772435897435,0.1217948717948717,0.1137820512820512,0.0064102564102564,1.1343283582089552,0.0124656002310249,0.0138580703484549,1.2020494542214304,0.000966806429687,12,1,0.0067441239316239,0.0052083333333333,1,GERMINATED
zm7_11,8,0.0,0.0011331839442092,0.0003317788796524,0.0006295466356717,0.0009331715014134,0.2419871794871795,0.563301282051282,0.1393117877492877,0.1057692307692307,0.1426282051282051,0.0128205128205128,1.1186440677966103,0.0140245404042479,0.0150856755424063,1.2291274325172628,0.0010939689413907,0,0,0.0060763888888889,0.0068108974358974,0,NON-GERMINATED
zm7_11,9,0.0,0.0011331839442092,0.0002695670361879,0.0008480643969472,0.0008140862016059,0.6450320512820513,0.7067307692307693,0.118389423076923,0.1394230769230769,0.1201923076923077,0.0064102564102564,1.0609756097560976,0.0162587419072795,0.0167575813609467,1.120748883545173,0.0007167514919366,0,0,0.0020032051282051,0.0046073717948717,0,NON-GERMINATED
zm7_11,10,0.0,0.0011331839442092,0.0002934748519779,0.0006262921235484,0.0009217538835847,0.4567307692307692,0.7123397435897436,0.1339031339031338,0.1169871794871794,0.1362179487179487,0.0096153846153846,1.1060606060606062,0.015256960995142,0.015935753616042,1.1900652090525508,0.0009085844880719,3,1,0.0043402777777777,0.0054086538461538,1,GERMINATED
zm7_12,1,0.0,0.0025338763302631,0.0006500605216288,0.0008688399325267,0.0056946899678461,0.266025641025641,0.1522435897435897,0.117855235042735,0.1185897435897435,0.1586538461538461,0.0528846153846153,1.1044776119402986,0.0133335844473664,0.0188147189349112,1.6567164179104477,0.0034076214421123,29,1,0.0030048076923076,0.0226362179487179,1,GERMINATED
zm7_12,2,0.0,0.0011331839442092,0.0003014510721445,0.0011092689431043,0.0004626204080045,0.453525641025641,0.1923076923076923,0.1167646011396011,0.125,0.1185897435897435,0.0048076923076923,1.0985915492957747,0.0137218837889911,0.0148237179487179,1.145010910533624,0.0008686604481118,6,1,0.0044738247863247,0.0017361111111111,1,GERMINATED
zm7_12,3,0.0,0.0011331839442092,0.0003365282341607,0.0006959801065595,0.0024443115942472,0.6434294871794872,0.2564102564102564,0.1290064102564102,0.0977564102564102,0.1378205128205128,0.0192307692307692,1.0701754385964912,0.0123903373602892,0.0134728385930309,1.2437174016121386,0.0011634420444138,1,1,0.0024706196581196,0.0109508547008546,1,GERMINATED
zm7_12,4,0.0,0.000801282051282,0.0002986201893028,0.0007414732552134,0.0005921378914896,0.5192307692307693,0.4366987179487179,0.106815349002849,0.125,0.110576923076923,0.0096153846153846,1.1142857142857143,0.012743323791,0.0138221153846153,1.220408163265306,0.001047259875332,0,0,0.0066105769230769,0.0050747863247863,1,GERMINATED
zm7_12,5,0.0,0.000801282051282,0.0003082127498247,0.0012762398675225,0.0006369786334247,0.2516025641025641,0.4391025641025641,0.1005163817663817,0.1506410256410256,0.1025641025641025,0.0064102564102564,1.1058823529411763,0.0143446751269267,0.0154503616042077,1.1796078431372548,0.0008917618572007,5,1,0.0082799145299145,0.0037393162393162,1,GERMINATED
zm7_12,6,0.0,0.0011331839442092,0.0003202458615662,0.0010931293765855,0.0005506284222245,0.686698717948718,0.5240384615384616,0.1321670227920227,0.1057692307692307,0.1378205128205128,0.0112179487179487,1.1186440677966103,0.013682789899737,0.0145771696252465,1.2177644282342848,0.0010470039344698,0,0,0.0066105769230769,0.0064770299145299,1,GERMINATED
zm7_12,7,0.0,0.000801282051282,0.0003691044326873,0.0006255006008011,0.0030879687629319,0.8301282051282052,0.5721153846153846,0.1451878561253561,0.1025641025641025,0.1634615384615384,0.032051282051282,1.032258064516129,0.0146953787027905,0.0167652859960552,1.2840283241542092,0.0013674230719201,31,1,0.0028044871794871,0.015758547008547,1,GERMINATED
zm7_12,8,0.0,0.0011331839442092,0.0003202458615662,0.0006369786334247,0.0006342506610031,0.2996794871794871,0.6209935897435898,0.147079772079772,0.1025641025641025,0.1506410256410256,0.016025641025641,1.0677966101694916,0.014674618991526,0.0154503616042077,1.1949152542372885,0.0011073440986829,0,0,0.0043402777777777,0.008613782051282,1,GERMINATED
zm7_12,9,0.0,0.000801282051282,0.0003331247673409,0.0004604736659895,0.001386253972491,0.5849358974358975,0.7067307692307693,0.1098646723646723,0.094551282051282,0.1217948717948717,0.0192307692307692,1.0350877192982455,0.0103364100509533,0.0115158612754766,1.2291666666666667,0.001278984757687,15,1,0.001469017094017,0.0078792735042735,1,GERMINATED
zm7_12,10,0.0,0.0011331839442092,0.0002909619545824,0.0007293475061347,0.0008337037393308,0.3846153846153846,0.7852564102564102,0.1113336894586894,0.1233974358974359,0.1121794871794871,0.0064102564102564,1.1,0.0135715007259478,0.013842661078238,1.1666666666666667,0.0008184339177611,0,0,0.0040731837606837,0.0025373931623931,0,NON-GERMINATED
zm7_2,1,0.0,0.0024038461538461,0.0004319222502404,0.0007260285982149,0.0011410261412015,0.5176282051282052,0.2892628205128205,0.1481481481481481,0.1009615384615384,0.1490384615384615,0.0048076923076923,1.0,0.0149442812203228,0.0150471523668639,1.0333333333333332,0.0009590918781507,0,0,0.000267094017094,0.0026709401709401,0,NON-GERMINATED
zm7_2,2,0.0,0.0011331839442092,0.0002673723292281,0.0002313102040022,0.0003696074142052,0.6834935897435898,0.3838141025641026,0.1321002492877492,0.0961538461538461,0.1330128205128205,0.0064102564102564,1.016949152542373,0.0126850396531886,0.0127896942800788,1.0684402488736324,0.0006645898685474,0,0,0.000400641025641,0.0027377136752136,0,NON-GERMINATED
zm7_2,3,0.0,0.0011331839442092,0.000254029438731,0.000325413806918,0.000377727981403,0.3990384615384615,0.4711538461538461,0.1179220085470085,0.1282051282051282,0.1185897435897435,0.0064102564102564,1.0526315789473684,0.0150447981728029,0.0152038132807363,1.1127819548872178,0.0005688250079883,0,0,0.0019364316239316,0.0020032051282051,0,NON-GERMINATED
zm7_2,4,0.0,0.0016025641025641,0.0004205508915274,0.0010885310087407,0.0015177411719051,0.6810897435897436,0.5737179487179487,0.1070379273504273,0.1233974358974359,0.1121794871794871,0.0144230769230769,1.0405405405405406,0.0131188534133245,0.013842661078238,1.194062915374391,0.0018234077852826,14,1,0.001068376068376,0.009815705128205,1,GERMINATED
zm7_2,5,0.0,0.0011331839442092,0.0002819943096471,0.0010081963827715,0.0003614757338165,0.4166666666666667,0.6658653846153846,0.1418491809116808,0.1089743589743589,0.1426282051282051,0.0080128205128205,1.0149253731343284,0.0154426569690992,0.0155428172255095,1.0753375977256574,0.0006991014929674,0,0,0.0003338675213675,0.0023370726495726,0,NON-GERMINATED
zm7_2,6,0.0,0.0025338763302631,0.0003542733529747,0.0006115843867536,0.0003829382686539,0.5665064102564102,0.7483974358974359,0.0951299857549857,0.1298076923076923,0.0961538461538461,0.0064102564102564,1.0384615384615383,0.0122702734631821,0.0124815088757396,1.112637362637363,0.0006904122943327,0,0,0.0024706196581196,0.0030715811965811,0,NON-GERMINATED
zm7_3,1,0.0,0.000801282051282,0.0002214626596123,0.0004604736659895,0.0003517512604451,0.4831730769230769,0.3149038461538461,0.1445646367521367,0.0961538461538461,0.1458333333333333,0.0016025641025641,1.0526315789473686,0.0136435176624479,0.0140224358974359,1.0643274853801172,0.0004520687653571,11,1,0.0021367521367521,0.0011351495726495,1,GERMINATED
zm7_3,2,0.0,0.000801282051282,0.0001835428074081,0.0002373879207587,0.0005210425530056,0.7315705128205128,0.328525641025641,0.1214387464387464,0.110576923076923,0.1217948717948717,0.0048076923076923,1.0147058823529411,0.0134098460670976,0.0134677021696252,1.056406124093473,0.000293853564663,0,0,0.0004674145299145,0.001068376068376,0,NON-GERMINATED
zm7_3,3,0.0,0.0011331839442092,0.0002819943096471,0.0001835428074081,0.0008232390495417,0.2844551282051282,0.327724358974359,0.1098201566951567,0.1362179487179487,0.110576923076923,0.0112179487179487,1.0365853658536583,0.0149323675715903,0.0150625616370808,1.1536191974822971,0.0007517932607196,0,0,0.000801282051282,0.0022702991452991,0,NON-GERMINATED
zm7_3,4,0.0,0.000801282051282,0.0003814800681312,0.0004427854848664,0.0021616471763139,0.3798076923076923,0.4727564102564102,0.0962428774928774,0.1634615384615384,0.0977564102564102,0.0032051282051282,1.2289156626506024,0.0142835017509496,0.0157174556213017,1.271292064810968,0.0019765294469181,15,1,0.0198985042735042,0.0013354700854701,1,GERMINATED
zm7_3,5,0.0,0.000801282051282,0.0002214626596123,0.0003588968014734,0.0009813660828458,0.6097756410256411,0.5,0.1391114672364672,0.1025641025641025,0.141025641025641,0.0032051282051281,1.032258064516129,0.014181879040653,0.0144641683103221,1.056264066016504,0.0004193825527787,0,0,0.0018696581196581,0.0025373931623931,0,NON-GERMINATED
zm7_3,6,0.0,0.0011331839442092,0.0002412767349718,0.0001835428074081,0.0003177106130613,0.7708333333333334,0.5705128205128205,0.1244435541310541,0.1121794871794871,0.125,0.0064102564102564,1.0769230769230769,0.0138794364430382,0.0140224358974358,1.1351351351351353,0.000651051960824,0,0,0.0020032051282051,0.0016693376068375,0,NON-GERMINATED
zm7_3,7,0.0,0.0011331839442092,0.0002233244848648,0.0010013552242879,0.0005968254842321,0.2980769230769231,0.6658653846153846,0.1066150284900284,0.1089743589743589,0.1073717948717948,0.0032051282051281,1.0303030303030305,0.0115342667926802,0.0117007725180802,1.062004662004662,0.0004734540644194,7,1,0.0024038461538461,0.0022702991452991,1,GERMINATED
zm7_3,8,0.0,0.0016025641025641,0.0003201463142162,0.0006873852193146,0.001634246561234,0.5769230769230769,0.7147435897435898,0.1542467948717948,0.0961538461538461,0.1602564102564102,0.0112179487179487,1.0344827586206895,0.0145090050063006,0.0154092702169625,1.1123470522803116,0.0007536296385418,15,1,0.0026041666666666,0.0074786324786324,1,GERMINATED
zm7_4,1,0.0,0.0011331839442092,0.0002909619545824,0.0005281254682026,0.0005450897834872,0.4871794871794871,0.3052884615384615,0.1423833689458689,0.1041666666666666,0.1458333333333333,0.0064102564102564,1.0483870967741935,0.0144719442846446,0.0151909722222222,1.0965888023730073,0.0007394238015559,16,1,0.0024038461538461,0.0027377136752136,1,GERMINATED
zm7_4,2,0.0,0.0016025641025641,0.0003817680342395,0.0005626435478883,0.0012041879446869,0.3084935897435897,0.3068910256410256,0.125801282051282,0.1057692307692307,0.1298076923076923,0.0032051282051282,1.0476190476190477,0.0132225806304331,0.0137296597633136,1.0741410488245933,0.0010624129589594,2,1,0.0020032051282051,0.0026709401709401,1,GERMINATED
zm7_4,3,0.0,0.0016025641025641,0.0002850393624213,0.0008083609240266,0.00069384136622,0.6923076923076923,0.4078525641025641,0.1099759615384615,0.1282051282051282,0.110576923076923,0.0032051282051282,1.0810810810810811,0.0138415909900284,0.0141765285996055,1.1133521581282777,0.0007164062748074,0,0,0.0041399572649572,0.0017361111111111,1,GERMINATED
zm7_4,4,0.0,0.0017917211358171,0.0004206510712869,0.0006215278670514,0.0010184631642696,0.1810897435897435,0.4358974358974359,0.1184784544159544,0.1474358974358974,0.1201923076923077,0.0080128205128205,1.108433734939759,0.0170770383610928,0.0177206607495069,1.1876075731497415,0.0013565608016568,0,0,0.0070779914529914,0.0038060897435897,1,GERMINATED
zm7_4,5,0.0,0.0017917211358171,0.0004663447450097,0.000841025179394,0.0028132177394418,0.483974358974359,0.5184294871794872,0.119880698005698,0.1474358974358974,0.1426282051282051,0.0288461538461538,1.121951219512195,0.0165758447133647,0.0210285174227481,1.406389556853315,0.0020838588235588,21,1,0.0062099358974359,0.0080128205128205,1,GERMINATED
zm7_4,6,0.0,0.0016025641025641,0.0003412221733173,0.0003829382686539,0.0008123347396231,0.3189102564102564,0.5232371794871795,0.1380430911680911,0.1121794871794871,0.141025641025641,0.0080128205128205,1.09375,0.0151560160073781,0.0158201840894148,1.1596385542168677,0.0009132745074847,0,0,0.0029380341880341,0.0025373931623931,1,GERMINATED
zm7_4,7,0.0,0.0040064102564102,0.0008671325757616,0.0046141409458751,0.0009363514220352,0.7403846153846154,0.5496794871794872,0.1130920584045584,0.2147435897435897,0.1169871794871794,0.0048076923076923,1.3958333333333333,0.0182685815823836,0.0247781065088757,1.4565217391304346,0.0027346795003139,9,1,0.0175614316239316,0.0054086538461538,1,GERMINATED
zm7_4,8,0.0,0.0017917211358171,0.0003729546940889,0.0007774327455739,0.0007925789625518,0.6105769230769231,0.688301282051282,0.1245548433048433,0.0993589743589743,0.1298076923076923,0.0112179487179487,1.0333333333333332,0.0123218517148805,0.0128975591715976,1.131081081081081,0.0013005967912183,14,1,0.000801282051282,0.0068108974358974,1,GERMINATED
zm7_4,9,0.0,0.000801282051282,0.0002771078080036,0.0013629630140247,0.0003655641850439,0.2780448717948718,0.7051282051282052,0.1302751068376068,0.1169871794871794,0.1314102564102564,0.0096153846153846,1.0588235294117647,0.0149628294159544,0.0153733152531229,1.1424148606811146,0.0009781953904728,0,0,0.0016693376068375,0.0034054487179487,0,NON-GERMINATED
zm7_4,10,0.0,0.0016025641025641,0.0003359016264419,0.0013878612240135,0.0003240789658689,0.4639423076923077,0.8004807692307693,0.0965099715099715,0.1490384615384615,0.0977564102564102,0.0064102564102564,1.1341463414634143,0.0140806486960333,0.014569464990138,1.2137355584082157,0.0011851622448291,22,1,0.0077457264957264,0.0035389957264957,1,GERMINATED
zm7_5,1,0.0,0.0050677526605262,0.0006208055311085,0.0005972403786057,0.0003314474851281,0.4046474358974359,0.1826923076923076,0.1002715455840455,0.1298076923076923,0.1009615384615384,0.0048076923076923,1.051948051948052,0.0129249177601541,0.0131055843195266,1.1045454545454545,0.0010672200918619,0,0,0.0028044871794871,0.0020699786324786,0,NON-GERMINATED
zm7_5,2,0.0,0.000801282051282,0.0002771078080036,0.0010625639478525,0.0005267165049055,0.750801282051282,0.2780448717948718,0.1131143162393162,0.1233974358974359,0.1169871794871794,0.0080128205128205,1.0694444444444444,0.0137561979509094,0.014435917981591,1.1480800653594772,0.0007389950121247,12,1,0.0040731837606837,0.0058760683760683,1,GERMINATED
zm7_5,3,0.0,0.000801282051282,0.0002771078080036,0.000650827613836,0.0005855122167897,0.5432692307692307,0.3389423076923077,0.0925035612535612,0.1394230769230769,0.094551282051282,0.0032051282051282,1.1012658227848102,0.0123901946818613,0.0131826306706114,1.1399067288474352,0.000704628291139,0,0,0.008346688034188,0.0024038461538461,1,GERMINATED
zm7_5,4,0.0,0.0011331839442092,0.0003066190052762,0.0006212288878629,0.000498570530284,0.3798076923076923,0.4447115384615384,0.1373976139601139,0.1153846153846153,0.1394230769230769,0.0096153846153846,1.090909090909091,0.0154895268326758,0.0160872781065088,1.171717171717172,0.0008367470535319,0,0,0.0025373931623931,0.0042067307692307,1,GERMINATED
zm7_5,5,0.0,0.0048076923076923,0.0005811596950296,0.0005717058199359,0.0003531568654874,0.2211538461538461,0.4639423076923077,0.1197694088319088,0.1233974358974359,0.1201923076923077,0.0016025641025641,1.0266666666666666,0.0147132491758894,0.0148314225838264,1.0405405405405406,0.0006309439068485,0,0,0.0016693376068375,0.0012686965811965,0,NON-GERMINATED
zm7_5,6,0.0,0.0016025641025641,0.0003297082837736,0.0010557231481022,0.0003879190050287,0.7684294871794872,0.4935897435897436,0.1349492521367521,0.1233974358974359,0.1362179487179487,0.0032051282051281,1.0547945205479452,0.0164458646655161,0.0168089455950032,1.0805212161710658,0.0008294806938456,0,0,0.0038728632478632,-0.000133547008547,0,NON-GERMINATED
zm7_5,7,0.0,0.0024038461538461,0.000353542604098,0.0006369786334247,0.0001601172383584,0.5536858974358975,0.5600961538461539,0.1255564458689458,0.1089743589743589,0.1266025641025641,0.0064102564102564,1.0793650793650793,0.0135525601646394,0.0137964332675871,1.136931216931217,0.0008268934674425,0,0,0.0032051282051282,0.0031383547008547,0,NON-GERMINATED
zm7_5,8,0.0,0.0035834422716342,0.0004737822198364,0.000400641025641,0.0003076093963916,0.3333333333333333,0.6482371794871795,0.1405359686609686,0.1089743589743589,0.141025641025641,0.001602564102564,1.0,0.0152039916287712,0.0153681788297172,1.011494252873563,0.000934230612961,0,0,0.0024038461538461,0.001469017094017,0,NON-GERMINATED
zm7_5,9,0.0,0.0011331839442092,0.0002394289945748,0.0006916960128766,0.0001631819611224,0.7988782051282052,0.7275641025641025,0.1188790954415954,0.0993589743589743,0.1201923076923077,0.0096153846153846,0.9838709677419356,0.0116596454612279,0.0117829552925706,1.0694249649368863,0.0006811511544139,0,0,-0.0010016025641025,0.0039396367521367,0,NON-GERMINATED
zm7_5,10,0.0,0.0032051282051282,0.0004287161744181,0.0003750956985922,0.0004325986406156,0.5184294871794872,0.7964743589743589,0.1395343660968661,0.0977564102564102,0.141025641025641,0.0096153846153846,1.0,0.0136403787370333,0.0137861604207758,1.0731707317073171,0.000722246742025,0,0,0.0,0.0044738247863247,0,NON-GERMINATED
zm7_6,1,0.0,0.0011331839442092,0.0003014510721445,0.0009007550755212,0.0006967804417066,0.5673076923076923,0.2107371794871795,0.1351940883190883,0.1057692307692307,0.1394230769230769,0.0096153846153846,1.0645161290322582,0.0140826818636313,0.0147466715976331,1.1433691756272402,0.0008428698250876,9,1,0.0037393162393162,0.0035389957264957,1,GERMINATED
zm7_6,2,0.0,0.0011331839442092,0.0002412767349718,0.0006119892755015,0.0004809958775145,0.4230769230769231,0.2868589743589743,0.1295405982905982,0.1346153846153846,0.1314102564102564,0.0064102564102564,1.037037037037037,0.0171289019696471,0.0176898422090729,1.090218423551757,0.0004580098927815,0,0,0.0024038461538461,0.0039396367521367,1,GERMINATED
zm7_6,3,0.0,0.000801282051282,0.0003331247673409,0.001010221306794,0.0005256573040696,0.6987179487179487,0.3317307692307692,0.1354834401709401,0.1025641025641025,0.1442307692307692,0.0192307692307692,1.103448275862069,0.0132529711355833,0.014792899408284,1.2732095490716178,0.0014452599525742,0,0,0.0058760683760683,0.0076121794871795,1,GERMINATED
zm7_6,4,0.0,0.0011331839442092,0.000354173147374,0.0023012652958454,0.0007580745355202,0.2692307692307692,0.4358974358974359,0.1063924501424501,0.1474358974358974,0.1089743589743589,0.0096153846153846,1.0952380952380951,0.0154579949001022,0.0160667324128862,1.2012288786482337,0.0013210004152495,0,0,0.0046741452991453,0.0048744658119657,1,GERMINATED
zm7_6,5,0.0,0.000801282051282,0.0002214626596123,0.0010306122598638,0.0002373879207587,0.7003205128205128,0.4831730769230769,0.0863826566951567,0.1153846153846153,0.0865384615384615,0.001602564102564,1.074626865671642,0.0097756838291694,0.0099852071005917,1.09490284426922,0.0004807873979031,0,0,0.0042067307692307,0.0004674145299145,1,GERMINATED
zm7_6,6,0.0,0.0011331839442092,0.0003041159009482,0.0005804133195515,0.0009536514695015,0.4150641025641026,0.5096153846153846,0.1223513176638176,0.1153846153846153,0.125,0.0064102564102564,1.0923076923076922,0.0138475834840017,0.0142227564102564,1.1513513513513514,0.0010196455796778,3,1,0.0018696581196581,0.0052751068376068,1,GERMINATED
zm7_6,7,0.0,0.000801282051282,0.0002373879207587,0.0003906234146809,0.0005172253400383,0.5592948717948718,0.6129807692307693,0.1394230769230769,0.1041666666666666,0.1426282051282051,0.0112179487179487,1.031746031746032,0.0143451031622105,0.0148571047008547,1.1198219125048392,0.0005965829618058,0,0,0.0018696581196581,0.0042735042735042,1,GERMINATED
zm7_6,8,0.0,0.0011331839442092,0.0003014510721445,0.0007862247356294,0.0004269793022892,0.2724358974358974,0.6225961538461539,0.1258903133903134,0.1233974358974359,0.1282051282051282,0.0080128205128204,1.1,0.0151207030964643,0.0158201840894148,1.1733333333333331,0.0008535505582867,22,1,0.0042067307692307,0.0034722222222221,1,GERMINATED
zm7_6,9,0.0,0.0011331839442092,0.0003472259487409,0.0009203419544175,0.0006533916196174,0.7475961538461539,0.6306089743589743,0.1331686253561253,0.1314102564102564,0.1394230769230769,0.0208333333333333,1.108108108108108,0.0170099438303564,0.0183216222879684,1.3027757487216949,0.0013889713719136,0,0,0.0070779914529914,0.0096153846153846,1,GERMINATED
zm7_6,10,0.0,0.0025338763302631,0.000405508015005,0.0007900747573583,0.0008225617651412,0.4391025641025641,0.7580128205128205,0.1181668447293447,0.1009615384615384,0.125,0.0096153846153846,1.05,0.0117269896792132,0.0126201923076923,1.1375,0.0011376647305026,10,1,0.001201923076923,0.0056089743589743,1,GERMINATED
zm7_8,1,0.0,0.000801282051282,0.0002518186542686,0.0004186307619703,0.0005555548421629,0.3621794871794871,0.28125,0.115295584045584,0.1121794871794871,0.1169871794871794,0.0096153846153846,1.0294117647058825,0.0128764070946562,0.0131235618014464,1.1215978928884986,0.0006117203076426,0,0,0.0015357905982905,0.0041399572649572,0,NON-GERMINATED
zm7_8,2,0.0,0.0011331839442092,0.0002796377362368,0.00166350327793,0.0001835428074081,0.5657051282051282,0.3525641025641026,0.1147168803418803,0.1217948717948717,0.1153846153846153,0.0064102564102564,1.1176470588235294,0.0136264675903097,0.0140532544378698,1.1833910034602075,0.000878955429151,8,1,0.0065438034188034,0.0020032051282051,1,GERMINATED
zm7_8,3,0.0,0.000801282051282,0.0002373879207587,0.000586780018094,0.0003853563411053,0.717948717948718,0.4278846153846153,0.0958644943019943,0.1314102564102564,0.0961538461538461,0.0032051282051282,1.0649350649350648,0.0124410952110271,0.0126356015779092,1.1016569637259293,0.0005179612448299,5,1,0.0039396367521367,0.0008680555555555,1,GERMINATED
zm7_8,4,0.0,0.0011331839442092,0.0003111895454152,0.0018351243935793,0.0006164254996494,0.2516025641025641,0.4415064102564102,0.1106659544159544,0.1137820512820512,0.1121794871794871,0.0032051282051282,1.109375,0.0119503527581452,0.0125816691321499,1.142490671641791,0.001013344684581,14,1,0.0048076923076923,0.0011351495726495,1,GERMINATED
zm7_8,5,0.0,0.0011331839442092,0.0003774289305912,0.0007432250648621,0.0013186240888341,0.4334935897435897,0.4855769230769231,0.1393117877492877,0.1201923076923077,0.1602564102564102,0.0288461538461538,1.1538461538461535,0.0153829460470085,0.0192615877712031,1.4071294559099436,0.0017945244488833,25,1,0.0074118589743589,0.0118189102564102,1,GERMINATED
zm7_8,6,0.0,0.000801282051282,0.0001316791262263,0.0002882797775772,0.0003814800681312,0.7948717948717948,0.5432692307692307,0.107883725071225,0.0929487179487179,0.1089743589743589,0.0048076923076923,1.0175438596491229,0.0100021501639089,0.01012902695595,1.0645074224021591,0.000314874575595,0,0,0.0007345085470085,0.0032051282051282,0,NON-GERMINATED
zm7_8,7,0.0,0.0011331839442092,0.0003202458615662,0.0010653577229143,0.0012066538611493,0.3141025641025641,0.5785256410256411,0.1379540598290598,0.1025641025641025,0.1506410256410256,0.0176282051282051,1.0158730158730158,0.014035169947129,0.0154503616042077,1.1505067890610057,0.0009255887749187,21,1,0.001602564102564,0.0092147435897436,1,GERMINATED
zm7_8,8,0.0,0.0011331839442092,0.0003950028355221,0.0022750947897401,0.0010408959180101,0.6818910256410257,0.6129807692307693,0.1190794159544159,0.1330128205128205,0.1282051282051282,0.0144230769230769,1.2028985507246377,0.0142955224085031,0.0170529257067718,1.355378648703817,0.0017692856438693,14,1,0.0096821581196581,0.0072783119658119,1,GERMINATED
zm7_8,9,0.0,0.0011331839442092,0.0003675154078055,0.0013167912622639,0.0011312149002468,0.5088141025641025,0.6538461538461539,0.1191684472934472,0.1378205128205128,0.125,0.0144230769230769,1.1025641025641026,0.0159740984435495,0.0172275641025641,1.246376811594203,0.0012953486012592,22,1,0.0060763888888888,0.008480235042735,1,GERMINATED
zm7_8,10,0.0,0.0011331839442092,0.000326006576135,0.0009881576246627,0.0007160660586781,0.327724358974359,0.7123397435897436,0.1168981481481481,0.0977564102564102,0.1185897435897435,0.0096153846153846,1.0701754385964912,0.011234642094017,0.0115929076265614,1.1646026831785348,0.0011513908903324,0,0,0.0043402777777777,0.0043402777777777,0,NON-GERMINATED
zm7_9,1,0.0,0.0011331839442092,0.0003774289305912,0.001326490391369,0.0010370813530289,0.5729166666666666,0.2171474358974359,0.1221064814814815,0.1233974358974359,0.1330128205128205,0.016025641025641,1.0,0.0147979644924757,0.0162002794214332,1.1369863013698631,0.0016785102753514,6,1,0.0034054487179487,0.0098157051282051,1,GERMINATED
zm7_9,2,0.0,0.000801282051282,0.0003082127498247,0.0010007984862051,0.0004560140947415,0.7628205128205128,0.2315705128205128,0.1324118589743589,0.1346153846153846,0.1346153846153846,0.0096153846153846,1.0909090909090908,0.0172086235412557,0.0181213017751479,1.1748251748251748,0.0008724222397468,0,0,0.007545405982906,0.0036725427350427,1,GERMINATED
zm7_9,3,0.0,0.0011331839442092,0.0003066190052762,0.000706664345904,0.0007105096910395,0.3766025641025641,0.3261217948717949,0.1008279914529914,0.1442307692307692,0.1025641025641025,0.0032051282051282,1.0714285714285714,0.0143276963940024,0.0145617603550295,1.1065573770491803,0.0008666773615477,6,1,0.0044070512820512,-0.000267094017094,1,GERMINATED
zm7_9,4,0.0,0.0017917211358171,0.0004023019933287,0.0018455221634367,0.0006239145428423,0.6746794871794872,0.4046474358974359,0.0936387108262108,0.1522435897435897,0.094551282051282,0.0064102564102564,1.0217391304347825,0.0141279465948937,0.0143948265943458,1.0960474308300394,0.0011775364388127,0,0,0.0022702991452991,0.0021367521367521,0,NON-GERMINATED
zm7_9,5,0.0,0.0016025641025641,0.0002850393624213,0.0005199717942585,0.001346507025184,0.5152243589743589,0.4919871794871794,0.1046785968660968,0.110576923076923,0.1057692307692307,0.0032051282051282,1.0298507462686568,0.0113496052373255,0.0116956360946745,1.062033582089552,0.0006428605021955,0,0,0.0020699786324786,0.0016693376068376,1,GERMINATED
zm7_9,6,0.0,0.0011331839442092,0.0003822130668472,0.0009395205798942,0.0021501575277303,0.250801282051282,0.4887820512820512,0.1264690170940171,0.1458333333333333,0.141025641025641,0.0240384615384615,1.0963855421686748,0.0182779270194134,0.0205662393162393,1.3216702426142928,0.0017321688607132,26,1,0.0027377136752136,0.0121527777777777,1,GERMINATED
zm7_9,7,0.0,0.000801282051282,0.0003402974726544,0.001201871553053,0.000688195549935,0.8036858974358975,0.5985576923076923,0.0986022079772079,0.1458333333333333,0.0993589743589743,0.001602564102564,1.181818181818182,0.0133138234850975,0.0144898504273504,1.2011922503725785,0.0011679918644343,15,1,0.0097489316239316,0.0018028846153845,1,GERMINATED
zm7_9,8,0.0,0.0016025641025641,0.0003691044326873,0.0014491542744531,0.0006395981590767,0.4110576923076923,0.6185897435897436,0.1032540954415954,0.1394230769230769,0.1057692307692307,0.0064102564102564,1.074074074074074,0.0141962538922675,0.0147466715976331,1.1433691756272402,0.0009810795447121,0,0,0.0024038461538461,0.0045405982905982,1,GERMINATED
zm7_9,9,0.0,0.0017917211358171,0.0003729546940889,0.0012963158634758,0.000898069845167,0.5568910256410257,0.717948717948718,0.1333244301994302,0.1266025641025641,0.1442307692307692,0.016025641025641,1.0394736842105263,0.0163303664781028,0.0182599852071005,1.169407894736842,0.001119223988411,19,1,0.0030048076923077,0.0060096153846153,1,GERMINATED
zm7_9,10,0.0,0.000801282051282,0.0002649991297139,0.0009040490255371,0.0007935160020466,0.391025641025641,0.7524038461538461,0.1420495014245014,0.0897435897435897,0.1426282051282051,0.0064102564102564,1.0980392156862746,0.0126528299980824,0.0127999671268902,1.1497116493656288,0.0007377746334074,16,1,0.0020699786324786,0.0017361111111111,1,GERMINATED
