mean_movement,median_movement,max_movement,movement_std,std_center_x,std_center_y,range_center_x,range_center_y,max_center_x,max_center_y,mean_width,std_width,min_width,max_width,width_change,mean_height,std_height,min_height,max_height,height_change,mean_area,std_area,min_area,max_area,area_change,mean_iou,std_iou,min_iou,early_mean_width,early_mean_height,early_mean_area,middle_mean_width,middle_mean_height,middle_mean_area,late_mean_width,late_mean_height,late_mean_area,group,track_id
1.2173229104909522,0.7071067811865476,3.5355339059327378,1.2236386714469691,12.226593329314156,22.59535597407753,41.0,83.5,372.5,501.5,63.824742268041234,27.716536546427484,39.0,131.0,92.0,71.3298969072165,52.98837095712986,34.0,210.0,176.0,5941.886597938144,6829.410439115726,1326.0,27510.0,26184.0,0.962538616179625,0.03999641920737207,0.8232869654817104,39.125,34.1875,1337.8125,53.8125,40.96875,2314.46875,97.48484848484848,136.78787878787878,13923.939393939394,pg1_1,0
0.12089115911941656,0.0,3.605551275463989,0.42813782163391095,1.0906173824230179,1.377243963600762,3.0,5.5,245.0,410.0,48.09278350515464,0.8504998436553748,47.0,52.0,-5.0,43.25773195876289,2.006578616099276,38.0,45.0,5.0,2080.237113402062,100.45953929302344,1824.0,2205.0,35.0,0.9933224118427774,0.023578492229154157,0.8032332563510393,48.125,40.8125,1964.0,48.6875,43.90625,2138.125,47.484848484848484,45.0,2136.818181818182,pg1_1,1
0.07112944921610614,0.0,2.8284271247461903,0.33094400551686476,0.45267007010515764,0.8650277048587741,3.0,5.0,201.0,251.0,37.628865979381445,0.722532596615886,36.0,38.0,2.0,36.06185567010309,0.24089322568140042,36.0,37.0,0.0,1356.9278350515465,25.542060490020866,1296.0,1369.0,72.0,0.9957240515511847,0.021648689512564715,0.8050139275766016,36.875,36.1875,1334.4375,38.0,36.0,1368.0,38.0,36.0,1368.0,pg1_1,2
0.04856539229342063,0.0,3.1622776601683795,0.3310899716663929,0.6060154751197364,0.30302965890101186,2.5,3.0,440.0,210.5,45.94845360824742,1.160973054560189,44.0,47.0,3.0,41.0,0.0,41.0,41.0,0.0,1883.8865979381444,47.59989523696775,1804.0,1927.0,123.0,0.9975262806582187,0.01782378132697416,0.8277608915906788,44.46875,41.0,1823.21875,46.34375,41.0,1900.09375,47.0,41.0,1927.0,pg1_1,3
0.02904422511740351,0.0,1.5811388300841898,0.18168819349092621,0.34968063105456965,0.24860114539768027,1.5,2.0,448.0,402.5,44.670103092783506,0.6993612621091393,42.0,45.0,3.0,34.876288659793815,0.3592010595914298,33.0,35.0,2.0,1558.1546391752577,38.91713115113643,1386.0,1575.0,189.0,0.9981327650875523,0.01209416684759886,0.8936170212765957,44.0,34.625,1523.9375,45.0,35.0,1575.0,45.0,35.0,1575.0,pg1_1,4
0.04382402897069321,0.0,1.5,0.19272248048625737,0.17033723342121965,0.21526405173011445,0.5,1.5,492.5,329.5,41.24742268041237,1.103237296632721,39.0,42.0,3.0,36.422680412371136,1.0535658796735023,33.0,37.0,4.0,1503.381443298969,80.01513301444265,1287.0,1554.0,267.0,0.997483583321998,0.011271624124245969,0.9142857142857143,39.75,35.25,1401.71875,41.96875,37.0,1552.84375,42.0,37.0,1554.0,pg1_1,5
0.046283070402982684,0.0,2.23606797749979,0.2509223865276656,0.4727678139298185,0.36251445304159263,2.5,3.0,387.5,358.0,41.329896907216494,0.47017543303057235,41.0,42.0,1.0,37.27835051546392,0.44818690967596203,37.0,38.0,0.0,1540.7731958762886,29.117432039059718,1517.0,1596.0,38.0,0.9972474475020087,0.01560480405413946,0.8591885441527446,41.53125,37.375,1552.03125,41.0,37.0,1517.0,41.45454545454545,37.45454545454545,1552.909090909091,pg1_1,6
0.10407425764015565,0.0,4.242640687119285,0.5372594490219014,0.3624411511597309,0.6561189541913128,3.5,6.0,353.5,282.0,41.04123711340206,0.8605623404003796,39.0,44.0,5.0,35.628865979381445,0.8412017376835196,32.0,36.0,0.0,1462.020618556701,37.56231369240539,1326.0,1496.0,170.0,0.9932266508661586,0.035530979083683106,0.7265625,40.5625,35.375,1435.375,41.0,36.0,1476.0,41.54545454545455,35.515151515151516,1474.3030303030303,pg1_1,7
0.1875985563895859,0.0,4.6097722286464435,0.5647773440101949,1.4649879925306943,0.8067957192213763,8.0,5.0,261.0,243.0,43.855670103092784,2.1870739795898446,40.0,47.0,6.0,44.01030927835052,1.6714389464678578,38.0,46.0,8.0,1933.4845360824743,165.78542294755042,1520.0,2162.0,596.0,0.9905267254579865,0.032126138358627716,0.7286652078774617,41.40625,42.375,1755.25,43.875,43.71875,1919.25,46.21212121212121,45.878787878787875,2120.121212121212,pg1_1,8
0.9828939695804128,1.0,4.242640687119285,1.0308080703485938,4.999202827300755,18.394569499038226,22.0,64.0,339.5,259.5,68.0,29.26241035516067,39.0,125.0,83.0,79.4639175257732,40.79975284331601,45.0,183.0,138.0,6552.257731958763,6014.303693109925,1872.0,22875.0,20985.0,0.9659182614826965,0.04564830134791071,0.7647058823529411,42.5625,45.84375,1951.03125,56.375,62.25,3732.0,103.93939393939394,128.75757575757575,13748.848484848484,pg1_1,9
0.12169659537883826,0.0,2.1213203435596424,0.3397032116517779,0.41101581400514586,0.9546803669499248,2.0,3.5,263.0,230.0,41.34020618556701,2.662789011227186,38.0,45.0,7.0,37.1958762886598,0.48988059259862765,36.0,38.0,1.0,1537.5154639175257,98.29202371411277,1368.0,1710.0,297.0,0.9929870065472898,0.023417277894219893,0.820572764465225,38.96875,37.125,1446.75,40.65625,37.46875,1523.40625,44.303030303030305,37.0,1639.2121212121212,pg1_10,0
0.015625,0.0,0.5,0.08699631816921909,0.0,0.38903014977553,0.0,1.5,330.5,269.0,41.0,0.0,41.0,41.0,0.0,31.082474226804123,0.27508585699229565,31.0,32.0,-1.0,1274.381443298969,11.278520136684119,1271.0,1312.0,-41.0,0.9990234375,0.005437269885576193,0.96875,41.0,31.25,1281.25,41.0,31.0,1271.0,41.0,31.0,1271.0,pg1_10,1
0.07232473706964936,0.0,2.23606797749979,0.2794681837725708,0.8430632594740272,0.4812898494943278,5.0,2.0,276.5,332.0,37.27835051546392,1.1098645597803523,36.0,41.0,4.0,36.50515463917526,1.7416884291784647,31.0,38.0,-6.0,1359.0824742268042,35.313228765392786,1209.0,1406.0,-94.0,0.9947544106548465,0.025703337105743355,0.7633378932968536,36.75,37.3125,1371.1875,37.0,37.0,1369.0,38.06060606060606,35.24242424242424,1337.7272727272727,pg1_10,2
0.609044876483964,0.5,3.1622776601683795,0.7404965710669876,11.508463571022137,2.836841047224645,44.0,10.0,198.5,209.5,60.95876288659794,28.45322351450636,38.0,141.0,102.0,45.54639175257732,10.57620419753577,38.0,88.0,49.0,3062.9278350515465,2443.0514646052275,1444.0,12408.0,10887.0,0.9753259754455031,0.02874404893536424,0.8513289036544851,39.65625,39.4375,1563.6875,47.0625,40.9375,1931.3125,95.0909090909091,55.93939393939394,5614.060606060606,pg1_10,3
0.9256328316522625,0.8535533905932737,2.692582403567252,0.7637460491773956,11.834169208102379,10.911461668756905,32.5,36.5,384.5,138.0,59.83505154639175,30.249028411549084,34.0,112.0,66.0,62.30927835051546,36.84080011464829,36.0,151.0,115.0,4774.742268041237,5075.120091572564,1224.0,16240.0,13991.0,0.9616970731835132,0.03199738689170455,0.8704819277108434,34.84375,36.1875,1261.09375,43.8125,43.125,1941.59375,99.60606060606061,106.24242424242425,10929.212121212122,pg1_10,4
0.49389773771536477,0.25,1.8027756377319946,0.5735692559284462,4.116165776980037,8.728248703668793,18.0,31.5,461.0,195.5,45.81443298969072,10.20847626069127,37.0,82.0,45.0,63.608247422680414,24.412079442392216,43.0,132.0,89.0,3153.0103092783506,2134.839444431821,1591.0,10824.0,9233.0,0.9760964392231477,0.02556852434821199,0.9131884251233497,37.5625,44.40625,1668.84375,43.6875,53.21875,2339.84375,55.878787878787875,92.3030303030303,5380.727272727273,pg1_10,5
1.0495111792467835,0.5,11.672617529928752,1.7365810619248458,8.789002925852937,4.996991336265186,32.5,23.0,461.5,296.0,50.08247422680412,19.553611264056332,37.0,108.0,64.0,81.11340206185567,52.71746835603237,39.0,216.0,175.0,4972.2474226804125,5550.396042395697,1521.0,23328.0,21524.0,0.9558599642421347,0.05878924367671625,0.6050903119868637,40.90625,41.84375,1710.75,39.25,53.125,2078.59375,69.48484848484848,146.33333333333334,10940.878787878788,pg1_10,6
0.028199028970693204,0.0,1.0,0.1415561658792839,0.3205837485663136,0.31925489829282516,2.0,1.0,463.5,384.0,35.04123711340206,0.19883816002047325,35.0,36.0,0.0,35.98969072164948,0.10100988630033723,35.0,36.0,0.0,1261.1237113402062,8.050430906004074,1225.0,1296.0,0.0,0.9982719264403291,0.008746565995800534,0.9444444444444444,35.125,35.96875,1263.40625,35.0,36.0,1260.0,35.0,36.0,1260.0,pg1_10,7
1.4471862609157222,1.4142135623730951,5.830951894845301,1.3255996477884153,29.218099032707983,12.027881927877132,95.5,33.0,412.0,453.5,100.75257731958763,81.98126903591373,30.0,276.0,246.0,64.78350515463917,29.193003964946744,33.0,112.0,75.0,8862.690721649484,9806.514934576853,990.0,29808.0,28818.0,0.9552256062371053,0.061416065252361866,0.6575963718820862,31.6875,36.59375,1163.71875,62.53125,54.0625,3678.8125,204.78787878787878,102.51515151515152,21355.151515151516,pg1_10,8
0.7046255354505861,0.25,2.23606797749979,0.8170467274219847,17.543640074011005,1.4485728387659114,56.0,8.5,207.5,405.0,66.38144329896907,36.28536477542923,41.0,157.0,116.0,39.824742268041234,6.1894661250349925,34.0,56.0,21.0,2858.103092783505,2099.926996691488,1435.0,8792.0,7357.0,0.9756498731440315,0.03227652524567348,0.8439108061749572,42.71875,36.25,1548.5625,45.71875,35.28125,1612.78125,109.36363636363636,47.696969696969695,5335.545454545455,pg1_10,9
0.015625,0.0,1.5,0.15229366163764005,0.15151482945050593,0.0,1.5,0.0,222.5,253.5,34.96907216494845,0.3030296589010116,32.0,35.0,3.0,39.0,0.0,39.0,39.0,0.0,1363.7938144329896,11.818156697139456,1248.0,1365.0,117.0,0.9991071428571429,0.008702494950722289,0.9142857142857143,34.90625,39.0,1361.34375,35.0,39.0,1365.0,35.0,39.0,1365.0,pg1_11,0
0.19371606930592677,0.0,1.118033988749895,0.3086852514984501,1.566331920437831,1.6815504336724973,7.0,6.5,185.5,200.0,37.2680412371134,3.362974456366832,34.0,46.0,11.0,37.371134020618555,3.899033947570412,34.0,46.0,12.0,1405.5979381443299,285.50507460396346,1190.0,2116.0,926.0,0.9888498184057143,0.018937111730449,0.9181890389197777,35.1875,34.46875,1212.84375,35.21875,35.25,1241.8125,41.27272727272727,42.24242424242424,1751.3333333333333,pg1_11,1
0.08600642227065562,0.0,2.5495097567963922,0.3025908601751464,0.43132966023653674,0.9409158110601762,1.0,5.5,446.5,182.0,32.96907216494845,0.1731222229252234,32.0,33.0,1.0,37.03092783505155,0.5459052492731433,34.0,38.0,-1.0,1220.9072164948454,20.859412804807747,1088.0,1254.0,4.0,0.9948769486547896,0.01860945621618572,0.8427773343974462,32.9375,37.34375,1230.03125,33.0,37.0,1221.0,32.96969696969697,36.75757575757576,1211.969696969697,pg1_11,2
0.2859462981210276,0.0,2.23606797749979,0.39397192952994387,2.052193857318487,1.6984360088570836,10.0,7.0,470.5,293.5,35.4639175257732,2.6008002561864387,34.0,46.0,11.0,40.96907216494845,4.284841678672278,35.0,53.0,16.0,1462.0,262.37908358928814,1190.0,2392.0,1127.0,0.9834460844860828,0.02452945401366319,0.8435321456235476,34.0,36.09375,1227.1875,34.4375,41.0,1411.90625,37.878787878787875,45.666666666666664,1738.2727272727273,pg1_11,3
0.4076826533871545,0.0,3.605551275463989,0.5686635098725278,4.81097692681314,1.879161163581206,16.0,6.0,335.0,213.0,42.29896907216495,13.554141109093894,34.0,94.0,60.0,48.649484536082475,6.553571839692329,40.0,62.0,22.0,2133.577319587629,1014.9864133472,1360.0,5828.0,4468.0,0.9776344150631417,0.032508727477894864,0.7761194029850746,34.0,41.84375,1422.6875,35.40625,47.53125,1683.09375,57.03030303030303,56.333333333333336,3259.757575757576,pg1_11,4
0.31805036203079273,0.0,1.8027756377319946,0.40874580594637094,1.7118214451919158,3.7336884412239377,10.0,12.5,188.5,360.5,41.68041237113402,6.045440288643855,37.0,69.0,30.0,50.402061855670105,14.439107687121721,35.0,84.0,49.0,2172.721649484536,988.1999332564241,1365.0,5796.0,4431.0,0.9832360162940607,0.022901102221335047,0.8780487804878049,38.5625,37.34375,1439.59375,39.0625,44.5,1739.78125,47.24242424242424,68.78787878787878,3303.4545454545455,pg1_11,5
0.4563205502110595,0.5,2.9154759474226504,0.515489950230273,5.7734904195850065,5.348787039817692,18.0,15.0,421.0,330.5,55.329896907216494,16.032648165723177,41.0,91.0,49.0,41.608247422680414,7.361864259960312,34.0,55.0,21.0,2409.278350515464,1130.529743014565,1428.0,5005.0,3577.0,0.9767619787480842,0.0284841032834687,0.8516129032258064,41.96875,34.09375,1430.84375,47.625,40.40625,1932.0,75.75757575757575,50.06060606060606,3820.878787878788,pg1_11,6
0.9013793268720983,0.5,7.5,1.37216172847358,11.872225106646551,3.440589402454819,48.0,16.0,319.5,355.5,75.65979381443299,41.046839374523096,43.0,185.0,138.0,41.07216494845361,15.377884389690571,31.0,96.0,61.0,3666.061855670103,3789.1513502282755,1462.0,17760.0,16115.0,0.962265046338968,0.0513625942433049,0.7006020799124247,44.71875,34.625,1549.21875,55.0,33.25,1826.40625,125.6969696969697,54.90909090909091,7502.666666666667,pg1_11,7
0.3274142275231662,0.0,1.8027756377319946,0.4473159848273645,2.2314170433759815,3.7980912133207134,12.0,14.0,309.0,409.0,40.597938144329895,3.770913624466117,38.0,52.0,14.0,40.31958762886598,11.683582976559727,32.0,74.0,42.0,1680.2371134020618,695.4402858620681,1216.0,3848.0,2632.0,0.9800958326355002,0.028157583851771476,0.8718703976435935,38.0,32.0,1216.0,39.4375,35.5625,1404.59375,44.24242424242424,53.0,2397.6969696969695,pg1_11,8
0.47542418982674284,0.5,1.5811388300841898,0.4738065776885316,1.9496805170071532,9.35802276516434,7.0,33.0,395.5,459.5,38.597938144329895,5.502876087400777,33.0,50.0,17.0,53.628865979381445,24.653608333642286,35.0,115.0,80.0,2200.6494845360826,1396.9556815117585,1155.0,5750.0,4595.0,0.9782371897931682,0.025469920287465926,0.8671171171171171,34.0625,35.3125,1203.71875,36.6875,40.71875,1493.5625,44.84848484848485,83.9090909090909,3853.030303030303,pg1_11,9
0.10732057955970827,0.0,2.5,0.3445150599557321,1.5608601502200672,1.159759449662706,4.0,4.5,332.0,401.5,40.98969072164948,1.7140706078446122,37.0,43.0,5.0,40.90721649484536,2.2016042615020535,35.0,44.0,9.0,1680.4020618556701,155.20180808502894,1295.0,1848.0,553.0,0.9936001903314798,0.02465420496447862,0.8013318534961155,38.8125,38.125,1481.71875,42.125,42.09375,1773.1875,42.0,42.45454545454545,1783.090909090909,pg1_12,0
0.8041226866890065,0.5,5.656854249492381,1.1566164899187863,7.53259470534588,3.3106911587401036,29.0,15.5,230.5,437.5,55.58762886597938,22.822828405777823,35.0,95.0,56.0,51.09278350515464,13.297610415693603,39.0,82.0,42.0,3119.701030927835,2050.788061576352,1365.0,7695.0,6174.0,0.963457770007567,0.05697190122295657,0.7470564352415753,36.875,39.46875,1454.53125,43.21875,45.90625,2025.96875,85.72727272727273,67.39393939393939,5795.0,pg1_12,1
0.8414186744570299,0.5,4.716990566028302,0.9439136335535725,4.881761711384348,8.644927716020502,15.0,33.0,133.0,369.5,46.134020618556704,7.055930993507652,41.0,64.0,22.0,75.87628865979381,45.36774314625664,37.0,187.0,150.0,3805.185567010309,3040.0868589391953,1554.0,11968.0,10414.0,0.9699708506526731,0.03685985530327413,0.7362244897959184,41.4375,41.84375,1734.5625,43.46875,52.15625,2267.5625,53.27272727272727,131.87878787878788,7304.090909090909,pg1_12,2
0.5013251172939167,0.25,5.220153254455275,0.7847678808222471,3.718921237765998,1.9945190068429202,13.5,12.5,238.5,320.0,54.74226804123711,20.892102957577286,39.0,115.0,73.0,41.381443298969074,4.3064164521277,37.0,54.0,14.0,2353.381443298969,1240.196313386765,1554.0,6095.0,4457.0,0.9732063255479225,0.034024281337634917,0.841025641025641,42.8125,38.90625,1665.75,42.71875,39.09375,1669.78125,77.96969696969697,46.0,3683.060606060606,pg1_12,3
1.3035599630047874,1.118033988749895,6.519202405202649,1.3554297311864936,10.011416057812353,9.753304717756924,53.0,51.5,452.0,343.0,59.51546391752577,31.543167411529726,39.0,158.0,119.0,84.54639175257732,53.396594473931955,41.0,220.0,177.0,6659.731958762886,8203.138692133683,1599.0,34760.0,33083.0,0.9564348965803923,0.03958347348018653,0.7745327102803738,39.15625,42.0,1644.5625,44.5,59.625,2691.28125,93.81818181818181,149.96969696969697,15371.121212121212,pg1_12,4
0.5329630651786114,0.5,4.0,0.7376146494989232,4.003538927643753,5.220415380160643,11.0,23.0,364.5,271.5,48.79381443298969,12.173097043713566,40.0,101.0,60.0,64.28865979381443,32.84325748340705,39.0,147.0,108.0,3495.8041237113403,2953.8606282485666,1560.0,14847.0,13248.0,0.9731209783122529,0.03255574884701859,0.84,40.9375,39.53125,1618.59375,44.90625,47.59375,2151.09375,60.18181818181818,104.48484848484848,6620.090909090909,pg1_12,5
1.1798874427084545,0.6035533905932737,4.924428900898052,1.303461336546749,8.132942580750688,20.337456249177635,32.5,73.0,399.5,274.5,57.0,25.883163337001466,33.0,113.0,77.0,72.35051546391753,42.75488547164008,38.0,189.0,148.0,5200.938144329897,5521.484267082339,1254.0,21357.0,19881.0,0.9587156201482193,0.04863582623514661,0.7464702271332105,36.46875,42.21875,1541.0625,43.40625,50.40625,2252.6875,90.0909090909091,122.84848484848484,11608.818181818182,pg1_12,6
0.4804381811388922,0.0,2.5495097567963922,0.6381222354982518,5.818156115883963,5.7529329602219565,24.0,24.0,329.0,210.5,45.55670103092783,7.290679082769799,36.0,60.0,22.0,51.0,14.628738838327793,41.0,91.0,49.0,2416.5670103092784,1114.7229132590169,1512.0,5278.0,3766.0,0.9781507237986281,0.02945641629901578,0.880690737833595,37.71875,41.25,1556.5625,44.5625,44.03125,1963.625,54.121212121212125,67.21212121212122,3689.7272727272725,pg1_12,7
0.12791991300956537,0.0,3.1622776601683795,0.391033667590092,1.5653647083697062,1.1109891762429476,7.0,4.0,239.5,250.5,43.628865979381445,3.5531881651099835,37.0,48.0,11.0,46.77319587628866,3.944211874652266,39.0,51.0,12.0,2054.061855670103,327.66826367415706,1443.0,2448.0,1005.0,0.992377323255209,0.02801377613332986,0.8100303951367781,39.15625,41.5,1626.34375,44.375,48.5,2153.59375,47.24242424242424,50.21212121212121,2372.3030303030305,pg1_12,8
1.1176025970489636,0.7071067811865476,8.246211251235321,1.3543624951994002,8.589704703256608,8.816422275071893,33.0,35.0,237.0,142.5,70.91752577319588,35.360491116817535,42.0,140.0,98.0,79.83505154639175,33.569340581238684,43.0,129.0,84.0,6782.505154639175,5756.625153437552,1806.0,17780.0,15974.0,0.9644451181460694,0.044521775031523485,0.6701244813278008,42.09375,46.03125,1938.0625,52.03125,70.96875,3899.28125,117.18181818181819,121.21212121212122,14276.0,pg1_12,9
0.5177708573276903,0.0,3.8078865529319543,0.8339394498216373,7.251688850099591,1.9840071593986275,30.5,10.0,257.0,480.5,47.94845360824742,21.584822433004696,35.0,117.0,82.0,37.72164948453608,5.718016864860546,33.0,55.0,8.0,1903.1649484536083,1170.1489787996322,1190.0,5031.0,3806.0,0.9728612002770891,0.04176284857055052,0.7727272727272727,35.96875,34.9375,1256.6875,37.25,34.21875,1274.0625,69.93939393939394,43.81818181818182,3140.090909090909,pg1_2,0
0.09501375357874627,0.0,2.0,0.2725907554635898,0.4762953540833611,0.9908981037278841,2.0,3.5,366.0,448.5,32.93814432989691,2.0848715404056968,29.0,36.0,7.0,39.845360824742265,0.5044177246484565,39.0,41.0,1.0,1312.6701030927834,88.64742181718952,1160.0,1476.0,316.0,0.994410118552056,0.015388414008371735,0.9047619047619048,30.46875,39.71875,1210.09375,33.34375,39.71875,1324.1875,34.93939393939394,40.09090909090909,1400.969696969697,pg1_2,1
0.48482503923817766,0.5,3.0,0.5537249750502194,4.316061597555224,9.541191164319843,11.5,35.5,447.0,410.0,35.01030927835052,5.188200024283544,27.0,44.0,13.0,62.154639175257735,32.736794837155514,36.0,147.0,111.0,2333.5154639175257,1602.7976707844966,1026.0,6468.0,5352.0,0.9755584510851998,0.030635311893593233,0.8307692307692308,29.71875,37.1875,1103.59375,34.0625,45.875,1576.71875,41.06060606060606,102.15151515151516,4260.030303030303,pg1_2,2
0.641441243125903,0.5,10.124228365658293,1.1180391160198417,6.4022859664942375,5.773430591694088,33.5,14.5,390.5,372.5,53.56701030927835,32.133390545800886,31.0,136.0,105.0,45.43298969072165,7.52166248416312,38.0,61.0,15.0,2634.824742268041,1956.0300790927668,1178.0,7344.0,6135.0,0.9733663624801814,0.04285582517490706,0.644949715784871,31.0,39.0,1209.0,35.1875,41.6875,1483.46875,93.27272727272727,55.303030303030305,5133.909090909091,pg1_2,3
0.37076551382077844,0.0,3.1622776601683795,0.5800786731940311,2.6971523265770743,2.4474713167941147,10.0,10.0,474.0,293.0,53.27835051546392,9.458255836292851,42.0,78.0,34.0,42.11340206185567,2.5601074746278196,36.0,52.0,10.0,2263.0103092783506,550.6498970962124,1692.0,4004.0,2198.0,0.9823981826921746,0.02893950618231632,0.8221574344023324,47.8125,41.71875,1995.34375,48.90625,40.53125,1982.71875,62.81818181818182,44.03030303030303,2794.3636363636365,pg1_2,4
0.9820917425017667,1.118033988749895,6.324555320336759,0.9744528255948788,5.627931269396161,21.847410178122384,23.5,72.0,440.0,257.5,49.44329896907217,15.019553627809941,38.0,90.0,52.0,84.3917525773196,52.0026876190922,38.0,199.0,161.0,4924.649484536082,4605.292406045478,1444.0,17910.0,16466.0,0.9669280002568392,0.04262598035445776,0.684931506849315,38.21875,38.4375,1469.375,42.3125,62.75,2697.0625,67.24242424242425,149.93939393939394,10435.30303030303,pg1_2,5
0.8665459241902519,0.5,2.5,0.8533843377610869,3.8094283133853537,19.79387886587451,16.0,69.5,268.0,395.5,46.123711340206185,17.474138612434448,34.0,90.0,54.0,77.51546391752578,49.71031824730856,37.0,201.0,164.0,4435.030927835051,4738.132718575672,1326.0,18090.0,16758.0,0.9682008443462466,0.0313786503298757,0.8533685601056803,34.53125,40.46875,1397.0,36.53125,50.71875,1875.53125,66.66666666666667,139.42424242424244,9862.939393939394,pg1_2,6
0.500379952981051,0.5,2.5495097567963922,0.5445134549803899,10.074654906484323,5.0701582234355005,31.0,15.0,169.0,297.0,68.14432989690722,34.068151735826405,38.0,134.0,96.0,42.381443298969074,5.138179907540112,36.0,51.0,12.0,3045.0,1829.483240654325,1368.0,6432.0,5064.0,0.9740746547397462,0.032589576774236385,0.8554455445544554,38.65625,36.6875,1419.125,52.21875,41.90625,2221.65625,112.18181818181819,48.36363636363637,5420.0,pg1_2,7
0.09375,0.0,1.0,0.20807275370248104,1.574807648768452,1.2722459831498711,4.0,4.0,284.0,256.5,34.52577319587629,0.6436491248984729,34.0,36.0,2.0,40.649484536082475,0.7466935654528585,39.0,42.0,2.0,1403.5979381443299,41.78187339268501,1326.0,1476.0,150.0,0.99499895147761,0.011025835125466149,0.9512195121951219,34.125,40.8125,1392.875,34.34375,40.53125,1392.15625,35.09090909090909,40.60606060606061,1425.090909090909,pg1_2,8
0.9893698888089796,1.118033988749895,5.1478150704935,0.9327944877900173,11.186949413364253,18.899103364491122,46.0,51.5,329.5,173.0,47.77319587628866,16.185461947258982,39.0,111.0,72.0,76.78350515463917,46.22049949190187,37.0,155.0,116.0,4215.59793814433,4035.462092779932,1443.0,17094.0,15612.0,0.9665498594306973,0.038554393489286895,0.7130620985010707,39.4375,37.75,1488.65625,41.6875,53.96875,2270.125,61.75757575757576,136.75757575757575,8746.424242424242,pg1_2,9
0.0,0.0,0.0,0.0,0.0,0.0,0.0,0.0,307.0,131.0,38.0,0.0,38.0,38.0,0.0,36.0,0.0,36.0,36.0,0.0,1368.0,0.0,1368.0,1368.0,0.0,1.0,0.0,1.0,38.0,36.0,1368.0,38.0,36.0,1368.0,38.0,36.0,1368.0,pg1_3,0
0.015625,0.0,1.5,0.15229366163764005,0.0,0.15151482945050593,0.0,1.5,177.5,213.0,35.0,0.0,35.0,35.0,0.0,37.01030927835052,0.10100988630033723,37.0,38.0,-1.0,1295.360824742268,3.5353460205118044,1295.0,1330.0,-35.0,0.999198717948718,0.007809931366032819,0.9230769230769231,35.0,37.03125,1296.09375,35.0,37.0,1295.0,35.0,37.0,1295.0,pg1_3,1
0.04813875357874627,0.0,2.1213203435596424,0.2399551911028767,0.42249178592260145,0.5513777562797557,1.5,3.0,210.0,392.0,33.69072164948454,0.4621961189991731,33.0,34.0,1.0,33.8041237113402,0.3968737434004156,33.0,34.0,0.0,1138.979381443299,25.117858017155147,1089.0,1156.0,34.0,0.9967946399871425,0.01742519417130212,0.839344262295082,33.875,33.875,1147.5,33.1875,33.53125,1112.90625,34.0,34.0,1156.0,pg1_3,2
0.14573650817619344,0.0,3.1622776601683795,0.39477107735742706,0.6269194142478669,1.7454829120440123,3.0,7.0,215.5,295.0,44.05154639175258,3.695556356481427,37.0,50.0,13.0,35.608247422680414,2.7075941351387374,32.0,39.0,7.0,1578.360824742268,246.61431909527263,1184.0,1950.0,766.0,0.9913164583652924,0.02746907457068321,0.789551140544518,39.5,32.25,1274.875,44.59375,36.125,1612.65625,47.93939393939394,38.36363636363637,1839.3939393939395,pg1_3,3
0.9682532946249395,0.5,3.2015621187164243,1.0631057759138005,2.6407151596419567,19.31295339887558,11.0,71.0,386.5,243.5,52.30927835051546,20.05475022770707,33.0,101.0,68.0,83.18556701030928,59.858480851364234,37.0,233.0,196.0,5492.628865979382,5784.439317062199,1221.0,23533.0,22312.0,0.9643141045523375,0.03203869293928947,0.8303378864126527,33.0625,37.96875,1255.34375,45.625,52.40625,2531.1875,77.45454545454545,156.87878787878788,12473.212121212122,pg1_3,4
0.36259734479946176,0.0,8.246211251235321,0.9235248591913378,6.243215043900641,4.109434047153598,17.5,14.5,358.0,258.5,49.65979381443299,13.319148759167296,37.0,74.0,37.0,49.381443298969074,19.530279583183145,33.0,84.0,49.0,2706.505154639175,1808.8692892642996,1295.0,6216.0,4921.0,0.9773816966235769,0.04949821002875019,0.5831240582621798,37.0,35.0,1295.0,44.59375,37.21875,1684.65625,66.84848484848484,75.12121212121212,5066.121212121212,pg1_3,5
1.2505494832755062,1.0,6.020797289396148,1.0624661515609322,10.161604707144113,24.73565096224232,34.0,88.0,328.0,312.0,51.50515463917526,17.721280649622496,39.0,104.0,62.0,87.3298969072165,56.05919582077365,38.0,226.0,186.0,5398.8247422680415,5745.265959785166,1596.0,23504.0,21824.0,0.9583338175443853,0.03742527588906531,0.7247292418772563,43.15625,39.625,1709.3125,40.875,63.75,2596.1875,69.9090909090909,156.45454545454547,11694.242424242424,pg1_3,6
1.063673350566731,0.5,8.5,1.249522843579691,17.19286606201847,14.59958163909366,52.0,64.0,414.0,382.5,72.41237113402062,36.233422111123836,40.0,154.0,114.0,67.52577319587628,46.64586760484099,33.0,195.0,162.0,6556.041237113402,7772.749553868662,1320.0,30030.0,28710.0,0.9642441416635993,0.047394366551212694,0.6190975865687304,43.0,34.90625,1502.625,54.65625,42.03125,2384.0625,118.15151515151516,123.87878787878788,15501.878787878788,pg1_3,7
1.116644172676749,0.7071067811865476,4.924428900898052,1.1077292651909092,19.531898472070374,7.362914456898624,71.0,38.0,349.0,448.5,80.97938144329896,55.32918906421804,35.0,204.0,168.0,47.70103092783505,12.12917157356178,36.0,99.0,58.0,4424.051546391753,4396.102599975109,1260.0,20196.0,18720.0,0.9634257558709461,0.03801201703726613,0.7674418604651163,35.875,40.03125,1436.59375,53.9375,44.15625,2414.53125,150.93939393939394,58.57575757575758,9269.60606060606,pg1_3,8
1.0177100070265621,1.0,5.70087712549569,1.0436792330970253,15.029165325935546,8.977007983454087,51.5,24.5,293.5,561.0,64.14432989690722,43.950297535021775,34.0,172.0,138.0,63.98969072164948,28.629339303876925,35.0,111.0,76.0,5103.123711340206,5289.975059395403,1190.0,19092.0,17902.0,0.962285819819742,0.04719596088853404,0.66,35.3125,35.65625,1259.5625,38.75,56.625,2245.53125,116.72727272727273,98.60606060606061,11601.212121212122,pg1_3,9
0.8982689960433682,0.5,7.106335201775948,1.1424062225906797,15.646290575007628,5.635866648454189,48.0,25.5,327.0,436.5,72.10309278350516,48.52345262192516,34.0,171.0,132.0,54.75257731958763,20.074619010306776,39.0,110.0,71.0,4883.6082474226805,5160.499793098645,1428.0,18810.0,17289.0,0.9659442163027679,0.04722859473823154,0.647736976942784,37.40625,39.46875,1474.78125,43.21875,45.75,2032.875,133.75757575757575,78.3030303030303,10953.484848484848,pg1_4,0
0.08104491300956536,0.0,3.1622776601683795,0.3589545775469909,1.1239950459982606,0.6044789779080021,3.5,4.0,203.0,416.5,45.78350515463917,3.120358174404241,42.0,49.0,7.0,35.04123711340206,1.7463807981739958,33.0,37.0,-1.0,1600.1958762886597,73.62381942767378,1485.0,1764.0,210.0,0.9946016616905786,0.025490475494311198,0.8133022170361727,42.0,37.0,1554.0,46.25,33.625,1552.5,49.0,34.515151515151516,1691.2424242424242,pg1_4,1
1.0637543366102054,0.5,8.0,1.5782339955394178,7.657368738228426,10.138644580685723,37.5,24.5,440.0,419.0,65.77319587628865,45.843414608668176,34.0,187.0,152.0,61.24742268041237,25.04389174980559,37.0,96.0,59.0,5015.6082474226805,5175.001484250399,1258.0,17952.0,16657.0,0.9609906217171735,0.05504380126907006,0.693732755222704,35.28125,38.03125,1342.15625,39.1875,51.53125,2085.625,121.12121212121212,93.18181818181819,11418.939393939394,pg1_4,2
1.0433418780390127,1.0,3.8078865529319543,0.9986867504528264,14.993956695252429,4.735248053814185,55.0,21.0,314.5,359.5,55.90721649484536,26.793245215152933,36.0,147.0,111.0,87.1340206185567,49.71581690815244,36.0,156.0,120.0,5909.79381443299,5764.127362068547,1296.0,22932.0,21636.0,0.9637213749071964,0.03539535509514557,0.84,36.3125,37.59375,1366.5,46.6875,71.84375,3429.375,83.84848484848484,150.0,12720.666666666666,pg1_4,3
1.0561116861170987,1.0,3.3541019662496847,1.0404541186970069,17.541984618613018,8.604326534675165,47.5,35.0,180.0,351.5,95.03092783505154,68.99013131402745,38.0,233.0,195.0,53.50515463917526,25.603690017297506,36.0,124.0,85.0,6751.546391752578,8171.888440307876,1368.0,28304.0,26825.0,0.9656340761101757,0.034276388469683075,0.8560975609756097,39.0625,36.3125,1418.90625,60.96875,41.09375,2558.0625,182.33333333333334,82.21212121212122,15989.0,pg1_4,4
0.036458333333333336,0.0,1.0,0.14868856691271037,0.0,0.6076355475584072,0.0,3.5,268.0,244.0,44.0,0.0,44.0,44.0,0.0,35.95876288659794,0.19883816002047328,35.0,36.0,-1.0,1582.1855670103093,8.748879040900825,1540.0,1584.0,-44.0,0.9979901776776776,0.00815991499226512,0.9459459459459459,44.0,35.9375,1581.25,44.0,35.96875,1582.625,44.0,35.96969696969697,1582.6666666666667,pg1_4,5
0.06770833333333333,0.0,0.5,0.17108403860059213,0.447831064514917,0.7638263924381633,1.0,2.5,219.0,205.0,35.98969072164948,0.10100988630033723,35.0,36.0,0.0,41.8041237113402,1.6846130532958243,41.0,46.0,5.0,1504.5257731958764,60.988268735644894,1435.0,1656.0,180.0,0.995808891189326,0.01343991690837217,0.8913043478260869,35.96875,41.25,1483.71875,36.0,41.15625,1481.625,36.0,42.96969696969697,1546.909090909091,pg1_4,6
0.05639805794138641,0.0,1.4142135623730951,0.22113930540221324,0.5072542103151564,0.6742141932677301,2.0,2.0,155.0,199.5,42.05154639175258,0.22110938752089912,42.0,43.0,0.0,39.01030927835052,0.10100988630033723,39.0,40.0,0.0,1640.4432989690722,9.519344463444439,1638.0,1680.0,0.0,0.9969828835810525,0.012554574147190346,0.9068684516880093,42.0,39.0,1638.0,42.15625,39.0,1644.09375,42.0,39.03030303030303,1639.2727272727273,pg1_4,7
1.0815757318172607,1.0590169943749475,9.12414379544733,1.289777992399192,18.0002597966632,13.551549332778794,55.5,56.5,374.5,220.5,86.12371134020619,57.24810494895506,39.0,224.0,185.0,64.37113402061856,41.81927725655226,32.0,181.0,147.0,7914.701030927835,10016.077207268208,1248.0,40544.0,39218.0,0.9578686045743421,0.05622436459193386,0.5421686746987951,39.1875,33.5625,1314.9375,59.125,42.78125,2729.3125,157.8181818181818,115.18181818181819,19342.727272727272,pg1_4,8
0.2160913113081404,0.0,3.2015621187164243,0.4761743852593589,2.2426531248902677,2.183657500793961,8.5,8.5,286.5,155.5,41.58762886597938,5.265629806995683,37.0,57.0,20.0,45.44329896907217,6.8443205022428355,39.0,66.0,27.0,1925.7113402061855,577.7172454104132,1443.0,3762.0,2319.0,0.9886047392461562,0.02695895341646263,0.8,37.0,39.0,1443.0,41.0625,45.0625,1853.28125,46.54545454545455,52.06060606060606,2464.030303030303,pg1_4,9
0.050028912893041615,0.0,1.8027756377319946,0.2502024670969636,0.850249880433619,0.7964543064212949,2.0,2.0,343.0,151.0,42.90721649484536,1.7115886045040511,40.0,44.0,3.0,38.4639175257732,1.5929086128425902,36.0,40.0,4.0,1652.9278350515465,129.56423773339887,1440.0,1760.0,284.0,0.9972549591668701,0.014532205779433194,0.8812729498164015,40.6875,36.4375,1483.5625,44.0,38.90625,1711.875,44.0,40.0,1760.0,pg1_5,0
0.010416666666666666,0.0,0.5,0.07141306875417755,0.0,0.4130149613197964,0.0,1.0,273.5,185.0,39.0,0.0,39.0,39.0,0.0,38.09278350515464,0.29012880988598533,38.0,39.0,0.0,1485.618556701031,11.315023585553428,1482.0,1521.0,0.0,0.9994658119658121,0.0036622086540603893,0.9743589743589743,39.0,38.28125,1492.96875,39.0,38.0,1482.0,39.0,38.0,1482.0,pg1_5,1
0.036458333333333336,0.0,3.5,0.3553518771544935,0.35353460205118037,0.0,3.5,0.0,300.0,235.5,38.98969072164948,0.10100988630033723,38.0,39.0,1.0,37.0,0.0,37.0,37.0,0.0,1442.618556701031,3.737365793112478,1406.0,1443.0,37.0,0.998263888888889,0.01692151795973778,0.8333333333333334,38.96875,37.0,1441.84375,39.0,37.0,1443.0,39.0,37.0,1443.0,pg1_5,2
0.03168105484530322,0.0,3.0413812651491097,0.30878872620378406,0.30302965890101186,0.05050494315016862,3.0,0.5,457.0,297.0,36.0,0.0,36.0,36.0,0.0,42.01030927835052,0.10100988630033723,42.0,43.0,-1.0,1512.3711340206185,3.6363559068121396,1512.0,1548.0,-36.0,0.9982078853046595,0.017467373377793836,0.8279569892473119,36.0,42.03125,1513.125,36.0,42.0,1512.0,36.0,42.0,1512.0,pg1_5,3
0.02206285404947807,0.0,1.118033988749895,0.1332005898555187,0.3765357189226738,0.2750858569922956,1.5,1.0,219.5,389.0,36.71134020618557,0.453139401563627,36.0,37.0,-1.0,36.0,0.0,36.0,36.0,0.0,1321.6082474226805,16.313018456290575,1296.0,1332.0,-36.0,0.9986145685158844,0.008844338468242178,0.9210526315789473,36.46875,36.0,1312.875,37.0,36.0,1332.0,36.666666666666664,36.0,1320.0,pg1_5,4
1.4958160917839376,1.266123775561495,4.527692569068709,1.2074132347958701,27.082720478907454,13.130190494956269,98.5,46.0,380.0,492.0,97.9381443298969,64.22139773045582,40.0,263.0,223.0,84.0,53.825797670311964,33.0,180.0,146.0,11608.19587628866,13581.332316739583,1320.0,47077.0,45757.0,0.9541460359651387,0.04699370564727999,0.7549019607843137,44.65625,35.59375,1598.8125,70.53125,61.375,4720.9375,176.1818181818182,152.87878787878788,27992.81818181818,pg1_5,5
1.0524377657036255,0.5,3.5,1.0785212481236026,2.511065954249621,21.480953012653092,9.5,80.0,478.0,411.0,48.824742268041234,9.482496418962471,40.0,70.0,30.0,82.52577319587628,61.97906077795655,39.0,254.0,212.0,4593.474226804124,4526.49779754629,1600.0,17780.0,16100.0,0.9667677411626853,0.03682207659728853,0.8519003931847968,40.78125,41.6875,1700.25,45.3125,46.40625,2124.875,60.03030303030303,157.15151515151516,9792.818181818182,pg1_5,6
1.1230991139437967,0.7071067811865476,6.800735254367722,1.3526988628634211,10.702689421168799,17.661767693203217,43.5,70.5,360.0,437.5,86.47422680412372,54.86498757418588,41.0,202.0,159.0,66.62886597938144,35.77170441645641,41.0,177.0,132.0,7629.639175257732,8922.109974416293,1681.0,35754.0,33819.0,0.9605481400185899,0.03651256344819311,0.8334159643034209,43.71875,43.3125,1893.9375,55.75,47.09375,2666.3125,157.72727272727272,108.18181818181819,18004.454545454544,pg1_5,7
0.9958957230205258,1.118033988749895,4.031128874149275,0.884097963389479,15.322312130253016,11.82547926410168,58.5,32.5,196.0,326.0,66.52577319587628,33.192376712505066,43.0,161.0,118.0,72.23711340206185,32.623365605346876,37.0,116.0,79.0,5615.6082474226805,5045.2881101648845,1591.0,18676.0,17085.0,0.9661310886752906,0.03875916660267697,0.7767780634104542,45.0,38.65625,1740.0,50.3125,65.96875,3331.78125,103.12121212121212,110.87878787878788,11588.39393939394,pg1_5,8
0.7332977715429853,0.5,4.6097722286464435,0.8330937591792565,17.52290455601106,8.131034430225712,57.0,31.5,430.5,210.5,57.350515463917525,30.008260456257467,33.0,133.0,100.0,52.98969072164948,17.865762248756393,36.0,103.0,67.0,3568.907216494845,3268.6113545766666,1188.0,13699.0,12511.0,0.9714011976989806,0.030675309973423562,0.8567119155354449,34.71875,38.46875,1336.125,41.90625,45.90625,1963.34375,94.27272727272727,73.93939393939394,7290.939393939394,pg1_5,9
1.1454495152321924,1.0,8.48528137423857,1.2302301578922819,17.495604719591665,20.392035324778195,52.5,65.5,506.0,411.0,80.5979381443299,43.2777316596471,40.0,161.0,121.0,82.89690721649484,66.03692883391939,35.0,245.0,210.0,9443.556701030928,11732.4746829017,1400.0,39445.0,38045.0,0.9547491265111504,0.051499064016361354,0.5589123867069486,42.125,35.75,1507.0,62.5,47.125,3156.0,135.45454545454547,163.3030303030303,23236.636363636364,pg1_6,0
0.03370904143228948,0.0,2.23606797749979,0.247716976660293,0.20201977260067447,0.10100988630033723,2.0,1.0,382.0,441.0,38.0,0.0,38.0,38.0,0.0,40.0,0.0,40.0,40.0,0.0,1520.0,0.0,1520.0,1520.0,0.0,0.9980146898045997,0.015176404094954217,0.8581907090464548,38.0,40.0,1520.0,38.0,40.0,1520.0,38.0,40.0,1520.0,pg1_6,1
0.005208333333333333,0.0,0.5,0.05076455387921335,0.0,0.1520400124098209,0.0,0.5,275.0,398.5,36.0,0.0,36.0,36.0,0.0,42.103092783505154,0.3040800248196418,42.0,43.0,-1.0,1515.7113402061855,10.9468808935071,1512.0,1548.0,-36.0,0.9997577519379846,0.0023611420408936497,0.9767441860465116,36.0,42.3125,1523.25,36.0,42.0,1512.0,36.0,42.0,1512.0,pg1_6,2
0.0,0.0,0.0,0.0,0.0,0.0,0.0,0.0,330.0,293.5,36.0,0.0,36.0,36.0,0.0,33.0,0.0,33.0,33.0,0.0,1188.0,0.0,1188.0,1188.0,0.0,1.0,0.0,1.0,36.0,33.0,1188.0,36.0,33.0,1188.0,36.0,33.0,1188.0,pg1_6,3
0.13964874583354825,0.0,1.5811388300841898,0.2772226441937666,1.9817291704054303,2.1466086226930345,5.0,7.0,227.5,298.0,48.20618556701031,1.323367652977179,46.0,50.0,2.0,38.4639175257732,1.937486179106558,35.0,40.0,3.0,1856.5876288659795,139.62259532506033,1610.0,2000.0,221.0,0.9928655064479978,0.01559182176280542,0.9014557670772676,46.46875,36.09375,1678.1875,49.125,39.5,1940.59375,49.0,39.75757575757576,1948.121212121212,pg1_6,4
0.9174475099433436,0.7071067811865476,2.692582403567252,0.8474584944598124,3.1496321695872025,18.59233548772984,10.0,69.0,181.0,457.5,42.175257731958766,6.594296675530639,34.0,54.0,16.0,75.68041237113403,49.94771418600925,36.0,207.0,171.0,3415.0103092783506,2554.6688953447906,1224.0,10350.0,9126.0,0.9710070821168485,0.02704955442696449,0.825,34.53125,37.5625,1297.6875,42.9375,51.03125,2245.84375,48.84848484848485,136.54545454545453,6601.909090909091,pg1_6,5
1.2818800552675986,1.4142135623730951,4.47213595499958,1.1399525679783664,17.136859776929242,13.79202483267103,51.5,62.0,497.0,317.5,94.17525773195877,60.048435829354716,36.0,190.0,149.0,72.35051546391753,39.2961374343595,36.0,193.0,157.0,8990.103092783505,9546.598946917662,1296.0,35705.0,34409.0,0.9591091735223163,0.03263072795357293,0.8487874465049928,37.3125,39.78125,1485.625,72.3125,57.78125,4559.1875,170.5151515151515,118.06060606060606,20563.81818181818,pg1_6,6
0.7149411978920255,0.5,14.705441169852742,1.560183189102073,5.975816569742129,5.205527160571681,30.5,24.5,409.0,183.5,54.43298969072165,24.072445306210838,35.0,111.0,74.0,55.7319587628866,14.334383336850737,39.0,102.0,63.0,3362.742268041237,2494.8898836446433,1365.0,11118.0,9753.0,0.9702965668344284,0.055979491867303874,0.48901673640167365,36.1875,42.90625,1555.84375,41.71875,52.3125,2212.90625,84.45454545454545,71.48484848484848,6229.878787878788,pg1_6,7
0.8043634268918826,0.5,3.2015621187164243,0.9249884562227866,8.784627366479643,13.794536757010908,37.0,49.0,350.0,233.0,50.68041237113402,19.05096062829583,39.0,114.0,75.0,64.77319587628865,42.43041730252941,36.0,168.0,132.0,4061.40206185567,4584.585820728478,1404.0,19152.0,17748.0,0.9674848110518653,0.03462660895131342,0.8800773694390716,39.96875,36.0,1438.875,40.53125,39.8125,1617.03125,70.9090909090909,116.87878787878788,8974.757575757576,pg1_6,8
1.3713978769236432,1.118033988749895,10.700467279516348,1.5290578351289803,18.75236478515721,26.992456916044983,62.5,88.0,266.0,299.0,92.74226804123711,63.5456290888625,40.0,230.0,189.0,80.52577319587628,54.058977488319,34.0,212.0,173.0,10876.247422680412,13541.434291870639,1360.0,48760.0,47161.0,0.9582391219497476,0.049287248707750864,0.6788712686567164,41.59375,36.46875,1516.46875,60.375,56.34375,3751.5,173.72727272727272,146.6969696969697,26861.242424242424,pg1_6,9
1.1442495165034396,1.118033988749895,3.5355339059327378,1.1101169806143456,25.716083111515317,7.923158300419219,86.5,22.0,395.5,515.5,77.35051546391753,56.76394260573052,33.0,221.0,188.0,56.06185567010309,21.155689168291218,37.0,95.0,58.0,5470.8247422680415,5767.291692304984,1221.0,20995.0,19774.0,0.9639085280066352,0.04092416534260346,0.7445121951219512,33.21875,37.125,1234.09375,50.1875,46.3125,2414.71875,146.4848484848485,83.87878787878788,12542.666666666666,pg1_7,0
0.1651811283443691,0.0,2.5,0.39038787742305864,1.0627060952454968,1.8331972561150707,3.5,7.5,464.5,398.5,41.68041237113402,2.3487061222100025,39.0,49.0,10.0,48.52577319587629,2.8104839936311325,45.0,58.0,13.0,2028.9690721649486,236.70345332644575,1755.0,2842.0,1087.0,0.9920622367866462,0.02175029909365595,0.849478390461997,39.5,45.75,1808.25,41.53125,48.65625,2020.96875,43.93939393939394,51.09090909090909,2250.757575757576,pg1_7,1
0.046875,0.0,2.0,0.24020526161667094,0.746088393099491,0.20201977260067447,2.0,2.0,390.5,365.0,39.36082474226804,0.7206178192701564,39.0,42.0,3.0,42.0,0.0,42.0,42.0,0.0,1653.1546391752577,30.265948409346574,1638.0,1764.0,126.0,0.9977696993893641,0.011214626383957713,0.9090909090909091,39.0,42.0,1638.0,39.0,42.0,1638.0,40.06060606060606,42.0,1682.5454545454545,pg1_7,2
0.7870910210076468,0.5,2.5495097567963922,0.7757846939169442,9.153768417769117,7.454706111842645,29.0,21.5,253.5,382.0,87.05154639175258,55.26475566993992,41.0,221.0,180.0,54.96907216494845,25.571590876671404,34.0,119.0,85.0,6186.876288659794,6695.50526300768,1394.0,26299.0,24905.0,0.9668980936164221,0.030843329587267827,0.8314321926489227,42.03125,34.21875,1438.625,61.71875,41.90625,2711.375,155.27272727272728,87.75757575757575,14161.424242424242,pg1_7,3
0.6991083549603939,0.5,4.123105625617661,0.7557402605114439,12.042658085906371,2.769504690986018,44.5,9.0,197.5,355.0,61.09278350515464,33.497217140676405,36.0,153.0,114.0,46.0,7.495703236542204,37.0,67.0,29.0,3029.5257731958764,2238.214932571778,1443.0,10251.0,8769.0,0.9724873238026883,0.03428662088353511,0.7902230659705742,38.5,38.0,1461.3125,41.3125,45.71875,1900.15625,102.18181818181819,54.03030303030303,5645.363636363636,pg1_7,4
1.184648030666189,0.8535533905932737,4.6097722286464435,1.102905576241859,25.3534615494844,12.305031732201753,82.0,44.0,401.0,309.0,93.18556701030928,57.14465816362246,44.0,224.0,178.0,73.20618556701031,42.34783265777513,35.0,172.0,136.0,9207.701030927836,10471.55757294019,1540.0,38528.0,36872.0,0.9563606851929514,0.03565108579929754,0.840452907874421,45.75,35.96875,1645.65625,66.6875,58.34375,4162.53125,164.87878787878788,123.72727272727273,21432.878787878788,pg1_7,5
0.7857884197743368,0.0,11.704699910719626,1.6329086704452327,7.907576034514645,3.803844316842977,30.5,19.5,406.0,259.5,48.01030927835052,13.054599730790333,40.0,93.0,53.0,40.02061855670103,13.463949100861287,32.0,72.0,40.0,2088.6907216494847,1441.7748609639877,1280.0,6696.0,5416.0,0.964344502952836,0.07301439769096897,0.45704162976085033,40.0,32.0,1280.0,42.34375,33.34375,1414.90625,61.27272727272727,54.27272727272727,3526.242424242424,pg1_7,6
0.9051807807501792,0.5,2.9154759474226504,0.9700847493014014,9.23933952372856,9.841814010016575,35.5,49.0,230.0,293.5,70.25773195876289,37.492893718571146,41.0,158.0,117.0,55.23711340206186,28.91001795328576,35.0,149.0,113.0,4918.237113402062,5566.410025558953,1476.0,23542.0,22066.0,0.9615580147409171,0.03374230815947352,0.8726084927671488,41.84375,37.03125,1549.75,50.25,40.28125,2047.03125,117.21212121212122,87.39393939393939,10968.848484848484,pg1_7,7
0.9258658321614419,0.5,4.031128874149275,0.9068957827865342,10.860583765717722,17.80846746479254,43.0,56.0,376.0,182.0,49.27835051546392,21.721167531435444,36.0,122.0,86.0,76.84536082474227,42.881361198915634,41.0,166.0,115.0,4660.587628865979,4868.988363676807,1476.0,19154.0,17642.0,0.9711826568479531,0.026009250942044218,0.9140782122905028,36.0,41.90625,1508.625,37.65625,55.1875,2096.125,73.42424242424242,131.72727272727272,10203.787878787878,pg1_7,8
0.9038567811721725,1.118033988749895,4.47213595499958,0.8264641063767255,18.41182131687371,5.00910001952775,57.5,22.0,254.0,178.5,79.22680412371135,40.000130194282754,45.0,166.0,120.0,45.44329896907217,13.239248952570657,35.0,81.0,42.0,4112.525773195876,3439.1102064665415,1645.0,13446.0,11652.0,0.9669710897466001,0.04048224033002177,0.7416267942583732,46.34375,37.40625,1732.625,59.65625,37.34375,2257.03125,130.0909090909091,61.09090909090909,8219.575757575758,pg1_7,9
0.17602884985633896,0.0,3.0413812651491097,0.4509865231004741,1.49726075743226,1.3902435499873511,5.5,4.5,319.5,317.0,43.03092783505155,1.1705458084319387,39.0,44.0,5.0,41.58762886597938,3.161470939520843,36.0,46.0,3.0,1789.0824742268042,137.75539880176328,1404.0,1978.0,312.0,0.9891269932088799,0.03129332186674364,0.8085106382978723,42.15625,43.8125,1850.3125,43.34375,41.96875,1817.5625,43.57575757575758,39.06060606060606,1702.090909090909,pg1_8,0
0.7781233496101683,0.5,7.810249675906654,1.1290404714290738,10.169218692767958,9.935743175728396,38.5,37.5,220.0,396.5,66.5360824742268,35.128060817784124,40.0,163.0,122.0,58.4639175257732,33.54518782016439,38.0,153.0,114.0,5018.556701030928,5913.766394476069,1558.0,24939.0,23340.0,0.9628150862168643,0.051016569849315005,0.5885947046843177,40.0625,39.15625,1568.6875,48.4375,39.84375,1945.46875,109.75757575757575,95.24242424242425,11343.848484848484,pg1_8,1
0.052083333333333336,0.0,2.0,0.24451447071469798,0.25968333438783503,0.2650507243748957,2.0,1.5,149.5,282.5,39.96907216494845,0.17312222292522342,39.0,40.0,1.0,45.76288659793814,0.9500211161656307,41.0,46.0,5.0,1829.2371134020618,44.133063369646145,1599.0,1840.0,241.0,0.9970683751981749,0.014072393565795474,0.9024390243902439,39.90625,45.28125,1807.375,40.0,46.0,1840.0,40.0,46.0,1840.0,pg1_8,2
0.03755782578608322,0.0,3.605551275463989,0.36606840397511636,0.30302965890101186,0.20201977260067447,3.0,2.0,215.0,113.5,38.0,0.0,38.0,38.0,0.0,35.0,0.0,35.0,35.0,0.0,1330.0,0.0,1330.0,1330.0,0.0,0.997577519379845,0.023611420408936434,0.7674418604651163,38.0,35.0,1330.0,38.0,35.0,1330.0,38.0,35.0,1330.0,pg1_8,3
0.13705056509887895,0.0,0.7071067811865476,0.2488901550337912,0.5380613752865933,0.8481535464193685,2.5,3.0,231.0,225.5,40.08247422680412,2.3492490710415,35.0,44.0,9.0,45.1958762886598,3.203217375031831,37.0,49.0,12.0,1817.8659793814434,223.16466246822387,1295.0,2156.0,861.0,0.9923722002238394,0.01496507781387445,0.9466374269005848,37.65625,40.96875,1543.125,39.65625,46.625,1849.71875,42.84848484848485,47.90909090909091,2053.3939393939395,pg1_8,4
0.20044417382415922,0.0,2.1213203435596424,0.33296215978188404,4.524381581600897,0.7415517735403895,13.0,2.5,279.5,463.0,41.70103092783505,4.442449747822711,35.0,51.0,16.0,44.18556701030928,1.7953542389867696,42.0,49.0,6.0,1849.4226804123712,268.59469466291176,1470.0,2499.0,994.0,0.9896858384475191,0.019644306621707845,0.8714574898785425,36.5625,42.78125,1563.75,41.75,43.46875,1815.15625,46.63636363636363,46.24242424242424,2159.6666666666665,pg1_8,5
1.2930863097132526,1.5811388300841898,3.0413812651491097,1.038233016057649,14.299816385006991,34.20933832714328,42.5,110.5,347.5,208.0,62.23711340206186,29.55469268506762,35.0,123.0,87.0,102.44329896907216,69.27934921960556,41.0,264.0,223.0,8419.536082474227,9182.267652295308,1435.0,32208.0,30773.0,0.9668963720549373,0.02448911688330942,0.9065066329753633,36.25,43.1875,1567.375,49.75,72.3125,3816.0,99.54545454545455,189.12121212121212,19528.090909090908,pg1_8,6
0.6962314721878532,0.7071067811865476,3.1622776601683795,0.7013018160072985,6.50231120563955,3.087985969745713,25.0,16.0,454.5,225.0,52.123711340206185,25.54448625395569,33.0,134.0,101.0,53.08247422680412,16.01524409313632,39.0,90.0,50.0,3166.278350515464,2765.5003489880364,1287.0,12060.0,10740.0,0.9579566238691052,0.03546112296133545,0.8813928182807399,34.28125,40.40625,1386.6875,40.375,45.8125,1854.0625,80.81818181818181,72.42424242424242,6164.393939393939,pg1_8,7
0.005208333333333333,0.0,0.5,0.05076455387921335,0.23508771651528618,0.0,0.5,0.0,306.5,249.0,38.670103092783506,0.47017543303057235,38.0,39.0,1.0,42.0,0.0,42.0,42.0,0.0,1624.1443298969073,19.74736818728404,1596.0,1638.0,42.0,0.999732905982906,0.0026033104553442763,0.9743589743589743,38.0,42.0,1596.0,39.0,42.0,1638.0,39.0,42.0,1638.0,pg1_8,8
0.08151188302017127,0.0,1.118033988749895,0.20696613151231433,0.49992028273007555,0.6514452485764775,1.5,3.0,366.0,404.0,44.98969072164948,3.6083946950799217,39.0,50.0,11.0,41.381443298969074,1.1437260411017456,40.0,43.0,-2.0,1858.5979381443299,115.35151653481967,1599.0,2009.0,362.0,0.9950407418867959,0.015393807509999186,0.8898534997287032,40.65625,42.71875,1737.15625,45.1875,40.84375,1845.125,49.0,40.60606060606061,1989.4242424242425,pg1_8,9
0.7727716562851276,0.5,3.2015621187164243,0.8775029727826229,18.684239554696166,6.494620352836161,53.5,24.5,501.0,258.5,74.81443298969072,37.78488485687856,47.0,156.0,107.0,65.6082474226804,35.00855762863919,39.0,140.0,100.0,6229.587628865979,6611.150296455314,1833.0,21840.0,19880.0,0.9723724993943064,0.03009845709068201,0.9067028985507246,47.75,39.8125,1901.1875,53.625,46.5,2526.59375,121.60606060606061,109.15151515151516,14017.60606060606,pg1_9,0
0.4910817013892311,0.5,1.8027756377319946,0.5361759001428463,6.30746722876622,3.8637313051319944,19.5,11.0,236.0,184.0,51.350515463917525,10.948841898098387,39.0,86.0,44.0,53.81443298969072,12.429869160973162,40.0,77.0,37.0,2888.1237113402062,1293.3004551030401,1640.0,6622.0,4942.0,0.9777164836712074,0.027894292621219407,0.8313953488372093,42.875,41.3125,1772.46875,46.96875,50.8125,2419.65625,63.81818181818182,68.84848484848484,4424.242424242424,pg1_9,1
0.23657802382613666,0.0,2.5,0.44343545788444405,2.2822888944025075,1.1158335420527499,9.0,4.5,390.0,205.5,39.30927835051546,2.1267119228831537,36.0,42.0,5.0,39.350515463917525,1.8724328796878478,36.0,42.0,6.0,1549.8865979381444,144.78586223405574,1296.0,1722.0,426.0,0.984837020494039,0.030762551573522107,0.8121951219512196,36.875,37.53125,1386.28125,39.9375,41.0,1637.96875,41.06060606060606,39.515151515151516,1623.121212121212,pg1_9,2
0.11665805019618837,0.0,4.5,0.5370979730531078,2.5211402913331242,0.703112434347633,7.5,1.5,204.5,355.5,43.391752577319586,1.53687795081107,42.0,46.0,-3.0,40.43298969072165,1.4062248686952659,39.0,42.0,3.0,1752.4948453608247,25.523841173989776,1638.0,1800.0,9.0,0.9945761308527205,0.023661936243358012,0.8125,45.09375,39.03125,1760.0625,43.125,40.21875,1733.0625,42.0,42.0,1764.0,pg1_9,3
0.5951901334640978,0.0,9.192388155425117,1.1636503075925873,9.848275058518029,2.3159536253131052,31.0,11.5,382.5,528.5,50.77319587628866,7.5784626390806835,43.0,73.0,27.0,54.68041237113402,26.092834420150158,38.0,124.0,85.0,2948.4845360824743,2007.5052174812586,1634.0,9052.0,7258.0,0.9709391882058993,0.057642871509120376,0.5637377963737796,50.09375,40.84375,2046.53125,45.28125,39.34375,1785.3125,56.75757575757576,82.96969696969697,4951.030303030303,pg1_9,4
0.756590219410222,0.5,2.23606797749979,0.7019084032546261,3.5578587686924172,2.632320350221016,16.0,10.0,508.5,379.5,90.43298969072166,47.25188202579105,48.0,183.0,134.0,51.7319587628866,14.634034235948679,37.0,78.0,35.0,5338.886597938144,4106.839841287378,1813.0,13359.0,11497.0,0.9697654741309645,0.028737143680156202,0.8539325842696629,50.28125,39.53125,1988.125,68.46875,44.0,3137.59375,150.66666666666666,71.06060606060606,10722.69696969697,pg1_9,5
1.0445523381627064,0.5,7.3824115301167,1.2468936386765939,18.703250075768857,11.857727297985809,71.0,36.5,459.5,403.5,75.68041237113403,35.05505137115154,51.0,187.0,136.0,73.11340206185567,46.91995295535995,37.0,175.0,138.0,7113.639175257732,8136.944734485637,1887.0,32725.0,30838.0,0.968244726307204,0.03452513619550305,0.8078495502861816,52.0625,37.75,1965.34375,58.53125,47.03125,2834.28125,115.21212121212122,132.6969696969697,16255.60606060606,pg1_9,6
0.8730350555829397,0.7071067811865476,2.9154759474226504,0.8265121243655736,9.001239862164699,10.779843063495363,30.5,44.5,309.5,275.5,61.90721649484536,20.038150455952717,43.0,109.0,57.0,52.50515463917526,25.153599775720327,36.0,135.0,96.0,3724.360824742268,3316.7614597896118,1548.0,14715.0,12687.0,0.9653719731268842,0.03105662829612371,0.7987616099071208,47.3125,37.6875,1785.15625,50.875,40.09375,2054.875,86.75757575757575,78.9090909090909,7223.69696969697,pg1_9,7
0.820718068923144,0.6035533905932737,6.800735254367722,1.0274183753514108,12.203083246743978,5.788909946766465,44.5,28.5,318.0,358.0,66.88659793814433,20.751289259989324,50.0,125.0,75.0,56.48453608247423,16.170555781089178,44.0,112.0,67.0,4100.587628865979,2776.502482645318,2200.0,14000.0,11675.0,0.9702005237992181,0.033039652439084986,0.8440714285714286,51.125,45.03125,2302.5625,56.75,50.65625,2874.4375,92.0,73.24242424242425,7033.121212121212,pg1_9,8
0.5896953681785598,0.5,5.0,0.8454344284146187,4.182055049904219,3.615787409207764,20.5,20.0,377.5,324.0,62.98969072164948,27.497514356403848,45.0,134.0,89.0,57.50515463917526,26.929891303060312,39.0,134.0,95.0,4359.257731958763,4329.914847090965,1755.0,17956.0,16201.0,0.9696238929788853,0.03970435257291598,0.7667469879518072,45.0,39.0,1755.0,47.65625,42.625,2039.375,95.3030303030303,89.87878787878788,9134.181818181818,pg1_9,9
0.6925351902759932,0.5,12.165525060596439,1.3880363864933059,5.747868782095565,6.319617059853098,21.0,23.5,368.0,511.5,44.98969072164948,9.560976145394386,35.0,64.0,28.0,56.4639175257732,21.708025906947483,37.0,107.0,70.0,2742.536082474227,1686.9848663872788,1330.0,6848.0,5516.0,0.9717080805479478,0.05506715076284539,0.5625,35.96875,39.0625,1405.59375,41.59375,45.8125,1915.96875,57.03030303030303,83.66666666666667,4840.484848484848,pg2_1,0
0.08150578458684124,0.0,6.324555320336759,0.6464023311727382,0.5874027418066269,0.20201977260067447,6.0,2.0,454.5,409.0,43.670103092783506,0.7560293656618189,41.0,44.0,3.0,36.0,0.0,36.0,36.0,0.0,1572.1237113402062,27.217057163825476,1476.0,1584.0,108.0,0.9958914196717515,0.03313310993186195,0.6753688989784336,43.0,36.0,1548.0,44.0,36.0,1584.0,44.0,36.0,1584.0,pg2_1,1
0.21969617343440165,0.0,7.0710678118654755,0.815644075589928,0.930408801432453,2.2230304029861356,7.0,8.0,351.5,377.5,42.608247422680414,1.8419885099372308,39.0,45.0,6.0,42.56701030927835,2.9598941764826985,39.0,49.0,10.0,1818.4948453608247,200.18677483487895,1521.0,2205.0,684.0,0.9889110441577587,0.04116201969597157,0.6659364731653888,40.625,40.09375,1629.78125,42.53125,41.21875,1753.25,44.60606060606061,46.27272727272727,2064.757575757576,pg2_1,2
0.4894135279541178,0.5,6.082762530298219,0.7395490058061313,1.8285678344596716,6.671732142245539,11.5,17.5,407.0,301.5,48.97938144329897,12.218778332848357,37.0,77.0,39.0,51.144329896907216,20.13766522299534,32.0,88.0,55.0,2746.278350515464,1800.3749079341583,1248.0,6776.0,5522.0,0.9688138807662819,0.04561530932255788,0.6900269541778976,38.78125,35.375,1373.5,43.75,39.84375,1779.65625,63.93939393939394,77.39393939393939,5014.787878787879,pg2_1,3
0.22522208691207965,0.0,5.0,0.5940714139733547,0.8196038382628437,1.4548689422312158,7.0,6.5,540.5,295.5,40.391752577319586,1.089374179853034,37.0,41.0,0.0,47.597938144329895,6.7742078987854875,44.0,70.0,25.0,1921.4639175257732,271.34134404236084,1665.0,2870.0,1025.0,0.9888822760034713,0.02855135570712089,0.782608695652174,41.0,44.375,1819.375,41.0,44.0,1804.0,39.21212121212121,54.21212121212121,2134.3636363636365,pg2_1,4
0.17819870957363274,0.0,6.082762530298219,0.6937334165510735,0.8527150563767862,1.1095532944053343,8.5,5.5,458.5,208.0,47.350515463917525,2.720829304721443,45.0,56.0,11.0,36.608247422680414,0.6969255167486833,33.0,37.0,0.0,1732.5051546391753,86.67299888844445,1620.0,2016.0,396.0,0.9894571320079361,0.03744749770498481,0.728,45.4375,36.46875,1657.28125,46.8125,37.0,1732.0625,49.72727272727273,36.36363636363637,1805.878787878788,pg2_1,5
0.6613806389785585,0.5,5.522680508593631,0.8338993646623756,2.1838765101888664,7.613107156340215,9.0,36.5,340.5,181.0,46.70103092783505,9.315949020560527,35.0,66.0,31.0,55.24742268041237,21.372026677066888,39.0,123.0,84.0,2745.7113402061855,1665.7716391477331,1365.0,8118.0,6753.0,0.9746338980480506,0.035847923976949844,0.7155963302752294,36.84375,42.28125,1560.28125,45.1875,44.4375,2015.71875,57.72727272727273,78.3030303030303,4603.090909090909,pg2_1,6
0.7045695743699795,0.5,6.96419413859206,0.9176728074530556,9.20163300464507,4.341516074343816,43.0,18.5,243.0,274.0,61.54639175257732,21.15384034182339,44.0,128.0,82.0,53.144329896907216,18.915432902012828,36.0,96.0,58.0,3657.8041237113403,2790.827625977846,1584.0,12288.0,10540.0,0.9727463526179042,0.039165224413396184,0.66650390625,45.5625,37.5,1710.0625,53.75,44.625,2411.125,84.60606060606061,76.57575757575758,6755.424242424242,pg2_1,7
0.7292628320367415,0.5,10.124228365658293,1.3870489856080852,3.726465456372066,3.2918576702271096,25.0,11.5,227.5,354.0,57.649484536082475,17.03183268108764,39.0,93.0,54.0,72.63917525773196,35.69925511568337,39.0,139.0,97.0,4775.474226804124,3591.0871141907537,1599.0,12927.0,11235.0,0.9664592575674722,0.04115088319520831,0.7563754747693977,39.25,41.21875,1617.84375,54.28125,57.15625,3186.65625,78.75757575757575,118.12121212121212,9378.09090909091,pg2_1,8
0.9874463625491883,1.118033988749895,5.522680508593631,0.8773490455656996,15.90317378190747,8.385620495698873,62.5,30.5,268.0,458.5,75.18556701030928,43.18656002677848,36.0,175.0,139.0,58.76288659793814,17.75652817130872,42.0,105.0,63.0,5174.79381443299,4628.798011325668,1512.0,18375.0,16863.0,0.9650155828471899,0.03747347209119339,0.7229317046085508,39.78125,43.34375,1724.375,54.34375,52.375,2924.78125,129.72727272727272,79.9090909090909,10702.484848484848,pg2_1,9
0.0705032867564873,0.0,3.3541019662496847,0.3647603595374173,0.4822825418851986,0.7389674613384505,4.0,2.0,177.0,232.5,48.43298969072165,0.6076355475584072,48.0,50.0,-2.0,42.43298969072165,1.8771947511950744,41.0,47.0,-5.0,2056.226804123711,116.59636120603169,1968.0,2350.0,-332.0,0.9964560515086757,0.01820836310337067,0.834319526627219,49.1875,44.78125,2203.0625,48.125,41.5625,2000.375,48.0,41.0,1968.0,pg2_10,0
0.19791666666666666,0.0,7.5,0.7855437562959529,1.4941342069496586,1.6288659793814433,4.5,6.0,227.0,392.0,42.48453608247423,0.5940148573562034,42.0,44.0,-2.0,40.56701030927835,0.8956621290298338,39.0,43.0,-2.0,1723.8762886597938,58.79218296660306,1638.0,1849.0,-168.0,0.9904560945018616,0.039196825902150345,0.624,43.15625,41.625,1796.40625,42.3125,40.09375,1696.59375,42.0,40.0,1680.0,pg2_10,1
0.0812216325514169,0.0,5.5901699437494745,0.5761464337061798,0.5854998509476039,0.47607216037190997,5.5,1.5,242.5,225.5,40.06185567010309,0.24089322568140042,40.0,41.0,-1.0,44.577319587628864,0.9826856902921627,44.0,47.0,-3.0,1785.9484536082475,45.083741356747176,1760.0,1927.0,-167.0,0.9960346798423602,0.027669497690598607,0.7328174783796085,40.1875,45.75,1838.65625,40.0,44.0,1760.0,40.0,44.0,1760.0,pg2_10,2
0.23695441403143125,0.0,4.301162633521313,0.5011429659664871,1.2997256837552575,2.1766863926212987,5.0,6.0,225.5,306.5,51.50515463917526,1.669148257022658,49.0,55.0,6.0,39.90721649484536,1.6059327779052894,37.0,43.0,0.0,2054.639175257732,89.71572349715946,1850.0,2279.0,240.0,0.9872204167071228,0.028446052728685153,0.7727674624226348,50.15625,41.40625,2077.03125,50.875,39.5,2009.40625,53.42424242424242,38.84848484848485,2076.787878787879,pg2_10,3
0.5386154919100824,0.0,6.800735254367722,0.9690510918115344,6.897342534764734,4.5237237921433,31.5,13.0,325.0,252.0,42.63917525773196,6.690793131001888,38.0,69.0,27.0,54.381443298969074,10.996197373627608,44.0,86.0,41.0,2374.237113402062,925.3602672416866,1760.0,5934.0,3962.0,0.9756289252398987,0.04403635178694009,0.7077464788732394,41.4375,46.21875,1919.1875,40.28125,49.1875,1981.5625,46.09090909090909,67.33333333333333,3196.2727272727275,pg2_10,4
1.0829894547456054,1.118033988749895,3.3541019662496847,0.7210008143151782,23.828736722785052,5.22954847736161,77.0,16.0,311.0,181.0,93.20618556701031,56.23440230833679,42.0,214.0,172.0,58.91752577319588,10.559278035978043,46.0,86.0,36.0,6071.855670103093,4696.976094550315,1978.0,18404.0,16304.0,0.9664618773110204,0.029947444694764947,0.8293501048218029,43.3125,49.0,2123.21875,70.375,55.78125,4036.71875,163.72727272727272,71.57575757575758,11874.30303030303,pg2_10,5
1.1969335524673126,1.4142135623730951,3.5,1.127153525912943,21.42321248954748,11.168374834782687,61.5,55.5,514.5,260.0,84.55670103092784,54.58634870922823,40.0,187.0,147.0,63.134020618556704,30.455520673676382,42.0,166.0,121.0,6848.927835051546,7891.7125579867015,1722.0,31042.0,29242.0,0.9640253256693727,0.037851980928768236,0.8301734570391287,40.4375,44.78125,1810.71875,56.96875,47.46875,2749.25,154.0909090909091,96.12121212121212,15709.90909090909,pg2_10,6
0.5527023710609422,0.5,2.692582403567252,0.6647675701754305,11.82217590500662,4.0932249365933435,33.5,12.0,384.0,331.5,56.649484536082475,28.494905038205673,37.0,137.0,94.0,47.79381443298969,10.648980537170157,40.0,76.0,35.0,3003.5670103092784,2376.113563824345,1480.0,10412.0,8649.0,0.9712968594441466,0.03512063409570764,0.8435072142064373,42.03125,41.0,1723.28125,38.625,40.96875,1582.90625,88.3030303030303,61.0,5622.666666666667,pg2_10,7
0.9813692348231221,0.5,9.5,1.2376211421955212,6.540382012950936,6.024152507527197,30.0,26.5,422.5,400.0,57.74226804123711,18.31189031243776,42.0,115.0,71.0,48.70103092783505,14.494339420127005,31.0,80.0,45.0,3038.3505154639174,1882.6713366052484,1302.0,9200.0,7660.0,0.9566629368731266,0.06259686904183707,0.5386533665835411,43.75,33.65625,1473.5625,52.4375,47.3125,2538.9375,76.45454545454545,64.63636363636364,5040.0,pg2_10,8
0.36405370384515306,0.0,4.6097722286464435,0.5820816672798519,1.3485663120087954,2.2972579272869953,5.0,9.0,319.5,425.5,50.11340206185567,1.854925394669436,46.0,53.0,-4.0,42.329896907216494,2.7572646294461034,39.0,48.0,7.0,2118.041237113402,104.63839723442412,1886.0,2352.0,179.0,0.9805484163908692,0.030218109213559847,0.7621776504297995,51.21875,40.3125,2065.46875,51.09375,40.65625,2077.4375,48.09090909090909,45.90909090909091,2208.3939393939395,pg2_10,9
0.11220835284019548,0.0,4.272001872658765,0.45974734244606963,0.5506061935351169,0.9360745265115169,2.0,4.0,176.5,272.5,45.90721649484536,1.8671466418029303,44.0,48.0,-3.0,39.123711340206185,1.6883941736892152,38.0,43.0,-5.0,1797.9690721649486,135.54315732296214,1672.0,2064.0,-349.0,0.9946533122969305,0.02307251483204174,0.7830641641204714,47.71875,41.25,1967.96875,46.0625,38.15625,1757.875,44.0,38.0,1672.0,pg2_11,0
0.18604869454030393,0.0,4.242640687119285,0.4860238847970148,1.5436573763113806,0.9054281811972698,5.5,5.0,128.5,375.5,39.70103092783505,1.9327078832379367,37.0,42.0,-5.0,40.845360824742265,2.5295784506211194,37.0,46.0,5.0,1619.6907216494844,98.21104572063714,1406.0,1748.0,-20.0,0.9902328390844483,0.027451860226035758,0.7553516819571865,42.0,40.21875,1689.1875,38.875,38.5625,1498.09375,38.27272727272727,43.666666666666664,1670.2121212121212,pg2_11,1
0.29936827429489105,0.0,1.5,0.3665200808673819,4.684384526370815,2.0930754963638036,14.5,7.0,208.5,174.5,39.876288659793815,5.31726953408597,33.0,50.0,11.0,48.18556701030928,4.96447149813743,42.0,56.0,13.0,1941.1546391752577,446.39590722096983,1551.0,2800.0,1123.0,0.985223776949415,0.020266512305085752,0.9086236436322102,37.875,43.4375,1644.8125,35.1875,46.5625,1635.28125,46.36363636363637,54.36363636363637,2525.121212121212,pg2_11,2
0.09292510027585303,0.0,1.8027756377319946,0.263609418911242,0.6995511975467982,0.9871100374091399,3.5,3.5,321.0,449.0,45.41237113402062,1.5778922213698687,40.0,48.0,-2.0,38.09278350515464,1.4928176791668413,35.0,40.0,-2.0,1731.5257731958764,115.08652887960783,1400.0,1872.0,-170.0,0.9933636646062253,0.024330108117573045,0.7977207977207977,46.71875,39.0,1822.03125,45.40625,39.09375,1775.0625,44.15151515151515,36.24242424242424,1601.5454545454545,pg2_11,3
0.7329199144478739,0.5,6.708203932499369,0.9238254158691032,2.363839069649093,10.333363617722643,7.5,41.0,223.5,444.0,44.58762886597938,3.171238586347279,37.0,49.0,-2.0,60.876288659793815,25.09004720402456,45.0,134.0,88.0,2754.680412371134,1267.0880533637549,1776.0,6164.0,3956.0,0.9731704079474944,0.04260883867953798,0.6919540229885057,44.84375,45.625,2047.125,41.5625,47.59375,1978.5,47.27272727272727,88.54545454545455,4193.454545454545,pg2_11,4
0.41258078387329,0.0,3.1622776601683795,0.5899205568931872,1.722914529983366,2.8134037618094467,7.5,13.5,406.0,350.5,41.54639175257732,2.168284126380924,38.0,47.0,2.0,44.52577319587629,17.219081230506657,32.0,100.0,63.0,1877.701030927835,835.54201391028,1216.0,4500.0,2909.0,0.9761185380763013,0.03774254083907985,0.7619047619047619,42.03125,37.96875,1595.84375,39.6875,34.84375,1384.75,42.878787878787875,60.27272727272727,2629.030303030303,pg2_11,5
0.9160112892793978,1.0,5.852349955359813,0.9693137527374863,4.085850681209246,9.128724815105356,12.5,42.0,289.0,329.0,50.01030927835052,11.531664023985387,39.0,68.0,24.0,50.27835051546392,24.289806214521242,33.0,118.0,81.0,2758.701030927835,2001.5919909527915,1287.0,7906.0,6315.0,0.9581689390285998,0.05543396863494355,0.6631644004944376,41.90625,35.40625,1485.125,42.1875,36.25,1538.15625,65.45454545454545,78.3030303030303,5177.242424242424,pg2_11,6
0.9545108137414715,1.0,4.527692569068709,0.8796618326288387,7.817652275976977,8.827722543289818,35.5,37.0,360.0,276.0,60.75257731958763,28.97636111844795,36.0,134.0,93.0,69.88659793814433,35.83808844332153,35.0,146.0,104.0,5180.082474226804,5041.235519216327,1295.0,19564.0,17842.0,0.9615013754085671,0.03811654228990389,0.8220042046250876,39.625,37.28125,1478.75,47.5625,56.6875,2798.78125,94.03030303030303,114.3030303030303,11078.39393939394,pg2_11,7
1.0560550053983029,1.118033988749895,5.0,0.8580852670761749,23.911228285759428,3.889556969237143,74.5,14.5,387.5,129.0,87.0721649484536,50.97366359061393,40.0,195.0,155.0,65.3298969072165,35.1326563066989,31.0,135.0,98.0,7469.01030927835,7772.660186920372,1302.0,26325.0,24845.0,0.9558879895221125,0.0488665037767566,0.7021276595744681,42.03125,34.5625,1451.46875,65.375,51.03125,3598.5625,151.78787878787878,109.03030303030303,17057.363636363636,pg2_11,8
0.8472158247639049,0.7071067811865476,2.692582403567252,0.7151167827259285,11.069644935823723,2.714386200120618,49.0,8.5,455.5,215.5,53.98969072164948,26.827626492168775,36.0,137.0,98.0,50.95876288659794,13.329231132862157,34.0,68.0,30.0,2993.1134020618556,2204.6427154085286,1326.0,9316.0,7834.0,0.9630245866198036,0.03349391027386745,0.835633626097867,38.5625,36.4375,1404.1875,39.4375,50.09375,1964.0625,83.06060606060606,65.87878787878788,5531.757575757576,pg2_11,9
0.12228494096155769,0.0,1.118033988749895,0.26149517499824293,0.4866154111837504,2.0748431172262336,2.5,5.5,268.5,496.5,44.77319587628866,3.7264868467987964,41.0,49.0,-7.0,41.75257731958763,1.958491571008771,39.0,45.0,-3.0,1876.3917525773195,242.2226783589048,1599.0,2205.0,-424.0,0.9933036963629235,0.014333600518883893,0.9354988399071926,48.96875,44.15625,2162.3125,44.46875,41.15625,1834.25,41.0,40.0,1640.0,pg2_12,0
0.13996242968673925,0.0,5.315072906367325,0.5716333483473925,0.8407278122739604,1.3472258668839896,3.5,5.0,157.0,409.0,40.618556701030926,1.7612278927168858,39.0,44.0,-5.0,35.45360824742268,1.643610675529788,34.0,39.0,-4.0,1442.8865979381444,129.589667741426,1326.0,1677.0,-346.0,0.9921364173100828,0.03246655055543307,0.6988694758478932,42.71875,37.5625,1604.96875,40.1875,34.84375,1401.34375,39.0,34.0,1326.0,pg2_12,1
0.15488942126411384,0.0,3.1622776601683795,0.38455723524654684,1.7743043766025943,1.8435889667864682,4.0,5.5,116.5,369.5,36.70103092783505,2.686986387089502,33.0,40.0,-6.0,37.02061855670103,3.308780513023944,33.0,43.0,-10.0,1366.8453608247423,213.94576536990672,1089.0,1677.0,-588.0,0.9911564731202511,0.02132105507825227,0.8287895310796074,39.0,40.84375,1592.90625,37.96875,37.15625,1412.625,33.24242424242424,33.18181818181818,1103.2424242424242,pg2_12,2
1.0250558064258675,0.7071067811865476,6.324555320336759,1.2263556147026093,10.834261891634744,9.419473726278502,31.5,38.0,266.0,429.0,70.0721649484536,22.99719723966398,50.0,122.0,70.0,77.0721649484536,40.69834906924952,37.0,154.0,111.0,6324.113402061856,5343.35400842064,1924.0,18788.0,16552.0,0.9582663853873884,0.05449276344130748,0.7276595744680852,51.03125,42.03125,2144.9375,59.90625,58.90625,3689.0,98.39393939393939,128.66666666666666,12931.90909090909,pg2_12,3
0.2342503844577085,0.0,2.5495097567963922,0.5565160291624573,1.372141324434341,1.962354276775183,4.5,5.5,385.5,394.0,42.09278350515464,3.324642370432392,39.0,48.0,-9.0,35.16494845360825,3.9052711203085715,31.0,42.0,-11.0,1492.8865979381444,283.38280096406777,1209.0,2016.0,-807.0,0.9853437669124651,0.03720969973270941,0.822742474916388,46.03125,39.78125,1831.34375,41.34375,34.84375,1447.1875,39.0,31.0,1209.0,pg2_12,4
0.17513082500042984,0.0,3.1622776601683795,0.46273195351232815,2.5479460175780546,1.3243912246987644,6.5,4.5,176.0,255.0,41.94845360824742,1.2299621486139576,38.0,44.0,-1.0,33.422680412371136,1.9309473746954184,29.0,36.0,-5.0,1403.041237113402,105.56904395592733,1102.0,1548.0,-246.0,0.9894127756682417,0.031128265180068403,0.8105263157894737,42.84375,35.8125,1534.3125,41.5625,33.15625,1378.28125,41.45454545454545,31.363636363636363,1299.7575757575758,pg2_12,5
1.2344601493786524,1.0,12.776932339180638,1.5527407938639883,18.23330748839065,3.3881079029568784,79.0,13.5,465.5,267.5,76.9381443298969,55.67909053073411,37.0,241.0,203.0,68.45360824742268,22.511861990504464,42.0,105.0,62.0,6323.474226804124,6426.647960010962,1591.0,25305.0,23671.0,0.9610252652631947,0.051634273434150814,0.5667072181670721,38.59375,43.6875,1688.90625,49.5625,65.5625,3329.53125,140.66666666666666,95.27272727272727,13720.818181818182,pg2_12,6
0.9625320607959754,1.0,3.3541019662496847,0.9259515098570331,22.874300123103183,4.795571122538738,70.5,16.0,402.5,247.5,77.35051546391753,46.59101307907242,42.0,187.0,141.0,44.103092783505154,5.851221629574591,36.0,59.0,16.0,3675.0309278350514,2791.2669275615935,1584.0,11033.0,9055.0,0.9672779011823925,0.03677257530391716,0.8004158004158004,45.8125,40.15625,1841.53125,49.875,40.5,2031.8125,134.57575757575756,51.42424242424242,7046.393939393939,pg2_12,7
1.2771750479164816,0.5,9.340770846134703,1.4848438965020982,15.233314956981456,14.982855898624456,64.5,49.5,339.0,170.0,67.38144329896907,35.40383906580331,46.0,182.0,135.0,84.48453608247422,62.7585971277607,32.0,206.0,168.0,7587.4639175257735,9755.881438417066,1568.0,37492.0,35706.0,0.9541894274020016,0.05492665968136613,0.5362848014605203,47.8125,35.5,1696.75,51.59375,49.5625,2576.65625,101.66666666666667,165.84848484848484,18158.636363636364,pg2_12,8
0.2676321963767851,0.0,3.2015621187164243,0.5484239608148711,4.241256408798933,1.118663589362967,13.5,3.5,203.0,154.0,51.402061855670105,3.372599700296778,46.0,60.0,14.0,35.03092783505155,2.3395021421539104,31.0,40.0,3.0,1804.5773195876288,211.2720352712605,1564.0,2240.0,656.0,0.9853774439281014,0.030531981887099147,0.8027366020524516,47.625,34.0625,1622.1875,52.09375,33.0,1718.375,54.39393939393939,37.93939393939394,2065.030303030303,pg2_12,9
0.13143785404947808,0.0,4.0,0.4546233868337631,1.6927477173910777,0.49209933958196383,7.0,2.0,214.5,226.0,38.8041237113402,0.8076844241567379,35.0,40.0,4.0,39.896907216494846,0.3040800248196418,39.0,40.0,0.0,1548.1546391752577,33.943962372870324,1400.0,1600.0,160.0,0.9931243692004683,0.02368857229847788,0.7948717948717948,38.34375,39.71875,1522.8125,39.03125,40.0,1561.25,39.03030303030303,39.96969696969697,1560.030303030303,pg2_2,0
0.16982057955970828,0.0,5.0,0.5657908660373887,1.0525313761593897,1.2551519930537955,7.5,3.5,193.5,466.5,34.329896907216494,1.2820863271233418,32.0,38.0,5.0,40.97938144329897,2.177577304335412,37.0,44.0,7.0,1407.6288659793815,104.19325023032614,1221.0,1672.0,451.0,0.9907234504356247,0.030845768477617372,0.7368421052631579,33.84375,38.96875,1319.46875,34.5,40.15625,1385.0,34.63636363636363,43.72727272727273,1515.060606060606,pg2_2,1
0.44379091624792344,0.0,13.038404810405298,1.3706095198812687,6.884626083522331,3.6577095851196844,19.5,11.0,314.5,514.5,40.07216494845361,8.721637298619354,31.0,60.0,28.0,47.94845360824742,9.064910407800843,38.0,65.0,27.0,1989.5567010309278,840.6879236252433,1209.0,3900.0,2684.0,0.9791179404930691,0.05266107370907035,0.5348703170028818,35.28125,39.8125,1405.21875,35.625,44.21875,1576.625,49.03030303030303,59.45454545454545,2956.6060606060605,pg2_2,2
0.9002795797192918,0.5,4.123105625617661,0.9706187948969061,11.02549967609917,6.340734199788618,44.0,31.5,404.0,459.0,61.8041237113402,29.169126163451228,39.0,148.0,108.0,74.77319587628865,40.73386219058577,39.0,170.0,129.0,5786.577319587629,6148.171981837242,1599.0,25160.0,23520.0,0.9618660218766754,0.034894871786628756,0.782608695652174,39.875,41.4375,1651.53125,48.8125,55.625,2787.3125,95.66666666666667,125.66666666666667,12704.69696969697,pg2_2,3
0.7177795195175856,0.5,8.381527307120106,1.0485112754255137,9.820262714570639,3.83820261855161,42.5,16.5,449.0,337.0,66.77319587628865,21.44833406389111,50.0,133.0,81.0,45.845360824742265,10.184220871854299,37.0,74.0,35.0,3278.577319587629,1948.2461519951603,1850.0,9842.0,7814.0,0.9709793053691754,0.038833620169490886,0.6992525570416994,51.71875,38.90625,2012.59375,54.9375,39.90625,2205.03125,92.84848484848484,58.333333333333336,5547.212121212121,pg2_2,4
1.263730121171017,1.118033988749895,8.514693182963201,1.2987841804979583,7.345782227015018,24.621430654745655,27.5,81.0,344.5,360.5,61.02061855670103,21.20541624132625,36.0,98.0,62.0,75.42268041237114,49.39360847077123,38.0,193.0,155.0,5525.443298969072,5319.663695612145,1368.0,18914.0,17546.0,0.9559926559455857,0.058535512345711124,0.5773517610343291,38.90625,39.75,1547.4375,58.21875,47.1875,2817.0,85.18181818181819,137.3939393939394,12009.272727272728,pg2_2,5
0.8762524700849325,0.6035533905932737,3.5355339059327378,0.8987226724654208,18.70941173215136,6.362633203792496,68.0,22.5,414.0,270.5,77.96907216494846,44.158676771283226,42.0,190.0,148.0,45.2680412371134,10.963402534447056,36.0,79.0,43.0,3997.226804123711,3484.198730543468,1512.0,15010.0,13498.0,0.9693164418549142,0.03371691818688988,0.7881773399014779,44.6875,38.96875,1741.5625,54.3125,39.25,2162.21875,133.1818181818182,57.21212121212121,7963.939393939394,pg2_2,6
0.5681022789525808,0.5,3.8078865529319543,0.7254089425849515,6.27832512310136,9.291522723207915,24.0,29.0,288.5,202.5,59.72164948453608,29.628887501875404,37.0,121.0,84.0,59.96907216494845,19.093612905322487,44.0,107.0,62.0,4138.680412371134,3475.6839378758355,1628.0,12947.0,11282.0,0.9726736585808323,0.03911118715058602,0.7951754385964912,37.25,44.5625,1660.25,42.71875,50.84375,2191.0625,98.0,83.75757575757575,8430.60606060606,pg2_2,7
1.0643758701229096,0.7071067811865476,3.0,0.9409214493074146,8.812723654117798,24.037995351807766,24.0,81.0,253.5,347.0,67.0618556701031,25.770923611174346,40.0,107.0,67.0,81.34020618556701,51.94403939648385,39.0,202.0,162.0,6715.628865979382,6391.5460713232105,1600.0,21614.0,20014.0,0.9672605866582865,0.03424492047539213,0.7987987987987988,41.65625,41.03125,1709.46875,58.90625,54.40625,3411.875,99.60606060606061,146.54545454545453,14773.727272727272,pg2_2,8
1.264834722905068,1.0,13.536986370680884,1.5841616469709334,2.317478995749071,25.137978257968086,10.0,89.5,159.5,356.0,52.04123711340206,7.3889266909888995,42.0,71.0,29.0,88.94845360824742,64.33231557705334,36.0,231.0,195.0,5050.690721649485,4372.442591232646,1512.0,16401.0,14889.0,0.9640256164239368,0.05670778201417176,0.4827586206896552,44.21875,37.5625,1666.71875,52.0,56.0,2911.3125,59.666666666666664,170.72727272727272,10406.666666666666,pg2_2,9
0.43758582665748014,0.5,2.8284271247461903,0.5012254758507623,4.038435279517939,4.475628076450485,13.5,14.0,208.0,431.0,41.65979381443299,10.19286853783823,31.0,61.0,30.0,60.391752577319586,26.559622366054867,35.0,119.0,84.0,2781.1546391752577,1920.5248602851573,1085.0,7259.0,6174.0,0.9720769099417149,0.03386368762381723,0.7889530090684254,33.6875,38.03125,1282.625,35.46875,47.78125,1715.1875,55.39393939393939,94.3030303030303,5267.939393939394,pg2_3,0
0.4034241793643796,0.5,3.1622776601683795,0.5039003851663973,3.5217919283584993,2.9587000244767943,15.5,9.5,285.0,457.0,43.28865979381443,6.611390924489696,35.0,64.0,29.0,43.76288659793814,3.3329755006856714,37.0,50.0,13.0,1912.0618556701031,426.2306818050766,1295.0,3200.0,1905.0,0.9806845379055469,0.02791645261947078,0.8048780487804879,38.0625,40.53125,1543.625,40.46875,43.21875,1751.59375,51.09090909090909,47.42424242424242,2424.939393939394,pg2_3,1
0.39783462556255184,0.5,3.0,0.4793208153594391,2.7526159308462255,3.2444758352678718,15.5,10.5,372.0,416.0,60.5360824742268,18.792443017072024,44.0,107.0,63.0,41.01030927835052,8.490740675814715,32.0,58.0,18.0,2630.144329896907,1391.588367784974,1440.0,5778.0,4194.0,0.978872542203994,0.026446357998072555,0.8712871287128713,44.6875,35.03125,1564.03125,52.75,35.53125,1884.6875,83.45454545454545,52.121212121212125,4386.818181818182,pg2_3,2
0.445281502012936,0.5,4.0,0.5348825889530372,6.072729394590673,1.130594637455799,18.5,4.0,323.5,367.5,49.402061855670105,9.676903945764643,38.0,65.0,26.0,48.72164948453608,4.574114230158772,43.0,59.0,14.0,2448.020618556701,709.5040808987559,1710.0,3776.0,2066.0,0.9803624936381524,0.02557723964068132,0.8095238095238095,39.1875,44.6875,1750.1875,47.65625,47.09375,2251.5,61.0,54.21212121212121,3315.2727272727275,pg2_3,3
0.4611478751712161,0.5,3.0413812651491097,0.6277845733676528,1.7230378993243987,8.860931192873942,7.5,23.5,404.5,360.0,48.0,11.533903408432531,35.0,66.0,30.0,44.09278350515464,4.839874059507424,38.0,55.0,15.0,2169.4845360824743,763.3010527855622,1330.0,3575.0,2145.0,0.9749031658661549,0.03526273394398722,0.8221771467207573,37.21875,39.9375,1487.53125,43.6875,41.78125,1829.5625,62.63636363636363,50.36363636363637,3160.3939393939395,pg2_3,4
0.16279079591321288,0.0,1.8027756377319946,0.30543546525020526,0.8169737219034617,1.5672307224258133,3.5,4.0,200.5,264.5,38.71134020618557,2.5442831120696536,34.0,45.0,9.0,42.2680412371134,3.297970209606833,37.0,48.0,11.0,1643.2061855670104,230.5074607171639,1326.0,2160.0,828.0,0.9902760303123496,0.020623203676097077,0.8786127167630058,37.90625,38.9375,1476.09375,36.5,41.34375,1510.96875,41.63636363636363,46.39393939393939,1933.4848484848485,pg2_3,5
0.16398584049082587,0.0,2.5,0.3908914735812453,1.0111242242340055,1.0336047719170542,5.0,3.0,285.0,178.0,41.54639175257732,1.3997099740583303,36.0,44.0,4.0,44.2680412371134,1.4252181161884914,39.0,48.0,7.0,1840.659793814433,114.1161360508407,1548.0,2112.0,468.0,0.9906147156058115,0.026305466220975772,0.8217391304347826,41.03125,43.40625,1781.53125,40.59375,43.9375,1783.8125,42.96969696969697,45.42424242424242,1953.121212121212,pg2_3,6
0.09370158742143005,0.0,2.5,0.34091056380626295,0.27844595538287636,0.5158761238431671,1.5,4.5,416.5,206.0,38.175257731958766,1.450277678910274,35.0,40.0,5.0,35.597938144329895,2.0542126382592882,33.0,39.0,5.0,1361.8659793814434,130.55122065201664,1155.0,1560.0,365.0,0.9939427450200475,0.023196887044753114,0.8227936066712995,37.03125,33.9375,1256.8125,37.4375,34.5625,1295.09375,40.0,38.21212121212121,1528.4848484848485,pg2_3,7
1.138233285444571,1.118033988749895,6.020797289396148,1.0746840564739906,23.189768955438314,9.468795768993608,68.5,32.5,359.0,272.5,100.94845360824742,65.37400270418995,41.0,227.0,186.0,54.95876288659794,20.627235286944114,33.0,105.0,71.0,6873.422680412371,6782.294315507549,1353.0,23730.0,22255.0,0.9623016208139648,0.03209901108270275,0.8636363636363636,42.8125,37.125,1590.125,73.6875,46.4375,3543.71875,183.75757575757575,80.51515151515152,15225.424242424242,pg2_3,8
0.43409653025152034,0.0,2.5495097567963922,0.5628219396549181,4.765000423507781,1.5223910689780167,13.0,5.5,278.0,271.5,42.43298969072165,6.235758564616046,37.0,56.0,19.0,49.144329896907216,3.6126629830794297,46.0,58.0,11.0,2107.639175257732,478.2655559105776,1702.0,3192.0,1490.0,0.9781355127402848,0.030254910321058485,0.8572949946751863,37.15625,46.09375,1712.75,39.8125,47.625,1898.1875,50.09090909090909,53.57575757575758,2693.6666666666665,pg2_3,9
0.020833333333333332,0.0,0.5,0.0999131567356817,0.21929945758951183,0.20411329766209624,1.0,1.0,232.0,471.0,43.81443298969072,0.4385989151790238,42.0,44.0,2.0,35.98969072164948,0.10100988630033723,35.0,36.0,0.0,1576.8762886597938,17.151392436610323,1505.0,1584.0,72.0,0.9989423058100383,0.005096132983339309,0.9722222222222222,43.4375,35.96875,1562.40625,44.0,36.0,1584.0,44.0,36.0,1584.0,pg2_4,0
0.5157463201876764,0.5,2.0615528128088303,0.5200615987998001,3.603229205564493,2.34857036538957,17.0,9.0,387.0,469.5,59.28865979381443,21.913117458740285,38.0,108.0,70.0,48.98969072164948,8.919450361412844,38.0,63.0,24.0,3089.5154639175257,1700.3678202046965,1482.0,6804.0,5322.0,0.9802344956055499,0.022650686715920396,0.9019607843137255,40.34375,39.6875,1603.03125,50.03125,47.0625,2381.5625,86.63636363636364,59.878787878787875,5217.454545454545,pg2_4,1
0.2454634906483956,0.0,2.5,0.3675053397689686,0.9500770507599368,1.5308497324657215,3.0,5.5,420.5,259.5,41.01030927835052,2.57063049492927,38.0,48.0,10.0,34.49484536082474,1.6505151419537731,32.0,39.0,5.0,1418.4742268041236,157.31687719760487,1216.0,1833.0,560.0,0.9853544652203933,0.02296670739935269,0.873015873015873,39.0,33.03125,1288.28125,40.6875,34.71875,1413.46875,43.27272727272727,35.696969696969695,1549.5757575757575,pg2_4,2
0.1700877825494395,0.0,2.5,0.3531514966140565,2.8993550944760775,0.7054514959638366,8.0,4.0,327.5,197.5,49.34020618556701,5.839585139088458,41.0,55.0,13.0,37.98969072164948,0.8792551365039339,36.0,39.0,2.0,1879.1649484536083,260.67836485870805,1476.0,2145.0,591.0,0.9909462979982093,0.023265923268187372,0.8378216636744464,41.59375,36.9375,1536.40625,51.5,38.0,1957.53125,54.75757575757576,39.0,2135.5454545454545,pg2_4,3
0.18866692842160637,0.0,3.1622776601683795,0.4093040313995898,1.4453042034882073,0.7324667904466644,5.5,3.5,161.0,174.5,39.45360824742268,3.049490809470555,36.0,47.0,10.0,41.103092783505154,3.6140748230277095,36.0,51.0,14.0,1632.3298969072166,274.4902575271278,1332.0,2397.0,1028.0,0.9895057531177036,0.02469146597725316,0.808454425363276,36.75,37.40625,1374.59375,38.5,40.65625,1567.625,43.0,45.121212121212125,1945.0,pg2_4,4
0.39493476569961955,0.5,2.8284271247461903,0.4211411451937699,2.3465783630248866,2.5257731958762886,8.0,11.0,160.5,249.0,50.422680412371136,17.742624459540835,37.0,90.0,53.0,67.0721649484536,31.45156558563063,39.0,132.0,93.0,3928.2061855670104,3269.3230925163552,1443.0,11880.0,10437.0,0.9751813157522043,0.02877982977794964,0.8159509202453987,37.0,39.25,1452.25,41.0625,53.4375,2228.65625,72.51515151515152,107.27272727272727,7977.181818181818,pg2_4,5
1.3243679576658343,1.5811388300841898,3.3541019662496847,0.9769251998189833,11.035556404397523,27.628048533837408,31.5,90.5,325.5,372.0,73.12371134020619,30.98827770783847,42.0,148.0,106.0,100.0721649484536,72.74531868208675,33.0,236.0,202.0,9538.659793814433,9845.099249615274,1386.0,34928.0,33500.0,0.9596117382798105,0.03979536113606626,0.8020477815699659,44.5,33.78125,1505.15625,62.90625,70.75,4935.0625,110.78787878787878,192.78787878787878,21792.81818181818,pg2_4,6
1.2785437598057705,1.118033988749895,7.433034373659253,1.1718098626747107,19.46162674358004,20.34925548904539,64.0,64.5,421.0,411.0,99.4020618556701,67.42245026600905,40.0,262.0,221.0,72.77319587628865,38.907372199055786,40.0,166.0,126.0,9821.278350515464,11644.453825830666,1640.0,43492.0,41852.0,0.9502930275740932,0.04436451559812474,0.6997648761077953,41.71875,44.28125,1845.8125,71.53125,52.4375,3983.875,182.36363636363637,120.12121212121212,23215.575757575756,pg2_4,7
0.3703639144347959,0.0,2.8284271247461903,0.528674982906513,3.3674512498440903,1.9109603821939387,14.5,7.0,285.0,388.5,51.381443298969074,9.880151193560236,43.0,86.0,42.0,39.74226804123711,4.389017104620207,36.0,56.0,20.0,2083.0309278350514,702.3392203819803,1548.0,4816.0,3232.0,0.9770130531751762,0.03162460446796225,0.8261802575107297,44.90625,37.40625,1679.9375,47.46875,38.5625,1831.8125,61.45454545454545,43.15151515151515,2717.5151515151515,pg2_4,8
1.0067626688469395,1.118033988749895,4.031128874149275,0.7701946260196322,20.014459647021955,6.050747238193295,61.5,23.0,193.0,329.5,99.56701030927834,68.20268568290194,36.0,243.0,205.0,55.16494845360825,13.134263377969814,39.0,95.0,56.0,6342.618556701031,5884.33220106064,1482.0,23085.0,21603.0,0.9647454594220237,0.031865859571631565,0.8045649072753209,37.25,43.5625,1623.21875,74.09375,51.625,3871.75,184.6969696969697,69.84848484848484,13315.0,pg2_4,9
0.08179531203499806,0.0,5.852349955359813,0.60041404624567,0.5537339794637436,0.3657978350352613,5.5,2.0,270.0,154.0,37.7319587628866,0.583545224663295,35.0,38.0,2.0,36.876288659793815,0.32925194685920234,36.0,37.0,1.0,1391.5567010309278,31.476048518737496,1260.0,1406.0,110.0,0.9948188705769914,0.034773480108456066,0.6640625,37.1875,36.625,1362.21875,38.0,37.0,1406.0,38.0,37.0,1406.0,pg2_5,0
0.42417223270238563,0.0,4.123105625617661,0.7446159526925765,4.944080971868566,2.375187033598479,17.5,8.0,312.0,412.5,39.78350515463917,3.1269589460006393,34.0,49.0,14.0,40.4639175257732,4.40726171074653,34.0,52.0,16.0,1621.7113402061855,306.5015416372957,1156.0,2548.0,1288.0,0.9730316926922944,0.047528426652252855,0.7560975609756098,37.3125,37.65625,1405.6875,38.5625,38.3125,1479.1875,43.36363636363637,45.27272727272727,1969.3939393939395,pg2_5,1
0.5198391454214816,0.5,4.301162633521313,0.6085986057225762,9.618808076183967,1.5660265495838466,29.0,7.5,456.0,417.0,57.670103092783506,19.524091197870746,36.0,94.0,58.0,49.577319587628864,5.999716576718981,42.0,61.0,18.0,2972.9690721649486,1371.576506231253,1548.0,5734.0,4186.0,0.9779785497807522,0.03171143649095614,0.7454545454545455,39.4375,43.65625,1721.25,50.53125,48.03125,2449.40625,82.27272727272727,56.81818181818182,4694.454545454545,pg2_5,2
0.430415627590891,0.25,6.020797289396148,0.765229194985968,1.814901532755908,3.214635664110407,10.5,11.0,440.0,338.5,48.55670103092783,6.905800747354639,42.0,65.0,23.0,39.95876288659794,4.646065902078622,32.0,55.0,17.0,1969.4020618556701,526.7498606225272,1344.0,3575.0,1979.0,0.9773150707387668,0.04016971402417952,0.7326732673267327,42.09375,37.34375,1571.65625,46.5625,37.59375,1752.71875,56.75757575757576,44.78787878787879,2565.212121212121,pg2_5,3
0.4679863641536774,0.5,4.123105625617661,0.5422265175178682,4.372051790444291,2.464165539862035,15.5,9.0,507.0,265.0,56.4639175257732,20.812893434277708,38.0,99.0,61.0,46.7319587628866,8.225576737110494,38.0,64.0,26.0,2804.3505154639174,1574.320216849211,1444.0,6336.0,4892.0,0.9742819279220392,0.032967157277076053,0.7717791411042945,39.5,39.6875,1568.59375,45.78125,43.15625,1981.0625,83.27272727272727,57.03030303030303,4801.0,pg2_5,4
1.220016172278163,1.118033988749895,5.220153254455275,1.127819669116657,26.08620954468031,9.828803479047563,78.0,40.0,389.0,546.5,105.16494845360825,76.10921079123987,41.0,256.0,215.0,67.65979381443299,39.67779679771011,39.0,161.0,117.0,9989.237113402061,12346.369371402974,1681.0,41216.0,39412.0,0.9527454007587665,0.05130289724138336,0.7367920038077106,41.0625,42.875,1760.4375,68.9375,42.1875,2953.1875,202.45454545454547,116.39393939393939,24791.515151515152,pg2_5,5
0.3766821863978058,0.0,6.800735254367722,0.8362155008034127,4.317292651176405,2.338002504835181,17.0,13.5,280.5,311.0,39.7319587628866,1.8695358259431851,36.0,44.0,-3.0,35.51546391752577,3.201524772238184,32.0,42.0,6.0,1405.6701030927834,67.02157240792407,1280.0,1554.0,126.0,0.9775495258296466,0.04967581051610825,0.6547978273989137,41.0625,33.5,1375.46875,40.5,33.84375,1370.625,37.696969696969695,39.09090909090909,1468.939393939394,pg2_5,6
0.8053215458557498,0.6035533905932737,7.158910531638177,0.9681914623567518,10.371838532362357,5.750831128387747,34.5,16.5,247.0,321.5,68.51546391752578,30.530739419919858,39.0,122.0,83.0,53.58762886597938,21.085859128867998,36.0,109.0,68.0,4277.19587628866,3613.606444945557,1512.0,13298.0,11699.0,0.9597804540746228,0.049608697856545626,0.6530612244897959,42.5,39.875,1694.65625,53.03125,41.09375,2229.0625,108.75757575757575,79.0,8767.545454545454,pg2_5,7
0.47338510103910947,0.5,4.031128874149275,0.603695463607984,4.4432929892083095,5.21563906431292,15.5,15.5,349.5,217.0,54.01030927835052,10.921929935345416,43.0,73.0,30.0,63.07216494845361,27.253770162979347,37.0,123.0,86.0,3695.40206185567,2340.760439746966,1591.0,8979.0,7388.0,0.9773438800976196,0.030801065204009558,0.7724839400428265,43.4375,39.90625,1733.53125,50.15625,51.15625,2612.125,68.0,97.0909090909091,6648.272727272727,pg2_5,8
0.6354753732863745,0.5,6.082762530298219,0.8243205585692233,2.4123711340206184,3.0913656543828125,14.0,10.0,302.0,229.0,57.670103092783506,17.81735609847565,43.0,98.0,54.0,37.69072164948454,3.374741913743429,33.0,47.0,6.0,2225.226804123711,904.1999653980688,1419.0,4559.0,2640.0,0.9669245354625544,0.04335848915883397,0.7254901960784313,44.625,36.6875,1636.8125,47.59375,34.9375,1665.84375,80.0909090909091,41.333333333333336,3338.242424242424,pg2_5,9
0.06741808286457895,0.0,4.47213595499958,0.46282264648876525,0.5204398999368465,0.5111156806697129,4.0,2.0,465.5,253.5,30.690721649484537,0.4621961189991731,30.0,31.0,0.0,39.01030927835052,0.10100988630033723,39.0,40.0,0.0,1197.2474226804125,17.81695643639488,1170.0,1209.0,0.0,0.9957239665029894,0.030479133001263987,0.7040169133192389,30.6875,39.0,1196.8125,30.375,39.03125,1185.5625,31.0,39.0,1209.0,pg2_6,0
0.2673045599543224,0.0,4.47213595499958,0.5533104362781284,0.7330469622528322,0.9391916664290215,4.0,4.0,333.5,189.0,41.4639175257732,3.230211303516065,33.0,45.0,12.0,36.154639175257735,2.6177042203559635,32.0,42.0,9.0,1505.0309278350514,206.72749399977687,1056.0,1890.0,789.0,0.9829932099409602,0.03702403295926699,0.7004830917874396,37.4375,33.90625,1269.375,42.78125,35.25,1509.59375,44.09090909090909,39.21212121212121,1729.121212121212,pg2_6,1
0.14357914587216689,0.0,3.1622776601683795,0.3922552683359215,0.8638597033032497,1.2870092522548238,5.0,4.5,197.5,181.5,48.90721649484536,2.2933452549244784,43.0,51.0,8.0,39.52577319587629,1.7056170604233858,35.0,41.0,5.0,1936.8041237113403,166.67467164678027,1505.0,2091.0,535.0,0.992534427350923,0.021681683162245634,0.8242424242424242,46.09375,37.5,1731.28125,50.0,40.5,2025.0,50.57575757575758,40.54545454545455,2050.5757575757575,pg2_6,2
0.14620347818679935,0.0,5.0,0.5791332975226131,1.076344944611944,1.0914697413099148,6.0,4.5,423.5,370.0,40.20618556701031,1.6680017326123717,39.0,43.0,4.0,41.381443298969074,0.4857409892531855,41.0,42.0,-1.0,1663.3298969072166,59.70282447677695,1599.0,1763.0,125.0,0.9919380845661762,0.03362294448972985,0.7142857142857143,39.0,41.34375,1612.40625,39.125,41.8125,1635.8125,42.42424242424242,41.0,1739.3939393939395,pg2_6,3
0.1497701758494019,0.0,2.5495097567963922,0.37978357138336805,1.7064736418592268,0.9102573218409945,6.5,4.0,316.5,323.5,43.98969072164948,2.258979084074274,39.0,49.0,10.0,42.50515463917526,2.3158962609647786,37.0,50.0,12.0,1874.6701030927834,197.72853001122962,1443.0,2450.0,958.0,0.992208658424839,0.023664146967285256,0.8178016726403823,41.375,40.34375,1669.8125,44.4375,42.3125,1880.625,46.09090909090909,44.78787878787879,2067.5454545454545,pg2_6,4
0.868342268561852,0.7071067811865476,5.70087712549569,1.0734205627939388,7.5642674598583906,16.096940361444275,29.5,53.5,365.5,492.0,47.79381443298969,8.707075146973834,39.0,72.0,31.0,81.47422680412372,45.70435986861764,39.0,176.0,137.0,4271.80412371134,3240.872046444644,1560.0,12672.0,11073.0,0.9664336854788699,0.04716391646770618,0.7323943661971831,41.4375,40.90625,1695.21875,43.90625,62.875,2806.28125,57.72727272727273,138.84848484848484,8191.424242424242,pg2_6,5
1.2187121338258666,1.0590169943749475,4.527692569068709,1.063921160079826,25.369785107218362,13.114216566807272,88.5,35.0,280.5,415.5,85.94845360824742,56.28688868479815,43.0,228.0,183.0,69.25773195876289,35.04085343265741,38.0,127.0,86.0,7850.453608247422,8568.517205048294,1710.0,28500.0,26745.0,0.962605072091845,0.03852114080818283,0.7567567567567568,44.5625,39.0,1738.0,55.59375,52.3125,3064.6875,155.5151515151515,115.03030303030303,18418.424242424244,pg2_6,6
0.10479424462426563,0.0,4.272001872658765,0.47812289176211054,0.7997502001327619,1.038349573789932,6.0,3.0,100.5,255.5,52.577319587628864,1.1826499298721638,51.0,55.0,4.0,42.44329896907217,3.958467557712562,37.0,47.0,8.0,2235.814432989691,254.57947252857196,1924.0,2585.0,596.0,0.9939991095647499,0.023894008101003814,0.7947897623400365,51.25,37.96875,1945.84375,52.625,42.53125,2239.53125,53.81818181818182,46.696969696969695,2513.3939393939395,pg2_6,7
0.8088526668560219,1.0,3.0,0.6140092534481066,2.15493511507809,16.063129391154284,7.5,56.0,386.5,168.5,39.91752577319588,4.23940791210424,34.0,50.0,16.0,71.68041237113403,40.65990359868913,39.0,167.0,128.0,3008.0,2095.802658530892,1326.0,8350.0,7024.0,0.9721281301553294,0.02482423549290091,0.8378378378378378,36.65625,40.0625,1469.21875,39.28125,51.1875,2000.0,43.696969696969695,122.21212121212122,5477.606060606061,pg2_6,8
1.2478147818526157,0.7071067811865476,6.670832032063167,1.329841758828261,11.347497655883037,24.39219592454662,39.5,89.5,141.0,385.0,64.25773195876289,32.56532795085458,39.0,132.0,91.0,82.30927835051547,51.93142997325272,43.0,229.0,186.0,6944.123711340206,8084.486262529326,1763.0,30228.0,28465.0,0.9608314216556589,0.048140177845214696,0.69221260815822,42.15625,46.78125,1973.5,43.75,54.78125,2441.625,105.57575757575758,143.45454545454547,16130.181818181818,pg2_6,9
0.07343239329996241,0.0,2.5495097567963922,0.3015988234076956,1.2746246001027757,0.3900532868534559,3.5,1.0,271.5,232.0,43.329896907216494,0.6692302007058756,39.0,44.0,4.0,38.7319587628866,0.7801065737069118,38.0,40.0,-1.0,1678.5567010309278,53.48705770272022,1521.0,1760.0,113.0,0.9964002669716695,0.015507207121213088,0.8642045454545455,43.78125,39.625,1734.96875,43.21875,38.59375,1668.09375,43.0,38.0,1634.0,pg2_7,0
0.1617081853231202,0.0,4.6097722286464435,0.5772568430079486,1.0762708850291947,0.3280392283855117,5.5,3.0,138.0,299.0,40.350515463917525,1.316362037073185,37.0,41.0,-1.0,37.381443298969074,0.6802561520133453,37.0,39.0,1.0,1507.6907216494844,34.56425685670881,1369.0,1558.0,1.0,0.9911148326212219,0.032504542343895104,0.7263039820527202,40.90625,37.3125,1526.28125,41.0,37.0,1517.0,39.18181818181818,37.81818181818182,1480.6363636363637,pg2_7,1
0.0608766344050115,0.0,3.0413812651491097,0.3629196909099659,0.3821392369659926,0.6891041223533363,3.0,2.5,186.0,198.5,39.75257731958763,0.6585038937184047,38.0,40.0,2.0,37.65979381443299,0.9181626424005079,35.0,38.0,2.0,1497.6701030927834,59.7111123763951,1330.0,1520.0,152.0,0.9963654225126349,0.021468589535114525,0.8316361167684997,39.25,36.96875,1452.3125,40.0,38.0,1520.0,40.0,38.0,1520.0,pg2_7,2
0.6570621562487414,0.5,9.513148795220223,1.087590297933504,2.861377303375287,5.03927079903354,16.0,21.0,112.5,400.5,63.97938144329897,22.867606125842425,41.0,127.0,86.0,47.402061855670105,10.681576579465132,37.0,73.0,28.0,3268.041237113402,1969.4256576423272,1599.0,8509.0,6910.0,0.9710169369274598,0.03731224732055559,0.717999019127023,44.1875,39.15625,1729.59375,54.53125,41.875,2309.84375,92.33333333333333,60.75757575757576,5689.030303030303,pg2_7,3
0.8563650985646438,0.5,2.692582403567252,0.8483889544073331,10.28106965449191,22.200229652421555,30.0,57.5,296.5,138.5,68.6082474226804,21.975880265038715,45.0,107.0,61.0,72.97938144329896,50.65569637143605,32.0,161.0,127.0,6088.484536082474,5878.948393082198,1440.0,17227.0,15663.0,0.9712737767158769,0.027443501080757857,0.9083870967741936,47.0,32.5625,1529.875,62.34375,44.90625,2910.96875,95.63636363636364,139.3939393939394,13590.181818181818,pg2_7,4
0.5998042390103685,0.5,2.8284271247461903,0.6225999583990718,3.1992748806456235,4.806589783406253,17.0,22.5,384.5,224.0,42.98969072164948,5.674131652282989,35.0,65.0,28.0,64.4639175257732,34.73554341601077,34.0,149.0,113.0,2935.8762886597938,2058.901069396362,1190.0,9685.0,8353.0,0.9679684734137908,0.032286054893485794,0.7628205128205128,38.28125,39.0,1493.96875,42.46875,45.375,1936.9375,48.06060606060606,107.66666666666667,5302.757575757576,pg2_7,5
0.7752484966143482,0.5,5.522680508593631,0.9778964337617044,12.429163727201995,9.60379692069067,47.5,30.5,421.5,294.5,63.1958762886598,24.36265486491917,42.0,129.0,87.0,46.865979381443296,19.40380920514521,32.0,99.0,65.0,3422.1237113402062,3053.745613726739,1344.0,12771.0,11343.0,0.9663406880201336,0.05113186462948785,0.6841186736474695,46.40625,36.25,1684.53125,49.625,36.15625,1804.0,92.63636363636364,67.54545454545455,6676.151515151515,pg2_7,6
0.7129472653464748,0.5,3.2015621187164243,0.8114017891905649,13.514152586049743,9.56213493353828,46.0,36.0,428.5,390.5,65.62886597938144,33.39742554052057,39.0,159.0,120.0,51.31958762886598,20.22581100370972,35.0,111.0,76.0,4036.7113402061855,4007.957561350013,1365.0,17649.0,16284.0,0.9695925702894267,0.031517959300046375,0.8154981549815498,41.5625,35.5625,1477.09375,48.28125,43.625,2134.0,105.78787878787878,74.06060606060606,8363.818181818182,pg2_7,7
1.3469899088842594,1.0,8.54400374531753,1.4880403283168462,21.96720228899368,11.573015604856124,85.5,37.5,412.5,438.0,88.30927835051547,67.7301134239983,35.0,255.0,220.0,60.23711340206186,27.494994182025465,39.0,122.0,83.0,7164.690721649485,8741.00949885001,1365.0,31110.0,29745.0,0.9617146197512549,0.04945099449762149,0.6206896551724138,36.21875,40.625,1471.03125,54.0625,45.84375,2561.96875,172.03030303030303,93.21212121212122,17149.060606060608,pg2_7,8
0.6834945005050533,0.5,2.5,0.587652335806936,4.336078062265209,6.886601796406105,16.5,24.5,264.0,435.0,75.15463917525773,27.718518952336588,45.0,123.0,76.0,51.04123711340206,16.902947663252817,35.0,95.0,56.0,4291.01030927835,2942.5449308373886,1575.0,11590.0,9796.0,0.9716268983695037,0.02621945577559572,0.8779264214046822,47.28125,37.125,1752.59375,68.0,43.59375,3084.375,109.12121212121212,71.75757575757575,7922.575757575758,pg2_7,9
0.6074310889739407,0.5,3.3541019662496847,0.6737537671988182,5.071714421362537,4.247610345168568,18.0,11.5,83.0,236.0,80.57731958762886,36.25904367858442,42.0,139.0,97.0,60.01030927835052,22.22773174813916,34.0,88.0,51.0,5632.144329896907,4073.612477684167,1428.0,12232.0,10678.0,0.9707492061920385,0.03852701757549733,0.8024691358024691,43.28125,36.09375,1562.78125,73.59375,57.78125,4627.9375,123.51515151515152,85.36363636363636,10551.969696969696,pg2_8,0
0.7927036616047056,0.5,4.527692569068709,0.8333892077205938,3.7031410003060268,15.008009694135835,10.5,51.5,187.5,326.5,47.63917525773196,13.63302960559452,38.0,79.0,41.0,62.329896907216494,38.72230547406088,33.0,153.0,119.0,3460.3505154639174,3337.4306928708243,1254.0,12087.0,10795.0,0.966351500259864,0.0448826800029295,0.7042459736456809,39.46875,34.03125,1343.25,41.1875,40.25,1649.34375,61.81818181818182,111.18181818181819,7269.424242424242,pg2_8,1
0.2733608404908259,0.0,2.5,0.3795047442208717,2.6646941991216564,1.283059998156426,10.0,4.5,142.5,432.0,46.06185567010309,4.934236449542485,39.0,59.0,16.0,36.896907216494846,3.6902896712007047,33.0,45.0,8.0,1715.7938144329896,364.91086153875335,1326.0,2655.0,1064.0,0.9852628427914173,0.024902480575118673,0.8404802744425386,42.625,35.78125,1526.09375,43.90625,33.625,1476.46875,51.484848484848484,41.15151515151515,2131.818181818182,pg2_8,2
1.1878003131730648,1.0590169943749475,4.123105625617661,1.1182972544718612,22.613694042609154,23.24204111711397,67.5,73.0,258.5,262.0,102.98969072164948,76.44868838361094,37.0,274.0,237.0,80.1340206185567,46.59667455635557,42.0,188.0,145.0,11783.58762886598,14377.377037176333,1554.0,51238.0,49684.0,0.9598017405679163,0.03722456844745721,0.7915339098771051,37.875,44.0,1668.25,67.3125,55.46875,3940.125,200.72727272727272,139.0909090909091,29198.18181818182,pg2_8,3
0.06807847818679935,0.0,2.1213203435596424,0.28053280403742953,0.8608093090782724,0.6638086611136184,2.5,3.0,389.5,211.0,41.92783505154639,1.8290182295789768,36.0,45.0,6.0,46.95876288659794,1.2345333921585733,45.0,48.0,0.0,1970.7319587628865,131.19470974561213,1728.0,2160.0,288.0,0.9958685279406171,0.01901470310997833,0.8695652173913043,39.90625,45.53125,1816.96875,43.125,47.3125,2041.8125,42.72727272727273,48.0,2050.909090909091,pg2_8,4
1.0662553609060186,1.0,7.0,1.0782294152942788,22.138700593785863,6.651518109884206,73.0,20.5,345.5,316.5,104.58762886597938,74.89356744669857,43.0,283.0,240.0,45.74226804123711,6.605649488526264,39.0,66.0,23.0,5261.164948453608,4608.387905351943,1755.0,18678.0,16829.0,0.9666491753584152,0.039250515923342215,0.7083333333333334,44.25,40.78125,1803.03125,68.59375,42.625,2982.65625,198.0,53.57575757575758,10823.969696969696,pg2_8,5
1.2638828043334076,1.118033988749895,9.013878188659973,1.2306825031570847,7.19554396184134,29.869772613363953,23.0,92.0,279.5,374.0,53.63917525773196,16.058004117169006,35.0,87.0,52.0,107.49484536082474,70.56095174793226,39.0,256.0,217.0,6874.01030927835,6350.380617694063,1365.0,22272.0,20907.0,0.9629463251495677,0.053129015813671424,0.5632419156774457,38.53125,41.34375,1595.15625,48.34375,82.875,4080.28125,73.42424242424242,195.5151515151515,14701.969696969696,pg2_8,6
0.6567561766634628,0.5,2.9154759474226504,0.675790024895103,4.2330667710830205,4.2627525876790555,17.0,19.0,412.0,384.5,49.422680412371136,17.007478677326613,33.0,90.0,57.0,62.54639175257732,30.934923586293678,39.0,126.0,86.0,3609.5876288659792,3119.036299595994,1287.0,11250.0,9963.0,0.9682119362101741,0.03394184680895862,0.8589285714285714,36.09375,39.0,1407.65625,40.90625,45.28125,1869.28125,70.60606060606061,102.12121212121212,7432.363636363636,pg2_8,7
1.5452838583316837,1.5811388300841898,8.276472678623424,1.302087220777809,25.36463386028255,20.850057339531453,91.0,60.0,408.5,430.5,87.42268041237114,58.14128455869355,35.0,227.0,192.0,101.25773195876289,58.8701661356189,39.0,231.0,192.0,12174.556701030928,13727.995633852513,1365.0,52437.0,51072.0,0.9538306582815892,0.051347582524691175,0.6145365455287872,38.8125,42.21875,1643.625,62.25,86.5625,5864.9375,158.96969696969697,172.75757575757575,28504.78787878788,pg2_8,8
0.08705612834436909,0.0,2.23606797749979,0.2845397989462202,1.8520583408140041,2.1962029668429497,4.5,5.5,245.5,465.5,38.876288659793815,1.401455296327128,36.0,41.0,3.0,43.25773195876289,3.2941007893851886,39.0,48.0,7.0,1686.1237113402062,188.09535077764176,1404.0,1968.0,410.0,0.9945376393209383,0.017952570942417284,0.8582183186951067,38.0,41.0,1558.0,38.03125,41.34375,1575.0625,40.54545454545455,47.303030303030305,1918.060606060606,pg2_8,9
0.08237840534579151,0.0,5.408326913195984,0.5576039200597658,0.9498253191456901,0.45454448835151745,5.5,4.5,357.5,223.0,41.58762886597938,0.5515223041276395,39.0,42.0,3.0,37.98969072164948,0.10100988630033723,37.0,38.0,1.0,1579.9278350515465,23.10453493339037,1443.0,1596.0,153.0,0.9954886191367933,0.03219485730786932,0.6859550561797753,41.25,37.96875,1566.28125,41.5,38.0,1577.0,42.0,38.0,1596.0,pg2_9,0
0.16917136962106624,0.0,7.826237921249264,0.8101091784653881,1.2074405313873937,0.788171130867934,10.0,3.5,87.0,437.0,39.8041237113402,0.3968737434004156,39.0,40.0,0.0,34.5360824742268,0.4986963555648588,34.0,35.0,-1.0,1374.618556701031,20.493621486409577,1326.0,1400.0,-40.0,0.9907550064214972,0.04283866351276066,0.5889464594127807,39.84375,34.34375,1368.375,39.78125,34.84375,1386.09375,39.78787878787879,34.42424242424242,1369.5454545454545,pg2_9,1
0.2409036755265055,0.0,8.06225774829855,0.892262341346135,1.0141154896652547,1.5791378240684217,9.0,6.0,353.5,491.5,46.55670103092783,0.4967745898208972,46.0,47.0,0.0,39.01030927835052,0.10100988630033723,39.0,40.0,0.0,1816.1958762886597,20.363014367451235,1794.0,1880.0,0.0,0.9886919651498909,0.038680901128096766,0.6785714285714286,46.59375,39.0,1817.15625,46.5625,39.03125,1817.40625,46.515151515151516,39.0,1814.090909090909,pg2_9,2
0.12215429191184224,0.0,6.726812023536855,0.6946036008406878,0.4545444883515176,1.039960429931422,4.5,5.0,411.5,431.0,44.01030927835052,0.10100988630033723,44.0,45.0,-1.0,45.876288659793815,0.32925194685920234,45.0,46.0,0.0,2019.0309278350514,15.382714631962736,1980.0,2070.0,-46.0,0.9942802641059257,0.034097337432217274,0.6682966585167074,44.03125,45.875,2019.9375,44.0,45.84375,2017.125,44.0,45.90909090909091,2020.0,pg2_9,3
0.18763238384948422,0.0,7.810249675906654,0.8283406637354143,0.7054514959638366,1.6401961419275584,5.5,6.0,503.5,338.5,40.95876288659794,1.8772513673865188,38.0,43.0,-4.0,45.7319587628866,1.7321428473599758,41.0,48.0,-3.0,1876.2577319587629,154.93518953317457,1558.0,2064.0,-305.0,0.9895909963655773,0.04441606977771239,0.6272141706924316,42.8125,47.34375,2026.875,41.125,45.90625,1890.90625,39.0,44.0,1716.0,pg2_9,4
0.3420059532510164,0.0,6.946221994724902,0.7466666556151615,1.3651719068348018,1.5185465526917847,6.0,4.5,369.5,328.0,49.36082474226804,3.389448658174089,47.0,56.0,9.0,35.649484536082475,2.030901669201898,33.0,38.0,2.0,1761.298969072165,174.92043345525502,1551.0,2072.0,427.0,0.9817341354467496,0.0415058980493288,0.6479012345679013,47.1875,37.53125,1771.03125,47.375,33.5,1586.90625,53.39393939393939,35.90909090909091,1920.969696969697,pg2_9,5
0.23650951360518727,0.0,4.031128874149275,0.6322914016819337,1.8896375715946552,1.7310380468771978,5.5,5.0,286.5,104.0,40.56701030927835,2.1245119099604555,37.0,43.0,2.0,43.83505154639175,2.023982052256994,40.0,46.0,3.0,1781.8144329896907,167.87644756593735,1554.0,1978.0,201.0,0.9875709908738228,0.03655026509995837,0.7621440536013401,38.03125,41.90625,1593.625,41.46875,43.71875,1815.25,42.15151515151515,45.81818181818182,1931.878787878788,pg2_9,6
0.15227392121073913,0.0,6.082762530298219,0.6436712304578367,0.9566821452099676,0.8444173764835147,8.0,3.5,213.0,162.5,41.65979381443299,2.5601489886499675,37.0,45.0,-7.0,38.670103092783506,2.555453636507802,34.0,42.0,-7.0,1617.5051546391753,202.1534644009496,1258.0,1890.0,-546.0,0.9915953671892455,0.030670865137390618,0.7279693486590039,44.3125,41.28125,1829.4375,42.25,39.3125,1661.625,38.515151515151516,35.515151515151516,1369.2121212121212,pg2_9,7
0.5470628560156588,0.5,4.6097722286464435,0.6167736469467471,2.2469852028573576,9.91084714147834,11.0,27.0,239.5,272.0,51.21649484536083,10.001264666550215,42.0,72.0,29.0,63.48453608247423,29.890905903177572,35.0,112.0,70.0,3535.3505154639174,2344.7130527677205,1505.0,7840.0,6113.0,0.9735063744225126,0.032266422506255873,0.7292225201072386,42.6875,36.78125,1569.90625,47.4375,50.21875,2420.34375,63.15151515151515,102.24242424242425,6522.454545454545,pg2_9,8
0.44869416634005815,0.5,6.082762530298219,0.8457778737700976,2.4613064714048085,8.29414600197083,8.5,24.0,214.5,326.0,39.20618556701031,3.1977380676143627,34.0,45.0,2.0,60.88659793814433,20.531030720511666,39.0,92.0,42.0,2440.7938144329896,994.7971034714268,1326.0,4140.0,1814.0,0.9784151391966983,0.04418516939529399,0.703579418344519,37.875,42.1875,1603.03125,36.84375,52.4375,1945.375,42.78787878787879,87.21212121212122,3733.5757575757575,pg2_9,9
0.14524140373631603,0.0,3.5,0.42050160678334053,0.5293992608852688,0.9320066587455312,2.5,6.5,359.0,246.5,39.4639175257732,1.300767859429897,38.0,43.0,-5.0,35.83505154639175,1.0422063468948546,34.0,37.0,-3.0,1415.1443298969073,80.93206896797807,1292.0,1591.0,-299.0,0.9919778824943192,0.02246282574040918,0.825,40.96875,36.71875,1504.3125,39.15625,36.25,1419.46875,38.303030303030305,34.57575757575758,1324.4848484848485,pg3_1,0
0.30839961489683376,0.0,4.123105625617661,0.652474528901181,1.6313924032386171,1.9250351794525409,7.0,11.0,290.0,463.0,38.76288659793814,6.690157712958146,35.0,68.0,30.0,37.48453608247423,2.9008118382382206,34.0,48.0,14.0,1470.2680412371135,401.17388356537634,1225.0,3264.0,1972.0,0.9779072468738063,0.04351096268181607,0.7530529172320217,35.1875,34.9375,1229.1875,37.03125,37.09375,1374.28125,43.90909090909091,40.333333333333336,1797.121212121212,pg3_1,1
1.0896622966100613,0.5,10.04987562112089,1.4948281103011432,4.796562786050773,8.147454705249281,30.0,27.5,186.0,405.0,81.08247422680412,58.191590794882266,35.0,218.0,183.0,53.78350515463917,24.989163343759778,36.0,137.0,101.0,5774.835051546392,7027.262331071697,1260.0,29866.0,28606.0,0.9590764538038049,0.05850210366643016,0.5625,40.34375,36.46875,1472.40625,47.46875,40.71875,1986.5,153.1818181818182,83.24242424242425,13620.424242424242,pg3_1,2
0.7528143031133222,0.5,20.554804791094465,2.1282915194339966,8.762358989574356,8.325458779927358,27.0,31.5,429.5,464.5,56.02061855670103,21.474501485491515,39.0,99.0,58.0,44.5360824742268,12.007782575686093,37.0,84.0,45.0,2724.8762886597938,1938.0646487239915,1480.0,8316.0,6717.0,0.9689023255676177,0.07454228775337916,0.3183856502242152,41.0,39.0,1599.0,43.0625,38.25,1649.0,83.15151515151516,56.0,4859.909090909091,pg3_1,3
1.0493053268010526,1.118033988749895,3.5,0.9216719397270752,11.469735877934415,22.680033970601578,33.0,73.0,492.5,397.0,63.96907216494845,29.815049686339883,35.0,119.0,81.0,79.18556701030928,56.09625929732505,29.0,192.0,162.0,6726.443298969072,7221.183533758735,1015.0,22272.0,21222.0,0.9632192504573297,0.04222416086731078,0.7878787878787878,36.4375,31.03125,1133.25,53.4375,53.09375,3059.25,100.87878787878788,151.1818181818182,15706.212121212122,pg3_1,4
0.9714560646670386,0.5,12.5,1.689126435297734,10.330174698406934,10.251233500794406,43.0,32.0,473.0,204.5,71.77319587628865,52.596794452643124,34.0,188.0,154.0,49.90721649484536,13.730906123550207,35.0,79.0,32.0,4182.721649484536,3926.0567183257403,1190.0,12596.0,11406.0,0.9626179768250019,0.0659102099597019,0.6236959761549925,34.5,36.96875,1276.9375,42.4375,44.46875,1936.46875,136.36363636363637,67.72727272727273,9178.636363636364,pg3_1,5
0.33707768482752565,0.0,4.924428900898052,0.6482536548743725,4.074761015104537,5.159399863432936,12.0,19.5,243.0,129.0,49.98969072164948,13.549827742931265,39.0,80.0,40.0,44.95876288659794,11.205592791537475,35.0,67.0,31.0,2398.2474226804125,1320.3356495383327,1400.0,5360.0,3920.0,0.9804398136908582,0.039701396244736085,0.7087845968712395,39.65625,35.78125,1418.59375,42.6875,39.46875,1690.8125,67.0909090909091,59.18181818181818,4034.212121212121,pg3_1,6
1.264942518221449,1.0590169943749475,6.576473218982953,1.2743150155785312,4.247059838370337,24.723966599062134,13.0,83.5,298.0,405.5,72.23711340206185,28.41437606081267,40.0,114.0,73.0,79.95876288659794,59.06207070876956,37.0,235.0,193.0,7167.81443298969,7457.733810912728,1680.0,26555.0,24875.0,0.9623527552906367,0.052023374494465154,0.6705179282868526,42.875,40.65625,1743.625,67.0,44.9375,3180.875,105.78787878787878,152.03030303030303,16293.757575757576,pg3_1,7
0.7535423723644955,0.5,4.0,0.8035642847451315,5.976519044694257,6.0898435176536285,18.5,19.0,380.0,342.5,47.23711340206186,7.089666061488978,39.0,62.0,23.0,70.62886597938144,26.476723715633646,39.0,112.0,73.0,3511.8453608247423,1722.1218531560573,1521.0,6944.0,5423.0,0.9661605974607532,0.04573053739697794,0.7299270072992701,39.40625,39.84375,1570.40625,46.3125,75.15625,3545.46875,55.72727272727273,96.0909090909091,5361.848484848485,pg3_1,8
0.8806318180099586,0.5,5.408326913195984,1.039835772822713,6.609541986839917,9.026519424897263,26.5,36.0,361.5,360.0,54.47422680412371,27.846076472595417,36.0,134.0,97.0,53.63917525773196,20.896497791217474,34.0,110.0,76.0,3492.463917525773,3427.697162283582,1258.0,14740.0,13482.0,0.960441915799628,0.053401087126882435,0.7028846153846153,36.6875,39.03125,1432.15625,39.78125,42.09375,1684.875,85.96969696969697,79.0,7243.151515151515,pg3_1,9
0.01877891289304161,0.0,1.8027756377319946,0.18303420198755818,0.15151482945050593,0.10100988630033723,1.5,1.0,381.0,404.0,29.989690721649485,0.10100988630033722,29.0,30.0,1.0,36.0,0.0,36.0,36.0,0.0,1079.6288659793815,3.6363559068121396,1044.0,1080.0,36.0,0.9985067016317016,0.014554872091242985,0.8566433566433567,29.96875,36.0,1078.875,30.0,36.0,1080.0,30.0,36.0,1080.0,pg3_10,0
0.08127891289304161,0.0,1.8027756377319946,0.24186340150091337,0.8279897404613649,0.4869429145822492,2.5,3.0,133.5,313.5,32.05154639175258,0.8294966057687193,30.0,33.0,-3.0,34.75257731958763,0.9635729027256018,33.0,37.0,4.0,1113.2061855670104,17.38641378833407,1080.0,1155.0,21.0,0.9948670684908484,0.016732673122719487,0.8626790227464195,32.90625,33.78125,1111.59375,32.125,34.59375,1111.375,31.151515151515152,35.84848484848485,1116.5454545454545,pg3_10,1
0.040875999805121216,0.0,2.1213203435596424,0.28117311270211875,0.678300377302927,0.6797091023454405,1.5,1.5,256.5,160.0,37.72164948453608,0.470627307650034,37.0,39.0,-1.0,29.11340206185567,1.3612932651747682,27.0,30.0,2.0,1098.8041237113403,63.761255594238165,999.0,1140.0,48.0,0.99671860804543,0.022538619791216113,0.8329048843187661,37.15625,27.3125,1015.125,38.0,30.0,1140.0,38.0,30.0,1140.0,pg3_10,2
0.18679100766538323,0.0,2.692582403567252,0.38392810019848433,0.7990854587660248,2.6834340620545976,4.5,7.5,445.0,333.0,36.824742268041234,3.6973389965248957,31.0,42.0,11.0,36.05154639175258,2.752210485614455,32.0,40.0,7.0,1336.9278350515465,229.56158338323092,1023.0,1680.0,657.0,0.9874873507344745,0.026628924527731003,0.8062554300608167,32.25,32.875,1059.75,37.3125,35.90625,1340.40625,40.78787878787879,39.27272727272727,1602.3333333333333,pg3_10,3
0.6051522130298425,0.5,2.1213203435596424,0.6002943436890642,8.105407449893656,10.29359632000776,27.0,32.5,387.0,125.0,44.81443298969072,14.994383757464933,31.0,78.0,45.0,60.51546391752577,39.25205711388103,29.0,143.0,114.0,3294.1134020618556,3190.5233577609683,928.0,11154.0,10197.0,0.969893304508202,0.034731552787699516,0.8274547187797903,31.84375,30.1875,961.09375,37.9375,39.5625,1549.875,64.06060606060606,110.24242424242425,7247.818181818182,pg3_10,4
0.8549997484196309,0.7071067811865476,2.9154759474226504,0.7539592806438784,6.869925493676027,4.2025643902937135,31.5,15.5,473.5,210.0,88.22680412371135,56.57319046577713,34.0,212.0,177.0,49.02061855670103,18.53777385262864,31.0,88.0,56.0,5337.164948453608,5124.35415026402,1054.0,18656.0,17536.0,0.9611227305697257,0.039887313576679066,0.7907348242811502,35.5,32.40625,1152.15625,70.28125,40.6875,2974.0625,156.75757575757575,73.21212121212122,11686.848484848484,pg3_10,5
0.57439177552602,0.0,3.2015621187164243,0.7058321955026323,13.357700172380227,0.8739811948315135,49.0,4.0,384.5,270.5,51.154639175257735,28.58820325022178,33.0,131.0,98.0,33.30927835051546,4.548390051055605,29.0,47.0,18.0,1830.340206185567,1356.6071602908983,957.0,6157.0,5200.0,0.9744399004329649,0.03656957402577209,0.7638062871707731,33.75,30.125,1016.59375,34.5625,30.84375,1066.6875,84.12121212121212,38.78787878787879,3359.939393939394,pg3_10,6
1.186864280798169,1.0590169943749475,6.5,1.0862296468206487,25.18818639294111,3.992054229464478,87.5,15.0,296.0,269.0,94.5979381443299,65.14783502250773,39.0,248.0,209.0,53.2680412371134,21.29494178549883,27.0,76.0,47.0,6128.020618556701,5593.143128995587,1053.0,18352.0,17299.0,0.9588872098305447,0.051756606199255546,0.6384872080088988,41.40625,28.6875,1189.9375,63.1875,56.09375,3824.5625,176.63636363636363,74.36363636363636,13150.121212121212,pg3_10,7
0.7534349392781737,0.5,3.5355339059327378,0.7534935029192763,7.3343360924993295,12.572248428392697,26.0,30.5,306.0,394.0,54.608247422680414,23.589075184552982,36.0,106.0,70.0,60.72164948453608,29.665746941701933,28.0,100.0,72.0,3876.979381443299,3317.5578988084008,1008.0,10600.0,9592.0,0.9677993527786022,0.03960403031273969,0.773109243697479,38.25,30.125,1156.5,41.9375,54.125,2288.625,82.75757575757575,96.78787878787878,8055.242424242424,pg3_10,8
1.2587483648347295,1.5,13.209844813622906,1.5022311364631036,23.538619016084986,7.281697340962036,85.5,23.5,271.5,376.0,105.09278350515464,75.03498599440086,36.0,255.0,218.0,59.29896907216495,23.255268751626666,34.0,97.0,63.0,7941.948453608247,7822.9832530003805,1224.0,24735.0,23477.0,0.9613259404247914,0.0544136156063409,0.5391282182003568,37.28125,34.6875,1294.34375,75.28125,54.71875,4430.4375,199.75757575757575,87.60606060606061,17793.21212121212,pg3_10,9
0.07291666666666667,0.0,2.5,0.2973771338254208,1.2380795196648307,0.33667331531562744,6.0,1.0,452.5,383.5,31.02061855670103,0.3793478245974041,30.0,32.0,0.0,33.855670103092784,0.673346630631255,33.0,35.0,-2.0,1050.319587628866,28.34381926543421,990.0,1120.0,-62.0,0.995564498480844,0.01777641997565899,0.8529411764705882,31.25,34.5,1078.125,31.0,34.0,1054.0,30.818181818181817,33.09090909090909,1019.7878787878788,pg3_11,0
0.026557393299962418,0.0,2.5495097567963922,0.2588494508289413,0.252524715750843,0.05050494315016862,2.5,0.5,340.5,172.5,34.98969072164948,0.10100988630033723,34.0,35.0,1.0,28.010309278350515,0.10100988630033722,28.0,29.0,-1.0,980.0618556701031,0.6060593178020237,980.0,986.0,-6.0,0.9983060747663551,0.016510340887818917,0.8373831775700935,34.96875,28.03125,980.1875,35.0,28.0,980.0,35.0,28.0,980.0,pg3_11,1
0.8044017818982899,0.5,6.576473218982953,0.9954690385000377,14.206352025718173,5.774300336180081,44.5,26.0,416.0,236.5,61.7319587628866,40.65583876960547,31.0,165.0,133.0,46.52577319587629,17.405469446993074,29.0,93.0,64.0,3571.680412371134,3737.053973789834,928.0,15345.0,14417.0,0.9622276646361687,0.0531861595880389,0.660377358490566,31.78125,32.21875,1024.09375,39.0625,38.75,1576.40625,112.75757575757575,67.93939393939394,7976.878787878788,pg3_11,2
0.8353368140625671,0.5,5.5901699437494745,1.2237340017633735,4.79717208651442,8.979227572154471,23.0,39.5,272.0,243.0,52.597938144329895,28.404537097222935,36.0,140.0,102.0,41.98969072164948,6.3675965223432,36.0,62.0,5.0,2359.9896907216494,1704.9936813671673,1296.0,6834.0,4780.0,0.9608219911978843,0.05687834871898963,0.6618798955613577,36.25,37.0625,1344.0,37.625,40.09375,1510.59375,82.96969696969697,48.60606060606061,4168.848484848485,pg3_11,3
0.5372091633574988,0.25,4.242640687119285,0.7415847769954578,5.768752892722489,2.0865785826900662,24.5,7.5,349.0,285.0,47.381443298969074,17.939441830074312,36.0,101.0,63.0,31.54639175257732,5.867999217416622,27.0,46.0,15.0,1581.4948453608247,927.6737131204413,972.0,4444.0,3342.0,0.9701045087775412,0.04648651375622223,0.7263969171483622,38.3125,28.125,1077.53125,37.09375,27.46875,1019.15625,66.15151515151516,38.81818181818182,2615.4848484848485,pg3_11,4
0.9892203831760042,1.0,6.020797289396148,0.9273536004005085,7.228943607301331,14.16643586782334,31.0,36.5,368.0,393.0,48.97938144329897,25.13057831860813,33.0,132.0,98.0,68.91752577319588,40.023876920847,32.0,130.0,98.0,4171.845360824742,4433.81521812286,1088.0,17160.0,16072.0,0.9559139128428242,0.05123893043003838,0.6335616438356164,34.125,32.90625,1122.75,37.3125,51.5625,1962.21875,74.6969696969697,120.66666666666667,9271.212121212122,pg3_11,5
0.9886150915251634,1.118033988749895,4.031128874149275,0.9542856145525962,14.009063234000656,14.777022691238841,50.0,55.0,299.5,369.5,56.09278350515464,25.119542018539494,36.0,123.0,86.0,67.81443298969072,48.17800539727587,26.0,161.0,135.0,4949.783505154639,5601.418705098827,936.0,19803.0,18841.0,0.9612834256052526,0.049184486367663656,0.7293729372937293,38.03125,27.21875,1038.6875,43.78125,44.78125,2000.59375,85.54545454545455,129.5151515151515,11602.181818181818,pg3_11,6
1.2706648600066701,1.4142135623730951,3.3541019662496847,1.0129342592410575,31.141514425509396,9.775672290541712,101.0,33.0,238.5,312.5,89.78350515463917,71.71337950539652,27.0,253.0,224.0,59.670103092783506,26.57171647606186,35.0,133.0,98.0,7245.494845360825,8677.34493114669,999.0,33649.0,32634.0,0.9567817885832444,0.040144590510411325,0.7523404255319149,28.1875,37.5625,1058.1875,59.53125,48.96875,3097.375,178.84848484848484,91.48484848484848,17267.727272727272,pg3_11,7
1.209130228509881,1.118033988749895,9.17877987534291,1.1564961120428852,11.656669164847456,21.917821568932407,37.0,75.5,277.5,468.5,59.96907216494845,31.633680865787714,32.0,131.0,97.0,80.62886597938144,52.41730248443662,27.0,195.0,168.0,6443.958762886598,7256.030875082821,864.0,25414.0,24291.0,0.9521621330230507,0.05621581742562496,0.5281090289608177,35.40625,29.21875,1037.53125,44.125,66.0625,3008.6875,99.15151515151516,144.6060606060606,15017.727272727272,pg3_11,8
0.7347898331344811,0.5,9.486832980505138,1.1498100137800453,5.93854702242827,7.445940074593058,19.5,28.5,334.0,469.5,71.14432989690722,34.61272922713495,36.0,136.0,98.0,50.7319587628866,30.226129020182047,29.0,138.0,109.0,4523.969072164949,4807.409267476906,1044.0,18492.0,17448.0,0.9621392771861991,0.060925287146417324,0.5325891249549874,36.71875,29.75,1093.46875,62.375,37.09375,2383.625,113.03030303030303,84.3030303030303,9926.0,pg3_11,9
0.1832651697766586,0.0,4.47213595499958,0.4976583944300875,1.1974749357304415,0.6008637987999095,6.5,3.0,407.0,227.0,33.670103092783506,1.1551913260067168,31.0,36.0,3.0,33.422680412371136,2.148291344763894,28.0,36.0,7.0,1127.618556701031,108.27670198030286,868.0,1296.0,322.0,0.9879814714726248,0.03466265528551361,0.6860254083484574,32.34375,30.84375,997.84375,33.90625,33.625,1140.5625,34.72727272727273,35.72727272727273,1240.909090909091,pg3_12,0
0.05354223900666936,0.0,3.640054944640259,0.37810919319091685,0.35353460205118037,0.588035670365924,3.5,2.5,410.5,333.5,27.010309278350515,0.10100988630033722,27.0,28.0,-1.0,30.350515463917525,0.47713140063530446,30.0,31.0,-1.0,819.7835051546392,13.673834448999049,810.0,868.0,-58.0,0.9961894820151739,0.027784127222740526,0.7309644670050761,27.03125,30.65625,828.6875,27.0,30.40625,820.96875,27.0,30.0,810.0,pg3_12,1
0.06770833333333333,0.0,5.0,0.5134634828922978,0.46734131779971716,0.23086799666555352,5.0,1.0,354.0,297.5,36.94845360824742,0.2211093875208991,36.0,37.0,1.0,28.84536082474227,0.461735993331107,27.0,29.0,2.0,1065.8762886597938,22.31926620563303,972.0,1073.0,101.0,0.9964465988501416,0.025304658551647794,0.7560975609756098,36.84375,28.53125,1051.40625,37.0,29.0,1073.0,37.0,29.0,1073.0,pg3_12,2
0.08157241557130522,0.0,2.9154759474226504,0.4252598511708603,0.5781014587690342,0.9525349211789925,4.0,2.5,175.0,404.5,35.4639175257732,2.53251782000876,30.0,37.0,7.0,29.31958762886598,2.0586573131638084,24.0,31.0,7.0,1044.8556701030927,140.27204714453256,720.0,1147.0,427.0,0.9931938231872591,0.037771454491444256,0.7209302325581395,32.375,26.8125,871.84375,36.96875,30.09375,1112.53125,37.0,31.0,1147.0,pg3_12,3
0.39382433113922155,0.5,5.0,0.5982668547864558,4.02627806805555,1.9295295491408124,11.5,7.0,151.0,237.0,47.30927835051546,7.894093870478299,36.0,59.0,23.0,55.381443298969074,21.64971526632081,29.0,84.0,54.0,2784.958762886598,1438.9083341810865,1044.0,4956.0,3876.0,0.977659982321697,0.033433176022307574,0.7560975609756098,37.375,30.90625,1156.78125,49.3125,54.5,2742.65625,55.0,79.96969696969697,4404.818181818182,pg3_12,4
0.7872472257232039,0.5,2.5495097567963922,0.8675469087746507,21.97220802264951,2.269505150799105,62.5,8.0,274.0,130.0,68.76288659793815,43.44371241467035,36.0,157.0,119.0,48.72164948453608,12.586805616585815,38.0,72.0,34.0,3873.103092783505,3400.1905540432385,1368.0,11160.0,9792.0,0.9724891788545408,0.03479641640519322,0.851150202976996,36.1875,38.0625,1377.5625,44.40625,42.46875,1929.03125,123.96969696969697,65.12121212121212,8178.181818181818,pg3_12,5
0.7634212350771995,0.5,3.0,0.6618318148642726,2.010071357848073,16.81596572179404,8.5,47.0,280.0,300.5,39.22680412371134,10.872745795178922,29.0,78.0,47.0,85.71134020618557,50.85697729359228,39.0,190.0,151.0,3867.0721649484535,3482.6673544868904,1131.0,14820.0,13611.0,0.9704379763642171,0.0261542599057465,0.8235294117647058,31.21875,40.0625,1251.4375,35.46875,64.90625,2346.5625,50.63636363636363,150.15151515151516,7877.878787878788,pg3_12,6
0.8432036112373084,0.5,3.3541019662496847,0.8212334239806784,1.7076876933281802,18.36524081949833,7.0,66.0,237.5,356.5,37.41237113402062,2.82387675806395,35.0,51.0,16.0,60.81443298969072,41.1099430862509,26.0,169.0,142.0,2378.938144329897,1844.4836944973679,910.0,8619.0,7674.0,0.9696320893202587,0.03590808216782567,0.7582938388625592,35.53125,27.03125,961.0625,36.25,43.3125,1569.75,40.36363636363637,110.54545454545455,4538.515151515152,pg3_12,7
0.6323029314560804,0.5,3.1622776601683795,0.6403817894079912,9.765278558261299,2.027339967551646,32.5,8.5,304.0,401.5,58.91752577319588,38.39637818591393,27.0,157.0,127.0,51.329896907216494,17.404064965086732,33.0,81.0,48.0,3626.278350515464,3366.8637636431567,891.0,12717.0,11727.0,0.9659277082684081,0.035121190789512535,0.8181818181818182,29.1875,33.28125,971.34375,39.4375,47.625,1971.8125,106.63636363636364,72.42424242424242,7805.090909090909,pg3_12,8
0.5658574301500444,0.0,4.272001872658765,0.8149726184013716,10.162846649144575,2.9920982130340747,41.0,10.0,397.0,415.0,51.20618556701031,28.611128302981843,30.0,118.0,88.0,36.91752577319588,5.3200071759752845,31.0,53.0,14.0,2029.1958762886597,1473.7656560848336,930.0,6148.0,4468.0,0.9709346379491562,0.04662910312362838,0.7027027027027027,30.3125,31.53125,956.1875,34.875,36.40625,1272.59375,87.3030303030303,42.63636363636363,3803.3636363636365,pg3_12,9
0.8551796914948048,0.5,9.17877987534291,1.2195973496424342,7.1298368341008524,9.21145991303268,33.0,35.5,409.0,551.5,61.8041237113402,30.93113040863249,32.0,134.0,102.0,46.78350515463917,13.22776430613402,37.0,89.0,52.0,3241.639175257732,2746.8593169143023,1184.0,11926.0,10742.0,0.962452791637535,0.061359490902246246,0.580568720379147,34.84375,38.21875,1334.9375,49.125,43.4375,2154.90625,100.24242424242425,58.333333333333336,6144.363636363636,pg3_2,0
0.07478377850193883,0.0,4.47213595499958,0.4672961799611746,0.3056488057808988,0.5110117002636588,2.0,4.5,267.0,478.0,37.83505154639175,0.8456122331715414,34.0,39.0,5.0,34.5360824742268,0.7043583856717,33.0,36.0,-3.0,1306.4432989690722,31.07621793390512,1224.0,1330.0,63.0,0.9953519042011502,0.029474571026330415,0.7178947368421053,36.90625,34.53125,1274.375,38.0,35.0,1330.0,38.57575757575758,34.09090909090909,1314.6969696969697,pg3_2,1
0.09223022881510089,0.0,3.3541019662496847,0.37057646744774214,0.3921593113734069,1.0670227600249718,2.0,6.5,230.5,357.0,36.74226804123711,0.437385637847349,36.0,37.0,1.0,43.65979381443299,0.7017885536130931,42.0,45.0,1.0,1604.1546391752577,31.72183878336249,1512.0,1628.0,79.0,0.9951640799832013,0.021235244442013048,0.8024691358024691,36.21875,43.4375,1573.0625,37.0,43.875,1623.375,37.0,43.666666666666664,1615.6666666666667,pg3_2,2
0.10098463761761844,0.0,3.1622776601683795,0.40531625878060323,1.3597308943338182,0.5973601899306445,6.0,4.0,355.5,223.0,39.0,0.0,39.0,39.0,0.0,35.31958762886598,0.46631681970716043,35.0,36.0,-1.0,1377.4639175257732,18.18635596857926,1365.0,1404.0,-39.0,0.9940042443765732,0.024327149753030155,0.813953488372093,39.0,35.96875,1402.78125,39.0,35.0,1365.0,39.0,35.0,1365.0,pg3_2,3
0.3068325263218367,0.0,4.6097722286464435,0.628837923573549,1.1077078523471597,3.5419235817781454,4.0,18.5,419.5,182.0,45.58762886597938,2.5025866095997955,41.0,51.0,7.0,41.21649484536083,3.0670406305353817,36.0,49.0,13.0,1886.1855670103093,241.85112272818725,1517.0,2499.0,902.0,0.9844158383975291,0.03415109664147418,0.7487465181058496,42.75,37.71875,1612.5,45.375,41.375,1877.84375,48.54545454545455,44.45454545454545,2159.6666666666665,pg3_2,4
1.2391920244609416,1.0,4.031128874149275,1.224033207547516,21.20459801905091,6.670322181267789,77.5,35.0,410.0,313.0,72.77319587628865,59.22149671607034,32.0,221.0,189.0,72.08247422680412,29.355506729087484,42.0,146.0,104.0,6768.422680412371,7899.9193442771,1344.0,32266.0,30922.0,0.9602102925079675,0.04033546224597636,0.8007827788649706,32.96875,43.5625,1436.25,38.0625,64.40625,2532.1875,145.03030303030303,107.18181818181819,16046.878787878788,pg3_2,5
0.8918810935326391,0.7071067811865476,3.605551275463989,0.8029024110473765,21.045315474776885,3.0104858019137515,61.5,13.0,370.0,386.0,71.17525773195877,39.77125582480427,39.0,170.0,131.0,73.77319587628865,28.882808054733545,40.0,136.0,96.0,6243.40206185567,5575.175050018274,1560.0,23120.0,21560.0,0.9624562660495762,0.04058981656060154,0.7926829268292683,40.09375,41.5625,1667.65625,50.6875,73.96875,3892.65625,121.18181818181819,104.81818181818181,12960.0,pg3_2,6
0.9844295274552796,0.5,13.583077707206124,1.6908647212223025,6.1756148460498235,5.678564445805032,30.5,37.5,289.0,258.0,71.09278350515464,37.56645862869674,45.0,177.0,132.0,54.175257731958766,29.498212529903356,37.0,145.0,108.0,4936.226804123711,5901.366880813457,1665.0,25665.0,24000.0,0.9631742855707789,0.04995463313221909,0.6507592190889371,45.0,37.0,1665.0,50.53125,38.90625,1973.84375,116.33333333333333,85.63636363636364,10980.939393939394,pg3_2,7
0.8870163042527143,0.5,17.00735135169495,1.888747929888084,12.880029253707582,6.0669687041466,40.0,28.5,157.5,303.0,69.97938144329896,27.435765423251013,44.0,131.0,83.0,55.50515463917526,22.580496881359284,39.0,127.0,85.0,4452.0,3816.720511632667,1716.0,16637.0,14621.0,0.9643919629595105,0.05543307232227226,0.5653298835705045,47.53125,41.28125,1964.0,56.53125,45.1875,2585.5625,104.78787878787878,79.3030303030303,8674.484848484848,pg3_2,8
0.8202447397359599,0.5,8.0156097709407,1.002138663194281,4.480291865293429,9.25136683349058,22.5,40.0,183.0,250.5,51.54639175257732,10.536163172769818,39.0,85.0,46.0,59.123711340206185,28.391322084945404,35.0,135.0,98.0,3336.8453608247423,2457.689130603109,1400.0,11475.0,10032.0,0.9654834405080696,0.044115998933596974,0.6481316725978647,42.21875,36.3125,1534.03125,49.34375,46.46875,2307.84375,62.72727272727273,93.51515151515152,6082.848484848485,pg3_2,9
0.08502372562675396,0.0,3.1622776601683795,0.35803300510876523,0.23989847996330096,0.7994178985435905,1.0,6.0,222.5,411.0,36.72164948453608,0.44818690967596203,36.0,37.0,-1.0,36.74226804123711,0.437385637847349,36.0,37.0,1.0,1349.1649484536083,18.451765155899775,1332.0,1369.0,0.0,0.9951669818085094,0.021516458391627493,0.8048780487804879,37.0,36.5625,1352.8125,37.0,36.65625,1356.28125,36.18181818181818,37.0,1338.7272727272727,pg3_3,0
0.06996865172946147,0.0,4.716990566028302,0.4977032795168502,0.252524715750843,0.77271462686365,2.5,6.0,421.5,263.5,36.98969072164948,0.10100988630033723,36.0,37.0,1.0,39.0,0.0,39.0,39.0,0.0,1442.5979381443299,3.939385565713154,1404.0,1443.0,39.0,0.996022555823778,0.029388213136852463,0.7181653590826795,36.96875,39.0,1441.78125,37.0,39.0,1443.0,37.0,39.0,1443.0,pg3_3,1
0.09015755826137299,0.0,5.852349955359813,0.6226595763510591,0.43616898559394196,0.6006868920394728,2.0,5.5,293.5,331.5,36.52577319587629,0.8506247977210832,35.0,37.0,2.0,38.649484536082475,0.5380613752865933,37.0,39.0,0.0,1411.9896907216496,47.446659110300786,1330.0,1443.0,78.0,0.9948097233106218,0.03503989859006223,0.678082191780822,35.5625,37.9375,1349.0,37.0,39.0,1443.0,37.0,39.0,1443.0,pg3_3,2
0.11060452071614474,0.0,5.0,0.5383771664274827,0.5114794456249864,1.869493188715836,3.0,8.0,166.0,312.0,44.7319587628866,2.41778404089418,40.0,46.0,6.0,35.55670103092783,0.811884306482358,34.0,36.0,2.0,1592.4329896907216,118.86932157925033,1360.0,1656.0,296.0,0.992139638991994,0.036424387677836303,0.6894409937888198,42.1875,34.6875,1465.875,45.96875,35.96875,1653.4375,46.0,36.0,1656.0,pg3_3,3
0.1421250088765966,0.0,5.522680508593631,0.5868422404574849,0.45965972803315364,0.6076355475584073,2.0,5.5,323.0,244.0,37.402061855670105,0.5109076986954172,36.0,38.0,2.0,33.55670103092783,0.5171107712983279,32.0,34.0,2.0,1255.2061855670104,30.92656354774616,1152.0,1292.0,140.0,0.991610043163552,0.03313671454788013,0.6937901498929336,37.3125,33.8125,1261.75,37.4375,33.21875,1243.71875,37.45454545454545,33.63636363636363,1260.0,pg3_3,4
0.14342849389638693,0.0,5.1478150704935,0.5522219666691532,0.7347124042307973,1.090763548393308,5.0,5.5,233.0,178.5,35.25773195876289,0.7219439752582101,33.0,37.0,3.0,44.47422680412371,2.769840456550784,40.0,49.0,8.0,1568.8969072164948,115.02653073939005,1320.0,1813.0,419.0,0.9914386302040524,0.032595914125586344,0.6983729662077597,34.96875,41.75,1460.21875,35.40625,43.9375,1556.4375,35.39393939393939,47.63636363636363,1686.3636363636363,pg3_3,5
0.9026707158113755,0.5,10.5,1.3483315908249645,10.13885685483735,8.176414681333796,25.5,37.5,130.5,421.5,70.22680412371135,30.749572171909108,43.0,120.0,77.0,57.350515463917525,28.965689350127874,39.0,127.0,88.0,4793.721649484536,4477.129158271021,1677.0,15240.0,13563.0,0.9666084102360545,0.05246439195597493,0.6111111111111112,43.125,39.96875,1723.65625,55.59375,40.96875,2292.875,110.6969696969697,90.0909090909091,10195.818181818182,pg3_3,6
0.04450001950686214,0.0,4.272001872658765,0.4337325384733724,0.15151482945050593,0.40403954520134894,1.5,4.0,453.5,421.0,37.01030927835052,0.10100988630033723,37.0,38.0,-1.0,44.0,0.0,44.0,44.0,0.0,1628.4536082474226,4.444434997214838,1628.0,1672.0,-44.0,0.9976478494623656,0.022925927558354417,0.7741935483870968,37.03125,44.0,1629.375,37.0,44.0,1628.0,37.0,44.0,1628.0,pg3_3,7
0.06980793873662942,0.0,3.2015621187164243,0.34659320779458896,0.49773640018859017,0.6132937615561175,3.0,5.0,382.0,443.5,35.95876288659794,0.19883816002047328,35.0,36.0,0.0,40.371134020618555,0.48310822737566933,40.0,41.0,0.0,1451.6701030927834,17.099298622792503,1435.0,1476.0,0.0,0.9960214554937009,0.021600327545386964,0.7955665024630542,35.875,40.84375,1465.25,36.0,40.15625,1445.625,36.0,40.121212121212125,1444.3636363636363,pg3_3,8
0.08447679404840046,0.0,4.6097722286464435,0.4821275812486124,0.37048913043435905,0.532002715358378,3.5,4.5,287.5,462.5,36.04123711340206,1.0641053138834362,34.0,37.0,3.0,40.55670103092783,1.2760204904549115,37.0,42.0,5.0,1462.8556701030927,85.05668088219345,1258.0,1554.0,296.0,0.9950242544564191,0.030564011978541875,0.7045454545454546,34.84375,39.25,1367.84375,36.25,40.375,1463.875,37.0,42.0,1554.0,pg3_3,9
0.5528237892789917,0.5,3.2015621187164243,0.5651423342904132,3.671934270381588,5.902572795603386,17.0,17.0,266.5,529.5,54.855670103092784,25.42666418064087,35.0,117.0,82.0,55.63917525773196,16.851189542893458,37.0,89.0,52.0,3464.742268041237,2696.1663860001145,1295.0,10413.0,9118.0,0.9735340720637117,0.03231152091068006,0.786234281932495,36.125,40.0625,1447.78125,40.84375,48.75,2021.90625,86.60606060606061,77.42424242424242,6819.69696969697,pg3_4,0
0.8529898193093954,0.5,9.848857801796104,1.1632444002965117,7.434705322687668,7.4651633635884505,32.0,20.5,214.0,428.5,49.95876288659794,21.963379796329114,33.0,116.0,83.0,64.79381443298969,31.266047638526953,35.0,118.0,82.0,3838.422680412371,3601.4747976694885,1155.0,13572.0,12417.0,0.960277304135194,0.05567321319753476,0.5376344086021505,35.96875,38.5625,1389.09375,39.25,48.65625,1916.375,73.9090909090909,105.87878787878788,8077.333333333333,pg3_4,1
0.721429860883474,0.7071067811865476,5.408326913195984,0.7691021534830844,8.754010058442093,4.238411269357117,33.0,16.5,428.5,476.0,61.30927835051546,31.692908187418354,34.0,131.0,94.0,66.16494845360825,33.88509401095655,37.0,138.0,101.0,5128.556701030928,5174.802802097817,1332.0,18078.0,16709.0,0.964485601161012,0.043175964479018815,0.6745195288282703,35.8125,38.4375,1376.09375,45.25,49.4375,2335.8125,101.60606060606061,109.27272727272727,11475.424242424242,pg3_4,2
0.4935548672046639,0.0,7.0178344238090995,0.9484897256824942,4.6203800248491325,3.694830115487694,23.0,15.0,334.0,383.0,48.391752577319586,9.569665024495375,40.0,82.0,40.0,45.47422680412371,18.590593333313556,32.0,88.0,55.0,2358.6494845360826,1544.2345185472736,1320.0,7216.0,5830.0,0.9739729403994298,0.04982447087293349,0.6706408345752608,41.90625,32.90625,1378.875,45.28125,33.125,1500.0,57.696969696969695,69.63636363636364,4141.363636363636,pg3_4,3
0.9761775171121109,1.0,5.1478150704935,0.9383020773813558,13.972219754182847,7.888888556240306,39.5,26.5,502.5,318.0,79.11340206185567,32.60980697744756,44.0,124.0,77.0,51.1958762886598,22.316670841055,37.0,95.0,57.0,4627.731958762886,3766.995883991588,1665.0,11532.0,9823.0,0.965989503986032,0.03930133028441243,0.7227671657201858,46.875,37.46875,1756.96875,68.90625,37.9375,2618.34375,120.27272727272727,77.36363636363636,9360.0,pg3_4,4
0.2165022751382328,0.0,6.670832032063167,0.7377483298478572,1.41062048173123,0.9645926297868171,6.5,4.0,396.5,302.0,43.31958762886598,1.677912250587526,41.0,48.0,6.0,38.16494845360825,1.8593891712405115,34.0,40.0,5.0,1655.9072164948454,136.86972378188094,1428.0,1872.0,444.0,0.9887828492798357,0.03801400567490144,0.6762295081967213,41.3125,35.875,1482.6875,43.5625,39.0,1698.9375,45.03030303030303,39.57575757575758,1782.1515151515152,pg3_4,5
0.05839115911941656,0.0,3.605551275463989,0.3773907866787744,0.44800902242558266,0.37263442416346004,4.0,3.0,279.0,305.0,37.855670103092784,0.4538424887227864,36.0,38.0,2.0,41.83505154639175,0.4907476385736869,40.0,42.0,2.0,1583.9072164948454,36.50507166409282,1440.0,1596.0,156.0,0.9965591159162962,0.023670807446011636,0.7712177121771218,37.5625,41.5,1559.34375,38.0,42.0,1596.0,38.0,42.0,1596.0,pg3_4,6
1.2470985042108782,0.7071067811865476,17.0,1.9497477155079124,19.705564654445084,4.264784105044726,75.0,17.0,245.0,304.0,87.15463917525773,61.59685026861467,37.0,240.0,203.0,45.371134020618555,12.068805822107223,32.0,67.0,32.0,4677.845360824742,4496.775647451116,1216.0,15840.0,14582.0,0.9600128835097607,0.060818512079053685,0.5,41.75,35.59375,1487.1875,52.625,39.0625,2111.65625,164.66666666666666,60.96969696969697,10260.242424242424,pg3_4,7
1.1846844020197886,0.6035533905932737,9.394147114027968,1.6879357316786925,6.939017423351304,12.488351464802234,35.0,51.5,250.0,237.0,58.30927835051546,25.654066949035855,35.0,124.0,89.0,82.21649484536083,55.44221972396196,33.0,213.0,178.0,6142.948453608247,6685.651708737066,1225.0,26412.0,25187.0,0.9514615350346687,0.06492533294700371,0.601506456241033,38.71875,34.28125,1327.5,44.5625,59.625,2677.625,90.63636363636364,150.6060606060606,14172.787878787878,pg3_4,8
0.6443201367821948,0.5,6.800735254367722,0.9079839726946215,13.376778291894764,2.2507069542761435,47.0,11.0,312.5,213.5,64.37113402061856,26.07456381409746,42.0,133.0,91.0,37.175257731958766,2.125012112898651,35.0,46.0,9.0,2434.59793814433,1155.9252166068102,1512.0,6118.0,4564.0,0.9753930884987286,0.046405443991309914,0.6239406779661016,43.21875,36.0625,1558.59375,52.96875,36.71875,1941.9375,95.93939393939394,38.696969696969695,3761.787878787879,pg3_4,9
0.6207526808881336,0.5,2.23606797749979,0.6103102564845154,8.219621312065625,4.027327207752525,23.0,14.5,295.0,472.0,46.83505154639175,7.958242064044061,40.0,69.0,27.0,69.9381443298969,34.30302034521029,42.0,154.0,110.0,3523.494845360825,2471.717747055163,1680.0,10626.0,8778.0,0.9664113070720615,0.0334930413184945,0.8704453441295547,42.03125,44.625,1875.625,43.78125,50.46875,2223.25,54.45454545454545,113.36363636363636,6382.272727272727,pg3_5,0
1.1257529168462168,1.118033988749895,8.139410298049853,1.1718811246078824,15.691646206013322,9.302077337284356,51.0,39.5,253.0,455.5,91.31958762886597,46.200269198964136,42.0,166.0,124.0,59.81443298969072,23.13043690197912,42.0,120.0,76.0,6367.381443298969,5432.649966510333,1764.0,19920.0,18072.0,0.9583656228051171,0.0503178669546272,0.6734566618166701,42.96875,43.25,1859.1875,82.28125,47.75,3963.90625,146.96969696969697,87.57575757575758,13069.60606060606,pg3_5,1
0.9331281607577947,1.0,4.242640687119285,0.8332922670152664,1.9050419478430831,23.91728470372645,8.0,81.0,465.0,472.5,46.01030927835052,5.783900238265056,39.0,56.0,13.0,82.12371134020619,47.9286965526527,44.0,207.0,160.0,4014.536082474227,2836.450973485478,1848.0,11385.0,9411.0,0.9690812312581286,0.03268140566757701,0.772609819121447,41.34375,50.90625,2104.5,42.84375,53.96875,2325.5,53.60606060606061,139.6969696969697,7504.545454545455,pg3_5,2
1.0409516438174486,1.0,2.692582403567252,0.9654246087777916,25.283935492412628,6.684150029873014,74.0,22.0,447.5,428.0,106.37113402061856,76.60062711213094,42.0,251.0,208.0,45.44329896907217,8.234913193371868,39.0,67.0,26.0,5416.659793814433,4956.014257167693,1680.0,16817.0,15054.0,0.965048724036437,0.03384219701890444,0.8492569002123143,42.53125,40.5,1722.28125,68.875,41.28125,2897.34375,204.63636363636363,54.27272727272727,11442.060606060606,pg3_5,3
0.3736840529145217,0.0,3.3541019662496847,0.6110491485393873,4.6627693264278305,0.7171435170902549,18.5,4.5,205.5,301.5,52.618556701030926,15.398114290070845,41.0,96.0,54.0,38.72164948453608,6.766720060116589,31.0,54.0,19.0,2139.061855670103,1078.7886564318524,1302.0,5184.0,3714.0,0.9809281847824071,0.03550175284984958,0.7876923076923077,41.09375,34.75,1427.78125,46.03125,34.53125,1595.8125,70.18181818181819,46.63636363636363,3355.5757575757575,pg3_5,4
0.8493248786269835,0.6035533905932737,2.5,0.7971311585169615,6.186816884032711,19.97076724280087,16.5,69.0,475.0,301.0,49.16494845360825,13.083144434588805,35.0,74.0,39.0,65.62886597938144,44.363846985271174,34.0,180.0,146.0,3735.659793814433,3433.286345716365,1190.0,13320.0,12130.0,0.9716408452121037,0.027595146935888284,0.865533230293663,36.40625,34.9375,1272.0,44.71875,41.40625,1894.4375,65.84848484848484,118.87878787878788,7910.090909090909,pg3_5,5
0.1544627825494395,0.0,2.0,0.3261128365158568,0.7198061878231412,0.9747312281645146,2.5,5.5,353.0,325.5,37.11340206185567,2.1675977898476573,33.0,41.0,8.0,44.77319587628866,3.959863463852526,39.0,50.0,10.0,1669.7113402061855,239.02952234360527,1287.0,2009.0,722.0,0.9920467674239366,0.017312978451470944,0.9024390243902439,34.65625,39.90625,1383.375,37.34375,46.0,1720.90625,39.27272727272727,48.303030303030305,1897.7272727272727,pg3_5,6
1.0892792097329664,1.0,4.301162633521313,0.9952658622583502,15.787415260379937,12.125405327337143,49.0,40.5,350.0,238.0,91.52577319587628,49.01632229376549,44.0,168.0,111.0,51.75257731958763,27.790093513357146,31.0,119.0,87.0,5858.113402061856,5759.485925077046,1408.0,18445.0,17037.0,0.9673573564867647,0.03195131983334649,0.8571428571428571,45.78125,32.40625,1482.90625,72.1875,37.5625,2785.125,154.63636363636363,84.27272727272727,13080.60606060606,pg3_5,7
0.9759829978840381,1.0,3.5355339059327378,0.8900836221995956,11.61761217906323,9.700929587428217,48.0,36.5,301.5,261.0,76.82474226804123,46.2810799019679,35.0,187.0,152.0,60.5360824742268,28.44747804873754,36.0,130.0,94.0,5935.7525773195875,6333.467856823873,1260.0,24310.0,23050.0,0.961790747784035,0.03850207710232572,0.8025751072961373,36.375,37.5,1365.46875,57.375,48.21875,2850.96875,134.9090909090909,94.81818181818181,13358.848484848484,pg3_5,8
0.9398792475350163,0.7071067811865476,9.340770846134703,1.2041429871017582,11.409656127565977,4.410516037431641,53.5,15.5,252.0,238.0,59.51546391752577,31.78766972324749,35.0,149.0,111.0,60.97938144329897,18.989948172023812,40.0,89.0,49.0,4167.670103092783,3473.361976089049,1435.0,13261.0,11741.0,0.9658067084927989,0.04834469032344062,0.6453347674105943,37.5,42.875,1608.5,42.46875,53.625,2320.8125,97.39393939393939,85.66666666666667,8440.181818181818,pg3_5,9
0.03370904143228948,0.0,2.23606797749979,0.2369712370571222,0.25638824980300795,0.3341383272297289,1.0,2.5,250.5,446.5,38.43298969072165,0.4954892717813574,38.0,39.0,-1.0,34.36082474226804,0.4802397813959635,34.0,35.0,-1.0,1320.7938144329896,34.30996913955647,1292.0,1365.0,-73.0,0.9978685525179428,0.015698915377941363,0.8495934959349594,39.0,35.0,1365.0,38.3125,34.09375,1306.28125,38.0,34.0,1292.0,pg3_7,0
0.09584960540329608,0.0,3.2015621187164243,0.38007721120499427,0.33166408128134867,1.2972087565139256,3.0,7.5,169.0,367.0,35.88659793814433,0.34808129930173465,34.0,36.0,2.0,31.587628865979383,0.6697064646973904,31.0,34.0,-3.0,1133.4226804123712,18.810961408286637,1116.0,1190.0,-40.0,0.9938754048947529,0.025634473944790556,0.7745839636913767,35.65625,31.84375,1135.0625,36.0,31.5625,1136.25,36.0,31.363636363636363,1129.090909090909,pg3_7,1
0.0429490169335173,0.0,4.123105625617661,0.4186152353627111,0.10100988630033723,0.40403954520134894,1.0,4.0,252.5,144.0,33.0,0.0,33.0,33.0,0.0,28.0,0.0,28.0,28.0,0.0,924.0,0.0,924.0,924.0,0.0,0.9969907407407407,0.029330631130212143,0.7111111111111111,33.0,28.0,924.0,33.0,28.0,924.0,33.0,28.0,924.0,pg3_7,2
0.08038531839612814,0.0,4.716990566028302,0.49085031722479955,0.6230933293303742,0.6269194142478669,4.0,4.0,320.0,277.0,31.443298969072163,0.7175139233527964,31.0,33.0,-1.0,37.11340206185567,1.0733538214284841,34.0,38.0,4.0,1166.4742268041236,26.50232154137785,1088.0,1221.0,90.0,0.9948953143164972,0.03276201130942592,0.6829268292682927,32.34375,35.90625,1161.46875,31.0,37.40625,1159.59375,31.0,38.0,1178.0,pg3_7,3
0.17315190342301248,0.0,5.0,0.6301601000335716,1.3539344461345981,1.6568296513431868,8.0,5.0,312.0,506.0,32.55670103092783,0.9840906856727196,31.0,35.0,2.0,37.30927835051546,2.586088176482312,34.0,42.0,8.0,1216.381443298969,113.38070558043324,1088.0,1470.0,340.0,0.9894037919596954,0.041495751972651214,0.666156202143951,32.0,34.0,1088.0,32.0,38.03125,1217.3125,33.63636363636363,39.81818181818182,1339.969696969697,pg3_7,4
1.1668103249313617,1.0590169943749475,3.2015621187164243,1.0398374868059448,10.356297415739274,19.4214464335393,40.5,71.0,191.5,321.5,77.69072164948453,48.09920179047968,33.0,171.0,136.0,77.61855670103093,54.89285595621975,31.0,207.0,176.0,8624.865979381444,10224.71153287427,1056.0,35397.0,34312.0,0.9557565767909724,0.044836849471901766,0.7692926045016077,34.90625,31.46875,1098.375,57.25,55.09375,3524.53125,139.0,144.21212121212122,20869.060606060608,pg3_7,5
0.8514910194397597,0.6035533905932737,6.576473218982953,0.8978936706611975,7.202320394626366,13.07097176576697,31.5,48.5,261.0,254.5,59.03092783505155,30.347966051599226,29.0,128.0,95.0,69.95876288659794,34.17568844871713,37.0,152.0,115.0,5147.670103092783,5054.794263450018,1110.0,19456.0,18235.0,0.9642438933814405,0.041112526385802234,0.69826224328594,30.125,40.21875,1212.15625,50.78125,56.09375,2960.6875,95.06060606060606,112.24242424242425,11084.636363636364,pg3_7,6
0.7515507359614665,0.5,7.516648189186454,1.0334331092411246,5.999552716526836,3.9742903173284767,29.0,22.5,351.5,389.0,46.98969072164948,24.005796054999795,31.0,119.0,87.0,59.855670103092784,27.036817086321555,37.0,131.0,94.0,3447.3711340206187,3631.906004164243,1184.0,15589.0,14405.0,0.9619177775737479,0.0490423221484382,0.604364857302742,33.0625,39.09375,1292.40625,32.53125,46.3125,1517.59375,74.51515151515152,93.12121212121212,7408.333333333333,pg3_7,7
0.8965015279355072,0.5,8.06225774829855,1.1663393633112538,10.322602214762382,3.780688015500548,43.0,20.0,480.5,349.0,77.04123711340206,55.68373830726178,31.0,205.0,168.0,71.75257731958763,36.76675743277221,37.0,170.0,133.0,7559.577319587629,8878.310511746633,1147.0,34000.0,32816.0,0.9558540548300162,0.047892128601148276,0.5971351835273053,32.0625,39.34375,1263.59375,50.6875,56.75,3040.875,146.21212121212122,117.72727272727273,18046.545454545456,pg3_7,8
0.6860873475186864,0.5,5.0,0.7203245691409579,6.235234444761938,2.4665581329609054,19.0,11.5,391.0,199.5,46.876288659793815,12.629745393323677,34.0,76.0,42.0,85.96907216494846,46.7856382951597,38.0,173.0,134.0,4602.422680412371,3675.668461079462,1292.0,13148.0,11822.0,0.9642234340326521,0.034953338558579884,0.7858117326057299,35.5,40.71875,1448.1875,42.15625,70.71875,3025.21875,62.484848484848484,144.63636363636363,9190.484848484848,pg3_7,9
0.030369541118985943,0.0,2.9154759474226504,0.29600567163297564,0.252524715750843,0.15151482945050593,2.5,1.5,260.0,456.0,29.989690721649485,0.10100988630033722,29.0,30.0,1.0,37.01030927835052,0.10100988630033723,37.0,38.0,-1.0,1109.9175257731958,0.8080790904026979,1102.0,1110.0,8.0,0.9977486559139784,0.02194338780585352,0.7838709677419354,29.96875,37.03125,1109.75,30.0,37.0,1110.0,30.0,37.0,1110.0,pg3_8,0
0.09827374513361609,0.0,4.272001872658765,0.5712090431859539,0.3402061855670102,0.3204179436684549,4.5,4.0,360.5,322.5,33.01030927835052,0.10100988630033723,33.0,34.0,-1.0,31.04123711340206,0.28420719076474693,31.0,33.0,-2.0,1024.701030927835,11.960557988271118,1023.0,1122.0,-99.0,0.993706469485967,0.036978659255454314,0.7233047544816835,33.03125,31.125,1028.15625,33.0,31.0,1023.0,33.0,31.0,1023.0,pg3_8,1
0.059551985062794806,0.0,4.716990566028302,0.48314876357261555,0.5158761238431672,0.252524715750843,5.0,2.5,332.0,182.5,31.989690721649485,0.22680412371134015,30.0,33.0,2.0,28.010309278350515,0.10100988630033722,28.0,29.0,-1.0,896.020618556701,3.8795774598365904,870.0,924.0,26.0,0.9958246705779601,0.03474855775689531,0.6597744360902256,31.96875,28.03125,896.0625,32.0,28.0,896.0,32.0,28.0,896.0,pg3_8,2
0.0588314069843073,0.0,5.1478150704935,0.524580498003481,0.4545444883515176,0.3571238778492531,4.5,3.0,279.0,346.0,39.55670103092783,0.8244844957992663,38.0,40.0,1.0,33.329896907216494,1.2412302633643228,31.0,34.0,2.0,1319.4432989690722,75.20404807487932,1178.0,1360.0,112.0,0.9953218613834421,0.03464219729619338,0.6847222222222222,38.65625,31.96875,1237.0625,40.0,34.0,1360.0,40.0,34.0,1360.0,pg3_8,3
0.1013313147645452,0.0,4.6097722286464435,0.5155323765921546,0.6050940449826469,0.9585411560476563,5.0,3.0,219.0,324.5,31.051546391752577,1.4669635799006813,29.0,33.0,-1.0,38.391752577319586,1.060603806153541,37.0,40.0,3.0,1190.7628865979382,31.28840673142792,1131.0,1240.0,56.0,0.9931236866899118,0.035091394683425585,0.6948555320648344,32.96875,37.0,1219.84375,29.96875,38.875,1164.65625,30.242424242424242,39.27272727272727,1187.878787878788,pg3_8,4
0.6828323778492379,0.25,9.013878188659973,1.1869035107205455,2.6334102627721236,6.588439522262133,15.0,31.0,391.0,399.0,32.83505154639175,4.318935560851339,26.0,46.0,20.0,50.24742268041237,18.412249915903033,34.0,110.0,76.0,1718.618556701031,905.1331216473474,884.0,5060.0,4176.0,0.9661963000999559,0.0613360695632839,0.5984766050054406,28.9375,38.6875,1122.46875,31.625,41.90625,1325.46875,37.78787878787879,69.54545454545455,2677.939393939394,pg3_8,5
1.1273709200517388,0.5,6.0,1.2172259343640204,17.640610725662675,13.509806785103004,64.0,57.5,235.0,450.5,61.329896907216494,34.42179890992854,37.0,156.0,118.0,58.876288659793815,38.714992895333815,31.0,155.0,121.0,4919.628865979382,6124.311424067246,1147.0,24180.0,22888.0,0.9585778396580444,0.054288660319443925,0.6842105263157895,38.4375,31.09375,1195.125,42.9375,36.15625,1576.46875,101.36363636363636,107.84848484848484,11773.121212121212,pg3_8,6
0.9922177450088402,0.5,4.6097722286464435,1.1341681003373818,5.281661735241464,18.603543398346822,16.5,72.0,250.5,303.5,50.90721649484536,20.718079397028664,31.0,92.0,60.0,90.69072164948453,66.9172994483385,38.0,259.0,220.0,5935.80412371134,6438.0196715705515,1209.0,23828.0,22580.0,0.9642851608512778,0.03975832358365197,0.6956521739130435,32.125,38.96875,1252.09375,42.71875,57.125,2583.75,77.06060606060606,173.3939393939394,13728.060606060606,pg3_8,7
0.9961438038536631,0.8535533905932737,4.301162633521313,0.9907854739434202,6.927424662611568,10.28712051787386,26.0,41.0,321.0,253.0,68.18556701030928,34.88931833608748,35.0,132.0,96.0,68.01030927835052,48.89974908656576,29.0,184.0,154.0,6316.18556701031,7195.342827034344,1015.0,24288.0,23208.0,0.9554360388388087,0.05467287238983906,0.7018683996750609,37.5625,30.25,1137.65625,52.25,42.625,2381.3125,113.33333333333333,129.24242424242425,15153.424242424242,pg3_8,8
0.8638668392938903,0.7071067811865476,5.385164807134504,0.9470814382274898,7.714406193511092,13.844593172906391,31.0,48.0,495.5,244.5,57.05154639175258,33.90537807718896,31.0,135.0,104.0,75.89690721649484,42.45640202500581,41.0,185.0,143.0,5759.0,6515.842955648978,1302.0,24975.0,23673.0,0.9599026365298572,0.047583267916207816,0.6649616368286445,32.09375,42.0,1347.84375,37.34375,55.34375,2175.71875,100.36363636363636,128.6969696969697,13511.181818181818,pg3_8,9
0.015625,0.0,0.5,0.08699631816921909,0.32396404871073536,0.1900937001503688,1.0,0.5,343.5,219.5,32.69072164948454,0.6479280974214707,31.0,33.0,2.0,34.8041237113402,0.4683635749113628,32.0,35.0,3.0,1138.0309278350514,35.97606696102956,992.0,1155.0,163.0,0.9984484584553518,0.007866245992104974,0.9411764705882353,32.0625,34.40625,1103.5625,33.0,35.0,1155.0,33.0,35.0,1155.0,pg3_9,0
0.03682847818679935,0.0,3.5355339059327378,0.3589596029190162,0.05050494315016862,0.3535346020511802,0.5,3.5,365.0,126.5,35.98969072164948,0.10100988630033723,35.0,36.0,1.0,27.989690721649485,0.10100988630033722,27.0,28.0,1.0,1007.3505154639175,6.3636228369212455,945.0,1008.0,63.0,0.9974449685534591,0.024903366053953716,0.7547169811320755,35.96875,27.96875,1006.03125,36.0,28.0,1008.0,36.0,28.0,1008.0,pg3_9,1
0.14389482028257183,0.0,5.0,0.5930346651159438,1.0222833449322963,0.8333953284056965,3.0,5.0,485.5,259.5,37.577319587628864,1.3147462735612254,34.0,39.0,2.0,39.350515463917525,0.8128001379145163,37.0,40.0,3.0,1478.979381443299,66.72438763130035,1292.0,1560.0,191.0,0.9919573844742288,0.031174414917462517,0.7619047619047619,38.0625,38.59375,1469.25,36.96875,39.4375,1458.90625,37.696969696969695,40.0,1507.878787878788,pg3_9,2
0.16645803176738158,0.0,2.9154759474226504,0.406201990385895,0.6528305236695902,0.5829985779628327,2.5,4.0,401.5,247.5,35.371134020618555,2.796609094124068,30.0,38.0,6.0,38.71134020618557,2.544283112069654,33.0,42.0,8.0,1376.0824742268042,193.76980019095635,1050.0,1596.0,502.0,0.9881430043140919,0.02966309067049125,0.7896466721446179,31.84375,35.5625,1132.5,36.1875,39.5,1432.0625,38.0,41.0,1558.0,pg3_9,3
1.729618679535383,1.9013878188659974,11.597413504743201,1.768674896658214,36.06482852770709,8.116725370278882,116.5,29.0,387.5,326.0,123.96907216494846,92.71077447234941,36.0,326.0,290.0,59.75257731958763,35.23061898371899,34.0,174.0,140.0,10417.639175257733,13635.56696652807,1224.0,56724.0,55500.0,0.9517233302373335,0.04883346302237784,0.6993103448275862,38.78125,35.34375,1371.9375,89.59375,44.0,4014.75,239.9090909090909,98.6969696969697,25398.090909090908,pg3_9,4
1.081912820674052,0.7071067811865476,6.576473218982953,1.1290602944312216,13.792169319246643,6.030412349103765,47.5,20.5,222.5,209.5,82.22680412371135,62.04778756194911,33.0,227.0,193.0,70.57731958762886,39.89388890791211,35.0,165.0,130.0,8269.659793814433,10251.765435980422,1155.0,37455.0,36265.0,0.9565787777312122,0.044993329047118634,0.7109760729206228,33.90625,37.09375,1257.78125,51.46875,52.8125,2952.75,158.9090909090909,120.27272727272727,20224.848484848484,pg3_9,5
1.2118722887406055,1.0,4.123105625617661,1.0421386931606593,12.017954736584334,26.214191068392278,36.0,77.5,216.5,261.0,69.02061855670104,41.95505188888259,27.0,131.0,104.0,79.01030927835052,61.05287464129926,31.0,229.0,197.0,7821.20618556701,9222.291319080217,837.0,29999.0,29135.0,0.9531148957216837,0.04412090629528148,0.7421203438395415,28.65625,32.46875,932.8125,53.9375,46.96875,2750.09375,122.78787878787878,155.21212121212122,19418.303030303032,pg3_9,6
0.535643881283584,0.25,10.012492197250394,1.169072908666004,7.03012284898074,2.8472464990247945,28.5,10.5,272.5,359.0,52.422680412371136,19.54789784967076,38.0,109.0,69.0,33.94845360824742,7.26007459849297,28.0,48.0,20.0,1904.1237113402062,1175.0028844687731,1064.0,5232.0,4112.0,0.9746556038398597,0.05135245225966597,0.5579078455790785,39.6875,28.09375,1114.96875,43.8125,30.0625,1322.21875,73.12121212121212,43.39393939393939,3233.6363636363635,pg3_9,7
1.0661599842292853,0.7071067811865476,3.5355339059327378,1.0783237244421904,11.073472728924934,2.1822942818161937,52.0,8.5,354.0,386.0,86.05154639175258,62.09692641994891,41.0,248.0,206.0,35.68041237113402,7.730707802583094,28.0,53.0,25.0,3543.8453608247423,3452.3503672948596,1176.0,13144.0,11968.0,0.9560015718304214,0.04871675200661199,0.7548387096774194,41.59375,29.84375,1241.28125,51.71875,31.875,1673.53125,162.45454545454547,45.03030303030303,7590.272727272727,pg3_9,8
1.368136039142108,1.4571067811865475,9.962429422585638,1.4408748887627998,32.29175703700455,4.3541295390626145,96.5,16.0,386.5,451.5,100.6082474226804,76.41619042313052,39.0,256.0,215.0,47.175257731958766,17.168065721090343,32.0,89.0,55.0,6039.19587628866,6478.465846519458,1287.0,22695.0,21335.0,0.9617824943725478,0.05312205884581771,0.5589394482264421,39.3125,33.5625,1319.0,61.40625,37.84375,2406.21875,198.06060606060606,69.42424242424242,14139.242424242424,pg3_9,9
0.3614247048077884,0.0,2.8284271247461903,0.5348259992009268,3.294003995642305,2.095092931226967,14.5,8.0,466.5,428.0,40.18556701030928,2.2167585553984672,36.0,44.0,4.0,45.845360824742265,4.169946985214107,40.0,53.0,8.0,1849.1855670103093,256.2381837314613,1440.0,2332.0,520.0,0.9801955556056677,0.03197572337803398,0.8260869565217391,40.0,42.0625,1682.5,38.0625,44.625,1702.71875,42.42424242424242,50.696969696969695,2152.848484848485,pg4_1,0
1.343956362849254,1.266123775561495,4.123105625617661,1.1266330938199616,18.226649600501872,11.307638332720938,53.5,46.0,365.0,468.0,103.98969072164948,66.09934647981768,40.0,212.0,171.0,56.09278350515464,33.36152561291482,35.0,168.0,132.0,7645.567010309278,9075.74719074148,1435.0,35616.0,34140.0,0.9540827585541037,0.03726990045121379,0.8412397216951296,42.03125,36.34375,1528.40625,78.6875,39.90625,3211.09375,188.6060606060606,90.93939393939394,17877.454545454544,pg4_1,1
0.07212946771768804,0.0,4.924428900898052,0.5077579868599768,0.6566047284095298,0.20201977260067447,4.5,2.0,169.5,408.0,39.68041237113402,0.46631681970716043,39.0,40.0,1.0,32.0,0.0,32.0,32.0,0.0,1269.7731958762886,14.922138230629134,1248.0,1280.0,32.0,0.9959418696436627,0.02971670155019607,0.7104194857916103,39.5625,32.0,1266.0,39.9375,32.0,1278.0,39.54545454545455,32.0,1265.4545454545455,pg4_1,2
0.7716674276607343,0.6035533905932737,8.381527307120106,0.9400510878426407,4.672986752230692,6.34124121968133,16.0,27.5,340.0,432.5,49.63917525773196,14.04791914517915,33.0,78.0,45.0,53.422680412371136,24.09210635647448,28.0,101.0,73.0,2968.7525773195875,2092.5755453528604,924.0,7878.0,6954.0,0.962280436468084,0.053834463455046645,0.5608407079646017,36.21875,30.4375,1103.78125,46.15625,45.03125,2142.84375,66.03030303030303,83.84848484848484,5578.090909090909,pg4_1,3
0.9584259290304132,0.7071067811865476,7.158910531638177,1.119506470978256,9.630033152951357,8.048338128183437,40.0,30.0,460.0,312.0,70.15463917525773,33.75482865990429,38.0,152.0,112.0,50.577319587628864,19.021330973163977,34.0,102.0,68.0,4178.494845360825,3772.27747152014,1360.0,15504.0,14144.0,0.9594508585718634,0.056782462659316815,0.660377358490566,39.71875,36.21875,1439.46875,58.34375,41.4375,2452.71875,111.12121212121212,73.36363636363636,8508.0,pg4_1,4
0.3594021775194445,0.0,6.4031242374328485,0.8976223638744829,1.4757759865445277,3.7856745374751855,12.0,18.0,274.0,324.0,42.36082474226804,2.9503994732508603,39.0,51.0,4.0,35.845360824742265,3.405090810317184,33.0,52.0,17.0,1525.7731958762886,253.88630888301162,1287.0,2600.0,990.0,0.9784384047379143,0.053796238306321374,0.6382978723404256,42.46875,35.0,1486.40625,40.625,34.4375,1399.78125,43.93939393939394,38.03030303030303,1686.121212121212,pg4_1,5
0.21312114465858722,0.0,2.8284271247461903,0.4720259996717132,1.7245792714496067,1.3785359466290201,11.0,6.5,208.0,300.0,45.175257731958766,3.4611550103598634,40.0,54.0,14.0,39.2680412371134,2.518039918116338,36.0,43.0,7.0,1782.1855670103093,247.11119955665302,1440.0,2322.0,882.0,0.9885243835996302,0.029190565432815386,0.8136020151133502,41.34375,36.28125,1500.84375,45.125,39.3125,1774.5625,48.93939393939394,42.121212121212125,2062.3939393939395,pg4_1,6
0.08333333333333333,0.0,5.0,0.5187458165828637,0.5912350910902957,0.604874449967256,4.0,3.0,374.0,208.5,42.09278350515464,0.29012880988598533,42.0,43.0,0.0,35.2680412371134,0.4429391970915636,35.0,36.0,0.0,1484.5051546391753,19.392911719906497,1470.0,1512.0,0.0,0.9952886842489174,0.03042474376704428,0.7053364269141531,42.0,35.40625,1487.0625,42.28125,35.0,1479.84375,42.0,35.39393939393939,1486.5454545454545,pg4_1,7
1.0595539501068327,0.5,8.246211251235321,1.3815192459075651,17.78997491755463,6.419055421559184,69.0,19.5,306.0,186.5,65.16494845360825,46.967345623254566,36.0,202.0,165.0,63.45360824742268,24.359854001626335,41.0,104.0,59.0,5168.958762886598,5683.3019332320255,1476.0,21008.0,19343.0,0.9690033734993664,0.04464617386389071,0.7281861448968799,37.0,45.0,1665.0,38.5,48.46875,1882.9375,118.33333333333333,95.87878787878788,11753.181818181818,pg4_1,8
0.6768587421488851,0.5,2.23606797749979,0.5105019521770991,4.160237715683292,11.801293947944266,15.0,37.0,335.5,143.0,46.68041237113402,10.322177497193035,36.0,73.0,36.0,74.23711340206185,31.564946366028135,40.0,134.0,94.0,3785.979381443299,2497.57772127349,1480.0,9782.0,8302.0,0.9713730615202648,0.02946460523021759,0.8500823723228995,37.90625,44.40625,1682.5625,42.34375,62.875,2692.5,59.39393939393939,114.18181818181819,6886.0,pg4_1,9
0.3590518031120391,0.0,4.301162633521313,0.658469287576872,3.290751685778741,2.509319434813475,11.5,9.5,261.0,141.5,48.83505154639175,6.271651835834024,41.0,62.0,21.0,39.72164948453608,7.19928729009937,32.0,61.0,29.0,1982.7113402061855,640.1316223989494,1312.0,3782.0,2470.0,0.9817083752653235,0.03260604400705096,0.7963800904977375,42.1875,33.9375,1432.21875,48.125,37.21875,1794.21875,55.96969696969697,47.75757575757576,2699.3030303030305,pg4_10,0
0.2151413322362774,0.0,1.118033988749895,0.3028779300261626,1.1352149287357383,1.8688392960852496,5.0,6.0,211.5,239.0,47.649484536082475,4.615172729370572,45.0,61.0,16.0,35.77319587628866,3.127876505851739,32.0,42.0,7.0,1717.3917525773195,324.18693082471265,1440.0,2562.0,987.0,0.9880976030633463,0.01783590389912239,0.9142857142857143,45.0,35.0,1575.0,45.25,32.90625,1489.15625,52.54545454545455,39.303030303030305,2076.787878787879,pg4_10,1
0.4795607993636861,0.5,2.5495097567963922,0.5171240402911044,3.255414809496584,5.5927573755862605,15.0,17.5,128.0,355.0,43.618556701030926,8.101728591128609,37.0,61.0,22.0,52.896907216494846,12.084312516291162,42.0,83.0,39.0,2400.865979381443,1054.7375755004152,1554.0,4980.0,3286.0,0.9758311495031572,0.02635111189859783,0.9014131897711979,37.96875,43.46875,1650.625,39.34375,47.03125,1856.375,53.24242424242424,67.72727272727273,3656.3636363636365,pg4_10,2
0.2842850700132251,0.0,2.5,0.4840311618421301,1.9624219756790644,1.7273041282568775,10.0,9.0,511.5,331.5,38.72164948453608,3.0754842650821312,34.0,49.0,15.0,41.78350515463917,5.274382367953189,34.0,55.0,18.0,1631.6701030927834,343.02200709808346,1224.0,2695.0,1437.0,0.983004515314217,0.027537192770277677,0.8705547652916074,37.5625,36.75,1380.75,36.90625,40.5,1494.90625,41.60606060606061,47.90909090909091,2007.6060606060605,pg4_10,3
0.24676147708974341,0.0,1.118033988749895,0.3171231728490073,1.7283190769521781,1.2037600072099168,7.5,4.0,427.5,177.0,46.44329896907217,4.513368623688731,43.0,61.0,14.0,33.44329896907217,2.7581895756745514,30.0,40.0,10.0,1564.1958762886597,283.3252343802141,1333.0,2440.0,1030.0,0.9867985565783698,0.018455671435024853,0.9263377345378735,43.53125,31.0,1349.25,44.34375,32.375,1437.46875,51.303030303030305,36.84848484848485,1895.5151515151515,pg4_10,4
0.36856409542376906,0.0,3.8078865529319543,0.5837148341137639,1.7725214493017196,2.5239842181158556,6.0,11.0,348.0,200.0,47.36082474226804,3.156356920647892,44.0,56.0,12.0,41.134020618556704,11.777690658048728,32.0,70.0,37.0,1982.958762886598,721.8637092930672,1440.0,3920.0,2468.0,0.9807765264635274,0.03411226790777308,0.7580547112462006,44.96875,32.03125,1440.375,46.375,34.78125,1615.5625,50.63636363636363,56.121212121212125,2865.3636363636365,pg4_10,5
0.3255585443474026,0.0,1.8027756377319946,0.39297366434542025,5.620343988876484,1.4011708812463044,20.0,5.5,379.5,295.5,52.45360824742268,13.09286468032308,41.0,87.0,46.0,33.78350515463917,5.087333784358815,28.0,43.0,12.0,1834.4845360824743,752.4556515123174,1230.0,3741.0,2470.0,0.9841454169536045,0.023564238426486923,0.8379562043795621,41.15625,29.96875,1233.09375,47.0625,30.9375,1461.34375,68.63636363636364,40.24242424242424,2779.4848484848485,pg4_10,6
0.28256828286391117,0.0,2.5,0.44878186852784135,0.8468367804255288,2.5102722324157383,4.0,8.0,406.0,395.5,39.25773195876289,3.832251499708739,33.0,50.0,14.0,41.79381443298969,7.816105688289619,33.0,56.0,22.0,1668.041237113402,475.896114400572,1089.0,2750.0,1562.0,0.9843568355461283,0.026442243672553205,0.8547008547008547,35.3125,34.5,1218.03125,38.6875,39.125,1515.84375,43.63636363636363,51.45454545454545,2252.0,pg4_10,7
0.5645865168401086,0.5,3.3541019662496847,0.5557393558755943,10.602803347943308,4.488261280132583,38.5,16.0,287.0,359.0,60.608247422680414,25.513916437505614,37.0,122.0,85.0,46.23711340206186,11.56315976852784,33.0,72.0,36.0,3093.701030927835,2088.864418793625,1332.0,8784.0,7452.0,0.9772140188821089,0.026503192435283016,0.7980392156862746,37.34375,35.84375,1337.71875,50.9375,41.78125,2178.84375,92.54545454545455,60.63636363636363,5683.606060606061,pg4_10,8
0.45831030412757495,0.5,1.5811388300841898,0.5034812129535285,5.789309251097787,4.056291652014506,26.0,11.5,334.5,426.5,54.58762886597938,25.578564067174455,34.0,127.0,89.0,47.144329896907216,9.836802022786568,37.0,66.0,27.0,2803.701030927835,1946.2532504124958,1258.0,8382.0,6900.0,0.9772950305579347,0.021806680368821902,0.871191135734072,36.96875,37.875,1400.625,41.0625,43.46875,1800.09375,84.78787878787878,59.696969696969695,5137.454545454545,pg4_10,9
0.44384138078117785,0.5,3.640054944640259,0.5009206477805883,2.836766116961035,4.867431637209272,8.0,15.0,159.5,407.0,48.90721649484536,14.977015018021357,33.0,80.0,47.0,61.0,25.091995684334883,35.0,118.0,83.0,3356.020618556701,2402.084803173429,1155.0,9440.0,8285.0,0.9705171244607574,0.03399922976167476,0.769811320754717,35.9375,37.21875,1338.84375,42.375,53.25,2329.28125,67.81818181818181,91.57575757575758,6307.69696969697,pg4_10,10
0.22127750715749253,0.0,2.5,0.38594420774618776,2.263279913215527,0.6280203880625993,8.0,4.0,139.5,393.5,41.05154639175258,3.4112341208467716,37.0,50.0,10.0,35.78350515463917,3.8159372904455076,31.0,45.0,14.0,1477.360824742268,266.50007971090315,1221.0,2250.0,1010.0,0.9872899967400182,0.025232312545707694,0.8216136195410807,39.8125,31.375,1248.6875,38.53125,35.84375,1380.84375,44.696969696969695,40.0,1792.6969696969697,pg4_11,0
0.20743972460805307,0.0,4.5,0.5165893862516616,2.614474454124994,1.6860319671463995,10.0,5.5,258.5,403.0,42.54639175257732,7.005183086353564,39.0,67.0,28.0,36.48453608247423,4.926497683340142,30.0,51.0,17.0,1584.979381443299,529.9558234726807,1170.0,3417.0,2091.0,0.9876362889478516,0.024894767897611976,0.8363636363636363,39.0,34.0,1326.0,39.5,33.59375,1327.0625,48.93939393939394,41.696969696969695,2086.212121212121,pg4_11,1
0.19902912464521197,0.0,2.692582403567252,0.36724184702948454,0.8268336884448572,2.7768917234464423,3.5,9.0,328.0,413.0,35.04123711340206,1.0246198769450272,33.0,38.0,5.0,32.123711340206185,0.7496766582555812,30.0,34.0,4.0,1126.1134020618556,53.89200278997464,990.0,1292.0,302.0,0.9875493463362272,0.024016631809037146,0.8190552441953562,34.5625,32.125,1110.46875,34.71875,32.09375,1114.3125,35.81818181818182,32.15151515151515,1152.7272727272727,pg4_11,2
0.6937324026940761,0.5,3.905124837953327,0.7674945299168616,13.204012472405987,3.7055366995761383,48.5,11.5,439.0,321.0,68.41237113402062,43.86806662750771,36.0,181.0,145.0,43.30927835051546,10.919915434080497,31.0,65.0,34.0,3426.938144329897,3090.5383403684345,1116.0,11765.0,10649.0,0.9717230417773753,0.03610632150446201,0.7299771167048055,36.40625,33.0,1201.71875,44.75,39.375,1799.4375,122.39393939393939,57.121212121212125,7162.909090909091,pg4_11,3
0.7345887488446655,0.5,2.5495097567963922,0.7338285699472521,10.932708988945267,4.801744909044824,47.0,14.0,326.0,265.0,57.103092783505154,36.97267994884383,30.0,164.0,134.0,45.350515463917525,5.161397631213161,38.0,54.0,16.0,2746.3092783505153,2094.654514045904,1140.0,8856.0,7716.0,0.9704213702217067,0.030774976874374648,0.8527017024426351,32.625,39.25,1280.65625,37.25,45.125,1685.71875,100.0909090909091,51.484848484848484,5196.0,pg4_11,4
0.9271511989711962,0.5,6.264982043070834,1.1132605209831195,4.389319785018112,16.47048620165757,23.5,63.5,220.0,333.0,49.670103092783506,16.162015829081316,34.0,96.0,61.0,70.74226804123711,37.60792808238448,41.0,182.0,141.0,4095.1237113402062,3711.1439208403585,1394.0,17472.0,16037.0,0.9672811311579622,0.032009720671584925,0.8604938271604938,35.21875,44.0625,1552.75,43.65625,51.96875,2296.84375,69.51515151515152,114.81818181818181,8304.242424242424,pg4_11,5
0.39010236908602375,0.5,2.1213203435596424,0.4608725148745638,5.102837648521628,1.510282889182213,22.0,5.0,137.0,255.0,51.47422680412371,14.56594869946926,40.0,98.0,56.0,37.329896907216494,9.209723290205597,30.0,67.0,34.0,2052.463917525773,1261.0827131964015,1280.0,6566.0,5180.0,0.9784379002740616,0.026282834938839546,0.8506224066390041,42.0625,32.84375,1381.34375,44.65625,32.0625,1432.0,67.21212121212122,46.78787878787879,3304.909090909091,pg4_11,6
0.37452219765029576,0.5,2.0,0.4243178330770376,1.3875078453989664,5.842728365944307,7.0,16.0,159.5,169.5,42.30927835051546,8.978049778751368,35.0,73.0,38.0,61.29896907216495,24.256007842655414,36.0,98.0,61.0,2781.237113402062,1674.7834189763958,1260.0,7154.0,5859.0,0.9788361037736303,0.02683714834614563,0.8070652173913043,35.125,36.90625,1296.84375,39.4375,53.78125,2135.625,52.06060606060606,92.24242424242425,4846.69696969697,pg4_11,7
0.28231226525775827,0.0,1.8027756377319946,0.3798132675649528,3.7635079278018364,2.1617059665288507,10.5,7.5,210.0,169.0,42.381443298969074,11.481444733770225,35.0,78.0,43.0,46.48453608247423,7.5123450318501765,39.0,64.0,25.0,2050.7113402061855,955.8382509799177,1365.0,4992.0,3627.0,0.9828914253672397,0.023464811625226543,0.8771215207060421,35.0,39.96875,1398.90625,36.875,43.875,1621.25,54.878787878787875,55.333333333333336,3099.212121212121,pg4_11,8
0.10018785404947807,0.0,1.118033988749895,0.2173799911850839,0.2537841984554881,1.498289668632127,1.0,5.0,307.5,134.0,33.824742268041234,2.398497421726329,29.0,39.0,10.0,41.824742268041234,3.8556701030927836,38.0,50.0,12.0,1423.5979381443299,234.72970460202276,1102.0,1950.0,848.0,0.993674633688398,0.016242520823387993,0.8773448773448773,31.6875,38.03125,1205.09375,33.15625,41.09375,1364.25,36.54545454545455,46.21212121212121,1693.030303030303,pg4_11,9
0.20743972460805307,0.0,1.0,0.26257937337346543,1.4518707170475227,0.47990770360030427,6.0,3.0,240.0,444.0,41.44329896907217,2.411181308481399,39.0,47.0,5.0,31.711340206185568,0.6414989355094451,30.0,33.0,0.0,1313.0515463917525,58.151485631184244,1248.0,1440.0,160.0,0.9893513419328087,0.014069685353441622,0.9454545454545454,39.78125,32.0625,1275.5,39.90625,32.0,1277.0,44.54545454545455,31.09090909090909,1384.4242424242425,pg4_12,0
0.19303884935739254,0.0,5.1478150704935,0.6783301821179027,4.29189880660516,0.7762824988460495,9.5,5.0,311.0,398.0,49.71134020618557,6.974118224404508,39.0,58.0,19.0,45.49484536082474,6.533219965714962,36.0,53.0,16.0,2305.1134020618556,624.4798227289994,1404.0,3021.0,1612.0,0.9880806849955466,0.0473404196228355,0.6530278232405892,41.90625,37.9375,1590.0,50.21875,46.59375,2366.03125,56.78787878787879,51.75757575757576,2939.4848484848485,pg4_12,1
0.05318282578608322,0.0,3.605551275463989,0.3747008856515738,0.26334102627721234,0.25514162207762014,3.0,2.0,210.0,272.0,36.96907216494845,0.17312222292522342,36.0,37.0,1.0,35.824742268041234,0.49762962417101736,34.0,36.0,2.0,1324.4639175257732,22.707944863213047,1224.0,1332.0,108.0,0.9966171297529057,0.02489221708497188,0.7586206896551724,36.90625,35.46875,1309.15625,37.0,36.0,1332.0,37.0,36.0,1332.0,pg4_12,2
0.20984100913961212,0.0,3.2015621187164243,0.4392560956320765,1.8772089054030165,0.9239897408147085,9.5,2.5,171.5,217.0,46.577319587628864,6.46136025311576,41.0,69.0,28.0,34.98969072164948,1.4105262990917171,32.0,38.0,3.0,1634.7628865979382,277.90159102225107,1394.0,2553.0,1159.0,0.989956123786448,0.02504517151791817,0.7939024390243903,41.96875,34.78125,1459.75,44.625,33.78125,1505.8125,52.93939393939394,36.36363636363637,1929.5151515151515,pg4_12,3
0.37183018609087676,0.5,2.0,0.4618493398410612,5.098743330240024,2.6970636639259435,15.5,8.5,294.0,196.0,43.29896907216495,11.05670944175779,33.0,72.0,37.0,51.16494845360825,13.486671857090915,39.0,81.0,42.0,2360.5876288659792,1301.2115270767742,1287.0,5832.0,4467.0,0.9796889086689612,0.029478724717334724,0.8281853281853282,36.5,40.8125,1489.96875,36.21875,43.8125,1598.21875,56.75757575757576,68.33333333333333,3944.090909090909,pg4_12,4
0.8781407964722546,0.7071067811865476,3.8078865529319543,0.8506823192224822,14.420434524442664,7.896994696831813,45.5,33.5,193.0,404.0,76.90721649484536,48.93696397170101,39.0,194.0,155.0,52.95876288659794,22.39565381518826,33.0,118.0,85.0,5132.164948453608,5787.5380654808605,1287.0,22892.0,21605.0,0.9616011774833471,0.03943878744064313,0.7719298245614035,40.53125,36.0625,1461.53125,51.0625,44.875,2321.28125,137.24242424242425,77.18181818181819,11417.272727272728,pg4_12,5
1.297097312217371,1.118033988749895,2.9154759474226504,0.982840812460732,10.616619781306424,26.39001786341441,43.0,83.0,327.5,195.0,59.55670103092783,32.40878367387298,33.0,159.0,126.0,83.64948453608247,56.88458948039313,37.0,214.0,177.0,6746.329896907217,8352.114579735106,1221.0,34026.0,32805.0,0.9563651470537979,0.029478045963842514,0.8133802816901409,35.28125,38.6875,1366.5625,47.0,53.75,2600.25,95.27272727272727,156.24242424242425,15983.515151515152,pg4_12,6
0.1019608917840702,0.0,2.5,0.3346637265673268,0.6963915618060434,0.2589661172593911,4.0,1.0,386.5,211.5,40.51546391752577,0.898032236716807,37.0,43.0,6.0,34.91752577319588,1.181211182466186,32.0,36.0,-1.0,1414.381443298969,48.54022527844135,1312.0,1505.0,173.0,0.9939049198533029,0.02100518957032272,0.8545816733067729,39.90625,36.0,1436.625,40.15625,34.34375,1378.875,41.45454545454545,34.42424242424242,1427.2424242424242,pg4_12,7
0.3573774264653968,0.5,2.23606797749979,0.40490497863034064,4.004839510483475,3.6847270328219373,14.0,9.5,339.0,303.5,55.7319587628866,13.463593876850778,41.0,90.0,49.0,38.94845360824742,7.566027071714035,31.0,53.0,21.0,2268.7319587628867,1013.9989478782634,1312.0,4770.0,3458.0,0.98204672995954,0.025270404717647712,0.857516339869281,45.6875,32.8125,1497.75,47.90625,34.875,1681.84375,73.06060606060606,48.84848484848485,3585.4545454545455,pg4_12,8
1.1279214772458397,1.118033988749895,8.06225774829855,1.067357238463719,21.232006942877636,7.218063158008694,66.5,32.0,433.0,366.0,82.71134020618557,60.25768698242481,34.0,231.0,194.0,49.02061855670103,18.077712758710923,30.0,98.0,68.0,5072.360824742268,5531.729205576329,1085.0,22638.0,21528.0,0.9541135213745994,0.05534657332710922,0.554140127388535,36.84375,31.0,1142.34375,50.90625,46.71875,2469.4375,158.03030303030303,68.72727272727273,11407.333333333334,pg4_12,9
0.4248527896716004,0.5,2.0,0.46683788096967765,4.443029867230844,3.4696810176325226,14.0,13.5,436.0,500.0,57.04123711340206,22.78764248481931,38.0,96.0,58.0,44.95876288659794,12.390483150238918,32.0,72.0,39.0,2841.216494845361,1929.688742738484,1216.0,6912.0,5658.0,0.9795156580184677,0.024443547329529167,0.8733905579399142,38.25,33.21875,1270.8125,44.65625,40.53125,1829.5,87.27272727272727,60.63636363636363,5345.090909090909,pg4_2,0
0.044194173824159216,0.0,4.242640687119285,0.4307515235028193,0.30302965890101186,0.30302965890101186,3.0,3.0,436.5,390.5,35.0,0.0,35.0,35.0,0.0,39.0,0.0,39.0,39.0,0.0,1365.0,0.0,1365.0,1365.0,0.0,0.9971878960709759,0.02740899867242698,0.7300380228136882,35.0,39.0,1365.0,35.0,39.0,1365.0,35.0,39.0,1365.0,pg4_2,1
0.052724508466758656,0.0,2.0615528128088303,0.23898945487253623,0.5971822452767321,0.21832802664481826,2.0,2.0,235.5,397.0,36.83505154639175,0.44676182845403,36.0,39.0,-2.0,34.70103092783505,0.7754606007872777,32.0,35.0,3.0,1278.3711340206185,37.73546544462178,1152.0,1295.0,47.0,0.9963418178491708,0.0195160680088312,0.8181818181818182,36.5,34.09375,1244.59375,37.0,35.0,1295.0,37.0,35.0,1295.0,pg4_2,2
0.5328994792222723,0.5,3.605551275463989,0.49726064095666267,4.777257740457242,5.282486700935721,19.0,17.5,324.0,518.5,47.97938144329897,17.028768490951382,32.0,98.0,66.0,67.3298969072165,29.03631627593228,35.0,111.0,76.0,3671.0,2802.9582495024088,1120.0,10878.0,9758.0,0.9705165382389609,0.03172057854811334,0.7459080280592362,34.875,38.5625,1346.03125,40.90625,58.75,2480.71875,67.54545454545455,103.54545454545455,7079.727272727273,pg4_2,3
1.200929930137465,1.4142135623730951,3.0413812651491097,0.9370591245487254,27.431052516284023,5.788969614681219,93.0,24.0,366.5,441.5,86.22680412371135,63.653622139167055,33.0,229.0,196.0,52.34020618556701,14.768932701903811,33.0,91.0,57.0,5392.845360824742,5307.699667425793,1089.0,20839.0,19717.0,0.9621751078455297,0.03631133948434681,0.8179705654531371,33.875,36.875,1250.8125,55.53125,50.8125,2949.3125,166.75757575757575,68.81818181818181,11778.848484848484,pg4_2,4
0.48933378547825557,0.5,2.23606797749979,0.49752548985573314,6.483175573927657,3.426334839528175,26.0,14.0,344.5,346.5,65.94845360824742,34.86006521929081,39.0,145.0,106.0,40.55670103092783,6.9637782613681845,33.0,55.0,21.0,2908.443298969072,2072.4364712090364,1326.0,7975.0,6649.0,0.9727208801223078,0.027040737943849372,0.8467966573816156,39.40625,34.0,1339.71875,46.8125,38.125,1797.125,110.24242424242425,49.27272727272727,5507.272727272727,pg4_2,5
0.5588575295335246,0.5,2.692582403567252,0.5996276025031584,4.317212643358107,3.2866797516625055,19.5,17.5,197.0,309.0,47.55670103092783,10.188905500708605,38.0,78.0,40.0,47.670103092783506,19.214321146029956,31.0,100.0,68.0,2455.0309278350514,1619.2509752021003,1178.0,7800.0,6584.0,0.9717257256940822,0.03507307667315618,0.8122634367903103,38.40625,31.875,1225.4375,44.59375,39.875,1791.65625,59.303030303030305,70.54545454545455,4290.636363636364,pg4_2,6
0.7360495560280255,0.7071067811865476,3.1622776601683795,0.6311380338227235,3.3354140245024286,17.581909791554956,11.0,61.5,415.5,284.0,41.96907216494845,8.31152920321063,33.0,65.0,28.0,73.90721649484536,38.15677980162135,36.0,165.0,129.0,3412.1649484536083,2520.7659925679045,1332.0,10725.0,9393.0,0.9749204400966706,0.02505186236805023,0.808454425363276,35.8125,39.28125,1405.21875,37.53125,60.65625,2313.09375,52.24242424242424,120.33333333333333,6424.060606060606,pg4_2,7
0.4661657177526896,0.5,3.0413812651491097,0.5509290852055763,2.201749080068992,8.385975366420478,10.0,30.0,314.5,238.5,39.45360824742268,11.264414013299794,31.0,79.0,48.0,56.09278350515464,20.822312811232088,35.0,101.0,66.0,2428.59793814433,1672.4265761997608,1085.0,7979.0,6894.0,0.9769561053233587,0.027954685650323097,0.8210272873194222,31.625,37.0,1170.125,34.4375,48.25,1683.90625,51.90909090909091,82.21212121212122,4371.060606060606,pg4_2,8
0.3988673735902119,0.5,1.5811388300841898,0.3982626666141074,4.123711340206185,2.754410756626272,14.5,9.0,386.5,172.5,48.422680412371136,14.464913148823893,37.0,82.0,45.0,44.865979381443296,14.770846785559097,31.0,67.0,35.0,2368.7525773195875,1488.7327346696125,1147.0,5412.0,4265.0,0.9767862691169098,0.02672766196580092,0.8858739026336792,38.03125,31.96875,1216.03125,40.34375,37.5,1529.28125,66.33333333333333,64.51515151515152,4300.575757575758,pg4_2,9
0.10947794186373482,0.0,1.8027756377319946,0.26219028760033686,0.7700278741609304,0.27749007904525297,3.0,1.5,444.0,359.5,35.44329896907217,2.596464972595714,30.0,39.0,9.0,38.11340206185567,1.2258074440517384,35.0,39.0,4.0,1352.6082474226805,126.63516528444694,1050.0,1521.0,471.0,0.9929381457990022,0.019754451516887962,0.8581375108790252,32.46875,37.46875,1218.0,35.5,37.84375,1342.8125,38.27272727272727,39.0,1492.6363636363637,pg4_3,0
0.08333333333333333,0.0,2.5,0.31180478223116176,1.281340036147575,1.150212427297431,3.5,3.0,190.5,211.0,32.16494845360825,2.2090741278865247,30.0,36.0,6.0,34.47422680412371,1.4293880422628467,32.0,36.0,4.0,1111.4329896907216,117.75047067706353,960.0,1296.0,336.0,0.9946000402652606,0.021867316367391233,0.812807881773399,30.65625,32.875,1007.65625,30.84375,34.5,1065.375,34.90909090909091,36.0,1256.7272727272727,pg4_3,1
0.40090960285431465,0.0,9.055385138137417,1.001665608044519,5.27876327316566,4.646517671832523,19.5,16.5,179.5,444.0,44.43298969072165,12.923970549838375,36.0,77.0,39.0,34.47422680412371,5.653377393077513,30.0,50.0,20.0,1603.278350515464,800.7598291399797,1080.0,3850.0,2710.0,0.9794281640758977,0.05073821972348474,0.5871559633027523,36.34375,30.96875,1125.46875,36.84375,31.40625,1157.84375,59.63636363636363,40.84848484848485,2498.5454545454545,pg4_3,2
0.48316362097036913,0.5,1.8027756377319946,0.45172216612736815,8.172709265945354,4.4435202183775155,30.5,15.0,288.5,452.0,51.865979381443296,21.244588815454144,36.0,107.0,70.0,48.74226804123711,17.884093232039405,30.0,82.0,52.0,2886.2061855670104,2262.862583297884,1110.0,8774.0,7664.0,0.9748438337176752,0.02642434592182926,0.8700906344410876,37.0625,32.09375,1189.59375,39.5625,41.78125,1685.9375,78.15151515151516,71.63636363636364,5695.30303030303,pg4_3,3
0.5262507009724979,0.5,2.0615528128088303,0.4438676976975098,3.082000101453389,4.48191059535543,11.5,19.0,363.0,425.5,43.78350515463917,7.659273476519673,34.0,61.0,27.0,79.96907216494846,47.547578690668445,34.0,173.0,137.0,3859.7113402061855,2935.9441796386172,1190.0,10553.0,9329.0,0.9734881625553568,0.02190410299126152,0.868421052631579,36.53125,34.78125,1271.53125,41.1875,63.40625,2642.875,53.333333333333336,139.84848484848484,7549.424242424242,pg4_3,4
0.5483019544757263,0.5,2.0615528128088303,0.5941471198713598,4.244080859304222,4.5746892693314525,18.5,24.0,237.5,382.0,52.55670103092783,19.18277205609185,36.0,91.0,50.0,45.27835051546392,24.589723051580464,29.0,114.0,85.0,2830.1237113402062,2653.884623140751,1044.0,10146.0,9015.0,0.9676025412711873,0.03694558749536895,0.8601553829078802,36.09375,29.0,1046.71875,43.53125,31.4375,1384.375,77.27272727272727,74.48484848484848,5961.424242424242,pg4_3,5
0.36611765555194586,0.0,1.5811388300841898,0.47469238701831606,2.1248245505959256,5.0931226148629785,8.5,23.0,326.0,300.5,40.577319587628864,14.234295054620283,29.0,83.0,54.0,46.51546391752577,16.4787356899557,34.0,97.0,62.0,2116.1237113402062,1726.2328465087228,1015.0,8051.0,7036.0,0.9762367584294415,0.031031474353638427,0.8855098389982111,31.84375,34.03125,1083.59375,34.75,39.78125,1385.46875,54.696969696969695,65.15151515151516,3825.878787878788,pg4_3,6
0.5043584680315414,0.5,2.0615528128088303,0.5527371609166604,2.922557680290018,8.296365731136511,10.0,31.0,367.5,199.0,38.47422680412371,8.40482529977238,31.0,59.0,28.0,55.29896907216495,24.19728405499714,34.0,113.0,79.0,2329.618556701031,1610.2915241177107,1054.0,6667.0,5613.0,0.9750819972188335,0.029111219549226363,0.8654822335025381,32.34375,35.71875,1155.8125,33.5625,43.625,1471.3125,49.18181818181818,85.60606060606061,4300.151515151515,pg4_3,7
1.4383595535143552,1.6919572339080922,3.605551275463989,1.148539345493796,20.643544137330174,27.88558128375286,65.5,97.0,316.0,289.5,74.3298969072165,43.471218502978516,36.0,174.0,137.0,88.11340206185567,66.38048345162406,32.0,233.0,200.0,9426.329896907217,11671.238869852139,1152.0,40542.0,39321.0,0.9562588423990012,0.03604091017140403,0.8367952522255193,38.09375,32.0625,1221.3125,54.875,58.625,3482.375,128.33333333333334,171.06060606060606,23146.545454545456,pg4_3,8
0.8773110262956759,0.5,2.9154759474226504,0.9566719377473978,12.499988309060322,11.618561274800369,45.0,47.5,146.5,348.5,58.25773195876289,31.254287409152802,35.0,143.0,103.0,61.381443298969074,43.99893234388107,30.0,168.0,138.0,4917.268041237114,6288.478811541425,1050.0,23184.0,22134.0,0.9644972917147299,0.03678934842744508,0.8372703412073491,36.15625,30.1875,1091.9375,43.71875,35.40625,1569.625,93.78787878787878,116.81818181818181,11872.878787878788,pg4_3,9
0.6753359667897286,0.5,3.0413812651491097,0.6492499508100477,6.389603063905736,3.809281838091117,29.5,15.5,458.0,298.0,56.50515463917526,26.178264262961505,37.0,128.0,90.0,40.855670103092784,14.115860561663347,27.0,67.0,39.0,2657.680412371134,2205.8102775030256,1026.0,8576.0,7512.0,0.9670409164827602,0.0308974134701116,0.8665105386416861,39.28125,29.03125,1140.96875,41.0625,33.65625,1394.125,88.18181818181819,59.303030303030305,5353.69696969697,pg4_4,0
0.6455197151595341,0.5,3.5,0.7162344569624907,7.033670898229599,5.174595390318161,29.0,26.5,384.0,397.5,50.824742268041234,16.008380736337877,38.0,98.0,58.0,46.649484536082475,21.905627595502796,28.0,105.0,77.0,2714.4123711340208,2326.5603288912725,1120.0,10290.0,9170.0,0.968360384807672,0.039998116102099995,0.796923076923077,38.34375,31.78125,1218.15625,44.3125,33.5625,1495.75,69.24242424242425,73.75757575757575,5347.060606060606,pg4_4,1
0.26007603904329885,0.0,1.8027756377319946,0.3750917051187374,4.37761506497965,2.711869338043653,14.5,10.0,312.5,136.5,47.94845360824742,12.892394572570998,39.0,83.0,42.0,43.23711340206186,6.80474848740427,37.0,59.0,22.0,2159.5670103092784,1004.7620214440943,1480.0,4897.0,3380.0,0.9852000607390817,0.022241392989687293,0.8813559322033898,39.46875,38.15625,1505.4375,41.40625,40.0,1657.21875,62.515151515151516,51.303030303030305,3281.0,pg4_4,2
0.5690389785827809,0.5,3.1622776601683795,0.6095138561619954,2.6851464933843388,3.122052228578528,11.5,13.0,356.0,282.0,59.16494845360825,25.535372843067247,39.0,117.0,75.0,45.45360824742268,14.211234570278489,32.0,80.0,48.0,3045.3505154639174,2408.177464781443,1287.0,9360.0,8016.0,0.9654408795538866,0.03151198135128358,0.7976653696498055,41.71875,33.25,1387.15625,43.71875,39.78125,1748.125,91.06060606060606,62.78787878787879,5911.212121212121,pg4_4,3
0.6554979116915031,0.5,2.5495097567963922,0.7126166485341741,5.274337029227939,7.671970036616821,16.5,35.0,230.0,378.5,43.71134020618557,11.206550701095253,33.0,71.0,38.0,57.597938144329895,30.26128818737002,35.0,143.0,106.0,2849.020618556701,2385.4987547373034,1190.0,10153.0,8932.0,0.9685692825692894,0.03181156442631193,0.8480725623582767,34.59375,36.875,1276.8125,38.125,41.875,1607.46875,57.96969696969697,92.93939393939394,5577.515151515152,pg4_4,4
0.9961863048231914,0.5,3.1622776601683795,1.0979660799630298,7.299576973927976,17.56844713643876,30.5,67.5,195.5,311.5,54.824742268041234,24.241061827853613,31.0,115.0,84.0,59.76288659793814,39.67594851590349,33.0,180.0,146.0,4174.845360824742,4883.5106400992945,1054.0,20700.0,19646.0,0.9636985742367159,0.035343564001361974,0.8365079365079365,34.875,35.09375,1224.125,43.59375,40.96875,1814.9375,85.06060606060606,101.9090909090909,9324.545454545454,pg4_4,5
0.7343288683313544,0.5,4.924428900898052,0.7602293161508522,7.520793437902252,3.9199531275326938,30.5,17.0,119.5,273.5,90.10309278350516,58.856716551453964,36.0,191.0,152.0,48.72164948453608,13.400063292696528,34.0,81.0,47.0,5163.123711340206,4623.367437152526,1224.0,15471.0,14145.0,0.9650671993455323,0.039824270589398726,0.7020872865275142,39.1875,36.34375,1425.75,61.75,43.9375,2800.09375,166.96969696969697,65.36363636363636,11078.666666666666,pg4_4,6
0.447886389136108,0.0,2.0615528128088303,0.5566097817082318,3.603878061410749,4.891787882939956,15.5,20.5,201.5,277.5,43.36082474226804,5.984835763294981,38.0,57.0,17.0,44.58762886597938,17.53861870057375,34.0,101.0,67.0,2025.5463917525774,1130.03040758849,1292.0,5555.0,4263.0,0.976621596043271,0.028463064236172505,0.9046283309957924,38.0,34.0,1292.0,41.15625,34.34375,1414.46875,50.696969696969695,64.78787878787878,3329.4242424242425,pg4_4,7
0.5736031614434137,0.5,3.2015621187164243,0.6744135080562873,3.7841862922372713,4.530391228208104,13.0,22.5,283.5,267.0,44.391752577319586,10.773733523801061,36.0,73.0,36.0,49.391752577319586,24.80004851218689,29.0,110.0,81.0,2452.7938144329896,1993.4665550094192,1073.0,8030.0,6957.0,0.9687777145775396,0.03930106081592973,0.8007380073800738,37.78125,31.21875,1179.71875,38.90625,35.9375,1408.71875,56.121212121212125,80.06060606060606,4699.727272727273,pg4_4,8
0.8761984090992194,0.7071067811865476,6.082762530298219,0.9117207254556245,4.802226296689131,18.002036941465118,20.0,63.0,287.5,357.0,51.597938144329895,16.135802411410825,36.0,97.0,61.0,72.48453608247422,53.87903851958654,27.0,196.0,167.0,4592.360824742268,4894.906075540389,1008.0,19012.0,17968.0,0.9640730500620348,0.047481681861169,0.6200846944948578,38.03125,29.65625,1127.53125,45.96875,45.53125,2165.90625,70.21212121212122,140.15151515151516,10305.121212121212,pg4_4,9
0.036458333333333336,0.0,1.0,0.14868856691271037,0.5463431217416952,0.29376921337680423,2.5,1.0,395.5,438.5,31.927835051546392,0.25876083294868324,31.0,32.0,1.0,36.72164948453608,0.5875384267536087,35.0,37.0,2.0,1172.5257731958764,24.969297759202902,1085.0,1184.0,99.0,0.99780151244995,0.009056536122377792,0.9375,31.78125,36.15625,1149.21875,32.0,37.0,1184.0,32.0,37.0,1184.0,pg4_5,0
1.0957727643941935,1.0,5.024937810560445,0.9600405627603663,24.43646501883289,2.2175614791490967,85.0,7.0,309.5,453.5,82.10309278350516,57.47926287399468,36.0,221.0,185.0,46.97938144329897,8.908445409687799,33.0,59.0,26.0,4305.01030927835,3700.0321076758055,1188.0,13039.0,11851.0,0.9682359326612421,0.03658935699745493,0.7357926221335992,40.09375,37.125,1493.84375,50.25,45.84375,2348.0625,153.72727272727272,57.63636363636363,8928.636363636364,pg4_5,1
0.5202478723317506,0.5,3.640054944640259,0.5591739306044406,3.016851385796692,6.446481688162022,12.0,23.5,245.0,392.0,55.350515463917525,15.3971755591152,40.0,86.0,45.0,54.175257731958766,19.210719896823043,34.0,92.0,57.0,3284.3092783505153,2033.96502905002,1360.0,7912.0,6477.0,0.9765784753085374,0.031988742599569284,0.7995049504950495,40.75,34.28125,1397.71875,49.625,50.65625,2556.25,75.06060606060606,76.87878787878788,5819.727272727273,pg4_5,2
0.812024958073005,0.7071067811865476,4.47213595499958,0.7599964698162756,1.5781784603239457,13.574192001358455,7.5,52.0,176.5,338.0,51.55670103092783,14.737545202690276,38.0,85.0,42.0,65.62886597938144,35.92125396395375,37.0,160.0,123.0,3896.762886597938,3401.6912948453623,1520.0,13600.0,12009.0,0.9676637033494243,0.0343406151549354,0.7512383048981838,43.125,37.6875,1625.15625,40.84375,48.1875,1989.0625,70.12121212121212,109.63636363636364,7949.424242424242,pg4_5,3
0.5503140142933565,0.5,1.5,0.44694367915767436,8.707462688552063,5.4000202721205985,31.0,21.5,410.5,352.5,54.92783505154639,24.398431343306257,33.0,109.0,76.0,45.422680412371136,12.011021615086285,34.0,79.0,45.0,2777.40206185567,2056.8854027377774,1122.0,8611.0,7489.0,0.973439478667648,0.02153264281633132,0.9166666666666666,34.53125,34.90625,1205.46875,43.5,41.84375,1841.90625,85.78787878787878,59.09090909090909,5208.848484848485,pg4_5,4
0.6198235197905534,0.5,1.5811388300841898,0.5012339483525794,10.51443293915009,9.752757130924495,32.0,33.0,492.5,253.5,64.82474226804123,24.930836414268526,36.0,111.0,75.0,60.30927835051546,34.07855111167396,33.0,144.0,111.0,4697.092783505154,4313.704421579212,1188.0,15984.0,14796.0,0.9707519693594054,0.021823242146032984,0.9202978488692775,38.28125,33.59375,1287.875,61.1875,43.75,2765.5625,94.0909090909091,102.27272727272727,9876.0,pg4_5,5
0.5656272185352739,0.5,3.0413812651491097,0.6062720920940116,4.190464860698774,7.772508788578507,15.5,19.5,409.5,172.0,50.329896907216494,6.932251905709805,42.0,62.0,16.0,43.23711340206186,12.8004294353513,31.0,70.0,36.0,2251.319587628866,944.7309718665699,1302.0,4130.0,2668.0,0.966177433986042,0.038364471544620096,0.831858407079646,44.25,33.09375,1465.03125,48.0625,36.46875,1777.375,58.42424242424242,59.63636363636363,3473.3636363636365,pg4_5,6
0.7119479392784073,0.5,2.5,0.6462269712909668,16.01530216024942,2.5241947518959367,50.5,9.0,317.5,149.0,74.3298969072165,44.65300849921099,35.0,175.0,139.0,44.51546391752577,9.491301934594985,32.0,61.0,28.0,3702.7938144329896,2974.342120582469,1120.0,10675.0,9487.0,0.9720267978874143,0.029780091686565455,0.7855297157622739,39.71875,33.9375,1352.90625,50.875,43.5,2248.875,130.63636363636363,55.75757575757576,7391.333333333333,pg4_5,7
0.9858131526131949,1.0,2.5,0.7819883384476823,17.83413083851964,4.4286300787642014,66.0,16.5,350.5,242.0,75.08247422680412,46.188245504069336,38.0,189.0,150.0,58.01030927835052,21.467546758348348,34.0,92.0,58.0,5197.742268041237,4793.599792933423,1326.0,17388.0,16062.0,0.9690140063770922,0.02366097173903668,0.8765264586160109,40.28125,35.34375,1423.5,51.84375,55.34375,2964.90625,131.36363636363637,82.57575757575758,11022.787878787878,pg4_5,8
0.5302367835680112,0.5,6.324555320336759,0.90288599502823,3.423945549314105,1.6397749016656642,13.0,11.0,225.5,214.5,48.350515463917525,12.048904845740946,39.0,78.0,32.0,47.78350515463917,6.71546423405258,41.0,77.0,33.0,2383.6288659793813,989.788619728513,1638.0,5775.0,3883.0,0.9757986854578151,0.04120289055959105,0.6968609865470852,42.6875,43.5,1857.5625,40.125,44.0,1766.34375,61.81818181818182,55.60606060606061,3492.3333333333335,pg4_5,9
0.041666666666666664,0.0,0.5,0.13819269959814165,0.21265619943027084,1.1719296339161696,0.5,3.0,504.0,313.0,33.76288659793814,0.4253123988605417,33.0,34.0,0.0,38.154639175257735,0.3615603694175295,38.0,39.0,0.0,1288.1958762886597,19.337821056189096,1254.0,1326.0,0.0,0.9977846907993967,0.007362452515240284,0.9705882352941176,33.28125,38.15625,1269.84375,34.0,38.3125,1302.625,34.0,38.0,1292.0,pg4_6,0
0.15862621155729154,0.0,2.692582403567252,0.3511057177076177,1.342464394082113,1.570786957364594,5.0,5.5,220.0,445.5,38.93814432989691,2.0195663155440626,37.0,46.0,8.0,36.23711340206186,2.2001555515593663,32.0,43.0,7.0,1414.8247422680413,161.06789311325795,1248.0,1978.0,610.0,0.9907160995375935,0.022181465720132708,0.8233657858136301,38.0,36.0,1368.0,38.03125,34.46875,1310.75,40.72727272727273,38.18181818181818,1561.1515151515152,pg4_6,1
0.9516852093784219,0.7071067811865476,2.5,0.8247622458929295,11.520931059669895,22.399186649217825,34.0,72.0,188.5,346.5,58.896907216494846,30.238735496963308,33.0,121.0,87.0,84.30927835051547,50.20152394794123,39.0,197.0,158.0,6475.319587628866,6887.121791283122,1287.0,23837.0,22511.0,0.9659374244625525,0.02876068231313273,0.8611111111111112,34.78125,40.375,1404.8125,43.15625,62.6875,2826.09375,97.54545454545455,147.87878787878788,14930.818181818182,pg4_6,2
0.8867974653270085,0.8535533905932737,3.605551275463989,0.7071411378380743,4.265282489055853,16.885304508449817,17.5,56.5,215.5,257.5,48.855670103092784,17.890842955667683,33.0,93.0,58.0,81.25773195876289,47.666210200266484,36.0,184.0,148.0,4782.525773195876,4606.331161000005,1260.0,17112.0,15852.0,0.9644228337165736,0.028738915906637234,0.8461538461538461,36.0,39.25,1413.4375,39.6875,61.3125,2464.3125,70.21212121212122,141.33333333333334,10297.484848484848,pg4_6,3
0.4915138213958552,0.25,4.6097722286464435,0.7451772697666262,3.071455671254677,7.829532103648186,12.5,21.5,226.0,202.0,42.09278350515464,9.962902812849507,32.0,63.0,31.0,44.381443298969074,5.174169187692597,35.0,53.0,17.0,1915.020618556701,672.280025409476,1120.0,3276.0,2156.0,0.9743517706411094,0.04324393602790645,0.728171334431631,33.65625,39.0,1314.21875,37.75,43.09375,1630.5625,54.484848484848484,50.84848484848485,2773.4545454545455,pg4_6,4
0.23120518609087673,0.0,1.8027756377319946,0.344120853661447,3.5093592126073268,1.258006561200788,10.0,5.5,295.0,415.5,40.77319587628866,5.423327153624491,35.0,56.0,19.0,46.43298969072165,7.273603194626679,38.0,63.0,25.0,1926.1237113402062,567.1991460619828,1400.0,3528.0,2122.0,0.9841295767918768,0.02543434664013072,0.8348623853211009,38.96875,39.9375,1556.4375,36.8125,43.6875,1611.96875,46.36363636363637,55.39393939393939,2589.242424242424,pg4_6,5
0.4984120967421943,0.5,3.2015621187164243,0.6324736214428627,5.182368713024391,4.693745485080318,15.0,13.5,389.0,439.5,52.56701030927835,10.688569109962774,39.0,77.0,31.0,45.79381443298969,16.30124790892542,33.0,97.0,60.0,2577.1958762886597,1580.251478350315,1365.0,7469.0,5767.0,0.9726957959544861,0.0361533177878357,0.80343716433942,45.0625,35.28125,1590.71875,46.5,37.125,1728.875,65.72727272727273,64.39393939393939,4356.393939393939,pg4_6,6
0.5503529810617263,0.5,1.5811388300841898,0.5043840430695027,10.44661359352036,5.98020346287048,33.0,18.5,452.5,359.5,71.5360824742268,38.87305850375677,39.0,155.0,115.0,39.5360824742268,6.097256194929,33.0,52.0,19.0,3058.4742268041236,2127.504167162665,1287.0,8060.0,6740.0,0.9728797455010106,0.025857927063843645,0.8741721854304636,39.78125,33.6875,1340.09375,51.875,37.25,1961.0625,121.39393939393939,47.42424242424242,5788.939393939394,pg4_6,7
0.7666329975217886,0.5,2.23606797749979,0.794370094547093,5.626240843995898,14.119086457768987,16.5,54.0,360.5,299.0,51.49484536082474,10.695527257999121,39.0,67.0,25.0,56.8041237113402,38.33617956196699,31.0,166.0,131.0,3270.6082474226805,2878.5564951924175,1209.0,11122.0,9652.0,0.9709511682785745,0.0326311764783866,0.8224489795918367,41.75,34.75,1451.90625,47.09375,33.28125,1578.09375,65.21212121212122,101.0,6675.424242424242,pg4_6,8
1.2186518725362239,1.118033988749895,7.211102550927978,1.0797820521895247,10.982386694846666,24.02753097301861,33.0,79.5,423.0,241.5,67.69072164948453,26.301723053094758,40.0,114.0,65.0,86.61855670103093,63.349373799616096,32.0,222.0,185.0,7492.711340206186,7703.774764880898,1408.0,23532.0,22015.0,0.9566793671074736,0.049999786373609544,0.6357615894039735,42.25,34.53125,1455.09375,59.21875,55.1875,3523.1875,100.57575757575758,167.6060606060606,17196.60606060606,pg4_6,9
0.8052556893010031,0.7071067811865476,2.23606797749979,0.5973036147401921,14.381794327460419,4.6363794553774325,42.5,19.0,413.5,421.5,75.0618556701031,47.901491364121476,30.0,167.0,134.0,64.9381443298969,23.850831290701787,33.0,127.0,94.0,5948.432989690722,5519.969368858716,1089.0,21209.0,20120.0,0.9658558968882348,0.026704819951793947,0.8365384615384616,31.6875,38.875,1229.625,55.78125,63.59375,3726.125,135.8181818181818,91.51515151515152,12679.212121212122,pg4_7,0
0.43103462611492566,0.5,2.0,0.47229579476916045,5.962872695368145,4.10991894490138,23.0,13.5,266.5,486.5,47.96907216494845,16.17459737273389,35.0,89.0,54.0,41.23711340206186,8.457014651884643,32.0,61.0,27.0,2111.865979381443,1193.2298162590507,1152.0,5429.0,4239.0,0.9797361786107482,0.02531808722087551,0.8676236044657097,35.03125,33.9375,1188.8125,40.4375,38.09375,1562.75,67.81818181818181,51.36363636363637,3539.4242424242425,pg4_7,1
0.11984091220307468,0.0,2.0615528128088303,0.3165777773244172,0.6436491248984728,0.627046548344739,3.0,3.0,179.0,440.0,32.79381443298969,1.4497646046389234,31.0,36.0,4.0,31.11340206185567,1.9838330526065708,28.0,36.0,8.0,1023.1030927835052,113.19679829868804,868.0,1296.0,400.0,0.9918407959695092,0.02329225065465031,0.8413361169102297,31.96875,29.875,955.125,32.0,29.96875,959.0,34.36363636363637,33.42424242424242,1151.1818181818182,pg4_7,2
0.041666666666666664,0.0,1.0,0.15590239111558088,0.657696408566457,0.5964253882111639,2.0,2.0,339.0,300.5,35.98969072164948,0.10100988630033723,35.0,36.0,0.0,32.95876288659794,0.19883816002047328,32.0,33.0,0.0,1186.1752577319587,7.8320124328302265,1152.0,1188.0,0.0,0.997595606970607,0.008887701625576895,0.9459459459459459,36.0,32.9375,1185.75,35.96875,32.9375,1184.71875,36.0,33.0,1188.0,pg4_7,3
0.024220216353504607,0.0,1.118033988749895,0.14229095000428793,0.26942545042004085,0.12263275518938473,2.0,1.0,210.0,206.5,29.989690721649485,0.10100988630033722,29.0,30.0,0.0,27.02061855670103,0.14210359538237347,27.0,28.0,0.0,810.3298969072165,3.0349226776764784,810.0,840.0,0.0,0.9979482784080936,0.012310606613734325,0.903114186851211,29.96875,27.0625,811.0,30.0,27.0,810.0,30.0,27.0,810.0,pg4_7,4
0.020833333333333332,0.0,2.0,0.2030582155168534,0.20201977260067447,0.0,2.0,0.0,188.5,330.0,33.0,0.0,33.0,33.0,0.0,36.0,0.0,36.0,36.0,0.0,1188.0,0.0,1188.0,1188.0,0.0,0.9988095238095238,0.01160332660096306,0.8857142857142857,33.0,36.0,1188.0,33.0,36.0,1188.0,33.0,36.0,1188.0,pg4_7,5
0.5822953264686838,0.5,1.8027756377319946,0.47816366037797386,6.201165898214912,10.006473088291504,25.0,30.5,125.5,413.0,45.27835051546392,9.821858925026275,39.0,77.0,38.0,59.95876288659794,31.84463492846609,29.0,119.0,88.0,2976.9896907216494,2264.9132183135976,1131.0,9086.0,7916.0,0.9731884811432986,0.02477974787784261,0.8601455133387227,39.1875,29.21875,1145.34375,40.96875,49.40625,2035.03125,55.36363636363637,100.0,5666.545454545455,pg4_7,6
0.20323912724731316,0.0,1.118033988749895,0.31514894439891505,1.5781784603239457,1.2186770572201961,6.5,4.5,260.5,331.5,39.63917525773196,4.25279911948919,34.0,53.0,15.0,37.608247422680414,4.510141381263807,34.0,52.0,17.0,1509.3298969072166,373.0831067873383,1156.0,2756.0,1426.0,0.9880476999911781,0.02119353188190599,0.869172932330827,38.0,35.0625,1332.375,36.96875,35.1875,1301.28125,43.81818181818182,42.42424242424242,1882.6666666666667,pg4_7,7
0.42219123016197635,0.5,2.23606797749979,0.48828396639761146,1.2207247794404652,4.827522548999753,6.5,13.5,315.0,159.0,55.78350515463917,14.842282040424216,41.0,84.0,43.0,40.01030927835052,6.579403735339117,33.0,54.0,21.0,2328.4329896907216,1024.8678557737471,1353.0,4536.0,3183.0,0.977045385762807,0.029080501566814798,0.853448275862069,43.6875,34.40625,1503.15625,48.0625,36.875,1787.21875,75.0,48.484848484848484,3653.5151515151515,pg4_7,8
0.4999146217756336,0.5,1.8027756377319946,0.5204985151451046,1.3351610033543926,8.897865820225963,6.0,35.0,387.5,181.0,41.93814432989691,10.274394589724226,32.0,67.0,32.0,60.65979381443299,25.713683868746173,38.0,130.0,92.0,2798.494845360825,1969.6381536107074,1216.0,8710.0,7380.0,0.9776757386710134,0.022101077485891442,0.9142857142857143,34.3125,38.375,1316.375,36.5,51.5625,1902.96875,54.60606060606061,91.0909090909091,5104.090909090909,pg4_7,9
0.015625,0.0,0.5,0.08699631816921909,0.25876083294868313,0.0,1.5,0.0,344.0,201.0,34.04123711340206,0.19883816002047325,34.0,35.0,-1.0,32.0,0.0,32.0,32.0,0.0,1089.319587628866,6.362821120655144,1088.0,1120.0,-32.0,0.9991071428571429,0.004971218181098236,0.9714285714285714,34.125,32.0,1092.0,34.0,32.0,1088.0,34.0,32.0,1088.0,pg4_8,0
0.0533470869120796,0.0,1.4142135623730951,0.19702983272758898,0.4947379608536836,0.7704763169076039,1.0,2.0,402.5,169.5,32.98969072164948,0.10100988630033723,32.0,33.0,0.0,36.69072164948454,2.5378001056287394,33.0,39.0,4.0,1210.4432989690722,84.18829767494685,1088.0,1287.0,132.0,0.9959653232768831,0.017778889391997683,0.8472012102874432,32.96875,33.625,1108.5625,33.0,37.375,1233.375,33.0,39.0,1287.0,pg4_8,1
0.44836227254568334,0.5,3.0413812651491097,0.5491588469872237,5.370664047349351,5.238675795843125,17.5,20.0,391.5,354.0,49.96907216494845,14.25211404701861,36.0,82.0,45.0,53.175257731958766,27.030723378719873,32.0,124.0,92.0,3039.59793814433,2494.7779012350165,1152.0,10168.0,8984.0,0.9740510593550947,0.03083711436126331,0.8336842105263158,38.84375,32.9375,1279.5625,42.125,38.46875,1650.59375,68.36363636363636,87.06060606060606,6093.212121212121,pg4_8,2
0.7058390575361742,0.5,3.3541019662496847,0.722927768307304,6.172042775322121,9.441416437757269,28.0,33.0,323.5,390.5,59.2680412371134,29.229104075034993,37.0,145.0,108.0,51.72164948453608,17.57912437449733,38.0,99.0,60.0,3574.2474226804125,3303.7072117310686,1406.0,14355.0,12912.0,0.9684137540385128,0.031406947892399,0.8438133874239351,37.75,39.03125,1474.28125,44.34375,43.65625,1940.6875,94.60606060606061,71.84848484848484,7194.636363636364,pg4_8,3
0.48736954191878507,0.5,2.0615528128088303,0.5347040579702699,4.769765639696114,4.598013267381311,23.0,16.0,256.0,405.5,57.2680412371134,19.35054567222156,38.0,108.0,70.0,49.68041237113402,14.793803656736618,36.0,97.0,61.0,3119.556701030928,2188.4570611827558,1368.0,10476.0,9108.0,0.973377601909132,0.0300421692827431,0.8893088552915767,43.84375,38.28125,1680.71875,47.375,43.15625,2045.3125,79.87878787878788,67.06060606060606,5556.484848484848,pg4_8,4
0.6382783827881753,0.5,1.8027756377319946,0.5941526510350503,3.4778041480217112,12.959890543002203,11.0,46.5,118.0,468.0,45.2680412371134,6.6681508958206335,38.0,62.0,23.0,58.371134020618555,33.05082608497955,33.0,142.0,109.0,2815.2680412371133,1989.281264369735,1287.0,8804.0,7517.0,0.9722457158821651,0.025740212804550206,0.8554913294797688,38.78125,35.90625,1392.46875,44.34375,38.75,1735.90625,52.45454545454545,99.18181818181819,5241.606060606061,pg4_8,5
0.42471471912297926,0.25,3.0413812651491097,0.5676456412472093,3.17661304587019,2.6704712559142147,13.0,9.5,118.0,328.5,61.4639175257732,26.99677791223765,39.0,123.0,83.0,42.16494845360825,3.957715712015807,36.0,52.0,16.0,2692.185567010309,1453.3660491360665,1404.0,6396.0,4956.0,0.9749977214237049,0.03123018100661091,0.8434832100170746,40.46875,38.375,1553.6875,46.46875,41.0,1914.90625,96.36363636363636,46.96969696969697,4549.909090909091,pg4_8,6
0.9991223489273583,1.0,14.142135623730951,1.5340524866750418,12.356221682332336,7.606958653733641,44.5,33.5,247.0,300.5,86.42268041237114,46.09198222907191,38.0,170.0,132.0,60.41237113402062,29.38993185391425,35.0,125.0,89.0,6534.649484536082,6258.625024454375,1365.0,21250.0,19882.0,0.9601970734489517,0.0577430808076282,0.4891256102973813,41.21875,36.9375,1522.125,72.21875,45.46875,3472.59375,144.03030303030303,97.66666666666667,14364.545454545454,pg4_8,7
1.0582178064760193,0.6035533905932737,4.743416490252569,1.1284521437454709,6.66161683899297,27.779157320994372,23.0,82.5,290.5,222.0,45.0,9.322404008347062,38.0,73.0,35.0,101.04123711340206,75.61785606039476,35.0,249.0,214.0,5216.0,5055.615222537264,1330.0,18177.0,16847.0,0.9699491052064335,0.0355586169475595,0.759144237405107,38.5,37.03125,1426.71875,40.5625,66.125,2722.15625,55.60606060606061,196.96969696969697,11308.727272727272,pg4_8,8
1.0856290272369156,0.7071067811865476,3.1622776601683795,1.062403540038951,2.3429975631740274,22.886233395443544,9.0,83.0,193.5,291.0,56.391752577319586,22.784764624422355,37.0,103.0,66.0,80.8659793814433,56.20940759687232,36.0,230.0,194.0,5808.639175257732,6273.639848786327,1332.0,23690.0,22358.0,0.964997117213643,0.03825146653620256,0.7551020408163265,37.5625,36.84375,1387.25,44.5625,54.6875,2516.65625,86.12121212121212,148.93939393939394,13288.272727272728,pg4_8,9
0.07455056509887896,0.0,4.242640687119285,0.4588987323765136,0.31082089549858427,0.5272870867028628,3.0,3.0,246.0,258.0,40.25773195876289,0.437385637847349,40.0,41.0,1.0,36.01030927835052,0.10100988630033723,36.0,37.0,0.0,1449.6907216494844,16.018906886230955,1440.0,1480.0,36.0,0.9954013680677843,0.028782997642370852,0.7359855334538878,40.0,36.0,1440.0,40.0,36.03125,1441.25,40.75757575757576,36.0,1467.2727272727273,pg4_9,0
0.053773725626753956,0.0,3.1622776601683795,0.3342031115437915,0.36768153608509296,0.33461510035293773,3.0,1.0,190.0,307.0,38.09278350515464,0.2901288098859853,38.0,39.0,0.0,33.896907216494846,0.3040800248196418,33.0,34.0,0.0,1291.1752577319587,9.806383686968836,1254.0,1326.0,0.0,0.9968557493963474,0.020119724941231088,0.8082575227431771,38.28125,33.6875,1289.5,38.0,34.0,1292.0,38.0,34.0,1292.0,pg4_9,1
0.34272361195486506,0.0,3.605551275463989,0.5926976681315788,2.8852353190357065,5.422337412224527,16.0,15.0,182.0,382.0,51.4639175257732,7.971679065743842,45.0,74.0,28.0,39.18556701030928,8.696876909412275,31.0,58.0,24.0,2083.453608247423,827.5465168427253,1457.0,4292.0,2728.0,0.981776923339056,0.035095373184476024,0.7853881278538812,45.21875,34.0,1537.4375,47.5,32.6875,1553.28125,61.36363636363637,50.515151515151516,3127.030303030303,pg4_9,2
0.33077021841910365,0.5,2.0615528128088303,0.3679439213706963,2.4005791627684423,1.243283581994337,7.5,5.5,239.5,417.0,44.45360824742268,9.952485695374449,35.0,69.0,34.0,43.896907216494846,8.374586662928289,36.0,63.0,26.0,2032.7731958762886,897.2918649068043,1295.0,4347.0,3052.0,0.9805596856807345,0.028095553227066927,0.8299457994579946,37.78125,38.09375,1439.53125,38.625,38.5,1488.5625,56.57575757575758,54.75757575757576,3135.757575757576,pg4_9,3
0.3527820407245517,0.0,4.527692569068709,0.5911879270380561,1.9634777763479654,1.8496609462005924,9.0,7.0,393.0,440.5,51.90721649484536,5.369026240163385,47.0,63.0,14.0,39.670103092783506,4.661139300321408,35.0,54.0,18.0,2082.2680412371133,475.3320166915328,1680.0,3402.0,1620.0,0.98249932128013,0.028645850619553884,0.8103534096565456,48.0625,37.875,1820.3125,48.875,35.96875,1758.3125,58.57575757575758,45.0,2650.4242424242425,pg4_9,4
0.4440317031474928,0.0,3.0,0.6044301833958466,2.673613502629199,3.9365719859995614,9.0,13.0,323.5,357.0,55.29896907216495,8.580924599273956,47.0,72.0,22.0,41.07216494845361,7.834956591936823,36.0,65.0,28.0,2328.3092783505153,831.004067388966,1739.0,4485.0,2746.0,0.9780881257266202,0.030742657745522168,0.8723404255319149,47.96875,37.0,1774.84375,51.09375,36.84375,1883.34375,66.48484848484848,49.121212121212125,3296.4848484848485,pg4_9,5
0.7342514652438071,0.5,3.640054944640259,0.7288259639909396,5.14305915755789,9.182798360906128,26.5,34.5,313.5,219.5,53.71134020618557,22.22562780201131,36.0,121.0,84.0,62.103092783505154,25.02637146661908,36.0,127.0,91.0,3858.1958762886597,3385.4004822989564,1296.0,15367.0,14035.0,0.9691450374773455,0.03313415853056468,0.7841140529531568,38.8125,37.40625,1451.96875,42.59375,56.59375,2434.46875,78.93939393939394,91.39393939393939,7572.090909090909,pg4_9,6
0.3523669345743068,0.0,3.0413812651491097,0.4982302447182824,2.973150120470948,3.720999743379829,10.5,16.5,423.0,325.5,44.72164948453608,5.577462505553063,37.0,68.0,28.0,42.01030927835052,8.764378284195098,34.0,70.0,29.0,1918.298969072165,650.6378339981968,1360.0,4284.0,2924.0,0.9793123422860859,0.032391562510680205,0.8366688185926404,40.90625,35.9375,1470.125,41.71875,38.5625,1613.90625,51.333333333333336,51.24242424242424,2648.060606060606,pg4_9,7
0.2402551573150623,0.0,1.118033988749895,0.3220804134324967,1.1373194754902272,3.4611857170887843,5.5,12.0,440.0,207.5,40.69072164948454,3.5936967290316737,36.0,50.0,14.0,45.103092783505154,8.693503364235188,35.0,69.0,34.0,1864.9278350515465,544.0103138694559,1260.0,3450.0,2190.0,0.9887538345266518,0.016015638282782144,0.9203798392987582,37.28125,38.1875,1424.03125,39.84375,42.125,1681.875,44.81818181818182,54.696969696969695,2469.969696969697,pg4_9,8
0.8048676929510542,0.5,4.123105625617661,0.9805931862111052,9.207420750423656,1.187828412502898,48.5,6.0,512.5,324.5,55.98969072164948,30.96139759670839,35.0,152.0,117.0,46.63917525773196,8.78985540738224,37.0,69.0,31.0,2866.814432989691,2267.7909016953718,1295.0,10488.0,9158.0,0.9704298723448535,0.03978965869362665,0.7820773930753564,35.71875,38.03125,1358.5625,40.1875,44.15625,1783.71875,90.96969696969697,57.39393939393939,5379.636363636364,pg4_9,9
0.07291666666666667,0.0,6.0,0.6122838337368998,0.6060593178020237,0.353083377103994,6.0,1.0,473.0,406.5,42.0,0.0,42.0,42.0,0.0,31.09278350515464,0.29012880988598533,31.0,32.0,0.0,1305.8969072164948,12.185410015211383,1302.0,1344.0,0.0,0.9967447916666666,0.025705842477082852,0.75,42.0,31.28125,1313.8125,42.0,31.0,1302.0,42.0,31.0,1302.0,pg5_1,0
0.5745685157130639,0.5,7.0710678118654755,0.8988280447808802,2.5017158528745336,3.345809542127036,11.0,10.0,287.0,479.5,55.50515463917526,9.063491636570854,46.0,70.0,24.0,53.70103092783505,21.525896630368536,30.0,92.0,59.0,3167.9484536082473,1724.702271459634,1380.0,6440.0,4922.0,0.973658895756305,0.03957563921283215,0.697986577181208,46.375,32.21875,1493.84375,53.53125,47.5,2603.15625,66.27272727272727,80.54545454545455,5339.0,pg5_1,1
0.4184995639126021,0.0,7.5,0.8923072798490598,5.1013169877036555,1.5486581330191338,25.0,5.5,190.0,349.5,42.07216494845361,6.138013081718603,36.0,58.0,20.0,47.94845360824742,4.582285779989861,43.0,57.0,13.0,2039.9484536082475,493.15994292088686,1584.0,3306.0,1614.0,0.9792171097121759,0.04150624349433626,0.6739130434782609,38.96875,43.0,1675.65625,38.40625,47.5625,1829.4375,48.63636363636363,53.121212121212125,2597.3333333333335,pg5_1,2
0.21691436997086955,0.0,6.5,0.7032885771621827,1.3605123040266904,0.9800594506098734,7.5,4.0,175.0,250.0,48.402061855670105,5.723274590425571,42.0,63.0,21.0,39.81443298969072,2.425508329790016,36.0,45.0,7.0,1933.298969072165,317.4294357805655,1596.0,2835.0,1239.0,0.9882940228534615,0.033511974690658176,0.7346938775510204,43.6875,40.15625,1754.875,46.34375,38.46875,1778.875,54.96969696969697,40.78787878787879,2256.060606060606,pg5_1,3
0.3545482401796412,0.0,7.0,0.8112642677033088,2.51386843097564,1.942717788889996,9.0,8.0,256.5,351.5,46.75257731958763,6.91335317485736,38.0,64.0,26.0,42.47422680412371,4.655321272989165,36.0,55.0,19.0,2016.618556701031,543.8182391033074,1368.0,3520.0,2152.0,0.9824331741616898,0.03799011692864912,0.6888888888888889,41.03125,38.5625,1583.0625,44.625,40.46875,1807.0625,54.36363636363637,48.21212121212121,2640.242424242424,pg5_1,4
0.3191204470219943,0.0,7.0710678118654755,0.7669852064799875,1.094726923914085,3.4149241391859557,8.0,12.0,266.0,181.0,43.855670103092784,2.628117944918977,40.0,49.0,9.0,46.4639175257732,7.974265122293131,37.0,69.0,28.0,2057.855670103093,488.58630466584424,1517.0,3381.0,1741.0,0.9837272977494557,0.03688364234638359,0.673469387755102,41.21875,39.71875,1637.0,43.34375,43.625,1891.875,46.90909090909091,55.75757575757576,2626.909090909091,pg5_1,5
0.3875911435237985,0.0,6.576473218982953,0.7693897617345283,2.5106849990848334,1.2619710546262233,12.0,6.0,315.5,248.0,47.45360824742268,8.325864084510773,40.0,68.0,27.0,39.91752577319588,4.845382759327408,34.0,50.0,14.0,1932.958762886598,587.1574354205212,1428.0,3400.0,1924.0,0.980643072299904,0.03736780121906751,0.6894553881807648,40.03125,36.0,1441.125,44.3125,37.53125,1669.625,57.696969696969695,46.03030303030303,2665.242424242424,pg5_1,6
1.0217566846431894,1.0,7.648529270389178,0.998839298412725,12.193355352915024,18.30324039012843,44.0,54.0,439.0,221.5,75.20618556701031,29.970066903368252,50.0,152.0,99.0,80.42268041237114,49.4918164747469,36.0,198.0,161.0,7483.0,7721.33968264869,1850.0,30096.0,28135.0,0.9646239974654724,0.0349354720140089,0.6991799741044454,53.15625,37.40625,1987.78125,60.5625,59.375,3644.1875,110.78787878787878,142.54545454545453,16534.18181818182,pg5_1,7
0.5733525909395625,0.5,3.5355339059327378,0.6974030205910765,5.356248046369135,6.0269834665113375,27.0,20.5,357.5,357.5,53.47422680412371,19.62645636253834,37.0,111.0,74.0,49.55670103092783,15.286925261875387,35.0,84.0,49.0,2941.8865979381444,2115.948769069218,1295.0,9324.0,8029.0,0.9749939187456095,0.034108587837980014,0.8078750848608283,39.0,36.03125,1405.40625,44.125,43.1875,1921.0,76.57575757575758,68.84848484848484,5421.757575757576,pg5_1,8
0.9386718508518315,0.5,9.340770846134703,1.2774646726041903,14.67315643689004,3.9315403147451184,55.5,14.0,397.0,350.0,66.6082474226804,31.64120916695551,39.0,149.0,107.0,53.876288659793815,17.531860677157844,36.0,88.0,52.0,4096.711340206186,3250.9409802212203,1404.0,13112.0,11600.0,0.9664880284173464,0.05518671792518732,0.5866666666666667,41.71875,36.15625,1508.21875,51.65625,50.65625,2679.6875,105.24242424242425,74.18181818181819,7980.848484848485,pg5_1,9
0.1375740289706932,0.0,5.0,0.5345660731404217,1.4549419924894578,1.283867377364688,7.5,8.0,283.5,112.0,37.55670103092783,0.4967745898208972,37.0,38.0,1.0,45.876288659793815,0.3292519468592023,45.0,46.0,0.0,1722.9690721649486,26.382379940105302,1665.0,1748.0,46.0,0.992838427066831,0.029419742181740264,0.7226720647773279,37.5,45.875,1720.375,37.59375,45.875,1724.5625,37.57575757575758,45.878787878787875,1723.939393939394,pg5_10,0
0.10018785404947807,0.0,5.0,0.530687347284281,0.8241621671205419,0.6469020823717079,6.0,3.0,230.0,355.5,39.83505154639175,0.3711340206185567,39.0,40.0,0.0,32.92783505154639,0.2587608329486832,32.0,33.0,0.0,1311.6701030927834,15.023501623133658,1280.0,1320.0,0.0,0.9939001861135554,0.03280655995924555,0.6923076923076923,39.84375,32.96875,1313.59375,39.65625,33.0,1308.65625,40.0,32.81818181818182,1312.7272727272727,pg5_10,1
0.3868538441055365,0.0,5.408326913195984,0.8173447477252805,3.6225489769560486,1.6371802681818415,16.0,8.5,248.0,230.5,50.50515463917526,10.542133150735639,44.0,82.0,38.0,36.649484536082475,4.58379313757846,34.0,52.0,18.0,1898.639175257732,713.1520736244014,1496.0,4264.0,2768.0,0.9784270159724762,0.0454369063277484,0.6942889137737962,44.96875,34.0,1528.9375,45.25,34.4375,1558.625,60.96969696969697,41.36363636363637,2586.848484848485,pg5_10,2
0.6065467813523999,0.5,3.5355339059327378,0.6160331446962716,9.863927007546387,8.25372825963313,34.0,30.0,157.5,273.5,60.29896907216495,17.791556521936755,43.0,101.0,58.0,70.83505154639175,40.29803413188105,37.0,179.0,141.0,4983.835051546392,4529.292331516966,1634.0,18079.0,16445.0,0.9711261286012528,0.03138077417500902,0.7877813504823151,45.6875,37.75,1724.1875,52.96875,53.84375,2892.5,81.57575757575758,119.39393939393939,10172.666666666666,pg5_10,3
0.7192933634049711,0.6035533905932737,3.0,0.5980109174267342,11.830670639297422,5.589592419477329,44.0,20.0,415.0,192.0,72.15463917525773,35.223100493496595,44.0,160.0,114.0,65.76288659793815,31.67579751748302,41.0,132.0,90.0,5852.865979381443,5734.897870056328,1845.0,21120.0,19188.0,0.9674801895836049,0.027617254661942023,0.8775510204081632,44.8125,42.0,1882.125,54.09375,47.46875,2638.78125,116.18181818181819,106.54545454545455,12819.969696969696,pg5_10,4
0.7486356369957804,0.5,3.605551275463989,0.7176806506749749,4.092257620269221,17.31351912585085,15.0,56.5,421.0,307.0,43.7319587628866,6.746538576276437,37.0,56.0,16.0,88.23711340206185,62.006114297093745,35.0,251.0,211.0,4261.659793814433,3667.967216704159,1400.0,14056.0,12456.0,0.9677179977259843,0.03302598384903046,0.7808219178082192,37.75,39.53125,1491.53125,41.03125,58.34375,2428.71875,52.15151515151515,164.45454545454547,8725.242424242424,pg5_10,5
0.3363831869728015,0.0,4.716990566028302,0.58529951152268,4.75467337547271,4.7516268029959505,13.5,14.5,327.5,322.5,45.69072164948454,6.805638694194914,38.0,58.0,17.0,48.391752577319586,18.64953867538716,34.0,100.0,62.0,2330.1237113402062,1297.198116622002,1330.0,5800.0,4242.0,0.9774390530088621,0.03723939797713434,0.7275280898876404,40.8125,36.90625,1506.59375,41.34375,37.375,1549.3125,54.63636363636363,70.21212121212122,3885.848484848485,pg5_10,6
0.48098390701534166,0.5,5.1478150704935,0.6417816200694157,4.696591999053052,3.960011078996538,24.0,14.5,227.0,422.5,50.03092783505155,19.968766130850614,33.0,110.0,70.0,45.92783505154639,8.809843864748434,35.0,65.0,23.0,2464.020618556701,1534.7131904347673,1155.0,7150.0,5470.0,0.972698133408192,0.03735924718158028,0.7189216175736396,38.4375,40.09375,1543.46875,37.96875,40.34375,1555.5,72.96969696969697,57.0,4237.666666666667,pg5_10,7
0.952521189065656,0.5,6.324555320336759,1.0353115719664374,2.0088813326665953,13.695947099289649,11.0,59.5,331.5,479.5,49.03092783505155,7.180232900118691,41.0,63.0,16.0,62.81443298969072,42.44325013957412,31.0,175.0,138.0,3366.7525773195875,2803.768818620136,1271.0,11025.0,9286.0,0.9673613389323809,0.04596606635114587,0.6686274509803921,43.0625,33.5625,1446.46875,45.34375,39.0625,1795.375,58.39393939393939,114.21212121212122,6752.606060606061,pg5_10,8
0.30666135310434695,0.0,7.106335201775948,0.7903852317143907,1.5289566955589236,2.9871834491844873,5.5,16.0,407.0,412.5,42.577319587628864,3.674473246620771,39.0,53.0,13.0,41.22680412371134,6.715891531637871,35.0,60.0,25.0,1778.6494845360826,457.07738164233484,1400.0,3180.0,1780.0,0.9835655020939852,0.044313972604904335,0.6022857142857143,39.03125,35.96875,1403.875,41.90625,38.09375,1599.0,46.666666666666664,49.36363636363637,2316.2727272727275,pg5_10,9
0.21667432556633046,0.0,6.800735254367722,0.7234395183015482,1.0552038677268598,1.2040469188900917,5.5,5.0,239.0,503.5,35.628865979381445,1.1515976139749076,33.0,37.0,1.0,37.597938144329895,2.8052226470044515,33.0,41.0,4.0,1342.1030927835052,134.07994880237337,1089.0,1517.0,173.0,0.9870799585298121,0.04507097312529579,0.5804145818441744,34.46875,34.0625,1175.625,36.5,39.0625,1425.40625,35.90909090909091,39.60606060606061,1422.7575757575758,pg5_11,0
0.561793527762287,0.5,5.830951894845301,0.768529786126995,3.998631395156202,5.16942724098013,15.5,20.5,150.0,372.5,42.11340206185567,6.62683748283548,34.0,53.0,19.0,42.5360824742268,16.176259718100006,29.0,81.0,47.0,1887.3092783505156,1026.9019804941356,986.0,4293.0,3042.0,0.9698866374688601,0.048876671104634534,0.6190476190476191,35.09375,29.90625,1051.3125,41.03125,35.875,1480.1875,49.96969696969697,61.24242424242424,3092.757575757576,pg5_11,1
0.4733929456071095,0.5,5.830951894845301,0.7636692908033496,3.6368746561190965,2.9352490708776315,12.5,12.0,224.5,385.0,39.29896907216495,3.3649648776635765,34.0,45.0,6.0,49.63917525773196,19.239234808610014,31.0,82.0,50.0,2010.1340206185566,956.4005289256146,1147.0,3690.0,2392.0,0.9724273866075905,0.04769029655850371,0.6488135593220339,37.5625,31.59375,1186.71875,36.8125,42.21875,1565.59375,43.39393939393939,74.33333333333333,3239.6666666666665,pg5_11,2
0.37215890780464894,0.0,4.031128874149275,0.6937502533392816,5.717635817084295,4.766734287303645,17.0,17.5,294.0,351.0,43.83505154639175,5.32390139167423,38.0,53.0,13.0,35.49484536082474,6.498411719258326,31.0,52.0,21.0,1581.6494845360826,475.94881993841017,1178.0,2703.0,1474.0,0.9777972238831949,0.041964100654971234,0.7272727272727273,38.25,31.96875,1222.8125,42.46875,32.40625,1377.5625,50.57575757575758,41.90909090909091,2127.5151515151515,pg5_11,3
0.34731689439061947,0.0,4.6097722286464435,0.5720905885762516,3.8450844266492212,1.237306685931805,13.5,7.5,225.0,167.0,47.649484536082475,8.153224948073282,39.0,66.0,27.0,46.1958762886598,12.049416442436215,34.0,76.0,41.0,2294.7525773195875,1012.2562940092783,1326.0,5016.0,3651.0,0.9809090550134626,0.03628286506647462,0.7085714285714285,39.53125,35.0,1385.15625,45.15625,42.875,1942.78125,57.93939393939394,60.27272727272727,3518.090909090909,pg5_11,4
0.3295479713400995,0.0,4.924428900898052,0.6717841676602376,1.3950514549704223,3.857606052373512,7.0,12.5,139.5,190.0,43.855670103092784,5.8503496956396654,37.0,55.0,16.0,37.49484536082474,5.845297186875176,30.0,51.0,21.0,1677.5154639175257,498.6097602933945,1110.0,2805.0,1593.0,0.9808843405165554,0.0432142018113523,0.6990504017531045,37.96875,31.9375,1212.6875,42.46875,36.375,1547.25,50.90909090909091,43.96969696969697,2254.5757575757575,pg5_11,5
0.04913531839612814,0.0,4.716990566028302,0.4789118434737697,0.252524715750843,0.40403954520134894,2.5,4.0,325.0,400.5,33.01030927835052,0.10100988630033723,33.0,34.0,-1.0,33.0,0.0,33.0,33.0,0.0,1089.340206185567,3.33332624791113,1089.0,1122.0,-33.0,0.9967209730691057,0.03196000114651694,0.6852134146341463,33.03125,33.0,1090.03125,33.0,33.0,1089.0,33.0,33.0,1089.0,pg5_11,6
0.0429490169335173,0.0,4.123105625617661,0.4186152353627111,0.10100988630033723,0.40403954520134894,1.0,4.0,325.5,186.0,29.0,0.0,29.0,29.0,0.0,36.0,0.0,36.0,36.0,0.0,1044.0,0.0,1044.0,1044.0,0.0,0.9974133109619686,0.02521192608766301,0.7516778523489933,29.0,36.0,1044.0,29.0,36.0,1044.0,29.0,36.0,1044.0,pg5_11,7
0.35012091804360024,0.0,7.5,0.961400199057763,1.3582841013064366,4.198262955047946,5.5,12.5,389.0,330.0,46.91752577319588,5.19252059859771,40.0,59.0,18.0,34.36082474226804,2.4502706225892483,31.0,40.0,8.0,1624.1237113402062,304.5689960506455,1240.0,2360.0,1022.0,0.9810955635410421,0.0515364956140583,0.6511627906976745,42.75,32.5625,1391.96875,44.875,33.21875,1490.96875,52.93939393939394,37.21212121212121,1978.3636363636363,pg5_11,8
0.10603377850193883,0.0,4.47213595499958,0.5094999226201463,1.1267102704710141,0.5965144800614199,7.0,4.0,428.5,185.0,37.618556701030926,1.3037874958803137,35.0,41.0,4.0,34.649484536082475,0.908621218001266,34.0,36.0,2.0,1304.381443298969,75.92826827796142,1190.0,1476.0,218.0,0.9932807681857424,0.03290227192934524,0.7232876712328767,37.0,34.0,1258.0,36.90625,34.03125,1255.9375,38.90909090909091,35.878787878787875,1396.3333333333333,pg5_11,9
0.11863568107308482,0.0,3.8078865529319543,0.44074812365982746,0.2675451396363088,1.3604146523607217,1.5,4.0,201.0,430.0,35.618556701030926,0.5065203503727113,34.0,36.0,2.0,39.98969072164948,1.9130309807247976,35.0,44.0,6.0,1425.1958762886597,85.61368991300853,1190.0,1584.0,286.0,0.9934706337908024,0.026992924952773584,0.7610062893081762,34.96875,37.90625,1325.625,35.875,41.34375,1483.625,36.0,40.696969696969695,1465.090909090909,pg5_12,0
0.1569560568443305,0.0,3.5355339059327378,0.425551363394063,0.8674815150639088,0.5088232032681678,4.0,4.0,364.5,455.5,38.44329896907217,3.0391570730617405,33.0,45.0,7.0,33.54639175257732,1.3623858586954054,31.0,35.0,4.0,1291.618556701031,134.92177522121744,1054.0,1530.0,381.0,0.9892597176467053,0.0311582097274094,0.7423616845582164,34.90625,33.28125,1162.625,39.28125,32.34375,1271.90625,41.06060606060606,34.96969696969697,1435.8181818181818,pg5_12,1
0.49393599745421346,0.0,3.1622776601683795,0.8233481829814839,10.863489806545397,4.154261833417948,26.5,13.0,200.0,252.0,43.81443298969072,1.6642381428224395,41.0,48.0,2.0,44.24742268041237,10.461545615079675,32.0,60.0,22.0,1942.5773195876288,474.3846113499034,1312.0,2700.0,1010.0,0.9744397455585059,0.044290910285103506,0.7923497267759563,42.3125,33.46875,1416.65625,45.5,42.0625,1914.03125,43.63636363636363,56.81818181818182,2480.242424242424,pg5_12,2
0.0618254249618112,0.0,2.23606797749979,0.30419037377102864,0.7260908981303595,0.679161612041262,3.0,2.0,134.5,326.0,36.855670103092784,0.4538424887227864,35.0,37.0,1.0,35.154639175257735,0.8038593274069249,32.0,36.0,2.0,1295.8762886597938,40.481447381513455,1120.0,1332.0,108.0,0.9948320297137926,0.026817561920150244,0.7976539589442815,36.96875,34.96875,1292.78125,37.0,35.0,1295.0,36.60606060606061,35.484848484848484,1299.7272727272727,pg5_12,3
0.015625,0.0,1.5,0.15229366163764005,0.0,0.15151482945050593,0.0,1.5,296.5,322.5,39.0,0.0,39.0,39.0,0.0,31.010309278350515,0.10100988630033722,31.0,32.0,-1.0,1209.4020618556701,3.939385565713154,1209.0,1248.0,-39.0,0.9990530303030303,0.0092299188871297,0.9090909090909091,39.0,31.03125,1210.21875,39.0,31.0,1209.0,39.0,31.0,1209.0,pg5_12,4
0.042307841800091985,0.0,2.0615528128088303,0.22999466629080423,0.05050494315016862,0.6279780786080384,0.5,2.0,276.0,233.0,35.01030927835052,0.10100988630033723,35.0,36.0,-1.0,35.96907216494845,0.1731222229252234,35.0,36.0,0.0,1259.2886597938145,7.123301045967117,1225.0,1296.0,-36.0,0.9975004744861993,0.014100551587510002,0.8711566617862372,35.03125,35.9375,1258.9375,35.0,35.96875,1258.90625,35.0,36.0,1260.0,pg5_12,5
0.3390476506879893,0.0,4.272001872658765,0.6309259258393877,6.59432890973713,4.937229538838938,18.0,16.5,330.5,160.0,42.02061855670103,2.2702894199588957,37.0,51.0,4.0,37.597938144329895,5.3778081493317735,31.0,48.0,13.0,1581.6288659793815,251.09908175355176,1147.0,2091.0,657.0,0.9792901782113826,0.0402678113926709,0.7239692522711391,40.46875,33.3125,1348.53125,43.34375,34.40625,1493.75,42.24242424242424,44.84848484848485,1892.878787878788,pg5_12,6
0.10322464536281646,0.0,2.8284271247461903,0.3568830423584933,0.6880236582871582,0.29825724003070997,3.5,2.5,432.0,219.0,39.22680412371134,1.720136380586739,32.0,41.0,5.0,40.381443298969074,2.0278641395405357,39.0,44.0,-2.0,1583.5463917525774,96.66660961684548,1312.0,1716.0,131.0,0.9923483788497288,0.028876784241246525,0.8106666666666666,39.96875,39.0625,1560.78125,39.90625,40.9375,1631.8125,37.84848484848485,41.121212121212125,1558.8181818181818,pg5_12,7
0.11601873777694771,0.0,3.605551275463989,0.4264412649880916,1.3654054425450406,0.3939844184334302,4.5,3.5,403.5,307.0,42.24742268041237,2.6164859090128725,39.0,47.0,4.0,34.43298969072165,0.9729031536003319,31.0,36.0,3.0,1452.6701030927834,61.548861094671985,1240.0,1551.0,256.0,0.993247365160455,0.02769435778302402,0.76,39.59375,34.875,1380.78125,42.78125,34.5,1472.0625,44.303030303030305,33.93939393939394,1503.5757575757575,pg5_12,8
0.11399140373631601,0.0,2.23606797749979,0.3019480527191571,0.6941750874033988,1.215227366959086,2.0,3.0,379.0,393.5,36.90721649484536,1.4789413476642717,34.0,39.0,3.0,41.94845360824742,2.4299299299244517,39.0,45.0,-1.0,1547.6907216494844,101.46893901098652,1360.0,1710.0,81.0,0.9938596864744769,0.017798640164019063,0.8580645161290322,35.6875,40.15625,1432.8125,36.3125,44.53125,1617.625,38.666666666666664,41.18181818181818,1591.2727272727273,pg5_12,9
0.4794293472797637,0.0,3.5355339059327378,0.8064464237010621,3.58668076108281,6.198804563869043,10.0,16.5,401.0,401.0,48.95876288659794,6.545506880694614,41.0,58.0,16.0,48.21649484536083,13.800662470371032,36.0,72.0,36.0,2447.783505154639,1023.9015761615295,1476.0,4104.0,2628.0,0.9780586463622768,0.038771580461300956,0.8093841642228738,42.0,36.3125,1525.15625,47.53125,41.75,2003.09375,57.09090909090909,66.03030303030303,3773.6666666666665,pg5_2,0
1.1283602096235619,1.3090169943749475,5.024937810560445,0.9466118902018951,24.1841915218676,2.6116883704066485,84.5,9.5,308.0,403.0,86.43298969072166,57.38725517055336,36.0,225.0,187.0,46.628865979381445,7.343304107065334,36.0,62.0,24.0,4430.731958762886,3582.310857923007,1296.0,13950.0,12506.0,0.968176893985047,0.036077688835178784,0.75,37.875,38.71875,1466.78125,61.28125,45.90625,2882.96875,157.9090909090909,55.0,8805.727272727272,pg5_2,1
0.678531531416002,0.5,2.692582403567252,0.5778112098320598,6.80442048712351,2.8277224853662597,25.5,11.0,186.0,393.5,47.25773195876289,14.51432165140069,36.0,95.0,56.0,54.11340206185567,15.435182925094532,39.0,83.0,43.0,2751.1958762886597,1709.083860448296,1476.0,7885.0,6325.0,0.9685696408770035,0.030893035380470737,0.8363970588235294,39.15625,39.625,1551.3125,39.125,48.8125,1921.34375,63.0,73.3030303030303,4719.424242424242,pg5_2,2
0.8117051275097058,0.7071067811865476,3.0413812651491097,0.7107723165504213,11.969169840744438,5.72966374732895,44.0,24.0,288.5,285.0,62.25773195876289,30.831527026300765,40.0,147.0,107.0,49.98969072164948,21.754722130054738,28.0,96.0,68.0,3723.59793814433,3524.282003822903,1120.0,14112.0,12992.0,0.9668649325240697,0.02936222698841919,0.8327974276527331,40.8125,29.625,1210.75,47.4375,41.875,2004.5625,97.42424242424242,77.60606060606061,7827.242424242424,pg5_2,3
0.9934469025884347,0.5,6.020797289396148,1.0716715534174226,6.919315453649621,9.195700035294871,33.0,28.5,116.0,290.0,48.7319587628866,14.525140284587936,37.0,100.0,62.0,68.82474226804123,25.687258789307045,37.0,105.0,44.0,3613.3505154639174,2176.1298335339834,1406.0,8200.0,6756.0,0.9590081274974799,0.0461184494517352,0.7106842737094838,38.875,41.8125,1626.90625,41.96875,65.8125,2836.25,64.84848484848484,97.93939393939394,6293.151515151515,pg5_2,4
1.321895309336263,1.5,4.716990566028302,1.0849294713581394,26.333756548926058,5.798760591899629,79.0,21.0,207.0,194.0,97.63917525773196,64.74393424870173,41.0,220.0,178.0,61.55670103092783,21.88628958026074,39.0,128.0,89.0,7355.5360824742265,7095.933271315767,1638.0,28160.0,26522.0,0.9599457391489699,0.039465026690862354,0.7353556485355649,42.0,40.75,1711.4375,67.375,55.1875,3908.59375,180.93939393939394,87.9090909090909,16171.09090909091,pg5_2,5
0.4502812004469843,0.5,4.0,0.5932405418748982,2.026592788218496,2.3072639409915667,9.5,12.0,281.5,212.0,42.56701030927835,5.267889924592738,33.0,57.0,24.0,51.391752577319586,12.770420639909451,35.0,88.0,53.0,2253.0103092783506,886.5602763518445,1155.0,5016.0,3861.0,0.9764026489045984,0.034089679132920804,0.7837837837837838,37.3125,40.65625,1521.875,42.03125,47.90625,2013.5625,48.18181818181818,65.18181818181819,3194.181818181818,pg5_2,6
0.4608818340019893,0.5,3.5355339059327378,0.57380711197547,6.821066066920733,6.0370222093275885,25.0,18.0,283.0,116.5,58.381443298969074,28.660631894591933,36.0,117.0,80.0,51.23711340206186,16.35544185479226,35.0,84.0,48.0,3451.907216494845,2876.00050572266,1260.0,9828.0,8368.0,0.9743740308620397,0.032229689028102845,0.808454425363276,37.90625,37.0625,1405.0625,41.09375,44.0,1824.0,95.0,72.0,7015.30303030303,pg5_2,7
0.8344479754879024,0.5,4.0,0.8964912582976706,15.7325870353259,15.663999421695536,45.5,39.5,391.5,234.5,69.79381443298969,40.63514758765765,34.0,139.0,102.0,64.94845360824742,29.988785235096035,39.0,115.0,76.0,5746.5360824742265,5624.601971827124,1326.0,15870.0,14466.0,0.9683494933332745,0.03554130451972367,0.8,35.875,39.375,1412.09375,49.5625,49.78125,2592.5625,122.3030303030303,104.45454545454545,13008.030303030304,pg5_2,8
1.1316224107167772,0.5,9.17877987534291,1.3580981995288666,2.7051593537801506,16.947458081480264,13.5,67.5,458.0,277.5,49.48453608247423,8.559209668281603,41.0,69.0,27.0,63.75257731958763,45.96906869692466,33.0,188.0,155.0,3538.463917525773,3337.144544759124,1386.0,12972.0,11586.0,0.9586449397067609,0.05762071593006552,0.5731017770597738,43.25,33.625,1454.65625,45.59375,37.28125,1700.875,59.303030303030305,118.63636363636364,7341.030303030303,pg5_2,9
0.026041666666666668,0.0,2.5,0.25382276939606674,0.252524715750843,0.0,2.5,0.0,285.5,133.0,35.98969072164948,0.10100988630033723,35.0,36.0,1.0,40.0,0.0,40.0,40.0,0.0,1439.5876288659795,4.040395452013492,1400.0,1440.0,40.0,0.9986293859649122,0.013359093126108766,0.868421052631579,35.96875,40.0,1438.75,36.0,40.0,1440.0,36.0,40.0,1440.0,pg5_3,0
0.22954824017964126,0.0,4.47213595499958,0.5272919230341921,1.9408157724194486,1.6295020290194124,6.0,6.5,397.0,465.5,48.103092783505154,5.097977233961442,43.0,58.0,14.0,37.103092783505154,2.505600062221342,33.0,42.0,9.0,1795.9175257731958,310.97792775133956,1452.0,2436.0,984.0,0.9877681875182504,0.03024604423170341,0.7451923076923077,44.625,34.40625,1535.65625,44.90625,37.03125,1662.84375,54.57575757575758,39.78787878787879,2177.3333333333335,pg5_3,1
0.9029799609982506,0.5,4.0,1.0011670806458486,12.880033379521311,11.355783584141735,51.5,44.5,342.0,481.5,59.628865979381445,37.294680416565996,33.0,166.0,133.0,56.75257731958763,22.98723578034865,37.0,126.0,89.0,4236.422680412371,4806.149840075608,1221.0,20916.0,19695.0,0.963950149465794,0.03432580396104768,0.7837837837837838,35.375,40.15625,1421.71875,38.375,46.0625,1783.0,103.75757575757575,83.21212121212122,9344.90909090909,pg5_3,2
0.5770157697151851,0.5,3.1622776601683795,0.6294596636534062,2.757399536762005,8.946208564400639,10.5,37.0,205.5,461.5,45.44329896907217,10.301605392019514,35.0,65.0,30.0,68.45360824742268,34.33011980980853,39.0,155.0,116.0,3457.443298969072,2527.609970765024,1365.0,10075.0,8710.0,0.9765441714568022,0.02620796367099036,0.8031704095112285,35.0625,39.0625,1369.6875,42.59375,53.75,2330.28125,58.27272727272727,111.21212121212122,6574.939393939394,pg5_3,3
0.1831608596621448,0.0,5.852349955359813,0.7656655706994345,1.67386936918861,0.3713487351407809,10.5,2.5,120.5,381.5,39.41237113402062,6.096733242761533,36.0,56.0,19.0,36.123711340206185,4.097416163345455,32.0,47.0,15.0,1447.020618556701,425.5552099179108,1152.0,2632.0,1448.0,0.9892442145789891,0.047839498167382456,0.6122540250447227,37.0625,33.0,1223.1875,37.0,35.03125,1296.15625,44.03030303030303,40.21212121212121,1810.3636363636363,pg5_3,4
0.2730705900220715,0.0,2.5,0.4219438582698703,2.883881269493095,2.5851941558550093,11.5,10.0,362.0,386.0,44.02061855670103,8.02185080508464,36.0,63.0,27.0,43.76288659793814,11.2614415548968,36.0,74.0,38.0,2012.1546391752577,952.3261303571126,1296.0,4662.0,3366.0,0.985080892252431,0.025465447854492097,0.8537549407114624,36.96875,36.0,1330.875,40.84375,39.15625,1602.6875,53.93939393939394,55.75757575757576,3069.848484848485,pg5_3,5
0.42880524925008284,0.0,11.543396380615196,1.263873434413262,5.149177518891178,1.6388023955100222,17.5,6.0,301.5,350.0,40.98969072164948,5.619360578073697,36.0,56.0,19.0,45.91752577319588,5.780646885451851,36.0,57.0,21.0,1910.8247422680413,512.8614895164749,1332.0,3192.0,1860.0,0.9795991596831234,0.05237731781043092,0.5668257756563246,37.34375,39.5,1475.53125,38.15625,45.40625,1732.5625,47.27272727272727,52.63636363636363,2505.787878787879,pg5_3,6
0.3248380645111735,0.0,1.5811388300841898,0.38351583867071437,1.4602465952827852,1.3382817269382474,7.0,7.0,351.0,269.0,48.47422680412371,7.342985689428914,42.0,63.0,20.0,41.93814432989691,11.81368630806466,33.0,80.0,47.0,2112.783505154639,966.5924548373729,1386.0,5040.0,3621.0,0.9823975909698747,0.021937344925968855,0.8995983935742972,42.75,33.4375,1429.46875,44.40625,37.21875,1655.6875,57.96969696969697,54.75757575757576,3218.6363636363635,pg5_3,7
0.37813417527556076,0.5,4.301162633521313,0.5684719683695977,4.047721234084893,2.2178490229154986,14.0,8.0,265.5,249.5,42.876288659793815,9.4096438049074,34.0,67.0,32.0,46.96907216494845,7.039584114132515,38.0,59.0,21.0,2070.3092783505153,783.6308219893116,1330.0,3953.0,2623.0,0.9759792707211766,0.03781543180427074,0.7324535092981403,37.34375,40.875,1526.8125,37.96875,43.53125,1653.0,53.0,56.21212121212121,3002.0,pg5_3,8
0.5449367818719912,0.5,3.8078865529319543,0.6101759886265037,6.982997129500877,4.4390991226035625,27.0,13.0,192.5,305.5,61.845360824742265,24.373951029476764,43.0,123.0,79.0,46.88659793814433,11.339081481246454,36.0,78.0,42.0,3166.40206185567,2112.2826157158856,1548.0,9594.0,8010.0,0.9752023520056285,0.026053917412935095,0.8825800590506473,43.78125,36.4375,1596.21875,48.65625,42.75,2088.0,92.15151515151516,61.03030303030303,5734.727272727273,pg5_3,9
0.12317245125350791,0.0,6.324555320336759,0.6558513911338472,0.8656111146261167,0.9281500038187208,7.0,2.5,279.5,445.5,37.649484536082475,1.2846535664697083,35.0,39.0,4.0,29.927835051546392,0.25876083294868324,29.0,30.0,1.0,1126.8969072164948,42.916722171911985,1015.0,1170.0,155.0,0.9927275740751108,0.038617865845225495,0.627906976744186,36.1875,29.8125,1078.96875,37.8125,29.96875,1133.1875,38.90909090909091,30.0,1167.2727272727273,pg5_5,0
0.7782534923355463,0.5,5.70087712549569,0.8282440270440786,3.6963902790014704,8.676113733488078,14.0,38.0,172.5,429.5,52.75257731958763,11.886951112858402,39.0,72.0,32.0,51.28865979381443,28.034573192401844,30.0,125.0,94.0,3005.3917525773195,2313.9280859041633,1170.0,9000.0,7760.0,0.9640710068841393,0.04662360117386743,0.6924157303370787,41.09375,32.0,1317.375,48.46875,35.3125,1724.34375,68.21212121212122,85.48484848484848,5884.484848484848,pg5_5,1
0.1781937678937314,0.0,7.0710678118654755,0.7479256743936312,1.3210365756405233,1.2408877132644185,8.5,4.0,202.5,306.0,37.896907216494846,1.5956418485728536,36.0,40.0,3.0,32.04123711340206,0.19883816002047325,32.0,33.0,0.0,1214.2061855670104,50.25890455941073,1152.0,1280.0,96.0,0.9897058733445435,0.03899241715454555,0.6467315716272601,36.625,32.125,1176.5625,37.125,32.0,1188.0,39.878787878787875,32.0,1276.121212121212,pg5_5,2
0.1748494422947302,0.0,4.743416490252569,0.5502372268963226,1.0622559549802275,1.0453120222854662,5.5,4.5,504.5,379.5,34.07216494845361,2.001274968255288,32.0,43.0,8.0,39.05154639175258,3.42330139690232,34.0,48.0,14.0,1336.1546391752577,194.18018734899405,1152.0,2064.0,874.0,0.9895944081604237,0.03410014899983136,0.7122302158273381,33.03125,35.53125,1173.25,33.0,38.46875,1270.3125,36.121212121212125,43.03030303030303,1557.969696969697,pg5_5,3
0.20420120169779654,0.0,7.0710678118654755,0.7482408497437012,1.756786939480148,1.4097349165027797,7.5,5.5,226.0,211.0,37.47422680412371,3.06995007684703,35.0,44.0,8.0,41.95876288659794,4.254573102437355,37.0,50.0,13.0,1585.0721649484535,295.9935652484845,1295.0,2200.0,868.0,0.9897041996176533,0.037927569942841424,0.6444444444444445,35.15625,38.125,1340.15625,35.71875,40.15625,1435.84375,41.42424242424242,47.42424242424242,1967.2727272727273,pg5_5,4
0.27801147708974344,0.0,7.5,0.8106075614046413,3.3894016231095723,2.7402616487680906,10.5,10.0,306.0,146.5,46.2680412371134,4.294603335901058,39.0,52.0,10.0,36.649484536082475,4.124458695163692,31.0,45.0,14.0,1712.340206185567,340.0720325938827,1209.0,2250.0,1010.0,0.9856591932232831,0.037896206979176325,0.6808510638297872,41.15625,32.21875,1329.375,46.75,36.0,1685.15625,50.75757575757576,41.57575757575758,2110.060606060606,pg5_5,5
0.47125668784892755,0.5,4.123105625617661,0.636805543964816,3.7570354168968945,6.928490856294324,13.0,25.0,431.5,219.0,43.72164948453608,8.786989290101326,34.0,69.0,35.0,53.422680412371136,18.853113747337034,36.0,98.0,62.0,2497.0103092783506,1461.7775896295589,1224.0,6762.0,5538.0,0.9751363365867461,0.03464119473507166,0.7703281027104137,35.90625,37.84375,1362.1875,41.1875,44.34375,1832.875,53.75757575757576,77.33333333333333,4241.454545454545,pg5_5,6
1.2895970450520988,1.5811388300841898,5.0990195135927845,0.9456379476626143,32.6207901929297,5.924575526975127,101.0,28.5,416.5,414.0,103.01030927835052,67.25922997946171,41.0,241.0,200.0,58.175257731958766,24.41480466416318,32.0,122.0,90.0,7579.309278350515,7646.4801300058125,1312.0,29402.0,28090.0,0.9637931249791488,0.0358927183438881,0.7400530503978779,41.5625,33.34375,1387.34375,77.40625,54.53125,4431.0625,187.42424242424244,85.78787878787878,16636.484848484848,pg5_5,7
1.0801433185182572,0.7071067811865476,4.527692569068709,0.9655302920124774,5.221479017378039,4.450194376941339,31.5,24.5,284.0,406.0,78.38144329896907,48.00052476065581,36.0,193.0,156.0,75.44329896907216,44.43249694753933,33.0,180.0,146.0,8039.412371134021,9104.525690927241,1188.0,34740.0,33482.0,0.9585237460225263,0.03306152865742972,0.7597122302158273,38.21875,35.875,1371.65625,56.53125,58.84375,3606.21875,138.5151515151515,129.9090909090909,18803.969696969696,pg5_5,8
0.8048750177446536,0.5,5.220153254455275,0.8678812548253421,8.02888292322115,12.84644465980731,35.0,43.0,304.0,292.5,43.391752577319586,13.5544390727893,31.0,96.0,65.0,70.94845360824742,38.3807219473045,37.0,161.0,123.0,3567.40206185567,3286.7095777776813,1147.0,15456.0,14278.0,0.9645773679915829,0.041080666200309625,0.673866090712743,32.40625,39.125,1271.0625,39.40625,54.15625,2151.125,57.90909090909091,118.0909090909091,7167.515151515152,pg5_5,9
0.5946937946262184,0.5,4.47213595499958,0.714788516951974,1.6636952290859164,5.607603055765816,6.5,31.0,346.5,433.5,46.1958762886598,5.214253216257551,39.0,59.0,19.0,45.23711340206186,21.001606809355536,31.0,117.0,85.0,2178.0103092783506,1289.4768418497924,1248.0,6903.0,5623.0,0.971616702563912,0.03534464288352734,0.7297297297297297,40.0,31.9375,1277.34375,46.6875,33.9375,1589.5,51.72727272727273,69.0909090909091,3622.060606060606,pg5_6,0
0.3527741725733469,0.0,3.3541019662496847,0.5308487384982566,8.032459523350292,0.851155647851176,29.0,4.0,300.5,489.5,50.92783505154639,14.764995817763213,37.0,85.0,48.0,31.536082474226806,1.5929086128425902,30.0,35.0,4.0,1624.8144329896907,553.6538858878343,1110.0,2975.0,1828.0,0.9821663756482932,0.03430755429376309,0.7757671125098348,39.8125,30.03125,1195.53125,42.25,31.5625,1333.46875,70.12121212121212,32.96969696969697,2323.6060606060605,pg5_6,1
0.09375,0.0,3.0,0.34845268090995274,1.1844459065026862,0.4108865027500955,6.0,1.5,262.5,384.0,37.123711340206185,0.32925194685920234,37.0,38.0,0.0,35.670103092783506,0.9494615889858353,32.0,36.0,4.0,1324.2164948453608,37.444729524422925,1184.0,1368.0,148.0,0.9950207000806847,0.017844249007342192,0.85,37.375,35.0,1308.40625,37.0,36.0,1332.0,37.0,36.0,1332.0,pg5_6,2
1.0843771153552746,0.7071067811865476,4.123105625617661,0.9484972878332899,7.646788643238601,22.623209259390585,24.0,78.0,202.5,404.5,56.597938144329895,15.512322865941284,39.0,79.0,40.0,70.62886597938144,52.18332466354364,30.0,205.0,175.0,4714.340206185567,4554.997418462264,1170.0,16195.0,15025.0,0.9657983391982367,0.03353344017619335,0.7660377358490567,40.15625,32.40625,1304.28125,53.4375,42.84375,2351.03125,75.60606060606061,134.63636363636363,10312.757575757576,pg5_6,3
0.40340278643585076,0.25,5.385164807134504,0.6760605435628216,1.5343863880527053,2.279259976154306,6.5,8.5,242.5,320.5,46.123711340206185,6.104346485887601,40.0,59.0,18.0,36.597938144329895,5.416012520760995,30.0,50.0,20.0,1718.659793814433,496.9335844481985,1230.0,2950.0,1720.0,0.9768224835218371,0.040404074226417244,0.6942148760330579,40.9375,32.9375,1348.09375,43.28125,33.5625,1453.0625,53.90909090909091,43.09090909090909,2335.5454545454545,pg5_6,4
0.7302911273295569,0.5,4.0,0.6519265316560282,13.380694703696586,3.985392874100498,48.5,17.5,240.5,274.5,71.28865979381443,33.55836852714756,37.0,150.0,113.0,50.31958762886598,20.503229009840133,31.0,96.0,65.0,4263.298969072165,3751.8101147874763,1147.0,14400.0,13253.0,0.9690110145934026,0.02691427838922743,0.8048780487804879,41.125,32.78125,1351.46875,59.875,40.53125,2488.90625,111.60606060606061,76.81818181818181,8807.515151515152,pg5_6,5
0.5450321465578366,0.5,2.23606797749979,0.5276938435796747,7.182730289502276,3.0200819339669103,25.5,12.0,183.5,185.5,59.5360824742268,17.623240194761863,40.0,101.0,61.0,42.855670103092784,13.729334754400321,31.0,77.0,46.0,2790.5670103092784,1813.6967767758033,1240.0,7777.0,6537.0,0.9749426719696789,0.026984026113749233,0.8539944903581267,43.96875,32.875,1445.625,52.46875,35.15625,1866.03125,81.48484848484848,60.0,4991.272727272727,pg5_6,6
1.0147338184582646,1.0,12.041594578792296,1.3497695276146626,13.23265854638951,12.7453412702035,46.0,40.5,380.5,144.0,65.89690721649484,28.36161357284364,40.0,139.0,99.0,73.87628865979381,41.54571639982163,32.0,136.0,98.0,5941.505154639175,5495.526330756253,1312.0,18209.0,16889.0,0.964584867024976,0.058981888635716226,0.4684385382059801,42.03125,32.90625,1384.25,55.34375,60.78125,3486.40625,99.27272727272727,126.3030303030303,12741.363636363636,pg5_6,7
0.44144978646613997,0.0,4.47213595499958,0.7037231363936148,1.8976914559941662,2.5495931292816962,11.0,9.5,490.5,267.5,52.25773195876289,22.695327804073234,36.0,121.0,85.0,37.30927835051546,3.896498096671722,32.0,46.0,14.0,2027.5979381443299,1138.2364606741958,1152.0,5566.0,4414.0,0.9710171878760466,0.042464631103082844,0.7142857142857143,39.03125,34.28125,1339.34375,40.09375,35.25,1413.75,76.87878787878788,42.24242424242424,3290.242424242424,pg5_6,8
0.9048852016612737,0.7071067811865476,4.0,0.8517356427599876,16.944435084338046,5.796496609228833,49.0,29.5,524.0,331.0,83.41237113402062,45.432799037681384,42.0,159.0,116.0,63.08247422680412,35.36165728934852,34.0,157.0,121.0,6792.340206185567,7126.274453407663,1512.0,24806.0,23294.0,0.964428342777048,0.03448006373766775,0.8260869565217391,43.59375,38.28125,1669.4375,62.5625,42.34375,2769.3125,142.24242424242425,107.24242424242425,15661.121212121212,pg5_6,9
0.7613671405709003,0.6035533905932737,4.5,0.8107399360618408,6.986184991956835,12.480764240766062,19.0,49.5,147.0,347.0,55.90721649484536,12.534556336838468,42.0,74.0,32.0,67.82474226804123,43.06097578135977,36.0,175.0,139.0,4252.082474226804,3543.6220088564196,1512.0,12950.0,11438.0,0.9744887888509434,0.0314832636551523,0.7813440320962889,43.4375,37.25,1618.53125,52.8125,43.65625,2349.46875,71.0,120.9090909090909,8650.787878787878,pg5_7,0
1.0424810355021956,1.118033988749895,7.905694150420948,1.1083038650500758,16.86887625413027,10.387824490776932,60.5,32.5,215.5,229.5,79.55670103092784,39.08963241465286,43.0,180.0,137.0,62.78350515463917,30.219208339437756,35.0,124.0,88.0,6157.453608247422,6052.575396330076,1505.0,22320.0,20772.0,0.9612533655485876,0.04707278336551606,0.6509635974304069,49.125,38.625,1901.25,60.875,46.6875,2904.875,127.18181818181819,101.81818181818181,13438.69696969697,pg5_7,1
0.4576945404557626,0.0,2.9154759474226504,0.5786074152396612,4.641654549415096,3.927232954366423,15.5,19.5,406.5,145.0,52.103092783505154,9.919765270005625,41.0,77.0,36.0,49.16494845360825,23.73117502982758,34.0,121.0,87.0,2785.979381443299,2088.671851360969,1394.0,9317.0,7923.0,0.9772424171700406,0.03179869928444069,0.8157303370786517,43.90625,34.96875,1535.4375,48.28125,39.03125,1885.875,63.75757575757576,72.75757575757575,4871.454545454545,pg5_7,2
0.6995519141427856,0.5,3.2015621187164243,0.8070019327233143,3.5176173227471894,10.841795599956006,16.5,42.5,512.5,287.0,47.47422680412371,13.135371922263516,38.0,89.0,51.0,60.83505154639175,31.76254696880898,36.0,149.0,113.0,3293.092783505155,2978.0915845951718,1368.0,13261.0,11893.0,0.9705380970915308,0.03513630487201922,0.7906976744186046,39.53125,38.65625,1528.8125,40.84375,44.21875,1808.125,61.60606060606061,98.45454545454545,6443.878787878788,pg5_7,3
0.01685452071614474,0.0,1.118033988749895,0.12385848833014651,0.10100988630033723,0.24934817778242938,1.0,0.5,385.5,411.5,39.0,0.0,39.0,39.0,0.0,36.5360824742268,0.4986963555648588,36.0,37.0,0.0,1424.9072164948454,19.44915786702949,1404.0,1443.0,0.0,0.9989366902399356,0.008071638231001842,0.9249492900608519,39.0,36.96875,1441.78125,39.0,36.65625,1429.59375,39.0,36.0,1404.0,pg5_7,4
0.5647099395086492,0.0,2.5495097567963922,0.7629838470680781,8.4296838982177,4.539016155360622,37.0,17.0,409.5,287.5,58.329896907216494,22.773524893433738,43.0,137.0,94.0,50.865979381443296,15.659145653499523,35.0,85.0,50.0,3291.536082474227,2540.264208443298,1505.0,11645.0,10140.0,0.9788693878029969,0.02698346010222856,0.8609839816933639,45.90625,39.25,1802.21875,47.5,42.28125,2009.78125,80.87878787878788,70.45454545454545,5978.636363636364,pg5_7,5
0.6189612648296,0.5,2.0,0.5815850060887131,5.791181483406347,5.692131530116672,30.5,15.0,312.0,287.5,60.05154639175258,24.820332176690343,43.0,131.0,88.0,58.123711340206185,17.348613380496836,40.0,85.0,45.0,3859.5154639175257,2774.2343835208517,1720.0,11135.0,9415.0,0.9770196412747353,0.023532000405623324,0.8762446657183499,44.9375,42.3125,1902.21875,45.96875,50.28125,2329.40625,88.36363636363636,81.06060606060606,7241.242424242424,pg5_7,6
0.6803249622307698,0.5,3.0413812651491097,0.6755951295702443,10.59888328650868,1.9631665095404165,42.5,6.5,418.0,387.0,66.63917525773196,32.242376407969715,39.0,159.0,120.0,48.70103092783505,13.321686024104332,35.0,72.0,37.0,3633.0515463917527,2747.1884873397084,1365.0,11448.0,10083.0,0.9742725104778556,0.031562365508608234,0.780739934711643,41.75,36.84375,1536.75,52.40625,42.96875,2295.875,104.57575757575758,65.75757575757575,6962.484848484848,pg5_7,7
0.4044230475739183,0.5,1.5811388300841898,0.4569877809355055,1.6548077763604918,5.058468852476001,9.0,14.0,291.5,438.0,57.123711340206185,17.428651450430497,41.0,96.0,55.0,47.56701030927835,10.918543024753756,34.0,68.0,34.0,2891.144329896907,1562.3055985602152,1394.0,6528.0,5134.0,0.9818718180871837,0.02178118068236941,0.8856382978723404,44.5625,36.6875,1635.6875,46.6875,44.75,2102.65625,79.42424242424242,60.84848484848485,4873.151515151515,pg5_7,8
0.3661677677018373,0.0,2.5495097567963922,0.529134827710531,4.046066701764575,2.2600491803940854,13.0,9.0,242.5,447.0,44.69072164948454,3.275528838209743,41.0,53.0,11.0,49.2680412371134,6.494272597883391,42.0,64.0,18.0,2220.226804123711,453.782192749778,1722.0,3339.0,1416.0,0.980681914686795,0.02826115516250391,0.880718954248366,41.6875,43.3125,1805.9375,44.3125,47.34375,2100.3125,47.96969696969697,56.90909090909091,2738.242424242424,pg5_7,9
0.005208333333333333,0.0,0.5,0.05076455387921335,0.0,0.24613064714048086,0.0,0.5,304.5,228.5,43.0,0.0,43.0,43.0,0.0,34.23711340206186,1.4767838828428852,33.0,36.0,3.0,1472.1958762886597,63.50170696224406,1419.0,1548.0,129.0,0.9991319444444445,0.008460758979868897,0.9166666666666666,43.0,33.0,1419.0,43.0,33.65625,1447.21875,43.0,36.0,1548.0,pg5_8,0
0.3122525401936413,0.0,8.631338250816034,0.9581875344329097,1.1197793688218158,5.397086912003653,4.0,14.5,313.5,136.5,50.154639175257735,3.3899189729256625,45.0,55.0,8.0,34.70103092783505,4.552477400666537,31.0,44.0,12.0,1749.5051546391753,319.35541147663224,1440.0,2420.0,892.0,0.9831399931206658,0.04900015829947536,0.5782626940830885,45.96875,32.0,1471.0,50.75,32.15625,1632.6875,53.63636363636363,39.78787878787879,2132.848484848485,pg5_8,1
0.5951593626322013,0.5,4.0,0.5612986427959411,5.416983797818726,5.3294482253467,17.5,17.5,300.5,171.0,72.28865979381443,24.152419256376913,47.0,109.0,58.0,46.41237113402062,12.923049476798628,33.0,71.0,35.0,3657.721649484536,2140.4250745682684,1551.0,7739.0,5589.0,0.971631211744428,0.03128124280866848,0.7968503937007874,47.34375,34.21875,1620.6875,67.75,41.75,2920.0,100.87878787878788,62.75757575757576,6348.393939393939,pg5_8,2
0.2912119117959857,0.0,1.8027756377319946,0.37650779862856365,0.9310368581340732,2.2236757330023704,3.5,9.0,407.5,242.0,40.95876288659794,2.3327234018525282,38.0,45.0,6.0,43.11340206185567,4.617037673615343,37.0,52.0,7.0,1772.1546391752577,267.3843266696482,1406.0,2340.0,530.0,0.9849206657822457,0.020646944146566072,0.8863636363636364,40.03125,38.5625,1544.25,39.21875,42.03125,1645.84375,43.54545454545455,48.57575757575758,2115.6363636363635,pg5_8,3
0.10705676294425936,0.0,3.0413812651491097,0.4037548961617224,0.8311605926080978,1.1099363778553246,3.0,4.0,185.5,205.0,39.350515463917525,0.9952592483420346,38.0,41.0,1.0,40.02061855670103,2.1728378585747374,35.0,42.0,6.0,1574.701030927835,93.40380849963323,1365.0,1722.0,276.0,0.9941845135467172,0.02280011626671594,0.8349900596421471,39.53125,37.28125,1472.90625,38.34375,40.78125,1563.78125,40.15151515151515,41.93939393939394,1684.0,pg5_8,4
0.20828295617871992,0.0,4.949747468305833,0.5735974577164606,1.7081077408688203,0.7191044961877611,6.0,4.5,449.5,288.5,45.63917525773196,4.255222544994451,39.0,51.0,11.0,36.58762886597938,1.9727660068871933,34.0,40.0,6.0,1676.4845360824743,233.99485030028507,1326.0,2040.0,674.0,0.9882218058674974,0.03463795945351511,0.7033090297251823,40.75,35.1875,1435.53125,45.46875,35.90625,1633.625,50.54545454545455,38.60606060606061,1951.6969696969697,pg5_8,5
0.3287044149552179,0.0,3.0413812651491097,0.45216524367641076,4.171017319789662,4.1012403216071815,11.5,14.5,211.5,339.5,54.845360824742265,6.927221376845562,48.0,67.0,19.0,38.90721649484536,7.194044607806471,33.0,57.0,23.0,2179.5876288659792,692.7198858552613,1632.0,3819.0,2187.0,0.9833095225870467,0.02252039745354867,0.8605442176870748,48.125,33.9375,1633.125,52.84375,35.15625,1865.28125,63.303030303030305,47.36363636363637,3014.2727272727275,pg5_8,6
0.2701261448707974,0.0,2.0615528128088303,0.4176454228057268,2.9047752417384167,2.7258831488967106,10.5,8.5,315.0,359.5,49.1958762886598,6.033649927582228,41.0,59.0,16.0,37.71134020618557,3.011862330634111,33.0,44.0,7.0,1872.340206185567,379.16913742446815,1353.0,2596.0,950.0,0.9867064518980196,0.02199240928239713,0.8900059136605559,43.71875,34.9375,1529.03125,46.78125,36.84375,1725.875,56.84848484848485,41.24242424242424,2347.2727272727275,pg5_8,7
0.17440250715749253,0.0,1.5,0.28559224808080386,1.1029241609243905,0.8220962709253455,5.0,3.5,400.5,427.5,45.79381443298969,5.488391017918174,40.0,55.0,8.0,37.75257731958763,3.8717345478441745,34.0,47.0,7.0,1748.2886597938145,390.2386781879443,1400.0,2585.0,637.0,0.9904919303214875,0.01615509448167293,0.9264305177111717,40.21875,34.9375,1405.03125,44.3125,35.4375,1572.0,52.63636363636363,42.72727272727273,2252.090909090909,pg5_8,8
0.3905209265180598,0.5,2.0615528128088303,0.4159498038042686,7.011450028471545,3.5088216112817796,24.5,10.0,231.5,476.5,65.27835051546391,24.369045037548915,43.0,113.0,61.0,38.96907216494845,6.845050297266763,33.0,50.0,16.0,2704.5876288659792,1493.1485087308981,1419.0,5650.0,3741.0,0.9813815406436124,0.021627610495753857,0.8854712041884817,43.34375,33.59375,1455.875,55.625,34.96875,1968.53125,95.9090909090909,48.06060606060606,4629.212121212121,pg5_8,9
0.06770833333333333,0.0,5.0,0.5134634828922978,0.1585418195796876,0.5264802199919052,0.5,5.0,365.0,332.5,35.28865979381443,1.4139129217314386,32.0,36.0,-3.0,36.865979381443296,0.3406744668424393,36.0,37.0,0.0,1301.3505154639174,61.73355471771257,1152.0,1332.0,-111.0,0.9955149955149954,0.027889012831548838,0.7619047619047619,36.0,37.0,1332.0,36.0,37.0,1332.0,33.90909090909091,36.60606060606061,1241.909090909091,pg6_1,0
0.944028909941121,0.8535533905932737,7.211102550927978,0.9931835600039126,11.858919321672891,14.803893976335361,41.5,57.0,230.5,466.0,61.70103092783505,26.12742957615187,39.0,124.0,85.0,82.4020618556701,53.54729286404999,34.0,198.0,164.0,6474.639175257732,6758.338803675753,1326.0,24552.0,23226.0,0.9649854198817408,0.04515461825321779,0.6423611111111112,40.0,35.3125,1413.78125,50.03125,59.15625,3074.96875,94.06060606060606,150.6060606060606,14678.787878787878,pg6_1,1
0.8316021459469286,0.5,4.743416490252569,0.7945782135970819,11.077179267339586,6.739670517010577,39.0,20.5,211.0,383.5,87.55670103092784,50.91026450938722,41.0,185.0,138.0,76.49484536082474,42.847878536506094,30.0,146.0,112.0,8827.721649484536,8860.158675061257,1260.0,26864.0,25300.0,0.9617466351422218,0.038722781637200665,0.7183179723502304,43.09375,32.4375,1399.1875,65.53125,65.3125,4642.71875,152.03030303030303,130.06060606060606,20089.333333333332,pg6_1,2
1.206904822380798,0.8535533905932737,6.082762530298219,1.148661140798556,34.43001870014937,6.475868200886705,88.5,20.5,446.0,459.0,126.74226804123711,89.9245134005178,40.0,278.0,238.0,46.597938144329895,11.785592981870629,34.0,78.0,44.0,6918.742268041237,6164.4687754979905,1360.0,21684.0,20324.0,0.9644452099275899,0.04680100101144573,0.636094674556213,42.0,34.875,1464.65625,93.75,44.5,4440.84375,240.9090909090909,60.0,14610.363636363636,pg6_1,3
0.9971913072307137,0.7071067811865476,7.905694150420948,1.1560011520107438,7.681830630832128,19.062664114484967,28.0,64.5,421.0,495.5,51.58762886597938,12.621167440993712,38.0,84.0,46.0,85.48453608247422,57.79792622863879,36.0,207.0,171.0,5125.948453608247,4564.037745651839,1368.0,17388.0,16020.0,0.9681875022719222,0.050964961729151104,0.6492932862190812,39.8125,36.0,1433.25,46.90625,60.125,2940.03125,67.54545454545455,158.06060606060606,10826.424242424242,pg6_1,4
0.5924665645923657,0.5,2.5,0.5823122328328565,4.742419316278386,7.854418549001939,13.0,33.5,356.5,225.0,48.20618556701031,8.383757177970574,37.0,62.0,19.0,62.41237113402062,34.79772257547294,36.0,156.0,120.0,3217.5257731958764,2213.228276517115,1332.0,8736.0,7404.0,0.9751607331658162,0.02594322629501631,0.8631062001227747,38.25,37.625,1439.03125,48.3125,44.09375,2150.46875,57.75757575757576,104.21212121212122,5976.848484848485,pg6_1,5
0.8647428262591607,0.5,4.47213595499958,0.896829514326247,16.241228409997287,4.643428748804342,51.0,18.5,190.5,257.0,67.90721649484536,42.950242723226346,35.0,159.0,123.0,55.329896907216494,15.37954301298777,40.0,97.0,57.0,4358.381443298969,3911.9130855019807,1440.0,15423.0,13983.0,0.968108878833223,0.037532262779302196,0.7391304347826086,36.21875,40.40625,1463.53125,44.15625,51.25,2334.0,121.66666666666667,73.75757575757575,9128.545454545454,pg6_1,6
1.322879604318014,0.8090169943749475,6.020797289396148,1.3491856997757627,24.705159027200207,8.619987056367908,76.5,41.0,307.5,290.0,80.78350515463917,51.20772871840145,35.0,192.0,157.0,63.04123711340206,28.0558785305154,38.0,148.0,110.0,6457.505154639175,6984.332045819563,1330.0,28416.0,27086.0,0.9601560991445632,0.03803853294472203,0.8095238095238095,37.125,39.5625,1469.75,56.6875,54.125,3148.5,146.4848484848485,94.45454545454545,14502.848484848484,pg6_1,7
1.4873697589558574,1.118033988749895,4.031128874149275,1.2442459028705946,14.112347750036545,25.30625152497075,55.5,90.0,496.5,273.5,71.0721649484536,45.60526453212345,35.0,196.0,160.0,93.41237113402062,61.29945974052966,37.0,245.0,208.0,9391.19587628866,12042.652262617794,1330.0,48020.0,46688.0,0.9455378182992709,0.04914754664268983,0.7601173020527859,37.5625,39.875,1499.5625,48.90625,69.4375,3558.4375,125.06060606060606,168.57575757575756,22699.696969696968,pg6_1,8
0.7240981317716338,0.5,5.5901699437494745,0.8111556954318304,11.432106535382136,10.481289221428087,33.5,43.0,536.5,318.5,69.84536082474227,35.694390158501534,35.0,135.0,84.0,61.1958762886598,22.24124485467768,39.0,111.0,72.0,5046.340206185567,4205.84374727923,1443.0,13530.0,11988.0,0.9682768352134189,0.040306885374524946,0.6858789625360231,37.5625,40.59375,1524.125,55.40625,54.21875,3167.59375,115.15151515151516,87.93939393939394,10283.636363636364,pg6_1,9
0.755500110581595,0.5,2.5495097567963922,0.8193943390768558,8.742918425525163,9.009167990188573,41.0,29.5,220.5,382.0,51.154639175257735,28.183251663964214,32.0,137.0,104.0,51.71134020618557,21.46248645912144,33.0,102.0,69.0,3228.896907216495,3384.6201373134863,1088.0,13974.0,12885.0,0.9676716444348806,0.03238508286970235,0.8340353833192923,33.34375,34.3125,1144.875,37.0,41.90625,1562.40625,82.15151515151516,78.0909090909091,6865.757575757576,pg6_10,0
0.4249013030183601,0.5,2.5495097567963922,0.46957486022993866,1.6888976834815728,2.972184794552748,6.5,13.0,248.0,263.5,41.43298969072165,7.073847895695814,33.0,59.0,22.0,45.34020618556701,11.593534100833025,33.0,86.0,48.0,1955.8144329896907,908.295552629049,1122.0,5074.0,3668.0,0.9768671031252123,0.027666596787910863,0.7980085348506402,36.34375,37.28125,1356.625,38.0,41.0625,1565.625,49.696969696969695,57.303030303030305,2915.212121212121,pg6_10,1
0.4382553023807385,0.5,2.5,0.5406545014472436,3.2176098384655143,2.6201391435728048,18.0,8.5,346.5,215.0,46.90721649484536,11.318338804039525,38.0,91.0,50.0,43.11340206185567,11.769150911099882,31.0,62.0,28.0,2133.6288659793813,1109.989712217465,1178.0,5642.0,4248.0,0.9779912409863935,0.02851240965152483,0.8013605442176871,39.84375,33.09375,1321.5625,41.625,37.125,1557.4375,58.878787878787875,58.63636363636363,3479.818181818182,pg6_10,2
0.8099935905945985,0.7071067811865476,3.640054944640259,0.7655702993165748,11.361816335568566,8.840183643384442,42.5,31.5,405.0,166.0,56.95876288659794,31.927081070558977,34.0,145.0,110.0,61.2680412371134,24.146253455910347,37.0,110.0,73.0,4188.061855670103,4011.7637682516092,1258.0,15950.0,14655.0,0.9701671663206305,0.033366877660609674,0.7419146183699871,34.03125,37.0,1259.15625,41.84375,55.75,2395.78125,93.84848484848484,90.15151515151516,8766.181818181818,pg6_10,3
0.617782717588479,0.5,1.5,0.463355889695664,2.706121746915603,14.751197641653027,9.0,46.5,426.5,251.0,38.1958762886598,5.029068441248076,32.0,52.0,15.0,65.1340206185567,33.33232506357612,32.0,140.0,108.0,2639.659793814433,1718.4030340268068,1184.0,7280.0,6096.0,0.9740945511655532,0.021918299691068524,0.9203007518796993,35.46875,35.125,1243.75,34.71875,52.5625,1853.28125,44.21212121212121,106.42424242424242,4755.818181818182,pg6_10,4
0.4515846337321702,0.5,3.3541019662496847,0.5465121089634231,2.8538086158127545,4.481033114636763,8.5,18.0,340.0,287.0,45.865979381443296,6.45943546411285,41.0,62.0,14.0,47.95876288659794,25.909007121384295,29.0,126.0,95.0,2361.7525773195875,1706.1852852025804,1189.0,7812.0,6324.0,0.9711653271286993,0.04012913234619032,0.750817527795945,41.25,29.125,1201.8125,42.09375,36.125,1525.46875,54.0,77.6969696969697,4297.484848484848,pg6_10,5
0.47757347084813095,0.5,2.1213203435596424,0.41274820404463225,4.335912610464623,3.47409678853666,12.5,15.5,430.0,381.5,38.41237113402062,10.291376208973738,29.0,62.0,28.0,42.16494845360825,9.791307329674986,31.0,70.0,39.0,1717.5154639175257,918.6528809840247,928.0,4340.0,3286.0,0.9710938877375019,0.028035934252410525,0.8285714285714286,31.28125,34.0,1063.96875,32.625,38.34375,1261.03125,50.93939393939394,53.78787878787879,2793.909090909091,pg6_10,6
0.226229822884673,0.0,1.4142135623730951,0.35113990645359033,1.1884769308828538,1.9911057411608737,4.5,6.0,351.5,369.5,51.55670103092783,11.937093769988744,38.0,71.0,33.0,37.76288659793814,7.46921268001554,30.0,51.0,18.0,2030.3092783505156,875.5546855791964,1216.0,3621.0,2367.0,0.983517752871899,0.0318377652018884,0.8177299088649544,38.6875,32.21875,1246.3125,49.65625,33.46875,1678.28125,65.87878787878788,47.303030303030305,3131.909090909091,pg6_10,7
0.3912781719091874,0.0,1.8027756377319946,0.49003118151202485,2.3453438313647426,5.61152970203037,12.5,22.0,466.5,438.0,41.1958762886598,10.794843342486226,35.0,80.0,45.0,51.25773195876289,15.707558329365577,38.0,94.0,56.0,2274.546391752577,1471.4319277326076,1330.0,7520.0,6190.0,0.9803642823064559,0.024001255266325537,0.914576055890759,35.0625,38.625,1354.28125,35.8125,44.6875,1602.3125,52.36363636363637,69.87878787878788,3818.787878787879,pg6_10,8
0.3726523347585638,0.5,1.5811388300841898,0.41039237817685886,3.1411679217170603,3.959219260635729,11.0,20.5,359.5,471.5,47.88659793814433,6.539138769643564,40.0,63.0,20.0,38.79381443298969,14.520471254408411,27.0,83.0,52.0,1948.5463917525774,1063.3452661597266,1080.0,5229.0,3896.0,0.9780159943549819,0.027994699618379054,0.8102025506376594,42.53125,29.8125,1269.1875,44.75,30.75,1377.40625,56.121212121212125,55.303030303030305,3161.151515151515,pg6_10,9
0.5589794479537072,0.0,5.522680508593631,0.8447388018979802,3.8308229652841836,5.127231257899752,13.0,25.0,293.0,405.5,38.608247422680414,7.231883445243441,31.0,51.0,19.0,48.05154639175258,14.850020746294382,38.0,99.0,61.0,1945.4123711340205,991.4532887456074,1178.0,5049.0,3833.0,0.973976835631236,0.04292630275270419,0.7415313225058004,31.65625,38.15625,1208.40625,36.125,41.875,1515.75,47.75757575757576,63.63636363636363,3076.7272727272725,pg6_11,0
0.14836084049082587,0.0,2.0,0.3209190879471891,1.6489528782361935,1.070801075428834,8.0,3.5,227.5,346.0,39.08247422680412,4.537745711941444,35.0,53.0,16.0,31.88659793814433,2.720204239829705,28.0,40.0,12.0,1258.0309278350514,267.2125858820619,980.0,2120.0,1084.0,0.9898357796011131,0.021409329580948436,0.8912198912198912,36.0,29.46875,1061.3125,37.25,31.25,1164.5,43.84848484848485,34.84848484848485,1539.4848484848485,pg6_11,1
0.24597105350412818,0.0,3.605551275463989,0.5122644897948089,0.9968331191345671,2.436252835311646,4.5,13.0,182.0,293.0,39.381443298969074,1.575870232301199,37.0,43.0,6.0,37.72164948453608,1.3140185317875763,35.0,40.0,4.0,1487.4226804123712,109.52058932273373,1295.0,1720.0,388.0,0.9856738459216198,0.03209604573346738,0.76657824933687,37.75,36.15625,1365.0,39.65625,38.25,1517.0,40.696969696969695,38.72727272727273,1577.4545454545455,pg6_11,2
0.6878103556376426,0.0,4.47213595499958,0.9846955103030344,4.531951023885778,3.925195963800445,27.0,20.5,216.5,182.0,51.83505154639175,31.584179914533664,32.0,147.0,112.0,42.43298969072165,11.85384118569014,36.0,92.0,56.0,2556.505154639175,2704.099896448619,1184.0,13524.0,12264.0,0.9679527289061484,0.04527867598269383,0.7597765363128491,35.0,36.0,1260.0,34.5625,37.4375,1293.8125,84.9090909090909,53.515151515151516,5038.151515151515,pg6_11,3
0.15311638352952173,0.0,4.0,0.4787061100106277,0.7216126647455262,0.7466935654528586,6.0,3.5,239.5,120.5,36.47422680412371,2.051365064773275,32.0,39.0,6.0,40.865979381443296,1.281340036147575,39.0,43.0,3.0,1493.0309278350514,127.63175554246075,1248.0,1638.0,351.0,0.9915217973564245,0.02671947624983891,0.7837837837837838,33.84375,39.34375,1331.90625,37.25,41.15625,1533.78125,38.27272727272727,42.06060606060606,1609.7575757575758,pg6_11,4
0.051793082864578954,0.0,4.47213595499958,0.45634962097867793,0.20201977260067447,0.4486017056089603,2.0,4.0,317.0,311.5,32.865979381443296,0.9909785435627148,32.0,34.0,-2.0,33.29896907216495,1.486467815344072,32.0,35.0,-3.0,1095.8762886597938,82.25121911570531,1024.0,1190.0,-166.0,0.995575016750216,0.032109338258907334,0.7146974063400576,34.0,35.0,1190.0,32.625,32.9375,1075.875,32.0,32.0,1024.0,pg6_11,5
1.0703576198783444,0.7071067811865476,2.9154759474226504,0.918650041583681,12.317950544724416,15.97368205642618,48.5,59.0,358.5,302.0,65.15463917525773,32.31875399704252,37.0,143.0,101.0,65.74226804123711,39.65112766054575,34.0,184.0,149.0,5545.432989690722,6350.859897792259,1332.0,26312.0,24842.0,0.9602044867277701,0.030251426888925806,0.8375499334221038,40.5625,34.78125,1409.625,48.78125,49.5625,2487.75,104.87878787878788,111.45454545454545,12520.939393939394,pg6_11,6
0.12057059906657042,0.0,4.272001872658765,0.48792099494425845,1.7241170045017336,0.4935550187045701,5.0,2.5,354.5,161.5,34.824742268041234,0.9417061646737516,33.0,36.0,1.0,36.391752577319586,1.1357063384676627,33.0,39.0,2.0,1268.2371134020618,70.55593280173697,1089.0,1404.0,109.0,0.9926925401818018,0.031180994612419743,0.7284768211920529,34.8125,35.78125,1246.09375,33.90625,35.78125,1213.65625,35.72727272727273,37.57575757575758,1342.6363636363637,pg6_11,7
0.17655986946151905,0.0,2.8284271247461903,0.38873934604359,1.6020565484395102,1.0490418931637089,7.5,3.0,434.5,252.0,39.123711340206185,1.2456748426386157,37.0,43.0,3.0,33.54639175257732,3.0427219859269625,30.0,39.0,9.0,1312.9278350515465,134.13435697111785,1110.0,1677.0,477.0,0.9894063463536581,0.025747160046099234,0.7964071856287425,39.6875,30.0625,1192.96875,38.15625,33.46875,1277.21875,39.515151515151516,37.0,1463.878787878788,pg6_11,8
0.5766197798488143,0.5,2.8284271247461903,0.5085818152671586,2.3473708391560875,6.4211867999012675,8.0,26.5,417.5,380.0,52.30927835051546,14.685262143437892,37.0,77.0,38.0,71.5360824742268,54.37158556278964,33.0,227.0,193.0,4473.865979381443,4570.353174173484,1221.0,17479.0,16153.0,0.9629330940324742,0.02896644345141521,0.8044692737430168,37.59375,33.65625,1265.34375,47.8125,42.78125,2090.09375,70.93939393939394,136.15151515151516,9896.69696969697,pg6_11,9
0.7681656017326772,0.5,2.5,0.662244246217366,12.375974139079641,1.8175933114560359,48.0,7.5,376.0,80.5,74.70103092783505,52.5977077914672,31.0,206.0,175.0,57.11340206185567,18.037690373021306,35.0,79.0,40.0,5064.237113402062,4647.314807838897,1120.0,16068.0,14890.0,0.9674193389225664,0.026571550728907416,0.8398133748055988,32.75,37.21875,1218.90625,50.0625,55.75,2945.125,139.27272727272728,77.72727272727273,10847.939393939394,pg6_12,0
0.813646958012218,0.7071067811865476,3.1622776601683795,0.7513595196159186,8.08659885814617,11.528036773095996,28.5,45.5,263.0,170.5,60.28865979381443,33.66143094485726,32.0,145.0,109.0,73.9381443298969,39.99892123106912,35.0,163.0,126.0,5773.670103092783,6214.305613847942,1184.0,23635.0,22303.0,0.961490081234592,0.03383725155037679,0.7983811626195733,34.90625,35.84375,1249.625,42.75,61.90625,2779.34375,101.9090909090909,122.54545454545455,13064.212121212122,pg6_12,1
0.48210502129130184,0.5,4.949747468305833,0.6160794714258706,2.150133403509079,2.915485060947844,11.0,11.5,357.5,178.5,50.51546391752577,16.351873944163447,38.0,107.0,64.0,41.43298969072165,15.576156253680463,29.0,76.0,45.0,2329.092783505155,1777.126442730814,1140.0,8132.0,6799.0,0.969370233020337,0.03962861675859697,0.6808228268082283,40.09375,30.03125,1204.15625,43.34375,32.21875,1403.90625,67.57575757575758,61.42424242424242,4317.090909090909,pg6_12,2
0.8497735417028368,1.0,2.0615528128088303,0.613875607232565,3.046352503802846,13.30236910105535,12.0,52.0,170.5,280.5,43.134020618556704,3.2031841953383817,37.0,49.0,12.0,62.865979381443296,40.97261566400283,30.0,159.0,128.0,2820.453608247423,2045.706456860715,1140.0,7791.0,6644.0,0.964588644621978,0.03217659120138115,0.8723747980613893,39.65625,31.15625,1235.65625,43.4375,41.0625,1788.46875,46.21212121212121,114.75757575757575,5357.939393939394,pg6_12,3
0.6880830915144364,0.5,12.349089035228468,1.4032996802198983,7.00326738496087,5.830523542757966,34.5,17.0,465.0,249.5,53.7319587628866,21.42429272680105,39.0,122.0,83.0,34.20618556701031,6.169325756957708,30.0,49.0,17.0,1963.298969072165,1252.788305933398,1209.0,5978.0,4730.0,0.9735035971977096,0.06292105713298295,0.46178343949044587,39.71875,31.25,1241.15625,43.5,30.625,1332.09375,77.24242424242425,40.54545454545455,3275.6363636363635,pg6_12,4
0.7541895128386958,0.7071067811865476,4.0,0.7007810014958052,9.725660857532523,5.10985181874414,28.5,22.5,359.5,286.5,83.05154639175258,52.70700400140904,32.0,185.0,153.0,45.20618556701031,13.222082547518749,35.0,93.0,58.0,4362.670103092783,4062.4787357962746,1120.0,17205.0,16085.0,0.9646428122136795,0.03580502421152645,0.7777777777777778,32.8125,35.375,1161.09375,65.25,41.25,2750.875,149.03030303030303,58.57575757575758,9030.181818181818,pg6_12,5
0.07291666666666667,0.0,3.0,0.33055482609630077,0.681270935981723,0.5741814563152298,5.0,2.0,170.5,358.0,30.5979381443299,0.6526677027358522,29.0,31.0,2.0,33.865979381443296,0.34067446684243924,33.0,34.0,0.0,1036.3092783505156,27.549528341704075,957.0,1054.0,68.0,0.9954436966318786,0.020665345195169826,0.8125,29.78125,33.59375,1000.375,31.0,34.0,1054.0,31.0,34.0,1054.0,pg6_12,6
0.8334750789159194,0.7071067811865476,3.3541019662496847,0.755608557935987,12.569257598680837,4.123756443052314,49.5,13.0,291.0,382.5,76.30927835051547,56.72366745896008,31.0,221.0,188.0,48.16494845360825,12.420203371984963,32.0,77.0,42.0,4347.298969072165,4317.2033214645935,1024.0,17017.0,15862.0,0.9616922215038043,0.03957709091730129,0.7692307692307693,32.71875,35.03125,1146.0625,48.0625,45.84375,2242.625,145.96969696969697,63.15151515151515,9492.424242424242,pg6_12,7
0.766134741364211,0.5,3.640054944640259,0.7915675743368095,6.506110342004358,6.602579714005424,19.5,31.5,400.0,374.5,60.79381443298969,34.676691760164815,30.0,138.0,108.0,46.06185567010309,21.538177292718412,30.0,124.0,94.0,3455.773195876289,3852.0245567329,900.0,17112.0,16212.0,0.9626846748675256,0.03882054785570262,0.7478510028653295,32.21875,30.875,997.46875,43.84375,39.9375,1770.5,104.93939393939394,66.72727272727273,7473.787878787879,pg6_12,8
1.1289757417139334,1.0,3.640054944640259,1.0302190420592476,24.332652080588122,4.45676315325708,86.5,11.5,324.0,461.0,75.5360824742268,54.10281579951728,34.0,216.0,179.0,37.350515463917525,10.281643373310827,26.0,70.0,42.0,3336.3711340206187,3406.0843023376083,952.0,15120.0,14084.0,0.9598055066385177,0.0437271430449222,0.7686832740213523,34.96875,27.65625,966.375,48.09375,35.71875,1773.875,141.4848484848485,48.333333333333336,7149.69696969697,pg6_12,9
0.052083333333333336,0.0,5.0,0.5076455387921335,0.0,0.5050494315016865,0.0,5.0,327.0,258.5,36.0,0.0,36.0,36.0,0.0,33.0,0.0,33.0,33.0,0.0,1188.0,0.0,1188.0,1188.0,0.0,0.9972587719298245,0.026718186252217543,0.7368421052631579,36.0,33.0,1188.0,36.0,33.0,1188.0,36.0,33.0,1188.0,pg6_2,0
0.35590350696261375,0.0,7.0,0.7575312053407742,4.1254635452612884,1.3950324087292876,11.0,7.5,175.5,371.5,39.45360824742268,7.075470358568646,32.0,52.0,18.0,46.5360824742268,7.935385783916858,37.0,66.0,27.0,1890.8041237113403,679.0384140960264,1184.0,3366.0,2079.0,0.9819894192837925,0.03532111320922253,0.6956521739130435,33.03125,38.875,1284.1875,36.53125,44.3125,1623.3125,48.515151515151516,56.121212121212125,2738.4242424242425,pg6_2,1
0.642657747980289,0.5,6.18465843842649,1.0185832574189684,2.89476936194186,5.831507794252411,15.0,31.0,241.5,215.5,56.381443298969074,16.217874381782586,42.0,99.0,50.0,48.21649484536083,20.9762884317909,33.0,123.0,89.0,3042.7525773195875,2461.2637858055973,1386.0,12177.0,10511.0,0.969791939747448,0.046442781639332895,0.6131386861313869,42.5625,34.0,1447.25,49.78125,39.5625,1979.65625,76.18181818181819,70.39393939393939,5620.787878787879,pg6_2,2
0.581225825702791,0.5,5.385164807134504,0.750478651397077,1.2933522812003755,10.124981548382474,6.0,43.0,404.0,187.5,36.07216494845361,9.210311817012844,30.0,62.0,32.0,55.350515463917525,27.71877968376273,35.0,131.0,96.0,2248.9484536082473,1888.7417366750894,1050.0,8122.0,7072.0,0.9727016045816449,0.04066837634515835,0.6666666666666666,30.28125,35.90625,1087.46875,31.3125,41.03125,1283.96875,46.303030303030305,88.0909090909091,4310.969696969697,pg6_2,3
0.5381009093685943,0.5,3.0,0.5858838718864787,2.789045650459015,8.209723761917788,8.0,31.5,428.0,332.0,34.55670103092783,3.586828918992743,31.0,42.0,8.0,50.24742268041237,18.689007148663208,36.0,100.0,63.0,1797.5051546391753,897.345950638921,1209.0,4200.0,2942.0,0.9745871464649308,0.031213793148771096,0.8490007401924501,33.46875,37.5625,1255.46875,31.5,40.46875,1275.125,38.57575757575758,72.03030303030303,2829.6666666666665,pg6_2,4
0.7237584893623673,0.5,2.0,0.6309109676300645,11.42253619321663,6.658054095963495,39.0,26.0,365.5,335.0,61.69072164948454,27.05525496329145,41.0,141.0,100.0,43.649484536082475,14.05735030766614,32.0,84.0,50.0,3062.3711340206187,2573.4966958795258,1353.0,11844.0,10450.0,0.9675897214332996,0.027767834462259177,0.8805369127516779,41.96875,33.28125,1395.6875,49.9375,36.53125,1845.53125,92.21212121212122,60.60606060606061,5858.515151515152,pg6_2,5
0.4959064966335464,0.5,3.605551275463989,0.6282529320239123,3.612876265111211,2.586755921264148,13.0,14.5,293.5,355.5,45.72164948453608,6.185687284054051,39.0,69.0,28.0,46.52577319587629,15.499978572319845,33.0,91.0,56.0,2218.958762886598,1142.2484240378826,1287.0,6279.0,4844.0,0.9741625058602809,0.033519453035293884,0.7694204685573366,40.9375,35.0625,1435.71875,43.90625,39.25,1724.65625,52.121212121212125,64.6969696969697,3457.787878787879,pg6_2,6
0.8343687183561895,0.7071067811865476,4.123105625617661,0.7424450654169527,6.9231198669153615,13.101006022645707,27.0,45.0,157.5,456.5,55.29896907216495,17.757336191780272,39.0,99.0,60.0,72.56701030927834,49.79129788095503,29.0,181.0,149.0,4884.81443298969,4855.518623132395,1160.0,17919.0,16671.0,0.9649302507094482,0.033842351497894406,0.7430167597765364,39.40625,32.09375,1264.75,49.0,47.96875,2450.65625,76.81818181818181,135.66666666666666,10755.575757575758,pg6_2,7
0.1480936375010947,0.0,3.0,0.3971848115571571,0.8815789369323233,0.8890519860763046,3.5,3.0,286.5,428.5,38.01030927835052,2.630098760878718,35.0,44.0,8.0,38.83505154639175,1.2897727153017247,38.0,42.0,3.0,1478.8041237113403,148.0064528528665,1330.0,1848.0,444.0,0.9919069900688525,0.02162795116644739,0.8571428571428571,35.59375,38.40625,1367.09375,37.3125,38.09375,1421.4375,41.03030303030303,39.96969696969697,1642.7575757575758,pg6_2,8
0.5596041756021778,0.5,5.0990195135927845,0.6765179228830086,5.698770081715484,4.133249278890087,27.0,12.0,405.0,414.0,54.71134020618557,18.545546475640343,39.0,112.0,69.0,53.04123711340206,13.83847730567397,38.0,74.0,35.0,3125.463917525773,1886.2658418201934,1482.0,8288.0,6611.0,0.97661001632915,0.03156743222380693,0.7414330218068536,42.1875,39.125,1650.375,45.09375,49.25,2251.09375,76.18181818181819,70.21212121212122,5403.727272727273,pg6_2,9
0.07926846071506712,0.0,4.6097722286464435,0.4803078989591264,0.6343348479552644,0.5952659807526618,3.0,5.5,388.0,264.0,32.175257731958766,0.3801874003007376,32.0,33.0,0.0,37.5360824742268,0.4986963555648588,37.0,38.0,-1.0,1207.721649484536,20.806790261607897,1184.0,1254.0,-32.0,0.9955112051022783,0.026851102812888952,0.7429193899782135,32.25,37.875,1221.5,32.1875,37.75,1214.9375,32.09090909090909,37.0,1187.3636363636363,pg6_3,0
0.06669921080659218,0.0,6.4031242374328485,0.6501034906929134,0.40403954520134894,0.505049431501686,4.0,5.0,467.0,363.5,34.0,0.0,34.0,34.0,0.0,33.0,0.0,33.0,33.0,0.0,1122.0,0.0,1122.0,1122.0,0.0,0.995815527065527,0.04078519713372695,0.5982905982905983,34.0,33.0,1122.0,34.0,33.0,1122.0,34.0,33.0,1122.0,pg6_3,1
0.37873444307943993,0.0,6.082762530298219,0.7721033317883297,2.3938512832703567,2.2958348567452047,8.5,12.5,341.0,157.0,40.98969072164948,4.838622206041769,34.0,55.0,17.0,32.07216494845361,4.079739790268144,28.0,48.0,17.0,1332.1134020618556,346.22166418094025,952.0,2640.0,1462.0,0.9779192873695086,0.04599372905771292,0.6464011180992313,38.0,31.0,1178.0,37.84375,29.375,1112.46875,46.93939393939394,35.72727272727273,1694.5454545454545,pg6_3,2
1.2872406608330929,1.0590169943749475,14.317821063276353,1.715217133319078,25.765862874331166,4.574695077439194,86.5,21.5,348.0,239.0,86.24742268041237,61.401338332543915,40.0,241.0,200.0,45.36082474226804,14.245408424312386,33.0,68.0,34.0,4723.79381443299,4643.2398459228725,1320.0,16388.0,14994.0,0.9564581343871744,0.07014348468817068,0.4435695538057743,40.6875,33.15625,1348.96875,53.6875,38.8125,2186.75,162.0,63.54545454545455,10456.515151515152,pg6_3,3
0.3088445847318765,0.0,3.0413812651491097,0.4904615402677307,2.5990833672836158,3.831287644150768,12.0,16.0,216.5,209.0,49.24742268041237,10.301667293575678,43.0,87.0,43.0,38.68041237113402,6.486379689737149,33.0,60.0,26.0,1970.9278350515465,859.2272270953191,1452.0,5220.0,3724.0,0.9821356436571417,0.028690983215045738,0.8203076923076923,43.1875,33.9375,1465.625,45.53125,36.90625,1681.0,58.72727272727273,45.0,2742.060606060606,pg6_3,4
0.23611056633282668,0.0,5.220153254455275,0.5764309445192244,1.2742076200470933,3.082620759886399,5.0,10.0,188.0,267.0,37.422680412371136,2.8819919069060544,34.0,45.0,11.0,42.649484536082475,8.48411643561425,36.0,64.0,28.0,1619.8453608247423,463.6759075267402,1224.0,2880.0,1656.0,0.9872956830368581,0.0333190487406844,0.7002053388090349,34.96875,36.0,1258.875,36.3125,38.625,1404.78125,40.878787878787875,53.0,2178.4242424242425,pg6_3,5
0.2299791332872988,0.0,4.924428900898052,0.551253509363665,1.248997897816964,3.946515095725149,6.0,12.0,181.5,361.5,37.4639175257732,1.8503934141183154,36.0,43.0,6.0,41.08247422680412,7.673317140589029,35.0,61.0,23.0,1550.2474226804125,373.1999279269727,1260.0,2623.0,1217.0,0.9869684474427686,0.03225692659072134,0.7129629629629629,37.0,37.03125,1370.15625,36.84375,35.875,1321.875,38.515151515151516,50.06060606060606,1946.3333333333333,pg6_3,6
1.4861576574037212,1.540569415042095,10.51189802081432,1.5603091309118688,33.27474223210816,5.613641091916478,106.0,28.5,265.5,354.0,105.28865979381443,73.42026445215562,39.0,269.0,228.0,45.81443298969072,21.96310397049346,30.0,147.0,117.0,6319.979381443299,7726.480551383992,1170.0,39249.0,38079.0,0.9556328967001088,0.06685052636201803,0.4670433145009416,43.84375,31.90625,1401.0,71.84375,35.4375,2658.78125,197.3030303030303,69.36363636363636,14640.151515151516,pg6_3,7
0.8322965964502451,0.7071067811865476,4.6097722286464435,0.793850768220328,7.692963521671951,19.163039284242373,22.5,57.0,234.5,480.0,56.28865979381443,13.848189254430626,41.0,86.0,41.0,86.54639175257732,57.69936672070362,33.0,192.0,157.0,5661.742268041237,4986.149902590175,1353.0,16512.0,14937.0,0.9676372889233843,0.03804908795933594,0.7449481157837248,44.03125,34.65625,1527.5625,50.375,62.46875,3247.15625,73.9090909090909,160.21212121212122,12012.060606060606,pg6_3,8
0.25709646316407647,0.0,4.527692569068709,0.5367197362638991,2.1262746016404996,0.9950456504753529,7.5,5.5,331.5,419.5,37.96907216494845,1.7787613450452735,35.0,44.0,9.0,46.08247422680412,6.50403538985056,37.0,61.0,23.0,1759.4845360824743,329.57026419144336,1295.0,2684.0,1345.0,0.9852973354293356,0.03026864113895722,0.7659151193633952,36.34375,40.09375,1458.34375,38.09375,44.65625,1701.3125,39.42424242424242,53.27272727272727,2107.909090909091,pg6_3,9
0.07411910098315137,0.0,5.408326913195984,0.5564265679639282,0.654253478390913,0.4337254426384049,4.5,4.5,385.0,450.5,33.41237113402062,1.022958891249973,31.0,34.0,3.0,32.90721649484536,0.2901288098859853,32.0,33.0,0.0,1099.7319587628865,40.96856110795242,992.0,1122.0,99.0,0.9949641638466183,0.03748299666836684,0.6368805848903331,32.21875,32.71875,1054.5,34.0,33.0,1122.0,34.0,33.0,1122.0,pg6_4,0
0.6775658787528173,0.0,8.06225774829855,1.258002840464436,11.306169633537968,5.717593993220811,49.5,16.5,366.0,448.5,56.20618556701031,26.54423972860569,39.0,134.0,95.0,37.54639175257732,6.474407378137115,32.0,55.0,23.0,2275.773195876289,1590.3518478960186,1248.0,7370.0,6122.0,0.9717217248783792,0.06279619106747349,0.5850746268656717,39.0,32.0,1248.0,42.75,35.15625,1509.375,85.93939393939394,45.24242424242424,4015.5757575757575,pg6_4,1
0.8263758020632563,0.7071067811865476,8.276472678623424,1.0467802382055382,9.076802938164745,12.014111605537702,26.5,45.5,213.0,457.0,50.175257731958766,11.616740772294422,37.0,72.0,35.0,83.08247422680412,43.74072393045954,37.0,188.0,150.0,4666.041237113402,3434.527770830916,1369.0,13536.0,12130.0,0.9650732708953619,0.05690036562555737,0.5491205491205491,39.125,40.5,1585.34375,45.875,70.3125,3302.65625,65.06060606060606,136.75757575757575,8975.454545454546,pg6_4,2
0.4995173868504316,0.5,5.830951894845301,0.71840613877814,3.681235288750574,2.198971730439522,20.5,10.5,149.0,394.5,57.58762886597938,30.860428262129698,33.0,139.0,99.0,57.97938144329897,24.538620677862617,37.0,108.0,71.0,4068.4123711340208,4065.1481446802736,1386.0,15012.0,13532.0,0.9685914782460282,0.041940532335506674,0.672316384180791,40.0,38.15625,1526.25,37.5625,45.40625,1721.5625,94.06060606060606,89.39393939393939,8809.272727272728,pg6_4,3
1.2240005130249965,1.4142135623730951,6.519202405202649,1.1407462078750086,29.87578795479483,12.806978780912345,98.0,32.0,291.0,366.5,76.0721649484536,57.907720301966044,31.0,228.0,193.0,68.51546391752578,28.326197630593857,40.0,113.0,70.0,6698.731958762886,7190.812042117434,1271.0,25764.0,24259.0,0.9632353941219325,0.04605928414034707,0.6250709018718095,33.34375,40.46875,1348.78125,45.15625,60.0625,2899.5625,147.4848484848485,103.9090909090909,15570.60606060606,pg6_4,4
0.3218133931703991,0.0,5.830951894845301,0.6479765736322218,2.5170478366296973,3.8345596070693606,13.5,17.0,467.5,372.5,39.44329896907217,6.164362279480283,34.0,55.0,19.0,46.7319587628866,10.640823415853289,35.0,71.0,36.0,1902.4020618556701,761.447856616764,1258.0,3905.0,2645.0,0.9820805378338768,0.04006213743402084,0.6479057591623036,35.1875,36.875,1297.375,36.875,42.875,1579.90625,46.06060606060606,60.03030303030303,2801.818181818182,pg6_4,5
0.15862400073523641,0.0,6.020797289396148,0.6339729960527349,0.551088546841406,2.3152422069359297,5.0,10.5,405.0,306.0,32.30927835051546,1.991532719290729,29.0,35.0,5.0,37.649484536082475,4.456065568733662,32.0,45.0,13.0,1224.8041237113403,217.29834302152932,960.0,1575.0,615.0,0.9903441142671263,0.04219349428070299,0.5957446808510638,30.0,32.96875,989.0625,32.34375,36.75,1190.53125,34.515151515151516,43.06060606060606,1486.6363636363637,pg6_4,6
0.511803338218577,0.5,6.363961030678928,0.8075393755033379,4.226037144393857,2.1738159095148752,13.5,11.5,339.5,215.0,43.350515463917525,8.68704597521701,35.0,64.0,26.0,44.75257731958763,9.930719731638366,34.0,74.0,39.0,2024.2474226804125,899.6561316841354,1190.0,4736.0,3406.0,0.971704908601618,0.04860747613799632,0.6153846153846154,36.0625,35.09375,1265.71875,39.25,42.375,1667.25,54.39393939393939,56.42424242424242,3105.969696969697,pg6_4,7
0.5145520620904798,0.5,7.211102550927978,0.8374855274760087,8.018395393266072,3.866494811001145,30.5,14.5,216.0,242.5,62.58762886597938,30.729532649422936,37.0,145.0,108.0,38.896907216494846,8.120845692696488,31.0,55.0,19.0,2677.896907216495,1956.9686925443345,1178.0,7830.0,6535.0,0.9721027184326031,0.04692069930183079,0.5971049457177322,39.4375,33.125,1307.25,47.53125,34.03125,1637.53125,99.63636363636364,49.21212121212121,5015.848484848485,pg6_4,8
1.0174511296829845,0.5,6.324555320336759,1.2400442997625065,14.331814008081771,19.464437624101336,60.0,65.0,270.0,198.5,62.24742268041237,29.533496945181277,41.0,160.0,116.0,67.15463917525773,40.47662943013467,36.0,161.0,124.0,5351.041237113402,6165.595339884602,1512.0,25760.0,24132.0,0.9676054732998365,0.03811468482959935,0.7252747252747253,42.375,36.90625,1564.53125,47.4375,46.03125,2213.53125,95.87878787878788,116.96969696969697,12065.242424242424,pg6_4,9
0.03755782578608322,0.0,3.605551275463989,0.36606840397511636,0.20201977260067447,0.30302965890101186,2.0,3.0,382.5,429.5,35.0,0.0,35.0,35.0,0.0,37.0,0.0,37.0,37.0,0.0,1295.0,0.0,1295.0,1295.0,0.0,0.9975448455949136,0.023929885071127813,0.7643051771117166,35.0,37.0,1295.0,35.0,37.0,1295.0,35.0,37.0,1295.0,pg6_5,0
0.010416666666666666,0.0,1.0,0.1015291077584267,0.0,0.10100988630033723,0.0,1.0,299.5,173.5,37.0,0.0,37.0,37.0,0.0,31.0,0.0,31.0,31.0,0.0,1147.0,0.0,1147.0,1147.0,0.0,0.9993489583333334,0.006345569234901669,0.9375,37.0,31.0,1147.0,37.0,31.0,1147.0,37.0,31.0,1147.0,pg6_5,1
1.0535939150488673,1.0,4.716990566028302,1.0087338741405816,9.804264636319546,20.767256320038392,27.0,76.0,168.5,342.5,57.123711340206185,24.819038972214546,34.0,96.0,59.0,70.14432989690722,50.90844616102856,33.0,203.0,170.0,5175.20618556701,5619.686880770127,1122.0,19285.0,18097.0,0.965895447169174,0.04014734891601854,0.6919275123558485,35.3125,33.21875,1172.75,45.8125,43.28125,2087.09375,89.24242424242425,132.0,12050.90909090909,pg6_5,2
1.3705780336658178,1.540569415042095,3.5,1.055321445642388,29.673979565223906,10.160307696210115,81.0,44.5,238.5,428.5,103.50515463917526,67.81739029952378,39.0,217.0,176.0,65.01030927835052,40.04520508649957,28.0,171.0,141.0,9304.40206185567,10527.66253773597,1092.0,37107.0,35877.0,0.954286669990028,0.043529251400239444,0.8110065170166546,41.125,30.21875,1242.21875,76.84375,52.125,4451.375,189.84848484848484,111.24242424242425,21828.242424242424,pg6_5,3
0.7949637206715527,0.8535533905932737,2.23606797749979,0.6441332803201847,13.834978566956103,2.677278104073459,48.5,10.0,336.5,476.0,79.75257731958763,50.48364661780734,34.0,187.0,153.0,44.670103092783506,8.395779068969055,36.0,69.0,33.0,3973.2474226804125,3271.2088689894463,1224.0,12903.0,11679.0,0.9664023444031385,0.030648899066474725,0.8657282079047104,36.46875,36.8125,1344.5625,56.625,42.5625,2456.71875,144.15151515151516,54.333333333333336,7992.848484848485,pg6_5,4
1.0469964925336515,1.118033988749895,4.5,0.8149938719333406,6.749015350768597,28.47622177742288,25.5,78.5,280.5,362.5,57.43298969072165,20.959414495882346,36.0,98.0,61.0,108.85567010309278,68.17366993182664,37.0,224.0,187.0,7649.051546391753,6892.991736526106,1368.0,21952.0,20583.0,0.9638971886382678,0.037804737716761835,0.7968843618933493,38.90625,38.6875,1505.6875,48.0625,92.46875,4713.34375,84.48484848484848,192.78787878787878,16453.0,pg6_5,5
0.6192741293414413,0.5,3.0,0.5442306980761007,1.8608461603130988,13.742246773017007,7.5,43.5,248.5,319.0,43.43298969072165,10.556580218380866,35.0,72.0,36.0,61.52577319587629,30.01308744892136,35.0,128.0,93.0,2982.639175257732,2289.6268600943035,1225.0,9216.0,7956.0,0.9720021164731293,0.026731836135051666,0.8421052631578947,35.6875,35.96875,1283.40625,38.84375,49.0,1944.90625,55.39393939393939,98.45454545454545,5636.666666666667,pg6_5,6
0.42576645154351384,0.5,3.0,0.5163715671943134,2.1410561846237957,4.93929027015365,10.0,16.5,426.5,353.0,42.628865979381445,8.210277175060343,33.0,58.0,25.0,51.103092783505154,10.65725108759142,40.0,77.0,29.0,2225.783505154639,841.9173041008332,1452.0,4466.0,2857.0,0.9751326594669621,0.028731813924825104,0.88,33.125,46.59375,1543.03125,44.96875,42.71875,1916.875,49.57575757575758,63.60606060606061,3187.3939393939395,pg6_5,7
0.9081183535879166,0.5,3.3541019662496847,0.8528800555823222,0.9608667748869926,12.941515969273171,5.0,55.5,446.5,271.0,51.34020618556701,12.149317233319659,39.0,87.0,46.0,58.8041237113402,41.07489743736252,28.0,171.0,138.0,3509.061855670103,3494.4607914495195,1131.0,14877.0,13524.0,0.9613979723577394,0.041372318483615195,0.7784431137724551,40.9375,29.875,1222.8125,46.8125,37.21875,1758.03125,65.81818181818181,107.78787878787878,7424.0,pg6_5,8
0.26916806358390566,0.0,4.5,0.6418127090876984,1.2053922847363965,1.9727794753949808,3.5,11.5,381.5,237.5,37.70103092783505,2.6248807472317286,35.0,46.0,10.0,34.98969072164948,5.6303574173062,29.0,47.0,18.0,1332.3917525773195,312.0252288471794,1044.0,2162.0,1118.0,0.9832669460830502,0.04076279528171411,0.7352941176470589,36.0,29.96875,1078.875,36.3125,33.28125,1209.46875,40.696969696969695,41.515151515151516,1697.4242424242425,pg6_5,9
1.2796789623208715,1.266123775561495,6.670832032063167,1.1794352829751666,22.28013942068031,14.17193400583811,76.0,41.0,443.0,178.0,83.36082474226804,56.33774907159338,40.0,222.0,181.0,77.9278350515464,46.628438608488445,30.0,142.0,106.0,8770.061855670103,9462.50248369351,1200.0,30636.0,29324.0,0.959190498062456,0.04702178916566612,0.6786537574919318,40.8125,30.875,1262.0625,52.3125,65.96875,3681.96875,154.72727272727272,135.15151515151516,20984.454545454544,pg6_5,10
0.046875,0.0,3.0,0.31522251565362525,0.4503160756255991,0.3754049784749099,1.0,3.5,403.5,301.5,35.16494845360825,0.37113402061855666,35.0,36.0,0.0,39.90721649484536,0.2901288098859853,39.0,40.0,1.0,1403.3505154639174,19.140307356823673,1365.0,1440.0,35.0,0.9976727843915344,0.01515765882557873,0.8571428571428571,35.0,39.71875,1390.15625,35.5,40.0,1420.0,35.0,40.0,1400.0,pg6_6,0
0.8792471127857663,0.5,6.264982043070834,1.0195217087722528,11.373605922499078,9.498409843925675,35.0,33.5,409.5,485.5,94.14432989690722,57.02431922709685,38.0,193.0,155.0,46.865979381443296,17.395122474316818,32.0,98.0,65.0,5270.309278350515,5125.197861628539,1216.0,18914.0,17660.0,0.9545170058413533,0.04856019598935934,0.6558791801510249,39.0,36.125,1410.625,74.875,38.40625,2933.53125,166.3030303030303,65.48484848484848,11279.0,pg6_6,1
1.1597241594317906,0.7071067811865476,5.408326913195984,1.1010592811910236,7.399886249495562,32.33865663465977,27.0,84.5,336.0,506.5,81.48453608247422,41.770386936019406,36.0,167.0,127.0,119.3917525773196,68.18267710902245,43.0,214.0,165.0,12497.876288659794,11321.161528563645,1677.0,34903.0,33143.0,0.9624817223342056,0.03959460841020133,0.7409470752089137,38.09375,46.6875,1774.375,74.40625,105.1875,8542.90625,130.42424242424244,203.66666666666666,26731.545454545456,pg6_6,2
1.0009594741743442,1.118033988749895,3.5,0.760795174621453,14.675959303766533,7.795777857742589,46.0,25.5,171.0,371.5,79.6082474226804,52.70391067104278,35.0,180.0,144.0,92.71134020618557,52.134631180309896,36.0,174.0,137.0,9992.164948453608,10576.157343683904,1296.0,31320.0,29988.0,0.9588129132547992,0.032064590270741544,0.825,35.65625,38.03125,1355.78125,53.1875,82.3125,4730.9375,147.84848484848484,155.8181818181818,23468.636363636364,pg6_6,3
0.9639964242650945,1.5,2.5,0.8480261753059938,3.570353299102537,25.445641214517277,13.0,80.5,131.0,300.0,39.92783505154639,2.9190007564389187,36.0,52.0,16.0,82.57731958762886,55.802825751816144,36.0,205.0,169.0,3406.546391752577,2532.782716516543,1296.0,10660.0,9364.0,0.9718502611282487,0.03356393638698503,0.8492569002123143,37.1875,37.1875,1383.5625,40.6875,54.78125,2225.34375,41.84848484848485,153.54545454545453,6513.636363636364,pg6_6,4
0.6370879586197092,0.5,2.0,0.6617166561163257,2.8237167978327506,12.961950825385136,8.5,45.5,262.5,281.0,42.175257731958766,4.683839972964184,37.0,60.0,21.0,58.95876288659794,33.72444967210059,33.0,143.0,109.0,2629.3505154639174,1874.0414624314226,1287.0,8580.0,7254.0,0.9744138029790603,0.03016172638499519,0.8467105263157895,39.09375,33.71875,1318.5625,40.1875,41.0625,1660.25,47.09090909090909,100.78787878787878,4840.151515151515,pg6_6,5
1.0299707959509112,0.7071067811865476,2.5495097567963922,0.8579249148312725,22.607221407606865,7.549837954592804,69.5,23.0,221.0,190.0,88.56701030927834,51.8828790496868,38.0,183.0,145.0,81.89690721649484,44.163352941234095,34.0,161.0,125.0,9475.072164948453,9113.05634026102,1360.0,29463.0,28095.0,0.9623010016257391,0.029883410373921834,0.851150202976996,39.9375,35.84375,1431.6875,68.0625,72.75,5391.5,155.6060606060606,135.42424242424244,21234.545454545456,pg6_6,6
0.8547643192355304,0.7071067811865476,2.5,0.7729831554191982,13.902825378770832,11.706236636639748,52.0,40.0,440.5,189.5,65.37113402061856,42.17374949108364,32.0,167.0,134.0,72.96907216494846,33.144312260500996,44.0,147.0,102.0,6155.412371134021,6572.025755501949,1408.0,24549.0,23064.0,0.9669479748353212,0.029687298731582188,0.8671875,33.375,44.25,1476.5625,42.75,58.3125,2639.96875,118.33333333333333,115.03030303030303,14101.39393939394,pg6_6,7
1.1570399353197272,1.4142135623730951,2.23606797749979,0.7687301789804544,25.96795792864644,14.806715162438413,84.0,39.0,520.0,334.0,92.11340206185567,64.11923112269969,32.0,224.0,191.0,69.54639175257732,30.175439121176154,38.0,115.0,76.0,8306.752577319588,8246.394299879874,1216.0,25536.0,24282.0,0.9634856149838599,0.030815284573751493,0.8495575221238938,32.90625,38.8125,1277.53125,67.65625,61.375,4498.875,173.24242424242425,107.27272727272727,18815.454545454544,pg6_6,8
1.0472206786844356,1.0,3.1622776601683795,0.7870671403819648,7.041863491180413,20.598033600389737,29.5,57.0,488.5,422.5,57.608247422680414,23.43693300940282,32.0,113.0,79.0,97.57731958762886,62.509023686983994,36.0,201.0,160.0,6987.979381443299,6416.379116655049,1152.0,22148.0,20924.0,0.9547542708694912,0.036639546819708955,0.8452468680913781,33.09375,36.3125,1201.625,55.28125,77.8125,4640.3125,83.63636363636364,176.15151515151516,14875.515151515152,pg6_6,9
0.050563562148434216,0.0,3.3541019662496847,0.34991902803771835,0.5214599712800196,0.30302965890101186,3.0,3.0,244.5,252.0,32.96907216494845,0.17312222292522336,32.0,33.0,0.0,36.0,0.0,36.0,36.0,0.0,1186.8865979381444,6.2324000253080385,1152.0,1188.0,0.0,0.9967276696348449,0.023175178967385364,0.7767653758542141,32.90625,36.0,1184.625,33.0,36.0,1188.0,33.0,36.0,1188.0,pg6_7,0
0.12470974953124563,0.0,3.3541019662496847,0.39206926901401923,0.6161033822477969,1.16101882613286,2.0,5.0,314.0,275.0,38.2680412371134,0.4429391970915636,38.0,39.0,-1.0,39.78350515463917,0.45919706085196055,38.0,40.0,0.0,1522.3505154639174,18.9600998502707,1482.0,1560.0,-40.0,0.9932093750536847,0.02292428165159126,0.8001168907071888,38.28125,39.71875,1520.5,38.0,40.0,1520.0,38.515151515151516,39.63636363636363,1526.4242424242425,pg6_7,1
0.3842699018806197,0.5,3.8078865529319543,0.4740595699297634,2.6924491827635797,2.50270339538244,11.0,8.0,311.5,193.5,46.391752577319586,12.2865752746654,32.0,73.0,40.0,43.72164948453608,8.421550984856706,35.0,63.0,27.0,2129.9896907216494,1005.1760628961932,1120.0,4599.0,3411.0,0.9794322139900999,0.029597909275068814,0.7537993920972644,34.96875,35.71875,1249.71875,42.375,40.9375,1741.40625,61.36363636363637,54.18181818181818,3360.3939393939395,pg6_7,2
0.2394300143149851,0.0,2.5,0.37840996495660545,1.7730460257947525,1.0452611839700268,7.5,4.0,395.5,255.0,44.01030927835052,6.2135449738020165,35.0,53.0,15.0,47.34020618556701,7.618326517455109,36.0,58.0,22.0,2127.082474226804,624.4444569342737,1365.0,3074.0,1706.0,0.9868106534445253,0.02257870980754548,0.8333333333333334,36.5,40.0,1459.78125,44.625,44.59375,2001.125,50.696969696969695,57.121212121212125,2896.3030303030305,pg6_7,3
0.9700879280719622,0.5,3.2015621187164243,1.0736290848375185,18.076726507781032,26.16315097040455,47.0,66.5,204.5,406.0,70.0,36.015174350614416,36.0,131.0,92.0,100.84536082474227,66.93116023525079,38.0,208.0,166.0,9463.350515463917,9676.770554889903,1368.0,27248.0,25610.0,0.9660388420486322,0.04193086762438578,0.8444444444444444,38.0625,40.15625,1529.46875,53.6875,72.96875,4392.40625,116.78787878787878,186.72727272727272,22074.090909090908,pg6_7,4
1.2236696897626833,1.5,3.605551275463989,0.8385423803776599,3.122979738081575,23.931485883243237,9.5,87.5,269.0,440.5,52.381443298969074,11.36593145839302,38.0,72.0,34.0,84.26804123711341,62.591214340816975,28.0,225.0,197.0,5098.474226804124,4680.421522766837,1064.0,16200.0,15136.0,0.9610969573090108,0.04023623075294727,0.7381703470031545,40.625,30.59375,1243.9375,49.4375,56.5,2856.84375,66.63636363636364,163.24242424242425,11009.90909090909,pg6_7,5
0.8368939315622814,0.8535533905932737,2.5495097567963922,0.688540277675093,9.970689854782012,14.18814784123106,43.0,41.5,385.5,379.0,74.55670103092784,44.64336781816232,32.0,171.0,137.0,62.21649484536083,26.4295315942453,38.0,114.0,74.0,5807.81443298969,5626.108880996049,1248.0,19494.0,18134.0,0.9645352323869885,0.032932613447968,0.8672689367616401,33.0625,39.90625,1319.46875,58.84375,49.5,3079.78125,130.03030303030303,96.18181818181819,12805.515151515152,pg6_7,6
0.7186772338371824,0.0,4.0,0.926554387806855,1.9890763433703478,11.137492299529306,10.0,42.5,450.0,359.0,50.371134020618555,20.469398627153076,31.0,85.0,47.0,56.83505154639175,24.38086135178729,41.0,134.0,89.0,3259.7938144329896,2774.8785315224172,1302.0,11390.0,9680.0,0.972994200931225,0.03976885697082928,0.7926960257787325,34.59375,43.1875,1496.5,38.6875,45.09375,1758.40625,77.0,81.45454545454545,6425.545454545455,pg6_7,7
1.0191949616060862,1.118033988749895,3.2015621187164243,0.8766603087304883,16.30371221503395,15.53907167215442,53.5,55.5,414.5,450.0,61.0,32.997969322087734,35.0,133.0,97.0,73.05154639175258,45.5623219120914,27.0,176.0,149.0,5919.422680412371,6605.270664651072,972.0,23408.0,22436.0,0.9564313990602095,0.04314879372368492,0.7793696275071633,36.125,30.53125,1103.875,42.21875,59.0625,2607.8125,103.33333333333333,127.84848484848484,13800.30303030303,pg6_7,8
0.1269013446978737,0.0,3.3541019662496847,0.43545977469858005,0.7089830960627412,1.0832839386915019,4.0,3.0,417.0,470.5,46.896907216494846,3.8489107739762427,42.0,54.0,12.0,35.43298969072165,3.397716687808942,31.0,41.0,9.0,1674.5773195876288,298.5290686791215,1302.0,2214.0,870.0,0.990010703384257,0.03418445381104678,0.7926829268292683,42.59375,31.3125,1333.96875,47.25,36.0625,1705.28125,50.72727272727273,38.81818181818182,1975.090909090909,pg6_7,9
0.044194173824159216,0.0,4.242640687119285,0.4307515235028193,0.30302965890101186,0.30302965890101186,3.0,3.0,151.5,254.0,35.0,0.0,35.0,35.0,0.0,34.0,0.0,34.0,34.0,0.0,1190.0,0.0,1190.0,1190.0,0.0,0.997028097982709,0.028966517775458913,0.7146974063400576,35.0,34.0,1190.0,35.0,34.0,1190.0,35.0,34.0,1190.0,pg6_8,0
0.19514116627811995,0.0,3.905124837953327,0.5598950126797123,2.0976531633490203,1.830600997112184,9.5,6.5,177.5,359.0,34.51546391752577,1.9850648646176003,31.0,41.0,7.0,36.876288659793815,5.181763684861332,32.0,50.0,18.0,1281.6907216494844,258.9492789894769,1023.0,2050.0,962.0,0.9880144680213295,0.035773918207164766,0.7265625,34.0,32.96875,1120.9375,32.96875,34.40625,1134.8125,36.515151515151516,43.06060606060606,1580.0,pg6_8,1
0.23093798310114552,0.0,3.605551275463989,0.49085484747989244,1.275520645626519,2.532643716747891,6.5,8.0,241.5,470.0,43.93814432989691,4.766321785256654,39.0,58.0,16.0,38.896907216494846,2.50148218364684,36.0,43.0,5.0,1718.4020618556701,283.03763400613354,1404.0,2436.0,882.0,0.9870330986987104,0.030902106048217033,0.7780320366132724,40.21875,36.40625,1464.9375,42.21875,39.03125,1652.78125,49.21212121212121,41.18181818181818,2027.8181818181818,pg6_8,2
0.32537986022950766,0.0,3.605551275463989,0.5008979735338919,2.405090785317708,3.511417994065454,12.0,12.5,323.0,398.5,40.23711340206186,6.850048078507305,33.0,60.0,24.0,40.21649484536083,9.754963636474638,33.0,66.0,33.0,1684.2371134020618,768.689348769225,1122.0,3960.0,2772.0,0.980397750698951,0.034291217761028,0.7560975609756098,36.0,33.0,1188.0,36.59375,35.9375,1317.3125,47.878787878787875,51.36363636363637,2521.242424242424,pg6_8,3
0.31391211368866095,0.0,2.5,0.40875932390529907,1.7328023227975706,2.551978511779213,7.0,9.5,243.0,267.0,54.09278350515464,19.200022806164938,38.0,108.0,70.0,38.16494845360825,7.6180474977355805,31.0,60.0,28.0,2207.494845360825,1320.3151148687002,1178.0,6480.0,5264.0,0.9775177380309783,0.02888349387533543,0.821917808219178,39.03125,31.6875,1237.46875,45.8125,34.9375,1607.9375,76.72727272727273,47.57575757575758,3729.5151515151515,pg6_8,4
0.5538891337494908,0.5,3.905124837953327,0.681204933076363,2.9164600435949493,11.088241127228795,12.0,44.5,332.0,286.5,45.31958762886598,14.855001165390883,35.0,92.0,57.0,57.65979381443299,25.550792994306452,35.0,132.0,97.0,2990.0,2585.2796255469234,1225.0,12144.0,10919.0,0.9727228012727099,0.035641449550156065,0.7389783065080476,35.0,37.03125,1296.09375,37.96875,47.4375,1811.1875,62.45454545454545,87.57575757575758,5775.666666666667,pg6_8,5
1.2642072765270889,1.118033988749895,4.242640687119285,1.015868247022858,4.195382326100121,29.317552164472556,21.5,100.5,422.5,326.0,45.88659793814433,12.572163891741965,34.0,83.0,49.0,99.10309278350516,69.85751102139835,39.0,269.0,229.0,5399.18556701031,5399.2844759433465,1326.0,22327.0,20967.0,0.9639530404077598,0.03447304870856436,0.7291799109980928,34.34375,39.65625,1362.03125,43.28125,70.15625,3130.65625,59.60606060606061,184.8181818181818,11513.787878787878,pg6_8,6
0.35673983534626935,0.25,4.47213595499958,0.545175069627898,1.8495316570443403,3.7983150691096887,9.0,12.0,489.5,224.5,46.52577319587629,5.0258974343618315,41.0,58.0,17.0,36.577319587628864,6.674825842813006,30.0,51.0,18.0,1731.6288659793815,520.7045647032852,1302.0,2958.0,1605.0,0.9806902410981068,0.03191520709658711,0.7357280307889673,41.5625,32.78125,1362.28125,45.96875,32.09375,1475.1875,51.878787878787875,44.60606060606061,2338.4545454545455,pg6_8,7
0.13259673404937936,0.0,5.315072906367325,0.5733866695225001,0.7143221526317528,0.5795703547910468,4.5,5.0,274.5,181.0,36.144329896907216,0.9843066608065987,34.0,37.0,3.0,35.23711340206186,1.397886444927902,32.0,40.0,8.0,1274.0618556701031,69.31413839992169,1088.0,1480.0,392.0,0.9918340075215696,0.0377326879624802,0.6492537313432836,35.59375,34.21875,1218.6875,37.0,35.0,1295.0,35.84848484848485,36.45454545454545,1307.4545454545455,pg6_8,8
0.13312100958838471,0.0,4.031128874149275,0.5283500703190728,1.047876149909905,0.5742277295519019,6.0,2.5,339.5,148.0,34.75257731958763,0.5378638128142509,33.0,36.0,1.0,39.402061855670105,1.090349360587073,39.0,44.0,5.0,1369.4432989690722,47.710028138674275,1320.0,1584.0,219.0,0.9920818816930125,0.03273318681791397,0.7428756476683938,34.40625,39.0,1341.84375,35.0,39.0,1365.0,34.84848484848485,40.18181818181818,1400.5151515151515,pg6_8,9
0.21053994117376787,0.0,2.0615528128088303,0.35713853498404,1.217739185360538,0.6515675972015728,6.5,2.5,245.0,143.0,47.05154639175258,6.307206047382349,37.0,70.0,33.0,33.49484536082474,3.346405091727897,29.0,39.0,7.0,1590.7525773195875,359.41656706240525,1184.0,2730.0,1546.0,0.9853910546251189,0.02643844581899554,0.8218029350104822,41.40625,31.28125,1293.40625,46.5,31.1875,1451.28125,53.06060606060606,37.878787878787875,2014.3333333333333,pg6_9,0
0.6571305788309894,0.5,3.3541019662496847,0.764070940662743,6.629298858739629,2.7272961573501524,34.5,14.0,382.5,110.5,54.24742268041237,24.55754064713676,38.0,133.0,95.0,53.845360824742265,21.375552181297504,35.0,97.0,61.0,3386.505154639175,2998.745882619955,1330.0,12901.0,11533.0,0.9690903749272938,0.03177870150208549,0.8324646314221892,38.46875,35.875,1380.03125,42.75,43.0625,1858.625,80.6969696969697,81.72727272727273,6813.757575757576,pg6_9,1
0.7997404258157635,0.7071067811865476,2.5495097567963922,0.654311534858858,12.693564547956932,3.7968247805612783,46.0,19.0,425.5,178.0,80.26804123711341,42.60741803279072,43.0,177.0,133.0,56.597938144329895,30.832657674191918,32.0,138.0,101.0,5828.907216494846,6497.828969839706,1504.0,24426.0,22798.0,0.9650313590226771,0.02913511281186688,0.8167053364269141,44.40625,35.875,1590.40625,61.34375,40.46875,2537.46875,133.3939393939394,92.33333333333333,13130.666666666666,pg6_9,2
0.7562549860715552,0.5,2.8284271247461903,0.8755684226310234,5.50702697995333,3.5648047528472,27.5,17.5,395.5,250.5,52.96907216494845,31.759552052285034,36.0,313.0,277.0,50.422680412371136,28.900766961444457,28.0,215.0,187.0,3505.5670103092784,6967.20735502998,1008.0,67295.0,66287.0,0.9556869845027989,0.0901363692371458,0.1653614681625678,36.75,28.25,1039.0,43.8125,38.28125,1693.09375,77.57575757575758,83.6969696969697,7654.939393939394,pg6_9,3
0.7015293146741995,0.7071067811865476,1.8027756377319946,0.5885561037993019,5.12829867867068,13.55806116025951,14.0,44.0,442.0,303.5,50.88659793814433,16.456676199000775,36.0,97.0,59.0,63.71134020618557,31.503872700210426,36.0,133.0,97.0,3751.2680412371133,3134.972048134861,1296.0,12901.0,11533.0,0.9663552511420139,0.03264295279889948,0.8848436881677879,37.625,36.375,1368.28125,44.0625,50.15625,2296.75,70.36363636363636,103.36363636363636,7472.484848484848,pg6_9,4
1.50864303922787,1.118033988749895,4.031128874149275,1.416067152429324,36.54245394864442,16.024838900653613,110.0,47.5,396.5,275.0,126.24742268041237,91.44758297244249,45.0,312.0,66.0,86.37113402061856,59.58487312145226,35.0,214.0,70.0,16334.639175257733,20500.400695699547,1575.0,66768.0,10146.0,0.9502895557060486,0.08718813238822874,0.17622214234363767,45.28125,36.03125,1631.75,89.125,59.1875,5693.9375,240.75757575757575,161.54545454545453,40910.242424242424,pg6_9,5
0.7181842062742905,0.0,4.5,1.1214494843095553,2.910057469815296,7.382188380295957,11.0,36.0,216.0,299.0,55.144329896907216,8.774364829388466,45.0,73.0,27.0,46.8041237113402,21.338527749124573,32.0,126.0,94.0,2732.278350515464,1728.7067733100375,1472.0,9198.0,7726.0,0.9714789696206352,0.03505045638091299,0.8761061946902655,45.90625,33.6875,1545.8125,52.90625,36.875,1959.84375,66.27272727272727,69.15151515151516,4631.818181818182,pg6_9,6
1.6268208775697925,1.5,10.307764064044152,1.5718273862937526,12.427246027594979,35.40130456292744,39.5,118.5,251.0,373.0,70.90721649484536,34.50476807757372,40.0,139.0,96.0,125.8659793814433,107.64341944500838,34.0,383.0,349.0,12509.247422680412,15109.834220321087,1360.0,52681.0,50728.0,0.9587016844245783,0.05131040376662331,0.5686922060766182,40.84375,35.5625,1453.59375,53.90625,80.9375,4607.9375,116.54545454545455,257.0,30891.757575757576,pg6_9,7
0.9059817170152495,0.6035533905932737,3.2015621187164243,0.8967703877995192,5.885835074334476,4.101376369999188,26.5,24.5,358.0,398.5,47.824742268041234,14.680101062377448,36.0,96.0,59.0,66.76288659793815,42.6278001337727,31.0,169.0,135.0,3760.577319587629,3838.523773468858,1224.0,16224.0,14966.0,0.9571441224176308,0.04687596280515157,0.7794970986460348,38.46875,35.9375,1384.0,42.28125,41.875,1782.125,62.27272727272727,120.78787878787878,7983.636363636364,pg6_9,8
0.7836525320255632,0.6035533905932737,2.0615528128088303,0.6734961339037198,1.6029021665437604,18.920819118370837,6.0,54.5,468.0,459.0,47.608247422680414,9.467858488124605,36.0,67.0,30.0,77.85567010309278,46.509945658638635,36.0,162.0,122.0,4139.0,3271.5859894855184,1296.0,10720.0,9314.0,0.9704436624187812,0.02889843089001746,0.7714285714285715,39.5625,39.0625,1547.28125,43.5625,54.84375,2454.875,59.333333333333336,137.78787878787878,8285.272727272728,pg6_9,9
0.05577189548176755,0.0,3.3541019662496847,0.352836594390431,0.32330725320756115,0.4781882945694482,2.5,4.0,392.5,309.5,36.1958762886598,0.3968737434004156,36.0,37.0,-1.0,31.103092783505154,0.3040800248196418,31.0,32.0,0.0,1125.8865979381444,21.636107796711578,1116.0,1184.0,-31.0,0.9963258407106443,0.02455693173243277,0.7638347622759158,36.59375,31.3125,1145.96875,36.0,31.0,1116.0,36.0,31.0,1116.0,pg7_1,0
0.06948783366732465,0.0,6.670832032063167,0.677283624221706,0.15151482945050593,0.6565642609521921,1.5,6.5,327.0,251.5,35.01030927835052,0.10100988630033723,35.0,36.0,-1.0,31.989690721649485,0.10100988630033722,31.0,32.0,1.0,1119.958762886598,0.40403954520134894,1116.0,1120.0,4.0,0.9959716209716211,0.03926378193255173,0.6132756132756133,35.03125,31.96875,1119.875,35.0,32.0,1120.0,35.0,32.0,1120.0,pg7_1,1
0.0429490169335173,0.0,4.123105625617661,0.4186152353627111,0.10100988630033723,0.40403954520134894,1.0,4.0,212.0,481.0,44.0,0.0,44.0,44.0,0.0,36.0,0.0,36.0,36.0,0.0,1584.0,0.0,1584.0,1584.0,0.0,0.9975818452380952,0.0235692571582062,0.7678571428571429,44.0,36.0,1584.0,44.0,36.0,1584.0,44.0,36.0,1584.0,pg7_1,2
1.1571115263314733,1.0590169943749475,7.0710678118654755,1.0580294178160556,25.926438239925936,9.785756316023113,83.5,36.5,331.5,229.5,101.04123711340206,71.22968764913448,36.0,269.0,233.0,54.36082474226804,22.786858921887102,31.0,96.0,65.0,7056.041237113402,7169.49664499743,1116.0,25824.0,24708.0,0.9595583146378172,0.04593424760135665,0.603448275862069,38.09375,32.75,1249.5625,72.75,46.09375,3622.875,189.5151515151515,83.33333333333333,16015.69696969697,pg7_1,3
0.6312676573746258,0.5,5.0,0.6865076921778945,6.031170142281887,8.427981650101138,24.5,38.5,209.0,326.0,47.144329896907216,11.674264312211463,38.0,79.0,41.0,48.07216494845361,17.092379336870348,35.0,99.0,63.0,2462.7525773195875,1664.527913822841,1365.0,7821.0,6453.0,0.9700620400544713,0.037746658506352684,0.693069306930693,38.9375,36.0,1401.8125,40.84375,40.90625,1671.21875,61.21212121212121,66.72727272727273,4259.090909090909,pg7_1,4
0.643672288224587,0.5,8.514693182963201,0.9600122318865132,7.652724603495508,3.4681567702049847,21.0,14.0,231.5,393.0,54.91752577319588,19.632011573302524,35.0,91.0,55.0,63.350515463917525,27.040649521385774,35.0,124.0,88.0,4006.659793814433,3063.0797179450874,1260.0,11284.0,9988.0,0.9677899487248015,0.044256192539716896,0.6551865518655187,36.625,38.09375,1397.4375,47.6875,53.0625,2610.28125,79.66666666666667,97.81818181818181,7890.878787878788,pg7_1,5
0.3676635783168081,0.5,4.242640687119285,0.515621139836166,6.353033708765306,1.6300237305328156,17.5,7.0,332.5,374.5,45.70103092783505,13.537397569614566,34.0,76.0,41.0,50.02061855670103,8.922321575565409,39.0,63.0,23.0,2391.4845360824743,1106.6340170530686,1326.0,4650.0,3324.0,0.9770010981331786,0.03468127456489738,0.7265625,34.375,40.1875,1382.375,40.125,48.96875,1982.6875,62.09090909090909,60.57575757575758,3766.4242424242425,pg7_1,6
0.3911922594989039,0.0,4.123105625617661,0.7148644040013059,1.8638992791735294,1.3247322395223926,13.5,9.0,350.0,491.0,45.30927835051546,13.647522206093676,36.0,91.0,55.0,35.5360824742268,1.9899844876880923,34.0,42.0,8.0,1634.4742268041236,617.0937553921525,1224.0,3822.0,2598.0,0.9792416752543236,0.043228962781154304,0.7168141592920354,36.3125,34.53125,1253.75,39.28125,34.75,1365.34375,59.878787878787875,37.27272727272727,2264.6363636363635,pg7_1,7
0.29848609422911937,0.0,3.3541019662496847,0.44131646039833133,3.0741448681233905,0.8447948822216859,13.0,4.0,388.5,417.0,50.56701030927835,5.775717416936713,44.0,65.0,20.0,52.76288659793814,15.771416920097964,40.0,85.0,45.0,2753.020618556701,1153.3793108194814,1760.0,5525.0,3725.0,0.9849160556593594,0.02503817354587768,0.80802437785678,44.71875,40.34375,1804.5625,49.125,44.03125,2169.0625,57.63636363636363,73.27272727272727,4239.0,pg7_1,8
0.9530748258293086,0.7071067811865476,2.692582403567252,0.7202303171234647,3.8578195673489484,19.69864227806341,19.5,60.0,468.0,336.0,51.21649484536083,19.100508334641933,33.0,107.0,74.0,74.65979381443299,45.31763876751129,38.0,198.0,160.0,4661.18556701031,4758.746452650786,1254.0,21186.0,19932.0,0.9635001216630904,0.026648701735052276,0.8293736501079914,34.125,40.25,1374.96875,45.5625,50.875,2362.71875,73.27272727272727,131.0909090909091,10076.636363636364,pg7_1,9
0.8278346034164487,0.7071067811865476,4.272001872658765,0.7668946273030807,10.815263400153938,3.349936508266465,44.0,11.5,299.5,440.0,66.50515463917526,39.122362553662455,34.0,165.0,130.0,47.50515463917526,7.970465729501564,40.0,71.0,29.0,3464.979381443299,2758.0517775818307,1360.0,11715.0,10245.0,0.9632880223460164,0.03972139928682187,0.754601226993865,35.59375,42.125,1501.125,48.40625,42.9375,2089.875,114.03030303030303,57.15151515151515,6702.757575757576,pg7_10,0
1.2044914024678668,0.7071067811865476,6.363961030678928,1.2394271370466512,18.275358661067873,13.102425623999437,66.5,42.5,409.5,413.5,78.89690721649484,47.4937835402779,47.0,196.0,146.0,63.06185567010309,33.54910677840251,33.0,127.0,91.0,6464.319587628866,7288.547273049136,1617.0,24892.0,23092.0,0.9590743968845699,0.03329957938295577,0.868421052631579,48.53125,35.1875,1707.71875,52.3125,47.9375,2552.6875,134.12121212121212,104.75757575757575,14869.878787878788,pg7_10,1
0.7115262311982168,0.5,2.5495097567963922,0.6704174736561753,13.776685233037846,2.3297258399018057,51.0,11.0,424.0,200.5,67.37113402061856,31.966580354156424,40.0,154.0,114.0,51.77319587628866,21.60779983010105,36.0,119.0,83.0,4170.072164948454,4112.725010915607,1440.0,18326.0,16886.0,0.9698261269975791,0.026204143781079135,0.900990099009901,42.34375,37.9375,1607.75,52.71875,40.21875,2132.1875,105.84848484848484,76.39393939393939,8630.878787878788,pg7_10,2
0.13143785404947808,0.0,2.5,0.3512108918055761,1.7206151593920491,1.0479775703659988,6.0,6.0,284.0,188.0,41.01030927835052,1.264053742176253,38.0,43.0,4.0,35.628865979381445,2.05250456824267,32.0,39.0,-4.0,1458.8556701030927,48.64514675588384,1344.0,1560.0,-16.0,0.9917332633758752,0.026783917390259756,0.7881773399014779,39.46875,37.8125,1492.59375,41.5,35.03125,1451.9375,42.03030303030303,34.09090909090909,1432.8484848484848,pg7_10,3
0.3650144499494141,0.0,4.0,0.5769837819743809,1.805183782816548,3.885285129261088,10.5,15.5,214.0,295.5,33.371134020618555,3.1041029968459752,31.0,46.0,12.0,39.52577319587629,2.355483987323894,37.0,44.0,-1.0,1316.659793814433,117.92692885177284,1178.0,1748.0,422.0,0.978315559237123,0.03250005191399257,0.8095238095238095,32.59375,37.8125,1231.75,32.0625,41.96875,1345.46875,35.39393939393939,38.81818181818182,1371.060606060606,pg7_10,4
0.13362944921610614,0.0,1.0,0.2558837697774781,0.6638086611136184,0.986194425664651,3.0,2.5,327.0,260.5,39.55670103092783,2.095498721068313,38.0,44.0,6.0,32.97938144329897,1.0151367938219522,32.0,36.0,4.0,1306.5154639175257,110.0267177863933,1216.0,1584.0,368.0,0.9911347214196479,0.020351908180746867,0.8602941176470589,38.1875,32.09375,1225.59375,38.84375,32.84375,1275.90625,41.57575757575758,33.96969696969697,1414.6666666666667,pg7_10,5
0.03125,0.0,1.5,0.21423920626253262,0.0,0.33738284890625925,0.0,3.0,384.0,293.0,36.0,0.0,36.0,36.0,0.0,30.010309278350515,0.10100988630033722,30.0,31.0,0.0,1080.3711340206185,3.6363559068121396,1080.0,1116.0,0.0,0.998046875,0.013389950391408289,0.90625,36.0,30.03125,1081.125,36.0,30.0,1080.0,36.0,30.0,1080.0,pg7_10,6
0.01877891289304161,0.0,1.8027756377319946,0.18303420198755818,0.15151482945050593,0.10100988630033723,1.5,1.0,276.0,324.5,39.98969072164948,0.10100988630033723,39.0,40.0,1.0,27.02061855670103,0.20201977260067444,27.0,29.0,-2.0,1080.5257731958764,5.151504201317202,1080.0,1131.0,-51.0,0.9986023206751055,0.013622892939738278,0.8658227848101265,39.96875,27.0625,1081.59375,40.0,27.0,1080.0,40.0,27.0,1080.0,pg7_10,7
0.8048316672045646,0.7071067811865476,5.220153254455275,0.7810624094556855,5.011677298282407,8.1269650452059,26.0,23.0,216.5,167.0,79.5360824742268,47.566353406642065,39.0,201.0,162.0,47.5360824742268,18.70391207531283,29.0,81.0,47.0,4645.474226804124,4408.517414701624,1160.0,16281.0,14955.0,0.9598157806358194,0.047650661914485325,0.6559633027522935,40.28125,32.09375,1290.65625,57.75,37.875,2320.75,138.72727272727272,71.87878787878788,10152.90909090909,pg7_10,8
1.049949028213117,0.7071067811865476,4.031128874149275,0.9624203195525667,14.167673697533672,8.330180790303999,48.0,33.5,170.5,200.0,67.61855670103093,38.2035900776891,34.0,147.0,108.0,70.08247422680412,32.24860585273745,36.0,158.0,119.0,5919.453608247422,5777.835627335517,1224.0,23226.0,21705.0,0.9595143959800777,0.038678477070784686,0.7458064516129033,36.5625,39.03125,1427.4375,48.5625,62.09375,3243.40625,116.21212121212122,107.93939393939394,12870.30303030303,pg7_10,9
0.11830612834436909,0.0,1.118033988749895,0.26331918526666265,0.9100237728129449,0.6196296536170778,4.0,2.5,351.5,445.0,34.41237113402062,1.3451139323958838,31.0,36.0,4.0,28.536082474226806,0.850249880433619,26.0,30.0,2.0,981.979381443299,48.05837931409881,837.0,1080.0,182.0,0.9907645275773138,0.0233019296040456,0.8491834774255523,32.9375,28.875,951.5,35.0,28.0,980.0,35.27272727272727,28.727272727272727,1013.4545454545455,pg7_11,0
0.30843657736559643,0.0,2.8284271247461903,0.4880575899177573,2.2695285657430655,1.843992466236865,10.5,8.5,403.5,387.0,33.175257731958766,2.5118700031959618,29.0,39.0,9.0,41.24742268041237,2.8430814118003678,32.0,45.0,9.0,1372.5360824742268,173.70237977440658,928.0,1710.0,630.0,0.9812732777686839,0.03229407582092726,0.8228571428571428,30.96875,37.90625,1174.84375,32.28125,42.59375,1375.03125,36.18181818181818,43.18181818181818,1561.8181818181818,pg7_11,1
0.078125,0.0,1.0,0.20826821899096046,0.27911312104496666,0.7176250079500334,1.0,3.0,350.5,312.0,33.2680412371134,0.7109665834872851,31.0,34.0,-1.0,36.144329896907216,1.1486405296809625,34.0,40.0,4.0,1202.659793814433,50.261355407312365,1054.0,1320.0,96.0,0.9950812441208065,0.01508172500346788,0.8872053872053872,34.0,36.03125,1225.0625,32.9375,35.6875,1175.9375,32.878787878787875,36.696969696969695,1206.8484848484848,pg7_11,2
0.7269473949566049,0.5,6.670832032063167,0.8494395122466377,6.209742276384916,5.401201041039523,24.0,19.0,451.0,264.0,48.75257731958763,19.259503439571514,35.0,102.0,63.0,38.51546391752577,4.608627950801002,33.0,54.0,21.0,1949.0721649484535,1066.9037700683386,1190.0,5508.0,4221.0,0.9589878922068064,0.048666143321583734,0.6550951847704367,37.875,34.59375,1309.46875,36.1875,38.5625,1396.9375,71.48484848484848,42.27272727272727,3104.6969696969695,pg7_11,3
1.1275913331987442,0.5,6.103277807866851,1.2826552350346312,13.08492742631535,15.725563143095997,53.5,61.0,266.0,432.0,53.18556701030928,26.60762230799071,37.0,145.0,108.0,66.08247422680412,42.828276164690855,34.0,174.0,138.0,4591.01030927835,5770.425461801148,1292.0,25230.0,23898.0,0.9596034961458587,0.04947110160979218,0.6927985414767548,37.40625,35.75,1336.90625,41.59375,41.65625,1728.34375,79.72727272727273,119.18181818181819,10522.424242424242,pg7_11,4
0.9239356835289799,1.0,5.5901699437494745,0.9426188798776717,7.711123129421592,17.036956634933162,26.5,58.0,162.5,429.0,53.71134020618557,20.255562434651218,37.0,96.0,51.0,67.24742268041237,38.69149215941887,34.0,158.0,124.0,4375.268041237114,4106.020546986779,1258.0,13904.0,12646.0,0.9648062132630959,0.04380463231862196,0.6874298540965208,37.3125,34.625,1292.15625,43.4375,50.46875,2263.53125,79.57575757575758,115.15151515151516,9412.69696969697,pg7_11,5
0.42015993969563264,0.5,2.8284271247461903,0.5453658940640638,3.532707054175257,3.3871196384556645,14.0,10.0,273.5,295.0,60.74226804123711,22.351585358803195,39.0,107.0,68.0,56.95876288659794,30.3052911326471,30.0,128.0,98.0,4128.742268041237,3689.9054307954034,1170.0,13696.0,12526.0,0.9677177771489057,0.03335312063783318,0.7944785276073619,39.90625,31.6875,1266.8125,51.875,42.90625,2267.53125,89.54545454545455,95.0909090909091,8708.757575757576,pg7_11,6
0.5537109543812512,0.5,3.640054944640259,0.6540483002028245,4.3574174497925755,6.333220525068732,13.0,23.0,183.0,249.5,44.58762886597938,3.8442689364915634,38.0,50.0,12.0,55.81443298969072,25.167615378771128,29.0,97.0,68.0,2577.3092783505153,1334.2214793254132,1102.0,4850.0,3748.0,0.9734203629138242,0.040009811853910095,0.7821229050279329,39.75,29.625,1178.15625,45.46875,50.28125,2301.25,48.42424242424242,86.57575757575758,4201.757575757576,pg7_11,7
1.0871434028151852,0.7071067811865476,3.905124837953327,1.0779003765262447,13.670814461128822,20.7042933930608,40.0,55.0,377.5,172.5,65.42268041237114,29.707104586588073,42.0,133.0,87.0,96.05154639175258,65.39970224939638,34.0,206.0,171.0,8032.237113402062,8688.535222038407,1512.0,27398.0,25788.0,0.9665607557452343,0.03786774795909504,0.770375883885374,45.28125,35.59375,1610.71875,50.90625,69.625,3659.71875,99.03030303030303,180.3030303030303,18499.18181818182,pg7_11,8
0.3792783892130032,0.0,2.692582403567252,0.5248035221007219,2.075828939984036,1.1736967387000423,9.0,7.0,266.0,169.5,37.63917525773196,2.420639631795011,34.0,44.0,6.0,41.371134020618555,3.0538790192986855,35.0,52.0,13.0,1561.6907216494844,203.8677234797083,1225.0,2288.0,806.0,0.9764870948129912,0.03412915546306575,0.835633626097867,36.875,38.5625,1421.3125,35.84375,41.71875,1495.3125,40.121212121212125,43.75757575757576,1762.1818181818182,pg7_11,9
0.4982616252878582,0.5,4.0,0.6666660979072172,6.734302807832289,2.1648134469441347,20.0,8.0,269.0,179.5,38.88659793814433,5.8992858010150355,33.0,56.0,22.0,42.371134020618555,4.823310211297798,35.0,55.0,20.0,1673.6288659793815,456.2611912388262,1190.0,3080.0,1890.0,0.970541057769099,0.03866271001168078,0.7894736842105263,34.125,37.4375,1277.8125,36.21875,42.125,1527.21875,46.09090909090909,47.39393939393939,2199.4242424242425,pg7_12,0
0.0429490169335173,0.0,4.123105625617661,0.4186152353627111,0.40403954520134894,0.10100988630033723,4.0,1.0,393.5,207.0,39.0,0.0,39.0,39.0,0.0,38.0,0.0,38.0,38.0,0.0,1482.0,0.0,1482.0,1482.0,0.0,0.9976657679249051,0.022751279989006345,0.7759137207908927,39.0,38.0,1482.0,39.0,38.0,1482.0,39.0,38.0,1482.0,pg7_12,1
0.04856539229342063,0.0,3.1622776601683795,0.3539005076826718,0.21538744758532144,0.10100988630033723,3.0,1.0,267.0,254.5,36.97938144329897,0.14210359538237347,36.0,37.0,1.0,36.91752577319588,0.5684143815294939,33.0,37.0,4.0,1365.2680412371135,25.720750764209587,1188.0,1369.0,181.0,0.996081490727532,0.026918906768213693,0.8,36.9375,36.75,1357.6875,37.0,37.0,1369.0,37.0,37.0,1369.0,pg7_12,2
0.23276281978858984,0.0,3.0413812651491097,0.4305865802105283,0.9682767079643664,1.2872156856914316,4.5,4.5,179.5,275.5,40.18556701030928,2.037432672505807,39.0,48.0,8.0,34.5360824742268,1.7114644098513099,31.0,41.0,8.0,1390.298969072165,135.619401110977,1209.0,1968.0,640.0,0.9854860754468361,0.025934620063625225,0.8336842105263158,39.28125,33.84375,1329.75,39.8125,35.1875,1400.8125,41.42424242424242,34.57575757575758,1438.8181818181818,pg7_12,3
0.1841747612511042,0.0,5.852349955359813,0.661387801508892,0.8570353039223061,1.1400029646828111,5.5,3.0,182.0,356.5,40.0,0.9305801316615883,38.0,41.0,1.0,31.288659793814432,2.288288258131171,29.0,35.0,6.0,1250.7113402061855,84.79605110953491,1131.0,1400.0,269.0,0.9891719035368199,0.0385452246150954,0.6708949964763918,40.6875,29.34375,1193.6875,39.5625,30.1875,1193.34375,39.75757575757576,34.24242424242424,1361.6363636363637,pg7_12,4
0.7608337572877554,0.5,2.5495097567963922,0.6202206546367699,8.472919230898885,7.6026402101892305,27.5,24.0,385.5,314.5,55.06185567010309,22.753186899471064,37.0,115.0,77.0,40.855670103092784,13.522024562257755,29.0,71.0,35.0,2545.907216494845,2010.0879658777324,1102.0,7526.0,6335.0,0.9553823540074706,0.0340595179616,0.8533772652388797,37.5,30.4375,1141.34375,44.78125,34.4375,1565.4375,82.06060606060606,57.18181818181818,4858.666666666667,pg7_12,5
0.8549675254152671,0.8535533905932737,3.5355339059327378,0.740051595376044,3.356544931652446,7.519503814276829,17.0,34.5,441.5,316.0,60.83505154639175,18.181037143003728,43.0,109.0,63.0,72.89690721649484,49.71184690185483,27.0,193.0,160.0,5327.494845360825,5187.966636070797,1161.0,21037.0,19519.0,0.9640299346533245,0.03345385038825587,0.8339350180505415,44.625,30.46875,1360.65625,54.375,52.3125,2993.03125,82.81818181818181,134.0,11437.848484848484,pg7_12,6
1.2679818129964424,0.5,38.56488039654732,3.9560124648325186,10.253625557376745,10.647984944468,42.5,30.5,327.0,396.5,61.34020618556701,41.20401506758105,36.0,186.0,149.0,68.8659793814433,40.681977282172554,32.0,154.0,122.0,5549.144329896907,7032.92643257222,1152.0,28644.0,27460.0,0.9609052197078057,0.06516453157648336,0.42739545604214685,37.75,33.65625,1273.90625,44.0,50.78125,2262.90625,101.03030303030303,120.54545454545455,12881.484848484848,pg7_12,7
0.7576094665372488,0.7071067811865476,2.5495097567963922,0.6684767980614426,6.10705325662238,4.707983419197482,26.0,22.5,389.0,407.5,62.329896907216494,36.99170195316017,34.0,158.0,121.0,55.402061855670105,25.257298544566673,33.0,128.0,95.0,4371.18556701031,4849.54980869443,1221.0,20224.0,19003.0,0.9580953520528048,0.03562750853228521,0.8590455049944506,35.15625,35.75,1256.4375,42.15625,45.375,1964.1875,108.24242424242425,84.18181818181819,9725.60606060606,pg7_12,8
0.4467466885282331,0.5,4.123105625617661,0.6110106897229578,3.011968191401329,5.381843213011089,14.0,20.5,292.0,464.0,36.21649484536083,6.910662319435988,31.0,54.0,23.0,45.79381443298969,12.957454682222645,34.0,81.0,47.0,1746.2886597938145,888.9622463515591,1054.0,4374.0,3320.0,0.974459552412625,0.038128235070524534,0.7321281840591619,31.0,35.34375,1095.65625,32.53125,40.59375,1325.78125,44.84848484848485,60.96969696969697,2784.969696969697,pg7_12,9
0.2034125582543983,0.0,2.692582403567252,0.479016350950293,2.4821287049333645,1.0305411645990932,7.0,5.5,329.5,295.5,36.597938144329895,2.409858591113505,33.0,41.0,8.0,38.09278350515464,0.8259012475204014,36.0,40.0,0.0,1393.9278350515465,94.19132179504949,1254.0,1599.0,312.0,0.9878046677758568,0.030719509360428547,0.8238482384823849,33.6875,38.125,1284.25,36.84375,37.90625,1395.71875,39.18181818181818,38.24242424242424,1498.5454545454545,pg7_2,0
0.09895833333333333,0.0,3.5,0.3860847250676404,1.2556811063794304,0.8719723898470308,3.0,6.5,360.5,429.0,32.96907216494845,0.1731222229252234,32.0,33.0,0.0,33.34020618556701,0.4737783626010745,33.0,34.0,-1.0,1099.1958762886597,16.666306015157677,1056.0,1122.0,-33.0,0.9942971045912223,0.021254973206741853,0.8108108108108109,32.96875,33.90625,1117.84375,32.9375,33.125,1091.0625,33.0,33.0,1089.0,pg7_2,1
0.056095466740984416,0.0,5.385164807134504,0.5467509780004463,0.20201977260067447,0.505049431501686,2.0,5.0,346.5,480.0,30.97938144329897,0.20201977260067444,29.0,31.0,2.0,32.02061855670103,0.20201977260067444,32.0,34.0,-2.0,991.9381443298969,0.6060593178020237,986.0,992.0,6.0,0.9964230876605248,0.03486342896227383,0.6566164154103853,30.9375,32.0625,991.8125,31.0,32.0,992.0,31.0,32.0,992.0,pg7_2,2
0.3201531950496544,0.0,3.0,0.4349351657042284,1.886175379414335,6.633141427975778,5.5,16.5,449.0,337.5,50.03092783505155,17.04599817488836,36.0,87.0,51.0,38.04123711340206,4.5383077952920035,34.0,49.0,15.0,1979.701030927835,942.7544001865502,1224.0,4263.0,3039.0,0.9801028113579947,0.02667082121228009,0.8378378378378378,36.0,34.0,1224.0,41.9375,36.25,1526.625,71.48484848484848,43.696969696969695,3151.848484848485,pg7_2,3
0.5332914175727806,0.5,4.031128874149275,0.5813743176960499,2.921975769163512,7.599871762235415,10.0,27.5,198.5,375.0,44.608247422680414,12.632437954767482,32.0,73.0,40.0,58.371134020618555,23.30183815926536,39.0,110.0,71.0,2895.546391752577,2027.5504596444712,1248.0,8030.0,6743.0,0.9755783848334163,0.028840132680681516,0.7915194346289752,32.84375,39.0,1280.90625,40.3125,47.5,1946.6875,60.18181818181818,87.6969696969697,5381.363636363636,pg7_2,4
1.1122789161842381,0.5,7.5,1.274682226783869,23.10226471417919,4.49351512520716,82.5,22.0,267.5,313.0,91.26804123711341,64.65076927870385,42.0,255.0,213.0,49.91752577319588,17.1582507597929,37.0,106.0,68.0,5628.5360824742265,6292.729453953731,1596.0,27030.0,25434.0,0.9630035347165996,0.045702017164129104,0.6620013995801259,43.8125,37.625,1647.3125,55.8125,42.71875,2448.25,171.66666666666666,68.81818181818181,12573.030303030304,pg7_2,5
1.2603043971510048,1.0590169943749475,3.1622776601683795,1.1693425474122239,8.455823823317335,29.278127267916112,30.5,99.5,199.5,306.5,56.44329896907217,15.85889393847675,41.0,96.0,55.0,89.28865979381443,71.92349296628946,33.0,265.0,232.0,6171.474226804124,6722.561507223858,1353.0,25440.0,24087.0,0.9625362177460803,0.03732943078687097,0.796812749003984,43.03125,33.65625,1450.4375,49.75,52.09375,2642.59375,75.93939393939394,179.3030303030303,14171.39393939394,pg7_2,6
0.9190369757894244,0.7071067811865476,3.1622776601683795,0.7614789582112534,22.16107973909362,3.3631877721363184,58.0,14.0,334.5,177.0,90.62886597938144,58.157681072977475,37.0,199.0,162.0,46.44329896907217,16.073265933735957,33.0,94.0,61.0,5046.18556701031,4983.035998202232,1221.0,18706.0,17485.0,0.9641974911189362,0.030786156982262797,0.7929515418502202,38.1875,34.71875,1327.15625,66.3125,40.28125,2719.46875,165.06060606060606,63.78787878787879,10908.727272727272,pg7_2,7
0.6911396332283379,0.5,5.024937810560445,0.9417586424951628,5.1082032101449935,9.000625856535283,22.5,42.0,388.5,229.0,47.577319587628864,14.798881994235478,37.0,95.0,58.0,59.1958762886598,23.532666120683864,38.0,128.0,90.0,3150.1546391752577,2579.1969913941475,1406.0,12160.0,10754.0,0.9719544361098018,0.03817920643838969,0.7495395948434622,38.5,39.96875,1540.8125,41.65625,50.03125,2087.46875,62.121212121212125,86.72727272727273,5741.212121212121,pg7_2,8
1.1084399154312243,1.118033988749895,3.605551275463989,0.9370868621489439,11.380409055802607,14.70162373553549,38.5,44.5,467.0,186.0,56.8041237113402,22.170677753897596,42.0,129.0,87.0,82.47422680412372,47.86947304017913,34.0,165.0,128.0,5622.6082474226805,5421.460300018275,1428.0,21027.0,19557.0,0.9562592962002704,0.046031891042503624,0.7710843373493976,42.0,34.90625,1466.0625,46.75,68.09375,3264.84375,80.9090909090909,142.54545454545453,11939.515151515152,pg7_2,9
0.03682847818679935,0.0,3.5355339059327378,0.3589596029190162,0.05050494315016862,0.35353460205118037,0.5,3.5,294.0,403.0,32.01030927835052,0.10100988630033723,32.0,33.0,-1.0,32.98969072164948,0.10100988630033723,32.0,33.0,1.0,1056.0,0.0,1056.0,1056.0,0.0,0.9977477477477477,0.02195223951533551,0.7837837837837838,32.03125,32.96875,1056.0,32.0,33.0,1056.0,32.0,33.0,1056.0,pg7_3,0
0.09648339088496218,0.0,5.656854249492381,0.6778207397854831,0.7592557789493596,1.0527585493789477,4.0,4.0,380.0,445.5,28.24742268041237,0.6585038937184047,28.0,30.0,2.0,33.0,0.0,33.0,33.0,0.0,932.1649484536083,21.730628492707353,924.0,990.0,66.0,0.9931027324879227,0.0482004379228974,0.6041666666666666,28.0,33.0,924.0,28.0,33.0,924.0,28.727272727272727,33.0,948.0,pg7_3,1
0.23694816867960264,0.0,1.118033988749895,0.36243008340834865,1.374231057757858,2.98212694105582,5.5,13.5,261.0,488.0,35.103092783505154,3.3720639342927994,32.0,46.0,13.0,42.175257731958766,10.717564646125702,33.0,76.0,43.0,1515.360824742268,581.8269871717723,1089.0,3496.0,2407.0,0.9851385966072764,0.02149671223929284,0.9209302325581395,33.90625,35.25,1195.40625,33.125,37.375,1237.84375,38.18181818181818,53.54545454545455,2094.7272727272725,pg7_3,2
0.5471365990149527,0.5,4.0,0.6333738038091599,3.502310853673829,3.9054752260663226,16.5,19.0,452.5,446.5,51.30927835051546,21.20317075332569,33.0,102.0,65.0,51.55670103092783,23.318047111101862,33.0,111.0,78.0,3136.773195876289,2890.687281403709,1089.0,11322.0,10101.0,0.9680393411334259,0.03647442076141547,0.7837837837837838,35.03125,35.125,1231.625,40.40625,38.71875,1571.3125,77.66666666666667,79.93939393939394,6502.212121212121,pg7_3,3
0.48289559261266407,0.5,4.716990566028302,0.6603655654019198,2.9994331132659937,7.882021446906168,9.0,32.0,183.5,392.5,37.75257731958763,5.458429455467052,31.0,49.0,18.0,45.23711340206186,18.75934032420946,31.0,103.0,69.0,1805.5360824742268,1074.3124107607387,1023.0,5047.0,3993.0,0.976745264824307,0.03611189877374081,0.6839622641509434,33.84375,33.125,1120.46875,34.46875,35.25,1219.28125,44.72727272727273,66.66666666666667,3038.3333333333335,pg7_3,4
0.5000050307243041,0.5,3.1622776601683795,0.6434729747630337,4.5959151390734885,5.198386523392974,19.5,15.0,440.5,370.5,52.70103092783505,19.509535045717374,36.0,102.0,66.0,41.29896907216495,5.763670344876109,37.0,62.0,21.0,2277.020618556701,1262.2116082118607,1332.0,6324.0,4848.0,0.9728847048173291,0.03646235925401041,0.8252148997134671,38.09375,38.25,1460.25,43.375,39.25,1701.1875,75.9090909090909,46.24242424242424,3627.4242424242425,pg7_3,5
0.40218270911481974,0.0,4.272001872658765,0.6289202931657802,4.11276898727526,2.8324730542290006,18.0,11.0,245.5,270.5,45.25773195876289,6.712472389339001,40.0,69.0,26.0,42.48453608247423,13.759430432096686,32.0,71.0,38.0,2005.7525773195875,1012.6826782478578,1320.0,4899.0,3480.0,0.9767307465746011,0.03726403367779961,0.7357673267326733,40.59375,33.0,1339.59375,43.21875,34.6875,1499.59375,51.75757575757576,59.24242424242424,3142.5454545454545,pg7_3,6
0.7986286150039829,0.5,5.385164807134504,0.9299443542295887,5.4326375597460785,12.929172968799543,18.5,53.5,355.5,301.5,47.44329896907217,16.917610584231145,34.0,79.0,44.0,69.36082474226804,34.97014501855503,44.0,166.0,121.0,3861.6082474226805,3460.9131938246746,1530.0,12948.0,11418.0,0.9692037318975563,0.03644718298148182,0.7191011235955056,34.5,44.875,1548.125,38.28125,51.03125,1980.375,68.87878787878788,110.87878787878788,7929.212121212121,pg7_3,7
0.8873795182478915,0.6035533905932737,7.433034373659253,1.0589673069839345,7.634485252850454,10.819534829908058,31.5,46.5,479.0,266.5,53.70103092783505,17.172361484000614,35.0,96.0,61.0,57.11340206185567,36.17109294332471,31.0,160.0,126.0,3673.9278350515465,3715.4252666845546,1190.0,15360.0,14170.0,0.9633857133073293,0.04971313102975174,0.5667299177735611,39.09375,32.9375,1287.21875,46.625,38.15625,1803.125,74.72727272727273,98.93939393939394,7802.424242424242,pg7_3,8
0.3943086032400007,0.5,3.0,0.4486552782975511,3.204826177822493,2.5088429003188257,14.0,10.0,309.0,155.0,56.29896907216495,16.546195843012743,42.0,100.0,58.0,64.5979381443299,33.93950342382705,35.0,132.0,97.0,4183.546391752578,3494.7207165985474,1470.0,13200.0,11730.0,0.9756549418080271,0.025008755018717303,0.8421052631578947,42.8125,35.21875,1508.1875,49.28125,48.71875,2436.53125,76.18181818181819,108.48484848484848,8471.90909090909,pg7_3,9
0.09290514789740957,0.0,3.1622776601683795,0.4320661216690803,1.673789999389889,0.5916843238054327,4.5,3.0,290.0,226.5,42.75257731958763,7.401631093344211,36.0,53.0,17.0,36.134020618556704,5.286880993435556,29.0,43.0,14.0,1582.5979381443299,509.1412754297811,1044.0,2279.0,1235.0,0.9894594764479502,0.054010613387896284,0.5669153137340939,36.9375,31.1875,1155.03125,38.0,34.0,1292.0,53.0,43.0,2279.0,pg7_4,0
0.07007504727739632,0.0,4.924428900898052,0.5306108000054316,0.6007753519312768,0.6491162431489286,4.5,2.0,473.0,297.5,32.4639175257732,0.8380371724907866,32.0,34.0,1.0,38.134020618556704,2.0938243310917426,37.0,42.0,5.0,1239.721649484536,102.04029346323297,1184.0,1428.0,207.0,0.9949671974052778,0.03598084487824687,0.6877192982456141,32.03125,37.0,1185.15625,32.0,37.0,1184.0,33.333333333333336,40.333333333333336,1346.6666666666667,pg7_4,1
1.1495648451755929,1.0,7.5,1.105789989134351,21.994216575251333,12.53781187203017,69.0,37.0,440.0,189.0,73.85567010309278,50.485271852645276,30.0,178.0,148.0,78.88659793814433,39.72323745090038,35.0,135.0,99.0,7620.876288659794,7726.457075086169,1080.0,24030.0,22950.0,0.9583015861755184,0.05500857189665354,0.543859649122807,32.96875,36.59375,1208.9375,47.28125,72.0625,3658.09375,139.27272727272728,126.51515151515152,17681.21212121212,pg7_4,2
0.744204180603489,0.0,7.762087348130012,1.0901135892980556,7.7381418576475065,4.486313192146704,38.0,21.5,203.0,262.5,55.381443298969074,32.42292789966679,35.0,132.0,94.0,51.81443298969072,13.012547391919576,38.0,99.0,61.0,3251.680412371134,2985.4735608274664,1444.0,13068.0,11624.0,0.9677385639529107,0.04872790748669963,0.6483314998166483,35.40625,42.46875,1503.6875,35.125,47.4375,1665.9375,94.39393939393939,65.12121212121212,6484.393939393939,pg7_4,3
1.1747561321217097,0.7071067811865476,3.5355339059327378,1.1935809692025252,18.040655366172942,4.870356671733065,74.0,20.0,433.5,292.5,71.52577319587628,46.546749093855006,43.0,209.0,166.0,53.98969072164948,21.022567572183643,37.0,97.0,53.0,4775.103092783505,5208.111127380547,1628.0,20273.0,18381.0,0.9623100876256997,0.03841227602304447,0.8176638176638177,43.96875,39.6875,1744.875,47.25,40.65625,1930.8125,121.78787878787878,80.78787878787878,10471.60606060606,pg7_4,4
1.0514224613666106,1.118033988749895,6.726812023536855,0.9648674214974364,21.93020382806513,3.8159581793361896,71.0,20.5,209.0,339.5,83.22680412371135,57.5289268617871,38.0,212.0,171.0,49.07216494845361,11.140385733091577,37.0,84.0,45.0,4678.309278350515,4325.616693679129,1482.0,17808.0,16209.0,0.9634091315321344,0.04313994492130878,0.6292966684294025,39.1875,38.125,1493.65625,52.875,47.25,2568.75,155.36363636363637,61.45454545454545,9812.09090909091,pg7_4,5
0.3492316530296595,0.0,5.0,0.6020068542152751,2.6834637667061942,2.076110517649877,8.0,11.5,165.5,483.0,41.45360824742268,6.928233910953096,35.0,53.0,18.0,44.23711340206186,16.839921392105566,32.0,90.0,58.0,1941.7525773195875,1089.2123800641957,1120.0,4770.0,3650.0,0.979425449005754,0.0382193696527521,0.6666666666666666,35.375,32.28125,1142.125,38.1875,35.25,1353.3125,50.515151515151516,64.54545454545455,3287.757575757576,pg7_4,6
0.5396771747520468,0.5,5.220153254455275,0.8662650943667968,2.4788616382903763,5.715795277581565,8.5,14.0,326.0,361.0,62.31958762886598,21.409866880248227,40.0,104.0,60.0,47.94845360824742,15.277752259528162,34.0,79.0,40.0,3310.4845360824743,2167.320261461201,1360.0,8216.0,6500.0,0.9697636241272268,0.05222027871158714,0.6593406593406593,41.0,34.1875,1402.3125,56.1875,42.09375,2426.59375,88.93939393939394,66.96969696969697,6017.939393939394,pg7_4,7
0.5637470314219583,0.0,8.5,1.2499590464876291,4.442515538367949,2.643963118390715,20.5,9.5,423.0,405.5,39.845360824742265,11.266536717735116,32.0,81.0,46.0,45.04123711340206,4.161476556385274,41.0,55.0,12.0,1832.9175257731958,719.7570992062501,1312.0,4455.0,2950.0,0.9699250063298029,0.06115297662626882,0.6252072968490879,35.0,41.0625,1437.1875,33.78125,43.9375,1485.4375,50.42424242424242,49.96969696969697,2553.6060606060605,pg7_4,8
0.5645136554777127,0.5,5.830951894845301,0.7441237572558235,3.9139633829885905,3.5261650472549513,15.5,12.5,309.0,467.5,51.91752577319588,16.19002499510483,38.0,96.0,54.0,47.103092783505154,14.980044826769035,32.0,69.0,35.0,2647.7938144329896,1648.4943829699232,1292.0,6624.0,5196.0,0.9730925017367786,0.04155182860497828,0.6636085626911316,38.375,33.90625,1300.8125,47.9375,40.6875,1979.5,68.9090909090909,66.12121212121212,4602.0,pg7_4,9
0.3955269385725671,0.5,2.8284271247461903,0.4236696128629156,1.5574006757106558,2.0912848221753397,8.0,8.0,331.5,483.0,41.824742268041234,3.9897040411083244,36.0,50.0,7.0,53.08247422680412,13.879949272830434,34.0,76.0,42.0,2271.5154639175257,803.2624215050174,1326.0,3648.0,2170.0,0.9776695348143308,0.02896514120445955,0.8065395095367848,38.125,37.78125,1439.0625,40.46875,51.1875,2077.5625,46.72727272727273,69.75757575757575,3266.818181818182,pg7_5,0
0.17384481042307678,0.0,2.1213203435596424,0.3899610859504204,1.7087609429169022,1.0476225558136207,5.5,3.0,221.5,414.5,36.422680412371136,1.2338444783816231,33.0,38.0,4.0,44.94845360824742,4.704398323702405,37.0,53.0,16.0,1638.2474226804125,187.58129679082762,1221.0,1961.0,740.0,0.9897086313909397,0.025658521253023845,0.8479657387580299,35.59375,40.1875,1431.9375,37.28125,43.78125,1630.5,36.39393939393939,50.696969696969695,1845.8181818181818,pg7_5,1
0.06834950846675865,0.0,2.0615528128088303,0.2510710617050197,0.5978048198321239,0.44233892686443166,2.0,2.5,326.0,362.5,37.2680412371134,1.446755801375949,35.0,40.0,5.0,37.402061855670105,0.5860895011773977,36.0,38.0,1.0,1393.4020618556701,44.46512818619475,1260.0,1480.0,220.0,0.9956828518119561,0.016492345115561993,0.8711566617862372,35.96875,37.5625,1351.125,36.8125,37.65625,1385.6875,38.96969696969697,37.0,1441.878787878788,pg7_5,2
0.24984692425758195,0.0,2.23606797749979,0.3751020053785718,1.227323809186659,2.0173416517241347,4.0,6.5,417.5,392.0,38.876288659793815,4.089861066777392,32.0,47.0,14.0,35.41237113402062,4.832775935598798,30.0,50.0,20.0,1393.8453608247423,336.97218644458025,990.0,2350.0,1360.0,0.9835337758566548,0.0265007213896585,0.8300536672629696,34.59375,32.34375,1121.0625,38.53125,32.34375,1247.0625,43.36363636363637,41.36363636363637,1800.6969696969697,pg7_5,3
0.3074400267765814,0.0,1.4142135623730951,0.3561387322410771,1.913669773308701,2.26869718724424,8.0,8.5,211.5,337.0,40.77319587628866,3.291680091930542,37.0,49.0,12.0,44.144329896907216,6.748790942838362,37.0,68.0,31.0,1821.1030927835052,450.0058300776077,1369.0,3332.0,1963.0,0.9815572531114096,0.023263377994725925,0.8821014050091631,38.34375,39.6875,1523.0,39.21875,41.8125,1640.34375,44.63636363636363,50.72727272727273,2285.4545454545455,pg7_5,4
0.6177735998968293,0.0,2.5495097567963922,0.7542390951176196,12.875149553833728,4.134656865454169,39.0,15.5,539.0,323.0,54.93814432989691,26.738834044158033,37.0,118.0,76.0,42.4639175257732,18.008624426234135,29.0,79.0,49.0,2805.2680412371133,2695.2081782359937,1110.0,9322.0,7964.0,0.9691717862560404,0.0422907375344355,0.8131868131868132,37.09375,30.0,1112.8125,40.3125,31.0625,1256.0,86.42424242424242,65.60606060606061,5948.757575757576,pg7_5,5
0.9094859375612693,1.0,2.23606797749979,0.7523725779459043,22.628139151843293,2.198730055980293,69.0,8.5,503.5,263.5,82.73195876288659,52.42796048382146,37.0,187.0,149.0,50.49484536082474,8.036160173671966,41.0,64.0,20.0,4585.40206185567,3591.2225028742496,1554.0,11904.0,10147.0,0.9734402593679526,0.024274688364212975,0.8841099163679809,37.75,42.15625,1591.34375,59.65625,48.6875,2940.09375,148.72727272727272,60.333333333333336,9084.181818181818,pg7_5,6
0.4607189501319862,0.5,3.5355339059327378,0.5436456097397278,2.275059432032362,5.046941936879308,10.5,21.0,276.5,241.0,50.97938144329897,18.012584021248653,37.0,90.0,53.0,47.175257731958766,10.104618020783633,38.0,70.0,32.0,2585.257731958763,1526.9797578870905,1406.0,6300.0,4894.0,0.9748426710273169,0.033691126404865476,0.773955773955774,37.4375,38.75,1450.65625,40.4375,42.5,1733.90625,74.33333333333333,59.878787878787875,4511.030303030303,pg7_5,7
1.112407352067,1.118033988749895,5.0990195135927845,0.9225462317596622,11.536863244355946,17.014451229557814,45.0,60.5,359.0,192.5,66.02061855670104,24.7873343869231,42.0,136.0,94.0,82.30927835051547,51.33021473596274,31.0,189.0,158.0,6678.494845360825,6501.775765561555,1302.0,25704.0,24402.0,0.9576360898953563,0.04232982840297887,0.750465549348231,44.125,32.1875,1422.0,57.84375,68.0625,4103.09375,95.18181818181819,144.72727272727272,14273.060606060606,pg7_5,8
0.6026758628688772,0.5,2.0615528128088303,0.6585262366187504,7.360398786370136,2.2197291195607045,31.5,10.0,430.0,114.0,53.381443298969074,16.55695779801155,42.0,111.0,69.0,45.618556701030926,17.004210090547755,30.0,75.0,45.0,2674.896907216495,1901.1042232666764,1260.0,8325.0,7065.0,0.9760112949627532,0.0257292861885454,0.8662873399715505,42.75,30.96875,1324.59375,46.46875,37.53125,1752.09375,70.39393939393939,67.66666666666667,4879.121212121212,pg7_5,9
0.3848167917444834,0.0,5.408326913195984,0.8293693608950616,3.737827873401982,4.081875411669854,13.0,13.5,306.5,373.0,48.48453608247423,17.246612338540995,32.0,98.0,66.0,44.47422680412371,4.61081825934669,38.0,55.0,15.0,2220.1546391752577,1037.4958784189025,1280.0,5390.0,4110.0,0.9748019623071841,0.05102927696984094,0.7080745341614907,36.0,39.03125,1408.65625,41.96875,45.875,1925.3125,66.9090909090909,48.39393939393939,3292.969696969697,pg7_6,0
1.067639611039126,1.118033988749895,2.8284271247461903,0.8201497795770134,23.052216070164768,9.355174506199747,70.5,36.5,337.5,461.0,85.44329896907216,50.88008321010608,38.0,189.0,151.0,60.29896907216495,35.431992343239955,33.0,148.0,111.0,6899.680412371134,7864.933910296237,1287.0,27528.0,26113.0,0.9605156120741848,0.030617496114640666,0.8408279800142755,39.21875,33.84375,1327.28125,65.59375,42.84375,2976.8125,149.5151515151515,102.87878787878788,16107.212121212122,pg7_6,1
0.5148343978891411,0.0,2.0615528128088303,0.6064305753753892,6.089573002410313,6.097055735232996,28.0,17.0,417.0,378.5,60.422680412371136,21.363730248600714,44.0,124.0,80.0,42.07216494845361,3.990316688154097,37.0,56.0,19.0,2619.0,1255.6005258092125,1628.0,6944.0,5316.0,0.9761795051261486,0.031972325122208274,0.8244575936883629,45.71875,38.40625,1758.125,50.40625,42.15625,2125.6875,84.39393939393939,45.54545454545455,3932.151515151515,pg7_6,2
0.8047613497758878,1.0,1.8027756377319946,0.6001430412050875,12.664743902782782,9.833962744200882,39.5,36.0,201.0,345.5,72.05154639175258,33.97615025673842,37.0,143.0,105.0,60.28865979381443,28.819008175585537,32.0,123.0,90.0,5320.762886597938,4832.800161126619,1184.0,17589.0,16335.0,0.9658624518082707,0.028371881050454937,0.8839285714285714,38.625,33.28125,1286.15625,62.78125,50.9375,3356.125,113.45454545454545,95.54545454545455,11138.212121212122,pg7_6,3
1.3883566373526646,1.5811388300841898,5.024937810560445,1.0292934538728344,22.361873944575944,26.970646490825246,75.5,67.0,322.5,287.5,70.14432989690722,41.42313455180997,37.0,178.0,139.0,95.45360824742268,62.66553675897007,32.0,189.0,154.0,8988.556701030928,10055.576317224552,1221.0,33642.0,32277.0,0.9587964431462463,0.027346609145487845,0.8937784522003035,40.09375,34.34375,1380.65625,50.0625,74.0,3901.53125,118.75757575757575,175.5151515151515,21298.78787878788,pg7_6,4
0.07376186281337697,0.0,1.5811388300841898,0.22191594713832655,0.5035214499587923,0.6894895920497305,1.5,2.0,260.5,236.5,41.95876288659794,1.6678742923606207,38.0,44.0,5.0,37.649484536082475,2.6633876463848645,33.0,41.0,8.0,1583.639175257732,167.11741570000308,1254.0,1763.0,509.0,0.9955827922044745,0.016159813849445495,0.8601398601398601,39.96875,34.5625,1382.46875,42.875,37.8125,1622.6875,43.0,40.484848484848484,1740.8484848484848,pg7_6,5
0.7535278082984478,0.5,5.385164807134504,0.9113908832772785,11.156649398680601,4.594839693840777,51.5,15.0,339.5,159.5,61.96907216494845,39.2681643852965,36.0,173.0,137.0,51.81443298969072,13.473402509906814,41.0,89.0,48.0,3715.9484536082473,3678.96805166585,1476.0,15397.0,13921.0,0.9687412412478031,0.037393124465948314,0.7345360824742269,36.0,42.90625,1544.625,39.375,47.125,1855.875,109.06060606060606,65.0,7625.181818181818,pg7_6,6
0.38327875739724737,0.0,3.905124837953327,0.5627069048756099,2.235806544980761,1.6354753029221427,12.5,7.0,385.0,105.0,50.97938144329897,16.213764917910456,39.0,95.0,55.0,45.0,4.563413444784643,38.0,52.0,13.0,2354.278350515464,997.6024117881465,1520.0,4845.0,3325.0,0.9821360470616254,0.032548555442398874,0.7436708860759493,41.0,39.8125,1632.0,42.5,44.75,1904.15625,68.87878787878788,50.27272727272727,3491.151515151515,pg7_6,7
1.1782041579153366,1.5,2.8284271247461903,0.9518958953605934,29.617261284785698,5.126723377772489,93.0,24.0,426.5,247.5,109.35051546391753,74.9300761654977,42.0,267.0,225.0,47.896907216494846,18.215482559286755,34.0,105.0,70.0,6470.639175257732,7046.994754928591,1428.0,28035.0,26565.0,0.9648023496467006,0.029339227192092598,0.8578461538461538,43.34375,35.96875,1562.3125,77.8125,39.875,3124.1875,203.93939393939394,67.24242424242425,14475.272727272728,pg7_6,8
0.8503769115941252,1.0,2.0615528128088303,0.629802171236575,5.737157399262571,16.282779833922447,23.5,54.0,510.0,334.5,58.597938144329895,23.858111414880135,33.0,99.0,65.0,72.0618556701031,36.38505823186037,41.0,159.0,115.0,5039.40206185567,4344.230705887422,1353.0,15741.0,14245.0,0.9697374122275774,0.025025938566825345,0.8931245745405038,34.125,42.09375,1436.6875,53.1875,53.75,2960.25,87.57575757575758,118.87878787878788,10549.09090909091,pg7_6,9
0.02329237476562281,0.0,2.23606797749979,0.22702598664274348,0.20201977260067447,0.10100988630033723,2.0,1.0,263.0,420.5,36.0,0.0,36.0,36.0,0.0,30.97938144329897,0.20201977260067444,29.0,31.0,2.0,1115.2577319587629,7.2727118136242845,1044.0,1116.0,72.0,0.998331913685406,0.016258494257737833,0.8398637137989778,36.0,30.9375,1113.75,36.0,31.0,1116.0,36.0,31.0,1116.0,pg7_7,0
0.05577189548176755,0.0,3.3541019662496847,0.352836594390431,0.15151482945050593,0.5263792746894739,1.5,4.0,181.5,236.5,34.98969072164948,0.10100988630033723,34.0,35.0,1.0,32.54639175257732,1.035659245762834,29.0,33.0,4.0,1138.8247422680413,37.372742233437684,986.0,1155.0,169.0,0.9960782472898595,0.02596920907039642,0.7506561679790026,34.96875,31.625,1105.96875,35.0,33.0,1155.0,35.0,33.0,1155.0,pg7_7,1
0.04067838372868049,0.0,3.905124837953327,0.3964838404826721,0.30302965890101186,0.252524715750843,3.0,2.5,489.5,287.5,39.0,0.0,39.0,39.0,0.0,31.989690721649485,0.10100988630033722,31.0,32.0,1.0,1247.5979381443299,3.939385565713154,1209.0,1248.0,39.0,0.9972797239915074,0.026513970815894888,0.7388535031847133,39.0,31.96875,1246.78125,39.0,32.0,1248.0,39.0,32.0,1248.0,pg7_7,2
0.06855352948004365,0.0,2.5,0.3153840203030195,0.7095824689657837,0.5611221921927124,3.5,2.0,441.5,400.0,39.28865979381443,0.9411416941053364,38.0,41.0,3.0,31.8659793814433,1.1180696359865432,30.0,33.0,1.0,1251.7319587628865,46.90778746678665,1140.0,1312.0,131.0,0.9954630518815629,0.02265520832398471,0.8131868131868132,38.625,31.03125,1197.9375,38.8125,32.71875,1269.78125,40.39393939393939,31.848484848484848,1286.3939393939395,pg7_7,3
0.5577749620116679,0.5,2.9154759474226504,0.5116676249476306,8.280969145860038,3.61562574047207,32.5,15.0,385.0,381.5,53.23711340206186,19.564207375313046,36.0,108.0,69.0,35.02061855670103,6.818681708068232,30.0,57.0,27.0,1994.8762886597938,1267.5227910900132,1116.0,6156.0,4986.0,0.9725217930635196,0.02786776947724116,0.7985837922895358,39.78125,31.5,1253.84375,43.5625,31.375,1367.125,75.66666666666667,41.96969696969697,3322.181818181818,pg7_7,4
0.5101691422297362,0.5,2.692582403567252,0.4361745976669304,2.5127372411336855,6.496935517054512,8.0,20.5,193.0,349.0,50.68041237113402,9.03321065155191,39.0,64.0,24.0,57.422680412371136,23.208083843824493,37.0,113.0,75.0,3092.103092783505,1763.3763098075335,1480.0,7232.0,5712.0,0.9754999382265265,0.02463896640438434,0.8348623853211009,41.28125,39.21875,1620.5,48.6875,45.8125,2253.1875,61.72727272727273,86.33333333333333,5332.606060606061,pg7_7,5
0.19702305794138641,0.0,1.5,0.2979699335605721,0.8175264232131684,2.41014524147923,2.5,10.0,324.0,283.0,42.422680412371136,2.246807822825332,40.0,47.0,7.0,38.23711340206186,3.024890543734263,33.0,42.0,8.0,1627.4742268041236,203.64275839587955,1320.0,1974.0,614.0,0.9889011589254557,0.02146396731818988,0.8411214953271028,40.40625,34.625,1399.625,41.5,38.625,1602.34375,45.27272727272727,41.36363636363637,1872.7878787878788,pg7_7,6
0.1438284976936615,0.0,4.272001872658765,0.5078968365569112,0.4972557275509338,1.0964488229079568,1.5,7.0,254.0,177.0,37.618556701030926,1.2878760503292999,35.0,39.0,3.0,37.103092783505154,2.726292509445992,33.0,42.0,8.0,1398.639175257732,142.91899411089597,1155.0,1596.0,406.0,0.9911121228111396,0.032828961028512536,0.7317073170731707,36.03125,33.90625,1221.9375,38.25,37.09375,1419.59375,38.54545454545455,40.21212121212121,1549.6666666666667,pg7_7,7
0.6499335293657823,0.5,3.905124837953327,0.6688632700879938,9.448381898592338,3.32536156623294,38.5,10.0,349.5,145.0,69.88659793814433,33.343224875932535,41.0,153.0,112.0,48.08247422680412,19.0028050577742,30.0,82.0,52.0,3974.8453608247423,3423.0527833397523,1230.0,12546.0,11316.0,0.9705089490019015,0.03581445669723806,0.732776617954071,41.96875,30.9375,1298.4375,55.9375,39.53125,2271.96875,110.48484848484848,73.0,8221.424242424242,pg7_7,8
0.675847489248207,0.7071067811865476,3.0413812651491097,0.6446906270531845,4.922251290196705,7.277178580337745,16.5,30.5,383.0,159.5,50.16494845360825,20.32908657760641,33.0,98.0,62.0,84.4639175257732,44.4622072474229,39.0,168.0,129.0,5011.670103092783,4429.829920920377,1320.0,16464.0,15060.0,0.9692461989726681,0.03084461501911643,0.812375249500998,35.59375,39.21875,1395.5,39.71875,73.84375,3004.34375,74.42424242424242,138.63636363636363,10464.757575757576,pg7_7,9
1.3126595565719896,0.5,14.916433890176299,2.2385932834126496,13.636889959794136,6.814046965687121,69.0,21.5,449.0,183.5,54.48453608247423,17.828572805750188,37.0,92.0,47.0,72.05154639175258,46.54614629292176,36.0,195.0,159.0,4572.216494845361,4066.7689579386843,1332.0,16544.0,15048.0,0.9470703311738496,0.06549525937047637,0.6643090315560392,37.3125,37.0,1380.71875,50.125,48.71875,2570.8125,75.36363636363636,128.66666666666666,9607.757575757576,pg7_8,0
0.1014173747656228,0.0,2.23606797749979,0.2843595425319548,0.7872266474479381,0.5527734688022479,4.0,2.5,497.0,399.0,39.30927835051546,1.416841446813153,38.0,42.0,2.0,31.195876288659793,1.3820586412263003,30.0,33.0,3.0,1227.6288659793815,90.49819951363034,1140.0,1353.0,180.0,0.9932587985913104,0.020278010467853675,0.8446601941747572,38.0,30.0,1140.0,39.625,30.59375,1213.25,40.27272727272727,32.93939393939394,1326.5454545454545,pg7_8,1
0.5644681356003852,0.25,3.5355339059327378,0.742406486069789,6.751955586392781,2.191843254420868,29.0,9.5,379.5,338.0,48.371134020618555,19.715146507362828,35.0,101.0,65.0,41.608247422680414,3.9678000371311946,35.0,48.0,13.0,2068.721649484536,1023.8488405493198,1260.0,4848.0,3588.0,0.9742705957861367,0.042013054394697553,0.7610062893081762,35.59375,37.1875,1325.21875,38.4375,41.4375,1593.5625,70.39393939393939,46.06060606060606,3250.4545454545455,pg7_8,2
1.3137699258205793,1.118033988749895,11.543396380615196,1.4739220067593093,26.518990963251262,5.467164955986575,85.5,21.5,417.0,497.5,80.9381443298969,56.60239593358631,37.0,214.0,175.0,54.8041237113402,23.506366400307815,33.0,97.0,62.0,5683.639175257732,6047.084687708695,1258.0,20758.0,19393.0,0.9567051536141863,0.061698107937198085,0.49690466364011554,38.8125,34.65625,1344.96875,51.5625,43.09375,2329.53125,150.27272727272728,85.6969696969697,13143.30303030303,pg7_8,3
1.3148590827791409,1.118033988749895,7.566372975210778,1.1716262597062244,27.32330844142697,4.841394516136636,88.5,13.5,351.5,388.0,104.6701030927835,69.36749909660291,35.0,249.0,214.0,42.381443298969074,5.350485668232394,35.0,60.0,23.0,4761.041237113402,3636.883201448723,1295.0,14940.0,13645.0,0.9604983521247895,0.055683987803372546,0.6018835616438356,41.625,36.34375,1514.34375,78.875,42.71875,3423.71875,190.8181818181818,47.90909090909091,9206.151515151516,pg7_8,4
0.5829228441582365,0.5,3.8078865529319543,0.626076505781686,2.050445231079926,6.3588904141677265,9.0,27.0,135.0,387.5,41.896907216494846,8.765542350746554,33.0,66.0,33.0,71.03092783505154,32.693974225926006,37.0,141.0,104.0,3258.701030927835,2254.4563436586777,1221.0,9306.0,8085.0,0.9718185962405674,0.03392725065136105,0.7545887151597552,34.28125,42.5,1458.53125,38.5625,57.03125,2220.875,52.515151515151516,112.27272727272727,6010.69696969697,pg7_8,5
1.1331783713569017,0.8535533905932737,12.010412149464313,1.5569971457977223,11.703501260643815,17.402083231530334,31.5,66.5,202.0,297.0,57.97938144329897,17.08799505135461,42.0,102.0,60.0,92.47422680412372,63.75033337830844,35.0,241.0,206.0,6444.927835051546,6323.158347664368,1470.0,24582.0,23112.0,0.9609436390362003,0.04827158570355567,0.6609263657957245,42.84375,37.96875,1628.625,51.21875,65.71875,3470.0625,79.21212121212122,171.27272727272728,14000.0,pg7_8,6
1.3169966304377725,1.266123775561495,12.589678312014172,1.6645504524492152,20.511250409148527,3.439222230142277,70.5,16.5,328.5,204.5,95.30927835051547,64.60416520112997,41.0,227.0,183.0,47.58762886597938,9.910686284266399,36.0,77.0,41.0,5161.072164948454,4544.7630272846645,1584.0,17479.0,15895.0,0.9565440566484457,0.06592086066090615,0.5361772330897949,41.71875,38.9375,1624.40625,63.09375,43.625,2822.09375,178.5151515151515,59.81818181818182,10858.666666666666,pg7_8,7
0.0585740169335173,0.0,4.123105625617661,0.4259869926108136,0.40403954520134894,0.5263287947780954,4.0,1.5,136.5,166.0,39.0,0.0,39.0,39.0,0.0,32.70103092783505,1.066499703516213,31.0,34.0,3.0,1275.340206185567,41.59348843713231,1209.0,1326.0,117.0,0.9966310319233355,0.024088843897153055,0.7675438596491229,39.0,31.5,1228.5,39.0,32.6875,1274.8125,39.0,33.878787878787875,1321.2727272727273,pg7_8,8
0.07084544409918035,0.0,4.301162633521313,0.4480067965076607,0.325028510730607,0.3842194877027674,3.5,2.5,201.5,134.0,39.68041237113402,1.089276613762663,34.0,40.0,6.0,38.74226804123711,0.8999238285688741,34.0,39.0,5.0,1538.278350515464,74.12551938491444,1156.0,1560.0,404.0,0.9945816141115319,0.031119845672020936,0.7141828653707704,39.03125,38.21875,1494.15625,40.0,39.0,1560.0,40.0,39.0,1560.0,pg7_8,9
0.2664968490359232,0.0,6.519202405202649,0.7301685395308339,2.602495593434971,0.8626285194618889,10.0,5.5,347.5,496.5,31.7319587628866,2.161115900742908,28.0,37.0,8.0,39.577319587628864,6.406882657947554,33.0,59.0,26.0,1268.8247422680413,307.5320454447781,957.0,2183.0,1226.0,0.983243980388882,0.043090257390811924,0.6289156626506024,30.46875,34.84375,1062.3125,30.78125,37.9375,1168.25,33.878787878787875,45.75757575757576,1566.6060606060605,pg7_9,0
0.3338034257181441,0.5,2.23606797749979,0.38260655114468634,1.959942672372894,1.9998405718155008,7.0,7.5,382.0,417.5,45.597938144329895,12.112581678734262,28.0,71.0,43.0,44.92783505154639,7.682148838503177,36.0,67.0,30.0,2123.6701030927834,951.037141096682,1036.0,4757.0,3721.0,0.9772726091143298,0.03310355495488447,0.7899686520376176,32.78125,41.5,1361.375,43.34375,39.59375,1713.375,60.21212121212121,53.42424242424242,3260.7272727272725,pg7_9,1
0.30418454582027143,0.25,2.5495097567963922,0.3834776335295822,2.411038049147994,3.6712684932973474,9.5,12.0,439.0,355.5,48.45360824742268,4.641854896208816,43.0,61.0,16.0,37.41237113402062,10.295382387334373,29.0,63.0,32.0,1855.958762886598,710.5995133706421,1247.0,3843.0,2448.0,0.9825191741080185,0.02278220434052036,0.865979381443299,43.8125,30.125,1319.84375,47.8125,31.75,1519.9375,53.57575757575758,49.96969696969697,2701.6666666666665,pg7_9,2
0.16361569563735986,0.0,1.5,0.2782023918081394,2.511129441158278,0.39202378024394935,8.5,1.5,236.5,466.5,38.34020618556701,3.418827790726253,32.0,43.0,10.0,37.93814432989691,0.7840475604878986,36.0,39.0,2.0,1453.618556701031,121.96555566655246,1184.0,1634.0,446.0,0.9910421290772157,0.015471885978462567,0.9166666666666666,34.5625,38.4375,1329.375,38.1875,37.625,1435.59375,42.15151515151515,37.75757575757576,1591.5757575757575,pg7_9,3
0.7390551192367457,0.5,6.5,1.2709271670962474,11.025126135927174,3.718542553255793,31.0,16.5,444.5,258.0,40.43298969072165,3.663436549253881,36.0,49.0,9.0,34.72164948453608,9.340900272337644,26.0,54.0,21.0,1433.8865979381444,519.8165789966363,962.0,2646.0,1188.0,0.9557252812287951,0.06980436522106914,0.7064935064935065,37.21875,26.71875,994.25,39.78125,30.15625,1201.75,44.18181818181818,46.90909090909091,2085.3030303030305,pg7_9,4
0.4516005131825976,0.5,1.8027756377319946,0.37737400965074586,1.3476596862051304,3.747036239806213,6.5,16.0,386.0,180.5,48.98969072164948,13.287847983328911,34.0,74.0,40.0,47.83505154639175,12.973152620503187,32.0,70.0,35.0,2507.381443298969,1326.6152142448684,1088.0,5037.0,3870.0,0.9741994328875853,0.027123242728584806,0.872954014029618,36.5,34.21875,1251.28125,44.8125,44.84375,2038.28125,65.15151515151516,63.93939393939394,4180.30303030303,pg7_9,5
0.3646677768733486,0.0,4.031128874149275,0.7051423585656893,1.4519988165595958,4.325335103070362,6.5,14.5,340.0,240.0,39.876288659793815,11.08473244794157,30.0,60.0,25.0,40.618556701030926,3.7566252100035844,35.0,47.0,11.0,1639.5051546391753,558.708823039785,1050.0,2820.0,1560.0,0.9746212016766403,0.052458415856808056,0.7191780821917808,34.34375,36.25,1244.15625,31.96875,41.25,1320.0625,52.90909090909091,44.24242424242424,2332.6363636363635,pg7_9,6
0.4757873465913352,0.5,6.946221994724902,0.8869313581991054,1.8598892471000448,3.545245259415791,11.5,12.5,281.0,304.0,47.83505154639175,12.67815753986321,38.0,80.0,41.0,35.71134020618557,5.454514375251638,31.0,53.0,22.0,1775.4742268041236,787.6547086492861,1178.0,4240.0,3031.0,0.9729022997488538,0.04726603065259837,0.6566811194324005,38.15625,31.09375,1186.5,41.25,33.5,1383.28125,63.60606060606061,42.333333333333336,2726.909090909091,pg7_9,7
0.14468729101619815,0.0,2.5,0.37832272971418734,1.226869096434217,1.7275194702329726,6.5,5.0,187.0,321.0,37.52577319587629,1.9482626863315022,35.0,43.0,7.0,34.71134020618557,3.455038940465945,32.0,42.0,10.0,1308.3505154639174,199.23508578297847,1152.0,1806.0,654.0,0.9915834775313869,0.022003869792233757,0.8697042366107114,36.96875,32.0,1183.0,36.0625,32.90625,1186.40625,39.484848484848484,39.09090909090909,1548.1515151515152,pg7_9,8
0.3335309389796561,0.25,2.0615528128088303,0.3962149409222419,2.521983270639916,2.6967976584827738,10.0,10.0,225.5,188.5,44.02061855670103,13.58742549477827,33.0,70.0,33.0,40.7319587628866,6.249973961046832,34.0,54.0,18.0,1872.8247422680413,883.6872961211814,1122.0,3780.0,2448.0,0.9796734912171425,0.024625024623141877,0.8737517831669044,34.1875,34.8125,1190.4375,35.78125,38.5,1381.0625,61.54545454545455,48.63636363636363,3011.3939393939395,pg7_9,9
0.7300891724674674,0.7071067811865476,3.3541019662496847,0.6909315935115684,6.275827705684226,5.55981302601623,19.5,20.0,276.0,179.0,62.49484536082474,26.433391765602437,42.0,117.0,75.0,46.43298969072165,21.60369728594099,32.0,105.0,73.0,3450.9896907216494,3175.5617848466204,1344.0,12285.0,10941.0,0.96338042794353,0.037688808044453445,0.7884393063583816,42.03125,32.09375,1348.9375,47.34375,34.40625,1645.8125,97.03030303030303,72.0,7239.818181818182,pg8_1,0
0.12749327429489102,0.0,1.118033988749895,0.24344670534410817,1.7865863379377245,0.7269320644867708,6.5,3.0,350.0,213.5,42.63917525773196,3.2655198572902444,39.0,51.0,11.0,37.2680412371134,1.7849049985838474,33.0,41.0,8.0,1593.8041237113403,190.93279646645348,1320.0,2091.0,771.0,0.992894106610382,0.014096864914494273,0.9276967930029154,39.5625,35.21875,1393.53125,41.71875,37.75,1575.09375,46.515151515151516,38.78787878787879,1806.1515151515152,pg8_1,1
0.5635877058383513,0.5,5.1478150704935,0.8401228468669709,6.8707608501847535,2.630613932732915,24.0,12.0,218.0,214.0,60.154639175257735,18.483394724452232,42.0,99.0,51.0,51.77319587628866,26.06751944851573,33.0,125.0,92.0,3572.5154639175257,2975.8007814700873,1386.0,11625.0,10239.0,0.9706154472648011,0.0317433560214651,0.8503092033466715,43.96875,33.5,1473.21875,51.8125,37.46875,1966.90625,83.93939393939394,83.36363636363636,7165.151515151515,pg8_1,2
0.5983961642423444,0.5,2.23606797749979,0.5436615343698527,9.593186505824319,2.4980808873783924,36.5,8.0,210.5,237.5,67.6082474226804,32.54578272552578,35.0,133.0,98.0,39.51546391752577,1.9954246741336426,36.0,45.0,9.0,2714.8350515463917,1395.9428745025643,1260.0,5985.0,4725.0,0.9751016026695645,0.03290446079566051,0.8213879408418657,35.78125,37.4375,1339.90625,58.375,40.21875,2354.375,107.42424242424242,40.84848484848485,4397.636363636364,pg8_1,3
0.42597936852401036,0.5,2.0,0.4516173648771182,2.1738525778649636,3.2536676983579746,6.5,19.5,312.0,333.5,38.876288659793815,3.026541464487667,36.0,46.0,7.0,59.83505154639175,27.482958323172184,36.0,131.0,95.0,2401.1546391752577,1340.313552638223,1404.0,6026.0,4622.0,0.9791580665054399,0.021104771189456865,0.9240180296200902,37.84375,37.9375,1434.75,36.625,46.75,1713.5625,42.06060606060606,93.75757575757575,4005.030303030303,pg8_1,4
0.11279611588277282,0.0,0.7071067811865476,0.22310767858090425,0.396471845835658,1.4421755568971026,2.0,4.5,384.5,357.0,38.11340206185567,2.543948909636573,33.0,42.0,9.0,35.52577319587629,3.621507299981269,30.0,41.0,11.0,1363.0618556701031,228.56936570057388,990.0,1722.0,732.0,0.9930846775395269,0.014501445980409092,0.9392789373814042,35.4375,31.84375,1129.15625,37.90625,34.875,1325.5625,40.90909090909091,39.72727272727273,1626.2424242424242,pg8_1,5
0.052083333333333336,0.0,0.5,0.1527383156105748,0.728976063078915,0.6292461247507765,2.0,3.0,432.0,367.5,38.47422680412371,1.45795212615783,36.0,40.0,4.0,30.288659793814432,0.6880236582871581,29.0,31.0,2.0,1166.2371134020618,68.6456271567973,1044.0,1240.0,196.0,0.9968447023612028,0.00932392461245901,0.9666666666666667,36.6875,29.59375,1085.9375,38.6875,30.25,1170.46875,40.0,31.0,1240.0,pg8_1,6
0.779705943919487,0.5,5.220153254455275,0.7664014228957445,14.838939404436154,5.481371655123956,52.0,17.0,286.0,363.0,70.84536082474227,38.386622510405935,38.0,162.0,123.0,39.23711340206186,3.326783517869601,37.0,50.0,12.0,2879.2474226804125,1865.3657723232764,1406.0,8100.0,6618.0,0.9709131334048401,0.03714110694600043,0.6927803379416283,38.875,37.9375,1474.875,54.03125,37.84375,2037.84375,118.15151515151516,41.84848484848485,5056.969696969697,pg8_1,7
1.092250922725645,0.7071067811865476,6.670832032063167,1.1590712899292737,5.703817294141197,20.499894366563954,22.5,78.0,181.5,394.5,53.391752577319586,20.043538538258616,36.0,99.0,63.0,90.90721649484536,59.37875674048686,40.0,241.0,201.0,6040.216494845361,6161.632152943043,1440.0,23859.0,22419.0,0.9639662672873585,0.02633158267346235,0.8853754940711462,38.03125,43.125,1640.5625,42.34375,61.75,2720.25,79.0,165.5151515151515,13525.90909090909,pg8_1,8
0.09906127519706814,0.0,1.8027756377319946,0.25633512652319823,0.9757937543104159,0.5690217368961061,4.0,2.0,292.0,391.5,41.2680412371134,1.020566488310481,37.0,43.0,5.0,32.76288659793814,1.9091380679242935,29.0,35.0,6.0,1352.7835051546392,96.05531340365673,1073.0,1470.0,397.0,0.9941601960088565,0.017035862062157972,0.8649544324772163,40.78125,30.53125,1244.875,41.09375,32.75,1345.65625,41.90909090909091,34.93939393939394,1464.3333333333333,pg8_1,9
0.33086981954447076,0.0,1.8027756377319946,0.4175875108061496,5.434578886883081,2.105857794257089,16.5,7.5,242.5,393.5,50.845360824742265,22.31930430048021,35.0,111.0,75.0,41.90721649484536,7.376589431000098,34.0,64.0,30.0,2293.0103092783506,1516.096360773764,1224.0,7104.0,5880.0,0.9792768773614053,0.024378758101145922,0.8882415254237288,35.5625,36.3125,1291.15625,38.15625,38.1875,1462.78125,77.96969696969697,50.93939393939394,4069.5757575757575,pg8_1,10
0.8615296131338065,0.7071067811865476,3.0413812651491097,0.7125775225850965,7.953168938432526,14.402475106425282,22.0,57.5,327.5,457.0,54.597938144329895,15.336540688331045,38.0,81.0,43.0,77.83505154639175,49.439472608447865,31.0,191.0,157.0,4993.8247422680415,4375.624479756168,1209.0,15471.0,14179.0,0.9688783342489451,0.026313335019689417,0.890400604686319,39.90625,32.28125,1288.78125,48.78125,60.4375,3039.78125,74.48484848484848,138.87878787878788,10481.424242424242,pg8_1,11
