group,frame,pg_el,pg_im
pg1_1,1,0,10
pg1_1,2,0,10
pg1_1,3,0,10
pg1_1,4,0,10
pg1_1,5,0,10
pg1_1,6,0,10
pg1_1,7,0,10
pg1_1,8,0,10
pg1_1,9,0,10
pg1_1,10,0,10
pg1_1,11,0,10
pg1_1,12,0,10
pg1_1,13,0,10
pg1_1,14,0,10
pg1_1,15,0,10
pg1_1,16,1,9
pg1_1,17,1,9
pg1_1,18,1,9
pg1_1,19,1,9
pg1_1,20,1,9
pg1_1,21,1,9
pg1_1,22,1,9
pg1_1,23,1,9
pg1_1,24,1,9
pg1_1,25,1,9
pg1_1,26,2,8
pg1_1,27,2,8
pg1_1,28,2,8
pg1_1,29,2,8
pg1_1,30,2,8
pg1_1,31,2,8
pg1_1,32,2,8
pg1_1,33,2,8
pg1_1,34,2,8
pg1_1,35,2,8
pg1_1,36,2,8
pg1_1,37,2,8
pg1_1,38,2,8
pg1_1,39,3,7
pg1_1,40,4,6
pg1_1,41,4,6
pg1_1,42,4,6
pg1_1,43,4,6
pg1_1,44,4,6
pg1_1,45,4,6
pg1_1,46,4,6
pg1_1,47,4,6
pg1_1,48,4,6
pg1_1,49,4,6
pg1_1,50,4,6
pg1_1,51,4,6
pg1_1,52,4,6
pg1_1,53,4,6
pg1_1,54,4,6
pg1_1,55,4,6
pg1_1,56,4,6
pg1_1,57,5,5
pg1_1,58,4,6
pg1_1,59,5,5
pg1_1,60,5,5
pg1_1,61,5,5
pg1_1,62,5,5
pg1_1,63,5,5
pg1_1,64,5,5
pg1_1,65,5,5
pg1_1,66,5,5
pg1_1,67,5,5
pg1_1,68,5,5
pg1_1,69,5,5
pg1_1,70,5,5
pg1_1,71,5,5
pg1_1,72,5,5
pg1_1,73,5,5
pg1_1,74,5,5
pg1_1,75,5,5
pg1_1,76,5,5
pg1_1,77,5,5
pg1_1,78,5,5
pg1_1,79,5,5
pg1_1,80,5,5
pg1_1,81,5,5
pg1_1,82,5,5
pg1_1,83,5,5
pg1_1,84,5,5
pg1_1,85,5,5
pg1_1,86,5,5
pg1_1,87,5,5
pg1_1,88,5,5
pg1_1,89,5,5
pg1_1,90,5,5
pg1_1,91,5,5
pg1_1,92,6,4
pg1_1,93,6,4
pg1_1,94,6,4
pg1_1,95,6,4
pg1_1,96,6,4
pg1_1,97,6,4
pg1_10,1,0,10
pg1_10,2,0,10
pg1_10,3,0,10
pg1_10,4,0,10
pg1_10,5,0,10
pg1_10,6,0,10
pg1_10,7,0,10
pg1_10,8,0,10
pg1_10,9,0,10
pg1_10,10,0,10
pg1_10,11,1,9
pg1_10,12,1,9
pg1_10,13,1,9
pg1_10,14,1,9
pg1_10,15,1,9
pg1_10,16,2,8
pg1_10,17,2,8
pg1_10,18,2,8
pg1_10,19,2,8
pg1_10,20,2,8
pg1_10,21,3,7
pg1_10,22,3,7
pg1_10,23,3,7
pg1_10,24,3,7
pg1_10,25,5,5
pg1_10,26,5,5
pg1_10,27,5,5
pg1_10,28,5,5
pg1_10,29,5,5
pg1_10,30,5,5
pg1_10,31,5,5
pg1_10,32,5,5
pg1_10,33,5,5
pg1_10,34,5,5
pg1_10,35,5,5
pg1_10,36,5,5
pg1_10,37,5,5
pg1_10,38,5,5
pg1_10,39,5,5
pg1_10,40,5,5
pg1_10,41,5,5
pg1_10,42,5,5
pg1_10,43,5,5
pg1_10,44,5,5
pg1_10,45,5,5
pg1_10,46,6,4
pg1_10,47,6,4
pg1_10,48,6,4
pg1_10,49,6,4
pg1_10,50,6,4
pg1_10,51,6,4
pg1_10,52,7,3
pg1_10,53,7,3
pg1_10,54,7,3
pg1_10,55,8,2
pg1_10,56,8,2
pg1_10,57,8,2
pg1_10,58,8,2
pg1_10,59,8,2
pg1_10,60,8,2
pg1_10,61,8,2
pg1_10,62,8,2
pg1_10,63,8,2
pg1_10,64,8,2
pg1_10,65,8,2
pg1_10,66,8,2
pg1_10,67,8,2
pg1_10,68,8,2
pg1_10,69,8,2
pg1_10,70,8,2
pg1_10,71,8,2
pg1_10,72,8,2
pg1_10,73,8,2
pg1_10,74,8,2
pg1_10,75,8,2
pg1_10,76,8,2
pg1_10,77,8,2
pg1_10,78,8,2
pg1_10,79,8,2
pg1_10,80,8,2
pg1_10,81,8,2
pg1_10,82,8,2
pg1_10,83,8,2
pg1_10,84,8,2
pg1_10,85,8,2
pg1_10,86,8,2
pg1_10,87,8,2
pg1_10,88,8,2
pg1_10,89,8,2
pg1_10,90,8,2
pg1_10,91,8,2
pg1_10,92,8,2
pg1_10,93,8,2
pg1_10,94,8,2
pg1_10,95,8,2
pg1_10,96,8,2
pg1_10,97,8,2
pg1_11,1,0,10
pg1_11,2,0,10
pg1_11,3,0,10
pg1_11,4,0,10
pg1_11,5,0,10
pg1_11,6,0,10
pg1_11,7,0,10
pg1_11,8,0,10
pg1_11,9,0,10
pg1_11,10,0,10
pg1_11,11,0,10
pg1_11,12,0,10
pg1_11,13,0,10
pg1_11,14,0,10
pg1_11,15,1,9
pg1_11,16,1,9
pg1_11,17,1,9
pg1_11,18,1,9
pg1_11,19,1,9
pg1_11,20,1,9
pg1_11,21,2,8
pg1_11,22,3,7
pg1_11,23,4,6
pg1_11,24,5,5
pg1_11,25,5,5
pg1_11,26,5,5
pg1_11,27,5,5
pg1_11,28,5,5
pg1_11,29,5,5
pg1_11,30,6,4
pg1_11,31,6,4
pg1_11,32,6,4
pg1_11,33,6,4
pg1_11,34,6,4
pg1_11,35,6,4
pg1_11,36,6,4
pg1_11,37,6,4
pg1_11,38,6,4
pg1_11,39,6,4
pg1_11,40,7,3
pg1_11,41,7,3
pg1_11,42,7,3
pg1_11,43,7,3
pg1_11,44,7,3
pg1_11,45,7,3
pg1_11,46,7,3
pg1_11,47,7,3
pg1_11,48,8,2
pg1_11,49,8,2
pg1_11,50,8,2
pg1_11,51,8,2
pg1_11,52,8,2
pg1_11,53,8,2
pg1_11,54,8,2
pg1_11,55,8,2
pg1_11,56,8,2
pg1_11,57,8,2
pg1_11,58,8,2
pg1_11,59,8,2
pg1_11,60,8,2
pg1_11,61,8,2
pg1_11,62,8,2
pg1_11,63,8,2
pg1_11,64,8,2
pg1_11,65,8,2
pg1_11,66,8,2
pg1_11,67,8,2
pg1_11,68,8,2
pg1_11,69,8,2
pg1_11,70,8,2
pg1_11,71,8,2
pg1_11,72,8,2
pg1_11,73,8,2
pg1_11,74,8,2
pg1_11,75,8,2
pg1_11,76,8,2
pg1_11,77,8,2
pg1_11,78,8,2
pg1_11,79,8,2
pg1_11,80,8,2
pg1_11,81,8,2
pg1_11,82,8,2
pg1_11,83,8,2
pg1_11,84,8,2
pg1_11,85,8,2
pg1_11,86,8,2
pg1_11,87,8,2
pg1_11,88,8,2
pg1_11,89,8,2
pg1_11,90,8,2
pg1_11,91,8,2
pg1_11,92,8,2
pg1_11,93,8,2
pg1_11,94,9,1
pg1_11,95,9,1
pg1_11,96,9,1
pg1_11,97,9,1
pg1_12,1,0,10
pg1_12,2,0,10
pg1_12,3,0,10
pg1_12,4,0,10
pg1_12,5,0,10
pg1_12,6,0,10
pg1_12,7,0,10
pg1_12,8,0,10
pg1_12,9,0,10
pg1_12,10,0,10
pg1_12,11,0,10
pg1_12,12,0,10
pg1_12,13,0,10
pg1_12,14,1,9
pg1_12,15,1,9
pg1_12,16,2,8
pg1_12,17,2,8
pg1_12,18,3,7
pg1_12,19,3,7
pg1_12,20,3,7
pg1_12,21,4,6
pg1_12,22,4,6
pg1_12,23,4,6
pg1_12,24,4,6
pg1_12,25,4,6
pg1_12,26,5,5
pg1_12,27,6,4
pg1_12,28,6,4
pg1_12,29,8,2
pg1_12,30,8,2
pg1_12,31,8,2
pg1_12,32,9,1
pg1_12,33,9,1
pg1_12,34,9,1
pg1_12,35,9,1
pg1_12,36,10,0
pg1_12,37,10,0
pg1_12,38,10,0
pg1_12,39,10,0
pg1_12,40,10,0
pg1_12,41,10,0
pg1_12,42,10,0
pg1_12,43,10,0
pg1_12,44,10,0
pg1_12,45,10,0
pg1_12,46,10,0
pg1_12,47,10,0
pg1_12,48,10,0
pg1_12,49,10,0
pg1_12,50,10,0
pg1_12,51,10,0
pg1_12,52,10,0
pg1_12,53,10,0
pg1_12,54,10,0
pg1_12,55,10,0
pg1_12,56,10,0
pg1_12,57,10,0
pg1_12,58,10,0
pg1_12,59,10,0
pg1_12,60,10,0
pg1_12,61,10,0
pg1_12,62,10,0
pg1_12,63,10,0
pg1_12,64,10,0
pg1_12,65,10,0
pg1_12,66,10,0
pg1_12,67,10,0
pg1_12,68,10,0
pg1_12,69,10,0
pg1_12,70,10,0
pg1_12,71,10,0
pg1_12,72,10,0
pg1_12,73,10,0
pg1_12,74,10,0
pg1_12,75,10,0
pg1_12,76,10,0
pg1_12,77,10,0
pg1_12,78,10,0
pg1_12,79,10,0
pg1_12,80,10,0
pg1_12,81,10,0
pg1_12,82,10,0
pg1_12,83,10,0
pg1_12,84,10,0
pg1_12,85,10,0
pg1_12,86,10,0
pg1_12,87,10,0
pg1_12,88,10,0
pg1_12,89,10,0
pg1_12,90,10,0
pg1_12,91,10,0
pg1_12,92,10,0
pg1_12,93,10,0
pg1_12,94,10,0
pg1_12,95,10,0
pg1_12,96,10,0
pg1_12,97,10,0
pg1_2,1,0,10
pg1_2,2,0,10
pg1_2,3,0,10
pg1_2,4,0,10
pg1_2,5,0,10
pg1_2,6,0,10
pg1_2,7,0,10
pg1_2,8,0,10
pg1_2,9,0,10
pg1_2,10,0,10
pg1_2,11,0,10
pg1_2,12,0,10
pg1_2,13,0,10
pg1_2,14,0,10
pg1_2,15,1,9
pg1_2,16,1,9
pg1_2,17,1,9
pg1_2,18,2,8
pg1_2,19,2,8
pg1_2,20,2,8
pg1_2,21,3,7
pg1_2,22,3,7
pg1_2,23,3,7
pg1_2,24,4,6
pg1_2,25,5,5
pg1_2,26,5,5
pg1_2,27,5,5
pg1_2,28,5,5
pg1_2,29,5,5
pg1_2,30,5,5
pg1_2,31,5,5
pg1_2,32,5,5
pg1_2,33,5,5
pg1_2,34,5,5
pg1_2,35,6,4
pg1_2,36,6,4
pg1_2,37,6,4
pg1_2,38,6,4
pg1_2,39,6,4
pg1_2,40,6,4
pg1_2,41,6,4
pg1_2,42,6,4
pg1_2,43,6,4
pg1_2,44,6,4
pg1_2,45,7,3
pg1_2,46,7,3
pg1_2,47,7,3
pg1_2,48,7,3
pg1_2,49,7,3
pg1_2,50,7,3
pg1_2,51,7,3
pg1_2,52,7,3
pg1_2,53,8,2
pg1_2,54,9,1
pg1_2,55,9,1
pg1_2,56,9,1
pg1_2,57,9,1
pg1_2,58,9,1
pg1_2,59,9,1
pg1_2,60,9,1
pg1_2,61,9,1
pg1_2,62,9,1
pg1_2,63,9,1
pg1_2,64,9,1
pg1_2,65,9,1
pg1_2,66,9,1
pg1_2,67,9,1
pg1_2,68,9,1
pg1_2,69,10,0
pg1_2,70,10,0
pg1_2,71,10,0
pg1_2,72,10,0
pg1_2,73,10,0
pg1_2,74,10,0
pg1_2,75,10,0
pg1_2,76,10,0
pg1_2,77,10,0
pg1_2,78,10,0
pg1_2,79,10,0
pg1_2,80,10,0
pg1_2,81,10,0
pg1_2,82,10,0
pg1_2,83,10,0
pg1_2,84,10,0
pg1_2,85,10,0
pg1_2,86,10,0
pg1_2,87,10,0
pg1_2,88,10,0
pg1_2,89,10,0
pg1_2,90,10,0
pg1_2,91,10,0
pg1_2,92,10,0
pg1_2,93,10,0
pg1_2,94,10,0
pg1_2,95,10,0
pg1_2,96,10,0
pg1_2,97,10,0
pg1_3,1,0,10
pg1_3,2,0,10
pg1_3,3,0,10
pg1_3,4,0,10
pg1_3,5,0,10
pg1_3,6,0,10
pg1_3,7,0,10
pg1_3,8,0,10
pg1_3,9,0,10
pg1_3,10,0,10
pg1_3,11,0,10
pg1_3,12,1,9
pg1_3,13,1,9
pg1_3,14,1,9
pg1_3,15,1,9
pg1_3,16,1,9
pg1_3,17,1,9
pg1_3,18,2,8
pg1_3,19,2,8
pg1_3,20,2,8
pg1_3,21,3,7
pg1_3,22,3,7
pg1_3,23,3,7
pg1_3,24,3,7
pg1_3,25,3,7
pg1_3,26,3,7
pg1_3,27,4,6
pg1_3,28,4,6
pg1_3,29,5,5
pg1_3,30,5,5
pg1_3,31,6,4
pg1_3,32,6,4
pg1_3,33,6,4
pg1_3,34,7,3
pg1_3,35,7,3
pg1_3,36,7,3
pg1_3,37,7,3
pg1_3,38,7,3
pg1_3,39,7,3
pg1_3,40,7,3
pg1_3,41,7,3
pg1_3,42,7,3
pg1_3,43,7,3
pg1_3,44,7,3
pg1_3,45,7,3
pg1_3,46,7,3
pg1_3,47,7,3
pg1_3,48,7,3
pg1_3,49,7,3
pg1_3,50,7,3
pg1_3,51,7,3
pg1_3,52,7,3
pg1_3,53,7,3
pg1_3,54,7,3
pg1_3,55,7,3
pg1_3,56,7,3
pg1_3,57,7,3
pg1_3,58,7,3
pg1_3,59,7,3
pg1_3,60,7,3
pg1_3,61,7,3
pg1_3,62,7,3
pg1_3,63,7,3
pg1_3,64,7,3
pg1_3,65,7,3
pg1_3,66,7,3
pg1_3,67,7,3
pg1_3,68,7,3
pg1_3,69,7,3
pg1_3,70,7,3
pg1_3,71,7,3
pg1_3,72,7,3
pg1_3,73,7,3
pg1_3,74,7,3
pg1_3,75,7,3
pg1_3,76,7,3
pg1_3,77,7,3
pg1_3,78,7,3
pg1_3,79,7,3
pg1_3,80,7,3
pg1_3,81,7,3
pg1_3,82,7,3
pg1_3,83,7,3
pg1_3,84,7,3
pg1_3,85,7,3
pg1_3,86,7,3
pg1_3,87,7,3
pg1_3,88,7,3
pg1_3,89,7,3
pg1_3,90,7,3
pg1_3,91,7,3
pg1_3,92,7,3
pg1_3,93,7,3
pg1_3,94,7,3
pg1_3,95,7,3
pg1_3,96,7,3
pg1_3,97,7,3
pg1_4,1,0,10
pg1_4,2,0,10
pg1_4,3,0,10
pg1_4,4,0,10
pg1_4,5,0,10
pg1_4,6,0,10
pg1_4,7,0,10
pg1_4,8,0,10
pg1_4,9,0,10
pg1_4,10,0,10
pg1_4,11,0,10
pg1_4,12,0,10
pg1_4,13,0,10
pg1_4,14,0,10
pg1_4,15,0,10
pg1_4,16,0,10
pg1_4,17,0,10
pg1_4,18,0,10
pg1_4,19,0,10
pg1_4,20,0,10
pg1_4,21,0,10
pg1_4,22,0,10
pg1_4,23,0,10
pg1_4,24,0,10
pg1_4,25,0,10
pg1_4,26,1,9
pg1_4,27,1,9
pg1_4,28,2,8
pg1_4,29,3,7
pg1_4,30,3,7
pg1_4,31,4,6
pg1_4,32,4,6
pg1_4,33,4,6
pg1_4,34,4,6
pg1_4,35,5,5
pg1_4,36,5,5
pg1_4,37,6,4
pg1_4,38,7,3
pg1_4,39,7,3
pg1_4,40,7,3
pg1_4,41,7,3
pg1_4,42,7,3
pg1_4,43,7,3
pg1_4,44,7,3
pg1_4,45,7,3
pg1_4,46,7,3
pg1_4,47,7,3
pg1_4,48,7,3
pg1_4,49,7,3
pg1_4,50,7,3
pg1_4,51,7,3
pg1_4,52,7,3
pg1_4,53,7,3
pg1_4,54,7,3
pg1_4,55,7,3
pg1_4,56,7,3
pg1_4,57,7,3
pg1_4,58,7,3
pg1_4,59,7,3
pg1_4,60,7,3
pg1_4,61,7,3
pg1_4,62,7,3
pg1_4,63,7,3
pg1_4,64,7,3
pg1_4,65,7,3
pg1_4,66,7,3
pg1_4,67,7,3
pg1_4,68,7,3
pg1_4,69,7,3
pg1_4,70,7,3
pg1_4,71,7,3
pg1_4,72,7,3
pg1_4,73,7,3
pg1_4,74,7,3
pg1_4,75,7,3
pg1_4,76,7,3
pg1_4,77,7,3
pg1_4,78,7,3
pg1_4,79,7,3
pg1_4,80,7,3
pg1_4,81,7,3
pg1_4,82,7,3
pg1_4,83,7,3
pg1_4,84,7,3
pg1_4,85,8,2
pg1_4,86,8,2
pg1_4,87,8,2
pg1_4,88,8,2
pg1_4,89,8,2
pg1_4,90,8,2
pg1_4,91,8,2
pg1_4,92,8,2
pg1_4,93,8,2
pg1_4,94,8,2
pg1_4,95,8,2
pg1_4,96,8,2
pg1_4,97,8,2
pg1_5,1,0,10
pg1_5,2,0,10
pg1_5,3,0,10
pg1_5,4,0,10
pg1_5,5,0,10
pg1_5,6,0,10
pg1_5,7,0,10
pg1_5,8,0,10
pg1_5,9,0,10
pg1_5,10,0,10
pg1_5,11,0,10
pg1_5,12,0,10
pg1_5,13,0,10
pg1_5,14,0,10
pg1_5,15,0,10
pg1_5,16,0,10
pg1_5,17,0,10
pg1_5,18,0,10
pg1_5,19,0,10
pg1_5,20,0,10
pg1_5,21,0,10
pg1_5,22,0,10
pg1_5,23,0,10
pg1_5,24,1,9
pg1_5,25,2,8
pg1_5,26,5,5
pg1_5,27,6,4
pg1_5,28,6,4
pg1_5,29,6,4
pg1_5,30,6,4
pg1_5,31,6,4
pg1_5,32,6,4
pg1_5,33,6,4
pg1_5,34,6,4
pg1_5,35,6,4
pg1_5,36,6,4
pg1_5,37,6,4
pg1_5,38,6,4
pg1_5,39,6,4
pg1_5,40,6,4
pg1_5,41,6,4
pg1_5,42,6,4
pg1_5,43,6,4
pg1_5,44,6,4
pg1_5,45,6,4
pg1_5,46,6,4
pg1_5,47,6,4
pg1_5,48,6,4
pg1_5,49,6,4
pg1_5,50,6,4
pg1_5,51,6,4
pg1_5,52,6,4
pg1_5,53,6,4
pg1_5,54,6,4
pg1_5,55,6,4
pg1_5,56,6,4
pg1_5,57,6,4
pg1_5,58,6,4
pg1_5,59,6,4
pg1_5,60,6,4
pg1_5,61,6,4
pg1_5,62,6,4
pg1_5,63,6,4
pg1_5,64,6,4
pg1_5,65,6,4
pg1_5,66,6,4
pg1_5,67,6,4
pg1_5,68,6,4
pg1_5,69,6,4
pg1_5,70,6,4
pg1_5,71,6,4
pg1_5,72,6,4
pg1_5,73,6,4
pg1_5,74,6,4
pg1_5,75,6,4
pg1_5,76,6,4
pg1_5,77,6,4
pg1_5,78,6,4
pg1_5,79,6,4
pg1_5,80,6,4
pg1_5,81,6,4
pg1_5,82,6,4
pg1_5,83,6,4
pg1_5,84,6,4
pg1_5,85,6,4
pg1_5,86,6,4
pg1_5,87,6,4
pg1_5,88,6,4
pg1_5,89,6,4
pg1_5,90,6,4
pg1_5,91,6,4
pg1_5,92,6,4
pg1_5,93,6,4
pg1_5,94,6,4
pg1_5,95,6,4
pg1_5,96,6,4
pg1_5,97,6,4
pg1_6,1,0,10
pg1_6,2,0,10
pg1_6,3,0,10
pg1_6,4,0,10
pg1_6,5,0,10
pg1_6,6,0,10
pg1_6,7,0,10
pg1_6,8,0,10
pg1_6,9,0,10
pg1_6,10,0,10
pg1_6,11,2,8
pg1_6,12,2,8
pg1_6,13,4,6
pg1_6,14,5,5
pg1_6,15,6,4
pg1_6,16,6,4
pg1_6,17,6,4
pg1_6,18,6,4
pg1_6,19,6,4
pg1_6,20,6,4
pg1_6,21,6,4
pg1_6,22,6,4
pg1_6,23,6,4
pg1_6,24,6,4
pg1_6,25,6,4
pg1_6,26,6,4
pg1_6,27,6,4
pg1_6,28,6,4
pg1_6,29,6,4
pg1_6,30,6,4
pg1_6,31,7,3
pg1_6,32,7,3
pg1_6,33,7,3
pg1_6,34,7,3
pg1_6,35,7,3
pg1_6,36,7,3
pg1_6,37,7,3
pg1_6,38,7,3
pg1_6,39,7,3
pg1_6,40,7,3
pg1_6,41,7,3
pg1_6,42,7,3
pg1_6,43,7,3
pg1_6,44,7,3
pg1_6,45,7,3
pg1_6,46,7,3
pg1_6,47,7,3
pg1_6,48,7,3
pg1_6,49,7,3
pg1_6,50,7,3
pg1_6,51,7,3
pg1_6,52,7,3
pg1_6,53,7,3
pg1_6,54,7,3
pg1_6,55,7,3
pg1_6,56,7,3
pg1_6,57,7,3
pg1_6,58,7,3
pg1_6,59,7,3
pg1_6,60,7,3
pg1_6,61,7,3
pg1_6,62,7,3
pg1_6,63,7,3
pg1_6,64,7,3
pg1_6,65,7,3
pg1_6,66,7,3
pg1_6,67,7,3
pg1_6,68,7,3
pg1_6,69,7,3
pg1_6,70,7,3
pg1_6,71,7,3
pg1_6,72,7,3
pg1_6,73,7,3
pg1_6,74,7,3
pg1_6,75,7,3
pg1_6,76,7,3
pg1_6,77,7,3
pg1_6,78,7,3
pg1_6,79,7,3
pg1_6,80,7,3
pg1_6,81,7,3
pg1_6,82,7,3
pg1_6,83,7,3
pg1_6,84,7,3
pg1_6,85,7,3
pg1_6,86,7,3
pg1_6,87,7,3
pg1_6,88,7,3
pg1_6,89,7,3
pg1_6,90,7,3
pg1_6,91,7,3
pg1_6,92,7,3
pg1_6,93,7,3
pg1_6,94,7,3
pg1_6,95,7,3
pg1_6,96,7,3
pg1_6,97,7,3
pg1_7,1,0,10
pg1_7,2,0,10
pg1_7,3,0,10
pg1_7,4,0,10
pg1_7,5,0,10
pg1_7,6,0,10
pg1_7,7,0,10
pg1_7,8,0,10
pg1_7,9,0,10
pg1_7,10,0,10
pg1_7,11,0,10
pg1_7,12,0,10
pg1_7,13,0,10
pg1_7,14,0,10
pg1_7,15,0,10
pg1_7,16,0,10
pg1_7,17,0,10
pg1_7,18,0,10
pg1_7,19,0,10
pg1_7,20,1,9
pg1_7,21,1,9
pg1_7,22,1,9
pg1_7,23,2,8
pg1_7,24,3,7
pg1_7,25,4,6
pg1_7,26,6,4
pg1_7,27,6,4
pg1_7,28,7,3
pg1_7,29,8,2
pg1_7,30,8,2
pg1_7,31,8,2
pg1_7,32,8,2
pg1_7,33,8,2
pg1_7,34,8,2
pg1_7,35,8,2
pg1_7,36,8,2
pg1_7,37,8,2
pg1_7,38,8,2
pg1_7,39,8,2
pg1_7,40,8,2
pg1_7,41,8,2
pg1_7,42,8,2
pg1_7,43,8,2
pg1_7,44,8,2
pg1_7,45,8,2
pg1_7,46,8,2
pg1_7,47,8,2
pg1_7,48,9,1
pg1_7,49,9,1
pg1_7,50,9,1
pg1_7,51,9,1
pg1_7,52,9,1
pg1_7,53,9,1
pg1_7,54,9,1
pg1_7,55,9,1
pg1_7,56,9,1
pg1_7,57,9,1
pg1_7,58,9,1
pg1_7,59,9,1
pg1_7,60,9,1
pg1_7,61,9,1
pg1_7,62,9,1
pg1_7,63,9,1
pg1_7,64,9,1
pg1_7,65,9,1
pg1_7,66,9,1
pg1_7,67,9,1
pg1_7,68,9,1
pg1_7,69,9,1
pg1_7,70,9,1
pg1_7,71,9,1
pg1_7,72,9,1
pg1_7,73,9,1
pg1_7,74,9,1
pg1_7,75,10,0
pg1_7,76,10,0
pg1_7,77,10,0
pg1_7,78,10,0
pg1_7,79,10,0
pg1_7,80,10,0
pg1_7,81,10,0
pg1_7,82,10,0
pg1_7,83,10,0
pg1_7,84,10,0
pg1_7,85,10,0
pg1_7,86,10,0
pg1_7,87,10,0
pg1_7,88,10,0
pg1_7,89,10,0
pg1_7,90,10,0
pg1_7,91,10,0
pg1_7,92,10,0
pg1_7,93,10,0
pg1_7,94,10,0
pg1_7,95,10,0
pg1_7,96,10,0
pg1_7,97,10,0
pg1_8,1,0,10
pg1_8,2,0,10
pg1_8,3,0,10
pg1_8,4,0,10
pg1_8,5,0,10
pg1_8,6,0,10
pg1_8,7,0,10
pg1_8,8,0,10
pg1_8,9,0,10
pg1_8,10,0,10
pg1_8,11,0,10
pg1_8,12,1,9
pg1_8,13,0,10
pg1_8,14,0,10
pg1_8,15,1,9
pg1_8,16,0,10
pg1_8,17,1,9
pg1_8,18,1,9
pg1_8,19,1,9
pg1_8,20,1,9
pg1_8,21,1,9
pg1_8,22,1,9
pg1_8,23,1,9
pg1_8,24,1,9
pg1_8,25,1,9
pg1_8,26,2,8
pg1_8,27,4,6
pg1_8,28,5,5
pg1_8,29,5,5
pg1_8,30,5,5
pg1_8,31,5,5
pg1_8,32,5,5
pg1_8,33,5,5
pg1_8,34,5,5
pg1_8,35,5,5
pg1_8,36,6,4
pg1_8,37,5,5
pg1_8,38,6,4
pg1_8,39,6,4
pg1_8,40,6,4
pg1_8,41,6,4
pg1_8,42,6,4
pg1_8,43,6,4
pg1_8,44,6,4
pg1_8,45,6,4
pg1_8,46,6,4
pg1_8,47,6,4
pg1_8,48,6,4
pg1_8,49,6,4
pg1_8,50,6,4
pg1_8,51,6,4
pg1_8,52,6,4
pg1_8,53,6,4
pg1_8,54,6,4
pg1_8,55,6,4
pg1_8,56,6,4
pg1_8,57,6,4
pg1_8,58,6,4
pg1_8,59,6,4
pg1_8,60,6,4
pg1_8,61,6,4
pg1_8,62,6,4
pg1_8,63,6,4
pg1_8,64,6,4
pg1_8,65,6,4
pg1_8,66,6,4
pg1_8,67,6,4
pg1_8,68,6,4
pg1_8,69,6,4
pg1_8,70,6,4
pg1_8,71,6,4
pg1_8,72,6,4
pg1_8,73,6,4
pg1_8,74,6,4
pg1_8,75,6,4
pg1_8,76,6,4
pg1_8,77,6,4
pg1_8,78,6,4
pg1_8,79,6,4
pg1_8,80,6,4
pg1_8,81,6,4
pg1_8,82,6,4
pg1_8,83,6,4
pg1_8,84,6,4
pg1_8,85,6,4
pg1_8,86,6,4
pg1_8,87,6,4
pg1_8,88,6,4
pg1_8,89,6,4
pg1_8,90,6,4
pg1_8,91,6,4
pg1_8,92,6,4
pg1_8,93,6,4
pg1_8,94,6,4
pg1_8,95,6,4
pg1_8,96,6,4
pg1_8,97,6,4
pg1_9,1,0,10
pg1_9,2,0,10
pg1_9,3,0,10
pg1_9,4,0,10
pg1_9,5,0,10
pg1_9,6,0,10
pg1_9,7,0,10
pg1_9,8,0,10
pg1_9,9,0,10
pg1_9,10,0,10
pg1_9,11,0,10
pg1_9,12,0,10
pg1_9,13,1,9
pg1_9,14,1,9
pg1_9,15,1,9
pg1_9,16,1,9
pg1_9,17,1,9
pg1_9,18,1,9
pg1_9,19,1,9
pg1_9,20,1,9
pg1_9,21,1,9
pg1_9,22,1,9
pg1_9,23,2,8
pg1_9,24,2,8
pg1_9,25,2,8
pg1_9,26,2,8
pg1_9,27,3,7
pg1_9,28,3,7
pg1_9,29,3,7
pg1_9,30,4,6
pg1_9,31,4,6
pg1_9,32,4,6
pg1_9,33,5,5
pg1_9,34,5,5
pg1_9,35,5,5
pg1_9,36,5,5
pg1_9,37,5,5
pg1_9,38,5,5
pg1_9,39,5,5
pg1_9,40,5,5
pg1_9,41,7,3
pg1_9,42,8,2
pg1_9,43,8,2
pg1_9,44,8,2
pg1_9,45,9,1
pg1_9,46,8,2
pg1_9,47,9,1
pg1_9,48,9,1
pg1_9,49,9,1
pg1_9,50,9,1
pg1_9,51,9,1
pg1_9,52,9,1
pg1_9,53,9,1
pg1_9,54,9,1
pg1_9,55,9,1
pg1_9,56,9,1
pg1_9,57,9,1
pg1_9,58,9,1
pg1_9,59,9,1
pg1_9,60,9,1
pg1_9,61,9,1
pg1_9,62,9,1
pg1_9,63,9,1
pg1_9,64,10,0
pg1_9,65,10,0
pg1_9,66,10,0
pg1_9,67,10,0
pg1_9,68,10,0
pg1_9,69,10,0
pg1_9,70,10,0
pg1_9,71,10,0
pg1_9,72,10,0
pg1_9,73,10,0
pg1_9,74,10,0
pg1_9,75,10,0
pg1_9,76,10,0
pg1_9,77,10,0
pg1_9,78,10,0
pg1_9,79,10,0
pg1_9,80,10,0
pg1_9,81,10,0
pg1_9,82,10,0
pg1_9,83,10,0
pg1_9,84,10,0
pg1_9,85,10,0
pg1_9,86,10,0
pg1_9,87,10,0
pg1_9,88,10,0
pg1_9,89,10,0
pg1_9,90,10,0
pg1_9,91,10,0
pg1_9,92,10,0
pg1_9,93,10,0
pg1_9,94,10,0
pg1_9,95,10,0
pg1_9,96,10,0
pg1_9,97,10,0
pg2_1,1,0,10
pg2_1,2,0,10
pg2_1,3,0,10
pg2_1,4,0,10
pg2_1,5,0,10
pg2_1,6,0,10
pg2_1,7,0,10
pg2_1,8,0,10
pg2_1,9,0,10
pg2_1,10,0,10
pg2_1,11,0,10
pg2_1,12,0,10
pg2_1,13,0,10
pg2_1,14,1,9
pg2_1,15,1,9
pg2_1,16,1,9
pg2_1,17,1,9
pg2_1,18,1,9
pg2_1,19,2,8
pg2_1,20,2,8
pg2_1,21,2,8
pg2_1,22,2,8
pg2_1,23,2,8
pg2_1,24,2,8
pg2_1,25,2,8
pg2_1,26,4,6
pg2_1,27,3,7
pg2_1,28,3,7
pg2_1,29,4,6
pg2_1,30,4,6
pg2_1,31,5,5
pg2_1,32,5,5
pg2_1,33,6,4
pg2_1,34,7,3
pg2_1,35,7,3
pg2_1,36,7,3
pg2_1,37,7,3
pg2_1,38,7,3
pg2_1,39,7,3
pg2_1,40,7,3
pg2_1,41,7,3
pg2_1,42,7,3
pg2_1,43,7,3
pg2_1,44,7,3
pg2_1,45,7,3
pg2_1,46,7,3
pg2_1,47,7,3
pg2_1,48,7,3
pg2_1,49,7,3
pg2_1,50,7,3
pg2_1,51,7,3
pg2_1,52,7,3
pg2_1,53,7,3
pg2_1,54,7,3
pg2_1,55,7,3
pg2_1,56,7,3
pg2_1,57,7,3
pg2_1,58,7,3
pg2_1,59,7,3
pg2_1,60,7,3
pg2_1,61,7,3
pg2_1,62,8,2
pg2_1,63,8,2
pg2_1,64,8,2
pg2_1,65,9,1
pg2_1,66,9,1
pg2_1,67,9,1
pg2_1,68,9,1
pg2_1,69,9,1
pg2_1,70,9,1
pg2_1,71,9,1
pg2_1,72,9,1
pg2_1,73,9,1
pg2_1,74,9,1
pg2_1,75,9,1
pg2_1,76,9,1
pg2_1,77,9,1
pg2_1,78,9,1
pg2_1,79,9,1
pg2_1,80,9,1
pg2_1,81,9,1
pg2_1,82,9,1
pg2_1,83,9,1
pg2_1,84,9,1
pg2_1,85,9,1
pg2_1,86,9,1
pg2_1,87,9,1
pg2_1,88,9,1
pg2_1,89,9,1
pg2_1,90,9,1
pg2_1,91,9,1
pg2_1,92,9,1
pg2_1,93,9,1
pg2_1,94,9,1
pg2_1,95,9,1
pg2_1,96,9,1
pg2_1,97,9,1
pg2_10,1,0,10
pg2_10,2,0,10
pg2_10,3,0,10
pg2_10,4,0,10
pg2_10,5,0,10
pg2_10,6,0,10
pg2_10,7,0,10
pg2_10,8,0,10
pg2_10,9,0,10
pg2_10,10,0,10
pg2_10,11,0,10
pg2_10,12,0,10
pg2_10,13,0,10
pg2_10,14,0,10
pg2_10,15,0,10
pg2_10,16,1,9
pg2_10,17,1,9
pg2_10,18,3,7
pg2_10,19,5,5
pg2_10,20,5,5
pg2_10,21,6,4
pg2_10,22,6,4
pg2_10,23,6,4
pg2_10,24,6,4
pg2_10,25,6,4
pg2_10,26,6,4
pg2_10,27,6,4
pg2_10,28,6,4
pg2_10,29,6,4
pg2_10,30,6,4
pg2_10,31,6,4
pg2_10,32,6,4
pg2_10,33,6,4
pg2_10,34,6,4
pg2_10,35,6,4
pg2_10,36,6,4
pg2_10,37,6,4
pg2_10,38,6,4
pg2_10,39,6,4
pg2_10,40,6,4
pg2_10,41,6,4
pg2_10,42,6,4
pg2_10,43,6,4
pg2_10,44,6,4
pg2_10,45,6,4
pg2_10,46,6,4
pg2_10,47,6,4
pg2_10,48,6,4
pg2_10,49,6,4
pg2_10,50,6,4
pg2_10,51,7,3
pg2_10,52,7,3
pg2_10,53,7,3
pg2_10,54,7,3
pg2_10,55,7,3
pg2_10,56,7,3
pg2_10,57,7,3
pg2_10,58,7,3
pg2_10,59,7,3
pg2_10,60,7,3
pg2_10,61,7,3
pg2_10,62,7,3
pg2_10,63,7,3
pg2_10,64,7,3
pg2_10,65,7,3
pg2_10,66,7,3
pg2_10,67,7,3
pg2_10,68,7,3
pg2_10,69,7,3
pg2_10,70,7,3
pg2_10,71,7,3
pg2_10,72,7,3
pg2_10,73,7,3
pg2_10,74,7,3
pg2_10,75,7,3
pg2_10,76,7,3
pg2_10,77,7,3
pg2_10,78,7,3
pg2_10,79,7,3
pg2_10,80,7,3
pg2_10,81,7,3
pg2_10,82,7,3
pg2_10,83,7,3
pg2_10,84,7,3
pg2_10,85,7,3
pg2_10,86,7,3
pg2_10,87,7,3
pg2_10,88,7,3
pg2_10,89,7,3
pg2_10,90,7,3
pg2_10,91,7,3
pg2_10,92,7,3
pg2_10,93,7,3
pg2_10,94,7,3
pg2_10,95,7,3
pg2_10,96,7,3
pg2_10,97,7,3
pg2_11,1,0,10
pg2_11,2,0,10
pg2_11,3,0,10
pg2_11,4,0,10
pg2_11,5,0,10
pg2_11,6,0,10
pg2_11,7,0,10
pg2_11,8,0,10
pg2_11,9,0,10
pg2_11,10,0,10
pg2_11,11,0,10
pg2_11,12,0,10
pg2_11,13,0,10
pg2_11,14,0,10
pg2_11,15,1,9
pg2_11,16,1,9
pg2_11,17,1,9
pg2_11,18,2,8
pg2_11,19,3,7
pg2_11,20,4,6
pg2_11,21,6,4
pg2_11,22,6,4
pg2_11,23,6,4
pg2_11,24,6,4
pg2_11,25,7,3
pg2_11,26,7,3
pg2_11,27,7,3
pg2_11,28,7,3
pg2_11,29,7,3
pg2_11,30,7,3
pg2_11,31,7,3
pg2_11,32,7,3
pg2_11,33,7,3
pg2_11,34,7,3
pg2_11,35,7,3
pg2_11,36,7,3
pg2_11,37,7,3
pg2_11,38,7,3
pg2_11,39,8,2
pg2_11,40,8,2
pg2_11,41,8,2
pg2_11,42,8,2
pg2_11,43,8,2
pg2_11,44,8,2
pg2_11,45,8,2
pg2_11,46,8,2
pg2_11,47,8,2
pg2_11,48,8,2
pg2_11,49,8,2
pg2_11,50,8,2
pg2_11,51,8,2
pg2_11,52,8,2
pg2_11,53,8,2
pg2_11,54,8,2
pg2_11,55,8,2
pg2_11,56,8,2
pg2_11,57,8,2
pg2_11,58,8,2
pg2_11,59,8,2
pg2_11,60,8,2
pg2_11,61,8,2
pg2_11,62,8,2
pg2_11,63,8,2
pg2_11,64,8,2
pg2_11,65,8,2
pg2_11,66,9,1
pg2_11,67,8,2
pg2_11,68,9,1
pg2_11,69,9,1
pg2_11,70,9,1
pg2_11,71,9,1
pg2_11,72,9,1
pg2_11,73,9,1
pg2_11,74,9,1
pg2_11,75,9,1
pg2_11,76,9,1
pg2_11,77,9,1
pg2_11,78,9,1
pg2_11,79,9,1
pg2_11,80,9,1
pg2_11,81,9,1
pg2_11,82,9,1
pg2_11,83,9,1
pg2_11,84,9,1
pg2_11,85,9,1
pg2_11,86,9,1
pg2_11,87,9,1
pg2_11,88,9,1
pg2_11,89,9,1
pg2_11,90,9,1
pg2_11,91,9,1
pg2_11,92,9,1
pg2_11,93,9,1
pg2_11,94,9,1
pg2_11,95,9,1
pg2_11,96,9,1
pg2_11,97,9,1
pg2_12,1,0,10
pg2_12,2,0,10
pg2_12,3,0,10
pg2_12,4,0,10
pg2_12,5,0,10
pg2_12,6,0,10
pg2_12,7,0,10
pg2_12,8,0,10
pg2_12,9,0,10
pg2_12,10,0,10
pg2_12,11,0,10
pg2_12,12,0,10
pg2_12,13,0,10
pg2_12,14,0,10
pg2_12,15,0,10
pg2_12,16,0,10
pg2_12,17,0,10
pg2_12,18,0,10
pg2_12,19,0,10
pg2_12,20,0,10
pg2_12,21,0,10
pg2_12,22,0,10
pg2_12,23,1,9
pg2_12,24,1,9
pg2_12,25,2,8
pg2_12,26,2,8
pg2_12,27,2,8
pg2_12,28,3,7
pg2_12,29,3,7
pg2_12,30,4,6
pg2_12,31,5,5
pg2_12,32,5,5
pg2_12,33,5,5
pg2_12,34,5,5
pg2_12,35,5,5
pg2_12,36,5,5
pg2_12,37,5,5
pg2_12,38,5,5
pg2_12,39,5,5
pg2_12,40,5,5
pg2_12,41,5,5
pg2_12,42,5,5
pg2_12,43,5,5
pg2_12,44,5,5
pg2_12,45,5,5
pg2_12,46,5,5
pg2_12,47,5,5
pg2_12,48,5,5
pg2_12,49,5,5
pg2_12,50,5,5
pg2_12,51,5,5
pg2_12,52,5,5
pg2_12,53,5,5
pg2_12,54,5,5
pg2_12,55,5,5
pg2_12,56,5,5
pg2_12,57,5,5
pg2_12,58,5,5
pg2_12,59,5,5
pg2_12,60,5,5
pg2_12,61,5,5
pg2_12,62,5,5
pg2_12,63,5,5
pg2_12,64,5,5
pg2_12,65,5,5
pg2_12,66,5,5
pg2_12,67,5,5
pg2_12,68,5,5
pg2_12,69,5,5
pg2_12,70,5,5
pg2_12,71,5,5
pg2_12,72,5,5
pg2_12,73,5,5
pg2_12,74,5,5
pg2_12,75,5,5
pg2_12,76,5,5
pg2_12,77,5,5
pg2_12,78,5,5
pg2_12,79,5,5
pg2_12,80,5,5
pg2_12,81,5,5
pg2_12,82,5,5
pg2_12,83,5,5
pg2_12,84,5,5
pg2_12,85,5,5
pg2_12,86,5,5
pg2_12,87,5,5
pg2_12,88,5,5
pg2_12,89,5,5
pg2_12,90,5,5
pg2_12,91,5,5
pg2_12,92,5,5
pg2_12,93,5,5
pg2_12,94,5,5
pg2_12,95,5,5
pg2_12,96,5,5
pg2_12,97,5,5
pg2_2,1,0,10
pg2_2,2,0,10
pg2_2,3,0,10
pg2_2,4,0,10
pg2_2,5,0,10
pg2_2,6,0,10
pg2_2,7,0,10
pg2_2,8,0,10
pg2_2,9,0,10
pg2_2,10,0,10
pg2_2,11,0,10
pg2_2,12,0,10
pg2_2,13,0,10
pg2_2,14,0,10
pg2_2,15,0,10
pg2_2,16,0,10
pg2_2,17,1,9
pg2_2,18,1,9
pg2_2,19,3,7
pg2_2,20,3,7
pg2_2,21,3,7
pg2_2,22,3,7
pg2_2,23,3,7
pg2_2,24,4,6
pg2_2,25,4,6
pg2_2,26,4,6
pg2_2,27,4,6
pg2_2,28,5,5
pg2_2,29,6,4
pg2_2,30,6,4
pg2_2,31,6,4
pg2_2,32,6,4
pg2_2,33,6,4
pg2_2,34,6,4
pg2_2,35,6,4
pg2_2,36,7,3
pg2_2,37,8,2
pg2_2,38,8,2
pg2_2,39,8,2
pg2_2,40,8,2
pg2_2,41,9,1
pg2_2,42,9,1
pg2_2,43,8,2
pg2_2,44,9,1
pg2_2,45,9,1
pg2_2,46,9,1
pg2_2,47,9,1
pg2_2,48,9,1
pg2_2,49,9,1
pg2_2,50,9,1
pg2_2,51,9,1
pg2_2,52,9,1
pg2_2,53,9,1
pg2_2,54,9,1
pg2_2,55,9,1
pg2_2,56,9,1
pg2_2,57,9,1
pg2_2,58,9,1
pg2_2,59,9,1
pg2_2,60,9,1
pg2_2,61,9,1
pg2_2,62,9,1
pg2_2,63,9,1
pg2_2,64,9,1
pg2_2,65,9,1
pg2_2,66,9,1
pg2_2,67,9,1
pg2_2,68,9,1
pg2_2,69,9,1
pg2_2,70,9,1
pg2_2,71,9,1
pg2_2,72,9,1
pg2_2,73,9,1
pg2_2,74,9,1
pg2_2,75,9,1
pg2_2,76,9,1
pg2_2,77,9,1
pg2_2,78,9,1
pg2_2,79,9,1
pg2_2,80,9,1
pg2_2,81,9,1
pg2_2,82,9,1
pg2_2,83,9,1
pg2_2,84,9,1
pg2_2,85,9,1
pg2_2,86,9,1
pg2_2,87,9,1
pg2_2,88,9,1
pg2_2,89,9,1
pg2_2,90,9,1
pg2_2,91,9,1
pg2_2,92,9,1
pg2_2,93,9,1
pg2_2,94,9,1
pg2_2,95,9,1
pg2_2,96,9,1
pg2_2,97,9,1
pg2_3,1,0,10
pg2_3,2,0,10
pg2_3,3,0,10
pg2_3,4,0,10
pg2_3,5,0,10
pg2_3,6,0,10
pg2_3,7,0,10
pg2_3,8,0,10
pg2_3,9,0,10
pg2_3,10,0,10
pg2_3,11,0,10
pg2_3,12,0,10
pg2_3,13,0,10
pg2_3,14,0,10
pg2_3,15,0,10
pg2_3,16,0,10
pg2_3,17,0,10
pg2_3,18,0,10
pg2_3,19,2,8
pg2_3,20,2,8
pg2_3,21,2,8
pg2_3,22,2,8
pg2_3,23,2,8
pg2_3,24,2,8
pg2_3,25,2,8
pg2_3,26,2,8
pg2_3,27,2,8
pg2_3,28,4,6
pg2_3,29,4,6
pg2_3,30,5,5
pg2_3,31,5,5
pg2_3,32,5,5
pg2_3,33,6,4
pg2_3,34,6,4
pg2_3,35,6,4
pg2_3,36,6,4
pg2_3,37,6,4
pg2_3,38,7,3
pg2_3,39,8,2
pg2_3,40,8,2
pg2_3,41,8,2
pg2_3,42,8,2
pg2_3,43,8,2
pg2_3,44,8,2
pg2_3,45,8,2
pg2_3,46,8,2
pg2_3,47,8,2
pg2_3,48,8,2
pg2_3,49,8,2
pg2_3,50,8,2
pg2_3,51,8,2
pg2_3,52,8,2
pg2_3,53,8,2
pg2_3,54,8,2
pg2_3,55,8,2
pg2_3,56,8,2
pg2_3,57,9,1
pg2_3,58,9,1
pg2_3,59,10,0
pg2_3,60,10,0
pg2_3,61,10,0
pg2_3,62,10,0
pg2_3,63,10,0
pg2_3,64,10,0
pg2_3,65,10,0
pg2_3,66,10,0
pg2_3,67,10,0
pg2_3,68,10,0
pg2_3,69,10,0
pg2_3,70,10,0
pg2_3,71,10,0
pg2_3,72,10,0
pg2_3,73,10,0
pg2_3,74,10,0
pg2_3,75,10,0
pg2_3,76,10,0
pg2_3,77,10,0
pg2_3,78,10,0
pg2_3,79,10,0
pg2_3,80,10,0
pg2_3,81,10,0
pg2_3,82,10,0
pg2_3,83,10,0
pg2_3,84,10,0
pg2_3,85,10,0
pg2_3,86,10,0
pg2_3,87,10,0
pg2_3,88,10,0
pg2_3,89,10,0
pg2_3,90,10,0
pg2_3,91,10,0
pg2_3,92,10,0
pg2_3,93,10,0
pg2_3,94,10,0
pg2_3,95,10,0
pg2_3,96,10,0
pg2_3,97,10,0
pg2_4,1,0,10
pg2_4,2,0,10
pg2_4,3,0,10
pg2_4,4,0,10
pg2_4,5,0,10
pg2_4,6,0,10
pg2_4,7,0,10
pg2_4,8,0,10
pg2_4,9,0,10
pg2_4,10,0,10
pg2_4,11,0,10
pg2_4,12,0,10
pg2_4,13,0,10
pg2_4,14,0,10
pg2_4,15,2,8
pg2_4,16,2,8
pg2_4,17,2,8
pg2_4,18,2,8
pg2_4,19,2,8
pg2_4,20,3,7
pg2_4,21,4,6
pg2_4,22,3,7
pg2_4,23,4,6
pg2_4,24,4,6
pg2_4,25,4,6
pg2_4,26,4,6
pg2_4,27,4,6
pg2_4,28,4,6
pg2_4,29,5,5
pg2_4,30,5,5
pg2_4,31,5,5
pg2_4,32,5,5
pg2_4,33,6,4
pg2_4,34,6,4
pg2_4,35,6,4
pg2_4,36,6,4
pg2_4,37,6,4
pg2_4,38,7,3
pg2_4,39,7,3
pg2_4,40,7,3
pg2_4,41,7,3
pg2_4,42,7,3
pg2_4,43,7,3
pg2_4,44,7,3
pg2_4,45,7,3
pg2_4,46,7,3
pg2_4,47,7,3
pg2_4,48,8,2
pg2_4,49,8,2
pg2_4,50,8,2
pg2_4,51,8,2
pg2_4,52,8,2
pg2_4,53,8,2
pg2_4,54,8,2
pg2_4,55,8,2
pg2_4,56,8,2
pg2_4,57,8,2
pg2_4,58,8,2
pg2_4,59,8,2
pg2_4,60,8,2
pg2_4,61,8,2
pg2_4,62,8,2
pg2_4,63,8,2
pg2_4,64,8,2
pg2_4,65,9,1
pg2_4,66,9,1
pg2_4,67,9,1
pg2_4,68,9,1
pg2_4,69,9,1
pg2_4,70,9,1
pg2_4,71,9,1
pg2_4,72,9,1
pg2_4,73,9,1
pg2_4,74,9,1
pg2_4,75,9,1
pg2_4,76,9,1
pg2_4,77,9,1
pg2_4,78,9,1
pg2_4,79,9,1
pg2_4,80,9,1
pg2_4,81,9,1
pg2_4,82,9,1
pg2_4,83,9,1
pg2_4,84,9,1
pg2_4,85,9,1
pg2_4,86,9,1
pg2_4,87,9,1
pg2_4,88,9,1
pg2_4,89,9,1
pg2_4,90,9,1
pg2_4,91,9,1
pg2_4,92,9,1
pg2_4,93,9,1
pg2_4,94,9,1
pg2_4,95,9,1
pg2_4,96,9,1
pg2_4,97,9,1
pg2_5,1,0,10
pg2_5,2,0,10
pg2_5,3,0,10
pg2_5,4,0,10
pg2_5,5,0,10
pg2_5,6,0,10
pg2_5,7,0,10
pg2_5,8,0,10
pg2_5,9,0,10
pg2_5,10,0,10
pg2_5,11,0,10
pg2_5,12,0,10
pg2_5,13,0,10
pg2_5,14,0,10
pg2_5,15,0,10
pg2_5,16,0,10
pg2_5,17,0,10
pg2_5,18,0,10
pg2_5,19,0,10
pg2_5,20,0,10
pg2_5,21,1,9
pg2_5,22,1,9
pg2_5,23,1,9
pg2_5,24,2,8
pg2_5,25,3,7
pg2_5,26,4,6
pg2_5,27,4,6
pg2_5,28,4,6
pg2_5,29,5,5
pg2_5,30,5,5
pg2_5,31,6,4
pg2_5,32,6,4
pg2_5,33,6,4
pg2_5,34,7,3
pg2_5,35,7,3
pg2_5,36,7,3
pg2_5,37,8,2
pg2_5,38,8,2
pg2_5,39,8,2
pg2_5,40,8,2
pg2_5,41,8,2
pg2_5,42,8,2
pg2_5,43,8,2
pg2_5,44,8,2
pg2_5,45,8,2
pg2_5,46,8,2
pg2_5,47,8,2
pg2_5,48,8,2
pg2_5,49,8,2
pg2_5,50,8,2
pg2_5,51,8,2
pg2_5,52,8,2
pg2_5,53,8,2
pg2_5,54,8,2
pg2_5,55,8,2
pg2_5,56,8,2
pg2_5,57,8,2
pg2_5,58,8,2
pg2_5,59,8,2
pg2_5,60,8,2
pg2_5,61,8,2
pg2_5,62,8,2
pg2_5,63,8,2
pg2_5,64,8,2
pg2_5,65,8,2
pg2_5,66,8,2
pg2_5,67,8,2
pg2_5,68,8,2
pg2_5,69,8,2
pg2_5,70,8,2
pg2_5,71,8,2
pg2_5,72,8,2
pg2_5,73,8,2
pg2_5,74,8,2
pg2_5,75,8,2
pg2_5,76,8,2
pg2_5,77,8,2
pg2_5,78,8,2
pg2_5,79,8,2
pg2_5,80,8,2
pg2_5,81,8,2
pg2_5,82,8,2
pg2_5,83,8,2
pg2_5,84,8,2
pg2_5,85,8,2
pg2_5,86,8,2
pg2_5,87,8,2
pg2_5,88,8,2
pg2_5,89,8,2
pg2_5,90,8,2
pg2_5,91,8,2
pg2_5,92,8,2
pg2_5,93,8,2
pg2_5,94,8,2
pg2_5,95,8,2
pg2_5,96,8,2
pg2_5,97,8,2
pg2_6,1,0,10
pg2_6,2,0,10
pg2_6,3,0,10
pg2_6,4,0,10
pg2_6,5,0,10
pg2_6,6,0,10
pg2_6,7,0,10
pg2_6,8,0,10
pg2_6,9,0,10
pg2_6,10,0,10
pg2_6,11,0,10
pg2_6,12,0,10
pg2_6,13,0,10
pg2_6,14,0,10
pg2_6,15,0,10
pg2_6,16,0,10
pg2_6,17,0,10
pg2_6,18,0,10
pg2_6,19,0,10
pg2_6,20,0,10
pg2_6,21,0,10
pg2_6,22,1,9
pg2_6,23,1,9
pg2_6,24,1,9
pg2_6,25,2,8
pg2_6,26,2,8
pg2_6,27,3,7
pg2_6,28,2,8
pg2_6,29,4,6
pg2_6,30,4,6
pg2_6,31,4,6
pg2_6,32,5,5
pg2_6,33,5,5
pg2_6,34,6,4
pg2_6,35,6,4
pg2_6,36,6,4
pg2_6,37,6,4
pg2_6,38,6,4
pg2_6,39,6,4
pg2_6,40,6,4
pg2_6,41,7,3
pg2_6,42,7,3
pg2_6,43,7,3
pg2_6,44,7,3
pg2_6,45,7,3
pg2_6,46,7,3
pg2_6,47,7,3
pg2_6,48,7,3
pg2_6,49,7,3
pg2_6,50,8,2
pg2_6,51,8,2
pg2_6,52,8,2
pg2_6,53,8,2
pg2_6,54,8,2
pg2_6,55,8,2
pg2_6,56,8,2
pg2_6,57,8,2
pg2_6,58,8,2
pg2_6,59,8,2
pg2_6,60,8,2
pg2_6,61,8,2
pg2_6,62,8,2
pg2_6,63,8,2
pg2_6,64,8,2
pg2_6,65,8,2
pg2_6,66,8,2
pg2_6,67,8,2
pg2_6,68,8,2
pg2_6,69,8,2
pg2_6,70,8,2
pg2_6,71,8,2
pg2_6,72,8,2
pg2_6,73,8,2
pg2_6,74,8,2
pg2_6,75,8,2
pg2_6,76,8,2
pg2_6,77,8,2
pg2_6,78,8,2
pg2_6,79,8,2
pg2_6,80,8,2
pg2_6,81,9,1
pg2_6,82,9,1
pg2_6,83,9,1
pg2_6,84,9,1
pg2_6,85,9,1
pg2_6,86,9,1
pg2_6,87,9,1
pg2_6,88,9,1
pg2_6,89,9,1
pg2_6,90,9,1
pg2_6,91,9,1
pg2_6,92,9,1
pg2_6,93,9,1
pg2_6,94,9,1
pg2_6,95,9,1
pg2_6,96,9,1
pg2_6,97,9,1
pg2_7,1,0,10
pg2_7,2,0,10
pg2_7,3,0,10
pg2_7,4,0,10
pg2_7,5,0,10
pg2_7,6,0,10
pg2_7,7,0,10
pg2_7,8,0,10
pg2_7,9,0,10
pg2_7,10,0,10
pg2_7,11,0,10
pg2_7,12,0,10
pg2_7,13,0,10
pg2_7,14,1,9
pg2_7,15,1,9
pg2_7,16,1,9
pg2_7,17,1,9
pg2_7,18,2,8
pg2_7,19,2,8
pg2_7,20,2,8
pg2_7,21,2,8
pg2_7,22,2,8
pg2_7,23,3,7
pg2_7,24,3,7
pg2_7,25,3,7
pg2_7,26,3,7
pg2_7,27,3,7
pg2_7,28,6,4
pg2_7,29,6,4
pg2_7,30,6,4
pg2_7,31,6,4
pg2_7,32,7,3
pg2_7,33,7,3
pg2_7,34,7,3
pg2_7,35,7,3
pg2_7,36,7,3
pg2_7,37,7,3
pg2_7,38,7,3
pg2_7,39,7,3
pg2_7,40,7,3
pg2_7,41,7,3
pg2_7,42,7,3
pg2_7,43,7,3
pg2_7,44,7,3
pg2_7,45,7,3
pg2_7,46,7,3
pg2_7,47,7,3
pg2_7,48,7,3
pg2_7,49,7,3
pg2_7,50,7,3
pg2_7,51,7,3
pg2_7,52,7,3
pg2_7,53,7,3
pg2_7,54,7,3
pg2_7,55,7,3
pg2_7,56,7,3
pg2_7,57,7,3
pg2_7,58,7,3
pg2_7,59,7,3
pg2_7,60,7,3
pg2_7,61,7,3
pg2_7,62,7,3
pg2_7,63,7,3
pg2_7,64,7,3
pg2_7,65,7,3
pg2_7,66,7,3
pg2_7,67,7,3
pg2_7,68,7,3
pg2_7,69,7,3
pg2_7,70,7,3
pg2_7,71,7,3
pg2_7,72,7,3
pg2_7,73,7,3
pg2_7,74,7,3
pg2_7,75,7,3
pg2_7,76,7,3
pg2_7,77,7,3
pg2_7,78,7,3
pg2_7,79,7,3
pg2_7,80,8,2
pg2_7,81,7,3
pg2_7,82,8,2
pg2_7,83,8,2
pg2_7,84,8,2
pg2_7,85,8,2
pg2_7,86,8,2
pg2_7,87,8,2
pg2_7,88,8,2
pg2_7,89,8,2
pg2_7,90,8,2
pg2_7,91,8,2
pg2_7,92,8,2
pg2_7,93,8,2
pg2_7,94,8,2
pg2_7,95,8,2
pg2_7,96,8,2
pg2_7,97,8,2
pg2_8,1,0,10
pg2_8,2,0,10
pg2_8,3,0,10
pg2_8,4,0,10
pg2_8,5,0,10
pg2_8,6,0,10
pg2_8,7,0,10
pg2_8,8,0,10
pg2_8,9,0,10
pg2_8,10,0,10
pg2_8,11,0,10
pg2_8,12,0,10
pg2_8,13,0,10
pg2_8,14,1,9
pg2_8,15,1,9
pg2_8,16,3,7
pg2_8,17,2,8
pg2_8,18,4,6
pg2_8,19,3,7
pg2_8,20,4,6
pg2_8,21,4,6
pg2_8,22,4,6
pg2_8,23,4,6
pg2_8,24,5,5
pg2_8,25,5,5
pg2_8,26,5,5
pg2_8,27,5,5
pg2_8,28,5,5
pg2_8,29,5,5
pg2_8,30,5,5
pg2_8,31,6,4
pg2_8,32,6,4
pg2_8,33,6,4
pg2_8,34,7,3
pg2_8,35,7,3
pg2_8,36,7,3
pg2_8,37,8,2
pg2_8,38,8,2
pg2_8,39,8,2
pg2_8,40,9,1
pg2_8,41,9,1
pg2_8,42,9,1
pg2_8,43,9,1
pg2_8,44,9,1
pg2_8,45,9,1
pg2_8,46,9,1
pg2_8,47,9,1
pg2_8,48,9,1
pg2_8,49,9,1
pg2_8,50,9,1
pg2_8,51,9,1
pg2_8,52,9,1
pg2_8,53,9,1
pg2_8,54,9,1
pg2_8,55,9,1
pg2_8,56,9,1
pg2_8,57,9,1
pg2_8,58,9,1
pg2_8,59,9,1
pg2_8,60,9,1
pg2_8,61,9,1
pg2_8,62,9,1
pg2_8,63,9,1
pg2_8,64,9,1
pg2_8,65,9,1
pg2_8,66,9,1
pg2_8,67,9,1
pg2_8,68,9,1
pg2_8,69,9,1
pg2_8,70,9,1
pg2_8,71,9,1
pg2_8,72,9,1
pg2_8,73,9,1
pg2_8,74,9,1
pg2_8,75,9,1
pg2_8,76,9,1
pg2_8,77,9,1
pg2_8,78,9,1
pg2_8,79,9,1
pg2_8,80,9,1
pg2_8,81,9,1
pg2_8,82,9,1
pg2_8,83,9,1
pg2_8,84,9,1
pg2_8,85,9,1
pg2_8,86,9,1
pg2_8,87,9,1
pg2_8,88,9,1
pg2_8,89,9,1
pg2_8,90,9,1
pg2_8,91,9,1
pg2_8,92,9,1
pg2_8,93,9,1
pg2_8,94,9,1
pg2_8,95,9,1
pg2_8,96,9,1
pg2_8,97,9,1
pg2_9,1,0,10
pg2_9,2,0,10
pg2_9,3,0,10
pg2_9,4,0,10
pg2_9,5,0,10
pg2_9,6,0,10
pg2_9,7,0,10
pg2_9,8,0,10
pg2_9,9,0,10
pg2_9,10,0,10
pg2_9,11,0,10
pg2_9,12,0,10
pg2_9,13,0,10
pg2_9,14,0,10
pg2_9,15,0,10
pg2_9,16,0,10
pg2_9,17,1,9
pg2_9,18,1,9
pg2_9,19,1,9
pg2_9,20,1,9
pg2_9,21,2,8
pg2_9,22,2,8
pg2_9,23,2,8
pg2_9,24,2,8
pg2_9,25,2,8
pg2_9,26,2,8
pg2_9,27,2,8
pg2_9,28,2,8
pg2_9,29,2,8
pg2_9,30,3,7
pg2_9,31,2,8
pg2_9,32,3,7
pg2_9,33,3,7
pg2_9,34,3,7
pg2_9,35,3,7
pg2_9,36,4,6
pg2_9,37,3,7
pg2_9,38,3,7
pg2_9,39,3,7
pg2_9,40,4,6
pg2_9,41,4,6
pg2_9,42,4,6
pg2_9,43,4,6
pg2_9,44,4,6
pg2_9,45,4,6
pg2_9,46,4,6
pg2_9,47,4,6
pg2_9,48,4,6
pg2_9,49,4,6
pg2_9,50,4,6
pg2_9,51,4,6
pg2_9,52,5,5
pg2_9,53,5,5
pg2_9,54,5,5
pg2_9,55,5,5
pg2_9,56,5,5
pg2_9,57,5,5
pg2_9,58,5,5
pg2_9,59,5,5
pg2_9,60,5,5
pg2_9,61,5,5
pg2_9,62,5,5
pg2_9,63,5,5
pg2_9,64,5,5
pg2_9,65,5,5
pg2_9,66,5,5
pg2_9,67,5,5
pg2_9,68,5,5
pg2_9,69,5,5
pg2_9,70,5,5
pg2_9,71,5,5
pg2_9,72,5,5
pg2_9,73,5,5
pg2_9,74,5,5
pg2_9,75,5,5
pg2_9,76,5,5
pg2_9,77,5,5
pg2_9,78,5,5
pg2_9,79,5,5
pg2_9,80,5,5
pg2_9,81,5,5
pg2_9,82,5,5
pg2_9,83,5,5
pg2_9,84,5,5
pg2_9,85,5,5
pg2_9,86,5,5
pg2_9,87,5,5
pg2_9,88,5,5
pg2_9,89,5,5
pg2_9,90,5,5
pg2_9,91,5,5
pg2_9,92,5,5
pg2_9,93,5,5
pg2_9,94,5,5
pg2_9,95,5,5
pg2_9,96,5,5
pg2_9,97,5,5
pg3_1,1,0,10
pg3_1,2,0,10
pg3_1,3,0,10
pg3_1,4,0,10
pg3_1,5,0,10
pg3_1,6,0,10
pg3_1,7,0,10
pg3_1,8,0,10
pg3_1,9,0,10
pg3_1,10,0,10
pg3_1,11,0,10
pg3_1,12,0,10
pg3_1,13,0,10
pg3_1,14,0,10
pg3_1,15,1,9
pg3_1,16,1,9
pg3_1,17,2,8
pg3_1,18,2,8
pg3_1,19,2,8
pg3_1,20,5,5
pg3_1,21,5,5
pg3_1,22,5,5
pg3_1,23,5,5
pg3_1,24,5,5
pg3_1,25,6,4
pg3_1,26,6,4
pg3_1,27,6,4
pg3_1,28,6,4
pg3_1,29,6,4
pg3_1,30,6,4
pg3_1,31,7,3
pg3_1,32,6,4
pg3_1,33,6,4
pg3_1,34,7,3
pg3_1,35,7,3
pg3_1,36,8,2
pg3_1,37,9,1
pg3_1,38,9,1
pg3_1,39,9,1
pg3_1,40,9,1
pg3_1,41,9,1
pg3_1,42,9,1
pg3_1,43,9,1
pg3_1,44,9,1
pg3_1,45,9,1
pg3_1,46,9,1
pg3_1,47,9,1
pg3_1,48,9,1
pg3_1,49,9,1
pg3_1,50,9,1
pg3_1,51,9,1
pg3_1,52,9,1
pg3_1,53,9,1
pg3_1,54,9,1
pg3_1,55,9,1
pg3_1,56,9,1
pg3_1,57,9,1
pg3_1,58,9,1
pg3_1,59,9,1
pg3_1,60,9,1
pg3_1,61,9,1
pg3_1,62,9,1
pg3_1,63,9,1
pg3_1,64,9,1
pg3_1,65,9,1
pg3_1,66,9,1
pg3_1,67,9,1
pg3_1,68,9,1
pg3_1,69,9,1
pg3_1,70,9,1
pg3_1,71,9,1
pg3_1,72,9,1
pg3_1,73,9,1
pg3_1,74,9,1
pg3_1,75,9,1
pg3_1,76,9,1
pg3_1,77,9,1
pg3_1,78,9,1
pg3_1,79,9,1
pg3_1,80,9,1
pg3_1,81,9,1
pg3_1,82,9,1
pg3_1,83,9,1
pg3_1,84,9,1
pg3_1,85,9,1
pg3_1,86,9,1
pg3_1,87,9,1
pg3_1,88,9,1
pg3_1,89,9,1
pg3_1,90,9,1
pg3_1,91,9,1
pg3_1,92,9,1
pg3_1,93,9,1
pg3_1,94,9,1
pg3_1,95,9,1
pg3_1,96,9,1
pg3_1,97,9,1
pg3_10,1,0,10
pg3_10,2,0,10
pg3_10,3,0,10
pg3_10,4,0,10
pg3_10,5,0,10
pg3_10,6,0,10
pg3_10,7,0,10
pg3_10,8,0,10
pg3_10,9,0,10
pg3_10,10,0,10
pg3_10,11,0,10
pg3_10,12,0,10
pg3_10,13,0,10
pg3_10,14,1,9
pg3_10,15,1,9
pg3_10,16,2,8
pg3_10,17,4,6
pg3_10,18,6,4
pg3_10,19,6,4
pg3_10,20,6,4
pg3_10,21,6,4
pg3_10,22,6,4
pg3_10,23,6,4
pg3_10,24,6,4
pg3_10,25,6,4
pg3_10,26,6,4
pg3_10,27,6,4
pg3_10,28,6,4
pg3_10,29,6,4
pg3_10,30,6,4
pg3_10,31,6,4
pg3_10,32,6,4
pg3_10,33,6,4
pg3_10,34,6,4
pg3_10,35,6,4
pg3_10,36,6,4
pg3_10,37,6,4
pg3_10,38,6,4
pg3_10,39,6,4
pg3_10,40,6,4
pg3_10,41,6,4
pg3_10,42,6,4
pg3_10,43,6,4
pg3_10,44,6,4
pg3_10,45,6,4
pg3_10,46,6,4
pg3_10,47,6,4
pg3_10,48,6,4
pg3_10,49,6,4
pg3_10,50,6,4
pg3_10,51,6,4
pg3_10,52,6,4
pg3_10,53,6,4
pg3_10,54,6,4
pg3_10,55,6,4
pg3_10,56,7,3
pg3_10,57,7,3
pg3_10,58,7,3
pg3_10,59,7,3
pg3_10,60,7,3
pg3_10,61,7,3
pg3_10,62,7,3
pg3_10,63,7,3
pg3_10,64,7,3
pg3_10,65,7,3
pg3_10,66,7,3
pg3_10,67,7,3
pg3_10,68,7,3
pg3_10,69,7,3
pg3_10,70,7,3
pg3_10,71,7,3
pg3_10,72,7,3
pg3_10,73,7,3
pg3_10,74,7,3
pg3_10,75,7,3
pg3_10,76,7,3
pg3_10,77,7,3
pg3_10,78,7,3
pg3_10,79,7,3
pg3_10,80,7,3
pg3_10,81,7,3
pg3_10,82,7,3
pg3_10,83,7,3
pg3_10,84,7,3
pg3_10,85,7,3
pg3_10,86,7,3
pg3_10,87,7,3
pg3_10,88,7,3
pg3_10,89,7,3
pg3_10,90,7,3
pg3_10,91,7,3
pg3_10,92,7,3
pg3_10,93,7,3
pg3_10,94,7,3
pg3_10,95,7,3
pg3_10,96,7,3
pg3_10,97,7,3
pg3_11,1,0,10
pg3_11,2,0,10
pg3_11,3,0,10
pg3_11,4,0,10
pg3_11,5,0,10
pg3_11,6,0,10
pg3_11,7,0,10
pg3_11,8,0,10
pg3_11,9,0,10
pg3_11,10,0,10
pg3_11,11,1,9
pg3_11,12,1,9
pg3_11,13,1,9
pg3_11,14,1,9
pg3_11,15,1,9
pg3_11,16,1,9
pg3_11,17,2,8
pg3_11,18,3,7
pg3_11,19,3,7
pg3_11,20,4,6
pg3_11,21,5,5
pg3_11,22,5,5
pg3_11,23,6,4
pg3_11,24,6,4
pg3_11,25,6,4
pg3_11,26,6,4
pg3_11,27,7,3
pg3_11,28,7,3
pg3_11,29,7,3
pg3_11,30,7,3
pg3_11,31,7,3
pg3_11,32,7,3
pg3_11,33,7,3
pg3_11,34,7,3
pg3_11,35,7,3
pg3_11,36,7,3
pg3_11,37,7,3
pg3_11,38,8,2
pg3_11,39,8,2
pg3_11,40,8,2
pg3_11,41,8,2
pg3_11,42,8,2
pg3_11,43,8,2
pg3_11,44,8,2
pg3_11,45,8,2
pg3_11,46,8,2
pg3_11,47,8,2
pg3_11,48,8,2
pg3_11,49,8,2
pg3_11,50,8,2
pg3_11,51,8,2
pg3_11,52,8,2
pg3_11,53,8,2
pg3_11,54,8,2
pg3_11,55,8,2
pg3_11,56,8,2
pg3_11,57,8,2
pg3_11,58,8,2
pg3_11,59,8,2
pg3_11,60,8,2
pg3_11,61,8,2
pg3_11,62,8,2
pg3_11,63,8,2
pg3_11,64,8,2
pg3_11,65,8,2
pg3_11,66,8,2
pg3_11,67,8,2
pg3_11,68,8,2
pg3_11,69,8,2
pg3_11,70,8,2
pg3_11,71,8,2
pg3_11,72,8,2
pg3_11,73,8,2
pg3_11,74,8,2
pg3_11,75,8,2
pg3_11,76,8,2
pg3_11,77,8,2
pg3_11,78,8,2
pg3_11,79,8,2
pg3_11,80,8,2
pg3_11,81,8,2
pg3_11,82,8,2
pg3_11,83,8,2
pg3_11,84,8,2
pg3_11,85,8,2
pg3_11,86,8,2
pg3_11,87,8,2
pg3_11,88,8,2
pg3_11,89,8,2
pg3_11,90,8,2
pg3_11,91,8,2
pg3_11,92,8,2
pg3_11,93,8,2
pg3_11,94,8,2
pg3_11,95,8,2
pg3_11,96,8,2
pg3_11,97,8,2
pg3_12,1,0,10
pg3_12,2,0,10
pg3_12,3,0,10
pg3_12,4,0,10
pg3_12,5,0,10
pg3_12,6,0,10
pg3_12,7,0,10
pg3_12,8,0,10
pg3_12,9,0,10
pg3_12,10,0,10
pg3_12,11,0,10
pg3_12,12,0,10
pg3_12,13,0,10
pg3_12,14,0,10
pg3_12,15,2,8
pg3_12,16,3,7
pg3_12,17,3,7
pg3_12,18,4,6
pg3_12,19,4,6
pg3_12,20,4,6
pg3_12,21,4,6
pg3_12,22,5,5
pg3_12,23,5,5
pg3_12,24,6,4
pg3_12,25,6,4
pg3_12,26,6,4
pg3_12,27,6,4
pg3_12,28,6,4
pg3_12,29,6,4
pg3_12,30,6,4
pg3_12,31,7,3
pg3_12,32,7,3
pg3_12,33,7,3
pg3_12,34,7,3
pg3_12,35,7,3
pg3_12,36,7,3
pg3_12,37,7,3
pg3_12,38,7,3
pg3_12,39,7,3
pg3_12,40,7,3
pg3_12,41,7,3
pg3_12,42,7,3
pg3_12,43,7,3
pg3_12,44,7,3
pg3_12,45,7,3
pg3_12,46,7,3
pg3_12,47,7,3
pg3_12,48,7,3
pg3_12,49,7,3
pg3_12,50,7,3
pg3_12,51,7,3
pg3_12,52,7,3
pg3_12,53,7,3
pg3_12,54,7,3
pg3_12,55,7,3
pg3_12,56,7,3
pg3_12,57,7,3
pg3_12,58,7,3
pg3_12,59,7,3
pg3_12,60,7,3
pg3_12,61,7,3
pg3_12,62,7,3
pg3_12,63,7,3
pg3_12,64,7,3
pg3_12,65,7,3
pg3_12,66,7,3
pg3_12,67,7,3
pg3_12,68,7,3
pg3_12,69,7,3
pg3_12,70,7,3
pg3_12,71,7,3
pg3_12,72,7,3
pg3_12,73,7,3
pg3_12,74,7,3
pg3_12,75,7,3
pg3_12,76,7,3
pg3_12,77,7,3
pg3_12,78,7,3
pg3_12,79,7,3
pg3_12,80,7,3
pg3_12,81,7,3
pg3_12,82,7,3
pg3_12,83,7,3
pg3_12,84,7,3
pg3_12,85,7,3
pg3_12,86,7,3
pg3_12,87,7,3
pg3_12,88,7,3
pg3_12,89,7,3
pg3_12,90,7,3
pg3_12,91,7,3
pg3_12,92,7,3
pg3_12,93,7,3
pg3_12,94,7,3
pg3_12,95,7,3
pg3_12,96,7,3
pg3_12,97,7,3
pg3_2,1,0,10
pg3_2,2,0,10
pg3_2,3,0,10
pg3_2,4,0,10
pg3_2,5,0,10
pg3_2,6,0,10
pg3_2,7,0,10
pg3_2,8,0,10
pg3_2,9,0,10
pg3_2,10,0,10
pg3_2,11,0,10
pg3_2,12,1,9
pg3_2,13,1,9
pg3_2,14,1,9
pg3_2,15,1,9
pg3_2,16,1,9
pg3_2,17,2,8
pg3_2,18,2,8
pg3_2,19,2,8
pg3_2,20,2,8
pg3_2,21,3,7
pg3_2,22,3,7
pg3_2,23,3,7
pg3_2,24,3,7
pg3_2,25,3,7
pg3_2,26,4,6
pg3_2,27,5,5
pg3_2,28,5,5
pg3_2,29,5,5
pg3_2,30,6,4
pg3_2,31,6,4
pg3_2,32,6,4
pg3_2,33,7,3
pg3_2,34,7,3
pg3_2,35,7,3
pg3_2,36,7,3
pg3_2,37,8,2
pg3_2,38,8,2
pg3_2,39,8,2
pg3_2,40,8,2
pg3_2,41,8,2
pg3_2,42,8,2
pg3_2,43,8,2
pg3_2,44,8,2
pg3_2,45,8,2
pg3_2,46,8,2
pg3_2,47,8,2
pg3_2,48,8,2
pg3_2,49,8,2
pg3_2,50,8,2
pg3_2,51,8,2
pg3_2,52,8,2
pg3_2,53,8,2
pg3_2,54,8,2
pg3_2,55,8,2
pg3_2,56,8,2
pg3_2,57,8,2
pg3_2,58,8,2
pg3_2,59,8,2
pg3_2,60,8,2
pg3_2,61,9,1
pg3_2,62,9,1
pg3_2,63,9,1
pg3_2,64,9,1
pg3_2,65,9,1
pg3_2,66,9,1
pg3_2,67,9,1
pg3_2,68,9,1
pg3_2,69,9,1
pg3_2,70,9,1
pg3_2,71,9,1
pg3_2,72,9,1
pg3_2,73,9,1
pg3_2,74,9,1
pg3_2,75,9,1
pg3_2,76,9,1
pg3_2,77,9,1
pg3_2,78,9,1
pg3_2,79,9,1
pg3_2,80,9,1
pg3_2,81,9,1
pg3_2,82,9,1
pg3_2,83,10,0
pg3_2,84,10,0
pg3_2,85,10,0
pg3_2,86,10,0
pg3_2,87,10,0
pg3_2,88,10,0
pg3_2,89,10,0
pg3_2,90,10,0
pg3_2,91,10,0
pg3_2,92,10,0
pg3_2,93,10,0
pg3_2,94,10,0
pg3_2,95,10,0
pg3_2,96,10,0
pg3_2,97,10,0
pg3_3,1,0,10
pg3_3,2,0,10
pg3_3,3,0,10
pg3_3,4,0,10
pg3_3,5,0,10
pg3_3,6,0,10
pg3_3,7,0,10
pg3_3,8,0,10
pg3_3,9,0,10
pg3_3,10,0,10
pg3_3,11,0,10
pg3_3,12,0,10
pg3_3,13,0,10
pg3_3,14,0,10
pg3_3,15,0,10
pg3_3,16,0,10
pg3_3,17,0,10
pg3_3,18,0,10
pg3_3,19,0,10
pg3_3,20,0,10
pg3_3,21,1,9
pg3_3,22,1,9
pg3_3,23,1,9
pg3_3,24,1,9
pg3_3,25,1,9
pg3_3,26,1,9
pg3_3,27,1,9
pg3_3,28,1,9
pg3_3,29,1,9
pg3_3,30,1,9
pg3_3,31,1,9
pg3_3,32,1,9
pg3_3,33,2,8
pg3_3,34,2,8
pg3_3,35,2,8
pg3_3,36,2,8
pg3_3,37,3,7
pg3_3,38,3,7
pg3_3,39,3,7
pg3_3,40,3,7
pg3_3,41,3,7
pg3_3,42,3,7
pg3_3,43,3,7
pg3_3,44,3,7
pg3_3,45,3,7
pg3_3,46,3,7
pg3_3,47,3,7
pg3_3,48,3,7
pg3_3,49,3,7
pg3_3,50,3,7
pg3_3,51,3,7
pg3_3,52,3,7
pg3_3,53,3,7
pg3_3,54,3,7
pg3_3,55,3,7
pg3_3,56,3,7
pg3_3,57,3,7
pg3_3,58,3,7
pg3_3,59,3,7
pg3_3,60,3,7
pg3_3,61,3,7
pg3_3,62,3,7
pg3_3,63,3,7
pg3_3,64,4,6
pg3_3,65,4,6
pg3_3,66,4,6
pg3_3,67,4,6
pg3_3,68,4,6
pg3_3,69,4,6
pg3_3,70,4,6
pg3_3,71,4,6
pg3_3,72,4,6
pg3_3,73,4,6
pg3_3,74,4,6
pg3_3,75,4,6
pg3_3,76,4,6
pg3_3,77,4,6
pg3_3,78,4,6
pg3_3,79,4,6
pg3_3,80,4,6
pg3_3,81,4,6
pg3_3,82,4,6
pg3_3,83,4,6
pg3_3,84,4,6
pg3_3,85,4,6
pg3_3,86,4,6
pg3_3,87,4,6
pg3_3,88,4,6
pg3_3,89,4,6
pg3_3,90,4,6
pg3_3,91,4,6
pg3_3,92,4,6
pg3_3,93,4,6
pg3_3,94,4,6
pg3_3,95,4,6
pg3_3,96,4,6
pg3_3,97,4,6
pg3_4,1,0,10
pg3_4,2,0,10
pg3_4,3,0,10
pg3_4,4,0,10
pg3_4,5,0,10
pg3_4,6,0,10
pg3_4,7,0,10
pg3_4,8,0,10
pg3_4,9,0,10
pg3_4,10,0,10
pg3_4,11,0,10
pg3_4,12,0,10
pg3_4,13,1,9
pg3_4,14,1,9
pg3_4,15,1,9
pg3_4,16,2,8
pg3_4,17,2,8
pg3_4,18,2,8
pg3_4,19,2,8
pg3_4,20,3,7
pg3_4,21,3,7
pg3_4,22,3,7
pg3_4,23,3,7
pg3_4,24,4,6
pg3_4,25,4,6
pg3_4,26,5,5
pg3_4,27,6,4
pg3_4,28,6,4
pg3_4,29,6,4
pg3_4,30,7,3
pg3_4,31,7,3
pg3_4,32,7,3
pg3_4,33,8,2
pg3_4,34,8,2
pg3_4,35,8,2
pg3_4,36,9,1
pg3_4,37,9,1
pg3_4,38,9,1
pg3_4,39,9,1
pg3_4,40,9,1
pg3_4,41,9,1
pg3_4,42,9,1
pg3_4,43,9,1
pg3_4,44,9,1
pg3_4,45,9,1
pg3_4,46,9,1
pg3_4,47,9,1
pg3_4,48,9,1
pg3_4,49,9,1
pg3_4,50,9,1
pg3_4,51,9,1
pg3_4,52,9,1
pg3_4,53,9,1
pg3_4,54,9,1
pg3_4,55,9,1
pg3_4,56,9,1
pg3_4,57,9,1
pg3_4,58,9,1
pg3_4,59,9,1
pg3_4,60,9,1
pg3_4,61,9,1
pg3_4,62,9,1
pg3_4,63,9,1
pg3_4,64,9,1
pg3_4,65,9,1
pg3_4,66,9,1
pg3_4,67,9,1
pg3_4,68,9,1
pg3_4,69,9,1
pg3_4,70,9,1
pg3_4,71,9,1
pg3_4,72,9,1
pg3_4,73,9,1
pg3_4,74,9,1
pg3_4,75,9,1
pg3_4,76,9,1
pg3_4,77,9,1
pg3_4,78,9,1
pg3_4,79,9,1
pg3_4,80,9,1
pg3_4,81,9,1
pg3_4,82,9,1
pg3_4,83,9,1
pg3_4,84,9,1
pg3_4,85,9,1
pg3_4,86,9,1
pg3_4,87,9,1
pg3_4,88,9,1
pg3_4,89,9,1
pg3_4,90,9,1
pg3_4,91,9,1
pg3_4,92,9,1
pg3_4,93,9,1
pg3_4,94,9,1
pg3_4,95,9,1
pg3_4,96,9,1
pg3_4,97,9,1
pg3_5,1,0,10
pg3_5,2,0,10
pg3_5,3,0,10
pg3_5,4,0,10
pg3_5,5,0,10
pg3_5,6,0,10
pg3_5,7,0,10
pg3_5,8,0,10
pg3_5,9,0,10
pg3_5,10,0,10
pg3_5,11,0,10
pg3_5,12,1,9
pg3_5,13,2,8
pg3_5,14,2,8
pg3_5,15,2,8
pg3_5,16,3,7
pg3_5,17,4,6
pg3_5,18,5,5
pg3_5,19,5,5
pg3_5,20,5,5
pg3_5,21,5,5
pg3_5,22,5,5
pg3_5,23,5,5
pg3_5,24,5,5
pg3_5,25,5,5
pg3_5,26,6,4
pg3_5,27,6,4
pg3_5,28,6,4
pg3_5,29,6,4
pg3_5,30,7,3
pg3_5,31,8,2
pg3_5,32,9,1
pg3_5,33,9,1
pg3_5,34,9,1
pg3_5,35,9,1
pg3_5,36,10,0
pg3_5,37,10,0
pg3_5,38,10,0
pg3_5,39,10,0
pg3_5,40,10,0
pg3_5,41,10,0
pg3_5,42,10,0
pg3_5,43,10,0
pg3_5,44,10,0
pg3_5,45,10,0
pg3_5,46,10,0
pg3_5,47,10,0
pg3_5,48,10,0
pg3_5,49,10,0
pg3_5,50,10,0
pg3_5,51,10,0
pg3_5,52,10,0
pg3_5,53,10,0
pg3_5,54,10,0
pg3_5,55,10,0
pg3_5,56,10,0
pg3_5,57,10,0
pg3_5,58,10,0
pg3_5,59,10,0
pg3_5,60,10,0
pg3_5,61,10,0
pg3_5,62,10,0
pg3_5,63,10,0
pg3_5,64,10,0
pg3_5,65,10,0
pg3_5,66,10,0
pg3_5,67,10,0
pg3_5,68,10,0
pg3_5,69,10,0
pg3_5,70,10,0
pg3_5,71,10,0
pg3_5,72,10,0
pg3_5,73,10,0
pg3_5,74,10,0
pg3_5,75,10,0
pg3_5,76,10,0
pg3_5,77,10,0
pg3_5,78,10,0
pg3_5,79,10,0
pg3_5,80,10,0
pg3_5,81,10,0
pg3_5,82,10,0
pg3_5,83,10,0
pg3_5,84,10,0
pg3_5,85,10,0
pg3_5,86,10,0
pg3_5,87,10,0
pg3_5,88,10,0
pg3_5,89,10,0
pg3_5,90,10,0
pg3_5,91,10,0
pg3_5,92,10,0
pg3_5,93,10,0
pg3_5,94,10,0
pg3_5,95,10,0
pg3_5,96,10,0
pg3_5,97,10,0
pg3_7,1,0,10
pg3_7,2,0,10
pg3_7,3,0,10
pg3_7,4,0,10
pg3_7,5,0,10
pg3_7,6,0,10
pg3_7,7,0,10
pg3_7,8,1,9
pg3_7,9,1,9
pg3_7,10,1,9
pg3_7,11,1,9
pg3_7,12,1,9
pg3_7,13,1,9
pg3_7,14,3,7
pg3_7,15,3,7
pg3_7,16,4,6
pg3_7,17,5,5
pg3_7,18,5,5
pg3_7,19,5,5
pg3_7,20,5,5
pg3_7,21,5,5
pg3_7,22,5,5
pg3_7,23,4,6
pg3_7,24,5,5
pg3_7,25,5,5
pg3_7,26,5,5
pg3_7,27,5,5
pg3_7,28,6,4
pg3_7,29,6,4
pg3_7,30,6,4
pg3_7,31,6,4
pg3_7,32,6,4
pg3_7,33,6,4
pg3_7,34,6,4
pg3_7,35,7,3
pg3_7,36,7,3
pg3_7,37,7,3
pg3_7,38,7,3
pg3_7,39,7,3
pg3_7,40,7,3
pg3_7,41,7,3
pg3_7,42,7,3
pg3_7,43,7,3
pg3_7,44,7,3
pg3_7,45,7,3
pg3_7,46,7,3
pg3_7,47,7,3
pg3_7,48,7,3
pg3_7,49,7,3
pg3_7,50,7,3
pg3_7,51,7,3
pg3_7,52,7,3
pg3_7,53,7,3
pg3_7,54,7,3
pg3_7,55,7,3
pg3_7,56,7,3
pg3_7,57,7,3
pg3_7,58,7,3
pg3_7,59,7,3
pg3_7,60,7,3
pg3_7,61,7,3
pg3_7,62,7,3
pg3_7,63,7,3
pg3_7,64,7,3
pg3_7,65,7,3
pg3_7,66,7,3
pg3_7,67,7,3
pg3_7,68,7,3
pg3_7,69,7,3
pg3_7,70,7,3
pg3_7,71,7,3
pg3_7,72,7,3
pg3_7,73,7,3
pg3_7,74,7,3
pg3_7,75,7,3
pg3_7,76,7,3
pg3_7,77,7,3
pg3_7,78,7,3
pg3_7,79,7,3
pg3_7,80,7,3
pg3_7,81,7,3
pg3_7,82,7,3
pg3_7,83,7,3
pg3_7,84,7,3
pg3_7,85,7,3
pg3_7,86,7,3
pg3_7,87,7,3
pg3_7,88,7,3
pg3_7,89,7,3
pg3_7,90,7,3
pg3_7,91,7,3
pg3_7,92,7,3
pg3_7,93,7,3
pg3_7,94,7,3
pg3_7,95,7,3
pg3_7,96,7,3
pg3_7,97,7,3
pg3_8,1,0,10
pg3_8,2,0,10
pg3_8,3,0,10
pg3_8,4,0,10
pg3_8,5,0,10
pg3_8,6,0,10
pg3_8,7,0,10
pg3_8,8,0,10
pg3_8,9,1,9
pg3_8,10,1,9
pg3_8,11,1,9
pg3_8,12,2,8
pg3_8,13,2,8
pg3_8,14,4,6
pg3_8,15,4,6
pg3_8,16,4,6
pg3_8,17,4,6
pg3_8,18,4,6
pg3_8,19,4,6
pg3_8,20,4,6
pg3_8,21,5,5
pg3_8,22,5,5
pg3_8,23,6,4
pg3_8,24,6,4
pg3_8,25,6,4
pg3_8,26,6,4
pg3_8,27,6,4
pg3_8,28,6,4
pg3_8,29,6,4
pg3_8,30,6,4
pg3_8,31,6,4
pg3_8,32,6,4
pg3_8,33,6,4
pg3_8,34,6,4
pg3_8,35,7,3
pg3_8,36,7,3
pg3_8,37,7,3
pg3_8,38,7,3
pg3_8,39,7,3
pg3_8,40,7,3
pg3_8,41,7,3
pg3_8,42,7,3
pg3_8,43,7,3
pg3_8,44,7,3
pg3_8,45,7,3
pg3_8,46,7,3
pg3_8,47,7,3
pg3_8,48,7,3
pg3_8,49,7,3
pg3_8,50,7,3
pg3_8,51,7,3
pg3_8,52,7,3
pg3_8,53,7,3
pg3_8,54,7,3
pg3_8,55,7,3
pg3_8,56,7,3
pg3_8,57,7,3
pg3_8,58,7,3
pg3_8,59,7,3
pg3_8,60,7,3
pg3_8,61,7,3
pg3_8,62,7,3
pg3_8,63,7,3
pg3_8,64,7,3
pg3_8,65,7,3
pg3_8,66,7,3
pg3_8,67,7,3
pg3_8,68,7,3
pg3_8,69,7,3
pg3_8,70,7,3
pg3_8,71,7,3
pg3_8,72,7,3
pg3_8,73,7,3
pg3_8,74,7,3
pg3_8,75,7,3
pg3_8,76,7,3
pg3_8,77,7,3
pg3_8,78,7,3
pg3_8,79,7,3
pg3_8,80,7,3
pg3_8,81,7,3
pg3_8,82,7,3
pg3_8,83,7,3
pg3_8,84,7,3
pg3_8,85,7,3
pg3_8,86,7,3
pg3_8,87,7,3
pg3_8,88,7,3
pg3_8,89,7,3
pg3_8,90,7,3
pg3_8,91,7,3
pg3_8,92,7,3
pg3_8,93,7,3
pg3_8,94,7,3
pg3_8,95,7,3
pg3_8,96,7,3
pg3_8,97,7,3
pg3_9,1,0,10
pg3_9,2,0,10
pg3_9,3,0,10
pg3_9,4,0,10
pg3_9,5,0,10
pg3_9,6,0,10
pg3_9,7,0,10
pg3_9,8,0,10
pg3_9,9,0,10
pg3_9,10,1,9
pg3_9,11,1,9
pg3_9,12,1,9
pg3_9,13,1,9
pg3_9,14,1,9
pg3_9,15,1,9
pg3_9,16,1,9
pg3_9,17,2,8
pg3_9,18,3,7
pg3_9,19,3,7
pg3_9,20,3,7
pg3_9,21,3,7
pg3_9,22,3,7
pg3_9,23,3,7
pg3_9,24,3,7
pg3_9,25,4,6
pg3_9,26,4,6
pg3_9,27,4,6
pg3_9,28,4,6
pg3_9,29,5,5
pg3_9,30,7,3
pg3_9,31,7,3
pg3_9,32,7,3
pg3_9,33,7,3
pg3_9,34,7,3
pg3_9,35,7,3
pg3_9,36,7,3
pg3_9,37,7,3
pg3_9,38,7,3
pg3_9,39,7,3
pg3_9,40,7,3
pg3_9,41,7,3
pg3_9,42,7,3
pg3_9,43,7,3
pg3_9,44,8,2
pg3_9,45,7,3
pg3_9,46,8,2
pg3_9,47,8,2
pg3_9,48,8,2
pg3_9,49,8,2
pg3_9,50,8,2
pg3_9,51,8,2
pg3_9,52,8,2
pg3_9,53,8,2
pg3_9,54,8,2
pg3_9,55,8,2
pg3_9,56,8,2
pg3_9,57,8,2
pg3_9,58,8,2
pg3_9,59,8,2
pg3_9,60,8,2
pg3_9,61,8,2
pg3_9,62,8,2
pg3_9,63,8,2
pg3_9,64,8,2
pg3_9,65,8,2
pg3_9,66,8,2
pg3_9,67,8,2
pg3_9,68,8,2
pg3_9,69,8,2
pg3_9,70,8,2
pg3_9,71,8,2
pg3_9,72,8,2
pg3_9,73,8,2
pg3_9,74,8,2
pg3_9,75,8,2
pg3_9,76,8,2
pg3_9,77,8,2
pg3_9,78,8,2
pg3_9,79,8,2
pg3_9,80,8,2
pg3_9,81,8,2
pg3_9,82,8,2
pg3_9,83,8,2
pg3_9,84,8,2
pg3_9,85,8,2
pg3_9,86,8,2
pg3_9,87,8,2
pg3_9,88,8,2
pg3_9,89,8,2
pg3_9,90,8,2
pg3_9,91,8,2
pg3_9,92,8,2
pg3_9,93,8,2
pg3_9,94,8,2
pg3_9,95,8,2
pg3_9,96,8,2
pg3_9,97,8,2
pg4_1,1,0,10
pg4_1,2,0,10
pg4_1,3,2,8
pg4_1,4,2,8
pg4_1,5,2,8
pg4_1,6,2,8
pg4_1,7,2,8
pg4_1,8,2,8
pg4_1,9,2,8
pg4_1,10,2,8
pg4_1,11,2,8
pg4_1,12,2,8
pg4_1,13,2,8
pg4_1,14,3,7
pg4_1,15,3,7
pg4_1,16,3,7
pg4_1,17,3,7
pg4_1,18,3,7
pg4_1,19,3,7
pg4_1,20,3,7
pg4_1,21,3,7
pg4_1,22,3,7
pg4_1,23,3,7
pg4_1,24,3,7
pg4_1,25,4,6
pg4_1,26,5,5
pg4_1,27,5,5
pg4_1,28,5,5
pg4_1,29,5,5
pg4_1,30,5,5
pg4_1,31,5,5
pg4_1,32,5,5
pg4_1,33,5,5
pg4_1,34,6,4
pg4_1,35,5,5
pg4_1,36,6,4
pg4_1,37,6,4
pg4_1,38,7,3
pg4_1,39,7,3
pg4_1,40,7,3
pg4_1,41,7,3
pg4_1,42,7,3
pg4_1,43,7,3
pg4_1,44,7,3
pg4_1,45,7,3
pg4_1,46,7,3
pg4_1,47,7,3
pg4_1,48,8,2
pg4_1,49,8,2
pg4_1,50,8,2
pg4_1,51,8,2
pg4_1,52,8,2
pg4_1,53,8,2
pg4_1,54,8,2
pg4_1,55,8,2
pg4_1,56,8,2
pg4_1,57,8,2
pg4_1,58,8,2
pg4_1,59,8,2
pg4_1,60,8,2
pg4_1,61,8,2
pg4_1,62,8,2
pg4_1,63,8,2
pg4_1,64,8,2
pg4_1,65,8,2
pg4_1,66,8,2
pg4_1,67,8,2
pg4_1,68,8,2
pg4_1,69,8,2
pg4_1,70,8,2
pg4_1,71,8,2
pg4_1,72,8,2
pg4_1,73,8,2
pg4_1,74,8,2
pg4_1,75,8,2
pg4_1,76,8,2
pg4_1,77,8,2
pg4_1,78,8,2
pg4_1,79,8,2
pg4_1,80,8,2
pg4_1,81,8,2
pg4_1,82,8,2
pg4_1,83,8,2
pg4_1,84,8,2
pg4_1,85,8,2
pg4_1,86,8,2
pg4_1,87,8,2
pg4_1,88,8,2
pg4_1,89,8,2
pg4_1,90,8,2
pg4_1,91,8,2
pg4_1,92,8,2
pg4_1,93,8,2
pg4_1,94,8,2
pg4_1,95,8,2
pg4_1,96,8,2
pg4_1,97,8,2
pg4_10,1,0,11
pg4_10,2,0,11
pg4_10,3,0,11
pg4_10,4,0,11
pg4_10,5,0,11
pg4_10,6,0,11
pg4_10,7,0,11
pg4_10,8,0,11
pg4_10,9,0,11
pg4_10,10,0,11
pg4_10,11,0,11
pg4_10,12,0,11
pg4_10,13,0,11
pg4_10,14,0,11
pg4_10,15,0,11
pg4_10,16,0,11
pg4_10,17,0,11
pg4_10,18,0,11
pg4_10,19,0,11
pg4_10,20,1,10
pg4_10,21,1,10
pg4_10,22,2,9
pg4_10,23,2,9
pg4_10,24,2,9
pg4_10,25,3,8
pg4_10,26,2,9
pg4_10,27,2,9
pg4_10,28,3,8
pg4_10,29,4,7
pg4_10,30,4,7
pg4_10,31,5,6
pg4_10,32,6,5
pg4_10,33,7,4
pg4_10,34,7,4
pg4_10,35,8,3
pg4_10,36,8,3
pg4_10,37,9,2
pg4_10,38,8,3
pg4_10,39,8,3
pg4_10,40,9,2
pg4_10,41,10,1
pg4_10,42,10,1
pg4_10,43,10,1
pg4_10,44,10,1
pg4_10,45,10,1
pg4_10,46,10,1
pg4_10,47,10,1
pg4_10,48,10,1
pg4_10,49,10,1
pg4_10,50,11,0
pg4_10,51,11,0
pg4_10,52,11,0
pg4_10,53,11,0
pg4_10,54,11,0
pg4_10,55,11,0
pg4_10,56,11,0
pg4_10,57,11,0
pg4_10,58,11,0
pg4_10,59,11,0
pg4_10,60,11,0
pg4_10,61,11,0
pg4_10,62,11,0
pg4_10,63,11,0
pg4_10,64,11,0
pg4_10,65,11,0
pg4_10,66,11,0
pg4_10,67,11,0
pg4_10,68,11,0
pg4_10,69,11,0
pg4_10,70,11,0
pg4_10,71,11,0
pg4_10,72,11,0
pg4_10,73,11,0
pg4_10,74,11,0
pg4_10,75,11,0
pg4_10,76,11,0
pg4_10,77,11,0
pg4_10,78,11,0
pg4_10,79,11,0
pg4_10,80,11,0
pg4_10,81,11,0
pg4_10,82,11,0
pg4_10,83,11,0
pg4_10,84,11,0
pg4_10,85,11,0
pg4_10,86,11,0
pg4_10,87,11,0
pg4_10,88,11,0
pg4_10,89,11,0
pg4_10,90,11,0
pg4_10,91,11,0
pg4_10,92,11,0
pg4_10,93,11,0
pg4_10,94,11,0
pg4_10,95,11,0
pg4_10,96,11,0
pg4_10,97,11,0
pg4_11,1,0,10
pg4_11,2,0,10
pg4_11,3,0,10
pg4_11,4,0,10
pg4_11,5,0,10
pg4_11,6,0,10
pg4_11,7,0,10
pg4_11,8,0,10
pg4_11,9,0,10
pg4_11,10,0,10
pg4_11,11,0,10
pg4_11,12,0,10
pg4_11,13,1,9
pg4_11,14,0,10
pg4_11,15,1,9
pg4_11,16,1,9
pg4_11,17,1,9
pg4_11,18,1,9
pg4_11,19,1,9
pg4_11,20,1,9
pg4_11,21,2,8
pg4_11,22,2,8
pg4_11,23,2,8
pg4_11,24,3,7
pg4_11,25,2,8
pg4_11,26,3,7
pg4_11,27,4,6
pg4_11,28,5,5
pg4_11,29,6,4
pg4_11,30,6,4
pg4_11,31,7,3
pg4_11,32,7,3
pg4_11,33,8,2
pg4_11,34,8,2
pg4_11,35,8,2
pg4_11,36,8,2
pg4_11,37,8,2
pg4_11,38,8,2
pg4_11,39,8,2
pg4_11,40,8,2
pg4_11,41,8,2
pg4_11,42,8,2
pg4_11,43,8,2
pg4_11,44,8,2
pg4_11,45,9,1
pg4_11,46,9,1
pg4_11,47,9,1
pg4_11,48,9,1
pg4_11,49,9,1
pg4_11,50,9,1
pg4_11,51,9,1
pg4_11,52,9,1
pg4_11,53,9,1
pg4_11,54,9,1
pg4_11,55,9,1
pg4_11,56,9,1
pg4_11,57,9,1
pg4_11,58,9,1
pg4_11,59,9,1
pg4_11,60,9,1
pg4_11,61,9,1
pg4_11,62,9,1
pg4_11,63,9,1
pg4_11,64,9,1
pg4_11,65,9,1
pg4_11,66,9,1
pg4_11,67,9,1
pg4_11,68,9,1
pg4_11,69,9,1
pg4_11,70,9,1
pg4_11,71,9,1
pg4_11,72,9,1
pg4_11,73,9,1
pg4_11,74,9,1
pg4_11,75,9,1
pg4_11,76,9,1
pg4_11,77,9,1
pg4_11,78,9,1
pg4_11,79,9,1
pg4_11,80,9,1
pg4_11,81,9,1
pg4_11,82,10,0
pg4_11,83,10,0
pg4_11,84,10,0
pg4_11,85,10,0
pg4_11,86,10,0
pg4_11,87,10,0
pg4_11,88,10,0
pg4_11,89,10,0
pg4_11,90,10,0
pg4_11,91,10,0
pg4_11,92,10,0
pg4_11,93,10,0
pg4_11,94,10,0
pg4_11,95,10,0
pg4_11,96,10,0
pg4_11,97,10,0
pg4_12,1,0,10
pg4_12,2,0,10
pg4_12,3,0,10
pg4_12,4,0,10
pg4_12,5,0,10
pg4_12,6,0,10
pg4_12,7,0,10
pg4_12,8,0,10
pg4_12,9,0,10
pg4_12,10,0,10
pg4_12,11,1,9
pg4_12,12,0,10
pg4_12,13,1,9
pg4_12,14,1,9
pg4_12,15,1,9
pg4_12,16,1,9
pg4_12,17,1,9
pg4_12,18,2,8
pg4_12,19,2,8
pg4_12,20,2,8
pg4_12,21,3,7
pg4_12,22,3,7
pg4_12,23,3,7
pg4_12,24,3,7
pg4_12,25,3,7
pg4_12,26,3,7
pg4_12,27,3,7
pg4_12,28,4,6
pg4_12,29,4,6
pg4_12,30,4,6
pg4_12,31,4,6
pg4_12,32,4,6
pg4_12,33,4,6
pg4_12,34,4,6
pg4_12,35,4,6
pg4_12,36,4,6
pg4_12,37,4,6
pg4_12,38,4,6
pg4_12,39,4,6
pg4_12,40,4,6
pg4_12,41,4,6
pg4_12,42,4,6
pg4_12,43,5,5
pg4_12,44,5,5
pg4_12,45,6,4
pg4_12,46,6,4
pg4_12,47,7,3
pg4_12,48,7,3
pg4_12,49,7,3
pg4_12,50,7,3
pg4_12,51,7,3
pg4_12,52,7,3
pg4_12,53,7,3
pg4_12,54,7,3
pg4_12,55,7,3
pg4_12,56,7,3
pg4_12,57,7,3
pg4_12,58,7,3
pg4_12,59,7,3
pg4_12,60,7,3
pg4_12,61,7,3
pg4_12,62,7,3
pg4_12,63,7,3
pg4_12,64,7,3
pg4_12,65,7,3
pg4_12,66,8,2
pg4_12,67,8,2
pg4_12,68,8,2
pg4_12,69,9,1
pg4_12,70,9,1
pg4_12,71,9,1
pg4_12,72,9,1
pg4_12,73,9,1
pg4_12,74,9,1
pg4_12,75,9,1
pg4_12,76,9,1
pg4_12,77,9,1
pg4_12,78,9,1
pg4_12,79,9,1
pg4_12,80,9,1
pg4_12,81,9,1
pg4_12,82,9,1
pg4_12,83,9,1
pg4_12,84,9,1
pg4_12,85,9,1
pg4_12,86,9,1
pg4_12,87,9,1
pg4_12,88,9,1
pg4_12,89,9,1
pg4_12,90,9,1
pg4_12,91,9,1
pg4_12,92,9,1
pg4_12,93,9,1
pg4_12,94,9,1
pg4_12,95,9,1
pg4_12,96,9,1
pg4_12,97,9,1
pg4_2,1,0,10
pg4_2,2,0,10
pg4_2,3,0,10
pg4_2,4,0,10
pg4_2,5,0,10
pg4_2,6,0,10
pg4_2,7,0,10
pg4_2,8,0,10
pg4_2,9,0,10
pg4_2,10,0,10
pg4_2,11,0,10
pg4_2,12,0,10
pg4_2,13,0,10
pg4_2,14,0,10
pg4_2,15,1,9
pg4_2,16,1,9
pg4_2,17,1,9
pg4_2,18,1,9
pg4_2,19,1,9
pg4_2,20,1,9
pg4_2,21,1,9
pg4_2,22,2,8
pg4_2,23,4,6
pg4_2,24,6,4
pg4_2,25,6,4
pg4_2,26,7,3
pg4_2,27,7,3
pg4_2,28,7,3
pg4_2,29,7,3
pg4_2,30,8,2
pg4_2,31,8,2
pg4_2,32,8,2
pg4_2,33,8,2
pg4_2,34,8,2
pg4_2,35,8,2
pg4_2,36,8,2
pg4_2,37,8,2
pg4_2,38,8,2
pg4_2,39,8,2
pg4_2,40,8,2
pg4_2,41,8,2
pg4_2,42,8,2
pg4_2,43,8,2
pg4_2,44,8,2
pg4_2,45,8,2
pg4_2,46,8,2
pg4_2,47,8,2
pg4_2,48,8,2
pg4_2,49,8,2
pg4_2,50,8,2
pg4_2,51,8,2
pg4_2,52,8,2
pg4_2,53,8,2
pg4_2,54,8,2
pg4_2,55,8,2
pg4_2,56,8,2
pg4_2,57,8,2
pg4_2,58,8,2
pg4_2,59,8,2
pg4_2,60,8,2
pg4_2,61,8,2
pg4_2,62,8,2
pg4_2,63,8,2
pg4_2,64,8,2
pg4_2,65,8,2
pg4_2,66,8,2
pg4_2,67,8,2
pg4_2,68,8,2
pg4_2,69,8,2
pg4_2,70,8,2
pg4_2,71,8,2
pg4_2,72,8,2
pg4_2,73,8,2
pg4_2,74,8,2
pg4_2,75,8,2
pg4_2,76,8,2
pg4_2,77,8,2
pg4_2,78,8,2
pg4_2,79,8,2
pg4_2,80,8,2
pg4_2,81,8,2
pg4_2,82,8,2
pg4_2,83,8,2
pg4_2,84,8,2
pg4_2,85,8,2
pg4_2,86,8,2
pg4_2,87,8,2
pg4_2,88,8,2
pg4_2,89,8,2
pg4_2,90,8,2
pg4_2,91,8,2
pg4_2,92,8,2
pg4_2,93,8,2
pg4_2,94,8,2
pg4_2,95,8,2
pg4_2,96,8,2
pg4_2,97,8,2
pg4_3,1,0,10
pg4_3,2,0,10
pg4_3,3,0,10
pg4_3,4,0,10
pg4_3,5,0,10
pg4_3,6,0,10
pg4_3,7,0,10
pg4_3,8,0,10
pg4_3,9,0,10
pg4_3,10,0,10
pg4_3,11,0,10
pg4_3,12,1,9
pg4_3,13,1,9
pg4_3,14,1,9
pg4_3,15,1,9
pg4_3,16,2,8
pg4_3,17,2,8
pg4_3,18,2,8
pg4_3,19,2,8
pg4_3,20,3,7
pg4_3,21,3,7
pg4_3,22,3,7
pg4_3,23,3,7
pg4_3,24,4,6
pg4_3,25,4,6
pg4_3,26,4,6
pg4_3,27,5,5
pg4_3,28,5,5
pg4_3,29,5,5
pg4_3,30,5,5
pg4_3,31,7,3
pg4_3,32,6,4
pg4_3,33,7,3
pg4_3,34,7,3
pg4_3,35,7,3
pg4_3,36,7,3
pg4_3,37,7,3
pg4_3,38,7,3
pg4_3,39,7,3
pg4_3,40,7,3
pg4_3,41,7,3
pg4_3,42,7,3
pg4_3,43,7,3
pg4_3,44,8,2
pg4_3,45,8,2
pg4_3,46,8,2
pg4_3,47,9,1
pg4_3,48,9,1
pg4_3,49,9,1
pg4_3,50,9,1
pg4_3,51,9,1
pg4_3,52,9,1
pg4_3,53,9,1
pg4_3,54,9,1
pg4_3,55,9,1
pg4_3,56,9,1
pg4_3,57,10,0
pg4_3,58,10,0
pg4_3,59,10,0
pg4_3,60,10,0
pg4_3,61,10,0
pg4_3,62,10,0
pg4_3,63,10,0
pg4_3,64,10,0
pg4_3,65,10,0
pg4_3,66,10,0
pg4_3,67,10,0
pg4_3,68,10,0
pg4_3,69,10,0
pg4_3,70,10,0
pg4_3,71,10,0
pg4_3,72,10,0
pg4_3,73,10,0
pg4_3,74,10,0
pg4_3,75,10,0
pg4_3,76,10,0
pg4_3,77,10,0
pg4_3,78,10,0
pg4_3,79,10,0
pg4_3,80,10,0
pg4_3,81,10,0
pg4_3,82,10,0
pg4_3,83,10,0
pg4_3,84,10,0
pg4_3,85,10,0
pg4_3,86,10,0
pg4_3,87,10,0
pg4_3,88,10,0
pg4_3,89,10,0
pg4_3,90,10,0
pg4_3,91,10,0
pg4_3,92,10,0
pg4_3,93,10,0
pg4_3,94,10,0
pg4_3,95,10,0
pg4_3,96,10,0
pg4_3,97,10,0
pg4_4,1,0,10
pg4_4,2,0,10
pg4_4,3,0,10
pg4_4,4,0,10
pg4_4,5,0,10
pg4_4,6,0,10
pg4_4,7,0,10
pg4_4,8,0,10
pg4_4,9,0,10
pg4_4,10,0,10
pg4_4,11,0,10
pg4_4,12,0,10
pg4_4,13,0,10
pg4_4,14,0,10
pg4_4,15,0,10
pg4_4,16,0,10
pg4_4,17,0,10
pg4_4,18,2,8
pg4_4,19,1,9
pg4_4,20,2,8
pg4_4,21,3,7
pg4_4,22,3,7
pg4_4,23,3,7
pg4_4,24,3,7
pg4_4,25,3,7
pg4_4,26,3,7
pg4_4,27,3,7
pg4_4,28,3,7
pg4_4,29,4,6
pg4_4,30,4,6
pg4_4,31,5,5
pg4_4,32,5,5
pg4_4,33,5,5
pg4_4,34,5,5
pg4_4,35,5,5
pg4_4,36,5,5
pg4_4,37,6,4
pg4_4,38,6,4
pg4_4,39,7,3
pg4_4,40,8,2
pg4_4,41,8,2
pg4_4,42,8,2
pg4_4,43,8,2
pg4_4,44,8,2
pg4_4,45,8,2
pg4_4,46,8,2
pg4_4,47,8,2
pg4_4,48,8,2
pg4_4,49,9,1
pg4_4,50,10,0
pg4_4,51,10,0
pg4_4,52,10,0
pg4_4,53,10,0
pg4_4,54,10,0
pg4_4,55,10,0
pg4_4,56,10,0
pg4_4,57,10,0
pg4_4,58,10,0
pg4_4,59,10,0
pg4_4,60,10,0
pg4_4,61,10,0
pg4_4,62,10,0
pg4_4,63,10,0
pg4_4,64,10,0
pg4_4,65,10,0
pg4_4,66,10,0
pg4_4,67,10,0
pg4_4,68,10,0
pg4_4,69,10,0
pg4_4,70,10,0
pg4_4,71,10,0
pg4_4,72,10,0
pg4_4,73,10,0
pg4_4,74,10,0
pg4_4,75,10,0
pg4_4,76,10,0
pg4_4,77,10,0
pg4_4,78,10,0
pg4_4,79,10,0
pg4_4,80,10,0
pg4_4,81,10,0
pg4_4,82,10,0
pg4_4,83,10,0
pg4_4,84,10,0
pg4_4,85,10,0
pg4_4,86,10,0
pg4_4,87,10,0
pg4_4,88,10,0
pg4_4,89,10,0
pg4_4,90,10,0
pg4_4,91,10,0
pg4_4,92,10,0
pg4_4,93,10,0
pg4_4,94,10,0
pg4_4,95,10,0
pg4_4,96,10,0
pg4_4,97,10,0
pg4_5,1,0,10
pg4_5,2,0,10
pg4_5,3,0,10
pg4_5,4,0,10
pg4_5,5,0,10
pg4_5,6,0,10
pg4_5,7,0,10
pg4_5,8,0,10
pg4_5,9,0,10
pg4_5,10,0,10
pg4_5,11,0,10
pg4_5,12,1,9
pg4_5,13,2,8
pg4_5,14,3,7
pg4_5,15,3,7
pg4_5,16,3,7
pg4_5,17,3,7
pg4_5,18,4,6
pg4_5,19,5,5
pg4_5,20,5,5
pg4_5,21,5,5
pg4_5,22,5,5
pg4_5,23,5,5
pg4_5,24,6,4
pg4_5,25,6,4
pg4_5,26,6,4
pg4_5,27,7,3
pg4_5,28,7,3
pg4_5,29,8,2
pg4_5,30,8,2
pg4_5,31,8,2
pg4_5,32,8,2
pg4_5,33,8,2
pg4_5,34,8,2
pg4_5,35,8,2
pg4_5,36,8,2
pg4_5,37,8,2
pg4_5,38,8,2
pg4_5,39,9,1
pg4_5,40,9,1
pg4_5,41,9,1
pg4_5,42,9,1
pg4_5,43,9,1
pg4_5,44,9,1
pg4_5,45,9,1
pg4_5,46,9,1
pg4_5,47,9,1
pg4_5,48,9,1
pg4_5,49,9,1
pg4_5,50,9,1
pg4_5,51,9,1
pg4_5,52,9,1
pg4_5,53,9,1
pg4_5,54,9,1
pg4_5,55,9,1
pg4_5,56,9,1
pg4_5,57,9,1
pg4_5,58,9,1
pg4_5,59,9,1
pg4_5,60,9,1
pg4_5,61,9,1
pg4_5,62,9,1
pg4_5,63,9,1
pg4_5,64,9,1
pg4_5,65,9,1
pg4_5,66,9,1
pg4_5,67,9,1
pg4_5,68,9,1
pg4_5,69,9,1
pg4_5,70,9,1
pg4_5,71,9,1
pg4_5,72,9,1
pg4_5,73,9,1
pg4_5,74,9,1
pg4_5,75,9,1
pg4_5,76,9,1
pg4_5,77,9,1
pg4_5,78,9,1
pg4_5,79,9,1
pg4_5,80,9,1
pg4_5,81,9,1
pg4_5,82,9,1
pg4_5,83,9,1
pg4_5,84,9,1
pg4_5,85,9,1
pg4_5,86,9,1
pg4_5,87,9,1
pg4_5,88,9,1
pg4_5,89,10,0
pg4_5,90,10,0
pg4_5,91,10,0
pg4_5,92,10,0
pg4_5,93,10,0
pg4_5,94,10,0
pg4_5,95,10,0
pg4_5,96,10,0
pg4_5,97,10,0
pg4_6,1,0,10
pg4_6,2,0,10
pg4_6,3,0,10
pg4_6,4,0,10
pg4_6,5,0,10
pg4_6,6,0,10
pg4_6,7,0,10
pg4_6,8,0,10
pg4_6,9,0,10
pg4_6,10,0,10
pg4_6,11,0,10
pg4_6,12,0,10
pg4_6,13,0,10
pg4_6,14,0,10
pg4_6,15,0,10
pg4_6,16,0,10
pg4_6,17,1,9
pg4_6,18,1,9
pg4_6,19,2,8
pg4_6,20,2,8
pg4_6,21,2,8
pg4_6,22,3,7
pg4_6,23,4,6
pg4_6,24,5,5
pg4_6,25,5,5
pg4_6,26,5,5
pg4_6,27,6,4
pg4_6,28,6,4
pg4_6,29,7,3
pg4_6,30,7,3
pg4_6,31,7,3
pg4_6,32,7,3
pg4_6,33,8,2
pg4_6,34,8,2
pg4_6,35,8,2
pg4_6,36,8,2
pg4_6,37,8,2
pg4_6,38,8,2
pg4_6,39,8,2
pg4_6,40,8,2
pg4_6,41,8,2
pg4_6,42,8,2
pg4_6,43,9,1
pg4_6,44,9,1
pg4_6,45,9,1
pg4_6,46,9,1
pg4_6,47,9,1
pg4_6,48,9,1
pg4_6,49,9,1
pg4_6,50,9,1
pg4_6,51,9,1
pg4_6,52,9,1
pg4_6,53,9,1
pg4_6,54,9,1
pg4_6,55,9,1
pg4_6,56,9,1
pg4_6,57,9,1
pg4_6,58,9,1
pg4_6,59,9,1
pg4_6,60,9,1
pg4_6,61,9,1
pg4_6,62,9,1
pg4_6,63,9,1
pg4_6,64,9,1
pg4_6,65,9,1
pg4_6,66,9,1
pg4_6,67,9,1
pg4_6,68,9,1
pg4_6,69,9,1
pg4_6,70,9,1
pg4_6,71,9,1
pg4_6,72,9,1
pg4_6,73,9,1
pg4_6,74,9,1
pg4_6,75,9,1
pg4_6,76,9,1
pg4_6,77,9,1
pg4_6,78,9,1
pg4_6,79,9,1
pg4_6,80,9,1
pg4_6,81,9,1
pg4_6,82,9,1
pg4_6,83,9,1
pg4_6,84,9,1
pg4_6,85,9,1
pg4_6,86,9,1
pg4_6,87,9,1
pg4_6,88,9,1
pg4_6,89,9,1
pg4_6,90,9,1
pg4_6,91,9,1
pg4_6,92,9,1
pg4_6,93,9,1
pg4_6,94,9,1
pg4_6,95,9,1
pg4_6,96,9,1
pg4_6,97,9,1
pg4_7,1,0,10
pg4_7,2,0,10
pg4_7,3,0,10
pg4_7,4,0,10
pg4_7,5,0,10
pg4_7,6,0,10
pg4_7,7,0,10
pg4_7,8,0,10
pg4_7,9,0,10
pg4_7,10,0,10
pg4_7,11,0,10
pg4_7,12,0,10
pg4_7,13,0,10
pg4_7,14,0,10
pg4_7,15,0,10
pg4_7,16,1,9
pg4_7,17,1,9
pg4_7,18,1,9
pg4_7,19,1,9
pg4_7,20,1,9
pg4_7,21,1,9
pg4_7,22,1,9
pg4_7,23,2,8
pg4_7,24,2,8
pg4_7,25,2,8
pg4_7,26,2,8
pg4_7,27,2,8
pg4_7,28,2,8
pg4_7,29,2,8
pg4_7,30,3,7
pg4_7,31,3,7
pg4_7,32,4,6
pg4_7,33,4,6
pg4_7,34,4,6
pg4_7,35,5,5
pg4_7,36,5,5
pg4_7,37,5,5
pg4_7,38,5,5
pg4_7,39,5,5
pg4_7,40,5,5
pg4_7,41,5,5
pg4_7,42,6,4
pg4_7,43,6,4
pg4_7,44,6,4
pg4_7,45,6,4
pg4_7,46,6,4
pg4_7,47,6,4
pg4_7,48,6,4
pg4_7,49,6,4
pg4_7,50,6,4
pg4_7,51,6,4
pg4_7,52,6,4
pg4_7,53,6,4
pg4_7,54,6,4
pg4_7,55,6,4
pg4_7,56,6,4
pg4_7,57,6,4
pg4_7,58,6,4
pg4_7,59,6,4
pg4_7,60,6,4
pg4_7,61,6,4
pg4_7,62,6,4
pg4_7,63,6,4
pg4_7,64,6,4
pg4_7,65,6,4
pg4_7,66,7,3
pg4_7,67,7,3
pg4_7,68,7,3
pg4_7,69,7,3
pg4_7,70,7,3
pg4_7,71,7,3
pg4_7,72,7,3
pg4_7,73,7,3
pg4_7,74,7,3
pg4_7,75,7,3
pg4_7,76,7,3
pg4_7,77,7,3
pg4_7,78,7,3
pg4_7,79,7,3
pg4_7,80,7,3
pg4_7,81,7,3
pg4_7,82,7,3
pg4_7,83,7,3
pg4_7,84,7,3
pg4_7,85,7,3
pg4_7,86,7,3
pg4_7,87,7,3
pg4_7,88,7,3
pg4_7,89,7,3
pg4_7,90,7,3
pg4_7,91,7,3
pg4_7,92,7,3
pg4_7,93,7,3
pg4_7,94,7,3
pg4_7,95,7,3
pg4_7,96,7,3
pg4_7,97,7,3
pg4_8,1,0,10
pg4_8,2,0,10
pg4_8,3,0,10
pg4_8,4,0,10
pg4_8,5,0,10
pg4_8,6,0,10
pg4_8,7,0,10
pg4_8,8,0,10
pg4_8,9,0,10
pg4_8,10,0,10
pg4_8,11,0,10
pg4_8,12,0,10
pg4_8,13,0,10
pg4_8,14,0,10
pg4_8,15,0,10
pg4_8,16,1,9
pg4_8,17,2,8
pg4_8,18,2,8
pg4_8,19,3,7
pg4_8,20,3,7
pg4_8,21,3,7
pg4_8,22,3,7
pg4_8,23,3,7
pg4_8,24,3,7
pg4_8,25,3,7
pg4_8,26,3,7
pg4_8,27,4,6
pg4_8,28,4,6
pg4_8,29,5,5
pg4_8,30,5,5
pg4_8,31,5,5
pg4_8,32,5,5
pg4_8,33,5,5
pg4_8,34,6,4
pg4_8,35,6,4
pg4_8,36,6,4
pg4_8,37,7,3
pg4_8,38,7,3
pg4_8,39,7,3
pg4_8,40,8,2
pg4_8,41,8,2
pg4_8,42,8,2
pg4_8,43,8,2
pg4_8,44,8,2
pg4_8,45,8,2
pg4_8,46,9,1
pg4_8,47,9,1
pg4_8,48,9,1
pg4_8,49,9,1
pg4_8,50,9,1
pg4_8,51,9,1
pg4_8,52,9,1
pg4_8,53,9,1
pg4_8,54,9,1
pg4_8,55,9,1
pg4_8,56,9,1
pg4_8,57,9,1
pg4_8,58,9,1
pg4_8,59,9,1
pg4_8,60,9,1
pg4_8,61,9,1
pg4_8,62,9,1
pg4_8,63,9,1
pg4_8,64,9,1
pg4_8,65,9,1
pg4_8,66,9,1
pg4_8,67,9,1
pg4_8,68,9,1
pg4_8,69,9,1
pg4_8,70,9,1
pg4_8,71,9,1
pg4_8,72,9,1
pg4_8,73,9,1
pg4_8,74,9,1
pg4_8,75,9,1
pg4_8,76,9,1
pg4_8,77,9,1
pg4_8,78,9,1
pg4_8,79,9,1
pg4_8,80,9,1
pg4_8,81,9,1
pg4_8,82,9,1
pg4_8,83,9,1
pg4_8,84,9,1
pg4_8,85,9,1
pg4_8,86,9,1
pg4_8,87,9,1
pg4_8,88,9,1
pg4_8,89,9,1
pg4_8,90,9,1
pg4_8,91,9,1
pg4_8,92,9,1
pg4_8,93,9,1
pg4_8,94,9,1
pg4_8,95,9,1
pg4_8,96,9,1
pg4_8,97,9,1
pg4_9,1,0,10
pg4_9,2,0,10
pg4_9,3,0,10
pg4_9,4,0,10
pg4_9,5,0,10
pg4_9,6,0,10
pg4_9,7,0,10
pg4_9,8,0,10
pg4_9,9,0,10
pg4_9,10,0,10
pg4_9,11,0,10
pg4_9,12,0,10
pg4_9,13,0,10
pg4_9,14,0,10
pg4_9,15,0,10
pg4_9,16,0,10
pg4_9,17,0,10
pg4_9,18,0,10
pg4_9,19,0,10
pg4_9,20,0,10
pg4_9,21,0,10
pg4_9,22,0,10
pg4_9,23,0,10
pg4_9,24,0,10
pg4_9,25,0,10
pg4_9,26,0,10
pg4_9,27,1,9
pg4_9,28,1,9
pg4_9,29,3,7
pg4_9,30,2,8
pg4_9,31,3,7
pg4_9,32,3,7
pg4_9,33,3,7
pg4_9,34,3,7
pg4_9,35,4,6
pg4_9,36,4,6
pg4_9,37,6,4
pg4_9,38,6,4
pg4_9,39,7,3
pg4_9,40,7,3
pg4_9,41,7,3
pg4_9,42,7,3
pg4_9,43,7,3
pg4_9,44,8,2
pg4_9,45,8,2
pg4_9,46,8,2
pg4_9,47,8,2
pg4_9,48,8,2
pg4_9,49,8,2
pg4_9,50,8,2
pg4_9,51,8,2
pg4_9,52,8,2
pg4_9,53,8,2
pg4_9,54,8,2
pg4_9,55,8,2
pg4_9,56,8,2
pg4_9,57,8,2
pg4_9,58,8,2
pg4_9,59,8,2
pg4_9,60,8,2
pg4_9,61,8,2
pg4_9,62,8,2
pg4_9,63,8,2
pg4_9,64,8,2
pg4_9,65,8,2
pg4_9,66,8,2
pg4_9,67,8,2
pg4_9,68,8,2
pg4_9,69,8,2
pg4_9,70,8,2
pg4_9,71,8,2
pg4_9,72,8,2
pg4_9,73,8,2
pg4_9,74,8,2
pg4_9,75,8,2
pg4_9,76,8,2
pg4_9,77,8,2
pg4_9,78,8,2
pg4_9,79,8,2
pg4_9,80,8,2
pg4_9,81,8,2
pg4_9,82,8,2
pg4_9,83,8,2
pg4_9,84,8,2
pg4_9,85,8,2
pg4_9,86,8,2
pg4_9,87,8,2
pg4_9,88,8,2
pg4_9,89,8,2
pg4_9,90,8,2
pg4_9,91,8,2
pg4_9,92,8,2
pg4_9,93,8,2
pg4_9,94,8,2
pg4_9,95,8,2
pg4_9,96,8,2
pg4_9,97,8,2
pg5_1,1,0,10
pg5_1,2,0,10
pg5_1,3,0,10
pg5_1,4,0,10
pg5_1,5,0,10
pg5_1,6,0,10
pg5_1,7,0,10
pg5_1,8,0,10
pg5_1,9,0,10
pg5_1,10,0,10
pg5_1,11,0,10
pg5_1,12,0,10
pg5_1,13,0,10
pg5_1,14,0,10
pg5_1,15,0,10
pg5_1,16,1,9
pg5_1,17,1,9
pg5_1,18,1,9
pg5_1,19,1,9
pg5_1,20,2,8
pg5_1,21,2,8
pg5_1,22,3,7
pg5_1,23,3,7
pg5_1,24,3,7
pg5_1,25,3,7
pg5_1,26,4,6
pg5_1,27,4,6
pg5_1,28,4,6
pg5_1,29,4,6
pg5_1,30,5,5
pg5_1,31,6,4
pg5_1,32,6,4
pg5_1,33,6,4
pg5_1,34,6,4
pg5_1,35,6,4
pg5_1,36,6,4
pg5_1,37,7,3
pg5_1,38,8,2
pg5_1,39,8,2
pg5_1,40,8,2
pg5_1,41,8,2
pg5_1,42,8,2
pg5_1,43,8,2
pg5_1,44,8,2
pg5_1,45,9,1
pg5_1,46,9,1
pg5_1,47,9,1
pg5_1,48,9,1
pg5_1,49,9,1
pg5_1,50,9,1
pg5_1,51,9,1
pg5_1,52,9,1
pg5_1,53,9,1
pg5_1,54,9,1
pg5_1,55,9,1
pg5_1,56,9,1
pg5_1,57,9,1
pg5_1,58,9,1
pg5_1,59,9,1
pg5_1,60,9,1
pg5_1,61,9,1
pg5_1,62,9,1
pg5_1,63,9,1
pg5_1,64,9,1
pg5_1,65,9,1
pg5_1,66,9,1
pg5_1,67,9,1
pg5_1,68,9,1
pg5_1,69,9,1
pg5_1,70,9,1
pg5_1,71,9,1
pg5_1,72,9,1
pg5_1,73,9,1
pg5_1,74,9,1
pg5_1,75,9,1
pg5_1,76,9,1
pg5_1,77,9,1
pg5_1,78,9,1
pg5_1,79,9,1
pg5_1,80,9,1
pg5_1,81,9,1
pg5_1,82,9,1
pg5_1,83,9,1
pg5_1,84,9,1
pg5_1,85,9,1
pg5_1,86,9,1
pg5_1,87,9,1
pg5_1,88,9,1
pg5_1,89,9,1
pg5_1,90,9,1
pg5_1,91,9,1
pg5_1,92,9,1
pg5_1,93,9,1
pg5_1,94,9,1
pg5_1,95,9,1
pg5_1,96,9,1
pg5_1,97,9,1
pg5_10,1,0,10
pg5_10,2,0,10
pg5_10,3,0,10
pg5_10,4,0,10
pg5_10,5,0,10
pg5_10,6,0,10
pg5_10,7,0,10
pg5_10,8,0,10
pg5_10,9,0,10
pg5_10,10,0,10
pg5_10,11,0,10
pg5_10,12,0,10
pg5_10,13,0,10
pg5_10,14,0,10
pg5_10,15,0,10
pg5_10,16,0,10
pg5_10,17,0,10
pg5_10,18,0,10
pg5_10,19,0,10
pg5_10,20,0,10
pg5_10,21,0,10
pg5_10,22,1,9
pg5_10,23,1,9
pg5_10,24,2,8
pg5_10,25,2,8
pg5_10,26,2,8
pg5_10,27,2,8
pg5_10,28,2,8
pg5_10,29,3,7
pg5_10,30,4,6
pg5_10,31,5,5
pg5_10,32,5,5
pg5_10,33,6,4
pg5_10,34,6,4
pg5_10,35,6,4
pg5_10,36,6,4
pg5_10,37,6,4
pg5_10,38,6,4
pg5_10,39,6,4
pg5_10,40,7,3
pg5_10,41,7,3
pg5_10,42,7,3
pg5_10,43,7,3
pg5_10,44,7,3
pg5_10,45,7,3
pg5_10,46,7,3
pg5_10,47,7,3
pg5_10,48,8,2
pg5_10,49,8,2
pg5_10,50,8,2
pg5_10,51,8,2
pg5_10,52,8,2
pg5_10,53,8,2
pg5_10,54,8,2
pg5_10,55,8,2
pg5_10,56,8,2
pg5_10,57,8,2
pg5_10,58,8,2
pg5_10,59,8,2
pg5_10,60,8,2
pg5_10,61,8,2
pg5_10,62,8,2
pg5_10,63,8,2
pg5_10,64,8,2
pg5_10,65,8,2
pg5_10,66,8,2
pg5_10,67,8,2
pg5_10,68,8,2
pg5_10,69,8,2
pg5_10,70,8,2
pg5_10,71,8,2
pg5_10,72,8,2
pg5_10,73,8,2
pg5_10,74,8,2
pg5_10,75,8,2
pg5_10,76,8,2
pg5_10,77,8,2
pg5_10,78,8,2
pg5_10,79,8,2
pg5_10,80,8,2
pg5_10,81,8,2
pg5_10,82,8,2
pg5_10,83,8,2
pg5_10,84,8,2
pg5_10,85,8,2
pg5_10,86,8,2
pg5_10,87,8,2
pg5_10,88,8,2
pg5_10,89,8,2
pg5_10,90,8,2
pg5_10,91,8,2
pg5_10,92,8,2
pg5_10,93,8,2
pg5_10,94,8,2
pg5_10,95,8,2
pg5_10,96,8,2
pg5_10,97,8,2
pg5_11,1,0,10
pg5_11,2,0,10
pg5_11,3,0,10
pg5_11,4,0,10
pg5_11,5,0,10
pg5_11,6,0,10
pg5_11,7,0,10
pg5_11,8,0,10
pg5_11,9,0,10
pg5_11,10,0,10
pg5_11,11,0,10
pg5_11,12,0,10
pg5_11,13,0,10
pg5_11,14,0,10
pg5_11,15,0,10
pg5_11,16,0,10
pg5_11,17,0,10
pg5_11,18,0,10
pg5_11,19,0,10
pg5_11,20,0,10
pg5_11,21,0,10
pg5_11,22,3,7
pg5_11,23,3,7
pg5_11,24,4,6
pg5_11,25,4,6
pg5_11,26,4,6
pg5_11,27,4,6
pg5_11,28,4,6
pg5_11,29,4,6
pg5_11,30,4,6
pg5_11,31,4,6
pg5_11,32,4,6
pg5_11,33,4,6
pg5_11,34,5,5
pg5_11,35,5,5
pg5_11,36,7,3
pg5_11,37,7,3
pg5_11,38,7,3
pg5_11,39,7,3
pg5_11,40,7,3
pg5_11,41,7,3
pg5_11,42,7,3
pg5_11,43,7,3
pg5_11,44,7,3
pg5_11,45,7,3
pg5_11,46,7,3
pg5_11,47,7,3
pg5_11,48,7,3
pg5_11,49,7,3
pg5_11,50,7,3
pg5_11,51,7,3
pg5_11,52,7,3
pg5_11,53,7,3
pg5_11,54,7,3
pg5_11,55,7,3
pg5_11,56,7,3
pg5_11,57,7,3
pg5_11,58,7,3
pg5_11,59,7,3
pg5_11,60,7,3
pg5_11,61,7,3
pg5_11,62,7,3
pg5_11,63,8,2
pg5_11,64,8,2
pg5_11,65,8,2
pg5_11,66,8,2
pg5_11,67,8,2
pg5_11,68,8,2
pg5_11,69,8,2
pg5_11,70,8,2
pg5_11,71,8,2
pg5_11,72,8,2
pg5_11,73,8,2
pg5_11,74,8,2
pg5_11,75,8,2
pg5_11,76,8,2
pg5_11,77,8,2
pg5_11,78,8,2
pg5_11,79,8,2
pg5_11,80,8,2
pg5_11,81,8,2
pg5_11,82,8,2
pg5_11,83,8,2
pg5_11,84,8,2
pg5_11,85,8,2
pg5_11,86,8,2
pg5_11,87,8,2
pg5_11,88,8,2
pg5_11,89,8,2
pg5_11,90,8,2
pg5_11,91,8,2
pg5_11,92,8,2
pg5_11,93,8,2
pg5_11,94,8,2
pg5_11,95,8,2
pg5_11,96,8,2
pg5_11,97,8,2
pg5_12,1,0,10
pg5_12,2,0,10
pg5_12,3,0,10
pg5_12,4,0,10
pg5_12,5,0,10
pg5_12,6,0,10
pg5_12,7,0,10
pg5_12,8,0,10
pg5_12,9,0,10
pg5_12,10,0,10
pg5_12,11,0,10
pg5_12,12,0,10
pg5_12,13,0,10
pg5_12,14,0,10
pg5_12,15,0,10
pg5_12,16,0,10
pg5_12,17,0,10
pg5_12,18,0,10
pg5_12,19,0,10
pg5_12,20,0,10
pg5_12,21,0,10
pg5_12,22,0,10
pg5_12,23,0,10
pg5_12,24,0,10
pg5_12,25,0,10
pg5_12,26,0,10
pg5_12,27,0,10
pg5_12,28,1,9
pg5_12,29,0,10
pg5_12,30,1,9
pg5_12,31,1,9
pg5_12,32,2,8
pg5_12,33,2,8
pg5_12,34,3,7
pg5_12,35,3,7
pg5_12,36,3,7
pg5_12,37,3,7
pg5_12,38,3,7
pg5_12,39,4,6
pg5_12,40,4,6
pg5_12,41,4,6
pg5_12,42,4,6
pg5_12,43,4,6
pg5_12,44,4,6
pg5_12,45,4,6
pg5_12,46,4,6
pg5_12,47,4,6
pg5_12,48,4,6
pg5_12,49,5,5
pg5_12,50,5,5
pg5_12,51,5,5
pg5_12,52,5,5
pg5_12,53,6,4
pg5_12,54,6,4
pg5_12,55,6,4
pg5_12,56,6,4
pg5_12,57,6,4
pg5_12,58,6,4
pg5_12,59,7,3
pg5_12,60,7,3
pg5_12,61,7,3
pg5_12,62,7,3
pg5_12,63,7,3
pg5_12,64,7,3
pg5_12,65,7,3
pg5_12,66,8,2
pg5_12,67,8,2
pg5_12,68,8,2
pg5_12,69,8,2
pg5_12,70,8,2
pg5_12,71,8,2
pg5_12,72,8,2
pg5_12,73,8,2
pg5_12,74,8,2
pg5_12,75,8,2
pg5_12,76,8,2
pg5_12,77,8,2
pg5_12,78,8,2
pg5_12,79,8,2
pg5_12,80,8,2
pg5_12,81,8,2
pg5_12,82,8,2
pg5_12,83,8,2
pg5_12,84,8,2
pg5_12,85,8,2
pg5_12,86,8,2
pg5_12,87,8,2
pg5_12,88,8,2
pg5_12,89,8,2
pg5_12,90,8,2
pg5_12,91,8,2
pg5_12,92,8,2
pg5_12,93,8,2
pg5_12,94,8,2
pg5_12,95,8,2
pg5_12,96,8,2
pg5_12,97,8,2
pg5_2,1,0,10
pg5_2,2,0,10
pg5_2,3,0,10
pg5_2,4,0,10
pg5_2,5,0,10
pg5_2,6,0,10
pg5_2,7,0,10
pg5_2,8,0,10
pg5_2,9,0,10
pg5_2,10,0,10
pg5_2,11,0,10
pg5_2,12,0,10
pg5_2,13,0,10
pg5_2,14,0,10
pg5_2,15,0,10
pg5_2,16,0,10
pg5_2,17,1,9
pg5_2,18,1,9
pg5_2,19,1,9
pg5_2,20,1,9
pg5_2,21,1,9
pg5_2,22,1,9
pg5_2,23,1,9
pg5_2,24,2,8
pg5_2,25,3,7
pg5_2,26,4,6
pg5_2,27,6,4
pg5_2,28,6,4
pg5_2,29,7,3
pg5_2,30,8,2
pg5_2,31,8,2
pg5_2,32,9,1
pg5_2,33,9,1
pg5_2,34,9,1
pg5_2,35,9,1
pg5_2,36,9,1
pg5_2,37,10,0
pg5_2,38,10,0
pg5_2,39,10,0
pg5_2,40,10,0
pg5_2,41,10,0
pg5_2,42,10,0
pg5_2,43,10,0
pg5_2,44,10,0
pg5_2,45,10,0
pg5_2,46,10,0
pg5_2,47,10,0
pg5_2,48,10,0
pg5_2,49,10,0
pg5_2,50,10,0
pg5_2,51,10,0
pg5_2,52,10,0
pg5_2,53,10,0
pg5_2,54,10,0
pg5_2,55,10,0
pg5_2,56,10,0
pg5_2,57,10,0
pg5_2,58,10,0
pg5_2,59,10,0
pg5_2,60,10,0
pg5_2,61,10,0
pg5_2,62,10,0
pg5_2,63,10,0
pg5_2,64,10,0
pg5_2,65,10,0
pg5_2,66,10,0
pg5_2,67,10,0
pg5_2,68,10,0
pg5_2,69,10,0
pg5_2,70,10,0
pg5_2,71,10,0
pg5_2,72,10,0
pg5_2,73,10,0
pg5_2,74,10,0
pg5_2,75,10,0
pg5_2,76,10,0
pg5_2,77,10,0
pg5_2,78,10,0
pg5_2,79,10,0
pg5_2,80,10,0
pg5_2,81,10,0
pg5_2,82,10,0
pg5_2,83,10,0
pg5_2,84,10,0
pg5_2,85,10,0
pg5_2,86,10,0
pg5_2,87,10,0
pg5_2,88,10,0
pg5_2,89,10,0
pg5_2,90,10,0
pg5_2,91,10,0
pg5_2,92,10,0
pg5_2,93,10,0
pg5_2,94,10,0
pg5_2,95,10,0
pg5_2,96,10,0
pg5_2,97,10,0
pg5_3,1,0,10
pg5_3,2,0,10
pg5_3,3,0,10
pg5_3,4,0,10
pg5_3,5,0,10
pg5_3,6,0,10
pg5_3,7,0,10
pg5_3,8,0,10
pg5_3,9,0,10
pg5_3,10,0,10
pg5_3,11,0,10
pg5_3,12,0,10
pg5_3,13,0,10
pg5_3,14,0,10
pg5_3,15,0,10
pg5_3,16,0,10
pg5_3,17,1,9
pg5_3,18,1,9
pg5_3,19,1,9
pg5_3,20,1,9
pg5_3,21,1,9
pg5_3,22,1,9
pg5_3,23,1,9
pg5_3,24,1,9
pg5_3,25,2,8
pg5_3,26,3,7
pg5_3,27,3,7
pg5_3,28,3,7
pg5_3,29,3,7
pg5_3,30,3,7
pg5_3,31,4,6
pg5_3,32,4,6
pg5_3,33,6,4
pg5_3,34,5,5
pg5_3,35,6,4
pg5_3,36,6,4
pg5_3,37,7,3
pg5_3,38,7,3
pg5_3,39,7,3
pg5_3,40,7,3
pg5_3,41,7,3
pg5_3,42,7,3
pg5_3,43,7,3
pg5_3,44,7,3
pg5_3,45,7,3
pg5_3,46,8,2
pg5_3,47,8,2
pg5_3,48,8,2
pg5_3,49,8,2
pg5_3,50,8,2
pg5_3,51,8,2
pg5_3,52,8,2
pg5_3,53,8,2
pg5_3,54,8,2
pg5_3,55,8,2
pg5_3,56,8,2
pg5_3,57,8,2
pg5_3,58,8,2
pg5_3,59,8,2
pg5_3,60,8,2
pg5_3,61,8,2
pg5_3,62,8,2
pg5_3,63,8,2
pg5_3,64,8,2
pg5_3,65,8,2
pg5_3,66,8,2
pg5_3,67,8,2
pg5_3,68,8,2
pg5_3,69,8,2
pg5_3,70,8,2
pg5_3,71,8,2
pg5_3,72,8,2
pg5_3,73,8,2
pg5_3,74,8,2
pg5_3,75,8,2
pg5_3,76,8,2
pg5_3,77,8,2
pg5_3,78,8,2
pg5_3,79,8,2
pg5_3,80,8,2
pg5_3,81,8,2
pg5_3,82,8,2
pg5_3,83,8,2
pg5_3,84,8,2
pg5_3,85,9,1
pg5_3,86,9,1
pg5_3,87,9,1
pg5_3,88,9,1
pg5_3,89,9,1
pg5_3,90,9,1
pg5_3,91,9,1
pg5_3,92,9,1
pg5_3,93,9,1
pg5_3,94,9,1
pg5_3,95,9,1
pg5_3,96,9,1
pg5_3,97,9,1
pg5_5,1,0,10
pg5_5,2,0,10
pg5_5,3,0,10
pg5_5,4,0,10
pg5_5,5,0,10
pg5_5,6,0,10
pg5_5,7,0,10
pg5_5,8,0,10
pg5_5,9,0,10
pg5_5,10,0,10
pg5_5,11,0,10
pg5_5,12,0,10
pg5_5,13,0,10
pg5_5,14,0,10
pg5_5,15,0,10
pg5_5,16,0,10
pg5_5,17,0,10
pg5_5,18,0,10
pg5_5,19,1,9
pg5_5,20,1,9
pg5_5,21,1,9
pg5_5,22,2,8
pg5_5,23,2,8
pg5_5,24,3,7
pg5_5,25,4,6
pg5_5,26,4,6
pg5_5,27,4,6
pg5_5,28,5,5
pg5_5,29,5,5
pg5_5,30,5,5
pg5_5,31,5,5
pg5_5,32,5,5
pg5_5,33,6,4
pg5_5,34,6,4
pg5_5,35,6,4
pg5_5,36,7,3
pg5_5,37,7,3
pg5_5,38,7,3
pg5_5,39,8,2
pg5_5,40,8,2
pg5_5,41,8,2
pg5_5,42,8,2
pg5_5,43,8,2
pg5_5,44,8,2
pg5_5,45,8,2
pg5_5,46,8,2
pg5_5,47,8,2
pg5_5,48,8,2
pg5_5,49,8,2
pg5_5,50,8,2
pg5_5,51,8,2
pg5_5,52,8,2
pg5_5,53,8,2
pg5_5,54,8,2
pg5_5,55,9,1
pg5_5,56,9,1
pg5_5,57,9,1
pg5_5,58,9,1
pg5_5,59,9,1
pg5_5,60,9,1
pg5_5,61,9,1
pg5_5,62,9,1
pg5_5,63,9,1
pg5_5,64,9,1
pg5_5,65,9,1
pg5_5,66,9,1
pg5_5,67,9,1
pg5_5,68,9,1
pg5_5,69,9,1
pg5_5,70,9,1
pg5_5,71,9,1
pg5_5,72,9,1
pg5_5,73,9,1
pg5_5,74,9,1
pg5_5,75,9,1
pg5_5,76,9,1
pg5_5,77,9,1
pg5_5,78,10,0
pg5_5,79,10,0
pg5_5,80,10,0
pg5_5,81,10,0
pg5_5,82,10,0
pg5_5,83,10,0
pg5_5,84,10,0
pg5_5,85,10,0
pg5_5,86,10,0
pg5_5,87,10,0
pg5_5,88,10,0
pg5_5,89,10,0
pg5_5,90,10,0
pg5_5,91,10,0
pg5_5,92,10,0
pg5_5,93,10,0
pg5_5,94,10,0
pg5_5,95,10,0
pg5_5,96,10,0
pg5_5,97,10,0
pg5_6,1,0,10
pg5_6,2,0,10
pg5_6,3,0,10
pg5_6,4,0,10
pg5_6,5,0,10
pg5_6,6,0,10
pg5_6,7,0,10
pg5_6,8,0,10
pg5_6,9,0,10
pg5_6,10,0,10
pg5_6,11,0,10
pg5_6,12,0,10
pg5_6,13,0,10
pg5_6,14,0,10
pg5_6,15,0,10
pg5_6,16,0,10
pg5_6,17,0,10
pg5_6,18,0,10
pg5_6,19,1,9
pg5_6,20,1,9
pg5_6,21,1,9
pg5_6,22,1,9
pg5_6,23,1,9
pg5_6,24,2,8
pg5_6,25,2,8
pg5_6,26,2,8
pg5_6,27,3,7
pg5_6,28,3,7
pg5_6,29,4,6
pg5_6,30,3,7
pg5_6,31,5,5
pg5_6,32,6,4
pg5_6,33,6,4
pg5_6,34,6,4
pg5_6,35,7,3
pg5_6,36,6,4
pg5_6,37,6,4
pg5_6,38,7,3
pg5_6,39,9,1
pg5_6,40,9,1
pg5_6,41,9,1
pg5_6,42,9,1
pg5_6,43,9,1
pg5_6,44,9,1
pg5_6,45,9,1
pg5_6,46,9,1
pg5_6,47,9,1
pg5_6,48,9,1
pg5_6,49,9,1
pg5_6,50,9,1
pg5_6,51,9,1
pg5_6,52,9,1
pg5_6,53,9,1
pg5_6,54,9,1
pg5_6,55,9,1
pg5_6,56,9,1
pg5_6,57,9,1
pg5_6,58,9,1
pg5_6,59,9,1
pg5_6,60,9,1
pg5_6,61,9,1
pg5_6,62,9,1
pg5_6,63,9,1
pg5_6,64,9,1
pg5_6,65,9,1
pg5_6,66,9,1
pg5_6,67,9,1
pg5_6,68,9,1
pg5_6,69,9,1
pg5_6,70,9,1
pg5_6,71,9,1
pg5_6,72,9,1
pg5_6,73,9,1
pg5_6,74,9,1
pg5_6,75,9,1
pg5_6,76,9,1
pg5_6,77,9,1
pg5_6,78,9,1
pg5_6,79,9,1
pg5_6,80,9,1
pg5_6,81,9,1
pg5_6,82,9,1
pg5_6,83,9,1
pg5_6,84,9,1
pg5_6,85,9,1
pg5_6,86,9,1
pg5_6,87,9,1
pg5_6,88,9,1
pg5_6,89,9,1
pg5_6,90,9,1
pg5_6,91,9,1
pg5_6,92,9,1
pg5_6,93,9,1
pg5_6,94,9,1
pg5_6,95,9,1
pg5_6,96,9,1
pg5_6,97,9,1
pg5_7,1,0,10
pg5_7,2,0,10
pg5_7,3,0,10
pg5_7,4,0,10
pg5_7,5,0,10
pg5_7,6,0,10
pg5_7,7,0,10
pg5_7,8,0,10
pg5_7,9,0,10
pg5_7,10,0,10
pg5_7,11,0,10
pg5_7,12,0,10
pg5_7,13,0,10
pg5_7,14,0,10
pg5_7,15,0,10
pg5_7,16,0,10
pg5_7,17,0,10
pg5_7,18,0,10
pg5_7,19,0,10
pg5_7,20,0,10
pg5_7,21,0,10
pg5_7,22,0,10
pg5_7,23,0,10
pg5_7,24,0,10
pg5_7,25,0,10
pg5_7,26,0,10
pg5_7,27,1,9
pg5_7,28,2,8
pg5_7,29,3,7
pg5_7,30,3,7
pg5_7,31,4,6
pg5_7,32,4,6
pg5_7,33,4,6
pg5_7,34,4,6
pg5_7,35,4,6
pg5_7,36,4,6
pg5_7,37,4,6
pg5_7,38,6,4
pg5_7,39,6,4
pg5_7,40,7,3
pg5_7,41,8,2
pg5_7,42,8,2
pg5_7,43,9,1
pg5_7,44,9,1
pg5_7,45,9,1
pg5_7,46,9,1
pg5_7,47,9,1
pg5_7,48,9,1
pg5_7,49,9,1
pg5_7,50,9,1
pg5_7,51,9,1
pg5_7,52,9,1
pg5_7,53,9,1
pg5_7,54,9,1
pg5_7,55,9,1
pg5_7,56,9,1
pg5_7,57,9,1
pg5_7,58,9,1
pg5_7,59,9,1
pg5_7,60,9,1
pg5_7,61,9,1
pg5_7,62,9,1
pg5_7,63,9,1
pg5_7,64,9,1
pg5_7,65,9,1
pg5_7,66,9,1
pg5_7,67,9,1
pg5_7,68,9,1
pg5_7,69,9,1
pg5_7,70,9,1
pg5_7,71,9,1
pg5_7,72,9,1
pg5_7,73,9,1
pg5_7,74,9,1
pg5_7,75,9,1
pg5_7,76,9,1
pg5_7,77,9,1
pg5_7,78,9,1
pg5_7,79,9,1
pg5_7,80,9,1
pg5_7,81,9,1
pg5_7,82,9,1
pg5_7,83,9,1
pg5_7,84,9,1
pg5_7,85,9,1
pg5_7,86,9,1
pg5_7,87,9,1
pg5_7,88,9,1
pg5_7,89,9,1
pg5_7,90,9,1
pg5_7,91,9,1
pg5_7,92,9,1
pg5_7,93,9,1
pg5_7,94,9,1
pg5_7,95,9,1
pg5_7,96,9,1
pg5_7,97,9,1
pg5_8,1,0,10
pg5_8,2,0,10
pg5_8,3,0,10
pg5_8,4,0,10
pg5_8,5,0,10
pg5_8,6,0,10
pg5_8,7,0,10
pg5_8,8,0,10
pg5_8,9,0,10
pg5_8,10,0,10
pg5_8,11,0,10
pg5_8,12,0,10
pg5_8,13,0,10
pg5_8,14,0,10
pg5_8,15,0,10
pg5_8,16,0,10
pg5_8,17,0,10
pg5_8,18,0,10
pg5_8,19,1,9
pg5_8,20,1,9
pg5_8,21,1,9
pg5_8,22,2,8
pg5_8,23,2,8
pg5_8,24,2,8
pg5_8,25,2,8
pg5_8,26,3,7
pg5_8,27,3,7
pg5_8,28,4,6
pg5_8,29,5,5
pg5_8,30,4,6
pg5_8,31,5,5
pg5_8,32,5,5
pg5_8,33,5,5
pg5_8,34,5,5
pg5_8,35,5,5
pg5_8,36,6,4
pg5_8,37,6,4
pg5_8,38,6,4
pg5_8,39,6,4
pg5_8,40,7,3
pg5_8,41,7,3
pg5_8,42,8,2
pg5_8,43,7,3
pg5_8,44,8,2
pg5_8,45,8,2
pg5_8,46,8,2
pg5_8,47,8,2
pg5_8,48,8,2
pg5_8,49,8,2
pg5_8,50,8,2
pg5_8,51,8,2
pg5_8,52,8,2
pg5_8,53,8,2
pg5_8,54,8,2
pg5_8,55,8,2
pg5_8,56,9,1
pg5_8,57,9,1
pg5_8,58,9,1
pg5_8,59,9,1
pg5_8,60,9,1
pg5_8,61,9,1
pg5_8,62,9,1
pg5_8,63,10,0
pg5_8,64,10,0
pg5_8,65,10,0
pg5_8,66,10,0
pg5_8,67,10,0
pg5_8,68,10,0
pg5_8,69,10,0
pg5_8,70,10,0
pg5_8,71,10,0
pg5_8,72,10,0
pg5_8,73,10,0
pg5_8,74,10,0
pg5_8,75,10,0
pg5_8,76,10,0
pg5_8,77,10,0
pg5_8,78,10,0
pg5_8,79,10,0
pg5_8,80,10,0
pg5_8,81,10,0
pg5_8,82,10,0
pg5_8,83,10,0
pg5_8,84,10,0
pg5_8,85,10,0
pg5_8,86,10,0
pg5_8,87,10,0
pg5_8,88,10,0
pg5_8,89,10,0
pg5_8,90,10,0
pg5_8,91,10,0
pg5_8,92,10,0
pg5_8,93,10,0
pg5_8,94,10,0
pg5_8,95,10,0
pg5_8,96,10,0
pg5_8,97,10,0
pg6_1,1,0,10
pg6_1,2,0,10
pg6_1,3,0,10
pg6_1,4,0,10
pg6_1,5,0,10
pg6_1,6,0,10
pg6_1,7,0,10
pg6_1,8,1,9
pg6_1,9,1,9
pg6_1,10,1,9
pg6_1,11,1,9
pg6_1,12,1,9
pg6_1,13,1,9
pg6_1,14,2,8
pg6_1,15,2,8
pg6_1,16,2,8
pg6_1,17,2,8
pg6_1,18,3,7
pg6_1,19,3,7
pg6_1,20,5,5
pg6_1,21,6,4
pg6_1,22,7,3
pg6_1,23,7,3
pg6_1,24,8,2
pg6_1,25,8,2
pg6_1,26,8,2
pg6_1,27,8,2
pg6_1,28,8,2
pg6_1,29,8,2
pg6_1,30,8,2
pg6_1,31,9,1
pg6_1,32,9,1
pg6_1,33,9,1
pg6_1,34,9,1
pg6_1,35,9,1
pg6_1,36,9,1
pg6_1,37,9,1
pg6_1,38,9,1
pg6_1,39,9,1
pg6_1,40,9,1
pg6_1,41,9,1
pg6_1,42,9,1
pg6_1,43,9,1
pg6_1,44,9,1
pg6_1,45,9,1
pg6_1,46,9,1
pg6_1,47,9,1
pg6_1,48,9,1
pg6_1,49,9,1
pg6_1,50,9,1
pg6_1,51,9,1
pg6_1,52,9,1
pg6_1,53,9,1
pg6_1,54,9,1
pg6_1,55,9,1
pg6_1,56,9,1
pg6_1,57,9,1
pg6_1,58,9,1
pg6_1,59,9,1
pg6_1,60,9,1
pg6_1,61,9,1
pg6_1,62,9,1
pg6_1,63,9,1
pg6_1,64,9,1
pg6_1,65,9,1
pg6_1,66,9,1
pg6_1,67,9,1
pg6_1,68,9,1
pg6_1,69,9,1
pg6_1,70,9,1
pg6_1,71,9,1
pg6_1,72,9,1
pg6_1,73,9,1
pg6_1,74,9,1
pg6_1,75,9,1
pg6_1,76,9,1
pg6_1,77,9,1
pg6_1,78,10,0
pg6_1,79,10,0
pg6_1,80,10,0
pg6_1,81,10,0
pg6_1,82,10,0
pg6_1,83,10,0
pg6_1,84,10,0
pg6_1,85,10,0
pg6_1,86,10,0
pg6_1,87,10,0
pg6_1,88,10,0
pg6_1,89,10,0
pg6_1,90,10,0
pg6_1,91,10,0
pg6_1,92,10,0
pg6_1,93,10,0
pg6_1,94,10,0
pg6_1,95,10,0
pg6_1,96,10,0
pg6_1,97,10,0
pg6_10,1,0,10
pg6_10,2,0,10
pg6_10,3,0,10
pg6_10,4,0,10
pg6_10,5,0,10
pg6_10,6,0,10
pg6_10,7,0,10
pg6_10,8,0,10
pg6_10,9,0,10
pg6_10,10,0,10
pg6_10,11,0,10
pg6_10,12,0,10
pg6_10,13,0,10
pg6_10,14,0,10
pg6_10,15,1,9
pg6_10,16,2,8
pg6_10,17,2,8
pg6_10,18,2,8
pg6_10,19,3,7
pg6_10,20,4,6
pg6_10,21,4,6
pg6_10,22,4,6
pg6_10,23,4,6
pg6_10,24,6,4
pg6_10,25,6,4
pg6_10,26,7,3
pg6_10,27,7,3
pg6_10,28,8,2
pg6_10,29,8,2
pg6_10,30,8,2
pg6_10,31,8,2
pg6_10,32,9,1
pg6_10,33,9,1
pg6_10,34,9,1
pg6_10,35,9,1
pg6_10,36,10,0
pg6_10,37,10,0
pg6_10,38,10,0
pg6_10,39,10,0
pg6_10,40,10,0
pg6_10,41,10,0
pg6_10,42,10,0
pg6_10,43,10,0
pg6_10,44,10,0
pg6_10,45,10,0
pg6_10,46,10,0
pg6_10,47,10,0
pg6_10,48,10,0
pg6_10,49,10,0
pg6_10,50,10,0
pg6_10,51,10,0
pg6_10,52,10,0
pg6_10,53,10,0
pg6_10,54,10,0
pg6_10,55,10,0
pg6_10,56,10,0
pg6_10,57,10,0
pg6_10,58,10,0
pg6_10,59,10,0
pg6_10,60,10,0
pg6_10,61,10,0
pg6_10,62,10,0
pg6_10,63,10,0
pg6_10,64,10,0
pg6_10,65,10,0
pg6_10,66,10,0
pg6_10,67,10,0
pg6_10,68,10,0
pg6_10,69,10,0
pg6_10,70,10,0
pg6_10,71,10,0
pg6_10,72,10,0
pg6_10,73,10,0
pg6_10,74,10,0
pg6_10,75,10,0
pg6_10,76,10,0
pg6_10,77,10,0
pg6_10,78,10,0
pg6_10,79,10,0
pg6_10,80,10,0
pg6_10,81,10,0
pg6_10,82,10,0
pg6_10,83,10,0
pg6_10,84,10,0
pg6_10,85,10,0
pg6_10,86,10,0
pg6_10,87,10,0
pg6_10,88,10,0
pg6_10,89,10,0
pg6_10,90,10,0
pg6_10,91,10,0
pg6_10,92,10,0
pg6_10,93,10,0
pg6_10,94,10,0
pg6_10,95,10,0
pg6_10,96,10,0
pg6_10,97,10,0
pg6_11,1,0,10
pg6_11,2,0,10
pg6_11,3,0,10
pg6_11,4,0,10
pg6_11,5,0,10
pg6_11,6,0,10
pg6_11,7,0,10
pg6_11,8,0,10
pg6_11,9,0,10
pg6_11,10,0,10
pg6_11,11,0,10
pg6_11,12,0,10
pg6_11,13,0,10
pg6_11,14,0,10
pg6_11,15,0,10
pg6_11,16,0,10
pg6_11,17,0,10
pg6_11,18,1,9
pg6_11,19,1,9
pg6_11,20,1,9
pg6_11,21,1,9
pg6_11,22,1,9
pg6_11,23,1,9
pg6_11,24,1,9
pg6_11,25,2,8
pg6_11,26,2,8
pg6_11,27,3,7
pg6_11,28,4,6
pg6_11,29,5,5
pg6_11,30,5,5
pg6_11,31,5,5
pg6_11,32,6,4
pg6_11,33,6,4
pg6_11,34,6,4
pg6_11,35,6,4
pg6_11,36,6,4
pg6_11,37,6,4
pg6_11,38,6,4
pg6_11,39,6,4
pg6_11,40,6,4
pg6_11,41,7,3
pg6_11,42,7,3
pg6_11,43,7,3
pg6_11,44,7,3
pg6_11,45,7,3
pg6_11,46,7,3
pg6_11,47,7,3
pg6_11,48,7,3
pg6_11,49,7,3
pg6_11,50,8,2
pg6_11,51,8,2
pg6_11,52,8,2
pg6_11,53,9,1
pg6_11,54,9,1
pg6_11,55,9,1
pg6_11,56,9,1
pg6_11,57,9,1
pg6_11,58,9,1
pg6_11,59,9,1
pg6_11,60,9,1
pg6_11,61,10,0
pg6_11,62,10,0
pg6_11,63,10,0
pg6_11,64,10,0
pg6_11,65,10,0
pg6_11,66,10,0
pg6_11,67,10,0
pg6_11,68,10,0
pg6_11,69,10,0
pg6_11,70,10,0
pg6_11,71,10,0
pg6_11,72,10,0
pg6_11,73,10,0
pg6_11,74,10,0
pg6_11,75,10,0
pg6_11,76,10,0
pg6_11,77,10,0
pg6_11,78,10,0
pg6_11,79,10,0
pg6_11,80,10,0
pg6_11,81,10,0
pg6_11,82,10,0
pg6_11,83,10,0
pg6_11,84,10,0
pg6_11,85,10,0
pg6_11,86,10,0
pg6_11,87,10,0
pg6_11,88,10,0
pg6_11,89,10,0
pg6_11,90,10,0
pg6_11,91,10,0
pg6_11,92,10,0
pg6_11,93,10,0
pg6_11,94,10,0
pg6_11,95,10,0
pg6_11,96,10,0
pg6_11,97,10,0
pg6_12,1,0,10
pg6_12,2,0,10
pg6_12,3,0,10
pg6_12,4,0,10
pg6_12,5,0,10
pg6_12,6,0,10
pg6_12,7,0,10
pg6_12,8,0,10
pg6_12,9,0,10
pg6_12,10,0,10
pg6_12,11,0,10
pg6_12,12,0,10
pg6_12,13,0,10
pg6_12,14,1,9
pg6_12,15,1,9
pg6_12,16,2,8
pg6_12,17,2,8
pg6_12,18,2,8
pg6_12,19,3,7
pg6_12,20,4,6
pg6_12,21,3,7
pg6_12,22,5,5
pg6_12,23,5,5
pg6_12,24,5,5
pg6_12,25,6,4
pg6_12,26,6,4
pg6_12,27,6,4
pg6_12,28,6,4
pg6_12,29,6,4
pg6_12,30,6,4
pg6_12,31,7,3
pg6_12,32,6,4
pg6_12,33,7,3
pg6_12,34,7,3
pg6_12,35,7,3
pg6_12,36,7,3
pg6_12,37,8,2
pg6_12,38,8,2
pg6_12,39,9,1
pg6_12,40,9,1
pg6_12,41,9,1
pg6_12,42,9,1
pg6_12,43,9,1
pg6_12,44,9,1
pg6_12,45,9,1
pg6_12,46,9,1
pg6_12,47,9,1
pg6_12,48,9,1
pg6_12,49,9,1
pg6_12,50,9,1
pg6_12,51,9,1
pg6_12,52,9,1
pg6_12,53,9,1
pg6_12,54,9,1
pg6_12,55,9,1
pg6_12,56,9,1
pg6_12,57,9,1
pg6_12,58,9,1
pg6_12,59,9,1
pg6_12,60,9,1
pg6_12,61,9,1
pg6_12,62,9,1
pg6_12,63,9,1
pg6_12,64,9,1
pg6_12,65,9,1
pg6_12,66,9,1
pg6_12,67,9,1
pg6_12,68,9,1
pg6_12,69,9,1
pg6_12,70,9,1
pg6_12,71,9,1
pg6_12,72,9,1
pg6_12,73,9,1
pg6_12,74,9,1
pg6_12,75,9,1
pg6_12,76,9,1
pg6_12,77,9,1
pg6_12,78,9,1
pg6_12,79,9,1
pg6_12,80,9,1
pg6_12,81,9,1
pg6_12,82,9,1
pg6_12,83,9,1
pg6_12,84,9,1
pg6_12,85,9,1
pg6_12,86,9,1
pg6_12,87,9,1
pg6_12,88,9,1
pg6_12,89,9,1
pg6_12,90,9,1
pg6_12,91,9,1
pg6_12,92,9,1
pg6_12,93,9,1
pg6_12,94,9,1
pg6_12,95,9,1
pg6_12,96,9,1
pg6_12,97,9,1
pg6_2,1,0,10
pg6_2,2,0,10
pg6_2,3,0,10
pg6_2,4,0,10
pg6_2,5,0,10
pg6_2,6,0,10
pg6_2,7,0,10
pg6_2,8,0,10
pg6_2,9,0,10
pg6_2,10,0,10
pg6_2,11,0,10
pg6_2,12,0,10
pg6_2,13,0,10
pg6_2,14,0,10
pg6_2,15,0,10
pg6_2,16,0,10
pg6_2,17,0,10
pg6_2,18,0,10
pg6_2,19,1,9
pg6_2,20,1,9
pg6_2,21,2,8
pg6_2,22,2,8
pg6_2,23,2,8
pg6_2,24,3,7
pg6_2,25,3,7
pg6_2,26,5,5
pg6_2,27,5,5
pg6_2,28,7,3
pg6_2,29,7,3
pg6_2,30,7,3
pg6_2,31,7,3
pg6_2,32,7,3
pg6_2,33,7,3
pg6_2,34,7,3
pg6_2,35,8,2
pg6_2,36,8,2
pg6_2,37,8,2
pg6_2,38,8,2
pg6_2,39,8,2
pg6_2,40,8,2
pg6_2,41,8,2
pg6_2,42,9,1
pg6_2,43,9,1
pg6_2,44,9,1
pg6_2,45,9,1
pg6_2,46,9,1
pg6_2,47,9,1
pg6_2,48,9,1
pg6_2,49,9,1
pg6_2,50,9,1
pg6_2,51,9,1
pg6_2,52,9,1
pg6_2,53,9,1
pg6_2,54,9,1
pg6_2,55,9,1
pg6_2,56,9,1
pg6_2,57,9,1
pg6_2,58,9,1
pg6_2,59,9,1
pg6_2,60,9,1
pg6_2,61,9,1
pg6_2,62,9,1
pg6_2,63,9,1
pg6_2,64,9,1
pg6_2,65,9,1
pg6_2,66,9,1
pg6_2,67,9,1
pg6_2,68,9,1
pg6_2,69,9,1
pg6_2,70,9,1
pg6_2,71,9,1
pg6_2,72,9,1
pg6_2,73,9,1
pg6_2,74,9,1
pg6_2,75,9,1
pg6_2,76,9,1
pg6_2,77,9,1
pg6_2,78,9,1
pg6_2,79,9,1
pg6_2,80,9,1
pg6_2,81,9,1
pg6_2,82,9,1
pg6_2,83,9,1
pg6_2,84,9,1
pg6_2,85,9,1
pg6_2,86,9,1
pg6_2,87,9,1
pg6_2,88,9,1
pg6_2,89,9,1
pg6_2,90,9,1
pg6_2,91,9,1
pg6_2,92,9,1
pg6_2,93,9,1
pg6_2,94,9,1
pg6_2,95,9,1
pg6_2,96,9,1
pg6_2,97,9,1
pg6_3,1,0,10
pg6_3,2,0,10
pg6_3,3,0,10
pg6_3,4,0,10
pg6_3,5,0,10
pg6_3,6,0,10
pg6_3,7,0,10
pg6_3,8,0,10
pg6_3,9,0,10
pg6_3,10,0,10
pg6_3,11,0,10
pg6_3,12,0,10
pg6_3,13,0,10
pg6_3,14,0,10
pg6_3,15,0,10
pg6_3,16,1,9
pg6_3,17,1,9
pg6_3,18,1,9
pg6_3,19,1,9
pg6_3,20,2,8
pg6_3,21,2,8
pg6_3,22,2,8
pg6_3,23,2,8
pg6_3,24,2,8
pg6_3,25,3,7
pg6_3,26,3,7
pg6_3,27,3,7
pg6_3,28,3,7
pg6_3,29,3,7
pg6_3,30,3,7
pg6_3,31,4,6
pg6_3,32,4,6
pg6_3,33,4,6
pg6_3,34,6,4
pg6_3,35,6,4
pg6_3,36,6,4
pg6_3,37,6,4
pg6_3,38,6,4
pg6_3,39,6,4
pg6_3,40,7,3
pg6_3,41,7,3
pg6_3,42,7,3
pg6_3,43,7,3
pg6_3,44,7,3
pg6_3,45,7,3
pg6_3,46,7,3
pg6_3,47,7,3
pg6_3,48,7,3
pg6_3,49,7,3
pg6_3,50,7,3
pg6_3,51,7,3
pg6_3,52,7,3
pg6_3,53,7,3
pg6_3,54,7,3
pg6_3,55,7,3
pg6_3,56,7,3
pg6_3,57,7,3
pg6_3,58,8,2
pg6_3,59,8,2
pg6_3,60,8,2
pg6_3,61,8,2
pg6_3,62,8,2
pg6_3,63,8,2
pg6_3,64,8,2
pg6_3,65,8,2
pg6_3,66,8,2
pg6_3,67,8,2
pg6_3,68,8,2
pg6_3,69,8,2
pg6_3,70,8,2
pg6_3,71,8,2
pg6_3,72,8,2
pg6_3,73,8,2
pg6_3,74,8,2
pg6_3,75,8,2
pg6_3,76,8,2
pg6_3,77,8,2
pg6_3,78,8,2
pg6_3,79,8,2
pg6_3,80,8,2
pg6_3,81,8,2
pg6_3,82,8,2
pg6_3,83,8,2
pg6_3,84,8,2
pg6_3,85,8,2
pg6_3,86,8,2
pg6_3,87,8,2
pg6_3,88,8,2
pg6_3,89,8,2
pg6_3,90,8,2
pg6_3,91,8,2
pg6_3,92,8,2
pg6_3,93,8,2
pg6_3,94,8,2
pg6_3,95,8,2
pg6_3,96,8,2
pg6_3,97,8,2
pg6_4,1,0,10
pg6_4,2,0,10
pg6_4,3,0,10
pg6_4,4,0,10
pg6_4,5,0,10
pg6_4,6,0,10
pg6_4,7,0,10
pg6_4,8,0,10
pg6_4,9,0,10
pg6_4,10,0,10
pg6_4,11,0,10
pg6_4,12,0,10
pg6_4,13,1,9
pg6_4,14,1,9
pg6_4,15,1,9
pg6_4,16,1,9
pg6_4,17,1,9
pg6_4,18,1,9
pg6_4,19,1,9
pg6_4,20,1,9
pg6_4,21,1,9
pg6_4,22,2,8
pg6_4,23,2,8
pg6_4,24,3,7
pg6_4,25,5,5
pg6_4,26,5,5
pg6_4,27,5,5
pg6_4,28,5,5
pg6_4,29,5,5
pg6_4,30,5,5
pg6_4,31,5,5
pg6_4,32,5,5
pg6_4,33,6,4
pg6_4,34,6,4
pg6_4,35,6,4
pg6_4,36,6,4
pg6_4,37,6,4
pg6_4,38,6,4
pg6_4,39,8,2
pg6_4,40,8,2
pg6_4,41,8,2
pg6_4,42,9,1
pg6_4,43,9,1
pg6_4,44,9,1
pg6_4,45,9,1
pg6_4,46,9,1
pg6_4,47,9,1
pg6_4,48,9,1
pg6_4,49,9,1
pg6_4,50,9,1
pg6_4,51,9,1
pg6_4,52,9,1
pg6_4,53,9,1
pg6_4,54,9,1
pg6_4,55,9,1
pg6_4,56,9,1
pg6_4,57,9,1
pg6_4,58,9,1
pg6_4,59,9,1
pg6_4,60,9,1
pg6_4,61,9,1
pg6_4,62,9,1
pg6_4,63,9,1
pg6_4,64,9,1
pg6_4,65,9,1
pg6_4,66,9,1
pg6_4,67,9,1
pg6_4,68,9,1
pg6_4,69,9,1
pg6_4,70,9,1
pg6_4,71,9,1
pg6_4,72,9,1
pg6_4,73,9,1
pg6_4,74,9,1
pg6_4,75,9,1
pg6_4,76,9,1
pg6_4,77,9,1
pg6_4,78,9,1
pg6_4,79,9,1
pg6_4,80,9,1
pg6_4,81,9,1
pg6_4,82,9,1
pg6_4,83,9,1
pg6_4,84,9,1
pg6_4,85,9,1
pg6_4,86,9,1
pg6_4,87,9,1
pg6_4,88,9,1
pg6_4,89,9,1
pg6_4,90,9,1
pg6_4,91,9,1
pg6_4,92,9,1
pg6_4,93,9,1
pg6_4,94,9,1
pg6_4,95,9,1
pg6_4,96,9,1
pg6_4,97,9,1
pg6_5,1,0,11
pg6_5,2,0,11
pg6_5,3,0,11
pg6_5,4,0,11
pg6_5,5,0,11
pg6_5,6,0,11
pg6_5,7,0,11
pg6_5,8,0,11
pg6_5,9,0,11
pg6_5,10,0,11
pg6_5,11,0,11
pg6_5,12,0,11
pg6_5,13,0,11
pg6_5,14,0,11
pg6_5,15,0,11
pg6_5,16,0,11
pg6_5,17,1,10
pg6_5,18,1,10
pg6_5,19,1,10
pg6_5,20,1,10
pg6_5,21,1,10
pg6_5,22,4,7
pg6_5,23,4,7
pg6_5,24,4,7
pg6_5,25,4,7
pg6_5,26,5,6
pg6_5,27,6,5
pg6_5,28,7,4
pg6_5,29,8,3
pg6_5,30,8,3
pg6_5,31,8,3
pg6_5,32,8,3
pg6_5,33,8,3
pg6_5,34,8,3
pg6_5,35,8,3
pg6_5,36,8,3
pg6_5,37,8,3
pg6_5,38,8,3
pg6_5,39,8,3
pg6_5,40,8,3
pg6_5,41,9,2
pg6_5,42,9,2
pg6_5,43,9,2
pg6_5,44,9,2
pg6_5,45,9,2
pg6_5,46,9,2
pg6_5,47,9,2
pg6_5,48,9,2
pg6_5,49,9,2
pg6_5,50,9,2
pg6_5,51,9,2
pg6_5,52,9,2
pg6_5,53,9,2
pg6_5,54,9,2
pg6_5,55,9,2
pg6_5,56,9,2
pg6_5,57,9,2
pg6_5,58,9,2
pg6_5,59,9,2
pg6_5,60,9,2
pg6_5,61,9,2
pg6_5,62,9,2
pg6_5,63,9,2
pg6_5,64,9,2
pg6_5,65,9,2
pg6_5,66,9,2
pg6_5,67,9,2
pg6_5,68,9,2
pg6_5,69,9,2
pg6_5,70,9,2
pg6_5,71,9,2
pg6_5,72,9,2
pg6_5,73,9,2
pg6_5,74,9,2
pg6_5,75,9,2
pg6_5,76,9,2
pg6_5,77,9,2
pg6_5,78,9,2
pg6_5,79,9,2
pg6_5,80,9,2
pg6_5,81,9,2
pg6_5,82,9,2
pg6_5,83,9,2
pg6_5,84,9,2
pg6_5,85,9,2
pg6_5,86,9,2
pg6_5,87,9,2
pg6_5,88,9,2
pg6_5,89,9,2
pg6_5,90,9,2
pg6_5,91,9,2
pg6_5,92,9,2
pg6_5,93,9,2
pg6_5,94,9,2
pg6_5,95,9,2
pg6_5,96,9,2
pg6_5,97,9,2
pg6_6,1,0,10
pg6_6,2,0,10
pg6_6,3,0,10
pg6_6,4,0,10
pg6_6,5,0,10
pg6_6,6,0,10
pg6_6,7,0,10
pg6_6,8,1,9
pg6_6,9,1,9
pg6_6,10,1,9
pg6_6,11,3,7
pg6_6,12,3,7
pg6_6,13,3,7
pg6_6,14,3,7
pg6_6,15,4,6
pg6_6,16,4,6
pg6_6,17,4,6
pg6_6,18,4,6
pg6_6,19,4,6
pg6_6,20,4,6
pg6_6,21,4,6
pg6_6,22,7,3
pg6_6,23,8,2
pg6_6,24,8,2
pg6_6,25,8,2
pg6_6,26,8,2
pg6_6,27,8,2
pg6_6,28,8,2
pg6_6,29,8,2
pg6_6,30,8,2
pg6_6,31,9,1
pg6_6,32,9,1
pg6_6,33,9,1
pg6_6,34,9,1
pg6_6,35,9,1
pg6_6,36,9,1
pg6_6,37,9,1
pg6_6,38,9,1
pg6_6,39,9,1
pg6_6,40,9,1
pg6_6,41,9,1
pg6_6,42,9,1
pg6_6,43,9,1
pg6_6,44,9,1
pg6_6,45,9,1
pg6_6,46,9,1
pg6_6,47,9,1
pg6_6,48,9,1
pg6_6,49,9,1
pg6_6,50,9,1
pg6_6,51,9,1
pg6_6,52,9,1
pg6_6,53,9,1
pg6_6,54,9,1
pg6_6,55,9,1
pg6_6,56,9,1
pg6_6,57,9,1
pg6_6,58,9,1
pg6_6,59,9,1
pg6_6,60,9,1
pg6_6,61,9,1
pg6_6,62,9,1
pg6_6,63,9,1
pg6_6,64,9,1
pg6_6,65,9,1
pg6_6,66,9,1
pg6_6,67,9,1
pg6_6,68,9,1
pg6_6,69,9,1
pg6_6,70,9,1
pg6_6,71,9,1
pg6_6,72,9,1
pg6_6,73,9,1
pg6_6,74,9,1
pg6_6,75,9,1
pg6_6,76,9,1
pg6_6,77,9,1
pg6_6,78,9,1
pg6_6,79,9,1
pg6_6,80,9,1
pg6_6,81,9,1
pg6_6,82,9,1
pg6_6,83,9,1
pg6_6,84,9,1
pg6_6,85,9,1
pg6_6,86,9,1
pg6_6,87,9,1
pg6_6,88,9,1
pg6_6,89,9,1
pg6_6,90,9,1
pg6_6,91,9,1
pg6_6,92,9,1
pg6_6,93,9,1
pg6_6,94,9,1
pg6_6,95,9,1
pg6_6,96,9,1
pg6_6,97,9,1
pg6_7,1,0,10
pg6_7,2,0,10
pg6_7,3,0,10
pg6_7,4,0,10
pg6_7,5,0,10
pg6_7,6,0,10
pg6_7,7,0,10
pg6_7,8,0,10
pg6_7,9,0,10
pg6_7,10,0,10
pg6_7,11,0,10
pg6_7,12,1,9
pg6_7,13,1,9
pg6_7,14,4,6
pg6_7,15,4,6
pg6_7,16,4,6
pg6_7,17,4,6
pg6_7,18,6,4
pg6_7,19,6,4
pg6_7,20,7,3
pg6_7,21,7,3
pg6_7,22,7,3
pg6_7,23,7,3
pg6_7,24,7,3
pg6_7,25,7,3
pg6_7,26,7,3
pg6_7,27,7,3
pg6_7,28,8,2
pg6_7,29,8,2
pg6_7,30,8,2
pg6_7,31,8,2
pg6_7,32,8,2
pg6_7,33,8,2
pg6_7,34,8,2
pg6_7,35,8,2
pg6_7,36,8,2
pg6_7,37,8,2
pg6_7,38,8,2
pg6_7,39,8,2
pg6_7,40,8,2
pg6_7,41,8,2
pg6_7,42,8,2
pg6_7,43,8,2
pg6_7,44,8,2
pg6_7,45,8,2
pg6_7,46,8,2
pg6_7,47,8,2
pg6_7,48,8,2
pg6_7,49,8,2
pg6_7,50,8,2
pg6_7,51,8,2
pg6_7,52,8,2
pg6_7,53,8,2
pg6_7,54,8,2
pg6_7,55,8,2
pg6_7,56,8,2
pg6_7,57,8,2
pg6_7,58,8,2
pg6_7,59,8,2
pg6_7,60,8,2
pg6_7,61,8,2
pg6_7,62,8,2
pg6_7,63,8,2
pg6_7,64,9,1
pg6_7,65,9,1
pg6_7,66,9,1
pg6_7,67,9,1
pg6_7,68,9,1
pg6_7,69,9,1
pg6_7,70,9,1
pg6_7,71,9,1
pg6_7,72,9,1
pg6_7,73,9,1
pg6_7,74,9,1
pg6_7,75,9,1
pg6_7,76,9,1
pg6_7,77,9,1
pg6_7,78,9,1
pg6_7,79,9,1
pg6_7,80,9,1
pg6_7,81,9,1
pg6_7,82,9,1
pg6_7,83,9,1
pg6_7,84,9,1
pg6_7,85,9,1
pg6_7,86,9,1
pg6_7,87,9,1
pg6_7,88,9,1
pg6_7,89,9,1
pg6_7,90,9,1
pg6_7,91,9,1
pg6_7,92,9,1
pg6_7,93,9,1
pg6_7,94,9,1
pg6_7,95,9,1
pg6_7,96,9,1
pg6_7,97,9,1
pg6_8,1,0,10
pg6_8,2,0,10
pg6_8,3,0,10
pg6_8,4,0,10
pg6_8,5,0,10
pg6_8,6,0,10
pg6_8,7,0,10
pg6_8,8,0,10
pg6_8,9,0,10
pg6_8,10,0,10
pg6_8,11,0,10
pg6_8,12,0,10
pg6_8,13,0,10
pg6_8,14,0,10
pg6_8,15,0,10
pg6_8,16,0,10
pg6_8,17,1,9
pg6_8,18,1,9
pg6_8,19,1,9
pg6_8,20,1,9
pg6_8,21,1,9
pg6_8,22,1,9
pg6_8,23,2,8
pg6_8,24,1,9
pg6_8,25,2,8
pg6_8,26,2,8
pg6_8,27,2,8
pg6_8,28,2,8
pg6_8,29,2,8
pg6_8,30,3,7
pg6_8,31,4,6
pg6_8,32,5,5
pg6_8,33,5,5
pg6_8,34,5,5
pg6_8,35,5,5
pg6_8,36,5,5
pg6_8,37,5,5
pg6_8,38,7,3
pg6_8,39,7,3
pg6_8,40,7,3
pg6_8,41,7,3
pg6_8,42,7,3
pg6_8,43,7,3
pg6_8,44,7,3
pg6_8,45,7,3
pg6_8,46,7,3
pg6_8,47,7,3
pg6_8,48,7,3
pg6_8,49,7,3
pg6_8,50,7,3
pg6_8,51,7,3
pg6_8,52,7,3
pg6_8,53,7,3
pg6_8,54,7,3
pg6_8,55,7,3
pg6_8,56,7,3
pg6_8,57,7,3
pg6_8,58,7,3
pg6_8,59,7,3
pg6_8,60,7,3
pg6_8,61,7,3
pg6_8,62,7,3
pg6_8,63,7,3
pg6_8,64,7,3
pg6_8,65,7,3
pg6_8,66,7,3
pg6_8,67,7,3
pg6_8,68,7,3
pg6_8,69,8,2
pg6_8,70,8,2
pg6_8,71,8,2
pg6_8,72,8,2
pg6_8,73,8,2
pg6_8,74,8,2
pg6_8,75,8,2
pg6_8,76,8,2
pg6_8,77,8,2
pg6_8,78,8,2
pg6_8,79,8,2
pg6_8,80,8,2
pg6_8,81,8,2
pg6_8,82,8,2
pg6_8,83,8,2
pg6_8,84,9,1
pg6_8,85,9,1
pg6_8,86,9,1
pg6_8,87,9,1
pg6_8,88,9,1
pg6_8,89,9,1
pg6_8,90,9,1
pg6_8,91,9,1
pg6_8,92,9,1
pg6_8,93,9,1
pg6_8,94,9,1
pg6_8,95,9,1
pg6_8,96,9,1
pg6_8,97,9,1
pg6_9,1,0,10
pg6_9,2,0,10
pg6_9,3,0,10
pg6_9,4,0,10
pg6_9,5,0,10
pg6_9,6,0,10
pg6_9,7,0,10
pg6_9,8,0,10
pg6_9,9,0,10
pg6_9,10,0,10
pg6_9,11,0,10
pg6_9,12,0,10
pg6_9,13,0,10
pg6_9,14,0,10
pg6_9,15,0,10
pg6_9,16,0,10
pg6_9,17,0,10
pg6_9,18,0,10
pg6_9,19,0,10
pg6_9,20,0,10
pg6_9,21,1,9
pg6_9,22,1,9
pg6_9,23,1,9
pg6_9,24,3,7
pg6_9,25,5,5
pg6_9,26,4,6
pg6_9,27,7,3
pg6_9,28,8,2
pg6_9,29,8,2
pg6_9,30,8,2
pg6_9,31,9,1
pg6_9,32,9,1
pg6_9,33,9,1
pg6_9,34,9,1
pg6_9,35,9,1
pg6_9,36,9,1
pg6_9,37,9,1
pg6_9,38,9,1
pg6_9,39,10,0
pg6_9,40,10,0
pg6_9,41,10,0
pg6_9,42,10,0
pg6_9,43,10,0
pg6_9,44,10,0
pg6_9,45,10,0
pg6_9,46,10,0
pg6_9,47,10,0
pg6_9,48,10,0
pg6_9,49,10,0
pg6_9,50,10,0
pg6_9,51,10,0
pg6_9,52,10,0
pg6_9,53,10,0
pg6_9,54,10,0
pg6_9,55,10,0
pg6_9,56,10,0
pg6_9,57,10,0
pg6_9,58,10,0
pg6_9,59,10,0
pg6_9,60,10,0
pg6_9,61,10,0
pg6_9,62,10,0
pg6_9,63,10,0
pg6_9,64,10,0
pg6_9,65,10,0
pg6_9,66,10,0
pg6_9,67,10,0
pg6_9,68,10,0
pg6_9,69,10,0
pg6_9,70,10,0
pg6_9,71,10,0
pg6_9,72,10,0
pg6_9,73,10,0
pg6_9,74,10,0
pg6_9,75,10,0
pg6_9,76,10,0
pg6_9,77,10,0
pg6_9,78,10,0
pg6_9,79,10,0
pg6_9,80,10,0
pg6_9,81,10,0
pg6_9,82,10,0
pg6_9,83,10,0
pg6_9,84,10,0
pg6_9,85,10,0
pg6_9,86,10,0
pg6_9,87,10,0
pg6_9,88,10,0
pg6_9,89,10,0
pg6_9,90,10,0
pg6_9,91,10,0
pg6_9,92,10,0
pg6_9,93,10,0
pg6_9,94,10,0
pg6_9,95,10,0
pg6_9,96,10,0
pg6_9,97,10,0
pg7_1,1,0,10
pg7_1,2,0,10
pg7_1,3,0,10
pg7_1,4,0,10
pg7_1,5,0,10
pg7_1,6,0,10
pg7_1,7,0,10
pg7_1,8,0,10
pg7_1,9,0,10
pg7_1,10,0,10
pg7_1,11,0,10
pg7_1,12,0,10
pg7_1,13,0,10
pg7_1,14,0,10
pg7_1,15,0,10
pg7_1,16,0,10
pg7_1,17,0,10
pg7_1,18,0,10
pg7_1,19,1,9
pg7_1,20,1,9
pg7_1,21,2,8
pg7_1,22,2,8
pg7_1,23,2,8
pg7_1,24,3,7
pg7_1,25,3,7
pg7_1,26,3,7
pg7_1,27,3,7
pg7_1,28,4,6
pg7_1,29,4,6
pg7_1,30,5,5
pg7_1,31,6,4
pg7_1,32,7,3
pg7_1,33,7,3
pg7_1,34,7,3
pg7_1,35,7,3
pg7_1,36,7,3
pg7_1,37,7,3
pg7_1,38,7,3
pg7_1,39,7,3
pg7_1,40,7,3
pg7_1,41,7,3
pg7_1,42,7,3
pg7_1,43,7,3
pg7_1,44,7,3
pg7_1,45,7,3
pg7_1,46,7,3
pg7_1,47,7,3
pg7_1,48,7,3
pg7_1,49,7,3
pg7_1,50,7,3
pg7_1,51,7,3
pg7_1,52,7,3
pg7_1,53,7,3
pg7_1,54,7,3
pg7_1,55,7,3
pg7_1,56,7,3
pg7_1,57,7,3
pg7_1,58,7,3
pg7_1,59,7,3
pg7_1,60,7,3
pg7_1,61,7,3
pg7_1,62,7,3
pg7_1,63,7,3
pg7_1,64,7,3
pg7_1,65,7,3
pg7_1,66,7,3
pg7_1,67,7,3
pg7_1,68,7,3
pg7_1,69,7,3
pg7_1,70,7,3
pg7_1,71,7,3
pg7_1,72,7,3
pg7_1,73,7,3
pg7_1,74,7,3
pg7_1,75,7,3
pg7_1,76,7,3
pg7_1,77,7,3
pg7_1,78,7,3
pg7_1,79,7,3
pg7_1,80,7,3
pg7_1,81,7,3
pg7_1,82,7,3
pg7_1,83,7,3
pg7_1,84,7,3
pg7_1,85,7,3
pg7_1,86,7,3
pg7_1,87,7,3
pg7_1,88,7,3
pg7_1,89,7,3
pg7_1,90,7,3
pg7_1,91,7,3
pg7_1,92,7,3
pg7_1,93,7,3
pg7_1,94,7,3
pg7_1,95,7,3
pg7_1,96,7,3
pg7_1,97,7,3
pg7_10,1,0,10
pg7_10,2,0,10
pg7_10,3,0,10
pg7_10,4,0,10
pg7_10,5,0,10
pg7_10,6,0,10
pg7_10,7,0,10
pg7_10,8,0,10
pg7_10,9,0,10
pg7_10,10,0,10
pg7_10,11,0,10
pg7_10,12,0,10
pg7_10,13,1,9
pg7_10,14,1,9
pg7_10,15,2,8
pg7_10,16,3,7
pg7_10,17,3,7
pg7_10,18,3,7
pg7_10,19,4,6
pg7_10,20,4,6
pg7_10,21,4,6
pg7_10,22,4,6
pg7_10,23,5,5
pg7_10,24,5,5
pg7_10,25,5,5
pg7_10,26,5,5
pg7_10,27,6,4
pg7_10,28,6,4
pg7_10,29,6,4
pg7_10,30,6,4
pg7_10,31,6,4
pg7_10,32,6,4
pg7_10,33,6,4
pg7_10,34,6,4
pg7_10,35,6,4
pg7_10,36,6,4
pg7_10,37,6,4
pg7_10,38,6,4
pg7_10,39,6,4
pg7_10,40,6,4
pg7_10,41,7,3
pg7_10,42,7,3
pg7_10,43,7,3
pg7_10,44,7,3
pg7_10,45,7,3
pg7_10,46,7,3
pg7_10,47,7,3
pg7_10,48,7,3
pg7_10,49,7,3
pg7_10,50,7,3
pg7_10,51,7,3
pg7_10,52,7,3
pg7_10,53,7,3
pg7_10,54,8,2
pg7_10,55,8,2
pg7_10,56,8,2
pg7_10,57,8,2
pg7_10,58,8,2
pg7_10,59,8,2
pg7_10,60,8,2
pg7_10,61,8,2
pg7_10,62,8,2
pg7_10,63,8,2
pg7_10,64,8,2
pg7_10,65,8,2
pg7_10,66,8,2
pg7_10,67,8,2
pg7_10,68,8,2
pg7_10,69,8,2
pg7_10,70,8,2
pg7_10,71,8,2
pg7_10,72,8,2
pg7_10,73,8,2
pg7_10,74,8,2
pg7_10,75,8,2
pg7_10,76,8,2
pg7_10,77,8,2
pg7_10,78,8,2
pg7_10,79,8,2
pg7_10,80,8,2
pg7_10,81,8,2
pg7_10,82,8,2
pg7_10,83,8,2
pg7_10,84,8,2
pg7_10,85,8,2
pg7_10,86,8,2
pg7_10,87,8,2
pg7_10,88,8,2
pg7_10,89,8,2
pg7_10,90,8,2
pg7_10,91,8,2
pg7_10,92,8,2
pg7_10,93,8,2
pg7_10,94,8,2
pg7_10,95,8,2
pg7_10,96,8,2
pg7_10,97,8,2
pg7_11,1,0,10
pg7_11,2,0,10
pg7_11,3,0,10
pg7_11,4,0,10
pg7_11,5,0,10
pg7_11,6,0,10
pg7_11,7,0,10
pg7_11,8,0,10
pg7_11,9,0,10
pg7_11,10,0,10
pg7_11,11,0,10
pg7_11,12,0,10
pg7_11,13,0,10
pg7_11,14,0,10
pg7_11,15,1,9
pg7_11,16,3,7
pg7_11,17,3,7
pg7_11,18,4,6
pg7_11,19,5,5
pg7_11,20,5,5
pg7_11,21,5,5
pg7_11,22,6,4
pg7_11,23,6,4
pg7_11,24,6,4
pg7_11,25,6,4
pg7_11,26,6,4
pg7_11,27,7,3
pg7_11,28,6,4
pg7_11,29,7,3
pg7_11,30,7,3
pg7_11,31,7,3
pg7_11,32,7,3
pg7_11,33,7,3
pg7_11,34,7,3
pg7_11,35,7,3
pg7_11,36,7,3
pg7_11,37,7,3
pg7_11,38,7,3
pg7_11,39,7,3
pg7_11,40,7,3
pg7_11,41,7,3
pg7_11,42,7,3
pg7_11,43,7,3
pg7_11,44,7,3
pg7_11,45,7,3
pg7_11,46,8,2
pg7_11,47,8,2
pg7_11,48,8,2
pg7_11,49,8,2
pg7_11,50,8,2
pg7_11,51,8,2
pg7_11,52,9,1
pg7_11,53,9,1
pg7_11,54,9,1
pg7_11,55,9,1
pg7_11,56,9,1
pg7_11,57,9,1
pg7_11,58,10,0
pg7_11,59,9,1
pg7_11,60,10,0
pg7_11,61,10,0
pg7_11,62,10,0
pg7_11,63,10,0
pg7_11,64,10,0
pg7_11,65,10,0
pg7_11,66,10,0
pg7_11,67,10,0
pg7_11,68,10,0
pg7_11,69,10,0
pg7_11,70,10,0
pg7_11,71,10,0
pg7_11,72,10,0
pg7_11,73,10,0
pg7_11,74,10,0
pg7_11,75,10,0
pg7_11,76,10,0
pg7_11,77,10,0
pg7_11,78,10,0
pg7_11,79,10,0
pg7_11,80,10,0
pg7_11,81,10,0
pg7_11,82,10,0
pg7_11,83,10,0
pg7_11,84,10,0
pg7_11,85,10,0
pg7_11,86,10,0
pg7_11,87,10,0
pg7_11,88,10,0
pg7_11,89,10,0
pg7_11,90,10,0
pg7_11,91,10,0
pg7_11,92,10,0
pg7_11,93,10,0
pg7_11,94,10,0
pg7_11,95,10,0
pg7_11,96,10,0
pg7_11,97,10,0
pg7_12,1,0,10
pg7_12,2,0,10
pg7_12,3,0,10
pg7_12,4,0,10
pg7_12,5,0,10
pg7_12,6,0,10
pg7_12,7,0,10
pg7_12,8,0,10
pg7_12,9,0,10
pg7_12,10,0,10
pg7_12,11,0,10
pg7_12,12,0,10
pg7_12,13,0,10
pg7_12,14,0,10
pg7_12,15,0,10
pg7_12,16,0,10
pg7_12,17,0,10
pg7_12,18,0,10
pg7_12,19,0,10
pg7_12,20,1,9
pg7_12,21,1,9
pg7_12,22,1,9
pg7_12,23,1,9
pg7_12,24,2,8
pg7_12,25,2,8
pg7_12,26,2,8
pg7_12,27,4,6
pg7_12,28,4,6
pg7_12,29,4,6
pg7_12,30,4,6
pg7_12,31,5,5
pg7_12,32,5,5
pg7_12,33,5,5
pg7_12,34,5,5
pg7_12,35,5,5
pg7_12,36,5,5
pg7_12,37,5,5
pg7_12,38,5,5
pg7_12,39,5,5
pg7_12,40,5,5
pg7_12,41,5,5
pg7_12,42,6,4
pg7_12,43,5,5
pg7_12,44,5,5
pg7_12,45,6,4
pg7_12,46,6,4
pg7_12,47,6,4
pg7_12,48,6,4
pg7_12,49,6,4
pg7_12,50,7,3
pg7_12,51,8,2
pg7_12,52,8,2
pg7_12,53,8,2
pg7_12,54,8,2
pg7_12,55,8,2
pg7_12,56,8,2
pg7_12,57,8,2
pg7_12,58,8,2
pg7_12,59,8,2
pg7_12,60,8,2
pg7_12,61,8,2
pg7_12,62,8,2
pg7_12,63,8,2
pg7_12,64,8,2
pg7_12,65,8,2
pg7_12,66,8,2
pg7_12,67,8,2
pg7_12,68,8,2
pg7_12,69,8,2
pg7_12,70,8,2
pg7_12,71,8,2
pg7_12,72,8,2
pg7_12,73,8,2
pg7_12,74,8,2
pg7_12,75,8,2
pg7_12,76,8,2
pg7_12,77,8,2
pg7_12,78,8,2
pg7_12,79,8,2
pg7_12,80,8,2
pg7_12,81,8,2
pg7_12,82,8,2
pg7_12,83,8,2
pg7_12,84,8,2
pg7_12,85,8,2
pg7_12,86,8,2
pg7_12,87,8,2
pg7_12,88,8,2
pg7_12,89,8,2
pg7_12,90,8,2
pg7_12,91,8,2
pg7_12,92,8,2
pg7_12,93,8,2
pg7_12,94,8,2
pg7_12,95,8,2
pg7_12,96,8,2
pg7_12,97,8,2
pg7_2,1,0,10
pg7_2,2,0,10
pg7_2,3,0,10
pg7_2,4,0,10
pg7_2,5,0,10
pg7_2,6,0,10
pg7_2,7,0,10
pg7_2,8,0,10
pg7_2,9,0,10
pg7_2,10,0,10
pg7_2,11,0,10
pg7_2,12,0,10
pg7_2,13,0,10
pg7_2,14,0,10
pg7_2,15,0,10
pg7_2,16,0,10
pg7_2,17,0,10
pg7_2,18,1,9
pg7_2,19,1,9
pg7_2,20,1,9
pg7_2,21,2,8
pg7_2,22,2,8
pg7_2,23,3,7
pg7_2,24,4,6
pg7_2,25,4,6
pg7_2,26,5,5
pg7_2,27,5,5
pg7_2,28,6,4
pg7_2,29,6,4
pg7_2,30,6,4
pg7_2,31,6,4
pg7_2,32,6,4
pg7_2,33,6,4
pg7_2,34,6,4
pg7_2,35,7,3
pg7_2,36,7,3
pg7_2,37,7,3
pg7_2,38,7,3
pg7_2,39,7,3
pg7_2,40,7,3
pg7_2,41,7,3
pg7_2,42,7,3
pg7_2,43,7,3
pg7_2,44,8,2
pg7_2,45,8,2
pg7_2,46,8,2
pg7_2,47,8,2
pg7_2,48,8,2
pg7_2,49,8,2
pg7_2,50,8,2
pg7_2,51,8,2
pg7_2,52,8,2
pg7_2,53,8,2
pg7_2,54,8,2
pg7_2,55,8,2
pg7_2,56,8,2
pg7_2,57,8,2
pg7_2,58,8,2
pg7_2,59,9,1
pg7_2,60,9,1
pg7_2,61,9,1
pg7_2,62,9,1
pg7_2,63,9,1
pg7_2,64,9,1
pg7_2,65,9,1
pg7_2,66,9,1
pg7_2,67,9,1
pg7_2,68,9,1
pg7_2,69,9,1
pg7_2,70,9,1
pg7_2,71,9,1
pg7_2,72,9,1
pg7_2,73,9,1
pg7_2,74,9,1
pg7_2,75,9,1
pg7_2,76,9,1
pg7_2,77,9,1
pg7_2,78,9,1
pg7_2,79,9,1
pg7_2,80,9,1
pg7_2,81,9,1
pg7_2,82,9,1
pg7_2,83,9,1
pg7_2,84,9,1
pg7_2,85,9,1
pg7_2,86,9,1
pg7_2,87,9,1
pg7_2,88,9,1
pg7_2,89,9,1
pg7_2,90,9,1
pg7_2,91,9,1
pg7_2,92,9,1
pg7_2,93,9,1
pg7_2,94,9,1
pg7_2,95,9,1
pg7_2,96,9,1
pg7_2,97,9,1
pg7_3,1,0,10
pg7_3,2,0,10
pg7_3,3,0,10
pg7_3,4,0,10
pg7_3,5,0,10
pg7_3,6,0,10
pg7_3,7,0,10
pg7_3,8,0,10
pg7_3,9,0,10
pg7_3,10,0,10
pg7_3,11,0,10
pg7_3,12,0,10
pg7_3,13,0,10
pg7_3,14,0,10
pg7_3,15,0,10
pg7_3,16,0,10
pg7_3,17,0,10
pg7_3,18,0,10
pg7_3,19,0,10
pg7_3,20,0,10
pg7_3,21,1,9
pg7_3,22,2,8
pg7_3,23,2,8
pg7_3,24,2,8
pg7_3,25,2,8
pg7_3,26,2,8
pg7_3,27,2,8
pg7_3,28,2,8
pg7_3,29,2,8
pg7_3,30,3,7
pg7_3,31,4,6
pg7_3,32,5,5
pg7_3,33,5,5
pg7_3,34,5,5
pg7_3,35,6,4
pg7_3,36,6,4
pg7_3,37,7,3
pg7_3,38,7,3
pg7_3,39,7,3
pg7_3,40,7,3
pg7_3,41,7,3
pg7_3,42,7,3
pg7_3,43,8,2
pg7_3,44,8,2
pg7_3,45,8,2
pg7_3,46,8,2
pg7_3,47,8,2
pg7_3,48,8,2
pg7_3,49,8,2
pg7_3,50,8,2
pg7_3,51,8,2
pg7_3,52,8,2
pg7_3,53,8,2
pg7_3,54,8,2
pg7_3,55,8,2
pg7_3,56,8,2
pg7_3,57,8,2
pg7_3,58,8,2
pg7_3,59,8,2
pg7_3,60,8,2
pg7_3,61,8,2
pg7_3,62,8,2
pg7_3,63,8,2
pg7_3,64,8,2
pg7_3,65,8,2
pg7_3,66,8,2
pg7_3,67,8,2
pg7_3,68,8,2
pg7_3,69,8,2
pg7_3,70,8,2
pg7_3,71,8,2
pg7_3,72,8,2
pg7_3,73,8,2
pg7_3,74,8,2
pg7_3,75,8,2
pg7_3,76,8,2
pg7_3,77,8,2
pg7_3,78,8,2
pg7_3,79,8,2
pg7_3,80,8,2
pg7_3,81,8,2
pg7_3,82,8,2
pg7_3,83,8,2
pg7_3,84,8,2
pg7_3,85,8,2
pg7_3,86,9,1
pg7_3,87,9,1
pg7_3,88,9,1
pg7_3,89,9,1
pg7_3,90,9,1
pg7_3,91,9,1
pg7_3,92,9,1
pg7_3,93,9,1
pg7_3,94,9,1
pg7_3,95,9,1
pg7_3,96,9,1
pg7_3,97,9,1
pg7_4,1,0,10
pg7_4,2,0,10
pg7_4,3,0,10
pg7_4,4,0,10
pg7_4,5,0,10
pg7_4,6,0,10
pg7_4,7,0,10
pg7_4,8,0,10
pg7_4,9,0,10
pg7_4,10,0,10
pg7_4,11,0,10
pg7_4,12,0,10
pg7_4,13,0,10
pg7_4,14,1,9
pg7_4,15,2,8
pg7_4,16,2,8
pg7_4,17,2,8
pg7_4,18,3,7
pg7_4,19,3,7
pg7_4,20,3,7
pg7_4,21,3,7
pg7_4,22,3,7
pg7_4,23,4,6
pg7_4,24,5,5
pg7_4,25,5,5
pg7_4,26,5,5
pg7_4,27,5,5
pg7_4,28,5,5
pg7_4,29,6,4
pg7_4,30,6,4
pg7_4,31,7,3
pg7_4,32,7,3
pg7_4,33,7,3
pg7_4,34,7,3
pg7_4,35,8,2
pg7_4,36,8,2
pg7_4,37,9,1
pg7_4,38,9,1
pg7_4,39,9,1
pg7_4,40,9,1
pg7_4,41,9,1
pg7_4,42,9,1
pg7_4,43,9,1
pg7_4,44,9,1
pg7_4,45,9,1
pg7_4,46,9,1
pg7_4,47,9,1
pg7_4,48,9,1
pg7_4,49,9,1
pg7_4,50,9,1
pg7_4,51,9,1
pg7_4,52,9,1
pg7_4,53,9,1
pg7_4,54,9,1
pg7_4,55,9,1
pg7_4,56,9,1
pg7_4,57,9,1
pg7_4,58,9,1
pg7_4,59,9,1
pg7_4,60,9,1
pg7_4,61,9,1
pg7_4,62,9,1
pg7_4,63,9,1
pg7_4,64,9,1
pg7_4,65,9,1
pg7_4,66,10,0
pg7_4,67,10,0
pg7_4,68,10,0
pg7_4,69,10,0
pg7_4,70,10,0
pg7_4,71,10,0
pg7_4,72,10,0
pg7_4,73,10,0
pg7_4,74,10,0
pg7_4,75,10,0
pg7_4,76,10,0
pg7_4,77,10,0
pg7_4,78,10,0
pg7_4,79,10,0
pg7_4,80,10,0
pg7_4,81,10,0
pg7_4,82,10,0
pg7_4,83,10,0
pg7_4,84,10,0
pg7_4,85,10,0
pg7_4,86,10,0
pg7_4,87,10,0
pg7_4,88,10,0
pg7_4,89,10,0
pg7_4,90,10,0
pg7_4,91,10,0
pg7_4,92,10,0
pg7_4,93,10,0
pg7_4,94,10,0
pg7_4,95,10,0
pg7_4,96,10,0
pg7_4,97,10,0
pg7_5,1,0,10
pg7_5,2,0,10
pg7_5,3,0,10
pg7_5,4,0,10
pg7_5,5,0,10
pg7_5,6,0,10
pg7_5,7,0,10
pg7_5,8,0,10
pg7_5,9,0,10
pg7_5,10,0,10
pg7_5,11,0,10
pg7_5,12,0,10
pg7_5,13,0,10
pg7_5,14,0,10
pg7_5,15,0,10
pg7_5,16,0,10
pg7_5,17,0,10
pg7_5,18,1,9
pg7_5,19,2,8
pg7_5,20,2,8
pg7_5,21,3,7
pg7_5,22,3,7
pg7_5,23,3,7
pg7_5,24,3,7
pg7_5,25,3,7
pg7_5,26,3,7
pg7_5,27,3,7
pg7_5,28,3,7
pg7_5,29,3,7
pg7_5,30,4,6
pg7_5,31,5,5
pg7_5,32,5,5
pg7_5,33,5,5
pg7_5,34,5,5
pg7_5,35,6,4
pg7_5,36,7,3
pg7_5,37,7,3
pg7_5,38,7,3
pg7_5,39,7,3
pg7_5,40,8,2
pg7_5,41,8,2
pg7_5,42,8,2
pg7_5,43,8,2
pg7_5,44,8,2
pg7_5,45,8,2
pg7_5,46,8,2
pg7_5,47,8,2
pg7_5,48,8,2
pg7_5,49,8,2
pg7_5,50,8,2
pg7_5,51,8,2
pg7_5,52,8,2
pg7_5,53,8,2
pg7_5,54,9,1
pg7_5,55,9,1
pg7_5,56,9,1
pg7_5,57,9,1
pg7_5,58,9,1
pg7_5,59,9,1
pg7_5,60,9,1
pg7_5,61,9,1
pg7_5,62,9,1
pg7_5,63,9,1
pg7_5,64,9,1
pg7_5,65,9,1
pg7_5,66,9,1
pg7_5,67,9,1
pg7_5,68,9,1
pg7_5,69,9,1
pg7_5,70,9,1
pg7_5,71,9,1
pg7_5,72,9,1
pg7_5,73,9,1
pg7_5,74,10,0
pg7_5,75,10,0
pg7_5,76,10,0
pg7_5,77,10,0
pg7_5,78,10,0
pg7_5,79,10,0
pg7_5,80,10,0
pg7_5,81,10,0
pg7_5,82,10,0
pg7_5,83,10,0
pg7_5,84,10,0
pg7_5,85,10,0
pg7_5,86,10,0
pg7_5,87,10,0
pg7_5,88,10,0
pg7_5,89,10,0
pg7_5,90,10,0
pg7_5,91,10,0
pg7_5,92,10,0
pg7_5,93,10,0
pg7_5,94,10,0
pg7_5,95,10,0
pg7_5,96,10,0
pg7_5,97,10,0
pg7_6,1,0,10
pg7_6,2,0,10
pg7_6,3,0,10
pg7_6,4,0,10
pg7_6,5,0,10
pg7_6,6,0,10
pg7_6,7,0,10
pg7_6,8,0,10
pg7_6,9,0,10
pg7_6,10,0,10
pg7_6,11,0,10
pg7_6,12,0,10
pg7_6,13,2,8
pg7_6,14,2,8
pg7_6,15,4,6
pg7_6,16,5,5
pg7_6,17,5,5
pg7_6,18,5,5
pg7_6,19,5,5
pg7_6,20,5,5
pg7_6,21,5,5
pg7_6,22,5,5
pg7_6,23,5,5
pg7_6,24,6,4
pg7_6,25,6,4
pg7_6,26,6,4
pg7_6,27,7,3
pg7_6,28,7,3
pg7_6,29,7,3
pg7_6,30,8,2
pg7_6,31,8,2
pg7_6,32,8,2
pg7_6,33,8,2
pg7_6,34,9,1
pg7_6,35,10,0
pg7_6,36,10,0
pg7_6,37,10,0
pg7_6,38,10,0
pg7_6,39,10,0
pg7_6,40,10,0
pg7_6,41,10,0
pg7_6,42,10,0
pg7_6,43,10,0
pg7_6,44,10,0
pg7_6,45,10,0
pg7_6,46,10,0
pg7_6,47,10,0
pg7_6,48,10,0
pg7_6,49,10,0
pg7_6,50,10,0
pg7_6,51,10,0
pg7_6,52,10,0
pg7_6,53,10,0
pg7_6,54,10,0
pg7_6,55,10,0
pg7_6,56,10,0
pg7_6,57,10,0
pg7_6,58,10,0
pg7_6,59,10,0
pg7_6,60,10,0
pg7_6,61,10,0
pg7_6,62,10,0
pg7_6,63,10,0
pg7_6,64,10,0
pg7_6,65,10,0
pg7_6,66,10,0
pg7_6,67,10,0
pg7_6,68,10,0
pg7_6,69,10,0
pg7_6,70,10,0
pg7_6,71,10,0
pg7_6,72,10,0
pg7_6,73,10,0
pg7_6,74,10,0
pg7_6,75,10,0
pg7_6,76,10,0
pg7_6,77,10,0
pg7_6,78,10,0
pg7_6,79,10,0
pg7_6,80,10,0
pg7_6,81,10,0
pg7_6,82,10,0
pg7_6,83,10,0
pg7_6,84,10,0
pg7_6,85,10,0
pg7_6,86,10,0
pg7_6,87,10,0
pg7_6,88,10,0
pg7_6,89,10,0
pg7_6,90,10,0
pg7_6,91,10,0
pg7_6,92,10,0
pg7_6,93,10,0
pg7_6,94,10,0
pg7_6,95,10,0
pg7_6,96,10,0
pg7_6,97,10,0
pg7_7,1,0,10
pg7_7,2,0,10
pg7_7,3,0,10
pg7_7,4,0,10
pg7_7,5,0,10
pg7_7,6,0,10
pg7_7,7,0,10
pg7_7,8,0,10
pg7_7,9,0,10
pg7_7,10,0,10
pg7_7,11,0,10
pg7_7,12,0,10
pg7_7,13,0,10
pg7_7,14,0,10
pg7_7,15,0,10
pg7_7,16,0,10
pg7_7,17,0,10
pg7_7,18,0,10
pg7_7,19,0,10
pg7_7,20,0,10
pg7_7,21,0,10
pg7_7,22,1,9
pg7_7,23,1,9
pg7_7,24,1,9
pg7_7,25,2,8
pg7_7,26,3,7
pg7_7,27,3,7
pg7_7,28,4,6
pg7_7,29,4,6
pg7_7,30,4,6
pg7_7,31,4,6
pg7_7,32,5,5
pg7_7,33,5,5
pg7_7,34,6,4
pg7_7,35,6,4
pg7_7,36,6,4
pg7_7,37,6,4
pg7_7,38,6,4
pg7_7,39,6,4
pg7_7,40,6,4
pg7_7,41,6,4
pg7_7,42,6,4
pg7_7,43,6,4
pg7_7,44,6,4
pg7_7,45,6,4
pg7_7,46,6,4
pg7_7,47,7,3
pg7_7,48,7,3
pg7_7,49,7,3
pg7_7,50,7,3
pg7_7,51,7,3
pg7_7,52,7,3
pg7_7,53,7,3
pg7_7,54,7,3
pg7_7,55,7,3
pg7_7,56,7,3
pg7_7,57,7,3
pg7_7,58,7,3
pg7_7,59,7,3
pg7_7,60,7,3
pg7_7,61,7,3
pg7_7,62,7,3
pg7_7,63,7,3
pg7_7,64,7,3
pg7_7,65,7,3
pg7_7,66,7,3
pg7_7,67,7,3
pg7_7,68,7,3
pg7_7,69,7,3
pg7_7,70,7,3
pg7_7,71,7,3
pg7_7,72,7,3
pg7_7,73,7,3
pg7_7,74,7,3
pg7_7,75,7,3
pg7_7,76,7,3
pg7_7,77,7,3
pg7_7,78,7,3
pg7_7,79,7,3
pg7_7,80,7,3
pg7_7,81,7,3
pg7_7,82,7,3
pg7_7,83,7,3
pg7_7,84,7,3
pg7_7,85,7,3
pg7_7,86,7,3
pg7_7,87,7,3
pg7_7,88,7,3
pg7_7,89,7,3
pg7_7,90,7,3
pg7_7,91,7,3
pg7_7,92,7,3
pg7_7,93,7,3
pg7_7,94,7,3
pg7_7,95,7,3
pg7_7,96,7,3
pg7_7,97,7,3
pg7_8,1,0,10
pg7_8,2,0,10
pg7_8,3,0,10
pg7_8,4,0,10
pg7_8,5,0,10
pg7_8,6,0,10
pg7_8,7,0,10
pg7_8,8,0,10
pg7_8,9,0,10
pg7_8,10,0,10
pg7_8,11,0,10
pg7_8,12,0,10
pg7_8,13,0,10
pg7_8,14,1,9
pg7_8,15,1,9
pg7_8,16,1,9
pg7_8,17,2,8
pg7_8,18,2,8
pg7_8,19,3,7
pg7_8,20,3,7
pg7_8,21,3,7
pg7_8,22,3,7
pg7_8,23,3,7
pg7_8,24,4,6
pg7_8,25,5,5
pg7_8,26,5,5
pg7_8,27,6,4
pg7_8,28,6,4
pg7_8,29,6,4
pg7_8,30,6,4
pg7_8,31,7,3
pg7_8,32,7,3
pg7_8,33,7,3
pg7_8,34,7,3
pg7_8,35,7,3
pg7_8,36,7,3
pg7_8,37,7,3
pg7_8,38,7,3
pg7_8,39,7,3
pg7_8,40,7,3
pg7_8,41,7,3
pg7_8,42,7,3
pg7_8,43,7,3
pg7_8,44,7,3
pg7_8,45,7,3
pg7_8,46,7,3
pg7_8,47,7,3
pg7_8,48,7,3
pg7_8,49,7,3
pg7_8,50,7,3
pg7_8,51,7,3
pg7_8,52,7,3
pg7_8,53,7,3
pg7_8,54,7,3
pg7_8,55,8,2
pg7_8,56,8,2
pg7_8,57,8,2
pg7_8,58,8,2
pg7_8,59,8,2
pg7_8,60,8,2
pg7_8,61,8,2
pg7_8,62,8,2
pg7_8,63,8,2
pg7_8,64,8,2
pg7_8,65,8,2
pg7_8,66,8,2
pg7_8,67,8,2
pg7_8,68,8,2
pg7_8,69,8,2
pg7_8,70,8,2
pg7_8,71,8,2
pg7_8,72,8,2
pg7_8,73,8,2
pg7_8,74,8,2
pg7_8,75,8,2
pg7_8,76,8,2
pg7_8,77,8,2
pg7_8,78,8,2
pg7_8,79,8,2
pg7_8,80,8,2
pg7_8,81,8,2
pg7_8,82,8,2
pg7_8,83,8,2
pg7_8,84,8,2
pg7_8,85,8,2
pg7_8,86,8,2
pg7_8,87,8,2
pg7_8,88,8,2
pg7_8,89,8,2
pg7_8,90,8,2
pg7_8,91,8,2
pg7_8,92,8,2
pg7_8,93,8,2
pg7_8,94,8,2
pg7_8,95,8,2
pg7_8,96,8,2
pg7_8,97,8,2
pg7_9,1,0,10
pg7_9,2,0,10
pg7_9,3,0,10
pg7_9,4,0,10
pg7_9,5,0,10
pg7_9,6,0,10
pg7_9,7,0,10
pg7_9,8,0,10
pg7_9,9,0,10
pg7_9,10,0,10
pg7_9,11,0,10
pg7_9,12,0,10
pg7_9,13,0,10
pg7_9,14,0,10
pg7_9,15,0,10
pg7_9,16,0,10
pg7_9,17,0,10
pg7_9,18,0,10
pg7_9,19,0,10
pg7_9,20,0,10
pg7_9,21,1,9
pg7_9,22,1,9
pg7_9,23,2,8
pg7_9,24,3,7
pg7_9,25,4,6
pg7_9,26,4,6
pg7_9,27,4,6
pg7_9,28,4,6
pg7_9,29,4,6
pg7_9,30,4,6
pg7_9,31,4,6
pg7_9,32,4,6
pg7_9,33,7,3
pg7_9,34,7,3
pg7_9,35,7,3
pg7_9,36,7,3
pg7_9,37,7,3
pg7_9,38,7,3
pg7_9,39,7,3
pg7_9,40,8,2
pg7_9,41,8,2
pg7_9,42,8,2
pg7_9,43,8,2
pg7_9,44,8,2
pg7_9,45,9,1
pg7_9,46,9,1
pg7_9,47,9,1
pg7_9,48,9,1
pg7_9,49,9,1
pg7_9,50,9,1
pg7_9,51,9,1
pg7_9,52,9,1
pg7_9,53,10,0
pg7_9,54,10,0
pg7_9,55,10,0
pg7_9,56,10,0
pg7_9,57,10,0
pg7_9,58,10,0
pg7_9,59,10,0
pg7_9,60,10,0
pg7_9,61,10,0
pg7_9,62,10,0
pg7_9,63,10,0
pg7_9,64,10,0
pg7_9,65,10,0
pg7_9,66,10,0
pg7_9,67,10,0
pg7_9,68,10,0
pg7_9,69,10,0
pg7_9,70,10,0
pg7_9,71,10,0
pg7_9,72,10,0
pg7_9,73,10,0
pg7_9,74,10,0
pg7_9,75,10,0
pg7_9,76,10,0
pg7_9,77,10,0
pg7_9,78,10,0
pg7_9,79,10,0
pg7_9,80,10,0
pg7_9,81,10,0
pg7_9,82,10,0
pg7_9,83,10,0
pg7_9,84,10,0
pg7_9,85,10,0
pg7_9,86,10,0
pg7_9,87,10,0
pg7_9,88,10,0
pg7_9,89,10,0
pg7_9,90,10,0
pg7_9,91,10,0
pg7_9,92,10,0
pg7_9,93,10,0
pg7_9,94,10,0
pg7_9,95,10,0
pg7_9,96,10,0
pg7_9,97,10,0
pg8_1,1,0,12
pg8_1,2,0,12
pg8_1,3,0,12
pg8_1,4,1,11
pg8_1,5,1,11
pg8_1,6,1,11
pg8_1,7,1,11
pg8_1,8,0,12
pg8_1,9,0,12
pg8_1,10,0,12
pg8_1,11,0,12
pg8_1,12,1,11
pg8_1,13,1,11
pg8_1,14,1,11
pg8_1,15,1,11
pg8_1,16,2,10
pg8_1,17,2,10
pg8_1,18,2,10
pg8_1,19,3,9
pg8_1,20,3,9
pg8_1,21,3,9
pg8_1,22,3,9
pg8_1,23,3,9
pg8_1,24,3,9
pg8_1,25,3,9
pg8_1,26,4,8
pg8_1,27,6,6
pg8_1,28,6,6
pg8_1,29,7,5
pg8_1,30,7,5
pg8_1,31,7,5
pg8_1,32,7,5
pg8_1,33,7,5
pg8_1,34,7,5
pg8_1,35,8,4
pg8_1,36,9,3
pg8_1,37,10,2
pg8_1,38,11,1
pg8_1,39,12,0
pg8_1,40,11,1
pg8_1,41,11,1
pg8_1,42,12,0
pg8_1,43,12,0
pg8_1,44,12,0
pg8_1,45,12,0
pg8_1,46,12,0
pg8_1,47,12,0
pg8_1,48,12,0
pg8_1,49,12,0
pg8_1,50,12,0
pg8_1,51,12,0
pg8_1,52,12,0
pg8_1,53,12,0
pg8_1,54,12,0
pg8_1,55,12,0
pg8_1,56,12,0
pg8_1,57,12,0
pg8_1,58,12,0
pg8_1,59,12,0
pg8_1,60,12,0
pg8_1,61,12,0
pg8_1,62,12,0
pg8_1,63,12,0
pg8_1,64,12,0
pg8_1,65,12,0
pg8_1,66,12,0
pg8_1,67,12,0
pg8_1,68,12,0
pg8_1,69,12,0
pg8_1,70,12,0
pg8_1,71,12,0
pg8_1,72,12,0
pg8_1,73,12,0
pg8_1,74,12,0
pg8_1,75,12,0
pg8_1,76,12,0
pg8_1,77,12,0
pg8_1,78,12,0
pg8_1,79,12,0
pg8_1,80,12,0
pg8_1,81,12,0
pg8_1,82,12,0
pg8_1,83,12,0
pg8_1,84,12,0
pg8_1,85,12,0
pg8_1,86,12,0
pg8_1,87,12,0
pg8_1,88,12,0
pg8_1,89,12,0
pg8_1,90,12,0
pg8_1,91,12,0
pg8_1,92,12,0
pg8_1,93,12,0
pg8_1,94,12,0
pg8_1,95,12,0
pg8_1,96,12,0
pg8_1,97,12,0
