stem,object_count,classes
pg1_10_img001,10,pg_im
pg1_10_img002,10,pg_im
pg1_10_img003,10,pg_im
pg1_10_img004,10,pg_im
pg1_10_img005,10,pg_im
pg1_10_img006,10,pg_im
pg1_10_img007,10,pg_im
pg1_10_img008,10,pg_im
pg1_10_img009,10,pg_im
pg1_10_img010,10,pg_im
pg1_10_img011,10,pg_el|pg_im
pg1_10_img012,10,pg_el|pg_im
pg1_10_img013,10,pg_el|pg_im
pg1_10_img014,10,pg_el|pg_im
pg1_10_img015,10,pg_el|pg_im
pg1_10_img016,10,pg_el|pg_im
pg1_10_img017,10,pg_el|pg_im
pg1_10_img018,10,pg_el|pg_im
pg1_10_img019,10,pg_el|pg_im
pg1_10_img020,10,pg_el|pg_im
pg1_10_img021,10,pg_el|pg_im
pg1_10_img022,10,pg_el|pg_im
pg1_10_img023,10,pg_el|pg_im
pg1_10_img024,10,pg_el|pg_im
pg1_10_img025,10,pg_el|pg_im
pg1_10_img026,10,pg_el|pg_im
pg1_10_img027,10,pg_el|pg_im
pg1_10_img028,10,pg_el|pg_im
pg1_10_img029,10,pg_el|pg_im
pg1_10_img030,10,pg_el|pg_im
pg1_10_img031,10,pg_el|pg_im
pg1_10_img032,10,pg_el|pg_im
pg1_10_img033,10,pg_el|pg_im
pg1_10_img034,10,pg_el|pg_im
pg1_10_img035,10,pg_el|pg_im
pg1_10_img036,10,pg_el|pg_im
pg1_10_img037,10,pg_el|pg_im
pg1_10_img038,10,pg_el|pg_im
pg1_10_img039,10,pg_el|pg_im
pg1_10_img040,10,pg_el|pg_im
pg1_10_img041,10,pg_el|pg_im
pg1_10_img042,10,pg_el|pg_im
pg1_10_img043,10,pg_el|pg_im
pg1_10_img044,10,pg_el|pg_im
pg1_10_img045,10,pg_el|pg_im
pg1_10_img046,10,pg_el|pg_im
pg1_10_img047,10,pg_el|pg_im
pg1_10_img048,10,pg_el|pg_im
pg1_10_img049,10,pg_el|pg_im
pg1_10_img050,10,pg_el|pg_im
pg1_10_img051,10,pg_el|pg_im
pg1_10_img052,10,pg_el|pg_im
pg1_10_img053,10,pg_el|pg_im
pg1_10_img054,10,pg_el|pg_im
pg1_10_img055,10,pg_el|pg_im
pg1_10_img056,10,pg_el|pg_im
pg1_10_img057,10,pg_el|pg_im
pg1_10_img058,10,pg_el|pg_im
pg1_10_img059,10,pg_el|pg_im
pg1_10_img060,10,pg_el|pg_im
pg1_10_img061,10,pg_el|pg_im
pg1_10_img062,10,pg_el|pg_im
pg1_10_img063,10,pg_el|pg_im
pg1_10_img064,10,pg_el|pg_im
pg1_10_img065,10,pg_el|pg_im
pg1_10_img066,10,pg_el|pg_im
pg1_10_img067,10,pg_el|pg_im
pg1_10_img068,10,pg_el|pg_im
pg1_10_img069,10,pg_el|pg_im
pg1_10_img070,10,pg_el|pg_im
pg1_10_img071,10,pg_el|pg_im
pg1_10_img072,10,pg_el|pg_im
pg1_10_img073,10,pg_el|pg_im
pg1_10_img074,10,pg_el|pg_im
pg1_10_img075,10,pg_el|pg_im
pg1_10_img076,10,pg_el|pg_im
pg1_10_img077,10,pg_el|pg_im
pg1_10_img078,10,pg_el|pg_im
pg1_10_img079,10,pg_el|pg_im
pg1_10_img080,10,pg_el|pg_im
pg1_10_img081,10,pg_el|pg_im
pg1_10_img082,10,pg_el|pg_im
pg1_10_img083,10,pg_el|pg_im
pg1_10_img084,10,pg_el|pg_im
pg1_10_img085,10,pg_el|pg_im
pg1_10_img086,10,pg_el|pg_im
pg1_10_img087,10,pg_el|pg_im
pg1_10_img088,10,pg_el|pg_im
pg1_10_img089,10,pg_el|pg_im
pg1_10_img090,10,pg_el|pg_im
pg1_10_img091,10,pg_el|pg_im
pg1_10_img092,10,pg_el|pg_im
pg1_10_img093,10,pg_el|pg_im
pg1_10_img094,10,pg_el|pg_im
pg1_10_img095,10,pg_el|pg_im
pg1_10_img096,10,pg_el|pg_im
pg1_10_img097,10,pg_el|pg_im
pg1_11_img001,10,pg_im
pg1_11_img002,10,pg_im
pg1_11_img003,10,pg_im
pg1_11_img004,10,pg_im
pg1_11_img005,10,pg_im
pg1_11_img006,10,pg_im
pg1_11_img007,10,pg_im
pg1_11_img008,10,pg_im
pg1_11_img009,10,pg_im
pg1_11_img010,10,pg_im
pg1_11_img011,10,pg_im
pg1_11_img012,10,pg_im
pg1_11_img013,10,pg_im
pg1_11_img014,10,pg_im
pg1_11_img015,10,pg_el|pg_im
pg1_11_img016,10,pg_el|pg_im
pg1_11_img017,10,pg_el|pg_im
pg1_11_img018,10,pg_el|pg_im
pg1_11_img019,10,pg_el|pg_im
pg1_11_img020,10,pg_el|pg_im
pg1_11_img021,10,pg_el|pg_im
pg1_11_img022,10,pg_el|pg_im
pg1_11_img023,10,pg_el|pg_im
pg1_11_img024,10,pg_el|pg_im
pg1_11_img025,10,pg_el|pg_im
pg1_11_img026,10,pg_el|pg_im
pg1_11_img027,10,pg_el|pg_im
pg1_11_img028,10,pg_el|pg_im
pg1_11_img029,10,pg_el|pg_im
pg1_11_img030,10,pg_el|pg_im
pg1_11_img031,10,pg_el|pg_im
pg1_11_img032,10,pg_el|pg_im
pg1_11_img033,10,pg_el|pg_im
pg1_11_img034,10,pg_el|pg_im
pg1_11_img035,10,pg_el|pg_im
pg1_11_img036,10,pg_el|pg_im
pg1_11_img037,10,pg_el|pg_im
pg1_11_img038,10,pg_el|pg_im
pg1_11_img039,10,pg_el|pg_im
pg1_11_img040,10,pg_el|pg_im
pg1_11_img041,10,pg_el|pg_im
pg1_11_img042,10,pg_el|pg_im
pg1_11_img043,10,pg_el|pg_im
pg1_11_img044,10,pg_el|pg_im
pg1_11_img045,10,pg_el|pg_im
pg1_11_img046,10,pg_el|pg_im
pg1_11_img047,10,pg_el|pg_im
pg1_11_img048,10,pg_el|pg_im
pg1_11_img049,10,pg_el|pg_im
pg1_11_img050,10,pg_el|pg_im
pg1_11_img051,10,pg_el|pg_im
pg1_11_img052,10,pg_el|pg_im
pg1_11_img053,10,pg_el|pg_im
pg1_11_img054,10,pg_el|pg_im
pg1_11_img055,10,pg_el|pg_im
pg1_11_img056,10,pg_el|pg_im
pg1_11_img057,10,pg_el|pg_im
pg1_11_img058,10,pg_el|pg_im
pg1_11_img059,10,pg_el|pg_im
pg1_11_img060,10,pg_el|pg_im
pg1_11_img061,10,pg_el|pg_im
pg1_11_img062,10,pg_el|pg_im
pg1_11_img063,10,pg_el|pg_im
pg1_11_img064,10,pg_el|pg_im
pg1_11_img065,10,pg_el|pg_im
pg1_11_img066,10,pg_el|pg_im
pg1_11_img067,10,pg_el|pg_im
pg1_11_img068,10,pg_el|pg_im
pg1_11_img069,10,pg_el|pg_im
pg1_11_img070,10,pg_el|pg_im
pg1_11_img071,10,pg_el|pg_im
pg1_11_img072,10,pg_el|pg_im
pg1_11_img073,10,pg_el|pg_im
pg1_11_img074,10,pg_el|pg_im
pg1_11_img075,10,pg_el|pg_im
pg1_11_img076,10,pg_el|pg_im
pg1_11_img077,10,pg_el|pg_im
pg1_11_img078,10,pg_el|pg_im
pg1_11_img079,10,pg_el|pg_im
pg1_11_img080,10,pg_el|pg_im
pg1_11_img081,10,pg_el|pg_im
pg1_11_img082,10,pg_el|pg_im
pg1_11_img083,10,pg_el|pg_im
pg1_11_img084,10,pg_el|pg_im
pg1_11_img085,10,pg_el|pg_im
pg1_11_img086,10,pg_el|pg_im
pg1_11_img087,10,pg_el|pg_im
pg1_11_img088,10,pg_el|pg_im
pg1_11_img089,10,pg_el|pg_im
pg1_11_img090,10,pg_el|pg_im
pg1_11_img091,10,pg_el|pg_im
pg1_11_img092,10,pg_el|pg_im
pg1_11_img093,10,pg_el|pg_im
pg1_11_img094,10,pg_el|pg_im
pg1_11_img095,10,pg_el|pg_im
pg1_11_img096,10,pg_el|pg_im
pg1_11_img097,10,pg_el|pg_im
pg1_12_img001,10,pg_im
pg1_12_img002,10,pg_im
pg1_12_img003,10,pg_im
pg1_12_img004,10,pg_im
pg1_12_img005,10,pg_im
pg1_12_img006,10,pg_im
pg1_12_img007,10,pg_im
pg1_12_img008,10,pg_im
pg1_12_img009,10,pg_im
pg1_12_img010,10,pg_im
pg1_12_img011,10,pg_im
pg1_12_img012,10,pg_im
pg1_12_img013,10,pg_im
pg1_12_img014,10,pg_el|pg_im
pg1_12_img015,10,pg_el|pg_im
pg1_12_img016,10,pg_el|pg_im
pg1_12_img017,10,pg_el|pg_im
pg1_12_img018,10,pg_el|pg_im
pg1_12_img019,10,pg_el|pg_im
pg1_12_img020,10,pg_el|pg_im
pg1_12_img021,10,pg_el|pg_im
pg1_12_img022,10,pg_el|pg_im
pg1_12_img023,10,pg_el|pg_im
pg1_12_img024,10,pg_el|pg_im
pg1_12_img025,10,pg_el|pg_im
pg1_12_img026,10,pg_el|pg_im
pg1_12_img027,10,pg_el|pg_im
pg1_12_img028,10,pg_el|pg_im
pg1_12_img029,10,pg_el|pg_im
pg1_12_img030,10,pg_el|pg_im
pg1_12_img031,10,pg_el|pg_im
pg1_12_img032,10,pg_el|pg_im
pg1_12_img033,10,pg_el|pg_im
pg1_12_img034,10,pg_el|pg_im
pg1_12_img035,10,pg_el|pg_im
pg1_12_img036,10,pg_el
pg1_12_img037,10,pg_el
pg1_12_img038,10,pg_el
pg1_12_img039,10,pg_el
pg1_12_img040,10,pg_el
pg1_12_img041,10,pg_el
pg1_12_img042,10,pg_el
pg1_12_img043,10,pg_el
pg1_12_img044,10,pg_el
pg1_12_img045,10,pg_el
pg1_12_img046,10,pg_el
pg1_12_img047,10,pg_el
pg1_12_img048,10,pg_el
pg1_12_img049,10,pg_el
pg1_12_img050,10,pg_el
pg1_12_img051,10,pg_el
pg1_12_img052,10,pg_el
pg1_12_img053,10,pg_el
pg1_12_img054,10,pg_el
pg1_12_img055,10,pg_el
pg1_12_img056,10,pg_el
pg1_12_img057,10,pg_el
pg1_12_img058,10,pg_el
pg1_12_img059,10,pg_el
pg1_12_img060,10,pg_el
pg1_12_img061,10,pg_el
pg1_12_img062,10,pg_el
pg1_12_img063,10,pg_el
pg1_12_img064,10,pg_el
pg1_12_img065,10,pg_el
pg1_12_img066,10,pg_el
pg1_12_img067,10,pg_el
pg1_12_img068,10,pg_el
pg1_12_img069,10,pg_el
pg1_12_img070,10,pg_el
pg1_12_img071,10,pg_el
pg1_12_img072,10,pg_el
pg1_12_img073,10,pg_el
pg1_12_img074,10,pg_el
pg1_12_img075,10,pg_el
pg1_12_img076,10,pg_el
pg1_12_img077,10,pg_el
pg1_12_img078,10,pg_el
pg1_12_img079,10,pg_el
pg1_12_img080,10,pg_el
pg1_12_img081,10,pg_el
pg1_12_img082,10,pg_el
pg1_12_img083,10,pg_el
pg1_12_img084,10,pg_el
pg1_12_img085,10,pg_el
pg1_12_img086,10,pg_el
pg1_12_img087,10,pg_el
pg1_12_img088,10,pg_el
pg1_12_img089,10,pg_el
pg1_12_img090,10,pg_el
pg1_12_img091,10,pg_el
pg1_12_img092,10,pg_el
pg1_12_img093,10,pg_el
pg1_12_img094,10,pg_el
pg1_12_img095,10,pg_el
pg1_12_img096,10,pg_el
pg1_12_img097,10,pg_el
pg1_1_img001,10,pg_im
pg1_1_img002,10,pg_im
pg1_1_img003,10,pg_im
pg1_1_img004,10,pg_im
pg1_1_img005,10,pg_im
pg1_1_img006,10,pg_im
pg1_1_img007,10,pg_im
pg1_1_img008,10,pg_im
pg1_1_img009,10,pg_im
pg1_1_img010,10,pg_im
pg1_1_img011,10,pg_im
pg1_1_img012,10,pg_im
pg1_1_img013,10,pg_im
pg1_1_img014,10,pg_im
pg1_1_img015,10,pg_im
pg1_1_img016,10,pg_el|pg_im
pg1_1_img017,10,pg_el|pg_im
pg1_1_img018,10,pg_el|pg_im
pg1_1_img019,10,pg_el|pg_im
pg1_1_img020,10,pg_el|pg_im
pg1_1_img021,10,pg_el|pg_im
pg1_1_img022,10,pg_el|pg_im
pg1_1_img023,10,pg_el|pg_im
pg1_1_img024,10,pg_el|pg_im
pg1_1_img025,10,pg_el|pg_im
pg1_1_img026,10,pg_el|pg_im
pg1_1_img027,10,pg_el|pg_im
pg1_1_img028,10,pg_el|pg_im
pg1_1_img029,10,pg_el|pg_im
pg1_1_img030,10,pg_el|pg_im
pg1_1_img031,10,pg_el|pg_im
pg1_1_img032,10,pg_el|pg_im
pg1_1_img033,10,pg_el|pg_im
pg1_1_img034,10,pg_el|pg_im
pg1_1_img035,10,pg_el|pg_im
pg1_1_img036,10,pg_el|pg_im
pg1_1_img037,10,pg_el|pg_im
pg1_1_img038,10,pg_el|pg_im
pg1_1_img039,10,pg_el|pg_im
pg1_1_img040,10,pg_el|pg_im
pg1_1_img041,10,pg_el|pg_im
pg1_1_img042,10,pg_el|pg_im
pg1_1_img043,10,pg_el|pg_im
pg1_1_img044,10,pg_el|pg_im
pg1_1_img045,10,pg_el|pg_im
pg1_1_img046,10,pg_el|pg_im
pg1_1_img047,10,pg_el|pg_im
pg1_1_img048,10,pg_el|pg_im
pg1_1_img049,10,pg_el|pg_im
pg1_1_img050,10,pg_el|pg_im
pg1_1_img051,10,pg_el|pg_im
pg1_1_img052,10,pg_el|pg_im
pg1_1_img053,10,pg_el|pg_im
pg1_1_img054,10,pg_el|pg_im
pg1_1_img055,10,pg_el|pg_im
pg1_1_img056,10,pg_el|pg_im
pg1_1_img057,10,pg_el|pg_im
pg1_1_img058,10,pg_el|pg_im
pg1_1_img059,10,pg_el|pg_im
pg1_1_img060,10,pg_el|pg_im
pg1_1_img061,10,pg_el|pg_im
pg1_1_img062,10,pg_el|pg_im
pg1_1_img063,10,pg_el|pg_im
pg1_1_img064,10,pg_el|pg_im
pg1_1_img065,10,pg_el|pg_im
pg1_1_img066,10,pg_el|pg_im
pg1_1_img067,10,pg_el|pg_im
pg1_1_img068,10,pg_el|pg_im
pg1_1_img069,10,pg_el|pg_im
pg1_1_img070,10,pg_el|pg_im
pg1_1_img071,10,pg_el|pg_im
pg1_1_img072,10,pg_el|pg_im
pg1_1_img073,10,pg_el|pg_im
pg1_1_img074,10,pg_el|pg_im
pg1_1_img075,10,pg_el|pg_im
pg1_1_img076,10,pg_el|pg_im
pg1_1_img077,10,pg_el|pg_im
pg1_1_img078,10,pg_el|pg_im
pg1_1_img079,10,pg_el|pg_im
pg1_1_img080,10,pg_el|pg_im
pg1_1_img081,10,pg_el|pg_im
pg1_1_img082,10,pg_el|pg_im
pg1_1_img083,10,pg_el|pg_im
pg1_1_img084,10,pg_el|pg_im
pg1_1_img085,10,pg_el|pg_im
pg1_1_img086,10,pg_el|pg_im
pg1_1_img087,10,pg_el|pg_im
pg1_1_img088,10,pg_el|pg_im
pg1_1_img089,10,pg_el|pg_im
pg1_1_img090,10,pg_el|pg_im
pg1_1_img091,10,pg_el|pg_im
pg1_1_img092,10,pg_el|pg_im
pg1_1_img093,10,pg_el|pg_im
pg1_1_img094,10,pg_el|pg_im
pg1_1_img095,10,pg_el|pg_im
pg1_1_img096,10,pg_el|pg_im
pg1_1_img097,10,pg_el|pg_im
pg1_2_img001,10,pg_im
pg1_2_img002,10,pg_im
pg1_2_img003,10,pg_im
pg1_2_img004,10,pg_im
pg1_2_img005,10,pg_im
pg1_2_img006,10,pg_im
pg1_2_img007,10,pg_im
pg1_2_img008,10,pg_im
pg1_2_img009,10,pg_im
pg1_2_img010,10,pg_im
pg1_2_img011,10,pg_im
pg1_2_img012,10,pg_im
pg1_2_img013,10,pg_im
pg1_2_img014,10,pg_im
pg1_2_img015,10,pg_el|pg_im
pg1_2_img016,10,pg_el|pg_im
pg1_2_img017,10,pg_el|pg_im
pg1_2_img018,10,pg_el|pg_im
pg1_2_img019,10,pg_el|pg_im
pg1_2_img020,10,pg_el|pg_im
pg1_2_img021,10,pg_el|pg_im
pg1_2_img022,10,pg_el|pg_im
pg1_2_img023,10,pg_el|pg_im
pg1_2_img024,10,pg_el|pg_im
pg1_2_img025,10,pg_el|pg_im
pg1_2_img026,10,pg_el|pg_im
pg1_2_img027,10,pg_el|pg_im
pg1_2_img028,10,pg_el|pg_im
pg1_2_img029,10,pg_el|pg_im
pg1_2_img030,10,pg_el|pg_im
pg1_2_img031,10,pg_el|pg_im
pg1_2_img032,10,pg_el|pg_im
pg1_2_img033,10,pg_el|pg_im
pg1_2_img034,10,pg_el|pg_im
pg1_2_img035,10,pg_el|pg_im
pg1_2_img036,10,pg_el|pg_im
pg1_2_img037,10,pg_el|pg_im
pg1_2_img038,10,pg_el|pg_im
pg1_2_img039,10,pg_el|pg_im
pg1_2_img040,10,pg_el|pg_im
pg1_2_img041,10,pg_el|pg_im
pg1_2_img042,10,pg_el|pg_im
pg1_2_img043,10,pg_el|pg_im
pg1_2_img044,10,pg_el|pg_im
pg1_2_img045,10,pg_el|pg_im
pg1_2_img046,10,pg_el|pg_im
pg1_2_img047,10,pg_el|pg_im
pg1_2_img048,10,pg_el|pg_im
pg1_2_img049,10,pg_el|pg_im
pg1_2_img050,10,pg_el|pg_im
pg1_2_img051,10,pg_el|pg_im
pg1_2_img052,10,pg_el|pg_im
pg1_2_img053,10,pg_el|pg_im
pg1_2_img054,10,pg_el|pg_im
pg1_2_img055,10,pg_el|pg_im
pg1_2_img056,10,pg_el|pg_im
pg1_2_img057,10,pg_el|pg_im
pg1_2_img058,10,pg_el|pg_im
pg1_2_img059,10,pg_el|pg_im
pg1_2_img060,10,pg_el|pg_im
pg1_2_img061,10,pg_el|pg_im
pg1_2_img062,10,pg_el|pg_im
pg1_2_img063,10,pg_el|pg_im
pg1_2_img064,10,pg_el|pg_im
pg1_2_img065,10,pg_el|pg_im
pg1_2_img066,10,pg_el|pg_im
pg1_2_img067,10,pg_el|pg_im
pg1_2_img068,10,pg_el|pg_im
pg1_2_img069,10,pg_el
pg1_2_img070,10,pg_el
pg1_2_img071,10,pg_el
pg1_2_img072,10,pg_el
pg1_2_img073,10,pg_el
pg1_2_img074,10,pg_el
pg1_2_img075,10,pg_el
pg1_2_img076,10,pg_el
pg1_2_img077,10,pg_el
pg1_2_img078,10,pg_el
pg1_2_img079,10,pg_el
pg1_2_img080,10,pg_el
pg1_2_img081,10,pg_el
pg1_2_img082,10,pg_el
pg1_2_img083,10,pg_el
pg1_2_img084,10,pg_el
pg1_2_img085,10,pg_el
pg1_2_img086,10,pg_el
pg1_2_img087,10,pg_el
pg1_2_img088,10,pg_el
pg1_2_img089,10,pg_el
pg1_2_img090,10,pg_el
pg1_2_img091,10,pg_el
pg1_2_img092,10,pg_el
pg1_2_img093,10,pg_el
pg1_2_img094,10,pg_el
pg1_2_img095,10,pg_el
pg1_2_img096,10,pg_el
pg1_2_img097,10,pg_el
pg1_3_img001,10,pg_im
pg1_3_img002,10,pg_im
pg1_3_img003,10,pg_im
pg1_3_img004,10,pg_im
pg1_3_img005,10,pg_im
pg1_3_img006,10,pg_im
pg1_3_img007,10,pg_im
pg1_3_img008,10,pg_im
pg1_3_img009,10,pg_im
pg1_3_img010,10,pg_im
pg1_3_img011,10,pg_im
pg1_3_img012,10,pg_el|pg_im
pg1_3_img013,10,pg_el|pg_im
pg1_3_img014,10,pg_el|pg_im
pg1_3_img015,10,pg_el|pg_im
pg1_3_img016,10,pg_el|pg_im
pg1_3_img017,10,pg_el|pg_im
pg1_3_img018,10,pg_el|pg_im
pg1_3_img019,10,pg_el|pg_im
pg1_3_img020,10,pg_el|pg_im
pg1_3_img021,10,pg_el|pg_im
pg1_3_img022,10,pg_el|pg_im
pg1_3_img023,10,pg_el|pg_im
pg1_3_img024,10,pg_el|pg_im
pg1_3_img025,10,pg_el|pg_im
pg1_3_img026,10,pg_el|pg_im
pg1_3_img027,10,pg_el|pg_im
pg1_3_img028,10,pg_el|pg_im
pg1_3_img029,10,pg_el|pg_im
pg1_3_img030,10,pg_el|pg_im
pg1_3_img031,10,pg_el|pg_im
pg1_3_img032,10,pg_el|pg_im
pg1_3_img033,10,pg_el|pg_im
pg1_3_img034,10,pg_el|pg_im
pg1_3_img035,10,pg_el|pg_im
pg1_3_img036,10,pg_el|pg_im
pg1_3_img037,10,pg_el|pg_im
pg1_3_img038,10,pg_el|pg_im
pg1_3_img039,10,pg_el|pg_im
pg1_3_img040,10,pg_el|pg_im
pg1_3_img041,10,pg_el|pg_im
pg1_3_img042,10,pg_el|pg_im
pg1_3_img043,10,pg_el|pg_im
pg1_3_img044,10,pg_el|pg_im
pg1_3_img045,10,pg_el|pg_im
pg1_3_img046,10,pg_el|pg_im
pg1_3_img047,10,pg_el|pg_im
pg1_3_img048,10,pg_el|pg_im
pg1_3_img049,10,pg_el|pg_im
pg1_3_img050,10,pg_el|pg_im
pg1_3_img051,10,pg_el|pg_im
pg1_3_img052,10,pg_el|pg_im
pg1_3_img053,10,pg_el|pg_im
pg1_3_img054,10,pg_el|pg_im
pg1_3_img055,10,pg_el|pg_im
pg1_3_img056,10,pg_el|pg_im
pg1_3_img057,10,pg_el|pg_im
pg1_3_img058,10,pg_el|pg_im
pg1_3_img059,10,pg_el|pg_im
pg1_3_img060,10,pg_el|pg_im
pg1_3_img061,10,pg_el|pg_im
pg1_3_img062,10,pg_el|pg_im
pg1_3_img063,10,pg_el|pg_im
pg1_3_img064,10,pg_el|pg_im
pg1_3_img065,10,pg_el|pg_im
pg1_3_img066,10,pg_el|pg_im
pg1_3_img067,10,pg_el|pg_im
pg1_3_img068,10,pg_el|pg_im
pg1_3_img069,10,pg_el|pg_im
pg1_3_img070,10,pg_el|pg_im
pg1_3_img071,10,pg_el|pg_im
pg1_3_img072,10,pg_el|pg_im
pg1_3_img073,10,pg_el|pg_im
pg1_3_img074,10,pg_el|pg_im
pg1_3_img075,10,pg_el|pg_im
pg1_3_img076,10,pg_el|pg_im
pg1_3_img077,10,pg_el|pg_im
pg1_3_img078,10,pg_el|pg_im
pg1_3_img079,10,pg_el|pg_im
pg1_3_img080,10,pg_el|pg_im
pg1_3_img081,10,pg_el|pg_im
pg1_3_img082,10,pg_el|pg_im
pg1_3_img083,10,pg_el|pg_im
pg1_3_img084,10,pg_el|pg_im
pg1_3_img085,10,pg_el|pg_im
pg1_3_img086,10,pg_el|pg_im
pg1_3_img087,10,pg_el|pg_im
pg1_3_img088,10,pg_el|pg_im
pg1_3_img089,10,pg_el|pg_im
pg1_3_img090,10,pg_el|pg_im
pg1_3_img091,10,pg_el|pg_im
pg1_3_img092,10,pg_el|pg_im
pg1_3_img093,10,pg_el|pg_im
pg1_3_img094,10,pg_el|pg_im
pg1_3_img095,10,pg_el|pg_im
pg1_3_img096,10,pg_el|pg_im
pg1_3_img097,10,pg_el|pg_im
pg1_4_img001,10,pg_im
pg1_4_img002,10,pg_im
pg1_4_img003,10,pg_im
pg1_4_img004,10,pg_im
pg1_4_img005,10,pg_im
pg1_4_img006,10,pg_im
pg1_4_img007,10,pg_im
pg1_4_img008,10,pg_im
pg1_4_img009,10,pg_im
pg1_4_img010,10,pg_im
pg1_4_img011,10,pg_im
pg1_4_img012,10,pg_im
pg1_4_img013,10,pg_im
pg1_4_img014,10,pg_im
pg1_4_img015,10,pg_im
pg1_4_img016,10,pg_im
pg1_4_img017,10,pg_im
pg1_4_img018,10,pg_im
pg1_4_img019,10,pg_im
pg1_4_img020,10,pg_im
pg1_4_img021,10,pg_im
pg1_4_img022,10,pg_im
pg1_4_img023,10,pg_im
pg1_4_img024,10,pg_im
pg1_4_img025,10,pg_im
pg1_4_img026,10,pg_el|pg_im
pg1_4_img027,10,pg_el|pg_im
pg1_4_img028,10,pg_el|pg_im
pg1_4_img029,10,pg_el|pg_im
pg1_4_img030,10,pg_el|pg_im
pg1_4_img031,10,pg_el|pg_im
pg1_4_img032,10,pg_el|pg_im
pg1_4_img033,10,pg_el|pg_im
pg1_4_img034,10,pg_el|pg_im
pg1_4_img035,10,pg_el|pg_im
pg1_4_img036,10,pg_el|pg_im
pg1_4_img037,10,pg_el|pg_im
pg1_4_img038,10,pg_el|pg_im
pg1_4_img039,10,pg_el|pg_im
pg1_4_img040,10,pg_el|pg_im
pg1_4_img041,10,pg_el|pg_im
pg1_4_img042,10,pg_el|pg_im
pg1_4_img043,10,pg_el|pg_im
pg1_4_img044,10,pg_el|pg_im
pg1_4_img045,10,pg_el|pg_im
pg1_4_img046,10,pg_el|pg_im
pg1_4_img047,10,pg_el|pg_im
pg1_4_img048,10,pg_el|pg_im
pg1_4_img049,10,pg_el|pg_im
pg1_4_img050,10,pg_el|pg_im
pg1_4_img051,10,pg_el|pg_im
pg1_4_img052,10,pg_el|pg_im
pg1_4_img053,10,pg_el|pg_im
pg1_4_img054,10,pg_el|pg_im
pg1_4_img055,10,pg_el|pg_im
pg1_4_img056,10,pg_el|pg_im
pg1_4_img057,10,pg_el|pg_im
pg1_4_img058,10,pg_el|pg_im
pg1_4_img059,10,pg_el|pg_im
pg1_4_img060,10,pg_el|pg_im
pg1_4_img061,10,pg_el|pg_im
pg1_4_img062,10,pg_el|pg_im
pg1_4_img063,10,pg_el|pg_im
pg1_4_img064,10,pg_el|pg_im
pg1_4_img065,10,pg_el|pg_im
pg1_4_img066,10,pg_el|pg_im
pg1_4_img067,10,pg_el|pg_im
pg1_4_img068,10,pg_el|pg_im
pg1_4_img069,10,pg_el|pg_im
pg1_4_img070,10,pg_el|pg_im
pg1_4_img071,10,pg_el|pg_im
pg1_4_img072,10,pg_el|pg_im
pg1_4_img073,10,pg_el|pg_im
pg1_4_img074,10,pg_el|pg_im
pg1_4_img075,10,pg_el|pg_im
pg1_4_img076,10,pg_el|pg_im
pg1_4_img077,10,pg_el|pg_im
pg1_4_img078,10,pg_el|pg_im
pg1_4_img079,10,pg_el|pg_im
pg1_4_img080,10,pg_el|pg_im
pg1_4_img081,10,pg_el|pg_im
pg1_4_img082,10,pg_el|pg_im
pg1_4_img083,10,pg_el|pg_im
pg1_4_img084,10,pg_el|pg_im
pg1_4_img085,10,pg_el|pg_im
pg1_4_img086,10,pg_el|pg_im
pg1_4_img087,10,pg_el|pg_im
pg1_4_img088,10,pg_el|pg_im
pg1_4_img089,10,pg_el|pg_im
pg1_4_img090,10,pg_el|pg_im
pg1_4_img091,10,pg_el|pg_im
pg1_4_img092,10,pg_el|pg_im
pg1_4_img093,10,pg_el|pg_im
pg1_4_img094,10,pg_el|pg_im
pg1_4_img095,10,pg_el|pg_im
pg1_4_img096,10,pg_el|pg_im
pg1_4_img097,10,pg_el|pg_im
pg1_5_img001,10,pg_im
pg1_5_img002,10,pg_im
pg1_5_img003,10,pg_im
pg1_5_img004,10,pg_im
pg1_5_img005,10,pg_im
pg1_5_img006,10,pg_im
pg1_5_img007,10,pg_im
pg1_5_img008,10,pg_im
pg1_5_img009,10,pg_im
pg1_5_img010,10,pg_im
pg1_5_img011,10,pg_im
pg1_5_img012,10,pg_im
pg1_5_img013,10,pg_im
pg1_5_img014,10,pg_im
pg1_5_img015,10,pg_im
pg1_5_img016,10,pg_im
pg1_5_img017,10,pg_im
pg1_5_img018,10,pg_im
pg1_5_img019,10,pg_im
pg1_5_img020,10,pg_im
pg1_5_img021,10,pg_im
pg1_5_img022,10,pg_im
pg1_5_img023,10,pg_im
pg1_5_img024,10,pg_el|pg_im
pg1_5_img025,10,pg_el|pg_im
pg1_5_img026,10,pg_el|pg_im
pg1_5_img027,10,pg_el|pg_im
pg1_5_img028,10,pg_el|pg_im
pg1_5_img029,10,pg_el|pg_im
pg1_5_img030,10,pg_el|pg_im
pg1_5_img031,10,pg_el|pg_im
pg1_5_img032,10,pg_el|pg_im
pg1_5_img033,10,pg_el|pg_im
pg1_5_img034,10,pg_el|pg_im
pg1_5_img035,10,pg_el|pg_im
pg1_5_img036,10,pg_el|pg_im
pg1_5_img037,10,pg_el|pg_im
pg1_5_img038,10,pg_el|pg_im
pg1_5_img039,10,pg_el|pg_im
pg1_5_img040,10,pg_el|pg_im
pg1_5_img041,10,pg_el|pg_im
pg1_5_img042,10,pg_el|pg_im
pg1_5_img043,10,pg_el|pg_im
pg1_5_img044,10,pg_el|pg_im
pg1_5_img045,10,pg_el|pg_im
pg1_5_img046,10,pg_el|pg_im
pg1_5_img047,10,pg_el|pg_im
pg1_5_img048,10,pg_el|pg_im
pg1_5_img049,10,pg_el|pg_im
pg1_5_img050,10,pg_el|pg_im
pg1_5_img051,10,pg_el|pg_im
pg1_5_img052,10,pg_el|pg_im
pg1_5_img053,10,pg_el|pg_im
pg1_5_img054,10,pg_el|pg_im
pg1_5_img055,10,pg_el|pg_im
pg1_5_img056,10,pg_el|pg_im
pg1_5_img057,10,pg_el|pg_im
pg1_5_img058,10,pg_el|pg_im
pg1_5_img059,10,pg_el|pg_im
pg1_5_img060,10,pg_el|pg_im
pg1_5_img061,10,pg_el|pg_im
pg1_5_img062,10,pg_el|pg_im
pg1_5_img063,10,pg_el|pg_im
pg1_5_img064,10,pg_el|pg_im
pg1_5_img065,10,pg_el|pg_im
pg1_5_img066,10,pg_el|pg_im
pg1_5_img067,10,pg_el|pg_im
pg1_5_img068,10,pg_el|pg_im
pg1_5_img069,10,pg_el|pg_im
pg1_5_img070,10,pg_el|pg_im
pg1_5_img071,10,pg_el|pg_im
pg1_5_img072,10,pg_el|pg_im
pg1_5_img073,10,pg_el|pg_im
pg1_5_img074,10,pg_el|pg_im
pg1_5_img075,10,pg_el|pg_im
pg1_5_img076,10,pg_el|pg_im
pg1_5_img077,10,pg_el|pg_im
pg1_5_img078,10,pg_el|pg_im
pg1_5_img079,10,pg_el|pg_im
pg1_5_img080,10,pg_el|pg_im
pg1_5_img081,10,pg_el|pg_im
pg1_5_img082,10,pg_el|pg_im
pg1_5_img083,10,pg_el|pg_im
pg1_5_img084,10,pg_el|pg_im
pg1_5_img085,10,pg_el|pg_im
pg1_5_img086,10,pg_el|pg_im
pg1_5_img087,10,pg_el|pg_im
pg1_5_img088,10,pg_el|pg_im
pg1_5_img089,10,pg_el|pg_im
pg1_5_img090,10,pg_el|pg_im
pg1_5_img091,10,pg_el|pg_im
pg1_5_img092,10,pg_el|pg_im
pg1_5_img093,10,pg_el|pg_im
pg1_5_img094,10,pg_el|pg_im
pg1_5_img095,10,pg_el|pg_im
pg1_5_img096,10,pg_el|pg_im
pg1_5_img097,10,pg_el|pg_im
pg1_6_img001,10,pg_im
pg1_6_img002,10,pg_im
pg1_6_img003,10,pg_im
pg1_6_img004,10,pg_im
pg1_6_img005,10,pg_im
pg1_6_img006,10,pg_im
pg1_6_img007,10,pg_im
pg1_6_img008,10,pg_im
pg1_6_img009,10,pg_im
pg1_6_img010,10,pg_im
pg1_6_img011,10,pg_el|pg_im
pg1_6_img012,10,pg_el|pg_im
pg1_6_img013,10,pg_el|pg_im
pg1_6_img014,10,pg_el|pg_im
pg1_6_img015,10,pg_el|pg_im
pg1_6_img016,10,pg_el|pg_im
pg1_6_img017,10,pg_el|pg_im
pg1_6_img018,10,pg_el|pg_im
pg1_6_img019,10,pg_el|pg_im
pg1_6_img020,10,pg_el|pg_im
pg1_6_img021,10,pg_el|pg_im
pg1_6_img022,10,pg_el|pg_im
pg1_6_img023,10,pg_el|pg_im
pg1_6_img024,10,pg_el|pg_im
pg1_6_img025,10,pg_el|pg_im
pg1_6_img026,10,pg_el|pg_im
pg1_6_img027,10,pg_el|pg_im
pg1_6_img028,10,pg_el|pg_im
pg1_6_img029,10,pg_el|pg_im
pg1_6_img030,10,pg_el|pg_im
pg1_6_img031,10,pg_el|pg_im
pg1_6_img032,10,pg_el|pg_im
pg1_6_img033,10,pg_el|pg_im
pg1_6_img034,10,pg_el|pg_im
pg1_6_img035,10,pg_el|pg_im
pg1_6_img036,10,pg_el|pg_im
pg1_6_img037,10,pg_el|pg_im
pg1_6_img038,10,pg_el|pg_im
pg1_6_img039,10,pg_el|pg_im
pg1_6_img040,10,pg_el|pg_im
pg1_6_img041,10,pg_el|pg_im
pg1_6_img042,10,pg_el|pg_im
pg1_6_img043,10,pg_el|pg_im
pg1_6_img044,10,pg_el|pg_im
pg1_6_img045,10,pg_el|pg_im
pg1_6_img046,10,pg_el|pg_im
pg1_6_img047,10,pg_el|pg_im
pg1_6_img048,10,pg_el|pg_im
pg1_6_img049,10,pg_el|pg_im
pg1_6_img050,10,pg_el|pg_im
pg1_6_img051,10,pg_el|pg_im
pg1_6_img052,10,pg_el|pg_im
pg1_6_img053,10,pg_el|pg_im
pg1_6_img054,10,pg_el|pg_im
pg1_6_img055,10,pg_el|pg_im
pg1_6_img056,10,pg_el|pg_im
pg1_6_img057,10,pg_el|pg_im
pg1_6_img058,10,pg_el|pg_im
pg1_6_img059,10,pg_el|pg_im
pg1_6_img060,10,pg_el|pg_im
pg1_6_img061,10,pg_el|pg_im
pg1_6_img062,10,pg_el|pg_im
pg1_6_img063,10,pg_el|pg_im
pg1_6_img064,10,pg_el|pg_im
pg1_6_img065,10,pg_el|pg_im
pg1_6_img066,10,pg_el|pg_im
pg1_6_img067,10,pg_el|pg_im
pg1_6_img068,10,pg_el|pg_im
pg1_6_img069,10,pg_el|pg_im
pg1_6_img070,10,pg_el|pg_im
pg1_6_img071,10,pg_el|pg_im
pg1_6_img072,10,pg_el|pg_im
pg1_6_img073,10,pg_el|pg_im
pg1_6_img074,10,pg_el|pg_im
pg1_6_img075,10,pg_el|pg_im
pg1_6_img076,10,pg_el|pg_im
pg1_6_img077,10,pg_el|pg_im
pg1_6_img078,10,pg_el|pg_im
pg1_6_img079,10,pg_el|pg_im
pg1_6_img080,10,pg_el|pg_im
pg1_6_img081,10,pg_el|pg_im
pg1_6_img082,10,pg_el|pg_im
pg1_6_img083,10,pg_el|pg_im
pg1_6_img084,10,pg_el|pg_im
pg1_6_img085,10,pg_el|pg_im
pg1_6_img086,10,pg_el|pg_im
pg1_6_img087,10,pg_el|pg_im
pg1_6_img088,10,pg_el|pg_im
pg1_6_img089,10,pg_el|pg_im
pg1_6_img090,10,pg_el|pg_im
pg1_6_img091,10,pg_el|pg_im
pg1_6_img092,10,pg_el|pg_im
pg1_6_img093,10,pg_el|pg_im
pg1_6_img094,10,pg_el|pg_im
pg1_6_img095,10,pg_el|pg_im
pg1_6_img096,10,pg_el|pg_im
pg1_6_img097,10,pg_el|pg_im
pg1_7_img001,10,pg_im
pg1_7_img002,10,pg_im
pg1_7_img003,10,pg_im
pg1_7_img004,10,pg_im
pg1_7_img005,10,pg_im
pg1_7_img006,10,pg_im
pg1_7_img007,10,pg_im
pg1_7_img008,10,pg_im
pg1_7_img009,10,pg_im
pg1_7_img010,10,pg_im
pg1_7_img011,10,pg_im
pg1_7_img012,10,pg_im
pg1_7_img013,10,pg_im
pg1_7_img014,10,pg_im
pg1_7_img015,10,pg_im
pg1_7_img016,10,pg_im
pg1_7_img017,10,pg_im
pg1_7_img018,10,pg_im
pg1_7_img019,10,pg_im
pg1_7_img020,10,pg_el|pg_im
pg1_7_img021,10,pg_el|pg_im
pg1_7_img022,10,pg_el|pg_im
pg1_7_img023,10,pg_el|pg_im
pg1_7_img024,10,pg_el|pg_im
pg1_7_img025,10,pg_el|pg_im
pg1_7_img026,10,pg_el|pg_im
pg1_7_img027,10,pg_el|pg_im
pg1_7_img028,10,pg_el|pg_im
pg1_7_img029,10,pg_el|pg_im
pg1_7_img030,10,pg_el|pg_im
pg1_7_img031,10,pg_el|pg_im
pg1_7_img032,10,pg_el|pg_im
pg1_7_img033,10,pg_el|pg_im
pg1_7_img034,10,pg_el|pg_im
pg1_7_img035,10,pg_el|pg_im
pg1_7_img036,10,pg_el|pg_im
pg1_7_img037,10,pg_el|pg_im
pg1_7_img038,10,pg_el|pg_im
pg1_7_img039,10,pg_el|pg_im
pg1_7_img040,10,pg_el|pg_im
pg1_7_img041,10,pg_el|pg_im
pg1_7_img042,10,pg_el|pg_im
pg1_7_img043,10,pg_el|pg_im
pg1_7_img044,10,pg_el|pg_im
pg1_7_img045,10,pg_el|pg_im
pg1_7_img046,10,pg_el|pg_im
pg1_7_img047,10,pg_el|pg_im
pg1_7_img048,10,pg_el|pg_im
pg1_7_img049,10,pg_el|pg_im
pg1_7_img050,10,pg_el|pg_im
pg1_7_img051,10,pg_el|pg_im
pg1_7_img052,10,pg_el|pg_im
pg1_7_img053,10,pg_el|pg_im
pg1_7_img054,10,pg_el|pg_im
pg1_7_img055,10,pg_el|pg_im
pg1_7_img056,10,pg_el|pg_im
pg1_7_img057,10,pg_el|pg_im
pg1_7_img058,10,pg_el|pg_im
pg1_7_img059,10,pg_el|pg_im
pg1_7_img060,10,pg_el|pg_im
pg1_7_img061,10,pg_el|pg_im
pg1_7_img062,10,pg_el|pg_im
pg1_7_img063,10,pg_el|pg_im
pg1_7_img064,10,pg_el|pg_im
pg1_7_img065,10,pg_el|pg_im
pg1_7_img066,10,pg_el|pg_im
pg1_7_img067,10,pg_el|pg_im
pg1_7_img068,10,pg_el|pg_im
pg1_7_img069,10,pg_el|pg_im
pg1_7_img070,10,pg_el|pg_im
pg1_7_img071,10,pg_el|pg_im
pg1_7_img072,10,pg_el|pg_im
pg1_7_img073,10,pg_el|pg_im
pg1_7_img074,10,pg_el|pg_im
pg1_7_img075,10,pg_el
pg1_7_img076,10,pg_el
pg1_7_img077,10,pg_el
pg1_7_img078,10,pg_el
pg1_7_img079,10,pg_el
pg1_7_img080,10,pg_el
pg1_7_img081,10,pg_el
pg1_7_img082,10,pg_el
pg1_7_img083,10,pg_el
pg1_7_img084,10,pg_el
pg1_7_img085,10,pg_el
pg1_7_img086,10,pg_el
pg1_7_img087,10,pg_el
pg1_7_img088,10,pg_el
pg1_7_img089,10,pg_el
pg1_7_img090,10,pg_el
pg1_7_img091,10,pg_el
pg1_7_img092,10,pg_el
pg1_7_img093,10,pg_el
pg1_7_img094,10,pg_el
pg1_7_img095,10,pg_el
pg1_7_img096,10,pg_el
pg1_7_img097,10,pg_el
pg1_8_img001,10,pg_im
pg1_8_img002,10,pg_im
pg1_8_img003,10,pg_im
pg1_8_img004,10,pg_im
pg1_8_img005,10,pg_im
pg1_8_img006,10,pg_im
pg1_8_img007,10,pg_im
pg1_8_img008,10,pg_im
pg1_8_img009,10,pg_im
pg1_8_img010,10,pg_im
pg1_8_img011,10,pg_im
pg1_8_img012,10,pg_el|pg_im
pg1_8_img013,10,pg_im
pg1_8_img014,10,pg_im
pg1_8_img015,10,pg_el|pg_im
pg1_8_img016,10,pg_im
pg1_8_img017,10,pg_el|pg_im
pg1_8_img018,10,pg_el|pg_im
pg1_8_img019,10,pg_el|pg_im
pg1_8_img020,10,pg_el|pg_im
pg1_8_img021,10,pg_el|pg_im
pg1_8_img022,10,pg_el|pg_im
pg1_8_img023,10,pg_el|pg_im
pg1_8_img024,10,pg_el|pg_im
pg1_8_img025,10,pg_el|pg_im
pg1_8_img026,10,pg_el|pg_im
pg1_8_img027,10,pg_el|pg_im
pg1_8_img028,10,pg_el|pg_im
pg1_8_img029,10,pg_el|pg_im
pg1_8_img030,10,pg_el|pg_im
pg1_8_img031,10,pg_el|pg_im
pg1_8_img032,10,pg_el|pg_im
pg1_8_img033,10,pg_el|pg_im
pg1_8_img034,10,pg_el|pg_im
pg1_8_img035,10,pg_el|pg_im
pg1_8_img036,10,pg_el|pg_im
pg1_8_img037,10,pg_el|pg_im
pg1_8_img038,10,pg_el|pg_im
pg1_8_img039,10,pg_el|pg_im
pg1_8_img040,10,pg_el|pg_im
pg1_8_img041,10,pg_el|pg_im
pg1_8_img042,10,pg_el|pg_im
pg1_8_img043,10,pg_el|pg_im
pg1_8_img044,10,pg_el|pg_im
pg1_8_img045,10,pg_el|pg_im
pg1_8_img046,10,pg_el|pg_im
pg1_8_img047,10,pg_el|pg_im
pg1_8_img048,10,pg_el|pg_im
pg1_8_img049,10,pg_el|pg_im
pg1_8_img050,10,pg_el|pg_im
pg1_8_img051,10,pg_el|pg_im
pg1_8_img052,10,pg_el|pg_im
pg1_8_img053,10,pg_el|pg_im
pg1_8_img054,10,pg_el|pg_im
pg1_8_img055,10,pg_el|pg_im
pg1_8_img056,10,pg_el|pg_im
pg1_8_img057,10,pg_el|pg_im
pg1_8_img058,10,pg_el|pg_im
pg1_8_img059,10,pg_el|pg_im
pg1_8_img060,10,pg_el|pg_im
pg1_8_img061,10,pg_el|pg_im
pg1_8_img062,10,pg_el|pg_im
pg1_8_img063,10,pg_el|pg_im
pg1_8_img064,10,pg_el|pg_im
pg1_8_img065,10,pg_el|pg_im
pg1_8_img066,10,pg_el|pg_im
pg1_8_img067,10,pg_el|pg_im
pg1_8_img068,10,pg_el|pg_im
pg1_8_img069,10,pg_el|pg_im
pg1_8_img070,10,pg_el|pg_im
pg1_8_img071,10,pg_el|pg_im
pg1_8_img072,10,pg_el|pg_im
pg1_8_img073,10,pg_el|pg_im
pg1_8_img074,10,pg_el|pg_im
pg1_8_img075,10,pg_el|pg_im
pg1_8_img076,10,pg_el|pg_im
pg1_8_img077,10,pg_el|pg_im
pg1_8_img078,10,pg_el|pg_im
pg1_8_img079,10,pg_el|pg_im
pg1_8_img080,10,pg_el|pg_im
pg1_8_img081,10,pg_el|pg_im
pg1_8_img082,10,pg_el|pg_im
pg1_8_img083,10,pg_el|pg_im
pg1_8_img084,10,pg_el|pg_im
pg1_8_img085,10,pg_el|pg_im
pg1_8_img086,10,pg_el|pg_im
pg1_8_img087,10,pg_el|pg_im
pg1_8_img088,10,pg_el|pg_im
pg1_8_img089,10,pg_el|pg_im
pg1_8_img090,10,pg_el|pg_im
pg1_8_img091,10,pg_el|pg_im
pg1_8_img092,10,pg_el|pg_im
pg1_8_img093,10,pg_el|pg_im
pg1_8_img094,10,pg_el|pg_im
pg1_8_img095,10,pg_el|pg_im
pg1_8_img096,10,pg_el|pg_im
pg1_8_img097,10,pg_el|pg_im
pg1_9_img001,10,pg_im
pg1_9_img002,10,pg_im
pg1_9_img003,10,pg_im
pg1_9_img004,10,pg_im
pg1_9_img005,10,pg_im
pg1_9_img006,10,pg_im
pg1_9_img007,10,pg_im
pg1_9_img008,10,pg_im
pg1_9_img009,10,pg_im
pg1_9_img010,10,pg_im
pg1_9_img011,10,pg_im
pg1_9_img012,10,pg_im
pg1_9_img013,10,pg_el|pg_im
pg1_9_img014,10,pg_el|pg_im
pg1_9_img015,10,pg_el|pg_im
pg1_9_img016,10,pg_el|pg_im
pg1_9_img017,10,pg_el|pg_im
pg1_9_img018,10,pg_el|pg_im
pg1_9_img019,10,pg_el|pg_im
pg1_9_img020,10,pg_el|pg_im
pg1_9_img021,10,pg_el|pg_im
pg1_9_img022,10,pg_el|pg_im
pg1_9_img023,10,pg_el|pg_im
pg1_9_img024,10,pg_el|pg_im
pg1_9_img025,10,pg_el|pg_im
pg1_9_img026,10,pg_el|pg_im
pg1_9_img027,10,pg_el|pg_im
pg1_9_img028,10,pg_el|pg_im
pg1_9_img029,10,pg_el|pg_im
pg1_9_img030,10,pg_el|pg_im
pg1_9_img031,10,pg_el|pg_im
pg1_9_img032,10,pg_el|pg_im
pg1_9_img033,10,pg_el|pg_im
pg1_9_img034,10,pg_el|pg_im
pg1_9_img035,10,pg_el|pg_im
pg1_9_img036,10,pg_el|pg_im
pg1_9_img037,10,pg_el|pg_im
pg1_9_img038,10,pg_el|pg_im
pg1_9_img039,10,pg_el|pg_im
pg1_9_img040,10,pg_el|pg_im
pg1_9_img041,10,pg_el|pg_im
pg1_9_img042,10,pg_el|pg_im
pg1_9_img043,10,pg_el|pg_im
pg1_9_img044,10,pg_el|pg_im
pg1_9_img045,10,pg_el|pg_im
pg1_9_img046,10,pg_el|pg_im
pg1_9_img047,10,pg_el|pg_im
pg1_9_img048,10,pg_el|pg_im
pg1_9_img049,10,pg_el|pg_im
pg1_9_img050,10,pg_el|pg_im
pg1_9_img051,10,pg_el|pg_im
pg1_9_img052,10,pg_el|pg_im
pg1_9_img053,10,pg_el|pg_im
pg1_9_img054,10,pg_el|pg_im
pg1_9_img055,10,pg_el|pg_im
pg1_9_img056,10,pg_el|pg_im
pg1_9_img057,10,pg_el|pg_im
pg1_9_img058,10,pg_el|pg_im
pg1_9_img059,10,pg_el|pg_im
pg1_9_img060,10,pg_el|pg_im
pg1_9_img061,10,pg_el|pg_im
pg1_9_img062,10,pg_el|pg_im
pg1_9_img063,10,pg_el|pg_im
pg1_9_img064,10,pg_el
pg1_9_img065,10,pg_el
pg1_9_img066,10,pg_el
pg1_9_img067,10,pg_el
pg1_9_img068,10,pg_el
pg1_9_img069,10,pg_el
pg1_9_img070,10,pg_el
pg1_9_img071,10,pg_el
pg1_9_img072,10,pg_el
pg1_9_img073,10,pg_el
pg1_9_img074,10,pg_el
pg1_9_img075,10,pg_el
pg1_9_img076,10,pg_el
pg1_9_img077,10,pg_el
pg1_9_img078,10,pg_el
pg1_9_img079,10,pg_el
pg1_9_img080,10,pg_el
pg1_9_img081,10,pg_el
pg1_9_img082,10,pg_el
pg1_9_img083,10,pg_el
pg1_9_img084,10,pg_el
pg1_9_img085,10,pg_el
pg1_9_img086,10,pg_el
pg1_9_img087,10,pg_el
pg1_9_img088,10,pg_el
pg1_9_img089,10,pg_el
pg1_9_img090,10,pg_el
pg1_9_img091,10,pg_el
pg1_9_img092,10,pg_el
pg1_9_img093,10,pg_el
pg1_9_img094,10,pg_el
pg1_9_img095,10,pg_el
pg1_9_img096,10,pg_el
pg1_9_img097,10,pg_el
pg2_10_img001,10,pg_im
pg2_10_img002,10,pg_im
pg2_10_img003,10,pg_im
pg2_10_img004,10,pg_im
pg2_10_img005,10,pg_im
pg2_10_img006,10,pg_im
pg2_10_img007,10,pg_im
pg2_10_img008,10,pg_im
pg2_10_img009,10,pg_im
pg2_10_img010,10,pg_im
pg2_10_img011,10,pg_im
pg2_10_img012,10,pg_im
pg2_10_img013,10,pg_im
pg2_10_img014,10,pg_im
pg2_10_img015,10,pg_im
pg2_10_img016,10,pg_el|pg_im
pg2_10_img017,10,pg_el|pg_im
pg2_10_img018,10,pg_el|pg_im
pg2_10_img019,10,pg_el|pg_im
pg2_10_img020,10,pg_el|pg_im
pg2_10_img021,10,pg_el|pg_im
pg2_10_img022,10,pg_el|pg_im
pg2_10_img023,10,pg_el|pg_im
pg2_10_img024,10,pg_el|pg_im
pg2_10_img025,10,pg_el|pg_im
pg2_10_img026,10,pg_el|pg_im
pg2_10_img027,10,pg_el|pg_im
pg2_10_img028,10,pg_el|pg_im
pg2_10_img029,10,pg_el|pg_im
pg2_10_img030,10,pg_el|pg_im
pg2_10_img031,10,pg_el|pg_im
pg2_10_img032,10,pg_el|pg_im
pg2_10_img033,10,pg_el|pg_im
pg2_10_img034,10,pg_el|pg_im
pg2_10_img035,10,pg_el|pg_im
pg2_10_img036,10,pg_el|pg_im
pg2_10_img037,10,pg_el|pg_im
pg2_10_img038,10,pg_el|pg_im
pg2_10_img039,10,pg_el|pg_im
pg2_10_img040,10,pg_el|pg_im
pg2_10_img041,10,pg_el|pg_im
pg2_10_img042,10,pg_el|pg_im
pg2_10_img043,10,pg_el|pg_im
pg2_10_img044,10,pg_el|pg_im
pg2_10_img045,10,pg_el|pg_im
pg2_10_img046,10,pg_el|pg_im
pg2_10_img047,10,pg_el|pg_im
pg2_10_img048,10,pg_el|pg_im
pg2_10_img049,10,pg_el|pg_im
pg2_10_img050,10,pg_el|pg_im
pg2_10_img051,10,pg_el|pg_im
pg2_10_img052,10,pg_el|pg_im
pg2_10_img053,10,pg_el|pg_im
pg2_10_img054,10,pg_el|pg_im
pg2_10_img055,10,pg_el|pg_im
pg2_10_img056,10,pg_el|pg_im
pg2_10_img057,10,pg_el|pg_im
pg2_10_img058,10,pg_el|pg_im
pg2_10_img059,10,pg_el|pg_im
pg2_10_img060,10,pg_el|pg_im
pg2_10_img061,10,pg_el|pg_im
pg2_10_img062,10,pg_el|pg_im
pg2_10_img063,10,pg_el|pg_im
pg2_10_img064,10,pg_el|pg_im
pg2_10_img065,10,pg_el|pg_im
pg2_10_img066,10,pg_el|pg_im
pg2_10_img067,10,pg_el|pg_im
pg2_10_img068,10,pg_el|pg_im
pg2_10_img069,10,pg_el|pg_im
pg2_10_img070,10,pg_el|pg_im
pg2_10_img071,10,pg_el|pg_im
pg2_10_img072,10,pg_el|pg_im
pg2_10_img073,10,pg_el|pg_im
pg2_10_img074,10,pg_el|pg_im
pg2_10_img075,10,pg_el|pg_im
pg2_10_img076,10,pg_el|pg_im
pg2_10_img077,10,pg_el|pg_im
pg2_10_img078,10,pg_el|pg_im
pg2_10_img079,10,pg_el|pg_im
pg2_10_img080,10,pg_el|pg_im
pg2_10_img081,10,pg_el|pg_im
pg2_10_img082,10,pg_el|pg_im
pg2_10_img083,10,pg_el|pg_im
pg2_10_img084,10,pg_el|pg_im
pg2_10_img085,10,pg_el|pg_im
pg2_10_img086,10,pg_el|pg_im
pg2_10_img087,10,pg_el|pg_im
pg2_10_img088,10,pg_el|pg_im
pg2_10_img089,10,pg_el|pg_im
pg2_10_img090,10,pg_el|pg_im
pg2_10_img091,10,pg_el|pg_im
pg2_10_img092,10,pg_el|pg_im
pg2_10_img093,10,pg_el|pg_im
pg2_10_img094,10,pg_el|pg_im
pg2_10_img095,10,pg_el|pg_im
pg2_10_img096,10,pg_el|pg_im
pg2_10_img097,10,pg_el|pg_im
pg2_11_img001,10,pg_im
pg2_11_img002,10,pg_im
pg2_11_img003,10,pg_im
pg2_11_img004,10,pg_im
pg2_11_img005,10,pg_im
pg2_11_img006,10,pg_im
pg2_11_img007,10,pg_im
pg2_11_img008,10,pg_im
pg2_11_img009,10,pg_im
pg2_11_img010,10,pg_im
pg2_11_img011,10,pg_im
pg2_11_img012,10,pg_im
pg2_11_img013,10,pg_im
pg2_11_img014,10,pg_im
pg2_11_img015,10,pg_el|pg_im
pg2_11_img016,10,pg_el|pg_im
pg2_11_img017,10,pg_el|pg_im
pg2_11_img018,10,pg_el|pg_im
pg2_11_img019,10,pg_el|pg_im
pg2_11_img020,10,pg_el|pg_im
pg2_11_img021,10,pg_el|pg_im
pg2_11_img022,10,pg_el|pg_im
pg2_11_img023,10,pg_el|pg_im
pg2_11_img024,10,pg_el|pg_im
pg2_11_img025,10,pg_el|pg_im
pg2_11_img026,10,pg_el|pg_im
pg2_11_img027,10,pg_el|pg_im
pg2_11_img028,10,pg_el|pg_im
pg2_11_img029,10,pg_el|pg_im
pg2_11_img030,10,pg_el|pg_im
pg2_11_img031,10,pg_el|pg_im
pg2_11_img032,10,pg_el|pg_im
pg2_11_img033,10,pg_el|pg_im
pg2_11_img034,10,pg_el|pg_im
pg2_11_img035,10,pg_el|pg_im
pg2_11_img036,10,pg_el|pg_im
pg2_11_img037,10,pg_el|pg_im
pg2_11_img038,10,pg_el|pg_im
pg2_11_img039,10,pg_el|pg_im
pg2_11_img040,10,pg_el|pg_im
pg2_11_img041,10,pg_el|pg_im
pg2_11_img042,10,pg_el|pg_im
pg2_11_img043,10,pg_el|pg_im
pg2_11_img044,10,pg_el|pg_im
pg2_11_img045,10,pg_el|pg_im
pg2_11_img046,10,pg_el|pg_im
pg2_11_img047,10,pg_el|pg_im
pg2_11_img048,10,pg_el|pg_im
pg2_11_img049,10,pg_el|pg_im
pg2_11_img050,10,pg_el|pg_im
pg2_11_img051,10,pg_el|pg_im
pg2_11_img052,10,pg_el|pg_im
pg2_11_img053,10,pg_el|pg_im
pg2_11_img054,10,pg_el|pg_im
pg2_11_img055,10,pg_el|pg_im
pg2_11_img056,10,pg_el|pg_im
pg2_11_img057,10,pg_el|pg_im
pg2_11_img058,10,pg_el|pg_im
pg2_11_img059,10,pg_el|pg_im
pg2_11_img060,10,pg_el|pg_im
pg2_11_img061,10,pg_el|pg_im
pg2_11_img062,10,pg_el|pg_im
pg2_11_img063,10,pg_el|pg_im
pg2_11_img064,10,pg_el|pg_im
pg2_11_img065,10,pg_el|pg_im
pg2_11_img066,10,pg_el|pg_im
pg2_11_img067,10,pg_el|pg_im
pg2_11_img068,10,pg_el|pg_im
pg2_11_img069,10,pg_el|pg_im
pg2_11_img070,10,pg_el|pg_im
pg2_11_img071,10,pg_el|pg_im
pg2_11_img072,10,pg_el|pg_im
pg2_11_img073,10,pg_el|pg_im
pg2_11_img074,10,pg_el|pg_im
pg2_11_img075,10,pg_el|pg_im
pg2_11_img076,10,pg_el|pg_im
pg2_11_img077,10,pg_el|pg_im
pg2_11_img078,10,pg_el|pg_im
pg2_11_img079,10,pg_el|pg_im
pg2_11_img080,10,pg_el|pg_im
pg2_11_img081,10,pg_el|pg_im
pg2_11_img082,10,pg_el|pg_im
pg2_11_img083,10,pg_el|pg_im
pg2_11_img084,10,pg_el|pg_im
pg2_11_img085,10,pg_el|pg_im
pg2_11_img086,10,pg_el|pg_im
pg2_11_img087,10,pg_el|pg_im
pg2_11_img088,10,pg_el|pg_im
pg2_11_img089,10,pg_el|pg_im
pg2_11_img090,10,pg_el|pg_im
pg2_11_img091,10,pg_el|pg_im
pg2_11_img092,10,pg_el|pg_im
pg2_11_img093,10,pg_el|pg_im
pg2_11_img094,10,pg_el|pg_im
pg2_11_img095,10,pg_el|pg_im
pg2_11_img096,10,pg_el|pg_im
pg2_11_img097,10,pg_el|pg_im
pg2_12_img001,10,pg_im
pg2_12_img002,10,pg_im
pg2_12_img003,10,pg_im
pg2_12_img004,10,pg_im
pg2_12_img005,10,pg_im
pg2_12_img006,10,pg_im
pg2_12_img007,10,pg_im
pg2_12_img008,10,pg_im
pg2_12_img009,10,pg_im
pg2_12_img010,10,pg_im
pg2_12_img011,10,pg_im
pg2_12_img012,10,pg_im
pg2_12_img013,10,pg_im
pg2_12_img014,10,pg_im
pg2_12_img015,10,pg_im
pg2_12_img016,10,pg_im
pg2_12_img017,10,pg_im
pg2_12_img018,10,pg_im
pg2_12_img019,10,pg_im
pg2_12_img020,10,pg_im
pg2_12_img021,10,pg_im
pg2_12_img022,10,pg_im
pg2_12_img023,10,pg_el|pg_im
pg2_12_img024,10,pg_el|pg_im
pg2_12_img025,10,pg_el|pg_im
pg2_12_img026,10,pg_el|pg_im
pg2_12_img027,10,pg_el|pg_im
pg2_12_img028,10,pg_el|pg_im
pg2_12_img029,10,pg_el|pg_im
pg2_12_img030,10,pg_el|pg_im
pg2_12_img031,10,pg_el|pg_im
pg2_12_img032,10,pg_el|pg_im
pg2_12_img033,10,pg_el|pg_im
pg2_12_img034,10,pg_el|pg_im
pg2_12_img035,10,pg_el|pg_im
pg2_12_img036,10,pg_el|pg_im
pg2_12_img037,10,pg_el|pg_im
pg2_12_img038,10,pg_el|pg_im
pg2_12_img039,10,pg_el|pg_im
pg2_12_img040,10,pg_el|pg_im
pg2_12_img041,10,pg_el|pg_im
pg2_12_img042,10,pg_el|pg_im
pg2_12_img043,10,pg_el|pg_im
pg2_12_img044,10,pg_el|pg_im
pg2_12_img045,10,pg_el|pg_im
pg2_12_img046,10,pg_el|pg_im
pg2_12_img047,10,pg_el|pg_im
pg2_12_img048,10,pg_el|pg_im
pg2_12_img049,10,pg_el|pg_im
pg2_12_img050,10,pg_el|pg_im
pg2_12_img051,10,pg_el|pg_im
pg2_12_img052,10,pg_el|pg_im
pg2_12_img053,10,pg_el|pg_im
pg2_12_img054,10,pg_el|pg_im
pg2_12_img055,10,pg_el|pg_im
pg2_12_img056,10,pg_el|pg_im
pg2_12_img057,10,pg_el|pg_im
pg2_12_img058,10,pg_el|pg_im
pg2_12_img059,10,pg_el|pg_im
pg2_12_img060,10,pg_el|pg_im
pg2_12_img061,10,pg_el|pg_im
pg2_12_img062,10,pg_el|pg_im
pg2_12_img063,10,pg_el|pg_im
pg2_12_img064,10,pg_el|pg_im
pg2_12_img065,10,pg_el|pg_im
pg2_12_img066,10,pg_el|pg_im
pg2_12_img067,10,pg_el|pg_im
pg2_12_img068,10,pg_el|pg_im
pg2_12_img069,10,pg_el|pg_im
pg2_12_img070,10,pg_el|pg_im
pg2_12_img071,10,pg_el|pg_im
pg2_12_img072,10,pg_el|pg_im
pg2_12_img073,10,pg_el|pg_im
pg2_12_img074,10,pg_el|pg_im
pg2_12_img075,10,pg_el|pg_im
pg2_12_img076,10,pg_el|pg_im
pg2_12_img077,10,pg_el|pg_im
pg2_12_img078,10,pg_el|pg_im
pg2_12_img079,10,pg_el|pg_im
pg2_12_img080,10,pg_el|pg_im
pg2_12_img081,10,pg_el|pg_im
pg2_12_img082,10,pg_el|pg_im
pg2_12_img083,10,pg_el|pg_im
pg2_12_img084,10,pg_el|pg_im
pg2_12_img085,10,pg_el|pg_im
pg2_12_img086,10,pg_el|pg_im
pg2_12_img087,10,pg_el|pg_im
pg2_12_img088,10,pg_el|pg_im
pg2_12_img089,10,pg_el|pg_im
pg2_12_img090,10,pg_el|pg_im
pg2_12_img091,10,pg_el|pg_im
pg2_12_img092,10,pg_el|pg_im
pg2_12_img093,10,pg_el|pg_im
pg2_12_img094,10,pg_el|pg_im
pg2_12_img095,10,pg_el|pg_im
pg2_12_img096,10,pg_el|pg_im
pg2_12_img097,10,pg_el|pg_im
pg2_1_img001,10,pg_im
pg2_1_img002,10,pg_im
pg2_1_img003,10,pg_im
pg2_1_img004,10,pg_im
pg2_1_img005,10,pg_im
pg2_1_img006,10,pg_im
pg2_1_img007,10,pg_im
pg2_1_img008,10,pg_im
pg2_1_img009,10,pg_im
pg2_1_img010,10,pg_im
pg2_1_img011,10,pg_im
pg2_1_img012,10,pg_im
pg2_1_img013,10,pg_im
pg2_1_img014,10,pg_el|pg_im
pg2_1_img015,10,pg_el|pg_im
pg2_1_img016,10,pg_el|pg_im
pg2_1_img017,10,pg_el|pg_im
pg2_1_img018,10,pg_el|pg_im
pg2_1_img019,10,pg_el|pg_im
pg2_1_img020,10,pg_el|pg_im
pg2_1_img021,10,pg_el|pg_im
pg2_1_img022,10,pg_el|pg_im
pg2_1_img023,10,pg_el|pg_im
pg2_1_img024,10,pg_el|pg_im
pg2_1_img025,10,pg_el|pg_im
pg2_1_img026,10,pg_el|pg_im
pg2_1_img027,10,pg_el|pg_im
pg2_1_img028,10,pg_el|pg_im
pg2_1_img029,10,pg_el|pg_im
pg2_1_img030,10,pg_el|pg_im
pg2_1_img031,10,pg_el|pg_im
pg2_1_img032,10,pg_el|pg_im
pg2_1_img033,10,pg_el|pg_im
pg2_1_img034,10,pg_el|pg_im
pg2_1_img035,10,pg_el|pg_im
pg2_1_img036,10,pg_el|pg_im
pg2_1_img037,10,pg_el|pg_im
pg2_1_img038,10,pg_el|pg_im
pg2_1_img039,10,pg_el|pg_im
pg2_1_img040,10,pg_el|pg_im
pg2_1_img041,10,pg_el|pg_im
pg2_1_img042,10,pg_el|pg_im
pg2_1_img043,10,pg_el|pg_im
pg2_1_img044,10,pg_el|pg_im
pg2_1_img045,10,pg_el|pg_im
pg2_1_img046,10,pg_el|pg_im
pg2_1_img047,10,pg_el|pg_im
pg2_1_img048,10,pg_el|pg_im
pg2_1_img049,10,pg_el|pg_im
pg2_1_img050,10,pg_el|pg_im
pg2_1_img051,10,pg_el|pg_im
pg2_1_img052,10,pg_el|pg_im
pg2_1_img053,10,pg_el|pg_im
pg2_1_img054,10,pg_el|pg_im
pg2_1_img055,10,pg_el|pg_im
pg2_1_img056,10,pg_el|pg_im
pg2_1_img057,10,pg_el|pg_im
pg2_1_img058,10,pg_el|pg_im
pg2_1_img059,10,pg_el|pg_im
pg2_1_img060,10,pg_el|pg_im
pg2_1_img061,10,pg_el|pg_im
pg2_1_img062,10,pg_el|pg_im
pg2_1_img063,10,pg_el|pg_im
pg2_1_img064,10,pg_el|pg_im
pg2_1_img065,10,pg_el|pg_im
pg2_1_img066,10,pg_el|pg_im
pg2_1_img067,10,pg_el|pg_im
pg2_1_img068,10,pg_el|pg_im
pg2_1_img069,10,pg_el|pg_im
pg2_1_img070,10,pg_el|pg_im
pg2_1_img071,10,pg_el|pg_im
pg2_1_img072,10,pg_el|pg_im
pg2_1_img073,10,pg_el|pg_im
pg2_1_img074,10,pg_el|pg_im
pg2_1_img075,10,pg_el|pg_im
pg2_1_img076,10,pg_el|pg_im
pg2_1_img077,10,pg_el|pg_im
pg2_1_img078,10,pg_el|pg_im
pg2_1_img079,10,pg_el|pg_im
pg2_1_img080,10,pg_el|pg_im
pg2_1_img081,10,pg_el|pg_im
pg2_1_img082,10,pg_el|pg_im
pg2_1_img083,10,pg_el|pg_im
pg2_1_img084,10,pg_el|pg_im
pg2_1_img085,10,pg_el|pg_im
pg2_1_img086,10,pg_el|pg_im
pg2_1_img087,10,pg_el|pg_im
pg2_1_img088,10,pg_el|pg_im
pg2_1_img089,10,pg_el|pg_im
pg2_1_img090,10,pg_el|pg_im
pg2_1_img091,10,pg_el|pg_im
pg2_1_img092,10,pg_el|pg_im
pg2_1_img093,10,pg_el|pg_im
pg2_1_img094,10,pg_el|pg_im
pg2_1_img095,10,pg_el|pg_im
pg2_1_img096,10,pg_el|pg_im
pg2_1_img097,10,pg_el|pg_im
pg2_2_img001,10,pg_im
pg2_2_img002,10,pg_im
pg2_2_img003,10,pg_im
pg2_2_img004,10,pg_im
pg2_2_img005,10,pg_im
pg2_2_img006,10,pg_im
pg2_2_img007,10,pg_im
pg2_2_img008,10,pg_im
pg2_2_img009,10,pg_im
pg2_2_img010,10,pg_im
pg2_2_img011,10,pg_im
pg2_2_img012,10,pg_im
pg2_2_img013,10,pg_im
pg2_2_img014,10,pg_im
pg2_2_img015,10,pg_im
pg2_2_img016,10,pg_im
pg2_2_img017,10,pg_el|pg_im
pg2_2_img018,10,pg_el|pg_im
pg2_2_img019,10,pg_el|pg_im
pg2_2_img020,10,pg_el|pg_im
pg2_2_img021,10,pg_el|pg_im
pg2_2_img022,10,pg_el|pg_im
pg2_2_img023,10,pg_el|pg_im
pg2_2_img024,10,pg_el|pg_im
pg2_2_img025,10,pg_el|pg_im
pg2_2_img026,10,pg_el|pg_im
pg2_2_img027,10,pg_el|pg_im
pg2_2_img028,10,pg_el|pg_im
pg2_2_img029,10,pg_el|pg_im
pg2_2_img030,10,pg_el|pg_im
pg2_2_img031,10,pg_el|pg_im
pg2_2_img032,10,pg_el|pg_im
pg2_2_img033,10,pg_el|pg_im
pg2_2_img034,10,pg_el|pg_im
pg2_2_img035,10,pg_el|pg_im
pg2_2_img036,10,pg_el|pg_im
pg2_2_img037,10,pg_el|pg_im
pg2_2_img038,10,pg_el|pg_im
pg2_2_img039,10,pg_el|pg_im
pg2_2_img040,10,pg_el|pg_im
pg2_2_img041,10,pg_el|pg_im
pg2_2_img042,10,pg_el|pg_im
pg2_2_img043,10,pg_el|pg_im
pg2_2_img044,10,pg_el|pg_im
pg2_2_img045,10,pg_el|pg_im
pg2_2_img046,10,pg_el|pg_im
pg2_2_img047,10,pg_el|pg_im
pg2_2_img048,10,pg_el|pg_im
pg2_2_img049,10,pg_el|pg_im
pg2_2_img050,10,pg_el|pg_im
pg2_2_img051,10,pg_el|pg_im
pg2_2_img052,10,pg_el|pg_im
pg2_2_img053,10,pg_el|pg_im
pg2_2_img054,10,pg_el|pg_im
pg2_2_img055,10,pg_el|pg_im
pg2_2_img056,10,pg_el|pg_im
pg2_2_img057,10,pg_el|pg_im
pg2_2_img058,10,pg_el|pg_im
pg2_2_img059,10,pg_el|pg_im
pg2_2_img060,10,pg_el|pg_im
pg2_2_img061,10,pg_el|pg_im
pg2_2_img062,10,pg_el|pg_im
pg2_2_img063,10,pg_el|pg_im
pg2_2_img064,10,pg_el|pg_im
pg2_2_img065,10,pg_el|pg_im
pg2_2_img066,10,pg_el|pg_im
pg2_2_img067,10,pg_el|pg_im
pg2_2_img068,10,pg_el|pg_im
pg2_2_img069,10,pg_el|pg_im
pg2_2_img070,10,pg_el|pg_im
pg2_2_img071,10,pg_el|pg_im
pg2_2_img072,10,pg_el|pg_im
pg2_2_img073,10,pg_el|pg_im
pg2_2_img074,10,pg_el|pg_im
pg2_2_img075,10,pg_el|pg_im
pg2_2_img076,10,pg_el|pg_im
pg2_2_img077,10,pg_el|pg_im
pg2_2_img078,10,pg_el|pg_im
pg2_2_img079,10,pg_el|pg_im
pg2_2_img080,10,pg_el|pg_im
pg2_2_img081,10,pg_el|pg_im
pg2_2_img082,10,pg_el|pg_im
pg2_2_img083,10,pg_el|pg_im
pg2_2_img084,10,pg_el|pg_im
pg2_2_img085,10,pg_el|pg_im
pg2_2_img086,10,pg_el|pg_im
pg2_2_img087,10,pg_el|pg_im
pg2_2_img088,10,pg_el|pg_im
pg2_2_img089,10,pg_el|pg_im
pg2_2_img090,10,pg_el|pg_im
pg2_2_img091,10,pg_el|pg_im
pg2_2_img092,10,pg_el|pg_im
pg2_2_img093,10,pg_el|pg_im
pg2_2_img094,10,pg_el|pg_im
pg2_2_img095,10,pg_el|pg_im
pg2_2_img096,10,pg_el|pg_im
pg2_2_img097,10,pg_el|pg_im
pg2_3_img001,10,pg_im
pg2_3_img002,10,pg_im
pg2_3_img003,10,pg_im
pg2_3_img004,10,pg_im
pg2_3_img005,10,pg_im
pg2_3_img006,10,pg_im
pg2_3_img007,10,pg_im
pg2_3_img008,10,pg_im
pg2_3_img009,10,pg_im
pg2_3_img010,10,pg_im
pg2_3_img011,10,pg_im
pg2_3_img012,10,pg_im
pg2_3_img013,10,pg_im
pg2_3_img014,10,pg_im
pg2_3_img015,10,pg_im
pg2_3_img016,10,pg_im
pg2_3_img017,10,pg_im
pg2_3_img018,10,pg_im
pg2_3_img019,10,pg_el|pg_im
pg2_3_img020,10,pg_el|pg_im
pg2_3_img021,10,pg_el|pg_im
pg2_3_img022,10,pg_el|pg_im
pg2_3_img023,10,pg_el|pg_im
pg2_3_img024,10,pg_el|pg_im
pg2_3_img025,10,pg_el|pg_im
pg2_3_img026,10,pg_el|pg_im
pg2_3_img027,10,pg_el|pg_im
pg2_3_img028,10,pg_el|pg_im
pg2_3_img029,10,pg_el|pg_im
pg2_3_img030,10,pg_el|pg_im
pg2_3_img031,10,pg_el|pg_im
pg2_3_img032,10,pg_el|pg_im
pg2_3_img033,10,pg_el|pg_im
pg2_3_img034,10,pg_el|pg_im
pg2_3_img035,10,pg_el|pg_im
pg2_3_img036,10,pg_el|pg_im
pg2_3_img037,10,pg_el|pg_im
pg2_3_img038,10,pg_el|pg_im
pg2_3_img039,10,pg_el|pg_im
pg2_3_img040,10,pg_el|pg_im
pg2_3_img041,10,pg_el|pg_im
pg2_3_img042,10,pg_el|pg_im
pg2_3_img043,10,pg_el|pg_im
pg2_3_img044,10,pg_el|pg_im
pg2_3_img045,10,pg_el|pg_im
pg2_3_img046,10,pg_el|pg_im
pg2_3_img047,10,pg_el|pg_im
pg2_3_img048,10,pg_el|pg_im
pg2_3_img049,10,pg_el|pg_im
pg2_3_img050,10,pg_el|pg_im
pg2_3_img051,10,pg_el|pg_im
pg2_3_img052,10,pg_el|pg_im
pg2_3_img053,10,pg_el|pg_im
pg2_3_img054,10,pg_el|pg_im
pg2_3_img055,10,pg_el|pg_im
pg2_3_img056,10,pg_el|pg_im
pg2_3_img057,10,pg_el|pg_im
pg2_3_img058,10,pg_el|pg_im
pg2_3_img059,10,pg_el
pg2_3_img060,10,pg_el
pg2_3_img061,10,pg_el
pg2_3_img062,10,pg_el
pg2_3_img063,10,pg_el
pg2_3_img064,10,pg_el
pg2_3_img065,10,pg_el
pg2_3_img066,10,pg_el
pg2_3_img067,10,pg_el
pg2_3_img068,10,pg_el
pg2_3_img069,10,pg_el
pg2_3_img070,10,pg_el
pg2_3_img071,10,pg_el
pg2_3_img072,10,pg_el
pg2_3_img073,10,pg_el
pg2_3_img074,10,pg_el
pg2_3_img075,10,pg_el
pg2_3_img076,10,pg_el
pg2_3_img077,10,pg_el
pg2_3_img078,10,pg_el
pg2_3_img079,10,pg_el
pg2_3_img080,10,pg_el
pg2_3_img081,10,pg_el
pg2_3_img082,10,pg_el
pg2_3_img083,10,pg_el
pg2_3_img084,10,pg_el
pg2_3_img085,10,pg_el
pg2_3_img086,10,pg_el
pg2_3_img087,10,pg_el
pg2_3_img088,10,pg_el
pg2_3_img089,10,pg_el
pg2_3_img090,10,pg_el
pg2_3_img091,10,pg_el
pg2_3_img092,10,pg_el
pg2_3_img093,10,pg_el
pg2_3_img094,10,pg_el
pg2_3_img095,10,pg_el
pg2_3_img096,10,pg_el
pg2_3_img097,10,pg_el
pg2_4_img001,10,pg_im
pg2_4_img002,10,pg_im
pg2_4_img003,10,pg_im
pg2_4_img004,10,pg_im
pg2_4_img005,10,pg_im
pg2_4_img006,10,pg_im
pg2_4_img007,10,pg_im
pg2_4_img008,10,pg_im
pg2_4_img009,10,pg_im
pg2_4_img010,10,pg_im
pg2_4_img011,10,pg_im
pg2_4_img012,10,pg_im
pg2_4_img013,10,pg_im
pg2_4_img014,10,pg_im
pg2_4_img015,10,pg_el|pg_im
pg2_4_img016,10,pg_el|pg_im
pg2_4_img017,10,pg_el|pg_im
pg2_4_img018,10,pg_el|pg_im
pg2_4_img019,10,pg_el|pg_im
pg2_4_img020,10,pg_el|pg_im
pg2_4_img021,10,pg_el|pg_im
pg2_4_img022,10,pg_el|pg_im
pg2_4_img023,10,pg_el|pg_im
pg2_4_img024,10,pg_el|pg_im
pg2_4_img025,10,pg_el|pg_im
pg2_4_img026,10,pg_el|pg_im
pg2_4_img027,10,pg_el|pg_im
pg2_4_img028,10,pg_el|pg_im
pg2_4_img029,10,pg_el|pg_im
pg2_4_img030,10,pg_el|pg_im
pg2_4_img031,10,pg_el|pg_im
pg2_4_img032,10,pg_el|pg_im
pg2_4_img033,10,pg_el|pg_im
pg2_4_img034,10,pg_el|pg_im
pg2_4_img035,10,pg_el|pg_im
pg2_4_img036,10,pg_el|pg_im
pg2_4_img037,10,pg_el|pg_im
pg2_4_img038,10,pg_el|pg_im
pg2_4_img039,10,pg_el|pg_im
pg2_4_img040,10,pg_el|pg_im
pg2_4_img041,10,pg_el|pg_im
pg2_4_img042,10,pg_el|pg_im
pg2_4_img043,10,pg_el|pg_im
pg2_4_img044,10,pg_el|pg_im
pg2_4_img045,10,pg_el|pg_im
pg2_4_img046,10,pg_el|pg_im
pg2_4_img047,10,pg_el|pg_im
pg2_4_img048,10,pg_el|pg_im
pg2_4_img049,10,pg_el|pg_im
pg2_4_img050,10,pg_el|pg_im
pg2_4_img051,10,pg_el|pg_im
pg2_4_img052,10,pg_el|pg_im
pg2_4_img053,10,pg_el|pg_im
pg2_4_img054,10,pg_el|pg_im
pg2_4_img055,10,pg_el|pg_im
pg2_4_img056,10,pg_el|pg_im
pg2_4_img057,10,pg_el|pg_im
pg2_4_img058,10,pg_el|pg_im
pg2_4_img059,10,pg_el|pg_im
pg2_4_img060,10,pg_el|pg_im
pg2_4_img061,10,pg_el|pg_im
pg2_4_img062,10,pg_el|pg_im
pg2_4_img063,10,pg_el|pg_im
pg2_4_img064,10,pg_el|pg_im
pg2_4_img065,10,pg_el|pg_im
pg2_4_img066,10,pg_el|pg_im
pg2_4_img067,10,pg_el|pg_im
pg2_4_img068,10,pg_el|pg_im
pg2_4_img069,10,pg_el|pg_im
pg2_4_img070,10,pg_el|pg_im
pg2_4_img071,10,pg_el|pg_im
pg2_4_img072,10,pg_el|pg_im
pg2_4_img073,10,pg_el|pg_im
pg2_4_img074,10,pg_el|pg_im
pg2_4_img075,10,pg_el|pg_im
pg2_4_img076,10,pg_el|pg_im
pg2_4_img077,10,pg_el|pg_im
pg2_4_img078,10,pg_el|pg_im
pg2_4_img079,10,pg_el|pg_im
pg2_4_img080,10,pg_el|pg_im
pg2_4_img081,10,pg_el|pg_im
pg2_4_img082,10,pg_el|pg_im
pg2_4_img083,10,pg_el|pg_im
pg2_4_img084,10,pg_el|pg_im
pg2_4_img085,10,pg_el|pg_im
pg2_4_img086,10,pg_el|pg_im
pg2_4_img087,10,pg_el|pg_im
pg2_4_img088,10,pg_el|pg_im
pg2_4_img089,10,pg_el|pg_im
pg2_4_img090,10,pg_el|pg_im
pg2_4_img091,10,pg_el|pg_im
pg2_4_img092,10,pg_el|pg_im
pg2_4_img093,10,pg_el|pg_im
pg2_4_img094,10,pg_el|pg_im
pg2_4_img095,10,pg_el|pg_im
pg2_4_img096,10,pg_el|pg_im
pg2_4_img097,10,pg_el|pg_im
pg2_5_img001,10,pg_im
pg2_5_img002,10,pg_im
pg2_5_img003,10,pg_im
pg2_5_img004,10,pg_im
pg2_5_img005,10,pg_im
pg2_5_img006,10,pg_im
pg2_5_img007,10,pg_im
pg2_5_img008,10,pg_im
pg2_5_img009,10,pg_im
pg2_5_img010,10,pg_im
pg2_5_img011,10,pg_im
pg2_5_img012,10,pg_im
pg2_5_img013,10,pg_im
pg2_5_img014,10,pg_im
pg2_5_img015,10,pg_im
pg2_5_img016,10,pg_im
pg2_5_img017,10,pg_im
pg2_5_img018,10,pg_im
pg2_5_img019,10,pg_im
pg2_5_img020,10,pg_im
pg2_5_img021,10,pg_el|pg_im
pg2_5_img022,10,pg_el|pg_im
pg2_5_img023,10,pg_el|pg_im
pg2_5_img024,10,pg_el|pg_im
pg2_5_img025,10,pg_el|pg_im
pg2_5_img026,10,pg_el|pg_im
pg2_5_img027,10,pg_el|pg_im
pg2_5_img028,10,pg_el|pg_im
pg2_5_img029,10,pg_el|pg_im
pg2_5_img030,10,pg_el|pg_im
pg2_5_img031,10,pg_el|pg_im
pg2_5_img032,10,pg_el|pg_im
pg2_5_img033,10,pg_el|pg_im
pg2_5_img034,10,pg_el|pg_im
pg2_5_img035,10,pg_el|pg_im
pg2_5_img036,10,pg_el|pg_im
pg2_5_img037,10,pg_el|pg_im
pg2_5_img038,10,pg_el|pg_im
pg2_5_img039,10,pg_el|pg_im
pg2_5_img040,10,pg_el|pg_im
pg2_5_img041,10,pg_el|pg_im
pg2_5_img042,10,pg_el|pg_im
pg2_5_img043,10,pg_el|pg_im
pg2_5_img044,10,pg_el|pg_im
pg2_5_img045,10,pg_el|pg_im
pg2_5_img046,10,pg_el|pg_im
pg2_5_img047,10,pg_el|pg_im
pg2_5_img048,10,pg_el|pg_im
pg2_5_img049,10,pg_el|pg_im
pg2_5_img050,10,pg_el|pg_im
pg2_5_img051,10,pg_el|pg_im
pg2_5_img052,10,pg_el|pg_im
pg2_5_img053,10,pg_el|pg_im
pg2_5_img054,10,pg_el|pg_im
pg2_5_img055,10,pg_el|pg_im
pg2_5_img056,10,pg_el|pg_im
pg2_5_img057,10,pg_el|pg_im
pg2_5_img058,10,pg_el|pg_im
pg2_5_img059,10,pg_el|pg_im
pg2_5_img060,10,pg_el|pg_im
pg2_5_img061,10,pg_el|pg_im
pg2_5_img062,10,pg_el|pg_im
pg2_5_img063,10,pg_el|pg_im
pg2_5_img064,10,pg_el|pg_im
pg2_5_img065,10,pg_el|pg_im
pg2_5_img066,10,pg_el|pg_im
pg2_5_img067,10,pg_el|pg_im
pg2_5_img068,10,pg_el|pg_im
pg2_5_img069,10,pg_el|pg_im
pg2_5_img070,10,pg_el|pg_im
pg2_5_img071,10,pg_el|pg_im
pg2_5_img072,10,pg_el|pg_im
pg2_5_img073,10,pg_el|pg_im
pg2_5_img074,10,pg_el|pg_im
pg2_5_img075,10,pg_el|pg_im
pg2_5_img076,10,pg_el|pg_im
pg2_5_img077,10,pg_el|pg_im
pg2_5_img078,10,pg_el|pg_im
pg2_5_img079,10,pg_el|pg_im
pg2_5_img080,10,pg_el|pg_im
pg2_5_img081,10,pg_el|pg_im
pg2_5_img082,10,pg_el|pg_im
pg2_5_img083,10,pg_el|pg_im
pg2_5_img084,10,pg_el|pg_im
pg2_5_img085,10,pg_el|pg_im
pg2_5_img086,10,pg_el|pg_im
pg2_5_img087,10,pg_el|pg_im
pg2_5_img088,10,pg_el|pg_im
pg2_5_img089,10,pg_el|pg_im
pg2_5_img090,10,pg_el|pg_im
pg2_5_img091,10,pg_el|pg_im
pg2_5_img092,10,pg_el|pg_im
pg2_5_img093,10,pg_el|pg_im
pg2_5_img094,10,pg_el|pg_im
pg2_5_img095,10,pg_el|pg_im
pg2_5_img096,10,pg_el|pg_im
pg2_5_img097,10,pg_el|pg_im
pg2_6_img001,10,pg_im
pg2_6_img002,10,pg_im
pg2_6_img003,10,pg_im
pg2_6_img004,10,pg_im
pg2_6_img005,10,pg_im
pg2_6_img006,10,pg_im
pg2_6_img007,10,pg_im
pg2_6_img008,10,pg_im
pg2_6_img009,10,pg_im
pg2_6_img010,10,pg_im
pg2_6_img011,10,pg_im
pg2_6_img012,10,pg_im
pg2_6_img013,10,pg_im
pg2_6_img014,10,pg_im
pg2_6_img015,10,pg_im
pg2_6_img016,10,pg_im
pg2_6_img017,10,pg_im
pg2_6_img018,10,pg_im
pg2_6_img019,10,pg_im
pg2_6_img020,10,pg_im
pg2_6_img021,10,pg_im
pg2_6_img022,10,pg_el|pg_im
pg2_6_img023,10,pg_el|pg_im
pg2_6_img024,10,pg_el|pg_im
pg2_6_img025,10,pg_el|pg_im
pg2_6_img026,10,pg_el|pg_im
pg2_6_img027,10,pg_el|pg_im
pg2_6_img028,10,pg_el|pg_im
pg2_6_img029,10,pg_el|pg_im
pg2_6_img030,10,pg_el|pg_im
pg2_6_img031,10,pg_el|pg_im
pg2_6_img032,10,pg_el|pg_im
pg2_6_img033,10,pg_el|pg_im
pg2_6_img034,10,pg_el|pg_im
pg2_6_img035,10,pg_el|pg_im
pg2_6_img036,10,pg_el|pg_im
pg2_6_img037,10,pg_el|pg_im
pg2_6_img038,10,pg_el|pg_im
pg2_6_img039,10,pg_el|pg_im
pg2_6_img040,10,pg_el|pg_im
pg2_6_img041,10,pg_el|pg_im
pg2_6_img042,10,pg_el|pg_im
pg2_6_img043,10,pg_el|pg_im
pg2_6_img044,10,pg_el|pg_im
pg2_6_img045,10,pg_el|pg_im
pg2_6_img046,10,pg_el|pg_im
pg2_6_img047,10,pg_el|pg_im
pg2_6_img048,10,pg_el|pg_im
pg2_6_img049,10,pg_el|pg_im
pg2_6_img050,10,pg_el|pg_im
pg2_6_img051,10,pg_el|pg_im
pg2_6_img052,10,pg_el|pg_im
pg2_6_img053,10,pg_el|pg_im
pg2_6_img054,10,pg_el|pg_im
pg2_6_img055,10,pg_el|pg_im
pg2_6_img056,10,pg_el|pg_im
pg2_6_img057,10,pg_el|pg_im
pg2_6_img058,10,pg_el|pg_im
pg2_6_img059,10,pg_el|pg_im
pg2_6_img060,10,pg_el|pg_im
pg2_6_img061,10,pg_el|pg_im
pg2_6_img062,10,pg_el|pg_im
pg2_6_img063,10,pg_el|pg_im
pg2_6_img064,10,pg_el|pg_im
pg2_6_img065,10,pg_el|pg_im
pg2_6_img066,10,pg_el|pg_im
pg2_6_img067,10,pg_el|pg_im
pg2_6_img068,10,pg_el|pg_im
pg2_6_img069,10,pg_el|pg_im
pg2_6_img070,10,pg_el|pg_im
pg2_6_img071,10,pg_el|pg_im
pg2_6_img072,10,pg_el|pg_im
pg2_6_img073,10,pg_el|pg_im
pg2_6_img074,10,pg_el|pg_im
pg2_6_img075,10,pg_el|pg_im
pg2_6_img076,10,pg_el|pg_im
pg2_6_img077,10,pg_el|pg_im
pg2_6_img078,10,pg_el|pg_im
pg2_6_img079,10,pg_el|pg_im
pg2_6_img080,10,pg_el|pg_im
pg2_6_img081,10,pg_el|pg_im
pg2_6_img082,10,pg_el|pg_im
pg2_6_img083,10,pg_el|pg_im
pg2_6_img084,10,pg_el|pg_im
pg2_6_img085,10,pg_el|pg_im
pg2_6_img086,10,pg_el|pg_im
pg2_6_img087,10,pg_el|pg_im
pg2_6_img088,10,pg_el|pg_im
pg2_6_img089,10,pg_el|pg_im
pg2_6_img090,10,pg_el|pg_im
pg2_6_img091,10,pg_el|pg_im
pg2_6_img092,10,pg_el|pg_im
pg2_6_img093,10,pg_el|pg_im
pg2_6_img094,10,pg_el|pg_im
pg2_6_img095,10,pg_el|pg_im
pg2_6_img096,10,pg_el|pg_im
pg2_6_img097,10,pg_el|pg_im
pg2_7_img001,10,pg_im
pg2_7_img002,10,pg_im
pg2_7_img003,10,pg_im
pg2_7_img004,10,pg_im
pg2_7_img005,10,pg_im
pg2_7_img006,10,pg_im
pg2_7_img007,10,pg_im
pg2_7_img008,10,pg_im
pg2_7_img009,10,pg_im
pg2_7_img010,10,pg_im
pg2_7_img011,10,pg_im
pg2_7_img012,10,pg_im
pg2_7_img013,10,pg_im
pg2_7_img014,10,pg_el|pg_im
pg2_7_img015,10,pg_el|pg_im
pg2_7_img016,10,pg_el|pg_im
pg2_7_img017,10,pg_el|pg_im
pg2_7_img018,10,pg_el|pg_im
pg2_7_img019,10,pg_el|pg_im
pg2_7_img020,10,pg_el|pg_im
pg2_7_img021,10,pg_el|pg_im
pg2_7_img022,10,pg_el|pg_im
pg2_7_img023,10,pg_el|pg_im
pg2_7_img024,10,pg_el|pg_im
pg2_7_img025,10,pg_el|pg_im
pg2_7_img026,10,pg_el|pg_im
pg2_7_img027,10,pg_el|pg_im
pg2_7_img028,10,pg_el|pg_im
pg2_7_img029,10,pg_el|pg_im
pg2_7_img030,10,pg_el|pg_im
pg2_7_img031,10,pg_el|pg_im
pg2_7_img032,10,pg_el|pg_im
pg2_7_img033,10,pg_el|pg_im
pg2_7_img034,10,pg_el|pg_im
pg2_7_img035,10,pg_el|pg_im
pg2_7_img036,10,pg_el|pg_im
pg2_7_img037,10,pg_el|pg_im
pg2_7_img038,10,pg_el|pg_im
pg2_7_img039,10,pg_el|pg_im
pg2_7_img040,10,pg_el|pg_im
pg2_7_img041,10,pg_el|pg_im
pg2_7_img042,10,pg_el|pg_im
pg2_7_img043,10,pg_el|pg_im
pg2_7_img044,10,pg_el|pg_im
pg2_7_img045,10,pg_el|pg_im
pg2_7_img046,10,pg_el|pg_im
pg2_7_img047,10,pg_el|pg_im
pg2_7_img048,10,pg_el|pg_im
pg2_7_img049,10,pg_el|pg_im
pg2_7_img050,10,pg_el|pg_im
pg2_7_img051,10,pg_el|pg_im
pg2_7_img052,10,pg_el|pg_im
pg2_7_img053,10,pg_el|pg_im
pg2_7_img054,10,pg_el|pg_im
pg2_7_img055,10,pg_el|pg_im
pg2_7_img056,10,pg_el|pg_im
pg2_7_img057,10,pg_el|pg_im
pg2_7_img058,10,pg_el|pg_im
pg2_7_img059,10,pg_el|pg_im
pg2_7_img060,10,pg_el|pg_im
pg2_7_img061,10,pg_el|pg_im
pg2_7_img062,10,pg_el|pg_im
pg2_7_img063,10,pg_el|pg_im
pg2_7_img064,10,pg_el|pg_im
pg2_7_img065,10,pg_el|pg_im
pg2_7_img066,10,pg_el|pg_im
pg2_7_img067,10,pg_el|pg_im
pg2_7_img068,10,pg_el|pg_im
pg2_7_img069,10,pg_el|pg_im
pg2_7_img070,10,pg_el|pg_im
pg2_7_img071,10,pg_el|pg_im
pg2_7_img072,10,pg_el|pg_im
pg2_7_img073,10,pg_el|pg_im
pg2_7_img074,10,pg_el|pg_im
pg2_7_img075,10,pg_el|pg_im
pg2_7_img076,10,pg_el|pg_im
pg2_7_img077,10,pg_el|pg_im
pg2_7_img078,10,pg_el|pg_im
pg2_7_img079,10,pg_el|pg_im
pg2_7_img080,10,pg_el|pg_im
pg2_7_img081,10,pg_el|pg_im
pg2_7_img082,10,pg_el|pg_im
pg2_7_img083,10,pg_el|pg_im
pg2_7_img084,10,pg_el|pg_im
pg2_7_img085,10,pg_el|pg_im
pg2_7_img086,10,pg_el|pg_im
pg2_7_img087,10,pg_el|pg_im
pg2_7_img088,10,pg_el|pg_im
pg2_7_img089,10,pg_el|pg_im
pg2_7_img090,10,pg_el|pg_im
pg2_7_img091,10,pg_el|pg_im
pg2_7_img092,10,pg_el|pg_im
pg2_7_img093,10,pg_el|pg_im
pg2_7_img094,10,pg_el|pg_im
pg2_7_img095,10,pg_el|pg_im
pg2_7_img096,10,pg_el|pg_im
pg2_7_img097,10,pg_el|pg_im
pg2_8_img001,10,pg_im
pg2_8_img002,10,pg_im
pg2_8_img003,10,pg_im
pg2_8_img004,10,pg_im
pg2_8_img005,10,pg_im
pg2_8_img006,10,pg_im
pg2_8_img007,10,pg_im
pg2_8_img008,10,pg_im
pg2_8_img009,10,pg_im
pg2_8_img010,10,pg_im
pg2_8_img011,10,pg_im
pg2_8_img012,10,pg_im
pg2_8_img013,10,pg_im
pg2_8_img014,10,pg_el|pg_im
pg2_8_img015,10,pg_el|pg_im
pg2_8_img016,10,pg_el|pg_im
pg2_8_img017,10,pg_el|pg_im
pg2_8_img018,10,pg_el|pg_im
pg2_8_img019,10,pg_el|pg_im
pg2_8_img020,10,pg_el|pg_im
pg2_8_img021,10,pg_el|pg_im
pg2_8_img022,10,pg_el|pg_im
pg2_8_img023,10,pg_el|pg_im
pg2_8_img024,10,pg_el|pg_im
pg2_8_img025,10,pg_el|pg_im
pg2_8_img026,10,pg_el|pg_im
pg2_8_img027,10,pg_el|pg_im
pg2_8_img028,10,pg_el|pg_im
pg2_8_img029,10,pg_el|pg_im
pg2_8_img030,10,pg_el|pg_im
pg2_8_img031,10,pg_el|pg_im
pg2_8_img032,10,pg_el|pg_im
pg2_8_img033,10,pg_el|pg_im
pg2_8_img034,10,pg_el|pg_im
pg2_8_img035,10,pg_el|pg_im
pg2_8_img036,10,pg_el|pg_im
pg2_8_img037,10,pg_el|pg_im
pg2_8_img038,10,pg_el|pg_im
pg2_8_img039,10,pg_el|pg_im
pg2_8_img040,10,pg_el|pg_im
pg2_8_img041,10,pg_el|pg_im
pg2_8_img042,10,pg_el|pg_im
pg2_8_img043,10,pg_el|pg_im
pg2_8_img044,10,pg_el|pg_im
pg2_8_img045,10,pg_el|pg_im
pg2_8_img046,10,pg_el|pg_im
pg2_8_img047,10,pg_el|pg_im
pg2_8_img048,10,pg_el|pg_im
pg2_8_img049,10,pg_el|pg_im
pg2_8_img050,10,pg_el|pg_im
pg2_8_img051,10,pg_el|pg_im
pg2_8_img052,10,pg_el|pg_im
pg2_8_img053,10,pg_el|pg_im
pg2_8_img054,10,pg_el|pg_im
pg2_8_img055,10,pg_el|pg_im
pg2_8_img056,10,pg_el|pg_im
pg2_8_img057,10,pg_el|pg_im
pg2_8_img058,10,pg_el|pg_im
pg2_8_img059,10,pg_el|pg_im
pg2_8_img060,10,pg_el|pg_im
pg2_8_img061,10,pg_el|pg_im
pg2_8_img062,10,pg_el|pg_im
pg2_8_img063,10,pg_el|pg_im
pg2_8_img064,10,pg_el|pg_im
pg2_8_img065,10,pg_el|pg_im
pg2_8_img066,10,pg_el|pg_im
pg2_8_img067,10,pg_el|pg_im
pg2_8_img068,10,pg_el|pg_im
pg2_8_img069,10,pg_el|pg_im
pg2_8_img070,10,pg_el|pg_im
pg2_8_img071,10,pg_el|pg_im
pg2_8_img072,10,pg_el|pg_im
pg2_8_img073,10,pg_el|pg_im
pg2_8_img074,10,pg_el|pg_im
pg2_8_img075,10,pg_el|pg_im
pg2_8_img076,10,pg_el|pg_im
pg2_8_img077,10,pg_el|pg_im
pg2_8_img078,10,pg_el|pg_im
pg2_8_img079,10,pg_el|pg_im
pg2_8_img080,10,pg_el|pg_im
pg2_8_img081,10,pg_el|pg_im
pg2_8_img082,10,pg_el|pg_im
pg2_8_img083,10,pg_el|pg_im
pg2_8_img084,10,pg_el|pg_im
pg2_8_img085,10,pg_el|pg_im
pg2_8_img086,10,pg_el|pg_im
pg2_8_img087,10,pg_el|pg_im
pg2_8_img088,10,pg_el|pg_im
pg2_8_img089,10,pg_el|pg_im
pg2_8_img090,10,pg_el|pg_im
pg2_8_img091,10,pg_el|pg_im
pg2_8_img092,10,pg_el|pg_im
pg2_8_img093,10,pg_el|pg_im
pg2_8_img094,10,pg_el|pg_im
pg2_8_img095,10,pg_el|pg_im
pg2_8_img096,10,pg_el|pg_im
pg2_8_img097,10,pg_el|pg_im
pg2_9_img001,10,pg_im
pg2_9_img002,10,pg_im
pg2_9_img003,10,pg_im
pg2_9_img004,10,pg_im
pg2_9_img005,10,pg_im
pg2_9_img006,10,pg_im
pg2_9_img007,10,pg_im
pg2_9_img008,10,pg_im
pg2_9_img009,10,pg_im
pg2_9_img010,10,pg_im
pg2_9_img011,10,pg_im
pg2_9_img012,10,pg_im
pg2_9_img013,10,pg_im
pg2_9_img014,10,pg_im
pg2_9_img015,10,pg_im
pg2_9_img016,10,pg_im
pg2_9_img017,10,pg_el|pg_im
pg2_9_img018,10,pg_el|pg_im
pg2_9_img019,10,pg_el|pg_im
pg2_9_img020,10,pg_el|pg_im
pg2_9_img021,10,pg_el|pg_im
pg2_9_img022,10,pg_el|pg_im
pg2_9_img023,10,pg_el|pg_im
pg2_9_img024,10,pg_el|pg_im
pg2_9_img025,10,pg_el|pg_im
pg2_9_img026,10,pg_el|pg_im
pg2_9_img027,10,pg_el|pg_im
pg2_9_img028,10,pg_el|pg_im
pg2_9_img029,10,pg_el|pg_im
pg2_9_img030,10,pg_el|pg_im
pg2_9_img031,10,pg_el|pg_im
pg2_9_img032,10,pg_el|pg_im
pg2_9_img033,10,pg_el|pg_im
pg2_9_img034,10,pg_el|pg_im
pg2_9_img035,10,pg_el|pg_im
pg2_9_img036,10,pg_el|pg_im
pg2_9_img037,10,pg_el|pg_im
pg2_9_img038,10,pg_el|pg_im
pg2_9_img039,10,pg_el|pg_im
pg2_9_img040,10,pg_el|pg_im
pg2_9_img041,10,pg_el|pg_im
pg2_9_img042,10,pg_el|pg_im
pg2_9_img043,10,pg_el|pg_im
pg2_9_img044,10,pg_el|pg_im
pg2_9_img045,10,pg_el|pg_im
pg2_9_img046,10,pg_el|pg_im
pg2_9_img047,10,pg_el|pg_im
pg2_9_img048,10,pg_el|pg_im
pg2_9_img049,10,pg_el|pg_im
pg2_9_img050,10,pg_el|pg_im
pg2_9_img051,10,pg_el|pg_im
pg2_9_img052,10,pg_el|pg_im
pg2_9_img053,10,pg_el|pg_im
pg2_9_img054,10,pg_el|pg_im
pg2_9_img055,10,pg_el|pg_im
pg2_9_img056,10,pg_el|pg_im
pg2_9_img057,10,pg_el|pg_im
pg2_9_img058,10,pg_el|pg_im
pg2_9_img059,10,pg_el|pg_im
pg2_9_img060,10,pg_el|pg_im
pg2_9_img061,10,pg_el|pg_im
pg2_9_img062,10,pg_el|pg_im
pg2_9_img063,10,pg_el|pg_im
pg2_9_img064,10,pg_el|pg_im
pg2_9_img065,10,pg_el|pg_im
pg2_9_img066,10,pg_el|pg_im
pg2_9_img067,10,pg_el|pg_im
pg2_9_img068,10,pg_el|pg_im
pg2_9_img069,10,pg_el|pg_im
pg2_9_img070,10,pg_el|pg_im
pg2_9_img071,10,pg_el|pg_im
pg2_9_img072,10,pg_el|pg_im
pg2_9_img073,10,pg_el|pg_im
pg2_9_img074,10,pg_el|pg_im
pg2_9_img075,10,pg_el|pg_im
pg2_9_img076,10,pg_el|pg_im
pg2_9_img077,10,pg_el|pg_im
pg2_9_img078,10,pg_el|pg_im
pg2_9_img079,10,pg_el|pg_im
pg2_9_img080,10,pg_el|pg_im
pg2_9_img081,10,pg_el|pg_im
pg2_9_img082,10,pg_el|pg_im
pg2_9_img083,10,pg_el|pg_im
pg2_9_img084,10,pg_el|pg_im
pg2_9_img085,10,pg_el|pg_im
pg2_9_img086,10,pg_el|pg_im
pg2_9_img087,10,pg_el|pg_im
pg2_9_img088,10,pg_el|pg_im
pg2_9_img089,10,pg_el|pg_im
pg2_9_img090,10,pg_el|pg_im
pg2_9_img091,10,pg_el|pg_im
pg2_9_img092,10,pg_el|pg_im
pg2_9_img093,10,pg_el|pg_im
pg2_9_img094,10,pg_el|pg_im
pg2_9_img095,10,pg_el|pg_im
pg2_9_img096,10,pg_el|pg_im
pg2_9_img097,10,pg_el|pg_im
pg3_10_img001,10,pg_im
pg3_10_img002,10,pg_im
pg3_10_img003,10,pg_im
pg3_10_img004,10,pg_im
pg3_10_img005,10,pg_im
pg3_10_img006,10,pg_im
pg3_10_img007,10,pg_im
pg3_10_img008,10,pg_im
pg3_10_img009,10,pg_im
pg3_10_img010,10,pg_im
pg3_10_img011,10,pg_im
pg3_10_img012,10,pg_im
pg3_10_img013,10,pg_im
pg3_10_img014,10,pg_el|pg_im
pg3_10_img015,10,pg_el|pg_im
pg3_10_img016,10,pg_el|pg_im
pg3_10_img017,10,pg_el|pg_im
pg3_10_img018,10,pg_el|pg_im
pg3_10_img019,10,pg_el|pg_im
pg3_10_img020,10,pg_el|pg_im
pg3_10_img021,10,pg_el|pg_im
pg3_10_img022,10,pg_el|pg_im
pg3_10_img023,10,pg_el|pg_im
pg3_10_img024,10,pg_el|pg_im
pg3_10_img025,10,pg_el|pg_im
pg3_10_img026,10,pg_el|pg_im
pg3_10_img027,10,pg_el|pg_im
pg3_10_img028,10,pg_el|pg_im
pg3_10_img029,10,pg_el|pg_im
pg3_10_img030,10,pg_el|pg_im
pg3_10_img031,10,pg_el|pg_im
pg3_10_img032,10,pg_el|pg_im
pg3_10_img033,10,pg_el|pg_im
pg3_10_img034,10,pg_el|pg_im
pg3_10_img035,10,pg_el|pg_im
pg3_10_img036,10,pg_el|pg_im
pg3_10_img037,10,pg_el|pg_im
pg3_10_img038,10,pg_el|pg_im
pg3_10_img039,10,pg_el|pg_im
pg3_10_img040,10,pg_el|pg_im
pg3_10_img041,10,pg_el|pg_im
pg3_10_img042,10,pg_el|pg_im
pg3_10_img043,10,pg_el|pg_im
pg3_10_img044,10,pg_el|pg_im
pg3_10_img045,10,pg_el|pg_im
pg3_10_img046,10,pg_el|pg_im
pg3_10_img047,10,pg_el|pg_im
pg3_10_img048,10,pg_el|pg_im
pg3_10_img049,10,pg_el|pg_im
pg3_10_img050,10,pg_el|pg_im
pg3_10_img051,10,pg_el|pg_im
pg3_10_img052,10,pg_el|pg_im
pg3_10_img053,10,pg_el|pg_im
pg3_10_img054,10,pg_el|pg_im
pg3_10_img055,10,pg_el|pg_im
pg3_10_img056,10,pg_el|pg_im
pg3_10_img057,10,pg_el|pg_im
pg3_10_img058,10,pg_el|pg_im
pg3_10_img059,10,pg_el|pg_im
pg3_10_img060,10,pg_el|pg_im
pg3_10_img061,10,pg_el|pg_im
pg3_10_img062,10,pg_el|pg_im
pg3_10_img063,10,pg_el|pg_im
pg3_10_img064,10,pg_el|pg_im
pg3_10_img065,10,pg_el|pg_im
pg3_10_img066,10,pg_el|pg_im
pg3_10_img067,10,pg_el|pg_im
pg3_10_img068,10,pg_el|pg_im
pg3_10_img069,10,pg_el|pg_im
pg3_10_img070,10,pg_el|pg_im
pg3_10_img071,10,pg_el|pg_im
pg3_10_img072,10,pg_el|pg_im
pg3_10_img073,10,pg_el|pg_im
pg3_10_img074,10,pg_el|pg_im
pg3_10_img075,10,pg_el|pg_im
pg3_10_img076,10,pg_el|pg_im
pg3_10_img077,10,pg_el|pg_im
pg3_10_img078,10,pg_el|pg_im
pg3_10_img079,10,pg_el|pg_im
pg3_10_img080,10,pg_el|pg_im
pg3_10_img081,10,pg_el|pg_im
pg3_10_img082,10,pg_el|pg_im
pg3_10_img083,10,pg_el|pg_im
pg3_10_img084,10,pg_el|pg_im
pg3_10_img085,10,pg_el|pg_im
pg3_10_img086,10,pg_el|pg_im
pg3_10_img087,10,pg_el|pg_im
pg3_10_img088,10,pg_el|pg_im
pg3_10_img089,10,pg_el|pg_im
pg3_10_img090,10,pg_el|pg_im
pg3_10_img091,10,pg_el|pg_im
pg3_10_img092,10,pg_el|pg_im
pg3_10_img093,10,pg_el|pg_im
pg3_10_img094,10,pg_el|pg_im
pg3_10_img095,10,pg_el|pg_im
pg3_10_img096,10,pg_el|pg_im
pg3_10_img097,10,pg_el|pg_im
pg3_11_img001,10,pg_im
pg3_11_img002,10,pg_im
pg3_11_img003,10,pg_im
pg3_11_img004,10,pg_im
pg3_11_img005,10,pg_im
pg3_11_img006,10,pg_im
pg3_11_img007,10,pg_im
pg3_11_img008,10,pg_im
pg3_11_img009,10,pg_im
pg3_11_img010,10,pg_im
pg3_11_img011,10,pg_el|pg_im
pg3_11_img012,10,pg_el|pg_im
pg3_11_img013,10,pg_el|pg_im
pg3_11_img014,10,pg_el|pg_im
pg3_11_img015,10,pg_el|pg_im
pg3_11_img016,10,pg_el|pg_im
pg3_11_img017,10,pg_el|pg_im
pg3_11_img018,10,pg_el|pg_im
pg3_11_img019,10,pg_el|pg_im
pg3_11_img020,10,pg_el|pg_im
pg3_11_img021,10,pg_el|pg_im
pg3_11_img022,10,pg_el|pg_im
pg3_11_img023,10,pg_el|pg_im
pg3_11_img024,10,pg_el|pg_im
pg3_11_img025,10,pg_el|pg_im
pg3_11_img026,10,pg_el|pg_im
pg3_11_img027,10,pg_el|pg_im
pg3_11_img028,10,pg_el|pg_im
pg3_11_img029,10,pg_el|pg_im
pg3_11_img030,10,pg_el|pg_im
pg3_11_img031,10,pg_el|pg_im
pg3_11_img032,10,pg_el|pg_im
pg3_11_img033,10,pg_el|pg_im
pg3_11_img034,10,pg_el|pg_im
pg3_11_img035,10,pg_el|pg_im
pg3_11_img036,10,pg_el|pg_im
pg3_11_img037,10,pg_el|pg_im
pg3_11_img038,10,pg_el|pg_im
pg3_11_img039,10,pg_el|pg_im
pg3_11_img040,10,pg_el|pg_im
pg3_11_img041,10,pg_el|pg_im
pg3_11_img042,10,pg_el|pg_im
pg3_11_img043,10,pg_el|pg_im
pg3_11_img044,10,pg_el|pg_im
pg3_11_img045,10,pg_el|pg_im
pg3_11_img046,10,pg_el|pg_im
pg3_11_img047,10,pg_el|pg_im
pg3_11_img048,10,pg_el|pg_im
pg3_11_img049,10,pg_el|pg_im
pg3_11_img050,10,pg_el|pg_im
pg3_11_img051,10,pg_el|pg_im
pg3_11_img052,10,pg_el|pg_im
pg3_11_img053,10,pg_el|pg_im
pg3_11_img054,10,pg_el|pg_im
pg3_11_img055,10,pg_el|pg_im
pg3_11_img056,10,pg_el|pg_im
pg3_11_img057,10,pg_el|pg_im
pg3_11_img058,10,pg_el|pg_im
pg3_11_img059,10,pg_el|pg_im
pg3_11_img060,10,pg_el|pg_im
pg3_11_img061,10,pg_el|pg_im
pg3_11_img062,10,pg_el|pg_im
pg3_11_img063,10,pg_el|pg_im
pg3_11_img064,10,pg_el|pg_im
pg3_11_img065,10,pg_el|pg_im
pg3_11_img066,10,pg_el|pg_im
pg3_11_img067,10,pg_el|pg_im
pg3_11_img068,10,pg_el|pg_im
pg3_11_img069,10,pg_el|pg_im
pg3_11_img070,10,pg_el|pg_im
pg3_11_img071,10,pg_el|pg_im
pg3_11_img072,10,pg_el|pg_im
pg3_11_img073,10,pg_el|pg_im
pg3_11_img074,10,pg_el|pg_im
pg3_11_img075,10,pg_el|pg_im
pg3_11_img076,10,pg_el|pg_im
pg3_11_img077,10,pg_el|pg_im
pg3_11_img078,10,pg_el|pg_im
pg3_11_img079,10,pg_el|pg_im
pg3_11_img080,10,pg_el|pg_im
pg3_11_img081,10,pg_el|pg_im
pg3_11_img082,10,pg_el|pg_im
pg3_11_img083,10,pg_el|pg_im
pg3_11_img084,10,pg_el|pg_im
pg3_11_img085,10,pg_el|pg_im
pg3_11_img086,10,pg_el|pg_im
pg3_11_img087,10,pg_el|pg_im
pg3_11_img088,10,pg_el|pg_im
pg3_11_img089,10,pg_el|pg_im
pg3_11_img090,10,pg_el|pg_im
pg3_11_img091,10,pg_el|pg_im
pg3_11_img092,10,pg_el|pg_im
pg3_11_img093,10,pg_el|pg_im
pg3_11_img094,10,pg_el|pg_im
pg3_11_img095,10,pg_el|pg_im
pg3_11_img096,10,pg_el|pg_im
pg3_11_img097,10,pg_el|pg_im
pg3_12_img001,10,pg_im
pg3_12_img002,10,pg_im
pg3_12_img003,10,pg_im
pg3_12_img004,10,pg_im
pg3_12_img005,10,pg_im
pg3_12_img006,10,pg_im
pg3_12_img007,10,pg_im
pg3_12_img008,10,pg_im
pg3_12_img009,10,pg_im
pg3_12_img010,10,pg_im
pg3_12_img011,10,pg_im
pg3_12_img012,10,pg_im
pg3_12_img013,10,pg_im
pg3_12_img014,10,pg_im
pg3_12_img015,10,pg_el|pg_im
pg3_12_img016,10,pg_el|pg_im
pg3_12_img017,10,pg_el|pg_im
pg3_12_img018,10,pg_el|pg_im
pg3_12_img019,10,pg_el|pg_im
pg3_12_img020,10,pg_el|pg_im
pg3_12_img021,10,pg_el|pg_im
pg3_12_img022,10,pg_el|pg_im
pg3_12_img023,10,pg_el|pg_im
pg3_12_img024,10,pg_el|pg_im
pg3_12_img025,10,pg_el|pg_im
pg3_12_img026,10,pg_el|pg_im
pg3_12_img027,10,pg_el|pg_im
pg3_12_img028,10,pg_el|pg_im
pg3_12_img029,10,pg_el|pg_im
pg3_12_img030,10,pg_el|pg_im
pg3_12_img031,10,pg_el|pg_im
pg3_12_img032,10,pg_el|pg_im
pg3_12_img033,10,pg_el|pg_im
pg3_12_img034,10,pg_el|pg_im
pg3_12_img035,10,pg_el|pg_im
pg3_12_img036,10,pg_el|pg_im
pg3_12_img037,10,pg_el|pg_im
pg3_12_img038,10,pg_el|pg_im
pg3_12_img039,10,pg_el|pg_im
pg3_12_img040,10,pg_el|pg_im
pg3_12_img041,10,pg_el|pg_im
pg3_12_img042,10,pg_el|pg_im
pg3_12_img043,10,pg_el|pg_im
pg3_12_img044,10,pg_el|pg_im
pg3_12_img045,10,pg_el|pg_im
pg3_12_img046,10,pg_el|pg_im
pg3_12_img047,10,pg_el|pg_im
pg3_12_img048,10,pg_el|pg_im
pg3_12_img049,10,pg_el|pg_im
pg3_12_img050,10,pg_el|pg_im
pg3_12_img051,10,pg_el|pg_im
pg3_12_img052,10,pg_el|pg_im
pg3_12_img053,10,pg_el|pg_im
pg3_12_img054,10,pg_el|pg_im
pg3_12_img055,10,pg_el|pg_im
pg3_12_img056,10,pg_el|pg_im
pg3_12_img057,10,pg_el|pg_im
pg3_12_img058,10,pg_el|pg_im
pg3_12_img059,10,pg_el|pg_im
pg3_12_img060,10,pg_el|pg_im
pg3_12_img061,10,pg_el|pg_im
pg3_12_img062,10,pg_el|pg_im
pg3_12_img063,10,pg_el|pg_im
pg3_12_img064,10,pg_el|pg_im
pg3_12_img065,10,pg_el|pg_im
pg3_12_img066,10,pg_el|pg_im
pg3_12_img067,10,pg_el|pg_im
pg3_12_img068,10,pg_el|pg_im
pg3_12_img069,10,pg_el|pg_im
pg3_12_img070,10,pg_el|pg_im
pg3_12_img071,10,pg_el|pg_im
pg3_12_img072,10,pg_el|pg_im
pg3_12_img073,10,pg_el|pg_im
pg3_12_img074,10,pg_el|pg_im
pg3_12_img075,10,pg_el|pg_im
pg3_12_img076,10,pg_el|pg_im
pg3_12_img077,10,pg_el|pg_im
pg3_12_img078,10,pg_el|pg_im
pg3_12_img079,10,pg_el|pg_im
pg3_12_img080,10,pg_el|pg_im
pg3_12_img081,10,pg_el|pg_im
pg3_12_img082,10,pg_el|pg_im
pg3_12_img083,10,pg_el|pg_im
pg3_12_img084,10,pg_el|pg_im
pg3_12_img085,10,pg_el|pg_im
pg3_12_img086,10,pg_el|pg_im
pg3_12_img087,10,pg_el|pg_im
pg3_12_img088,10,pg_el|pg_im
pg3_12_img089,10,pg_el|pg_im
pg3_12_img090,10,pg_el|pg_im
pg3_12_img091,10,pg_el|pg_im
pg3_12_img092,10,pg_el|pg_im
pg3_12_img093,10,pg_el|pg_im
pg3_12_img094,10,pg_el|pg_im
pg3_12_img095,10,pg_el|pg_im
pg3_12_img096,10,pg_el|pg_im
pg3_12_img097,10,pg_el|pg_im
pg3_1_img001,10,pg_im
pg3_1_img002,10,pg_im
pg3_1_img003,10,pg_im
pg3_1_img004,10,pg_im
pg3_1_img005,10,pg_im
pg3_1_img006,10,pg_im
pg3_1_img007,10,pg_im
pg3_1_img008,10,pg_im
pg3_1_img009,10,pg_im
pg3_1_img010,10,pg_im
pg3_1_img011,10,pg_im
pg3_1_img012,10,pg_im
pg3_1_img013,10,pg_im
pg3_1_img014,10,pg_im
pg3_1_img015,10,pg_el|pg_im
pg3_1_img016,10,pg_el|pg_im
pg3_1_img017,10,pg_el|pg_im
pg3_1_img018,10,pg_el|pg_im
pg3_1_img019,10,pg_el|pg_im
pg3_1_img020,10,pg_el|pg_im
pg3_1_img021,10,pg_el|pg_im
pg3_1_img022,10,pg_el|pg_im
pg3_1_img023,10,pg_el|pg_im
pg3_1_img024,10,pg_el|pg_im
pg3_1_img025,10,pg_el|pg_im
pg3_1_img026,10,pg_el|pg_im
pg3_1_img027,10,pg_el|pg_im
pg3_1_img028,10,pg_el|pg_im
pg3_1_img029,10,pg_el|pg_im
pg3_1_img030,10,pg_el|pg_im
pg3_1_img031,10,pg_el|pg_im
pg3_1_img032,10,pg_el|pg_im
pg3_1_img033,10,pg_el|pg_im
pg3_1_img034,10,pg_el|pg_im
pg3_1_img035,10,pg_el|pg_im
pg3_1_img036,10,pg_el|pg_im
pg3_1_img037,10,pg_el|pg_im
pg3_1_img038,10,pg_el|pg_im
pg3_1_img039,10,pg_el|pg_im
pg3_1_img040,10,pg_el|pg_im
pg3_1_img041,10,pg_el|pg_im
pg3_1_img042,10,pg_el|pg_im
pg3_1_img043,10,pg_el|pg_im
pg3_1_img044,10,pg_el|pg_im
pg3_1_img045,10,pg_el|pg_im
pg3_1_img046,10,pg_el|pg_im
pg3_1_img047,10,pg_el|pg_im
pg3_1_img048,10,pg_el|pg_im
pg3_1_img049,10,pg_el|pg_im
pg3_1_img050,10,pg_el|pg_im
pg3_1_img051,10,pg_el|pg_im
pg3_1_img052,10,pg_el|pg_im
pg3_1_img053,10,pg_el|pg_im
pg3_1_img054,10,pg_el|pg_im
pg3_1_img055,10,pg_el|pg_im
pg3_1_img056,10,pg_el|pg_im
pg3_1_img057,10,pg_el|pg_im
pg3_1_img058,10,pg_el|pg_im
pg3_1_img059,10,pg_el|pg_im
pg3_1_img060,10,pg_el|pg_im
pg3_1_img061,10,pg_el|pg_im
pg3_1_img062,10,pg_el|pg_im
pg3_1_img063,10,pg_el|pg_im
pg3_1_img064,10,pg_el|pg_im
pg3_1_img065,10,pg_el|pg_im
pg3_1_img066,10,pg_el|pg_im
pg3_1_img067,10,pg_el|pg_im
pg3_1_img068,10,pg_el|pg_im
pg3_1_img069,10,pg_el|pg_im
pg3_1_img070,10,pg_el|pg_im
pg3_1_img071,10,pg_el|pg_im
pg3_1_img072,10,pg_el|pg_im
pg3_1_img073,10,pg_el|pg_im
pg3_1_img074,10,pg_el|pg_im
pg3_1_img075,10,pg_el|pg_im
pg3_1_img076,10,pg_el|pg_im
pg3_1_img077,10,pg_el|pg_im
pg3_1_img078,10,pg_el|pg_im
pg3_1_img079,10,pg_el|pg_im
pg3_1_img080,10,pg_el|pg_im
pg3_1_img081,10,pg_el|pg_im
pg3_1_img082,10,pg_el|pg_im
pg3_1_img083,10,pg_el|pg_im
pg3_1_img084,10,pg_el|pg_im
pg3_1_img085,10,pg_el|pg_im
pg3_1_img086,10,pg_el|pg_im
pg3_1_img087,10,pg_el|pg_im
pg3_1_img088,10,pg_el|pg_im
pg3_1_img089,10,pg_el|pg_im
pg3_1_img090,10,pg_el|pg_im
pg3_1_img091,10,pg_el|pg_im
pg3_1_img092,10,pg_el|pg_im
pg3_1_img093,10,pg_el|pg_im
pg3_1_img094,10,pg_el|pg_im
pg3_1_img095,10,pg_el|pg_im
pg3_1_img096,10,pg_el|pg_im
pg3_1_img097,10,pg_el|pg_im
pg3_2_img001,10,pg_im
pg3_2_img002,10,pg_im
pg3_2_img003,10,pg_im
pg3_2_img004,10,pg_im
pg3_2_img005,10,pg_im
pg3_2_img006,10,pg_im
pg3_2_img007,10,pg_im
pg3_2_img008,10,pg_im
pg3_2_img009,10,pg_im
pg3_2_img010,10,pg_im
pg3_2_img011,10,pg_im
pg3_2_img012,10,pg_el|pg_im
pg3_2_img013,10,pg_el|pg_im
pg3_2_img014,10,pg_el|pg_im
pg3_2_img015,10,pg_el|pg_im
pg3_2_img016,10,pg_el|pg_im
pg3_2_img017,10,pg_el|pg_im
pg3_2_img018,10,pg_el|pg_im
pg3_2_img019,10,pg_el|pg_im
pg3_2_img020,10,pg_el|pg_im
pg3_2_img021,10,pg_el|pg_im
pg3_2_img022,10,pg_el|pg_im
pg3_2_img023,10,pg_el|pg_im
pg3_2_img024,10,pg_el|pg_im
pg3_2_img025,10,pg_el|pg_im
pg3_2_img026,10,pg_el|pg_im
pg3_2_img027,10,pg_el|pg_im
pg3_2_img028,10,pg_el|pg_im
pg3_2_img029,10,pg_el|pg_im
pg3_2_img030,10,pg_el|pg_im
pg3_2_img031,10,pg_el|pg_im
pg3_2_img032,10,pg_el|pg_im
pg3_2_img033,10,pg_el|pg_im
pg3_2_img034,10,pg_el|pg_im
pg3_2_img035,10,pg_el|pg_im
pg3_2_img036,10,pg_el|pg_im
pg3_2_img037,10,pg_el|pg_im
pg3_2_img038,10,pg_el|pg_im
pg3_2_img039,10,pg_el|pg_im
pg3_2_img040,10,pg_el|pg_im
pg3_2_img041,10,pg_el|pg_im
pg3_2_img042,10,pg_el|pg_im
pg3_2_img043,10,pg_el|pg_im
pg3_2_img044,10,pg_el|pg_im
pg3_2_img045,10,pg_el|pg_im
pg3_2_img046,10,pg_el|pg_im
pg3_2_img047,10,pg_el|pg_im
pg3_2_img048,10,pg_el|pg_im
pg3_2_img049,10,pg_el|pg_im
pg3_2_img050,10,pg_el|pg_im
pg3_2_img051,10,pg_el|pg_im
pg3_2_img052,10,pg_el|pg_im
pg3_2_img053,10,pg_el|pg_im
pg3_2_img054,10,pg_el|pg_im
pg3_2_img055,10,pg_el|pg_im
pg3_2_img056,10,pg_el|pg_im
pg3_2_img057,10,pg_el|pg_im
pg3_2_img058,10,pg_el|pg_im
pg3_2_img059,10,pg_el|pg_im
pg3_2_img060,10,pg_el|pg_im
pg3_2_img061,10,pg_el|pg_im
pg3_2_img062,10,pg_el|pg_im
pg3_2_img063,10,pg_el|pg_im
pg3_2_img064,10,pg_el|pg_im
pg3_2_img065,10,pg_el|pg_im
pg3_2_img066,10,pg_el|pg_im
pg3_2_img067,10,pg_el|pg_im
pg3_2_img068,10,pg_el|pg_im
pg3_2_img069,10,pg_el|pg_im
pg3_2_img070,10,pg_el|pg_im
pg3_2_img071,10,pg_el|pg_im
pg3_2_img072,10,pg_el|pg_im
pg3_2_img073,10,pg_el|pg_im
pg3_2_img074,10,pg_el|pg_im
pg3_2_img075,10,pg_el|pg_im
pg3_2_img076,10,pg_el|pg_im
pg3_2_img077,10,pg_el|pg_im
pg3_2_img078,10,pg_el|pg_im
pg3_2_img079,10,pg_el|pg_im
pg3_2_img080,10,pg_el|pg_im
pg3_2_img081,10,pg_el|pg_im
pg3_2_img082,10,pg_el|pg_im
pg3_2_img083,10,pg_el
pg3_2_img084,10,pg_el
pg3_2_img085,10,pg_el
pg3_2_img086,10,pg_el
pg3_2_img087,10,pg_el
pg3_2_img088,10,pg_el
pg3_2_img089,10,pg_el
pg3_2_img090,10,pg_el
pg3_2_img091,10,pg_el
pg3_2_img092,10,pg_el
pg3_2_img093,10,pg_el
pg3_2_img094,10,pg_el
pg3_2_img095,10,pg_el
pg3_2_img096,10,pg_el
pg3_2_img097,10,pg_el
pg3_3_img001,10,pg_im
pg3_3_img002,10,pg_im
pg3_3_img003,10,pg_im
pg3_3_img004,10,pg_im
pg3_3_img005,10,pg_im
pg3_3_img006,10,pg_im
pg3_3_img007,10,pg_im
pg3_3_img008,10,pg_im
pg3_3_img009,10,pg_im
pg3_3_img010,10,pg_im
pg3_3_img011,10,pg_im
pg3_3_img012,10,pg_im
pg3_3_img013,10,pg_im
pg3_3_img014,10,pg_im
pg3_3_img015,10,pg_im
pg3_3_img016,10,pg_im
pg3_3_img017,10,pg_im
pg3_3_img018,10,pg_im
pg3_3_img019,10,pg_im
pg3_3_img020,10,pg_im
pg3_3_img021,10,pg_el|pg_im
pg3_3_img022,10,pg_el|pg_im
pg3_3_img023,10,pg_el|pg_im
pg3_3_img024,10,pg_el|pg_im
pg3_3_img025,10,pg_el|pg_im
pg3_3_img026,10,pg_el|pg_im
pg3_3_img027,10,pg_el|pg_im
pg3_3_img028,10,pg_el|pg_im
pg3_3_img029,10,pg_el|pg_im
pg3_3_img030,10,pg_el|pg_im
pg3_3_img031,10,pg_el|pg_im
pg3_3_img032,10,pg_el|pg_im
pg3_3_img033,10,pg_el|pg_im
pg3_3_img034,10,pg_el|pg_im
pg3_3_img035,10,pg_el|pg_im
pg3_3_img036,10,pg_el|pg_im
pg3_3_img037,10,pg_el|pg_im
pg3_3_img038,10,pg_el|pg_im
pg3_3_img039,10,pg_el|pg_im
pg3_3_img040,10,pg_el|pg_im
pg3_3_img041,10,pg_el|pg_im
pg3_3_img042,10,pg_el|pg_im
pg3_3_img043,10,pg_el|pg_im
pg3_3_img044,10,pg_el|pg_im
pg3_3_img045,10,pg_el|pg_im
pg3_3_img046,10,pg_el|pg_im
pg3_3_img047,10,pg_el|pg_im
pg3_3_img048,10,pg_el|pg_im
pg3_3_img049,10,pg_el|pg_im
pg3_3_img050,10,pg_el|pg_im
pg3_3_img051,10,pg_el|pg_im
pg3_3_img052,10,pg_el|pg_im
pg3_3_img053,10,pg_el|pg_im
pg3_3_img054,10,pg_el|pg_im
pg3_3_img055,10,pg_el|pg_im
pg3_3_img056,10,pg_el|pg_im
pg3_3_img057,10,pg_el|pg_im
pg3_3_img058,10,pg_el|pg_im
pg3_3_img059,10,pg_el|pg_im
pg3_3_img060,10,pg_el|pg_im
pg3_3_img061,10,pg_el|pg_im
pg3_3_img062,10,pg_el|pg_im
pg3_3_img063,10,pg_el|pg_im
pg3_3_img064,10,pg_el|pg_im
pg3_3_img065,10,pg_el|pg_im
pg3_3_img066,10,pg_el|pg_im
pg3_3_img067,10,pg_el|pg_im
pg3_3_img068,10,pg_el|pg_im
pg3_3_img069,10,pg_el|pg_im
pg3_3_img070,10,pg_el|pg_im
pg3_3_img071,10,pg_el|pg_im
pg3_3_img072,10,pg_el|pg_im
pg3_3_img073,10,pg_el|pg_im
pg3_3_img074,10,pg_el|pg_im
pg3_3_img075,10,pg_el|pg_im
pg3_3_img076,10,pg_el|pg_im
pg3_3_img077,10,pg_el|pg_im
pg3_3_img078,10,pg_el|pg_im
pg3_3_img079,10,pg_el|pg_im
pg3_3_img080,10,pg_el|pg_im
pg3_3_img081,10,pg_el|pg_im
pg3_3_img082,10,pg_el|pg_im
pg3_3_img083,10,pg_el|pg_im
pg3_3_img084,10,pg_el|pg_im
pg3_3_img085,10,pg_el|pg_im
pg3_3_img086,10,pg_el|pg_im
pg3_3_img087,10,pg_el|pg_im
pg3_3_img088,10,pg_el|pg_im
pg3_3_img089,10,pg_el|pg_im
pg3_3_img090,10,pg_el|pg_im
pg3_3_img091,10,pg_el|pg_im
pg3_3_img092,10,pg_el|pg_im
pg3_3_img093,10,pg_el|pg_im
pg3_3_img094,10,pg_el|pg_im
pg3_3_img095,10,pg_el|pg_im
pg3_3_img096,10,pg_el|pg_im
pg3_3_img097,10,pg_el|pg_im
pg3_4_img001,10,pg_im
pg3_4_img002,10,pg_im
pg3_4_img003,10,pg_im
pg3_4_img004,10,pg_im
pg3_4_img005,10,pg_im
pg3_4_img006,10,pg_im
pg3_4_img007,10,pg_im
pg3_4_img008,10,pg_im
pg3_4_img009,10,pg_im
pg3_4_img010,10,pg_im
pg3_4_img011,10,pg_im
pg3_4_img012,10,pg_im
pg3_4_img013,10,pg_el|pg_im
pg3_4_img014,10,pg_el|pg_im
pg3_4_img015,10,pg_el|pg_im
pg3_4_img016,10,pg_el|pg_im
pg3_4_img017,10,pg_el|pg_im
pg3_4_img018,10,pg_el|pg_im
pg3_4_img019,10,pg_el|pg_im
pg3_4_img020,10,pg_el|pg_im
pg3_4_img021,10,pg_el|pg_im
pg3_4_img022,10,pg_el|pg_im
pg3_4_img023,10,pg_el|pg_im
pg3_4_img024,10,pg_el|pg_im
pg3_4_img025,10,pg_el|pg_im
pg3_4_img026,10,pg_el|pg_im
pg3_4_img027,10,pg_el|pg_im
pg3_4_img028,10,pg_el|pg_im
pg3_4_img029,10,pg_el|pg_im
pg3_4_img030,10,pg_el|pg_im
pg3_4_img031,10,pg_el|pg_im
pg3_4_img032,10,pg_el|pg_im
pg3_4_img033,10,pg_el|pg_im
pg3_4_img034,10,pg_el|pg_im
pg3_4_img035,10,pg_el|pg_im
pg3_4_img036,10,pg_el|pg_im
pg3_4_img037,10,pg_el|pg_im
pg3_4_img038,10,pg_el|pg_im
pg3_4_img039,10,pg_el|pg_im
pg3_4_img040,10,pg_el|pg_im
pg3_4_img041,10,pg_el|pg_im
pg3_4_img042,10,pg_el|pg_im
pg3_4_img043,10,pg_el|pg_im
pg3_4_img044,10,pg_el|pg_im
pg3_4_img045,10,pg_el|pg_im
pg3_4_img046,10,pg_el|pg_im
pg3_4_img047,10,pg_el|pg_im
pg3_4_img048,10,pg_el|pg_im
pg3_4_img049,10,pg_el|pg_im
pg3_4_img050,10,pg_el|pg_im
pg3_4_img051,10,pg_el|pg_im
pg3_4_img052,10,pg_el|pg_im
pg3_4_img053,10,pg_el|pg_im
pg3_4_img054,10,pg_el|pg_im
pg3_4_img055,10,pg_el|pg_im
pg3_4_img056,10,pg_el|pg_im
pg3_4_img057,10,pg_el|pg_im
pg3_4_img058,10,pg_el|pg_im
pg3_4_img059,10,pg_el|pg_im
pg3_4_img060,10,pg_el|pg_im
pg3_4_img061,10,pg_el|pg_im
pg3_4_img062,10,pg_el|pg_im
pg3_4_img063,10,pg_el|pg_im
pg3_4_img064,10,pg_el|pg_im
pg3_4_img065,10,pg_el|pg_im
pg3_4_img066,10,pg_el|pg_im
pg3_4_img067,10,pg_el|pg_im
pg3_4_img068,10,pg_el|pg_im
pg3_4_img069,10,pg_el|pg_im
pg3_4_img070,10,pg_el|pg_im
pg3_4_img071,10,pg_el|pg_im
pg3_4_img072,10,pg_el|pg_im
pg3_4_img073,10,pg_el|pg_im
pg3_4_img074,10,pg_el|pg_im
pg3_4_img075,10,pg_el|pg_im
pg3_4_img076,10,pg_el|pg_im
pg3_4_img077,10,pg_el|pg_im
pg3_4_img078,10,pg_el|pg_im
pg3_4_img079,10,pg_el|pg_im
pg3_4_img080,10,pg_el|pg_im
pg3_4_img081,10,pg_el|pg_im
pg3_4_img082,10,pg_el|pg_im
pg3_4_img083,10,pg_el|pg_im
pg3_4_img084,10,pg_el|pg_im
pg3_4_img085,10,pg_el|pg_im
pg3_4_img086,10,pg_el|pg_im
pg3_4_img087,10,pg_el|pg_im
pg3_4_img088,10,pg_el|pg_im
pg3_4_img089,10,pg_el|pg_im
pg3_4_img090,10,pg_el|pg_im
pg3_4_img091,10,pg_el|pg_im
pg3_4_img092,10,pg_el|pg_im
pg3_4_img093,10,pg_el|pg_im
pg3_4_img094,10,pg_el|pg_im
pg3_4_img095,10,pg_el|pg_im
pg3_4_img096,10,pg_el|pg_im
pg3_4_img097,10,pg_el|pg_im
pg3_5_img001,10,pg_im
pg3_5_img002,10,pg_im
pg3_5_img003,10,pg_im
pg3_5_img004,10,pg_im
pg3_5_img005,10,pg_im
pg3_5_img006,10,pg_im
pg3_5_img007,10,pg_im
pg3_5_img008,10,pg_im
pg3_5_img009,10,pg_im
pg3_5_img010,10,pg_im
pg3_5_img011,10,pg_im
pg3_5_img012,10,pg_el|pg_im
pg3_5_img013,10,pg_el|pg_im
pg3_5_img014,10,pg_el|pg_im
pg3_5_img015,10,pg_el|pg_im
pg3_5_img016,10,pg_el|pg_im
pg3_5_img017,10,pg_el|pg_im
pg3_5_img018,10,pg_el|pg_im
pg3_5_img019,10,pg_el|pg_im
pg3_5_img020,10,pg_el|pg_im
pg3_5_img021,10,pg_el|pg_im
pg3_5_img022,10,pg_el|pg_im
pg3_5_img023,10,pg_el|pg_im
pg3_5_img024,10,pg_el|pg_im
pg3_5_img025,10,pg_el|pg_im
pg3_5_img026,10,pg_el|pg_im
pg3_5_img027,10,pg_el|pg_im
pg3_5_img028,10,pg_el|pg_im
pg3_5_img029,10,pg_el|pg_im
pg3_5_img030,10,pg_el|pg_im
pg3_5_img031,10,pg_el|pg_im
pg3_5_img032,10,pg_el|pg_im
pg3_5_img033,10,pg_el|pg_im
pg3_5_img034,10,pg_el|pg_im
pg3_5_img035,10,pg_el|pg_im
pg3_5_img036,10,pg_el
pg3_5_img037,10,pg_el
pg3_5_img038,10,pg_el
pg3_5_img039,10,pg_el
pg3_5_img040,10,pg_el
pg3_5_img041,10,pg_el
pg3_5_img042,10,pg_el
pg3_5_img043,10,pg_el
pg3_5_img044,10,pg_el
pg3_5_img045,10,pg_el
pg3_5_img046,10,pg_el
pg3_5_img047,10,pg_el
pg3_5_img048,10,pg_el
pg3_5_img049,10,pg_el
pg3_5_img050,10,pg_el
pg3_5_img051,10,pg_el
pg3_5_img052,10,pg_el
pg3_5_img053,10,pg_el
pg3_5_img054,10,pg_el
pg3_5_img055,10,pg_el
pg3_5_img056,10,pg_el
pg3_5_img057,10,pg_el
pg3_5_img058,10,pg_el
pg3_5_img059,10,pg_el
pg3_5_img060,10,pg_el
pg3_5_img061,10,pg_el
pg3_5_img062,10,pg_el
pg3_5_img063,10,pg_el
pg3_5_img064,10,pg_el
pg3_5_img065,10,pg_el
pg3_5_img066,10,pg_el
pg3_5_img067,10,pg_el
pg3_5_img068,10,pg_el
pg3_5_img069,10,pg_el
pg3_5_img070,10,pg_el
pg3_5_img071,10,pg_el
pg3_5_img072,10,pg_el
pg3_5_img073,10,pg_el
pg3_5_img074,10,pg_el
pg3_5_img075,10,pg_el
pg3_5_img076,10,pg_el
pg3_5_img077,10,pg_el
pg3_5_img078,10,pg_el
pg3_5_img079,10,pg_el
pg3_5_img080,10,pg_el
pg3_5_img081,10,pg_el
pg3_5_img082,10,pg_el
pg3_5_img083,10,pg_el
pg3_5_img084,10,pg_el
pg3_5_img085,10,pg_el
pg3_5_img086,10,pg_el
pg3_5_img087,10,pg_el
pg3_5_img088,10,pg_el
pg3_5_img089,10,pg_el
pg3_5_img090,10,pg_el
pg3_5_img091,10,pg_el
pg3_5_img092,10,pg_el
pg3_5_img093,10,pg_el
pg3_5_img094,10,pg_el
pg3_5_img095,10,pg_el
pg3_5_img096,10,pg_el
pg3_5_img097,10,pg_el
pg3_7_img001,10,pg_im
pg3_7_img002,10,pg_im
pg3_7_img003,10,pg_im
pg3_7_img004,10,pg_im
pg3_7_img005,10,pg_im
pg3_7_img006,10,pg_im
pg3_7_img007,10,pg_im
pg3_7_img008,10,pg_el|pg_im
pg3_7_img009,10,pg_el|pg_im
pg3_7_img010,10,pg_el|pg_im
pg3_7_img011,10,pg_el|pg_im
pg3_7_img012,10,pg_el|pg_im
pg3_7_img013,10,pg_el|pg_im
pg3_7_img014,10,pg_el|pg_im
pg3_7_img015,10,pg_el|pg_im
pg3_7_img016,10,pg_el|pg_im
pg3_7_img017,10,pg_el|pg_im
pg3_7_img018,10,pg_el|pg_im
pg3_7_img019,10,pg_el|pg_im
pg3_7_img020,10,pg_el|pg_im
pg3_7_img021,10,pg_el|pg_im
pg3_7_img022,10,pg_el|pg_im
pg3_7_img023,10,pg_el|pg_im
pg3_7_img024,10,pg_el|pg_im
pg3_7_img025,10,pg_el|pg_im
pg3_7_img026,10,pg_el|pg_im
pg3_7_img027,10,pg_el|pg_im
pg3_7_img028,10,pg_el|pg_im
pg3_7_img029,10,pg_el|pg_im
pg3_7_img030,10,pg_el|pg_im
pg3_7_img031,10,pg_el|pg_im
pg3_7_img032,10,pg_el|pg_im
pg3_7_img033,10,pg_el|pg_im
pg3_7_img034,10,pg_el|pg_im
pg3_7_img035,10,pg_el|pg_im
pg3_7_img036,10,pg_el|pg_im
pg3_7_img037,10,pg_el|pg_im
pg3_7_img038,10,pg_el|pg_im
pg3_7_img039,10,pg_el|pg_im
pg3_7_img040,10,pg_el|pg_im
pg3_7_img041,10,pg_el|pg_im
pg3_7_img042,10,pg_el|pg_im
pg3_7_img043,10,pg_el|pg_im
pg3_7_img044,10,pg_el|pg_im
pg3_7_img045,10,pg_el|pg_im
pg3_7_img046,10,pg_el|pg_im
pg3_7_img047,10,pg_el|pg_im
pg3_7_img048,10,pg_el|pg_im
pg3_7_img049,10,pg_el|pg_im
pg3_7_img050,10,pg_el|pg_im
pg3_7_img051,10,pg_el|pg_im
pg3_7_img052,10,pg_el|pg_im
pg3_7_img053,10,pg_el|pg_im
pg3_7_img054,10,pg_el|pg_im
pg3_7_img055,10,pg_el|pg_im
pg3_7_img056,10,pg_el|pg_im
pg3_7_img057,10,pg_el|pg_im
pg3_7_img058,10,pg_el|pg_im
pg3_7_img059,10,pg_el|pg_im
pg3_7_img060,10,pg_el|pg_im
pg3_7_img061,10,pg_el|pg_im
pg3_7_img062,10,pg_el|pg_im
pg3_7_img063,10,pg_el|pg_im
pg3_7_img064,10,pg_el|pg_im
pg3_7_img065,10,pg_el|pg_im
pg3_7_img066,10,pg_el|pg_im
pg3_7_img067,10,pg_el|pg_im
pg3_7_img068,10,pg_el|pg_im
pg3_7_img069,10,pg_el|pg_im
pg3_7_img070,10,pg_el|pg_im
pg3_7_img071,10,pg_el|pg_im
pg3_7_img072,10,pg_el|pg_im
pg3_7_img073,10,pg_el|pg_im
pg3_7_img074,10,pg_el|pg_im
pg3_7_img075,10,pg_el|pg_im
pg3_7_img076,10,pg_el|pg_im
pg3_7_img077,10,pg_el|pg_im
pg3_7_img078,10,pg_el|pg_im
pg3_7_img079,10,pg_el|pg_im
pg3_7_img080,10,pg_el|pg_im
pg3_7_img081,10,pg_el|pg_im
pg3_7_img082,10,pg_el|pg_im
pg3_7_img083,10,pg_el|pg_im
pg3_7_img084,10,pg_el|pg_im
pg3_7_img085,10,pg_el|pg_im
pg3_7_img086,10,pg_el|pg_im
pg3_7_img087,10,pg_el|pg_im
pg3_7_img088,10,pg_el|pg_im
pg3_7_img089,10,pg_el|pg_im
pg3_7_img090,10,pg_el|pg_im
pg3_7_img091,10,pg_el|pg_im
pg3_7_img092,10,pg_el|pg_im
pg3_7_img093,10,pg_el|pg_im
pg3_7_img094,10,pg_el|pg_im
pg3_7_img095,10,pg_el|pg_im
pg3_7_img096,10,pg_el|pg_im
pg3_7_img097,10,pg_el|pg_im
pg3_8_img001,10,pg_im
pg3_8_img002,10,pg_im
pg3_8_img003,10,pg_im
pg3_8_img004,10,pg_im
pg3_8_img005,10,pg_im
pg3_8_img006,10,pg_im
pg3_8_img007,10,pg_im
pg3_8_img008,10,pg_im
pg3_8_img009,10,pg_el|pg_im
pg3_8_img010,10,pg_el|pg_im
pg3_8_img011,10,pg_el|pg_im
pg3_8_img012,10,pg_el|pg_im
pg3_8_img013,10,pg_el|pg_im
pg3_8_img014,10,pg_el|pg_im
pg3_8_img015,10,pg_el|pg_im
pg3_8_img016,10,pg_el|pg_im
pg3_8_img017,10,pg_el|pg_im
pg3_8_img018,10,pg_el|pg_im
pg3_8_img019,10,pg_el|pg_im
pg3_8_img020,10,pg_el|pg_im
pg3_8_img021,10,pg_el|pg_im
pg3_8_img022,10,pg_el|pg_im
pg3_8_img023,10,pg_el|pg_im
pg3_8_img024,10,pg_el|pg_im
pg3_8_img025,10,pg_el|pg_im
pg3_8_img026,10,pg_el|pg_im
pg3_8_img027,10,pg_el|pg_im
pg3_8_img028,10,pg_el|pg_im
pg3_8_img029,10,pg_el|pg_im
pg3_8_img030,10,pg_el|pg_im
pg3_8_img031,10,pg_el|pg_im
pg3_8_img032,10,pg_el|pg_im
pg3_8_img033,10,pg_el|pg_im
pg3_8_img034,10,pg_el|pg_im
pg3_8_img035,10,pg_el|pg_im
pg3_8_img036,10,pg_el|pg_im
pg3_8_img037,10,pg_el|pg_im
pg3_8_img038,10,pg_el|pg_im
pg3_8_img039,10,pg_el|pg_im
pg3_8_img040,10,pg_el|pg_im
pg3_8_img041,10,pg_el|pg_im
pg3_8_img042,10,pg_el|pg_im
pg3_8_img043,10,pg_el|pg_im
pg3_8_img044,10,pg_el|pg_im
pg3_8_img045,10,pg_el|pg_im
pg3_8_img046,10,pg_el|pg_im
pg3_8_img047,10,pg_el|pg_im
pg3_8_img048,10,pg_el|pg_im
pg3_8_img049,10,pg_el|pg_im
pg3_8_img050,10,pg_el|pg_im
pg3_8_img051,10,pg_el|pg_im
pg3_8_img052,10,pg_el|pg_im
pg3_8_img053,10,pg_el|pg_im
pg3_8_img054,10,pg_el|pg_im
pg3_8_img055,10,pg_el|pg_im
pg3_8_img056,10,pg_el|pg_im
pg3_8_img057,10,pg_el|pg_im
pg3_8_img058,10,pg_el|pg_im
pg3_8_img059,10,pg_el|pg_im
pg3_8_img060,10,pg_el|pg_im
pg3_8_img061,10,pg_el|pg_im
pg3_8_img062,10,pg_el|pg_im
pg3_8_img063,10,pg_el|pg_im
pg3_8_img064,10,pg_el|pg_im
pg3_8_img065,10,pg_el|pg_im
pg3_8_img066,10,pg_el|pg_im
pg3_8_img067,10,pg_el|pg_im
pg3_8_img068,10,pg_el|pg_im
pg3_8_img069,10,pg_el|pg_im
pg3_8_img070,10,pg_el|pg_im
pg3_8_img071,10,pg_el|pg_im
pg3_8_img072,10,pg_el|pg_im
pg3_8_img073,10,pg_el|pg_im
pg3_8_img074,10,pg_el|pg_im
pg3_8_img075,10,pg_el|pg_im
pg3_8_img076,10,pg_el|pg_im
pg3_8_img077,10,pg_el|pg_im
pg3_8_img078,10,pg_el|pg_im
pg3_8_img079,10,pg_el|pg_im
pg3_8_img080,10,pg_el|pg_im
pg3_8_img081,10,pg_el|pg_im
pg3_8_img082,10,pg_el|pg_im
pg3_8_img083,10,pg_el|pg_im
pg3_8_img084,10,pg_el|pg_im
pg3_8_img085,10,pg_el|pg_im
pg3_8_img086,10,pg_el|pg_im
pg3_8_img087,10,pg_el|pg_im
pg3_8_img088,10,pg_el|pg_im
pg3_8_img089,10,pg_el|pg_im
pg3_8_img090,10,pg_el|pg_im
pg3_8_img091,10,pg_el|pg_im
pg3_8_img092,10,pg_el|pg_im
pg3_8_img093,10,pg_el|pg_im
pg3_8_img094,10,pg_el|pg_im
pg3_8_img095,10,pg_el|pg_im
pg3_8_img096,10,pg_el|pg_im
pg3_8_img097,10,pg_el|pg_im
pg3_9_img001,10,pg_im
pg3_9_img002,10,pg_im
pg3_9_img003,10,pg_im
pg3_9_img004,10,pg_im
pg3_9_img005,10,pg_im
pg3_9_img006,10,pg_im
pg3_9_img007,10,pg_im
pg3_9_img008,10,pg_im
pg3_9_img009,10,pg_im
pg3_9_img010,10,pg_el|pg_im
pg3_9_img011,10,pg_el|pg_im
pg3_9_img012,10,pg_el|pg_im
pg3_9_img013,10,pg_el|pg_im
pg3_9_img014,10,pg_el|pg_im
pg3_9_img015,10,pg_el|pg_im
pg3_9_img016,10,pg_el|pg_im
pg3_9_img017,10,pg_el|pg_im
pg3_9_img018,10,pg_el|pg_im
pg3_9_img019,10,pg_el|pg_im
pg3_9_img020,10,pg_el|pg_im
pg3_9_img021,10,pg_el|pg_im
pg3_9_img022,10,pg_el|pg_im
pg3_9_img023,10,pg_el|pg_im
pg3_9_img024,10,pg_el|pg_im
pg3_9_img025,10,pg_el|pg_im
pg3_9_img026,10,pg_el|pg_im
pg3_9_img027,10,pg_el|pg_im
pg3_9_img028,10,pg_el|pg_im
pg3_9_img029,10,pg_el|pg_im
pg3_9_img030,10,pg_el|pg_im
pg3_9_img031,10,pg_el|pg_im
pg3_9_img032,10,pg_el|pg_im
pg3_9_img033,10,pg_el|pg_im
pg3_9_img034,10,pg_el|pg_im
pg3_9_img035,10,pg_el|pg_im
pg3_9_img036,10,pg_el|pg_im
pg3_9_img037,10,pg_el|pg_im
pg3_9_img038,10,pg_el|pg_im
pg3_9_img039,10,pg_el|pg_im
pg3_9_img040,10,pg_el|pg_im
pg3_9_img041,10,pg_el|pg_im
pg3_9_img042,10,pg_el|pg_im
pg3_9_img043,10,pg_el|pg_im
pg3_9_img044,10,pg_el|pg_im
pg3_9_img045,10,pg_el|pg_im
pg3_9_img046,10,pg_el|pg_im
pg3_9_img047,10,pg_el|pg_im
pg3_9_img048,10,pg_el|pg_im
pg3_9_img049,10,pg_el|pg_im
pg3_9_img050,10,pg_el|pg_im
pg3_9_img051,10,pg_el|pg_im
pg3_9_img052,10,pg_el|pg_im
pg3_9_img053,10,pg_el|pg_im
pg3_9_img054,10,pg_el|pg_im
pg3_9_img055,10,pg_el|pg_im
pg3_9_img056,10,pg_el|pg_im
pg3_9_img057,10,pg_el|pg_im
pg3_9_img058,10,pg_el|pg_im
pg3_9_img059,10,pg_el|pg_im
pg3_9_img060,10,pg_el|pg_im
pg3_9_img061,10,pg_el|pg_im
pg3_9_img062,10,pg_el|pg_im
pg3_9_img063,10,pg_el|pg_im
pg3_9_img064,10,pg_el|pg_im
pg3_9_img065,10,pg_el|pg_im
pg3_9_img066,10,pg_el|pg_im
pg3_9_img067,10,pg_el|pg_im
pg3_9_img068,10,pg_el|pg_im
pg3_9_img069,10,pg_el|pg_im
pg3_9_img070,10,pg_el|pg_im
pg3_9_img071,10,pg_el|pg_im
pg3_9_img072,10,pg_el|pg_im
pg3_9_img073,10,pg_el|pg_im
pg3_9_img074,10,pg_el|pg_im
pg3_9_img075,10,pg_el|pg_im
pg3_9_img076,10,pg_el|pg_im
pg3_9_img077,10,pg_el|pg_im
pg3_9_img078,10,pg_el|pg_im
pg3_9_img079,10,pg_el|pg_im
pg3_9_img080,10,pg_el|pg_im
pg3_9_img081,10,pg_el|pg_im
pg3_9_img082,10,pg_el|pg_im
pg3_9_img083,10,pg_el|pg_im
pg3_9_img084,10,pg_el|pg_im
pg3_9_img085,10,pg_el|pg_im
pg3_9_img086,10,pg_el|pg_im
pg3_9_img087,10,pg_el|pg_im
pg3_9_img088,10,pg_el|pg_im
pg3_9_img089,10,pg_el|pg_im
pg3_9_img090,10,pg_el|pg_im
pg3_9_img091,10,pg_el|pg_im
pg3_9_img092,10,pg_el|pg_im
pg3_9_img093,10,pg_el|pg_im
pg3_9_img094,10,pg_el|pg_im
pg3_9_img095,10,pg_el|pg_im
pg3_9_img096,10,pg_el|pg_im
pg3_9_img097,10,pg_el|pg_im
pg4_10_img001,11,pg_im
pg4_10_img002,11,pg_im
pg4_10_img003,11,pg_im
pg4_10_img004,11,pg_im
pg4_10_img005,11,pg_im
pg4_10_img006,11,pg_im
pg4_10_img007,11,pg_im
pg4_10_img008,11,pg_im
pg4_10_img009,11,pg_im
pg4_10_img010,11,pg_im
pg4_10_img011,11,pg_im
pg4_10_img012,11,pg_im
pg4_10_img013,11,pg_im
pg4_10_img014,11,pg_im
pg4_10_img015,11,pg_im
pg4_10_img016,11,pg_im
pg4_10_img017,11,pg_im
pg4_10_img018,11,pg_im
pg4_10_img019,11,pg_im
pg4_10_img020,11,pg_el|pg_im
pg4_10_img021,11,pg_el|pg_im
pg4_10_img022,11,pg_el|pg_im
pg4_10_img023,11,pg_el|pg_im
pg4_10_img024,11,pg_el|pg_im
pg4_10_img025,11,pg_el|pg_im
pg4_10_img026,11,pg_el|pg_im
pg4_10_img027,11,pg_el|pg_im
pg4_10_img028,11,pg_el|pg_im
pg4_10_img029,11,pg_el|pg_im
pg4_10_img030,11,pg_el|pg_im
pg4_10_img031,11,pg_el|pg_im
pg4_10_img032,11,pg_el|pg_im
pg4_10_img033,11,pg_el|pg_im
pg4_10_img034,11,pg_el|pg_im
pg4_10_img035,11,pg_el|pg_im
pg4_10_img036,11,pg_el|pg_im
pg4_10_img037,11,pg_el|pg_im
pg4_10_img038,11,pg_el|pg_im
pg4_10_img039,11,pg_el|pg_im
pg4_10_img040,11,pg_el|pg_im
pg4_10_img041,11,pg_el|pg_im
pg4_10_img042,11,pg_el|pg_im
pg4_10_img043,11,pg_el|pg_im
pg4_10_img044,11,pg_el|pg_im
pg4_10_img045,11,pg_el|pg_im
pg4_10_img046,11,pg_el|pg_im
pg4_10_img047,11,pg_el|pg_im
pg4_10_img048,11,pg_el|pg_im
pg4_10_img049,11,pg_el|pg_im
pg4_10_img050,11,pg_el
pg4_10_img051,11,pg_el
pg4_10_img052,11,pg_el
pg4_10_img053,11,pg_el
pg4_10_img054,11,pg_el
pg4_10_img055,11,pg_el
pg4_10_img056,11,pg_el
pg4_10_img057,11,pg_el
pg4_10_img058,11,pg_el
pg4_10_img059,11,pg_el
pg4_10_img060,11,pg_el
pg4_10_img061,11,pg_el
pg4_10_img062,11,pg_el
pg4_10_img063,11,pg_el
pg4_10_img064,11,pg_el
pg4_10_img065,11,pg_el
pg4_10_img066,11,pg_el
pg4_10_img067,11,pg_el
pg4_10_img068,11,pg_el
pg4_10_img069,11,pg_el
pg4_10_img070,11,pg_el
pg4_10_img071,11,pg_el
pg4_10_img072,11,pg_el
pg4_10_img073,11,pg_el
pg4_10_img074,11,pg_el
pg4_10_img075,11,pg_el
pg4_10_img076,11,pg_el
pg4_10_img077,11,pg_el
pg4_10_img078,11,pg_el
pg4_10_img079,11,pg_el
pg4_10_img080,11,pg_el
pg4_10_img081,11,pg_el
pg4_10_img082,11,pg_el
pg4_10_img083,11,pg_el
pg4_10_img084,11,pg_el
pg4_10_img085,11,pg_el
pg4_10_img086,11,pg_el
pg4_10_img087,11,pg_el
pg4_10_img088,11,pg_el
pg4_10_img089,11,pg_el
pg4_10_img090,11,pg_el
pg4_10_img091,11,pg_el
pg4_10_img092,11,pg_el
pg4_10_img093,11,pg_el
pg4_10_img094,11,pg_el
pg4_10_img095,11,pg_el
pg4_10_img096,11,pg_el
pg4_10_img097,11,pg_el
pg4_11_img001,10,pg_im
pg4_11_img002,10,pg_im
pg4_11_img003,10,pg_im
pg4_11_img004,10,pg_im
pg4_11_img005,10,pg_im
pg4_11_img006,10,pg_im
pg4_11_img007,10,pg_im
pg4_11_img008,10,pg_im
pg4_11_img009,10,pg_im
pg4_11_img010,10,pg_im
pg4_11_img011,10,pg_im
pg4_11_img012,10,pg_im
pg4_11_img013,10,pg_el|pg_im
pg4_11_img014,10,pg_im
pg4_11_img015,10,pg_el|pg_im
pg4_11_img016,10,pg_el|pg_im
pg4_11_img017,10,pg_el|pg_im
pg4_11_img018,10,pg_el|pg_im
pg4_11_img019,10,pg_el|pg_im
pg4_11_img020,10,pg_el|pg_im
pg4_11_img021,10,pg_el|pg_im
pg4_11_img022,10,pg_el|pg_im
pg4_11_img023,10,pg_el|pg_im
pg4_11_img024,10,pg_el|pg_im
pg4_11_img025,10,pg_el|pg_im
pg4_11_img026,10,pg_el|pg_im
pg4_11_img027,10,pg_el|pg_im
pg4_11_img028,10,pg_el|pg_im
pg4_11_img029,10,pg_el|pg_im
pg4_11_img030,10,pg_el|pg_im
pg4_11_img031,10,pg_el|pg_im
pg4_11_img032,10,pg_el|pg_im
pg4_11_img033,10,pg_el|pg_im
pg4_11_img034,10,pg_el|pg_im
pg4_11_img035,10,pg_el|pg_im
pg4_11_img036,10,pg_el|pg_im
pg4_11_img037,10,pg_el|pg_im
pg4_11_img038,10,pg_el|pg_im
pg4_11_img039,10,pg_el|pg_im
pg4_11_img040,10,pg_el|pg_im
pg4_11_img041,10,pg_el|pg_im
pg4_11_img042,10,pg_el|pg_im
pg4_11_img043,10,pg_el|pg_im
pg4_11_img044,10,pg_el|pg_im
pg4_11_img045,10,pg_el|pg_im
pg4_11_img046,10,pg_el|pg_im
pg4_11_img047,10,pg_el|pg_im
pg4_11_img048,10,pg_el|pg_im
pg4_11_img049,10,pg_el|pg_im
pg4_11_img050,10,pg_el|pg_im
pg4_11_img051,10,pg_el|pg_im
pg4_11_img052,10,pg_el|pg_im
pg4_11_img053,10,pg_el|pg_im
pg4_11_img054,10,pg_el|pg_im
pg4_11_img055,10,pg_el|pg_im
pg4_11_img056,10,pg_el|pg_im
pg4_11_img057,10,pg_el|pg_im
pg4_11_img058,10,pg_el|pg_im
pg4_11_img059,10,pg_el|pg_im
pg4_11_img060,10,pg_el|pg_im
pg4_11_img061,10,pg_el|pg_im
pg4_11_img062,10,pg_el|pg_im
pg4_11_img063,10,pg_el|pg_im
pg4_11_img064,10,pg_el|pg_im
pg4_11_img065,10,pg_el|pg_im
pg4_11_img066,10,pg_el|pg_im
pg4_11_img067,10,pg_el|pg_im
pg4_11_img068,10,pg_el|pg_im
pg4_11_img069,10,pg_el|pg_im
pg4_11_img070,10,pg_el|pg_im
pg4_11_img071,10,pg_el|pg_im
pg4_11_img072,10,pg_el|pg_im
pg4_11_img073,10,pg_el|pg_im
pg4_11_img074,10,pg_el|pg_im
pg4_11_img075,10,pg_el|pg_im
pg4_11_img076,10,pg_el|pg_im
pg4_11_img077,10,pg_el|pg_im
pg4_11_img078,10,pg_el|pg_im
pg4_11_img079,10,pg_el|pg_im
pg4_11_img080,10,pg_el|pg_im
pg4_11_img081,10,pg_el|pg_im
pg4_11_img082,10,pg_el
pg4_11_img083,10,pg_el
pg4_11_img084,10,pg_el
pg4_11_img085,10,pg_el
pg4_11_img086,10,pg_el
pg4_11_img087,10,pg_el
pg4_11_img088,10,pg_el
pg4_11_img089,10,pg_el
pg4_11_img090,10,pg_el
pg4_11_img091,10,pg_el
pg4_11_img092,10,pg_el
pg4_11_img093,10,pg_el
pg4_11_img094,10,pg_el
pg4_11_img095,10,pg_el
pg4_11_img096,10,pg_el
pg4_11_img097,10,pg_el
pg4_12_img001,10,pg_im
pg4_12_img002,10,pg_im
pg4_12_img003,10,pg_im
pg4_12_img004,10,pg_im
pg4_12_img005,10,pg_im
pg4_12_img006,10,pg_im
pg4_12_img007,10,pg_im
pg4_12_img008,10,pg_im
pg4_12_img009,10,pg_im
pg4_12_img010,10,pg_im
pg4_12_img011,10,pg_el|pg_im
pg4_12_img012,10,pg_im
pg4_12_img013,10,pg_el|pg_im
pg4_12_img014,10,pg_el|pg_im
pg4_12_img015,10,pg_el|pg_im
pg4_12_img016,10,pg_el|pg_im
pg4_12_img017,10,pg_el|pg_im
pg4_12_img018,10,pg_el|pg_im
pg4_12_img019,10,pg_el|pg_im
pg4_12_img020,10,pg_el|pg_im
pg4_12_img021,10,pg_el|pg_im
pg4_12_img022,10,pg_el|pg_im
pg4_12_img023,10,pg_el|pg_im
pg4_12_img024,10,pg_el|pg_im
pg4_12_img025,10,pg_el|pg_im
pg4_12_img026,10,pg_el|pg_im
pg4_12_img027,10,pg_el|pg_im
pg4_12_img028,10,pg_el|pg_im
pg4_12_img029,10,pg_el|pg_im
pg4_12_img030,10,pg_el|pg_im
pg4_12_img031,10,pg_el|pg_im
pg4_12_img032,10,pg_el|pg_im
pg4_12_img033,10,pg_el|pg_im
pg4_12_img034,10,pg_el|pg_im
pg4_12_img035,10,pg_el|pg_im
pg4_12_img036,10,pg_el|pg_im
pg4_12_img037,10,pg_el|pg_im
pg4_12_img038,10,pg_el|pg_im
pg4_12_img039,10,pg_el|pg_im
pg4_12_img040,10,pg_el|pg_im
pg4_12_img041,10,pg_el|pg_im
pg4_12_img042,10,pg_el|pg_im
pg4_12_img043,10,pg_el|pg_im
pg4_12_img044,10,pg_el|pg_im
pg4_12_img045,10,pg_el|pg_im
pg4_12_img046,10,pg_el|pg_im
pg4_12_img047,10,pg_el|pg_im
pg4_12_img048,10,pg_el|pg_im
pg4_12_img049,10,pg_el|pg_im
pg4_12_img050,10,pg_el|pg_im
pg4_12_img051,10,pg_el|pg_im
pg4_12_img052,10,pg_el|pg_im
pg4_12_img053,10,pg_el|pg_im
pg4_12_img054,10,pg_el|pg_im
pg4_12_img055,10,pg_el|pg_im
pg4_12_img056,10,pg_el|pg_im
pg4_12_img057,10,pg_el|pg_im
pg4_12_img058,10,pg_el|pg_im
pg4_12_img059,10,pg_el|pg_im
pg4_12_img060,10,pg_el|pg_im
pg4_12_img061,10,pg_el|pg_im
pg4_12_img062,10,pg_el|pg_im
pg4_12_img063,10,pg_el|pg_im
pg4_12_img064,10,pg_el|pg_im
pg4_12_img065,10,pg_el|pg_im
pg4_12_img066,10,pg_el|pg_im
pg4_12_img067,10,pg_el|pg_im
pg4_12_img068,10,pg_el|pg_im
pg4_12_img069,10,pg_el|pg_im
pg4_12_img070,10,pg_el|pg_im
pg4_12_img071,10,pg_el|pg_im
pg4_12_img072,10,pg_el|pg_im
pg4_12_img073,10,pg_el|pg_im
pg4_12_img074,10,pg_el|pg_im
pg4_12_img075,10,pg_el|pg_im
pg4_12_img076,10,pg_el|pg_im
pg4_12_img077,10,pg_el|pg_im
pg4_12_img078,10,pg_el|pg_im
pg4_12_img079,10,pg_el|pg_im
pg4_12_img080,10,pg_el|pg_im
pg4_12_img081,10,pg_el|pg_im
pg4_12_img082,10,pg_el|pg_im
pg4_12_img083,10,pg_el|pg_im
pg4_12_img084,10,pg_el|pg_im
pg4_12_img085,10,pg_el|pg_im
pg4_12_img086,10,pg_el|pg_im
pg4_12_img087,10,pg_el|pg_im
pg4_12_img088,10,pg_el|pg_im
pg4_12_img089,10,pg_el|pg_im
pg4_12_img090,10,pg_el|pg_im
pg4_12_img091,10,pg_el|pg_im
pg4_12_img092,10,pg_el|pg_im
pg4_12_img093,10,pg_el|pg_im
pg4_12_img094,10,pg_el|pg_im
pg4_12_img095,10,pg_el|pg_im
pg4_12_img096,10,pg_el|pg_im
pg4_12_img097,10,pg_el|pg_im
pg4_1_img001,10,pg_im
pg4_1_img002,10,pg_im
pg4_1_img003,10,pg_el|pg_im
pg4_1_img004,10,pg_el|pg_im
pg4_1_img005,10,pg_el|pg_im
pg4_1_img006,10,pg_el|pg_im
pg4_1_img007,10,pg_el|pg_im
pg4_1_img008,10,pg_el|pg_im
pg4_1_img009,10,pg_el|pg_im
pg4_1_img010,10,pg_el|pg_im
pg4_1_img011,10,pg_el|pg_im
pg4_1_img012,10,pg_el|pg_im
pg4_1_img013,10,pg_el|pg_im
pg4_1_img014,10,pg_el|pg_im
pg4_1_img015,10,pg_el|pg_im
pg4_1_img016,10,pg_el|pg_im
pg4_1_img017,10,pg_el|pg_im
pg4_1_img018,10,pg_el|pg_im
pg4_1_img019,10,pg_el|pg_im
pg4_1_img020,10,pg_el|pg_im
pg4_1_img021,10,pg_el|pg_im
pg4_1_img022,10,pg_el|pg_im
pg4_1_img023,10,pg_el|pg_im
pg4_1_img024,10,pg_el|pg_im
pg4_1_img025,10,pg_el|pg_im
pg4_1_img026,10,pg_el|pg_im
pg4_1_img027,10,pg_el|pg_im
pg4_1_img028,10,pg_el|pg_im
pg4_1_img029,10,pg_el|pg_im
pg4_1_img030,10,pg_el|pg_im
pg4_1_img031,10,pg_el|pg_im
pg4_1_img032,10,pg_el|pg_im
pg4_1_img033,10,pg_el|pg_im
pg4_1_img034,10,pg_el|pg_im
pg4_1_img035,10,pg_el|pg_im
pg4_1_img036,10,pg_el|pg_im
pg4_1_img037,10,pg_el|pg_im
pg4_1_img038,10,pg_el|pg_im
pg4_1_img039,10,pg_el|pg_im
pg4_1_img040,10,pg_el|pg_im
pg4_1_img041,10,pg_el|pg_im
pg4_1_img042,10,pg_el|pg_im
pg4_1_img043,10,pg_el|pg_im
pg4_1_img044,10,pg_el|pg_im
pg4_1_img045,10,pg_el|pg_im
pg4_1_img046,10,pg_el|pg_im
pg4_1_img047,10,pg_el|pg_im
pg4_1_img048,10,pg_el|pg_im
pg4_1_img049,10,pg_el|pg_im
pg4_1_img050,10,pg_el|pg_im
pg4_1_img051,10,pg_el|pg_im
pg4_1_img052,10,pg_el|pg_im
pg4_1_img053,10,pg_el|pg_im
pg4_1_img054,10,pg_el|pg_im
pg4_1_img055,10,pg_el|pg_im
pg4_1_img056,10,pg_el|pg_im
pg4_1_img057,10,pg_el|pg_im
pg4_1_img058,10,pg_el|pg_im
pg4_1_img059,10,pg_el|pg_im
pg4_1_img060,10,pg_el|pg_im
pg4_1_img061,10,pg_el|pg_im
pg4_1_img062,10,pg_el|pg_im
pg4_1_img063,10,pg_el|pg_im
pg4_1_img064,10,pg_el|pg_im
pg4_1_img065,10,pg_el|pg_im
pg4_1_img066,10,pg_el|pg_im
pg4_1_img067,10,pg_el|pg_im
pg4_1_img068,10,pg_el|pg_im
pg4_1_img069,10,pg_el|pg_im
pg4_1_img070,10,pg_el|pg_im
pg4_1_img071,10,pg_el|pg_im
pg4_1_img072,10,pg_el|pg_im
pg4_1_img073,10,pg_el|pg_im
pg4_1_img074,10,pg_el|pg_im
pg4_1_img075,10,pg_el|pg_im
pg4_1_img076,10,pg_el|pg_im
pg4_1_img077,10,pg_el|pg_im
pg4_1_img078,10,pg_el|pg_im
pg4_1_img079,10,pg_el|pg_im
pg4_1_img080,10,pg_el|pg_im
pg4_1_img081,10,pg_el|pg_im
pg4_1_img082,10,pg_el|pg_im
pg4_1_img083,10,pg_el|pg_im
pg4_1_img084,10,pg_el|pg_im
pg4_1_img085,10,pg_el|pg_im
pg4_1_img086,10,pg_el|pg_im
pg4_1_img087,10,pg_el|pg_im
pg4_1_img088,10,pg_el|pg_im
pg4_1_img089,10,pg_el|pg_im
pg4_1_img090,10,pg_el|pg_im
pg4_1_img091,10,pg_el|pg_im
pg4_1_img092,10,pg_el|pg_im
pg4_1_img093,10,pg_el|pg_im
pg4_1_img094,10,pg_el|pg_im
pg4_1_img095,10,pg_el|pg_im
pg4_1_img096,10,pg_el|pg_im
pg4_1_img097,10,pg_el|pg_im
pg4_2_img001,10,pg_im
pg4_2_img002,10,pg_im
pg4_2_img003,10,pg_im
pg4_2_img004,10,pg_im
pg4_2_img005,10,pg_im
pg4_2_img006,10,pg_im
pg4_2_img007,10,pg_im
pg4_2_img008,10,pg_im
pg4_2_img009,10,pg_im
pg4_2_img010,10,pg_im
pg4_2_img011,10,pg_im
pg4_2_img012,10,pg_im
pg4_2_img013,10,pg_im
pg4_2_img014,10,pg_im
pg4_2_img015,10,pg_el|pg_im
pg4_2_img016,10,pg_el|pg_im
pg4_2_img017,10,pg_el|pg_im
pg4_2_img018,10,pg_el|pg_im
pg4_2_img019,10,pg_el|pg_im
pg4_2_img020,10,pg_el|pg_im
pg4_2_img021,10,pg_el|pg_im
pg4_2_img022,10,pg_el|pg_im
pg4_2_img023,10,pg_el|pg_im
pg4_2_img024,10,pg_el|pg_im
pg4_2_img025,10,pg_el|pg_im
pg4_2_img026,10,pg_el|pg_im
pg4_2_img027,10,pg_el|pg_im
pg4_2_img028,10,pg_el|pg_im
pg4_2_img029,10,pg_el|pg_im
pg4_2_img030,10,pg_el|pg_im
pg4_2_img031,10,pg_el|pg_im
pg4_2_img032,10,pg_el|pg_im
pg4_2_img033,10,pg_el|pg_im
pg4_2_img034,10,pg_el|pg_im
pg4_2_img035,10,pg_el|pg_im
pg4_2_img036,10,pg_el|pg_im
pg4_2_img037,10,pg_el|pg_im
pg4_2_img038,10,pg_el|pg_im
pg4_2_img039,10,pg_el|pg_im
pg4_2_img040,10,pg_el|pg_im
pg4_2_img041,10,pg_el|pg_im
pg4_2_img042,10,pg_el|pg_im
pg4_2_img043,10,pg_el|pg_im
pg4_2_img044,10,pg_el|pg_im
pg4_2_img045,10,pg_el|pg_im
pg4_2_img046,10,pg_el|pg_im
pg4_2_img047,10,pg_el|pg_im
pg4_2_img048,10,pg_el|pg_im
pg4_2_img049,10,pg_el|pg_im
pg4_2_img050,10,pg_el|pg_im
pg4_2_img051,10,pg_el|pg_im
pg4_2_img052,10,pg_el|pg_im
pg4_2_img053,10,pg_el|pg_im
pg4_2_img054,10,pg_el|pg_im
pg4_2_img055,10,pg_el|pg_im
pg4_2_img056,10,pg_el|pg_im
pg4_2_img057,10,pg_el|pg_im
pg4_2_img058,10,pg_el|pg_im
pg4_2_img059,10,pg_el|pg_im
pg4_2_img060,10,pg_el|pg_im
pg4_2_img061,10,pg_el|pg_im
pg4_2_img062,10,pg_el|pg_im
pg4_2_img063,10,pg_el|pg_im
pg4_2_img064,10,pg_el|pg_im
pg4_2_img065,10,pg_el|pg_im
pg4_2_img066,10,pg_el|pg_im
pg4_2_img067,10,pg_el|pg_im
pg4_2_img068,10,pg_el|pg_im
pg4_2_img069,10,pg_el|pg_im
pg4_2_img070,10,pg_el|pg_im
pg4_2_img071,10,pg_el|pg_im
pg4_2_img072,10,pg_el|pg_im
pg4_2_img073,10,pg_el|pg_im
pg4_2_img074,10,pg_el|pg_im
pg4_2_img075,10,pg_el|pg_im
pg4_2_img076,10,pg_el|pg_im
pg4_2_img077,10,pg_el|pg_im
pg4_2_img078,10,pg_el|pg_im
pg4_2_img079,10,pg_el|pg_im
pg4_2_img080,10,pg_el|pg_im
pg4_2_img081,10,pg_el|pg_im
pg4_2_img082,10,pg_el|pg_im
pg4_2_img083,10,pg_el|pg_im
pg4_2_img084,10,pg_el|pg_im
pg4_2_img085,10,pg_el|pg_im
pg4_2_img086,10,pg_el|pg_im
pg4_2_img087,10,pg_el|pg_im
pg4_2_img088,10,pg_el|pg_im
pg4_2_img089,10,pg_el|pg_im
pg4_2_img090,10,pg_el|pg_im
pg4_2_img091,10,pg_el|pg_im
pg4_2_img092,10,pg_el|pg_im
pg4_2_img093,10,pg_el|pg_im
pg4_2_img094,10,pg_el|pg_im
pg4_2_img095,10,pg_el|pg_im
pg4_2_img096,10,pg_el|pg_im
pg4_2_img097,10,pg_el|pg_im
pg4_3_img001,10,pg_im
pg4_3_img002,10,pg_im
pg4_3_img003,10,pg_im
pg4_3_img004,10,pg_im
pg4_3_img005,10,pg_im
pg4_3_img006,10,pg_im
pg4_3_img007,10,pg_im
pg4_3_img008,10,pg_im
pg4_3_img009,10,pg_im
pg4_3_img010,10,pg_im
pg4_3_img011,10,pg_im
pg4_3_img012,10,pg_el|pg_im
pg4_3_img013,10,pg_el|pg_im
pg4_3_img014,10,pg_el|pg_im
pg4_3_img015,10,pg_el|pg_im
pg4_3_img016,10,pg_el|pg_im
pg4_3_img017,10,pg_el|pg_im
pg4_3_img018,10,pg_el|pg_im
pg4_3_img019,10,pg_el|pg_im
pg4_3_img020,10,pg_el|pg_im
pg4_3_img021,10,pg_el|pg_im
pg4_3_img022,10,pg_el|pg_im
pg4_3_img023,10,pg_el|pg_im
pg4_3_img024,10,pg_el|pg_im
pg4_3_img025,10,pg_el|pg_im
pg4_3_img026,10,pg_el|pg_im
pg4_3_img027,10,pg_el|pg_im
pg4_3_img028,10,pg_el|pg_im
pg4_3_img029,10,pg_el|pg_im
pg4_3_img030,10,pg_el|pg_im
pg4_3_img031,10,pg_el|pg_im
pg4_3_img032,10,pg_el|pg_im
pg4_3_img033,10,pg_el|pg_im
pg4_3_img034,10,pg_el|pg_im
pg4_3_img035,10,pg_el|pg_im
pg4_3_img036,10,pg_el|pg_im
pg4_3_img037,10,pg_el|pg_im
pg4_3_img038,10,pg_el|pg_im
pg4_3_img039,10,pg_el|pg_im
pg4_3_img040,10,pg_el|pg_im
pg4_3_img041,10,pg_el|pg_im
pg4_3_img042,10,pg_el|pg_im
pg4_3_img043,10,pg_el|pg_im
pg4_3_img044,10,pg_el|pg_im
pg4_3_img045,10,pg_el|pg_im
pg4_3_img046,10,pg_el|pg_im
pg4_3_img047,10,pg_el|pg_im
pg4_3_img048,10,pg_el|pg_im
pg4_3_img049,10,pg_el|pg_im
pg4_3_img050,10,pg_el|pg_im
pg4_3_img051,10,pg_el|pg_im
pg4_3_img052,10,pg_el|pg_im
pg4_3_img053,10,pg_el|pg_im
pg4_3_img054,10,pg_el|pg_im
pg4_3_img055,10,pg_el|pg_im
pg4_3_img056,10,pg_el|pg_im
pg4_3_img057,10,pg_el
pg4_3_img058,10,pg_el
pg4_3_img059,10,pg_el
pg4_3_img060,10,pg_el
pg4_3_img061,10,pg_el
pg4_3_img062,10,pg_el
pg4_3_img063,10,pg_el
pg4_3_img064,10,pg_el
pg4_3_img065,10,pg_el
pg4_3_img066,10,pg_el
pg4_3_img067,10,pg_el
pg4_3_img068,10,pg_el
pg4_3_img069,10,pg_el
pg4_3_img070,10,pg_el
pg4_3_img071,10,pg_el
pg4_3_img072,10,pg_el
pg4_3_img073,10,pg_el
pg4_3_img074,10,pg_el
pg4_3_img075,10,pg_el
pg4_3_img076,10,pg_el
pg4_3_img077,10,pg_el
pg4_3_img078,10,pg_el
pg4_3_img079,10,pg_el
pg4_3_img080,10,pg_el
pg4_3_img081,10,pg_el
pg4_3_img082,10,pg_el
pg4_3_img083,10,pg_el
pg4_3_img084,10,pg_el
pg4_3_img085,10,pg_el
pg4_3_img086,10,pg_el
pg4_3_img087,10,pg_el
pg4_3_img088,10,pg_el
pg4_3_img089,10,pg_el
pg4_3_img090,10,pg_el
pg4_3_img091,10,pg_el
pg4_3_img092,10,pg_el
pg4_3_img093,10,pg_el
pg4_3_img094,10,pg_el
pg4_3_img095,10,pg_el
pg4_3_img096,10,pg_el
pg4_3_img097,10,pg_el
pg4_4_img001,10,pg_im
pg4_4_img002,10,pg_im
pg4_4_img003,10,pg_im
pg4_4_img004,10,pg_im
pg4_4_img005,10,pg_im
pg4_4_img006,10,pg_im
pg4_4_img007,10,pg_im
pg4_4_img008,10,pg_im
pg4_4_img009,10,pg_im
pg4_4_img010,10,pg_im
pg4_4_img011,10,pg_im
pg4_4_img012,10,pg_im
pg4_4_img013,10,pg_im
pg4_4_img014,10,pg_im
pg4_4_img015,10,pg_im
pg4_4_img016,10,pg_im
pg4_4_img017,10,pg_im
pg4_4_img018,10,pg_el|pg_im
pg4_4_img019,10,pg_el|pg_im
pg4_4_img020,10,pg_el|pg_im
pg4_4_img021,10,pg_el|pg_im
pg4_4_img022,10,pg_el|pg_im
pg4_4_img023,10,pg_el|pg_im
pg4_4_img024,10,pg_el|pg_im
pg4_4_img025,10,pg_el|pg_im
pg4_4_img026,10,pg_el|pg_im
pg4_4_img027,10,pg_el|pg_im
pg4_4_img028,10,pg_el|pg_im
pg4_4_img029,10,pg_el|pg_im
pg4_4_img030,10,pg_el|pg_im
pg4_4_img031,10,pg_el|pg_im
pg4_4_img032,10,pg_el|pg_im
pg4_4_img033,10,pg_el|pg_im
pg4_4_img034,10,pg_el|pg_im
pg4_4_img035,10,pg_el|pg_im
pg4_4_img036,10,pg_el|pg_im
pg4_4_img037,10,pg_el|pg_im
pg4_4_img038,10,pg_el|pg_im
pg4_4_img039,10,pg_el|pg_im
pg4_4_img040,10,pg_el|pg_im
pg4_4_img041,10,pg_el|pg_im
pg4_4_img042,10,pg_el|pg_im
pg4_4_img043,10,pg_el|pg_im
pg4_4_img044,10,pg_el|pg_im
pg4_4_img045,10,pg_el|pg_im
pg4_4_img046,10,pg_el|pg_im
pg4_4_img047,10,pg_el|pg_im
pg4_4_img048,10,pg_el|pg_im
pg4_4_img049,10,pg_el|pg_im
pg4_4_img050,10,pg_el
pg4_4_img051,10,pg_el
pg4_4_img052,10,pg_el
pg4_4_img053,10,pg_el
pg4_4_img054,10,pg_el
pg4_4_img055,10,pg_el
pg4_4_img056,10,pg_el
pg4_4_img057,10,pg_el
pg4_4_img058,10,pg_el
pg4_4_img059,10,pg_el
pg4_4_img060,10,pg_el
pg4_4_img061,10,pg_el
pg4_4_img062,10,pg_el
pg4_4_img063,10,pg_el
pg4_4_img064,10,pg_el
pg4_4_img065,10,pg_el
pg4_4_img066,10,pg_el
pg4_4_img067,10,pg_el
pg4_4_img068,10,pg_el
pg4_4_img069,10,pg_el
pg4_4_img070,10,pg_el
pg4_4_img071,10,pg_el
pg4_4_img072,10,pg_el
pg4_4_img073,10,pg_el
pg4_4_img074,10,pg_el
pg4_4_img075,10,pg_el
pg4_4_img076,10,pg_el
pg4_4_img077,10,pg_el
pg4_4_img078,10,pg_el
pg4_4_img079,10,pg_el
pg4_4_img080,10,pg_el
pg4_4_img081,10,pg_el
pg4_4_img082,10,pg_el
pg4_4_img083,10,pg_el
pg4_4_img084,10,pg_el
pg4_4_img085,10,pg_el
pg4_4_img086,10,pg_el
pg4_4_img087,10,pg_el
pg4_4_img088,10,pg_el
pg4_4_img089,10,pg_el
pg4_4_img090,10,pg_el
pg4_4_img091,10,pg_el
pg4_4_img092,10,pg_el
pg4_4_img093,10,pg_el
pg4_4_img094,10,pg_el
pg4_4_img095,10,pg_el
pg4_4_img096,10,pg_el
pg4_4_img097,10,pg_el
pg4_5_img001,10,pg_im
pg4_5_img002,10,pg_im
pg4_5_img003,10,pg_im
pg4_5_img004,10,pg_im
pg4_5_img005,10,pg_im
pg4_5_img006,10,pg_im
pg4_5_img007,10,pg_im
pg4_5_img008,10,pg_im
pg4_5_img009,10,pg_im
pg4_5_img010,10,pg_im
pg4_5_img011,10,pg_im
pg4_5_img012,10,pg_el|pg_im
pg4_5_img013,10,pg_el|pg_im
pg4_5_img014,10,pg_el|pg_im
pg4_5_img015,10,pg_el|pg_im
pg4_5_img016,10,pg_el|pg_im
pg4_5_img017,10,pg_el|pg_im
pg4_5_img018,10,pg_el|pg_im
pg4_5_img019,10,pg_el|pg_im
pg4_5_img020,10,pg_el|pg_im
pg4_5_img021,10,pg_el|pg_im
pg4_5_img022,10,pg_el|pg_im
pg4_5_img023,10,pg_el|pg_im
pg4_5_img024,10,pg_el|pg_im
pg4_5_img025,10,pg_el|pg_im
pg4_5_img026,10,pg_el|pg_im
pg4_5_img027,10,pg_el|pg_im
pg4_5_img028,10,pg_el|pg_im
pg4_5_img029,10,pg_el|pg_im
pg4_5_img030,10,pg_el|pg_im
pg4_5_img031,10,pg_el|pg_im
pg4_5_img032,10,pg_el|pg_im
pg4_5_img033,10,pg_el|pg_im
pg4_5_img034,10,pg_el|pg_im
pg4_5_img035,10,pg_el|pg_im
pg4_5_img036,10,pg_el|pg_im
pg4_5_img037,10,pg_el|pg_im
pg4_5_img038,10,pg_el|pg_im
pg4_5_img039,10,pg_el|pg_im
pg4_5_img040,10,pg_el|pg_im
pg4_5_img041,10,pg_el|pg_im
pg4_5_img042,10,pg_el|pg_im
pg4_5_img043,10,pg_el|pg_im
pg4_5_img044,10,pg_el|pg_im
pg4_5_img045,10,pg_el|pg_im
pg4_5_img046,10,pg_el|pg_im
pg4_5_img047,10,pg_el|pg_im
pg4_5_img048,10,pg_el|pg_im
pg4_5_img049,10,pg_el|pg_im
pg4_5_img050,10,pg_el|pg_im
pg4_5_img051,10,pg_el|pg_im
pg4_5_img052,10,pg_el|pg_im
pg4_5_img053,10,pg_el|pg_im
pg4_5_img054,10,pg_el|pg_im
pg4_5_img055,10,pg_el|pg_im
pg4_5_img056,10,pg_el|pg_im
pg4_5_img057,10,pg_el|pg_im
pg4_5_img058,10,pg_el|pg_im
pg4_5_img059,10,pg_el|pg_im
pg4_5_img060,10,pg_el|pg_im
pg4_5_img061,10,pg_el|pg_im
pg4_5_img062,10,pg_el|pg_im
pg4_5_img063,10,pg_el|pg_im
pg4_5_img064,10,pg_el|pg_im
pg4_5_img065,10,pg_el|pg_im
pg4_5_img066,10,pg_el|pg_im
pg4_5_img067,10,pg_el|pg_im
pg4_5_img068,10,pg_el|pg_im
pg4_5_img069,10,pg_el|pg_im
pg4_5_img070,10,pg_el|pg_im
pg4_5_img071,10,pg_el|pg_im
pg4_5_img072,10,pg_el|pg_im
pg4_5_img073,10,pg_el|pg_im
pg4_5_img074,10,pg_el|pg_im
pg4_5_img075,10,pg_el|pg_im
pg4_5_img076,10,pg_el|pg_im
pg4_5_img077,10,pg_el|pg_im
pg4_5_img078,10,pg_el|pg_im
pg4_5_img079,10,pg_el|pg_im
pg4_5_img080,10,pg_el|pg_im
pg4_5_img081,10,pg_el|pg_im
pg4_5_img082,10,pg_el|pg_im
pg4_5_img083,10,pg_el|pg_im
pg4_5_img084,10,pg_el|pg_im
pg4_5_img085,10,pg_el|pg_im
pg4_5_img086,10,pg_el|pg_im
pg4_5_img087,10,pg_el|pg_im
pg4_5_img088,10,pg_el|pg_im
pg4_5_img089,10,pg_el
pg4_5_img090,10,pg_el
pg4_5_img091,10,pg_el
pg4_5_img092,10,pg_el
pg4_5_img093,10,pg_el
pg4_5_img094,10,pg_el
pg4_5_img095,10,pg_el
pg4_5_img096,10,pg_el
pg4_5_img097,10,pg_el
pg4_6_img001,10,pg_im
pg4_6_img002,10,pg_im
pg4_6_img003,10,pg_im
pg4_6_img004,10,pg_im
pg4_6_img005,10,pg_im
pg4_6_img006,10,pg_im
pg4_6_img007,10,pg_im
pg4_6_img008,10,pg_im
pg4_6_img009,10,pg_im
pg4_6_img010,10,pg_im
pg4_6_img011,10,pg_im
pg4_6_img012,10,pg_im
pg4_6_img013,10,pg_im
pg4_6_img014,10,pg_im
pg4_6_img015,10,pg_im
pg4_6_img016,10,pg_im
pg4_6_img017,10,pg_el|pg_im
pg4_6_img018,10,pg_el|pg_im
pg4_6_img019,10,pg_el|pg_im
pg4_6_img020,10,pg_el|pg_im
pg4_6_img021,10,pg_el|pg_im
pg4_6_img022,10,pg_el|pg_im
pg4_6_img023,10,pg_el|pg_im
pg4_6_img024,10,pg_el|pg_im
pg4_6_img025,10,pg_el|pg_im
pg4_6_img026,10,pg_el|pg_im
pg4_6_img027,10,pg_el|pg_im
pg4_6_img028,10,pg_el|pg_im
pg4_6_img029,10,pg_el|pg_im
pg4_6_img030,10,pg_el|pg_im
pg4_6_img031,10,pg_el|pg_im
pg4_6_img032,10,pg_el|pg_im
pg4_6_img033,10,pg_el|pg_im
pg4_6_img034,10,pg_el|pg_im
pg4_6_img035,10,pg_el|pg_im
pg4_6_img036,10,pg_el|pg_im
pg4_6_img037,10,pg_el|pg_im
pg4_6_img038,10,pg_el|pg_im
pg4_6_img039,10,pg_el|pg_im
pg4_6_img040,10,pg_el|pg_im
pg4_6_img041,10,pg_el|pg_im
pg4_6_img042,10,pg_el|pg_im
pg4_6_img043,10,pg_el|pg_im
pg4_6_img044,10,pg_el|pg_im
pg4_6_img045,10,pg_el|pg_im
pg4_6_img046,10,pg_el|pg_im
pg4_6_img047,10,pg_el|pg_im
pg4_6_img048,10,pg_el|pg_im
pg4_6_img049,10,pg_el|pg_im
pg4_6_img050,10,pg_el|pg_im
pg4_6_img051,10,pg_el|pg_im
pg4_6_img052,10,pg_el|pg_im
pg4_6_img053,10,pg_el|pg_im
pg4_6_img054,10,pg_el|pg_im
pg4_6_img055,10,pg_el|pg_im
pg4_6_img056,10,pg_el|pg_im
pg4_6_img057,10,pg_el|pg_im
pg4_6_img058,10,pg_el|pg_im
pg4_6_img059,10,pg_el|pg_im
pg4_6_img060,10,pg_el|pg_im
pg4_6_img061,10,pg_el|pg_im
pg4_6_img062,10,pg_el|pg_im
pg4_6_img063,10,pg_el|pg_im
pg4_6_img064,10,pg_el|pg_im
pg4_6_img065,10,pg_el|pg_im
pg4_6_img066,10,pg_el|pg_im
pg4_6_img067,10,pg_el|pg_im
pg4_6_img068,10,pg_el|pg_im
pg4_6_img069,10,pg_el|pg_im
pg4_6_img070,10,pg_el|pg_im
pg4_6_img071,10,pg_el|pg_im
pg4_6_img072,10,pg_el|pg_im
pg4_6_img073,10,pg_el|pg_im
pg4_6_img074,10,pg_el|pg_im
pg4_6_img075,10,pg_el|pg_im
pg4_6_img076,10,pg_el|pg_im
pg4_6_img077,10,pg_el|pg_im
pg4_6_img078,10,pg_el|pg_im
pg4_6_img079,10,pg_el|pg_im
pg4_6_img080,10,pg_el|pg_im
pg4_6_img081,10,pg_el|pg_im
pg4_6_img082,10,pg_el|pg_im
pg4_6_img083,10,pg_el|pg_im
pg4_6_img084,10,pg_el|pg_im
pg4_6_img085,10,pg_el|pg_im
pg4_6_img086,10,pg_el|pg_im
pg4_6_img087,10,pg_el|pg_im
pg4_6_img088,10,pg_el|pg_im
pg4_6_img089,10,pg_el|pg_im
pg4_6_img090,10,pg_el|pg_im
pg4_6_img091,10,pg_el|pg_im
pg4_6_img092,10,pg_el|pg_im
pg4_6_img093,10,pg_el|pg_im
pg4_6_img094,10,pg_el|pg_im
pg4_6_img095,10,pg_el|pg_im
pg4_6_img096,10,pg_el|pg_im
pg4_6_img097,10,pg_el|pg_im
pg4_7_img001,10,pg_im
pg4_7_img002,10,pg_im
pg4_7_img003,10,pg_im
pg4_7_img004,10,pg_im
pg4_7_img005,10,pg_im
pg4_7_img006,10,pg_im
pg4_7_img007,10,pg_im
pg4_7_img008,10,pg_im
pg4_7_img009,10,pg_im
pg4_7_img010,10,pg_im
pg4_7_img011,10,pg_im
pg4_7_img012,10,pg_im
pg4_7_img013,10,pg_im
pg4_7_img014,10,pg_im
pg4_7_img015,10,pg_im
pg4_7_img016,10,pg_el|pg_im
pg4_7_img017,10,pg_el|pg_im
pg4_7_img018,10,pg_el|pg_im
pg4_7_img019,10,pg_el|pg_im
pg4_7_img020,10,pg_el|pg_im
pg4_7_img021,10,pg_el|pg_im
pg4_7_img022,10,pg_el|pg_im
pg4_7_img023,10,pg_el|pg_im
pg4_7_img024,10,pg_el|pg_im
pg4_7_img025,10,pg_el|pg_im
pg4_7_img026,10,pg_el|pg_im
pg4_7_img027,10,pg_el|pg_im
pg4_7_img028,10,pg_el|pg_im
pg4_7_img029,10,pg_el|pg_im
pg4_7_img030,10,pg_el|pg_im
pg4_7_img031,10,pg_el|pg_im
pg4_7_img032,10,pg_el|pg_im
pg4_7_img033,10,pg_el|pg_im
pg4_7_img034,10,pg_el|pg_im
pg4_7_img035,10,pg_el|pg_im
pg4_7_img036,10,pg_el|pg_im
pg4_7_img037,10,pg_el|pg_im
pg4_7_img038,10,pg_el|pg_im
pg4_7_img039,10,pg_el|pg_im
pg4_7_img040,10,pg_el|pg_im
pg4_7_img041,10,pg_el|pg_im
pg4_7_img042,10,pg_el|pg_im
pg4_7_img043,10,pg_el|pg_im
pg4_7_img044,10,pg_el|pg_im
pg4_7_img045,10,pg_el|pg_im
pg4_7_img046,10,pg_el|pg_im
pg4_7_img047,10,pg_el|pg_im
pg4_7_img048,10,pg_el|pg_im
pg4_7_img049,10,pg_el|pg_im
pg4_7_img050,10,pg_el|pg_im
pg4_7_img051,10,pg_el|pg_im
pg4_7_img052,10,pg_el|pg_im
pg4_7_img053,10,pg_el|pg_im
pg4_7_img054,10,pg_el|pg_im
pg4_7_img055,10,pg_el|pg_im
pg4_7_img056,10,pg_el|pg_im
pg4_7_img057,10,pg_el|pg_im
pg4_7_img058,10,pg_el|pg_im
pg4_7_img059,10,pg_el|pg_im
pg4_7_img060,10,pg_el|pg_im
pg4_7_img061,10,pg_el|pg_im
pg4_7_img062,10,pg_el|pg_im
pg4_7_img063,10,pg_el|pg_im
pg4_7_img064,10,pg_el|pg_im
pg4_7_img065,10,pg_el|pg_im
pg4_7_img066,10,pg_el|pg_im
pg4_7_img067,10,pg_el|pg_im
pg4_7_img068,10,pg_el|pg_im
pg4_7_img069,10,pg_el|pg_im
pg4_7_img070,10,pg_el|pg_im
pg4_7_img071,10,pg_el|pg_im
pg4_7_img072,10,pg_el|pg_im
pg4_7_img073,10,pg_el|pg_im
pg4_7_img074,10,pg_el|pg_im
pg4_7_img075,10,pg_el|pg_im
pg4_7_img076,10,pg_el|pg_im
pg4_7_img077,10,pg_el|pg_im
pg4_7_img078,10,pg_el|pg_im
pg4_7_img079,10,pg_el|pg_im
pg4_7_img080,10,pg_el|pg_im
pg4_7_img081,10,pg_el|pg_im
pg4_7_img082,10,pg_el|pg_im
pg4_7_img083,10,pg_el|pg_im
pg4_7_img084,10,pg_el|pg_im
pg4_7_img085,10,pg_el|pg_im
pg4_7_img086,10,pg_el|pg_im
pg4_7_img087,10,pg_el|pg_im
pg4_7_img088,10,pg_el|pg_im
pg4_7_img089,10,pg_el|pg_im
pg4_7_img090,10,pg_el|pg_im
pg4_7_img091,10,pg_el|pg_im
pg4_7_img092,10,pg_el|pg_im
pg4_7_img093,10,pg_el|pg_im
pg4_7_img094,10,pg_el|pg_im
pg4_7_img095,10,pg_el|pg_im
pg4_7_img096,10,pg_el|pg_im
pg4_7_img097,10,pg_el|pg_im
pg4_8_img001,10,pg_im
pg4_8_img002,10,pg_im
pg4_8_img003,10,pg_im
pg4_8_img004,10,pg_im
pg4_8_img005,10,pg_im
pg4_8_img006,10,pg_im
pg4_8_img007,10,pg_im
pg4_8_img008,10,pg_im
pg4_8_img009,10,pg_im
pg4_8_img010,10,pg_im
pg4_8_img011,10,pg_im
pg4_8_img012,10,pg_im
pg4_8_img013,10,pg_im
pg4_8_img014,10,pg_im
pg4_8_img015,10,pg_im
pg4_8_img016,10,pg_el|pg_im
pg4_8_img017,10,pg_el|pg_im
pg4_8_img018,10,pg_el|pg_im
pg4_8_img019,10,pg_el|pg_im
pg4_8_img020,10,pg_el|pg_im
pg4_8_img021,10,pg_el|pg_im
pg4_8_img022,10,pg_el|pg_im
pg4_8_img023,10,pg_el|pg_im
pg4_8_img024,10,pg_el|pg_im
pg4_8_img025,10,pg_el|pg_im
pg4_8_img026,10,pg_el|pg_im
pg4_8_img027,10,pg_el|pg_im
pg4_8_img028,10,pg_el|pg_im
pg4_8_img029,10,pg_el|pg_im
pg4_8_img030,10,pg_el|pg_im
pg4_8_img031,10,pg_el|pg_im
pg4_8_img032,10,pg_el|pg_im
pg4_8_img033,10,pg_el|pg_im
pg4_8_img034,10,pg_el|pg_im
pg4_8_img035,10,pg_el|pg_im
pg4_8_img036,10,pg_el|pg_im
pg4_8_img037,10,pg_el|pg_im
pg4_8_img038,10,pg_el|pg_im
pg4_8_img039,10,pg_el|pg_im
pg4_8_img040,10,pg_el|pg_im
pg4_8_img041,10,pg_el|pg_im
pg4_8_img042,10,pg_el|pg_im
pg4_8_img043,10,pg_el|pg_im
pg4_8_img044,10,pg_el|pg_im
pg4_8_img045,10,pg_el|pg_im
pg4_8_img046,10,pg_el|pg_im
pg4_8_img047,10,pg_el|pg_im
pg4_8_img048,10,pg_el|pg_im
pg4_8_img049,10,pg_el|pg_im
pg4_8_img050,10,pg_el|pg_im
pg4_8_img051,10,pg_el|pg_im
pg4_8_img052,10,pg_el|pg_im
pg4_8_img053,10,pg_el|pg_im
pg4_8_img054,10,pg_el|pg_im
pg4_8_img055,10,pg_el|pg_im
pg4_8_img056,10,pg_el|pg_im
pg4_8_img057,10,pg_el|pg_im
pg4_8_img058,10,pg_el|pg_im
pg4_8_img059,10,pg_el|pg_im
pg4_8_img060,10,pg_el|pg_im
pg4_8_img061,10,pg_el|pg_im
pg4_8_img062,10,pg_el|pg_im
pg4_8_img063,10,pg_el|pg_im
pg4_8_img064,10,pg_el|pg_im
pg4_8_img065,10,pg_el|pg_im
pg4_8_img066,10,pg_el|pg_im
pg4_8_img067,10,pg_el|pg_im
pg4_8_img068,10,pg_el|pg_im
pg4_8_img069,10,pg_el|pg_im
pg4_8_img070,10,pg_el|pg_im
pg4_8_img071,10,pg_el|pg_im
pg4_8_img072,10,pg_el|pg_im
pg4_8_img073,10,pg_el|pg_im
pg4_8_img074,10,pg_el|pg_im
pg4_8_img075,10,pg_el|pg_im
pg4_8_img076,10,pg_el|pg_im
pg4_8_img077,10,pg_el|pg_im
pg4_8_img078,10,pg_el|pg_im
pg4_8_img079,10,pg_el|pg_im
pg4_8_img080,10,pg_el|pg_im
pg4_8_img081,10,pg_el|pg_im
pg4_8_img082,10,pg_el|pg_im
pg4_8_img083,10,pg_el|pg_im
pg4_8_img084,10,pg_el|pg_im
pg4_8_img085,10,pg_el|pg_im
pg4_8_img086,10,pg_el|pg_im
pg4_8_img087,10,pg_el|pg_im
pg4_8_img088,10,pg_el|pg_im
pg4_8_img089,10,pg_el|pg_im
pg4_8_img090,10,pg_el|pg_im
pg4_8_img091,10,pg_el|pg_im
pg4_8_img092,10,pg_el|pg_im
pg4_8_img093,10,pg_el|pg_im
pg4_8_img094,10,pg_el|pg_im
pg4_8_img095,10,pg_el|pg_im
pg4_8_img096,10,pg_el|pg_im
pg4_8_img097,10,pg_el|pg_im
pg4_9_img001,10,pg_im
pg4_9_img002,10,pg_im
pg4_9_img003,10,pg_im
pg4_9_img004,10,pg_im
pg4_9_img005,10,pg_im
pg4_9_img006,10,pg_im
pg4_9_img007,10,pg_im
pg4_9_img008,10,pg_im
pg4_9_img009,10,pg_im
pg4_9_img010,10,pg_im
pg4_9_img011,10,pg_im
pg4_9_img012,10,pg_im
pg4_9_img013,10,pg_im
pg4_9_img014,10,pg_im
pg4_9_img015,10,pg_im
pg4_9_img016,10,pg_im
pg4_9_img017,10,pg_im
pg4_9_img018,10,pg_im
pg4_9_img019,10,pg_im
pg4_9_img020,10,pg_im
pg4_9_img021,10,pg_im
pg4_9_img022,10,pg_im
pg4_9_img023,10,pg_im
pg4_9_img024,10,pg_im
pg4_9_img025,10,pg_im
pg4_9_img026,10,pg_im
pg4_9_img027,10,pg_el|pg_im
pg4_9_img028,10,pg_el|pg_im
pg4_9_img029,10,pg_el|pg_im
pg4_9_img030,10,pg_el|pg_im
pg4_9_img031,10,pg_el|pg_im
pg4_9_img032,10,pg_el|pg_im
pg4_9_img033,10,pg_el|pg_im
pg4_9_img034,10,pg_el|pg_im
pg4_9_img035,10,pg_el|pg_im
pg4_9_img036,10,pg_el|pg_im
pg4_9_img037,10,pg_el|pg_im
pg4_9_img038,10,pg_el|pg_im
pg4_9_img039,10,pg_el|pg_im
pg4_9_img040,10,pg_el|pg_im
pg4_9_img041,10,pg_el|pg_im
pg4_9_img042,10,pg_el|pg_im
pg4_9_img043,10,pg_el|pg_im
pg4_9_img044,10,pg_el|pg_im
pg4_9_img045,10,pg_el|pg_im
pg4_9_img046,10,pg_el|pg_im
pg4_9_img047,10,pg_el|pg_im
pg4_9_img048,10,pg_el|pg_im
pg4_9_img049,10,pg_el|pg_im
pg4_9_img050,10,pg_el|pg_im
pg4_9_img051,10,pg_el|pg_im
pg4_9_img052,10,pg_el|pg_im
pg4_9_img053,10,pg_el|pg_im
pg4_9_img054,10,pg_el|pg_im
pg4_9_img055,10,pg_el|pg_im
pg4_9_img056,10,pg_el|pg_im
pg4_9_img057,10,pg_el|pg_im
pg4_9_img058,10,pg_el|pg_im
pg4_9_img059,10,pg_el|pg_im
pg4_9_img060,10,pg_el|pg_im
pg4_9_img061,10,pg_el|pg_im
pg4_9_img062,10,pg_el|pg_im
pg4_9_img063,10,pg_el|pg_im
pg4_9_img064,10,pg_el|pg_im
pg4_9_img065,10,pg_el|pg_im
pg4_9_img066,10,pg_el|pg_im
pg4_9_img067,10,pg_el|pg_im
pg4_9_img068,10,pg_el|pg_im
pg4_9_img069,10,pg_el|pg_im
pg4_9_img070,10,pg_el|pg_im
pg4_9_img071,10,pg_el|pg_im
pg4_9_img072,10,pg_el|pg_im
pg4_9_img073,10,pg_el|pg_im
pg4_9_img074,10,pg_el|pg_im
pg4_9_img075,10,pg_el|pg_im
pg4_9_img076,10,pg_el|pg_im
pg4_9_img077,10,pg_el|pg_im
pg4_9_img078,10,pg_el|pg_im
pg4_9_img079,10,pg_el|pg_im
pg4_9_img080,10,pg_el|pg_im
pg4_9_img081,10,pg_el|pg_im
pg4_9_img082,10,pg_el|pg_im
pg4_9_img083,10,pg_el|pg_im
pg4_9_img084,10,pg_el|pg_im
pg4_9_img085,10,pg_el|pg_im
pg4_9_img086,10,pg_el|pg_im
pg4_9_img087,10,pg_el|pg_im
pg4_9_img088,10,pg_el|pg_im
pg4_9_img089,10,pg_el|pg_im
pg4_9_img090,10,pg_el|pg_im
pg4_9_img091,10,pg_el|pg_im
pg4_9_img092,10,pg_el|pg_im
pg4_9_img093,10,pg_el|pg_im
pg4_9_img094,10,pg_el|pg_im
pg4_9_img095,10,pg_el|pg_im
pg4_9_img096,10,pg_el|pg_im
pg4_9_img097,10,pg_el|pg_im
pg5_10_img001,10,pg_im
pg5_10_img002,10,pg_im
pg5_10_img003,10,pg_im
pg5_10_img004,10,pg_im
pg5_10_img005,10,pg_im
pg5_10_img006,10,pg_im
pg5_10_img007,10,pg_im
pg5_10_img008,10,pg_im
pg5_10_img009,10,pg_im
pg5_10_img010,10,pg_im
pg5_10_img011,10,pg_im
pg5_10_img012,10,pg_im
pg5_10_img013,10,pg_im
pg5_10_img014,10,pg_im
pg5_10_img015,10,pg_im
pg5_10_img016,10,pg_im
pg5_10_img017,10,pg_im
pg5_10_img018,10,pg_im
pg5_10_img019,10,pg_im
pg5_10_img020,10,pg_im
pg5_10_img021,10,pg_im
pg5_10_img022,10,pg_el|pg_im
pg5_10_img023,10,pg_el|pg_im
pg5_10_img024,10,pg_el|pg_im
pg5_10_img025,10,pg_el|pg_im
pg5_10_img026,10,pg_el|pg_im
pg5_10_img027,10,pg_el|pg_im
pg5_10_img028,10,pg_el|pg_im
pg5_10_img029,10,pg_el|pg_im
pg5_10_img030,10,pg_el|pg_im
pg5_10_img031,10,pg_el|pg_im
pg5_10_img032,10,pg_el|pg_im
pg5_10_img033,10,pg_el|pg_im
pg5_10_img034,10,pg_el|pg_im
pg5_10_img035,10,pg_el|pg_im
pg5_10_img036,10,pg_el|pg_im
pg5_10_img037,10,pg_el|pg_im
pg5_10_img038,10,pg_el|pg_im
pg5_10_img039,10,pg_el|pg_im
pg5_10_img040,10,pg_el|pg_im
pg5_10_img041,10,pg_el|pg_im
pg5_10_img042,10,pg_el|pg_im
pg5_10_img043,10,pg_el|pg_im
pg5_10_img044,10,pg_el|pg_im
pg5_10_img045,10,pg_el|pg_im
pg5_10_img046,10,pg_el|pg_im
pg5_10_img047,10,pg_el|pg_im
pg5_10_img048,10,pg_el|pg_im
pg5_10_img049,10,pg_el|pg_im
pg5_10_img050,10,pg_el|pg_im
pg5_10_img051,10,pg_el|pg_im
pg5_10_img052,10,pg_el|pg_im
pg5_10_img053,10,pg_el|pg_im
pg5_10_img054,10,pg_el|pg_im
pg5_10_img055,10,pg_el|pg_im
pg5_10_img056,10,pg_el|pg_im
pg5_10_img057,10,pg_el|pg_im
pg5_10_img058,10,pg_el|pg_im
pg5_10_img059,10,pg_el|pg_im
pg5_10_img060,10,pg_el|pg_im
pg5_10_img061,10,pg_el|pg_im
pg5_10_img062,10,pg_el|pg_im
pg5_10_img063,10,pg_el|pg_im
pg5_10_img064,10,pg_el|pg_im
pg5_10_img065,10,pg_el|pg_im
pg5_10_img066,10,pg_el|pg_im
pg5_10_img067,10,pg_el|pg_im
pg5_10_img068,10,pg_el|pg_im
pg5_10_img069,10,pg_el|pg_im
pg5_10_img070,10,pg_el|pg_im
pg5_10_img071,10,pg_el|pg_im
pg5_10_img072,10,pg_el|pg_im
pg5_10_img073,10,pg_el|pg_im
pg5_10_img074,10,pg_el|pg_im
pg5_10_img075,10,pg_el|pg_im
pg5_10_img076,10,pg_el|pg_im
pg5_10_img077,10,pg_el|pg_im
pg5_10_img078,10,pg_el|pg_im
pg5_10_img079,10,pg_el|pg_im
pg5_10_img080,10,pg_el|pg_im
pg5_10_img081,10,pg_el|pg_im
pg5_10_img082,10,pg_el|pg_im
pg5_10_img083,10,pg_el|pg_im
pg5_10_img084,10,pg_el|pg_im
pg5_10_img085,10,pg_el|pg_im
pg5_10_img086,10,pg_el|pg_im
pg5_10_img087,10,pg_el|pg_im
pg5_10_img088,10,pg_el|pg_im
pg5_10_img089,10,pg_el|pg_im
pg5_10_img090,10,pg_el|pg_im
pg5_10_img091,10,pg_el|pg_im
pg5_10_img092,10,pg_el|pg_im
pg5_10_img093,10,pg_el|pg_im
pg5_10_img094,10,pg_el|pg_im
pg5_10_img095,10,pg_el|pg_im
pg5_10_img096,10,pg_el|pg_im
pg5_10_img097,10,pg_el|pg_im
pg5_11_img001,10,pg_im
pg5_11_img002,10,pg_im
pg5_11_img003,10,pg_im
pg5_11_img004,10,pg_im
pg5_11_img005,10,pg_im
pg5_11_img006,10,pg_im
pg5_11_img007,10,pg_im
pg5_11_img008,10,pg_im
pg5_11_img009,10,pg_im
pg5_11_img010,10,pg_im
pg5_11_img011,10,pg_im
pg5_11_img012,10,pg_im
pg5_11_img013,10,pg_im
pg5_11_img014,10,pg_im
pg5_11_img015,10,pg_im
pg5_11_img016,10,pg_im
pg5_11_img017,10,pg_im
pg5_11_img018,10,pg_im
pg5_11_img019,10,pg_im
pg5_11_img020,10,pg_im
pg5_11_img021,10,pg_im
pg5_11_img022,10,pg_el|pg_im
pg5_11_img023,10,pg_el|pg_im
pg5_11_img024,10,pg_el|pg_im
pg5_11_img025,10,pg_el|pg_im
pg5_11_img026,10,pg_el|pg_im
pg5_11_img027,10,pg_el|pg_im
pg5_11_img028,10,pg_el|pg_im
pg5_11_img029,10,pg_el|pg_im
pg5_11_img030,10,pg_el|pg_im
pg5_11_img031,10,pg_el|pg_im
pg5_11_img032,10,pg_el|pg_im
pg5_11_img033,10,pg_el|pg_im
pg5_11_img034,10,pg_el|pg_im
pg5_11_img035,10,pg_el|pg_im
pg5_11_img036,10,pg_el|pg_im
pg5_11_img037,10,pg_el|pg_im
pg5_11_img038,10,pg_el|pg_im
pg5_11_img039,10,pg_el|pg_im
pg5_11_img040,10,pg_el|pg_im
pg5_11_img041,10,pg_el|pg_im
pg5_11_img042,10,pg_el|pg_im
pg5_11_img043,10,pg_el|pg_im
pg5_11_img044,10,pg_el|pg_im
pg5_11_img045,10,pg_el|pg_im
pg5_11_img046,10,pg_el|pg_im
pg5_11_img047,10,pg_el|pg_im
pg5_11_img048,10,pg_el|pg_im
pg5_11_img049,10,pg_el|pg_im
pg5_11_img050,10,pg_el|pg_im
pg5_11_img051,10,pg_el|pg_im
pg5_11_img052,10,pg_el|pg_im
pg5_11_img053,10,pg_el|pg_im
pg5_11_img054,10,pg_el|pg_im
pg5_11_img055,10,pg_el|pg_im
pg5_11_img056,10,pg_el|pg_im
pg5_11_img057,10,pg_el|pg_im
pg5_11_img058,10,pg_el|pg_im
pg5_11_img059,10,pg_el|pg_im
pg5_11_img060,10,pg_el|pg_im
pg5_11_img061,10,pg_el|pg_im
pg5_11_img062,10,pg_el|pg_im
pg5_11_img063,10,pg_el|pg_im
pg5_11_img064,10,pg_el|pg_im
pg5_11_img065,10,pg_el|pg_im
pg5_11_img066,10,pg_el|pg_im
pg5_11_img067,10,pg_el|pg_im
pg5_11_img068,10,pg_el|pg_im
pg5_11_img069,10,pg_el|pg_im
pg5_11_img070,10,pg_el|pg_im
pg5_11_img071,10,pg_el|pg_im
pg5_11_img072,10,pg_el|pg_im
pg5_11_img073,10,pg_el|pg_im
pg5_11_img074,10,pg_el|pg_im
pg5_11_img075,10,pg_el|pg_im
pg5_11_img076,10,pg_el|pg_im
pg5_11_img077,10,pg_el|pg_im
pg5_11_img078,10,pg_el|pg_im
pg5_11_img079,10,pg_el|pg_im
pg5_11_img080,10,pg_el|pg_im
pg5_11_img081,10,pg_el|pg_im
pg5_11_img082,10,pg_el|pg_im
pg5_11_img083,10,pg_el|pg_im
pg5_11_img084,10,pg_el|pg_im
pg5_11_img085,10,pg_el|pg_im
pg5_11_img086,10,pg_el|pg_im
pg5_11_img087,10,pg_el|pg_im
pg5_11_img088,10,pg_el|pg_im
pg5_11_img089,10,pg_el|pg_im
pg5_11_img090,10,pg_el|pg_im
pg5_11_img091,10,pg_el|pg_im
pg5_11_img092,10,pg_el|pg_im
pg5_11_img093,10,pg_el|pg_im
pg5_11_img094,10,pg_el|pg_im
pg5_11_img095,10,pg_el|pg_im
pg5_11_img096,10,pg_el|pg_im
pg5_11_img097,10,pg_el|pg_im
pg5_12_img001,10,pg_im
pg5_12_img002,10,pg_im
pg5_12_img003,10,pg_im
pg5_12_img004,10,pg_im
pg5_12_img005,10,pg_im
pg5_12_img006,10,pg_im
pg5_12_img007,10,pg_im
pg5_12_img008,10,pg_im
pg5_12_img009,10,pg_im
pg5_12_img010,10,pg_im
pg5_12_img011,10,pg_im
pg5_12_img012,10,pg_im
pg5_12_img013,10,pg_im
pg5_12_img014,10,pg_im
pg5_12_img015,10,pg_im
pg5_12_img016,10,pg_im
pg5_12_img017,10,pg_im
pg5_12_img018,10,pg_im
pg5_12_img019,10,pg_im
pg5_12_img020,10,pg_im
pg5_12_img021,10,pg_im
pg5_12_img022,10,pg_im
pg5_12_img023,10,pg_im
pg5_12_img024,10,pg_im
pg5_12_img025,10,pg_im
pg5_12_img026,10,pg_im
pg5_12_img027,10,pg_im
pg5_12_img028,10,pg_el|pg_im
pg5_12_img029,10,pg_im
pg5_12_img030,10,pg_el|pg_im
pg5_12_img031,10,pg_el|pg_im
pg5_12_img032,10,pg_el|pg_im
pg5_12_img033,10,pg_el|pg_im
pg5_12_img034,10,pg_el|pg_im
pg5_12_img035,10,pg_el|pg_im
pg5_12_img036,10,pg_el|pg_im
pg5_12_img037,10,pg_el|pg_im
pg5_12_img038,10,pg_el|pg_im
pg5_12_img039,10,pg_el|pg_im
pg5_12_img040,10,pg_el|pg_im
pg5_12_img041,10,pg_el|pg_im
pg5_12_img042,10,pg_el|pg_im
pg5_12_img043,10,pg_el|pg_im
pg5_12_img044,10,pg_el|pg_im
pg5_12_img045,10,pg_el|pg_im
pg5_12_img046,10,pg_el|pg_im
pg5_12_img047,10,pg_el|pg_im
pg5_12_img048,10,pg_el|pg_im
pg5_12_img049,10,pg_el|pg_im
pg5_12_img050,10,pg_el|pg_im
pg5_12_img051,10,pg_el|pg_im
pg5_12_img052,10,pg_el|pg_im
pg5_12_img053,10,pg_el|pg_im
pg5_12_img054,10,pg_el|pg_im
pg5_12_img055,10,pg_el|pg_im
pg5_12_img056,10,pg_el|pg_im
pg5_12_img057,10,pg_el|pg_im
pg5_12_img058,10,pg_el|pg_im
pg5_12_img059,10,pg_el|pg_im
pg5_12_img060,10,pg_el|pg_im
pg5_12_img061,10,pg_el|pg_im
pg5_12_img062,10,pg_el|pg_im
pg5_12_img063,10,pg_el|pg_im
pg5_12_img064,10,pg_el|pg_im
pg5_12_img065,10,pg_el|pg_im
pg5_12_img066,10,pg_el|pg_im
pg5_12_img067,10,pg_el|pg_im
pg5_12_img068,10,pg_el|pg_im
pg5_12_img069,10,pg_el|pg_im
pg5_12_img070,10,pg_el|pg_im
pg5_12_img071,10,pg_el|pg_im
pg5_12_img072,10,pg_el|pg_im
pg5_12_img073,10,pg_el|pg_im
pg5_12_img074,10,pg_el|pg_im
pg5_12_img075,10,pg_el|pg_im
pg5_12_img076,10,pg_el|pg_im
pg5_12_img077,10,pg_el|pg_im
pg5_12_img078,10,pg_el|pg_im
pg5_12_img079,10,pg_el|pg_im
pg5_12_img080,10,pg_el|pg_im
pg5_12_img081,10,pg_el|pg_im
pg5_12_img082,10,pg_el|pg_im
pg5_12_img083,10,pg_el|pg_im
pg5_12_img084,10,pg_el|pg_im
pg5_12_img085,10,pg_el|pg_im
pg5_12_img086,10,pg_el|pg_im
pg5_12_img087,10,pg_el|pg_im
pg5_12_img088,10,pg_el|pg_im
pg5_12_img089,10,pg_el|pg_im
pg5_12_img090,10,pg_el|pg_im
pg5_12_img091,10,pg_el|pg_im
pg5_12_img092,10,pg_el|pg_im
pg5_12_img093,10,pg_el|pg_im
pg5_12_img094,10,pg_el|pg_im
pg5_12_img095,10,pg_el|pg_im
pg5_12_img096,10,pg_el|pg_im
pg5_12_img097,10,pg_el|pg_im
pg5_1_img001,10,pg_im
pg5_1_img002,10,pg_im
pg5_1_img003,10,pg_im
pg5_1_img004,10,pg_im
pg5_1_img005,10,pg_im
pg5_1_img006,10,pg_im
pg5_1_img007,10,pg_im
pg5_1_img008,10,pg_im
pg5_1_img009,10,pg_im
pg5_1_img010,10,pg_im
pg5_1_img011,10,pg_im
pg5_1_img012,10,pg_im
pg5_1_img013,10,pg_im
pg5_1_img014,10,pg_im
pg5_1_img015,10,pg_im
pg5_1_img016,10,pg_el|pg_im
pg5_1_img017,10,pg_el|pg_im
pg5_1_img018,10,pg_el|pg_im
pg5_1_img019,10,pg_el|pg_im
pg5_1_img020,10,pg_el|pg_im
pg5_1_img021,10,pg_el|pg_im
pg5_1_img022,10,pg_el|pg_im
pg5_1_img023,10,pg_el|pg_im
pg5_1_img024,10,pg_el|pg_im
pg5_1_img025,10,pg_el|pg_im
pg5_1_img026,10,pg_el|pg_im
pg5_1_img027,10,pg_el|pg_im
pg5_1_img028,10,pg_el|pg_im
pg5_1_img029,10,pg_el|pg_im
pg5_1_img030,10,pg_el|pg_im
pg5_1_img031,10,pg_el|pg_im
pg5_1_img032,10,pg_el|pg_im
pg5_1_img033,10,pg_el|pg_im
pg5_1_img034,10,pg_el|pg_im
pg5_1_img035,10,pg_el|pg_im
pg5_1_img036,10,pg_el|pg_im
pg5_1_img037,10,pg_el|pg_im
pg5_1_img038,10,pg_el|pg_im
pg5_1_img039,10,pg_el|pg_im
pg5_1_img040,10,pg_el|pg_im
pg5_1_img041,10,pg_el|pg_im
pg5_1_img042,10,pg_el|pg_im
pg5_1_img043,10,pg_el|pg_im
pg5_1_img044,10,pg_el|pg_im
pg5_1_img045,10,pg_el|pg_im
pg5_1_img046,10,pg_el|pg_im
pg5_1_img047,10,pg_el|pg_im
pg5_1_img048,10,pg_el|pg_im
pg5_1_img049,10,pg_el|pg_im
pg5_1_img050,10,pg_el|pg_im
pg5_1_img051,10,pg_el|pg_im
pg5_1_img052,10,pg_el|pg_im
pg5_1_img053,10,pg_el|pg_im
pg5_1_img054,10,pg_el|pg_im
pg5_1_img055,10,pg_el|pg_im
pg5_1_img056,10,pg_el|pg_im
pg5_1_img057,10,pg_el|pg_im
pg5_1_img058,10,pg_el|pg_im
pg5_1_img059,10,pg_el|pg_im
pg5_1_img060,10,pg_el|pg_im
pg5_1_img061,10,pg_el|pg_im
pg5_1_img062,10,pg_el|pg_im
pg5_1_img063,10,pg_el|pg_im
pg5_1_img064,10,pg_el|pg_im
pg5_1_img065,10,pg_el|pg_im
pg5_1_img066,10,pg_el|pg_im
pg5_1_img067,10,pg_el|pg_im
pg5_1_img068,10,pg_el|pg_im
pg5_1_img069,10,pg_el|pg_im
pg5_1_img070,10,pg_el|pg_im
pg5_1_img071,10,pg_el|pg_im
pg5_1_img072,10,pg_el|pg_im
pg5_1_img073,10,pg_el|pg_im
pg5_1_img074,10,pg_el|pg_im
pg5_1_img075,10,pg_el|pg_im
pg5_1_img076,10,pg_el|pg_im
pg5_1_img077,10,pg_el|pg_im
pg5_1_img078,10,pg_el|pg_im
pg5_1_img079,10,pg_el|pg_im
pg5_1_img080,10,pg_el|pg_im
pg5_1_img081,10,pg_el|pg_im
pg5_1_img082,10,pg_el|pg_im
pg5_1_img083,10,pg_el|pg_im
pg5_1_img084,10,pg_el|pg_im
pg5_1_img085,10,pg_el|pg_im
pg5_1_img086,10,pg_el|pg_im
pg5_1_img087,10,pg_el|pg_im
pg5_1_img088,10,pg_el|pg_im
pg5_1_img089,10,pg_el|pg_im
pg5_1_img090,10,pg_el|pg_im
pg5_1_img091,10,pg_el|pg_im
pg5_1_img092,10,pg_el|pg_im
pg5_1_img093,10,pg_el|pg_im
pg5_1_img094,10,pg_el|pg_im
pg5_1_img095,10,pg_el|pg_im
pg5_1_img096,10,pg_el|pg_im
pg5_1_img097,10,pg_el|pg_im
pg5_2_img001,10,pg_im
pg5_2_img002,10,pg_im
pg5_2_img003,10,pg_im
pg5_2_img004,10,pg_im
pg5_2_img005,10,pg_im
pg5_2_img006,10,pg_im
pg5_2_img007,10,pg_im
pg5_2_img008,10,pg_im
pg5_2_img009,10,pg_im
pg5_2_img010,10,pg_im
pg5_2_img011,10,pg_im
pg5_2_img012,10,pg_im
pg5_2_img013,10,pg_im
pg5_2_img014,10,pg_im
pg5_2_img015,10,pg_im
pg5_2_img016,10,pg_im
pg5_2_img017,10,pg_el|pg_im
pg5_2_img018,10,pg_el|pg_im
pg5_2_img019,10,pg_el|pg_im
pg5_2_img020,10,pg_el|pg_im
pg5_2_img021,10,pg_el|pg_im
pg5_2_img022,10,pg_el|pg_im
pg5_2_img023,10,pg_el|pg_im
pg5_2_img024,10,pg_el|pg_im
pg5_2_img025,10,pg_el|pg_im
pg5_2_img026,10,pg_el|pg_im
pg5_2_img027,10,pg_el|pg_im
pg5_2_img028,10,pg_el|pg_im
pg5_2_img029,10,pg_el|pg_im
pg5_2_img030,10,pg_el|pg_im
pg5_2_img031,10,pg_el|pg_im
pg5_2_img032,10,pg_el|pg_im
pg5_2_img033,10,pg_el|pg_im
pg5_2_img034,10,pg_el|pg_im
pg5_2_img035,10,pg_el|pg_im
pg5_2_img036,10,pg_el|pg_im
pg5_2_img037,10,pg_el
pg5_2_img038,10,pg_el
pg5_2_img039,10,pg_el
pg5_2_img040,10,pg_el
pg5_2_img041,10,pg_el
pg5_2_img042,10,pg_el
pg5_2_img043,10,pg_el
pg5_2_img044,10,pg_el
pg5_2_img045,10,pg_el
pg5_2_img046,10,pg_el
pg5_2_img047,10,pg_el
pg5_2_img048,10,pg_el
pg5_2_img049,10,pg_el
pg5_2_img050,10,pg_el
pg5_2_img051,10,pg_el
pg5_2_img052,10,pg_el
pg5_2_img053,10,pg_el
pg5_2_img054,10,pg_el
pg5_2_img055,10,pg_el
pg5_2_img056,10,pg_el
pg5_2_img057,10,pg_el
pg5_2_img058,10,pg_el
pg5_2_img059,10,pg_el
pg5_2_img060,10,pg_el
pg5_2_img061,10,pg_el
pg5_2_img062,10,pg_el
pg5_2_img063,10,pg_el
pg5_2_img064,10,pg_el
pg5_2_img065,10,pg_el
pg5_2_img066,10,pg_el
pg5_2_img067,10,pg_el
pg5_2_img068,10,pg_el
pg5_2_img069,10,pg_el
pg5_2_img070,10,pg_el
pg5_2_img071,10,pg_el
pg5_2_img072,10,pg_el
pg5_2_img073,10,pg_el
pg5_2_img074,10,pg_el
pg5_2_img075,10,pg_el
pg5_2_img076,10,pg_el
pg5_2_img077,10,pg_el
pg5_2_img078,10,pg_el
pg5_2_img079,10,pg_el
pg5_2_img080,10,pg_el
pg5_2_img081,10,pg_el
pg5_2_img082,10,pg_el
pg5_2_img083,10,pg_el
pg5_2_img084,10,pg_el
pg5_2_img085,10,pg_el
pg5_2_img086,10,pg_el
pg5_2_img087,10,pg_el
pg5_2_img088,10,pg_el
pg5_2_img089,10,pg_el
pg5_2_img090,10,pg_el
pg5_2_img091,10,pg_el
pg5_2_img092,10,pg_el
pg5_2_img093,10,pg_el
pg5_2_img094,10,pg_el
pg5_2_img095,10,pg_el
pg5_2_img096,10,pg_el
pg5_2_img097,10,pg_el
pg5_3_img001,10,pg_im
pg5_3_img002,10,pg_im
pg5_3_img003,10,pg_im
pg5_3_img004,10,pg_im
pg5_3_img005,10,pg_im
pg5_3_img006,10,pg_im
pg5_3_img007,10,pg_im
pg5_3_img008,10,pg_im
pg5_3_img009,10,pg_im
pg5_3_img010,10,pg_im
pg5_3_img011,10,pg_im
pg5_3_img012,10,pg_im
pg5_3_img013,10,pg_im
pg5_3_img014,10,pg_im
pg5_3_img015,10,pg_im
pg5_3_img016,10,pg_im
pg5_3_img017,10,pg_el|pg_im
pg5_3_img018,10,pg_el|pg_im
pg5_3_img019,10,pg_el|pg_im
pg5_3_img020,10,pg_el|pg_im
pg5_3_img021,10,pg_el|pg_im
pg5_3_img022,10,pg_el|pg_im
pg5_3_img023,10,pg_el|pg_im
pg5_3_img024,10,pg_el|pg_im
pg5_3_img025,10,pg_el|pg_im
pg5_3_img026,10,pg_el|pg_im
pg5_3_img027,10,pg_el|pg_im
pg5_3_img028,10,pg_el|pg_im
pg5_3_img029,10,pg_el|pg_im
pg5_3_img030,10,pg_el|pg_im
pg5_3_img031,10,pg_el|pg_im
pg5_3_img032,10,pg_el|pg_im
pg5_3_img033,10,pg_el|pg_im
pg5_3_img034,10,pg_el|pg_im
pg5_3_img035,10,pg_el|pg_im
pg5_3_img036,10,pg_el|pg_im
pg5_3_img037,10,pg_el|pg_im
pg5_3_img038,10,pg_el|pg_im
pg5_3_img039,10,pg_el|pg_im
pg5_3_img040,10,pg_el|pg_im
pg5_3_img041,10,pg_el|pg_im
pg5_3_img042,10,pg_el|pg_im
pg5_3_img043,10,pg_el|pg_im
pg5_3_img044,10,pg_el|pg_im
pg5_3_img045,10,pg_el|pg_im
pg5_3_img046,10,pg_el|pg_im
pg5_3_img047,10,pg_el|pg_im
pg5_3_img048,10,pg_el|pg_im
pg5_3_img049,10,pg_el|pg_im
pg5_3_img050,10,pg_el|pg_im
pg5_3_img051,10,pg_el|pg_im
pg5_3_img052,10,pg_el|pg_im
pg5_3_img053,10,pg_el|pg_im
pg5_3_img054,10,pg_el|pg_im
pg5_3_img055,10,pg_el|pg_im
pg5_3_img056,10,pg_el|pg_im
pg5_3_img057,10,pg_el|pg_im
pg5_3_img058,10,pg_el|pg_im
pg5_3_img059,10,pg_el|pg_im
pg5_3_img060,10,pg_el|pg_im
pg5_3_img061,10,pg_el|pg_im
pg5_3_img062,10,pg_el|pg_im
pg5_3_img063,10,pg_el|pg_im
pg5_3_img064,10,pg_el|pg_im
pg5_3_img065,10,pg_el|pg_im
pg5_3_img066,10,pg_el|pg_im
pg5_3_img067,10,pg_el|pg_im
pg5_3_img068,10,pg_el|pg_im
pg5_3_img069,10,pg_el|pg_im
pg5_3_img070,10,pg_el|pg_im
pg5_3_img071,10,pg_el|pg_im
pg5_3_img072,10,pg_el|pg_im
pg5_3_img073,10,pg_el|pg_im
pg5_3_img074,10,pg_el|pg_im
pg5_3_img075,10,pg_el|pg_im
pg5_3_img076,10,pg_el|pg_im
pg5_3_img077,10,pg_el|pg_im
pg5_3_img078,10,pg_el|pg_im
pg5_3_img079,10,pg_el|pg_im
pg5_3_img080,10,pg_el|pg_im
pg5_3_img081,10,pg_el|pg_im
pg5_3_img082,10,pg_el|pg_im
pg5_3_img083,10,pg_el|pg_im
pg5_3_img084,10,pg_el|pg_im
pg5_3_img085,10,pg_el|pg_im
pg5_3_img086,10,pg_el|pg_im
pg5_3_img087,10,pg_el|pg_im
pg5_3_img088,10,pg_el|pg_im
pg5_3_img089,10,pg_el|pg_im
pg5_3_img090,10,pg_el|pg_im
pg5_3_img091,10,pg_el|pg_im
pg5_3_img092,10,pg_el|pg_im
pg5_3_img093,10,pg_el|pg_im
pg5_3_img094,10,pg_el|pg_im
pg5_3_img095,10,pg_el|pg_im
pg5_3_img096,10,pg_el|pg_im
pg5_3_img097,10,pg_el|pg_im
pg5_5_img001,10,pg_im
pg5_5_img002,10,pg_im
pg5_5_img003,10,pg_im
pg5_5_img004,10,pg_im
pg5_5_img005,10,pg_im
pg5_5_img006,10,pg_im
pg5_5_img007,10,pg_im
pg5_5_img008,10,pg_im
pg5_5_img009,10,pg_im
pg5_5_img010,10,pg_im
pg5_5_img011,10,pg_im
pg5_5_img012,10,pg_im
pg5_5_img013,10,pg_im
pg5_5_img014,10,pg_im
pg5_5_img015,10,pg_im
pg5_5_img016,10,pg_im
pg5_5_img017,10,pg_im
pg5_5_img018,10,pg_im
pg5_5_img019,10,pg_el|pg_im
pg5_5_img020,10,pg_el|pg_im
pg5_5_img021,10,pg_el|pg_im
pg5_5_img022,10,pg_el|pg_im
pg5_5_img023,10,pg_el|pg_im
pg5_5_img024,10,pg_el|pg_im
pg5_5_img025,10,pg_el|pg_im
pg5_5_img026,10,pg_el|pg_im
pg5_5_img027,10,pg_el|pg_im
pg5_5_img028,10,pg_el|pg_im
pg5_5_img029,10,pg_el|pg_im
pg5_5_img030,10,pg_el|pg_im
pg5_5_img031,10,pg_el|pg_im
pg5_5_img032,10,pg_el|pg_im
pg5_5_img033,10,pg_el|pg_im
pg5_5_img034,10,pg_el|pg_im
pg5_5_img035,10,pg_el|pg_im
pg5_5_img036,10,pg_el|pg_im
pg5_5_img037,10,pg_el|pg_im
pg5_5_img038,10,pg_el|pg_im
pg5_5_img039,10,pg_el|pg_im
pg5_5_img040,10,pg_el|pg_im
pg5_5_img041,10,pg_el|pg_im
pg5_5_img042,10,pg_el|pg_im
pg5_5_img043,10,pg_el|pg_im
pg5_5_img044,10,pg_el|pg_im
pg5_5_img045,10,pg_el|pg_im
pg5_5_img046,10,pg_el|pg_im
pg5_5_img047,10,pg_el|pg_im
pg5_5_img048,10,pg_el|pg_im
pg5_5_img049,10,pg_el|pg_im
pg5_5_img050,10,pg_el|pg_im
pg5_5_img051,10,pg_el|pg_im
pg5_5_img052,10,pg_el|pg_im
pg5_5_img053,10,pg_el|pg_im
pg5_5_img054,10,pg_el|pg_im
pg5_5_img055,10,pg_el|pg_im
pg5_5_img056,10,pg_el|pg_im
pg5_5_img057,10,pg_el|pg_im
pg5_5_img058,10,pg_el|pg_im
pg5_5_img059,10,pg_el|pg_im
pg5_5_img060,10,pg_el|pg_im
pg5_5_img061,10,pg_el|pg_im
pg5_5_img062,10,pg_el|pg_im
pg5_5_img063,10,pg_el|pg_im
pg5_5_img064,10,pg_el|pg_im
pg5_5_img065,10,pg_el|pg_im
pg5_5_img066,10,pg_el|pg_im
pg5_5_img067,10,pg_el|pg_im
pg5_5_img068,10,pg_el|pg_im
pg5_5_img069,10,pg_el|pg_im
pg5_5_img070,10,pg_el|pg_im
pg5_5_img071,10,pg_el|pg_im
pg5_5_img072,10,pg_el|pg_im
pg5_5_img073,10,pg_el|pg_im
pg5_5_img074,10,pg_el|pg_im
pg5_5_img075,10,pg_el|pg_im
pg5_5_img076,10,pg_el|pg_im
pg5_5_img077,10,pg_el|pg_im
pg5_5_img078,10,pg_el
pg5_5_img079,10,pg_el
pg5_5_img080,10,pg_el
pg5_5_img081,10,pg_el
pg5_5_img082,10,pg_el
pg5_5_img083,10,pg_el
pg5_5_img084,10,pg_el
pg5_5_img085,10,pg_el
pg5_5_img086,10,pg_el
pg5_5_img087,10,pg_el
pg5_5_img088,10,pg_el
pg5_5_img089,10,pg_el
pg5_5_img090,10,pg_el
pg5_5_img091,10,pg_el
pg5_5_img092,10,pg_el
pg5_5_img093,10,pg_el
pg5_5_img094,10,pg_el
pg5_5_img095,10,pg_el
pg5_5_img096,10,pg_el
pg5_5_img097,10,pg_el
pg5_6_img001,10,pg_im
pg5_6_img002,10,pg_im
pg5_6_img003,10,pg_im
pg5_6_img004,10,pg_im
pg5_6_img005,10,pg_im
pg5_6_img006,10,pg_im
pg5_6_img007,10,pg_im
pg5_6_img008,10,pg_im
pg5_6_img009,10,pg_im
pg5_6_img010,10,pg_im
pg5_6_img011,10,pg_im
pg5_6_img012,10,pg_im
pg5_6_img013,10,pg_im
pg5_6_img014,10,pg_im
pg5_6_img015,10,pg_im
pg5_6_img016,10,pg_im
pg5_6_img017,10,pg_im
pg5_6_img018,10,pg_im
pg5_6_img019,10,pg_el|pg_im
pg5_6_img020,10,pg_el|pg_im
pg5_6_img021,10,pg_el|pg_im
pg5_6_img022,10,pg_el|pg_im
pg5_6_img023,10,pg_el|pg_im
pg5_6_img024,10,pg_el|pg_im
pg5_6_img025,10,pg_el|pg_im
pg5_6_img026,10,pg_el|pg_im
pg5_6_img027,10,pg_el|pg_im
pg5_6_img028,10,pg_el|pg_im
pg5_6_img029,10,pg_el|pg_im
pg5_6_img030,10,pg_el|pg_im
pg5_6_img031,10,pg_el|pg_im
pg5_6_img032,10,pg_el|pg_im
pg5_6_img033,10,pg_el|pg_im
pg5_6_img034,10,pg_el|pg_im
pg5_6_img035,10,pg_el|pg_im
pg5_6_img036,10,pg_el|pg_im
pg5_6_img037,10,pg_el|pg_im
pg5_6_img038,10,pg_el|pg_im
pg5_6_img039,10,pg_el|pg_im
pg5_6_img040,10,pg_el|pg_im
pg5_6_img041,10,pg_el|pg_im
pg5_6_img042,10,pg_el|pg_im
pg5_6_img043,10,pg_el|pg_im
pg5_6_img044,10,pg_el|pg_im
pg5_6_img045,10,pg_el|pg_im
pg5_6_img046,10,pg_el|pg_im
pg5_6_img047,10,pg_el|pg_im
pg5_6_img048,10,pg_el|pg_im
pg5_6_img049,10,pg_el|pg_im
pg5_6_img050,10,pg_el|pg_im
pg5_6_img051,10,pg_el|pg_im
pg5_6_img052,10,pg_el|pg_im
pg5_6_img053,10,pg_el|pg_im
pg5_6_img054,10,pg_el|pg_im
pg5_6_img055,10,pg_el|pg_im
pg5_6_img056,10,pg_el|pg_im
pg5_6_img057,10,pg_el|pg_im
pg5_6_img058,10,pg_el|pg_im
pg5_6_img059,10,pg_el|pg_im
pg5_6_img060,10,pg_el|pg_im
pg5_6_img061,10,pg_el|pg_im
pg5_6_img062,10,pg_el|pg_im
pg5_6_img063,10,pg_el|pg_im
pg5_6_img064,10,pg_el|pg_im
pg5_6_img065,10,pg_el|pg_im
pg5_6_img066,10,pg_el|pg_im
pg5_6_img067,10,pg_el|pg_im
pg5_6_img068,10,pg_el|pg_im
pg5_6_img069,10,pg_el|pg_im
pg5_6_img070,10,pg_el|pg_im
pg5_6_img071,10,pg_el|pg_im
pg5_6_img072,10,pg_el|pg_im
pg5_6_img073,10,pg_el|pg_im
pg5_6_img074,10,pg_el|pg_im
pg5_6_img075,10,pg_el|pg_im
pg5_6_img076,10,pg_el|pg_im
pg5_6_img077,10,pg_el|pg_im
pg5_6_img078,10,pg_el|pg_im
pg5_6_img079,10,pg_el|pg_im
pg5_6_img080,10,pg_el|pg_im
pg5_6_img081,10,pg_el|pg_im
pg5_6_img082,10,pg_el|pg_im
pg5_6_img083,10,pg_el|pg_im
pg5_6_img084,10,pg_el|pg_im
pg5_6_img085,10,pg_el|pg_im
pg5_6_img086,10,pg_el|pg_im
pg5_6_img087,10,pg_el|pg_im
pg5_6_img088,10,pg_el|pg_im
pg5_6_img089,10,pg_el|pg_im
pg5_6_img090,10,pg_el|pg_im
pg5_6_img091,10,pg_el|pg_im
pg5_6_img092,10,pg_el|pg_im
pg5_6_img093,10,pg_el|pg_im
pg5_6_img094,10,pg_el|pg_im
pg5_6_img095,10,pg_el|pg_im
pg5_6_img096,10,pg_el|pg_im
pg5_6_img097,10,pg_el|pg_im
pg5_7_img001,10,pg_im
pg5_7_img002,10,pg_im
pg5_7_img003,10,pg_im
pg5_7_img004,10,pg_im
pg5_7_img005,10,pg_im
pg5_7_img006,10,pg_im
pg5_7_img007,10,pg_im
pg5_7_img008,10,pg_im
pg5_7_img009,10,pg_im
pg5_7_img010,10,pg_im
pg5_7_img011,10,pg_im
pg5_7_img012,10,pg_im
pg5_7_img013,10,pg_im
pg5_7_img014,10,pg_im
pg5_7_img015,10,pg_im
pg5_7_img016,10,pg_im
pg5_7_img017,10,pg_im
pg5_7_img018,10,pg_im
pg5_7_img019,10,pg_im
pg5_7_img020,10,pg_im
pg5_7_img021,10,pg_im
pg5_7_img022,10,pg_im
pg5_7_img023,10,pg_im
pg5_7_img024,10,pg_im
pg5_7_img025,10,pg_im
pg5_7_img026,10,pg_im
pg5_7_img027,10,pg_el|pg_im
pg5_7_img028,10,pg_el|pg_im
pg5_7_img029,10,pg_el|pg_im
pg5_7_img030,10,pg_el|pg_im
pg5_7_img031,10,pg_el|pg_im
pg5_7_img032,10,pg_el|pg_im
pg5_7_img033,10,pg_el|pg_im
pg5_7_img034,10,pg_el|pg_im
pg5_7_img035,10,pg_el|pg_im
pg5_7_img036,10,pg_el|pg_im
pg5_7_img037,10,pg_el|pg_im
pg5_7_img038,10,pg_el|pg_im
pg5_7_img039,10,pg_el|pg_im
pg5_7_img040,10,pg_el|pg_im
pg5_7_img041,10,pg_el|pg_im
pg5_7_img042,10,pg_el|pg_im
pg5_7_img043,10,pg_el|pg_im
pg5_7_img044,10,pg_el|pg_im
pg5_7_img045,10,pg_el|pg_im
pg5_7_img046,10,pg_el|pg_im
pg5_7_img047,10,pg_el|pg_im
pg5_7_img048,10,pg_el|pg_im
pg5_7_img049,10,pg_el|pg_im
pg5_7_img050,10,pg_el|pg_im
pg5_7_img051,10,pg_el|pg_im
pg5_7_img052,10,pg_el|pg_im
pg5_7_img053,10,pg_el|pg_im
pg5_7_img054,10,pg_el|pg_im
pg5_7_img055,10,pg_el|pg_im
pg5_7_img056,10,pg_el|pg_im
pg5_7_img057,10,pg_el|pg_im
pg5_7_img058,10,pg_el|pg_im
pg5_7_img059,10,pg_el|pg_im
pg5_7_img060,10,pg_el|pg_im
pg5_7_img061,10,pg_el|pg_im
pg5_7_img062,10,pg_el|pg_im
pg5_7_img063,10,pg_el|pg_im
pg5_7_img064,10,pg_el|pg_im
pg5_7_img065,10,pg_el|pg_im
pg5_7_img066,10,pg_el|pg_im
pg5_7_img067,10,pg_el|pg_im
pg5_7_img068,10,pg_el|pg_im
pg5_7_img069,10,pg_el|pg_im
pg5_7_img070,10,pg_el|pg_im
pg5_7_img071,10,pg_el|pg_im
pg5_7_img072,10,pg_el|pg_im
pg5_7_img073,10,pg_el|pg_im
pg5_7_img074,10,pg_el|pg_im
pg5_7_img075,10,pg_el|pg_im
pg5_7_img076,10,pg_el|pg_im
pg5_7_img077,10,pg_el|pg_im
pg5_7_img078,10,pg_el|pg_im
pg5_7_img079,10,pg_el|pg_im
pg5_7_img080,10,pg_el|pg_im
pg5_7_img081,10,pg_el|pg_im
pg5_7_img082,10,pg_el|pg_im
pg5_7_img083,10,pg_el|pg_im
pg5_7_img084,10,pg_el|pg_im
pg5_7_img085,10,pg_el|pg_im
pg5_7_img086,10,pg_el|pg_im
pg5_7_img087,10,pg_el|pg_im
pg5_7_img088,10,pg_el|pg_im
pg5_7_img089,10,pg_el|pg_im
pg5_7_img090,10,pg_el|pg_im
pg5_7_img091,10,pg_el|pg_im
pg5_7_img092,10,pg_el|pg_im
pg5_7_img093,10,pg_el|pg_im
pg5_7_img094,10,pg_el|pg_im
pg5_7_img095,10,pg_el|pg_im
pg5_7_img096,10,pg_el|pg_im
pg5_7_img097,10,pg_el|pg_im
pg5_8_img001,10,pg_im
pg5_8_img002,10,pg_im
pg5_8_img003,10,pg_im
pg5_8_img004,10,pg_im
pg5_8_img005,10,pg_im
pg5_8_img006,10,pg_im
pg5_8_img007,10,pg_im
pg5_8_img008,10,pg_im
pg5_8_img009,10,pg_im
pg5_8_img010,10,pg_im
pg5_8_img011,10,pg_im
pg5_8_img012,10,pg_im
pg5_8_img013,10,pg_im
pg5_8_img014,10,pg_im
pg5_8_img015,10,pg_im
pg5_8_img016,10,pg_im
pg5_8_img017,10,pg_im
pg5_8_img018,10,pg_im
pg5_8_img019,10,pg_el|pg_im
pg5_8_img020,10,pg_el|pg_im
pg5_8_img021,10,pg_el|pg_im
pg5_8_img022,10,pg_el|pg_im
pg5_8_img023,10,pg_el|pg_im
pg5_8_img024,10,pg_el|pg_im
pg5_8_img025,10,pg_el|pg_im
pg5_8_img026,10,pg_el|pg_im
pg5_8_img027,10,pg_el|pg_im
pg5_8_img028,10,pg_el|pg_im
pg5_8_img029,10,pg_el|pg_im
pg5_8_img030,10,pg_el|pg_im
pg5_8_img031,10,pg_el|pg_im
pg5_8_img032,10,pg_el|pg_im
pg5_8_img033,10,pg_el|pg_im
pg5_8_img034,10,pg_el|pg_im
pg5_8_img035,10,pg_el|pg_im
pg5_8_img036,10,pg_el|pg_im
pg5_8_img037,10,pg_el|pg_im
pg5_8_img038,10,pg_el|pg_im
pg5_8_img039,10,pg_el|pg_im
pg5_8_img040,10,pg_el|pg_im
pg5_8_img041,10,pg_el|pg_im
pg5_8_img042,10,pg_el|pg_im
pg5_8_img043,10,pg_el|pg_im
pg5_8_img044,10,pg_el|pg_im
pg5_8_img045,10,pg_el|pg_im
pg5_8_img046,10,pg_el|pg_im
pg5_8_img047,10,pg_el|pg_im
pg5_8_img048,10,pg_el|pg_im
pg5_8_img049,10,pg_el|pg_im
pg5_8_img050,10,pg_el|pg_im
pg5_8_img051,10,pg_el|pg_im
pg5_8_img052,10,pg_el|pg_im
pg5_8_img053,10,pg_el|pg_im
pg5_8_img054,10,pg_el|pg_im
pg5_8_img055,10,pg_el|pg_im
pg5_8_img056,10,pg_el|pg_im
pg5_8_img057,10,pg_el|pg_im
pg5_8_img058,10,pg_el|pg_im
pg5_8_img059,10,pg_el|pg_im
pg5_8_img060,10,pg_el|pg_im
pg5_8_img061,10,pg_el|pg_im
pg5_8_img062,10,pg_el|pg_im
pg5_8_img063,10,pg_el
pg5_8_img064,10,pg_el
pg5_8_img065,10,pg_el
pg5_8_img066,10,pg_el
pg5_8_img067,10,pg_el
pg5_8_img068,10,pg_el
pg5_8_img069,10,pg_el
pg5_8_img070,10,pg_el
pg5_8_img071,10,pg_el
pg5_8_img072,10,pg_el
pg5_8_img073,10,pg_el
pg5_8_img074,10,pg_el
pg5_8_img075,10,pg_el
pg5_8_img076,10,pg_el
pg5_8_img077,10,pg_el
pg5_8_img078,10,pg_el
pg5_8_img079,10,pg_el
pg5_8_img080,10,pg_el
pg5_8_img081,10,pg_el
pg5_8_img082,10,pg_el
pg5_8_img083,10,pg_el
pg5_8_img084,10,pg_el
pg5_8_img085,10,pg_el
pg5_8_img086,10,pg_el
pg5_8_img087,10,pg_el
pg5_8_img088,10,pg_el
pg5_8_img089,10,pg_el
pg5_8_img090,10,pg_el
pg5_8_img091,10,pg_el
pg5_8_img092,10,pg_el
pg5_8_img093,10,pg_el
pg5_8_img094,10,pg_el
pg5_8_img095,10,pg_el
pg5_8_img096,10,pg_el
pg5_8_img097,10,pg_el
pg6_10_img001,10,pg_im
pg6_10_img002,10,pg_im
pg6_10_img003,10,pg_im
pg6_10_img004,10,pg_im
pg6_10_img005,10,pg_im
pg6_10_img006,10,pg_im
pg6_10_img007,10,pg_im
pg6_10_img008,10,pg_im
pg6_10_img009,10,pg_im
pg6_10_img010,10,pg_im
pg6_10_img011,10,pg_im
pg6_10_img012,10,pg_im
pg6_10_img013,10,pg_im
pg6_10_img014,10,pg_im
pg6_10_img015,10,pg_el|pg_im
pg6_10_img016,10,pg_el|pg_im
pg6_10_img017,10,pg_el|pg_im
pg6_10_img018,10,pg_el|pg_im
pg6_10_img019,10,pg_el|pg_im
pg6_10_img020,10,pg_el|pg_im
pg6_10_img021,10,pg_el|pg_im
pg6_10_img022,10,pg_el|pg_im
pg6_10_img023,10,pg_el|pg_im
pg6_10_img024,10,pg_el|pg_im
pg6_10_img025,10,pg_el|pg_im
pg6_10_img026,10,pg_el|pg_im
pg6_10_img027,10,pg_el|pg_im
pg6_10_img028,10,pg_el|pg_im
pg6_10_img029,10,pg_el|pg_im
pg6_10_img030,10,pg_el|pg_im
pg6_10_img031,10,pg_el|pg_im
pg6_10_img032,10,pg_el|pg_im
pg6_10_img033,10,pg_el|pg_im
pg6_10_img034,10,pg_el|pg_im
pg6_10_img035,10,pg_el|pg_im
pg6_10_img036,10,pg_el
pg6_10_img037,10,pg_el
pg6_10_img038,10,pg_el
pg6_10_img039,10,pg_el
pg6_10_img040,10,pg_el
pg6_10_img041,10,pg_el
pg6_10_img042,10,pg_el
pg6_10_img043,10,pg_el
pg6_10_img044,10,pg_el
pg6_10_img045,10,pg_el
pg6_10_img046,10,pg_el
pg6_10_img047,10,pg_el
pg6_10_img048,10,pg_el
pg6_10_img049,10,pg_el
pg6_10_img050,10,pg_el
pg6_10_img051,10,pg_el
pg6_10_img052,10,pg_el
pg6_10_img053,10,pg_el
pg6_10_img054,10,pg_el
pg6_10_img055,10,pg_el
pg6_10_img056,10,pg_el
pg6_10_img057,10,pg_el
pg6_10_img058,10,pg_el
pg6_10_img059,10,pg_el
pg6_10_img060,10,pg_el
pg6_10_img061,10,pg_el
pg6_10_img062,10,pg_el
pg6_10_img063,10,pg_el
pg6_10_img064,10,pg_el
pg6_10_img065,10,pg_el
pg6_10_img066,10,pg_el
pg6_10_img067,10,pg_el
pg6_10_img068,10,pg_el
pg6_10_img069,10,pg_el
pg6_10_img070,10,pg_el
pg6_10_img071,10,pg_el
pg6_10_img072,10,pg_el
pg6_10_img073,10,pg_el
pg6_10_img074,10,pg_el
pg6_10_img075,10,pg_el
pg6_10_img076,10,pg_el
pg6_10_img077,10,pg_el
pg6_10_img078,10,pg_el
pg6_10_img079,10,pg_el
pg6_10_img080,10,pg_el
pg6_10_img081,10,pg_el
pg6_10_img082,10,pg_el
pg6_10_img083,10,pg_el
pg6_10_img084,10,pg_el
pg6_10_img085,10,pg_el
pg6_10_img086,10,pg_el
pg6_10_img087,10,pg_el
pg6_10_img088,10,pg_el
pg6_10_img089,10,pg_el
pg6_10_img090,10,pg_el
pg6_10_img091,10,pg_el
pg6_10_img092,10,pg_el
pg6_10_img093,10,pg_el
pg6_10_img094,10,pg_el
pg6_10_img095,10,pg_el
pg6_10_img096,10,pg_el
pg6_10_img097,10,pg_el
pg6_11_img001,10,pg_im
pg6_11_img002,10,pg_im
pg6_11_img003,10,pg_im
pg6_11_img004,10,pg_im
pg6_11_img005,10,pg_im
pg6_11_img006,10,pg_im
pg6_11_img007,10,pg_im
pg6_11_img008,10,pg_im
pg6_11_img009,10,pg_im
pg6_11_img010,10,pg_im
pg6_11_img011,10,pg_im
pg6_11_img012,10,pg_im
pg6_11_img013,10,pg_im
pg6_11_img014,10,pg_im
pg6_11_img015,10,pg_im
pg6_11_img016,10,pg_im
pg6_11_img017,10,pg_im
pg6_11_img018,10,pg_el|pg_im
pg6_11_img019,10,pg_el|pg_im
pg6_11_img020,10,pg_el|pg_im
pg6_11_img021,10,pg_el|pg_im
pg6_11_img022,10,pg_el|pg_im
pg6_11_img023,10,pg_el|pg_im
pg6_11_img024,10,pg_el|pg_im
pg6_11_img025,10,pg_el|pg_im
pg6_11_img026,10,pg_el|pg_im
pg6_11_img027,10,pg_el|pg_im
pg6_11_img028,10,pg_el|pg_im
pg6_11_img029,10,pg_el|pg_im
pg6_11_img030,10,pg_el|pg_im
pg6_11_img031,10,pg_el|pg_im
pg6_11_img032,10,pg_el|pg_im
pg6_11_img033,10,pg_el|pg_im
pg6_11_img034,10,pg_el|pg_im
pg6_11_img035,10,pg_el|pg_im
pg6_11_img036,10,pg_el|pg_im
pg6_11_img037,10,pg_el|pg_im
pg6_11_img038,10,pg_el|pg_im
pg6_11_img039,10,pg_el|pg_im
pg6_11_img040,10,pg_el|pg_im
pg6_11_img041,10,pg_el|pg_im
pg6_11_img042,10,pg_el|pg_im
pg6_11_img043,10,pg_el|pg_im
pg6_11_img044,10,pg_el|pg_im
pg6_11_img045,10,pg_el|pg_im
pg6_11_img046,10,pg_el|pg_im
pg6_11_img047,10,pg_el|pg_im
pg6_11_img048,10,pg_el|pg_im
pg6_11_img049,10,pg_el|pg_im
pg6_11_img050,10,pg_el|pg_im
pg6_11_img051,10,pg_el|pg_im
pg6_11_img052,10,pg_el|pg_im
pg6_11_img053,10,pg_el|pg_im
pg6_11_img054,10,pg_el|pg_im
pg6_11_img055,10,pg_el|pg_im
pg6_11_img056,10,pg_el|pg_im
pg6_11_img057,10,pg_el|pg_im
pg6_11_img058,10,pg_el|pg_im
pg6_11_img059,10,pg_el|pg_im
pg6_11_img060,10,pg_el|pg_im
pg6_11_img061,10,pg_el
pg6_11_img062,10,pg_el
pg6_11_img063,10,pg_el
pg6_11_img064,10,pg_el
pg6_11_img065,10,pg_el
pg6_11_img066,10,pg_el
pg6_11_img067,10,pg_el
pg6_11_img068,10,pg_el
pg6_11_img069,10,pg_el
pg6_11_img070,10,pg_el
pg6_11_img071,10,pg_el
pg6_11_img072,10,pg_el
pg6_11_img073,10,pg_el
pg6_11_img074,10,pg_el
pg6_11_img075,10,pg_el
pg6_11_img076,10,pg_el
pg6_11_img077,10,pg_el
pg6_11_img078,10,pg_el
pg6_11_img079,10,pg_el
pg6_11_img080,10,pg_el
pg6_11_img081,10,pg_el
pg6_11_img082,10,pg_el
pg6_11_img083,10,pg_el
pg6_11_img084,10,pg_el
pg6_11_img085,10,pg_el
pg6_11_img086,10,pg_el
pg6_11_img087,10,pg_el
pg6_11_img088,10,pg_el
pg6_11_img089,10,pg_el
pg6_11_img090,10,pg_el
pg6_11_img091,10,pg_el
pg6_11_img092,10,pg_el
pg6_11_img093,10,pg_el
pg6_11_img094,10,pg_el
pg6_11_img095,10,pg_el
pg6_11_img096,10,pg_el
pg6_11_img097,10,pg_el
pg6_12_img001,10,pg_im
pg6_12_img002,10,pg_im
pg6_12_img003,10,pg_im
pg6_12_img004,10,pg_im
pg6_12_img005,10,pg_im
pg6_12_img006,10,pg_im
pg6_12_img007,10,pg_im
pg6_12_img008,10,pg_im
pg6_12_img009,10,pg_im
pg6_12_img010,10,pg_im
pg6_12_img011,10,pg_im
pg6_12_img012,10,pg_im
pg6_12_img013,10,pg_im
pg6_12_img014,10,pg_el|pg_im
pg6_12_img015,10,pg_el|pg_im
pg6_12_img016,10,pg_el|pg_im
pg6_12_img017,10,pg_el|pg_im
pg6_12_img018,10,pg_el|pg_im
pg6_12_img019,10,pg_el|pg_im
pg6_12_img020,10,pg_el|pg_im
pg6_12_img021,10,pg_el|pg_im
pg6_12_img022,10,pg_el|pg_im
pg6_12_img023,10,pg_el|pg_im
pg6_12_img024,10,pg_el|pg_im
pg6_12_img025,10,pg_el|pg_im
pg6_12_img026,10,pg_el|pg_im
pg6_12_img027,10,pg_el|pg_im
pg6_12_img028,10,pg_el|pg_im
pg6_12_img029,10,pg_el|pg_im
pg6_12_img030,10,pg_el|pg_im
pg6_12_img031,10,pg_el|pg_im
pg6_12_img032,10,pg_el|pg_im
pg6_12_img033,10,pg_el|pg_im
pg6_12_img034,10,pg_el|pg_im
pg6_12_img035,10,pg_el|pg_im
pg6_12_img036,10,pg_el|pg_im
pg6_12_img037,10,pg_el|pg_im
pg6_12_img038,10,pg_el|pg_im
pg6_12_img039,10,pg_el|pg_im
pg6_12_img040,10,pg_el|pg_im
pg6_12_img041,10,pg_el|pg_im
pg6_12_img042,10,pg_el|pg_im
pg6_12_img043,10,pg_el|pg_im
pg6_12_img044,10,pg_el|pg_im
pg6_12_img045,10,pg_el|pg_im
pg6_12_img046,10,pg_el|pg_im
pg6_12_img047,10,pg_el|pg_im
pg6_12_img048,10,pg_el|pg_im
pg6_12_img049,10,pg_el|pg_im
pg6_12_img050,10,pg_el|pg_im
pg6_12_img051,10,pg_el|pg_im
pg6_12_img052,10,pg_el|pg_im
pg6_12_img053,10,pg_el|pg_im
pg6_12_img054,10,pg_el|pg_im
pg6_12_img055,10,pg_el|pg_im
pg6_12_img056,10,pg_el|pg_im
pg6_12_img057,10,pg_el|pg_im
pg6_12_img058,10,pg_el|pg_im
pg6_12_img059,10,pg_el|pg_im
pg6_12_img060,10,pg_el|pg_im
pg6_12_img061,10,pg_el|pg_im
pg6_12_img062,10,pg_el|pg_im
pg6_12_img063,10,pg_el|pg_im
pg6_12_img064,10,pg_el|pg_im
pg6_12_img065,10,pg_el|pg_im
pg6_12_img066,10,pg_el|pg_im
pg6_12_img067,10,pg_el|pg_im
pg6_12_img068,10,pg_el|pg_im
pg6_12_img069,10,pg_el|pg_im
pg6_12_img070,10,pg_el|pg_im
pg6_12_img071,10,pg_el|pg_im
pg6_12_img072,10,pg_el|pg_im
pg6_12_img073,10,pg_el|pg_im
pg6_12_img074,10,pg_el|pg_im
pg6_12_img075,10,pg_el|pg_im
pg6_12_img076,10,pg_el|pg_im
pg6_12_img077,10,pg_el|pg_im
pg6_12_img078,10,pg_el|pg_im
pg6_12_img079,10,pg_el|pg_im
pg6_12_img080,10,pg_el|pg_im
pg6_12_img081,10,pg_el|pg_im
pg6_12_img082,10,pg_el|pg_im
pg6_12_img083,10,pg_el|pg_im
pg6_12_img084,10,pg_el|pg_im
pg6_12_img085,10,pg_el|pg_im
pg6_12_img086,10,pg_el|pg_im
pg6_12_img087,10,pg_el|pg_im
pg6_12_img088,10,pg_el|pg_im
pg6_12_img089,10,pg_el|pg_im
pg6_12_img090,10,pg_el|pg_im
pg6_12_img091,10,pg_el|pg_im
pg6_12_img092,10,pg_el|pg_im
pg6_12_img093,10,pg_el|pg_im
pg6_12_img094,10,pg_el|pg_im
pg6_12_img095,10,pg_el|pg_im
pg6_12_img096,10,pg_el|pg_im
pg6_12_img097,10,pg_el|pg_im
pg6_1_img001,10,pg_im
pg6_1_img002,10,pg_im
pg6_1_img003,10,pg_im
pg6_1_img004,10,pg_im
pg6_1_img005,10,pg_im
pg6_1_img006,10,pg_im
pg6_1_img007,10,pg_im
pg6_1_img008,10,pg_el|pg_im
pg6_1_img009,10,pg_el|pg_im
pg6_1_img010,10,pg_el|pg_im
pg6_1_img011,10,pg_el|pg_im
pg6_1_img012,10,pg_el|pg_im
pg6_1_img013,10,pg_el|pg_im
pg6_1_img014,10,pg_el|pg_im
pg6_1_img015,10,pg_el|pg_im
pg6_1_img016,10,pg_el|pg_im
pg6_1_img017,10,pg_el|pg_im
pg6_1_img018,10,pg_el|pg_im
pg6_1_img019,10,pg_el|pg_im
pg6_1_img020,10,pg_el|pg_im
pg6_1_img021,10,pg_el|pg_im
pg6_1_img022,10,pg_el|pg_im
pg6_1_img023,10,pg_el|pg_im
pg6_1_img024,10,pg_el|pg_im
pg6_1_img025,10,pg_el|pg_im
pg6_1_img026,10,pg_el|pg_im
pg6_1_img027,10,pg_el|pg_im
pg6_1_img028,10,pg_el|pg_im
pg6_1_img029,10,pg_el|pg_im
pg6_1_img030,10,pg_el|pg_im
pg6_1_img031,10,pg_el|pg_im
pg6_1_img032,10,pg_el|pg_im
pg6_1_img033,10,pg_el|pg_im
pg6_1_img034,10,pg_el|pg_im
pg6_1_img035,10,pg_el|pg_im
pg6_1_img036,10,pg_el|pg_im
pg6_1_img037,10,pg_el|pg_im
pg6_1_img038,10,pg_el|pg_im
pg6_1_img039,10,pg_el|pg_im
pg6_1_img040,10,pg_el|pg_im
pg6_1_img041,10,pg_el|pg_im
pg6_1_img042,10,pg_el|pg_im
pg6_1_img043,10,pg_el|pg_im
pg6_1_img044,10,pg_el|pg_im
pg6_1_img045,10,pg_el|pg_im
pg6_1_img046,10,pg_el|pg_im
pg6_1_img047,10,pg_el|pg_im
pg6_1_img048,10,pg_el|pg_im
pg6_1_img049,10,pg_el|pg_im
pg6_1_img050,10,pg_el|pg_im
pg6_1_img051,10,pg_el|pg_im
pg6_1_img052,10,pg_el|pg_im
pg6_1_img053,10,pg_el|pg_im
pg6_1_img054,10,pg_el|pg_im
pg6_1_img055,10,pg_el|pg_im
pg6_1_img056,10,pg_el|pg_im
pg6_1_img057,10,pg_el|pg_im
pg6_1_img058,10,pg_el|pg_im
pg6_1_img059,10,pg_el|pg_im
pg6_1_img060,10,pg_el|pg_im
pg6_1_img061,10,pg_el|pg_im
pg6_1_img062,10,pg_el|pg_im
pg6_1_img063,10,pg_el|pg_im
pg6_1_img064,10,pg_el|pg_im
pg6_1_img065,10,pg_el|pg_im
pg6_1_img066,10,pg_el|pg_im
pg6_1_img067,10,pg_el|pg_im
pg6_1_img068,10,pg_el|pg_im
pg6_1_img069,10,pg_el|pg_im
pg6_1_img070,10,pg_el|pg_im
pg6_1_img071,10,pg_el|pg_im
pg6_1_img072,10,pg_el|pg_im
pg6_1_img073,10,pg_el|pg_im
pg6_1_img074,10,pg_el|pg_im
pg6_1_img075,10,pg_el|pg_im
pg6_1_img076,10,pg_el|pg_im
pg6_1_img077,10,pg_el|pg_im
pg6_1_img078,10,pg_el
pg6_1_img079,10,pg_el
pg6_1_img080,10,pg_el
pg6_1_img081,10,pg_el
pg6_1_img082,10,pg_el
pg6_1_img083,10,pg_el
pg6_1_img084,10,pg_el
pg6_1_img085,10,pg_el
pg6_1_img086,10,pg_el
pg6_1_img087,10,pg_el
pg6_1_img088,10,pg_el
pg6_1_img089,10,pg_el
pg6_1_img090,10,pg_el
pg6_1_img091,10,pg_el
pg6_1_img092,10,pg_el
pg6_1_img093,10,pg_el
pg6_1_img094,10,pg_el
pg6_1_img095,10,pg_el
pg6_1_img096,10,pg_el
pg6_1_img097,10,pg_el
pg6_2_img001,10,pg_im
pg6_2_img002,10,pg_im
pg6_2_img003,10,pg_im
pg6_2_img004,10,pg_im
pg6_2_img005,10,pg_im
pg6_2_img006,10,pg_im
pg6_2_img007,10,pg_im
pg6_2_img008,10,pg_im
pg6_2_img009,10,pg_im
pg6_2_img010,10,pg_im
pg6_2_img011,10,pg_im
pg6_2_img012,10,pg_im
pg6_2_img013,10,pg_im
pg6_2_img014,10,pg_im
pg6_2_img015,10,pg_im
pg6_2_img016,10,pg_im
pg6_2_img017,10,pg_im
pg6_2_img018,10,pg_im
pg6_2_img019,10,pg_el|pg_im
pg6_2_img020,10,pg_el|pg_im
pg6_2_img021,10,pg_el|pg_im
pg6_2_img022,10,pg_el|pg_im
pg6_2_img023,10,pg_el|pg_im
pg6_2_img024,10,pg_el|pg_im
pg6_2_img025,10,pg_el|pg_im
pg6_2_img026,10,pg_el|pg_im
pg6_2_img027,10,pg_el|pg_im
pg6_2_img028,10,pg_el|pg_im
pg6_2_img029,10,pg_el|pg_im
pg6_2_img030,10,pg_el|pg_im
pg6_2_img031,10,pg_el|pg_im
pg6_2_img032,10,pg_el|pg_im
pg6_2_img033,10,pg_el|pg_im
pg6_2_img034,10,pg_el|pg_im
pg6_2_img035,10,pg_el|pg_im
pg6_2_img036,10,pg_el|pg_im
pg6_2_img037,10,pg_el|pg_im
pg6_2_img038,10,pg_el|pg_im
pg6_2_img039,10,pg_el|pg_im
pg6_2_img040,10,pg_el|pg_im
pg6_2_img041,10,pg_el|pg_im
pg6_2_img042,10,pg_el|pg_im
pg6_2_img043,10,pg_el|pg_im
pg6_2_img044,10,pg_el|pg_im
pg6_2_img045,10,pg_el|pg_im
pg6_2_img046,10,pg_el|pg_im
pg6_2_img047,10,pg_el|pg_im
pg6_2_img048,10,pg_el|pg_im
pg6_2_img049,10,pg_el|pg_im
pg6_2_img050,10,pg_el|pg_im
pg6_2_img051,10,pg_el|pg_im
pg6_2_img052,10,pg_el|pg_im
pg6_2_img053,10,pg_el|pg_im
pg6_2_img054,10,pg_el|pg_im
pg6_2_img055,10,pg_el|pg_im
pg6_2_img056,10,pg_el|pg_im
pg6_2_img057,10,pg_el|pg_im
pg6_2_img058,10,pg_el|pg_im
pg6_2_img059,10,pg_el|pg_im
pg6_2_img060,10,pg_el|pg_im
pg6_2_img061,10,pg_el|pg_im
pg6_2_img062,10,pg_el|pg_im
pg6_2_img063,10,pg_el|pg_im
pg6_2_img064,10,pg_el|pg_im
pg6_2_img065,10,pg_el|pg_im
pg6_2_img066,10,pg_el|pg_im
pg6_2_img067,10,pg_el|pg_im
pg6_2_img068,10,pg_el|pg_im
pg6_2_img069,10,pg_el|pg_im
pg6_2_img070,10,pg_el|pg_im
pg6_2_img071,10,pg_el|pg_im
pg6_2_img072,10,pg_el|pg_im
pg6_2_img073,10,pg_el|pg_im
pg6_2_img074,10,pg_el|pg_im
pg6_2_img075,10,pg_el|pg_im
pg6_2_img076,10,pg_el|pg_im
pg6_2_img077,10,pg_el|pg_im
pg6_2_img078,10,pg_el|pg_im
pg6_2_img079,10,pg_el|pg_im
pg6_2_img080,10,pg_el|pg_im
pg6_2_img081,10,pg_el|pg_im
pg6_2_img082,10,pg_el|pg_im
pg6_2_img083,10,pg_el|pg_im
pg6_2_img084,10,pg_el|pg_im
pg6_2_img085,10,pg_el|pg_im
pg6_2_img086,10,pg_el|pg_im
pg6_2_img087,10,pg_el|pg_im
pg6_2_img088,10,pg_el|pg_im
pg6_2_img089,10,pg_el|pg_im
pg6_2_img090,10,pg_el|pg_im
pg6_2_img091,10,pg_el|pg_im
pg6_2_img092,10,pg_el|pg_im
pg6_2_img093,10,pg_el|pg_im
pg6_2_img094,10,pg_el|pg_im
pg6_2_img095,10,pg_el|pg_im
pg6_2_img096,10,pg_el|pg_im
pg6_2_img097,10,pg_el|pg_im
pg6_3_img001,10,pg_im
pg6_3_img002,10,pg_im
pg6_3_img003,10,pg_im
pg6_3_img004,10,pg_im
pg6_3_img005,10,pg_im
pg6_3_img006,10,pg_im
pg6_3_img007,10,pg_im
pg6_3_img008,10,pg_im
pg6_3_img009,10,pg_im
pg6_3_img010,10,pg_im
pg6_3_img011,10,pg_im
pg6_3_img012,10,pg_im
pg6_3_img013,10,pg_im
pg6_3_img014,10,pg_im
pg6_3_img015,10,pg_im
pg6_3_img016,10,pg_el|pg_im
pg6_3_img017,10,pg_el|pg_im
pg6_3_img018,10,pg_el|pg_im
pg6_3_img019,10,pg_el|pg_im
pg6_3_img020,10,pg_el|pg_im
pg6_3_img021,10,pg_el|pg_im
pg6_3_img022,10,pg_el|pg_im
pg6_3_img023,10,pg_el|pg_im
pg6_3_img024,10,pg_el|pg_im
pg6_3_img025,10,pg_el|pg_im
pg6_3_img026,10,pg_el|pg_im
pg6_3_img027,10,pg_el|pg_im
pg6_3_img028,10,pg_el|pg_im
pg6_3_img029,10,pg_el|pg_im
pg6_3_img030,10,pg_el|pg_im
pg6_3_img031,10,pg_el|pg_im
pg6_3_img032,10,pg_el|pg_im
pg6_3_img033,10,pg_el|pg_im
pg6_3_img034,10,pg_el|pg_im
pg6_3_img035,10,pg_el|pg_im
pg6_3_img036,10,pg_el|pg_im
pg6_3_img037,10,pg_el|pg_im
pg6_3_img038,10,pg_el|pg_im
pg6_3_img039,10,pg_el|pg_im
pg6_3_img040,10,pg_el|pg_im
pg6_3_img041,10,pg_el|pg_im
pg6_3_img042,10,pg_el|pg_im
pg6_3_img043,10,pg_el|pg_im
pg6_3_img044,10,pg_el|pg_im
pg6_3_img045,10,pg_el|pg_im
pg6_3_img046,10,pg_el|pg_im
pg6_3_img047,10,pg_el|pg_im
pg6_3_img048,10,pg_el|pg_im
pg6_3_img049,10,pg_el|pg_im
pg6_3_img050,10,pg_el|pg_im
pg6_3_img051,10,pg_el|pg_im
pg6_3_img052,10,pg_el|pg_im
pg6_3_img053,10,pg_el|pg_im
pg6_3_img054,10,pg_el|pg_im
pg6_3_img055,10,pg_el|pg_im
pg6_3_img056,10,pg_el|pg_im
pg6_3_img057,10,pg_el|pg_im
pg6_3_img058,10,pg_el|pg_im
pg6_3_img059,10,pg_el|pg_im
pg6_3_img060,10,pg_el|pg_im
pg6_3_img061,10,pg_el|pg_im
pg6_3_img062,10,pg_el|pg_im
pg6_3_img063,10,pg_el|pg_im
pg6_3_img064,10,pg_el|pg_im
pg6_3_img065,10,pg_el|pg_im
pg6_3_img066,10,pg_el|pg_im
pg6_3_img067,10,pg_el|pg_im
pg6_3_img068,10,pg_el|pg_im
pg6_3_img069,10,pg_el|pg_im
pg6_3_img070,10,pg_el|pg_im
pg6_3_img071,10,pg_el|pg_im
pg6_3_img072,10,pg_el|pg_im
pg6_3_img073,10,pg_el|pg_im
pg6_3_img074,10,pg_el|pg_im
pg6_3_img075,10,pg_el|pg_im
pg6_3_img076,10,pg_el|pg_im
pg6_3_img077,10,pg_el|pg_im
pg6_3_img078,10,pg_el|pg_im
pg6_3_img079,10,pg_el|pg_im
pg6_3_img080,10,pg_el|pg_im
pg6_3_img081,10,pg_el|pg_im
pg6_3_img082,10,pg_el|pg_im
pg6_3_img083,10,pg_el|pg_im
pg6_3_img084,10,pg_el|pg_im
pg6_3_img085,10,pg_el|pg_im
pg6_3_img086,10,pg_el|pg_im
pg6_3_img087,10,pg_el|pg_im
pg6_3_img088,10,pg_el|pg_im
pg6_3_img089,10,pg_el|pg_im
pg6_3_img090,10,pg_el|pg_im
pg6_3_img091,10,pg_el|pg_im
pg6_3_img092,10,pg_el|pg_im
pg6_3_img093,10,pg_el|pg_im
pg6_3_img094,10,pg_el|pg_im
pg6_3_img095,10,pg_el|pg_im
pg6_3_img096,10,pg_el|pg_im
pg6_3_img097,10,pg_el|pg_im
pg6_4_img001,10,pg_im
pg6_4_img002,10,pg_im
pg6_4_img003,10,pg_im
pg6_4_img004,10,pg_im
pg6_4_img005,10,pg_im
pg6_4_img006,10,pg_im
pg6_4_img007,10,pg_im
pg6_4_img008,10,pg_im
pg6_4_img009,10,pg_im
pg6_4_img010,10,pg_im
pg6_4_img011,10,pg_im
pg6_4_img012,10,pg_im
pg6_4_img013,10,pg_el|pg_im
pg6_4_img014,10,pg_el|pg_im
pg6_4_img015,10,pg_el|pg_im
pg6_4_img016,10,pg_el|pg_im
pg6_4_img017,10,pg_el|pg_im
pg6_4_img018,10,pg_el|pg_im
pg6_4_img019,10,pg_el|pg_im
pg6_4_img020,10,pg_el|pg_im
pg6_4_img021,10,pg_el|pg_im
pg6_4_img022,10,pg_el|pg_im
pg6_4_img023,10,pg_el|pg_im
pg6_4_img024,10,pg_el|pg_im
pg6_4_img025,10,pg_el|pg_im
pg6_4_img026,10,pg_el|pg_im
pg6_4_img027,10,pg_el|pg_im
pg6_4_img028,10,pg_el|pg_im
pg6_4_img029,10,pg_el|pg_im
pg6_4_img030,10,pg_el|pg_im
pg6_4_img031,10,pg_el|pg_im
pg6_4_img032,10,pg_el|pg_im
pg6_4_img033,10,pg_el|pg_im
pg6_4_img034,10,pg_el|pg_im
pg6_4_img035,10,pg_el|pg_im
pg6_4_img036,10,pg_el|pg_im
pg6_4_img037,10,pg_el|pg_im
pg6_4_img038,10,pg_el|pg_im
pg6_4_img039,10,pg_el|pg_im
pg6_4_img040,10,pg_el|pg_im
pg6_4_img041,10,pg_el|pg_im
pg6_4_img042,10,pg_el|pg_im
pg6_4_img043,10,pg_el|pg_im
pg6_4_img044,10,pg_el|pg_im
pg6_4_img045,10,pg_el|pg_im
pg6_4_img046,10,pg_el|pg_im
pg6_4_img047,10,pg_el|pg_im
pg6_4_img048,10,pg_el|pg_im
pg6_4_img049,10,pg_el|pg_im
pg6_4_img050,10,pg_el|pg_im
pg6_4_img051,10,pg_el|pg_im
pg6_4_img052,10,pg_el|pg_im
pg6_4_img053,10,pg_el|pg_im
pg6_4_img054,10,pg_el|pg_im
pg6_4_img055,10,pg_el|pg_im
pg6_4_img056,10,pg_el|pg_im
pg6_4_img057,10,pg_el|pg_im
pg6_4_img058,10,pg_el|pg_im
pg6_4_img059,10,pg_el|pg_im
pg6_4_img060,10,pg_el|pg_im
pg6_4_img061,10,pg_el|pg_im
pg6_4_img062,10,pg_el|pg_im
pg6_4_img063,10,pg_el|pg_im
pg6_4_img064,10,pg_el|pg_im
pg6_4_img065,10,pg_el|pg_im
pg6_4_img066,10,pg_el|pg_im
pg6_4_img067,10,pg_el|pg_im
pg6_4_img068,10,pg_el|pg_im
pg6_4_img069,10,pg_el|pg_im
pg6_4_img070,10,pg_el|pg_im
pg6_4_img071,10,pg_el|pg_im
pg6_4_img072,10,pg_el|pg_im
pg6_4_img073,10,pg_el|pg_im
pg6_4_img074,10,pg_el|pg_im
pg6_4_img075,10,pg_el|pg_im
pg6_4_img076,10,pg_el|pg_im
pg6_4_img077,10,pg_el|pg_im
pg6_4_img078,10,pg_el|pg_im
pg6_4_img079,10,pg_el|pg_im
pg6_4_img080,10,pg_el|pg_im
pg6_4_img081,10,pg_el|pg_im
pg6_4_img082,10,pg_el|pg_im
pg6_4_img083,10,pg_el|pg_im
pg6_4_img084,10,pg_el|pg_im
pg6_4_img085,10,pg_el|pg_im
pg6_4_img086,10,pg_el|pg_im
pg6_4_img087,10,pg_el|pg_im
pg6_4_img088,10,pg_el|pg_im
pg6_4_img089,10,pg_el|pg_im
pg6_4_img090,10,pg_el|pg_im
pg6_4_img091,10,pg_el|pg_im
pg6_4_img092,10,pg_el|pg_im
pg6_4_img093,10,pg_el|pg_im
pg6_4_img094,10,pg_el|pg_im
pg6_4_img095,10,pg_el|pg_im
pg6_4_img096,10,pg_el|pg_im
pg6_4_img097,10,pg_el|pg_im
pg6_5_img001,11,pg_im
pg6_5_img002,11,pg_im
pg6_5_img003,11,pg_im
pg6_5_img004,11,pg_im
pg6_5_img005,11,pg_im
pg6_5_img006,11,pg_im
pg6_5_img007,11,pg_im
pg6_5_img008,11,pg_im
pg6_5_img009,11,pg_im
pg6_5_img010,11,pg_im
pg6_5_img011,11,pg_im
pg6_5_img012,11,pg_im
pg6_5_img013,11,pg_im
pg6_5_img014,11,pg_im
pg6_5_img015,11,pg_im
pg6_5_img016,11,pg_im
pg6_5_img017,11,pg_el|pg_im
pg6_5_img018,11,pg_el|pg_im
pg6_5_img019,11,pg_el|pg_im
pg6_5_img020,11,pg_el|pg_im
pg6_5_img021,11,pg_el|pg_im
pg6_5_img022,11,pg_el|pg_im
pg6_5_img023,11,pg_el|pg_im
pg6_5_img024,11,pg_el|pg_im
pg6_5_img025,11,pg_el|pg_im
pg6_5_img026,11,pg_el|pg_im
pg6_5_img027,11,pg_el|pg_im
pg6_5_img028,11,pg_el|pg_im
pg6_5_img029,11,pg_el|pg_im
pg6_5_img030,11,pg_el|pg_im
pg6_5_img031,11,pg_el|pg_im
pg6_5_img032,11,pg_el|pg_im
pg6_5_img033,11,pg_el|pg_im
pg6_5_img034,11,pg_el|pg_im
pg6_5_img035,11,pg_el|pg_im
pg6_5_img036,11,pg_el|pg_im
pg6_5_img037,11,pg_el|pg_im
pg6_5_img038,11,pg_el|pg_im
pg6_5_img039,11,pg_el|pg_im
pg6_5_img040,11,pg_el|pg_im
pg6_5_img041,11,pg_el|pg_im
pg6_5_img042,11,pg_el|pg_im
pg6_5_img043,11,pg_el|pg_im
pg6_5_img044,11,pg_el|pg_im
pg6_5_img045,11,pg_el|pg_im
pg6_5_img046,11,pg_el|pg_im
pg6_5_img047,11,pg_el|pg_im
pg6_5_img048,11,pg_el|pg_im
pg6_5_img049,11,pg_el|pg_im
pg6_5_img050,11,pg_el|pg_im
pg6_5_img051,11,pg_el|pg_im
pg6_5_img052,11,pg_el|pg_im
pg6_5_img053,11,pg_el|pg_im
pg6_5_img054,11,pg_el|pg_im
pg6_5_img055,11,pg_el|pg_im
pg6_5_img056,11,pg_el|pg_im
pg6_5_img057,11,pg_el|pg_im
pg6_5_img058,11,pg_el|pg_im
pg6_5_img059,11,pg_el|pg_im
pg6_5_img060,11,pg_el|pg_im
pg6_5_img061,11,pg_el|pg_im
pg6_5_img062,11,pg_el|pg_im
pg6_5_img063,11,pg_el|pg_im
pg6_5_img064,11,pg_el|pg_im
pg6_5_img065,11,pg_el|pg_im
pg6_5_img066,11,pg_el|pg_im
pg6_5_img067,11,pg_el|pg_im
pg6_5_img068,11,pg_el|pg_im
pg6_5_img069,11,pg_el|pg_im
pg6_5_img070,11,pg_el|pg_im
pg6_5_img071,11,pg_el|pg_im
pg6_5_img072,11,pg_el|pg_im
pg6_5_img073,11,pg_el|pg_im
pg6_5_img074,11,pg_el|pg_im
pg6_5_img075,11,pg_el|pg_im
pg6_5_img076,11,pg_el|pg_im
pg6_5_img077,11,pg_el|pg_im
pg6_5_img078,11,pg_el|pg_im
pg6_5_img079,11,pg_el|pg_im
pg6_5_img080,11,pg_el|pg_im
pg6_5_img081,11,pg_el|pg_im
pg6_5_img082,11,pg_el|pg_im
pg6_5_img083,11,pg_el|pg_im
pg6_5_img084,11,pg_el|pg_im
pg6_5_img085,11,pg_el|pg_im
pg6_5_img086,11,pg_el|pg_im
pg6_5_img087,11,pg_el|pg_im
pg6_5_img088,11,pg_el|pg_im
pg6_5_img089,11,pg_el|pg_im
pg6_5_img090,11,pg_el|pg_im
pg6_5_img091,11,pg_el|pg_im
pg6_5_img092,11,pg_el|pg_im
pg6_5_img093,11,pg_el|pg_im
pg6_5_img094,11,pg_el|pg_im
pg6_5_img095,11,pg_el|pg_im
pg6_5_img096,11,pg_el|pg_im
pg6_5_img097,11,pg_el|pg_im
pg6_6_img001,10,pg_im
pg6_6_img002,10,pg_im
pg6_6_img003,10,pg_im
pg6_6_img004,10,pg_im
pg6_6_img005,10,pg_im
pg6_6_img006,10,pg_im
pg6_6_img007,10,pg_im
pg6_6_img008,10,pg_el|pg_im
pg6_6_img009,10,pg_el|pg_im
pg6_6_img010,10,pg_el|pg_im
pg6_6_img011,10,pg_el|pg_im
pg6_6_img012,10,pg_el|pg_im
pg6_6_img013,10,pg_el|pg_im
pg6_6_img014,10,pg_el|pg_im
pg6_6_img015,10,pg_el|pg_im
pg6_6_img016,10,pg_el|pg_im
pg6_6_img017,10,pg_el|pg_im
pg6_6_img018,10,pg_el|pg_im
pg6_6_img019,10,pg_el|pg_im
pg6_6_img020,10,pg_el|pg_im
pg6_6_img021,10,pg_el|pg_im
pg6_6_img022,10,pg_el|pg_im
pg6_6_img023,10,pg_el|pg_im
pg6_6_img024,10,pg_el|pg_im
pg6_6_img025,10,pg_el|pg_im
pg6_6_img026,10,pg_el|pg_im
pg6_6_img027,10,pg_el|pg_im
pg6_6_img028,10,pg_el|pg_im
pg6_6_img029,10,pg_el|pg_im
pg6_6_img030,10,pg_el|pg_im
pg6_6_img031,10,pg_el|pg_im
pg6_6_img032,10,pg_el|pg_im
pg6_6_img033,10,pg_el|pg_im
pg6_6_img034,10,pg_el|pg_im
pg6_6_img035,10,pg_el|pg_im
pg6_6_img036,10,pg_el|pg_im
pg6_6_img037,10,pg_el|pg_im
pg6_6_img038,10,pg_el|pg_im
pg6_6_img039,10,pg_el|pg_im
pg6_6_img040,10,pg_el|pg_im
pg6_6_img041,10,pg_el|pg_im
pg6_6_img042,10,pg_el|pg_im
pg6_6_img043,10,pg_el|pg_im
pg6_6_img044,10,pg_el|pg_im
pg6_6_img045,10,pg_el|pg_im
pg6_6_img046,10,pg_el|pg_im
pg6_6_img047,10,pg_el|pg_im
pg6_6_img048,10,pg_el|pg_im
pg6_6_img049,10,pg_el|pg_im
pg6_6_img050,10,pg_el|pg_im
pg6_6_img051,10,pg_el|pg_im
pg6_6_img052,10,pg_el|pg_im
pg6_6_img053,10,pg_el|pg_im
pg6_6_img054,10,pg_el|pg_im
pg6_6_img055,10,pg_el|pg_im
pg6_6_img056,10,pg_el|pg_im
pg6_6_img057,10,pg_el|pg_im
pg6_6_img058,10,pg_el|pg_im
pg6_6_img059,10,pg_el|pg_im
pg6_6_img060,10,pg_el|pg_im
pg6_6_img061,10,pg_el|pg_im
pg6_6_img062,10,pg_el|pg_im
pg6_6_img063,10,pg_el|pg_im
pg6_6_img064,10,pg_el|pg_im
pg6_6_img065,10,pg_el|pg_im
pg6_6_img066,10,pg_el|pg_im
pg6_6_img067,10,pg_el|pg_im
pg6_6_img068,10,pg_el|pg_im
pg6_6_img069,10,pg_el|pg_im
pg6_6_img070,10,pg_el|pg_im
pg6_6_img071,10,pg_el|pg_im
pg6_6_img072,10,pg_el|pg_im
pg6_6_img073,10,pg_el|pg_im
pg6_6_img074,10,pg_el|pg_im
pg6_6_img075,10,pg_el|pg_im
pg6_6_img076,10,pg_el|pg_im
pg6_6_img077,10,pg_el|pg_im
pg6_6_img078,10,pg_el|pg_im
pg6_6_img079,10,pg_el|pg_im
pg6_6_img080,10,pg_el|pg_im
pg6_6_img081,10,pg_el|pg_im
pg6_6_img082,10,pg_el|pg_im
pg6_6_img083,10,pg_el|pg_im
pg6_6_img084,10,pg_el|pg_im
pg6_6_img085,10,pg_el|pg_im
pg6_6_img086,10,pg_el|pg_im
pg6_6_img087,10,pg_el|pg_im
pg6_6_img088,10,pg_el|pg_im
pg6_6_img089,10,pg_el|pg_im
pg6_6_img090,10,pg_el|pg_im
pg6_6_img091,10,pg_el|pg_im
pg6_6_img092,10,pg_el|pg_im
pg6_6_img093,10,pg_el|pg_im
pg6_6_img094,10,pg_el|pg_im
pg6_6_img095,10,pg_el|pg_im
pg6_6_img096,10,pg_el|pg_im
pg6_6_img097,10,pg_el|pg_im
pg6_7_img001,10,pg_im
pg6_7_img002,10,pg_im
pg6_7_img003,10,pg_im
pg6_7_img004,10,pg_im
pg6_7_img005,10,pg_im
pg6_7_img006,10,pg_im
pg6_7_img007,10,pg_im
pg6_7_img008,10,pg_im
pg6_7_img009,10,pg_im
pg6_7_img010,10,pg_im
pg6_7_img011,10,pg_im
pg6_7_img012,10,pg_el|pg_im
pg6_7_img013,10,pg_el|pg_im
pg6_7_img014,10,pg_el|pg_im
pg6_7_img015,10,pg_el|pg_im
pg6_7_img016,10,pg_el|pg_im
pg6_7_img017,10,pg_el|pg_im
pg6_7_img018,10,pg_el|pg_im
pg6_7_img019,10,pg_el|pg_im
pg6_7_img020,10,pg_el|pg_im
pg6_7_img021,10,pg_el|pg_im
pg6_7_img022,10,pg_el|pg_im
pg6_7_img023,10,pg_el|pg_im
pg6_7_img024,10,pg_el|pg_im
pg6_7_img025,10,pg_el|pg_im
pg6_7_img026,10,pg_el|pg_im
pg6_7_img027,10,pg_el|pg_im
pg6_7_img028,10,pg_el|pg_im
pg6_7_img029,10,pg_el|pg_im
pg6_7_img030,10,pg_el|pg_im
pg6_7_img031,10,pg_el|pg_im
pg6_7_img032,10,pg_el|pg_im
pg6_7_img033,10,pg_el|pg_im
pg6_7_img034,10,pg_el|pg_im
pg6_7_img035,10,pg_el|pg_im
pg6_7_img036,10,pg_el|pg_im
pg6_7_img037,10,pg_el|pg_im
pg6_7_img038,10,pg_el|pg_im
pg6_7_img039,10,pg_el|pg_im
pg6_7_img040,10,pg_el|pg_im
pg6_7_img041,10,pg_el|pg_im
pg6_7_img042,10,pg_el|pg_im
pg6_7_img043,10,pg_el|pg_im
pg6_7_img044,10,pg_el|pg_im
pg6_7_img045,10,pg_el|pg_im
pg6_7_img046,10,pg_el|pg_im
pg6_7_img047,10,pg_el|pg_im
pg6_7_img048,10,pg_el|pg_im
pg6_7_img049,10,pg_el|pg_im
pg6_7_img050,10,pg_el|pg_im
pg6_7_img051,10,pg_el|pg_im
pg6_7_img052,10,pg_el|pg_im
pg6_7_img053,10,pg_el|pg_im
pg6_7_img054,10,pg_el|pg_im
pg6_7_img055,10,pg_el|pg_im
pg6_7_img056,10,pg_el|pg_im
pg6_7_img057,10,pg_el|pg_im
pg6_7_img058,10,pg_el|pg_im
pg6_7_img059,10,pg_el|pg_im
pg6_7_img060,10,pg_el|pg_im
pg6_7_img061,10,pg_el|pg_im
pg6_7_img062,10,pg_el|pg_im
pg6_7_img063,10,pg_el|pg_im
pg6_7_img064,10,pg_el|pg_im
pg6_7_img065,10,pg_el|pg_im
pg6_7_img066,10,pg_el|pg_im
pg6_7_img067,10,pg_el|pg_im
pg6_7_img068,10,pg_el|pg_im
pg6_7_img069,10,pg_el|pg_im
pg6_7_img070,10,pg_el|pg_im
pg6_7_img071,10,pg_el|pg_im
pg6_7_img072,10,pg_el|pg_im
pg6_7_img073,10,pg_el|pg_im
pg6_7_img074,10,pg_el|pg_im
pg6_7_img075,10,pg_el|pg_im
pg6_7_img076,10,pg_el|pg_im
pg6_7_img077,10,pg_el|pg_im
pg6_7_img078,10,pg_el|pg_im
pg6_7_img079,10,pg_el|pg_im
pg6_7_img080,10,pg_el|pg_im
pg6_7_img081,10,pg_el|pg_im
pg6_7_img082,10,pg_el|pg_im
pg6_7_img083,10,pg_el|pg_im
pg6_7_img084,10,pg_el|pg_im
pg6_7_img085,10,pg_el|pg_im
pg6_7_img086,10,pg_el|pg_im
pg6_7_img087,10,pg_el|pg_im
pg6_7_img088,10,pg_el|pg_im
pg6_7_img089,10,pg_el|pg_im
pg6_7_img090,10,pg_el|pg_im
pg6_7_img091,10,pg_el|pg_im
pg6_7_img092,10,pg_el|pg_im
pg6_7_img093,10,pg_el|pg_im
pg6_7_img094,10,pg_el|pg_im
pg6_7_img095,10,pg_el|pg_im
pg6_7_img096,10,pg_el|pg_im
pg6_7_img097,10,pg_el|pg_im
pg6_8_img001,10,pg_im
pg6_8_img002,10,pg_im
pg6_8_img003,10,pg_im
pg6_8_img004,10,pg_im
pg6_8_img005,10,pg_im
pg6_8_img006,10,pg_im
pg6_8_img007,10,pg_im
pg6_8_img008,10,pg_im
pg6_8_img009,10,pg_im
pg6_8_img010,10,pg_im
pg6_8_img011,10,pg_im
pg6_8_img012,10,pg_im
pg6_8_img013,10,pg_im
pg6_8_img014,10,pg_im
pg6_8_img015,10,pg_im
pg6_8_img016,10,pg_im
pg6_8_img017,10,pg_el|pg_im
pg6_8_img018,10,pg_el|pg_im
pg6_8_img019,10,pg_el|pg_im
pg6_8_img020,10,pg_el|pg_im
pg6_8_img021,10,pg_el|pg_im
pg6_8_img022,10,pg_el|pg_im
pg6_8_img023,10,pg_el|pg_im
pg6_8_img024,10,pg_el|pg_im
pg6_8_img025,10,pg_el|pg_im
pg6_8_img026,10,pg_el|pg_im
pg6_8_img027,10,pg_el|pg_im
pg6_8_img028,10,pg_el|pg_im
pg6_8_img029,10,pg_el|pg_im
pg6_8_img030,10,pg_el|pg_im
pg6_8_img031,10,pg_el|pg_im
pg6_8_img032,10,pg_el|pg_im
pg6_8_img033,10,pg_el|pg_im
pg6_8_img034,10,pg_el|pg_im
pg6_8_img035,10,pg_el|pg_im
pg6_8_img036,10,pg_el|pg_im
pg6_8_img037,10,pg_el|pg_im
pg6_8_img038,10,pg_el|pg_im
pg6_8_img039,10,pg_el|pg_im
pg6_8_img040,10,pg_el|pg_im
pg6_8_img041,10,pg_el|pg_im
pg6_8_img042,10,pg_el|pg_im
pg6_8_img043,10,pg_el|pg_im
pg6_8_img044,10,pg_el|pg_im
pg6_8_img045,10,pg_el|pg_im
pg6_8_img046,10,pg_el|pg_im
pg6_8_img047,10,pg_el|pg_im
pg6_8_img048,10,pg_el|pg_im
pg6_8_img049,10,pg_el|pg_im
pg6_8_img050,10,pg_el|pg_im
pg6_8_img051,10,pg_el|pg_im
pg6_8_img052,10,pg_el|pg_im
pg6_8_img053,10,pg_el|pg_im
pg6_8_img054,10,pg_el|pg_im
pg6_8_img055,10,pg_el|pg_im
pg6_8_img056,10,pg_el|pg_im
pg6_8_img057,10,pg_el|pg_im
pg6_8_img058,10,pg_el|pg_im
pg6_8_img059,10,pg_el|pg_im
pg6_8_img060,10,pg_el|pg_im
pg6_8_img061,10,pg_el|pg_im
pg6_8_img062,10,pg_el|pg_im
pg6_8_img063,10,pg_el|pg_im
pg6_8_img064,10,pg_el|pg_im
pg6_8_img065,10,pg_el|pg_im
pg6_8_img066,10,pg_el|pg_im
pg6_8_img067,10,pg_el|pg_im
pg6_8_img068,10,pg_el|pg_im
pg6_8_img069,10,pg_el|pg_im
pg6_8_img070,10,pg_el|pg_im
pg6_8_img071,10,pg_el|pg_im
pg6_8_img072,10,pg_el|pg_im
pg6_8_img073,10,pg_el|pg_im
pg6_8_img074,10,pg_el|pg_im
pg6_8_img075,10,pg_el|pg_im
pg6_8_img076,10,pg_el|pg_im
pg6_8_img077,10,pg_el|pg_im
pg6_8_img078,10,pg_el|pg_im
pg6_8_img079,10,pg_el|pg_im
pg6_8_img080,10,pg_el|pg_im
pg6_8_img081,10,pg_el|pg_im
pg6_8_img082,10,pg_el|pg_im
pg6_8_img083,10,pg_el|pg_im
pg6_8_img084,10,pg_el|pg_im
pg6_8_img085,10,pg_el|pg_im
pg6_8_img086,10,pg_el|pg_im
pg6_8_img087,10,pg_el|pg_im
pg6_8_img088,10,pg_el|pg_im
pg6_8_img089,10,pg_el|pg_im
pg6_8_img090,10,pg_el|pg_im
pg6_8_img091,10,pg_el|pg_im
pg6_8_img092,10,pg_el|pg_im
pg6_8_img093,10,pg_el|pg_im
pg6_8_img094,10,pg_el|pg_im
pg6_8_img095,10,pg_el|pg_im
pg6_8_img096,10,pg_el|pg_im
pg6_8_img097,10,pg_el|pg_im
pg6_9_img001,10,pg_im
pg6_9_img002,10,pg_im
pg6_9_img003,10,pg_im
pg6_9_img004,10,pg_im
pg6_9_img005,10,pg_im
pg6_9_img006,10,pg_im
pg6_9_img007,10,pg_im
pg6_9_img008,10,pg_im
pg6_9_img009,10,pg_im
pg6_9_img010,10,pg_im
pg6_9_img011,10,pg_im
pg6_9_img012,10,pg_im
pg6_9_img013,10,pg_im
pg6_9_img014,10,pg_im
pg6_9_img015,10,pg_im
pg6_9_img016,10,pg_im
pg6_9_img017,10,pg_im
pg6_9_img018,10,pg_im
pg6_9_img019,10,pg_im
pg6_9_img020,10,pg_im
pg6_9_img021,10,pg_el|pg_im
pg6_9_img022,10,pg_el|pg_im
pg6_9_img023,10,pg_el|pg_im
pg6_9_img024,10,pg_el|pg_im
pg6_9_img025,10,pg_el|pg_im
pg6_9_img026,10,pg_el|pg_im
pg6_9_img027,10,pg_el|pg_im
pg6_9_img028,10,pg_el|pg_im
pg6_9_img029,10,pg_el|pg_im
pg6_9_img030,10,pg_el|pg_im
pg6_9_img031,10,pg_el|pg_im
pg6_9_img032,10,pg_el|pg_im
pg6_9_img033,10,pg_el|pg_im
pg6_9_img034,10,pg_el|pg_im
pg6_9_img035,10,pg_el|pg_im
pg6_9_img036,10,pg_el|pg_im
pg6_9_img037,10,pg_el|pg_im
pg6_9_img038,10,pg_el|pg_im
pg6_9_img039,10,pg_el
pg6_9_img040,10,pg_el
pg6_9_img041,10,pg_el
pg6_9_img042,10,pg_el
pg6_9_img043,10,pg_el
pg6_9_img044,10,pg_el
pg6_9_img045,10,pg_el
pg6_9_img046,10,pg_el
pg6_9_img047,10,pg_el
pg6_9_img048,10,pg_el
pg6_9_img049,10,pg_el
pg6_9_img050,10,pg_el
pg6_9_img051,10,pg_el
pg6_9_img052,10,pg_el
pg6_9_img053,10,pg_el
pg6_9_img054,10,pg_el
pg6_9_img055,10,pg_el
pg6_9_img056,10,pg_el
pg6_9_img057,10,pg_el
pg6_9_img058,10,pg_el
pg6_9_img059,10,pg_el
pg6_9_img060,10,pg_el
pg6_9_img061,10,pg_el
pg6_9_img062,10,pg_el
pg6_9_img063,10,pg_el
pg6_9_img064,10,pg_el
pg6_9_img065,10,pg_el
pg6_9_img066,10,pg_el
pg6_9_img067,10,pg_el
pg6_9_img068,10,pg_el
pg6_9_img069,10,pg_el
pg6_9_img070,10,pg_el
pg6_9_img071,10,pg_el
pg6_9_img072,10,pg_el
pg6_9_img073,10,pg_el
pg6_9_img074,10,pg_el
pg6_9_img075,10,pg_el
pg6_9_img076,10,pg_el
pg6_9_img077,10,pg_el
pg6_9_img078,10,pg_el
pg6_9_img079,10,pg_el
pg6_9_img080,10,pg_el
pg6_9_img081,10,pg_el
pg6_9_img082,10,pg_el
pg6_9_img083,10,pg_el
pg6_9_img084,10,pg_el
pg6_9_img085,10,pg_el
pg6_9_img086,10,pg_el
pg6_9_img087,10,pg_el
pg6_9_img088,10,pg_el
pg6_9_img089,10,pg_el
pg6_9_img090,10,pg_el
pg6_9_img091,10,pg_el
pg6_9_img092,10,pg_el
pg6_9_img093,10,pg_el
pg6_9_img094,10,pg_el
pg6_9_img095,10,pg_el
pg6_9_img096,10,pg_el
pg6_9_img097,10,pg_el
pg7_10_img001,10,pg_im
pg7_10_img002,10,pg_im
pg7_10_img003,10,pg_im
pg7_10_img004,10,pg_im
pg7_10_img005,10,pg_im
pg7_10_img006,10,pg_im
pg7_10_img007,10,pg_im
pg7_10_img008,10,pg_im
pg7_10_img009,10,pg_im
pg7_10_img010,10,pg_im
pg7_10_img011,10,pg_im
pg7_10_img012,10,pg_im
pg7_10_img013,10,pg_el|pg_im
pg7_10_img014,10,pg_el|pg_im
pg7_10_img015,10,pg_el|pg_im
pg7_10_img016,10,pg_el|pg_im
pg7_10_img017,10,pg_el|pg_im
pg7_10_img018,10,pg_el|pg_im
pg7_10_img019,10,pg_el|pg_im
pg7_10_img020,10,pg_el|pg_im
pg7_10_img021,10,pg_el|pg_im
pg7_10_img022,10,pg_el|pg_im
pg7_10_img023,10,pg_el|pg_im
pg7_10_img024,10,pg_el|pg_im
pg7_10_img025,10,pg_el|pg_im
pg7_10_img026,10,pg_el|pg_im
pg7_10_img027,10,pg_el|pg_im
pg7_10_img028,10,pg_el|pg_im
pg7_10_img029,10,pg_el|pg_im
pg7_10_img030,10,pg_el|pg_im
pg7_10_img031,10,pg_el|pg_im
pg7_10_img032,10,pg_el|pg_im
pg7_10_img033,10,pg_el|pg_im
pg7_10_img034,10,pg_el|pg_im
pg7_10_img035,10,pg_el|pg_im
pg7_10_img036,10,pg_el|pg_im
pg7_10_img037,10,pg_el|pg_im
pg7_10_img038,10,pg_el|pg_im
pg7_10_img039,10,pg_el|pg_im
pg7_10_img040,10,pg_el|pg_im
pg7_10_img041,10,pg_el|pg_im
pg7_10_img042,10,pg_el|pg_im
pg7_10_img043,10,pg_el|pg_im
pg7_10_img044,10,pg_el|pg_im
pg7_10_img045,10,pg_el|pg_im
pg7_10_img046,10,pg_el|pg_im
pg7_10_img047,10,pg_el|pg_im
pg7_10_img048,10,pg_el|pg_im
pg7_10_img049,10,pg_el|pg_im
pg7_10_img050,10,pg_el|pg_im
pg7_10_img051,10,pg_el|pg_im
pg7_10_img052,10,pg_el|pg_im
pg7_10_img053,10,pg_el|pg_im
pg7_10_img054,10,pg_el|pg_im
pg7_10_img055,10,pg_el|pg_im
pg7_10_img056,10,pg_el|pg_im
pg7_10_img057,10,pg_el|pg_im
pg7_10_img058,10,pg_el|pg_im
pg7_10_img059,10,pg_el|pg_im
pg7_10_img060,10,pg_el|pg_im
pg7_10_img061,10,pg_el|pg_im
pg7_10_img062,10,pg_el|pg_im
pg7_10_img063,10,pg_el|pg_im
pg7_10_img064,10,pg_el|pg_im
pg7_10_img065,10,pg_el|pg_im
pg7_10_img066,10,pg_el|pg_im
pg7_10_img067,10,pg_el|pg_im
pg7_10_img068,10,pg_el|pg_im
pg7_10_img069,10,pg_el|pg_im
pg7_10_img070,10,pg_el|pg_im
pg7_10_img071,10,pg_el|pg_im
pg7_10_img072,10,pg_el|pg_im
pg7_10_img073,10,pg_el|pg_im
pg7_10_img074,10,pg_el|pg_im
pg7_10_img075,10,pg_el|pg_im
pg7_10_img076,10,pg_el|pg_im
pg7_10_img077,10,pg_el|pg_im
pg7_10_img078,10,pg_el|pg_im
pg7_10_img079,10,pg_el|pg_im
pg7_10_img080,10,pg_el|pg_im
pg7_10_img081,10,pg_el|pg_im
pg7_10_img082,10,pg_el|pg_im
pg7_10_img083,10,pg_el|pg_im
pg7_10_img084,10,pg_el|pg_im
pg7_10_img085,10,pg_el|pg_im
pg7_10_img086,10,pg_el|pg_im
pg7_10_img087,10,pg_el|pg_im
pg7_10_img088,10,pg_el|pg_im
pg7_10_img089,10,pg_el|pg_im
pg7_10_img090,10,pg_el|pg_im
pg7_10_img091,10,pg_el|pg_im
pg7_10_img092,10,pg_el|pg_im
pg7_10_img093,10,pg_el|pg_im
pg7_10_img094,10,pg_el|pg_im
pg7_10_img095,10,pg_el|pg_im
pg7_10_img096,10,pg_el|pg_im
pg7_10_img097,10,pg_el|pg_im
pg7_11_img001,10,pg_im
pg7_11_img002,10,pg_im
pg7_11_img003,10,pg_im
pg7_11_img004,10,pg_im
pg7_11_img005,10,pg_im
pg7_11_img006,10,pg_im
pg7_11_img007,10,pg_im
pg7_11_img008,10,pg_im
pg7_11_img009,10,pg_im
pg7_11_img010,10,pg_im
pg7_11_img011,10,pg_im
pg7_11_img012,10,pg_im
pg7_11_img013,10,pg_im
pg7_11_img014,10,pg_im
pg7_11_img015,10,pg_el|pg_im
pg7_11_img016,10,pg_el|pg_im
pg7_11_img017,10,pg_el|pg_im
pg7_11_img018,10,pg_el|pg_im
pg7_11_img019,10,pg_el|pg_im
pg7_11_img020,10,pg_el|pg_im
pg7_11_img021,10,pg_el|pg_im
pg7_11_img022,10,pg_el|pg_im
pg7_11_img023,10,pg_el|pg_im
pg7_11_img024,10,pg_el|pg_im
pg7_11_img025,10,pg_el|pg_im
pg7_11_img026,10,pg_el|pg_im
pg7_11_img027,10,pg_el|pg_im
pg7_11_img028,10,pg_el|pg_im
pg7_11_img029,10,pg_el|pg_im
pg7_11_img030,10,pg_el|pg_im
pg7_11_img031,10,pg_el|pg_im
pg7_11_img032,10,pg_el|pg_im
pg7_11_img033,10,pg_el|pg_im
pg7_11_img034,10,pg_el|pg_im
pg7_11_img035,10,pg_el|pg_im
pg7_11_img036,10,pg_el|pg_im
pg7_11_img037,10,pg_el|pg_im
pg7_11_img038,10,pg_el|pg_im
pg7_11_img039,10,pg_el|pg_im
pg7_11_img040,10,pg_el|pg_im
pg7_11_img041,10,pg_el|pg_im
pg7_11_img042,10,pg_el|pg_im
pg7_11_img043,10,pg_el|pg_im
pg7_11_img044,10,pg_el|pg_im
pg7_11_img045,10,pg_el|pg_im
pg7_11_img046,10,pg_el|pg_im
pg7_11_img047,10,pg_el|pg_im
pg7_11_img048,10,pg_el|pg_im
pg7_11_img049,10,pg_el|pg_im
pg7_11_img050,10,pg_el|pg_im
pg7_11_img051,10,pg_el|pg_im
pg7_11_img052,10,pg_el|pg_im
pg7_11_img053,10,pg_el|pg_im
pg7_11_img054,10,pg_el|pg_im
pg7_11_img055,10,pg_el|pg_im
pg7_11_img056,10,pg_el|pg_im
pg7_11_img057,10,pg_el|pg_im
pg7_11_img058,10,pg_el
pg7_11_img059,10,pg_el|pg_im
pg7_11_img060,10,pg_el
pg7_11_img061,10,pg_el
pg7_11_img062,10,pg_el
pg7_11_img063,10,pg_el
pg7_11_img064,10,pg_el
pg7_11_img065,10,pg_el
pg7_11_img066,10,pg_el
pg7_11_img067,10,pg_el
pg7_11_img068,10,pg_el
pg7_11_img069,10,pg_el
pg7_11_img070,10,pg_el
pg7_11_img071,10,pg_el
pg7_11_img072,10,pg_el
pg7_11_img073,10,pg_el
pg7_11_img074,10,pg_el
pg7_11_img075,10,pg_el
pg7_11_img076,10,pg_el
pg7_11_img077,10,pg_el
pg7_11_img078,10,pg_el
pg7_11_img079,10,pg_el
pg7_11_img080,10,pg_el
pg7_11_img081,10,pg_el
pg7_11_img082,10,pg_el
pg7_11_img083,10,pg_el
pg7_11_img084,10,pg_el
pg7_11_img085,10,pg_el
pg7_11_img086,10,pg_el
pg7_11_img087,10,pg_el
pg7_11_img088,10,pg_el
pg7_11_img089,10,pg_el
pg7_11_img090,10,pg_el
pg7_11_img091,10,pg_el
pg7_11_img092,10,pg_el
pg7_11_img093,10,pg_el
pg7_11_img094,10,pg_el
pg7_11_img095,10,pg_el
pg7_11_img096,10,pg_el
pg7_11_img097,10,pg_el
pg7_12_img001,10,pg_im
pg7_12_img002,10,pg_im
pg7_12_img003,10,pg_im
pg7_12_img004,10,pg_im
pg7_12_img005,10,pg_im
pg7_12_img006,10,pg_im
pg7_12_img007,10,pg_im
pg7_12_img008,10,pg_im
pg7_12_img009,10,pg_im
pg7_12_img010,10,pg_im
pg7_12_img011,10,pg_im
pg7_12_img012,10,pg_im
pg7_12_img013,10,pg_im
pg7_12_img014,10,pg_im
pg7_12_img015,10,pg_im
pg7_12_img016,10,pg_im
pg7_12_img017,10,pg_im
pg7_12_img018,10,pg_im
pg7_12_img019,10,pg_im
pg7_12_img020,10,pg_el|pg_im
pg7_12_img021,10,pg_el|pg_im
pg7_12_img022,10,pg_el|pg_im
pg7_12_img023,10,pg_el|pg_im
pg7_12_img024,10,pg_el|pg_im
pg7_12_img025,10,pg_el|pg_im
pg7_12_img026,10,pg_el|pg_im
pg7_12_img027,10,pg_el|pg_im
pg7_12_img028,10,pg_el|pg_im
pg7_12_img029,10,pg_el|pg_im
pg7_12_img030,10,pg_el|pg_im
pg7_12_img031,10,pg_el|pg_im
pg7_12_img032,10,pg_el|pg_im
pg7_12_img033,10,pg_el|pg_im
pg7_12_img034,10,pg_el|pg_im
pg7_12_img035,10,pg_el|pg_im
pg7_12_img036,10,pg_el|pg_im
pg7_12_img037,10,pg_el|pg_im
pg7_12_img038,10,pg_el|pg_im
pg7_12_img039,10,pg_el|pg_im
pg7_12_img040,10,pg_el|pg_im
pg7_12_img041,10,pg_el|pg_im
pg7_12_img042,10,pg_el|pg_im
pg7_12_img043,10,pg_el|pg_im
pg7_12_img044,10,pg_el|pg_im
pg7_12_img045,10,pg_el|pg_im
pg7_12_img046,10,pg_el|pg_im
pg7_12_img047,10,pg_el|pg_im
pg7_12_img048,10,pg_el|pg_im
pg7_12_img049,10,pg_el|pg_im
pg7_12_img050,10,pg_el|pg_im
pg7_12_img051,10,pg_el|pg_im
pg7_12_img052,10,pg_el|pg_im
pg7_12_img053,10,pg_el|pg_im
pg7_12_img054,10,pg_el|pg_im
pg7_12_img055,10,pg_el|pg_im
pg7_12_img056,10,pg_el|pg_im
pg7_12_img057,10,pg_el|pg_im
pg7_12_img058,10,pg_el|pg_im
pg7_12_img059,10,pg_el|pg_im
pg7_12_img060,10,pg_el|pg_im
pg7_12_img061,10,pg_el|pg_im
pg7_12_img062,10,pg_el|pg_im
pg7_12_img063,10,pg_el|pg_im
pg7_12_img064,10,pg_el|pg_im
pg7_12_img065,10,pg_el|pg_im
pg7_12_img066,10,pg_el|pg_im
pg7_12_img067,10,pg_el|pg_im
pg7_12_img068,10,pg_el|pg_im
pg7_12_img069,10,pg_el|pg_im
pg7_12_img070,10,pg_el|pg_im
pg7_12_img071,10,pg_el|pg_im
pg7_12_img072,10,pg_el|pg_im
pg7_12_img073,10,pg_el|pg_im
pg7_12_img074,10,pg_el|pg_im
pg7_12_img075,10,pg_el|pg_im
pg7_12_img076,10,pg_el|pg_im
pg7_12_img077,10,pg_el|pg_im
pg7_12_img078,10,pg_el|pg_im
pg7_12_img079,10,pg_el|pg_im
pg7_12_img080,10,pg_el|pg_im
pg7_12_img081,10,pg_el|pg_im
pg7_12_img082,10,pg_el|pg_im
pg7_12_img083,10,pg_el|pg_im
pg7_12_img084,10,pg_el|pg_im
pg7_12_img085,10,pg_el|pg_im
pg7_12_img086,10,pg_el|pg_im
pg7_12_img087,10,pg_el|pg_im
pg7_12_img088,10,pg_el|pg_im
pg7_12_img089,10,pg_el|pg_im
pg7_12_img090,10,pg_el|pg_im
pg7_12_img091,10,pg_el|pg_im
pg7_12_img092,10,pg_el|pg_im
pg7_12_img093,10,pg_el|pg_im
pg7_12_img094,10,pg_el|pg_im
pg7_12_img095,10,pg_el|pg_im
pg7_12_img096,10,pg_el|pg_im
pg7_12_img097,10,pg_el|pg_im
pg7_1_img001,10,pg_im
pg7_1_img002,10,pg_im
pg7_1_img003,10,pg_im
pg7_1_img004,10,pg_im
pg7_1_img005,10,pg_im
pg7_1_img006,10,pg_im
pg7_1_img007,10,pg_im
pg7_1_img008,10,pg_im
pg7_1_img009,10,pg_im
pg7_1_img010,10,pg_im
pg7_1_img011,10,pg_im
pg7_1_img012,10,pg_im
pg7_1_img013,10,pg_im
pg7_1_img014,10,pg_im
pg7_1_img015,10,pg_im
pg7_1_img016,10,pg_im
pg7_1_img017,10,pg_im
pg7_1_img018,10,pg_im
pg7_1_img019,10,pg_el|pg_im
pg7_1_img020,10,pg_el|pg_im
pg7_1_img021,10,pg_el|pg_im
pg7_1_img022,10,pg_el|pg_im
pg7_1_img023,10,pg_el|pg_im
pg7_1_img024,10,pg_el|pg_im
pg7_1_img025,10,pg_el|pg_im
pg7_1_img026,10,pg_el|pg_im
pg7_1_img027,10,pg_el|pg_im
pg7_1_img028,10,pg_el|pg_im
pg7_1_img029,10,pg_el|pg_im
pg7_1_img030,10,pg_el|pg_im
pg7_1_img031,10,pg_el|pg_im
pg7_1_img032,10,pg_el|pg_im
pg7_1_img033,10,pg_el|pg_im
pg7_1_img034,10,pg_el|pg_im
pg7_1_img035,10,pg_el|pg_im
pg7_1_img036,10,pg_el|pg_im
pg7_1_img037,10,pg_el|pg_im
pg7_1_img038,10,pg_el|pg_im
pg7_1_img039,10,pg_el|pg_im
pg7_1_img040,10,pg_el|pg_im
pg7_1_img041,10,pg_el|pg_im
pg7_1_img042,10,pg_el|pg_im
pg7_1_img043,10,pg_el|pg_im
pg7_1_img044,10,pg_el|pg_im
pg7_1_img045,10,pg_el|pg_im
pg7_1_img046,10,pg_el|pg_im
pg7_1_img047,10,pg_el|pg_im
pg7_1_img048,10,pg_el|pg_im
pg7_1_img049,10,pg_el|pg_im
pg7_1_img050,10,pg_el|pg_im
pg7_1_img051,10,pg_el|pg_im
pg7_1_img052,10,pg_el|pg_im
pg7_1_img053,10,pg_el|pg_im
pg7_1_img054,10,pg_el|pg_im
pg7_1_img055,10,pg_el|pg_im
pg7_1_img056,10,pg_el|pg_im
pg7_1_img057,10,pg_el|pg_im
pg7_1_img058,10,pg_el|pg_im
pg7_1_img059,10,pg_el|pg_im
pg7_1_img060,10,pg_el|pg_im
pg7_1_img061,10,pg_el|pg_im
pg7_1_img062,10,pg_el|pg_im
pg7_1_img063,10,pg_el|pg_im
pg7_1_img064,10,pg_el|pg_im
pg7_1_img065,10,pg_el|pg_im
pg7_1_img066,10,pg_el|pg_im
pg7_1_img067,10,pg_el|pg_im
pg7_1_img068,10,pg_el|pg_im
pg7_1_img069,10,pg_el|pg_im
pg7_1_img070,10,pg_el|pg_im
pg7_1_img071,10,pg_el|pg_im
pg7_1_img072,10,pg_el|pg_im
pg7_1_img073,10,pg_el|pg_im
pg7_1_img074,10,pg_el|pg_im
pg7_1_img075,10,pg_el|pg_im
pg7_1_img076,10,pg_el|pg_im
pg7_1_img077,10,pg_el|pg_im
pg7_1_img078,10,pg_el|pg_im
pg7_1_img079,10,pg_el|pg_im
pg7_1_img080,10,pg_el|pg_im
pg7_1_img081,10,pg_el|pg_im
pg7_1_img082,10,pg_el|pg_im
pg7_1_img083,10,pg_el|pg_im
pg7_1_img084,10,pg_el|pg_im
pg7_1_img085,10,pg_el|pg_im
pg7_1_img086,10,pg_el|pg_im
pg7_1_img087,10,pg_el|pg_im
pg7_1_img088,10,pg_el|pg_im
pg7_1_img089,10,pg_el|pg_im
pg7_1_img090,10,pg_el|pg_im
pg7_1_img091,10,pg_el|pg_im
pg7_1_img092,10,pg_el|pg_im
pg7_1_img093,10,pg_el|pg_im
pg7_1_img094,10,pg_el|pg_im
pg7_1_img095,10,pg_el|pg_im
pg7_1_img096,10,pg_el|pg_im
pg7_1_img097,10,pg_el|pg_im
pg7_2_img001,10,pg_im
pg7_2_img002,10,pg_im
pg7_2_img003,10,pg_im
pg7_2_img004,10,pg_im
pg7_2_img005,10,pg_im
pg7_2_img006,10,pg_im
pg7_2_img007,10,pg_im
pg7_2_img008,10,pg_im
pg7_2_img009,10,pg_im
pg7_2_img010,10,pg_im
pg7_2_img011,10,pg_im
pg7_2_img012,10,pg_im
pg7_2_img013,10,pg_im
pg7_2_img014,10,pg_im
pg7_2_img015,10,pg_im
pg7_2_img016,10,pg_im
pg7_2_img017,10,pg_im
pg7_2_img018,10,pg_el|pg_im
pg7_2_img019,10,pg_el|pg_im
pg7_2_img020,10,pg_el|pg_im
pg7_2_img021,10,pg_el|pg_im
pg7_2_img022,10,pg_el|pg_im
pg7_2_img023,10,pg_el|pg_im
pg7_2_img024,10,pg_el|pg_im
pg7_2_img025,10,pg_el|pg_im
pg7_2_img026,10,pg_el|pg_im
pg7_2_img027,10,pg_el|pg_im
pg7_2_img028,10,pg_el|pg_im
pg7_2_img029,10,pg_el|pg_im
pg7_2_img030,10,pg_el|pg_im
pg7_2_img031,10,pg_el|pg_im
pg7_2_img032,10,pg_el|pg_im
pg7_2_img033,10,pg_el|pg_im
pg7_2_img034,10,pg_el|pg_im
pg7_2_img035,10,pg_el|pg_im
pg7_2_img036,10,pg_el|pg_im
pg7_2_img037,10,pg_el|pg_im
pg7_2_img038,10,pg_el|pg_im
pg7_2_img039,10,pg_el|pg_im
pg7_2_img040,10,pg_el|pg_im
pg7_2_img041,10,pg_el|pg_im
pg7_2_img042,10,pg_el|pg_im
pg7_2_img043,10,pg_el|pg_im
pg7_2_img044,10,pg_el|pg_im
pg7_2_img045,10,pg_el|pg_im
pg7_2_img046,10,pg_el|pg_im
pg7_2_img047,10,pg_el|pg_im
pg7_2_img048,10,pg_el|pg_im
pg7_2_img049,10,pg_el|pg_im
pg7_2_img050,10,pg_el|pg_im
pg7_2_img051,10,pg_el|pg_im
pg7_2_img052,10,pg_el|pg_im
pg7_2_img053,10,pg_el|pg_im
pg7_2_img054,10,pg_el|pg_im
pg7_2_img055,10,pg_el|pg_im
pg7_2_img056,10,pg_el|pg_im
pg7_2_img057,10,pg_el|pg_im
pg7_2_img058,10,pg_el|pg_im
pg7_2_img059,10,pg_el|pg_im
pg7_2_img060,10,pg_el|pg_im
pg7_2_img061,10,pg_el|pg_im
pg7_2_img062,10,pg_el|pg_im
pg7_2_img063,10,pg_el|pg_im
pg7_2_img064,10,pg_el|pg_im
pg7_2_img065,10,pg_el|pg_im
pg7_2_img066,10,pg_el|pg_im
pg7_2_img067,10,pg_el|pg_im
pg7_2_img068,10,pg_el|pg_im
pg7_2_img069,10,pg_el|pg_im
pg7_2_img070,10,pg_el|pg_im
pg7_2_img071,10,pg_el|pg_im
pg7_2_img072,10,pg_el|pg_im
pg7_2_img073,10,pg_el|pg_im
pg7_2_img074,10,pg_el|pg_im
pg7_2_img075,10,pg_el|pg_im
pg7_2_img076,10,pg_el|pg_im
pg7_2_img077,10,pg_el|pg_im
pg7_2_img078,10,pg_el|pg_im
pg7_2_img079,10,pg_el|pg_im
pg7_2_img080,10,pg_el|pg_im
pg7_2_img081,10,pg_el|pg_im
pg7_2_img082,10,pg_el|pg_im
pg7_2_img083,10,pg_el|pg_im
pg7_2_img084,10,pg_el|pg_im
pg7_2_img085,10,pg_el|pg_im
pg7_2_img086,10,pg_el|pg_im
pg7_2_img087,10,pg_el|pg_im
pg7_2_img088,10,pg_el|pg_im
pg7_2_img089,10,pg_el|pg_im
pg7_2_img090,10,pg_el|pg_im
pg7_2_img091,10,pg_el|pg_im
pg7_2_img092,10,pg_el|pg_im
pg7_2_img093,10,pg_el|pg_im
pg7_2_img094,10,pg_el|pg_im
pg7_2_img095,10,pg_el|pg_im
pg7_2_img096,10,pg_el|pg_im
pg7_2_img097,10,pg_el|pg_im
pg7_3_img001,10,pg_im
pg7_3_img002,10,pg_im
pg7_3_img003,10,pg_im
pg7_3_img004,10,pg_im
pg7_3_img005,10,pg_im
pg7_3_img006,10,pg_im
pg7_3_img007,10,pg_im
pg7_3_img008,10,pg_im
pg7_3_img009,10,pg_im
pg7_3_img010,10,pg_im
pg7_3_img011,10,pg_im
pg7_3_img012,10,pg_im
pg7_3_img013,10,pg_im
pg7_3_img014,10,pg_im
pg7_3_img015,10,pg_im
pg7_3_img016,10,pg_im
pg7_3_img017,10,pg_im
pg7_3_img018,10,pg_im
pg7_3_img019,10,pg_im
pg7_3_img020,10,pg_im
pg7_3_img021,10,pg_el|pg_im
pg7_3_img022,10,pg_el|pg_im
pg7_3_img023,10,pg_el|pg_im
pg7_3_img024,10,pg_el|pg_im
pg7_3_img025,10,pg_el|pg_im
pg7_3_img026,10,pg_el|pg_im
pg7_3_img027,10,pg_el|pg_im
pg7_3_img028,10,pg_el|pg_im
pg7_3_img029,10,pg_el|pg_im
pg7_3_img030,10,pg_el|pg_im
pg7_3_img031,10,pg_el|pg_im
pg7_3_img032,10,pg_el|pg_im
pg7_3_img033,10,pg_el|pg_im
pg7_3_img034,10,pg_el|pg_im
pg7_3_img035,10,pg_el|pg_im
pg7_3_img036,10,pg_el|pg_im
pg7_3_img037,10,pg_el|pg_im
pg7_3_img038,10,pg_el|pg_im
pg7_3_img039,10,pg_el|pg_im
pg7_3_img040,10,pg_el|pg_im
pg7_3_img041,10,pg_el|pg_im
pg7_3_img042,10,pg_el|pg_im
pg7_3_img043,10,pg_el|pg_im
pg7_3_img044,10,pg_el|pg_im
pg7_3_img045,10,pg_el|pg_im
pg7_3_img046,10,pg_el|pg_im
pg7_3_img047,10,pg_el|pg_im
pg7_3_img048,10,pg_el|pg_im
pg7_3_img049,10,pg_el|pg_im
pg7_3_img050,10,pg_el|pg_im
pg7_3_img051,10,pg_el|pg_im
pg7_3_img052,10,pg_el|pg_im
pg7_3_img053,10,pg_el|pg_im
pg7_3_img054,10,pg_el|pg_im
pg7_3_img055,10,pg_el|pg_im
pg7_3_img056,10,pg_el|pg_im
pg7_3_img057,10,pg_el|pg_im
pg7_3_img058,10,pg_el|pg_im
pg7_3_img059,10,pg_el|pg_im
pg7_3_img060,10,pg_el|pg_im
pg7_3_img061,10,pg_el|pg_im
pg7_3_img062,10,pg_el|pg_im
pg7_3_img063,10,pg_el|pg_im
pg7_3_img064,10,pg_el|pg_im
pg7_3_img065,10,pg_el|pg_im
pg7_3_img066,10,pg_el|pg_im
pg7_3_img067,10,pg_el|pg_im
pg7_3_img068,10,pg_el|pg_im
pg7_3_img069,10,pg_el|pg_im
pg7_3_img070,10,pg_el|pg_im
pg7_3_img071,10,pg_el|pg_im
pg7_3_img072,10,pg_el|pg_im
pg7_3_img073,10,pg_el|pg_im
pg7_3_img074,10,pg_el|pg_im
pg7_3_img075,10,pg_el|pg_im
pg7_3_img076,10,pg_el|pg_im
pg7_3_img077,10,pg_el|pg_im
pg7_3_img078,10,pg_el|pg_im
pg7_3_img079,10,pg_el|pg_im
pg7_3_img080,10,pg_el|pg_im
pg7_3_img081,10,pg_el|pg_im
pg7_3_img082,10,pg_el|pg_im
pg7_3_img083,10,pg_el|pg_im
pg7_3_img084,10,pg_el|pg_im
pg7_3_img085,10,pg_el|pg_im
pg7_3_img086,10,pg_el|pg_im
pg7_3_img087,10,pg_el|pg_im
pg7_3_img088,10,pg_el|pg_im
pg7_3_img089,10,pg_el|pg_im
pg7_3_img090,10,pg_el|pg_im
pg7_3_img091,10,pg_el|pg_im
pg7_3_img092,10,pg_el|pg_im
pg7_3_img093,10,pg_el|pg_im
pg7_3_img094,10,pg_el|pg_im
pg7_3_img095,10,pg_el|pg_im
pg7_3_img096,10,pg_el|pg_im
pg7_3_img097,10,pg_el|pg_im
pg7_4_img001,10,pg_im
pg7_4_img002,10,pg_im
pg7_4_img003,10,pg_im
pg7_4_img004,10,pg_im
pg7_4_img005,10,pg_im
pg7_4_img006,10,pg_im
pg7_4_img007,10,pg_im
pg7_4_img008,10,pg_im
pg7_4_img009,10,pg_im
pg7_4_img010,10,pg_im
pg7_4_img011,10,pg_im
pg7_4_img012,10,pg_im
pg7_4_img013,10,pg_im
pg7_4_img014,10,pg_el|pg_im
pg7_4_img015,10,pg_el|pg_im
pg7_4_img016,10,pg_el|pg_im
pg7_4_img017,10,pg_el|pg_im
pg7_4_img018,10,pg_el|pg_im
pg7_4_img019,10,pg_el|pg_im
pg7_4_img020,10,pg_el|pg_im
pg7_4_img021,10,pg_el|pg_im
pg7_4_img022,10,pg_el|pg_im
pg7_4_img023,10,pg_el|pg_im
pg7_4_img024,10,pg_el|pg_im
pg7_4_img025,10,pg_el|pg_im
pg7_4_img026,10,pg_el|pg_im
pg7_4_img027,10,pg_el|pg_im
pg7_4_img028,10,pg_el|pg_im
pg7_4_img029,10,pg_el|pg_im
pg7_4_img030,10,pg_el|pg_im
pg7_4_img031,10,pg_el|pg_im
pg7_4_img032,10,pg_el|pg_im
pg7_4_img033,10,pg_el|pg_im
pg7_4_img034,10,pg_el|pg_im
pg7_4_img035,10,pg_el|pg_im
pg7_4_img036,10,pg_el|pg_im
pg7_4_img037,10,pg_el|pg_im
pg7_4_img038,10,pg_el|pg_im
pg7_4_img039,10,pg_el|pg_im
pg7_4_img040,10,pg_el|pg_im
pg7_4_img041,10,pg_el|pg_im
pg7_4_img042,10,pg_el|pg_im
pg7_4_img043,10,pg_el|pg_im
pg7_4_img044,10,pg_el|pg_im
pg7_4_img045,10,pg_el|pg_im
pg7_4_img046,10,pg_el|pg_im
pg7_4_img047,10,pg_el|pg_im
pg7_4_img048,10,pg_el|pg_im
pg7_4_img049,10,pg_el|pg_im
pg7_4_img050,10,pg_el|pg_im
pg7_4_img051,10,pg_el|pg_im
pg7_4_img052,10,pg_el|pg_im
pg7_4_img053,10,pg_el|pg_im
pg7_4_img054,10,pg_el|pg_im
pg7_4_img055,10,pg_el|pg_im
pg7_4_img056,10,pg_el|pg_im
pg7_4_img057,10,pg_el|pg_im
pg7_4_img058,10,pg_el|pg_im
pg7_4_img059,10,pg_el|pg_im
pg7_4_img060,10,pg_el|pg_im
pg7_4_img061,10,pg_el|pg_im
pg7_4_img062,10,pg_el|pg_im
pg7_4_img063,10,pg_el|pg_im
pg7_4_img064,10,pg_el|pg_im
pg7_4_img065,10,pg_el|pg_im
pg7_4_img066,10,pg_el
pg7_4_img067,10,pg_el
pg7_4_img068,10,pg_el
pg7_4_img069,10,pg_el
pg7_4_img070,10,pg_el
pg7_4_img071,10,pg_el
pg7_4_img072,10,pg_el
pg7_4_img073,10,pg_el
pg7_4_img074,10,pg_el
pg7_4_img075,10,pg_el
pg7_4_img076,10,pg_el
pg7_4_img077,10,pg_el
pg7_4_img078,10,pg_el
pg7_4_img079,10,pg_el
pg7_4_img080,10,pg_el
pg7_4_img081,10,pg_el
pg7_4_img082,10,pg_el
pg7_4_img083,10,pg_el
pg7_4_img084,10,pg_el
pg7_4_img085,10,pg_el
pg7_4_img086,10,pg_el
pg7_4_img087,10,pg_el
pg7_4_img088,10,pg_el
pg7_4_img089,10,pg_el
pg7_4_img090,10,pg_el
pg7_4_img091,10,pg_el
pg7_4_img092,10,pg_el
pg7_4_img093,10,pg_el
pg7_4_img094,10,pg_el
pg7_4_img095,10,pg_el
pg7_4_img096,10,pg_el
pg7_4_img097,10,pg_el
pg7_5_img001,10,pg_im
pg7_5_img002,10,pg_im
pg7_5_img003,10,pg_im
pg7_5_img004,10,pg_im
pg7_5_img005,10,pg_im
pg7_5_img006,10,pg_im
pg7_5_img007,10,pg_im
pg7_5_img008,10,pg_im
pg7_5_img009,10,pg_im
pg7_5_img010,10,pg_im
pg7_5_img011,10,pg_im
pg7_5_img012,10,pg_im
pg7_5_img013,10,pg_im
pg7_5_img014,10,pg_im
pg7_5_img015,10,pg_im
pg7_5_img016,10,pg_im
pg7_5_img017,10,pg_im
pg7_5_img018,10,pg_el|pg_im
pg7_5_img019,10,pg_el|pg_im
pg7_5_img020,10,pg_el|pg_im
pg7_5_img021,10,pg_el|pg_im
pg7_5_img022,10,pg_el|pg_im
pg7_5_img023,10,pg_el|pg_im
pg7_5_img024,10,pg_el|pg_im
pg7_5_img025,10,pg_el|pg_im
pg7_5_img026,10,pg_el|pg_im
pg7_5_img027,10,pg_el|pg_im
pg7_5_img028,10,pg_el|pg_im
pg7_5_img029,10,pg_el|pg_im
pg7_5_img030,10,pg_el|pg_im
pg7_5_img031,10,pg_el|pg_im
pg7_5_img032,10,pg_el|pg_im
pg7_5_img033,10,pg_el|pg_im
pg7_5_img034,10,pg_el|pg_im
pg7_5_img035,10,pg_el|pg_im
pg7_5_img036,10,pg_el|pg_im
pg7_5_img037,10,pg_el|pg_im
pg7_5_img038,10,pg_el|pg_im
pg7_5_img039,10,pg_el|pg_im
pg7_5_img040,10,pg_el|pg_im
pg7_5_img041,10,pg_el|pg_im
pg7_5_img042,10,pg_el|pg_im
pg7_5_img043,10,pg_el|pg_im
pg7_5_img044,10,pg_el|pg_im
pg7_5_img045,10,pg_el|pg_im
pg7_5_img046,10,pg_el|pg_im
pg7_5_img047,10,pg_el|pg_im
pg7_5_img048,10,pg_el|pg_im
pg7_5_img049,10,pg_el|pg_im
pg7_5_img050,10,pg_el|pg_im
pg7_5_img051,10,pg_el|pg_im
pg7_5_img052,10,pg_el|pg_im
pg7_5_img053,10,pg_el|pg_im
pg7_5_img054,10,pg_el|pg_im
pg7_5_img055,10,pg_el|pg_im
pg7_5_img056,10,pg_el|pg_im
pg7_5_img057,10,pg_el|pg_im
pg7_5_img058,10,pg_el|pg_im
pg7_5_img059,10,pg_el|pg_im
pg7_5_img060,10,pg_el|pg_im
pg7_5_img061,10,pg_el|pg_im
pg7_5_img062,10,pg_el|pg_im
pg7_5_img063,10,pg_el|pg_im
pg7_5_img064,10,pg_el|pg_im
pg7_5_img065,10,pg_el|pg_im
pg7_5_img066,10,pg_el|pg_im
pg7_5_img067,10,pg_el|pg_im
pg7_5_img068,10,pg_el|pg_im
pg7_5_img069,10,pg_el|pg_im
pg7_5_img070,10,pg_el|pg_im
pg7_5_img071,10,pg_el|pg_im
pg7_5_img072,10,pg_el|pg_im
pg7_5_img073,10,pg_el|pg_im
pg7_5_img074,10,pg_el
pg7_5_img075,10,pg_el
pg7_5_img076,10,pg_el
pg7_5_img077,10,pg_el
pg7_5_img078,10,pg_el
pg7_5_img079,10,pg_el
pg7_5_img080,10,pg_el
pg7_5_img081,10,pg_el
pg7_5_img082,10,pg_el
pg7_5_img083,10,pg_el
pg7_5_img084,10,pg_el
pg7_5_img085,10,pg_el
pg7_5_img086,10,pg_el
pg7_5_img087,10,pg_el
pg7_5_img088,10,pg_el
pg7_5_img089,10,pg_el
pg7_5_img090,10,pg_el
pg7_5_img091,10,pg_el
pg7_5_img092,10,pg_el
pg7_5_img093,10,pg_el
pg7_5_img094,10,pg_el
pg7_5_img095,10,pg_el
pg7_5_img096,10,pg_el
pg7_5_img097,10,pg_el
pg7_6_img001,10,pg_im
pg7_6_img002,10,pg_im
pg7_6_img003,10,pg_im
pg7_6_img004,10,pg_im
pg7_6_img005,10,pg_im
pg7_6_img006,10,pg_im
pg7_6_img007,10,pg_im
pg7_6_img008,10,pg_im
pg7_6_img009,10,pg_im
pg7_6_img010,10,pg_im
pg7_6_img011,10,pg_im
pg7_6_img012,10,pg_im
pg7_6_img013,10,pg_el|pg_im
pg7_6_img014,10,pg_el|pg_im
pg7_6_img015,10,pg_el|pg_im
pg7_6_img016,10,pg_el|pg_im
pg7_6_img017,10,pg_el|pg_im
pg7_6_img018,10,pg_el|pg_im
pg7_6_img019,10,pg_el|pg_im
pg7_6_img020,10,pg_el|pg_im
pg7_6_img021,10,pg_el|pg_im
pg7_6_img022,10,pg_el|pg_im
pg7_6_img023,10,pg_el|pg_im
pg7_6_img024,10,pg_el|pg_im
pg7_6_img025,10,pg_el|pg_im
pg7_6_img026,10,pg_el|pg_im
pg7_6_img027,10,pg_el|pg_im
pg7_6_img028,10,pg_el|pg_im
pg7_6_img029,10,pg_el|pg_im
pg7_6_img030,10,pg_el|pg_im
pg7_6_img031,10,pg_el|pg_im
pg7_6_img032,10,pg_el|pg_im
pg7_6_img033,10,pg_el|pg_im
pg7_6_img034,10,pg_el|pg_im
pg7_6_img035,10,pg_el
pg7_6_img036,10,pg_el
pg7_6_img037,10,pg_el
pg7_6_img038,10,pg_el
pg7_6_img039,10,pg_el
pg7_6_img040,10,pg_el
pg7_6_img041,10,pg_el
pg7_6_img042,10,pg_el
pg7_6_img043,10,pg_el
pg7_6_img044,10,pg_el
pg7_6_img045,10,pg_el
pg7_6_img046,10,pg_el
pg7_6_img047,10,pg_el
pg7_6_img048,10,pg_el
pg7_6_img049,10,pg_el
pg7_6_img050,10,pg_el
pg7_6_img051,10,pg_el
pg7_6_img052,10,pg_el
pg7_6_img053,10,pg_el
pg7_6_img054,10,pg_el
pg7_6_img055,10,pg_el
pg7_6_img056,10,pg_el
pg7_6_img057,10,pg_el
pg7_6_img058,10,pg_el
pg7_6_img059,10,pg_el
pg7_6_img060,10,pg_el
pg7_6_img061,10,pg_el
pg7_6_img062,10,pg_el
pg7_6_img063,10,pg_el
pg7_6_img064,10,pg_el
pg7_6_img065,10,pg_el
pg7_6_img066,10,pg_el
pg7_6_img067,10,pg_el
pg7_6_img068,10,pg_el
pg7_6_img069,10,pg_el
pg7_6_img070,10,pg_el
pg7_6_img071,10,pg_el
pg7_6_img072,10,pg_el
pg7_6_img073,10,pg_el
pg7_6_img074,10,pg_el
pg7_6_img075,10,pg_el
pg7_6_img076,10,pg_el
pg7_6_img077,10,pg_el
pg7_6_img078,10,pg_el
pg7_6_img079,10,pg_el
pg7_6_img080,10,pg_el
pg7_6_img081,10,pg_el
pg7_6_img082,10,pg_el
pg7_6_img083,10,pg_el
pg7_6_img084,10,pg_el
pg7_6_img085,10,pg_el
pg7_6_img086,10,pg_el
pg7_6_img087,10,pg_el
pg7_6_img088,10,pg_el
pg7_6_img089,10,pg_el
pg7_6_img090,10,pg_el
pg7_6_img091,10,pg_el
pg7_6_img092,10,pg_el
pg7_6_img093,10,pg_el
pg7_6_img094,10,pg_el
pg7_6_img095,10,pg_el
pg7_6_img096,10,pg_el
pg7_6_img097,10,pg_el
pg7_7_img001,10,pg_im
pg7_7_img002,10,pg_im
pg7_7_img003,10,pg_im
pg7_7_img004,10,pg_im
pg7_7_img005,10,pg_im
pg7_7_img006,10,pg_im
pg7_7_img007,10,pg_im
pg7_7_img008,10,pg_im
pg7_7_img009,10,pg_im
pg7_7_img010,10,pg_im
pg7_7_img011,10,pg_im
pg7_7_img012,10,pg_im
pg7_7_img013,10,pg_im
pg7_7_img014,10,pg_im
pg7_7_img015,10,pg_im
pg7_7_img016,10,pg_im
pg7_7_img017,10,pg_im
pg7_7_img018,10,pg_im
pg7_7_img019,10,pg_im
pg7_7_img020,10,pg_im
pg7_7_img021,10,pg_im
pg7_7_img022,10,pg_el|pg_im
pg7_7_img023,10,pg_el|pg_im
pg7_7_img024,10,pg_el|pg_im
pg7_7_img025,10,pg_el|pg_im
pg7_7_img026,10,pg_el|pg_im
pg7_7_img027,10,pg_el|pg_im
pg7_7_img028,10,pg_el|pg_im
pg7_7_img029,10,pg_el|pg_im
pg7_7_img030,10,pg_el|pg_im
pg7_7_img031,10,pg_el|pg_im
pg7_7_img032,10,pg_el|pg_im
pg7_7_img033,10,pg_el|pg_im
pg7_7_img034,10,pg_el|pg_im
pg7_7_img035,10,pg_el|pg_im
pg7_7_img036,10,pg_el|pg_im
pg7_7_img037,10,pg_el|pg_im
pg7_7_img038,10,pg_el|pg_im
pg7_7_img039,10,pg_el|pg_im
pg7_7_img040,10,pg_el|pg_im
pg7_7_img041,10,pg_el|pg_im
pg7_7_img042,10,pg_el|pg_im
pg7_7_img043,10,pg_el|pg_im
pg7_7_img044,10,pg_el|pg_im
pg7_7_img045,10,pg_el|pg_im
pg7_7_img046,10,pg_el|pg_im
pg7_7_img047,10,pg_el|pg_im
pg7_7_img048,10,pg_el|pg_im
pg7_7_img049,10,pg_el|pg_im
pg7_7_img050,10,pg_el|pg_im
pg7_7_img051,10,pg_el|pg_im
pg7_7_img052,10,pg_el|pg_im
pg7_7_img053,10,pg_el|pg_im
pg7_7_img054,10,pg_el|pg_im
pg7_7_img055,10,pg_el|pg_im
pg7_7_img056,10,pg_el|pg_im
pg7_7_img057,10,pg_el|pg_im
pg7_7_img058,10,pg_el|pg_im
pg7_7_img059,10,pg_el|pg_im
pg7_7_img060,10,pg_el|pg_im
pg7_7_img061,10,pg_el|pg_im
pg7_7_img062,10,pg_el|pg_im
pg7_7_img063,10,pg_el|pg_im
pg7_7_img064,10,pg_el|pg_im
pg7_7_img065,10,pg_el|pg_im
pg7_7_img066,10,pg_el|pg_im
pg7_7_img067,10,pg_el|pg_im
pg7_7_img068,10,pg_el|pg_im
pg7_7_img069,10,pg_el|pg_im
pg7_7_img070,10,pg_el|pg_im
pg7_7_img071,10,pg_el|pg_im
pg7_7_img072,10,pg_el|pg_im
pg7_7_img073,10,pg_el|pg_im
pg7_7_img074,10,pg_el|pg_im
pg7_7_img075,10,pg_el|pg_im
pg7_7_img076,10,pg_el|pg_im
pg7_7_img077,10,pg_el|pg_im
pg7_7_img078,10,pg_el|pg_im
pg7_7_img079,10,pg_el|pg_im
pg7_7_img080,10,pg_el|pg_im
pg7_7_img081,10,pg_el|pg_im
pg7_7_img082,10,pg_el|pg_im
pg7_7_img083,10,pg_el|pg_im
pg7_7_img084,10,pg_el|pg_im
pg7_7_img085,10,pg_el|pg_im
pg7_7_img086,10,pg_el|pg_im
pg7_7_img087,10,pg_el|pg_im
pg7_7_img088,10,pg_el|pg_im
pg7_7_img089,10,pg_el|pg_im
pg7_7_img090,10,pg_el|pg_im
pg7_7_img091,10,pg_el|pg_im
pg7_7_img092,10,pg_el|pg_im
pg7_7_img093,10,pg_el|pg_im
pg7_7_img094,10,pg_el|pg_im
pg7_7_img095,10,pg_el|pg_im
pg7_7_img096,10,pg_el|pg_im
pg7_7_img097,10,pg_el|pg_im
pg7_8_img001,10,pg_im
pg7_8_img002,10,pg_im
pg7_8_img003,10,pg_im
pg7_8_img004,10,pg_im
pg7_8_img005,10,pg_im
pg7_8_img006,10,pg_im
pg7_8_img007,10,pg_im
pg7_8_img008,10,pg_im
pg7_8_img009,10,pg_im
pg7_8_img010,10,pg_im
pg7_8_img011,10,pg_im
pg7_8_img012,10,pg_im
pg7_8_img013,10,pg_im
pg7_8_img014,10,pg_el|pg_im
pg7_8_img015,10,pg_el|pg_im
pg7_8_img016,10,pg_el|pg_im
pg7_8_img017,10,pg_el|pg_im
pg7_8_img018,10,pg_el|pg_im
pg7_8_img019,10,pg_el|pg_im
pg7_8_img020,10,pg_el|pg_im
pg7_8_img021,10,pg_el|pg_im
pg7_8_img022,10,pg_el|pg_im
pg7_8_img023,10,pg_el|pg_im
pg7_8_img024,10,pg_el|pg_im
pg7_8_img025,10,pg_el|pg_im
pg7_8_img026,10,pg_el|pg_im
pg7_8_img027,10,pg_el|pg_im
pg7_8_img028,10,pg_el|pg_im
pg7_8_img029,10,pg_el|pg_im
pg7_8_img030,10,pg_el|pg_im
pg7_8_img031,10,pg_el|pg_im
pg7_8_img032,10,pg_el|pg_im
pg7_8_img033,10,pg_el|pg_im
pg7_8_img034,10,pg_el|pg_im
pg7_8_img035,10,pg_el|pg_im
pg7_8_img036,10,pg_el|pg_im
pg7_8_img037,10,pg_el|pg_im
pg7_8_img038,10,pg_el|pg_im
pg7_8_img039,10,pg_el|pg_im
pg7_8_img040,10,pg_el|pg_im
pg7_8_img041,10,pg_el|pg_im
pg7_8_img042,10,pg_el|pg_im
pg7_8_img043,10,pg_el|pg_im
pg7_8_img044,10,pg_el|pg_im
pg7_8_img045,10,pg_el|pg_im
pg7_8_img046,10,pg_el|pg_im
pg7_8_img047,10,pg_el|pg_im
pg7_8_img048,10,pg_el|pg_im
pg7_8_img049,10,pg_el|pg_im
pg7_8_img050,10,pg_el|pg_im
pg7_8_img051,10,pg_el|pg_im
pg7_8_img052,10,pg_el|pg_im
pg7_8_img053,10,pg_el|pg_im
pg7_8_img054,10,pg_el|pg_im
pg7_8_img055,10,pg_el|pg_im
pg7_8_img056,10,pg_el|pg_im
pg7_8_img057,10,pg_el|pg_im
pg7_8_img058,10,pg_el|pg_im
pg7_8_img059,10,pg_el|pg_im
pg7_8_img060,10,pg_el|pg_im
pg7_8_img061,10,pg_el|pg_im
pg7_8_img062,10,pg_el|pg_im
pg7_8_img063,10,pg_el|pg_im
pg7_8_img064,10,pg_el|pg_im
pg7_8_img065,10,pg_el|pg_im
pg7_8_img066,10,pg_el|pg_im
pg7_8_img067,10,pg_el|pg_im
pg7_8_img068,10,pg_el|pg_im
pg7_8_img069,10,pg_el|pg_im
pg7_8_img070,10,pg_el|pg_im
pg7_8_img071,10,pg_el|pg_im
pg7_8_img072,10,pg_el|pg_im
pg7_8_img073,10,pg_el|pg_im
pg7_8_img074,10,pg_el|pg_im
pg7_8_img075,10,pg_el|pg_im
pg7_8_img076,10,pg_el|pg_im
pg7_8_img077,10,pg_el|pg_im
pg7_8_img078,10,pg_el|pg_im
pg7_8_img079,10,pg_el|pg_im
pg7_8_img080,10,pg_el|pg_im
pg7_8_img081,10,pg_el|pg_im
pg7_8_img082,10,pg_el|pg_im
pg7_8_img083,10,pg_el|pg_im
pg7_8_img084,10,pg_el|pg_im
pg7_8_img085,10,pg_el|pg_im
pg7_8_img086,10,pg_el|pg_im
pg7_8_img087,10,pg_el|pg_im
pg7_8_img088,10,pg_el|pg_im
pg7_8_img089,10,pg_el|pg_im
pg7_8_img090,10,pg_el|pg_im
pg7_8_img091,10,pg_el|pg_im
pg7_8_img092,10,pg_el|pg_im
pg7_8_img093,10,pg_el|pg_im
pg7_8_img094,10,pg_el|pg_im
pg7_8_img095,10,pg_el|pg_im
pg7_8_img096,10,pg_el|pg_im
pg7_8_img097,10,pg_el|pg_im
pg7_9_img001,10,pg_im
pg7_9_img002,10,pg_im
pg7_9_img003,10,pg_im
pg7_9_img004,10,pg_im
pg7_9_img005,10,pg_im
pg7_9_img006,10,pg_im
pg7_9_img007,10,pg_im
pg7_9_img008,10,pg_im
pg7_9_img009,10,pg_im
pg7_9_img010,10,pg_im
pg7_9_img011,10,pg_im
pg7_9_img012,10,pg_im
pg7_9_img013,10,pg_im
pg7_9_img014,10,pg_im
pg7_9_img015,10,pg_im
pg7_9_img016,10,pg_im
pg7_9_img017,10,pg_im
pg7_9_img018,10,pg_im
pg7_9_img019,10,pg_im
pg7_9_img020,10,pg_im
pg7_9_img021,10,pg_el|pg_im
pg7_9_img022,10,pg_el|pg_im
pg7_9_img023,10,pg_el|pg_im
pg7_9_img024,10,pg_el|pg_im
pg7_9_img025,10,pg_el|pg_im
pg7_9_img026,10,pg_el|pg_im
pg7_9_img027,10,pg_el|pg_im
pg7_9_img028,10,pg_el|pg_im
pg7_9_img029,10,pg_el|pg_im
pg7_9_img030,10,pg_el|pg_im
pg7_9_img031,10,pg_el|pg_im
pg7_9_img032,10,pg_el|pg_im
pg7_9_img033,10,pg_el|pg_im
pg7_9_img034,10,pg_el|pg_im
pg7_9_img035,10,pg_el|pg_im
pg7_9_img036,10,pg_el|pg_im
pg7_9_img037,10,pg_el|pg_im
pg7_9_img038,10,pg_el|pg_im
pg7_9_img039,10,pg_el|pg_im
pg7_9_img040,10,pg_el|pg_im
pg7_9_img041,10,pg_el|pg_im
pg7_9_img042,10,pg_el|pg_im
pg7_9_img043,10,pg_el|pg_im
pg7_9_img044,10,pg_el|pg_im
pg7_9_img045,10,pg_el|pg_im
pg7_9_img046,10,pg_el|pg_im
pg7_9_img047,10,pg_el|pg_im
pg7_9_img048,10,pg_el|pg_im
pg7_9_img049,10,pg_el|pg_im
pg7_9_img050,10,pg_el|pg_im
pg7_9_img051,10,pg_el|pg_im
pg7_9_img052,10,pg_el|pg_im
pg7_9_img053,10,pg_el
pg7_9_img054,10,pg_el
pg7_9_img055,10,pg_el
pg7_9_img056,10,pg_el
pg7_9_img057,10,pg_el
pg7_9_img058,10,pg_el
pg7_9_img059,10,pg_el
pg7_9_img060,10,pg_el
pg7_9_img061,10,pg_el
pg7_9_img062,10,pg_el
pg7_9_img063,10,pg_el
pg7_9_img064,10,pg_el
pg7_9_img065,10,pg_el
pg7_9_img066,10,pg_el
pg7_9_img067,10,pg_el
pg7_9_img068,10,pg_el
pg7_9_img069,10,pg_el
pg7_9_img070,10,pg_el
pg7_9_img071,10,pg_el
pg7_9_img072,10,pg_el
pg7_9_img073,10,pg_el
pg7_9_img074,10,pg_el
pg7_9_img075,10,pg_el
pg7_9_img076,10,pg_el
pg7_9_img077,10,pg_el
pg7_9_img078,10,pg_el
pg7_9_img079,10,pg_el
pg7_9_img080,10,pg_el
pg7_9_img081,10,pg_el
pg7_9_img082,10,pg_el
pg7_9_img083,10,pg_el
pg7_9_img084,10,pg_el
pg7_9_img085,10,pg_el
pg7_9_img086,10,pg_el
pg7_9_img087,10,pg_el
pg7_9_img088,10,pg_el
pg7_9_img089,10,pg_el
pg7_9_img090,10,pg_el
pg7_9_img091,10,pg_el
pg7_9_img092,10,pg_el
pg7_9_img093,10,pg_el
pg7_9_img094,10,pg_el
pg7_9_img095,10,pg_el
pg7_9_img096,10,pg_el
pg7_9_img097,10,pg_el
pg8_1_img001,12,pg_im
pg8_1_img002,12,pg_im
pg8_1_img003,12,pg_im
pg8_1_img004,12,pg_el|pg_im
pg8_1_img005,12,pg_el|pg_im
pg8_1_img006,12,pg_el|pg_im
pg8_1_img007,12,pg_el|pg_im
pg8_1_img008,12,pg_im
pg8_1_img009,12,pg_im
pg8_1_img010,12,pg_im
pg8_1_img011,12,pg_im
pg8_1_img012,12,pg_el|pg_im
pg8_1_img013,12,pg_el|pg_im
pg8_1_img014,12,pg_el|pg_im
pg8_1_img015,12,pg_el|pg_im
pg8_1_img016,12,pg_el|pg_im
pg8_1_img017,12,pg_el|pg_im
pg8_1_img018,12,pg_el|pg_im
pg8_1_img019,12,pg_el|pg_im
pg8_1_img020,12,pg_el|pg_im
pg8_1_img021,12,pg_el|pg_im
pg8_1_img022,12,pg_el|pg_im
pg8_1_img023,12,pg_el|pg_im
pg8_1_img024,12,pg_el|pg_im
pg8_1_img025,12,pg_el|pg_im
pg8_1_img026,12,pg_el|pg_im
pg8_1_img027,12,pg_el|pg_im
pg8_1_img028,12,pg_el|pg_im
pg8_1_img029,12,pg_el|pg_im
pg8_1_img030,12,pg_el|pg_im
pg8_1_img031,12,pg_el|pg_im
pg8_1_img032,12,pg_el|pg_im
pg8_1_img033,12,pg_el|pg_im
pg8_1_img034,12,pg_el|pg_im
pg8_1_img035,12,pg_el|pg_im
pg8_1_img036,12,pg_el|pg_im
pg8_1_img037,12,pg_el|pg_im
pg8_1_img038,12,pg_el|pg_im
pg8_1_img039,12,pg_el
pg8_1_img040,12,pg_el|pg_im
pg8_1_img041,12,pg_el|pg_im
pg8_1_img042,12,pg_el
pg8_1_img043,12,pg_el
pg8_1_img044,12,pg_el
pg8_1_img045,12,pg_el
pg8_1_img046,12,pg_el
pg8_1_img047,12,pg_el
pg8_1_img048,12,pg_el
pg8_1_img049,12,pg_el
pg8_1_img050,12,pg_el
pg8_1_img051,12,pg_el
pg8_1_img052,12,pg_el
pg8_1_img053,12,pg_el
pg8_1_img054,12,pg_el
pg8_1_img055,12,pg_el
pg8_1_img056,12,pg_el
pg8_1_img057,12,pg_el
pg8_1_img058,12,pg_el
pg8_1_img059,12,pg_el
pg8_1_img060,12,pg_el
pg8_1_img061,12,pg_el
pg8_1_img062,12,pg_el
pg8_1_img063,12,pg_el
pg8_1_img064,12,pg_el
pg8_1_img065,12,pg_el
pg8_1_img066,12,pg_el
pg8_1_img067,12,pg_el
pg8_1_img068,12,pg_el
pg8_1_img069,12,pg_el
pg8_1_img070,12,pg_el
pg8_1_img071,12,pg_el
pg8_1_img072,12,pg_el
pg8_1_img073,12,pg_el
pg8_1_img074,12,pg_el
pg8_1_img075,12,pg_el
pg8_1_img076,12,pg_el
pg8_1_img077,12,pg_el
pg8_1_img078,12,pg_el
pg8_1_img079,12,pg_el
pg8_1_img080,12,pg_el
pg8_1_img081,12,pg_el
pg8_1_img082,12,pg_el
pg8_1_img083,12,pg_el
pg8_1_img084,12,pg_el
pg8_1_img085,12,pg_el
pg8_1_img086,12,pg_el
pg8_1_img087,12,pg_el
pg8_1_img088,12,pg_el
pg8_1_img089,12,pg_el
pg8_1_img090,12,pg_el
pg8_1_img091,12,pg_el
pg8_1_img092,12,pg_el
pg8_1_img093,12,pg_el
pg8_1_img094,12,pg_el
pg8_1_img095,12,pg_el
pg8_1_img096,12,pg_el
pg8_1_img097,12,pg_el
