seed_key,group,track_id,width_change_p15,mean_iou_p15,height_change_p15,area_change_p15,std_center_x_p15,std_center_y_p15,std_iou_p15,middle_mean_width_p15,movement_std_p15,median_movement_p15,middle_mean_height_p15,early_mean_area_p15,max_movement_p15,early_mean_width_p15,middle_mean_area_p15,width_change_reconstructed,mean_iou_reconstructed,height_change_reconstructed,area_change_reconstructed,std_center_x_reconstructed,std_center_y_reconstructed,std_iou_reconstructed,middle_mean_width_reconstructed,movement_std_reconstructed,median_movement_reconstructed,middle_mean_height_reconstructed,early_mean_area_reconstructed,max_movement_reconstructed,early_mean_width_reconstructed,middle_mean_area_reconstructed
pg1_10__0,pg1_10,0,7.0,0.9929870065472898,1.0,297.0,0.4110158140051458,0.9546803669499248,0.0234172778942198,40.65625,0.3397032116517779,0.0,37.46875,1446.75,2.1213203435596424,38.96875,1523.40625,7.0,0.9929870065472898,1.0,297.0,0.41101581400514586,0.9546803669499248,0.023417277894219893,40.65625,0.3397032116517779,0.0,37.46875,1446.75,2.1213203435596424,38.96875,1523.40625
pg1_10__1,pg1_10,1,0.0,0.9990234375,-1.0,-41.0,0.0,0.38903014977553,0.0054372698855761,41.0,0.086996318169219,0.0,31.0,1281.25,0.5,41.0,1271.0,0.0,0.9990234375,-1.0,-41.0,0.0,0.38903014977553,0.005437269885576193,41.0,0.08699631816921909,0.0,31.0,1281.25,0.5,41.0,1271.0
pg1_10__2,pg1_10,2,4.0,0.9947544106548464,-6.0,-94.0,0.8430632594740272,0.4812898494943278,0.0257033371057433,37.0,0.2794681837725708,0.0,37.0,1371.1875,2.23606797749979,36.75,1369.0,4.0,0.9947544106548465,-6.0,-94.0,0.8430632594740272,0.4812898494943278,0.025703337105743355,37.0,0.2794681837725708,0.0,37.0,1371.1875,2.23606797749979,36.75,1369.0
pg1_10__3,pg1_10,3,102.0,0.9753259754455031,49.0,10887.0,11.508463571022135,2.836841047224645,0.0287440489353642,47.0625,0.7404965710669876,0.5,40.9375,1563.6875,3.1622776601683795,39.65625,1931.3125,102.0,0.9753259754455031,49.0,10887.0,11.508463571022137,2.836841047224645,0.02874404893536424,47.0625,0.7404965710669876,0.5,40.9375,1563.6875,3.1622776601683795,39.65625,1931.3125
pg1_10__4,pg1_10,4,66.0,0.9616970731835132,115.0,13991.0,11.83416920810238,10.911461668756903,0.0319973868917045,43.8125,0.7637460491773956,0.8535533905932737,43.125,1261.09375,2.692582403567252,34.84375,1941.59375,66.0,0.9616970731835132,115.0,13991.0,11.834169208102379,10.911461668756905,0.03199738689170455,43.8125,0.7637460491773956,0.8535533905932737,43.125,1261.09375,2.692582403567252,34.84375,1941.59375
pg1_10__5,pg1_10,5,45.0,0.9760964392231476,89.0,9233.0,4.116165776980037,8.728248703668793,0.0255685243482119,43.6875,0.5735692559284462,0.25,53.21875,1668.84375,1.8027756377319943,37.5625,2339.84375,45.0,0.9760964392231477,89.0,9233.0,4.116165776980037,8.728248703668793,0.02556852434821199,43.6875,0.5735692559284462,0.25,53.21875,1668.84375,1.8027756377319946,37.5625,2339.84375
pg1_10__6,pg1_10,6,64.0,0.9558599642421348,175.0,21524.0,8.789002925852937,4.996991336265186,0.0587892436767162,39.25,1.7365810619248458,0.5,53.125,1710.75,11.672617529928752,40.90625,2078.59375,64.0,0.9558599642421347,175.0,21524.0,8.789002925852937,4.996991336265186,0.05878924367671625,39.25,1.7365810619248458,0.5,53.125,1710.75,11.672617529928752,40.90625,2078.59375
pg1_10__7,pg1_10,7,0.0,0.9982719264403292,0.0,0.0,0.3205837485663136,0.3192548982928251,0.0087465659958005,35.0,0.1415561658792839,0.0,36.0,1263.40625,1.0,35.125,1260.0,0.0,0.9982719264403291,0.0,0.0,0.3205837485663136,0.31925489829282516,0.008746565995800534,35.0,0.1415561658792839,0.0,36.0,1263.40625,1.0,35.125,1260.0
pg1_10__8,pg1_10,8,246.0,0.9552256062371052,75.0,28818.0,29.218099032707983,12.027881927877132,0.0614160652523618,62.53125,1.325599647788415,1.4142135623730951,54.0625,1163.71875,5.830951894845301,31.6875,3678.8125,246.0,0.9552256062371053,75.0,28818.0,29.218099032707983,12.027881927877132,0.061416065252361866,62.53125,1.3255996477884153,1.4142135623730951,54.0625,1163.71875,5.830951894845301,31.6875,3678.8125
pg1_10__9,pg1_10,9,116.0,0.9756498731440316,21.0,7357.0,17.543640074011005,1.4485728387659114,0.0322765252456734,45.71875,0.8170467274219847,0.25,35.28125,1548.5625,2.23606797749979,42.71875,1612.78125,116.0,0.9756498731440315,21.0,7357.0,17.543640074011005,1.4485728387659114,0.03227652524567348,45.71875,0.8170467274219847,0.25,35.28125,1548.5625,2.23606797749979,42.71875,1612.78125
pg1_11__0,pg1_11,0,3.0,0.9991071428571427,0.0,117.0,0.1515148294505059,0.0,0.0087024949507222,35.0,0.15229366163764,0.0,39.0,1361.34375,1.5,34.90625,1365.0,3.0,0.9991071428571429,0.0,117.0,0.15151482945050593,0.0,0.008702494950722289,35.0,0.15229366163764005,0.0,39.0,1361.34375,1.5,34.90625,1365.0
pg1_11__1,pg1_11,1,11.0,0.9888498184057144,12.0,926.0,1.566331920437831,1.6815504336724971,0.018937111730449,35.21875,0.3086852514984501,0.0,35.25,1212.84375,1.118033988749895,35.1875,1241.8125,11.0,0.9888498184057143,12.0,926.0,1.566331920437831,1.6815504336724973,0.018937111730449,35.21875,0.3086852514984501,0.0,35.25,1212.84375,1.118033988749895,35.1875,1241.8125
pg1_11__2,pg1_11,2,1.0,0.9948769486547896,-1.0,4.0,0.4313296602365367,0.9409158110601762,0.0186094562161857,33.0,0.3025908601751464,0.0,37.0,1230.03125,2.549509756796392,32.9375,1221.0,1.0,0.9948769486547896,-1.0,4.0,0.43132966023653674,0.9409158110601762,0.01860945621618572,33.0,0.3025908601751464,0.0,37.0,1230.03125,2.5495097567963922,32.9375,1221.0
pg1_11__3,pg1_11,3,11.0,0.9834460844860828,16.0,1127.0,2.052193857318487,1.6984360088570836,0.0245294540136631,34.4375,0.3939719295299438,0.0,41.0,1227.1875,2.23606797749979,34.0,1411.90625,11.0,0.9834460844860828,16.0,1127.0,2.052193857318487,1.6984360088570836,0.02452945401366319,34.4375,0.39397192952994387,0.0,41.0,1227.1875,2.23606797749979,34.0,1411.90625
pg1_11__4,pg1_11,4,60.0,0.9776344150631416,22.0,4468.0,4.81097692681314,1.879161163581206,0.0325087274778948,35.40625,0.5686635098725278,0.0,47.53125,1422.6875,3.605551275463989,34.0,1683.09375,60.0,0.9776344150631417,22.0,4468.0,4.81097692681314,1.879161163581206,0.032508727477894864,35.40625,0.5686635098725278,0.0,47.53125,1422.6875,3.605551275463989,34.0,1683.09375
pg1_11__5,pg1_11,5,30.0,0.9832360162940608,49.0,4431.0,1.7118214451919158,3.7336884412239377,0.022901102221335,39.0625,0.4087458059463709,0.0,44.5,1439.59375,1.8027756377319943,38.5625,1739.78125,30.0,0.9832360162940607,49.0,4431.0,1.7118214451919158,3.7336884412239377,0.022901102221335047,39.0625,0.40874580594637094,0.0,44.5,1439.59375,1.8027756377319946,38.5625,1739.78125
pg1_11__6,pg1_11,6,49.0,0.9767619787480842,21.0,3577.0,5.773490419585007,5.348787039817692,0.0284841032834687,47.625,0.515489950230273,0.5,40.40625,1430.84375,2.9154759474226504,41.96875,1932.0,49.0,0.9767619787480842,21.0,3577.0,5.7734904195850065,5.348787039817692,0.0284841032834687,47.625,0.515489950230273,0.5,40.40625,1430.84375,2.9154759474226504,41.96875,1932.0
pg1_11__7,pg1_11,7,138.0,0.962265046338968,61.0,16115.0,11.872225106646551,3.440589402454819,0.0513625942433049,55.0,1.37216172847358,0.5,33.25,1549.21875,7.5,44.71875,1826.40625,138.0,0.962265046338968,61.0,16115.0,11.872225106646551,3.440589402454819,0.0513625942433049,55.0,1.37216172847358,0.5,33.25,1549.21875,7.5,44.71875,1826.40625
pg1_11__8,pg1_11,8,14.0,0.9800958326355002,42.0,2632.0,2.231417043375981,3.7980912133207134,0.0281575838517714,39.4375,0.4473159848273645,0.0,35.5625,1216.0,1.8027756377319943,38.0,1404.59375,14.0,0.9800958326355002,42.0,2632.0,2.2314170433759815,3.7980912133207134,0.028157583851771476,39.4375,0.4473159848273645,0.0,35.5625,1216.0,1.8027756377319946,38.0,1404.59375
pg1_11__9,pg1_11,9,17.0,0.9782371897931682,80.0,4595.0,1.9496805170071527,9.35802276516434,0.0254699202874659,36.6875,0.4738065776885316,0.5,40.71875,1203.71875,1.5811388300841898,34.0625,1493.5625,17.0,0.9782371897931682,80.0,4595.0,1.9496805170071532,9.35802276516434,0.025469920287465926,36.6875,0.4738065776885316,0.5,40.71875,1203.71875,1.5811388300841898,34.0625,1493.5625
pg1_12__0,pg1_12,0,5.0,0.9936001903314798,9.0,553.0,1.5608601502200672,1.159759449662706,0.0246542049644786,42.125,0.3445150599557321,0.0,42.09375,1481.71875,2.5,38.8125,1773.1875,5.0,0.9936001903314798,9.0,553.0,1.5608601502200672,1.159759449662706,0.02465420496447862,42.125,0.3445150599557321,0.0,42.09375,1481.71875,2.5,38.8125,1773.1875
pg1_12__1,pg1_12,1,56.0,0.963457770007567,42.0,6174.0,7.53259470534588,3.310691158740104,0.0569719012229565,43.21875,1.1566164899187863,0.5,45.90625,1454.53125,5.656854249492381,36.875,2025.96875,56.0,0.963457770007567,42.0,6174.0,7.53259470534588,3.3106911587401036,0.05697190122295657,43.21875,1.1566164899187863,0.5,45.90625,1454.53125,5.656854249492381,36.875,2025.96875
pg1_12__2,pg1_12,2,22.0,0.9699708506526732,150.0,10414.0,4.881761711384348,8.644927716020502,0.0368598553032741,43.46875,0.9439136335535724,0.5,52.15625,1734.5625,4.716990566028302,41.4375,2267.5625,22.0,0.9699708506526731,150.0,10414.0,4.881761711384348,8.644927716020502,0.03685985530327413,43.46875,0.9439136335535725,0.5,52.15625,1734.5625,4.716990566028302,41.4375,2267.5625
pg1_12__3,pg1_12,3,73.0,0.9732063255479224,14.0,4457.0,3.718921237765998,1.99451900684292,0.0340242813376349,42.71875,0.7847678808222471,0.25,39.09375,1665.75,5.220153254455275,42.8125,1669.78125,73.0,0.9732063255479225,14.0,4457.0,3.718921237765998,1.9945190068429202,0.034024281337634917,42.71875,0.7847678808222471,0.25,39.09375,1665.75,5.220153254455275,42.8125,1669.78125
pg1_12__4,pg1_12,4,119.0,0.9564348965803924,177.0,33083.0,10.011416057812353,9.753304717756924,0.0395834734801865,44.5,1.3554297311864936,1.118033988749895,59.625,1644.5625,6.519202405202649,39.15625,2691.28125,119.0,0.9564348965803923,177.0,33083.0,10.011416057812353,9.753304717756924,0.03958347348018653,44.5,1.3554297311864936,1.118033988749895,59.625,1644.5625,6.519202405202649,39.15625,2691.28125
pg1_12__5,pg1_12,5,60.0,0.9731209783122527,108.0,13248.0,4.003538927643753,5.220415380160643,0.0325557488470185,44.90625,0.7376146494989232,0.5,47.59375,1618.59375,4.0,40.9375,2151.09375,60.0,0.9731209783122529,108.0,13248.0,4.003538927643753,5.220415380160643,0.03255574884701859,44.90625,0.7376146494989232,0.5,47.59375,1618.59375,4.0,40.9375,2151.09375
pg1_12__6,pg1_12,6,77.0,0.9587156201482192,148.0,19881.0,8.132942580750688,20.337456249177635,0.0486358262351466,43.40625,1.303461336546749,0.6035533905932737,50.40625,1541.0625,4.924428900898052,36.46875,2252.6875,77.0,0.9587156201482193,148.0,19881.0,8.132942580750688,20.337456249177635,0.04863582623514661,43.40625,1.303461336546749,0.6035533905932737,50.40625,1541.0625,4.924428900898052,36.46875,2252.6875
pg1_12__7,pg1_12,7,22.0,0.978150723798628,49.0,3766.0,5.818156115883963,5.7529329602219565,0.0294564162990157,44.5625,0.6381222354982518,0.0,44.03125,1556.5625,2.549509756796392,37.71875,1963.625,22.0,0.9781507237986281,49.0,3766.0,5.818156115883963,5.7529329602219565,0.02945641629901578,44.5625,0.6381222354982518,0.0,44.03125,1556.5625,2.5495097567963922,37.71875,1963.625
pg1_12__8,pg1_12,8,11.0,0.992377323255209,12.0,1005.0,1.5653647083697062,1.1109891762429476,0.0280137761333298,44.375,0.391033667590092,0.0,48.5,1626.34375,3.1622776601683795,39.15625,2153.59375,11.0,0.992377323255209,12.0,1005.0,1.5653647083697062,1.1109891762429476,0.02801377613332986,44.375,0.391033667590092,0.0,48.5,1626.34375,3.1622776601683795,39.15625,2153.59375
pg1_12__9,pg1_12,9,98.0,0.9644451181460694,84.0,15974.0,8.589704703256608,8.816422275071893,0.0445217750315234,52.03125,1.3543624951994002,0.7071067811865476,70.96875,1938.0625,8.246211251235321,42.09375,3899.28125,98.0,0.9644451181460694,84.0,15974.0,8.589704703256608,8.816422275071893,0.044521775031523485,52.03125,1.3543624951994002,0.7071067811865476,70.96875,1938.0625,8.246211251235321,42.09375,3899.28125
pg1_1__0,pg1_1,0,92.0,0.962538616179625,176.0,26184.0,12.226593329314156,22.59535597407753,0.039996419207372,53.8125,1.2236386714469691,0.7071067811865476,40.96875,1337.8125,3.5355339059327378,39.125,2314.46875,92.0,0.962538616179625,176.0,26184.0,12.226593329314156,22.59535597407753,0.03999641920737207,53.8125,1.2236386714469691,0.7071067811865476,40.96875,1337.8125,3.5355339059327378,39.125,2314.46875
pg1_1__1,pg1_1,1,-5.0,0.9933224118427774,5.0,35.0,1.090617382423018,1.377243963600762,0.0235784922291541,48.6875,0.4281378216339109,0.0,43.90625,1964.0,3.605551275463989,48.125,2138.125,-5.0,0.9933224118427774,5.0,35.0,1.0906173824230179,1.377243963600762,0.023578492229154157,48.6875,0.42813782163391095,0.0,43.90625,1964.0,3.605551275463989,48.125,2138.125
pg1_1__2,pg1_1,2,2.0,0.9957240515511848,0.0,72.0,0.4526700701051576,0.8650277048587741,0.0216486895125647,38.0,0.3309440055168647,0.0,36.0,1334.4375,2.8284271247461903,36.875,1368.0,2.0,0.9957240515511847,0.0,72.0,0.45267007010515764,0.8650277048587741,0.021648689512564715,38.0,0.33094400551686476,0.0,36.0,1334.4375,2.8284271247461903,36.875,1368.0
pg1_1__3,pg1_1,3,3.0,0.9975262806582188,0.0,123.0,0.6060154751197364,0.3030296589010118,0.0178237813269741,46.34375,0.3310899716663929,0.0,41.0,1823.21875,3.1622776601683795,44.46875,1900.09375,3.0,0.9975262806582187,0.0,123.0,0.6060154751197364,0.30302965890101186,0.01782378132697416,46.34375,0.3310899716663929,0.0,41.0,1823.21875,3.1622776601683795,44.46875,1900.09375
pg1_1__4,pg1_1,4,3.0,0.9981327650875524,2.0,189.0,0.3496806310545696,0.2486011453976802,0.0120941668475988,45.0,0.1816881934909262,0.0,35.0,1523.9375,1.5811388300841898,44.0,1575.0,3.0,0.9981327650875523,2.0,189.0,0.34968063105456965,0.24860114539768027,0.01209416684759886,45.0,0.18168819349092621,0.0,35.0,1523.9375,1.5811388300841898,44.0,1575.0
pg1_1__5,pg1_1,5,3.0,0.997483583321998,4.0,267.0,0.1703372334212196,0.2152640517301144,0.0112716241242459,41.96875,0.1927224804862573,0.0,37.0,1401.71875,1.5,39.75,1552.84375,3.0,0.997483583321998,4.0,267.0,0.17033723342121965,0.21526405173011445,0.011271624124245969,41.96875,0.19272248048625737,0.0,37.0,1401.71875,1.5,39.75,1552.84375
pg1_1__6,pg1_1,6,1.0,0.9972474475020088,0.0,38.0,0.4727678139298185,0.3625144530415926,0.0156048040541394,41.0,0.2509223865276656,0.0,37.0,1552.03125,2.23606797749979,41.53125,1517.0,1.0,0.9972474475020087,0.0,38.0,0.4727678139298185,0.36251445304159263,0.01560480405413946,41.0,0.2509223865276656,0.0,37.0,1552.03125,2.23606797749979,41.53125,1517.0
pg1_1__7,pg1_1,7,5.0,0.9932266508661586,0.0,170.0,0.3624411511597309,0.6561189541913128,0.0355309790836831,41.0,0.5372594490219014,0.0,36.0,1435.375,4.242640687119285,40.5625,1476.0,5.0,0.9932266508661586,0.0,170.0,0.3624411511597309,0.6561189541913128,0.035530979083683106,41.0,0.5372594490219014,0.0,36.0,1435.375,4.242640687119285,40.5625,1476.0
pg1_1__8,pg1_1,8,6.0,0.9905267254579864,8.0,596.0,1.4649879925306943,0.8067957192213763,0.0321261383586277,43.875,0.5647773440101949,0.0,43.71875,1755.25,4.609772228646444,41.40625,1919.25,6.0,0.9905267254579865,8.0,596.0,1.4649879925306943,0.8067957192213763,0.032126138358627716,43.875,0.5647773440101949,0.0,43.71875,1755.25,4.6097722286464435,41.40625,1919.25
pg1_1__9,pg1_1,9,83.0,0.9659182614826964,138.0,20985.0,4.999202827300755,18.394569499038223,0.0456483013479107,56.375,1.0308080703485938,1.0,62.25,1951.03125,4.242640687119285,42.5625,3732.0,83.0,0.9659182614826965,138.0,20985.0,4.999202827300755,18.394569499038226,0.04564830134791071,56.375,1.0308080703485938,1.0,62.25,1951.03125,4.242640687119285,42.5625,3732.0
pg1_2__0,pg1_2,0,82.0,0.9728612002770892,8.0,3806.0,7.251688850099591,1.9840071593986277,0.0417628485705505,37.25,0.8339394498216373,0.0,34.21875,1256.6875,3.8078865529319534,35.96875,1274.0625,82.0,0.9728612002770891,8.0,3806.0,7.251688850099591,1.9840071593986275,0.04176284857055052,37.25,0.8339394498216373,0.0,34.21875,1256.6875,3.8078865529319543,35.96875,1274.0625
pg1_2__1,pg1_2,1,7.0,0.994410118552056,1.0,316.0,0.4762953540833611,0.990898103727884,0.0153884140083717,33.34375,0.2725907554635898,0.0,39.71875,1210.09375,2.0,30.46875,1324.1875,7.0,0.994410118552056,1.0,316.0,0.4762953540833611,0.9908981037278841,0.015388414008371735,33.34375,0.2725907554635898,0.0,39.71875,1210.09375,2.0,30.46875,1324.1875
pg1_2__2,pg1_2,2,13.0,0.9755584510851998,111.0,5352.0,4.316061597555224,9.541191164319844,0.0306353118935932,34.0625,0.5537249750502194,0.5,45.875,1103.59375,3.0,29.71875,1576.71875,13.0,0.9755584510851998,111.0,5352.0,4.316061597555224,9.541191164319843,0.030635311893593233,34.0625,0.5537249750502194,0.5,45.875,1103.59375,3.0,29.71875,1576.71875
pg1_2__3,pg1_2,3,105.0,0.9733663624801814,15.0,6135.0,6.4022859664942375,5.773430591694088,0.042855825174907,35.1875,1.1180391160198415,0.5,41.6875,1209.0,10.124228365658292,31.0,1483.46875,105.0,0.9733663624801814,15.0,6135.0,6.4022859664942375,5.773430591694088,0.04285582517490706,35.1875,1.1180391160198417,0.5,41.6875,1209.0,10.124228365658293,31.0,1483.46875
pg1_2__4,pg1_2,4,34.0,0.9823981826921746,10.0,2198.0,2.6971523265770743,2.4474713167941147,0.0289395061823163,48.90625,0.5800786731940311,0.0,40.53125,1995.34375,3.1622776601683795,47.8125,1982.71875,34.0,0.9823981826921746,10.0,2198.0,2.6971523265770743,2.4474713167941147,0.02893950618231632,48.90625,0.5800786731940311,0.0,40.53125,1995.34375,3.1622776601683795,47.8125,1982.71875
pg1_2__5,pg1_2,5,52.0,0.9669280002568392,161.0,16466.0,5.627931269396161,21.847410178122384,0.0426259803544577,42.3125,0.9744528255948788,1.118033988749895,62.75,1469.375,6.324555320336759,38.21875,2697.0625,52.0,0.9669280002568392,161.0,16466.0,5.627931269396161,21.847410178122384,0.04262598035445776,42.3125,0.9744528255948788,1.118033988749895,62.75,1469.375,6.324555320336759,38.21875,2697.0625
pg1_2__6,pg1_2,6,54.0,0.9682008443462466,164.0,16758.0,3.8094283133853537,19.79387886587451,0.0313786503298757,36.53125,0.8533843377610869,0.5,50.71875,1397.0,2.5,34.53125,1875.53125,54.0,0.9682008443462466,164.0,16758.0,3.8094283133853537,19.79387886587451,0.0313786503298757,36.53125,0.8533843377610869,0.5,50.71875,1397.0,2.5,34.53125,1875.53125
pg1_2__7,pg1_2,7,96.0,0.9740746547397462,12.0,5064.0,10.074654906484325,5.0701582234355005,0.0325895767742363,52.21875,0.5445134549803899,0.5,41.90625,1419.125,2.549509756796392,38.65625,2221.65625,96.0,0.9740746547397462,12.0,5064.0,10.074654906484323,5.0701582234355005,0.032589576774236385,52.21875,0.5445134549803899,0.5,41.90625,1419.125,2.5495097567963922,38.65625,2221.65625
pg1_2__8,pg1_2,8,2.0,0.99499895147761,2.0,150.0,1.574807648768452,1.2722459831498711,0.0110258351254661,34.34375,0.208072753702481,0.0,40.53125,1392.875,1.0,34.125,1392.15625,2.0,0.99499895147761,2.0,150.0,1.574807648768452,1.2722459831498711,0.011025835125466149,34.34375,0.20807275370248104,0.0,40.53125,1392.875,1.0,34.125,1392.15625
pg1_2__9,pg1_2,9,72.0,0.9665498594306972,116.0,15612.0,11.186949413364252,18.89910336449112,0.0385543934892868,41.6875,0.9327944877900172,1.118033988749895,53.96875,1488.65625,5.1478150704935,39.4375,2270.125,72.0,0.9665498594306973,116.0,15612.0,11.186949413364253,18.899103364491122,0.038554393489286895,41.6875,0.9327944877900173,1.118033988749895,53.96875,1488.65625,5.1478150704935,39.4375,2270.125
pg1_3__0,pg1_3,0,0.0,1.0,0.0,0.0,0.0,0.0,0.0,38.0,0.0,0.0,36.0,1368.0,0.0,38.0,1368.0,0.0,1.0,0.0,0.0,0.0,0.0,0.0,38.0,0.0,0.0,36.0,1368.0,0.0,38.0,1368.0
pg1_3__1,pg1_3,1,0.0,0.999198717948718,-1.0,-35.0,0.0,0.1515148294505059,0.0078099313660328,35.0,0.15229366163764,0.0,37.0,1296.09375,1.5,35.0,1295.0,0.0,0.999198717948718,-1.0,-35.0,0.0,0.15151482945050593,0.007809931366032819,35.0,0.15229366163764005,0.0,37.0,1296.09375,1.5,35.0,1295.0
pg1_3__2,pg1_3,2,1.0,0.9967946399871424,0.0,34.0,0.4224917859226014,0.5513777562797557,0.0174251941713021,33.1875,0.2399551911028767,0.0,33.53125,1147.5,2.1213203435596424,33.875,1112.90625,1.0,0.9967946399871425,0.0,34.0,0.42249178592260145,0.5513777562797557,0.01742519417130212,33.1875,0.2399551911028767,0.0,33.53125,1147.5,2.1213203435596424,33.875,1112.90625
pg1_3__3,pg1_3,3,13.0,0.9913164583652924,7.0,766.0,0.6269194142478669,1.7454829120440123,0.0274690745706832,44.59375,0.394771077357427,0.0,36.125,1274.875,3.1622776601683795,39.5,1612.65625,13.0,0.9913164583652924,7.0,766.0,0.6269194142478669,1.7454829120440123,0.02746907457068321,44.59375,0.39477107735742706,0.0,36.125,1274.875,3.1622776601683795,39.5,1612.65625
pg1_3__4,pg1_3,4,68.0,0.9643141045523376,196.0,22312.0,2.6407151596419567,19.31295339887558,0.0320386929392894,45.625,1.0631057759138005,0.5,52.40625,1255.34375,3.2015621187164243,33.0625,2531.1875,68.0,0.9643141045523375,196.0,22312.0,2.6407151596419567,19.31295339887558,0.03203869293928947,45.625,1.0631057759138005,0.5,52.40625,1255.34375,3.2015621187164243,33.0625,2531.1875
pg1_3__5,pg1_3,5,37.0,0.9773816966235768,49.0,4921.0,6.243215043900641,4.109434047153598,0.0494982100287501,44.59375,0.9235248591913378,0.0,37.21875,1295.0,8.246211251235321,37.0,1684.65625,37.0,0.9773816966235769,49.0,4921.0,6.243215043900641,4.109434047153598,0.04949821002875019,44.59375,0.9235248591913378,0.0,37.21875,1295.0,8.246211251235321,37.0,1684.65625
pg1_3__6,pg1_3,6,62.0,0.9583338175443852,186.0,21824.0,10.161604707144113,24.73565096224232,0.0374252758890653,40.875,1.0624661515609322,1.0,63.75,1709.3125,6.020797289396148,43.15625,2596.1875,62.0,0.9583338175443853,186.0,21824.0,10.161604707144113,24.73565096224232,0.03742527588906531,40.875,1.0624661515609322,1.0,63.75,1709.3125,6.020797289396148,43.15625,2596.1875
pg1_3__7,pg1_3,7,114.0,0.9642441416635992,162.0,28710.0,17.19286606201847,14.59958163909366,0.0473943665512126,54.65625,1.249522843579691,0.5,42.03125,1502.625,8.5,43.0,2384.0625,114.0,0.9642441416635993,162.0,28710.0,17.19286606201847,14.59958163909366,0.047394366551212694,54.65625,1.249522843579691,0.5,42.03125,1502.625,8.5,43.0,2384.0625
pg1_3__8,pg1_3,8,168.0,0.963425755870946,58.0,18720.0,19.53189847207037,7.362914456898624,0.0380120170372661,53.9375,1.1077292651909092,0.7071067811865476,44.15625,1436.59375,4.924428900898052,35.875,2414.53125,168.0,0.9634257558709461,58.0,18720.0,19.531898472070374,7.362914456898624,0.03801201703726613,53.9375,1.1077292651909092,0.7071067811865476,44.15625,1436.59375,4.924428900898052,35.875,2414.53125
pg1_3__9,pg1_3,9,138.0,0.962285819819742,76.0,17902.0,15.029165325935546,8.977007983454087,0.047195960888534,38.75,1.0436792330970253,1.0,56.625,1259.5625,5.70087712549569,35.3125,2245.53125,138.0,0.962285819819742,76.0,17902.0,15.029165325935546,8.977007983454087,0.04719596088853404,38.75,1.0436792330970253,1.0,56.625,1259.5625,5.70087712549569,35.3125,2245.53125
pg1_4__0,pg1_4,0,132.0,0.965944216302768,71.0,17289.0,15.646290575007628,5.635866648454189,0.0472285947382315,43.21875,1.1424062225906797,0.5,45.75,1474.78125,7.106335201775948,37.40625,2032.875,132.0,0.9659442163027679,71.0,17289.0,15.646290575007628,5.635866648454189,0.04722859473823154,43.21875,1.1424062225906797,0.5,45.75,1474.78125,7.106335201775948,37.40625,2032.875
pg1_4__1,pg1_4,1,7.0,0.9946016616905786,-1.0,210.0,1.1239950459982606,0.6044789779080021,0.0254904754943111,46.25,0.3589545775469909,0.0,33.625,1554.0,3.1622776601683795,42.0,1552.5,7.0,0.9946016616905786,-1.0,210.0,1.1239950459982606,0.6044789779080021,0.025490475494311198,46.25,0.3589545775469909,0.0,33.625,1554.0,3.1622776601683795,42.0,1552.5
pg1_4__2,pg1_4,2,152.0,0.9609906217171736,59.0,16657.0,7.657368738228426,10.138644580685725,0.05504380126907,39.1875,1.5782339955394178,0.5,51.53125,1342.15625,8.0,35.28125,2085.625,152.0,0.9609906217171735,59.0,16657.0,7.657368738228426,10.138644580685723,0.05504380126907006,39.1875,1.5782339955394178,0.5,51.53125,1342.15625,8.0,35.28125,2085.625
pg1_4__3,pg1_4,3,111.0,0.9637213749071964,120.0,21636.0,14.993956695252429,4.735248053814185,0.0353953550951455,46.6875,0.9986867504528264,1.0,71.84375,1366.5,3.8078865529319534,36.3125,3429.375,111.0,0.9637213749071964,120.0,21636.0,14.993956695252429,4.735248053814185,0.03539535509514557,46.6875,0.9986867504528264,1.0,71.84375,1366.5,3.8078865529319543,36.3125,3429.375
pg1_4__4,pg1_4,4,195.0,0.9656340761101756,85.0,26825.0,17.541984618613018,8.604326534675165,0.034276388469683,60.96875,1.0404541186970069,1.0,41.09375,1418.90625,3.3541019662496847,39.0625,2558.0625,195.0,0.9656340761101757,85.0,26825.0,17.541984618613018,8.604326534675165,0.034276388469683075,60.96875,1.0404541186970069,1.0,41.09375,1418.90625,3.3541019662496847,39.0625,2558.0625
pg1_4__5,pg1_4,5,0.0,0.9979901776776776,-1.0,-44.0,0.0,0.6076355475584072,0.0081599149922651,44.0,0.1486885669127103,0.0,35.96875,1581.25,1.0,44.0,1582.625,0.0,0.9979901776776776,-1.0,-44.0,0.0,0.6076355475584072,0.00815991499226512,44.0,0.14868856691271037,0.0,35.96875,1581.25,1.0,44.0,1582.625
pg1_4__6,pg1_4,6,0.0,0.995808891189326,5.0,180.0,0.447831064514917,0.7638263924381633,0.0134399169083721,36.0,0.1710840386005921,0.0,41.15625,1483.71875,0.5,35.96875,1481.625,0.0,0.995808891189326,5.0,180.0,0.447831064514917,0.7638263924381633,0.01343991690837217,36.0,0.17108403860059213,0.0,41.15625,1483.71875,0.5,35.96875,1481.625
pg1_4__7,pg1_4,7,0.0,0.9969828835810524,0.0,0.0,0.5072542103151564,0.6742141932677301,0.0125545741471903,42.15625,0.2211393054022132,0.0,39.0,1638.0,1.4142135623730951,42.0,1644.09375,0.0,0.9969828835810525,0.0,0.0,0.5072542103151564,0.6742141932677301,0.012554574147190346,42.15625,0.22113930540221324,0.0,39.0,1638.0,1.4142135623730951,42.0,1644.09375
pg1_4__8,pg1_4,8,185.0,0.957868604574342,147.0,39218.0,18.0002597966632,13.551549332778794,0.0562243645919338,59.125,1.289777992399192,1.0590169943749477,42.78125,1314.9375,9.12414379544733,39.1875,2729.3125,185.0,0.9578686045743421,147.0,39218.0,18.0002597966632,13.551549332778794,0.05622436459193386,59.125,1.289777992399192,1.0590169943749475,42.78125,1314.9375,9.12414379544733,39.1875,2729.3125
pg1_4__9,pg1_4,9,20.0,0.9886047392461562,27.0,2319.0,2.242653124890268,2.183657500793961,0.0269589534164626,41.0625,0.4761743852593589,0.0,45.0625,1443.0,3.2015621187164243,37.0,1853.28125,20.0,0.9886047392461562,27.0,2319.0,2.2426531248902677,2.183657500793961,0.02695895341646263,41.0625,0.4761743852593589,0.0,45.0625,1443.0,3.2015621187164243,37.0,1853.28125
pg1_5__0,pg1_5,0,3.0,0.99725495916687,4.0,284.0,0.850249880433619,0.7964543064212949,0.0145322057794331,44.0,0.2502024670969636,0.0,38.90625,1483.5625,1.8027756377319943,40.6875,1711.875,3.0,0.9972549591668701,4.0,284.0,0.850249880433619,0.7964543064212949,0.014532205779433194,44.0,0.2502024670969636,0.0,38.90625,1483.5625,1.8027756377319946,40.6875,1711.875
pg1_5__1,pg1_5,1,0.0,0.999465811965812,0.0,0.0,0.0,0.4130149613197964,0.0036622086540603,39.0,0.0714130687541775,0.0,38.0,1492.96875,0.5,39.0,1482.0,0.0,0.9994658119658121,0.0,0.0,0.0,0.4130149613197964,0.0036622086540603893,39.0,0.07141306875417755,0.0,38.0,1492.96875,0.5,39.0,1482.0
pg1_5__2,pg1_5,2,1.0,0.998263888888889,0.0,37.0,0.3535346020511803,0.0,0.0169215179597377,39.0,0.3553518771544935,0.0,37.0,1441.84375,3.5,38.96875,1443.0,1.0,0.998263888888889,0.0,37.0,0.35353460205118037,0.0,0.01692151795973778,39.0,0.3553518771544935,0.0,37.0,1441.84375,3.5,38.96875,1443.0
pg1_5__3,pg1_5,3,0.0,0.9982078853046596,-1.0,-36.0,0.3030296589010118,0.0505049431501686,0.0174673733777938,36.0,0.308788726203784,0.0,42.0,1513.125,3.0413812651491097,36.0,1512.0,0.0,0.9982078853046595,-1.0,-36.0,0.30302965890101186,0.05050494315016862,0.017467373377793836,36.0,0.30878872620378406,0.0,42.0,1513.125,3.0413812651491097,36.0,1512.0
pg1_5__4,pg1_5,4,-1.0,0.9986145685158844,0.0,-36.0,0.3765357189226738,0.2750858569922956,0.0088443384682421,37.0,0.1332005898555187,0.0,36.0,1312.875,1.118033988749895,36.46875,1332.0,-1.0,0.9986145685158844,0.0,-36.0,0.3765357189226738,0.2750858569922956,0.008844338468242178,37.0,0.1332005898555187,0.0,36.0,1312.875,1.118033988749895,36.46875,1332.0
pg1_5__5,pg1_5,5,223.0,0.9541460359651388,146.0,45757.0,27.08272047890745,13.130190494956269,0.0469937056472799,70.53125,1.20741323479587,1.266123775561495,61.375,1598.8125,4.527692569068709,44.65625,4720.9375,223.0,0.9541460359651387,146.0,45757.0,27.082720478907454,13.130190494956269,0.04699370564727999,70.53125,1.2074132347958701,1.266123775561495,61.375,1598.8125,4.527692569068709,44.65625,4720.9375
pg1_5__6,pg1_5,6,30.0,0.9667677411626852,212.0,16100.0,2.511065954249621,21.48095301265309,0.0368220765972885,45.3125,1.0785212481236026,0.5,46.40625,1700.25,3.5,40.78125,2124.875,30.0,0.9667677411626853,212.0,16100.0,2.511065954249621,21.480953012653092,0.03682207659728853,45.3125,1.0785212481236026,0.5,46.40625,1700.25,3.5,40.78125,2124.875
pg1_5__7,pg1_5,7,159.0,0.96054814001859,132.0,33819.0,10.7026894211688,17.661767693203217,0.0365125634481931,55.75,1.3526988628634211,0.7071067811865476,47.09375,1893.9375,6.800735254367722,43.71875,2666.3125,159.0,0.9605481400185899,132.0,33819.0,10.702689421168799,17.661767693203217,0.03651256344819311,55.75,1.3526988628634211,0.7071067811865476,47.09375,1893.9375,6.800735254367722,43.71875,2666.3125
pg1_5__8,pg1_5,8,118.0,0.9661310886752906,79.0,17085.0,15.322312130253016,11.82547926410168,0.0387591666026769,50.3125,0.884097963389479,1.118033988749895,65.96875,1740.0,4.031128874149275,45.0,3331.78125,118.0,0.9661310886752906,79.0,17085.0,15.322312130253016,11.82547926410168,0.03875916660267697,50.3125,0.884097963389479,1.118033988749895,65.96875,1740.0,4.031128874149275,45.0,3331.78125
pg1_5__9,pg1_5,9,100.0,0.9714011976989806,67.0,12511.0,17.52290455601106,8.131034430225712,0.0306753099734235,41.90625,0.8330937591792565,0.5,45.90625,1336.125,4.609772228646444,34.71875,1963.34375,100.0,0.9714011976989806,67.0,12511.0,17.52290455601106,8.131034430225712,0.030675309973423562,41.90625,0.8330937591792565,0.5,45.90625,1336.125,4.6097722286464435,34.71875,1963.34375
pg1_6__0,pg1_6,0,121.0,0.9547491265111504,210.0,38045.0,17.495604719591665,20.392035324778195,0.0514990640163613,62.5,1.230230157892282,1.0,47.125,1507.0,8.48528137423857,42.125,3156.0,121.0,0.9547491265111504,210.0,38045.0,17.495604719591665,20.392035324778195,0.051499064016361354,62.5,1.2302301578922819,1.0,47.125,1507.0,8.48528137423857,42.125,3156.0
pg1_6__1,pg1_6,1,0.0,0.9980146898045996,0.0,0.0,0.2020197726006744,0.1010098863003372,0.0151764040949542,38.0,0.247716976660293,0.0,40.0,1520.0,2.23606797749979,38.0,1520.0,0.0,0.9980146898045997,0.0,0.0,0.20201977260067447,0.10100988630033723,0.015176404094954217,38.0,0.247716976660293,0.0,40.0,1520.0,2.23606797749979,38.0,1520.0
pg1_6__2,pg1_6,2,0.0,0.9997577519379846,-1.0,-36.0,0.0,0.1520400124098209,0.0023611420408936,36.0,0.0507645538792133,0.0,42.0,1523.25,0.5,36.0,1512.0,0.0,0.9997577519379846,-1.0,-36.0,0.0,0.1520400124098209,0.0023611420408936497,36.0,0.05076455387921335,0.0,42.0,1523.25,0.5,36.0,1512.0
pg1_6__3,pg1_6,3,0.0,1.0,0.0,0.0,0.0,0.0,0.0,36.0,0.0,0.0,33.0,1188.0,0.0,36.0,1188.0,0.0,1.0,0.0,0.0,0.0,0.0,0.0,36.0,0.0,0.0,33.0,1188.0,0.0,36.0,1188.0
pg1_6__4,pg1_6,4,2.0,0.9928655064479978,3.0,221.0,1.9817291704054305,2.1466086226930345,0.0155918217628054,49.125,0.2772226441937666,0.0,39.5,1678.1875,1.5811388300841898,46.46875,1940.59375,2.0,0.9928655064479978,3.0,221.0,1.9817291704054303,2.1466086226930345,0.01559182176280542,49.125,0.2772226441937666,0.0,39.5,1678.1875,1.5811388300841898,46.46875,1940.59375
pg1_6__5,pg1_6,5,16.0,0.9710070821168484,171.0,9126.0,3.1496321695872025,18.59233548772984,0.0270495544269644,42.9375,0.8474584944598124,0.7071067811865476,51.03125,1297.6875,2.692582403567252,34.53125,2245.84375,16.0,0.9710070821168485,171.0,9126.0,3.1496321695872025,18.59233548772984,0.02704955442696449,42.9375,0.8474584944598124,0.7071067811865476,51.03125,1297.6875,2.692582403567252,34.53125,2245.84375
pg1_6__6,pg1_6,6,149.0,0.9591091735223164,157.0,34409.0,17.136859776929242,13.79202483267103,0.0326307279535729,72.3125,1.1399525679783664,1.4142135623730951,57.78125,1485.625,4.47213595499958,37.3125,4559.1875,149.0,0.9591091735223163,157.0,34409.0,17.136859776929242,13.79202483267103,0.03263072795357293,72.3125,1.1399525679783664,1.4142135623730951,57.78125,1485.625,4.47213595499958,37.3125,4559.1875
pg1_6__7,pg1_6,7,74.0,0.9702965668344284,63.0,9753.0,5.975816569742129,5.205527160571681,0.0559794918673038,41.71875,1.560183189102073,0.5,52.3125,1555.84375,14.705441169852742,36.1875,2212.90625,74.0,0.9702965668344284,63.0,9753.0,5.975816569742129,5.205527160571681,0.055979491867303874,41.71875,1.560183189102073,0.5,52.3125,1555.84375,14.705441169852742,36.1875,2212.90625
pg1_6__8,pg1_6,8,75.0,0.9674848110518652,132.0,17748.0,8.784627366479643,13.794536757010908,0.0346266089513134,40.53125,0.9249884562227866,0.5,39.8125,1438.875,3.2015621187164243,39.96875,1617.03125,75.0,0.9674848110518653,132.0,17748.0,8.784627366479643,13.794536757010908,0.03462660895131342,40.53125,0.9249884562227866,0.5,39.8125,1438.875,3.2015621187164243,39.96875,1617.03125
pg1_6__9,pg1_6,9,189.0,0.9582391219497476,173.0,47161.0,18.75236478515721,26.992456916044983,0.0492872487077508,60.375,1.5290578351289803,1.118033988749895,56.34375,1516.46875,10.700467279516348,41.59375,3751.5,189.0,0.9582391219497476,173.0,47161.0,18.75236478515721,26.992456916044983,0.049287248707750864,60.375,1.5290578351289803,1.118033988749895,56.34375,1516.46875,10.700467279516348,41.59375,3751.5
pg1_7__0,pg1_7,0,188.0,0.9639085280066352,58.0,19774.0,25.71608311151532,7.923158300419219,0.0409241653426034,50.1875,1.1101169806143456,1.118033988749895,46.3125,1234.09375,3.5355339059327378,33.21875,2414.71875,188.0,0.9639085280066352,58.0,19774.0,25.716083111515317,7.923158300419219,0.04092416534260346,50.1875,1.1101169806143456,1.118033988749895,46.3125,1234.09375,3.5355339059327378,33.21875,2414.71875
pg1_7__1,pg1_7,1,10.0,0.9920622367866462,13.0,1087.0,1.0627060952454968,1.833197256115071,0.0217502990936559,41.53125,0.3903878774230586,0.0,48.65625,1808.25,2.5,39.5,2020.96875,10.0,0.9920622367866462,13.0,1087.0,1.0627060952454968,1.8331972561150707,0.02175029909365595,41.53125,0.39038787742305864,0.0,48.65625,1808.25,2.5,39.5,2020.96875
pg1_7__2,pg1_7,2,3.0,0.997769699389364,0.0,126.0,0.746088393099491,0.2020197726006744,0.0112146263839577,39.0,0.2402052616166709,0.0,42.0,1638.0,2.0,39.0,1638.0,3.0,0.9977696993893641,0.0,126.0,0.746088393099491,0.20201977260067447,0.011214626383957713,39.0,0.24020526161667094,0.0,42.0,1638.0,2.0,39.0,1638.0
pg1_7__3,pg1_7,3,180.0,0.966898093616422,85.0,24905.0,9.153768417769117,7.454706111842645,0.0308433295872678,61.71875,0.7757846939169442,0.5,41.90625,1438.625,2.549509756796392,42.03125,2711.375,180.0,0.9668980936164221,85.0,24905.0,9.153768417769117,7.454706111842645,0.030843329587267827,61.71875,0.7757846939169442,0.5,41.90625,1438.625,2.5495097567963922,42.03125,2711.375
pg1_7__4,pg1_7,4,114.0,0.9724873238026884,29.0,8769.0,12.042658085906371,2.769504690986018,0.0342866208835351,41.3125,0.7557402605114439,0.5,45.71875,1461.3125,4.123105625617661,38.5,1900.15625,114.0,0.9724873238026883,29.0,8769.0,12.042658085906371,2.769504690986018,0.03428662088353511,41.3125,0.7557402605114439,0.5,45.71875,1461.3125,4.123105625617661,38.5,1900.15625
pg1_7__5,pg1_7,5,178.0,0.9563606851929514,136.0,36872.0,25.3534615494844,12.305031732201751,0.0356510857992975,66.6875,1.102905576241859,0.8535533905932737,58.34375,1645.65625,4.609772228646444,45.75,4162.53125,178.0,0.9563606851929514,136.0,36872.0,25.3534615494844,12.305031732201753,0.03565108579929754,66.6875,1.102905576241859,0.8535533905932737,58.34375,1645.65625,4.6097722286464435,45.75,4162.53125
pg1_7__6,pg1_7,6,53.0,0.964344502952836,40.0,5416.0,7.907576034514645,3.803844316842977,0.0730143976909689,42.34375,1.6329086704452327,0.0,33.34375,1280.0,11.704699910719626,40.0,1414.90625,53.0,0.964344502952836,40.0,5416.0,7.907576034514645,3.803844316842977,0.07301439769096897,42.34375,1.6329086704452327,0.0,33.34375,1280.0,11.704699910719626,40.0,1414.90625
pg1_7__7,pg1_7,7,117.0,0.9615580147409172,113.0,22066.0,9.23933952372856,9.841814010016575,0.0337423081594735,50.25,0.9700847493014014,0.5,40.28125,1549.75,2.9154759474226504,41.84375,2047.03125,117.0,0.9615580147409171,113.0,22066.0,9.23933952372856,9.841814010016575,0.03374230815947352,50.25,0.9700847493014014,0.5,40.28125,1549.75,2.9154759474226504,41.84375,2047.03125
pg1_7__8,pg1_7,8,86.0,0.9711826568479532,115.0,17642.0,10.860583765717722,17.80846746479254,0.0260092509420442,37.65625,0.9068957827865342,0.5,55.1875,1508.625,4.031128874149275,36.0,2096.125,86.0,0.9711826568479531,115.0,17642.0,10.860583765717722,17.80846746479254,0.026009250942044218,37.65625,0.9068957827865342,0.5,55.1875,1508.625,4.031128874149275,36.0,2096.125
pg1_7__9,pg1_7,9,120.0,0.9669710897466,42.0,11652.0,18.41182131687371,5.00910001952775,0.0404822403300217,59.65625,0.8264641063767255,1.118033988749895,37.34375,1732.625,4.47213595499958,46.34375,2257.03125,120.0,0.9669710897466001,42.0,11652.0,18.41182131687371,5.00910001952775,0.04048224033002177,59.65625,0.8264641063767255,1.118033988749895,37.34375,1732.625,4.47213595499958,46.34375,2257.03125
pg1_8__0,pg1_8,0,5.0,0.98912699320888,3.0,312.0,1.49726075743226,1.3902435499873511,0.0312933218667436,43.34375,0.4509865231004741,0.0,41.96875,1850.3125,3.0413812651491097,42.15625,1817.5625,5.0,0.9891269932088799,3.0,312.0,1.49726075743226,1.3902435499873511,0.03129332186674364,43.34375,0.4509865231004741,0.0,41.96875,1850.3125,3.0413812651491097,42.15625,1817.5625
pg1_8__1,pg1_8,1,122.0,0.9628150862168644,114.0,23340.0,10.169218692767958,9.935743175728396,0.051016569849315,48.4375,1.1290404714290738,0.5,39.84375,1568.6875,7.810249675906654,40.0625,1945.46875,122.0,0.9628150862168643,114.0,23340.0,10.169218692767958,9.935743175728396,0.051016569849315005,48.4375,1.1290404714290738,0.5,39.84375,1568.6875,7.810249675906654,40.0625,1945.46875
pg1_8__2,pg1_8,2,1.0,0.9970683751981748,5.0,241.0,0.259683334387835,0.2650507243748957,0.0140723935657954,40.0,0.2445144707146979,0.0,46.0,1807.375,2.0,39.90625,1840.0,1.0,0.9970683751981749,5.0,241.0,0.25968333438783503,0.2650507243748957,0.014072393565795474,40.0,0.24451447071469798,0.0,46.0,1807.375,2.0,39.90625,1840.0
pg1_8__3,pg1_8,3,0.0,0.997577519379845,0.0,0.0,0.3030296589010118,0.2020197726006744,0.0236114204089364,38.0,0.3660684039751163,0.0,35.0,1330.0,3.605551275463989,38.0,1330.0,0.0,0.997577519379845,0.0,0.0,0.30302965890101186,0.20201977260067447,0.023611420408936434,38.0,0.36606840397511636,0.0,35.0,1330.0,3.605551275463989,38.0,1330.0
pg1_8__4,pg1_8,4,9.0,0.9923722002238394,12.0,861.0,0.5380613752865933,0.8481535464193685,0.0149650778138744,39.65625,0.2488901550337912,0.0,46.625,1543.125,0.7071067811865476,37.65625,1849.71875,9.0,0.9923722002238394,12.0,861.0,0.5380613752865933,0.8481535464193685,0.01496507781387445,39.65625,0.2488901550337912,0.0,46.625,1543.125,0.7071067811865476,37.65625,1849.71875
pg1_8__5,pg1_8,5,16.0,0.9896858384475192,6.0,994.0,4.524381581600897,0.7415517735403895,0.0196443066217078,41.75,0.332962159781884,0.0,43.46875,1563.75,2.1213203435596424,36.5625,1815.15625,16.0,0.9896858384475191,6.0,994.0,4.524381581600897,0.7415517735403895,0.019644306621707845,41.75,0.33296215978188404,0.0,43.46875,1563.75,2.1213203435596424,36.5625,1815.15625
pg1_8__6,pg1_8,6,87.0,0.9668963720549372,223.0,30773.0,14.299816385006991,34.20933832714328,0.0244891168833094,49.75,1.038233016057649,1.5811388300841898,72.3125,1567.375,3.0413812651491097,36.25,3816.0,87.0,0.9668963720549373,223.0,30773.0,14.299816385006991,34.20933832714328,0.02448911688330942,49.75,1.038233016057649,1.5811388300841898,72.3125,1567.375,3.0413812651491097,36.25,3816.0
pg1_8__7,pg1_8,7,101.0,0.9579566238691052,50.0,10740.0,6.50231120563955,3.087985969745713,0.0354611229613354,40.375,0.7013018160072985,0.7071067811865476,45.8125,1386.6875,3.1622776601683795,34.28125,1854.0625,101.0,0.9579566238691052,50.0,10740.0,6.50231120563955,3.087985969745713,0.03546112296133545,40.375,0.7013018160072985,0.7071067811865476,45.8125,1386.6875,3.1622776601683795,34.28125,1854.0625
pg1_8__8,pg1_8,8,1.0,0.999732905982906,0.0,42.0,0.2350877165152861,0.0,0.0026033104553442,39.0,0.0507645538792133,0.0,42.0,1596.0,0.5,38.0,1638.0,1.0,0.999732905982906,0.0,42.0,0.23508771651528618,0.0,0.0026033104553442763,39.0,0.05076455387921335,0.0,42.0,1596.0,0.5,38.0,1638.0
pg1_8__9,pg1_8,9,11.0,0.995040741886796,-2.0,362.0,0.4999202827300755,0.6514452485764775,0.0153938075099991,45.1875,0.2069661315123143,0.0,40.84375,1737.15625,1.118033988749895,40.65625,1845.125,11.0,0.9950407418867959,-2.0,362.0,0.49992028273007555,0.6514452485764775,0.015393807509999186,45.1875,0.20696613151231433,0.0,40.84375,1737.15625,1.118033988749895,40.65625,1845.125
pg1_9__0,pg1_9,0,107.0,0.9723724993943064,100.0,19880.0,18.68423955469617,6.494620352836161,0.030098457090682,53.625,0.8775029727826229,0.5,46.5,1901.1875,3.2015621187164243,47.75,2526.59375,107.0,0.9723724993943064,100.0,19880.0,18.684239554696166,6.494620352836161,0.03009845709068201,53.625,0.8775029727826229,0.5,46.5,1901.1875,3.2015621187164243,47.75,2526.59375
pg1_9__1,pg1_9,1,44.0,0.9777164836712074,37.0,4942.0,6.30746722876622,3.8637313051319935,0.0278942926212194,46.96875,0.5361759001428463,0.5,50.8125,1772.46875,1.8027756377319943,42.875,2419.65625,44.0,0.9777164836712074,37.0,4942.0,6.30746722876622,3.8637313051319944,0.027894292621219407,46.96875,0.5361759001428463,0.5,50.8125,1772.46875,1.8027756377319946,42.875,2419.65625
pg1_9__2,pg1_9,2,5.0,0.984837020494039,6.0,426.0,2.2822888944025075,1.11583354205275,0.0307625515735221,39.9375,0.443435457884444,0.0,41.0,1386.28125,2.5,36.875,1637.96875,5.0,0.984837020494039,6.0,426.0,2.2822888944025075,1.1158335420527499,0.030762551573522107,39.9375,0.44343545788444405,0.0,41.0,1386.28125,2.5,36.875,1637.96875
pg1_9__3,pg1_9,3,-3.0,0.9945761308527205,3.0,9.0,2.521140291333124,0.703112434347633,0.023661936243358,43.125,0.5370979730531078,0.0,40.21875,1760.0625,4.5,45.09375,1733.0625,-3.0,0.9945761308527205,3.0,9.0,2.5211402913331242,0.703112434347633,0.023661936243358012,43.125,0.5370979730531078,0.0,40.21875,1760.0625,4.5,45.09375,1733.0625
pg1_9__4,pg1_9,4,27.0,0.9709391882058992,85.0,7258.0,9.848275058518029,2.315953625313105,0.0576428715091203,45.28125,1.1636503075925873,0.0,39.34375,2046.53125,9.192388155425116,50.09375,1785.3125,27.0,0.9709391882058993,85.0,7258.0,9.848275058518029,2.3159536253131052,0.057642871509120376,45.28125,1.1636503075925873,0.0,39.34375,2046.53125,9.192388155425117,50.09375,1785.3125
pg1_9__5,pg1_9,5,134.0,0.9697654741309644,35.0,11497.0,3.557858768692417,2.632320350221016,0.0287371436801562,68.46875,0.7019084032546261,0.5,44.0,1988.125,2.23606797749979,50.28125,3137.59375,134.0,0.9697654741309645,35.0,11497.0,3.5578587686924172,2.632320350221016,0.028737143680156202,68.46875,0.7019084032546261,0.5,44.0,1988.125,2.23606797749979,50.28125,3137.59375
pg1_9__6,pg1_9,6,136.0,0.968244726307204,138.0,30838.0,18.703250075768857,11.857727297985807,0.034525136195503,58.53125,1.246893638676594,0.5,47.03125,1965.34375,7.3824115301167,52.0625,2834.28125,136.0,0.968244726307204,138.0,30838.0,18.703250075768857,11.857727297985809,0.03452513619550305,58.53125,1.2468936386765939,0.5,47.03125,1965.34375,7.3824115301167,52.0625,2834.28125
pg1_9__7,pg1_9,7,57.0,0.9653719731268842,96.0,12687.0,9.001239862164699,10.779843063495363,0.0310566282961237,50.875,0.8265121243655736,0.7071067811865476,40.09375,1785.15625,2.9154759474226504,47.3125,2054.875,57.0,0.9653719731268842,96.0,12687.0,9.001239862164699,10.779843063495363,0.03105662829612371,50.875,0.8265121243655736,0.7071067811865476,40.09375,1785.15625,2.9154759474226504,47.3125,2054.875
pg1_9__8,pg1_9,8,75.0,0.970200523799218,67.0,11675.0,12.203083246743978,5.788909946766465,0.0330396524390849,56.75,1.0274183753514108,0.6035533905932737,50.65625,2302.5625,6.800735254367722,51.125,2874.4375,75.0,0.9702005237992181,67.0,11675.0,12.203083246743978,5.788909946766465,0.033039652439084986,56.75,1.0274183753514108,0.6035533905932737,50.65625,2302.5625,6.800735254367722,51.125,2874.4375
pg1_9__9,pg1_9,9,89.0,0.9696238929788852,95.0,16201.0,4.182055049904219,3.615787409207764,0.0397043525729159,47.65625,0.8454344284146187,0.5,42.625,1755.0,5.0,45.0,2039.375,89.0,0.9696238929788853,95.0,16201.0,4.182055049904219,3.615787409207764,0.03970435257291598,47.65625,0.8454344284146187,0.5,42.625,1755.0,5.0,45.0,2039.375
pg2_10__0,pg2_10,0,-2.0,0.9964560515086756,-5.0,-332.0,0.4822825418851986,0.7389674613384505,0.0182083631033706,48.125,0.3647603595374173,0.0,41.5625,2203.0625,3.3541019662496847,49.1875,2000.375,-2.0,0.9964560515086757,-5.0,-332.0,0.4822825418851986,0.7389674613384505,0.01820836310337067,48.125,0.3647603595374173,0.0,41.5625,2203.0625,3.3541019662496847,49.1875,2000.375
pg2_10__1,pg2_10,1,-2.0,0.9904560945018616,-2.0,-168.0,1.4941342069496586,1.6288659793814433,0.0391968259021503,42.3125,0.7855437562959529,0.0,40.09375,1796.40625,7.5,43.15625,1696.59375,-2.0,0.9904560945018616,-2.0,-168.0,1.4941342069496586,1.6288659793814433,0.039196825902150345,42.3125,0.7855437562959529,0.0,40.09375,1796.40625,7.5,43.15625,1696.59375
pg2_10__2,pg2_10,2,-1.0,0.9960346798423602,-3.0,-167.0,0.5854998509476039,0.4760721603719099,0.0276694976905986,40.0,0.5761464337061798,0.0,44.0,1838.65625,5.5901699437494745,40.1875,1760.0,-1.0,0.9960346798423602,-3.0,-167.0,0.5854998509476039,0.47607216037190997,0.027669497690598607,40.0,0.5761464337061798,0.0,44.0,1838.65625,5.5901699437494745,40.1875,1760.0
pg2_10__3,pg2_10,3,6.0,0.9872204167071228,0.0,240.0,1.2997256837552575,2.1766863926212987,0.0284460527286851,50.875,0.5011429659664871,0.0,39.5,2077.03125,4.301162633521313,50.15625,2009.40625,6.0,0.9872204167071228,0.0,240.0,1.2997256837552575,2.1766863926212987,0.028446052728685153,50.875,0.5011429659664871,0.0,39.5,2077.03125,4.301162633521313,50.15625,2009.40625
pg2_10__4,pg2_10,4,27.0,0.9756289252398987,41.0,3962.0,6.897342534764734,4.5237237921433,0.04403635178694,40.28125,0.9690510918115344,0.0,49.1875,1919.1875,6.800735254367722,41.4375,1981.5625,27.0,0.9756289252398987,41.0,3962.0,6.897342534764734,4.5237237921433,0.04403635178694009,40.28125,0.9690510918115344,0.0,49.1875,1919.1875,6.800735254367722,41.4375,1981.5625
pg2_10__5,pg2_10,5,172.0,0.9664618773110204,36.0,16304.0,23.82873672278505,5.22954847736161,0.0299474446947649,70.375,0.7210008143151782,1.118033988749895,55.78125,2123.21875,3.3541019662496847,43.3125,4036.71875,172.0,0.9664618773110204,36.0,16304.0,23.828736722785052,5.22954847736161,0.029947444694764947,70.375,0.7210008143151782,1.118033988749895,55.78125,2123.21875,3.3541019662496847,43.3125,4036.71875
pg2_10__6,pg2_10,6,147.0,0.9640253256693728,121.0,29242.0,21.42321248954748,11.168374834782687,0.0378519809287682,56.96875,1.127153525912943,1.4142135623730951,47.46875,1810.71875,3.5,40.4375,2749.25,147.0,0.9640253256693727,121.0,29242.0,21.42321248954748,11.168374834782687,0.037851980928768236,56.96875,1.127153525912943,1.4142135623730951,47.46875,1810.71875,3.5,40.4375,2749.25
pg2_10__7,pg2_10,7,94.0,0.9712968594441466,35.0,8649.0,11.82217590500662,4.093224936593344,0.0351206340957076,38.625,0.6647675701754305,0.5,40.96875,1723.28125,2.692582403567252,42.03125,1582.90625,94.0,0.9712968594441466,35.0,8649.0,11.82217590500662,4.0932249365933435,0.03512063409570764,38.625,0.6647675701754305,0.5,40.96875,1723.28125,2.692582403567252,42.03125,1582.90625
pg2_10__8,pg2_10,8,71.0,0.9566629368731266,45.0,7660.0,6.540382012950936,6.024152507527197,0.062596869041837,52.4375,1.2376211421955212,0.5,47.3125,1473.5625,9.5,43.75,2538.9375,71.0,0.9566629368731266,45.0,7660.0,6.540382012950936,6.024152507527197,0.06259686904183707,52.4375,1.2376211421955212,0.5,47.3125,1473.5625,9.5,43.75,2538.9375
pg2_10__9,pg2_10,9,-4.0,0.9805484163908692,7.0,179.0,1.3485663120087954,2.2972579272869957,0.0302181092135598,51.09375,0.5820816672798519,0.0,40.65625,2065.46875,4.609772228646444,51.21875,2077.4375,-4.0,0.9805484163908692,7.0,179.0,1.3485663120087954,2.2972579272869953,0.030218109213559847,51.09375,0.5820816672798519,0.0,40.65625,2065.46875,4.6097722286464435,51.21875,2077.4375
pg2_11__0,pg2_11,0,-3.0,0.9946533122969304,-5.0,-349.0,0.5506061935351169,0.9360745265115168,0.0230725148320417,46.0625,0.4597473424460696,0.0,38.15625,1967.96875,4.272001872658765,47.71875,1757.875,-3.0,0.9946533122969305,-5.0,-349.0,0.5506061935351169,0.9360745265115169,0.02307251483204174,46.0625,0.45974734244606963,0.0,38.15625,1967.96875,4.272001872658765,47.71875,1757.875
pg2_11__1,pg2_11,1,-5.0,0.9902328390844484,5.0,-20.0,1.5436573763113806,0.9054281811972698,0.0274518602260357,38.875,0.4860238847970148,0.0,38.5625,1689.1875,4.242640687119285,42.0,1498.09375,-5.0,0.9902328390844483,5.0,-20.0,1.5436573763113806,0.9054281811972698,0.027451860226035758,38.875,0.4860238847970148,0.0,38.5625,1689.1875,4.242640687119285,42.0,1498.09375
pg2_11__2,pg2_11,2,11.0,0.985223776949415,13.0,1123.0,4.684384526370815,2.093075496363804,0.0202665123050857,35.1875,0.3665200808673819,0.0,46.5625,1644.8125,1.5,37.875,1635.28125,11.0,0.985223776949415,13.0,1123.0,4.684384526370815,2.0930754963638036,0.020266512305085752,35.1875,0.3665200808673819,0.0,46.5625,1644.8125,1.5,37.875,1635.28125
pg2_11__3,pg2_11,3,-2.0,0.9933636646062252,-2.0,-170.0,0.6995511975467982,0.98711003740914,0.024330108117573,45.40625,0.263609418911242,0.0,39.09375,1822.03125,1.8027756377319943,46.71875,1775.0625,-2.0,0.9933636646062253,-2.0,-170.0,0.6995511975467982,0.9871100374091399,0.024330108117573045,45.40625,0.263609418911242,0.0,39.09375,1822.03125,1.8027756377319946,46.71875,1775.0625
pg2_11__4,pg2_11,4,-2.0,0.9731704079474944,88.0,3956.0,2.363839069649093,10.333363617722643,0.0426088386795379,41.5625,0.9238254158691032,0.5,47.59375,2047.125,6.708203932499369,44.84375,1978.5,-2.0,0.9731704079474944,88.0,3956.0,2.363839069649093,10.333363617722643,0.04260883867953798,41.5625,0.9238254158691032,0.5,47.59375,2047.125,6.708203932499369,44.84375,1978.5
pg2_11__5,pg2_11,5,2.0,0.9761185380763012,63.0,2909.0,1.722914529983366,2.8134037618094467,0.0377425408390798,39.6875,0.5899205568931872,0.0,34.84375,1595.84375,3.1622776601683795,42.03125,1384.75,2.0,0.9761185380763013,63.0,2909.0,1.722914529983366,2.8134037618094467,0.03774254083907985,39.6875,0.5899205568931872,0.0,34.84375,1595.84375,3.1622776601683795,42.03125,1384.75
pg2_11__6,pg2_11,6,24.0,0.9581689390285998,81.0,6315.0,4.085850681209246,9.128724815105356,0.0554339686349435,42.1875,0.9693137527374864,1.0,36.25,1485.125,5.852349955359813,41.90625,1538.15625,24.0,0.9581689390285998,81.0,6315.0,4.085850681209246,9.128724815105356,0.05543396863494355,42.1875,0.9693137527374863,1.0,36.25,1485.125,5.852349955359813,41.90625,1538.15625
pg2_11__7,pg2_11,7,93.0,0.9615013754085672,104.0,17842.0,7.817652275976977,8.827722543289818,0.0381165422899038,47.5625,0.8796618326288387,1.0,56.6875,1478.75,4.527692569068709,39.625,2798.78125,93.0,0.9615013754085671,104.0,17842.0,7.817652275976977,8.827722543289818,0.03811654228990389,47.5625,0.8796618326288387,1.0,56.6875,1478.75,4.527692569068709,39.625,2798.78125
pg2_11__8,pg2_11,8,155.0,0.9558879895221124,98.0,24845.0,23.911228285759428,3.889556969237143,0.0488665037767566,65.375,0.8580852670761749,1.118033988749895,51.03125,1451.46875,5.0,42.03125,3598.5625,155.0,0.9558879895221125,98.0,24845.0,23.911228285759428,3.889556969237143,0.0488665037767566,65.375,0.8580852670761749,1.118033988749895,51.03125,1451.46875,5.0,42.03125,3598.5625
pg2_11__9,pg2_11,9,98.0,0.9630245866198036,30.0,7834.0,11.069644935823725,2.714386200120618,0.0334939102738674,39.4375,0.7151167827259285,0.7071067811865476,50.09375,1404.1875,2.692582403567252,38.5625,1964.0625,98.0,0.9630245866198036,30.0,7834.0,11.069644935823723,2.714386200120618,0.03349391027386745,39.4375,0.7151167827259285,0.7071067811865476,50.09375,1404.1875,2.692582403567252,38.5625,1964.0625
pg2_12__0,pg2_12,0,-7.0,0.9933036963629236,-3.0,-424.0,0.4866154111837504,2.0748431172262336,0.0143336005188838,44.46875,0.2614951749982429,0.0,41.15625,2162.3125,1.118033988749895,48.96875,1834.25,-7.0,0.9933036963629235,-3.0,-424.0,0.4866154111837504,2.0748431172262336,0.014333600518883893,44.46875,0.26149517499824293,0.0,41.15625,2162.3125,1.118033988749895,48.96875,1834.25
pg2_12__1,pg2_12,1,-5.0,0.9921364173100828,-4.0,-346.0,0.8407278122739604,1.3472258668839896,0.032466550555433,40.1875,0.5716333483473925,0.0,34.84375,1604.96875,5.315072906367325,42.71875,1401.34375,-5.0,0.9921364173100828,-4.0,-346.0,0.8407278122739604,1.3472258668839896,0.03246655055543307,40.1875,0.5716333483473925,0.0,34.84375,1604.96875,5.315072906367325,42.71875,1401.34375
pg2_12__2,pg2_12,2,-6.0,0.9911564731202512,-10.0,-588.0,1.7743043766025943,1.843588966786468,0.0213210550782522,37.96875,0.3845572352465468,0.0,37.15625,1592.90625,3.1622776601683795,39.0,1412.625,-6.0,0.9911564731202511,-10.0,-588.0,1.7743043766025943,1.8435889667864682,0.02132105507825227,37.96875,0.38455723524654684,0.0,37.15625,1592.90625,3.1622776601683795,39.0,1412.625
pg2_12__3,pg2_12,3,70.0,0.9582663853873884,111.0,16552.0,10.834261891634744,9.419473726278502,0.0544927634413074,59.90625,1.2263556147026091,0.7071067811865476,58.90625,2144.9375,6.324555320336759,51.03125,3689.0,70.0,0.9582663853873884,111.0,16552.0,10.834261891634744,9.419473726278502,0.05449276344130748,59.90625,1.2263556147026093,0.7071067811865476,58.90625,2144.9375,6.324555320336759,51.03125,3689.0
pg2_12__4,pg2_12,4,-9.0,0.9853437669124652,-11.0,-807.0,1.372141324434341,1.962354276775183,0.0372096997327094,41.34375,0.5565160291624573,0.0,34.84375,1831.34375,2.549509756796392,46.03125,1447.1875,-9.0,0.9853437669124651,-11.0,-807.0,1.372141324434341,1.962354276775183,0.03720969973270941,41.34375,0.5565160291624573,0.0,34.84375,1831.34375,2.5495097567963922,46.03125,1447.1875
pg2_12__5,pg2_12,5,-1.0,0.9894127756682416,-5.0,-246.0,2.5479460175780546,1.3243912246987644,0.0311282651800684,41.5625,0.4627319535123281,0.0,33.15625,1534.3125,3.1622776601683795,42.84375,1378.28125,-1.0,0.9894127756682417,-5.0,-246.0,2.5479460175780546,1.3243912246987644,0.031128265180068403,41.5625,0.46273195351232815,0.0,33.15625,1534.3125,3.1622776601683795,42.84375,1378.28125
pg2_12__6,pg2_12,6,203.0,0.9610252652631948,62.0,23671.0,18.23330748839065,3.3881079029568784,0.0516342734341508,49.5625,1.5527407938639883,1.0,65.5625,1688.90625,12.776932339180638,38.59375,3329.53125,203.0,0.9610252652631947,62.0,23671.0,18.23330748839065,3.3881079029568784,0.051634273434150814,49.5625,1.5527407938639883,1.0,65.5625,1688.90625,12.776932339180638,38.59375,3329.53125
pg2_12__7,pg2_12,7,141.0,0.9672779011823924,16.0,9055.0,22.874300123103183,4.795571122538738,0.0367725753039171,49.875,0.9259515098570332,1.0,40.5,1841.53125,3.3541019662496847,45.8125,2031.8125,141.0,0.9672779011823925,16.0,9055.0,22.874300123103183,4.795571122538738,0.03677257530391716,49.875,0.9259515098570331,1.0,40.5,1841.53125,3.3541019662496847,45.8125,2031.8125
pg2_12__8,pg2_12,8,135.0,0.9541894274020016,168.0,35706.0,15.233314956981456,14.982855898624456,0.0549266596813661,51.59375,1.4848438965020982,0.5,49.5625,1696.75,9.340770846134705,47.8125,2576.65625,135.0,0.9541894274020016,168.0,35706.0,15.233314956981456,14.982855898624456,0.05492665968136613,51.59375,1.4848438965020982,0.5,49.5625,1696.75,9.340770846134703,47.8125,2576.65625
pg2_12__9,pg2_12,9,14.0,0.9853774439281014,3.0,656.0,4.241256408798933,1.118663589362967,0.0305319818870991,52.09375,0.5484239608148711,0.0,33.0,1622.1875,3.2015621187164243,47.625,1718.375,14.0,0.9853774439281014,3.0,656.0,4.241256408798933,1.118663589362967,0.030531981887099147,52.09375,0.5484239608148711,0.0,33.0,1622.1875,3.2015621187164243,47.625,1718.375
pg2_1__0,pg2_1,0,28.0,0.9717080805479478,70.0,5516.0,5.747868782095565,6.319617059853098,0.0550671507628453,41.59375,1.388036386493306,0.5,45.8125,1405.59375,12.16552506059644,35.96875,1915.96875,28.0,0.9717080805479478,70.0,5516.0,5.747868782095565,6.319617059853098,0.05506715076284539,41.59375,1.3880363864933059,0.5,45.8125,1405.59375,12.165525060596439,35.96875,1915.96875
pg2_1__1,pg2_1,1,3.0,0.9958914196717517,0.0,108.0,0.5874027418066269,0.2020197726006744,0.0331331099318619,44.0,0.6464023311727382,0.0,36.0,1548.0,6.324555320336759,43.0,1584.0,3.0,0.9958914196717515,0.0,108.0,0.5874027418066269,0.20201977260067447,0.03313310993186195,44.0,0.6464023311727382,0.0,36.0,1548.0,6.324555320336759,43.0,1584.0
pg2_1__2,pg2_1,2,6.0,0.9889110441577588,10.0,684.0,0.930408801432453,2.223030402986136,0.0411620196959715,42.53125,0.815644075589928,0.0,41.21875,1629.78125,7.071067811865476,40.625,1753.25,6.0,0.9889110441577587,10.0,684.0,0.930408801432453,2.2230304029861356,0.04116201969597157,42.53125,0.815644075589928,0.0,41.21875,1629.78125,7.0710678118654755,40.625,1753.25
pg2_1__3,pg2_1,3,39.0,0.968813880766282,55.0,5522.0,1.828567834459672,6.671732142245539,0.0456153093225578,43.75,0.7395490058061313,0.5,39.84375,1373.5,6.082762530298219,38.78125,1779.65625,39.0,0.9688138807662819,55.0,5522.0,1.8285678344596716,6.671732142245539,0.04561530932255788,43.75,0.7395490058061313,0.5,39.84375,1373.5,6.082762530298219,38.78125,1779.65625
pg2_1__4,pg2_1,4,0.0,0.9888822760034712,25.0,1025.0,0.8196038382628437,1.4548689422312158,0.0285513557071208,41.0,0.5940714139733547,0.0,44.0,1819.375,5.0,41.0,1804.0,0.0,0.9888822760034713,25.0,1025.0,0.8196038382628437,1.4548689422312158,0.02855135570712089,41.0,0.5940714139733547,0.0,44.0,1819.375,5.0,41.0,1804.0
pg2_1__5,pg2_1,5,11.0,0.989457132007936,0.0,396.0,0.8527150563767862,1.1095532944053343,0.0374474977049848,46.8125,0.6937334165510735,0.0,37.0,1657.28125,6.082762530298219,45.4375,1732.0625,11.0,0.9894571320079361,0.0,396.0,0.8527150563767862,1.1095532944053343,0.03744749770498481,46.8125,0.6937334165510735,0.0,37.0,1657.28125,6.082762530298219,45.4375,1732.0625
pg2_1__6,pg2_1,6,31.0,0.9746338980480506,84.0,6753.0,2.1838765101888664,7.613107156340215,0.0358479239769498,45.1875,0.8338993646623756,0.5,44.4375,1560.28125,5.522680508593631,36.84375,2015.71875,31.0,0.9746338980480506,84.0,6753.0,2.1838765101888664,7.613107156340215,0.035847923976949844,45.1875,0.8338993646623756,0.5,44.4375,1560.28125,5.522680508593631,36.84375,2015.71875
pg2_1__7,pg2_1,7,82.0,0.9727463526179042,58.0,10540.0,9.20163300464507,4.341516074343816,0.0391652244133961,53.75,0.9176728074530556,0.5,44.625,1710.0625,6.96419413859206,45.5625,2411.125,82.0,0.9727463526179042,58.0,10540.0,9.20163300464507,4.341516074343816,0.039165224413396184,53.75,0.9176728074530556,0.5,44.625,1710.0625,6.96419413859206,45.5625,2411.125
pg2_1__8,pg2_1,8,54.0,0.9664592575674722,97.0,11235.0,3.726465456372066,3.2918576702271096,0.0411508831952083,54.28125,1.3870489856080852,0.5,57.15625,1617.84375,10.124228365658292,39.25,3186.65625,54.0,0.9664592575674722,97.0,11235.0,3.726465456372066,3.2918576702271096,0.04115088319520831,54.28125,1.3870489856080852,0.5,57.15625,1617.84375,10.124228365658293,39.25,3186.65625
pg2_1__9,pg2_1,9,139.0,0.96501558284719,63.0,16863.0,15.90317378190747,8.385620495698873,0.0374734720911933,54.34375,0.8773490455656996,1.118033988749895,52.375,1724.375,5.522680508593631,39.78125,2924.78125,139.0,0.9650155828471899,63.0,16863.0,15.90317378190747,8.385620495698873,0.03747347209119339,54.34375,0.8773490455656996,1.118033988749895,52.375,1724.375,5.522680508593631,39.78125,2924.78125
pg2_2__0,pg2_2,0,4.0,0.9931243692004684,0.0,160.0,1.6927477173910777,0.4920993395819638,0.0236885722984778,39.03125,0.4546233868337631,0.0,40.0,1522.8125,4.0,38.34375,1561.25,4.0,0.9931243692004683,0.0,160.0,1.6927477173910777,0.49209933958196383,0.02368857229847788,39.03125,0.4546233868337631,0.0,40.0,1522.8125,4.0,38.34375,1561.25
pg2_2__1,pg2_2,1,5.0,0.9907234504356248,7.0,451.0,1.0525313761593895,1.2551519930537955,0.0308457684776173,34.5,0.5657908660373887,0.0,40.15625,1319.46875,5.0,33.84375,1385.0,5.0,0.9907234504356247,7.0,451.0,1.0525313761593897,1.2551519930537955,0.030845768477617372,34.5,0.5657908660373887,0.0,40.15625,1319.46875,5.0,33.84375,1385.0
pg2_2__2,pg2_2,2,28.0,0.9791179404930692,27.0,2684.0,6.884626083522331,3.657709585119685,0.0526610737090703,35.625,1.370609519881269,0.0,44.21875,1405.21875,13.038404810405298,35.28125,1576.625,28.0,0.9791179404930691,27.0,2684.0,6.884626083522331,3.6577095851196844,0.05266107370907035,35.625,1.3706095198812687,0.0,44.21875,1405.21875,13.038404810405298,35.28125,1576.625
pg2_2__3,pg2_2,3,108.0,0.9618660218766754,129.0,23520.0,11.02549967609917,6.340734199788618,0.0348948717866287,48.8125,0.970618794896906,0.5,55.625,1651.53125,4.123105625617661,39.875,2787.3125,108.0,0.9618660218766754,129.0,23520.0,11.02549967609917,6.340734199788618,0.034894871786628756,48.8125,0.9706187948969061,0.5,55.625,1651.53125,4.123105625617661,39.875,2787.3125
pg2_2__4,pg2_2,4,81.0,0.9709793053691754,35.0,7814.0,9.82026271457064,3.83820261855161,0.0388336201694908,54.9375,1.0485112754255137,0.5,39.90625,2012.59375,8.381527307120106,51.71875,2205.03125,81.0,0.9709793053691754,35.0,7814.0,9.820262714570639,3.83820261855161,0.038833620169490886,54.9375,1.0485112754255137,0.5,39.90625,2012.59375,8.381527307120106,51.71875,2205.03125
pg2_2__5,pg2_2,5,62.0,0.9559926559455856,155.0,17546.0,7.345782227015018,24.62143065474565,0.0585355123457111,58.21875,1.2987841804979583,1.118033988749895,47.1875,1547.4375,8.514693182963201,38.90625,2817.0,62.0,0.9559926559455857,155.0,17546.0,7.345782227015018,24.621430654745655,0.058535512345711124,58.21875,1.2987841804979583,1.118033988749895,47.1875,1547.4375,8.514693182963201,38.90625,2817.0
pg2_2__6,pg2_2,6,148.0,0.9693164418549142,43.0,13498.0,18.70941173215136,6.362633203792496,0.0337169181868898,54.3125,0.8987226724654208,0.6035533905932737,39.25,1741.5625,3.5355339059327378,44.6875,2162.21875,148.0,0.9693164418549142,43.0,13498.0,18.70941173215136,6.362633203792496,0.03371691818688988,54.3125,0.8987226724654208,0.6035533905932737,39.25,1741.5625,3.5355339059327378,44.6875,2162.21875
pg2_2__7,pg2_2,7,84.0,0.9726736585808324,62.0,11282.0,6.27832512310136,9.291522723207915,0.039111187150586,42.71875,0.7254089425849515,0.5,50.84375,1660.25,3.8078865529319534,37.25,2191.0625,84.0,0.9726736585808323,62.0,11282.0,6.27832512310136,9.291522723207915,0.03911118715058602,42.71875,0.7254089425849515,0.5,50.84375,1660.25,3.8078865529319543,37.25,2191.0625
pg2_2__8,pg2_2,8,67.0,0.9672605866582864,162.0,20014.0,8.812723654117798,24.03799535180777,0.0342449204753921,58.90625,0.9409214493074146,0.7071067811865476,54.40625,1709.46875,3.0,41.65625,3411.875,67.0,0.9672605866582865,162.0,20014.0,8.812723654117798,24.037995351807766,0.03424492047539213,58.90625,0.9409214493074146,0.7071067811865476,54.40625,1709.46875,3.0,41.65625,3411.875
pg2_2__9,pg2_2,9,29.0,0.9640256164239368,195.0,14889.0,2.317478995749071,25.137978257968086,0.0567077820141717,52.0,1.5841616469709334,1.0,56.0,1666.71875,13.536986370680884,44.21875,2911.3125,29.0,0.9640256164239368,195.0,14889.0,2.317478995749071,25.137978257968086,0.05670778201417176,52.0,1.5841616469709334,1.0,56.0,1666.71875,13.536986370680884,44.21875,2911.3125
pg2_3__0,pg2_3,0,30.0,0.9720769099417148,84.0,6174.0,4.038435279517939,4.475628076450485,0.0338636876238172,35.46875,0.5012254758507623,0.5,47.78125,1282.625,2.8284271247461903,33.6875,1715.1875,30.0,0.9720769099417149,84.0,6174.0,4.038435279517939,4.475628076450485,0.03386368762381723,35.46875,0.5012254758507623,0.5,47.78125,1282.625,2.8284271247461903,33.6875,1715.1875
pg2_3__1,pg2_3,1,29.0,0.9806845379055468,13.0,1905.0,3.5217919283584997,2.9587000244767943,0.0279164526194707,40.46875,0.5039003851663973,0.5,43.21875,1543.625,3.1622776601683795,38.0625,1751.59375,29.0,0.9806845379055469,13.0,1905.0,3.5217919283584993,2.9587000244767943,0.02791645261947078,40.46875,0.5039003851663973,0.5,43.21875,1543.625,3.1622776601683795,38.0625,1751.59375
pg2_3__2,pg2_3,2,63.0,0.978872542203994,18.0,4194.0,2.752615930846225,3.244475835267872,0.0264463579980725,52.75,0.4793208153594391,0.5,35.53125,1564.03125,3.0,44.6875,1884.6875,63.0,0.978872542203994,18.0,4194.0,2.7526159308462255,3.2444758352678718,0.026446357998072555,52.75,0.4793208153594391,0.5,35.53125,1564.03125,3.0,44.6875,1884.6875
pg2_3__3,pg2_3,3,26.0,0.9803624936381524,14.0,2066.0,6.072729394590673,1.130594637455799,0.0255772396406813,47.65625,0.5348825889530372,0.5,47.09375,1750.1875,4.0,39.1875,2251.5,26.0,0.9803624936381524,14.0,2066.0,6.072729394590673,1.130594637455799,0.02557723964068132,47.65625,0.5348825889530372,0.5,47.09375,1750.1875,4.0,39.1875,2251.5
pg2_3__4,pg2_3,4,30.0,0.9749031658661548,15.0,2145.0,1.7230378993243989,8.860931192873942,0.0352627339439872,43.6875,0.6277845733676528,0.5,41.78125,1487.53125,3.0413812651491097,37.21875,1829.5625,30.0,0.9749031658661549,15.0,2145.0,1.7230378993243987,8.860931192873942,0.03526273394398722,43.6875,0.6277845733676528,0.5,41.78125,1487.53125,3.0413812651491097,37.21875,1829.5625
pg2_3__5,pg2_3,5,9.0,0.9902760303123496,11.0,828.0,0.8169737219034617,1.5672307224258133,0.020623203676097,36.5,0.3054354652502052,0.0,41.34375,1476.09375,1.8027756377319943,37.90625,1510.96875,9.0,0.9902760303123496,11.0,828.0,0.8169737219034617,1.5672307224258133,0.020623203676097077,36.5,0.30543546525020526,0.0,41.34375,1476.09375,1.8027756377319946,37.90625,1510.96875
pg2_3__6,pg2_3,6,4.0,0.9906147156058116,7.0,468.0,1.0111242242340055,1.0336047719170542,0.0263054662209757,40.59375,0.3908914735812453,0.0,43.9375,1781.53125,2.5,41.03125,1783.8125,4.0,0.9906147156058115,7.0,468.0,1.0111242242340055,1.0336047719170542,0.026305466220975772,40.59375,0.3908914735812453,0.0,43.9375,1781.53125,2.5,41.03125,1783.8125
pg2_3__7,pg2_3,7,5.0,0.9939427450200476,5.0,365.0,0.2784459553828763,0.5158761238431671,0.0231968870447531,37.4375,0.3409105638062629,0.0,34.5625,1256.8125,2.5,37.03125,1295.09375,5.0,0.9939427450200475,5.0,365.0,0.27844595538287636,0.5158761238431671,0.023196887044753114,37.4375,0.34091056380626295,0.0,34.5625,1256.8125,2.5,37.03125,1295.09375
pg2_3__8,pg2_3,8,186.0,0.9623016208139648,71.0,22255.0,23.189768955438318,9.468795768993608,0.0320990110827027,73.6875,1.0746840564739906,1.118033988749895,46.4375,1590.125,6.020797289396148,42.8125,3543.71875,186.0,0.9623016208139648,71.0,22255.0,23.189768955438314,9.468795768993608,0.03209901108270275,73.6875,1.0746840564739906,1.118033988749895,46.4375,1590.125,6.020797289396148,42.8125,3543.71875
pg2_3__9,pg2_3,9,19.0,0.9781355127402848,11.0,1490.0,4.765000423507781,1.522391068978017,0.0302549103210584,39.8125,0.5628219396549181,0.0,47.625,1712.75,2.549509756796392,37.15625,1898.1875,19.0,0.9781355127402848,11.0,1490.0,4.765000423507781,1.5223910689780167,0.030254910321058485,39.8125,0.5628219396549181,0.0,47.625,1712.75,2.5495097567963922,37.15625,1898.1875
pg2_4__0,pg2_4,0,2.0,0.9989423058100384,0.0,72.0,0.2192994575895118,0.2041132976620962,0.0050961329833393,44.0,0.0999131567356817,0.0,36.0,1562.40625,0.5,43.4375,1584.0,2.0,0.9989423058100383,0.0,72.0,0.21929945758951183,0.20411329766209624,0.005096132983339309,44.0,0.0999131567356817,0.0,36.0,1562.40625,0.5,43.4375,1584.0
pg2_4__1,pg2_4,1,70.0,0.98023449560555,24.0,5322.0,3.603229205564493,2.34857036538957,0.0226506867159203,50.03125,0.5200615987998001,0.5,47.0625,1603.03125,2.0615528128088303,40.34375,2381.5625,70.0,0.9802344956055499,24.0,5322.0,3.603229205564493,2.34857036538957,0.022650686715920396,50.03125,0.5200615987998001,0.5,47.0625,1603.03125,2.0615528128088303,40.34375,2381.5625
pg2_4__2,pg2_4,2,10.0,0.9853544652203932,5.0,560.0,0.9500770507599368,1.5308497324657215,0.0229667073993526,40.6875,0.3675053397689686,0.0,34.71875,1288.28125,2.5,39.0,1413.46875,10.0,0.9853544652203933,5.0,560.0,0.9500770507599368,1.5308497324657215,0.02296670739935269,40.6875,0.3675053397689686,0.0,34.71875,1288.28125,2.5,39.0,1413.46875
pg2_4__3,pg2_4,3,13.0,0.9909462979982092,2.0,591.0,2.899355094476077,0.7054514959638366,0.0232659232681873,51.5,0.3531514966140565,0.0,38.0,1536.40625,2.5,41.59375,1957.53125,13.0,0.9909462979982093,2.0,591.0,2.8993550944760775,0.7054514959638366,0.023265923268187372,51.5,0.3531514966140565,0.0,38.0,1536.40625,2.5,41.59375,1957.53125
pg2_4__4,pg2_4,4,10.0,0.9895057531177036,14.0,1028.0,1.445304203488207,0.7324667904466644,0.0246914659772531,38.5,0.4093040313995898,0.0,40.65625,1374.59375,3.1622776601683795,36.75,1567.625,10.0,0.9895057531177036,14.0,1028.0,1.4453042034882073,0.7324667904466644,0.02469146597725316,38.5,0.4093040313995898,0.0,40.65625,1374.59375,3.1622776601683795,36.75,1567.625
pg2_4__5,pg2_4,5,53.0,0.9751813157522043,93.0,10437.0,2.346578363024886,2.525773195876289,0.0287798297779496,41.0625,0.4211411451937699,0.5,53.4375,1452.25,2.8284271247461903,37.0,2228.65625,53.0,0.9751813157522043,93.0,10437.0,2.3465783630248866,2.5257731958762886,0.02877982977794964,41.0625,0.4211411451937699,0.5,53.4375,1452.25,2.8284271247461903,37.0,2228.65625
pg2_4__6,pg2_4,6,106.0,0.9596117382798104,202.0,33500.0,11.035556404397523,27.628048533837408,0.0397953611360662,62.90625,0.9769251998189832,1.5811388300841898,70.75,1505.15625,3.3541019662496847,44.5,4935.0625,106.0,0.9596117382798105,202.0,33500.0,11.035556404397523,27.628048533837408,0.03979536113606626,62.90625,0.9769251998189833,1.5811388300841898,70.75,1505.15625,3.3541019662496847,44.5,4935.0625
pg2_4__7,pg2_4,7,221.0,0.9502930275740932,126.0,41852.0,19.46162674358004,20.34925548904539,0.0443645155981247,71.53125,1.1718098626747109,1.118033988749895,52.4375,1845.8125,7.433034373659253,41.71875,3983.875,221.0,0.9502930275740932,126.0,41852.0,19.46162674358004,20.34925548904539,0.04436451559812474,71.53125,1.1718098626747107,1.118033988749895,52.4375,1845.8125,7.433034373659253,41.71875,3983.875
pg2_4__8,pg2_4,8,42.0,0.9770130531751762,20.0,3232.0,3.3674512498440903,1.9109603821939387,0.0316246044679622,47.46875,0.528674982906513,0.0,38.5625,1679.9375,2.8284271247461903,44.90625,1831.8125,42.0,0.9770130531751762,20.0,3232.0,3.3674512498440903,1.9109603821939387,0.03162460446796225,47.46875,0.528674982906513,0.0,38.5625,1679.9375,2.8284271247461903,44.90625,1831.8125
pg2_4__9,pg2_4,9,205.0,0.9647454594220236,56.0,21603.0,20.014459647021955,6.050747238193295,0.0318658595716315,74.09375,0.7701946260196322,1.118033988749895,51.625,1623.21875,4.031128874149275,37.25,3871.75,205.0,0.9647454594220237,56.0,21603.0,20.014459647021955,6.050747238193295,0.031865859571631565,74.09375,0.7701946260196322,1.118033988749895,51.625,1623.21875,4.031128874149275,37.25,3871.75
pg2_5__0,pg2_5,0,2.0,0.9948188705769914,1.0,110.0,0.5537339794637436,0.3657978350352613,0.034773480108456,38.0,0.60041404624567,0.0,37.0,1362.21875,5.852349955359813,37.1875,1406.0,2.0,0.9948188705769914,1.0,110.0,0.5537339794637436,0.3657978350352613,0.034773480108456066,38.0,0.60041404624567,0.0,37.0,1362.21875,5.852349955359813,37.1875,1406.0
pg2_5__1,pg2_5,1,14.0,0.9730316926922944,16.0,1288.0,4.944080971868566,2.375187033598479,0.0475284266522528,38.5625,0.7446159526925765,0.0,38.3125,1405.6875,4.123105625617661,37.3125,1479.1875,14.0,0.9730316926922944,16.0,1288.0,4.944080971868566,2.375187033598479,0.047528426652252855,38.5625,0.7446159526925765,0.0,38.3125,1405.6875,4.123105625617661,37.3125,1479.1875
pg2_5__2,pg2_5,2,58.0,0.9779785497807522,18.0,4186.0,9.618808076183967,1.5660265495838466,0.0317114364909561,50.53125,0.6085986057225762,0.5,48.03125,1721.25,4.301162633521313,39.4375,2449.40625,58.0,0.9779785497807522,18.0,4186.0,9.618808076183967,1.5660265495838466,0.03171143649095614,50.53125,0.6085986057225762,0.5,48.03125,1721.25,4.301162633521313,39.4375,2449.40625
pg2_5__3,pg2_5,3,23.0,0.9773150707387668,17.0,1979.0,1.814901532755908,3.214635664110407,0.0401697140241795,46.5625,0.765229194985968,0.25,37.59375,1571.65625,6.020797289396148,42.09375,1752.71875,23.0,0.9773150707387668,17.0,1979.0,1.814901532755908,3.214635664110407,0.04016971402417952,46.5625,0.765229194985968,0.25,37.59375,1571.65625,6.020797289396148,42.09375,1752.71875
pg2_5__4,pg2_5,4,61.0,0.9742819279220392,26.0,4892.0,4.372051790444291,2.464165539862035,0.032967157277076,45.78125,0.5422265175178682,0.5,43.15625,1568.59375,4.123105625617661,39.5,1981.0625,61.0,0.9742819279220392,26.0,4892.0,4.372051790444291,2.464165539862035,0.032967157277076053,45.78125,0.5422265175178682,0.5,43.15625,1568.59375,4.123105625617661,39.5,1981.0625
pg2_5__5,pg2_5,5,215.0,0.9527454007587663,117.0,39412.0,26.08620954468031,9.828803479047563,0.0513028972413833,68.9375,1.127819669116657,1.118033988749895,42.1875,1760.4375,5.220153254455275,41.0625,2953.1875,215.0,0.9527454007587665,117.0,39412.0,26.08620954468031,9.828803479047563,0.05130289724138336,68.9375,1.127819669116657,1.118033988749895,42.1875,1760.4375,5.220153254455275,41.0625,2953.1875
pg2_5__6,pg2_5,6,-3.0,0.9775495258296466,6.0,126.0,4.317292651176405,2.338002504835181,0.0496758105161082,40.5,0.8362155008034127,0.0,33.84375,1375.46875,6.800735254367722,41.0625,1370.625,-3.0,0.9775495258296466,6.0,126.0,4.317292651176405,2.338002504835181,0.04967581051610825,40.5,0.8362155008034127,0.0,33.84375,1375.46875,6.800735254367722,41.0625,1370.625
pg2_5__7,pg2_5,7,83.0,0.9597804540746228,68.0,11699.0,10.371838532362355,5.750831128387747,0.0496086978565456,53.03125,0.9681914623567518,0.6035533905932737,41.09375,1694.65625,7.158910531638177,42.5,2229.0625,83.0,0.9597804540746228,68.0,11699.0,10.371838532362357,5.750831128387747,0.049608697856545626,53.03125,0.9681914623567518,0.6035533905932737,41.09375,1694.65625,7.158910531638177,42.5,2229.0625
pg2_5__8,pg2_5,8,30.0,0.9773438800976196,86.0,7388.0,4.4432929892083095,5.21563906431292,0.0308010652040095,50.15625,0.603695463607984,0.5,51.15625,1733.53125,4.031128874149275,43.4375,2612.125,30.0,0.9773438800976196,86.0,7388.0,4.4432929892083095,5.21563906431292,0.030801065204009558,50.15625,0.603695463607984,0.5,51.15625,1733.53125,4.031128874149275,43.4375,2612.125
pg2_5__9,pg2_5,9,54.0,0.9669245354625544,6.0,2640.0,2.4123711340206184,3.0913656543828125,0.0433584891588339,47.59375,0.8243205585692233,0.5,34.9375,1636.8125,6.082762530298219,44.625,1665.84375,54.0,0.9669245354625544,6.0,2640.0,2.4123711340206184,3.0913656543828125,0.04335848915883397,47.59375,0.8243205585692233,0.5,34.9375,1636.8125,6.082762530298219,44.625,1665.84375
pg2_6__0,pg2_6,0,0.0,0.9957239665029894,0.0,0.0,0.5204398999368465,0.5111156806697129,0.0304791330012639,30.375,0.4628226464887652,0.0,39.03125,1196.8125,4.47213595499958,30.6875,1185.5625,0.0,0.9957239665029894,0.0,0.0,0.5204398999368465,0.5111156806697129,0.030479133001263987,30.375,0.46282264648876525,0.0,39.03125,1196.8125,4.47213595499958,30.6875,1185.5625
pg2_6__1,pg2_6,1,12.0,0.9829932099409602,9.0,789.0,0.7330469622528322,0.9391916664290216,0.0370240329592669,42.78125,0.5533104362781284,0.0,35.25,1269.375,4.47213595499958,37.4375,1509.59375,12.0,0.9829932099409602,9.0,789.0,0.7330469622528322,0.9391916664290215,0.03702403295926699,42.78125,0.5533104362781284,0.0,35.25,1269.375,4.47213595499958,37.4375,1509.59375
pg2_6__2,pg2_6,2,8.0,0.992534427350923,5.0,535.0,0.8638597033032497,1.2870092522548238,0.0216816831622456,50.0,0.3922552683359215,0.0,40.5,1731.28125,3.1622776601683795,46.09375,2025.0,8.0,0.992534427350923,5.0,535.0,0.8638597033032497,1.2870092522548238,0.021681683162245634,50.0,0.3922552683359215,0.0,40.5,1731.28125,3.1622776601683795,46.09375,2025.0
pg2_6__3,pg2_6,3,4.0,0.9919380845661762,-1.0,125.0,1.076344944611944,1.0914697413099148,0.0336229444897298,39.125,0.5791332975226131,0.0,41.8125,1612.40625,5.0,39.0,1635.8125,4.0,0.9919380845661762,-1.0,125.0,1.076344944611944,1.0914697413099148,0.03362294448972985,39.125,0.5791332975226131,0.0,41.8125,1612.40625,5.0,39.0,1635.8125
pg2_6__4,pg2_6,4,10.0,0.992208658424839,12.0,958.0,1.7064736418592268,0.9102573218409944,0.0236641469672852,44.4375,0.379783571383368,0.0,42.3125,1669.8125,2.549509756796392,41.375,1880.625,10.0,0.992208658424839,12.0,958.0,1.7064736418592268,0.9102573218409945,0.023664146967285256,44.4375,0.37978357138336805,0.0,42.3125,1669.8125,2.5495097567963922,41.375,1880.625
pg2_6__5,pg2_6,5,31.0,0.96643368547887,137.0,11073.0,7.5642674598583906,16.096940361444275,0.0471639164677061,43.90625,1.0734205627939388,0.7071067811865476,62.875,1695.21875,5.70087712549569,41.4375,2806.28125,31.0,0.9664336854788699,137.0,11073.0,7.5642674598583906,16.096940361444275,0.04716391646770618,43.90625,1.0734205627939388,0.7071067811865476,62.875,1695.21875,5.70087712549569,41.4375,2806.28125
pg2_6__6,pg2_6,6,183.0,0.962605072091845,86.0,26745.0,25.36978510721836,13.114216566807272,0.0385211408081828,55.59375,1.063921160079826,1.0590169943749477,52.3125,1738.0,4.527692569068709,44.5625,3064.6875,183.0,0.962605072091845,86.0,26745.0,25.369785107218362,13.114216566807272,0.03852114080818283,55.59375,1.063921160079826,1.0590169943749475,52.3125,1738.0,4.527692569068709,44.5625,3064.6875
pg2_6__7,pg2_6,7,4.0,0.99399910956475,8.0,596.0,0.7997502001327619,1.038349573789932,0.0238940081010038,52.625,0.4781228917621105,0.0,42.53125,1945.84375,4.272001872658765,51.25,2239.53125,4.0,0.9939991095647499,8.0,596.0,0.7997502001327619,1.038349573789932,0.023894008101003814,52.625,0.47812289176211054,0.0,42.53125,1945.84375,4.272001872658765,51.25,2239.53125
pg2_6__8,pg2_6,8,16.0,0.9721281301553294,128.0,7024.0,2.15493511507809,16.063129391154284,0.0248242354929009,39.28125,0.6140092534481066,1.0,51.1875,1469.21875,3.0,36.65625,2000.0,16.0,0.9721281301553294,128.0,7024.0,2.15493511507809,16.063129391154284,0.02482423549290091,39.28125,0.6140092534481066,1.0,51.1875,1469.21875,3.0,36.65625,2000.0
pg2_6__9,pg2_6,9,91.0,0.9608314216556588,186.0,28465.0,11.347497655883036,24.39219592454662,0.0481401778452146,43.75,1.329841758828261,0.7071067811865476,54.78125,1973.5,6.670832032063167,42.15625,2441.625,91.0,0.9608314216556589,186.0,28465.0,11.347497655883037,24.39219592454662,0.048140177845214696,43.75,1.329841758828261,0.7071067811865476,54.78125,1973.5,6.670832032063167,42.15625,2441.625
pg2_7__0,pg2_7,0,4.0,0.9964002669716696,-1.0,113.0,1.2746246001027757,0.3900532868534559,0.015507207121213,43.21875,0.3015988234076956,0.0,38.59375,1734.96875,2.549509756796392,43.78125,1668.09375,4.0,0.9964002669716695,-1.0,113.0,1.2746246001027757,0.3900532868534559,0.015507207121213088,43.21875,0.3015988234076956,0.0,38.59375,1734.96875,2.5495097567963922,43.78125,1668.09375
pg2_7__1,pg2_7,1,-1.0,0.991114832621222,1.0,1.0,1.0762708850291949,0.3280392283855117,0.0325045423438951,41.0,0.5772568430079486,0.0,37.0,1526.28125,4.609772228646444,40.90625,1517.0,-1.0,0.9911148326212219,1.0,1.0,1.0762708850291947,0.3280392283855117,0.032504542343895104,41.0,0.5772568430079486,0.0,37.0,1526.28125,4.6097722286464435,40.90625,1517.0
pg2_7__2,pg2_7,2,2.0,0.9963654225126348,2.0,152.0,0.3821392369659926,0.6891041223533363,0.0214685895351145,40.0,0.3629196909099659,0.0,38.0,1452.3125,3.0413812651491097,39.25,1520.0,2.0,0.9963654225126349,2.0,152.0,0.3821392369659926,0.6891041223533363,0.021468589535114525,40.0,0.3629196909099659,0.0,38.0,1452.3125,3.0413812651491097,39.25,1520.0
pg2_7__3,pg2_7,3,86.0,0.9710169369274598,28.0,6910.0,2.861377303375287,5.03927079903354,0.0373122473205555,54.53125,1.087590297933504,0.5,41.875,1729.59375,9.513148795220223,44.1875,2309.84375,86.0,0.9710169369274598,28.0,6910.0,2.861377303375287,5.03927079903354,0.03731224732055559,54.53125,1.087590297933504,0.5,41.875,1729.59375,9.513148795220223,44.1875,2309.84375
pg2_7__4,pg2_7,4,61.0,0.9712737767158768,127.0,15663.0,10.28106965449191,22.200229652421555,0.0274435010807578,62.34375,0.8483889544073331,0.5,44.90625,1529.875,2.692582403567252,47.0,2910.96875,61.0,0.9712737767158769,127.0,15663.0,10.28106965449191,22.200229652421555,0.027443501080757857,62.34375,0.8483889544073331,0.5,44.90625,1529.875,2.692582403567252,47.0,2910.96875
pg2_7__5,pg2_7,5,28.0,0.9679684734137908,113.0,8353.0,3.1992748806456235,4.806589783406253,0.0322860548934857,42.46875,0.6225999583990718,0.5,45.375,1493.96875,2.8284271247461903,38.28125,1936.9375,28.0,0.9679684734137908,113.0,8353.0,3.1992748806456235,4.806589783406253,0.032286054893485794,42.46875,0.6225999583990718,0.5,45.375,1493.96875,2.8284271247461903,38.28125,1936.9375
pg2_7__6,pg2_7,6,87.0,0.9663406880201336,65.0,11343.0,12.429163727201995,9.60379692069067,0.0511318646294878,49.625,0.9778964337617044,0.5,36.15625,1684.53125,5.522680508593631,46.40625,1804.0,87.0,0.9663406880201336,65.0,11343.0,12.429163727201995,9.60379692069067,0.05113186462948785,49.625,0.9778964337617044,0.5,36.15625,1684.53125,5.522680508593631,46.40625,1804.0
pg2_7__7,pg2_7,7,120.0,0.9695925702894268,76.0,16284.0,13.514152586049743,9.56213493353828,0.0315179593000463,48.28125,0.8114017891905649,0.5,43.625,1477.09375,3.2015621187164243,41.5625,2134.0,120.0,0.9695925702894267,76.0,16284.0,13.514152586049743,9.56213493353828,0.031517959300046375,48.28125,0.8114017891905649,0.5,43.625,1477.09375,3.2015621187164243,41.5625,2134.0
pg2_7__8,pg2_7,8,220.0,0.9617146197512548,83.0,29745.0,21.96720228899368,11.573015604856124,0.0494509944976214,54.0625,1.4880403283168462,1.0,45.84375,1471.03125,8.54400374531753,36.21875,2561.96875,220.0,0.9617146197512549,83.0,29745.0,21.96720228899368,11.573015604856124,0.04945099449762149,54.0625,1.4880403283168462,1.0,45.84375,1471.03125,8.54400374531753,36.21875,2561.96875
pg2_7__9,pg2_7,9,76.0,0.9716268983695036,56.0,9796.0,4.336078062265209,6.886601796406105,0.0262194557755957,68.0,0.587652335806936,0.5,43.59375,1752.59375,2.5,47.28125,3084.375,76.0,0.9716268983695037,56.0,9796.0,4.336078062265209,6.886601796406105,0.02621945577559572,68.0,0.587652335806936,0.5,43.59375,1752.59375,2.5,47.28125,3084.375
pg2_8__0,pg2_8,0,97.0,0.9707492061920384,51.0,10678.0,5.071714421362537,4.247610345168568,0.0385270175754973,73.59375,0.6737537671988182,0.5,57.78125,1562.78125,3.3541019662496847,43.28125,4627.9375,97.0,0.9707492061920385,51.0,10678.0,5.071714421362537,4.247610345168568,0.03852701757549733,73.59375,0.6737537671988182,0.5,57.78125,1562.78125,3.3541019662496847,43.28125,4627.9375
pg2_8__1,pg2_8,1,41.0,0.966351500259864,119.0,10795.0,3.7031410003060263,15.008009694135836,0.0448826800029295,41.1875,0.8333892077205938,0.5,40.25,1343.25,4.527692569068709,39.46875,1649.34375,41.0,0.966351500259864,119.0,10795.0,3.7031410003060268,15.008009694135835,0.0448826800029295,41.1875,0.8333892077205938,0.5,40.25,1343.25,4.527692569068709,39.46875,1649.34375
pg2_8__2,pg2_8,2,16.0,0.9852628427914172,8.0,1064.0,2.6646941991216564,1.283059998156426,0.0249024805751186,43.90625,0.3795047442208717,0.0,33.625,1526.09375,2.5,42.625,1476.46875,16.0,0.9852628427914173,8.0,1064.0,2.6646941991216564,1.283059998156426,0.024902480575118673,43.90625,0.3795047442208717,0.0,33.625,1526.09375,2.5,42.625,1476.46875
pg2_8__3,pg2_8,3,237.0,0.9598017405679165,145.0,49684.0,22.613694042609158,23.24204111711397,0.0372245684474572,67.3125,1.1182972544718612,1.0590169943749477,55.46875,1668.25,4.123105625617661,37.875,3940.125,237.0,0.9598017405679163,145.0,49684.0,22.613694042609154,23.24204111711397,0.03722456844745721,67.3125,1.1182972544718612,1.0590169943749475,55.46875,1668.25,4.123105625617661,37.875,3940.125
pg2_8__4,pg2_8,4,6.0,0.9958685279406172,0.0,288.0,0.8608093090782724,0.6638086611136184,0.0190147031099783,43.125,0.2805328040374295,0.0,47.3125,1816.96875,2.1213203435596424,39.90625,2041.8125,6.0,0.9958685279406171,0.0,288.0,0.8608093090782724,0.6638086611136184,0.01901470310997833,43.125,0.28053280403742953,0.0,47.3125,1816.96875,2.1213203435596424,39.90625,2041.8125
pg2_8__5,pg2_8,5,240.0,0.9666491753584152,23.0,16829.0,22.138700593785863,6.651518109884206,0.0392505159233422,68.59375,1.0782294152942788,1.0,42.625,1803.03125,7.0,44.25,2982.65625,240.0,0.9666491753584152,23.0,16829.0,22.138700593785863,6.651518109884206,0.039250515923342215,68.59375,1.0782294152942788,1.0,42.625,1803.03125,7.0,44.25,2982.65625
pg2_8__6,pg2_8,6,52.0,0.9629463251495676,217.0,20907.0,7.19554396184134,29.869772613363956,0.0531290158136714,48.34375,1.2306825031570847,1.118033988749895,82.875,1595.15625,9.013878188659971,38.53125,4080.28125,52.0,0.9629463251495677,217.0,20907.0,7.19554396184134,29.869772613363953,0.053129015813671424,48.34375,1.2306825031570847,1.118033988749895,82.875,1595.15625,9.013878188659973,38.53125,4080.28125
pg2_8__7,pg2_8,7,57.0,0.968211936210174,86.0,9963.0,4.2330667710830205,4.262752587679056,0.0339418468089586,40.90625,0.675790024895103,0.5,45.28125,1407.65625,2.9154759474226504,36.09375,1869.28125,57.0,0.9682119362101741,86.0,9963.0,4.2330667710830205,4.2627525876790555,0.03394184680895862,40.90625,0.675790024895103,0.5,45.28125,1407.65625,2.9154759474226504,36.09375,1869.28125
pg2_8__8,pg2_8,8,192.0,0.9538306582815892,192.0,51072.0,25.36463386028255,20.850057339531453,0.0513475825246911,62.25,1.302087220777809,1.5811388300841898,86.5625,1643.625,8.276472678623424,38.8125,5864.9375,192.0,0.9538306582815892,192.0,51072.0,25.36463386028255,20.850057339531453,0.051347582524691175,62.25,1.302087220777809,1.5811388300841898,86.5625,1643.625,8.276472678623424,38.8125,5864.9375
pg2_8__9,pg2_8,9,3.0,0.9945376393209384,7.0,410.0,1.852058340814004,2.1962029668429497,0.0179525709424172,38.03125,0.2845397989462202,0.0,41.34375,1558.0,2.23606797749979,38.0,1575.0625,3.0,0.9945376393209383,7.0,410.0,1.8520583408140041,2.1962029668429497,0.017952570942417284,38.03125,0.2845397989462202,0.0,41.34375,1558.0,2.23606797749979,38.0,1575.0625
pg2_9__0,pg2_9,0,3.0,0.9954886191367932,1.0,153.0,0.94982531914569,0.4545444883515174,0.0321948573078693,41.5,0.5576039200597658,0.0,38.0,1566.28125,5.408326913195984,41.25,1577.0,3.0,0.9954886191367933,1.0,153.0,0.9498253191456901,0.45454448835151745,0.03219485730786932,41.5,0.5576039200597658,0.0,38.0,1566.28125,5.408326913195984,41.25,1577.0
pg2_9__1,pg2_9,1,0.0,0.9907550064214972,-1.0,-40.0,1.2074405313873935,0.788171130867934,0.0428386635127606,39.78125,0.8101091784653881,0.0,34.84375,1368.375,7.826237921249264,39.84375,1386.09375,0.0,0.9907550064214972,-1.0,-40.0,1.2074405313873937,0.788171130867934,0.04283866351276066,39.78125,0.8101091784653881,0.0,34.84375,1368.375,7.826237921249264,39.84375,1386.09375
pg2_9__2,pg2_9,2,0.0,0.9886919651498908,0.0,0.0,1.0141154896652549,1.5791378240684215,0.0386809011280967,46.5625,0.892262341346135,0.0,39.03125,1817.15625,8.06225774829855,46.59375,1817.40625,0.0,0.9886919651498909,0.0,0.0,1.0141154896652547,1.5791378240684217,0.038680901128096766,46.5625,0.892262341346135,0.0,39.03125,1817.15625,8.06225774829855,46.59375,1817.40625
pg2_9__3,pg2_9,3,-1.0,0.9942802641059256,0.0,-46.0,0.4545444883515176,1.039960429931422,0.0340973374322172,44.0,0.6946036008406878,0.0,45.84375,2019.9375,6.726812023536855,44.03125,2017.125,-1.0,0.9942802641059257,0.0,-46.0,0.4545444883515176,1.039960429931422,0.034097337432217274,44.0,0.6946036008406878,0.0,45.84375,2019.9375,6.726812023536855,44.03125,2017.125
pg2_9__4,pg2_9,4,-4.0,0.9895909963655772,-3.0,-305.0,0.7054514959638366,1.6401961419275584,0.0444160697777123,41.125,0.8283406637354143,0.0,45.90625,2026.875,7.810249675906654,42.8125,1890.90625,-4.0,0.9895909963655773,-3.0,-305.0,0.7054514959638366,1.6401961419275584,0.04441606977771239,41.125,0.8283406637354143,0.0,45.90625,2026.875,7.810249675906654,42.8125,1890.90625
pg2_9__5,pg2_9,5,9.0,0.9817341354467496,2.0,427.0,1.3651719068348018,1.5185465526917847,0.0415058980493288,47.375,0.7466666556151615,0.0,33.5,1771.03125,6.946221994724902,47.1875,1586.90625,9.0,0.9817341354467496,2.0,427.0,1.3651719068348018,1.5185465526917847,0.0415058980493288,47.375,0.7466666556151615,0.0,33.5,1771.03125,6.946221994724902,47.1875,1586.90625
pg2_9__6,pg2_9,6,2.0,0.9875709908738228,3.0,201.0,1.8896375715946552,1.7310380468771978,0.0365502650999583,41.46875,0.6322914016819337,0.0,43.71875,1593.625,4.031128874149275,38.03125,1815.25,2.0,0.9875709908738228,3.0,201.0,1.8896375715946552,1.7310380468771978,0.03655026509995837,41.46875,0.6322914016819337,0.0,43.71875,1593.625,4.031128874149275,38.03125,1815.25
pg2_9__7,pg2_9,7,-7.0,0.9915953671892456,-7.0,-546.0,0.9566821452099676,0.8444173764835147,0.0306708651373906,42.25,0.6436712304578367,0.0,39.3125,1829.4375,6.082762530298219,44.3125,1661.625,-7.0,0.9915953671892455,-7.0,-546.0,0.9566821452099676,0.8444173764835147,0.030670865137390618,42.25,0.6436712304578367,0.0,39.3125,1829.4375,6.082762530298219,44.3125,1661.625
pg2_9__8,pg2_9,8,29.0,0.9735063744225126,70.0,6113.0,2.2469852028573576,9.91084714147834,0.0322664225062558,47.4375,0.6167736469467471,0.5,50.21875,1569.90625,4.609772228646444,42.6875,2420.34375,29.0,0.9735063744225126,70.0,6113.0,2.2469852028573576,9.91084714147834,0.032266422506255873,47.4375,0.6167736469467471,0.5,50.21875,1569.90625,4.6097722286464435,42.6875,2420.34375
pg2_9__9,pg2_9,9,2.0,0.9784151391966984,42.0,1814.0,2.4613064714048085,8.29414600197083,0.0441851693952939,36.84375,0.8457778737700976,0.5,52.4375,1603.03125,6.082762530298219,37.875,1945.375,2.0,0.9784151391966983,42.0,1814.0,2.4613064714048085,8.29414600197083,0.04418516939529399,36.84375,0.8457778737700976,0.5,52.4375,1603.03125,6.082762530298219,37.875,1945.375
pg3_10__0,pg3_10,0,1.0,0.9985067016317016,0.0,36.0,0.1515148294505059,0.1010098863003372,0.0145548720912429,30.0,0.1830342019875581,0.0,36.0,1078.875,1.8027756377319943,29.96875,1080.0,1.0,0.9985067016317016,0.0,36.0,0.15151482945050593,0.10100988630033723,0.014554872091242985,30.0,0.18303420198755818,0.0,36.0,1078.875,1.8027756377319946,29.96875,1080.0
pg3_10__1,pg3_10,1,-3.0,0.9948670684908484,4.0,21.0,0.8279897404613649,0.4869429145822492,0.0167326731227194,32.125,0.2418634015009133,0.0,34.59375,1111.59375,1.8027756377319943,32.90625,1111.375,-3.0,0.9948670684908484,4.0,21.0,0.8279897404613649,0.4869429145822492,0.016732673122719487,32.125,0.24186340150091337,0.0,34.59375,1111.59375,1.8027756377319946,32.90625,1111.375
pg3_10__2,pg3_10,2,-1.0,0.99671860804543,2.0,48.0,0.678300377302927,0.6797091023454405,0.0225386197912161,38.0,0.2811731127021187,0.0,30.0,1015.125,2.1213203435596424,37.15625,1140.0,-1.0,0.99671860804543,2.0,48.0,0.678300377302927,0.6797091023454405,0.022538619791216113,38.0,0.28117311270211875,0.0,30.0,1015.125,2.1213203435596424,37.15625,1140.0
pg3_10__3,pg3_10,3,11.0,0.9874873507344744,7.0,657.0,0.7990854587660248,2.6834340620545976,0.026628924527731,37.3125,0.3839281001984843,0.0,35.90625,1059.75,2.692582403567252,32.25,1340.40625,11.0,0.9874873507344745,7.0,657.0,0.7990854587660248,2.6834340620545976,0.026628924527731003,37.3125,0.38392810019848433,0.0,35.90625,1059.75,2.692582403567252,32.25,1340.40625
pg3_10__4,pg3_10,4,45.0,0.969893304508202,114.0,10197.0,8.105407449893656,10.29359632000776,0.0347315527876995,37.9375,0.6002943436890642,0.5,39.5625,961.09375,2.1213203435596424,31.84375,1549.875,45.0,0.969893304508202,114.0,10197.0,8.105407449893656,10.29359632000776,0.034731552787699516,37.9375,0.6002943436890642,0.5,39.5625,961.09375,2.1213203435596424,31.84375,1549.875
pg3_10__5,pg3_10,5,177.0,0.9611227305697256,56.0,17536.0,6.869925493676027,4.2025643902937135,0.039887313576679,70.28125,0.7539592806438784,0.7071067811865476,40.6875,1152.15625,2.9154759474226504,35.5,2974.0625,177.0,0.9611227305697257,56.0,17536.0,6.869925493676027,4.2025643902937135,0.039887313576679066,70.28125,0.7539592806438784,0.7071067811865476,40.6875,1152.15625,2.9154759474226504,35.5,2974.0625
pg3_10__6,pg3_10,6,98.0,0.9744399004329648,18.0,5200.0,13.357700172380229,0.8739811948315135,0.036569574025772,34.5625,0.7058321955026323,0.0,30.84375,1016.59375,3.2015621187164243,33.75,1066.6875,98.0,0.9744399004329649,18.0,5200.0,13.357700172380227,0.8739811948315135,0.03656957402577209,34.5625,0.7058321955026323,0.0,30.84375,1016.59375,3.2015621187164243,33.75,1066.6875
pg3_10__7,pg3_10,7,209.0,0.9588872098305448,47.0,17299.0,25.18818639294111,3.992054229464478,0.0517566061992555,63.1875,1.0862296468206487,1.0590169943749477,56.09375,1189.9375,6.5,41.40625,3824.5625,209.0,0.9588872098305447,47.0,17299.0,25.18818639294111,3.992054229464478,0.051756606199255546,63.1875,1.0862296468206487,1.0590169943749475,56.09375,1189.9375,6.5,41.40625,3824.5625
pg3_10__8,pg3_10,8,70.0,0.9677993527786022,72.0,9592.0,7.3343360924993295,12.572248428392696,0.0396040303127396,41.9375,0.7534935029192763,0.5,54.125,1156.5,3.5355339059327378,38.25,2288.625,70.0,0.9677993527786022,72.0,9592.0,7.3343360924993295,12.572248428392697,0.03960403031273969,41.9375,0.7534935029192763,0.5,54.125,1156.5,3.5355339059327378,38.25,2288.625
pg3_10__9,pg3_10,9,218.0,0.9613259404247914,63.0,23477.0,23.538619016084983,7.281697340962036,0.0544136156063409,75.28125,1.5022311364631036,1.5,54.71875,1294.34375,13.209844813622906,37.28125,4430.4375,218.0,0.9613259404247914,63.0,23477.0,23.538619016084986,7.281697340962036,0.0544136156063409,75.28125,1.5022311364631036,1.5,54.71875,1294.34375,13.209844813622906,37.28125,4430.4375
pg3_11__0,pg3_11,0,0.0,0.995564498480844,-2.0,-62.0,1.2380795196648309,0.3366733153156274,0.0177764199756589,31.0,0.2973771338254208,0.0,34.0,1078.125,2.5,31.25,1054.0,0.0,0.995564498480844,-2.0,-62.0,1.2380795196648307,0.33667331531562744,0.01777641997565899,31.0,0.2973771338254208,0.0,34.0,1078.125,2.5,31.25,1054.0
pg3_11__1,pg3_11,1,1.0,0.9983060747663552,-1.0,-6.0,0.252524715750843,0.0505049431501686,0.0165103408878189,35.0,0.2588494508289413,0.0,28.0,980.1875,2.549509756796392,34.96875,980.0,1.0,0.9983060747663551,-1.0,-6.0,0.252524715750843,0.05050494315016862,0.016510340887818917,35.0,0.2588494508289413,0.0,28.0,980.1875,2.5495097567963922,34.96875,980.0
pg3_11__2,pg3_11,2,133.0,0.9622276646361688,64.0,14417.0,14.206352025718171,5.774300336180081,0.0531861595880389,39.0625,0.9954690385000377,0.5,38.75,1024.09375,6.576473218982953,31.78125,1576.40625,133.0,0.9622276646361687,64.0,14417.0,14.206352025718173,5.774300336180081,0.0531861595880389,39.0625,0.9954690385000377,0.5,38.75,1024.09375,6.576473218982953,31.78125,1576.40625
pg3_11__3,pg3_11,3,102.0,0.9608219911978844,5.0,4780.0,4.79717208651442,8.979227572154471,0.0568783487189896,37.625,1.2237340017633735,0.5,40.09375,1344.0,5.5901699437494745,36.25,1510.59375,102.0,0.9608219911978843,5.0,4780.0,4.79717208651442,8.979227572154471,0.05687834871898963,37.625,1.2237340017633735,0.5,40.09375,1344.0,5.5901699437494745,36.25,1510.59375
pg3_11__4,pg3_11,4,63.0,0.9701045087775412,15.0,3342.0,5.768752892722489,2.0865785826900662,0.0464865137562222,37.09375,0.7415847769954578,0.25,27.46875,1077.53125,4.242640687119285,38.3125,1019.15625,63.0,0.9701045087775412,15.0,3342.0,5.768752892722489,2.0865785826900662,0.04648651375622223,37.09375,0.7415847769954578,0.25,27.46875,1077.53125,4.242640687119285,38.3125,1019.15625
pg3_11__5,pg3_11,5,98.0,0.9559139128428242,98.0,16072.0,7.228943607301331,14.16643586782334,0.0512389304300383,37.3125,0.9273536004005084,1.0,51.5625,1122.75,6.020797289396148,34.125,1962.21875,98.0,0.9559139128428242,98.0,16072.0,7.228943607301331,14.16643586782334,0.05123893043003838,37.3125,0.9273536004005085,1.0,51.5625,1122.75,6.020797289396148,34.125,1962.21875
pg3_11__6,pg3_11,6,86.0,0.9612834256052526,135.0,18841.0,14.009063234000656,14.77702269123884,0.0491844863676636,43.78125,0.9542856145525962,1.118033988749895,44.78125,1038.6875,4.031128874149275,38.03125,2000.59375,86.0,0.9612834256052526,135.0,18841.0,14.009063234000656,14.777022691238841,0.049184486367663656,43.78125,0.9542856145525962,1.118033988749895,44.78125,1038.6875,4.031128874149275,38.03125,2000.59375
pg3_11__7,pg3_11,7,224.0,0.9567817885832444,98.0,32634.0,31.1415144255094,9.775672290541712,0.0401445905104113,59.53125,1.0129342592410575,1.4142135623730951,48.96875,1058.1875,3.3541019662496847,28.1875,3097.375,224.0,0.9567817885832444,98.0,32634.0,31.141514425509396,9.775672290541712,0.040144590510411325,59.53125,1.0129342592410575,1.4142135623730951,48.96875,1058.1875,3.3541019662496847,28.1875,3097.375
pg3_11__8,pg3_11,8,97.0,0.9521621330230507,168.0,24291.0,11.656669164847456,21.917821568932407,0.0562158174256249,44.125,1.1564961120428852,1.118033988749895,66.0625,1037.53125,9.17877987534291,35.40625,3008.6875,97.0,0.9521621330230507,168.0,24291.0,11.656669164847456,21.917821568932407,0.05621581742562496,44.125,1.1564961120428852,1.118033988749895,66.0625,1037.53125,9.17877987534291,35.40625,3008.6875
pg3_11__9,pg3_11,9,98.0,0.9621392771861992,109.0,17448.0,5.93854702242827,7.445940074593058,0.0609252871464173,62.375,1.149810013780045,0.5,37.09375,1093.46875,9.486832980505138,36.71875,2383.625,98.0,0.9621392771861991,109.0,17448.0,5.93854702242827,7.445940074593058,0.060925287146417324,62.375,1.1498100137800453,0.5,37.09375,1093.46875,9.486832980505138,36.71875,2383.625
pg3_12__0,pg3_12,0,3.0,0.9879814714726248,7.0,322.0,1.1974749357304415,0.6008637987999095,0.0346626552855136,33.90625,0.4976583944300875,0.0,33.625,997.84375,4.47213595499958,32.34375,1140.5625,3.0,0.9879814714726248,7.0,322.0,1.1974749357304415,0.6008637987999095,0.03466265528551361,33.90625,0.4976583944300875,0.0,33.625,997.84375,4.47213595499958,32.34375,1140.5625
pg3_12__1,pg3_12,1,-1.0,0.996189482015174,-1.0,-58.0,0.3535346020511803,0.588035670365924,0.0277841272227405,27.0,0.3781091931909168,0.0,30.40625,828.6875,3.640054944640259,27.03125,820.96875,-1.0,0.9961894820151739,-1.0,-58.0,0.35353460205118037,0.588035670365924,0.027784127222740526,27.0,0.37810919319091685,0.0,30.40625,828.6875,3.640054944640259,27.03125,820.96875
pg3_12__2,pg3_12,2,1.0,0.9964465988501416,2.0,101.0,0.4673413177997171,0.2308679966655535,0.0253046585516477,37.0,0.5134634828922978,0.0,29.0,1051.40625,5.0,36.84375,1073.0,1.0,0.9964465988501416,2.0,101.0,0.46734131779971716,0.23086799666555352,0.025304658551647794,37.0,0.5134634828922978,0.0,29.0,1051.40625,5.0,36.84375,1073.0
pg3_12__3,pg3_12,3,7.0,0.9931938231872592,7.0,427.0,0.5781014587690342,0.9525349211789924,0.0377714544914442,36.96875,0.4252598511708603,0.0,30.09375,871.84375,2.9154759474226504,32.375,1112.53125,7.0,0.9931938231872591,7.0,427.0,0.5781014587690342,0.9525349211789925,0.037771454491444256,36.96875,0.4252598511708603,0.0,30.09375,871.84375,2.9154759474226504,32.375,1112.53125
pg3_12__4,pg3_12,4,23.0,0.977659982321697,54.0,3876.0,4.02627806805555,1.9295295491408124,0.0334331760223075,49.3125,0.5982668547864558,0.5,54.5,1156.78125,5.0,37.375,2742.65625,23.0,0.977659982321697,54.0,3876.0,4.02627806805555,1.9295295491408124,0.033433176022307574,49.3125,0.5982668547864558,0.5,54.5,1156.78125,5.0,37.375,2742.65625
pg3_12__5,pg3_12,5,119.0,0.9724891788545408,34.0,9792.0,21.97220802264951,2.269505150799105,0.0347964164051932,44.40625,0.8675469087746507,0.5,42.46875,1377.5625,2.549509756796392,36.1875,1929.03125,119.0,0.9724891788545408,34.0,9792.0,21.97220802264951,2.269505150799105,0.03479641640519322,44.40625,0.8675469087746507,0.5,42.46875,1377.5625,2.5495097567963922,36.1875,1929.03125
pg3_12__6,pg3_12,6,47.0,0.9704379763642172,151.0,13611.0,2.010071357848073,16.81596572179404,0.0261542599057465,35.46875,0.6618318148642726,0.5,64.90625,1251.4375,3.0,31.21875,2346.5625,47.0,0.9704379763642171,151.0,13611.0,2.010071357848073,16.81596572179404,0.0261542599057465,35.46875,0.6618318148642726,0.5,64.90625,1251.4375,3.0,31.21875,2346.5625
pg3_12__7,pg3_12,7,16.0,0.9696320893202588,142.0,7674.0,1.7076876933281802,18.36524081949833,0.0359080821678256,36.25,0.8212334239806784,0.5,43.3125,961.0625,3.3541019662496847,35.53125,1569.75,16.0,0.9696320893202587,142.0,7674.0,1.7076876933281802,18.36524081949833,0.03590808216782567,36.25,0.8212334239806784,0.5,43.3125,961.0625,3.3541019662496847,35.53125,1569.75
pg3_12__8,pg3_12,8,127.0,0.965927708268408,48.0,11727.0,9.7652785582613,2.027339967551646,0.0351211907895125,39.4375,0.6403817894079912,0.5,47.625,971.34375,3.1622776601683795,29.1875,1971.8125,127.0,0.9659277082684081,48.0,11727.0,9.765278558261299,2.027339967551646,0.035121190789512535,39.4375,0.6403817894079912,0.5,47.625,971.34375,3.1622776601683795,29.1875,1971.8125
pg3_12__9,pg3_12,9,88.0,0.9709346379491562,14.0,4468.0,10.162846649144576,2.9920982130340747,0.0466291031236283,34.875,0.8149726184013716,0.0,36.40625,956.1875,4.272001872658765,30.3125,1272.59375,88.0,0.9709346379491562,14.0,4468.0,10.162846649144575,2.9920982130340747,0.04662910312362838,34.875,0.8149726184013716,0.0,36.40625,956.1875,4.272001872658765,30.3125,1272.59375
pg3_1__0,pg3_1,0,-5.0,0.9919778824943192,-3.0,-299.0,0.5293992608852688,0.9320066587455312,0.0224628257404091,39.15625,0.4205016067833405,0.0,36.25,1504.3125,3.5,40.96875,1419.46875,-5.0,0.9919778824943192,-3.0,-299.0,0.5293992608852688,0.9320066587455312,0.02246282574040918,39.15625,0.42050160678334053,0.0,36.25,1504.3125,3.5,40.96875,1419.46875
pg3_1__1,pg3_1,1,30.0,0.9779072468738064,14.0,1972.0,1.6313924032386171,1.9250351794525409,0.043510962681816,37.03125,0.652474528901181,0.0,37.09375,1229.1875,4.123105625617661,35.1875,1374.28125,30.0,0.9779072468738063,14.0,1972.0,1.6313924032386171,1.9250351794525409,0.04351096268181607,37.03125,0.652474528901181,0.0,37.09375,1229.1875,4.123105625617661,35.1875,1374.28125
pg3_1__2,pg3_1,2,183.0,0.9590764538038048,101.0,28606.0,4.796562786050773,8.147454705249281,0.0585021036664301,47.46875,1.4948281103011432,0.5,40.71875,1472.40625,10.04987562112089,40.34375,1986.5,183.0,0.9590764538038049,101.0,28606.0,4.796562786050773,8.147454705249281,0.05850210366643016,47.46875,1.4948281103011432,0.5,40.71875,1472.40625,10.04987562112089,40.34375,1986.5
pg3_1__3,pg3_1,3,58.0,0.9689023255676176,45.0,6717.0,8.762358989574356,8.325458779927358,0.0745422877533791,43.0625,2.1282915194339966,0.5,38.25,1599.0,20.554804791094465,41.0,1649.0,58.0,0.9689023255676177,45.0,6717.0,8.762358989574356,8.325458779927358,0.07454228775337916,43.0625,2.1282915194339966,0.5,38.25,1599.0,20.554804791094465,41.0,1649.0
pg3_1__4,pg3_1,4,81.0,0.9632192504573296,162.0,21222.0,11.469735877934417,22.680033970601578,0.0422241608673107,53.4375,0.9216719397270752,1.118033988749895,53.09375,1133.25,3.5,36.4375,3059.25,81.0,0.9632192504573297,162.0,21222.0,11.469735877934415,22.680033970601578,0.04222416086731078,53.4375,0.9216719397270752,1.118033988749895,53.09375,1133.25,3.5,36.4375,3059.25
pg3_1__5,pg3_1,5,154.0,0.962617976825002,32.0,11406.0,10.330174698406934,10.251233500794406,0.0659102099597019,42.4375,1.689126435297734,0.5,44.46875,1276.9375,12.5,34.5,1936.46875,154.0,0.9626179768250019,32.0,11406.0,10.330174698406934,10.251233500794406,0.0659102099597019,42.4375,1.689126435297734,0.5,44.46875,1276.9375,12.5,34.5,1936.46875
pg3_1__6,pg3_1,6,40.0,0.9804398136908582,31.0,3920.0,4.074761015104537,5.159399863432936,0.039701396244736,42.6875,0.6482536548743725,0.0,39.46875,1418.59375,4.924428900898052,39.65625,1690.8125,40.0,0.9804398136908582,31.0,3920.0,4.074761015104537,5.159399863432936,0.039701396244736085,42.6875,0.6482536548743725,0.0,39.46875,1418.59375,4.924428900898052,39.65625,1690.8125
pg3_1__7,pg3_1,7,73.0,0.9623527552906368,193.0,24875.0,4.247059838370337,24.72396659906213,0.0520233744944651,67.0,1.2743150155785312,1.0590169943749477,44.9375,1743.625,6.576473218982953,42.875,3180.875,73.0,0.9623527552906367,193.0,24875.0,4.247059838370337,24.723966599062134,0.052023374494465154,67.0,1.2743150155785312,1.0590169943749475,44.9375,1743.625,6.576473218982953,42.875,3180.875
pg3_1__8,pg3_1,8,23.0,0.9661605974607532,73.0,5423.0,5.976519044694257,6.0898435176536285,0.0457305373969779,46.3125,0.8035642847451315,0.5,75.15625,1570.40625,4.0,39.40625,3545.46875,23.0,0.9661605974607532,73.0,5423.0,5.976519044694257,6.0898435176536285,0.04573053739697794,46.3125,0.8035642847451315,0.5,75.15625,1570.40625,4.0,39.40625,3545.46875
pg3_1__9,pg3_1,9,97.0,0.960441915799628,76.0,13482.0,6.609541986839917,9.026519424897264,0.0534010871268824,39.78125,1.039835772822713,0.5,42.09375,1432.15625,5.408326913195984,36.6875,1684.875,97.0,0.960441915799628,76.0,13482.0,6.609541986839917,9.026519424897263,0.053401087126882435,39.78125,1.039835772822713,0.5,42.09375,1432.15625,5.408326913195984,36.6875,1684.875
pg3_2__0,pg3_2,0,102.0,0.962452791637535,52.0,10742.0,7.1298368341008524,9.21145991303268,0.0613594909022462,49.125,1.2195973496424342,0.5,43.4375,1334.9375,9.17877987534291,34.84375,2154.90625,102.0,0.962452791637535,52.0,10742.0,7.1298368341008524,9.21145991303268,0.061359490902246246,49.125,1.2195973496424342,0.5,43.4375,1334.9375,9.17877987534291,34.84375,2154.90625
pg3_2__1,pg3_2,1,5.0,0.9953519042011502,-3.0,63.0,0.3056488057808988,0.5110117002636588,0.0294745710263304,38.0,0.4672961799611746,0.0,35.0,1274.375,4.47213595499958,36.90625,1330.0,5.0,0.9953519042011502,-3.0,63.0,0.3056488057808988,0.5110117002636588,0.029474571026330415,38.0,0.4672961799611746,0.0,35.0,1274.375,4.47213595499958,36.90625,1330.0
pg3_2__2,pg3_2,2,1.0,0.9951640799832012,1.0,79.0,0.3921593113734069,1.0670227600249718,0.021235244442013,37.0,0.3705764674477421,0.0,43.875,1573.0625,3.3541019662496847,36.21875,1623.375,1.0,0.9951640799832013,1.0,79.0,0.3921593113734069,1.0670227600249718,0.021235244442013048,37.0,0.37057646744774214,0.0,43.875,1573.0625,3.3541019662496847,36.21875,1623.375
pg3_2__3,pg3_2,3,0.0,0.9940042443765732,-1.0,-39.0,1.3597308943338182,0.5973601899306445,0.0243271497530301,39.0,0.4053162587806032,0.0,35.0,1402.78125,3.1622776601683795,39.0,1365.0,0.0,0.9940042443765732,-1.0,-39.0,1.3597308943338182,0.5973601899306445,0.024327149753030155,39.0,0.40531625878060323,0.0,35.0,1402.78125,3.1622776601683795,39.0,1365.0
pg3_2__4,pg3_2,4,7.0,0.9844158383975292,13.0,902.0,1.1077078523471595,3.5419235817781454,0.0341510966414741,45.375,0.628837923573549,0.0,41.375,1612.5,4.609772228646444,42.75,1877.84375,7.0,0.9844158383975291,13.0,902.0,1.1077078523471597,3.5419235817781454,0.03415109664147418,45.375,0.628837923573549,0.0,41.375,1612.5,4.6097722286464435,42.75,1877.84375
pg3_2__5,pg3_2,5,189.0,0.9602102925079676,104.0,30922.0,21.20459801905091,6.670322181267789,0.0403354622459763,38.0625,1.224033207547516,1.0,64.40625,1436.25,4.031128874149275,32.96875,2532.1875,189.0,0.9602102925079675,104.0,30922.0,21.20459801905091,6.670322181267789,0.04033546224597636,38.0625,1.224033207547516,1.0,64.40625,1436.25,4.031128874149275,32.96875,2532.1875
pg3_2__6,pg3_2,6,131.0,0.9624562660495762,96.0,21560.0,21.045315474776885,3.0104858019137515,0.0405898165606015,50.6875,0.8029024110473765,0.7071067811865476,73.96875,1667.65625,3.605551275463989,40.09375,3892.65625,131.0,0.9624562660495762,96.0,21560.0,21.045315474776885,3.0104858019137515,0.04058981656060154,50.6875,0.8029024110473765,0.7071067811865476,73.96875,1667.65625,3.605551275463989,40.09375,3892.65625
pg3_2__7,pg3_2,7,132.0,0.9631742855707788,108.0,24000.0,6.175614846049824,5.678564445805032,0.049954633132219,50.53125,1.6908647212223025,0.5,38.90625,1665.0,13.583077707206124,45.0,1973.84375,132.0,0.9631742855707789,108.0,24000.0,6.1756148460498235,5.678564445805032,0.04995463313221909,50.53125,1.6908647212223025,0.5,38.90625,1665.0,13.583077707206124,45.0,1973.84375
pg3_2__8,pg3_2,8,83.0,0.9643919629595104,85.0,14621.0,12.880029253707582,6.0669687041466,0.0554330723222722,56.53125,1.888747929888084,0.5,45.1875,1964.0,17.00735135169495,47.53125,2585.5625,83.0,0.9643919629595105,85.0,14621.0,12.880029253707582,6.0669687041466,0.05543307232227226,56.53125,1.888747929888084,0.5,45.1875,1964.0,17.00735135169495,47.53125,2585.5625
pg3_2__9,pg3_2,9,46.0,0.9654834405080696,98.0,10032.0,4.480291865293429,9.25136683349058,0.0441159989335969,49.34375,1.002138663194281,0.5,46.46875,1534.03125,8.0156097709407,42.21875,2307.84375,46.0,0.9654834405080696,98.0,10032.0,4.480291865293429,9.25136683349058,0.044115998933596974,49.34375,1.002138663194281,0.5,46.46875,1534.03125,8.0156097709407,42.21875,2307.84375
pg3_3__0,pg3_3,0,-1.0,0.9951669818085094,1.0,0.0,0.2398984799633009,0.7994178985435905,0.0215164583916274,37.0,0.3580330051087652,0.0,36.65625,1352.8125,3.1622776601683795,37.0,1356.28125,-1.0,0.9951669818085094,1.0,0.0,0.23989847996330096,0.7994178985435905,0.021516458391627493,37.0,0.35803300510876523,0.0,36.65625,1352.8125,3.1622776601683795,37.0,1356.28125
pg3_3__1,pg3_3,1,1.0,0.996022555823778,0.0,39.0,0.252524715750843,0.77271462686365,0.0293882131368524,37.0,0.4977032795168502,0.0,39.0,1441.78125,4.716990566028302,36.96875,1443.0,1.0,0.996022555823778,0.0,39.0,0.252524715750843,0.77271462686365,0.029388213136852463,37.0,0.4977032795168502,0.0,39.0,1441.78125,4.716990566028302,36.96875,1443.0
pg3_3__2,pg3_3,2,2.0,0.9948097233106218,0.0,78.0,0.4361689855939419,0.6006868920394728,0.0350398985900622,37.0,0.6226595763510591,0.0,39.0,1349.0,5.852349955359813,35.5625,1443.0,2.0,0.9948097233106218,0.0,78.0,0.43616898559394196,0.6006868920394728,0.03503989859006223,37.0,0.6226595763510591,0.0,39.0,1349.0,5.852349955359813,35.5625,1443.0
pg3_3__3,pg3_3,3,6.0,0.992139638991994,2.0,296.0,0.5114794456249864,1.869493188715836,0.0364243876778363,45.96875,0.5383771664274827,0.0,35.96875,1465.875,5.0,42.1875,1653.4375,6.0,0.992139638991994,2.0,296.0,0.5114794456249864,1.869493188715836,0.036424387677836303,45.96875,0.5383771664274827,0.0,35.96875,1465.875,5.0,42.1875,1653.4375
pg3_3__4,pg3_3,4,2.0,0.991610043163552,2.0,140.0,0.4596597280331536,0.6076355475584073,0.0331367145478801,37.4375,0.5868422404574849,0.0,33.21875,1261.75,5.522680508593631,37.3125,1243.71875,2.0,0.991610043163552,2.0,140.0,0.45965972803315364,0.6076355475584073,0.03313671454788013,37.4375,0.5868422404574849,0.0,33.21875,1261.75,5.522680508593631,37.3125,1243.71875
pg3_3__5,pg3_3,5,3.0,0.9914386302040524,8.0,419.0,0.7347124042307973,1.090763548393308,0.0325959141255863,35.40625,0.5522219666691532,0.0,43.9375,1460.21875,5.1478150704935,34.96875,1556.4375,3.0,0.9914386302040524,8.0,419.0,0.7347124042307973,1.090763548393308,0.032595914125586344,35.40625,0.5522219666691532,0.0,43.9375,1460.21875,5.1478150704935,34.96875,1556.4375
pg3_3__6,pg3_3,6,77.0,0.9666084102360544,88.0,13563.0,10.13885685483735,8.176414681333796,0.0524643919559749,55.59375,1.3483315908249645,0.5,40.96875,1723.65625,10.5,43.125,2292.875,77.0,0.9666084102360545,88.0,13563.0,10.13885685483735,8.176414681333796,0.05246439195597493,55.59375,1.3483315908249645,0.5,40.96875,1723.65625,10.5,43.125,2292.875
pg3_3__7,pg3_3,7,-1.0,0.9976478494623656,0.0,-44.0,0.1515148294505059,0.4040395452013489,0.0229259275583544,37.0,0.4337325384733724,0.0,44.0,1629.375,4.272001872658765,37.03125,1628.0,-1.0,0.9976478494623656,0.0,-44.0,0.15151482945050593,0.40403954520134894,0.022925927558354417,37.0,0.4337325384733724,0.0,44.0,1629.375,4.272001872658765,37.03125,1628.0
pg3_3__8,pg3_3,8,0.0,0.9960214554937008,0.0,0.0,0.4977364001885901,0.6132937615561175,0.0216003275453869,36.0,0.3465932077945889,0.0,40.15625,1465.25,3.2015621187164243,35.875,1445.625,0.0,0.9960214554937009,0.0,0.0,0.49773640018859017,0.6132937615561175,0.021600327545386964,36.0,0.34659320779458896,0.0,40.15625,1465.25,3.2015621187164243,35.875,1445.625
pg3_3__9,pg3_3,9,3.0,0.9950242544564192,5.0,296.0,0.370489130434359,0.532002715358378,0.0305640119785418,36.25,0.4821275812486124,0.0,40.375,1367.84375,4.609772228646444,34.84375,1463.875,3.0,0.9950242544564191,5.0,296.0,0.37048913043435905,0.532002715358378,0.030564011978541875,36.25,0.4821275812486124,0.0,40.375,1367.84375,4.6097722286464435,34.84375,1463.875
pg3_4__0,pg3_4,0,82.0,0.9735340720637116,52.0,9118.0,3.671934270381588,5.902572795603386,0.03231152091068,40.84375,0.5651423342904132,0.5,48.75,1447.78125,3.2015621187164243,36.125,2021.90625,82.0,0.9735340720637117,52.0,9118.0,3.671934270381588,5.902572795603386,0.03231152091068006,40.84375,0.5651423342904132,0.5,48.75,1447.78125,3.2015621187164243,36.125,2021.90625
pg3_4__1,pg3_4,1,83.0,0.960277304135194,82.0,12417.0,7.434705322687668,7.46516336358845,0.0556732131975347,39.25,1.1632444002965117,0.5,48.65625,1389.09375,9.848857801796104,35.96875,1916.375,83.0,0.960277304135194,82.0,12417.0,7.434705322687668,7.4651633635884505,0.05567321319753476,39.25,1.1632444002965117,0.5,48.65625,1389.09375,9.848857801796104,35.96875,1916.375
pg3_4__2,pg3_4,2,94.0,0.964485601161012,101.0,16709.0,8.754010058442093,4.238411269357117,0.0431759644790188,45.25,0.7691021534830844,0.7071067811865476,49.4375,1376.09375,5.408326913195984,35.8125,2335.8125,94.0,0.964485601161012,101.0,16709.0,8.754010058442093,4.238411269357117,0.043175964479018815,45.25,0.7691021534830844,0.7071067811865476,49.4375,1376.09375,5.408326913195984,35.8125,2335.8125
pg3_4__3,pg3_4,3,40.0,0.9739729403994298,55.0,5830.0,4.6203800248491325,3.694830115487694,0.0498244708729334,45.28125,0.9484897256824942,0.0,33.125,1378.875,7.0178344238091,41.90625,1500.0,40.0,0.9739729403994298,55.0,5830.0,4.6203800248491325,3.694830115487694,0.04982447087293349,45.28125,0.9484897256824942,0.0,33.125,1378.875,7.0178344238090995,41.90625,1500.0
pg3_4__4,pg3_4,4,77.0,0.965989503986032,57.0,9823.0,13.972219754182849,7.888888556240306,0.0393013302844124,68.90625,0.9383020773813558,1.0,37.9375,1756.96875,5.1478150704935,46.875,2618.34375,77.0,0.965989503986032,57.0,9823.0,13.972219754182847,7.888888556240306,0.03930133028441243,68.90625,0.9383020773813558,1.0,37.9375,1756.96875,5.1478150704935,46.875,2618.34375
pg3_4__5,pg3_4,5,6.0,0.9887828492798356,5.0,444.0,1.41062048173123,0.9645926297868171,0.0380140056749014,43.5625,0.7377483298478572,0.0,39.0,1482.6875,6.670832032063167,41.3125,1698.9375,6.0,0.9887828492798357,5.0,444.0,1.41062048173123,0.9645926297868171,0.03801400567490144,43.5625,0.7377483298478572,0.0,39.0,1482.6875,6.670832032063167,41.3125,1698.9375
pg3_4__6,pg3_4,6,2.0,0.9965591159162962,2.0,156.0,0.4480090224255826,0.37263442416346,0.0236708074460116,38.0,0.3773907866787744,0.0,42.0,1559.34375,3.605551275463989,37.5625,1596.0,2.0,0.9965591159162962,2.0,156.0,0.44800902242558266,0.37263442416346004,0.023670807446011636,38.0,0.3773907866787744,0.0,42.0,1559.34375,3.605551275463989,37.5625,1596.0
pg3_4__7,pg3_4,7,203.0,0.9600128835097608,32.0,14582.0,19.705564654445084,4.264784105044726,0.0608185120790536,52.625,1.9497477155079124,0.7071067811865476,39.0625,1487.1875,17.0,41.75,2111.65625,203.0,0.9600128835097607,32.0,14582.0,19.705564654445084,4.264784105044726,0.060818512079053685,52.625,1.9497477155079124,0.7071067811865476,39.0625,1487.1875,17.0,41.75,2111.65625
pg3_4__8,pg3_4,8,89.0,0.9514615350346688,178.0,25187.0,6.939017423351304,12.488351464802234,0.0649253329470037,44.5625,1.6879357316786925,0.6035533905932737,59.625,1327.5,9.394147114027968,38.71875,2677.625,89.0,0.9514615350346687,178.0,25187.0,6.939017423351304,12.488351464802234,0.06492533294700371,44.5625,1.6879357316786925,0.6035533905932737,59.625,1327.5,9.394147114027968,38.71875,2677.625
pg3_4__9,pg3_4,9,91.0,0.9753930884987286,9.0,4564.0,13.376778291894764,2.2507069542761435,0.0464054439913099,52.96875,0.9079839726946216,0.5,36.71875,1558.59375,6.800735254367722,43.21875,1941.9375,91.0,0.9753930884987286,9.0,4564.0,13.376778291894764,2.2507069542761435,0.046405443991309914,52.96875,0.9079839726946215,0.5,36.71875,1558.59375,6.800735254367722,43.21875,1941.9375
pg3_5__0,pg3_5,0,27.0,0.9664113070720616,110.0,8778.0,8.219621312065625,4.027327207752525,0.0334930413184945,43.78125,0.6103102564845154,0.5,50.46875,1875.625,2.23606797749979,42.03125,2223.25,27.0,0.9664113070720615,110.0,8778.0,8.219621312065625,4.027327207752525,0.0334930413184945,43.78125,0.6103102564845154,0.5,50.46875,1875.625,2.23606797749979,42.03125,2223.25
pg3_5__1,pg3_5,1,124.0,0.9583656228051172,76.0,18072.0,15.691646206013322,9.302077337284356,0.0503178669546272,82.28125,1.1718811246078824,1.118033988749895,47.75,1859.1875,8.139410298049853,42.96875,3963.90625,124.0,0.9583656228051171,76.0,18072.0,15.691646206013322,9.302077337284356,0.0503178669546272,82.28125,1.1718811246078824,1.118033988749895,47.75,1859.1875,8.139410298049853,42.96875,3963.90625
pg3_5__2,pg3_5,2,13.0,0.9690812312581286,160.0,9411.0,1.9050419478430831,23.91728470372645,0.032681405667577,42.84375,0.8332922670152664,1.0,53.96875,2104.5,4.242640687119285,41.34375,2325.5,13.0,0.9690812312581286,160.0,9411.0,1.9050419478430831,23.91728470372645,0.03268140566757701,42.84375,0.8332922670152664,1.0,53.96875,2104.5,4.242640687119285,41.34375,2325.5
pg3_5__3,pg3_5,3,208.0,0.965048724036437,26.0,15054.0,25.283935492412628,6.684150029873014,0.0338421970189044,68.875,0.9654246087777916,1.0,41.28125,1722.28125,2.692582403567252,42.53125,2897.34375,208.0,0.965048724036437,26.0,15054.0,25.283935492412628,6.684150029873014,0.03384219701890444,68.875,0.9654246087777916,1.0,41.28125,1722.28125,2.692582403567252,42.53125,2897.34375
pg3_5__4,pg3_5,4,54.0,0.9809281847824072,19.0,3714.0,4.662769326427831,0.7171435170902549,0.0355017528498495,46.03125,0.6110491485393873,0.0,34.53125,1427.78125,3.3541019662496847,41.09375,1595.8125,54.0,0.9809281847824071,19.0,3714.0,4.6627693264278305,0.7171435170902549,0.03550175284984958,46.03125,0.6110491485393873,0.0,34.53125,1427.78125,3.3541019662496847,41.09375,1595.8125
pg3_5__5,pg3_5,5,39.0,0.9716408452121036,146.0,12130.0,6.186816884032711,19.97076724280087,0.0275951469358882,44.71875,0.7971311585169615,0.6035533905932737,41.40625,1272.0,2.5,36.40625,1894.4375,39.0,0.9716408452121037,146.0,12130.0,6.186816884032711,19.97076724280087,0.027595146935888284,44.71875,0.7971311585169615,0.6035533905932737,41.40625,1272.0,2.5,36.40625,1894.4375
pg3_5__6,pg3_5,6,8.0,0.9920467674239366,10.0,722.0,0.7198061878231412,0.9747312281645146,0.0173129784514709,37.34375,0.3261128365158568,0.0,46.0,1383.375,2.0,34.65625,1720.90625,8.0,0.9920467674239366,10.0,722.0,0.7198061878231412,0.9747312281645146,0.017312978451470944,37.34375,0.3261128365158568,0.0,46.0,1383.375,2.0,34.65625,1720.90625
pg3_5__7,pg3_5,7,111.0,0.9673573564867648,87.0,17037.0,15.787415260379936,12.125405327337145,0.0319513198333464,72.1875,0.9952658622583502,1.0,37.5625,1482.90625,4.301162633521313,45.78125,2785.125,111.0,0.9673573564867647,87.0,17037.0,15.787415260379937,12.125405327337143,0.03195131983334649,72.1875,0.9952658622583502,1.0,37.5625,1482.90625,4.301162633521313,45.78125,2785.125
pg3_5__8,pg3_5,8,152.0,0.961790747784035,94.0,23050.0,11.61761217906323,9.700929587428217,0.0385020771023257,57.375,0.8900836221995956,1.0,48.21875,1365.46875,3.5355339059327378,36.375,2850.96875,152.0,0.961790747784035,94.0,23050.0,11.61761217906323,9.700929587428217,0.03850207710232572,57.375,0.8900836221995956,1.0,48.21875,1365.46875,3.5355339059327378,36.375,2850.96875
pg3_5__9,pg3_5,9,111.0,0.9658067084927988,49.0,11741.0,11.409656127565976,4.410516037431641,0.0483446903234406,42.46875,1.2041429871017582,0.7071067811865476,53.625,1608.5,9.340770846134705,37.5,2320.8125,111.0,0.9658067084927989,49.0,11741.0,11.409656127565977,4.410516037431641,0.04834469032344062,42.46875,1.2041429871017582,0.7071067811865476,53.625,1608.5,9.340770846134703,37.5,2320.8125
pg3_7__0,pg3_7,0,-1.0,0.9978685525179428,-1.0,-73.0,0.2563882498030079,0.3341383272297289,0.0156989153779413,38.3125,0.2369712370571222,0.0,34.09375,1365.0,2.23606797749979,39.0,1306.28125,-1.0,0.9978685525179428,-1.0,-73.0,0.25638824980300795,0.3341383272297289,0.015698915377941363,38.3125,0.2369712370571222,0.0,34.09375,1365.0,2.23606797749979,39.0,1306.28125
pg3_7__1,pg3_7,1,2.0,0.9938754048947528,-3.0,-40.0,0.3316640812813486,1.2972087565139256,0.0256344739447905,36.0,0.3800772112049942,0.0,31.5625,1135.0625,3.2015621187164243,35.65625,1136.25,2.0,0.9938754048947529,-3.0,-40.0,0.33166408128134867,1.2972087565139256,0.025634473944790556,36.0,0.38007721120499427,0.0,31.5625,1135.0625,3.2015621187164243,35.65625,1136.25
pg3_7__2,pg3_7,2,0.0,0.9969907407407408,0.0,0.0,0.1010098863003372,0.4040395452013489,0.0293306311302121,33.0,0.4186152353627111,0.0,28.0,924.0,4.123105625617661,33.0,924.0,0.0,0.9969907407407407,0.0,0.0,0.10100988630033723,0.40403954520134894,0.029330631130212143,33.0,0.4186152353627111,0.0,28.0,924.0,4.123105625617661,33.0,924.0
pg3_7__3,pg3_7,3,-1.0,0.9948953143164972,4.0,90.0,0.6230933293303742,0.6269194142478669,0.0327620113094259,31.0,0.4908503172247995,0.0,37.40625,1161.46875,4.716990566028302,32.34375,1159.59375,-1.0,0.9948953143164972,4.0,90.0,0.6230933293303742,0.6269194142478669,0.03276201130942592,31.0,0.49085031722479955,0.0,37.40625,1161.46875,4.716990566028302,32.34375,1159.59375
pg3_7__4,pg3_7,4,2.0,0.9894037919596954,8.0,340.0,1.353934446134598,1.6568296513431868,0.0414957519726512,32.0,0.6301601000335716,0.0,38.03125,1088.0,5.0,32.0,1217.3125,2.0,0.9894037919596954,8.0,340.0,1.3539344461345981,1.6568296513431868,0.041495751972651214,32.0,0.6301601000335716,0.0,38.03125,1088.0,5.0,32.0,1217.3125
pg3_7__5,pg3_7,5,136.0,0.9557565767909724,176.0,34312.0,10.356297415739274,19.4214464335393,0.0448368494719017,57.25,1.0398374868059448,1.0590169943749477,55.09375,1098.375,3.2015621187164243,34.90625,3524.53125,136.0,0.9557565767909724,176.0,34312.0,10.356297415739274,19.4214464335393,0.044836849471901766,57.25,1.0398374868059448,1.0590169943749475,55.09375,1098.375,3.2015621187164243,34.90625,3524.53125
pg3_7__6,pg3_7,6,95.0,0.9642438933814405,115.0,18235.0,7.202320394626366,13.07097176576697,0.0411125263858022,50.78125,0.8978936706611975,0.6035533905932737,56.09375,1212.15625,6.576473218982953,30.125,2960.6875,95.0,0.9642438933814405,115.0,18235.0,7.202320394626366,13.07097176576697,0.041112526385802234,50.78125,0.8978936706611975,0.6035533905932737,56.09375,1212.15625,6.576473218982953,30.125,2960.6875
pg3_7__7,pg3_7,7,87.0,0.961917777573748,94.0,14405.0,5.999552716526836,3.9742903173284767,0.0490423221484382,32.53125,1.0334331092411246,0.5,46.3125,1292.40625,7.516648189186454,33.0625,1517.59375,87.0,0.9619177775737479,94.0,14405.0,5.999552716526836,3.9742903173284767,0.0490423221484382,32.53125,1.0334331092411246,0.5,46.3125,1292.40625,7.516648189186454,33.0625,1517.59375
pg3_7__8,pg3_7,8,168.0,0.9558540548300162,133.0,32816.0,10.322602214762382,3.780688015500548,0.0478921286011482,50.6875,1.1663393633112538,0.5,56.75,1263.59375,8.06225774829855,32.0625,3040.875,168.0,0.9558540548300162,133.0,32816.0,10.322602214762382,3.780688015500548,0.047892128601148276,50.6875,1.1663393633112538,0.5,56.75,1263.59375,8.06225774829855,32.0625,3040.875
pg3_7__9,pg3_7,9,42.0,0.964223434032652,134.0,11822.0,6.235234444761938,2.466558132960905,0.0349533385585798,42.15625,0.7203245691409579,0.5,70.71875,1448.1875,5.0,35.5,3025.21875,42.0,0.9642234340326521,134.0,11822.0,6.235234444761938,2.4665581329609054,0.034953338558579884,42.15625,0.7203245691409579,0.5,70.71875,1448.1875,5.0,35.5,3025.21875
pg3_8__0,pg3_8,0,1.0,0.9977486559139784,-1.0,8.0,0.252524715750843,0.1515148294505059,0.0219433878058535,30.0,0.2960056716329756,0.0,37.0,1109.75,2.9154759474226504,29.96875,1110.0,1.0,0.9977486559139784,-1.0,8.0,0.252524715750843,0.15151482945050593,0.02194338780585352,30.0,0.29600567163297564,0.0,37.0,1109.75,2.9154759474226504,29.96875,1110.0
pg3_8__1,pg3_8,1,-1.0,0.993706469485967,-2.0,-99.0,0.3402061855670102,0.3204179436684549,0.0369786592554543,33.0,0.5712090431859539,0.0,31.0,1028.15625,4.272001872658765,33.03125,1023.0,-1.0,0.993706469485967,-2.0,-99.0,0.3402061855670102,0.3204179436684549,0.036978659255454314,33.0,0.5712090431859539,0.0,31.0,1028.15625,4.272001872658765,33.03125,1023.0
pg3_8__2,pg3_8,2,2.0,0.99582467057796,-1.0,26.0,0.5158761238431672,0.252524715750843,0.0347485577568953,32.0,0.4831487635726155,0.0,28.0,896.0625,4.716990566028302,31.96875,896.0,2.0,0.9958246705779601,-1.0,26.0,0.5158761238431672,0.252524715750843,0.03474855775689531,32.0,0.48314876357261555,0.0,28.0,896.0625,4.716990566028302,31.96875,896.0
pg3_8__3,pg3_8,3,1.0,0.995321861383442,2.0,112.0,0.4545444883515176,0.3571238778492531,0.0346421972961933,40.0,0.524580498003481,0.0,34.0,1237.0625,5.1478150704935,38.65625,1360.0,1.0,0.9953218613834421,2.0,112.0,0.4545444883515176,0.3571238778492531,0.03464219729619338,40.0,0.524580498003481,0.0,34.0,1237.0625,5.1478150704935,38.65625,1360.0
pg3_8__4,pg3_8,4,-1.0,0.9931236866899118,3.0,56.0,0.6050940449826469,0.9585411560476564,0.0350913946834255,29.96875,0.5155323765921546,0.0,38.875,1219.84375,4.609772228646444,32.96875,1164.65625,-1.0,0.9931236866899118,3.0,56.0,0.6050940449826469,0.9585411560476563,0.035091394683425585,29.96875,0.5155323765921546,0.0,38.875,1219.84375,4.6097722286464435,32.96875,1164.65625
pg3_8__5,pg3_8,5,20.0,0.966196300099956,76.0,4176.0,2.633410262772124,6.588439522262133,0.0613360695632839,31.625,1.1869035107205457,0.25,41.90625,1122.46875,9.013878188659971,28.9375,1325.46875,20.0,0.9661963000999559,76.0,4176.0,2.6334102627721236,6.588439522262133,0.0613360695632839,31.625,1.1869035107205455,0.25,41.90625,1122.46875,9.013878188659973,28.9375,1325.46875
pg3_8__6,pg3_8,6,118.0,0.9585778396580444,121.0,22888.0,17.640610725662675,13.509806785103004,0.0542886603194439,42.9375,1.2172259343640204,0.5,36.15625,1195.125,6.0,38.4375,1576.46875,118.0,0.9585778396580444,121.0,22888.0,17.640610725662675,13.509806785103004,0.054288660319443925,42.9375,1.2172259343640204,0.5,36.15625,1195.125,6.0,38.4375,1576.46875
pg3_8__7,pg3_8,7,60.0,0.9642851608512778,220.0,22580.0,5.281661735241464,18.603543398346822,0.0397583235836519,42.71875,1.1341681003373818,0.5,57.125,1252.09375,4.609772228646444,32.125,2583.75,60.0,0.9642851608512778,220.0,22580.0,5.281661735241464,18.603543398346822,0.03975832358365197,42.71875,1.1341681003373818,0.5,57.125,1252.09375,4.6097722286464435,32.125,2583.75
pg3_8__8,pg3_8,8,96.0,0.9554360388388088,154.0,23208.0,6.927424662611568,10.28712051787386,0.054672872389839,52.25,0.9907854739434202,0.8535533905932737,42.625,1137.65625,4.301162633521313,37.5625,2381.3125,96.0,0.9554360388388087,154.0,23208.0,6.927424662611568,10.28712051787386,0.05467287238983906,52.25,0.9907854739434202,0.8535533905932737,42.625,1137.65625,4.301162633521313,37.5625,2381.3125
pg3_8__9,pg3_8,9,104.0,0.9599026365298572,143.0,23673.0,7.714406193511092,13.844593172906391,0.0475832679162078,37.34375,0.9470814382274898,0.7071067811865476,55.34375,1347.84375,5.385164807134504,32.09375,2175.71875,104.0,0.9599026365298572,143.0,23673.0,7.714406193511092,13.844593172906391,0.047583267916207816,37.34375,0.9470814382274898,0.7071067811865476,55.34375,1347.84375,5.385164807134504,32.09375,2175.71875
pg3_9__0,pg3_9,0,2.0,0.9984484584553518,3.0,163.0,0.3239640487107353,0.1900937001503688,0.0078662459921049,33.0,0.086996318169219,0.0,35.0,1103.5625,0.5,32.0625,1155.0,2.0,0.9984484584553518,3.0,163.0,0.32396404871073536,0.1900937001503688,0.007866245992104974,33.0,0.08699631816921909,0.0,35.0,1103.5625,0.5,32.0625,1155.0
pg3_9__1,pg3_9,1,1.0,0.9974449685534592,1.0,63.0,0.0505049431501686,0.3535346020511802,0.0249033660539537,36.0,0.3589596029190162,0.0,28.0,1006.03125,3.5355339059327378,35.96875,1008.0,1.0,0.9974449685534591,1.0,63.0,0.05050494315016862,0.3535346020511802,0.024903366053953716,36.0,0.3589596029190162,0.0,28.0,1006.03125,3.5355339059327378,35.96875,1008.0
pg3_9__2,pg3_9,2,2.0,0.9919573844742288,3.0,191.0,1.0222833449322963,0.8333953284056965,0.0311744149174625,36.96875,0.5930346651159438,0.0,39.4375,1469.25,5.0,38.0625,1458.90625,2.0,0.9919573844742288,3.0,191.0,1.0222833449322963,0.8333953284056965,0.031174414917462517,36.96875,0.5930346651159438,0.0,39.4375,1469.25,5.0,38.0625,1458.90625
pg3_9__3,pg3_9,3,6.0,0.988143004314092,8.0,502.0,0.6528305236695902,0.5829985779628327,0.0296630906704912,36.1875,0.406201990385895,0.0,39.5,1132.5,2.9154759474226504,31.84375,1432.0625,6.0,0.9881430043140919,8.0,502.0,0.6528305236695902,0.5829985779628327,0.02966309067049125,36.1875,0.406201990385895,0.0,39.5,1132.5,2.9154759474226504,31.84375,1432.0625
pg3_9__4,pg3_9,4,290.0,0.9517233302373336,140.0,55500.0,36.06482852770709,8.116725370278882,0.0488334630223778,89.59375,1.768674896658214,1.9013878188659972,44.0,1371.9375,11.5974135047432,38.78125,4014.75,290.0,0.9517233302373335,140.0,55500.0,36.06482852770709,8.116725370278882,0.04883346302237784,89.59375,1.768674896658214,1.9013878188659974,44.0,1371.9375,11.597413504743201,38.78125,4014.75
pg3_9__5,pg3_9,5,193.0,0.9565787777312122,130.0,36265.0,13.792169319246645,6.030412349103765,0.0449933290471186,51.46875,1.1290602944312216,0.7071067811865476,52.8125,1257.78125,6.576473218982953,33.90625,2952.75,193.0,0.9565787777312122,130.0,36265.0,13.792169319246643,6.030412349103765,0.044993329047118634,51.46875,1.1290602944312216,0.7071067811865476,52.8125,1257.78125,6.576473218982953,33.90625,2952.75
pg3_9__6,pg3_9,6,104.0,0.9531148957216836,197.0,29135.0,12.017954736584334,26.21419106839228,0.0441209062952814,53.9375,1.042138693160659,1.0,46.96875,932.8125,4.123105625617661,28.65625,2750.09375,104.0,0.9531148957216837,197.0,29135.0,12.017954736584334,26.214191068392278,0.04412090629528148,53.9375,1.0421386931606593,1.0,46.96875,932.8125,4.123105625617661,28.65625,2750.09375
pg3_9__7,pg3_9,7,69.0,0.9746556038398596,20.0,4112.0,7.03012284898074,2.8472464990247945,0.0513524522596659,43.8125,1.169072908666004,0.25,30.0625,1114.96875,10.012492197250394,39.6875,1322.21875,69.0,0.9746556038398597,20.0,4112.0,7.03012284898074,2.8472464990247945,0.05135245225966597,43.8125,1.169072908666004,0.25,30.0625,1114.96875,10.012492197250394,39.6875,1322.21875
pg3_9__8,pg3_9,8,206.0,0.9560015718304214,25.0,11968.0,11.073472728924934,2.1822942818161937,0.0487167520066119,51.71875,1.0783237244421904,0.7071067811865476,31.875,1241.28125,3.5355339059327378,41.59375,1673.53125,206.0,0.9560015718304214,25.0,11968.0,11.073472728924934,2.1822942818161937,0.04871675200661199,51.71875,1.0783237244421904,0.7071067811865476,31.875,1241.28125,3.5355339059327378,41.59375,1673.53125
pg3_9__9,pg3_9,9,215.0,0.9617824943725478,55.0,21335.0,32.29175703700455,4.354129539062615,0.0531220588458177,61.40625,1.4408748887627998,1.4571067811865477,37.84375,1319.0,9.962429422585638,39.3125,2406.21875,215.0,0.9617824943725478,55.0,21335.0,32.29175703700455,4.3541295390626145,0.05312205884581771,61.40625,1.4408748887627998,1.4571067811865475,37.84375,1319.0,9.962429422585638,39.3125,2406.21875
pg4_10__0,pg4_10,0,21.0,0.9817083752653236,29.0,2470.0,3.290751685778741,2.509319434813475,0.0326060440070509,48.125,0.658469287576872,0.0,37.21875,1432.21875,4.301162633521313,42.1875,1794.21875,21.0,0.9817083752653235,29.0,2470.0,3.290751685778741,2.509319434813475,0.03260604400705096,48.125,0.658469287576872,0.0,37.21875,1432.21875,4.301162633521313,42.1875,1794.21875
pg4_10__1,pg4_10,1,16.0,0.9880976030633464,7.0,987.0,1.1352149287357385,1.8688392960852496,0.0178359038991223,45.25,0.3028779300261626,0.0,32.90625,1575.0,1.118033988749895,45.0,1489.15625,16.0,0.9880976030633463,7.0,987.0,1.1352149287357383,1.8688392960852496,0.01783590389912239,45.25,0.3028779300261626,0.0,32.90625,1575.0,1.118033988749895,45.0,1489.15625
pg4_10__10,pg4_10,10,47.0,0.9705171244607574,83.0,8285.0,2.836766116961035,4.867431637209272,0.0339992297616747,42.375,0.5009206477805883,0.5,53.25,1338.84375,3.640054944640259,35.9375,2329.28125,47.0,0.9705171244607574,83.0,8285.0,2.836766116961035,4.867431637209272,0.03399922976167476,42.375,0.5009206477805883,0.5,53.25,1338.84375,3.640054944640259,35.9375,2329.28125
pg4_10__2,pg4_10,2,22.0,0.9758311495031572,39.0,3286.0,3.255414809496584,5.5927573755862605,0.0263511118985978,39.34375,0.5171240402911044,0.5,47.03125,1650.625,2.549509756796392,37.96875,1856.375,22.0,0.9758311495031572,39.0,3286.0,3.255414809496584,5.5927573755862605,0.02635111189859783,39.34375,0.5171240402911044,0.5,47.03125,1650.625,2.5495097567963922,37.96875,1856.375
pg4_10__3,pg4_10,3,15.0,0.983004515314217,18.0,1437.0,1.9624219756790644,1.7273041282568775,0.0275371927702776,36.90625,0.4840311618421301,0.0,40.5,1380.75,2.5,37.5625,1494.90625,15.0,0.983004515314217,18.0,1437.0,1.9624219756790644,1.7273041282568775,0.027537192770277677,36.90625,0.4840311618421301,0.0,40.5,1380.75,2.5,37.5625,1494.90625
pg4_10__4,pg4_10,4,14.0,0.9867985565783698,10.0,1030.0,1.728319076952178,1.2037600072099168,0.0184556714350248,44.34375,0.3171231728490073,0.0,32.375,1349.25,1.118033988749895,43.53125,1437.46875,14.0,0.9867985565783698,10.0,1030.0,1.7283190769521781,1.2037600072099168,0.018455671435024853,44.34375,0.3171231728490073,0.0,32.375,1349.25,1.118033988749895,43.53125,1437.46875
pg4_10__5,pg4_10,5,12.0,0.9807765264635274,37.0,2468.0,1.7725214493017196,2.523984218115856,0.034112267907773,46.375,0.5837148341137639,0.0,34.78125,1440.375,3.8078865529319534,44.96875,1615.5625,12.0,0.9807765264635274,37.0,2468.0,1.7725214493017196,2.5239842181158556,0.03411226790777308,46.375,0.5837148341137639,0.0,34.78125,1440.375,3.8078865529319543,44.96875,1615.5625
pg4_10__6,pg4_10,6,46.0,0.9841454169536044,12.0,2470.0,5.620343988876484,1.4011708812463044,0.0235642384264869,47.0625,0.3929736643454202,0.0,30.9375,1233.09375,1.8027756377319943,41.15625,1461.34375,46.0,0.9841454169536045,12.0,2470.0,5.620343988876484,1.4011708812463044,0.023564238426486923,47.0625,0.39297366434542025,0.0,30.9375,1233.09375,1.8027756377319946,41.15625,1461.34375
pg4_10__7,pg4_10,7,14.0,0.9843568355461284,22.0,1562.0,0.8468367804255288,2.5102722324157383,0.0264422436725532,38.6875,0.4487818685278413,0.0,39.125,1218.03125,2.5,35.3125,1515.84375,14.0,0.9843568355461283,22.0,1562.0,0.8468367804255288,2.5102722324157383,0.026442243672553205,38.6875,0.44878186852784135,0.0,39.125,1218.03125,2.5,35.3125,1515.84375
pg4_10__8,pg4_10,8,85.0,0.9772140188821088,36.0,7452.0,10.602803347943308,4.488261280132583,0.026503192435283,50.9375,0.5557393558755943,0.5,41.78125,1337.71875,3.3541019662496847,37.34375,2178.84375,85.0,0.9772140188821089,36.0,7452.0,10.602803347943308,4.488261280132583,0.026503192435283016,50.9375,0.5557393558755943,0.5,41.78125,1337.71875,3.3541019662496847,37.34375,2178.84375
pg4_10__9,pg4_10,9,89.0,0.9772950305579348,27.0,6900.0,5.789309251097787,4.056291652014506,0.0218066803688219,41.0625,0.5034812129535285,0.5,43.46875,1400.625,1.5811388300841898,36.96875,1800.09375,89.0,0.9772950305579347,27.0,6900.0,5.789309251097787,4.056291652014506,0.021806680368821902,41.0625,0.5034812129535285,0.5,43.46875,1400.625,1.5811388300841898,36.96875,1800.09375
pg4_11__0,pg4_11,0,10.0,0.9872899967400182,14.0,1010.0,2.263279913215527,0.6280203880625993,0.0252323125457076,38.53125,0.3859442077461877,0.0,35.84375,1248.6875,2.5,39.8125,1380.84375,10.0,0.9872899967400182,14.0,1010.0,2.263279913215527,0.6280203880625993,0.025232312545707694,38.53125,0.38594420774618776,0.0,35.84375,1248.6875,2.5,39.8125,1380.84375
pg4_11__1,pg4_11,1,28.0,0.9876362889478516,17.0,2091.0,2.614474454124994,1.6860319671463997,0.0248947678976119,39.5,0.5165893862516616,0.0,33.59375,1326.0,4.5,39.0,1327.0625,28.0,0.9876362889478516,17.0,2091.0,2.614474454124994,1.6860319671463995,0.024894767897611976,39.5,0.5165893862516616,0.0,33.59375,1326.0,4.5,39.0,1327.0625
pg4_11__2,pg4_11,2,5.0,0.9875493463362272,4.0,302.0,0.8268336884448572,2.7768917234464423,0.0240166318090371,34.71875,0.3672418470294845,0.0,32.09375,1110.46875,2.692582403567252,34.5625,1114.3125,5.0,0.9875493463362272,4.0,302.0,0.8268336884448572,2.7768917234464423,0.024016631809037146,34.71875,0.36724184702948454,0.0,32.09375,1110.46875,2.692582403567252,34.5625,1114.3125
pg4_11__3,pg4_11,3,145.0,0.9717230417773752,34.0,10649.0,13.204012472405989,3.7055366995761374,0.036106321504462,44.75,0.7674945299168616,0.5,39.375,1201.71875,3.905124837953327,36.40625,1799.4375,145.0,0.9717230417773753,34.0,10649.0,13.204012472405987,3.7055366995761383,0.03610632150446201,44.75,0.7674945299168616,0.5,39.375,1201.71875,3.905124837953327,36.40625,1799.4375
pg4_11__4,pg4_11,4,134.0,0.9704213702217068,16.0,7716.0,10.932708988945269,4.801744909044824,0.0307749768743746,37.25,0.7338285699472521,0.5,45.125,1280.65625,2.549509756796392,32.625,1685.71875,134.0,0.9704213702217067,16.0,7716.0,10.932708988945267,4.801744909044824,0.030774976874374648,37.25,0.7338285699472521,0.5,45.125,1280.65625,2.5495097567963922,32.625,1685.71875
pg4_11__5,pg4_11,5,61.0,0.9672811311579622,141.0,16037.0,4.389319785018112,16.47048620165757,0.0320097206715849,43.65625,1.1132605209831197,0.5,51.96875,1552.75,6.264982043070834,35.21875,2296.84375,61.0,0.9672811311579622,141.0,16037.0,4.389319785018112,16.47048620165757,0.032009720671584925,43.65625,1.1132605209831195,0.5,51.96875,1552.75,6.264982043070834,35.21875,2296.84375
pg4_11__6,pg4_11,6,56.0,0.9784379002740616,34.0,5180.0,5.102837648521628,1.510282889182213,0.0262828349388395,44.65625,0.4608725148745638,0.5,32.0625,1381.34375,2.1213203435596424,42.0625,1432.0,56.0,0.9784379002740616,34.0,5180.0,5.102837648521628,1.510282889182213,0.026282834938839546,44.65625,0.4608725148745638,0.5,32.0625,1381.34375,2.1213203435596424,42.0625,1432.0
pg4_11__7,pg4_11,7,38.0,0.9788361037736304,61.0,5859.0,1.3875078453989664,5.842728365944307,0.0268371483461456,39.4375,0.4243178330770376,0.5,53.78125,1296.84375,2.0,35.125,2135.625,38.0,0.9788361037736303,61.0,5859.0,1.3875078453989664,5.842728365944307,0.02683714834614563,39.4375,0.4243178330770376,0.5,53.78125,1296.84375,2.0,35.125,2135.625
pg4_11__8,pg4_11,8,43.0,0.9828914253672396,25.0,3627.0,3.763507927801837,2.1617059665288507,0.0234648116252265,36.875,0.3798132675649528,0.0,43.875,1398.90625,1.8027756377319943,35.0,1621.25,43.0,0.9828914253672397,25.0,3627.0,3.7635079278018364,2.1617059665288507,0.023464811625226543,36.875,0.3798132675649528,0.0,43.875,1398.90625,1.8027756377319946,35.0,1621.25
pg4_11__9,pg4_11,9,10.0,0.993674633688398,12.0,848.0,0.2537841984554881,1.498289668632127,0.0162425208233879,33.15625,0.2173799911850839,0.0,41.09375,1205.09375,1.118033988749895,31.6875,1364.25,10.0,0.993674633688398,12.0,848.0,0.2537841984554881,1.498289668632127,0.016242520823387993,33.15625,0.2173799911850839,0.0,41.09375,1205.09375,1.118033988749895,31.6875,1364.25
pg4_12__0,pg4_12,0,5.0,0.9893513419328088,0.0,160.0,1.451870717047523,0.4799077036003042,0.0140696853534416,39.90625,0.2625793733734654,0.0,32.0,1275.5,1.0,39.78125,1277.0,5.0,0.9893513419328087,0.0,160.0,1.4518707170475227,0.47990770360030427,0.014069685353441622,39.90625,0.26257937337346543,0.0,32.0,1275.5,1.0,39.78125,1277.0
pg4_12__1,pg4_12,1,19.0,0.9880806849955466,16.0,1612.0,4.29189880660516,0.7762824988460495,0.0473404196228355,50.21875,0.6783301821179027,0.0,46.59375,1590.0,5.1478150704935,41.90625,2366.03125,19.0,0.9880806849955466,16.0,1612.0,4.29189880660516,0.7762824988460495,0.0473404196228355,50.21875,0.6783301821179027,0.0,46.59375,1590.0,5.1478150704935,41.90625,2366.03125
pg4_12__2,pg4_12,2,1.0,0.9966171297529056,2.0,108.0,0.2633410262772123,0.2551416220776201,0.0248922170849718,37.0,0.3747008856515738,0.0,36.0,1309.15625,3.605551275463989,36.90625,1332.0,1.0,0.9966171297529057,2.0,108.0,0.26334102627721234,0.25514162207762014,0.02489221708497188,37.0,0.3747008856515738,0.0,36.0,1309.15625,3.605551275463989,36.90625,1332.0
pg4_12__3,pg4_12,3,28.0,0.989956123786448,3.0,1159.0,1.8772089054030163,0.9239897408147084,0.0250451715179181,44.625,0.4392560956320765,0.0,33.78125,1459.75,3.2015621187164243,41.96875,1505.8125,28.0,0.989956123786448,3.0,1159.0,1.8772089054030165,0.9239897408147085,0.02504517151791817,44.625,0.4392560956320765,0.0,33.78125,1459.75,3.2015621187164243,41.96875,1505.8125
pg4_12__4,pg4_12,4,37.0,0.9796889086689612,42.0,4467.0,5.098743330240024,2.6970636639259435,0.0294787247173347,36.21875,0.4618493398410612,0.5,43.8125,1489.96875,2.0,36.5,1598.21875,37.0,0.9796889086689612,42.0,4467.0,5.098743330240024,2.6970636639259435,0.029478724717334724,36.21875,0.4618493398410612,0.5,43.8125,1489.96875,2.0,36.5,1598.21875
pg4_12__5,pg4_12,5,155.0,0.9616011774833472,85.0,21605.0,14.420434524442664,7.896994696831813,0.0394387874406431,51.0625,0.8506823192224822,0.7071067811865476,44.875,1461.53125,3.8078865529319534,40.53125,2321.28125,155.0,0.9616011774833471,85.0,21605.0,14.420434524442664,7.896994696831813,0.03943878744064313,51.0625,0.8506823192224822,0.7071067811865476,44.875,1461.53125,3.8078865529319543,40.53125,2321.28125
pg4_12__6,pg4_12,6,126.0,0.956365147053798,177.0,32805.0,10.616619781306424,26.39001786341441,0.0294780459638425,47.0,0.982840812460732,1.118033988749895,53.75,1366.5625,2.9154759474226504,35.28125,2600.25,126.0,0.9563651470537979,177.0,32805.0,10.616619781306424,26.39001786341441,0.029478045963842514,47.0,0.982840812460732,1.118033988749895,53.75,1366.5625,2.9154759474226504,35.28125,2600.25
pg4_12__7,pg4_12,7,6.0,0.9939049198533028,-1.0,173.0,0.6963915618060434,0.2589661172593911,0.0210051895703227,40.15625,0.3346637265673268,0.0,34.34375,1436.625,2.5,39.90625,1378.875,6.0,0.9939049198533029,-1.0,173.0,0.6963915618060434,0.2589661172593911,0.02100518957032272,40.15625,0.3346637265673268,0.0,34.34375,1436.625,2.5,39.90625,1378.875
pg4_12__8,pg4_12,8,49.0,0.98204672995954,21.0,3458.0,4.004839510483475,3.684727032821937,0.0252704047176477,47.90625,0.4049049786303406,0.5,34.875,1497.75,2.23606797749979,45.6875,1681.84375,49.0,0.98204672995954,21.0,3458.0,4.004839510483475,3.6847270328219373,0.025270404717647712,47.90625,0.40490497863034064,0.5,34.875,1497.75,2.23606797749979,45.6875,1681.84375
pg4_12__9,pg4_12,9,194.0,0.9541135213745994,68.0,21528.0,21.23200694287764,7.218063158008694,0.0553465733271092,50.90625,1.067357238463719,1.118033988749895,46.71875,1142.34375,8.06225774829855,36.84375,2469.4375,194.0,0.9541135213745994,68.0,21528.0,21.232006942877636,7.218063158008694,0.05534657332710922,50.90625,1.067357238463719,1.118033988749895,46.71875,1142.34375,8.06225774829855,36.84375,2469.4375
pg4_1__0,pg4_1,0,4.0,0.9801955556056676,8.0,520.0,3.294003995642305,2.095092931226967,0.0319757233780339,38.0625,0.5348259992009268,0.0,44.625,1682.5,2.8284271247461903,40.0,1702.71875,4.0,0.9801955556056677,8.0,520.0,3.294003995642305,2.095092931226967,0.03197572337803398,38.0625,0.5348259992009268,0.0,44.625,1682.5,2.8284271247461903,40.0,1702.71875
pg4_1__1,pg4_1,1,171.0,0.9540827585541036,132.0,34140.0,18.226649600501872,11.307638332720938,0.0372699004512137,78.6875,1.1266330938199616,1.266123775561495,39.90625,1528.40625,4.123105625617661,42.03125,3211.09375,171.0,0.9540827585541037,132.0,34140.0,18.226649600501872,11.307638332720938,0.03726990045121379,78.6875,1.1266330938199616,1.266123775561495,39.90625,1528.40625,4.123105625617661,42.03125,3211.09375
pg4_1__2,pg4_1,2,1.0,0.9959418696436628,0.0,32.0,0.6566047284095298,0.2020197726006744,0.029716701550196,39.9375,0.5077579868599768,0.0,32.0,1266.0,4.924428900898052,39.5625,1278.0,1.0,0.9959418696436627,0.0,32.0,0.6566047284095298,0.20201977260067447,0.02971670155019607,39.9375,0.5077579868599768,0.0,32.0,1266.0,4.924428900898052,39.5625,1278.0
pg4_1__3,pg4_1,3,45.0,0.962280436468084,73.0,6954.0,4.672986752230692,6.34124121968133,0.0538344634550466,46.15625,0.9400510878426408,0.6035533905932737,45.03125,1103.78125,8.381527307120106,36.21875,2142.84375,45.0,0.962280436468084,73.0,6954.0,4.672986752230692,6.34124121968133,0.053834463455046645,46.15625,0.9400510878426407,0.6035533905932737,45.03125,1103.78125,8.381527307120106,36.21875,2142.84375
pg4_1__4,pg4_1,4,112.0,0.9594508585718634,68.0,14144.0,9.630033152951356,8.048338128183437,0.0567824626593168,58.34375,1.119506470978256,0.7071067811865476,41.4375,1439.46875,7.158910531638177,39.71875,2452.71875,112.0,0.9594508585718634,68.0,14144.0,9.630033152951357,8.048338128183437,0.056782462659316815,58.34375,1.119506470978256,0.7071067811865476,41.4375,1439.46875,7.158910531638177,39.71875,2452.71875
pg4_1__5,pg4_1,5,4.0,0.9784384047379144,17.0,990.0,1.4757759865445277,3.7856745374751855,0.0537962383063213,40.625,0.8976223638744829,0.0,34.4375,1486.40625,6.4031242374328485,42.46875,1399.78125,4.0,0.9784384047379143,17.0,990.0,1.4757759865445277,3.7856745374751855,0.053796238306321374,40.625,0.8976223638744829,0.0,34.4375,1486.40625,6.4031242374328485,42.46875,1399.78125
pg4_1__6,pg4_1,6,14.0,0.9885243835996302,7.0,882.0,1.7245792714496069,1.37853594662902,0.0291905654328153,45.125,0.4720259996717132,0.0,39.3125,1500.84375,2.8284271247461903,41.34375,1774.5625,14.0,0.9885243835996302,7.0,882.0,1.7245792714496067,1.3785359466290201,0.029190565432815386,45.125,0.4720259996717132,0.0,39.3125,1500.84375,2.8284271247461903,41.34375,1774.5625
pg4_1__7,pg4_1,7,0.0,0.9952886842489174,0.0,0.0,0.5912350910902957,0.604874449967256,0.0304247437670442,42.28125,0.5187458165828637,0.0,35.0,1487.0625,5.0,42.0,1479.84375,0.0,0.9952886842489174,0.0,0.0,0.5912350910902957,0.604874449967256,0.03042474376704428,42.28125,0.5187458165828637,0.0,35.0,1487.0625,5.0,42.0,1479.84375
pg4_1__8,pg4_1,8,165.0,0.9690033734993664,59.0,19343.0,17.78997491755463,6.419055421559184,0.0446461738638907,38.5,1.3815192459075651,0.5,48.46875,1665.0,8.246211251235321,37.0,1882.9375,165.0,0.9690033734993664,59.0,19343.0,17.78997491755463,6.419055421559184,0.04464617386389071,38.5,1.3815192459075651,0.5,48.46875,1665.0,8.246211251235321,37.0,1882.9375
pg4_1__9,pg4_1,9,36.0,0.9713730615202648,94.0,8302.0,4.160237715683292,11.801293947944266,0.0294646052302175,42.34375,0.5105019521770991,0.5,62.875,1682.5625,2.23606797749979,37.90625,2692.5,36.0,0.9713730615202648,94.0,8302.0,4.160237715683292,11.801293947944266,0.02946460523021759,42.34375,0.5105019521770991,0.5,62.875,1682.5625,2.23606797749979,37.90625,2692.5
pg4_2__0,pg4_2,0,58.0,0.9795156580184676,39.0,5658.0,4.443029867230844,3.4696810176325226,0.0244435473295291,44.65625,0.4668378809696776,0.5,40.53125,1270.8125,2.0,38.25,1829.5,58.0,0.9795156580184677,39.0,5658.0,4.443029867230844,3.4696810176325226,0.024443547329529167,44.65625,0.46683788096967765,0.5,40.53125,1270.8125,2.0,38.25,1829.5
pg4_2__1,pg4_2,1,0.0,0.997187896070976,0.0,0.0,0.3030296589010118,0.3030296589010118,0.0274089986724269,35.0,0.4307515235028193,0.0,39.0,1365.0,4.242640687119285,35.0,1365.0,0.0,0.9971878960709759,0.0,0.0,0.30302965890101186,0.30302965890101186,0.02740899867242698,35.0,0.4307515235028193,0.0,39.0,1365.0,4.242640687119285,35.0,1365.0
pg4_2__2,pg4_2,2,-2.0,0.9963418178491708,3.0,47.0,0.5971822452767321,0.2183280266448182,0.0195160680088312,37.0,0.2389894548725362,0.0,35.0,1244.59375,2.0615528128088303,36.5,1295.0,-2.0,0.9963418178491708,3.0,47.0,0.5971822452767321,0.21832802664481826,0.0195160680088312,37.0,0.23898945487253623,0.0,35.0,1244.59375,2.0615528128088303,36.5,1295.0
pg4_2__3,pg4_2,3,66.0,0.9705165382389608,76.0,9758.0,4.777257740457242,5.282486700935721,0.0317205785481133,40.90625,0.4972606409566626,0.5,58.75,1346.03125,3.605551275463989,34.875,2480.71875,66.0,0.9705165382389609,76.0,9758.0,4.777257740457242,5.282486700935721,0.03172057854811334,40.90625,0.49726064095666267,0.5,58.75,1346.03125,3.605551275463989,34.875,2480.71875
pg4_2__4,pg4_2,4,196.0,0.9621751078455296,57.0,19717.0,27.431052516284023,5.788969614681219,0.0363113394843468,55.53125,0.9370591245487254,1.4142135623730951,50.8125,1250.8125,3.0413812651491097,33.875,2949.3125,196.0,0.9621751078455297,57.0,19717.0,27.431052516284023,5.788969614681219,0.03631133948434681,55.53125,0.9370591245487254,1.4142135623730951,50.8125,1250.8125,3.0413812651491097,33.875,2949.3125
pg4_2__5,pg4_2,5,106.0,0.9727208801223078,21.0,6649.0,6.483175573927657,3.426334839528175,0.0270407379438493,46.8125,0.4975254898557331,0.5,38.125,1339.71875,2.23606797749979,39.40625,1797.125,106.0,0.9727208801223078,21.0,6649.0,6.483175573927657,3.426334839528175,0.027040737943849372,46.8125,0.49752548985573314,0.5,38.125,1339.71875,2.23606797749979,39.40625,1797.125
pg4_2__6,pg4_2,6,40.0,0.9717257256940822,68.0,6584.0,4.317212643358107,3.286679751662505,0.0350730766731561,44.59375,0.5996276025031584,0.5,39.875,1225.4375,2.692582403567252,38.40625,1791.65625,40.0,0.9717257256940822,68.0,6584.0,4.317212643358107,3.2866797516625055,0.03507307667315618,44.59375,0.5996276025031584,0.5,39.875,1225.4375,2.692582403567252,38.40625,1791.65625
pg4_2__7,pg4_2,7,28.0,0.9749204400966706,129.0,9393.0,3.3354140245024286,17.581909791554956,0.0250518623680502,37.53125,0.6311380338227235,0.7071067811865476,60.65625,1405.21875,3.1622776601683795,35.8125,2313.09375,28.0,0.9749204400966706,129.0,9393.0,3.3354140245024286,17.581909791554956,0.02505186236805023,37.53125,0.6311380338227235,0.7071067811865476,60.65625,1405.21875,3.1622776601683795,35.8125,2313.09375
pg4_2__8,pg4_2,8,48.0,0.9769561053233587,66.0,6894.0,2.201749080068992,8.385975366420478,0.027954685650323,34.4375,0.5509290852055763,0.5,48.25,1170.125,3.0413812651491097,31.625,1683.90625,48.0,0.9769561053233587,66.0,6894.0,2.201749080068992,8.385975366420478,0.027954685650323097,34.4375,0.5509290852055763,0.5,48.25,1170.125,3.0413812651491097,31.625,1683.90625
pg4_2__9,pg4_2,9,45.0,0.9767862691169098,35.0,4265.0,4.123711340206185,2.754410756626272,0.0267276619658009,40.34375,0.3982626666141074,0.5,37.5,1216.03125,1.5811388300841898,38.03125,1529.28125,45.0,0.9767862691169098,35.0,4265.0,4.123711340206185,2.754410756626272,0.02672766196580092,40.34375,0.3982626666141074,0.5,37.5,1216.03125,1.5811388300841898,38.03125,1529.28125
pg4_3__0,pg4_3,0,9.0,0.9929381457990022,4.0,471.0,0.7700278741609304,0.2774900790452529,0.0197544515168879,35.5,0.2621902876003368,0.0,37.84375,1218.0,1.8027756377319943,32.46875,1342.8125,9.0,0.9929381457990022,4.0,471.0,0.7700278741609304,0.27749007904525297,0.019754451516887962,35.5,0.26219028760033686,0.0,37.84375,1218.0,1.8027756377319946,32.46875,1342.8125
pg4_3__1,pg4_3,1,6.0,0.9946000402652606,4.0,336.0,1.281340036147575,1.150212427297431,0.0218673163673912,30.84375,0.3118047822311617,0.0,34.5,1007.65625,2.5,30.65625,1065.375,6.0,0.9946000402652606,4.0,336.0,1.281340036147575,1.150212427297431,0.021867316367391233,30.84375,0.31180478223116176,0.0,34.5,1007.65625,2.5,30.65625,1065.375
pg4_3__2,pg4_3,2,39.0,0.9794281640758976,20.0,2710.0,5.27876327316566,4.646517671832523,0.0507382197234847,36.84375,1.001665608044519,0.0,31.40625,1125.46875,9.055385138137416,36.34375,1157.84375,39.0,0.9794281640758977,20.0,2710.0,5.27876327316566,4.646517671832523,0.05073821972348474,36.84375,1.001665608044519,0.0,31.40625,1125.46875,9.055385138137417,36.34375,1157.84375
pg4_3__3,pg4_3,3,70.0,0.9748438337176752,52.0,7664.0,8.172709265945354,4.443520218377516,0.0264243459218292,39.5625,0.4517221661273681,0.5,41.78125,1189.59375,1.8027756377319943,37.0625,1685.9375,70.0,0.9748438337176752,52.0,7664.0,8.172709265945354,4.4435202183775155,0.02642434592182926,39.5625,0.45172216612736815,0.5,41.78125,1189.59375,1.8027756377319946,37.0625,1685.9375
pg4_3__4,pg4_3,4,27.0,0.9734881625553568,137.0,9329.0,3.082000101453389,4.48191059535543,0.0219041029912615,41.1875,0.4438676976975098,0.5,63.40625,1271.53125,2.0615528128088303,36.53125,2642.875,27.0,0.9734881625553568,137.0,9329.0,3.082000101453389,4.48191059535543,0.02190410299126152,41.1875,0.4438676976975098,0.5,63.40625,1271.53125,2.0615528128088303,36.53125,2642.875
pg4_3__5,pg4_3,5,50.0,0.9676025412711872,85.0,9015.0,4.244080859304222,4.5746892693314525,0.0369455874953689,43.53125,0.5941471198713598,0.5,31.4375,1046.71875,2.0615528128088303,36.09375,1384.375,50.0,0.9676025412711873,85.0,9015.0,4.244080859304222,4.5746892693314525,0.03694558749536895,43.53125,0.5941471198713598,0.5,31.4375,1046.71875,2.0615528128088303,36.09375,1384.375
pg4_3__6,pg4_3,6,54.0,0.9762367584294416,62.0,7036.0,2.1248245505959256,5.0931226148629785,0.0310314743536384,34.75,0.474692387018316,0.0,39.78125,1083.59375,1.5811388300841898,31.84375,1385.46875,54.0,0.9762367584294415,62.0,7036.0,2.1248245505959256,5.0931226148629785,0.031031474353638427,34.75,0.47469238701831606,0.0,39.78125,1083.59375,1.5811388300841898,31.84375,1385.46875
pg4_3__7,pg4_3,7,28.0,0.9750819972188336,79.0,5613.0,2.922557680290018,8.296365731136511,0.0291112195492263,33.5625,0.5527371609166604,0.5,43.625,1155.8125,2.0615528128088303,32.34375,1471.3125,28.0,0.9750819972188335,79.0,5613.0,2.922557680290018,8.296365731136511,0.029111219549226363,33.5625,0.5527371609166604,0.5,43.625,1155.8125,2.0615528128088303,32.34375,1471.3125
pg4_3__8,pg4_3,8,137.0,0.9562588423990012,200.0,39321.0,20.64354413733017,27.88558128375286,0.036040910171404,54.875,1.148539345493796,1.6919572339080922,58.625,1221.3125,3.605551275463989,38.09375,3482.375,137.0,0.9562588423990012,200.0,39321.0,20.643544137330174,27.88558128375286,0.03604091017140403,54.875,1.148539345493796,1.6919572339080922,58.625,1221.3125,3.605551275463989,38.09375,3482.375
pg4_3__9,pg4_3,9,103.0,0.96449729171473,138.0,22134.0,12.499988309060322,11.618561274800369,0.036789348427445,43.71875,0.9566719377473978,0.5,35.40625,1091.9375,2.9154759474226504,36.15625,1569.625,103.0,0.9644972917147299,138.0,22134.0,12.499988309060322,11.618561274800369,0.03678934842744508,43.71875,0.9566719377473978,0.5,35.40625,1091.9375,2.9154759474226504,36.15625,1569.625
pg4_4__0,pg4_4,0,90.0,0.9670409164827602,39.0,7512.0,6.389603063905736,3.809281838091117,0.0308974134701116,41.0625,0.6492499508100477,0.5,33.65625,1140.96875,3.0413812651491097,39.28125,1394.125,90.0,0.9670409164827602,39.0,7512.0,6.389603063905736,3.809281838091117,0.0308974134701116,41.0625,0.6492499508100477,0.5,33.65625,1140.96875,3.0413812651491097,39.28125,1394.125
pg4_4__1,pg4_4,1,58.0,0.968360384807672,77.0,9170.0,7.033670898229599,5.174595390318161,0.0399981161020999,44.3125,0.7162344569624907,0.5,33.5625,1218.15625,3.5,38.34375,1495.75,58.0,0.968360384807672,77.0,9170.0,7.033670898229599,5.174595390318161,0.039998116102099995,44.3125,0.7162344569624907,0.5,33.5625,1218.15625,3.5,38.34375,1495.75
pg4_4__2,pg4_4,2,42.0,0.9852000607390816,22.0,3380.0,4.37761506497965,2.711869338043653,0.0222413929896872,41.40625,0.3750917051187374,0.0,40.0,1505.4375,1.8027756377319943,39.46875,1657.21875,42.0,0.9852000607390817,22.0,3380.0,4.37761506497965,2.711869338043653,0.022241392989687293,41.40625,0.3750917051187374,0.0,40.0,1505.4375,1.8027756377319946,39.46875,1657.21875
pg4_4__3,pg4_4,3,75.0,0.9654408795538866,48.0,8016.0,2.6851464933843388,3.122052228578528,0.0315119813512835,43.71875,0.6095138561619954,0.5,39.78125,1387.15625,3.1622776601683795,41.71875,1748.125,75.0,0.9654408795538866,48.0,8016.0,2.6851464933843388,3.122052228578528,0.03151198135128358,43.71875,0.6095138561619954,0.5,39.78125,1387.15625,3.1622776601683795,41.71875,1748.125
pg4_4__4,pg4_4,4,38.0,0.9685692825692894,106.0,8932.0,5.274337029227939,7.671970036616821,0.0318115644263119,38.125,0.7126166485341741,0.5,41.875,1276.8125,2.549509756796392,34.59375,1607.46875,38.0,0.9685692825692894,106.0,8932.0,5.274337029227939,7.671970036616821,0.03181156442631193,38.125,0.7126166485341741,0.5,41.875,1276.8125,2.5495097567963922,34.59375,1607.46875
pg4_4__5,pg4_4,5,84.0,0.963698574236716,146.0,19646.0,7.299576973927976,17.56844713643876,0.0353435640013619,43.59375,1.0979660799630298,0.5,40.96875,1224.125,3.1622776601683795,34.875,1814.9375,84.0,0.9636985742367159,146.0,19646.0,7.299576973927976,17.56844713643876,0.035343564001361974,43.59375,1.0979660799630298,0.5,40.96875,1224.125,3.1622776601683795,34.875,1814.9375
pg4_4__6,pg4_4,6,152.0,0.9650671993455324,47.0,14145.0,7.520793437902252,3.9199531275326938,0.0398242705893987,61.75,0.7602293161508522,0.5,43.9375,1425.75,4.924428900898052,39.1875,2800.09375,152.0,0.9650671993455323,47.0,14145.0,7.520793437902252,3.9199531275326938,0.039824270589398726,61.75,0.7602293161508522,0.5,43.9375,1425.75,4.924428900898052,39.1875,2800.09375
pg4_4__7,pg4_4,7,17.0,0.976621596043271,67.0,4263.0,3.603878061410749,4.891787882939956,0.0284630642361725,41.15625,0.5566097817082318,0.0,34.34375,1292.0,2.0615528128088303,38.0,1414.46875,17.0,0.976621596043271,67.0,4263.0,3.603878061410749,4.891787882939956,0.028463064236172505,41.15625,0.5566097817082318,0.0,34.34375,1292.0,2.0615528128088303,38.0,1414.46875
pg4_4__8,pg4_4,8,36.0,0.9687777145775396,81.0,6957.0,3.7841862922372713,4.530391228208104,0.0393010608159297,38.90625,0.6744135080562873,0.5,35.9375,1179.71875,3.2015621187164243,37.78125,1408.71875,36.0,0.9687777145775396,81.0,6957.0,3.7841862922372713,4.530391228208104,0.03930106081592973,38.90625,0.6744135080562873,0.5,35.9375,1179.71875,3.2015621187164243,37.78125,1408.71875
pg4_4__9,pg4_4,9,61.0,0.9640730500620348,167.0,17968.0,4.802226296689131,18.002036941465118,0.047481681861169,45.96875,0.9117207254556244,0.7071067811865476,45.53125,1127.53125,6.082762530298219,38.03125,2165.90625,61.0,0.9640730500620348,167.0,17968.0,4.802226296689131,18.002036941465118,0.047481681861169,45.96875,0.9117207254556245,0.7071067811865476,45.53125,1127.53125,6.082762530298219,38.03125,2165.90625
pg4_5__0,pg4_5,0,1.0,0.99780151244995,2.0,99.0,0.5463431217416952,0.2937692133768042,0.0090565361223777,32.0,0.1486885669127103,0.0,37.0,1149.21875,1.0,31.78125,1184.0,1.0,0.99780151244995,2.0,99.0,0.5463431217416952,0.29376921337680423,0.009056536122377792,32.0,0.14868856691271037,0.0,37.0,1149.21875,1.0,31.78125,1184.0
pg4_5__1,pg4_5,1,185.0,0.968235932661242,26.0,11851.0,24.43646501883289,2.2175614791490967,0.0365893569974549,50.25,0.9600405627603664,1.0,45.84375,1493.84375,5.024937810560445,40.09375,2348.0625,185.0,0.9682359326612421,26.0,11851.0,24.43646501883289,2.2175614791490967,0.03658935699745493,50.25,0.9600405627603663,1.0,45.84375,1493.84375,5.024937810560445,40.09375,2348.0625
pg4_5__2,pg4_5,2,45.0,0.9765784753085374,57.0,6477.0,3.016851385796692,6.446481688162022,0.0319887425995692,49.625,0.5591739306044406,0.5,50.65625,1397.71875,3.640054944640259,40.75,2556.25,45.0,0.9765784753085374,57.0,6477.0,3.016851385796692,6.446481688162022,0.031988742599569284,49.625,0.5591739306044406,0.5,50.65625,1397.71875,3.640054944640259,40.75,2556.25
pg4_5__3,pg4_5,3,42.0,0.9676637033494244,123.0,12009.0,1.5781784603239457,13.574192001358456,0.0343406151549354,40.84375,0.7599964698162756,0.7071067811865476,48.1875,1625.15625,4.47213595499958,43.125,1989.0625,42.0,0.9676637033494243,123.0,12009.0,1.5781784603239457,13.574192001358455,0.0343406151549354,40.84375,0.7599964698162756,0.7071067811865476,48.1875,1625.15625,4.47213595499958,43.125,1989.0625
pg4_5__4,pg4_5,4,76.0,0.973439478667648,45.0,7489.0,8.707462688552063,5.400020272120599,0.0215326428163313,43.5,0.4469436791576743,0.5,41.84375,1205.46875,1.5,34.53125,1841.90625,76.0,0.973439478667648,45.0,7489.0,8.707462688552063,5.4000202721205985,0.02153264281633132,43.5,0.44694367915767436,0.5,41.84375,1205.46875,1.5,34.53125,1841.90625
pg4_5__5,pg4_5,5,75.0,0.9707519693594054,111.0,14796.0,10.51443293915009,9.752757130924495,0.0218232421460329,61.1875,0.5012339483525794,0.5,43.75,1287.875,1.5811388300841898,38.28125,2765.5625,75.0,0.9707519693594054,111.0,14796.0,10.51443293915009,9.752757130924495,0.021823242146032984,61.1875,0.5012339483525794,0.5,43.75,1287.875,1.5811388300841898,38.28125,2765.5625
pg4_5__6,pg4_5,6,16.0,0.966177433986042,36.0,2668.0,4.190464860698774,7.772508788578507,0.03836447154462,48.0625,0.6062720920940116,0.5,36.46875,1465.03125,3.0413812651491097,44.25,1777.375,16.0,0.966177433986042,36.0,2668.0,4.190464860698774,7.772508788578507,0.038364471544620096,48.0625,0.6062720920940116,0.5,36.46875,1465.03125,3.0413812651491097,44.25,1777.375
pg4_5__7,pg4_5,7,139.0,0.9720267978874144,28.0,9487.0,16.01530216024942,2.5241947518959367,0.0297800916865654,50.875,0.6462269712909668,0.5,43.5,1352.90625,2.5,39.71875,2248.875,139.0,0.9720267978874143,28.0,9487.0,16.01530216024942,2.5241947518959367,0.029780091686565455,50.875,0.6462269712909668,0.5,43.5,1352.90625,2.5,39.71875,2248.875
pg4_5__8,pg4_5,8,150.0,0.9690140063770922,58.0,16062.0,17.83413083851964,4.4286300787642014,0.0236609717390366,51.84375,0.7819883384476823,1.0,55.34375,1423.5,2.5,40.28125,2964.90625,150.0,0.9690140063770922,58.0,16062.0,17.83413083851964,4.4286300787642014,0.02366097173903668,51.84375,0.7819883384476823,1.0,55.34375,1423.5,2.5,40.28125,2964.90625
pg4_5__9,pg4_5,9,32.0,0.9757986854578152,33.0,3883.0,3.423945549314105,1.6397749016656642,0.041202890559591,40.125,0.90288599502823,0.5,44.0,1857.5625,6.324555320336759,42.6875,1766.34375,32.0,0.9757986854578151,33.0,3883.0,3.423945549314105,1.6397749016656642,0.04120289055959105,40.125,0.90288599502823,0.5,44.0,1857.5625,6.324555320336759,42.6875,1766.34375
pg4_6__0,pg4_6,0,0.0,0.9977846907993968,0.0,0.0,0.2126561994302708,1.1719296339161696,0.0073624525152402,34.0,0.1381926995981416,0.0,38.3125,1269.84375,0.5,33.28125,1302.625,0.0,0.9977846907993967,0.0,0.0,0.21265619943027084,1.1719296339161696,0.007362452515240284,34.0,0.13819269959814165,0.0,38.3125,1269.84375,0.5,33.28125,1302.625
pg4_6__1,pg4_6,1,8.0,0.9907160995375937,7.0,610.0,1.342464394082113,1.570786957364594,0.0221814657201327,38.03125,0.3511057177076177,0.0,34.46875,1368.0,2.692582403567252,38.0,1310.75,8.0,0.9907160995375935,7.0,610.0,1.342464394082113,1.570786957364594,0.022181465720132708,38.03125,0.3511057177076177,0.0,34.46875,1368.0,2.692582403567252,38.0,1310.75
pg4_6__2,pg4_6,2,87.0,0.9659374244625524,158.0,22511.0,11.520931059669897,22.399186649217825,0.0287606823131327,43.15625,0.8247622458929295,0.7071067811865476,62.6875,1404.8125,2.5,34.78125,2826.09375,87.0,0.9659374244625525,158.0,22511.0,11.520931059669895,22.399186649217825,0.02876068231313273,43.15625,0.8247622458929295,0.7071067811865476,62.6875,1404.8125,2.5,34.78125,2826.09375
pg4_6__3,pg4_6,3,58.0,0.9644228337165736,148.0,15852.0,4.265282489055853,16.885304508449817,0.0287389159066372,39.6875,0.7071411378380743,0.8535533905932737,61.3125,1413.4375,3.605551275463989,36.0,2464.3125,58.0,0.9644228337165736,148.0,15852.0,4.265282489055853,16.885304508449817,0.028738915906637234,39.6875,0.7071411378380743,0.8535533905932737,61.3125,1413.4375,3.605551275463989,36.0,2464.3125
pg4_6__4,pg4_6,4,31.0,0.9743517706411094,17.0,2156.0,3.071455671254677,7.829532103648186,0.0432439360279064,37.75,0.7451772697666262,0.25,43.09375,1314.21875,4.609772228646444,33.65625,1630.5625,31.0,0.9743517706411094,17.0,2156.0,3.071455671254677,7.829532103648186,0.04324393602790645,37.75,0.7451772697666262,0.25,43.09375,1314.21875,4.6097722286464435,33.65625,1630.5625
pg4_6__5,pg4_6,5,19.0,0.9841295767918768,25.0,2122.0,3.5093592126073268,1.258006561200788,0.0254343466401307,36.8125,0.344120853661447,0.0,43.6875,1556.4375,1.8027756377319943,38.96875,1611.96875,19.0,0.9841295767918768,25.0,2122.0,3.5093592126073268,1.258006561200788,0.02543434664013072,36.8125,0.344120853661447,0.0,43.6875,1556.4375,1.8027756377319946,38.96875,1611.96875
pg4_6__6,pg4_6,6,31.0,0.972695795954486,60.0,5767.0,5.182368713024391,4.693745485080318,0.0361533177878357,46.5,0.6324736214428627,0.5,37.125,1590.71875,3.2015621187164243,45.0625,1728.875,31.0,0.9726957959544861,60.0,5767.0,5.182368713024391,4.693745485080318,0.0361533177878357,46.5,0.6324736214428627,0.5,37.125,1590.71875,3.2015621187164243,45.0625,1728.875
pg4_6__7,pg4_6,7,115.0,0.9728797455010106,19.0,6740.0,10.44661359352036,5.98020346287048,0.0258579270638436,51.875,0.5043840430695027,0.5,37.25,1340.09375,1.5811388300841898,39.78125,1961.0625,115.0,0.9728797455010106,19.0,6740.0,10.44661359352036,5.98020346287048,0.025857927063843645,51.875,0.5043840430695027,0.5,37.25,1340.09375,1.5811388300841898,39.78125,1961.0625
pg4_6__8,pg4_6,8,25.0,0.9709511682785744,131.0,9652.0,5.626240843995898,14.119086457768988,0.0326311764783866,47.09375,0.794370094547093,0.5,33.28125,1451.90625,2.23606797749979,41.75,1578.09375,25.0,0.9709511682785745,131.0,9652.0,5.626240843995898,14.119086457768987,0.0326311764783866,47.09375,0.794370094547093,0.5,33.28125,1451.90625,2.23606797749979,41.75,1578.09375
pg4_6__9,pg4_6,9,65.0,0.9566793671074736,185.0,22015.0,10.982386694846666,24.02753097301861,0.0499997863736095,59.21875,1.0797820521895247,1.118033988749895,55.1875,1455.09375,7.211102550927978,42.25,3523.1875,65.0,0.9566793671074736,185.0,22015.0,10.982386694846666,24.02753097301861,0.049999786373609544,59.21875,1.0797820521895247,1.118033988749895,55.1875,1455.09375,7.211102550927978,42.25,3523.1875
pg4_7__0,pg4_7,0,134.0,0.9658558968882348,94.0,20120.0,14.38179432746042,4.6363794553774325,0.0267048199517939,55.78125,0.5973036147401921,0.7071067811865476,63.59375,1229.625,2.23606797749979,31.6875,3726.125,134.0,0.9658558968882348,94.0,20120.0,14.381794327460419,4.6363794553774325,0.026704819951793947,55.78125,0.5973036147401921,0.7071067811865476,63.59375,1229.625,2.23606797749979,31.6875,3726.125
pg4_7__1,pg4_7,1,54.0,0.9797361786107482,27.0,4239.0,5.962872695368145,4.10991894490138,0.0253180872208755,40.4375,0.4722957947691604,0.5,38.09375,1188.8125,2.0,35.03125,1562.75,54.0,0.9797361786107482,27.0,4239.0,5.962872695368145,4.10991894490138,0.02531808722087551,40.4375,0.47229579476916045,0.5,38.09375,1188.8125,2.0,35.03125,1562.75
pg4_7__2,pg4_7,2,4.0,0.9918407959695092,8.0,400.0,0.6436491248984728,0.627046548344739,0.0232922506546503,32.0,0.3165777773244172,0.0,29.96875,955.125,2.0615528128088303,31.96875,959.0,4.0,0.9918407959695092,8.0,400.0,0.6436491248984728,0.627046548344739,0.02329225065465031,32.0,0.3165777773244172,0.0,29.96875,955.125,2.0615528128088303,31.96875,959.0
pg4_7__3,pg4_7,3,0.0,0.997595606970607,0.0,0.0,0.657696408566457,0.5964253882111639,0.0088877016255768,35.96875,0.1559023911155808,0.0,32.9375,1185.75,1.0,36.0,1184.71875,0.0,0.997595606970607,0.0,0.0,0.657696408566457,0.5964253882111639,0.008887701625576895,35.96875,0.15590239111558088,0.0,32.9375,1185.75,1.0,36.0,1184.71875
pg4_7__4,pg4_7,4,0.0,0.9979482784080936,0.0,0.0,0.2694254504200408,0.1226327551893847,0.0123106066137343,30.0,0.1422909500042879,0.0,27.0,811.0,1.118033988749895,29.96875,810.0,0.0,0.9979482784080936,0.0,0.0,0.26942545042004085,0.12263275518938473,0.012310606613734325,30.0,0.14229095000428793,0.0,27.0,811.0,1.118033988749895,29.96875,810.0
pg4_7__5,pg4_7,5,0.0,0.9988095238095238,0.0,0.0,0.2020197726006744,0.0,0.011603326600963,33.0,0.2030582155168534,0.0,36.0,1188.0,2.0,33.0,1188.0,0.0,0.9988095238095238,0.0,0.0,0.20201977260067447,0.0,0.01160332660096306,33.0,0.2030582155168534,0.0,36.0,1188.0,2.0,33.0,1188.0
pg4_7__6,pg4_7,6,38.0,0.9731884811432986,88.0,7916.0,6.201165898214912,10.006473088291504,0.0247797478778426,40.96875,0.4781636603779738,0.5,49.40625,1145.34375,1.8027756377319943,39.1875,2035.03125,38.0,0.9731884811432986,88.0,7916.0,6.201165898214912,10.006473088291504,0.02477974787784261,40.96875,0.47816366037797386,0.5,49.40625,1145.34375,1.8027756377319946,39.1875,2035.03125
pg4_7__7,pg4_7,7,15.0,0.988047699991178,17.0,1426.0,1.5781784603239457,1.218677057220196,0.0211935318819059,36.96875,0.315148944398915,0.0,35.1875,1332.375,1.118033988749895,38.0,1301.28125,15.0,0.9880476999911781,17.0,1426.0,1.5781784603239457,1.2186770572201961,0.02119353188190599,36.96875,0.31514894439891505,0.0,35.1875,1332.375,1.118033988749895,38.0,1301.28125
pg4_7__8,pg4_7,8,43.0,0.977045385762807,21.0,3183.0,1.2207247794404652,4.827522548999753,0.0290805015668147,48.0625,0.4882839663976114,0.5,36.875,1503.15625,2.23606797749979,43.6875,1787.21875,43.0,0.977045385762807,21.0,3183.0,1.2207247794404652,4.827522548999753,0.029080501566814798,48.0625,0.48828396639761146,0.5,36.875,1503.15625,2.23606797749979,43.6875,1787.21875
pg4_7__9,pg4_7,9,32.0,0.9776757386710134,92.0,7380.0,1.3351610033543926,8.897865820225963,0.0221010774858914,36.5,0.5204985151451046,0.5,51.5625,1316.375,1.8027756377319943,34.3125,1902.96875,32.0,0.9776757386710134,92.0,7380.0,1.3351610033543926,8.897865820225963,0.022101077485891442,36.5,0.5204985151451046,0.5,51.5625,1316.375,1.8027756377319946,34.3125,1902.96875
pg4_8__0,pg4_8,0,-1.0,0.9991071428571427,0.0,-32.0,0.2587608329486831,0.0,0.0049712181810982,34.0,0.086996318169219,0.0,32.0,1092.0,0.5,34.125,1088.0,-1.0,0.9991071428571429,0.0,-32.0,0.25876083294868313,0.0,0.004971218181098236,34.0,0.08699631816921909,0.0,32.0,1092.0,0.5,34.125,1088.0
pg4_8__1,pg4_8,1,0.0,0.9959653232768833,4.0,132.0,0.4947379608536836,0.7704763169076039,0.0177788893919976,33.0,0.1970298327275889,0.0,37.375,1108.5625,1.4142135623730951,32.96875,1233.375,0.0,0.9959653232768831,4.0,132.0,0.4947379608536836,0.7704763169076039,0.017778889391997683,33.0,0.19702983272758898,0.0,37.375,1108.5625,1.4142135623730951,32.96875,1233.375
pg4_8__2,pg4_8,2,45.0,0.9740510593550948,92.0,8984.0,5.370664047349351,5.238675795843125,0.0308371143612633,42.125,0.5491588469872237,0.5,38.46875,1279.5625,3.0413812651491097,38.84375,1650.59375,45.0,0.9740510593550947,92.0,8984.0,5.370664047349351,5.238675795843125,0.03083711436126331,42.125,0.5491588469872237,0.5,38.46875,1279.5625,3.0413812651491097,38.84375,1650.59375
pg4_8__3,pg4_8,3,108.0,0.9684137540385128,60.0,12912.0,6.172042775322121,9.441416437757267,0.031406947892399,44.34375,0.722927768307304,0.5,43.65625,1474.28125,3.3541019662496847,37.75,1940.6875,108.0,0.9684137540385128,60.0,12912.0,6.172042775322121,9.441416437757269,0.031406947892399,44.34375,0.722927768307304,0.5,43.65625,1474.28125,3.3541019662496847,37.75,1940.6875
pg4_8__4,pg4_8,4,70.0,0.973377601909132,61.0,9108.0,4.769765639696114,4.598013267381311,0.0300421692827431,47.375,0.5347040579702699,0.5,43.15625,1680.71875,2.0615528128088303,43.84375,2045.3125,70.0,0.973377601909132,61.0,9108.0,4.769765639696114,4.598013267381311,0.0300421692827431,47.375,0.5347040579702699,0.5,43.15625,1680.71875,2.0615528128088303,43.84375,2045.3125
pg4_8__5,pg4_8,5,23.0,0.9722457158821652,109.0,7517.0,3.4778041480217112,12.959890543002205,0.0257402128045502,44.34375,0.5941526510350503,0.5,38.75,1392.46875,1.8027756377319943,38.78125,1735.90625,23.0,0.9722457158821651,109.0,7517.0,3.4778041480217112,12.959890543002203,0.025740212804550206,44.34375,0.5941526510350503,0.5,38.75,1392.46875,1.8027756377319946,38.78125,1735.90625
pg4_8__6,pg4_8,6,83.0,0.9749977214237048,16.0,4956.0,3.17661304587019,2.6704712559142147,0.0312301810066109,46.46875,0.5676456412472093,0.25,41.0,1553.6875,3.0413812651491097,40.46875,1914.90625,83.0,0.9749977214237049,16.0,4956.0,3.17661304587019,2.6704712559142147,0.03123018100661091,46.46875,0.5676456412472093,0.25,41.0,1553.6875,3.0413812651491097,40.46875,1914.90625
pg4_8__7,pg4_8,7,132.0,0.9601970734489516,89.0,19882.0,12.356221682332336,7.606958653733641,0.0577430808076282,72.21875,1.5340524866750418,1.0,45.46875,1522.125,14.142135623730953,41.21875,3472.59375,132.0,0.9601970734489517,89.0,19882.0,12.356221682332336,7.606958653733641,0.0577430808076282,72.21875,1.5340524866750418,1.0,45.46875,1522.125,14.142135623730951,41.21875,3472.59375
pg4_8__8,pg4_8,8,35.0,0.9699491052064336,214.0,16847.0,6.66161683899297,27.77915732099437,0.0355586169475595,40.5625,1.1284521437454709,0.6035533905932737,66.125,1426.71875,4.743416490252569,38.5,2722.15625,35.0,0.9699491052064335,214.0,16847.0,6.66161683899297,27.779157320994372,0.0355586169475595,40.5625,1.1284521437454709,0.6035533905932737,66.125,1426.71875,4.743416490252569,38.5,2722.15625
pg4_8__9,pg4_8,9,66.0,0.964997117213643,194.0,22358.0,2.3429975631740274,22.886233395443544,0.0382514665362025,44.5625,1.062403540038951,0.7071067811865476,54.6875,1387.25,3.1622776601683795,37.5625,2516.65625,66.0,0.964997117213643,194.0,22358.0,2.3429975631740274,22.886233395443544,0.03825146653620256,44.5625,1.062403540038951,0.7071067811865476,54.6875,1387.25,3.1622776601683795,37.5625,2516.65625
pg4_9__0,pg4_9,0,1.0,0.9954013680677845,0.0,36.0,0.3108208954985842,0.5272870867028628,0.0287829976423708,40.0,0.4588987323765136,0.0,36.03125,1440.0,4.242640687119285,40.0,1441.25,1.0,0.9954013680677843,0.0,36.0,0.31082089549858427,0.5272870867028628,0.028782997642370852,40.0,0.4588987323765136,0.0,36.03125,1440.0,4.242640687119285,40.0,1441.25
pg4_9__1,pg4_9,1,0.0,0.9968557493963474,0.0,0.0,0.3676815360850929,0.3346151003529377,0.020119724941231,38.0,0.3342031115437915,0.0,34.0,1289.5,3.1622776601683795,38.28125,1292.0,0.0,0.9968557493963474,0.0,0.0,0.36768153608509296,0.33461510035293773,0.020119724941231088,38.0,0.3342031115437915,0.0,34.0,1289.5,3.1622776601683795,38.28125,1292.0
pg4_9__2,pg4_9,2,28.0,0.981776923339056,24.0,2728.0,2.8852353190357065,5.422337412224527,0.035095373184476,47.5,0.5926976681315788,0.0,32.6875,1537.4375,3.605551275463989,45.21875,1553.28125,28.0,0.981776923339056,24.0,2728.0,2.8852353190357065,5.422337412224527,0.035095373184476024,47.5,0.5926976681315788,0.0,32.6875,1537.4375,3.605551275463989,45.21875,1553.28125
pg4_9__3,pg4_9,3,34.0,0.9805596856807344,26.0,3052.0,2.4005791627684423,1.243283581994337,0.0280955532270669,38.625,0.3679439213706963,0.5,38.5,1439.53125,2.0615528128088303,37.78125,1488.5625,34.0,0.9805596856807345,26.0,3052.0,2.4005791627684423,1.243283581994337,0.028095553227066927,38.625,0.3679439213706963,0.5,38.5,1439.53125,2.0615528128088303,37.78125,1488.5625
pg4_9__4,pg4_9,4,14.0,0.98249932128013,18.0,1620.0,1.9634777763479652,1.8496609462005924,0.0286458506195538,48.875,0.5911879270380561,0.0,35.96875,1820.3125,4.527692569068709,48.0625,1758.3125,14.0,0.98249932128013,18.0,1620.0,1.9634777763479654,1.8496609462005924,0.028645850619553884,48.875,0.5911879270380561,0.0,35.96875,1820.3125,4.527692569068709,48.0625,1758.3125
pg4_9__5,pg4_9,5,22.0,0.9780881257266202,28.0,2746.0,2.673613502629199,3.936571985999562,0.0307426577455221,51.09375,0.6044301833958466,0.0,36.84375,1774.84375,3.0,47.96875,1883.34375,22.0,0.9780881257266202,28.0,2746.0,2.673613502629199,3.9365719859995614,0.030742657745522168,51.09375,0.6044301833958466,0.0,36.84375,1774.84375,3.0,47.96875,1883.34375
pg4_9__6,pg4_9,6,84.0,0.9691450374773456,91.0,14035.0,5.14305915755789,9.182798360906128,0.0331341585305646,42.59375,0.7288259639909396,0.5,56.59375,1451.96875,3.640054944640259,38.8125,2434.46875,84.0,0.9691450374773455,91.0,14035.0,5.14305915755789,9.182798360906128,0.03313415853056468,42.59375,0.7288259639909396,0.5,56.59375,1451.96875,3.640054944640259,38.8125,2434.46875
pg4_9__7,pg4_9,7,28.0,0.979312342286086,29.0,2924.0,2.973150120470948,3.720999743379829,0.0323915625106802,41.71875,0.4982302447182824,0.0,38.5625,1470.125,3.0413812651491097,40.90625,1613.90625,28.0,0.9793123422860859,29.0,2924.0,2.973150120470948,3.720999743379829,0.032391562510680205,41.71875,0.4982302447182824,0.0,38.5625,1470.125,3.0413812651491097,40.90625,1613.90625
pg4_9__8,pg4_9,8,14.0,0.9887538345266518,34.0,2190.0,1.1373194754902272,3.4611857170887843,0.0160156382827821,39.84375,0.3220804134324967,0.0,42.125,1424.03125,1.118033988749895,37.28125,1681.875,14.0,0.9887538345266518,34.0,2190.0,1.1373194754902272,3.4611857170887843,0.016015638282782144,39.84375,0.3220804134324967,0.0,42.125,1424.03125,1.118033988749895,37.28125,1681.875
pg4_9__9,pg4_9,9,117.0,0.9704298723448536,31.0,9158.0,9.207420750423656,1.187828412502898,0.0397896586936266,40.1875,0.9805931862111052,0.5,44.15625,1358.5625,4.123105625617661,35.71875,1783.71875,117.0,0.9704298723448535,31.0,9158.0,9.207420750423656,1.187828412502898,0.03978965869362665,40.1875,0.9805931862111052,0.5,44.15625,1358.5625,4.123105625617661,35.71875,1783.71875
pg5_10__0,pg5_10,0,1.0,0.992838427066831,0.0,46.0,1.4549419924894578,1.283867377364688,0.0294197421817402,37.59375,0.5345660731404217,0.0,45.875,1720.375,5.0,37.5,1724.5625,1.0,0.992838427066831,0.0,46.0,1.4549419924894578,1.283867377364688,0.029419742181740264,37.59375,0.5345660731404217,0.0,45.875,1720.375,5.0,37.5,1724.5625
pg5_10__1,pg5_10,1,0.0,0.9939001861135554,0.0,0.0,0.8241621671205419,0.6469020823717079,0.0328065599592455,39.65625,0.530687347284281,0.0,33.0,1313.59375,5.0,39.84375,1308.65625,0.0,0.9939001861135554,0.0,0.0,0.8241621671205419,0.6469020823717079,0.03280655995924555,39.65625,0.530687347284281,0.0,33.0,1313.59375,5.0,39.84375,1308.65625
pg5_10__2,pg5_10,2,38.0,0.9784270159724762,18.0,2768.0,3.6225489769560486,1.6371802681818417,0.0454369063277484,45.25,0.8173447477252805,0.0,34.4375,1528.9375,5.408326913195984,44.96875,1558.625,38.0,0.9784270159724762,18.0,2768.0,3.6225489769560486,1.6371802681818415,0.0454369063277484,45.25,0.8173447477252805,0.0,34.4375,1528.9375,5.408326913195984,44.96875,1558.625
pg5_10__3,pg5_10,3,58.0,0.9711261286012528,141.0,16445.0,9.863927007546389,8.25372825963313,0.031380774175009,52.96875,0.6160331446962716,0.5,53.84375,1724.1875,3.5355339059327378,45.6875,2892.5,58.0,0.9711261286012528,141.0,16445.0,9.863927007546387,8.25372825963313,0.03138077417500902,52.96875,0.6160331446962716,0.5,53.84375,1724.1875,3.5355339059327378,45.6875,2892.5
pg5_10__4,pg5_10,4,114.0,0.9674801895836048,90.0,19188.0,11.830670639297422,5.589592419477329,0.027617254661942,54.09375,0.5980109174267342,0.6035533905932737,47.46875,1882.125,3.0,44.8125,2638.78125,114.0,0.9674801895836049,90.0,19188.0,11.830670639297422,5.589592419477329,0.027617254661942023,54.09375,0.5980109174267342,0.6035533905932737,47.46875,1882.125,3.0,44.8125,2638.78125
pg5_10__5,pg5_10,5,16.0,0.9677179977259844,211.0,12456.0,4.092257620269221,17.31351912585085,0.0330259838490304,41.03125,0.7176806506749749,0.5,58.34375,1491.53125,3.605551275463989,37.75,2428.71875,16.0,0.9677179977259843,211.0,12456.0,4.092257620269221,17.31351912585085,0.03302598384903046,41.03125,0.7176806506749749,0.5,58.34375,1491.53125,3.605551275463989,37.75,2428.71875
pg5_10__6,pg5_10,6,17.0,0.977439053008862,62.0,4242.0,4.75467337547271,4.751626802995951,0.0372393979771343,41.34375,0.58529951152268,0.0,37.375,1506.59375,4.716990566028302,40.8125,1549.3125,17.0,0.9774390530088621,62.0,4242.0,4.75467337547271,4.7516268029959505,0.03723939797713434,41.34375,0.58529951152268,0.0,37.375,1506.59375,4.716990566028302,40.8125,1549.3125
pg5_10__7,pg5_10,7,70.0,0.972698133408192,23.0,5470.0,4.696591999053052,3.960011078996538,0.0373592471815802,37.96875,0.6417816200694157,0.5,40.34375,1543.46875,5.1478150704935,38.4375,1555.5,70.0,0.972698133408192,23.0,5470.0,4.696591999053052,3.960011078996538,0.03735924718158028,37.96875,0.6417816200694157,0.5,40.34375,1543.46875,5.1478150704935,38.4375,1555.5
pg5_10__8,pg5_10,8,16.0,0.9673613389323809,138.0,9286.0,2.0088813326665957,13.695947099289649,0.0459660663511458,45.34375,1.0353115719664374,0.5,39.0625,1446.46875,6.324555320336759,43.0625,1795.375,16.0,0.9673613389323809,138.0,9286.0,2.0088813326665953,13.695947099289649,0.04596606635114587,45.34375,1.0353115719664374,0.5,39.0625,1446.46875,6.324555320336759,43.0625,1795.375
pg5_10__9,pg5_10,9,13.0,0.9835655020939852,25.0,1780.0,1.5289566955589236,2.9871834491844877,0.0443139726049043,41.90625,0.7903852317143907,0.0,38.09375,1403.875,7.106335201775948,39.03125,1599.0,13.0,0.9835655020939852,25.0,1780.0,1.5289566955589236,2.9871834491844873,0.044313972604904335,41.90625,0.7903852317143907,0.0,38.09375,1403.875,7.106335201775948,39.03125,1599.0
pg5_11__0,pg5_11,0,1.0,0.987079958529812,4.0,173.0,1.0552038677268598,1.2040469188900915,0.0450709731252957,36.5,0.7234395183015482,0.0,39.0625,1175.625,6.800735254367722,34.46875,1425.40625,1.0,0.9870799585298121,4.0,173.0,1.0552038677268598,1.2040469188900917,0.04507097312529579,36.5,0.7234395183015482,0.0,39.0625,1175.625,6.800735254367722,34.46875,1425.40625
pg5_11__1,pg5_11,1,19.0,0.96988663746886,47.0,3042.0,3.998631395156202,5.16942724098013,0.0488766711046345,41.03125,0.768529786126995,0.5,35.875,1051.3125,5.830951894845301,35.09375,1480.1875,19.0,0.9698866374688601,47.0,3042.0,3.998631395156202,5.16942724098013,0.048876671104634534,41.03125,0.768529786126995,0.5,35.875,1051.3125,5.830951894845301,35.09375,1480.1875
pg5_11__2,pg5_11,2,6.0,0.9724273866075904,50.0,2392.0,3.636874656119097,2.9352490708776315,0.0476902965585037,36.8125,0.7636692908033496,0.5,42.21875,1186.71875,5.830951894845301,37.5625,1565.59375,6.0,0.9724273866075905,50.0,2392.0,3.6368746561190965,2.9352490708776315,0.04769029655850371,36.8125,0.7636692908033496,0.5,42.21875,1186.71875,5.830951894845301,37.5625,1565.59375
pg5_11__3,pg5_11,3,13.0,0.9777972238831948,21.0,1474.0,5.717635817084295,4.766734287303645,0.0419641006549712,42.46875,0.6937502533392816,0.0,32.40625,1222.8125,4.031128874149275,38.25,1377.5625,13.0,0.9777972238831949,21.0,1474.0,5.717635817084295,4.766734287303645,0.041964100654971234,42.46875,0.6937502533392816,0.0,32.40625,1222.8125,4.031128874149275,38.25,1377.5625
pg5_11__4,pg5_11,4,27.0,0.9809090550134626,41.0,3651.0,3.845084426649221,1.237306685931805,0.0362828650664746,45.15625,0.5720905885762516,0.0,42.875,1385.15625,4.609772228646444,39.53125,1942.78125,27.0,0.9809090550134626,41.0,3651.0,3.8450844266492212,1.237306685931805,0.03628286506647462,45.15625,0.5720905885762516,0.0,42.875,1385.15625,4.6097722286464435,39.53125,1942.78125
pg5_11__5,pg5_11,5,16.0,0.9808843405165554,21.0,1593.0,1.3950514549704225,3.857606052373512,0.0432142018113523,42.46875,0.6717841676602376,0.0,36.375,1212.6875,4.924428900898052,37.96875,1547.25,16.0,0.9808843405165554,21.0,1593.0,1.3950514549704223,3.857606052373512,0.0432142018113523,42.46875,0.6717841676602376,0.0,36.375,1212.6875,4.924428900898052,37.96875,1547.25
pg5_11__6,pg5_11,6,-1.0,0.9967209730691056,0.0,-33.0,0.252524715750843,0.4040395452013489,0.0319600011465169,33.0,0.4789118434737697,0.0,33.0,1090.03125,4.716990566028302,33.03125,1089.0,-1.0,0.9967209730691057,0.0,-33.0,0.252524715750843,0.40403954520134894,0.03196000114651694,33.0,0.4789118434737697,0.0,33.0,1090.03125,4.716990566028302,33.03125,1089.0
pg5_11__7,pg5_11,7,0.0,0.9974133109619686,0.0,0.0,0.1010098863003372,0.4040395452013489,0.025211926087663,29.0,0.4186152353627111,0.0,36.0,1044.0,4.123105625617661,29.0,1044.0,0.0,0.9974133109619686,0.0,0.0,0.10100988630033723,0.40403954520134894,0.02521192608766301,29.0,0.4186152353627111,0.0,36.0,1044.0,4.123105625617661,29.0,1044.0
pg5_11__8,pg5_11,8,18.0,0.981095563541042,8.0,1022.0,1.3582841013064366,4.198262955047946,0.0515364956140583,44.875,0.961400199057763,0.0,33.21875,1391.96875,7.5,42.75,1490.96875,18.0,0.9810955635410421,8.0,1022.0,1.3582841013064366,4.198262955047946,0.0515364956140583,44.875,0.961400199057763,0.0,33.21875,1391.96875,7.5,42.75,1490.96875
pg5_11__9,pg5_11,9,4.0,0.9932807681857424,2.0,218.0,1.126710270471014,0.5965144800614199,0.0329022719293452,36.90625,0.5094999226201463,0.0,34.03125,1258.0,4.47213595499958,37.0,1255.9375,4.0,0.9932807681857424,2.0,218.0,1.1267102704710141,0.5965144800614199,0.03290227192934524,36.90625,0.5094999226201463,0.0,34.03125,1258.0,4.47213595499958,37.0,1255.9375
pg5_12__0,pg5_12,0,2.0,0.9934706337908024,6.0,286.0,0.2675451396363088,1.3604146523607217,0.0269929249527735,35.875,0.4407481236598274,0.0,41.34375,1325.625,3.8078865529319534,34.96875,1483.625,2.0,0.9934706337908024,6.0,286.0,0.2675451396363088,1.3604146523607217,0.026992924952773584,35.875,0.44074812365982746,0.0,41.34375,1325.625,3.8078865529319543,34.96875,1483.625
pg5_12__1,pg5_12,1,7.0,0.9892597176467052,4.0,381.0,0.8674815150639088,0.5088232032681678,0.0311582097274094,39.28125,0.425551363394063,0.0,32.34375,1162.625,3.5355339059327378,34.90625,1271.90625,7.0,0.9892597176467053,4.0,381.0,0.8674815150639088,0.5088232032681678,0.0311582097274094,39.28125,0.425551363394063,0.0,32.34375,1162.625,3.5355339059327378,34.90625,1271.90625
pg5_12__2,pg5_12,2,2.0,0.974439745558506,22.0,1010.0,10.863489806545395,4.154261833417948,0.0442909102851035,45.5,0.8233481829814839,0.0,42.0625,1416.65625,3.1622776601683795,42.3125,1914.03125,2.0,0.9744397455585059,22.0,1010.0,10.863489806545397,4.154261833417948,0.044290910285103506,45.5,0.8233481829814839,0.0,42.0625,1416.65625,3.1622776601683795,42.3125,1914.03125
pg5_12__3,pg5_12,3,1.0,0.9948320297137926,2.0,108.0,0.7260908981303595,0.679161612041262,0.0268175619201502,37.0,0.3041903737710286,0.0,35.0,1292.78125,2.23606797749979,36.96875,1295.0,1.0,0.9948320297137926,2.0,108.0,0.7260908981303595,0.679161612041262,0.026817561920150244,37.0,0.30419037377102864,0.0,35.0,1292.78125,2.23606797749979,36.96875,1295.0
pg5_12__4,pg5_12,4,0.0,0.9990530303030304,-1.0,-39.0,0.0,0.1515148294505059,0.0092299188871297,39.0,0.15229366163764,0.0,31.0,1210.21875,1.5,39.0,1209.0,0.0,0.9990530303030303,-1.0,-39.0,0.0,0.15151482945050593,0.0092299188871297,39.0,0.15229366163764005,0.0,31.0,1210.21875,1.5,39.0,1209.0
pg5_12__5,pg5_12,5,-1.0,0.9975004744861992,0.0,-36.0,0.0505049431501686,0.6279780786080384,0.01410055158751,35.0,0.2299946662908042,0.0,35.96875,1258.9375,2.0615528128088303,35.03125,1258.90625,-1.0,0.9975004744861993,0.0,-36.0,0.05050494315016862,0.6279780786080384,0.014100551587510002,35.0,0.22999466629080423,0.0,35.96875,1258.9375,2.0615528128088303,35.03125,1258.90625
pg5_12__6,pg5_12,6,4.0,0.9792901782113826,13.0,657.0,6.59432890973713,4.937229538838938,0.0402678113926709,43.34375,0.6309259258393877,0.0,34.40625,1348.53125,4.272001872658765,40.46875,1493.75,4.0,0.9792901782113826,13.0,657.0,6.59432890973713,4.937229538838938,0.0402678113926709,43.34375,0.6309259258393877,0.0,34.40625,1348.53125,4.272001872658765,40.46875,1493.75
pg5_12__7,pg5_12,7,5.0,0.9923483788497288,-2.0,131.0,0.6880236582871582,0.2982572400307099,0.0288767842412465,39.90625,0.3568830423584933,0.0,40.9375,1560.78125,2.8284271247461903,39.96875,1631.8125,5.0,0.9923483788497288,-2.0,131.0,0.6880236582871582,0.29825724003070997,0.028876784241246525,39.90625,0.3568830423584933,0.0,40.9375,1560.78125,2.8284271247461903,39.96875,1631.8125
pg5_12__8,pg5_12,8,4.0,0.993247365160455,3.0,256.0,1.3654054425450406,0.3939844184334302,0.027694357783024,42.78125,0.4264412649880916,0.0,34.5,1380.78125,3.605551275463989,39.59375,1472.0625,4.0,0.993247365160455,3.0,256.0,1.3654054425450406,0.3939844184334302,0.02769435778302402,42.78125,0.4264412649880916,0.0,34.5,1380.78125,3.605551275463989,39.59375,1472.0625
pg5_12__9,pg5_12,9,3.0,0.9938596864744768,-1.0,81.0,0.6941750874033988,1.215227366959086,0.017798640164019,36.3125,0.3019480527191571,0.0,44.53125,1432.8125,2.23606797749979,35.6875,1617.625,3.0,0.9938596864744769,-1.0,81.0,0.6941750874033988,1.215227366959086,0.017798640164019063,36.3125,0.3019480527191571,0.0,44.53125,1432.8125,2.23606797749979,35.6875,1617.625
pg5_1__0,pg5_1,0,0.0,0.9967447916666666,0.0,0.0,0.6060593178020237,0.353083377103994,0.0257058424770828,42.0,0.6122838337368998,0.0,31.0,1313.8125,6.0,42.0,1302.0,0.0,0.9967447916666666,0.0,0.0,0.6060593178020237,0.353083377103994,0.025705842477082852,42.0,0.6122838337368998,0.0,31.0,1313.8125,6.0,42.0,1302.0
pg5_1__1,pg5_1,1,24.0,0.973658895756305,59.0,4922.0,2.5017158528745336,3.345809542127036,0.0395756392128321,53.53125,0.8988280447808802,0.5,47.5,1493.84375,7.071067811865476,46.375,2603.15625,24.0,0.973658895756305,59.0,4922.0,2.5017158528745336,3.345809542127036,0.03957563921283215,53.53125,0.8988280447808802,0.5,47.5,1493.84375,7.0710678118654755,46.375,2603.15625
pg5_1__2,pg5_1,2,20.0,0.979217109712176,13.0,1614.0,5.101316987703656,1.5486581330191338,0.0415062434943362,38.40625,0.8923072798490598,0.0,47.5625,1675.65625,7.5,38.96875,1829.4375,20.0,0.9792171097121759,13.0,1614.0,5.1013169877036555,1.5486581330191338,0.04150624349433626,38.40625,0.8923072798490598,0.0,47.5625,1675.65625,7.5,38.96875,1829.4375
pg5_1__3,pg5_1,3,21.0,0.9882940228534616,7.0,1239.0,1.3605123040266904,0.9800594506098734,0.0335119746906581,46.34375,0.7032885771621827,0.0,38.46875,1754.875,6.5,43.6875,1778.875,21.0,0.9882940228534615,7.0,1239.0,1.3605123040266904,0.9800594506098734,0.033511974690658176,46.34375,0.7032885771621827,0.0,38.46875,1754.875,6.5,43.6875,1778.875
pg5_1__4,pg5_1,4,26.0,0.9824331741616898,19.0,2152.0,2.51386843097564,1.942717788889996,0.0379901169286491,44.625,0.8112642677033088,0.0,40.46875,1583.0625,7.0,41.03125,1807.0625,26.0,0.9824331741616898,19.0,2152.0,2.51386843097564,1.942717788889996,0.03799011692864912,44.625,0.8112642677033088,0.0,40.46875,1583.0625,7.0,41.03125,1807.0625
pg5_1__5,pg5_1,5,9.0,0.9837272977494556,28.0,1741.0,1.094726923914085,3.414924139185956,0.0368836423463835,43.34375,0.7669852064799875,0.0,43.625,1637.0,7.071067811865476,41.21875,1891.875,9.0,0.9837272977494557,28.0,1741.0,1.094726923914085,3.4149241391859557,0.03688364234638359,43.34375,0.7669852064799875,0.0,43.625,1637.0,7.0710678118654755,41.21875,1891.875
pg5_1__6,pg5_1,6,27.0,0.980643072299904,14.0,1924.0,2.510684999084833,1.2619710546262233,0.0373678012190675,44.3125,0.7693897617345283,0.0,37.53125,1441.125,6.576473218982953,40.03125,1669.625,27.0,0.980643072299904,14.0,1924.0,2.5106849990848334,1.2619710546262233,0.03736780121906751,44.3125,0.7693897617345283,0.0,37.53125,1441.125,6.576473218982953,40.03125,1669.625
pg5_1__7,pg5_1,7,99.0,0.9646239974654724,161.0,28135.0,12.193355352915024,18.30324039012843,0.0349354720140089,60.5625,0.998839298412725,1.0,59.375,1987.78125,7.648529270389178,53.15625,3644.1875,99.0,0.9646239974654724,161.0,28135.0,12.193355352915024,18.30324039012843,0.0349354720140089,60.5625,0.998839298412725,1.0,59.375,1987.78125,7.648529270389178,53.15625,3644.1875
pg5_1__8,pg5_1,8,74.0,0.9749939187456096,49.0,8029.0,5.356248046369135,6.0269834665113375,0.03410858783798,44.125,0.6974030205910765,0.5,43.1875,1405.40625,3.5355339059327378,39.0,1921.0,74.0,0.9749939187456095,49.0,8029.0,5.356248046369135,6.0269834665113375,0.034108587837980014,44.125,0.6974030205910765,0.5,43.1875,1405.40625,3.5355339059327378,39.0,1921.0
pg5_1__9,pg5_1,9,107.0,0.9664880284173464,52.0,11600.0,14.67315643689004,3.9315403147451184,0.0551867179251873,51.65625,1.2774646726041905,0.5,50.65625,1508.21875,9.340770846134705,41.71875,2679.6875,107.0,0.9664880284173464,52.0,11600.0,14.67315643689004,3.9315403147451184,0.05518671792518732,51.65625,1.2774646726041903,0.5,50.65625,1508.21875,9.340770846134703,41.71875,2679.6875
pg5_2__0,pg5_2,0,16.0,0.9780586463622768,36.0,2628.0,3.58668076108281,6.198804563869043,0.0387715804613009,47.53125,0.8064464237010621,0.0,41.75,1525.15625,3.5355339059327378,42.0,2003.09375,16.0,0.9780586463622768,36.0,2628.0,3.58668076108281,6.198804563869043,0.038771580461300956,47.53125,0.8064464237010621,0.0,41.75,1525.15625,3.5355339059327378,42.0,2003.09375
pg5_2__1,pg5_2,1,187.0,0.968176893985047,24.0,12506.0,24.1841915218676,2.6116883704066485,0.0360776888351787,61.28125,0.9466118902018952,1.3090169943749477,45.90625,1466.78125,5.024937810560445,37.875,2882.96875,187.0,0.968176893985047,24.0,12506.0,24.1841915218676,2.6116883704066485,0.036077688835178784,61.28125,0.9466118902018951,1.3090169943749475,45.90625,1466.78125,5.024937810560445,37.875,2882.96875
pg5_2__2,pg5_2,2,56.0,0.9685696408770036,43.0,6325.0,6.80442048712351,2.82772248536626,0.0308930353804707,39.125,0.5778112098320598,0.5,48.8125,1551.3125,2.692582403567252,39.15625,1921.34375,56.0,0.9685696408770035,43.0,6325.0,6.80442048712351,2.8277224853662597,0.030893035380470737,39.125,0.5778112098320598,0.5,48.8125,1551.3125,2.692582403567252,39.15625,1921.34375
pg5_2__3,pg5_2,3,107.0,0.9668649325240696,68.0,12992.0,11.969169840744438,5.72966374732895,0.0293622269884191,47.4375,0.7107723165504213,0.7071067811865476,41.875,1210.75,3.0413812651491097,40.8125,2004.5625,107.0,0.9668649325240697,68.0,12992.0,11.969169840744438,5.72966374732895,0.02936222698841919,47.4375,0.7107723165504213,0.7071067811865476,41.875,1210.75,3.0413812651491097,40.8125,2004.5625
pg5_2__4,pg5_2,4,62.0,0.95900812749748,44.0,6756.0,6.919315453649621,9.195700035294871,0.0461184494517352,41.96875,1.0716715534174226,0.5,65.8125,1626.90625,6.020797289396148,38.875,2836.25,62.0,0.9590081274974799,44.0,6756.0,6.919315453649621,9.195700035294871,0.0461184494517352,41.96875,1.0716715534174226,0.5,65.8125,1626.90625,6.020797289396148,38.875,2836.25
pg5_2__5,pg5_2,5,178.0,0.95994573914897,89.0,26522.0,26.333756548926058,5.798760591899629,0.0394650266908623,67.375,1.0849294713581394,1.5,55.1875,1711.4375,4.716990566028302,42.0,3908.59375,178.0,0.9599457391489699,89.0,26522.0,26.333756548926058,5.798760591899629,0.039465026690862354,67.375,1.0849294713581394,1.5,55.1875,1711.4375,4.716990566028302,42.0,3908.59375
pg5_2__6,pg5_2,6,24.0,0.9764026489045984,53.0,3861.0,2.026592788218496,2.3072639409915667,0.0340896791329208,42.03125,0.5932405418748982,0.5,47.90625,1521.875,4.0,37.3125,2013.5625,24.0,0.9764026489045984,53.0,3861.0,2.026592788218496,2.3072639409915667,0.034089679132920804,42.03125,0.5932405418748982,0.5,47.90625,1521.875,4.0,37.3125,2013.5625
pg5_2__7,pg5_2,7,80.0,0.9743740308620396,48.0,8368.0,6.821066066920733,6.0370222093275885,0.0322296890281028,41.09375,0.57380711197547,0.5,44.0,1405.0625,3.5355339059327378,37.90625,1824.0,80.0,0.9743740308620397,48.0,8368.0,6.821066066920733,6.0370222093275885,0.032229689028102845,41.09375,0.57380711197547,0.5,44.0,1405.0625,3.5355339059327378,37.90625,1824.0
pg5_2__8,pg5_2,8,102.0,0.9683494933332744,76.0,14466.0,15.7325870353259,15.663999421695536,0.0355413045197236,49.5625,0.8964912582976706,0.5,49.78125,1412.09375,4.0,35.875,2592.5625,102.0,0.9683494933332745,76.0,14466.0,15.7325870353259,15.663999421695536,0.03554130451972367,49.5625,0.8964912582976706,0.5,49.78125,1412.09375,4.0,35.875,2592.5625
pg5_2__9,pg5_2,9,27.0,0.9586449397067608,155.0,11586.0,2.7051593537801506,16.947458081480264,0.0576207159300655,45.59375,1.3580981995288666,0.5,37.28125,1454.65625,9.17877987534291,43.25,1700.875,27.0,0.9586449397067609,155.0,11586.0,2.7051593537801506,16.947458081480264,0.05762071593006552,45.59375,1.3580981995288666,0.5,37.28125,1454.65625,9.17877987534291,43.25,1700.875
pg5_3__0,pg5_3,0,1.0,0.9986293859649122,0.0,40.0,0.252524715750843,0.0,0.0133590931261087,36.0,0.2538227693960667,0.0,40.0,1438.75,2.5,35.96875,1440.0,1.0,0.9986293859649122,0.0,40.0,0.252524715750843,0.0,0.013359093126108766,36.0,0.25382276939606674,0.0,40.0,1438.75,2.5,35.96875,1440.0
pg5_3__1,pg5_3,1,14.0,0.9877681875182504,9.0,984.0,1.9408157724194488,1.6295020290194124,0.0302460442317034,44.90625,0.5272919230341921,0.0,37.03125,1535.65625,4.47213595499958,44.625,1662.84375,14.0,0.9877681875182504,9.0,984.0,1.9408157724194486,1.6295020290194124,0.03024604423170341,44.90625,0.5272919230341921,0.0,37.03125,1535.65625,4.47213595499958,44.625,1662.84375
pg5_3__2,pg5_3,2,133.0,0.963950149465794,89.0,19695.0,12.880033379521311,11.355783584141736,0.0343258039610476,38.375,1.0011670806458486,0.5,46.0625,1421.71875,4.0,35.375,1783.0,133.0,0.963950149465794,89.0,19695.0,12.880033379521311,11.355783584141735,0.03432580396104768,38.375,1.0011670806458486,0.5,46.0625,1421.71875,4.0,35.375,1783.0
pg5_3__3,pg5_3,3,30.0,0.9765441714568022,116.0,8710.0,2.757399536762005,8.946208564400639,0.0262079636709903,42.59375,0.6294596636534062,0.5,53.75,1369.6875,3.1622776601683795,35.0625,2330.28125,30.0,0.9765441714568022,116.0,8710.0,2.757399536762005,8.946208564400639,0.02620796367099036,42.59375,0.6294596636534062,0.5,53.75,1369.6875,3.1622776601683795,35.0625,2330.28125
pg5_3__4,pg5_3,4,19.0,0.9892442145789891,15.0,1448.0,1.67386936918861,0.3713487351407809,0.0478394981673824,37.0,0.7656655706994345,0.0,35.03125,1223.1875,5.852349955359813,37.0625,1296.15625,19.0,0.9892442145789891,15.0,1448.0,1.67386936918861,0.3713487351407809,0.047839498167382456,37.0,0.7656655706994345,0.0,35.03125,1223.1875,5.852349955359813,37.0625,1296.15625
pg5_3__5,pg5_3,5,27.0,0.985080892252431,38.0,3366.0,2.883881269493095,2.5851941558550093,0.025465447854492,40.84375,0.4219438582698703,0.0,39.15625,1330.875,2.5,36.96875,1602.6875,27.0,0.985080892252431,38.0,3366.0,2.883881269493095,2.5851941558550093,0.025465447854492097,40.84375,0.4219438582698703,0.0,39.15625,1330.875,2.5,36.96875,1602.6875
pg5_3__6,pg5_3,6,19.0,0.9795991596831234,21.0,1860.0,5.149177518891178,1.6388023955100222,0.0523773178104309,38.15625,1.263873434413262,0.0,45.40625,1475.53125,11.543396380615196,37.34375,1732.5625,19.0,0.9795991596831234,21.0,1860.0,5.149177518891178,1.6388023955100222,0.05237731781043092,38.15625,1.263873434413262,0.0,45.40625,1475.53125,11.543396380615196,37.34375,1732.5625
pg5_3__7,pg5_3,7,20.0,0.9823975909698748,47.0,3621.0,1.4602465952827852,1.3382817269382474,0.0219373449259688,44.40625,0.3835158386707143,0.0,37.21875,1429.46875,1.5811388300841898,42.75,1655.6875,20.0,0.9823975909698747,47.0,3621.0,1.4602465952827852,1.3382817269382474,0.021937344925968855,44.40625,0.38351583867071437,0.0,37.21875,1429.46875,1.5811388300841898,42.75,1655.6875
pg5_3__8,pg5_3,8,32.0,0.9759792707211766,21.0,2623.0,4.047721234084893,2.2178490229154986,0.0378154318042707,37.96875,0.5684719683695977,0.5,43.53125,1526.8125,4.301162633521313,37.34375,1653.0,32.0,0.9759792707211766,21.0,2623.0,4.047721234084893,2.2178490229154986,0.03781543180427074,37.96875,0.5684719683695977,0.5,43.53125,1526.8125,4.301162633521313,37.34375,1653.0
pg5_3__9,pg5_3,9,79.0,0.9752023520056284,42.0,8010.0,6.982997129500877,4.4390991226035625,0.026053917412935,48.65625,0.6101759886265037,0.5,42.75,1596.21875,3.8078865529319534,43.78125,2088.0,79.0,0.9752023520056285,42.0,8010.0,6.982997129500877,4.4390991226035625,0.026053917412935095,48.65625,0.6101759886265037,0.5,42.75,1596.21875,3.8078865529319543,43.78125,2088.0
pg5_5__0,pg5_5,0,4.0,0.9927275740751108,1.0,155.0,0.8656111146261167,0.9281500038187208,0.0386178658452254,37.8125,0.6558513911338472,0.0,29.96875,1078.96875,6.324555320336759,36.1875,1133.1875,4.0,0.9927275740751108,1.0,155.0,0.8656111146261167,0.9281500038187208,0.038617865845225495,37.8125,0.6558513911338472,0.0,29.96875,1078.96875,6.324555320336759,36.1875,1133.1875
pg5_5__1,pg5_5,1,32.0,0.9640710068841392,94.0,7760.0,3.6963902790014704,8.676113733488078,0.0466236011738674,48.46875,0.8282440270440786,0.5,35.3125,1317.375,5.70087712549569,41.09375,1724.34375,32.0,0.9640710068841393,94.0,7760.0,3.6963902790014704,8.676113733488078,0.04662360117386743,48.46875,0.8282440270440786,0.5,35.3125,1317.375,5.70087712549569,41.09375,1724.34375
pg5_5__2,pg5_5,2,3.0,0.9897058733445436,0.0,96.0,1.3210365756405231,1.2408877132644185,0.0389924171545455,37.125,0.7479256743936312,0.0,32.0,1176.5625,7.071067811865476,36.625,1188.0,3.0,0.9897058733445435,0.0,96.0,1.3210365756405233,1.2408877132644185,0.03899241715454555,37.125,0.7479256743936312,0.0,32.0,1176.5625,7.0710678118654755,36.625,1188.0
pg5_5__3,pg5_5,3,8.0,0.9895944081604237,14.0,874.0,1.0622559549802275,1.0453120222854662,0.0341001489998313,33.0,0.5502372268963226,0.0,38.46875,1173.25,4.743416490252569,33.03125,1270.3125,8.0,0.9895944081604237,14.0,874.0,1.0622559549802275,1.0453120222854662,0.03410014899983136,33.0,0.5502372268963226,0.0,38.46875,1173.25,4.743416490252569,33.03125,1270.3125
pg5_5__4,pg5_5,4,8.0,0.9897041996176532,13.0,868.0,1.756786939480148,1.4097349165027795,0.0379275699428414,35.71875,0.7482408497437012,0.0,40.15625,1340.15625,7.071067811865476,35.15625,1435.84375,8.0,0.9897041996176533,13.0,868.0,1.756786939480148,1.4097349165027797,0.037927569942841424,35.71875,0.7482408497437012,0.0,40.15625,1340.15625,7.0710678118654755,35.15625,1435.84375
pg5_5__5,pg5_5,5,10.0,0.9856591932232832,14.0,1010.0,3.3894016231095723,2.74026164876809,0.0378962069791763,46.75,0.8106075614046413,0.0,36.0,1329.375,7.5,41.15625,1685.15625,10.0,0.9856591932232831,14.0,1010.0,3.3894016231095723,2.7402616487680906,0.037896206979176325,46.75,0.8106075614046413,0.0,36.0,1329.375,7.5,41.15625,1685.15625
pg5_5__6,pg5_5,6,35.0,0.975136336586746,62.0,5538.0,3.7570354168968954,6.928490856294324,0.0346411947350716,41.1875,0.636805543964816,0.5,44.34375,1362.1875,4.123105625617661,35.90625,1832.875,35.0,0.9751363365867461,62.0,5538.0,3.7570354168968945,6.928490856294324,0.03464119473507166,41.1875,0.636805543964816,0.5,44.34375,1362.1875,4.123105625617661,35.90625,1832.875
pg5_5__7,pg5_5,7,200.0,0.9637931249791488,90.0,28090.0,32.6207901929297,5.924575526975127,0.0358927183438881,77.40625,0.9456379476626144,1.5811388300841898,54.53125,1387.34375,5.0990195135927845,41.5625,4431.0625,200.0,0.9637931249791488,90.0,28090.0,32.6207901929297,5.924575526975127,0.0358927183438881,77.40625,0.9456379476626143,1.5811388300841898,54.53125,1387.34375,5.0990195135927845,41.5625,4431.0625
pg5_5__8,pg5_5,8,156.0,0.9585237460225264,146.0,33482.0,5.221479017378039,4.450194376941339,0.0330615286574297,56.53125,0.9655302920124774,0.7071067811865476,58.84375,1371.65625,4.527692569068709,38.21875,3606.21875,156.0,0.9585237460225263,146.0,33482.0,5.221479017378039,4.450194376941339,0.03306152865742972,56.53125,0.9655302920124774,0.7071067811865476,58.84375,1371.65625,4.527692569068709,38.21875,3606.21875
pg5_5__9,pg5_5,9,65.0,0.9645773679915828,123.0,14278.0,8.02888292322115,12.84644465980731,0.0410806662003096,39.40625,0.8678812548253421,0.5,54.15625,1271.0625,5.220153254455275,32.40625,2151.125,65.0,0.9645773679915829,123.0,14278.0,8.02888292322115,12.84644465980731,0.041080666200309625,39.40625,0.8678812548253421,0.5,54.15625,1271.0625,5.220153254455275,32.40625,2151.125
pg5_6__0,pg5_6,0,19.0,0.971616702563912,85.0,5623.0,1.6636952290859164,5.607603055765816,0.0353446428835273,46.6875,0.714788516951974,0.5,33.9375,1277.34375,4.47213595499958,40.0,1589.5,19.0,0.971616702563912,85.0,5623.0,1.6636952290859164,5.607603055765816,0.03534464288352734,46.6875,0.714788516951974,0.5,33.9375,1277.34375,4.47213595499958,40.0,1589.5
pg5_6__1,pg5_6,1,48.0,0.9821663756482932,4.0,1828.0,8.032459523350292,0.851155647851176,0.034307554293763,42.25,0.5308487384982566,0.0,31.5625,1195.53125,3.3541019662496847,39.8125,1333.46875,48.0,0.9821663756482932,4.0,1828.0,8.032459523350292,0.851155647851176,0.03430755429376309,42.25,0.5308487384982566,0.0,31.5625,1195.53125,3.3541019662496847,39.8125,1333.46875
pg5_6__2,pg5_6,2,0.0,0.9950207000806848,4.0,148.0,1.1844459065026862,0.4108865027500955,0.0178442490073421,37.0,0.3484526809099527,0.0,36.0,1308.40625,3.0,37.375,1332.0,0.0,0.9950207000806847,4.0,148.0,1.1844459065026862,0.4108865027500955,0.017844249007342192,37.0,0.34845268090995274,0.0,36.0,1308.40625,3.0,37.375,1332.0
pg5_6__3,pg5_6,3,40.0,0.9657983391982368,175.0,15025.0,7.646788643238601,22.623209259390585,0.0335334401761933,53.4375,0.94849728783329,0.7071067811865476,42.84375,1304.28125,4.123105625617661,40.15625,2351.03125,40.0,0.9657983391982367,175.0,15025.0,7.646788643238601,22.623209259390585,0.03353344017619335,53.4375,0.9484972878332899,0.7071067811865476,42.84375,1304.28125,4.123105625617661,40.15625,2351.03125
pg5_6__4,pg5_6,4,18.0,0.9768224835218372,20.0,1720.0,1.534386388052705,2.279259976154306,0.0404040742264172,43.28125,0.6760605435628216,0.25,33.5625,1348.09375,5.385164807134504,40.9375,1453.0625,18.0,0.9768224835218371,20.0,1720.0,1.5343863880527053,2.279259976154306,0.040404074226417244,43.28125,0.6760605435628216,0.25,33.5625,1348.09375,5.385164807134504,40.9375,1453.0625
pg5_6__5,pg5_6,5,113.0,0.9690110145934026,65.0,13253.0,13.380694703696586,3.985392874100498,0.0269142783892274,59.875,0.6519265316560282,0.5,40.53125,1351.46875,4.0,41.125,2488.90625,113.0,0.9690110145934026,65.0,13253.0,13.380694703696586,3.985392874100498,0.02691427838922743,59.875,0.6519265316560282,0.5,40.53125,1351.46875,4.0,41.125,2488.90625
pg5_6__6,pg5_6,6,61.0,0.9749426719696788,46.0,6537.0,7.182730289502276,3.0200819339669103,0.0269840261137492,52.46875,0.5276938435796747,0.5,35.15625,1445.625,2.23606797749979,43.96875,1866.03125,61.0,0.9749426719696789,46.0,6537.0,7.182730289502276,3.0200819339669103,0.026984026113749233,52.46875,0.5276938435796747,0.5,35.15625,1445.625,2.23606797749979,43.96875,1866.03125
pg5_6__7,pg5_6,7,99.0,0.964584867024976,98.0,16889.0,13.23265854638951,12.7453412702035,0.0589818886357162,55.34375,1.3497695276146626,1.0,60.78125,1384.25,12.041594578792296,42.03125,3486.40625,99.0,0.964584867024976,98.0,16889.0,13.23265854638951,12.7453412702035,0.058981888635716226,55.34375,1.3497695276146626,1.0,60.78125,1384.25,12.041594578792296,42.03125,3486.40625
pg5_6__8,pg5_6,8,85.0,0.9710171878760466,14.0,4414.0,1.8976914559941664,2.549593129281696,0.0424646311030828,40.09375,0.7037231363936148,0.0,35.25,1339.34375,4.47213595499958,39.03125,1413.75,85.0,0.9710171878760466,14.0,4414.0,1.8976914559941662,2.5495931292816962,0.042464631103082844,40.09375,0.7037231363936148,0.0,35.25,1339.34375,4.47213595499958,39.03125,1413.75
pg5_6__9,pg5_6,9,116.0,0.964428342777048,121.0,23294.0,16.944435084338046,5.796496609228833,0.0344800637376677,62.5625,0.8517356427599876,0.7071067811865476,42.34375,1669.4375,4.0,43.59375,2769.3125,116.0,0.964428342777048,121.0,23294.0,16.944435084338046,5.796496609228833,0.03448006373766775,62.5625,0.8517356427599876,0.7071067811865476,42.34375,1669.4375,4.0,43.59375,2769.3125
pg5_7__0,pg5_7,0,32.0,0.9744887888509434,139.0,11438.0,6.986184991956835,12.480764240766062,0.0314832636551523,52.8125,0.8107399360618408,0.6035533905932737,43.65625,1618.53125,4.5,43.4375,2349.46875,32.0,0.9744887888509434,139.0,11438.0,6.986184991956835,12.480764240766062,0.0314832636551523,52.8125,0.8107399360618408,0.6035533905932737,43.65625,1618.53125,4.5,43.4375,2349.46875
pg5_7__1,pg5_7,1,137.0,0.9612533655485876,88.0,20772.0,16.86887625413027,10.387824490776932,0.047072783365516,60.875,1.1083038650500758,1.118033988749895,46.6875,1901.25,7.905694150420948,49.125,2904.875,137.0,0.9612533655485876,88.0,20772.0,16.86887625413027,10.387824490776932,0.04707278336551606,60.875,1.1083038650500758,1.118033988749895,46.6875,1901.25,7.905694150420948,49.125,2904.875
pg5_7__2,pg5_7,2,36.0,0.9772424171700406,87.0,7923.0,4.641654549415096,3.927232954366423,0.0317986992844406,48.28125,0.5786074152396612,0.0,39.03125,1535.4375,2.9154759474226504,43.90625,1885.875,36.0,0.9772424171700406,87.0,7923.0,4.641654549415096,3.927232954366423,0.03179869928444069,48.28125,0.5786074152396612,0.0,39.03125,1535.4375,2.9154759474226504,43.90625,1885.875
pg5_7__3,pg5_7,3,51.0,0.9705380970915308,113.0,11893.0,3.5176173227471894,10.841795599956006,0.0351363048720192,40.84375,0.8070019327233143,0.5,44.21875,1528.8125,3.2015621187164243,39.53125,1808.125,51.0,0.9705380970915308,113.0,11893.0,3.5176173227471894,10.841795599956006,0.03513630487201922,40.84375,0.8070019327233143,0.5,44.21875,1528.8125,3.2015621187164243,39.53125,1808.125
pg5_7__4,pg5_7,4,0.0,0.9989366902399356,0.0,0.0,0.1010098863003372,0.2493481777824293,0.0080716382310018,39.0,0.1238584883301465,0.0,36.65625,1441.78125,1.118033988749895,39.0,1429.59375,0.0,0.9989366902399356,0.0,0.0,0.10100988630033723,0.24934817778242938,0.008071638231001842,39.0,0.12385848833014651,0.0,36.65625,1441.78125,1.118033988749895,39.0,1429.59375
pg5_7__5,pg5_7,5,94.0,0.9788693878029968,50.0,10140.0,8.4296838982177,4.539016155360622,0.0269834601022285,47.5,0.7629838470680781,0.0,42.28125,1802.21875,2.549509756796392,45.90625,2009.78125,94.0,0.9788693878029969,50.0,10140.0,8.4296838982177,4.539016155360622,0.02698346010222856,47.5,0.7629838470680781,0.0,42.28125,1802.21875,2.5495097567963922,45.90625,2009.78125
pg5_7__6,pg5_7,6,88.0,0.9770196412747352,45.0,9415.0,5.791181483406347,5.692131530116672,0.0235320004056233,45.96875,0.5815850060887131,0.5,50.28125,1902.21875,2.0,44.9375,2329.40625,88.0,0.9770196412747353,45.0,9415.0,5.791181483406347,5.692131530116672,0.023532000405623324,45.96875,0.5815850060887131,0.5,50.28125,1902.21875,2.0,44.9375,2329.40625
pg5_7__7,pg5_7,7,120.0,0.9742725104778556,37.0,10083.0,10.59888328650868,1.9631665095404165,0.0315623655086082,52.40625,0.6755951295702443,0.5,42.96875,1536.75,3.0413812651491097,41.75,2295.875,120.0,0.9742725104778556,37.0,10083.0,10.59888328650868,1.9631665095404165,0.031562365508608234,52.40625,0.6755951295702443,0.5,42.96875,1536.75,3.0413812651491097,41.75,2295.875
pg5_7__8,pg5_7,8,55.0,0.9818718180871836,34.0,5134.0,1.6548077763604918,5.058468852476001,0.0217811806823694,46.6875,0.4569877809355055,0.5,44.75,1635.6875,1.5811388300841898,44.5625,2102.65625,55.0,0.9818718180871837,34.0,5134.0,1.6548077763604918,5.058468852476001,0.02178118068236941,46.6875,0.4569877809355055,0.5,44.75,1635.6875,1.5811388300841898,44.5625,2102.65625
pg5_7__9,pg5_7,9,11.0,0.980681914686795,18.0,1416.0,4.046066701764575,2.2600491803940854,0.0282611551625039,44.3125,0.529134827710531,0.0,47.34375,1805.9375,2.549509756796392,41.6875,2100.3125,11.0,0.980681914686795,18.0,1416.0,4.046066701764575,2.2600491803940854,0.02826115516250391,44.3125,0.529134827710531,0.0,47.34375,1805.9375,2.5495097567963922,41.6875,2100.3125
pg5_8__0,pg5_8,0,0.0,0.9991319444444444,3.0,129.0,0.0,0.2461306471404808,0.0084607589798688,43.0,0.0507645538792133,0.0,33.65625,1419.0,0.5,43.0,1447.21875,0.0,0.9991319444444445,3.0,129.0,0.0,0.24613064714048086,0.008460758979868897,43.0,0.05076455387921335,0.0,33.65625,1419.0,0.5,43.0,1447.21875
pg5_8__1,pg5_8,1,8.0,0.9831399931206658,12.0,892.0,1.1197793688218158,5.397086912003653,0.0490001582994753,50.75,0.9581875344329096,0.0,32.15625,1471.0,8.631338250816034,45.96875,1632.6875,8.0,0.9831399931206658,12.0,892.0,1.1197793688218158,5.397086912003653,0.04900015829947536,50.75,0.9581875344329097,0.0,32.15625,1471.0,8.631338250816034,45.96875,1632.6875
pg5_8__2,pg5_8,2,58.0,0.971631211744428,35.0,5589.0,5.416983797818726,5.3294482253467,0.0312812428086684,67.75,0.5612986427959411,0.5,41.75,1620.6875,4.0,47.34375,2920.0,58.0,0.971631211744428,35.0,5589.0,5.416983797818726,5.3294482253467,0.03128124280866848,67.75,0.5612986427959411,0.5,41.75,1620.6875,4.0,47.34375,2920.0
pg5_8__3,pg5_8,3,6.0,0.9849206657822456,7.0,530.0,0.9310368581340732,2.2236757330023704,0.020646944146566,39.21875,0.3765077986285636,0.0,42.03125,1544.25,1.8027756377319943,40.03125,1645.84375,6.0,0.9849206657822457,7.0,530.0,0.9310368581340732,2.2236757330023704,0.020646944146566072,39.21875,0.37650779862856365,0.0,42.03125,1544.25,1.8027756377319946,40.03125,1645.84375
pg5_8__4,pg5_8,4,1.0,0.9941845135467172,6.0,276.0,0.8311605926080978,1.1099363778553246,0.0228001162667159,38.34375,0.4037548961617224,0.0,40.78125,1472.90625,3.0413812651491097,39.53125,1563.78125,1.0,0.9941845135467172,6.0,276.0,0.8311605926080978,1.1099363778553246,0.02280011626671594,38.34375,0.4037548961617224,0.0,40.78125,1472.90625,3.0413812651491097,39.53125,1563.78125
pg5_8__5,pg5_8,5,11.0,0.9882218058674974,6.0,674.0,1.7081077408688203,0.7191044961877611,0.0346379594535151,45.46875,0.5735974577164606,0.0,35.90625,1435.53125,4.949747468305833,40.75,1633.625,11.0,0.9882218058674974,6.0,674.0,1.7081077408688203,0.7191044961877611,0.03463795945351511,45.46875,0.5735974577164606,0.0,35.90625,1435.53125,4.949747468305833,40.75,1633.625
pg5_8__6,pg5_8,6,19.0,0.9833095225870468,23.0,2187.0,4.171017319789662,4.1012403216071815,0.0225203974535486,52.84375,0.4521652436764107,0.0,35.15625,1633.125,3.0413812651491097,48.125,1865.28125,19.0,0.9833095225870467,23.0,2187.0,4.171017319789662,4.1012403216071815,0.02252039745354867,52.84375,0.45216524367641076,0.0,35.15625,1633.125,3.0413812651491097,48.125,1865.28125
pg5_8__7,pg5_8,7,16.0,0.9867064518980196,7.0,950.0,2.9047752417384167,2.7258831488967106,0.0219924092823971,46.78125,0.4176454228057268,0.0,36.84375,1529.03125,2.0615528128088303,43.71875,1725.875,16.0,0.9867064518980196,7.0,950.0,2.9047752417384167,2.7258831488967106,0.02199240928239713,46.78125,0.4176454228057268,0.0,36.84375,1529.03125,2.0615528128088303,43.71875,1725.875
pg5_8__8,pg5_8,8,8.0,0.9904919303214876,7.0,637.0,1.1029241609243905,0.8220962709253455,0.0161550944816729,44.3125,0.2855922480808038,0.0,35.4375,1405.03125,1.5,40.21875,1572.0,8.0,0.9904919303214875,7.0,637.0,1.1029241609243905,0.8220962709253455,0.01615509448167293,44.3125,0.28559224808080386,0.0,35.4375,1405.03125,1.5,40.21875,1572.0
pg5_8__9,pg5_8,9,61.0,0.9813815406436124,16.0,3741.0,7.011450028471545,3.50882161128178,0.0216276104957538,55.625,0.4159498038042686,0.5,34.96875,1455.875,2.0615528128088303,43.34375,1968.53125,61.0,0.9813815406436124,16.0,3741.0,7.011450028471545,3.5088216112817796,0.021627610495753857,55.625,0.4159498038042686,0.5,34.96875,1455.875,2.0615528128088303,43.34375,1968.53125
pg6_10__0,pg6_10,0,104.0,0.9676716444348806,69.0,12885.0,8.742918425525163,9.009167990188573,0.0323850828697023,37.0,0.8193943390768558,0.5,41.90625,1144.875,2.549509756796392,33.34375,1562.40625,104.0,0.9676716444348806,69.0,12885.0,8.742918425525163,9.009167990188573,0.03238508286970235,37.0,0.8193943390768558,0.5,41.90625,1144.875,2.5495097567963922,33.34375,1562.40625
pg6_10__1,pg6_10,1,22.0,0.9768671031252124,48.0,3668.0,1.6888976834815728,2.972184794552748,0.0276665967879108,38.0,0.4695748602299386,0.5,41.0625,1356.625,2.549509756796392,36.34375,1565.625,22.0,0.9768671031252123,48.0,3668.0,1.6888976834815728,2.972184794552748,0.027666596787910863,38.0,0.46957486022993866,0.5,41.0625,1356.625,2.5495097567963922,36.34375,1565.625
pg6_10__2,pg6_10,2,50.0,0.9779912409863936,28.0,4248.0,3.2176098384655143,2.6201391435728048,0.0285124096515248,41.625,0.5406545014472436,0.5,37.125,1321.5625,2.5,39.84375,1557.4375,50.0,0.9779912409863935,28.0,4248.0,3.2176098384655143,2.6201391435728048,0.02851240965152483,41.625,0.5406545014472436,0.5,37.125,1321.5625,2.5,39.84375,1557.4375
pg6_10__3,pg6_10,3,110.0,0.9701671663206304,73.0,14655.0,11.361816335568566,8.840183643384442,0.0333668776606096,41.84375,0.7655702993165748,0.7071067811865476,55.75,1259.15625,3.640054944640259,34.03125,2395.78125,110.0,0.9701671663206305,73.0,14655.0,11.361816335568566,8.840183643384442,0.033366877660609674,41.84375,0.7655702993165748,0.7071067811865476,55.75,1259.15625,3.640054944640259,34.03125,2395.78125
pg6_10__4,pg6_10,4,15.0,0.9740945511655532,108.0,6096.0,2.706121746915603,14.751197641653029,0.0219182996910685,34.71875,0.463355889695664,0.5,52.5625,1243.75,1.5,35.46875,1853.28125,15.0,0.9740945511655532,108.0,6096.0,2.706121746915603,14.751197641653027,0.021918299691068524,34.71875,0.463355889695664,0.5,52.5625,1243.75,1.5,35.46875,1853.28125
pg6_10__5,pg6_10,5,14.0,0.9711653271286992,95.0,6324.0,2.8538086158127545,4.481033114636763,0.0401291323461903,42.09375,0.5465121089634231,0.5,36.125,1201.8125,3.3541019662496847,41.25,1525.46875,14.0,0.9711653271286993,95.0,6324.0,2.8538086158127545,4.481033114636763,0.04012913234619032,42.09375,0.5465121089634231,0.5,36.125,1201.8125,3.3541019662496847,41.25,1525.46875
pg6_10__6,pg6_10,6,28.0,0.971093887737502,39.0,3286.0,4.335912610464623,3.47409678853666,0.0280359342524105,32.625,0.4127482040446322,0.5,38.34375,1063.96875,2.1213203435596424,31.28125,1261.03125,28.0,0.9710938877375019,39.0,3286.0,4.335912610464623,3.47409678853666,0.028035934252410525,32.625,0.41274820404463225,0.5,38.34375,1063.96875,2.1213203435596424,31.28125,1261.03125
pg6_10__7,pg6_10,7,33.0,0.983517752871899,18.0,2367.0,1.1884769308828538,1.9911057411608737,0.0318377652018884,49.65625,0.3511399064535903,0.0,33.46875,1246.3125,1.4142135623730951,38.6875,1678.28125,33.0,0.983517752871899,18.0,2367.0,1.1884769308828538,1.9911057411608737,0.0318377652018884,49.65625,0.35113990645359033,0.0,33.46875,1246.3125,1.4142135623730951,38.6875,1678.28125
pg6_10__8,pg6_10,8,45.0,0.980364282306456,56.0,6190.0,2.3453438313647426,5.61152970203037,0.0240012552663255,35.8125,0.4900311815120248,0.0,44.6875,1354.28125,1.8027756377319943,35.0625,1602.3125,45.0,0.9803642823064559,56.0,6190.0,2.3453438313647426,5.61152970203037,0.024001255266325537,35.8125,0.49003118151202485,0.0,44.6875,1354.28125,1.8027756377319946,35.0625,1602.3125
pg6_10__9,pg6_10,9,20.0,0.978015994354982,52.0,3896.0,3.1411679217170603,3.959219260635729,0.027994699618379,44.75,0.4103923781768588,0.5,30.75,1269.1875,1.5811388300841898,42.53125,1377.40625,20.0,0.9780159943549819,52.0,3896.0,3.1411679217170603,3.959219260635729,0.027994699618379054,44.75,0.41039237817685886,0.5,30.75,1269.1875,1.5811388300841898,42.53125,1377.40625
pg6_11__0,pg6_11,0,19.0,0.973976835631236,61.0,3833.0,3.830822965284184,5.127231257899752,0.0429263027527041,36.125,0.8447388018979802,0.0,41.875,1208.40625,5.522680508593631,31.65625,1515.75,19.0,0.973976835631236,61.0,3833.0,3.8308229652841836,5.127231257899752,0.04292630275270419,36.125,0.8447388018979802,0.0,41.875,1208.40625,5.522680508593631,31.65625,1515.75
pg6_11__1,pg6_11,1,16.0,0.9898357796011132,12.0,1084.0,1.6489528782361935,1.070801075428834,0.0214093295809484,37.25,0.3209190879471891,0.0,31.25,1061.3125,2.0,36.0,1164.5,16.0,0.9898357796011131,12.0,1084.0,1.6489528782361935,1.070801075428834,0.021409329580948436,37.25,0.3209190879471891,0.0,31.25,1061.3125,2.0,36.0,1164.5
pg6_11__2,pg6_11,2,6.0,0.9856738459216198,4.0,388.0,0.9968331191345672,2.436252835311646,0.0320960457334673,39.65625,0.5122644897948089,0.0,38.25,1365.0,3.605551275463989,37.75,1517.0,6.0,0.9856738459216198,4.0,388.0,0.9968331191345671,2.436252835311646,0.03209604573346738,39.65625,0.5122644897948089,0.0,38.25,1365.0,3.605551275463989,37.75,1517.0
pg6_11__3,pg6_11,3,112.0,0.9679527289061484,56.0,12264.0,4.531951023885778,3.925195963800445,0.0452786759826938,34.5625,0.9846955103030344,0.0,37.4375,1260.0,4.47213595499958,35.0,1293.8125,112.0,0.9679527289061484,56.0,12264.0,4.531951023885778,3.925195963800445,0.04527867598269383,34.5625,0.9846955103030344,0.0,37.4375,1260.0,4.47213595499958,35.0,1293.8125
pg6_11__4,pg6_11,4,6.0,0.9915217973564244,3.0,351.0,0.7216126647455262,0.7466935654528586,0.0267194762498389,37.25,0.4787061100106277,0.0,41.15625,1331.90625,4.0,33.84375,1533.78125,6.0,0.9915217973564245,3.0,351.0,0.7216126647455262,0.7466935654528586,0.02671947624983891,37.25,0.4787061100106277,0.0,41.15625,1331.90625,4.0,33.84375,1533.78125
pg6_11__5,pg6_11,5,-2.0,0.995575016750216,-3.0,-166.0,0.2020197726006744,0.4486017056089603,0.0321093382589073,32.625,0.4563496209786779,0.0,32.9375,1190.0,4.47213595499958,34.0,1075.875,-2.0,0.995575016750216,-3.0,-166.0,0.20201977260067447,0.4486017056089603,0.032109338258907334,32.625,0.45634962097867793,0.0,32.9375,1190.0,4.47213595499958,34.0,1075.875
pg6_11__6,pg6_11,6,101.0,0.96020448672777,149.0,24842.0,12.317950544724416,15.97368205642618,0.0302514268889258,48.78125,0.918650041583681,0.7071067811865476,49.5625,1409.625,2.9154759474226504,40.5625,2487.75,101.0,0.9602044867277701,149.0,24842.0,12.317950544724416,15.97368205642618,0.030251426888925806,48.78125,0.918650041583681,0.7071067811865476,49.5625,1409.625,2.9154759474226504,40.5625,2487.75
pg6_11__7,pg6_11,7,1.0,0.9926925401818018,2.0,109.0,1.7241170045017336,0.4935550187045701,0.0311809946124197,33.90625,0.4879209949442584,0.0,35.78125,1246.09375,4.272001872658765,34.8125,1213.65625,1.0,0.9926925401818018,2.0,109.0,1.7241170045017336,0.4935550187045701,0.031180994612419743,33.90625,0.48792099494425845,0.0,35.78125,1246.09375,4.272001872658765,34.8125,1213.65625
pg6_11__8,pg6_11,8,3.0,0.989406346353658,9.0,477.0,1.6020565484395102,1.0490418931637089,0.0257471600460992,38.15625,0.38873934604359,0.0,33.46875,1192.96875,2.8284271247461903,39.6875,1277.21875,3.0,0.9894063463536581,9.0,477.0,1.6020565484395102,1.0490418931637089,0.025747160046099234,38.15625,0.38873934604359,0.0,33.46875,1192.96875,2.8284271247461903,39.6875,1277.21875
pg6_11__9,pg6_11,9,38.0,0.9629330940324742,193.0,16153.0,2.3473708391560875,6.421186799901268,0.0289664434514152,47.8125,0.5085818152671586,0.5,42.78125,1265.34375,2.8284271247461903,37.59375,2090.09375,38.0,0.9629330940324742,193.0,16153.0,2.3473708391560875,6.4211867999012675,0.02896644345141521,47.8125,0.5085818152671586,0.5,42.78125,1265.34375,2.8284271247461903,37.59375,2090.09375
pg6_12__0,pg6_12,0,175.0,0.9674193389225664,40.0,14890.0,12.37597413907964,1.817593311456036,0.0265715507289074,50.0625,0.662244246217366,0.5,55.75,1218.90625,2.5,32.75,2945.125,175.0,0.9674193389225664,40.0,14890.0,12.375974139079641,1.8175933114560359,0.026571550728907416,50.0625,0.662244246217366,0.5,55.75,1218.90625,2.5,32.75,2945.125
pg6_12__1,pg6_12,1,109.0,0.961490081234592,126.0,22303.0,8.08659885814617,11.528036773095996,0.0338372515503767,42.75,0.7513595196159186,0.7071067811865476,61.90625,1249.625,3.1622776601683795,34.90625,2779.34375,109.0,0.961490081234592,126.0,22303.0,8.08659885814617,11.528036773095996,0.03383725155037679,42.75,0.7513595196159186,0.7071067811865476,61.90625,1249.625,3.1622776601683795,34.90625,2779.34375
pg6_12__2,pg6_12,2,64.0,0.969370233020337,45.0,6799.0,2.150133403509079,2.915485060947844,0.0396286167585969,43.34375,0.6160794714258706,0.5,32.21875,1204.15625,4.949747468305833,40.09375,1403.90625,64.0,0.969370233020337,45.0,6799.0,2.150133403509079,2.915485060947844,0.03962861675859697,43.34375,0.6160794714258706,0.5,32.21875,1204.15625,4.949747468305833,40.09375,1403.90625
pg6_12__3,pg6_12,3,12.0,0.964588644621978,128.0,6644.0,3.046352503802846,13.30236910105535,0.0321765912013811,43.4375,0.613875607232565,1.0,41.0625,1235.65625,2.0615528128088303,39.65625,1788.46875,12.0,0.964588644621978,128.0,6644.0,3.046352503802846,13.30236910105535,0.03217659120138115,43.4375,0.613875607232565,1.0,41.0625,1235.65625,2.0615528128088303,39.65625,1788.46875
pg6_12__4,pg6_12,4,83.0,0.9735035971977096,17.0,4730.0,7.00326738496087,5.830523542757966,0.0629210571329829,43.5,1.4032996802198985,0.5,30.625,1241.15625,12.349089035228468,39.71875,1332.09375,83.0,0.9735035971977096,17.0,4730.0,7.00326738496087,5.830523542757966,0.06292105713298295,43.5,1.4032996802198983,0.5,30.625,1241.15625,12.349089035228468,39.71875,1332.09375
pg6_12__5,pg6_12,5,153.0,0.9646428122136796,58.0,16085.0,9.725660857532525,5.10985181874414,0.0358050242115264,65.25,0.7007810014958052,0.7071067811865476,41.25,1161.09375,4.0,32.8125,2750.875,153.0,0.9646428122136795,58.0,16085.0,9.725660857532523,5.10985181874414,0.03580502421152645,65.25,0.7007810014958052,0.7071067811865476,41.25,1161.09375,4.0,32.8125,2750.875
pg6_12__6,pg6_12,6,2.0,0.9954436966318786,0.0,68.0,0.681270935981723,0.5741814563152298,0.0206653451951698,31.0,0.3305548260963007,0.0,34.0,1000.375,3.0,29.78125,1054.0,2.0,0.9954436966318786,0.0,68.0,0.681270935981723,0.5741814563152298,0.020665345195169826,31.0,0.33055482609630077,0.0,34.0,1000.375,3.0,29.78125,1054.0
pg6_12__7,pg6_12,7,188.0,0.9616922215038044,42.0,15862.0,12.569257598680837,4.123756443052314,0.0395770909173012,48.0625,0.755608557935987,0.7071067811865476,45.84375,1146.0625,3.3541019662496847,32.71875,2242.625,188.0,0.9616922215038043,42.0,15862.0,12.569257598680837,4.123756443052314,0.03957709091730129,48.0625,0.755608557935987,0.7071067811865476,45.84375,1146.0625,3.3541019662496847,32.71875,2242.625
pg6_12__8,pg6_12,8,108.0,0.9626846748675256,94.0,16212.0,6.506110342004358,6.602579714005424,0.0388205478557026,43.84375,0.7915675743368095,0.5,39.9375,997.46875,3.640054944640259,32.21875,1770.5,108.0,0.9626846748675256,94.0,16212.0,6.506110342004358,6.602579714005424,0.03882054785570262,43.84375,0.7915675743368095,0.5,39.9375,997.46875,3.640054944640259,32.21875,1770.5
pg6_12__9,pg6_12,9,179.0,0.9598055066385176,42.0,14084.0,24.33265208058812,4.45676315325708,0.0437271430449222,48.09375,1.0302190420592476,1.0,35.71875,966.375,3.640054944640259,34.96875,1773.875,179.0,0.9598055066385177,42.0,14084.0,24.332652080588122,4.45676315325708,0.0437271430449222,48.09375,1.0302190420592476,1.0,35.71875,966.375,3.640054944640259,34.96875,1773.875
pg6_1__0,pg6_1,0,-3.0,0.9955149955149954,0.0,-111.0,0.1585418195796876,0.5264802199919052,0.0278890128315488,36.0,0.5134634828922978,0.0,37.0,1332.0,5.0,36.0,1332.0,-3.0,0.9955149955149954,0.0,-111.0,0.1585418195796876,0.5264802199919052,0.027889012831548838,36.0,0.5134634828922978,0.0,37.0,1332.0,5.0,36.0,1332.0
pg6_1__1,pg6_1,1,85.0,0.9649854198817408,164.0,23226.0,11.858919321672891,14.80389397633536,0.0451546182532177,50.03125,0.9931835600039126,0.8535533905932737,59.15625,1413.78125,7.211102550927978,40.0,3074.96875,85.0,0.9649854198817408,164.0,23226.0,11.858919321672891,14.803893976335361,0.04515461825321779,50.03125,0.9931835600039126,0.8535533905932737,59.15625,1413.78125,7.211102550927978,40.0,3074.96875
pg6_1__2,pg6_1,2,138.0,0.9617466351422218,112.0,25300.0,11.077179267339586,6.739670517010577,0.0387227816372006,65.53125,0.7945782135970819,0.5,65.3125,1399.1875,4.743416490252569,43.09375,4642.71875,138.0,0.9617466351422218,112.0,25300.0,11.077179267339586,6.739670517010577,0.038722781637200665,65.53125,0.7945782135970819,0.5,65.3125,1399.1875,4.743416490252569,43.09375,4642.71875
pg6_1__3,pg6_1,3,238.0,0.96444520992759,44.0,20324.0,34.43001870014937,6.475868200886705,0.0468010010114457,93.75,1.148661140798556,0.8535533905932737,44.5,1464.65625,6.082762530298219,42.0,4440.84375,238.0,0.9644452099275899,44.0,20324.0,34.43001870014937,6.475868200886705,0.04680100101144573,93.75,1.148661140798556,0.8535533905932737,44.5,1464.65625,6.082762530298219,42.0,4440.84375
pg6_1__4,pg6_1,4,46.0,0.9681875022719222,171.0,16020.0,7.681830630832128,19.062664114484967,0.0509649617291511,46.90625,1.1560011520107438,0.7071067811865476,60.125,1433.25,7.905694150420948,39.8125,2940.03125,46.0,0.9681875022719222,171.0,16020.0,7.681830630832128,19.062664114484967,0.050964961729151104,46.90625,1.1560011520107438,0.7071067811865476,60.125,1433.25,7.905694150420948,39.8125,2940.03125
pg6_1__5,pg6_1,5,19.0,0.9751607331658162,120.0,7404.0,4.742419316278386,7.854418549001939,0.0259432262950163,48.3125,0.5823122328328565,0.5,44.09375,1439.03125,2.5,38.25,2150.46875,19.0,0.9751607331658162,120.0,7404.0,4.742419316278386,7.854418549001939,0.02594322629501631,48.3125,0.5823122328328565,0.5,44.09375,1439.03125,2.5,38.25,2150.46875
pg6_1__6,pg6_1,6,123.0,0.968108878833223,57.0,13983.0,16.241228409997287,4.643428748804342,0.0375322627793021,44.15625,0.896829514326247,0.5,51.25,1463.53125,4.47213595499958,36.21875,2334.0,123.0,0.968108878833223,57.0,13983.0,16.241228409997287,4.643428748804342,0.037532262779302196,44.15625,0.896829514326247,0.5,51.25,1463.53125,4.47213595499958,36.21875,2334.0
pg6_1__7,pg6_1,7,157.0,0.9601560991445632,110.0,27086.0,24.705159027200207,8.619987056367908,0.038038532944722,56.6875,1.3491856997757627,0.8090169943749475,54.125,1469.75,6.020797289396148,37.125,3148.5,157.0,0.9601560991445632,110.0,27086.0,24.705159027200207,8.619987056367908,0.03803853294472203,56.6875,1.3491856997757627,0.8090169943749475,54.125,1469.75,6.020797289396148,37.125,3148.5
pg6_1__8,pg6_1,8,160.0,0.9455378182992707,208.0,46688.0,14.112347750036545,25.30625152497075,0.0491475466426898,48.90625,1.2442459028705946,1.118033988749895,69.4375,1499.5625,4.031128874149275,37.5625,3558.4375,160.0,0.9455378182992709,208.0,46688.0,14.112347750036545,25.30625152497075,0.04914754664268983,48.90625,1.2442459028705946,1.118033988749895,69.4375,1499.5625,4.031128874149275,37.5625,3558.4375
pg6_1__9,pg6_1,9,84.0,0.9682768352134188,72.0,11988.0,11.432106535382136,10.481289221428089,0.0403068853745249,55.40625,0.8111556954318304,0.5,54.21875,1524.125,5.5901699437494745,37.5625,3167.59375,84.0,0.9682768352134189,72.0,11988.0,11.432106535382136,10.481289221428087,0.040306885374524946,55.40625,0.8111556954318304,0.5,54.21875,1524.125,5.5901699437494745,37.5625,3167.59375
pg6_2__0,pg6_2,0,0.0,0.9972587719298244,0.0,0.0,0.0,0.5050494315016865,0.0267181862522175,36.0,0.5076455387921335,0.0,33.0,1188.0,5.0,36.0,1188.0,0.0,0.9972587719298245,0.0,0.0,0.0,0.5050494315016865,0.026718186252217543,36.0,0.5076455387921335,0.0,33.0,1188.0,5.0,36.0,1188.0
pg6_2__1,pg6_2,1,18.0,0.9819894192837924,27.0,2079.0,4.125463545261288,1.3950324087292876,0.0353211132092225,36.53125,0.7575312053407742,0.0,44.3125,1284.1875,7.0,33.03125,1623.3125,18.0,0.9819894192837925,27.0,2079.0,4.1254635452612884,1.3950324087292876,0.03532111320922253,36.53125,0.7575312053407742,0.0,44.3125,1284.1875,7.0,33.03125,1623.3125
pg6_2__2,pg6_2,2,50.0,0.969791939747448,89.0,10511.0,2.89476936194186,5.831507794252411,0.0464427816393328,49.78125,1.0185832574189684,0.5,39.5625,1447.25,6.18465843842649,42.5625,1979.65625,50.0,0.969791939747448,89.0,10511.0,2.89476936194186,5.831507794252411,0.046442781639332895,49.78125,1.0185832574189684,0.5,39.5625,1447.25,6.18465843842649,42.5625,1979.65625
pg6_2__3,pg6_2,3,32.0,0.9727016045816448,96.0,7072.0,1.2933522812003757,10.124981548382474,0.0406683763451583,31.3125,0.750478651397077,0.5,41.03125,1087.46875,5.385164807134504,30.28125,1283.96875,32.0,0.9727016045816449,96.0,7072.0,1.2933522812003755,10.124981548382474,0.04066837634515835,31.3125,0.750478651397077,0.5,41.03125,1087.46875,5.385164807134504,30.28125,1283.96875
pg6_2__4,pg6_2,4,8.0,0.9745871464649308,63.0,2942.0,2.789045650459015,8.209723761917788,0.031213793148771,31.5,0.5858838718864787,0.5,40.46875,1255.46875,3.0,33.46875,1275.125,8.0,0.9745871464649308,63.0,2942.0,2.789045650459015,8.209723761917788,0.031213793148771096,31.5,0.5858838718864787,0.5,40.46875,1255.46875,3.0,33.46875,1275.125
pg6_2__5,pg6_2,5,100.0,0.9675897214332996,50.0,10450.0,11.42253619321663,6.658054095963495,0.0277678344622591,49.9375,0.6309109676300645,0.5,36.53125,1395.6875,2.0,41.96875,1845.53125,100.0,0.9675897214332996,50.0,10450.0,11.42253619321663,6.658054095963495,0.027767834462259177,49.9375,0.6309109676300645,0.5,36.53125,1395.6875,2.0,41.96875,1845.53125
pg6_2__6,pg6_2,6,28.0,0.9741625058602807,56.0,4844.0,3.612876265111211,2.586755921264148,0.0335194530352938,43.90625,0.6282529320239123,0.5,39.25,1435.71875,3.605551275463989,40.9375,1724.65625,28.0,0.9741625058602809,56.0,4844.0,3.612876265111211,2.586755921264148,0.033519453035293884,43.90625,0.6282529320239123,0.5,39.25,1435.71875,3.605551275463989,40.9375,1724.65625
pg6_2__7,pg6_2,7,60.0,0.9649302507094482,149.0,16671.0,6.9231198669153615,13.101006022645707,0.0338423514978944,49.0,0.7424450654169527,0.7071067811865476,47.96875,1264.75,4.123105625617661,39.40625,2450.65625,60.0,0.9649302507094482,149.0,16671.0,6.9231198669153615,13.101006022645707,0.033842351497894406,49.0,0.7424450654169527,0.7071067811865476,47.96875,1264.75,4.123105625617661,39.40625,2450.65625
pg6_2__8,pg6_2,8,8.0,0.9919069900688524,3.0,444.0,0.8815789369323233,0.8890519860763046,0.0216279511664473,37.3125,0.3971848115571571,0.0,38.09375,1367.09375,3.0,35.59375,1421.4375,8.0,0.9919069900688525,3.0,444.0,0.8815789369323233,0.8890519860763046,0.02162795116644739,37.3125,0.3971848115571571,0.0,38.09375,1367.09375,3.0,35.59375,1421.4375
pg6_2__9,pg6_2,9,69.0,0.97661001632915,35.0,6611.0,5.698770081715484,4.133249278890087,0.0315674322238069,45.09375,0.6765179228830086,0.5,49.25,1650.375,5.0990195135927845,42.1875,2251.09375,69.0,0.97661001632915,35.0,6611.0,5.698770081715484,4.133249278890087,0.03156743222380693,45.09375,0.6765179228830086,0.5,49.25,1650.375,5.0990195135927845,42.1875,2251.09375
pg6_3__0,pg6_3,0,0.0,0.9955112051022784,-1.0,-32.0,0.6343348479552644,0.5952659807526618,0.0268511028128889,32.1875,0.4803078989591264,0.0,37.75,1221.5,4.609772228646444,32.25,1214.9375,0.0,0.9955112051022783,-1.0,-32.0,0.6343348479552644,0.5952659807526618,0.026851102812888952,32.1875,0.4803078989591264,0.0,37.75,1221.5,4.6097722286464435,32.25,1214.9375
pg6_3__1,pg6_3,1,0.0,0.995815527065527,0.0,0.0,0.4040395452013489,0.505049431501686,0.0407851971337269,34.0,0.6501034906929134,0.0,33.0,1122.0,6.4031242374328485,34.0,1122.0,0.0,0.995815527065527,0.0,0.0,0.40403954520134894,0.505049431501686,0.04078519713372695,34.0,0.6501034906929134,0.0,33.0,1122.0,6.4031242374328485,34.0,1122.0
pg6_3__2,pg6_3,2,17.0,0.9779192873695086,17.0,1462.0,2.3938512832703567,2.2958348567452047,0.0459937290577129,37.84375,0.7721033317883297,0.0,29.375,1178.0,6.082762530298219,38.0,1112.46875,17.0,0.9779192873695086,17.0,1462.0,2.3938512832703567,2.2958348567452047,0.04599372905771292,37.84375,0.7721033317883297,0.0,29.375,1178.0,6.082762530298219,38.0,1112.46875
pg6_3__3,pg6_3,3,200.0,0.9564581343871744,34.0,14994.0,25.76586287433117,4.574695077439194,0.0701434846881706,53.6875,1.715217133319078,1.0590169943749477,38.8125,1348.96875,14.317821063276352,40.6875,2186.75,200.0,0.9564581343871744,34.0,14994.0,25.765862874331166,4.574695077439194,0.07014348468817068,53.6875,1.715217133319078,1.0590169943749475,38.8125,1348.96875,14.317821063276353,40.6875,2186.75
pg6_3__4,pg6_3,4,43.0,0.9821356436571416,26.0,3724.0,2.599083367283616,3.831287644150768,0.0286909832150457,45.53125,0.4904615402677307,0.0,36.90625,1465.625,3.0413812651491097,43.1875,1681.0,43.0,0.9821356436571417,26.0,3724.0,2.5990833672836158,3.831287644150768,0.028690983215045738,45.53125,0.4904615402677307,0.0,36.90625,1465.625,3.0413812651491097,43.1875,1681.0
pg6_3__5,pg6_3,5,11.0,0.987295683036858,28.0,1656.0,1.274207620047093,3.082620759886399,0.0333190487406844,36.3125,0.5764309445192244,0.0,38.625,1258.875,5.220153254455275,34.96875,1404.78125,11.0,0.9872956830368581,28.0,1656.0,1.2742076200470933,3.082620759886399,0.0333190487406844,36.3125,0.5764309445192244,0.0,38.625,1258.875,5.220153254455275,34.96875,1404.78125
pg6_3__6,pg6_3,6,6.0,0.9869684474427686,23.0,1217.0,1.248997897816964,3.946515095725149,0.0322569265907213,36.84375,0.551253509363665,0.0,35.875,1370.15625,4.924428900898052,37.0,1321.875,6.0,0.9869684474427686,23.0,1217.0,1.248997897816964,3.946515095725149,0.03225692659072134,36.84375,0.551253509363665,0.0,35.875,1370.15625,4.924428900898052,37.0,1321.875
pg6_3__7,pg6_3,7,228.0,0.9556328967001088,117.0,38079.0,33.27474223210816,5.613641091916478,0.066850526362018,71.84375,1.5603091309118688,1.540569415042095,35.4375,1401.0,10.51189802081432,43.84375,2658.78125,228.0,0.9556328967001088,117.0,38079.0,33.27474223210816,5.613641091916478,0.06685052636201803,71.84375,1.5603091309118688,1.540569415042095,35.4375,1401.0,10.51189802081432,43.84375,2658.78125
pg6_3__8,pg6_3,8,41.0,0.9676372889233844,157.0,14937.0,7.692963521671951,19.163039284242373,0.0380490879593359,50.375,0.793850768220328,0.7071067811865476,62.46875,1527.5625,4.609772228646444,44.03125,3247.15625,41.0,0.9676372889233843,157.0,14937.0,7.692963521671951,19.163039284242373,0.03804908795933594,50.375,0.793850768220328,0.7071067811865476,62.46875,1527.5625,4.6097722286464435,44.03125,3247.15625
pg6_3__9,pg6_3,9,9.0,0.9852973354293356,23.0,1345.0,2.1262746016405,0.9950456504753528,0.0302686411389572,38.09375,0.5367197362638991,0.0,44.65625,1458.34375,4.527692569068709,36.34375,1701.3125,9.0,0.9852973354293356,23.0,1345.0,2.1262746016404996,0.9950456504753529,0.03026864113895722,38.09375,0.5367197362638991,0.0,44.65625,1458.34375,4.527692569068709,36.34375,1701.3125
pg6_4__0,pg6_4,0,3.0,0.9949641638466185,0.0,99.0,0.654253478390913,0.4337254426384049,0.0374829966683668,34.0,0.5564265679639282,0.0,33.0,1054.5,5.408326913195984,32.21875,1122.0,3.0,0.9949641638466183,0.0,99.0,0.654253478390913,0.4337254426384049,0.03748299666836684,34.0,0.5564265679639282,0.0,33.0,1054.5,5.408326913195984,32.21875,1122.0
pg6_4__1,pg6_4,1,95.0,0.9717217248783792,23.0,6122.0,11.306169633537968,5.717593993220811,0.0627961910674734,42.75,1.258002840464436,0.0,35.15625,1248.0,8.06225774829855,39.0,1509.375,95.0,0.9717217248783792,23.0,6122.0,11.306169633537968,5.717593993220811,0.06279619106747349,42.75,1.258002840464436,0.0,35.15625,1248.0,8.06225774829855,39.0,1509.375
pg6_4__2,pg6_4,2,35.0,0.965073270895362,150.0,12130.0,9.076802938164745,12.014111605537702,0.0569003656255573,45.875,1.0467802382055382,0.7071067811865476,70.3125,1585.34375,8.276472678623424,39.125,3302.65625,35.0,0.9650732708953619,150.0,12130.0,9.076802938164745,12.014111605537702,0.05690036562555737,45.875,1.0467802382055382,0.7071067811865476,70.3125,1585.34375,8.276472678623424,39.125,3302.65625
pg6_4__3,pg6_4,3,99.0,0.9685914782460282,71.0,13532.0,3.681235288750574,2.198971730439522,0.0419405323355066,37.5625,0.71840613877814,0.5,45.40625,1526.25,5.830951894845301,40.0,1721.5625,99.0,0.9685914782460282,71.0,13532.0,3.681235288750574,2.198971730439522,0.041940532335506674,37.5625,0.71840613877814,0.5,45.40625,1526.25,5.830951894845301,40.0,1721.5625
pg6_4__4,pg6_4,4,193.0,0.9632353941219324,70.0,24259.0,29.87578795479483,12.806978780912344,0.046059284140347,45.15625,1.1407462078750086,1.4142135623730951,60.0625,1348.78125,6.519202405202649,33.34375,2899.5625,193.0,0.9632353941219325,70.0,24259.0,29.87578795479483,12.806978780912345,0.04605928414034707,45.15625,1.1407462078750086,1.4142135623730951,60.0625,1348.78125,6.519202405202649,33.34375,2899.5625
pg6_4__5,pg6_4,5,19.0,0.9820805378338768,36.0,2645.0,2.5170478366296973,3.8345596070693606,0.0400621374340208,36.875,0.6479765736322218,0.0,42.875,1297.375,5.830951894845301,35.1875,1579.90625,19.0,0.9820805378338768,36.0,2645.0,2.5170478366296973,3.8345596070693606,0.04006213743402084,36.875,0.6479765736322218,0.0,42.875,1297.375,5.830951894845301,35.1875,1579.90625
pg6_4__6,pg6_4,6,5.0,0.9903441142671264,13.0,615.0,0.551088546841406,2.3152422069359297,0.0421934942807029,32.34375,0.6339729960527349,0.0,36.75,989.0625,6.020797289396148,30.0,1190.53125,5.0,0.9903441142671263,13.0,615.0,0.551088546841406,2.3152422069359297,0.04219349428070299,32.34375,0.6339729960527349,0.0,36.75,989.0625,6.020797289396148,30.0,1190.53125
pg6_4__7,pg6_4,7,26.0,0.971704908601618,39.0,3406.0,4.226037144393857,2.1738159095148752,0.0486074761379963,39.25,0.8075393755033379,0.5,42.375,1265.71875,6.363961030678928,36.0625,1667.25,26.0,0.971704908601618,39.0,3406.0,4.226037144393857,2.1738159095148752,0.04860747613799632,39.25,0.8075393755033379,0.5,42.375,1265.71875,6.363961030678928,36.0625,1667.25
pg6_4__8,pg6_4,8,108.0,0.9721027184326032,19.0,6535.0,8.018395393266072,3.866494811001145,0.0469206993018307,47.53125,0.8374855274760087,0.5,34.03125,1307.25,7.211102550927978,39.4375,1637.53125,108.0,0.9721027184326031,19.0,6535.0,8.018395393266072,3.866494811001145,0.04692069930183079,47.53125,0.8374855274760087,0.5,34.03125,1307.25,7.211102550927978,39.4375,1637.53125
pg6_4__9,pg6_4,9,116.0,0.9676054732998364,124.0,24132.0,14.331814008081771,19.464437624101336,0.0381146848295993,47.4375,1.2400442997625063,0.5,46.03125,1564.53125,6.324555320336759,42.375,2213.53125,116.0,0.9676054732998365,124.0,24132.0,14.331814008081771,19.464437624101336,0.03811468482959935,47.4375,1.2400442997625065,0.5,46.03125,1564.53125,6.324555320336759,42.375,2213.53125
pg6_5__0,pg6_5,0,0.0,0.9975448455949136,0.0,0.0,0.2020197726006744,0.3030296589010118,0.0239298850711278,35.0,0.3660684039751163,0.0,37.0,1295.0,3.605551275463989,35.0,1295.0,0.0,0.9975448455949136,0.0,0.0,0.20201977260067447,0.30302965890101186,0.023929885071127813,35.0,0.36606840397511636,0.0,37.0,1295.0,3.605551275463989,35.0,1295.0
pg6_5__1,pg6_5,1,0.0,0.9993489583333334,0.0,0.0,0.0,0.1010098863003372,0.0063455692349016,37.0,0.1015291077584267,0.0,31.0,1147.0,1.0,37.0,1147.0,0.0,0.9993489583333334,0.0,0.0,0.0,0.10100988630033723,0.006345569234901669,37.0,0.1015291077584267,0.0,31.0,1147.0,1.0,37.0,1147.0
pg6_5__10,pg6_5,10,181.0,0.959190498062456,106.0,29324.0,22.28013942068031,14.17193400583811,0.0470217891656661,52.3125,1.1794352829751666,1.266123775561495,65.96875,1262.0625,6.670832032063167,40.8125,3681.96875,181.0,0.959190498062456,106.0,29324.0,22.28013942068031,14.17193400583811,0.04702178916566612,52.3125,1.1794352829751666,1.266123775561495,65.96875,1262.0625,6.670832032063167,40.8125,3681.96875
pg6_5__2,pg6_5,2,59.0,0.965895447169174,170.0,18097.0,9.804264636319546,20.767256320038392,0.0401473489160185,45.8125,1.0087338741405816,1.0,43.28125,1172.75,4.716990566028302,35.3125,2087.09375,59.0,0.965895447169174,170.0,18097.0,9.804264636319546,20.767256320038392,0.04014734891601854,45.8125,1.0087338741405816,1.0,43.28125,1172.75,4.716990566028302,35.3125,2087.09375
pg6_5__3,pg6_5,3,176.0,0.954286669990028,141.0,35877.0,29.673979565223902,10.160307696210117,0.0435292514002394,76.84375,1.055321445642388,1.540569415042095,52.125,1242.21875,3.5,41.125,4451.375,176.0,0.954286669990028,141.0,35877.0,29.673979565223906,10.160307696210115,0.043529251400239444,76.84375,1.055321445642388,1.540569415042095,52.125,1242.21875,3.5,41.125,4451.375
pg6_5__4,pg6_5,4,153.0,0.9664023444031384,33.0,11679.0,13.834978566956105,2.677278104073459,0.0306488990664747,56.625,0.6441332803201847,0.8535533905932737,42.5625,1344.5625,2.23606797749979,36.46875,2456.71875,153.0,0.9664023444031385,33.0,11679.0,13.834978566956103,2.677278104073459,0.030648899066474725,56.625,0.6441332803201847,0.8535533905932737,42.5625,1344.5625,2.23606797749979,36.46875,2456.71875
pg6_5__5,pg6_5,5,61.0,0.9638971886382678,187.0,20583.0,6.749015350768597,28.47622177742288,0.0378047377167618,48.0625,0.8149938719333406,1.118033988749895,92.46875,1505.6875,4.5,38.90625,4713.34375,61.0,0.9638971886382678,187.0,20583.0,6.749015350768597,28.47622177742288,0.037804737716761835,48.0625,0.8149938719333406,1.118033988749895,92.46875,1505.6875,4.5,38.90625,4713.34375
pg6_5__6,pg6_5,6,36.0,0.9720021164731292,93.0,7956.0,1.8608461603130988,13.742246773017008,0.0267318361350516,38.84375,0.5442306980761007,0.5,49.0,1283.40625,3.0,35.6875,1944.90625,36.0,0.9720021164731293,93.0,7956.0,1.8608461603130988,13.742246773017007,0.026731836135051666,38.84375,0.5442306980761007,0.5,49.0,1283.40625,3.0,35.6875,1944.90625
pg6_5__7,pg6_5,7,25.0,0.975132659466962,29.0,2857.0,2.141056184623796,4.93929027015365,0.0287318139248251,44.96875,0.5163715671943134,0.5,42.71875,1543.03125,3.0,33.125,1916.875,25.0,0.9751326594669621,29.0,2857.0,2.1410561846237957,4.93929027015365,0.028731813924825104,44.96875,0.5163715671943134,0.5,42.71875,1543.03125,3.0,33.125,1916.875
pg6_5__8,pg6_5,8,46.0,0.9613979723577394,138.0,13524.0,0.9608667748869926,12.941515969273173,0.0413723184836151,46.8125,0.8528800555823222,0.5,37.21875,1222.8125,3.3541019662496847,40.9375,1758.03125,46.0,0.9613979723577394,138.0,13524.0,0.9608667748869926,12.941515969273171,0.041372318483615195,46.8125,0.8528800555823222,0.5,37.21875,1222.8125,3.3541019662496847,40.9375,1758.03125
pg6_5__9,pg6_5,9,10.0,0.9832669460830502,18.0,1118.0,1.2053922847363965,1.9727794753949808,0.0407627952817141,36.3125,0.6418127090876984,0.0,33.28125,1078.875,4.5,36.0,1209.46875,10.0,0.9832669460830502,18.0,1118.0,1.2053922847363965,1.9727794753949808,0.04076279528171411,36.3125,0.6418127090876984,0.0,33.28125,1078.875,4.5,36.0,1209.46875
pg6_6__0,pg6_6,0,0.0,0.9976727843915344,1.0,35.0,0.4503160756255991,0.3754049784749099,0.0151576588255787,35.5,0.3152225156536252,0.0,40.0,1390.15625,3.0,35.0,1420.0,0.0,0.9976727843915344,1.0,35.0,0.4503160756255991,0.3754049784749099,0.01515765882557873,35.5,0.31522251565362525,0.0,40.0,1390.15625,3.0,35.0,1420.0
pg6_6__1,pg6_6,1,155.0,0.9545170058413532,65.0,17660.0,11.373605922499078,9.498409843925677,0.0485601959893593,74.875,1.0195217087722528,0.5,38.40625,1410.625,6.264982043070834,39.0,2933.53125,155.0,0.9545170058413533,65.0,17660.0,11.373605922499078,9.498409843925675,0.04856019598935934,74.875,1.0195217087722528,0.5,38.40625,1410.625,6.264982043070834,39.0,2933.53125
pg6_6__2,pg6_6,2,127.0,0.9624817223342056,165.0,33143.0,7.399886249495562,32.33865663465977,0.0395946084102013,74.40625,1.1010592811910236,0.7071067811865476,105.1875,1774.375,5.408326913195984,38.09375,8542.90625,127.0,0.9624817223342056,165.0,33143.0,7.399886249495562,32.33865663465977,0.03959460841020133,74.40625,1.1010592811910236,0.7071067811865476,105.1875,1774.375,5.408326913195984,38.09375,8542.90625
pg6_6__3,pg6_6,3,144.0,0.9588129132547992,137.0,29988.0,14.675959303766533,7.795777857742589,0.0320645902707415,53.1875,0.760795174621453,1.118033988749895,82.3125,1355.78125,3.5,35.65625,4730.9375,144.0,0.9588129132547992,137.0,29988.0,14.675959303766533,7.795777857742589,0.032064590270741544,53.1875,0.760795174621453,1.118033988749895,82.3125,1355.78125,3.5,35.65625,4730.9375
pg6_6__4,pg6_6,4,16.0,0.9718502611282488,169.0,9364.0,3.570353299102537,25.44564121451728,0.033563936386985,40.6875,0.8480261753059938,1.5,54.78125,1383.5625,2.5,37.1875,2225.34375,16.0,0.9718502611282487,169.0,9364.0,3.570353299102537,25.445641214517277,0.03356393638698503,40.6875,0.8480261753059938,1.5,54.78125,1383.5625,2.5,37.1875,2225.34375
pg6_6__5,pg6_6,5,21.0,0.9744138029790604,109.0,7254.0,2.82371679783275,12.961950825385136,0.0301617263849951,40.1875,0.6617166561163257,0.5,41.0625,1318.5625,2.0,39.09375,1660.25,21.0,0.9744138029790603,109.0,7254.0,2.8237167978327506,12.961950825385136,0.03016172638499519,40.1875,0.6617166561163257,0.5,41.0625,1318.5625,2.0,39.09375,1660.25
pg6_6__6,pg6_6,6,145.0,0.9623010016257392,125.0,28095.0,22.607221407606865,7.549837954592804,0.0298834103739218,68.0625,0.8579249148312725,0.7071067811865476,72.75,1431.6875,2.549509756796392,39.9375,5391.5,145.0,0.9623010016257391,125.0,28095.0,22.607221407606865,7.549837954592804,0.029883410373921834,68.0625,0.8579249148312725,0.7071067811865476,72.75,1431.6875,2.5495097567963922,39.9375,5391.5
pg6_6__7,pg6_6,7,134.0,0.9669479748353212,102.0,23064.0,13.902825378770832,11.706236636639748,0.0296872987315821,42.75,0.7729831554191982,0.7071067811865476,58.3125,1476.5625,2.5,33.375,2639.96875,134.0,0.9669479748353212,102.0,23064.0,13.902825378770832,11.706236636639748,0.029687298731582188,42.75,0.7729831554191982,0.7071067811865476,58.3125,1476.5625,2.5,33.375,2639.96875
pg6_6__8,pg6_6,8,191.0,0.96348561498386,76.0,24282.0,25.96795792864644,14.806715162438412,0.0308152845737514,67.65625,0.7687301789804544,1.4142135623730951,61.375,1277.53125,2.23606797749979,32.90625,4498.875,191.0,0.9634856149838599,76.0,24282.0,25.96795792864644,14.806715162438413,0.030815284573751493,67.65625,0.7687301789804544,1.4142135623730951,61.375,1277.53125,2.23606797749979,32.90625,4498.875
pg6_6__9,pg6_6,9,79.0,0.9547542708694912,160.0,20924.0,7.041863491180413,20.598033600389737,0.0366395468197089,55.28125,0.7870671403819648,1.0,77.8125,1201.625,3.1622776601683795,33.09375,4640.3125,79.0,0.9547542708694912,160.0,20924.0,7.041863491180413,20.598033600389737,0.036639546819708955,55.28125,0.7870671403819648,1.0,77.8125,1201.625,3.1622776601683795,33.09375,4640.3125
pg6_7__0,pg6_7,0,0.0,0.9967276696348448,0.0,0.0,0.5214599712800196,0.3030296589010118,0.0231751789673853,33.0,0.3499190280377183,0.0,36.0,1184.625,3.3541019662496847,32.90625,1188.0,0.0,0.9967276696348449,0.0,0.0,0.5214599712800196,0.30302965890101186,0.023175178967385364,33.0,0.34991902803771835,0.0,36.0,1184.625,3.3541019662496847,32.90625,1188.0
pg6_7__1,pg6_7,1,-1.0,0.9932093750536848,0.0,-40.0,0.6161033822477969,1.16101882613286,0.0229242816515912,38.0,0.3920692690140192,0.0,40.0,1520.5,3.3541019662496847,38.28125,1520.0,-1.0,0.9932093750536847,0.0,-40.0,0.6161033822477969,1.16101882613286,0.02292428165159126,38.0,0.39206926901401923,0.0,40.0,1520.5,3.3541019662496847,38.28125,1520.0
pg6_7__2,pg6_7,2,40.0,0.9794322139901,27.0,3411.0,2.69244918276358,2.50270339538244,0.0295979092750688,42.375,0.4740595699297634,0.5,40.9375,1249.71875,3.8078865529319534,34.96875,1741.40625,40.0,0.9794322139900999,27.0,3411.0,2.6924491827635797,2.50270339538244,0.029597909275068814,42.375,0.4740595699297634,0.5,40.9375,1249.71875,3.8078865529319543,34.96875,1741.40625
pg6_7__3,pg6_7,3,15.0,0.9868106534445252,22.0,1706.0,1.7730460257947525,1.0452611839700268,0.0225787098075454,44.625,0.3784099649566054,0.0,44.59375,1459.78125,2.5,36.5,2001.125,15.0,0.9868106534445253,22.0,1706.0,1.7730460257947525,1.0452611839700268,0.02257870980754548,44.625,0.37840996495660545,0.0,44.59375,1459.78125,2.5,36.5,2001.125
pg6_7__4,pg6_7,4,92.0,0.9660388420486322,166.0,25610.0,18.076726507781032,26.16315097040455,0.0419308676243857,53.6875,1.0736290848375185,0.5,72.96875,1529.46875,3.2015621187164243,38.0625,4392.40625,92.0,0.9660388420486322,166.0,25610.0,18.076726507781032,26.16315097040455,0.04193086762438578,53.6875,1.0736290848375185,0.5,72.96875,1529.46875,3.2015621187164243,38.0625,4392.40625
pg6_7__5,pg6_7,5,34.0,0.9610969573090108,197.0,15136.0,3.122979738081575,23.93148588324324,0.0402362307529472,49.4375,0.8385423803776599,1.5,56.5,1243.9375,3.605551275463989,40.625,2856.84375,34.0,0.9610969573090108,197.0,15136.0,3.122979738081575,23.931485883243237,0.04023623075294727,49.4375,0.8385423803776599,1.5,56.5,1243.9375,3.605551275463989,40.625,2856.84375
pg6_7__6,pg6_7,6,137.0,0.9645352323869884,74.0,18134.0,9.970689854782012,14.18814784123106,0.032932613447968,58.84375,0.688540277675093,0.8535533905932737,49.5,1319.46875,2.549509756796392,33.0625,3079.78125,137.0,0.9645352323869885,74.0,18134.0,9.970689854782012,14.18814784123106,0.032932613447968,58.84375,0.688540277675093,0.8535533905932737,49.5,1319.46875,2.5495097567963922,33.0625,3079.78125
pg6_7__7,pg6_7,7,47.0,0.972994200931225,89.0,9680.0,1.989076343370348,11.137492299529306,0.0397688569708292,38.6875,0.926554387806855,0.0,45.09375,1496.5,4.0,34.59375,1758.40625,47.0,0.972994200931225,89.0,9680.0,1.9890763433703478,11.137492299529306,0.03976885697082928,38.6875,0.926554387806855,0.0,45.09375,1496.5,4.0,34.59375,1758.40625
pg6_7__8,pg6_7,8,97.0,0.9564313990602096,149.0,22436.0,16.30371221503395,15.53907167215442,0.0431487937236849,42.21875,0.8766603087304883,1.118033988749895,59.0625,1103.875,3.2015621187164243,36.125,2607.8125,97.0,0.9564313990602095,149.0,22436.0,16.30371221503395,15.53907167215442,0.04314879372368492,42.21875,0.8766603087304883,1.118033988749895,59.0625,1103.875,3.2015621187164243,36.125,2607.8125
pg6_7__9,pg6_7,9,12.0,0.990010703384257,9.0,870.0,0.7089830960627412,1.083283938691502,0.0341844538110467,47.25,0.43545977469858,0.0,36.0625,1333.96875,3.3541019662496847,42.59375,1705.28125,12.0,0.990010703384257,9.0,870.0,0.7089830960627412,1.0832839386915019,0.03418445381104678,47.25,0.43545977469858005,0.0,36.0625,1333.96875,3.3541019662496847,42.59375,1705.28125
pg6_8__0,pg6_8,0,0.0,0.997028097982709,0.0,0.0,0.3030296589010118,0.3030296589010118,0.0289665177754589,35.0,0.4307515235028193,0.0,34.0,1190.0,4.242640687119285,35.0,1190.0,0.0,0.997028097982709,0.0,0.0,0.30302965890101186,0.30302965890101186,0.028966517775458913,35.0,0.4307515235028193,0.0,34.0,1190.0,4.242640687119285,35.0,1190.0
pg6_8__1,pg6_8,1,7.0,0.9880144680213296,18.0,962.0,2.0976531633490203,1.830600997112184,0.0357739182071647,32.96875,0.5598950126797123,0.0,34.40625,1120.9375,3.905124837953327,34.0,1134.8125,7.0,0.9880144680213295,18.0,962.0,2.0976531633490203,1.830600997112184,0.035773918207164766,32.96875,0.5598950126797123,0.0,34.40625,1120.9375,3.905124837953327,34.0,1134.8125
pg6_8__2,pg6_8,2,16.0,0.9870330986987104,5.0,882.0,1.275520645626519,2.532643716747891,0.030902106048217,42.21875,0.4908548474798924,0.0,39.03125,1464.9375,3.605551275463989,40.21875,1652.78125,16.0,0.9870330986987104,5.0,882.0,1.275520645626519,2.532643716747891,0.030902106048217033,42.21875,0.49085484747989244,0.0,39.03125,1464.9375,3.605551275463989,40.21875,1652.78125
pg6_8__3,pg6_8,3,24.0,0.980397750698951,33.0,2772.0,2.405090785317708,3.511417994065454,0.034291217761028,36.59375,0.5008979735338919,0.0,35.9375,1188.0,3.605551275463989,36.0,1317.3125,24.0,0.980397750698951,33.0,2772.0,2.405090785317708,3.511417994065454,0.034291217761028,36.59375,0.5008979735338919,0.0,35.9375,1188.0,3.605551275463989,36.0,1317.3125
pg6_8__4,pg6_8,4,70.0,0.9775177380309784,28.0,5264.0,1.7328023227975706,2.551978511779213,0.0288834938753354,45.8125,0.408759323905299,0.0,34.9375,1237.46875,2.5,39.03125,1607.9375,70.0,0.9775177380309783,28.0,5264.0,1.7328023227975706,2.551978511779213,0.02888349387533543,45.8125,0.40875932390529907,0.0,34.9375,1237.46875,2.5,39.03125,1607.9375
pg6_8__5,pg6_8,5,57.0,0.97272280127271,97.0,10919.0,2.9164600435949493,11.088241127228796,0.035641449550156,37.96875,0.681204933076363,0.5,47.4375,1296.09375,3.905124837953327,35.0,1811.1875,57.0,0.9727228012727099,97.0,10919.0,2.9164600435949493,11.088241127228795,0.035641449550156065,37.96875,0.681204933076363,0.5,47.4375,1296.09375,3.905124837953327,35.0,1811.1875
pg6_8__6,pg6_8,6,49.0,0.9639530404077598,229.0,20967.0,4.195382326100121,29.31755216447256,0.0344730487085643,43.28125,1.015868247022858,1.118033988749895,70.15625,1362.03125,4.242640687119285,34.34375,3130.65625,49.0,0.9639530404077598,229.0,20967.0,4.195382326100121,29.317552164472556,0.03447304870856436,43.28125,1.015868247022858,1.118033988749895,70.15625,1362.03125,4.242640687119285,34.34375,3130.65625
pg6_8__7,pg6_8,7,17.0,0.9806902410981068,18.0,1605.0,1.8495316570443403,3.7983150691096887,0.0319152070965871,45.96875,0.545175069627898,0.25,32.09375,1362.28125,4.47213595499958,41.5625,1475.1875,17.0,0.9806902410981068,18.0,1605.0,1.8495316570443403,3.7983150691096887,0.03191520709658711,45.96875,0.545175069627898,0.25,32.09375,1362.28125,4.47213595499958,41.5625,1475.1875
pg6_8__8,pg6_8,8,3.0,0.9918340075215696,8.0,392.0,0.7143221526317528,0.5795703547910468,0.0377326879624802,37.0,0.5733866695225001,0.0,35.0,1218.6875,5.315072906367325,35.59375,1295.0,3.0,0.9918340075215696,8.0,392.0,0.7143221526317528,0.5795703547910468,0.0377326879624802,37.0,0.5733866695225001,0.0,35.0,1218.6875,5.315072906367325,35.59375,1295.0
pg6_8__9,pg6_8,9,1.0,0.9920818816930124,5.0,219.0,1.047876149909905,0.5742277295519019,0.0327331868179139,35.0,0.5283500703190728,0.0,39.0,1341.84375,4.031128874149275,34.40625,1365.0,1.0,0.9920818816930125,5.0,219.0,1.047876149909905,0.5742277295519019,0.03273318681791397,35.0,0.5283500703190728,0.0,39.0,1341.84375,4.031128874149275,34.40625,1365.0
pg6_9__0,pg6_9,0,33.0,0.9853910546251188,7.0,1546.0,1.217739185360538,0.6515675972015728,0.0264384458189955,46.5,0.35713853498404,0.0,31.1875,1293.40625,2.0615528128088303,41.40625,1451.28125,33.0,0.9853910546251189,7.0,1546.0,1.217739185360538,0.6515675972015728,0.02643844581899554,46.5,0.35713853498404,0.0,31.1875,1293.40625,2.0615528128088303,41.40625,1451.28125
pg6_9__1,pg6_9,1,95.0,0.9690903749272938,61.0,11533.0,6.629298858739629,2.7272961573501524,0.0317787015020854,42.75,0.764070940662743,0.5,43.0625,1380.03125,3.3541019662496847,38.46875,1858.625,95.0,0.9690903749272938,61.0,11533.0,6.629298858739629,2.7272961573501524,0.03177870150208549,42.75,0.764070940662743,0.5,43.0625,1380.03125,3.3541019662496847,38.46875,1858.625
pg6_9__2,pg6_9,2,133.0,0.9650313590226772,101.0,22798.0,12.693564547956932,3.7968247805612783,0.0291351128118668,61.34375,0.654311534858858,0.7071067811865476,40.46875,1590.40625,2.549509756796392,44.40625,2537.46875,133.0,0.9650313590226771,101.0,22798.0,12.693564547956932,3.7968247805612783,0.02913511281186688,61.34375,0.654311534858858,0.7071067811865476,40.46875,1590.40625,2.5495097567963922,44.40625,2537.46875
pg6_9__3,pg6_9,3,277.0,0.9556869845027988,187.0,66287.0,5.50702697995333,3.5648047528472,0.0901363692371458,43.8125,0.8755684226310234,0.5,38.28125,1039.0,2.8284271247461903,36.75,1693.09375,277.0,0.9556869845027989,187.0,66287.0,5.50702697995333,3.5648047528472,0.0901363692371458,43.8125,0.8755684226310234,0.5,38.28125,1039.0,2.8284271247461903,36.75,1693.09375
pg6_9__4,pg6_9,4,59.0,0.966355251142014,97.0,11533.0,5.12829867867068,13.55806116025951,0.0326429527988994,44.0625,0.5885561037993019,0.7071067811865476,50.15625,1368.28125,1.8027756377319943,37.625,2296.75,59.0,0.9663552511420139,97.0,11533.0,5.12829867867068,13.55806116025951,0.03264295279889948,44.0625,0.5885561037993019,0.7071067811865476,50.15625,1368.28125,1.8027756377319946,37.625,2296.75
pg6_9__5,pg6_9,5,66.0,0.9502895557060486,70.0,10146.0,36.54245394864442,16.024838900653613,0.0871881323882287,89.125,1.416067152429324,1.118033988749895,59.1875,1631.75,4.031128874149275,45.28125,5693.9375,66.0,0.9502895557060486,70.0,10146.0,36.54245394864442,16.024838900653613,0.08718813238822874,89.125,1.416067152429324,1.118033988749895,59.1875,1631.75,4.031128874149275,45.28125,5693.9375
pg6_9__6,pg6_9,6,27.0,0.9714789696206352,94.0,7726.0,2.910057469815296,7.382188380295957,0.0350504563809129,52.90625,1.1214494843095553,0.0,36.875,1545.8125,4.5,45.90625,1959.84375,27.0,0.9714789696206352,94.0,7726.0,2.910057469815296,7.382188380295957,0.03505045638091299,52.90625,1.1214494843095553,0.0,36.875,1545.8125,4.5,45.90625,1959.84375
pg6_9__7,pg6_9,7,96.0,0.9587016844245784,349.0,50728.0,12.42724602759498,35.40130456292744,0.0513104037666233,53.90625,1.5718273862937526,1.5,80.9375,1453.59375,10.307764064044152,40.84375,4607.9375,96.0,0.9587016844245783,349.0,50728.0,12.427246027594979,35.40130456292744,0.05131040376662331,53.90625,1.5718273862937526,1.5,80.9375,1453.59375,10.307764064044152,40.84375,4607.9375
pg6_9__8,pg6_9,8,59.0,0.9571441224176308,135.0,14966.0,5.885835074334476,4.101376369999188,0.0468759628051515,42.28125,0.8967703877995192,0.6035533905932737,41.875,1384.0,3.2015621187164243,38.46875,1782.125,59.0,0.9571441224176308,135.0,14966.0,5.885835074334476,4.101376369999188,0.04687596280515157,42.28125,0.8967703877995192,0.6035533905932737,41.875,1384.0,3.2015621187164243,38.46875,1782.125
pg6_9__9,pg6_9,9,30.0,0.9704436624187812,122.0,9314.0,1.6029021665437604,18.92081911837084,0.0288984308900174,43.5625,0.6734961339037198,0.6035533905932737,54.84375,1547.28125,2.0615528128088303,39.5625,2454.875,30.0,0.9704436624187812,122.0,9314.0,1.6029021665437604,18.920819118370837,0.02889843089001746,43.5625,0.6734961339037198,0.6035533905932737,54.84375,1547.28125,2.0615528128088303,39.5625,2454.875
pg7_10__0,pg7_10,0,130.0,0.9632880223460164,29.0,10245.0,10.815263400153938,3.349936508266465,0.0397213992868218,48.40625,0.7668946273030807,0.7071067811865476,42.9375,1501.125,4.272001872658765,35.59375,2089.875,130.0,0.9632880223460164,29.0,10245.0,10.815263400153938,3.349936508266465,0.03972139928682187,48.40625,0.7668946273030807,0.7071067811865476,42.9375,1501.125,4.272001872658765,35.59375,2089.875
pg7_10__1,pg7_10,1,146.0,0.95907439688457,91.0,23092.0,18.275358661067877,13.102425623999435,0.0332995793829557,52.3125,1.2394271370466512,0.7071067811865476,47.9375,1707.71875,6.363961030678928,48.53125,2552.6875,146.0,0.9590743968845699,91.0,23092.0,18.275358661067873,13.102425623999437,0.03329957938295577,52.3125,1.2394271370466512,0.7071067811865476,47.9375,1707.71875,6.363961030678928,48.53125,2552.6875
pg7_10__2,pg7_10,2,114.0,0.9698261269975792,83.0,16886.0,13.776685233037846,2.3297258399018057,0.0262041437810791,52.71875,0.6704174736561753,0.5,40.21875,1607.75,2.549509756796392,42.34375,2132.1875,114.0,0.9698261269975791,83.0,16886.0,13.776685233037846,2.3297258399018057,0.026204143781079135,52.71875,0.6704174736561753,0.5,40.21875,1607.75,2.5495097567963922,42.34375,2132.1875
pg7_10__3,pg7_10,3,4.0,0.9917332633758752,-4.0,-16.0,1.7206151593920491,1.0479775703659988,0.0267839173902597,41.5,0.3512108918055761,0.0,35.03125,1492.59375,2.5,39.46875,1451.9375,4.0,0.9917332633758752,-4.0,-16.0,1.7206151593920491,1.0479775703659988,0.026783917390259756,41.5,0.3512108918055761,0.0,35.03125,1492.59375,2.5,39.46875,1451.9375
pg7_10__4,pg7_10,4,12.0,0.978315559237123,-1.0,422.0,1.805183782816548,3.885285129261088,0.0325000519139925,32.0625,0.5769837819743809,0.0,41.96875,1231.75,4.0,32.59375,1345.46875,12.0,0.978315559237123,-1.0,422.0,1.805183782816548,3.885285129261088,0.03250005191399257,32.0625,0.5769837819743809,0.0,41.96875,1231.75,4.0,32.59375,1345.46875
pg7_10__5,pg7_10,5,6.0,0.991134721419648,4.0,368.0,0.6638086611136184,0.986194425664651,0.0203519081807468,38.84375,0.2558837697774781,0.0,32.84375,1225.59375,1.0,38.1875,1275.90625,6.0,0.9911347214196479,4.0,368.0,0.6638086611136184,0.986194425664651,0.020351908180746867,38.84375,0.2558837697774781,0.0,32.84375,1225.59375,1.0,38.1875,1275.90625
pg7_10__6,pg7_10,6,0.0,0.998046875,0.0,0.0,0.0,0.3373828489062592,0.0133899503914082,36.0,0.2142392062625326,0.0,30.0,1081.125,1.5,36.0,1080.0,0.0,0.998046875,0.0,0.0,0.0,0.33738284890625925,0.013389950391408289,36.0,0.21423920626253262,0.0,30.0,1081.125,1.5,36.0,1080.0
pg7_10__7,pg7_10,7,1.0,0.9986023206751056,-2.0,-51.0,0.1515148294505059,0.1010098863003372,0.0136228929397382,40.0,0.1830342019875581,0.0,27.0,1081.59375,1.8027756377319943,39.96875,1080.0,1.0,0.9986023206751055,-2.0,-51.0,0.15151482945050593,0.10100988630033723,0.013622892939738278,40.0,0.18303420198755818,0.0,27.0,1081.59375,1.8027756377319946,39.96875,1080.0
pg7_10__8,pg7_10,8,162.0,0.9598157806358194,47.0,14955.0,5.011677298282407,8.1269650452059,0.0476506619144853,57.75,0.7810624094556855,0.7071067811865476,37.875,1290.65625,5.220153254455275,40.28125,2320.75,162.0,0.9598157806358194,47.0,14955.0,5.011677298282407,8.1269650452059,0.047650661914485325,57.75,0.7810624094556855,0.7071067811865476,37.875,1290.65625,5.220153254455275,40.28125,2320.75
pg7_10__9,pg7_10,9,108.0,0.9595143959800776,119.0,21705.0,14.167673697533672,8.330180790303999,0.0386784770707846,48.5625,0.9624203195525668,0.7071067811865476,62.09375,1427.4375,4.031128874149275,36.5625,3243.40625,108.0,0.9595143959800777,119.0,21705.0,14.167673697533672,8.330180790303999,0.038678477070784686,48.5625,0.9624203195525667,0.7071067811865476,62.09375,1427.4375,4.031128874149275,36.5625,3243.40625
pg7_11__0,pg7_11,0,4.0,0.9907645275773138,2.0,182.0,0.9100237728129448,0.6196296536170778,0.0233019296040456,35.0,0.2633191852666626,0.0,28.0,951.5,1.118033988749895,32.9375,980.0,4.0,0.9907645275773138,2.0,182.0,0.9100237728129449,0.6196296536170778,0.0233019296040456,35.0,0.26331918526666265,0.0,28.0,951.5,1.118033988749895,32.9375,980.0
pg7_11__1,pg7_11,1,9.0,0.981273277768684,9.0,630.0,2.269528565743065,1.843992466236865,0.0322940758209272,32.28125,0.4880575899177573,0.0,42.59375,1174.84375,2.8284271247461903,30.96875,1375.03125,9.0,0.9812732777686839,9.0,630.0,2.2695285657430655,1.843992466236865,0.03229407582092726,32.28125,0.4880575899177573,0.0,42.59375,1174.84375,2.8284271247461903,30.96875,1375.03125
pg7_11__2,pg7_11,2,-1.0,0.9950812441208065,4.0,96.0,0.2791131210449666,0.7176250079500334,0.0150817250034678,32.9375,0.2082682189909604,0.0,35.6875,1225.0625,1.0,34.0,1175.9375,-1.0,0.9950812441208065,4.0,96.0,0.27911312104496666,0.7176250079500334,0.01508172500346788,32.9375,0.20826821899096046,0.0,35.6875,1225.0625,1.0,34.0,1175.9375
pg7_11__3,pg7_11,3,63.0,0.9589878922068064,21.0,4221.0,6.209742276384916,5.401201041039523,0.0486661433215837,36.1875,0.8494395122466377,0.5,38.5625,1309.46875,6.670832032063167,37.875,1396.9375,63.0,0.9589878922068064,21.0,4221.0,6.209742276384916,5.401201041039523,0.048666143321583734,36.1875,0.8494395122466377,0.5,38.5625,1309.46875,6.670832032063167,37.875,1396.9375
pg7_11__4,pg7_11,4,108.0,0.9596034961458588,138.0,23898.0,13.08492742631535,15.725563143095997,0.0494711016097921,41.59375,1.2826552350346312,0.5,41.65625,1336.90625,6.103277807866851,37.40625,1728.34375,108.0,0.9596034961458587,138.0,23898.0,13.08492742631535,15.725563143095997,0.04947110160979218,41.59375,1.2826552350346312,0.5,41.65625,1336.90625,6.103277807866851,37.40625,1728.34375
pg7_11__5,pg7_11,5,51.0,0.964806213263096,124.0,12646.0,7.711123129421592,17.036956634933162,0.0438046323186219,43.4375,0.9426188798776716,1.0,50.46875,1292.15625,5.5901699437494745,37.3125,2263.53125,51.0,0.9648062132630959,124.0,12646.0,7.711123129421592,17.036956634933162,0.04380463231862196,43.4375,0.9426188798776717,1.0,50.46875,1292.15625,5.5901699437494745,37.3125,2263.53125
pg7_11__6,pg7_11,6,68.0,0.9677177771489056,98.0,12526.0,3.532707054175257,3.3871196384556645,0.0333531206378331,51.875,0.5453658940640638,0.5,42.90625,1266.8125,2.8284271247461903,39.90625,2267.53125,68.0,0.9677177771489057,98.0,12526.0,3.532707054175257,3.3871196384556645,0.03335312063783318,51.875,0.5453658940640638,0.5,42.90625,1266.8125,2.8284271247461903,39.90625,2267.53125
pg7_11__7,pg7_11,7,12.0,0.9734203629138242,68.0,3748.0,4.357417449792576,6.333220525068732,0.04000981185391,45.46875,0.6540483002028245,0.5,50.28125,1178.15625,3.640054944640259,39.75,2301.25,12.0,0.9734203629138242,68.0,3748.0,4.3574174497925755,6.333220525068732,0.040009811853910095,45.46875,0.6540483002028245,0.5,50.28125,1178.15625,3.640054944640259,39.75,2301.25
pg7_11__8,pg7_11,8,87.0,0.9665607557452344,171.0,25788.0,13.670814461128822,20.7042933930608,0.037867747959095,50.90625,1.0779003765262447,0.7071067811865476,69.625,1610.71875,3.905124837953327,45.28125,3659.71875,87.0,0.9665607557452343,171.0,25788.0,13.670814461128822,20.7042933930608,0.03786774795909504,50.90625,1.0779003765262447,0.7071067811865476,69.625,1610.71875,3.905124837953327,45.28125,3659.71875
pg7_11__9,pg7_11,9,6.0,0.9764870948129912,13.0,806.0,2.075828939984036,1.1736967387000423,0.0341291554630657,35.84375,0.5248035221007219,0.0,41.71875,1421.3125,2.692582403567252,36.875,1495.3125,6.0,0.9764870948129912,13.0,806.0,2.075828939984036,1.1736967387000423,0.03412915546306575,35.84375,0.5248035221007219,0.0,41.71875,1421.3125,2.692582403567252,36.875,1495.3125
pg7_12__0,pg7_12,0,22.0,0.970541057769099,20.0,1890.0,6.734302807832289,2.1648134469441347,0.0386627100116807,36.21875,0.6666660979072172,0.5,42.125,1277.8125,4.0,34.125,1527.21875,22.0,0.970541057769099,20.0,1890.0,6.734302807832289,2.1648134469441347,0.03866271001168078,36.21875,0.6666660979072172,0.5,42.125,1277.8125,4.0,34.125,1527.21875
pg7_12__1,pg7_12,1,0.0,0.9976657679249052,0.0,0.0,0.4040395452013489,0.1010098863003372,0.0227512799890063,39.0,0.4186152353627111,0.0,38.0,1482.0,4.123105625617661,39.0,1482.0,0.0,0.9976657679249051,0.0,0.0,0.40403954520134894,0.10100988630033723,0.022751279989006345,39.0,0.4186152353627111,0.0,38.0,1482.0,4.123105625617661,39.0,1482.0
pg7_12__2,pg7_12,2,1.0,0.996081490727532,4.0,181.0,0.2153874475853214,0.1010098863003372,0.0269189067682136,37.0,0.3539005076826718,0.0,37.0,1357.6875,3.1622776601683795,36.9375,1369.0,1.0,0.996081490727532,4.0,181.0,0.21538744758532144,0.10100988630033723,0.026918906768213693,37.0,0.3539005076826718,0.0,37.0,1357.6875,3.1622776601683795,36.9375,1369.0
pg7_12__3,pg7_12,3,8.0,0.985486075446836,8.0,640.0,0.9682767079643664,1.2872156856914316,0.0259346200636252,39.8125,0.4305865802105283,0.0,35.1875,1329.75,3.0413812651491097,39.28125,1400.8125,8.0,0.9854860754468361,8.0,640.0,0.9682767079643664,1.2872156856914316,0.025934620063625225,39.8125,0.4305865802105283,0.0,35.1875,1329.75,3.0413812651491097,39.28125,1400.8125
pg7_12__4,pg7_12,4,1.0,0.98917190353682,6.0,269.0,0.8570353039223061,1.1400029646828111,0.0385452246150954,39.5625,0.661387801508892,0.0,30.1875,1193.6875,5.852349955359813,40.6875,1193.34375,1.0,0.9891719035368199,6.0,269.0,0.8570353039223061,1.1400029646828111,0.0385452246150954,39.5625,0.661387801508892,0.0,30.1875,1193.6875,5.852349955359813,40.6875,1193.34375
pg7_12__5,pg7_12,5,77.0,0.9553823540074706,35.0,6335.0,8.472919230898885,7.6026402101892305,0.0340595179616,44.78125,0.6202206546367699,0.5,34.4375,1141.34375,2.549509756796392,37.5,1565.4375,77.0,0.9553823540074706,35.0,6335.0,8.472919230898885,7.6026402101892305,0.0340595179616,44.78125,0.6202206546367699,0.5,34.4375,1141.34375,2.5495097567963922,37.5,1565.4375
pg7_12__6,pg7_12,6,63.0,0.9640299346533244,160.0,19519.0,3.356544931652446,7.519503814276829,0.0334538503882558,54.375,0.740051595376044,0.8535533905932737,52.3125,1360.65625,3.5355339059327378,44.625,2993.03125,63.0,0.9640299346533245,160.0,19519.0,3.356544931652446,7.519503814276829,0.03345385038825587,54.375,0.740051595376044,0.8535533905932737,52.3125,1360.65625,3.5355339059327378,44.625,2993.03125
pg7_12__7,pg7_12,7,149.0,0.9609052197078056,122.0,27460.0,10.253625557376743,10.647984944468,0.0651645315764833,44.0,3.956012464832519,0.5,50.78125,1273.90625,38.56488039654732,37.75,2262.90625,149.0,0.9609052197078057,122.0,27460.0,10.253625557376745,10.647984944468,0.06516453157648336,44.0,3.9560124648325186,0.5,50.78125,1273.90625,38.56488039654732,37.75,2262.90625
pg7_12__8,pg7_12,8,121.0,0.9580953520528048,95.0,19003.0,6.10705325662238,4.707983419197482,0.0356275085322852,42.15625,0.6684767980614426,0.7071067811865476,45.375,1256.4375,2.549509756796392,35.15625,1964.1875,121.0,0.9580953520528048,95.0,19003.0,6.10705325662238,4.707983419197482,0.03562750853228521,42.15625,0.6684767980614426,0.7071067811865476,45.375,1256.4375,2.5495097567963922,35.15625,1964.1875
pg7_12__9,pg7_12,9,23.0,0.974459552412625,47.0,3320.0,3.011968191401329,5.381843213011089,0.0381282350705245,32.53125,0.6110106897229578,0.5,40.59375,1095.65625,4.123105625617661,31.0,1325.78125,23.0,0.974459552412625,47.0,3320.0,3.011968191401329,5.381843213011089,0.038128235070524534,32.53125,0.6110106897229578,0.5,40.59375,1095.65625,4.123105625617661,31.0,1325.78125
pg7_1__0,pg7_1,0,-1.0,0.9963258407106445,0.0,-31.0,0.3233072532075611,0.4781882945694482,0.0245569317324327,36.0,0.352836594390431,0.0,31.0,1145.96875,3.3541019662496847,36.59375,1116.0,-1.0,0.9963258407106443,0.0,-31.0,0.32330725320756115,0.4781882945694482,0.02455693173243277,36.0,0.352836594390431,0.0,31.0,1145.96875,3.3541019662496847,36.59375,1116.0
pg7_1__1,pg7_1,1,-1.0,0.9959716209716212,1.0,4.0,0.1515148294505059,0.6565642609521921,0.0392637819325517,35.0,0.677283624221706,0.0,32.0,1119.875,6.670832032063167,35.03125,1120.0,-1.0,0.9959716209716211,1.0,4.0,0.15151482945050593,0.6565642609521921,0.03926378193255173,35.0,0.677283624221706,0.0,32.0,1119.875,6.670832032063167,35.03125,1120.0
pg7_1__2,pg7_1,2,0.0,0.9975818452380952,0.0,0.0,0.1010098863003372,0.4040395452013489,0.0235692571582062,44.0,0.4186152353627111,0.0,36.0,1584.0,4.123105625617661,44.0,1584.0,0.0,0.9975818452380952,0.0,0.0,0.10100988630033723,0.40403954520134894,0.0235692571582062,44.0,0.4186152353627111,0.0,36.0,1584.0,4.123105625617661,44.0,1584.0
pg7_1__3,pg7_1,3,233.0,0.9595583146378172,65.0,24708.0,25.926438239925936,9.785756316023113,0.0459342476013566,72.75,1.0580294178160556,1.0590169943749477,46.09375,1249.5625,7.071067811865476,38.09375,3622.875,233.0,0.9595583146378172,65.0,24708.0,25.926438239925936,9.785756316023113,0.04593424760135665,72.75,1.0580294178160556,1.0590169943749475,46.09375,1249.5625,7.0710678118654755,38.09375,3622.875
pg7_1__4,pg7_1,4,41.0,0.9700620400544712,63.0,6453.0,6.031170142281887,8.427981650101138,0.0377466585063526,40.84375,0.6865076921778945,0.5,40.90625,1401.8125,5.0,38.9375,1671.21875,41.0,0.9700620400544713,63.0,6453.0,6.031170142281887,8.427981650101138,0.037746658506352684,40.84375,0.6865076921778945,0.5,40.90625,1401.8125,5.0,38.9375,1671.21875
pg7_1__5,pg7_1,5,55.0,0.9677899487248016,88.0,9988.0,7.652724603495508,3.4681567702049847,0.0442561925397168,47.6875,0.9600122318865132,0.5,53.0625,1397.4375,8.514693182963201,36.625,2610.28125,55.0,0.9677899487248015,88.0,9988.0,7.652724603495508,3.4681567702049847,0.044256192539716896,47.6875,0.9600122318865132,0.5,53.0625,1397.4375,8.514693182963201,36.625,2610.28125
pg7_1__6,pg7_1,6,41.0,0.9770010981331786,23.0,3324.0,6.353033708765306,1.6300237305328156,0.0346812745648973,40.125,0.515621139836166,0.5,48.96875,1382.375,4.242640687119285,34.375,1982.6875,41.0,0.9770010981331786,23.0,3324.0,6.353033708765306,1.6300237305328156,0.03468127456489738,40.125,0.515621139836166,0.5,48.96875,1382.375,4.242640687119285,34.375,1982.6875
pg7_1__7,pg7_1,7,55.0,0.9792416752543236,8.0,2598.0,1.8638992791735292,1.3247322395223926,0.0432289627811543,39.28125,0.7148644040013059,0.0,34.75,1253.75,4.123105625617661,36.3125,1365.34375,55.0,0.9792416752543236,8.0,2598.0,1.8638992791735294,1.3247322395223926,0.043228962781154304,39.28125,0.7148644040013059,0.0,34.75,1253.75,4.123105625617661,36.3125,1365.34375
pg7_1__8,pg7_1,8,20.0,0.9849160556593594,45.0,3725.0,3.0741448681233905,0.8447948822216859,0.0250381735458776,49.125,0.4413164603983313,0.0,44.03125,1804.5625,3.3541019662496847,44.71875,2169.0625,20.0,0.9849160556593594,45.0,3725.0,3.0741448681233905,0.8447948822216859,0.02503817354587768,49.125,0.44131646039833133,0.0,44.03125,1804.5625,3.3541019662496847,44.71875,2169.0625
pg7_1__9,pg7_1,9,74.0,0.9635001216630904,160.0,19932.0,3.857819567348949,19.69864227806341,0.0266487017350522,45.5625,0.7202303171234647,0.7071067811865476,50.875,1374.96875,2.692582403567252,34.125,2362.71875,74.0,0.9635001216630904,160.0,19932.0,3.8578195673489484,19.69864227806341,0.026648701735052276,45.5625,0.7202303171234647,0.7071067811865476,50.875,1374.96875,2.692582403567252,34.125,2362.71875
pg7_2__0,pg7_2,0,8.0,0.9878046677758568,0.0,312.0,2.4821287049333645,1.0305411645990932,0.0307195093604285,36.84375,0.479016350950293,0.0,37.90625,1284.25,2.692582403567252,33.6875,1395.71875,8.0,0.9878046677758568,0.0,312.0,2.4821287049333645,1.0305411645990932,0.030719509360428547,36.84375,0.479016350950293,0.0,37.90625,1284.25,2.692582403567252,33.6875,1395.71875
pg7_2__1,pg7_2,1,0.0,0.9942971045912224,-1.0,-33.0,1.2556811063794304,0.8719723898470308,0.0212549732067418,32.9375,0.3860847250676404,0.0,33.125,1117.84375,3.5,32.96875,1091.0625,0.0,0.9942971045912223,-1.0,-33.0,1.2556811063794304,0.8719723898470308,0.021254973206741853,32.9375,0.3860847250676404,0.0,33.125,1117.84375,3.5,32.96875,1091.0625
pg7_2__2,pg7_2,2,2.0,0.9964230876605248,-2.0,6.0,0.2020197726006744,0.505049431501686,0.0348634289622738,31.0,0.5467509780004463,0.0,32.0,991.8125,5.385164807134504,30.9375,992.0,2.0,0.9964230876605248,-2.0,6.0,0.20201977260067447,0.505049431501686,0.03486342896227383,31.0,0.5467509780004463,0.0,32.0,991.8125,5.385164807134504,30.9375,992.0
pg7_2__3,pg7_2,3,51.0,0.9801028113579948,15.0,3039.0,1.886175379414335,6.633141427975778,0.02667082121228,41.9375,0.4349351657042284,0.0,36.25,1224.0,3.0,36.0,1526.625,51.0,0.9801028113579947,15.0,3039.0,1.886175379414335,6.633141427975778,0.02667082121228009,41.9375,0.4349351657042284,0.0,36.25,1224.0,3.0,36.0,1526.625
pg7_2__4,pg7_2,4,40.0,0.9755783848334164,71.0,6743.0,2.921975769163512,7.599871762235415,0.0288401326806815,40.3125,0.5813743176960499,0.5,47.5,1280.90625,4.031128874149275,32.84375,1946.6875,40.0,0.9755783848334163,71.0,6743.0,2.921975769163512,7.599871762235415,0.028840132680681516,40.3125,0.5813743176960499,0.5,47.5,1280.90625,4.031128874149275,32.84375,1946.6875
pg7_2__5,pg7_2,5,213.0,0.9630035347165996,68.0,25434.0,23.10226471417919,4.49351512520716,0.0457020171641291,55.8125,1.274682226783869,0.5,42.71875,1647.3125,7.5,43.8125,2448.25,213.0,0.9630035347165996,68.0,25434.0,23.10226471417919,4.49351512520716,0.045702017164129104,55.8125,1.274682226783869,0.5,42.71875,1647.3125,7.5,43.8125,2448.25
pg7_2__6,pg7_2,6,55.0,0.9625362177460804,232.0,24087.0,8.455823823317335,29.278127267916112,0.0373294307868709,49.75,1.169342547412224,1.0590169943749477,52.09375,1450.4375,3.1622776601683795,43.03125,2642.59375,55.0,0.9625362177460803,232.0,24087.0,8.455823823317335,29.278127267916112,0.03732943078687097,49.75,1.1693425474122239,1.0590169943749475,52.09375,1450.4375,3.1622776601683795,43.03125,2642.59375
pg7_2__7,pg7_2,7,162.0,0.9641974911189362,61.0,17485.0,22.16107973909362,3.3631877721363184,0.0307861569822627,66.3125,0.7614789582112534,0.7071067811865476,40.28125,1327.15625,3.1622776601683795,38.1875,2719.46875,162.0,0.9641974911189362,61.0,17485.0,22.16107973909362,3.3631877721363184,0.030786156982262797,66.3125,0.7614789582112534,0.7071067811865476,40.28125,1327.15625,3.1622776601683795,38.1875,2719.46875
pg7_2__8,pg7_2,8,58.0,0.9719544361098018,90.0,10754.0,5.1082032101449935,9.000625856535283,0.0381792064383896,41.65625,0.9417586424951628,0.5,50.03125,1540.8125,5.024937810560445,38.5,2087.46875,58.0,0.9719544361098018,90.0,10754.0,5.1082032101449935,9.000625856535283,0.03817920643838969,41.65625,0.9417586424951628,0.5,50.03125,1540.8125,5.024937810560445,38.5,2087.46875
pg7_2__9,pg7_2,9,87.0,0.9562592962002704,128.0,19557.0,11.380409055802607,14.70162373553549,0.0460318910425036,46.75,0.937086862148944,1.118033988749895,68.09375,1466.0625,3.605551275463989,42.0,3264.84375,87.0,0.9562592962002704,128.0,19557.0,11.380409055802607,14.70162373553549,0.046031891042503624,46.75,0.9370868621489439,1.118033988749895,68.09375,1466.0625,3.605551275463989,42.0,3264.84375
pg7_3__0,pg7_3,0,-1.0,0.9977477477477475,1.0,0.0,0.0505049431501686,0.3535346020511803,0.0219522395153355,32.0,0.3589596029190162,0.0,33.0,1056.0,3.5355339059327378,32.03125,1056.0,-1.0,0.9977477477477477,1.0,0.0,0.05050494315016862,0.35353460205118037,0.02195223951533551,32.0,0.3589596029190162,0.0,33.0,1056.0,3.5355339059327378,32.03125,1056.0
pg7_3__1,pg7_3,1,2.0,0.9931027324879228,0.0,66.0,0.7592557789493596,1.0527585493789475,0.0482004379228974,28.0,0.6778207397854831,0.0,33.0,924.0,5.656854249492381,28.0,924.0,2.0,0.9931027324879227,0.0,66.0,0.7592557789493596,1.0527585493789477,0.0482004379228974,28.0,0.6778207397854831,0.0,33.0,924.0,5.656854249492381,28.0,924.0
pg7_3__2,pg7_3,2,13.0,0.9851385966072764,43.0,2407.0,1.374231057757858,2.98212694105582,0.0214967122392928,33.125,0.3624300834083486,0.0,37.375,1195.40625,1.118033988749895,33.90625,1237.84375,13.0,0.9851385966072764,43.0,2407.0,1.374231057757858,2.98212694105582,0.02149671223929284,33.125,0.36243008340834865,0.0,37.375,1195.40625,1.118033988749895,33.90625,1237.84375
pg7_3__3,pg7_3,3,65.0,0.968039341133426,78.0,10101.0,3.502310853673829,3.9054752260663226,0.0364744207614154,40.40625,0.6333738038091599,0.5,38.71875,1231.625,4.0,35.03125,1571.3125,65.0,0.9680393411334259,78.0,10101.0,3.502310853673829,3.9054752260663226,0.03647442076141547,40.40625,0.6333738038091599,0.5,38.71875,1231.625,4.0,35.03125,1571.3125
pg7_3__4,pg7_3,4,18.0,0.976745264824307,69.0,3993.0,2.9994331132659937,7.882021446906168,0.0361118987737408,34.46875,0.6603655654019198,0.5,35.25,1120.46875,4.716990566028302,33.84375,1219.28125,18.0,0.976745264824307,69.0,3993.0,2.9994331132659937,7.882021446906168,0.03611189877374081,34.46875,0.6603655654019198,0.5,35.25,1120.46875,4.716990566028302,33.84375,1219.28125
pg7_3__5,pg7_3,5,66.0,0.9728847048173292,21.0,4848.0,4.5959151390734885,5.198386523392974,0.0364623592540104,43.375,0.6434729747630337,0.5,39.25,1460.25,3.1622776601683795,38.09375,1701.1875,66.0,0.9728847048173291,21.0,4848.0,4.5959151390734885,5.198386523392974,0.03646235925401041,43.375,0.6434729747630337,0.5,39.25,1460.25,3.1622776601683795,38.09375,1701.1875
pg7_3__6,pg7_3,6,26.0,0.9767307465746012,38.0,3480.0,4.11276898727526,2.8324730542290006,0.0372640336777996,43.21875,0.6289202931657802,0.0,34.6875,1339.59375,4.272001872658765,40.59375,1499.59375,26.0,0.9767307465746011,38.0,3480.0,4.11276898727526,2.8324730542290006,0.03726403367779961,43.21875,0.6289202931657802,0.0,34.6875,1339.59375,4.272001872658765,40.59375,1499.59375
pg7_3__7,pg7_3,7,44.0,0.9692037318975564,121.0,11418.0,5.432637559746079,12.929172968799543,0.0364471829814818,38.28125,0.9299443542295888,0.5,51.03125,1548.125,5.385164807134504,34.5,1980.375,44.0,0.9692037318975563,121.0,11418.0,5.4326375597460785,12.929172968799543,0.03644718298148182,38.28125,0.9299443542295887,0.5,51.03125,1548.125,5.385164807134504,34.5,1980.375
pg7_3__8,pg7_3,8,61.0,0.9633857133073293,126.0,14170.0,7.634485252850454,10.819534829908058,0.0497131310297517,46.625,1.0589673069839345,0.6035533905932737,38.15625,1287.21875,7.433034373659253,39.09375,1803.125,61.0,0.9633857133073293,126.0,14170.0,7.634485252850454,10.819534829908058,0.04971313102975174,46.625,1.0589673069839345,0.6035533905932737,38.15625,1287.21875,7.433034373659253,39.09375,1803.125
pg7_3__9,pg7_3,9,58.0,0.9756549418080273,97.0,11730.0,3.204826177822493,2.5088429003188257,0.0250087550187173,49.28125,0.4486552782975511,0.5,48.71875,1508.1875,3.0,42.8125,2436.53125,58.0,0.9756549418080271,97.0,11730.0,3.204826177822493,2.5088429003188257,0.025008755018717303,49.28125,0.4486552782975511,0.5,48.71875,1508.1875,3.0,42.8125,2436.53125
pg7_4__0,pg7_4,0,17.0,0.9894594764479502,14.0,1235.0,1.673789999389889,0.5916843238054327,0.0540106133878962,38.0,0.4320661216690803,0.0,34.0,1155.03125,3.1622776601683795,36.9375,1292.0,17.0,0.9894594764479502,14.0,1235.0,1.673789999389889,0.5916843238054327,0.054010613387896284,38.0,0.4320661216690803,0.0,34.0,1155.03125,3.1622776601683795,36.9375,1292.0
pg7_4__1,pg7_4,1,1.0,0.9949671974052778,5.0,207.0,0.6007753519312768,0.6491162431489286,0.0359808448782468,32.0,0.5306108000054316,0.0,37.0,1185.15625,4.924428900898052,32.03125,1184.0,1.0,0.9949671974052778,5.0,207.0,0.6007753519312768,0.6491162431489286,0.03598084487824687,32.0,0.5306108000054316,0.0,37.0,1185.15625,4.924428900898052,32.03125,1184.0
pg7_4__2,pg7_4,2,148.0,0.9583015861755184,99.0,22950.0,21.994216575251333,12.53781187203017,0.0550085718966535,47.28125,1.105789989134351,1.0,72.0625,1208.9375,7.5,32.96875,3658.09375,148.0,0.9583015861755184,99.0,22950.0,21.994216575251333,12.53781187203017,0.05500857189665354,47.28125,1.105789989134351,1.0,72.0625,1208.9375,7.5,32.96875,3658.09375
pg7_4__3,pg7_4,3,94.0,0.9677385639529108,61.0,11624.0,7.738141857647506,4.486313192146704,0.0487279074866996,35.125,1.0901135892980556,0.0,47.4375,1503.6875,7.762087348130012,35.40625,1665.9375,94.0,0.9677385639529107,61.0,11624.0,7.7381418576475065,4.486313192146704,0.04872790748669963,35.125,1.0901135892980556,0.0,47.4375,1503.6875,7.762087348130012,35.40625,1665.9375
pg7_4__4,pg7_4,4,166.0,0.9623100876256996,53.0,18381.0,18.040655366172945,4.870356671733065,0.0384122760230444,47.25,1.1935809692025252,0.7071067811865476,40.65625,1744.875,3.5355339059327378,43.96875,1930.8125,166.0,0.9623100876256997,53.0,18381.0,18.040655366172942,4.870356671733065,0.03841227602304447,47.25,1.1935809692025252,0.7071067811865476,40.65625,1744.875,3.5355339059327378,43.96875,1930.8125
pg7_4__5,pg7_4,5,171.0,0.9634091315321344,45.0,16209.0,21.93020382806513,3.8159581793361896,0.0431399449213087,52.875,0.9648674214974364,1.118033988749895,47.25,1493.65625,6.726812023536855,39.1875,2568.75,171.0,0.9634091315321344,45.0,16209.0,21.93020382806513,3.8159581793361896,0.04313994492130878,52.875,0.9648674214974364,1.118033988749895,47.25,1493.65625,6.726812023536855,39.1875,2568.75
pg7_4__6,pg7_4,6,18.0,0.979425449005754,58.0,3650.0,2.6834637667061942,2.076110517649877,0.0382193696527521,38.1875,0.6020068542152751,0.0,35.25,1142.125,5.0,35.375,1353.3125,18.0,0.979425449005754,58.0,3650.0,2.6834637667061942,2.076110517649877,0.0382193696527521,38.1875,0.6020068542152751,0.0,35.25,1142.125,5.0,35.375,1353.3125
pg7_4__7,pg7_4,7,60.0,0.9697636241272268,40.0,6500.0,2.4788616382903763,5.715795277581565,0.0522202787115871,56.1875,0.8662650943667968,0.5,42.09375,1402.3125,5.220153254455275,41.0,2426.59375,60.0,0.9697636241272268,40.0,6500.0,2.4788616382903763,5.715795277581565,0.05222027871158714,56.1875,0.8662650943667968,0.5,42.09375,1402.3125,5.220153254455275,41.0,2426.59375
pg7_4__8,pg7_4,8,46.0,0.9699250063298028,12.0,2950.0,4.442515538367949,2.643963118390715,0.0611529766262688,33.78125,1.2499590464876291,0.0,43.9375,1437.1875,8.5,35.0,1485.4375,46.0,0.9699250063298029,12.0,2950.0,4.442515538367949,2.643963118390715,0.06115297662626882,33.78125,1.2499590464876291,0.0,43.9375,1437.1875,8.5,35.0,1485.4375
pg7_4__9,pg7_4,9,54.0,0.9730925017367786,35.0,5196.0,3.9139633829885914,3.5261650472549517,0.0415518286049782,47.9375,0.7441237572558235,0.5,40.6875,1300.8125,5.830951894845301,38.375,1979.5,54.0,0.9730925017367786,35.0,5196.0,3.9139633829885905,3.5261650472549513,0.04155182860497828,47.9375,0.7441237572558235,0.5,40.6875,1300.8125,5.830951894845301,38.375,1979.5
pg7_5__0,pg7_5,0,7.0,0.9776695348143308,42.0,2170.0,1.5574006757106558,2.09128482217534,0.0289651412044595,40.46875,0.4236696128629156,0.5,51.1875,1439.0625,2.8284271247461903,38.125,2077.5625,7.0,0.9776695348143308,42.0,2170.0,1.5574006757106558,2.0912848221753397,0.02896514120445955,40.46875,0.4236696128629156,0.5,51.1875,1439.0625,2.8284271247461903,38.125,2077.5625
pg7_5__1,pg7_5,1,4.0,0.9897086313909396,16.0,740.0,1.7087609429169022,1.0476225558136207,0.0256585212530238,37.28125,0.3899610859504204,0.0,43.78125,1431.9375,2.1213203435596424,35.59375,1630.5,4.0,0.9897086313909397,16.0,740.0,1.7087609429169022,1.0476225558136207,0.025658521253023845,37.28125,0.3899610859504204,0.0,43.78125,1431.9375,2.1213203435596424,35.59375,1630.5
pg7_5__2,pg7_5,2,5.0,0.995682851811956,1.0,220.0,0.5978048198321239,0.4423389268644316,0.0164923451155619,36.8125,0.2510710617050197,0.0,37.65625,1351.125,2.0615528128088303,35.96875,1385.6875,5.0,0.9956828518119561,1.0,220.0,0.5978048198321239,0.44233892686443166,0.016492345115561993,36.8125,0.2510710617050197,0.0,37.65625,1351.125,2.0615528128088303,35.96875,1385.6875
pg7_5__3,pg7_5,3,14.0,0.9835337758566548,20.0,1360.0,1.227323809186659,2.0173416517241347,0.0265007213896585,38.53125,0.3751020053785718,0.0,32.34375,1121.0625,2.23606797749979,34.59375,1247.0625,14.0,0.9835337758566548,20.0,1360.0,1.227323809186659,2.0173416517241347,0.0265007213896585,38.53125,0.3751020053785718,0.0,32.34375,1121.0625,2.23606797749979,34.59375,1247.0625
pg7_5__4,pg7_5,4,12.0,0.9815572531114096,31.0,1963.0,1.913669773308701,2.26869718724424,0.0232633779947259,39.21875,0.3561387322410771,0.0,41.8125,1523.0,1.4142135623730951,38.34375,1640.34375,12.0,0.9815572531114096,31.0,1963.0,1.913669773308701,2.26869718724424,0.023263377994725925,39.21875,0.3561387322410771,0.0,41.8125,1523.0,1.4142135623730951,38.34375,1640.34375
pg7_5__5,pg7_5,5,76.0,0.9691717862560404,49.0,7964.0,12.875149553833728,4.134656865454169,0.0422907375344355,40.3125,0.7542390951176196,0.0,31.0625,1112.8125,2.549509756796392,37.09375,1256.0,76.0,0.9691717862560404,49.0,7964.0,12.875149553833728,4.134656865454169,0.0422907375344355,40.3125,0.7542390951176196,0.0,31.0625,1112.8125,2.5495097567963922,37.09375,1256.0
pg7_5__6,pg7_5,6,149.0,0.9734402593679526,20.0,10147.0,22.628139151843293,2.198730055980293,0.0242746883642129,59.65625,0.7523725779459043,1.0,48.6875,1591.34375,2.23606797749979,37.75,2940.09375,149.0,0.9734402593679526,20.0,10147.0,22.628139151843293,2.198730055980293,0.024274688364212975,59.65625,0.7523725779459043,1.0,48.6875,1591.34375,2.23606797749979,37.75,2940.09375
pg7_5__7,pg7_5,7,53.0,0.9748426710273168,32.0,4894.0,2.275059432032362,5.046941936879308,0.0336911264048654,40.4375,0.5436456097397278,0.5,42.5,1450.65625,3.5355339059327378,37.4375,1733.90625,53.0,0.9748426710273169,32.0,4894.0,2.275059432032362,5.046941936879308,0.033691126404865476,40.4375,0.5436456097397278,0.5,42.5,1450.65625,3.5355339059327378,37.4375,1733.90625
pg7_5__8,pg7_5,8,94.0,0.9576360898953564,158.0,24402.0,11.536863244355946,17.014451229557814,0.0423298284029788,57.84375,0.9225462317596622,1.118033988749895,68.0625,1422.0,5.0990195135927845,44.125,4103.09375,94.0,0.9576360898953563,158.0,24402.0,11.536863244355946,17.014451229557814,0.04232982840297887,57.84375,0.9225462317596622,1.118033988749895,68.0625,1422.0,5.0990195135927845,44.125,4103.09375
pg7_5__9,pg7_5,9,69.0,0.9760112949627532,45.0,7065.0,7.360398786370136,2.2197291195607045,0.0257292861885454,46.46875,0.6585262366187504,0.5,37.53125,1324.59375,2.0615528128088303,42.75,1752.09375,69.0,0.9760112949627532,45.0,7065.0,7.360398786370136,2.2197291195607045,0.0257292861885454,46.46875,0.6585262366187504,0.5,37.53125,1324.59375,2.0615528128088303,42.75,1752.09375
pg7_6__0,pg7_6,0,66.0,0.974801962307184,15.0,4110.0,3.737827873401982,4.081875411669854,0.0510292769698409,41.96875,0.8293693608950616,0.0,45.875,1408.65625,5.408326913195984,36.0,1925.3125,66.0,0.9748019623071841,15.0,4110.0,3.737827873401982,4.081875411669854,0.05102927696984094,41.96875,0.8293693608950616,0.0,45.875,1408.65625,5.408326913195984,36.0,1925.3125
pg7_6__1,pg7_6,1,151.0,0.9605156120741848,111.0,26113.0,23.052216070164768,9.355174506199749,0.0306174961146406,65.59375,0.8201497795770134,1.118033988749895,42.84375,1327.28125,2.8284271247461903,39.21875,2976.8125,151.0,0.9605156120741848,111.0,26113.0,23.052216070164768,9.355174506199747,0.030617496114640666,65.59375,0.8201497795770134,1.118033988749895,42.84375,1327.28125,2.8284271247461903,39.21875,2976.8125
pg7_6__2,pg7_6,2,80.0,0.9761795051261486,19.0,5316.0,6.089573002410313,6.097055735232996,0.0319723251222082,50.40625,0.6064305753753892,0.0,42.15625,1758.125,2.0615528128088303,45.71875,2125.6875,80.0,0.9761795051261486,19.0,5316.0,6.089573002410313,6.097055735232996,0.031972325122208274,50.40625,0.6064305753753892,0.0,42.15625,1758.125,2.0615528128088303,45.71875,2125.6875
pg7_6__3,pg7_6,3,105.0,0.9658624518082708,90.0,16335.0,12.664743902782782,9.833962744200882,0.0283718810504549,62.78125,0.6001430412050875,1.0,50.9375,1286.15625,1.8027756377319943,38.625,3356.125,105.0,0.9658624518082707,90.0,16335.0,12.664743902782782,9.833962744200882,0.028371881050454937,62.78125,0.6001430412050875,1.0,50.9375,1286.15625,1.8027756377319946,38.625,3356.125
pg7_6__4,pg7_6,4,139.0,0.9587964431462463,154.0,32277.0,22.361873944575944,26.97064649082525,0.0273466091454878,50.0625,1.0292934538728344,1.5811388300841898,74.0,1380.65625,5.024937810560445,40.09375,3901.53125,139.0,0.9587964431462463,154.0,32277.0,22.361873944575944,26.970646490825246,0.027346609145487845,50.0625,1.0292934538728344,1.5811388300841898,74.0,1380.65625,5.024937810560445,40.09375,3901.53125
pg7_6__5,pg7_6,5,5.0,0.9955827922044744,8.0,509.0,0.5035214499587923,0.6894895920497305,0.0161598138494454,42.875,0.2219159471383265,0.0,37.8125,1382.46875,1.5811388300841898,39.96875,1622.6875,5.0,0.9955827922044745,8.0,509.0,0.5035214499587923,0.6894895920497305,0.016159813849445495,42.875,0.22191594713832655,0.0,37.8125,1382.46875,1.5811388300841898,39.96875,1622.6875
pg7_6__6,pg7_6,6,137.0,0.9687412412478033,48.0,13921.0,11.1566493986806,4.594839693840777,0.0373931244659483,39.375,0.9113908832772784,0.5,47.125,1544.625,5.385164807134504,36.0,1855.875,137.0,0.9687412412478031,48.0,13921.0,11.156649398680601,4.594839693840777,0.037393124465948314,39.375,0.9113908832772785,0.5,47.125,1544.625,5.385164807134504,36.0,1855.875
pg7_6__7,pg7_6,7,55.0,0.9821360470616254,13.0,3325.0,2.235806544980761,1.6354753029221427,0.0325485554423988,42.5,0.5627069048756099,0.0,44.75,1632.0,3.905124837953327,41.0,1904.15625,55.0,0.9821360470616254,13.0,3325.0,2.235806544980761,1.6354753029221427,0.032548555442398874,42.5,0.5627069048756099,0.0,44.75,1632.0,3.905124837953327,41.0,1904.15625
pg7_6__8,pg7_6,8,225.0,0.9648023496467006,70.0,26565.0,29.617261284785695,5.126723377772489,0.0293392271920925,77.8125,0.9518958953605934,1.5,39.875,1562.3125,2.8284271247461903,43.34375,3124.1875,225.0,0.9648023496467006,70.0,26565.0,29.617261284785698,5.126723377772489,0.029339227192092598,77.8125,0.9518958953605934,1.5,39.875,1562.3125,2.8284271247461903,43.34375,3124.1875
pg7_6__9,pg7_6,9,65.0,0.9697374122275774,115.0,14245.0,5.737157399262571,16.282779833922447,0.0250259385668253,53.1875,0.629802171236575,1.0,53.75,1436.6875,2.0615528128088303,34.125,2960.25,65.0,0.9697374122275774,115.0,14245.0,5.737157399262571,16.282779833922447,0.025025938566825345,53.1875,0.629802171236575,1.0,53.75,1436.6875,2.0615528128088303,34.125,2960.25
pg7_7__0,pg7_7,0,0.0,0.998331913685406,2.0,72.0,0.2020197726006744,0.1010098863003372,0.0162584942577378,36.0,0.2270259866427434,0.0,31.0,1113.75,2.23606797749979,36.0,1116.0,0.0,0.998331913685406,2.0,72.0,0.20201977260067447,0.10100988630033723,0.016258494257737833,36.0,0.22702598664274348,0.0,31.0,1113.75,2.23606797749979,36.0,1116.0
pg7_7__1,pg7_7,1,1.0,0.9960782472898596,4.0,169.0,0.1515148294505059,0.5263792746894739,0.0259692090703964,35.0,0.352836594390431,0.0,33.0,1105.96875,3.3541019662496847,34.96875,1155.0,1.0,0.9960782472898595,4.0,169.0,0.15151482945050593,0.5263792746894739,0.02596920907039642,35.0,0.352836594390431,0.0,33.0,1105.96875,3.3541019662496847,34.96875,1155.0
pg7_7__2,pg7_7,2,0.0,0.9972797239915074,1.0,39.0,0.3030296589010118,0.252524715750843,0.0265139708158948,39.0,0.3964838404826721,0.0,32.0,1246.78125,3.905124837953327,39.0,1248.0,0.0,0.9972797239915074,1.0,39.0,0.30302965890101186,0.252524715750843,0.026513970815894888,39.0,0.3964838404826721,0.0,32.0,1246.78125,3.905124837953327,39.0,1248.0
pg7_7__3,pg7_7,3,3.0,0.9954630518815628,1.0,131.0,0.7095824689657837,0.5611221921927124,0.0226552083239847,38.8125,0.3153840203030195,0.0,32.71875,1197.9375,2.5,38.625,1269.78125,3.0,0.9954630518815629,1.0,131.0,0.7095824689657837,0.5611221921927124,0.02265520832398471,38.8125,0.3153840203030195,0.0,32.71875,1197.9375,2.5,38.625,1269.78125
pg7_7__4,pg7_7,4,69.0,0.9725217930635196,27.0,4986.0,8.280969145860038,3.61562574047207,0.0278677694772411,43.5625,0.5116676249476306,0.5,31.375,1253.84375,2.9154759474226504,39.78125,1367.125,69.0,0.9725217930635196,27.0,4986.0,8.280969145860038,3.61562574047207,0.02786776947724116,43.5625,0.5116676249476306,0.5,31.375,1253.84375,2.9154759474226504,39.78125,1367.125
pg7_7__5,pg7_7,5,24.0,0.9754999382265264,75.0,5712.0,2.512737241133685,6.496935517054512,0.0246389664043843,48.6875,0.4361745976669304,0.5,45.8125,1620.5,2.692582403567252,41.28125,2253.1875,24.0,0.9754999382265265,75.0,5712.0,2.5127372411336855,6.496935517054512,0.02463896640438434,48.6875,0.4361745976669304,0.5,45.8125,1620.5,2.692582403567252,41.28125,2253.1875
pg7_7__6,pg7_7,6,7.0,0.9889011589254556,8.0,614.0,0.8175264232131684,2.41014524147923,0.0214639673181898,41.5,0.2979699335605721,0.0,38.625,1399.625,1.5,40.40625,1602.34375,7.0,0.9889011589254557,8.0,614.0,0.8175264232131684,2.41014524147923,0.02146396731818988,41.5,0.2979699335605721,0.0,38.625,1399.625,1.5,40.40625,1602.34375
pg7_7__7,pg7_7,7,3.0,0.9911121228111396,8.0,406.0,0.4972557275509338,1.0964488229079568,0.0328289610285125,38.25,0.5078968365569112,0.0,37.09375,1221.9375,4.272001872658765,36.03125,1419.59375,3.0,0.9911121228111396,8.0,406.0,0.4972557275509338,1.0964488229079568,0.032828961028512536,38.25,0.5078968365569112,0.0,37.09375,1221.9375,4.272001872658765,36.03125,1419.59375
pg7_7__8,pg7_7,8,112.0,0.9705089490019017,52.0,11316.0,9.448381898592338,3.32536156623294,0.035814456697238,55.9375,0.6688632700879938,0.5,39.53125,1298.4375,3.905124837953327,41.96875,2271.96875,112.0,0.9705089490019015,52.0,11316.0,9.448381898592338,3.32536156623294,0.03581445669723806,55.9375,0.6688632700879938,0.5,39.53125,1298.4375,3.905124837953327,41.96875,2271.96875
pg7_7__9,pg7_7,9,62.0,0.969246198972668,129.0,15060.0,4.922251290196705,7.277178580337745,0.0308446150191164,39.71875,0.6446906270531845,0.7071067811865476,73.84375,1395.5,3.0413812651491097,35.59375,3004.34375,62.0,0.9692461989726681,129.0,15060.0,4.922251290196705,7.277178580337745,0.03084461501911643,39.71875,0.6446906270531845,0.7071067811865476,73.84375,1395.5,3.0413812651491097,35.59375,3004.34375
pg7_8__0,pg7_8,0,47.0,0.9470703311738496,159.0,15048.0,13.636889959794136,6.814046965687121,0.0654952593704763,50.125,2.2385932834126496,0.5,48.71875,1380.71875,14.9164338901763,37.3125,2570.8125,47.0,0.9470703311738496,159.0,15048.0,13.636889959794136,6.814046965687121,0.06549525937047637,50.125,2.2385932834126496,0.5,48.71875,1380.71875,14.916433890176299,37.3125,2570.8125
pg7_8__1,pg7_8,1,2.0,0.9932587985913104,3.0,180.0,0.7872266474479381,0.5527734688022479,0.0202780104678536,39.625,0.2843595425319548,0.0,30.59375,1140.0,2.23606797749979,38.0,1213.25,2.0,0.9932587985913104,3.0,180.0,0.7872266474479381,0.5527734688022479,0.020278010467853675,39.625,0.2843595425319548,0.0,30.59375,1140.0,2.23606797749979,38.0,1213.25
pg7_8__2,pg7_8,2,65.0,0.9742705957861368,13.0,3588.0,6.751955586392781,2.191843254420868,0.0420130543946975,38.4375,0.742406486069789,0.25,41.4375,1325.21875,3.5355339059327378,35.59375,1593.5625,65.0,0.9742705957861367,13.0,3588.0,6.751955586392781,2.191843254420868,0.042013054394697553,38.4375,0.742406486069789,0.25,41.4375,1325.21875,3.5355339059327378,35.59375,1593.5625
pg7_8__3,pg7_8,3,175.0,0.9567051536141864,62.0,19393.0,26.518990963251262,5.467164955986575,0.061698107937198,51.5625,1.4739220067593093,1.118033988749895,43.09375,1344.96875,11.543396380615196,38.8125,2329.53125,175.0,0.9567051536141863,62.0,19393.0,26.518990963251262,5.467164955986575,0.061698107937198085,51.5625,1.4739220067593093,1.118033988749895,43.09375,1344.96875,11.543396380615196,38.8125,2329.53125
pg7_8__4,pg7_8,4,214.0,0.9604983521247896,23.0,13645.0,27.32330844142697,4.841394516136636,0.0556839878033725,78.875,1.1716262597062244,1.118033988749895,42.71875,1514.34375,7.566372975210778,41.625,3423.71875,214.0,0.9604983521247895,23.0,13645.0,27.32330844142697,4.841394516136636,0.055683987803372546,78.875,1.1716262597062244,1.118033988749895,42.71875,1514.34375,7.566372975210778,41.625,3423.71875
pg7_8__5,pg7_8,5,33.0,0.9718185962405674,104.0,8085.0,2.050445231079926,6.358890414167727,0.033927250651361,38.5625,0.626076505781686,0.5,57.03125,1458.53125,3.8078865529319534,34.28125,2220.875,33.0,0.9718185962405674,104.0,8085.0,2.050445231079926,6.3588904141677265,0.03392725065136105,38.5625,0.626076505781686,0.5,57.03125,1458.53125,3.8078865529319543,34.28125,2220.875
pg7_8__6,pg7_8,6,60.0,0.9609436390362004,206.0,23112.0,11.703501260643815,17.402083231530334,0.0482715857035556,51.21875,1.5569971457977223,0.8535533905932737,65.71875,1628.625,12.010412149464312,42.84375,3470.0625,60.0,0.9609436390362003,206.0,23112.0,11.703501260643815,17.402083231530334,0.04827158570355567,51.21875,1.5569971457977223,0.8535533905932737,65.71875,1628.625,12.010412149464313,42.84375,3470.0625
pg7_8__7,pg7_8,7,183.0,0.9565440566484456,41.0,15895.0,20.511250409148527,3.439222230142277,0.0659208606609061,63.09375,1.6645504524492152,1.266123775561495,43.625,1624.40625,12.589678312014172,41.71875,2822.09375,183.0,0.9565440566484457,41.0,15895.0,20.511250409148527,3.439222230142277,0.06592086066090615,63.09375,1.6645504524492152,1.266123775561495,43.625,1624.40625,12.589678312014172,41.71875,2822.09375
pg7_8__8,pg7_8,8,0.0,0.9966310319233356,3.0,117.0,0.4040395452013489,0.5263287947780954,0.024088843897153,39.0,0.4259869926108136,0.0,32.6875,1228.5,4.123105625617661,39.0,1274.8125,0.0,0.9966310319233355,3.0,117.0,0.40403954520134894,0.5263287947780954,0.024088843897153055,39.0,0.4259869926108136,0.0,32.6875,1228.5,4.123105625617661,39.0,1274.8125
pg7_8__9,pg7_8,9,6.0,0.994581614111532,5.0,404.0,0.325028510730607,0.3842194877027674,0.0311198456720209,40.0,0.4480067965076607,0.0,39.0,1494.15625,4.301162633521313,39.03125,1560.0,6.0,0.9945816141115319,5.0,404.0,0.325028510730607,0.3842194877027674,0.031119845672020936,40.0,0.4480067965076607,0.0,39.0,1494.15625,4.301162633521313,39.03125,1560.0
pg7_9__0,pg7_9,0,8.0,0.983243980388882,26.0,1226.0,2.602495593434971,0.8626285194618889,0.0430902573908119,30.78125,0.7301685395308339,0.0,37.9375,1062.3125,6.519202405202649,30.46875,1168.25,8.0,0.983243980388882,26.0,1226.0,2.602495593434971,0.8626285194618889,0.043090257390811924,30.78125,0.7301685395308339,0.0,37.9375,1062.3125,6.519202405202649,30.46875,1168.25
pg7_9__1,pg7_9,1,43.0,0.9772726091143298,30.0,3721.0,1.959942672372894,1.9998405718155008,0.0331035549548844,43.34375,0.3826065511446863,0.5,39.59375,1361.375,2.23606797749979,32.78125,1713.375,43.0,0.9772726091143298,30.0,3721.0,1.959942672372894,1.9998405718155008,0.03310355495488447,43.34375,0.38260655114468634,0.5,39.59375,1361.375,2.23606797749979,32.78125,1713.375
pg7_9__2,pg7_9,2,16.0,0.9825191741080184,32.0,2448.0,2.411038049147994,3.6712684932973474,0.0227822043405203,47.8125,0.3834776335295822,0.25,31.75,1319.84375,2.549509756796392,43.8125,1519.9375,16.0,0.9825191741080185,32.0,2448.0,2.411038049147994,3.6712684932973474,0.02278220434052036,47.8125,0.3834776335295822,0.25,31.75,1319.84375,2.5495097567963922,43.8125,1519.9375
pg7_9__3,pg7_9,3,10.0,0.9910421290772156,2.0,446.0,2.511129441158278,0.3920237802439493,0.0154718859784625,38.1875,0.2782023918081394,0.0,37.625,1329.375,1.5,34.5625,1435.59375,10.0,0.9910421290772157,2.0,446.0,2.511129441158278,0.39202378024394935,0.015471885978462567,38.1875,0.2782023918081394,0.0,37.625,1329.375,1.5,34.5625,1435.59375
pg7_9__4,pg7_9,4,9.0,0.9557252812287952,21.0,1188.0,11.025126135927174,3.718542553255793,0.0698043652210691,39.78125,1.2709271670962474,0.5,30.15625,994.25,6.5,37.21875,1201.75,9.0,0.9557252812287951,21.0,1188.0,11.025126135927174,3.718542553255793,0.06980436522106914,39.78125,1.2709271670962474,0.5,30.15625,994.25,6.5,37.21875,1201.75
pg7_9__5,pg7_9,5,40.0,0.9741994328875851,35.0,3870.0,1.3476596862051304,3.747036239806213,0.0271232427285848,44.8125,0.3773740096507458,0.5,44.84375,1251.28125,1.8027756377319943,36.5,2038.28125,40.0,0.9741994328875853,35.0,3870.0,1.3476596862051304,3.747036239806213,0.027123242728584806,44.8125,0.37737400965074586,0.5,44.84375,1251.28125,1.8027756377319946,36.5,2038.28125
pg7_9__6,pg7_9,6,25.0,0.9746212016766403,11.0,1560.0,1.4519988165595958,4.325335103070362,0.052458415856808,31.96875,0.7051423585656893,0.0,41.25,1244.15625,4.031128874149275,34.34375,1320.0625,25.0,0.9746212016766403,11.0,1560.0,1.4519988165595958,4.325335103070362,0.052458415856808056,31.96875,0.7051423585656893,0.0,41.25,1244.15625,4.031128874149275,34.34375,1320.0625
pg7_9__7,pg7_9,7,41.0,0.9729022997488538,22.0,3031.0,1.8598892471000448,3.545245259415791,0.0472660306525983,41.25,0.8869313581991054,0.5,33.5,1186.5,6.946221994724902,38.15625,1383.28125,41.0,0.9729022997488538,22.0,3031.0,1.8598892471000448,3.545245259415791,0.04726603065259837,41.25,0.8869313581991054,0.5,33.5,1186.5,6.946221994724902,38.15625,1383.28125
pg7_9__8,pg7_9,8,7.0,0.9915834775313868,10.0,654.0,1.226869096434217,1.7275194702329726,0.0220038697922337,36.0625,0.3783227297141873,0.0,32.90625,1183.0,2.5,36.96875,1186.40625,7.0,0.9915834775313869,10.0,654.0,1.226869096434217,1.7275194702329726,0.022003869792233757,36.0625,0.37832272971418734,0.0,32.90625,1183.0,2.5,36.96875,1186.40625
pg7_9__9,pg7_9,9,33.0,0.9796734912171424,18.0,2448.0,2.521983270639916,2.6967976584827738,0.0246250246231418,35.78125,0.3962149409222419,0.25,38.5,1190.4375,2.0615528128088303,34.1875,1381.0625,33.0,0.9796734912171425,18.0,2448.0,2.521983270639916,2.6967976584827738,0.024625024623141877,35.78125,0.3962149409222419,0.25,38.5,1190.4375,2.0615528128088303,34.1875,1381.0625
pg8_1__0,pg8_1,0,75.0,0.96338042794353,73.0,10941.0,6.275827705684226,5.55981302601623,0.0376888080444534,47.34375,0.6909315935115684,0.7071067811865476,34.40625,1348.9375,3.3541019662496847,42.03125,1645.8125,75.0,0.96338042794353,73.0,10941.0,6.275827705684226,5.55981302601623,0.037688808044453445,47.34375,0.6909315935115684,0.7071067811865476,34.40625,1348.9375,3.3541019662496847,42.03125,1645.8125
pg8_1__1,pg8_1,1,11.0,0.992894106610382,8.0,771.0,1.7865863379377245,0.7269320644867708,0.0140968649144942,41.71875,0.2434467053441081,0.0,37.75,1393.53125,1.118033988749895,39.5625,1575.09375,11.0,0.992894106610382,8.0,771.0,1.7865863379377245,0.7269320644867708,0.014096864914494273,41.71875,0.24344670534410817,0.0,37.75,1393.53125,1.118033988749895,39.5625,1575.09375
pg8_1__10,pg8_1,10,75.0,0.9792768773614052,30.0,5880.0,5.434578886883081,2.105857794257089,0.0243787581011459,38.15625,0.4175875108061496,0.0,38.1875,1291.15625,1.8027756377319943,35.5625,1462.78125,75.0,0.9792768773614053,30.0,5880.0,5.434578886883081,2.105857794257089,0.024378758101145922,38.15625,0.4175875108061496,0.0,38.1875,1291.15625,1.8027756377319946,35.5625,1462.78125
pg8_1__11,pg8_1,11,43.0,0.9688783342489452,157.0,14179.0,7.953168938432526,14.402475106425282,0.0263133350196894,48.78125,0.7125775225850965,0.7071067811865476,60.4375,1288.78125,3.0413812651491097,39.90625,3039.78125,43.0,0.9688783342489451,157.0,14179.0,7.953168938432526,14.402475106425282,0.026313335019689417,48.78125,0.7125775225850965,0.7071067811865476,60.4375,1288.78125,3.0413812651491097,39.90625,3039.78125
pg8_1__2,pg8_1,2,51.0,0.9706154472648012,92.0,10239.0,6.8707608501847535,2.630613932732915,0.0317433560214651,51.8125,0.8401228468669709,0.5,37.46875,1473.21875,5.1478150704935,43.96875,1966.90625,51.0,0.9706154472648011,92.0,10239.0,6.8707608501847535,2.630613932732915,0.0317433560214651,51.8125,0.8401228468669709,0.5,37.46875,1473.21875,5.1478150704935,43.96875,1966.90625
pg8_1__3,pg8_1,3,98.0,0.9751016026695644,9.0,4725.0,9.59318650582432,2.4980808873783924,0.0329044607956605,58.375,0.5436615343698527,0.5,40.21875,1339.90625,2.23606797749979,35.78125,2354.375,98.0,0.9751016026695645,9.0,4725.0,9.593186505824319,2.4980808873783924,0.03290446079566051,58.375,0.5436615343698527,0.5,40.21875,1339.90625,2.23606797749979,35.78125,2354.375
pg8_1__4,pg8_1,4,7.0,0.97915806650544,95.0,4622.0,2.173852577864964,3.253667698357974,0.0211047711894568,36.625,0.4516173648771182,0.5,46.75,1434.75,2.0,37.84375,1713.5625,7.0,0.9791580665054399,95.0,4622.0,2.1738525778649636,3.2536676983579746,0.021104771189456865,36.625,0.4516173648771182,0.5,46.75,1434.75,2.0,37.84375,1713.5625
pg8_1__5,pg8_1,5,9.0,0.9930846775395268,11.0,732.0,0.396471845835658,1.4421755568971026,0.014501445980409,37.90625,0.2231076785809042,0.0,34.875,1129.15625,0.7071067811865476,35.4375,1325.5625,9.0,0.9930846775395269,11.0,732.0,0.396471845835658,1.4421755568971026,0.014501445980409092,37.90625,0.22310767858090425,0.0,34.875,1129.15625,0.7071067811865476,35.4375,1325.5625
pg8_1__6,pg8_1,6,4.0,0.9968447023612028,2.0,196.0,0.728976063078915,0.6292461247507765,0.009323924612459,38.6875,0.1527383156105748,0.0,30.25,1085.9375,0.5,36.6875,1170.46875,4.0,0.9968447023612028,2.0,196.0,0.728976063078915,0.6292461247507765,0.00932392461245901,38.6875,0.1527383156105748,0.0,30.25,1085.9375,0.5,36.6875,1170.46875
pg8_1__7,pg8_1,7,123.0,0.97091313340484,12.0,6618.0,14.838939404436154,5.481371655123956,0.0371411069460004,54.03125,0.7664014228957445,0.5,37.84375,1474.875,5.220153254455275,38.875,2037.84375,123.0,0.9709131334048401,12.0,6618.0,14.838939404436154,5.481371655123956,0.03714110694600043,54.03125,0.7664014228957445,0.5,37.84375,1474.875,5.220153254455275,38.875,2037.84375
pg8_1__8,pg8_1,8,63.0,0.9639662672873583,201.0,22419.0,5.703817294141197,20.499894366563957,0.0263315826734623,42.34375,1.1590712899292737,0.7071067811865476,61.75,1640.5625,6.670832032063167,38.03125,2720.25,63.0,0.9639662672873585,201.0,22419.0,5.703817294141197,20.499894366563954,0.02633158267346235,42.34375,1.1590712899292737,0.7071067811865476,61.75,1640.5625,6.670832032063167,38.03125,2720.25
pg8_1__9,pg8_1,9,5.0,0.9941601960088564,6.0,397.0,0.975793754310416,0.5690217368961061,0.0170358620621579,41.09375,0.2563351265231982,0.0,32.75,1244.875,1.8027756377319943,40.78125,1345.65625,5.0,0.9941601960088565,6.0,397.0,0.9757937543104159,0.5690217368961061,0.017035862062157972,41.09375,0.25633512652319823,0.0,32.75,1244.875,1.8027756377319946,40.78125,1345.65625
