group,track_id,total_frames,mean_match_cost,max_match_cost,mean_center_distance,max_center_distance,mean_iou,min_iou,suspicious,suspicion_reason
zm1_1,1,97,0.0005559714268269371,0.0157536268556005,5.6407176222127836e-05,0.0011331839442092,0.9985162663934783,0.9564777327935222,False,
zm1_1,2,97,0.00022544147208790926,0.008235294117647,2.4781919111814433e-05,0.000801282051282,0.999401905072385,0.976470588235294,False,
zm1_1,3,97,0.002570492702178164,0.0189299450401928,0.0004026090460602361,0.0025338763302631,0.9934034376507457,0.9492419248516808,False,
zm1_1,4,97,0.0007879450116130227,0.0084580885510777,0.00014385254396619794,0.0011331839442092,0.9980158832627573,0.9779385171790236,False,
zm1_1,5,97,0.0010966144119133909,0.0089633736874473,0.00018515574248588866,0.0011331839442092,0.9972106766305784,0.9764948453608248,False,
zm1_1,6,97,0.0005532160890455155,0.0134494811857672,8.797813854639483e-05,0.0017917211358171,0.9985827705743133,0.9649003930071826,False,
zm1_1,7,97,0.0010397231443460434,0.0170899041434755,0.0001108099851504464,0.0016025641025641,0.9972351524171478,0.9541478929234032,False,
zm1_1,8,97,0.00048538953829612477,0.0058238636363636,7.43457573354433e-05,0.000801282051282,0.9987512434399198,0.9848484848484848,False,
zm1_1,9,97,0.002624796602375937,0.0199685167910447,0.0004498979046054154,0.0025338763302631,0.9933361058160503,0.9474113805970148,False,
zm1_1,10,97,0.007428693142018986,0.0253993339248101,0.0010892858521829494,0.0043150359031526,0.9807981218911426,0.9316394434361768,False,
zm1_10,1,97,0.000748712986145465,0.0148808349544973,0.00010792108695352164,0.0017917211358171,0.9980612449153552,0.9608108108108108,False,
zm1_10,2,97,0.0005439948493723227,0.0055932971014492,9.086703674331959e-05,0.000801282051282,0.998614482070031,0.9855072463768116,False,
zm1_10,3,97,0.0009767699787972103,0.0102521929824561,0.00015211318367013712,0.0016025641025641,0.9974917245445382,0.9729427131927598,False,
zm1_10,4,97,0.001584608079633372,0.0097916666666666,0.00023814124970876805,0.0016025641025641,0.9959148106647924,0.975,False,
zm1_10,5,97,0.0012228382644428278,0.015278616411798,0.00017884517528971854,0.0017917211358171,0.99683831742713,0.9596742923613804,False,
zm1_10,6,97,0.0008354107973954278,0.0119791666666666,0.00012249229385363403,0.0016025641025641,0.997840597696027,0.96875,False,
zm1_10,7,97,0.0003127823699230474,0.005250563063063,4.956383822362887e-05,0.000801282051282,0.9991983832140637,0.9864864864864864,False,
zm1_10,8,97,0.0005171498848160711,0.0107692307692307,5.782447792756701e-05,0.000801282051282,0.9986298172166767,0.9692307692307692,False,
zm1_10,9,97,0.0010186001578342092,0.0157516891891892,0.00016521279407876493,0.0024038461538461,0.9973965375951914,0.9594594594594594,False,
zm1_10,10,97,0.0006978511946036783,0.0104171305298442,9.428870574256907e-05,0.0011331839442092,0.9981812470403685,0.9723412543825476,False,
zm1_11,1,97,0.002391333768768374,0.0298467159419057,0.00028994796994161545,0.0043150359031526,0.993706092604839,0.9227373068432672,False,
zm1_11,2,97,0.0004014816277603928,0.0096261820678063,6.124614692681649e-05,0.0011331839442092,0.9989666524792629,0.9746011071312276,False,
zm1_11,3,97,0.00045136187689465677,0.005126096491228,7.43457573354433e-05,0.000801282051282,0.9988484653296382,0.986842105263158,False,
zm1_11,4,97,0.0014741637685201237,0.0106861663379295,0.00020025972018832577,0.0011331839442092,0.9961600144274351,0.9715725806451612,False,
zm1_11,5,97,0.002989345953844528,0.0263624240852463,0.0004217454953786557,0.0033995518326276,0.9922422531947189,0.9309922417313188,False,
zm1_11,6,97,0.001016260685341768,0.0093333333333333,0.00014385254396619794,0.0011331839442092,0.9973635527663892,0.9733333333333334,False,
zm1_11,7,97,0.0012029661318507588,0.014493161939287,0.00018079524779747834,0.0017917211358171,0.9968987165120503,0.961918447997126,False,
zm1_11,8,97,0.000699132089113201,0.0108538716165219,9.28714040371299e-05,0.0011331839442092,0.9981749552100312,0.971093422706326,False,
zm1_11,9,97,0.0025741215168086896,0.0184116390680944,0.0004033496804941845,0.0025338763302631,0.993394445072893,0.952101087275933,False,
zm1_11,10,97,0.000785792788270566,0.0114894278606965,0.00011564895585513503,0.0016025641025641,0.9979696543801008,0.9701492537313432,False,
zm1_12,1,97,0.006489798929919093,0.0540658510124612,0.0007954227676321361,0.0082497036386113,0.9829349310544051,0.8608470181503889,False,
zm1_12,2,97,0.0006338928684351134,0.0107692307692307,6.124614692681649e-05,0.0011331839442092,0.9983026203630495,0.9692307692307692,False,
zm1_12,3,97,0.010441938108302587,0.0587427031086348,0.0016485012256437547,0.0085177450422553,0.9732273933953309,0.847982374768089,False,
zm1_12,4,97,0.002713102953098134,0.0220668859649122,0.0005660853156630279,0.0056089743589743,0.9932995785773796,0.9473684210526316,False,
zm1_12,5,97,0.00131864136969234,0.0182833939546668,0.0001768951027819536,0.0016025641025641,0.9965609727060455,0.9498662160259118,False,
zm1_12,6,97,8.630629408572887e-05,0.0042050438596491,1.6521279407876288e-05,0.000801282051282,0.9997840929643698,0.9894736842105264,False,
zm1_12,7,97,0.0008474481856446267,0.0096104582696958,0.00013075293355757216,0.0016025641025641,0.9978215463461936,0.9746460322686862,False,
zm1_12,8,97,0.0017166189058590792,0.0093303195637359,0.00029454842593089586,0.0016025641025641,0.9956423930599886,0.9754464285714286,False,
zm1_12,9,97,0.0008694272407591959,0.0123319892473118,0.0001239095955590732,0.0016025641025641,0.9977460399895834,0.967741935483871,False,
zm1_12,10,97,0.0006759597908965783,0.008971863681383,9.428870574256907e-05,0.0011331839442092,0.9982437939081031,0.9753086419753086,False,
zm1_2,1,97,0.0007516924628451917,0.0142311067997043,9.912767644725773e-05,0.000801282051282,0.998036401505273,0.9608277900960828,False,
zm1_2,2,97,0.0007613332330241289,0.0096901922737541,0.0001190706248543835,0.0011331839442092,0.9980458933518035,0.9744182208285196,False,
zm1_2,3,97,0.0003166027871841711,0.0055208333333333,4.956383822362887e-05,0.000801282051282,0.9991874677361747,0.9857142857142858,False,
zm1_2,4,97,0.005170230377652296,0.4126172423816826,0.001254318141609401,0.1083272879894196,0.9875573611839823,0.0222728423184004,True,"high_match_cost, low_iou"
zm1_2,5,97,0.0004822900355774165,0.0091194988713277,7.776742633469279e-05,0.0011331839442092,0.9987664536901147,0.9760487734068806,False,
zm1_2,6,97,0.000665008945088564,0.0104808877455541,9.428870574256907e-05,0.0011331839442092,0.9982750820389832,0.9721590909090908,False,
zm1_2,7,97,0.0006857226544652321,0.014837977392649,9.623877825033298e-05,0.0017917211358171,0.9982195215754214,0.9609332609875204,False,
zm1_2,8,97,0.000611398479865831,0.0150088507625272,6.608511763150515e-05,0.000801282051282,0.9983758767045562,0.9586056644880174,False,
zm1_2,9,97,0.0009461203408945051,0.0105011261261261,0.00015211318367013712,0.0016025641025641,0.9975792949385459,0.972972972972973,False,
zm1_2,10,97,0.0012448834847433722,0.0093785448723779,0.00020509869089301442,0.0011331839442092,0.9968240876123916,0.9753086419753086,False,
zm1_3,1,97,0.0027851402884836807,0.0121314213008903,0.00044868410323823917,0.0017917211358171,0.9928757267960605,0.9686662783925452,False,
zm1_3,2,97,0.001130601968045298,0.0111865942028985,0.0001652127940787639,0.0016025641025641,0.9970765324231596,0.9710144927536232,False,
zm1_3,3,97,0.0006831322791609041,0.010016639800786,9.771037474181856e-05,0.0011331839442092,0.9982296556126321,0.9734855136084284,False,
zm1_3,4,97,0.002333485151192724,0.0174652777777777,0.0003669622371019732,0.0017917211358171,0.9940144008654959,0.9515873015873016,False,
zm1_3,5,97,0.0009547528707563568,0.0099958288229952,0.00013559190426225978,0.0011331839442092,0.997523948191469,0.9733333333333334,False,
zm1_3,6,97,0.0008629106016889269,0.0048958333333333,0.00015695215437482474,0.000801282051282,0.9978260237104419,0.9875,False,
zm1_3,7,97,0.0035878147958295858,0.1291903041796148,0.0005873738628772247,0.0241051425584796,0.9908399377572589,0.6756515385239912,False,
zm1_3,8,97,0.0016738782509252454,0.0146055911680911,0.00019199908048438867,0.0016025641025641,0.9955740604325416,0.9597578347578348,False,
zm1_3,9,97,0.0005380853182851505,0.0161354512735326,5.782447792756701e-05,0.000801282051282,0.9985700016924793,0.9553868058851448,False,
zm1_3,10,97,0.0008598720591631052,0.0079723597359736,0.00015695215437482577,0.0016025641025641,0.9978347052605158,0.9801980198019802,False,
zm1_4,1,97,0.0005186065201225743,0.0174145803810423,5.298550722287835e-05,0.0011331839442092,0.9986166687416351,0.9502440560541648,False,
zm1_4,2,97,0.0009787722367646649,0.0129498106060606,0.00012249229385363403,0.0016025641025641,0.9974309935835434,0.9644886363636364,False,
zm1_4,3,97,0.00036792197779741444,0.0116477272727272,4.95638382236299e-05,0.0016025641025641,0.9990408414772798,0.9696969696969696,False,
zm1_4,4,97,0.0009936074219238857,0.0092769607843137,0.00016379549237332785,0.0016025641025641,0.9974653132803394,0.9758461309080064,False,
zm1_4,5,97,0.00029825716530561546,0.0095973290574068,3.988589681425155e-05,0.0011331839442092,0.9992219104789247,0.9746835443037974,False,
zm1_4,6,97,0.004020570702193879,0.0223974810435595,0.0005529329900679804,0.0033037705333474,0.9895395306895722,0.9421427708660466,False,
zm1_4,7,97,0.0005055863980131587,0.0098121715169267,7.776742633469279e-05,0.0011331839442092,0.9986998926545839,0.9740697087051692,False,
zm1_4,8,97,0.004790621454482732,0.0233871202681634,0.000629527313635865,0.0035834422716342,0.9874816322839445,0.938076416337286,False,
zm1_4,9,97,0.0004153059003367062,0.0114635831061451,4.8146536518189694e-05,0.0011331839442092,0.9989028267097146,0.9693513898788312,False,
zm1_4,10,97,0.0002390113794309227,0.0091390139111825,3.16252571103134e-05,0.0011331839442092,0.9993758429648307,0.9759930161501528,False,
zm1_5,1,97,0.00032393168665169174,0.0160262978142076,3.3042558815752576e-05,0.000801282051282,0.9991358456473673,0.9556986729117876,False,
zm1_5,2,97,0.006209996467630663,0.0230180654913984,0.0010573184877373434,0.0040064102564102,0.9842207444268531,0.9416745747864808,False,
zm1_5,3,97,0.0007462833730712289,0.009576659653826,0.00011423165414969485,0.0011331839442092,0.9980799062917888,0.9747425997425996,False,
zm1_5,4,97,0.0015616677293781773,0.0094659813284418,0.00020910742548063506,0.0011331839442092,0.9959264345633836,0.9750588235294118,False,
zm1_5,5,97,0.0003417498419070341,0.0096901922737541,3.646422781500206e-05,0.0011331839442092,0.9990912911604934,0.9744182208285196,False,
zm1_5,6,97,0.0014664245169939132,0.0121319885011895,0.00019542074948363712,0.0011331839442092,0.9961731399147727,0.9668252709489824,False,
zm1_5,7,97,0.0009705066883737587,0.0152847652218782,0.00012390959555907217,0.000801282051282,0.9974572415678276,0.9578173374613004,False,
zm1_5,8,97,0.00028849787070308144,0.0097222222222222,2.8203588111063918e-05,0.0011331839442092,0.999228098461626,0.9722222222222222,False,
zm1_5,9,97,0.0032980785272344938,0.017491149350526,0.000473277146607401,0.0022663678884184,0.9914558617658865,0.9533527696793004,False,
zm1_5,10,97,0.0008996514334035958,0.0136484800362976,0.00011907062485438454,0.0016025641025641,0.9976506984935765,0.9624924379915304,False,
zm1_6,1,97,0.0006361371102186021,0.0116318398340062,8.602806603863093e-05,0.0011331839442092,0.9983422318077328,0.9688706563706564,False,
zm1_6,2,97,0.001071529679353403,0.0137388203349142,0.00016379549237332373,0.0011331839442092,0.9972426782591121,0.962234322852626,False,
zm1_6,3,97,0.0002868752799594598,0.0062585382513661,4.1303198519690725e-05,0.000801282051282,0.999257062283081,0.9836065573770492,False,
zm1_6,4,97,0.0006788088936445196,0.0100800039071703,0.00010254934544650721,0.0011331839442092,0.9982509948025591,0.9733044733044732,False,
zm1_6,5,97,0.0018568036829416936,0.0132266230641643,0.0002605670414259814,0.0017917211358171,0.9951787568399577,0.9655371304974766,False,
zm1_6,6,97,0.004121041594643316,0.0270359848484848,0.0003325932256555247,0.0032051282051282,0.9888432685772365,0.9242424242424242,False,
zm1_6,7,97,0.00024702066261344434,0.0060763888888889,3.3042558815752576e-05,0.000801282051282,0.9993555914303337,0.984126984126984,False,
zm1_6,8,97,0.004278317529414443,0.0388565562546757,0.0006849550823927464,0.0050677526605262,0.9890482950689738,0.8983928084990466,False,
zm1_6,9,97,0.0004584414008439742,0.0096324737243317,6.950678663075464e-05,0.0011331839442092,0.9988192514584743,0.9745831309697264,False,
zm1_6,10,97,0.0023020843374063197,0.0138884385972067,0.00031986311584503814,0.0017917211358171,0.9940166476796942,0.963646228974498,False,
zm1_7,1,97,0.0006834058160237887,0.0055932971014492,0.00010738831615119588,0.000801282051282,0.9982468473984986,0.9855072463768116,False,
zm1_7,2,97,0.0025695707525315546,0.0108528471765095,0.000577305953586531,0.0024038461538461,0.9937305089065706,0.9723193473193472,False,
zm1_7,3,97,0.0019894011963529443,0.0152744817941358,0.00028481618973547626,0.0017917211358171,0.9948449409342146,0.9596861055547008,False,
zm1_7,4,97,0.0009541866786926918,0.0153971849262029,0.00011713867869001547,0.0017917211358171,0.9974912956070167,0.9593355251773664,False,
zm1_7,5,97,0.0005240837345638113,0.0098461586048318,7.776742633469279e-05,0.0011331839442092,0.998647043121582,0.973972602739726,False,
zm1_7,6,97,0.0024371622498420187,0.0191224056334815,0.00032208816403080516,0.0025338763302631,0.9936348430193657,0.9483407458091002,False,
zm1_7,7,97,0.00040815713321166596,0.0059895833333333,6.608511763150515e-05,0.000801282051282,0.9989565662664253,0.984375,False,
zm1_7,8,97,0.0009880875492280041,0.0059054487179486,0.00017347343378270103,0.000801282051282,0.997499057664945,0.9846153846153848,False,
zm1_7,9,97,0.00031927187409631956,0.0059054487179486,4.956383822362887e-05,0.000801282051282,0.9991798417735688,0.9846153846153848,False,
zm1_7,10,97,0.00048546942819969996,0.00995661088605,7.292845563000412e-05,0.0011331839442092,0.9987483830513136,0.9736570247933884,False,
zm1_8,1,97,0.0007908639164766227,0.0064530367231638,0.00011564895585513402,0.000801282051282,0.9979551654423692,0.9830508474576272,False,
zm1_8,2,97,0.0009193048194688845,0.0113357843137254,0.0001239095955590742,0.0016025641025641,0.9976035326218415,0.9705882352941176,False,
zm1_8,3,97,0.0017701470950823226,0.0210309280721955,0.0002294745551179928,0.0022663678884184,0.9953686039021268,0.9441206030150754,False,
zm1_8,4,97,0.002044507343087964,0.0192830842079724,0.0002846851105266392,0.0025338763302631,0.9946872513678696,0.9496112440191388,False,
zm1_8,5,97,0.00197371237416747,0.0188099573743789,0.0002731338810322845,0.0017917211358171,0.9948680704242957,0.9495847467540064,False,
zm1_8,6,97,0.00045207081483775256,0.0053153538812785,7.43457573354433e-05,0.000801282051282,0.9988464397926579,0.9863013698630136,False,
zm1_8,7,97,0.0015239765118488452,0.0252768958787661,0.00020402878599501856,0.0035834422716342,0.9960246919972797,0.934435261707989,False,
zm1_8,8,97,0.0010096281534442669,0.0179760860822853,0.00015069588196469795,0.0022663678884184,0.9973952119138079,0.9528487229862476,False,
zm1_8,9,97,0.00383025656596226,0.0124107002429833,0.0009937596077827051,0.0032051282051282,0.9909019633688471,0.9678683385579936,False,
zm1_8,10,97,0.00044469337619711856,0.0094594594594594,4.956383822362887e-05,0.000801282051282,0.9988214946247093,0.972972972972973,False,
zm1_9,1,97,0.0012449494642590556,0.0092294105584609,0.0001968380511890763,0.0011331839442092,0.996808557911468,0.9757347400150717,False,
zm1_9,2,97,0.0005309344618240073,0.0104477611940298,6.124614692681649e-05,0.0011331839442092,0.9985967872390812,0.9701492537313432,False,
zm1_9,3,97,0.0002614971247690567,0.0097064769711433,3.646422781500206e-05,0.0011331839442092,0.9993205846380305,0.9743716931216932,False,
zm1_9,4,97,0.006537558164857249,0.0265394656019656,0.0012657214806141288,0.0040857528153788,0.9836718879929769,0.9316134316134316,False,
zm1_9,5,97,0.0008422477281165372,0.009908167196872,0.00012107499214819381,0.0011331839442092,0.9978184314765136,0.9737954353338968,False,
zm1_9,6,97,0.011286994571597918,0.102590984383655,0.001645253359714233,0.0088141025641025,0.9708069146063323,0.7232519493800332,False,
zm1_9,7,97,0.0004346075451580237,0.0055932971014492,7.43457573354433e-05,0.000801282051282,0.9988963348488858,0.9855072463768116,False,
zm1_9,8,97,0.002707299457044366,0.0166042518135102,0.0003889638475889526,0.0022663678884184,0.9929872201253955,0.956768249468462,False,
zm1_9,9,97,0.0037606275559824765,0.0314905303030303,0.0003812182381899887,0.0040064102564102,0.9899633265681173,0.9115151515151516,False,
zm1_9,10,97,0.0016315831055715773,0.0111156108123424,0.00023330227900407834,0.0011331839442092,0.9957716096450887,0.9703455964325528,False,
zm2_1,1,97,0.0028066938708640977,0.0130081815114709,0.0003913742697696031,0.0017917211358171,0.9927077125842461,0.9643218623481782,False,
zm2_1,2,97,0.004102765962957231,0.0164066726565194,0.0005907675853982102,0.0017917211358171,0.9893749513358617,0.9552282768777616,False,
zm2_1,3,97,0.0011452695097916494,0.0108847177118841,0.00015553485266938557,0.0011331839442092,0.9970166518412671,0.971005291005291,False,
zm2_1,4,97,0.00448665490997219,0.0151338909923074,0.0007377081646062597,0.0017917211358171,0.9885510154200624,0.9588647959183674,False,
zm2_1,5,97,0.0043899589247893165,0.0174358042160727,0.0005912279350710938,0.0022663678884184,0.9885552549514482,0.9522879009933236,False,
zm2_1,6,97,0.0032579552161627573,0.0194471945109674,0.00041481169415145876,0.0028890635220064,0.9914619211001019,0.9498019907952476,False,
zm2_1,7,97,0.0023187961587045175,0.0240601053639846,0.00040195486842549584,0.0040064102564102,0.9941213557307773,0.9386973180076628,False,
zm2_1,8,97,0.001719876375288864,0.0512628366831079,0.0002462517320571072,0.0062582128813354,0.9955433921444236,0.8651571476850287,False,
zm2_1,9,97,0.0015084416342382506,0.0354402464512112,0.0002458268780886402,0.0058334213856414,0.9961467023900553,0.9095756498555876,False,
zm2_1,10,97,0.0005999283108168764,0.0063541666666666,9.086703674331959e-05,0.000801282051282,0.9984546721801894,0.9833333333333332,False,
zm2_10,1,97,0.0022402812905210146,0.0151449592074592,0.0003344343227451464,0.0011331839442092,0.9942202886264666,0.9582167832167832,False,
zm2_10,2,97,0.0022542049508867813,0.0118287655971479,0.00031903287972796595,0.0017917211358171,0.9941519040598182,0.9676916221033868,False,
zm2_10,3,97,0.0026266427737421773,0.0121841089931537,0.0003315454245482237,0.0017917211358171,0.9931110335777548,0.9667567567567568,False,
zm2_10,4,97,0.00760001663207546,0.416393483249906,0.0015270392380812537,0.1021438203844708,0.9811215967790782,0.0,True,"high_match_cost, low_iou"
zm2_10,5,97,0.001324003198207231,0.0099568013867075,0.0002002597201883278,0.0016025641025641,0.9965890446283291,0.9736564805057956,False,
zm2_10,6,97,0.0041765090313983086,0.0178610989936926,0.0005947220251997835,0.0022663678884184,0.9891716008142329,0.9531772575250836,False,
zm2_10,7,97,0.004709665710405725,0.0152047333514616,0.0007748940389662443,0.0017917211358171,0.9879829011854923,0.9598853868194842,False,
zm2_10,8,97,0.0023747794608445704,0.0167579888334521,0.00033875864899090717,0.0017917211358171,0.9938440390314272,0.955096222380613,False,
zm2_10,9,97,0.0012323671533313258,0.010630707762557,0.0001817340734866402,0.0016025641025641,0.9968164571269571,0.9726027397260274,False,
zm2_10,10,97,0.0018751321308260816,0.0154220545471349,0.000304628058933768,0.0025338763302631,0.9952082174499453,0.9606427573358174,False,
zm2_11,1,97,0.0034412885090603093,0.0194834307226692,0.00046914169610429276,0.0022663678884184,0.9910390102668785,0.948542024013722,False,
zm2_11,2,97,0.0006563417930003062,0.009431882063736,0.00010254934544650721,0.0011331839442092,0.9983151865186854,0.97515625,False,
zm2_11,3,97,0.001106027913715094,0.010778149605316,0.00015211318367013607,0.0011331839442092,0.9971224161590585,0.9713097713097714,False,
zm2_11,4,97,0.0023852961526992043,0.0109375,0.0004212926249008567,0.0024038461538461,0.9939672687242468,0.9705494505494504,False,
zm2_11,5,97,0.0043629888708555074,0.0534055525960052,0.0006994185820643917,0.0073874554946257,0.9888332377356752,0.8611322670728612,False,
zm2_11,6,97,0.0038703746237079895,0.0155589409660828,0.0005607768091375196,0.0022663678884184,0.9899832294349468,0.9597548518896832,False,
zm2_11,7,97,0.0038232904689395205,0.0121438046192259,0.0005221453296705681,0.0017917211358171,0.9900460114152753,0.9667915106117352,False,
zm2_11,8,97,0.0008688654008561516,0.0067708333333333,0.00011564895585513402,0.000801282051282,0.9977323040584277,0.9821428571428572,False,
zm2_11,9,97,0.0023783956407796287,0.012642233531943,0.00032759098474664745,0.0011331839442092,0.9938129671408734,0.9653674280039722,False,
zm2_11,10,97,0.0020363408331867793,0.0142487308878138,0.00029165952773397115,0.0017917211358171,0.9947235367424009,0.9626168224299064,False,
zm2_12,1,97,0.004523215892283721,0.0263824741756058,0.0007785614364636691,0.0040064102564102,0.988522425832622,0.932061978545888,False,
zm2_12,2,97,0.002380124671234136,0.0189116571728249,0.0003014098902727917,0.0024038461538461,0.9937594050212663,0.949278965688712,False,
zm2_12,3,97,0.00050423928438957,0.0050080128205128,8.260639703938145e-05,0.000801282051282,0.9987127282105316,0.9871794871794872,False,
zm2_12,4,97,0.0019785251008623476,0.0127062510548516,0.0002950269019471773,0.0017917211358171,0.9948949782440094,0.9670239076669416,False,
zm2_12,5,97,0.0023966349059052414,0.0141600989755006,0.0003509013073669825,0.0024038461538461,0.9938041455539522,0.9616470588235294,False,
zm2_12,6,97,0.0004208412863229825,0.0104477611940298,3.3042558815752576e-05,0.000801282051282,0.9988589610768779,0.9701492537313432,False,
zm2_12,7,97,0.0038689479902209558,0.01633646867912,0.0006618580598403227,0.0025338763302631,0.9901750278533578,0.9580301455301456,False,
zm2_12,8,97,0.0031972398727205475,0.0122649423628765,0.00047977658954622684,0.0017917211358171,0.9917560426013843,0.968284789644013,False,
zm2_12,9,97,0.0024596765054902617,0.0114286924119241,0.00041845802148996803,0.0016025641025641,0.9937494891670806,0.9688346883468836,False,
zm2_12,10,97,0.0006119272458584185,0.0146486223799864,7.43457573354433e-05,0.000801282051282,0.9983897071325989,0.9596348884381338,False,
zm2_2,1,97,0.0004371438506338248,0.0053819444444444,7.43457573354433e-05,0.000801282051282,0.998889088261812,0.9861111111111112,False,
zm2_2,2,97,0.0016999029111037216,0.0179980645008074,0.00025466252911664433,0.0016025641025641,0.9956160792366345,0.951553149045312,False,
zm2_2,3,97,0.000521676860030833,0.0076086956521739,7.43457573354433e-05,0.000801282051282,0.9986475653778206,0.9782608695652174,False,
zm2_2,4,97,0.002309447764604836,0.0111268939393939,0.000331012653745901,0.0016025641025641,0.9940163156009428,0.9696969696969696,False,
zm2_2,5,97,0.00020351962445902682,0.0097821776718441,2.8203588111063918e-05,0.0011331839442092,0.9994708934508948,0.9741554054054054,False,
zm2_2,6,97,0.0005632599377106298,0.0146358417598638,7.487852813776804e-05,0.0017917211358171,0.9985297460159398,0.9615107913669064,False,
zm2_2,7,97,0.007697674692599864,0.119073423220745,0.0011370779533133454,0.0255029334340377,0.9801183599344394,0.7071528100325127,False,
zm2_2,8,97,0.0048242029998515415,0.0167004048582995,0.0007104434021843598,0.0022663678884184,0.9875359577473379,0.9522845575477156,False,
zm2_2,9,97,0.001380318857470133,0.0372437139775391,0.00020236069333754946,0.0048740084377389,0.9964320445519979,0.9026411185914034,False,
zm2_2,10,97,0.0019551381983146164,0.0162142328507398,0.00026203863791746703,0.0017917211358171,0.9949005340466621,0.9570011025358324,False,
zm2_3,1,97,0.0026896584824131695,0.0124936362554174,0.0004753979685144247,0.0024038461538461,0.9931981434203463,0.9676313785224676,False,
zm2_3,2,97,0.002226046539457199,0.01205350762717,0.00040388681458986084,0.0017917211358171,0.994389942542932,0.9688888888888888,False,
zm2_3,3,97,0.001781969377388465,0.012880867786391,0.00023530664629788865,0.0011331839442092,0.9953456569791577,0.9646856158484064,False,
zm2_3,4,97,0.0026955962668208946,0.0100673979766899,0.00047427813212373195,0.0016025641025641,0.9931790986258844,0.9733404902487028,False,
zm2_3,5,97,0.0031476912533804414,0.0223108344305706,0.000438266774786534,0.0033995518326276,0.9918205204292309,0.9425682121732494,False,
zm2_3,6,97,0.0022651891480293318,0.0192585619577869,0.00040383384091061754,0.0033037705333474,0.9942780081387502,0.9511111111111112,False,
zm2_3,7,97,0.003075569548212435,0.0146959459459459,0.00042388405778303196,0.0032051282051282,0.9919998716838472,0.963963963963964,False,
zm2_3,8,97,0.0025960415425442308,0.0168318274555523,0.00038246259731483916,0.0025338763302631,0.9932930261306012,0.9519090644127076,False,
zm2_3,9,97,0.0020010588051393432,0.0076454402515723,0.00042129262490085776,0.0016025641025641,0.9950650897172749,0.981132075471698,False,
zm2_3,10,97,0.0007586595295765763,0.0103068820637359,0.00011423165414969485,0.0011331839442092,0.9980445458446305,0.97265625,False,
zm2_4,1,97,0.0002251503335842691,0.0044534176029962,4.1303198519690725e-05,0.000801282051282,0.9994334192727244,0.9887640449438202,False,
zm2_4,2,97,0.000803937355574201,0.0097873060612809,0.00011765332314894432,0.0011331839442092,0.997921535155636,0.9741407528641572,False,
zm2_4,3,97,0.00036140520145273093,0.0099890205441281,4.330756581350103e-05,0.0011331839442092,0.9990478420466458,0.973564425770308,False,
zm2_4,4,97,0.0002574739312619474,0.0097699703734525,3.646422781500206e-05,0.0011331839442092,0.9993320794766223,0.9741902834008096,False,
zm2_4,5,97,0.001078622087817336,0.0103483119879784,0.00016379549237332373,0.0011331839442092,0.9972224142349294,0.9725378787878788,False,
zm2_4,6,97,0.00359041433173293,0.0262734780118233,0.0005591274111723267,0.0043150359031526,0.9907800528157973,0.932946558072074,False,
zm2_4,7,97,0.0018565894951934783,0.0143983463638619,0.00025324522741120513,0.0016025641025641,0.9951657711503538,0.960349962769918,False,
zm2_4,8,97,0.0007548805468264124,0.0092769607843137,0.00013217023526301133,0.0016025641025641,0.9980886574459845,0.976470588235294,False,
zm2_4,9,97,0.0006298837715830969,0.0100822813232408,9.771037474181856e-05,0.0011331839442092,0.9983817942057116,0.9732979664014146,False,
zm2_4,10,97,0.001696025554690341,0.0537813151203974,0.0002713993529546835,0.0083656302154731,0.9956582400706577,0.8618752700561717,False,
zm2_5,1,97,0.0013059746463714504,0.0099407218128709,0.0001968380511890763,0.0011331839442092,0.9966342002482897,0.9737024221453288,False,
zm2_5,2,97,0.0017793282068455905,0.010120447404645,0.0002911267569316474,0.0016025641025641,0.995456869100457,0.9731889204545454,False,
zm2_5,3,97,0.0011407328278503599,0.0080459770114942,0.0001899947131905773,0.000801282051282,0.9970936106734957,0.9770114942528736,False,
zm2_5,4,97,0.0008649153679762764,0.0091390139111825,0.00014385254396619794,0.0011331839442092,0.9977959679588622,0.9759930161501528,False,
zm2_5,5,97,0.0017657686196711978,0.0099802927927927,0.0002731881758183299,0.0011331839442092,0.9954622962703163,0.972972972972973,False,
zm2_5,6,97,0.0008288863398768598,0.0087339743589743,0.0001239095955590732,0.0016025641025641,0.9978618711349615,0.976470588235294,False,
zm2_5,7,97,0.0013922089798600926,0.0093303195637359,0.00020852035989226393,0.0011331839442092,0.9964095121544854,0.9754464285714286,False,
zm2_5,8,97,0.0033556286359437094,0.0195979520716144,0.0003884310767866288,0.0022663678884184,0.9911338616113359,0.9473333333333334,False,
zm2_5,9,97,0.001833318106124274,0.0088463256612969,0.00028970945522620615,0.0011331839442092,0.9952999801136364,0.9768292682926828,False,
zm2_5,10,97,0.0010786718278578444,0.0098800880822544,0.00017689510278195053,0.0011331839442092,0.9972465999684297,0.9738756613756614,False,
zm2_6,1,97,0.002164496927227877,0.0110760757365754,0.0002683492051136412,0.0011331839442092,0.9943140858745599,0.9692307692307692,False,
zm2_6,2,97,0.0014725796689772227,0.0096679890214712,0.00021678099959620206,0.0011331839442092,0.9961952228021723,0.9744816586921852,False,
zm2_6,3,97,0.001431591248231557,0.0104164331742683,0.00024298022041345567,0.0011331839442092,0.9963609882715349,0.9723432468270504,False,
zm2_6,4,97,0.003457098193717374,0.0294854700025859,0.0004351382078086845,0.0040064102564102,0.9909306904038807,0.9231962761830876,False,
zm2_6,5,97,0.0010467760187091062,0.0055208333333333,0.0001652127940787629,0.000801282051282,0.9973160351355489,0.9857142857142858,False,
zm2_6,6,97,0.0010911596002964434,0.0142915411646586,0.0001486915146708866,0.000801282051282,0.9971585425263989,0.9606551204819276,False,
zm2_6,7,97,0.0027949038601482504,0.0198546565882792,0.0003061764398480423,0.0017917211358171,0.9925831737878656,0.9462486002239642,False,
zm2_6,8,97,0.0014865676124351784,0.0087574028970693,0.00020167702189376495,0.0011331839442092,0.9961272070051308,0.9770833333333332,False,
zm2_6,9,97,0.0021733562228437486,0.0128255208333333,0.0002532452274112041,0.0011331839442092,0.9942607233570672,0.96484375,False,
zm2_6,10,97,0.0014903235167422453,0.0129060734463276,0.00022645894100558245,0.0016025641025641,0.9961624994140326,0.9661016949152542,False,
zm2_7,1,97,0.0007901003342383268,0.0055932971014492,0.0001321702352630103,0.000801282051282,0.9979880294819503,0.9855072463768116,False,
zm2_7,2,97,0.0007553349468026753,0.0050662878787878,0.00012390959555907217,0.000801282051282,0.9980720179723164,0.987012987012987,False,
zm2_7,3,97,0.0006575056705929155,0.0102521929824561,9.086703674332061e-05,0.0016025641025641,0.9982901654379722,0.9736842105263158,False,
zm2_7,4,97,0.001573371979538237,0.0097222222222222,0.00025124086011739795,0.0016025641025641,0.995971241655823,0.9722222222222222,False,
zm2_7,5,97,0.0007616171233774287,0.0113426301697965,9.771037474182062e-05,0.0016025641025641,0.9980054132005851,0.9696969696969696,False,
zm2_7,6,97,0.0013267909199375042,0.0172283185636481,0.00020651599259845566,0.0016025641025641,0.9965926985007184,0.9537524231514816,False,
zm2_7,7,97,0.0018117985892672063,0.0100822813232408,0.000302809065634833,0.0011331839442092,0.9953857922954155,0.9732979664014146,False,
zm2_7,8,97,0.0009464832981075144,0.0098591549295774,0.0001321702352630103,0.000801282051282,0.9975412210137528,0.971830985915493,False,
zm2_7,9,97,0.001189871775863797,0.007070707070707,0.00019825535289451547,0.000801282051282,0.9969685548671933,0.9797979797979798,False,
zm2_7,10,97,0.0010319401176867742,0.0161739412988777,0.00013607038027854226,0.0017917211358171,0.997304301798555,0.9571162212554382,False,
zm2_8,1,97,0.003929040488518867,0.0184260366826156,0.0006804494096394989,0.0033037705333474,0.9900378617935622,0.9503303713830028,False,
zm2_8,2,97,0.003567220222587905,0.0148600535815002,0.0005692263245841134,0.0017917211358171,0.9908650768239764,0.9591346153846154,False,
zm2_8,3,97,0.0014035867747488773,0.0122847222222222,0.00021819830130164226,0.0016025641025641,0.9963949774888491,0.9663888888888889,False,
zm2_8,4,97,0.0017255680237149124,0.0126931179775281,0.000238141249708767,0.0011331839442092,0.9955120679674165,0.9652220438737292,False,
zm2_8,5,97,0.0066539220763480655,0.0489631120467027,0.0009749025993928649,0.0080527849528212,0.9827993274664494,0.8750605662075172,False,
zm2_8,6,97,0.0005340545189057732,0.0093118871680916,8.602806603863093e-05,0.0011331839442092,0.998633896354341,0.9754990925589836,False,
zm2_8,7,97,0.0014569157943516164,0.010294854021214,0.00024298022041345567,0.0011331839442092,0.9962886324254774,0.9726906158357772,False,
zm2_8,8,97,0.0008399183297274774,0.0166666666666666,0.00011564895585513608,0.0032051282051282,0.9978150099759381,0.9583333333333334,False,
zm2_8,9,97,0.001836020813103133,0.0148271426956128,0.00027460547752377316,0.0016025641025641,0.9952642078493923,0.9591248303934872,False,
zm2_9,1,97,0.00040657474254658454,0.010324704836738,6.124614692681649e-05,0.0011331839442092,0.998952100722731,0.9726053277914226,False,
zm2_9,2,97,0.001296881664168605,0.0140608375637035,0.00017884517528971545,0.0017917211358171,0.9966267648564848,0.962092731829574,False,
zm2_9,3,97,0.0006505432946878227,0.0096562682333945,8.602806603863093e-05,0.0011331839442092,0.9983010712806779,0.9745151466581184,False,
zm2_9,4,97,0.004468199149648478,0.0157785087719298,0.0006496394785870278,0.0017917211358171,0.9884401900326659,0.9578947368421052,False,
zm2_9,5,97,0.004875235233275502,0.0168317889165015,0.0007281206864255804,0.0022663678884184,0.9874229806082889,0.9561181434599156,False,
zm2_9,6,97,0.0013135985645308609,0.0138372569224265,0.0001837384407804495,0.0011331839442092,0.9965880897770755,0.9619530754597336,False,
zm2_9,7,97,0.0007010980206550113,0.0090839320777651,0.00011080998515044535,0.0011331839442092,0.9982026527705508,0.9761503928170596,False,
zm2_9,8,97,0.002297484112289637,0.0230650979054993,0.00037670015769755363,0.0033037705333474,0.9941353456863251,0.9402352941176472,False,
zm2_9,9,97,0.006701482857091257,0.1664214368179923,0.0009069022470068309,0.0248913855240529,0.9825371531527518,0.570737039350406,False,
zm2_9,10,97,0.0010000182402720133,0.0078651685393258,0.0001486915146708866,0.000801282051282,0.997418946412183,0.9775280898876404,False,
zm3_1,1,97,0.0004711451747806011,0.0100450802020338,6.124614692681649e-05,0.0011331839442092,0.998767613773491,0.973404255319149,False,
zm3_1,2,97,0.0008326584215789835,0.0094169124908639,0.0001190706248543835,0.0011331839442092,0.9978421070987896,0.9751990202082056,False,
zm3_1,3,97,0.0016478376272512205,0.018298245614035,0.00021335933059695258,0.0011331839442092,0.9956881312503909,0.947719298245614,False,
zm3_1,4,97,0.001157676902185633,0.0151338204981805,0.0001409636457692732,0.0017917211358171,0.9969541413358983,0.960087994971716,False,
zm3_1,5,97,0.0019347838237562403,0.0101886655011655,0.00033384725715677625,0.0016025641025641,0.9950920482668448,0.9723776223776224,False,
zm3_1,6,97,0.0020506870819280132,0.0299051565794134,0.0002954753658744835,0.0040857528153788,0.9946896340168296,0.922144522144522,False,
zm3_1,7,97,0.0014099233587376546,0.005126096491228,0.00023129791171026804,0.000801282051282,0.9964012008110685,0.986842105263158,False,
zm3_1,8,97,0.0006228527826826588,0.0057447139303482,9.912767644725773e-05,0.000801282051282,0.998404514877166,0.9850746268656716,False,
zm3_1,9,97,0.0004627712775186907,0.0083333333333333,6.608511763150515e-05,0.000801282051282,0.9988005258541194,0.9761904761904762,False,
zm3_10,1,97,0.0037062814995249527,0.1471504410387556,0.0005761199313127061,0.0275715553430853,0.9904805613023666,0.6307744855264281,False,
zm3_10,2,97,0.0023408331618632126,0.0145032051282051,0.00032817805033501956,0.0016025641025641,0.9939213787738701,0.9615384615384616,False,
zm3_10,3,97,0.0020331725119563868,0.0120963541666666,0.0002931311242254557,0.0011331839442092,0.9947353220536862,0.9669270833333332,False,
zm3_10,4,97,0.0023007997470890565,0.0175077498176513,0.0002780271465230196,0.0016025641025641,0.9939426225661455,0.9529540481400438,False,
zm3_10,5,97,0.002690437661542531,0.0146318710068296,0.0003825808592633371,0.0016025641025641,0.993023542562796,0.959682749504296,False,
zm3_10,6,97,0.0017936027136770981,0.0138356150074534,0.0002605670414259825,0.0017917211358171,0.9953593310378566,0.9637971535166504,False,
zm3_10,7,97,0.0010063410674057299,0.0174383580964998,0.0001375419767700237,0.0017917211358171,0.9973801749071279,0.9535036018336608,False,
zm3_10,8,97,0.0014969181862136837,0.0139823717948717,0.00019199908048438764,0.0011331839442092,0.9960796606174319,0.9615384615384616,False,
zm3_10,9,97,0.003689143776034597,0.165359620898444,0.000618391251577136,0.0289572291660138,0.9906080301071158,0.5813216515984714,False,
zm3_11,1,97,0.0011010018993333176,0.0110240615182521,0.00013559190426225978,0.0011331839442092,0.9971060938241061,0.9706071658442396,False,
zm3_11,2,97,0.000914768554183162,0.0121301665505533,0.00011423165414969485,0.0011331839442092,0.9975985200600404,0.9674468657519504,False,
zm3_11,3,97,0.0036621358958309584,0.0162787222678717,0.00045173588579330203,0.0017917211358171,0.9903756926569561,0.9555938494167552,False,
zm3_11,4,97,0.001322801027737032,0.0129556635144005,0.00020758153420310515,0.0017917211358171,0.9966060770556999,0.9663113006396588,False,
zm3_11,5,97,0.001004761469357963,0.008433734939759,0.00014043087496694846,0.000801282051282,0.9973900531410588,0.9759036144578314,False,
zm3_11,6,97,0.0010126056485048063,0.0101449275362318,0.0001652127940787629,0.000801282051282,0.9974136647647039,0.9710144927536232,False,
zm3_11,7,97,0.0020487265842529185,0.0097288952227283,0.0003324299554513361,0.0011331839442092,0.9947638653908298,0.9743076409743076,False,
zm3_11,8,97,0.003066534709435835,0.0136818820224719,0.0003928458662610845,0.0011331839442092,0.9919680431532396,0.9623970037453184,False,
zm3_11,9,97,0.0044935485779973505,0.0155123445036811,0.0006434013325202958,0.0017917211358171,0.9883561779661166,0.9586552061799588,False,
zm3_11,10,97,0.0008168514531986732,0.0099913772560436,0.00012249229385363297,0.0011331839442092,0.997893624393732,0.9735576923076924,False,
zm3_12,1,97,0.001714752189089962,0.0094865695637359,0.00024298022041345567,0.0011331839442092,0.9955519570119393,0.975,False,
zm3_12,2,97,0.0010275795269429826,0.0086828591330146,0.00016037382337407422,0.0011331839442092,0.9973618955950004,0.9772963155163468,False,
zm3_12,3,97,0.0004884781653523784,0.0099876708853218,6.124614692681649e-05,0.0011331839442092,0.9987180909432859,0.973568281938326,False,
zm3_12,4,97,0.0018809210764612627,0.0096399354703592,0.00030080469834102265,0.0011331839442092,0.9951845770784583,0.9745618116953622,False,
zm3_12,5,97,0.002069374377518329,0.0149030528052805,0.0003193303450427144,0.0024038461538461,0.9946805438478841,0.9603960396039604,False,
zm3_12,6,97,0.0007870789822547206,0.010814168093448,0.00011080998515044535,0.0011331839442092,0.997956992880266,0.9712068613436798,False,
zm3_12,7,97,0.0012585632957197413,0.010016639800786,0.0002002597201883268,0.0016025641025641,0.9967760157782933,0.9734855136084284,False,
zm3_12,8,97,0.0006937018577214762,0.0078651685393258,9.086703674331959e-05,0.000801282051282,0.998186747760462,0.9775280898876404,False,
zm3_12,9,97,0.00042059531535082885,0.0057447139303482,6.608511763150515e-05,0.000801282051282,0.9989210286031704,0.9850746268656716,False,
zm3_12,10,97,0.0003407286353914196,0.0078651685393258,4.1303198519690725e-05,0.000801282051282,0.9991031955532753,0.9775280898876404,False,
zm3_2,1,97,0.00028696374763866907,0.0047377008032128,4.956383822362887e-05,0.000801282051282,0.9992721507063048,0.9879518072289156,False,
zm3_2,2,97,0.004654359788656334,0.1427078852697385,0.0006544715855206258,0.0208948795038546,0.9879172764055202,0.6310679611650486,False,
zm3_2,3,97,0.0036450718886721412,0.012380256464109,0.0006119468248092474,0.0017917211358171,0.9907219815641538,0.9661159339120694,False,
zm3_2,4,97,0.002904004393039627,0.1390830996982453,0.00041386340902910105,0.0204287640768941,0.9924714480652266,0.640558848433531,False,
zm3_2,5,97,0.0011756358349695381,0.0142164855072463,0.00016237819066788455,0.0011331839442092,0.9969425999684701,0.9608695652173912,False,
zm3_2,6,97,0.0003897555282306423,0.0098121715169267,4.472486751894021e-05,0.0011331839442092,0.9989694732447333,0.9740697087051692,False,
zm3_2,7,97,0.00277024295112162,0.011862605485232,0.00040989991647128664,0.0017917211358171,0.9928462628416705,0.9675949367088608,False,
zm3_2,8,97,0.003543667542379197,0.0183168323653075,0.0005047760736482711,0.0028890635220064,0.9908126768728347,0.9530315969257044,False,
zm3_2,9,97,0.0016257530961502112,0.0105258415943873,0.00023672394800332782,0.0011331839442092,0.9957946213430056,0.9720306513409962,False,
zm3_2,10,97,0.0003395021255575989,0.0107449799926678,4.472486751894021e-05,0.0011331839442092,0.9991130543952278,0.9714045416316232,False,
zm3_3,1,97,0.00026008920652578147,0.0063541666666666,4.1303198519690725e-05,0.000801282051282,0.9993335939214628,0.9833333333333332,False,
zm3_3,2,97,0.002251317560456394,0.0133688528603234,0.0004038868145898649,0.0017917211358171,0.9943177396257915,0.9651307596513076,False,
zm3_3,3,97,0.0033153767110042256,0.0168005776671055,0.0004596257775074784,0.0025338763302631,0.9913810858410732,0.9567041198501872,False,
zm3_3,4,97,0.00341199184313449,0.0218778912893041,0.0005854452154402268,0.0028890635220064,0.9913387072768618,0.9428571428571428,False,
zm3_3,5,97,0.0017398101401531506,0.0121676768422566,0.0003081265123558051,0.0024038461538461,0.9956013488367946,0.9685626911314984,False,
zm3_3,6,97,0.00087883914450017,0.0091512209567496,0.00015211318367013607,0.0011331839442092,0.9977715269282441,0.9759581388771036,False,
zm3_3,7,97,0.00510315022177459,0.0218481833569516,0.0007873005521838907,0.0033037705333474,0.9868817003918426,0.9390647142182332,False,
zm3_3,8,97,0.005297908029875486,0.01774165715307,0.0007942604846891794,0.0028890635220064,0.9863381751004928,0.9531710914454278,False,
zm3_3,9,97,0.0023065743756501144,0.0121527777777777,0.00028912238963783816,0.0016025641025641,0.9939467290788985,0.9682539682539684,False,
zm3_3,10,97,0.0020904135192273063,0.0165914308761479,0.000285348960537799,0.0017917211358171,0.9945573237289207,0.9553471444568868,False,
zm3_4,1,97,0.006008245631113744,0.0467930458942992,0.000830107441904334,0.0080128205128205,0.9843752120174973,0.8811865355400975,False,
zm3_4,2,97,0.007529084418294385,0.1529410778094877,0.0010918438983667216,0.0062582128813354,0.9805160403304114,0.5746478873239437,False,
zm3_4,3,97,0.004844687796196925,0.0997737710319377,0.0006758031915976144,0.0155580832042849,0.9874130979381186,0.7438256658595641,False,
zm3_4,4,97,0.0053777602942687115,0.0195354729729729,0.0009265653746239916,0.0033037705333474,0.9863557348549625,0.9486486486486486,False,
zm3_4,5,97,0.00027255793676989894,0.0057447139303482,4.1303198519690725e-05,0.000801282051282,0.9992979689779082,0.9850746268656716,False,
zm3_4,6,97,0.003892313292129529,0.0190377992190345,0.0005719019332420804,0.0033037705333474,0.9899412084699366,0.951741861793261,False,
zm3_4,7,97,0.0032113793315853858,0.0119998991121129,0.0005751308368934454,0.0017917211358171,0.9918927306068438,0.9690420560747663,False,
zm3_4,8,97,0.004424023813137497,0.0213638698630137,0.0008218567719312835,0.0025338763302631,0.988886237396051,0.9434246575342464,False,
zm3_4,9,97,0.00109565736536944,0.0094491111841577,0.00017205613207726185,0.0011331839442092,0.9971890832013737,0.9751070239416522,False,
zm3_4,10,97,0.0005128437746153855,0.0101247182313376,8.602806603863093e-05,0.0011331839442092,0.9986944984808849,0.9731767180925668,False,
zm3_5,1,97,0.002961418580451003,0.0191377688172042,0.0006130838417536289,0.0032051282051282,0.9926773883333967,0.9497849462365592,False,
zm3_5,2,97,0.003462849001074401,0.0111268939393939,0.0005804301572710237,0.0017917211358171,0.9911840874318621,0.9696969696969696,False,
zm3_5,3,97,0.003952013609169442,0.0142213356973995,0.0006092389373138547,0.0024038461538461,0.9898399762859559,0.961617079264138,False,
zm3_5,4,97,0.003577653798374481,0.0161768018018018,0.0005558292488607412,0.0022663678884184,0.9908103863239571,0.9567567567567568,False,
zm3_5,5,97,0.004843615539724416,0.0171776906337059,0.0008095296011059093,0.0025338763302631,0.9876645105742697,0.954248366013072,False,
zm3_5,6,97,0.001851075907291665,0.0152628029231721,0.00024493029292122165,0.0017917211358171,0.9951660822374488,0.9584964761158966,False,
zm3_5,7,97,0.0029142867674452834,0.0148315716881119,0.0005179873895307216,0.0025338763302631,0.9926354429592847,0.9623298512187402,False,
zm3_5,8,97,0.001955370363519442,0.011829324620634,0.00036400091777560824,0.0024038461538461,0.995089229237242,0.969529411764706,False,
zm3_6,1,97,0.0009937564762502803,0.0095518680711986,0.00018515574248588866,0.0011331839442092,0.9975045564467587,0.9748134328358208,False,
zm3_6,2,97,0.009030692618030692,0.1066645388333218,0.0014686805857473998,0.0153084720949862,0.9769255707505861,0.7236741943669119,False,
zm3_6,3,97,0.0039052341150547865,0.0198513029754618,0.0005942029332033639,0.0025338763302631,0.9899457079757926,0.947987761826312,False,
zm3_6,4,97,0.005631420443846085,0.0577831300368293,0.000843717213751366,0.0068928888357713,0.9854771307002637,0.8477064220183487,False,
zm3_6,5,97,0.008706526292943885,0.0195967852985207,0.0014994884497259659,0.0040064102564102,0.9779089748553655,0.9493745885450956,False,
zm3_6,6,97,0.00898752082531128,0.1999874987916334,0.0016013319079699918,0.0392955122924334,0.9772952711853407,0.5015845262812807,False,
zm3_6,7,97,0.007859313635088148,0.0756342464798329,0.0014677382207762579,0.0159049945843583,0.9802706177383326,0.81344,False,
zm3_6,8,97,0.007036249464804778,0.0288403125527354,0.001283320683251738,0.0043150359031526,0.9822797399408825,0.9256127450980391,False,
zm3_6,9,97,0.00021763698294086905,0.009257854104438,1.9942948407125776e-05,0.0011331839442092,0.999415216952925,0.9756534727408512,False,
zm3_7,1,97,0.0023974533310617712,0.0099125995262827,0.00045633955101041546,0.0016025641025641,0.9939976210774143,0.9737827715355806,False,
zm3_7,2,97,0.0030995990976998133,0.0212928921568627,0.00038990267327811747,0.0024038461538461,0.9918681075426599,0.943627450980392,False,
zm3_7,3,97,0.003453830608306103,0.0168262135904066,0.0006263133129616495,0.0025338763302631,0.991295065843197,0.9566308743550412,False,
zm3_7,4,97,0.004524617097884664,0.0180908923303834,0.0009719571343406505,0.0040064102564102,0.9888775858269622,0.9557522123893806,False,
zm3_7,5,97,0.004503912576200827,0.0161149729383602,0.0008563761520774537,0.0025338763302631,0.9887220912075699,0.958166189111748,False,
zm3_7,6,97,0.003183625778297194,0.0203661265834218,0.0005604152025626907,0.0028890635220064,0.9919446974381958,0.9471764705882352,False,
zm3_7,7,97,0.0035934896392701434,0.015703179152751,0.0006562656374413515,0.0022663678884184,0.990951665785905,0.9593427427849168,False,
zm3_7,8,97,0.004218706272005414,0.0519937418772567,0.0006508730916541009,0.0085177450422553,0.9891553178216278,0.8672651211434548,False,
zm3_7,9,97,0.0042631811443367435,0.0251300626735088,0.0006494685550901422,0.0033995518326276,0.9890256383327767,0.9345132743362832,False,
zm3_7,10,97,0.005277216000331559,0.0543332364338651,0.0008718054239391795,0.0076016289907893,0.9865413072149397,0.8588794926004228,False,
zm3_8,1,97,0.002226583923502297,0.0177215189873417,0.0003095981088472866,0.0017917211358171,0.994213299563567,0.9493670886075948,False,
zm3_8,2,97,0.00038886622280164744,0.0064530367231638,5.782447792756701e-05,0.000801282051282,0.9989963419652893,0.9830508474576272,False,
zm3_8,3,97,0.0011746273975289372,0.0108647216927149,0.00018857741148513814,0.0011331839442092,0.9969941369141041,0.9710624224886316,False,
zm3_8,4,97,0.0008990279106430691,0.0099781077526425,0.00013075293355757216,0.0016025641025641,0.9976741757033409,0.9735956051745526,False,
zm3_8,5,97,0.0009648224557913732,0.0095890410958904,0.00013559190426225978,0.0011331839442092,0.9974951779485117,0.9726027397260274,False,
zm3_8,6,97,0.0014252127168357855,0.0111264676585521,0.00019341638218982682,0.0011331839442092,0.9962871655188218,0.9682539682539684,False,
zm3_8,7,97,0.00039432046849938147,0.0053153538812785,6.608511763150515e-05,0.000801282051282,0.9989960995941746,0.9863013698630136,False,
zm3_8,8,97,0.0012656036072688083,0.0103483119879784,0.00014585691126000824,0.0011331839442092,0.9966548668144292,0.9705882352941176,False,
zm3_8,9,97,0.0005043836861599485,0.0068844696969696,7.43457573354433e-05,0.000801282051282,0.998696974446023,0.9818181818181818,False,
zm3_8,10,97,0.0006735481085740906,0.009827478654645,7.97717936285031e-05,0.0011331839442092,0.9982237244493841,0.974025974025974,False,
zm3_9,1,97,0.000630372404495836,0.0110395998667663,8.944973503788042e-05,0.0011331839442092,0.9983650569236537,0.9705627705627704,False,
zm3_9,2,97,0.0004356274854578443,0.0094989691858427,6.950678663075464e-05,0.0011331839442092,0.9988844340738632,0.9749645725082664,False,
zm3_9,3,97,0.00036972233860514843,0.0055932971014492,5.782447792756701e-05,0.000801282051282,0.9990510387772793,0.9855072463768116,False,
zm3_9,4,97,0.0007429874876875536,0.0101283405834139,0.0001059710144457567,0.0011331839442092,0.9980739819191492,0.9731663685152058,False,
zm3_9,5,97,0.00031835225819692986,0.0100477041655682,4.472486751894021e-05,0.0011331839442092,0.9991734825876868,0.9733967582804792,False,
zm3_9,6,97,0.00036137146039878554,0.0056678921568627,5.782447792756701e-05,0.000801282051282,0.9990748984292975,0.9852941176470588,False,
zm3_9,7,97,0.0004478803162270989,0.0106060606060605,5.782447792756701e-05,0.000801282051282,0.998827730269788,0.9696969696969696,False,
zm3_9,8,97,0.001022741540394932,0.0076923076923077,0.0001486915146708866,0.000801282051282,0.9973540226975461,0.978021978021978,False,
zm3_9,9,97,0.0003417198225996226,0.0109452133789371,4.472486751894021e-05,0.0011331839442092,0.9991067181179648,0.9708324462422824,False,
zm3_9,10,97,0.0020868211305235403,0.0110416666666666,0.00030906533804496287,0.0016025641025641,0.9946116323977305,0.9714285714285714,False,
zm4_1,1,97,0.00042329829611944636,0.0093333333333333,5.782447792756701e-05,0.000801282051282,0.9988979646129528,0.9733333333333334,False,
zm4_1,2,97,0.0005005293812100815,0.0060763888888889,7.43457573354433e-05,0.000801282051282,0.9987079867458799,0.984126984126984,False,
zm4_1,3,97,0.0017009786690403094,0.0096282812182294,0.00027118380852451956,0.0011331839442092,0.9956436880185732,0.97459510955859,False,
zm4_1,4,97,0.0007323796986743082,0.0106732525702719,0.00010254934544650721,0.0011331839442092,0.998097935359617,0.971609477124183,False,
zm4_1,5,97,0.0016522090179864836,0.0101410721054934,0.00023530664629788865,0.0011331839442092,0.9957164008631632,0.9731299927378358,False,
zm4_1,6,97,0.0007106911191432959,0.0092931498594467,0.0001190706248543835,0.0011331839442092,0.9981905851057487,0.9755526277265408,False,
zm4_1,7,97,0.0010590912544967102,0.0163404248960512,0.00014580261647396186,0.0017917211358171,0.9972448012748897,0.9566405538349426,False,
zm4_1,8,97,0.00022796398635894022,0.0059054487179486,3.3042558815752576e-05,0.000801282051282,0.9994100390767752,0.9846153846153848,False,
zm4_10,1,97,0.0023361615945662155,0.0176451539430292,0.00034533982857173505,0.0025338763302631,0.9939665979828727,0.9542910447761194,False,
zm4_10,2,97,0.0029618069203985954,0.012562054635717,0.0004977694654455969,0.0017917211358171,0.9924621235204029,0.9674358974358974,False,
zm4_10,3,97,0.0009075532470137102,0.0249779098775216,0.0001093383886589598,0.0017917211358171,0.9976100477303275,0.9319620253164556,False,
zm4_10,4,97,0.0013126512065477834,0.0399526930754958,0.00019609741675512783,0.0050677526605262,0.9966137488981229,0.895260989010989,False,
zm4_10,5,97,0.00314019637431332,0.0366864795007685,0.0005099125096677145,0.0028890635220064,0.9919749907342019,0.9005468908243873,False,
zm4_10,6,97,0.0009352224231032907,0.0236217948717948,0.00013559190426226184,0.0032051282051282,0.9975797494704777,0.9384615384615383,False,
zm4_10,7,97,0.000931246741457968,0.0143915384966935,0.00014580261647396186,0.0017917211358171,0.9976100713121432,0.9622088006902502,False,
zm4_10,8,97,0.0037689224471996146,0.0185358403385711,0.00047841358262683606,0.0022663678884184,0.9901201325185938,0.9512494251111452,False,
zm4_11,1,97,0.003035957913524295,0.0148080428790733,0.000359803307445333,0.0016025641025641,0.9919940406751862,0.9591794012978856,False,
zm4_11,2,97,0.0006625108316024619,0.0127083333333333,8.260639703938247e-05,0.0016025641025641,0.9982605237899232,0.9666666666666668,False,
zm4_11,3,97,0.004707569681813973,0.1087042357149517,0.0007405523506140248,0.019297427209603,0.9879251124173861,0.7252545484894007,False,
zm4_11,4,97,0.00045981244561164224,0.0167619122520468,5.4935579730642264e-05,0.0017917211358171,0.998788273374895,0.9554363042463836,False,
zm4_11,5,97,0.002044117941138729,0.0184979838709677,0.0003371378469471979,0.0025338763302631,0.9947857761696484,0.9516129032258064,False,
zm4_11,6,97,0.002704546177398799,0.0156387559849097,0.0003670165318880206,0.0017917211358171,0.9929543273380812,0.957422324510932,False,
zm4_11,7,97,0.0002561071190202361,0.0059895833333333,4.1303198519690725e-05,0.000801282051282,0.999344971314336,0.984375,False,
zm4_11,8,97,0.0014929213655634338,0.0104587917859582,0.00022020266859545362,0.0016025641025641,0.9961434581972103,0.9722222222222222,False,
zm4_11,9,97,0.0013715290806753412,0.0284537209431389,0.0002075329238172103,0.0033037705333474,0.996466763770874,0.92483922829582,False,
zm4_11,10,97,0.0025836623828497545,0.0190932764272431,0.00038995696806415976,0.0022663678884184,0.9933423132754055,0.9496567505720824,False,
zm4_12,1,97,0.0025788692504707866,0.0968557894647205,0.00032323656796625467,0.0124392425450801,0.9932320986248779,0.7463706233988044,False,
zm4_12,2,97,0.002011794436520167,0.0297121502665352,0.00024298022041345567,0.0011331839442092,0.9947032648764245,0.9172126265634306,False,
zm4_12,3,97,0.002024516856243987,0.0124393958605033,0.0003198088210589917,0.0017917211358171,0.9948095967926982,0.9659469642080858,False,
zm4_12,4,97,0.002718120950442671,0.0203131508496742,0.00039518395155643094,0.0017917211358171,0.9929678531944828,0.9440669106116047,False,
zm4_12,5,97,0.00415795245740432,0.1490136395579802,0.0004974804366157361,0.0132635780106144,0.9890440280754169,0.5988791032826261,False,
zm4_12,6,97,0.005984581741743923,0.086662183719248,0.0008612237273227144,0.014445317610032,0.9845006105171881,0.7792207792207793,False,
zm4_12,7,97,0.004894106343192387,0.0230612697897558,0.0007653629483704989,0.0033037705333474,0.9874382273521384,0.9394760614272808,False,
zm4_12,8,97,0.002812260139979904,0.0123321976252283,0.00046860892530197114,0.0016025641025641,0.9928352447470468,0.9662532448803,False,
zm4_12,9,97,0.001067019218530035,0.0100093291654429,0.00016379549237332373,0.0011331839442092,0.9972555652900361,0.97350640113798,False,
zm4_12,10,97,0.0016033777943308392,0.0225748546662174,0.0002443207376961134,0.0025338763302631,0.9958726591004904,0.9402061855670104,False,
zm4_2,1,97,0.00316760546540984,0.0121527777777777,0.0006691118160190154,0.0024038461538461,0.9921923349000072,0.9682539682539684,False,
zm4_2,2,97,0.005524636914343297,0.0229297354982419,0.0006855347671570588,0.0022663678884184,0.9854884590980251,0.9386954389406572,False,
zm4_2,3,97,0.0004713901065117227,0.0057447139303482,7.43457573354433e-05,0.000801282051282,0.9987912418164466,0.9850746268656716,False,
zm4_2,4,97,0.0037841545820791237,0.01664315828456,0.0005840509633151959,0.0022663678884184,0.9902727958402164,0.9566570881226054,False,
zm4_2,5,97,0.004845750473437366,0.0227658097754759,0.0006969883558295381,0.0028890635220064,0.9874494055938623,0.940320232896652,False,
zm4_2,6,97,0.002666359593172601,0.0171896079178798,0.00046580962878817623,0.0032051282051282,0.9932469047586848,0.9550958034559774,False,
zm4_2,7,97,0.0012315956000006599,0.0063541666666666,0.00019825535289451547,0.000801282051282,0.9968493439410879,0.9833333333333332,False,
zm4_3,1,97,0.0013259738117821084,0.0102670859956608,0.0001885774114851402,0.0016025641025641,0.9965617185876664,0.9727699530516432,False,
zm4_3,2,97,0.00017668264789565054,0.0061659946236559,2.4781919111814433e-05,0.000801282051282,0.9995412159986486,0.9838709677419356,False,
zm4_3,3,97,0.0017397610571883784,0.012496663269268,0.00024498458770726595,0.0011331839442092,0.9954842254994895,0.9657833430401864,False,
zm4_3,4,97,0.0005438794159414598,0.0116477272727272,7.434575733544432e-05,0.0016025641025641,0.9985841295037903,0.9696969696969696,False,
zm4_3,5,97,0.0003081367483678856,0.005126096491228,4.956383822362887e-05,0.000801282051282,0.9992116564185072,0.986842105263158,False,
zm4_3,6,97,0.0003783455767327495,0.0053819444444444,5.782447792756701e-05,0.000801282051282,0.9990264009540576,0.9861111111111112,False,
zm4_3,7,97,0.0010052529520790609,0.0158227970235889,0.00011080998515044535,0.0011331839442092,0.9973336386807679,0.9562801037421268,False,
zm4_3,8,97,0.00027229865562432574,0.0056678921568627,4.1303198519690725e-05,0.000801282051282,0.9992987097811813,0.9852941176470588,False,
zm4_3,9,97,0.0008396790998083062,0.0098024118097252,0.00013075293355757113,0.0011331839442092,0.9978437437342974,0.9740975935828876,False,
zm4_3,10,97,0.001834465155877434,0.0095874018300612,0.0002862877862269567,0.0011331839442092,0.995290348300486,0.9747119078104992,False,
zm4_4,1,97,0.0019185846613488174,0.0101036581713309,0.0003173259777489031,0.0016025641025641,0.9951076492119656,0.973236889692586,False,
zm4_4,2,97,0.009496613246674786,0.1306682424899987,0.0017499823938616711,0.0222202317690096,0.9761167865981007,0.6679283090281644,False,
zm4_4,3,97,0.0032902652637830545,0.0157818693661186,0.0005797663072598711,0.0025338763302631,0.9916759509598166,0.9591179136038668,False,
zm4_4,4,97,0.004823789441866496,0.0336804028657056,0.0007938893508533712,0.0050677526605262,0.9876921103891091,0.9131818181818182,False,
zm4_4,5,97,0.004371810080310647,0.019187658113634,0.0008143979932391238,0.0040064102564102,0.9890215674722708,0.9505435233590572,False,
zm4_4,6,97,0.0009994853515988072,0.0061659946236559,0.00015695215437482474,0.000801282051282,0.9974358101392709,0.9838709677419356,False,
zm4_4,7,97,0.0034191101919259725,0.0171657657958664,0.00043789564095072576,0.0025338763302631,0.9910443484991199,0.9551639238045871,False,
zm4_4,8,97,0.00416246018955616,0.0153699950635534,0.0007940282951033372,0.0025338763302631,0.9895818805778885,0.9607914987174788,False,
zm4_5,1,97,0.0005057506559740464,0.0096769123455421,7.776742633469279e-05,0.0011331839442092,0.9986994233461243,0.9744561634805536,False,
zm4_5,2,97,0.0004766871032513763,0.005450410798122,7.43457573354433e-05,0.000801282051282,0.9987761075400476,0.9859154929577464,False,
zm4_5,3,97,0.0005711981096927732,0.0094098033639514,8.602806603863093e-05,0.0011331839442092,0.9985277718092352,0.9752193319993844,False,
zm4_5,4,97,0.0007890699941579546,0.0075268817204301,0.00012390959555907217,0.000801282051282,0.9979756321227299,0.978494623655914,False,
zm4_5,5,97,0.000776489220884103,0.0062585382513661,0.00012390959555907217,0.000801282051282,0.9980115771892265,0.9836065573770492,False,
zm4_5,6,97,0.0003671323483170835,0.0095699028970693,4.472486751894021e-05,0.0011331839442092,0.9990341109016292,0.9747619047619048,False,
zm4_5,7,97,0.0008541181114996228,0.0175721153846154,9.428870574256907e-05,0.0011331839442092,0.9977347701349516,0.9512820512820512,False,
zm4_5,8,97,0.0008003828870690411,0.0103622380129338,0.00011423165414969485,0.0011331839442092,0.9979253362517949,0.972498090145149,False,
zm4_6,1,97,0.0028481558244011257,0.0170736069162583,0.00046930808221020716,0.0025338763302631,0.9927339840829585,0.9559240362811792,False,
zm4_6,2,97,0.003714356029066526,0.0145208333333333,0.00044866597689484226,0.0016025641025641,0.9902207910169003,0.96,False,
zm4_6,3,97,0.004492570522117045,0.0361833647233666,0.0007118500857236742,0.0025338763302631,0.9884860915245809,0.9013247282608696,False,
zm4_6,4,97,0.0008277803580193783,0.0208420049391222,0.00011423165414969485,0.0011331839442092,0.9978470577633655,0.9425558989274676,False,
zm4_6,5,97,0.00037138671733091236,0.0105011261261261,5.782447792756804e-05,0.0016025641025641,0.9990462834094914,0.972972972972973,False,
zm4_6,6,97,0.0007589987037317403,0.0102169454620223,0.00011080998515044535,0.0011331839442092,0.9980372222474744,0.972913211719182,False,
zm4_6,7,97,0.0007044880146971587,0.0084884751773049,0.00012390959555907318,0.0016025641025641,0.9982172949211893,0.9787234042553192,False,
zm4_6,8,97,0.005792832875540523,0.192767123377427,0.000853083551396933,0.0346038828232198,0.9850333469510499,0.5135011441647597,False,
zm4_7,1,97,0.0010168921885034638,0.0159460616438356,0.00016037382337407628,0.0024038461538461,0.9973924308476848,0.958904109589041,False,
zm4_7,2,97,0.001412852335319764,0.0128255208333333,0.00021678099959620206,0.0011331839442092,0.996365872326908,0.96484375,False,
zm4_7,3,97,0.0005970806145383402,0.0250756276422559,7.878435755344948e-05,0.0033037705333474,0.9984403691939183,0.9344909234411996,False,
zm4_7,4,97,0.0035445475497663886,0.1253532032682923,0.0004404876359264371,0.0187746386440063,0.9906907697531023,0.6767151767151767,False,
zm4_7,5,97,0.0006345353522128051,0.0071246069182389,8.260639703938145e-05,0.000801282051282,0.9983404537310365,0.981132075471698,False,
zm4_7,6,97,0.0010694758071407176,0.0148536392405063,0.00016037382337407628,0.0024038461538461,0.9972421919372927,0.9620253164556962,False,
zm4_7,7,97,0.0004274168126901835,0.0062585382513661,6.608511763150515e-05,0.000801282051282,0.9989015386107722,0.9836065573770492,False,
zm4_7,8,97,0.0018749287892637105,0.0451986731701198,0.00027328478167374125,0.0048740084377389,0.9951505894823549,0.8799126637554585,False,
zm4_7,9,97,0.000458464924586102,0.0102972930779478,5.298550722287835e-05,0.0011331839442092,0.9987885018717393,0.9726836471022516,False,
zm4_7,10,97,0.0005413180784754588,0.0072516025641025,6.608511763150515e-05,0.000801282051282,0.9985761064228144,0.9807692307692308,False,
zm4_8,1,97,0.0008577301143644154,0.0097222222222222,0.00011423165414969485,0.0011331839442092,0.9977614870309511,0.9722222222222222,False,
zm4_8,2,97,0.00045522696447758453,0.0059895833333333,6.608511763150515e-05,0.000801282051282,0.9988220810342369,0.984375,False,
zm4_8,3,97,0.0008581562405189907,0.0106651409923074,0.00011765332314894432,0.0011331839442092,0.9977666240557937,0.9716326530612244,False,
zm4_8,4,97,0.0005563339842227784,0.00995661088605,8.602806603863093e-05,0.0011331839442092,0.9985702407391496,0.9736570247933884,False,
zm4_8,5,97,0.0003578540044219082,0.009830586657753,5.298550722287835e-05,0.0011331839442092,0.999075961643637,0.974017094017094,False,
zm4_8,6,97,0.00041941185946291757,0.0100490695637359,6.124614692681649e-05,0.0011331839442092,0.9989154232458272,0.9733928571428572,False,
zm4_8,7,97,0.0006694548145728392,0.0101325757575757,0.00010254934544650824,0.0016025641025641,0.998277720742764,0.9739993157714676,False,
zm4_8,8,97,0.00029987643071617526,0.0050662878787878,4.956383822362887e-05,0.000801282051282,0.9992352573260834,0.987012987012987,False,
zm4_8,9,97,0.0004952654856815113,0.0053819444444444,8.260639703938145e-05,0.000801282051282,0.9987383676354117,0.9861111111111112,False,
zm4_8,10,97,0.0004943653427764495,0.0061659946236559,8.260639703938145e-05,0.000801282051282,0.9987409394722833,0.9838709677419356,False,
zm4_9,1,97,0.01090470589072117,0.1527565817986881,0.0015011201866471134,0.0248913855240529,0.971631492087427,0.6097794822627037,False,
zm4_9,2,97,0.008028934779010696,0.1007248711340206,0.0012702880966083319,0.0120192307692307,0.9794192928108134,0.7345360824742269,False,
zm4_9,3,97,0.002388872538428802,0.0139578084037175,0.0004155148285070051,0.0017917211358171,0.993946320286002,0.9634480295273248,False,
zm4_9,4,97,0.0018689182214977115,0.0145254629629629,0.0003076480363395227,0.0024038461538461,0.9952315800060656,0.9629629629629628,False,
zm4_9,5,97,0.0039860605067752915,0.0177662037037036,0.0007912523497718525,0.0032051282051282,0.990080724344504,0.9537037037037036,False,
zm4_9,6,97,0.006085981071516095,0.2130530713419224,0.0011235855751238547,0.0482102851169593,0.9846981415780411,0.4808103256688605,False,
zm4_9,7,97,0.00520179392656947,0.0193642355802481,0.000894301767133167,0.0033995518326276,0.9867985777773346,0.9509870660313138,False,
zm4_9,8,97,0.006208546127332287,0.23816054893769,0.0010961155412080442,0.044331974979561,0.9842969399270084,0.4018720994257846,False,
zm5_1,1,97,0.003397108885766302,0.0154773440922517,0.000490443288137467,0.0025338763302631,0.9912047978614944,0.9591064989886552,False,
zm5_1,2,97,0.0016612348840963516,0.0202654406673025,0.00021953881858429174,0.0025338763302631,0.995661329565667,0.9468045112781956,False,
zm5_1,3,97,0.0010490207607300299,0.0260905611404207,0.00014243524226075876,0.0022663678884184,0.9972673204192556,0.929664508534432,False,
zm5_1,4,97,0.005647113328281205,0.0468212669683257,0.0008981362827663907,0.0064102564102564,0.9855333578729055,0.8781297134238311,False,
zm5_1,5,97,0.0014947605979900825,0.0293652470787545,0.00023256864874242165,0.0048740084377389,0.9961611686391214,0.9251510240165022,False,
zm5_1,6,97,0.0029440230746947166,0.0371935085470378,0.0005520664146745567,0.0046722370952286,0.9926137716995536,0.9024098444710306,False,
zm5_1,7,97,0.004684988136078425,0.0267205056179775,0.0009496121334757196,0.0048076923076923,0.9883778850019451,0.9325842696629212,False,
zm5_1,8,97,0.0012158736485450134,0.0349767279871591,0.00018442211222423197,0.0048740084377389,0.9968685734982878,0.9091182214210606,False,
zm5_1,9,97,0.0024062755191462497,0.0279664855072463,0.00030280906563483504,0.0040064102564102,0.9936872867814753,0.927536231884058,False,
zm5_1,10,97,0.00145090102021386,0.0205958786426701,0.00019683805118907936,0.0022663678884184,0.9962201248944544,0.9453636013851482,False,
zm5_10,1,97,0.001728073227122461,0.0356419599677592,0.00022437778928898248,0.0040064102564102,0.9954793495311868,0.9056063048540212,False,
zm5_10,2,97,0.0009730370545874516,0.0288635335054431,0.00013318148208161338,0.0035834422716342,0.9974672311679017,0.924187725631769,False,
zm5_10,3,97,0.0008364082687590392,0.0203528071772645,0.00011765332314894432,0.0022663678884184,0.997828761117965,0.946058091286307,False,
zm5_10,4,97,0.0031122513546830042,0.0254947340948169,0.0004240711387307608,0.0040064102564102,0.9918954139585485,0.9345983787767134,False,
zm5_10,5,97,0.00656518638485151,0.0452636394891743,0.0010491949527554382,0.0076016289907893,0.98319082952697,0.8847926267281107,False,
zm5_10,6,97,0.003409250775023606,0.0282785432314404,0.0005488689322009979,0.0046722370952286,0.9912786115168774,0.927881173944166,False,
zm5_10,7,97,0.004200347118177801,0.0335569548979358,0.0005561632684641804,0.0040064102564102,0.9890318828752113,0.9115634621963736,False,
zm5_10,8,97,0.000860708937893798,0.0433850810693002,0.0001244966611474433,0.005665919721046,0.9977720396910058,0.8865650478553704,False,
zm5_10,9,97,0.006187413107932567,0.0248134388759388,0.0009992200572346134,0.0040064102564102,0.9841773712264855,0.934706639691006,False,
zm5_10,10,97,0.0032917851619273793,0.033485429669779,0.0005174519505242784,0.0048740084377389,0.9915558817311811,0.9133790737564322,False,
zm5_11,1,97,0.0037058418553980693,0.0186204268190892,0.0004925787346401114,0.0022663678884184,0.9903266694917656,0.9501262626262628,False,
zm5_11,2,97,0.001693742955124801,0.0187207684709014,0.00021979661370861647,0.0017917211358171,0.9955689281251022,0.9498395721925134,False,
zm5_11,3,97,0.0005056767056938804,0.0094865695637359,7.292845563000412e-05,0.0011331839442092,0.998690647972759,0.975,False,
zm5_11,4,97,0.0015223084566512752,0.0093667065500373,0.00024498458770726595,0.0011331839442092,0.9961055186438813,0.9753424657534246,False,
zm5_11,5,97,0.0040278385955889754,0.0150048627519259,0.0007382474977961473,0.0025338763302631,0.9898629207942243,0.9618347338935574,False,
zm5_11,6,97,0.0031674622712399127,0.0274876473868651,0.0004315898228939474,0.0028890635220064,0.9917516317532605,0.926829268292683,False,
zm5_11,7,97,0.0014594601008136555,0.0198048523206751,0.00022645894100558142,0.0032051282051282,0.9962506806024,0.9493670886075948,False,
zm5_11,8,97,0.005292989791621209,0.0190398481490729,0.0009757483329202176,0.0025338763302631,0.9866892760707912,0.9498094027954256,False,
zm5_11,9,97,0.002271908424312239,0.0096016450630053,0.00042671866119390516,0.0011331839442092,0.9943013105870394,0.9746712128592304,False,
zm5_11,10,97,0.0005862440361736588,0.01875,9.086703674332165e-05,0.0032051282051282,0.9984937701077414,0.9523809523809524,False,
zm5_12,1,97,0.0010335327783474288,0.0161583452125596,0.00015064158717865154,0.0017917211358171,0.9973268121523392,0.9571607815020612,False,
zm5_12,2,97,0.00027895910434790413,0.0094025359502906,4.472486751894021e-05,0.0011331839442092,0.9992860344558269,0.9752400960384152,False,
zm5_12,3,97,0.0009809478271342051,0.037453320508465,0.00014585691126000824,0.0045327357768368,0.9974681690433851,0.9014084507042254,False,
zm5_12,4,97,0.0008289223074551413,0.0150174681388395,0.00012102069736214845,0.0017917211358171,0.9978564032738007,0.9604204302841188,False,
zm5_12,5,97,0.0008390207013296288,0.0088194444444444,0.00015211318367013712,0.0016025641025641,0.9978852939087314,0.9775223499361432,False,
zm5_12,6,97,0.0005082028368754196,0.0059054487179486,8.260639703938145e-05,0.000801282051282,0.9987014037748576,0.9846153846153848,False,
zm5_12,7,97,0.0006554963794161412,0.0059895833333333,9.912767644725773e-05,0.000801282051282,0.9983112474579274,0.984375,False,
zm5_12,8,97,0.002753265363137471,0.0149584696329509,0.00045020999451577315,0.0022663678884184,0.9929696318094222,0.96147048427006,False,
zm5_12,9,97,0.0010546588696542332,0.0101143793101844,0.00014585691126000824,0.0011331839442092,0.9972575660647565,0.97320625786729,False,
zm5_12,10,97,0.0014465444189102124,0.0096785938021899,0.0002250416393001402,0.0011331839442092,0.9962849504189567,0.974451359318703,False,
zm5_2,1,97,0.0036435102590661027,0.1207551957699501,0.0004687437444410526,0.0164994072772227,0.9904604947852016,0.6856269113149847,False,
zm5_2,2,97,0.0002693473112287505,0.005250563063063,4.1303198519690725e-05,0.000801282051282,0.9993071421937402,0.9864864864864864,False,
zm5_2,3,97,0.0006641686947817527,0.0213344253822008,8.313916784170618e-05,0.0022663678884184,0.9982567764694725,0.9432534678436316,False,
zm5_2,4,97,0.000802507921235301,0.0099007797249983,0.00011765332314894432,0.0011331839442092,0.9979256192537472,0.9738165423963931,False,
zm5_2,5,97,0.004198393625568525,0.0153892230435558,0.000603867195806836,0.0022663678884184,0.9891260572905883,0.9602397602397602,False,
zm5_2,6,97,0.003470735765388196,0.014241309102825,0.0005548361283855299,0.0022663678884184,0.9911140220516068,0.9626380275298744,False,
zm5_2,7,97,0.002594905796573193,0.0234499271317346,0.00030598901230666394,0.0040857528153788,0.9931542487469317,0.9396551724137931,False,
zm5_2,8,97,0.0012105429423310216,0.0391530797101449,0.00016721716137257732,0.0056089743589743,0.996851852035889,0.8985507246376812,False,
zm5_2,9,97,0.002910611311315624,0.0233941447608616,0.00039850430388840824,0.0028890635220064,0.9924240471034624,0.9346476816356336,False,
zm5_2,10,97,0.0025565217490894844,0.0255476758233832,0.0003937937559298515,0.0043150359031526,0.9934269834064712,0.9350202786104744,False,
zm5_3,1,97,0.0019625514424522926,0.0150754811731644,0.000250302034428233,0.0017917211358171,0.9948575567997887,0.9602546787574764,False,
zm5_3,2,97,0.0020963170025235615,0.0150590395465833,0.0002858274365540752,0.0024038461538461,0.9945413452321045,0.9590786571918648,False,
zm5_3,3,97,0.000660054235369932,0.0169202457479274,8.455646954714638e-05,0.0017917211358171,0.9982711641995305,0.954983922829582,False,
zm5_3,4,97,0.004888176632878538,0.0197415729276762,0.0008788738049804422,0.0028890635220064,0.9876659752581678,0.9480597916352106,False,
zm5_3,5,97,0.003571768945668964,0.032078804347826,0.0006498332632917556,0.0072115384615384,0.9910017790727733,0.9217391304347826,False,
zm5_3,6,97,0.0016529999142347702,0.0152455044631558,0.0002938845759197412,0.0032051282051282,0.9958229287431801,0.9611471861471862,False,
zm5_3,7,97,0.0024455815094357957,0.0240792374765622,0.0003897411100267824,0.0035834422716342,0.993736429177376,0.9378571428571428,False,
zm5_3,8,97,0.0006882636931965,0.0089488600665292,0.0001190706248543835,0.0011331839442092,0.9982546634655967,0.976536312849162,False,
zm5_3,9,97,0.0034077675787809497,0.0339099654819739,0.0003831136300656639,0.0048076923076923,0.9909750179450335,0.9120429557657888,False,
zm5_3,10,97,0.0027745927982023143,0.0359878034303014,0.0004527003460031299,0.0050677526605262,0.992913321219142,0.9065892451401162,False,
zm5_4,1,97,0.0009970933418170834,0.0177365695637359,0.00013559190426225978,0.0011331839442092,0.9974029754170096,0.9514285714285714,False,
zm5_4,2,97,0.0008146087203110887,0.0317978645350633,0.0001239095955590742,0.0040064102564102,0.9979026643337209,0.9165894346617238,False,
zm5_4,3,97,0.0007608547593979413,0.0049512130801687,0.0001321702352630103,0.000801282051282,0.9980715882672087,0.9873417721518988,False,
zm5_4,4,97,0.0004408143303023691,0.0092241574529596,6.950678663075464e-05,0.0011331839442092,0.9988696145171647,0.9757497488879324,False,
zm5_4,5,97,0.0005188478929099752,0.0092223645957157,7.635012462925361e-05,0.0011331839442092,0.9986593705374259,0.9757548713372006,False,
zm5_4,6,97,0.0006671717953999825,0.013430669398907,6.60851176315062e-05,0.0024038461538461,0.9982165243744585,0.9631147540983608,False,
zm5_4,7,97,0.004903266077320356,0.0242770386310506,0.0006866284380656093,0.0033995518326276,0.9872658354497779,0.9369504858861638,False,
zm5_4,8,97,0.0006191889381585742,0.0142311067997043,7.776742633469279e-05,0.0011331839442092,0.9983753139684542,0.9608277900960828,False,
zm5_4,9,97,0.001375489315880572,0.0094581296937468,0.0002512408601173938,0.0011331839442092,0.9965366206948449,0.9750812567713976,False,
zm5_4,10,97,0.0008495324963802743,0.0093287020689119,0.00012733126455832165,0.0011331839442092,0.9978092366445218,0.9754510499852116,False,
zm5_5,1,97,0.002368897196891741,0.0178643336967642,0.0004058368870976258,0.0024038461538461,0.9939854193706334,0.9522865286900484,False,
zm5_5,2,97,0.0013370183321606052,0.0136458333333333,0.00019199908048438764,0.0011331839442092,0.9965365173432978,0.9625,False,
zm5_5,3,97,0.0011057403463530268,0.0237872465722162,0.00018597370701134018,0.0040857528153788,0.9971861216091552,0.9396242650222286,False,
zm5_5,4,97,0.0012090561735582546,0.0475528424567008,0.00014075741537531133,0.0057781270440128,0.9968069604183878,0.87486554320545,False,
zm5_5,5,97,0.0026809544220106475,0.0365905577199089,0.0005169563918271206,0.0058334213856414,0.9933001920933627,0.9062890462307372,False,
zm5_5,6,97,0.0014517982208152897,0.0142917497660453,0.00022552011531641857,0.0017917211358171,0.9962708281546868,0.962493911349245,False,
zm5_5,7,97,0.0016775871972281372,0.0092604780876445,0.00029454842593089483,0.0011331839442092,0.9957539122275055,0.9756459756459755,False,
zm5_5,8,97,0.0010247642033181423,0.0283298439047005,0.00013949204927778765,0.0035834422716342,0.9973311589391783,0.925712553062462,False,
zm5_5,9,97,0.0017740533549290567,0.0345254367136454,0.00028286611722771234,0.0040064102564102,0.9954565989179113,0.9087963712943464,False,
zm5_5,10,97,0.0013232476142313856,0.0315033783783783,0.00017205613207726494,0.0048076923076923,0.9965388253474824,0.918918918918919,False,
zm5_6,1,97,0.002526774082047472,0.0162411291892514,0.0003891845284809144,0.0025338763302631,0.9935034167470431,0.9583025440726276,False,
zm5_6,2,97,0.0011471341648871937,0.0242764021916264,0.00016195439528369484,0.0028890635220064,0.997023246262992,0.9360042545647936,False,
zm5_6,3,97,0.004089281865068484,0.0335383565187763,0.0005980972594091773,0.0043150359031526,0.9894270895815642,0.908385093167702,False,
zm5_6,4,97,0.0013554469153630258,0.01205350762717,0.0002580299033298505,0.0017917211358171,0.9966064929194325,0.9688888888888888,False,
zm5_6,5,97,0.007085949191804609,0.1498480474429618,0.0010033451903923227,0.0272553707559213,0.981617786234144,0.6224798387096774,False,
zm5_6,6,97,0.0022580537329102888,0.0155625,0.000309065338044965,0.0032051282051282,0.9941223963909113,0.96,False,
zm5_6,7,97,0.005231968242230531,0.018744089502138,0.0008754644505712154,0.0033037705333474,0.9866773818589735,0.9525810324129652,False,
zm5_6,8,97,0.0033913589580353066,0.0170293406104553,0.0006128608508560712,0.0033037705333474,0.9914485731286318,0.95748031496063,False,
zm5_6,9,97,0.002041919915602028,0.0390064102564102,0.0002677621395252732,0.0032051282051282,0.9946632156431126,0.8945054945054945,False,
zm5_6,10,97,0.0015602773042382651,0.0210022522522522,0.00024781919111815053,0.0032051282051282,0.9960023004856815,0.945945945945946,False,
zm5_7,1,97,0.0014868582167694433,0.0245724834412,0.00022263690151964844,0.0033037705333474,0.9961653021977667,0.9359284783013596,False,
zm5_7,2,97,0.0008012977016267877,0.0081395348837209,0.00011564895585513402,0.000801282051282,0.9979253546276544,0.9767441860465116,False,
zm5_7,3,97,0.005151940244302882,0.0389929886918915,0.0008773566406903743,0.0073874554946257,0.9869095473489882,0.9023110210846148,False,
zm5_7,4,97,0.0006918468390570587,0.010630707762557,9.771037474181958e-05,0.0016025641025641,0.9982047568700718,0.9725400457665904,False,
zm5_7,5,97,0.0005724665721595443,0.0094581296937468,8.118909533394228e-05,0.0011331839442092,0.9985151609708786,0.9750812567713976,False,
zm5_7,6,97,0.001347440523515471,0.0163633059155865,0.0001851557424858897,0.0016025641025641,0.9964940305974296,0.9547357926221336,False,
zm5_7,7,97,0.009004237961360899,0.0267155013413816,0.0015040959703442513,0.0045327357768368,0.9770669269124653,0.9308193163320672,False,
zm5_7,8,97,0.0039930974730894705,0.0219361363523287,0.0007577454530482174,0.0040857528153788,0.9899983916325482,0.9445921079533838,False,
zm5_7,9,97,0.0021943295637957814,0.0405024509803921,0.00033242995545134323,0.0080128205128205,0.9943478568778502,0.8991596638655462,False,
zm5_7,10,97,0.0007097706216422443,0.0173578223662346,6.608511763150515e-05,0.000801282051282,0.9980948134423377,0.9518943170488534,False,
zm5_8,1,97,0.0006321954542787825,0.010120447404645,9.28714040371299e-05,0.0011331839442092,0.9983662027381295,0.9731889204545454,False,
zm5_8,2,97,0.0010372852378919826,0.005450410798122,0.00018173407348663918,0.000801282051282,0.9973738340282123,0.9859154929577464,False,
zm5_8,3,97,0.0009885594653842587,0.0098783606085121,0.00015553485266938557,0.0011331839442092,0.997464394825288,0.9738805970149254,False,
zm5_8,4,97,0.0009293726498363505,0.0053819444444444,0.00015695215437482474,0.000801282051282,0.9976361321443066,0.9861111111111112,False,
zm5_8,5,97,0.002782796868619097,0.1623232756848343,0.0005047560264898402,0.0306693256554561,0.9929865558531408,0.5931765314034634,False,
zm5_8,6,97,0.0020977731204189806,0.0131158382504762,0.0002883102798641639,0.0017917211358171,0.9945417958899793,0.9658536585365852,False,
zm5_8,7,97,0.0008168662385852174,0.0057447139303482,0.00014043087496694846,0.000801282051282,0.9979268966575522,0.9850746268656716,False,
zm5_8,8,97,0.0013273476834460968,0.0089190019961684,0.00022362433759470104,0.0011331839442092,0.9966228803885442,0.9766216216216216,False,
zm5_8,9,97,0.0008566764579707722,0.0114754098360655,9.912767644725773e-05,0.000801282051282,0.9977364472334856,0.9672131147540984,False,
zm5_8,10,97,0.004461312099392159,0.0229691300164766,0.0005777882850039805,0.0033995518326276,0.9883264293881726,0.9377013963480128,False,
zm5_8,11,97,0.001213318158805767,0.0151374650288904,0.00019394915299215463,0.0017917211358171,0.9968935679732547,0.9600775820268304,False,
zm5_9,1,97,0.003860423761752167,0.0375126786751851,0.0006580131303531907,0.0064601424265212,0.9901922422085069,0.9048183254344392,False,
zm5_9,2,97,0.0020568172360439906,0.0532600839302186,0.0002530950700556072,0.0062582128813354,0.9945934130271203,0.8594507269789984,False,
zm5_9,3,97,0.004009883574747007,0.0485454503131665,0.0005457448031727195,0.0071668845432685,0.9895567158494722,0.8729211087420042,False,
zm5_9,4,97,0.0029291965601434783,0.0218039108914854,0.0004303270252948443,0.0033037705333474,0.9924300457322804,0.9438386855862584,False,
zm5_9,5,97,0.0007339522307061278,0.0577553679733909,0.00011102552958060928,0.0083656302154731,0.998109183895775,0.8505208333333333,False,
zm5_9,6,97,0.001522693320476233,0.0577153253224823,0.00024108299610627217,0.0086300718063052,0.9960971732199795,0.8511263467189031,False,
zm5_9,7,97,0.001246924955196403,0.0513915941418267,0.00019258614607275878,0.0067991036652552,0.996795017256431,0.8657937806873978,False,
zm5_9,8,97,0.006522014688431008,0.1087132514735107,0.0009356113674246227,0.0193804272795638,0.9831032362868427,0.725382932166302,False,
zm5_9,9,97,0.001240058944286659,0.0611525844647101,0.0001446028797587505,0.0067991036652552,0.9967255226501615,0.8379052369077307,False,
zm5_9,10,97,0.0008133881828265361,0.0495975334203591,0.00010913215826499792,0.0057781270440128,0.9978787077715592,0.869023569023569,False,
zm6_1,1,97,0.002105021689466663,0.0283894306816896,0.00022156699662165155,0.0033037705333474,0.9943971338809641,0.9250229147571036,False,
zm6_1,2,97,0.006809247986894698,0.0268398328347862,0.001301127052019907,0.0048076923076923,0.9829613845626235,0.9299697275479314,False,
zm6_1,3,97,0.0023418895633837505,0.0175022339550581,0.0003024573055340433,0.0022663678884184,0.9938705933863239,0.9542025862068966,False,
zm6_1,4,97,0.0012096272667118135,0.0099007797249983,0.0001803167717812,0.0011331839442092,0.9968787960998456,0.9738165423963931,False,
zm6_1,5,97,0.0011133417514455402,0.0122821082139795,0.0002084660651062206,0.0017917211358171,0.9972061748310672,0.9682357443551474,False,
zm6_1,6,97,0.001217395127986434,0.0144036358641188,0.0001925318512867124,0.0017917211358171,0.9968792873581426,0.9621742367833208,False,
zm6_1,7,97,0.00034545829514570924,0.0098670043463446,4.330756581350103e-05,0.0011331839442092,0.9990934046360945,0.9739130434782608,False,
zm6_1,8,97,0.0025221585543057246,0.0401547275687221,0.0003562505592372505,0.005665919721046,0.9934554408834243,0.8957946292855936,False,
zm6_1,9,97,0.002424631755072391,0.0162599671610221,0.00044989790460541135,0.0025338763302631,0.9939080053797746,0.9568704330778828,False,
zm6_1,10,97,0.0024088806715715895,0.0168372318685736,0.00046695763921576186,0.0040064102564102,0.9939846908397675,0.958029197080292,False,
zm6_10,1,97,0.001103120281419096,0.0097863060591246,0.00016863446307801238,0.0011331839442092,0.9971614060559475,0.9741436100131752,False,
zm6_10,2,97,0.004995173864660209,0.0656704214688528,0.0006964399885008041,0.0119119140603513,0.9870214632224723,0.8344923504867872,False,
zm6_10,3,97,0.0025191099756193217,0.0221720638586547,0.0003540399615494752,0.0028890635220064,0.9934600457125367,0.9408602150537636,False,
zm6_10,4,97,0.004445950772124917,0.0262731836140095,0.0006295329980360206,0.0035834422716342,0.9884664162188529,0.9310693349504752,False,
zm6_10,5,97,0.004911296062993862,0.0206900722948885,0.000731957596459598,0.0033037705333474,0.9873270753562995,0.9470210815765352,False,
zm6_10,6,97,0.0004627870431069361,0.0097481974707127,6.950678663075464e-05,0.0011331839442092,0.998806835337723,0.974252491694352,False,
zm6_10,7,97,0.002675038585443633,0.0192697492969634,0.0005695837690850691,0.0040064102564102,0.993414831041319,0.9491525423728814,False,
zm6_10,8,97,0.003385062890332501,0.0132155797101449,0.0007341270287525258,0.0025338763302631,0.9916917705095903,0.9652173913043478,False,
zm6_10,9,97,0.0006006206054822258,0.0102599322959559,8.602806603863093e-05,0.0011331839442092,0.9984437075355511,0.9727903921936574,False,
zm6_10,10,97,0.001982513948542034,0.0181326921709678,0.0003660347802131227,0.0033037705333474,0.9950154533102756,0.9543278819305944,False,
zm6_11,1,97,0.004104868056502771,0.0205947331698573,0.0007604696723508144,0.0035834422716342,0.9896841063729294,0.9478128694477284,False,
zm6_11,2,97,0.0015890479094214257,0.0141176926222783,0.00026971221203303915,0.0017917211358171,0.9959607572240001,0.961768219832736,False,
zm6_11,3,97,0.0025251565024724558,0.017506394614671,0.0005334431273339598,0.0040064102564102,0.9937759472294132,0.9546875,False,
zm6_11,4,97,0.004440986536003595,0.0193729180515692,0.0007283382514158072,0.0033995518326276,0.9886640952211906,0.9488577745025792,False,
zm6_11,5,97,0.0,0.0,0.0,0.0,1.0,1.0,False,
zm6_11,6,97,0.0007646126353648546,0.0093945782217446,0.00011080998515044535,0.0011331839442092,0.9980211824428084,0.9752628324056896,False,
zm6_11,7,97,0.001008713041778403,0.0057447139303482,0.0001652127940787629,0.000801282051282,0.9974247864982079,0.9850746268656716,False,
zm6_11,8,97,0.002322638052355134,0.0137287213023836,0.000343173438465366,0.0017917211358171,0.9940012133789925,0.964102564102564,False,
zm6_11,9,97,0.0006595419767894411,0.0088761044474569,0.0001059710144457567,0.0011331839442092,0.9983123976645722,0.9767441860465116,False,
zm6_11,10,97,0.0006064693236909165,0.0119791666666666,8.602806603863196e-05,0.0016025641025641,0.9984269969120978,0.96875,False,
zm6_12,1,97,0.00021750436712314225,0.0093406081941135,3.646422781500206e-05,0.0011331839442092,0.9994462782313046,0.9754170324846356,False,
zm6_12,2,97,0.001214879349996303,0.0102521929824561,0.00019683805118907732,0.0016025641025641,0.9968944725236474,0.9736842105263158,False,
zm6_12,3,97,0.00029992108282088863,0.005250563063063,4.956383822362887e-05,0.000801282051282,0.9992351297486414,0.9864864864864864,False,
zm6_12,4,97,0.0008918862081690537,0.0150974724553075,0.0001263924388691608,0.0017917211358171,0.9976864825059883,0.9601918465227818,False,
zm6_12,5,97,0.0005256237368821278,0.0051874999999999,9.086703674331959e-05,0.000801282051282,0.9986669709628601,0.9866666666666668,False,
zm6_12,6,97,0.002027038089771659,0.0160962374359745,0.00027655555003153404,0.0017917211358171,0.9947220657649967,0.9573382322923044,False,
zm6_12,7,97,0.0002995365741727144,0.0092769607843137,4.95638382236299e-05,0.0016025641025641,0.999236228344779,0.976470588235294,False,
zm6_12,8,97,0.0002678954934308825,0.0055208333333333,4.956383822362887e-05,0.000801282051282,0.9993266314326128,0.9857142857142858,False,
zm6_12,9,97,0.0008704120426213629,0.0131599716282027,0.00012928133706608557,0.0017917211358171,0.9977532023613475,0.9657275631716526,False,
zm6_12,10,97,0.00022056285207676084,0.0053819444444444,3.3042558815752576e-05,0.000801282051282,0.9994311851747243,0.9861111111111112,False,
zm6_2,1,97,0.0009503230761664928,0.0098586546117469,0.00014727421296544741,0.0011331839442092,0.9975583004636029,0.9739368998628258,False,
zm6_2,2,97,0.0025905059035868897,0.0160662965300906,0.00046628810480444944,0.0032051282051282,0.9934645181843885,0.9574237777376872,False,
zm6_2,3,97,0.0009823653967442083,0.0097491987256188,0.00015211318367013607,0.0011331839442092,0.9974757376361183,0.9742496309660488,False,
zm6_2,4,97,0.0012045473511813217,0.015167445482866,0.00019194478569834535,0.0032051282051282,0.9969149050272075,0.9611650485436892,False,
zm6_2,5,97,0.0009983127153791805,0.0098368090437222,0.0001506958819646969,0.0011331839442092,0.997427541736851,0.9739993157714676,False,
zm6_2,6,97,0.0012905789151109299,0.0116910460992907,0.0001803167717812,0.0011331839442092,0.9966475056758481,0.9680851063829788,False,
zm6_2,7,97,0.0004975616846475783,0.0059054487179486,8.260639703938145e-05,0.000801282051282,0.9987318070669372,0.9846153846153848,False,
zm6_2,8,97,0.001488186533266362,0.0095782520325203,0.00022846330829939484,0.0016025641025641,0.9961723274775093,0.9753086419753086,False,
zm6_2,9,97,0.002279613384245569,0.0216489171223356,0.0003276690902762464,0.0033037705333474,0.9940953472126686,0.9442815249266864,False,
zm6_2,10,97,0.0013413131117791226,0.0081123737373737,0.00021477663230239481,0.0016025641025641,0.9965665477120499,0.9772727272727272,False,
zm6_3,1,97,0.001763851219072101,0.013735119047619,0.00023814124970876805,0.0016025641025641,0.9954026874092531,0.9622448979591836,False,
zm6_3,2,97,0.0022706810572605267,0.0293238734597055,0.0003852146032148866,0.005665919721046,0.994227738385226,0.9267399267399268,False,
zm6_3,3,97,0.0028011630726427128,0.0219708415719277,0.0005180263272814577,0.0040857528153788,0.9929587258288293,0.9448139935944814,False,
zm6_3,4,97,0.0026521926502182736,0.1930634904003574,0.0003838578484497743,0.0284201087355259,0.9931351855750687,0.5011702293649555,False,
zm6_3,5,97,0.002037374560824464,0.0132833333333333,0.00036889418326634745,0.0032051282051282,0.9948640190237105,0.968,False,
zm6_3,6,97,0.004658782547386342,0.0207698266322148,0.0007656733367861742,0.0033995518326276,0.9881111574900704,0.9453634085213032,False,
zm6_3,7,97,0.005389758048150977,0.0336255162513454,0.0008359221525506659,0.0043150359031526,0.9861531181457341,0.9102405498281788,False,
zm6_3,8,97,0.000974212069547663,0.0098198186368738,0.0001506958819646969,0.0011331839442092,0.9974964007249412,0.9740478597910348,False,
zm6_3,9,97,0.0007567286266438536,0.008971863681383,0.00012733126455832165,0.0011331839442092,0.9980743905580545,0.976470588235294,False,
zm6_3,10,97,0.004312970292458404,0.0189137408958328,0.0007582419819514494,0.0032051282051282,0.9890853914166,0.9513261439813464,False,
zm6_4,1,97,0.0006389660141562969,0.0100649277726911,8.944973503788042e-05,0.0011331839442092,0.9983405037531953,0.9733475479744136,False,
zm6_4,2,97,0.0005096097740165815,0.0099024261603375,7.77674263346938e-05,0.0016025641025641,0.9986883972945741,0.9746588693957114,False,
zm6_4,3,97,0.0003558546194309474,0.0053153538812785,5.782447792756701e-05,0.000801282051282,0.9990906608320627,0.9863013698630136,False,
zm6_4,4,97,0.0007185541954397444,0.0197439567430025,8.602806603863196e-05,0.0016025641025641,0.9981067544213867,0.9465648854961832,False,
zm6_4,5,97,9.326664791034432e-05,0.0048418209876543,1.6521279407876288e-05,0.000801282051282,0.9997642062391565,0.9876543209876544,False,
zm6_4,6,97,0.001235929098598871,0.0094810698780037,0.00019341638218982682,0.0011331839442092,0.9968279758566414,0.9750157133878063,False,
zm6_4,7,97,0.000632668461843035,0.0089743589743589,9.086703674331959e-05,0.000801282051282,0.9983611288915432,0.9743589743589745,False,
zm6_4,8,97,0.0028180695348500517,0.0162657094755978,0.000445609831046433,0.0025338763302631,0.9927759338723717,0.9577355132910688,False,
zm6_4,9,97,0.0010655672490285908,0.010014278156513,0.00016863446307801238,0.0011331839442092,0.9972687004342061,0.973492261163494,False,
zm6_4,10,97,0.0006090448105215001,0.010016639800786,8.461076433319175e-05,0.0011331839442092,0.9984170062465574,0.9734855136084284,False,
zm6_5,1,97,0.002009564371779736,0.0161443324997149,0.0003543900884126093,0.0032051282051282,0.9949165405305385,0.9585791060427316,False,
zm6_5,2,97,0.0003223243070967103,0.0058238636363636,4.956383822362887e-05,0.000801282051282,0.9991711205364247,0.9848484848484848,False,
zm6_5,3,97,0.0018520202466090834,0.0127360473097096,0.0003061764398480423,0.0017917211358171,0.9952771269694061,0.966938775510204,False,
zm6_5,4,97,0.002167045831304164,0.0150207381608033,0.000377294356146098,0.0025338763302631,0.9945091300005451,0.961789375582479,False,
zm6_5,5,97,0.0014202020455292938,0.0115625,0.00022504163930014227,0.0024038461538461,0.9963602143429022,0.9714285714285714,False,
zm6_5,6,97,0.0006460128773277887,0.0089423342858432,0.00011080998515044535,0.0011331839442092,0.9983600388943428,0.9765549579368364,False,
zm6_5,7,97,0.001038848798833365,0.0129022874956094,0.00011423165414969485,0.0011331839442092,0.9972440050753255,0.9646244166792112,False,
zm6_5,8,97,0.0009099732902451082,0.0089949965300281,0.0001506958819646969,0.0011331839442092,0.997679940094377,0.9764044943820224,False,
zm6_5,9,97,0.00037446054913581545,0.0102972930779478,5.298550722287835e-05,0.0011331839442092,0.9990285143730258,0.9726836471022516,False,
zm6_5,10,97,0.0005198804109410794,0.0095522766976533,8.118909533394228e-05,0.0011331839442092,0.9986654071457884,0.9748122653316644,False,
zm6_6,1,97,0.006871104677897826,0.0885867495473684,0.001340021187155744,0.0147313912747197,0.9828568831250096,0.7742532993748553,False,
zm6_6,2,97,0.0010010411949936166,0.009302635629802,0.00015211318367013607,0.0011331839442092,0.9974223782125485,0.9755255255255256,False,
zm6_6,3,97,0.0007550343358847958,0.010630707762557,0.00011423165414969588,0.0016025641025641,0.9980549035408928,0.9726027397260274,False,
zm6_6,4,97,0.0015806827004972402,0.0121527777777777,0.0002347195807095196,0.0016025641025641,0.9959196715056112,0.9682539682539684,False,
zm6_6,5,97,0.005285040899428179,0.0234056632316923,0.000750491652395269,0.0033995518326276,0.986293653356082,0.9378324468085106,False,
zm6_6,6,97,0.0005629057644331082,0.009650632063736,8.944973503788042e-05,0.0011331839442092,0.9985578187524043,0.97453125,False,
zm6_6,7,97,0.0005365292598975876,0.0098586546117469,7.776742633469279e-05,0.0011331839442092,0.9986114844777714,0.9739368998628258,False,
zm6_6,8,97,0.00022895493342793606,0.0059895833333333,3.3042558815752576e-05,0.000801282051282,0.9994072077994351,0.984375,False,
zm6_6,9,97,0.0030358574347939178,0.0197210285442061,0.00046569480741261545,0.0028890635220064,0.9921909834000694,0.9490196078431372,False,
zm6_6,10,97,0.00028187584508017734,0.0099958288229952,4.472486751894021e-05,0.0011331839442092,0.9992777009108775,0.9735449735449736,False,
zm6_7,1,97,0.0026526697549866915,0.015910142293931,0.0005826833794936959,0.0033037705333474,0.9935030698333835,0.9606780244364136,False,
zm6_7,2,97,0.0026551811885470386,0.0426098393896249,0.0004179905244385041,0.0064601424265212,0.9931900361495372,0.8902550091074681,False,
zm6_7,3,97,0.007568652079025261,0.0265537464985994,0.0013083486804522475,0.0040064102564102,0.9808050701807677,0.9315726290516206,False,
zm6_7,4,97,0.008899176177306423,0.0687825649301836,0.0015757641561533638,0.0136217948717948,0.977500201497695,0.8287760049613802,False,
zm6_7,5,97,0.0006746986340176845,0.0095917245289478,0.00011423165414969485,0.0011331839442092,0.9982844341176561,0.9746995572422518,False,
zm6_7,6,97,0.0029596898399832814,0.0276305871577231,0.0003891135217843732,0.0043150359031526,0.992266382711933,0.9290691033695032,False,
zm6_7,7,97,0.0013396550368961228,0.0090826858655069,0.0002284633082993897,0.0011331839442092,0.9965967031814241,0.9761539534235114,False,
zm6_7,8,97,0.0011148162410352877,0.0095994458179166,0.00017205613207726185,0.0011331839442092,0.997134343556614,0.9746774964166268,False,
zm6_7,9,97,0.006463902881174807,0.0316613397355647,0.0010072371726376557,0.0043150359031526,0.983402289374399,0.9156746031746033,False,
zm6_7,10,97,0.00046071605212764125,0.0046384803921568,8.260639703938145e-05,0.000801282051282,0.9988370803027085,0.9882352941176472,False,
zm6_8,1,97,0.0016201602083655143,0.0073479729729729,0.0003717287866772278,0.0016025641025641,0.9960613242942133,0.981981981981982,False,
zm6_8,2,97,0.0022113318408954474,0.0257251273193501,0.0003389124709852536,0.0043150359031526,0.9943113179006999,0.9345132743362832,False,
zm6_8,3,97,0.0032953028897891434,0.0146702754286245,0.0005466694536580691,0.0025338763302631,0.991600092157396,0.9627906976744186,False,
zm6_8,4,97,0.001777602290122304,0.0124373460110084,0.00030812651235580924,0.0017917211358171,0.9954933712654541,0.9677922077922078,False,
zm6_8,5,97,0.0017947826068001424,0.018921384877247,0.0003217645779669072,0.0033037705333474,0.9954696124825095,0.952074474198368,False,
zm6_8,6,97,0.004019306043919228,0.0176549573092901,0.000578213563052237,0.0025338763302631,0.9895900936344706,0.9537662337662338,False,
zm6_8,7,97,0.0014653994448681857,0.0125452157532064,0.0002551410051329258,0.0017917211358171,0.9962869777384805,0.9674840085287848,False,
zm6_8,8,97,0.0006363559759812267,0.0059054487179486,0.00010738831615119588,0.000801282051282,0.9983812755129058,0.9846153846153848,False,
zm6_8,9,97,0.0006077642610992196,0.014221688034188,8.260639703938145e-05,0.000801282051282,0.9984169425627896,0.9608547008547008,False,
zm6_8,10,97,0.001979931333838368,0.0157953897668581,0.0002926707745525742,0.0022663678884184,0.9948865847703452,0.959079283887468,False,
zm6_9,1,97,0.0006851783400021948,0.0055208333333333,0.00011564895585513402,0.000801282051282,0.9982571242322962,0.9857142857142858,False,
zm6_9,2,97,0.0012865186760603227,0.011666762032831,0.00020758153420310312,0.0017917211358171,0.9967097409176334,0.969375,False,
zm6_9,3,97,0.001007958583380468,0.009148058426573,0.0001541175509639464,0.0011331839442092,0.9974063366421317,0.9759671746776084,False,
zm6_9,4,97,0.0010968018782765555,0.0086951796812628,0.00017889947007576084,0.0011331839442092,0.9971985222207792,0.9772611139499232,False,
zm6_9,5,97,0.0012273980675973062,0.007993408469511,0.0002216199703008907,0.0011331839442092,0.9969047283231379,0.9792661745549284,False,
zm6_9,6,97,0.0014827634696037177,0.0059054487179486,0.0002643404705260206,0.000801282051282,0.9962544509606805,0.9846153846153848,False,
zm6_9,7,97,0.0015773783863031287,0.0122295827848965,0.0002489390275088402,0.0017917211358171,0.9959555199473645,0.9683858170096702,False,
zm6_9,8,97,0.0025499391762191527,0.0098586546117469,0.0004053584110813484,0.0016025641025641,0.9934672679742391,0.9739368998628258,False,
zm6_9,9,97,0.0014089453637032864,0.0165191361677333,0.00017111730638810102,0.0017917211358171,0.9962922311012827,0.9561299502015652,False,
zm6_9,10,97,0.0008916315839537609,0.0097821776718441,0.00013417460255682267,0.0016025641025641,0.9977016625934518,0.9741554054054054,False,
zm7_1,1,97,0.003529668167467191,0.035726444797039,0.0005761046769597453,0.0043150359031526,0.990985142493019,0.905938081542886,False,
zm7_1,2,97,0.0022913422031088917,0.0148356593241828,0.0004315033371125495,0.0017917211358171,0.9942546713314694,0.9609398840402807,False,
zm7_1,3,97,0.0006112053871214402,0.0209961787394364,8.118909533394228e-05,0.0022663678884184,0.998404478642416,0.9442198868229588,False,
zm7_1,4,97,0.0029826857293387154,0.0226715686274509,0.00043887944591337836,0.0032051282051282,0.9922931026014428,0.9411764705882352,False,
zm7_1,5,97,0.0024142282726026493,0.0131932471264367,0.00028003151381682885,0.0011331839442092,0.9936222634610808,0.9637931034482758,False,
zm7_1,6,97,0.001384413299307164,0.0107638888888888,0.0001817340734866402,0.0016025641025641,0.9963820395670262,0.9722222222222222,False,
zm7_1,7,97,0.0027701837955339446,0.0202964515357087,0.0003471278782669381,0.0017917211358171,0.9927298552152559,0.945337620578778,False,
zm7_1,8,97,0.003412208792967707,0.0143150861928586,0.0005454375259475031,0.0017917211358171,0.9912637874254232,0.9624272358440642,False,
zm7_1,9,97,0.0020453356493759156,0.0455240073652338,0.00033332654061875874,0.0058334213856414,0.9947752188629322,0.8807649043869517,False,
zm7_1,10,97,0.001451572348798991,0.0109008215962441,0.00021194202889151444,0.0016025641025641,0.9962462570570871,0.971830985915493,False,
zm7_10,1,97,0.0007188911621478278,0.0057447139303482,0.00012390959555907217,0.000801282051282,0.9981761430713302,0.9850746268656716,False,
zm7_10,2,97,0.0003579475262473423,0.0055932971014492,5.782447792756701e-05,0.000801282051282,0.9990846810983017,0.9855072463768116,False,
zm7_10,3,97,0.000949348071753335,0.0107965364785415,0.00012733126455832165,0.0011331839442092,0.9975240492863131,0.9712572373862696,False,
zm7_10,4,97,0.001383373018223137,0.0105718408815654,0.00022645894100557939,0.0011331839442092,0.9964680722669442,0.9718992248062016,False,
zm7_10,5,97,0.0005669106246971938,0.0102972930779478,6.950678663075464e-05,0.0011331839442092,0.9985093393903223,0.9726836471022516,False,
zm7_10,6,97,0.0004905382107016113,0.0102432214484366,6.466781592606598e-05,0.0011331839442092,0.9987185596275724,0.9728381374722838,False,
zm7_10,7,97,0.0005537350934557372,0.0098988732286574,8.602806603863093e-05,0.0011331839442092,0.9985776661413411,0.9738219895287958,False,
zm7_10,8,97,0.0005950634811007021,0.0114254900182814,7.292845563000412e-05,0.0011331839442092,0.9984352571858823,0.9694602272727272,False,
zm7_10,9,97,0.0019185616091119794,0.0253974754734511,0.00023204824750282168,0.0028890635220064,0.9949493421478997,0.9328011880452942,False,
zm7_10,10,97,0.000661915995549836,0.0105011261261261,9.912767644725875e-05,0.0016025641025641,0.9982929056975454,0.972972972972973,False,
zm7_11,1,97,0.002220114917109603,0.0173100450136748,0.0002717165793268474,0.0017917211358171,0.994161431027008,0.9526472130001749,False,
zm7_11,2,97,0.0006894184622476349,0.0123319892473118,9.42887057425701e-05,0.0016025641025641,0.9982053405613858,0.967741935483871,False,
zm7_11,3,97,0.002450012293830768,0.0135170073587857,0.0003258219229404186,0.0017917211358171,0.9936050627316586,0.9647074610842726,False,
zm7_11,4,97,0.003258571738329093,0.0138480392156862,0.0006123528796960866,0.0032051282051282,0.9918270218099239,0.964741641337386,False,
zm7_11,5,97,0.0021585106033895052,0.0136482955189401,0.00032954105725442064,0.0017917211358171,0.994444831668074,0.9631093544137024,False,
zm7_11,6,97,0.0033631641306245052,0.0192568982031948,0.0005184980565423443,0.0028890635220064,0.9913538845889371,0.950345694531741,False,
zm7_11,7,97,0.002250766227894365,0.0101449275362318,0.00036205084526784947,0.0016025641025641,0.9942416194900849,0.9710144927536232,False,
zm7_11,8,97,0.0008120181833003403,0.010767057368614,0.00011423165414969485,0.0011331839442092,0.997892092548277,0.971341463414634,False,
zm7_11,9,97,0.00053202172597357,0.0096581381911869,6.466781592606598e-05,0.0011331839442092,0.9986000352982239,0.9745098039215686,False,
zm7_11,10,97,0.0011440328358958134,0.0101449275362318,0.00015895652166863505,0.0011331839442092,0.9970265397233966,0.9710144927536232,False,
zm7_12,1,97,0.0044891791520500785,0.0339522458251406,0.0005768531537546392,0.0048740084377389,0.9882450725654012,0.9105814100138732,False,
zm7_12,2,97,0.002005182594071429,0.0121505801687763,0.0002586712637042639,0.0011331839442092,0.9947512963638181,0.9667721518987342,False,
zm7_12,3,97,0.0016971100117543205,0.0105726351375064,0.0002615058671151443,0.0016025641025641,0.9956367680053444,0.9718969555035128,False,
zm7_12,4,97,0.002255622104980626,0.0140183548273113,0.00029903563653479483,0.0017917211358171,0.9941107173107628,0.963275039745628,False,
zm7_12,5,97,0.0024179491172808586,0.0629651193583921,0.00042508900491969586,0.0088504495330026,0.9938810249597627,0.8365362081087415,False,
zm7_12,6,97,0.00189125175783863,0.0150612023024547,0.00024351299121578145,0.0017917211358171,0.9950486619612904,0.9602954755309326,False,
zm7_12,7,97,0.0028616362554781073,0.0151153807546937,0.00044767285641963815,0.0024038461538461,0.9926552888605562,0.9601406799531068,False,
zm7_12,8,97,0.0012584858222043907,0.0105718408815654,0.00017063883037182268,0.0011331839442092,0.9967212269072494,0.9718992248062016,False,
zm7_12,9,97,0.0027610882867990104,0.0135643115942028,0.00031449137433802165,0.0016025641025641,0.9926952317329162,0.9627329192546584,False,
zm7_12,10,97,0.0006074973410186144,0.0107490073746812,8.602806603863093e-05,0.0011331839442092,0.9984240597197329,0.9713930348258708,False,
zm7_2,1,97,0.0007119032497613547,0.01796875,0.00010107774895502371,0.0024038461538461,0.9981537065344555,0.953125,False,
zm7_2,2,97,0.0004933038199527825,0.0109264429814575,6.950678663075464e-05,0.0011331839442092,0.9987196445467349,0.970886075949367,False,
zm7_2,3,97,0.000422220624486168,0.0097821776718441,6.124614692681649e-05,0.0011331839442092,0.9989073982029036,0.9741554054054054,False,
zm7_2,4,97,0.001353457325158264,0.0121527777777777,0.00017406049937107322,0.0016025641025641,0.996456234284094,0.9682539682539684,False,
zm7_2,5,97,0.0005189206958108743,0.0099407218128709,7.292845563000412e-05,0.0011331839442092,0.9986528080009961,0.9737024221453288,False,
zm7_2,6,97,0.0005124709813603598,0.0206095113891829,6.742563491415567e-05,0.0025338763302631,0.9986610162323825,0.945821452072823,False,
zm7_3,1,97,0.0003355561969661433,0.006555316091954,4.956383822362887e-05,0.000801282051282,0.9991333151367978,0.9827586206896552,False,
zm7_3,2,97,0.00021811810985299072,0.0055932971014492,3.3042558815752576e-05,0.000801282051282,0.9994381701525065,0.9855072463768116,False,
zm7_3,3,97,0.0005580321110496072,0.0102237490509154,7.292845563000412e-05,0.0011331839442092,0.998541061100314,0.9728937728937728,False,
zm7_3,4,97,0.0019432760109835629,0.0152512873055906,0.0002512408601173938,0.0011331839442092,0.9949143729945507,0.9579129886506936,False,
zm7_3,5,97,0.0004180867022784969,0.0060763888888889,6.608511763150515e-05,0.000801282051282,0.9989281960690914,0.984126984126984,False,
zm7_3,6,97,0.00048325506370443716,0.0106355594627258,4.8146536518189694e-05,0.0011331839442092,0.9987086862429497,0.9714285714285714,False,
zm7_3,7,97,0.00035142982101240205,0.0110306872107948,4.472486751894021e-05,0.0011331839442092,0.9990789752653569,0.9705882352941176,False,
zm7_3,8,97,0.0008101568910558422,0.0129060734463276,0.00012249229385363403,0.0016025641025641,0.9979127517141401,0.9661016949152542,False,
zm7_4,1,97,0.003006870164012064,0.0181746878926457,0.00047734804102219687,0.0032051282051282,0.9922954458932924,0.9522812892423608,False,
zm7_4,2,97,0.002396690082863568,0.033924932253975,0.0002875723753029464,0.0050677526605262,0.9936863770316667,0.9117486338797814,False,
zm7_4,3,97,0.0005317654823312793,0.0111865942028985,6.608511763150618e-05,0.0016025641025641,0.9986033995546548,0.9710144927536232,False,
zm7_4,4,97,0.0011039458598357504,0.0148821646288053,0.0001594349976849134,0.0017917211358171,0.997141962539027,0.9608070117413594,False,
zm7_4,5,97,0.0038615799258687918,0.0166991018634775,0.0005494643868785185,0.0017917211358171,0.9899873483588635,0.9543927648578812,False,
zm7_4,6,97,0.0009400144779806433,0.0102237490509154,0.00013901357326151032,0.0016025641025641,0.9975724124132552,0.9728937728937728,False,
zm7_4,7,97,0.0038010835580719743,0.0178215579710144,0.000598314443598297,0.0040064102564102,0.9902509166579054,0.9565217391304348,False,
zm7_4,8,97,0.0032148765087262688,0.0166079177073533,0.00043405860155208454,0.0017917211358171,0.9916207473779503,0.9558762886597938,False,
zm7_4,9,97,0.0007260831764334763,0.0144965277777777,8.260639703938145e-05,0.000801282051282,0.9980788885189775,0.9600694444444444,False,
zm7_4,10,97,0.0008797080580175124,0.0206394584647739,0.00010738831615119689,0.0016025641025641,0.9976859838499451,0.944006309148265,False,
zm7_5,1,97,0.0007921633671552867,0.0397733170299165,9.354807130862061e-05,0.0050677526605262,0.9979104082262723,0.8957734919983587,False,
zm7_5,2,97,0.0007083710496374772,0.0055932971014492,0.00010738831615119588,0.000801282051282,0.9981755181596023,0.9855072463768116,False,
zm7_5,3,97,0.0007262747372628886,0.006555316091954,0.00011564895585513402,0.000801282051282,0.9981397059544085,0.9827586206896552,False,
zm7_5,4,97,0.0007791365892522804,0.0101650369827385,0.00010939268344500618,0.0011331839442092,0.9979770532999628,0.9730615216599928,False,
zm7_5,5,97,0.00046832949786693406,0.0300480769230769,7.434575733544638e-05,0.0048076923076923,0.9987999864125746,0.9230769230769232,False,
zm7_5,6,97,0.0006156970098648433,0.0103749999999999,9.42887057425701e-05,0.0016025641025641,0.9984159732824796,0.9733333333333334,False,
zm7_5,7,97,0.000613776594390332,0.0177163461538461,6.950678663075567e-05,0.0024038461538461,0.9983754366197705,0.953846153846154,False,
zm7_5,8,97,0.0006934495271463444,0.0304901570167921,9.476718175884742e-05,0.0035834422716342,0.9981947118314196,0.9195402298850576,False,
zm7_5,9,97,0.000505596733173237,0.0109000455800835,5.298550722287835e-05,0.0011331839442092,0.9986538395614903,0.9709614970961498,False,
zm7_5,10,97,0.0005361006744928371,0.0243055555555555,8.260639703938351e-05,0.0032051282051282,0.9986216956673792,0.9365079365079364,False,
zm7_6,1,97,0.0020101105731176764,0.0146589833568394,0.0003265978642714474,0.0024038461538461,0.9948633658247393,0.9602216748768472,False,
zm7_6,2,97,0.0007544950825380165,0.0093265085881262,0.00011765332314894432,0.0011331839442092,0.9980627987928823,0.9754573170731708,False,
zm7_6,3,97,0.002116430421746952,0.0127250674553756,0.00023955855141421028,0.0016025641025641,0.9943979503904923,0.9651307596513076,False,
zm7_6,4,97,0.0016097416902346126,0.0102972930779478,0.00022988061000482886,0.0011331839442092,0.9958276591607672,0.9726836471022516,False,
zm7_6,5,97,0.0006520194845204238,0.0117439405711069,8.118909533394228e-05,0.0011331839442092,0.9982878669355618,0.9685503685503686,False,
zm7_6,6,97,0.0020215147843237226,0.0173822300365628,0.00023383504980640518,0.0024038461538461,0.9946585085658584,0.9545454545454546,False,
zm7_6,7,97,0.0008969205403794154,0.008235294117647,0.00014043087496694846,0.000801282051282,0.9976981700809975,0.976470588235294,False,
zm7_6,8,97,0.0027522977531627972,0.02361294655272,0.0003895565975774784,0.0033037705333474,0.9928597543864645,0.9346389228886168,False,
zm7_6,9,97,0.00221475098168971,0.0126398172905525,0.00031644144684578454,0.0017917211358171,0.9942598170250286,0.965374331550802,False,
zm7_6,10,97,0.0025562533181831956,0.0213841573365312,0.0003760306232862402,0.0025338763302631,0.9933947616770081,0.943608177937542,False,
zm7_7,1,97,0.0004599000483119743,0.0126151048420926,5.298550722287835e-05,0.0011331839442092,0.9987844015182369,0.966061327776124,False,
zm7_7,2,97,0.0009246874782485887,0.0105119601887359,0.00013559190426225978,0.0011331839442092,0.9976098493129196,0.9720703125,False,
zm7_7,3,97,0.004050715566177593,0.0160346441947565,0.0005572465505661773,0.0017917211358171,0.9894614134048298,0.9571629213483146,False,
zm7_7,4,97,0.0023984940283214144,0.0144620597598144,0.00034269496244908456,0.0011331839442092,0.9937835934207727,0.9607843137254902,False,
zm7_7,5,97,0.0010927986968984815,0.009720944563736,0.00013559190426225978,0.0011331839442092,0.9971295315453486,0.9743303571428572,False,
zm7_7,6,97,0.0014893701737105072,0.0203856030483764,0.0001919990804843907,0.0016025641025641,0.996101226367441,0.944731610337972,False,
zm7_7,7,97,0.001276705422721565,0.0116125176919473,0.00018515574248588866,0.0011331839442092,0.9966961308854122,0.9689258624908246,False,
zm7_7,8,97,0.0015399246179932577,0.0098695661967326,0.00021335933059695564,0.0016025641025641,0.995996454133985,0.973905723905724,False,
zm7_7,9,97,0.0014125621719681867,0.0096534005959516,0.00021536369789076288,0.0011331839442092,0.9963640692333166,0.9745233399079553,False,
zm7_7,10,97,0.0006692096310512937,0.0051874999999999,0.00010738831615119588,0.000801282051282,0.9982874079269914,0.9866666666666668,False,
zm7_8,1,97,0.0004540604345388928,0.0056678921568627,6.608511763150515e-05,0.000801282051282,0.9988254139769188,0.9852941176470588,False,
zm7_8,2,97,0.0016007478422421847,0.0137250289009192,0.00020368138918757525,0.0011331839442092,0.9958047001735135,0.9622737269497548,False,
zm7_8,3,97,0.0005461541101272001,0.0064530367231638,8.260639703938145e-05,0.000801282051282,0.9985929715655668,0.9830508474576272,False,
zm7_8,4,97,0.002146078478552125,0.0131585322317421,0.0002717708741128907,0.0011331839442092,0.994373064541775,0.9638922888616892,False,
zm7_8,5,97,0.0023666103982108878,0.0133661941580756,0.00029655279322470516,0.0011331839442092,0.9937889969068148,0.963298969072165,False,
zm7_8,6,97,0.00023372133446233507,0.0104477611940298,1.6521279407876288e-05,0.000801282051282,0.9993629071347223,0.9701492537313432,False,
zm7_8,7,97,0.0017870010954968733,0.0102114968893173,0.0003255866174528412,0.0016025641025641,0.9954989434452786,0.9729287790697676,False,
zm7_8,8,97,0.003344024831514197,0.1039810231023102,0.0004797041684167938,0.016025641025641,0.9913365225084477,0.7326732673267327,False,
zm7_8,9,97,0.0022273982747765516,0.0100490695637359,0.00034469932974289484,0.0011331839442092,0.9942761608273037,0.9733928571428572,False,
zm7_8,10,97,0.0008546406608653598,0.0117560598186085,0.00010113204374106804,0.0011331839442092,0.9977459861930467,0.9685157421289357,False,
zm7_9,1,97,0.002142790155116943,0.0271211085730744,0.0003144913743380206,0.0033995518326276,0.9944617978234365,0.9288245717660956,False,
zm7_9,2,97,0.0007427163137022846,0.0050080128205128,0.00012390959555907217,0.000801282051282,0.998108071209746,0.9871794871794872,False,
zm7_9,3,97,0.0009071459863800516,0.010432964250643,0.0001341746025568206,0.0011331839442092,0.9976573357293768,0.9722960151802656,False,
zm7_9,4,97,0.0009607496011733473,0.0144557579787874,0.00015406325617790101,0.0017917211358171,0.9975411186152636,0.9620253164556962,False,
zm7_9,5,97,0.003116051319242773,0.1708747402647168,0.000428627992166099,0.0244226773303336,0.9918930196447577,0.5571428571428572,False,
zm7_9,6,97,0.0019317132257552546,0.0133745694223635,0.00029454842593089483,0.0011331839442092,0.9950278378602853,0.963275039745628,False,
zm7_9,7,97,0.0013744616692853856,0.0098430987733579,0.00022645894100557939,0.0011331839442092,0.9964935332639093,0.9739813451153656,False,
zm7_9,8,97,0.0010112872375917978,0.0097707077818875,0.00016037382337407628,0.0016025641025641,0.9974084449931466,0.974188176519567,False,
zm7_9,9,97,0.002458850352261805,0.0135043623280247,0.00037332709908419073,0.0017917211358171,0.993668035034694,0.9647435897435898,False,
zm7_9,10,97,0.0005476265320137681,0.0072516025641025,7.43457573354433e-05,0.000801282051282,0.9985734234578693,0.9807692307692308,False,
